key,url,role,type,http,bytes,sha256,download_at,n_pages,text_method,ocr_at,ocr_v,index_at,index_v,linkcheck_at,link_ok,skip_reason
https://audiocircuit.dk/downloads/abacus/Abacus-120-pwr-ra.pdf,,schematic,pdf,200,516845,6dd4bfc304a00ee22017e92e39b28a63e086b2b5d2388d7cd3db12c5d6eec53d,2026-09-22,,,,,,,,,
https://audiocircuit.dk/downloads/abacus/Abacus-120-pwr-sch.pdf,,schematic,pdf,200,116112,6e8f074a3a8ed5418c1ae6555a92541a96a49bc613796539b59945414a11ac74,2026-09-22,,,,,,,,,
https://audiocircuit.dk/downloads/abacus/Abacus-120-pwr-sm.pdf,,schematic,pdf,200,66047,99ba3abb3a9d789b36f04035b2f565883947beb29ce65351d0b2534fce06a2f0,2026-09-22,,,,,,,,,
https://audiocircuit.dk/downloads/abacus/Abacus-60-pwr-ra.pdf,,schematic,pdf,200,516845,6dd4bfc304a00ee22017e92e39b28a63e086b2b5d2388d7cd3db12c5d6eec53d,2026-09-22,,,,,,,,,
https://audiocircuit.dk/downloads/abacus/Abacus-60-pwr-sch.pdf,,schematic,pdf,200,116112,6e8f074a3a8ed5418c1ae6555a92541a96a49bc613796539b59945414a11ac74,2026-09-22,,,,,,,,,
https://audiocircuit.dk/downloads/abacus/Abacus-60-pwr-sm.pdf,,schematic,pdf,200,66047,99ba3abb3a9d789b36f04035b2f565883947beb29ce65351d0b2534fce06a2f0,2026-09-22,,,,,,,,,
https://audiocircuit.dk/downloads/abacus/Abacus-6_2RC-pre-sch.pdf,,schematic,pdf,200,436193,00f1c31369ded33416a2af420bfc73afc9076071b3362b0ec5d9d7a589d1dd27,2026-09-22,,,,,,,,,
https://audiocircuit.dk/downloads/abinternational/ABInternational-105-pwr-sm.pdf,,schematic,pdf,200,384369,817433bf02ec0c72451824872f6d1a6ba530b0b6091e900585dd12c15236e170,2026-09-22,,,,,,,,,
https://audiocircuit.dk/downloads/abinternational/ABInternational-1100A-pwr-sm.pdf,,schematic,pdf,200,2543386,5c3b37b4330e4126dabf6a793fbbe7424158e7fcc356767b4237aac2be39c318,2026-09-22,,,,,,,,,
https://audiocircuit.dk/downloads/abinternational/ABInternational-1200C-pwr-sm.pdf,,schematic,pdf,200,1146323,498d49b34496b59a277dbb55bb9b270eb94b7926319403cdb610d8bcb13cad75,2026-09-22,,,,,,,,,
https://audiocircuit.dk/downloads/abinternational/ABInternational-200-pwr-sm.pdf,,schematic,pdf,200,701960,4aeda2fbf9cf4a9ad286cb15079456f7b77d629544974a87bf2946afa5b3cfa8,2026-09-22,,,,,,,,,
https://audiocircuit.dk/downloads/abinternational/ABInternational-400-pwr-sm.pdf,,schematic,pdf,200,2057762,8e234b382f04602226f3c5458092da601f72f05515c1c0208ca52e1b7aeb81f8,2026-09-22,,,,,,,,,
https://audiocircuit.dk/downloads/abinternational/ABInternational-410-pwr-sm.pdf,,schematic,pdf,200,608040,72dabaf526388d87e4a71cefda9716f23815212fb388bf42edb9a63d22eb57cf,2026-09-22,,,,,,,,,
https://audiocircuit.dk/downloads/abinternational/ABInternational-600A-pwr-sm.pdf,,schematic,pdf,200,2057054,7e3b8f98f05c9d0dc476beaf3dcdebd75adc2f59ec1934354b0a3a37fe655b58,2026-09-22,,,,,,,,,
https://audiocircuit.dk/downloads/abinternational/ABInternational-600LX-pwr-sm.pdf,,schematic,pdf,200,2057055,fc549d221e2a5c054c1f75d921b8eaf25324ce306a5e7b42cd3c50e43fe78ebd,2026-09-22,,,,,,,,,
https://audiocircuit.dk/downloads/abinternational/ABInternational-900-pwr-sm.pdf,,schematic,pdf,200,608040,57dc17d627f158ae6492b00941eb6ae493d4e83ef7e9e88068f92c5da3b293db,2026-09-22,,,,,,,,,
https://audiocircuit.dk/downloads/abinternational/ABInternational-900A-pwr-sm.pdf,,schematic,pdf,200,2543386,d177c5b16546d00d20f21b50c75d7fe12d3e211541385cc8d930184b1aa71810,2026-09-22,,,,,,,,,
https://audiocircuit.dk/downloads/abinternational/ABInternational-9220A-pwr-sm.pdf,,schematic,pdf,200,2543386,dd4ad14c5d08a04096145c5586ca8fdeab6cc81b6d194aa2a9b70a211170f668,2026-09-22,,,,,,,,,
https://audiocircuit.dk/downloads/abinternational/ABInternational-9420A-pwr-sm.pdf,,schematic,pdf,200,2543386,6adcae2174c5ed9c2a9b34ab73327aa0666b59d19715df76f27ad1f8e77a5b3b,2026-09-22,,,,,,,,,
https://audiocircuit.dk/downloads/abinternational/ABInternational-950-pwr-sm.pdf,,schematic,pdf,200,1065560,a18e63992e03b6fd43022f072baef5aee61d1b3e9e61e3924c3c8d4a70c942c2,2026-09-22,,,,,,,,,
https://audiocircuit.dk/downloads/accuphase/Accuphase-1060-int-sch.pdf,,schematic,pdf,200,270637,643a801293583cea07aa3522aaaccbf2f0a0c8757925b4b479ee8f4e2030eb9b,2026-09-22,,,,,,,,,
https://audiocircuit.dk/downloads/accuphase/Accuphase-1070-int-sch.pdf,,schematic,pdf,200,1615484,979cfa3bb7b3b38dc1c120c8c1d911000fc70b91aa829d8979558b18a676b830,2026-09-22,,,,,,,,,
https://audiocircuit.dk/downloads/accuphase/Accuphase-A20V-pwr-sm.pdf,,schematic,pdf,200,1941036,0f97716f95ecbb0986b0d4a7e2cee9397d6908d066b018a2c274e5ca38f6d534,2026-09-22,,,,,,,,,
https://audiocircuit.dk/downloads/accuphase/Accuphase-A35-pwr-sch.pdf,,schematic,pdf,200,8689545,2daa17ed9ca6cb1c7e07c178ffb80c7158a79659525fe3ff84a1394ef99a3b95,2026-09-22,,,,,,,,,
https://audiocircuit.dk/downloads/accuphase/Accuphase-A35-pwr-sm.pdf,,schematic,pdf,200,8689545,2daa17ed9ca6cb1c7e07c178ffb80c7158a79659525fe3ff84a1394ef99a3b95,2026-09-22,,,,,,,,,
https://audiocircuit.dk/downloads/accuphase/Accuphase-A45-pwr-sb.pdf,,schematic,pdf,200,482801,7d370c0633504b299dbecd6494748ca03ceaeccecf356a04d8f1f33c112f6f5b,2026-09-22,,,,,,,,,
https://audiocircuit.dk/downloads/accuphase/Accuphase-A45-pwr-sch.pdf,,schematic,pdf,200,6586914,43c76cff858a530c02b596adde83714e36a779e83c99e7f77783c5d28c4434b6,2026-09-22,,,,,,,,,
https://audiocircuit.dk/downloads/accuphase/Accuphase-A60-pwr-sm.pdf,,schematic,pdf,200,6128772,4c7912541893177db5f2c7ff6310fb4d81c185e8db5f30202300785b4acc8bc8,2026-09-22,,,,,,,,,
https://audiocircuit.dk/downloads/accuphase/Accuphase-A65-pwr-sm.pdf,,schematic,pdf,200,12387247,68b08ffd795de675e4810667b10288e92c0bdd03a909564cd6e7fd896d372539,2026-09-22,,,,,,,,,
https://audiocircuit.dk/downloads/accuphase/Accuphase-A680-pwr-sch.pdf,,schematic,pdf,200,243199,aa7730ab062d3962ce93bd34db548e458cb751b08a231a30e284bec72a88fb18,2026-09-22,,,,,,,,,
https://audiocircuit.dk/downloads/accuphase/Accuphase-AT2600-tun-sch.pdf,,schematic,pdf,200,552778,07009cf2a4fe877da22eab4f5ce61b1d546acc23607ca959b38f3e27411a5810,2026-09-22,,,,,,,,,
https://audiocircuit.dk/downloads/accuphase/Accuphase-C200-pre-sm.pdf,,schematic,pdf,200,8212701,64a642336d6ae3cdbb8946d7a8f713dea55e0ce3534c9647290d3e038bfb95b2,2026-09-22,,,,,,,,,
https://audiocircuit.dk/downloads/accuphase/Accuphase-C200-pre-sup.pdf,,schematic,pdf,200,1758516,318216277d7a3651069aa996484ac86e439d1d5d5bf4ba8b756c062264709f01,2026-09-22,,,,,,,,,
https://audiocircuit.dk/downloads/accuphase/Accuphase-C220-eq-sm.pdf,,schematic,pdf,200,1326610,18bd90303c07ae36f50656a96224252c5176f7d86626ff9b757b4f2e6b463617,2026-09-22,,,,,,,,,
https://audiocircuit.dk/downloads/accuphase/Accuphase-C222-pre-sch.pdf,,schematic,pdf,200,998159,e779ee2afc63081987910c4a66fcd4160ab2e95dcda4cc9055219c8950348e73,2026-09-22,,,,,,,,,
https://audiocircuit.dk/downloads/accuphase/Accuphase-C222-pre-sm.pdf,,schematic,pdf,200,11321900,b686cf68f9010e0c98cb56df6219a58748057f029370e0dd50d0ea438ac767f2,2026-09-22,,,,,,,,,
https://audiocircuit.dk/downloads/accuphase/Accuphase-C240-pre-adj.pdf,,schematic,pdf,200,118488,070f30051d14af3bec5cdba401e4b9258cfbe29e7b86c82e7cb54bd02b0e05fe,2026-09-22,,,,,,,,,
https://audiocircuit.dk/downloads/accuphase/Accuphase-C240-pre-sch.pdf,,schematic,pdf,200,455833,1b60449d9d2e86d46f10883a528d9f8970cc4cc686f185a7e30e255183db6647,2026-09-22,,,,,,,,,
https://audiocircuit.dk/downloads/accuphase/Accuphase-C2410-pre-sm.pdf,,schematic,pdf,200,9095648,d6020d2cd7d059bba2ef5585fa95619fc99988004a108c241311832cb3b7ba9e,2026-09-22,,,,,,,,,
https://audiocircuit.dk/downloads/accuphase/Accuphase-C245-pre-sm.pdf,,schematic,pdf,200,4783631,7f2ce425583f20c30629982b0471d43ec09ebe916682aec3b1db906aa3172fbf,2026-09-22,,,,,,,,,
https://audiocircuit.dk/downloads/accuphase/Accuphase-C280-pre-sch.pdf,,schematic,pdf,200,605320,eb7d970661d296e08b9429ccaba7d8f79856c6d64e750bb073b37b55a4f9ff4e,2026-09-22,,,,,,,,,
https://audiocircuit.dk/downloads/accuphase/Accuphase-C280V-pre-sm.pdf,,schematic,pdf,200,2691277,284bdebe4c7d807176b94ef5e14cf95fd63f32f78f4c299a0ae37d21e8cf98aa,2026-09-22,,,,,,,,,
https://audiocircuit.dk/downloads/accuphase/Accuphase-C2810-pre-sm.pdf,,schematic,pdf,200,4178995,fbc1eebc64e25cfebc23f143e076a1cfd7327c637e9150353fff1a80aa812e6d,2026-09-22,,,,,,,,,
https://audiocircuit.dk/downloads/accuphase/Accuphase-C7-mca-sch.pdf,,schematic,pdf,200,241247,1b9bb8277d1fefee45922a1132a52a5feee9f9823d4d5f8ab8d890c57100652d,2026-09-22,,,,,,,,,
https://audiocircuit.dk/downloads/accuphase/Accuphase-C7-riaa-sm.pdf,,schematic,pdf,200,1051853,7de30d46ed904b47b1f08287b69e6f56432aad4b02647ad7abc1f187b1657dd5,2026-09-22,,,,,,,,,
https://audiocircuit.dk/downloads/accuphase/Accuphase-D9-riaa-sch.pdf,,schematic,pdf,200,58377,47edbe1338531d4a4ef285e49b8040fd853a48e2b30d9d488f31ad088a14e9b5,2026-09-22,,,,,,,,,
https://audiocircuit.dk/downloads/accuphase/Accuphase-DC801-dp-sm.pdf,,schematic,pdf,200,2618132,8c93141627d8b92e42d9b3d1d1ae1efe09a421e12d545909b494cba28b093552,2026-09-22,,,,,,,,,
https://audiocircuit.dk/downloads/accuphase/Accuphase-DP67-cd-sch.pdf,,schematic,pdf,200,151320,fe49a8f95b7eb1c9793e6e21b2551ea8288f3e8d1ddabee626b0cd24e6db0862,2026-09-22,,,,,,,,,
https://audiocircuit.dk/downloads/accuphase/Accuphase-DP77-sacd-sm.pdf,,schematic,pdf,200,6573996,c95c4a0fd7be5c1c765c16fbba8daf955884c842d65d790a7d8e461da592ec14,2026-09-22,,,,,,,,,
https://audiocircuit.dk/downloads/accuphase/Accuphase-E202-int-sch1.pdf,,schematic,pdf,200,731746,577dd0144aa987ddb1b2ae40f8969d32a51d9faec12cd2380ebf0f5bee60e14b,2026-09-22,,,,,,,,,
https://audiocircuit.dk/downloads/accuphase/Accuphase-E202-int-sch2.pdf,,schematic,pdf,200,644905,96123b02d59b88eb42d38047dc9712468017892e433dc6e1f32c779b1b9555e8,2026-09-22,,,,,,,,,
https://audiocircuit.dk/downloads/accuphase/Accuphase-E202-int-schr.pdf,,schematic,pdf,200,2038795,9cd880f17d5285033ba1003a3bb690ce3f3c2d3083baac831519af0fe3fc9211,2026-09-22,,,,,,,,,
https://audiocircuit.dk/downloads/accuphase/Accuphase-E202-int-sm1.pdf,,schematic,pdf,200,1291915,e55d7a14db62ce71ca845dd4d7d98cc4a8e18d0475ff8e2bafc265dfb6e20447,2026-09-22,,,,,,,,,
https://audiocircuit.dk/downloads/accuphase/Accuphase-E202-int-sm2.pdf,,schematic,pdf,200,14698352,c5f1a17104b95a4dd793b3b58486b4b010dc41a3b1447c35961c9e44f505ae6b,2026-09-22,,,,,,,,,
https://audiocircuit.dk/downloads/accuphase/Accuphase-E203-int-sch1.pdf,,schematic,pdf,200,11003725,99a977d74185ad6e13c78a311cec6c731f213f8714981ea3761120e6aaadd196,2026-09-22,,,,,,,,,
https://audiocircuit.dk/downloads/accuphase/Accuphase-E203-int-sch2.pdf,,schematic,pdf,200,1378495,37a6d2abd29fcdc9677b199904d84fc28006b075703abc054da15036fd49ce61,2026-09-22,,,,,,,,,
https://audiocircuit.dk/downloads/accuphase/Accuphase-E204-int-sch.pdf,,schematic,pdf,200,538418,1f837617f0fbce26d0899e6487e201f9de86350f8c8c4c05ac12ec7432d425f4,2026-09-22,,,,,,,,,
https://audiocircuit.dk/downloads/accuphase/Accuphase-E206-int-sch.pdf,,schematic,pdf,200,3509500,422ce41405bc7c4318f99cc086cca07afbed561ba420a87603a152c1363a16df,2026-09-22,,,,,,,,,
https://audiocircuit.dk/downloads/accuphase/Accuphase-E210-eq-sm.pdf,,schematic,pdf,200,3729145,dd50ff07701cc48711b8c9881f451b08b47ce659df7e7e0ac3bd56ece57d865c,2026-09-22,,,,,,,,,
https://audiocircuit.dk/downloads/accuphase/Accuphase-E210-pwr-pl.pdf,,schematic,pdf,200,863529,84127577e336c3520e378ef20ac0e43e1abea8d2c53f5348b4043078f4e75230,2026-09-22,,,,,,,,,
https://audiocircuit.dk/downloads/accuphase/Accuphase-E210-pwr-sch.pdf,,schematic,pdf,200,6891880,fb0d6e1c662eea51ca8c012419e4acd8333f88c1bac15b84fe804f01c95eac66,2026-09-22,,,,,,,,,
https://audiocircuit.dk/downloads/accuphase/Accuphase-E212-int-sm.pdf,,schematic,pdf,200,3463028,d41a783ec6e4c25a1205e5bacba6c2e88073c78120c0fc1961024675838341d8,2026-09-22,,,,,,,,,
https://audiocircuit.dk/downloads/accuphase/Accuphase-E213-int-sm.pdf,,schematic,pdf,200,4981292,dc6b766b3dc2e4757a0fc164f84fead052118dc216d4dbd285124d6b48b602a1,2026-09-22,,,,,,,,,
https://audiocircuit.dk/downloads/accuphase/Accuphase-E301-int-smc.pdf,,schematic,pdf,200,26649259,1728c246bcba52b1edf97cfed78023c8c478d8d27c285677fe2532604f5efda5,2026-09-22,,,,,,,,,
https://audiocircuit.dk/downloads/accuphase/Accuphase-E303-int-sch.pdf,,schematic,pdf,200,173927,3ea524d6cb37c4608377fc4ececdb16979a111f8e31124b53a294bd0857d6f44,2026-09-22,,,,,,,,,
https://audiocircuit.dk/downloads/accuphase/Accuphase-E303-int-sm.pdf,,schematic,pdf,200,3128645,13d74d4472da336935d37b1e151c4877b1eb9cd9063f41a1b4b700fb8ae356dd,2026-09-22,,,,,,,,,
https://audiocircuit.dk/downloads/accuphase/Accuphase-E303X-int-adj.pdf,,schematic,pdf,200,179636,b6dce303a394efab71cce2ee8b6608c3f09bc885e99e1f56e1e30734562a80c6,2026-09-22,,,,,,,,,
https://audiocircuit.dk/downloads/accuphase/Accuphase-E303X-int-sch.pdf,,schematic,pdf,200,4478704,fe793d1e7de1eef6c679a0f964daff5c34a7c1f61ed6863f8c81c68e3a7d5de3,2026-09-22,,,,,,,,,
https://audiocircuit.dk/downloads/accuphase/Accuphase-E305-int-sm.pdf,,schematic,pdf,200,4061382,0fdbfb2ab164491952f7e6502cd0a10457f70c0237dc50719cf58a964b30337a,2026-09-22,,,,,,,,,
https://audiocircuit.dk/downloads/accuphase/Accuphase-E307-int-sm.pdf,,schematic,pdf,200,1165031,e172d1a3260152a2309069f96fba7a73087468dfccf398cb201b08c5def78994,2026-09-22,,,,,,,,,
https://audiocircuit.dk/downloads/accuphase/Accuphase-E308-int-sm.pdf,,schematic,pdf,200,5188176,b57665c25e830446a3efad6ef9905f748f80f07e5c595cd33b260e46ef102c98,2026-09-22,,,,,,,,,
https://audiocircuit.dk/downloads/accuphase/Accuphase-E350-int-sm.pdf,,schematic,pdf,200,4295062,37a26929645caecc1c74eda853ffee493d5ca312bce6687c129564559ca14627,2026-09-22,,,,,,,,,
https://audiocircuit.dk/downloads/accuphase/Accuphase-E450-int-sm.pdf,,schematic,pdf,200,4327522,6023148475882ecd8054ed73bcb09dcb168ded0f94d01f0a1d379fd23bf7ba8f,2026-09-22,,,,,,,,,
https://audiocircuit.dk/downloads/accuphase/Accuphase-E502-int-sch.pdf,,schematic,pdf,200,644905,d4223be2c6ad8f31f44cfab2e5ae6779215f39a1b6cdbd1eb0cec1120826ef21,2026-09-22,,,,,,,,,
https://audiocircuit.dk/downloads/accuphase/Accuphase-E550-int-sm.pdf,,schematic,pdf,200,8098503,0262bfc84a90912f9aae87a0d876ba94ffa26dd25be9819dc8f58eb91a44aa82,2026-09-22,,,,,,,,,
https://audiocircuit.dk/downloads/accuphase/Accuphase-M100-pwr-sch.pdf,,schematic,pdf,200,245610,da028426417a328cee3e1bec2e04403d34609b1f173d0976cf68af4212f8dfea,2026-09-22,,,,,,,,,
https://audiocircuit.dk/downloads/accuphase/Accuphase-M60-pwr-sch1.pdf,,schematic,pdf,200,1442354,027f520f6ac9d217027506b8b8d566189c43134c92824649b3b16add7650aa9b,2026-09-22,,,,,,,,,
https://audiocircuit.dk/downloads/accuphase/Accuphase-M60-pwr-sch2.pdf,,schematic,pdf,200,1438579,0d11bc7c759be99421625e5dffc09575cbc53ee0b2d88024839d178ee3dbb886,2026-09-22,,,,,,,,,
https://audiocircuit.dk/downloads/accuphase/Accuphase-M60-pwr-sm.pdf,,schematic,pdf,200,1408589,8659ce2189dfd005709eef557d53768d1166231d68f1d0040c5cbf7b14e2b1ac,2026-09-22,,,,,,,,,
https://audiocircuit.dk/downloads/accuphase/Accuphase-M6000-pwr-sm.pdf,,schematic,pdf,200,2977364,160a844cc4d6565c7b53ce840019aeee6dbdef61a55162428c09864b9d547ef6,2026-09-22,,,,,,,,,
https://audiocircuit.dk/downloads/accuphase/Accuphase-M8000-pwr-sch.pdf,,schematic,pdf,200,4688686,a9ab929faf5312dc10af95921056a6bc2aa116bbf633c52a2b8badafbd678ca1,2026-09-22,,,,,,,,,
https://audiocircuit.dk/downloads/accuphase/Accuphase-M8000-pwr-sm.pdf,,schematic,pdf,200,4688688,035d60383cd59dba0c806dcfa25855e0af7ecc231ee709dce1a0753dc3e7964e,2026-09-22,,,,,,,,,
https://audiocircuit.dk/downloads/accuphase/Accuphase-P11-pwr-adj.pdf,,schematic,pdf,200,119784,1199a2889b31d8cf98f50e278fd61e5dd1c59d806b5f233a5729a1e687b4806c,2026-09-22,,,,,,,,,
https://audiocircuit.dk/downloads/accuphase/Accuphase-P11-pwr-sch.pdf,,schematic,pdf,200,228731,aa80aa3cd324c5072c89acf111ac61f28af8591c913cb9b0a2ea628eaa0e96af,2026-09-22,,,,,,,,,
https://audiocircuit.dk/downloads/accuphase/Accuphase-P250-pwr-sch.pdf,,schematic,pdf,200,3940399,12def11854cf4f6aebf7cf4148c4fb64561e2252201c4465b16c6cd263eeacfb,2026-09-22,,,,,,,,,
https://audiocircuit.dk/downloads/accuphase/Accuphase-P260-pwr-sch.pdf,,schematic,pdf,200,2887934,c81bbd482e80caf6d36b4457e1d44ba32be79437fda251268f548867aad52291,2026-09-22,,,,,,,,,
https://audiocircuit.dk/downloads/accuphase/Accuphase-P266-pwr-sch.pdf,,schematic,pdf,200,176930,e31b2a61b19aaf9c2ffb4598cd21b76f892f651cef8f152be04ec4816f55c939,2026-09-22,,,,,,,,,
https://audiocircuit.dk/downloads/accuphase/Accuphase-P300-pwr-sch.pdf,,schematic,pdf,200,676089,2be13f81a3e91b7e9f00316aadac9526688f1a2050a067a186847bcee8fe310f,2026-09-22,,,,,,,,,
https://audiocircuit.dk/downloads/accuphase/Accuphase-P300-pwr-sm.pdf,,schematic,pdf,200,1536867,5a479e92384f9134c88fdbc3b21ac766bafa7483d164c70d37dd0bde012b61ce,2026-09-22,,,,,,,,,
https://audiocircuit.dk/downloads/accuphase/Accuphase-P300V-pwr-sm.pdf,,schematic,pdf,200,5795939,d5fba7ce52747e0e66d921114f173d79143a52266d6952ceb522ce40959ffe2f,2026-09-22,,,,,,,,,
https://audiocircuit.dk/downloads/accuphase/Accuphase-P400-pwr-sch.pdf,,schematic,pdf,200,2212297,7f338b1f0e33683436464c20e15f06430a3c32c8722caa9c8eb453184f4f78a1,2026-09-22,,,,,,,,,
https://audiocircuit.dk/downloads/accuphase/Accuphase-P4100-pwr-sm.pdf,,schematic,pdf,200,9827742,82c26609a660336b996f7284f238ecb0077e5ce835462dfc0ebe2b0a4988cdc5,2026-09-22,,,,,,,,,
https://audiocircuit.dk/downloads/accuphase/Accuphase-P500-pwr-sch.pdf,,schematic,pdf,200,147747,feb14e15eb30424d8852c6d6a5d39bec60df0ef9d3c6e6b204f3f6a90814b0bb,2026-09-22,,,,,,,,,
https://audiocircuit.dk/downloads/accuphase/Accuphase-P5000-pwr-sm.pdf,,schematic,pdf,200,5242873,6b1948b137728b86c7dc1bb7a2ef01aeb581dd455561df205cef763a0b2573a9,2026-09-22,,,,,,,,,
https://audiocircuit.dk/downloads/accuphase/Accuphase-P700-pwr-sch.pdf,,schematic,pdf,200,4517469,15b00c931f1075977dacfd9caee4223a6e3cf5019aa1ff6100c0eebe51cf396a,2026-09-22,,,,,,,,,
https://audiocircuit.dk/downloads/accuphase/Accuphase-P7100-pwr-sm.pdf,,schematic,pdf,200,2582066,a2b2041c49f740c0912cbeecbbe8d9ac2fcaecd12a896975db828641e63c4603,2026-09-22,,,,,,,,,
https://audiocircuit.dk/downloads/accuphase/Accuphase-PRO5-pwr-sm.pdf,,schematic,pdf,200,11201826,80d523fe83a0349f84f59051ad0c049b27258f15db2c230a423ec7281bf5d7ca,2026-09-22,,,,,,,,,
https://audiocircuit.dk/downloads/accuphase/Accuphase-PS1200V-psu-sm.pdf,,schematic,pdf,200,3511621,49e2b9c0f51a6ef7a8bb470ae07d658d9091e9d2fc651124fc878cf90bba3ae7,2026-09-22,,,,,,,,,
https://audiocircuit.dk/downloads/accuphase/Accuphase-PS1210-psu-sm.pdf,,schematic,pdf,200,7177877,7b3250fcc0bbb5b055c1305003029f33f16a00ec4f7e359f8b9371c5f046da19,2026-09-22,,,,,,,,,
https://audiocircuit.dk/downloads/accuphase/Accuphase-T100-tun-sm.pdf,,schematic,pdf,200,33092542,92aac828072a58ee77c69bb95c8ad5fdebbece0f188a87b70561501d9aa91a59,2026-09-22,,,,,,,,,
https://audiocircuit.dk/downloads/accuphase/Accuphase-T101-tun-sch.pdf,,schematic,pdf,200,20071798,b098f4805184b46c8ab9c2c3f71a5300975d36b6d63470ef6aa72e2ca086941b,2026-09-22,,,,,,,,,
https://audiocircuit.dk/downloads/accuphase/Accuphase-T101-tun-sm1.pdf,,schematic,pdf,200,50843796,9e1631ed0291d4eb5837b2c27cdf783523996486bea2c0d28ef581311d7c1901,2026-09-22,,,,,,,,,
https://audiocircuit.dk/downloads/accuphase/Accuphase-T101-tun-sm2.pdf,,schematic,pdf,200,5845861,00f4e9df324b364bd11b129388b455d06dffdb2a1fe75b61c826720ae43354a1,2026-09-22,,,,,,,,,
https://audiocircuit.dk/downloads/accuphase/Accuphase-T105-tun-sm.pdf,,schematic,pdf,200,1946718,aec3953482d58d496c384a68c72d320c65bd5048988463d2402e5a878f5a7cb2,2026-09-22,,,,,,,,,
https://audiocircuit.dk/downloads/acec/Acec-4042-rem-sch.pdf,,schematic,pdf,200,24140,a13f9ecf4efade7d2b8839f36a7f60ca27e72b15e443299248e5a98ac57c2232,2026-09-22,,,,,,,,,
https://audiocircuit.dk/downloads/acec/Acec-5050-pr-sm.pdf,,schematic,pdf,200,115077,f980bd6a6764a8e96631d4be14daebbcf2602753836b55c94ec04aa436b15536,2026-09-22,,,,,,,,,
https://audiocircuit.dk/downloads/acec/Acec-5051-pr-sm.pdf,,schematic,pdf,200,158298,5ab61def96713806af3302c212d0e92d8b5bc9d0c5d168245a3729338080949b,2026-09-22,,,,,,,,,
https://audiocircuit.dk/downloads/acec/Acec-5053-pr-sm.pdf,,schematic,pdf,200,333735,fd2c79af04036346b64c9cb9d1ec205ed293adb58a0ecda3139fe1690e09dace,2026-09-22,,,,,,,,,
https://audiocircuit.dk/downloads/acec/Acec-5155-pr-sch.pdf,,schematic,pdf,200,145660,1d90ed5c64d221c301e8ed4cb72b57f416b191bfe28963df4cc9e0d103c8314c,2026-09-22,,,,,,,,,
https://audiocircuit.dk/downloads/acec/Acec-5160-pr-sm.pdf,,schematic,pdf,200,157225,bfa0af33b330eff97bacc8d589a6aa11078ff7a9e96cbfdcaf6b140d9804a574,2026-09-22,,,,,,,,,
https://audiocircuit.dk/downloads/acec/Acec-Lugavox1158-tape-sm.pdf,,schematic,pdf,200,1151986,668a2c94ec0309d8013ce1c33c71064cad52c5ab2baa402a1786330f1a46435c,2026-09-22,,,,,,,,,
https://audiocircuit.dk/downloads/acec/Acec-Radiofil201-rec-sch.pdf,,schematic,pdf,200,172724,84aef89724ba16bf1d426e5a6b69cd97095865ade927bd566e1c8cb3a5d2a33c,2026-09-22,,,,,,,,,
https://audiocircuit.dk/downloads/acec/Acec-Radiofil203-rec-sch.pdf,,schematic,pdf,200,323165,2138774e3cc0609ea0e55d0dcf33da450597b9e090637754ebba585a98438819,2026-09-22,,,,,,,,,
https://audiocircuit.dk/downloads/acop/ACOPacific-Addison16-rec-sch.pdf,,schematic,pdf,200,348112,2cb26307f8a677ca11303cfd634c29f74e6be689ae306a716f7e465f0cb04a1d,2026-09-22,,,,,,,,,
https://audiocircuit.dk/downloads/acop/ACOPacific-Addison16-rec-sm.pdf,,schematic,pdf,200,160192,ea2dabfb3f7ceae651365f0efef9fa6c0a18db54a54d4162cdeed709c0171fff,2026-09-22,,,,,,,,,
https://audiocircuit.dk/downloads/acop/ACOPacific-Addison19-rec-sch.pdf,,schematic,pdf,200,304766,7bbcc462c0a4d5f38a9d72880e068faf5ffa88ab0a3d46041e26052e07de2e8d,2026-09-22,,,,,,,,,
https://audiocircuit.dk/downloads/acop/ACOPacific-Addison2-rec-sm.pdf,,schematic,pdf,200,267256,23424c1193352a7c78172a2e392bf7b60107087371af162a4968a6948b6b4a3d,2026-09-22,,,,,,,,,
https://audiocircuit.dk/downloads/acop/ACOPacific-Addison21-rec-sch.pdf,,schematic,pdf,200,247844,07e3d20ba7d5b799e21daa28f7cd6701870ce9920de2759fbc2b5537e72cdd7a,2026-09-22,,,,,,,,,
https://audiocircuit.dk/downloads/acop/ACOPacific-Addison36-rec-sch.pdf,,schematic,pdf,200,247850,9ee092c04b7e9ab44f44c05bf9b9a755bddb61d3ead78283be9f895d1c6b9375,2026-09-22,,,,,,,,,
https://audiocircuit.dk/downloads/acop/ACOPacific-Addison45-rec-sm.pdf,,schematic,pdf,200,160191,e40fe488d48ff12a3211099b4bdf36d51dcf8442aa9f509d975baff47c44ba6b,2026-09-22,,,,,,,,,
https://audiocircuit.dk/downloads/acop/ACOPacific-Addison46-rec-sm.pdf,,schematic,pdf,200,160192,dfef7601988b8adcbbbaa18a022504622d9f8e178d7cb8526fc2847c873dd90a,2026-09-22,,,,,,,,,
https://audiocircuit.dk/downloads/acop/ACOPacific-Addison47-rec-sm.pdf,,schematic,pdf,200,160192,9065e94a7059fb320b8cd55ae265ffe09ff32dc7c6d0d94e43ac3a8dd0213685,2026-09-22,,,,,,,,,
https://audiocircuit.dk/downloads/acop/ACOPacific-Addison5-rec-sch.pdf,,schematic,pdf,200,513331,87810916a2e3d50a209f6b41f69d7056fd047b92828dfa207498661556ab3d9a,2026-09-22,,,,,,,,,
https://audiocircuit.dk/downloads/acop/ACOPacific-Addison55-rec-sch.pdf,,schematic,pdf,200,222493,09fe0edd37bf20b64d99ea330492d1d5eb8a968abeb0f14003e7e0c6dd94c58f,2026-09-22,,,,,,,,,
https://audiocircuit.dk/downloads/acop/ACOPacific-Addison61-rec-sch.pdf,,schematic,pdf,200,286449,77758ec0ccf147e8082c364f9ed29b1ad0a8bf9e34fc5da3789095d6f72f40b1,2026-09-22,,,,,,,,,
https://audiocircuit.dk/downloads/acop/ACOPacific-Addison63-rec-sch.pdf,,schematic,pdf,200,281188,dc5430b729e4a101361d8180cc6fbc8568a7de3503cea2ff19dc35b5f08518bf,2026-09-22,,,,,,,,,
https://audiocircuit.dk/downloads/acop/ACOPacific-Addison64-rec-sch.pdf,,schematic,pdf,200,288234,681d23c34057ca343fc1ef75a4657a1b25558b0a78f67e9bb0bfce220379d483,2026-09-22,,,,,,,,,
https://audiocircuit.dk/downloads/acop/ACOPacific-Addison7-rec-sch.pdf,,schematic,pdf,200,367942,1f772fb676c8150dd04b6a8c9790055e8eaff1d9c5cd616d684f4510fdff8ec6,2026-09-22,,,,,,,,,
https://audiocircuit.dk/downloads/acop/ACOPacific-Addison7-rec-sm.pdf,,schematic,pdf,200,160192,c7377d77e8bba9531930c4157b8b86a609c4e7373f904bd277d638949acbd44b,2026-09-22,,,,,,,,,
https://audiocircuit.dk/downloads/acop/ACOPacific-AddisonB2-rec-sch.pdf,,schematic,pdf,200,160191,6e8a34fe0887bc5f6054f9472e297b977f2a13f09ddc6490720b4436f762e439,2026-09-22,,,,,,,,,
https://audiocircuit.dk/downloads/acop/ACOPacific-AddisonL2-rec-sch.pdf,,schematic,pdf,200,233297,47efb3773211e36a0d8fecaa7f90db5bec1f3be5bcdae1fa6acf47049910925b,2026-09-22,,,,,,,,,
https://audiocircuit.dk/downloads/acoustat/Acoustat-2MH-spk-sch.pdf,,schematic,pdf,200,83521,a2d651b05e8e5aa875bd16b983fc492163a6024d40454ebe8e45e8929eb509f4,2026-09-22,,,,,,,,,
https://audiocircuit.dk/downloads/acoustat/Acoustat-MK121-spk-sch.pdf,,schematic,pdf,200,547365,c4057976d90a2bcf2fcf64ca0fdefd62f7baa0b58eb9b10cb6112f8448264dea,2026-09-22,,,,,,,,,
https://audiocircuit.dk/downloads/acoustat/Acoustat-Monitor3-pwr-sm.pdf,,schematic,pdf,200,8485049,9709eafb69072434f23fe41d8c2a41f2acd9eb89edf26eb7d12d54f6b41dc894,2026-09-22,,,,,,,,,
https://audiocircuit.dk/downloads/acoustat/Acoustat-Monitor4-pwr-sm.pdf,,schematic,pdf,200,8485051,57bdb60064a232c23f734ca378ff2e07ce636154ce10a29040a2ec56409879c6,2026-09-22,,,,,,,,,
https://audiocircuit.dk/downloads/acoustat/Acoustat-SCX3-pwr-sch.pdf,,schematic,pdf,200,1927924,3538ca7d1265a17f986181154faeaf4595aa91906c71d9ce60a1251338a19c9c,2026-09-22,,,,,,,,,
https://audiocircuit.dk/downloads/acoustat/Acoustat-Spectra1100-spk-sch.pdf,,schematic,pdf,200,2270677,fadedb4262a8bc95ae52f70ec7289b80506024a1f285f5edf1d1f17bc1da2694,2026-09-22,,,,,,,,,
https://audiocircuit.dk/downloads/acoustat/Acoustat-Spectra2200-spk-sch.pdf,,schematic,pdf,200,748557,158f7455afea08f3b23b7b19e3e75a6f2998f46cdb144edace8f82e213c29102,2026-09-22,,,,,,,,,
https://audiocircuit.dk/downloads/acoustat/Acoustat-Spectra2300-spk-sch.pdf,,schematic,pdf,200,748557,4f974b74ac628925e59331bbaadbdc7558b9ec7d65d58ae42b64d520d0d5ab21,2026-09-22,,,,,,,,,
https://audiocircuit.dk/downloads/acoustat/Acoustat-Spectra3300-spk-sch.pdf,,schematic,pdf,200,748562,2af4a2f17c8a8622f3ba9301ba59dd8f5d7fada3353c5a78fb5c4edb814e716e,2026-09-22,,,,,,,,,
https://audiocircuit.dk/downloads/acoustat/Acoustat-Spectra4400-spk-sch.pdf,,schematic,pdf,200,4069605,e0574b249a4e97d2505e37f5c07e1d36f3fb2cda4cfbbdfd8ce437382b0d9090,2026-09-22,,,,,,,,,
https://audiocircuit.dk/downloads/acoustat/Acoustat-Spectra6600-spk-sch.pdf,,schematic,pdf,200,4069605,3e3f103133cba72bfaae11314cb0fc1c31f079e4ddd52c5b3118cd0b5faeabca,2026-09-22,,,,,,,,,
https://audiocircuit.dk/downloads/acoustat/Acoustat-TransNova-pre-sch.pdf,,schematic,pdf,200,3614488,d27aa91745bab1adb6ea49db8337e6166a5db0afd17a2494b9c5c09dbe414d3c,2026-09-22,,,,,,,,,
https://audiocircuit.dk/downloads/acoustat/Acoustat-TransNovaTwin120-pwr-sch.pdf,,schematic,pdf,200,291681,6f5204b1e2ee2f447a266852bc850b6897c743e063d56766f3e786f4ea3e0b1f,2026-09-22,,,,,,,,,
https://audiocircuit.dk/downloads/acoustat/Acoustat-TransNovaTwin200-pwr-sch.pdf,,schematic,pdf,200,525561,cfef6fb4dd090f97a729dc5960328b70b9009f2a6dedb2e085dcb2ade0078daa,2026-09-22,,,,,,,,,
https://audiocircuit.dk/downloads/acoustat/Acoustat-X-pwr-sch.pdf,,schematic,pdf,200,1927924,fec1244b9167a2f27cfefa62807a95bebccb002059b57ec41947f45d01cea968,2026-09-22,,,,,,,,,
https://audiocircuit.dk/downloads/acoustat/Acoustat-Xotl-pwr-sch.pdf,,schematic,pdf,200,126498,3f30e87e625133262ae94c6604c1b7feec553da16f826510a7fdfaf41aa28378,2026-09-22,,,,,,,,,
https://audiocircuit.dk/downloads/acoustech/Acoustech-X-pwr-sch.pdf,,schematic,pdf,200,522892,f9b08062d843f617a1335bf7124a356dccd7674e1c193a0d8be8fd100572bd7e,2026-09-22,,,,,,,,,
https://audiocircuit.dk/downloads/acoustech/Acoustech-X-pwr-sch1.pdf,,schematic,pdf,200,533776,32a5e077ed101ebf4d204ab6d18a35e4f47b403a3734bdd8399d50eb3e748955,2026-09-22,,,,,,,,,
https://audiocircuit.dk/downloads/acoustech/Acoustech-X-pwr-sch2.pdf,,schematic,pdf,200,246506,6141985c64db0e8af629b1d5373564ca32805431234e1e889b217796c1176fe7,2026-09-22,,,,,,,,,
https://audiocircuit.dk/downloads/acoustech/Acoustech-X-pwr-sch3.pdf,,schematic,pdf,200,281561,8195ad0093bfe8eaac2dabca7886f7079f49f43aeff2d187cdf51331417f9278,2026-09-22,,,,,,,,,
https://audiocircuit.dk/downloads/acoustech/Acoustech-lV-pwr-am.pdf,,schematic,pdf,200,33078577,955f5897d17136497417747afa0d34f5e24718037b17317554f6110aa12eaef7,2026-09-22,,,,,,,,,
https://audiocircuit.dk/downloads/acousticcontrol/AcousticControl-117-pre-sch.pdf,,schematic,pdf,200,722065,f23715b17324b03e39ef4e6fa1b125614b9f1628deb41cf4071ecb031c300fa0,2026-09-22,,,,,,,,,
https://audiocircuit.dk/downloads/acousticcontrol/AcousticControl-118-pre-sch.pdf,,schematic,pdf,200,722065,79c54836eaeff4ab62cdf6c5dd30a7284c8fb37e3220bff298de4d867f8716fc,2026-09-22,,,,,,,,,
https://audiocircuit.dk/downloads/acousticcontrol/AcousticControl-134-spk-sm.pdf,,schematic,pdf,200,33516202,b70d5587233076a760f0be12c611b7886debae17f9dd8c93a5bfbe1beccfbc26,2026-09-22,,,,,,,,,
https://audiocircuit.dk/downloads/acousticcontrol/AcousticControl-135-spk-sm.pdf,,schematic,pdf,200,33516205,3bdb47afedc1a10f0fd500f1427ea3d62fe4c873a632ccc2c7fb4ad36e5277f1,2026-09-22,,,,,,,,,
https://audiocircuit.dk/downloads/acousticcontrol/AcousticControl-140-pwr-sch.pdf,,schematic,pdf,200,101799,36eb8883d0c891d43543836f7316b701002b3f23943dc23a9952f2ad1f335739,2026-09-22,,,,,,,,,
https://audiocircuit.dk/downloads/acousticcontrol/AcousticControl-150-spk-sm.pdf,,schematic,pdf,200,33516195,5dbff1215685bec6c4a4b1f47714a2738e7cf85028503b03857dbcf09855015d,2026-09-22,,,,,,,,,
https://audiocircuit.dk/downloads/acousticcontrol/AcousticControl-160-pwr-sch.pdf,,schematic,pdf,200,327845,9d5b04b0a80d20daf3e7119a550a44ca8352acb4476cf0c20abb126a8d07f33f,2026-09-22,,,,,,,,,
https://audiocircuit.dk/downloads/acousticcontrol/AcousticControl-164-pwr-sch.pdf,,schematic,pdf,200,327846,5acea3620f3d1caf0d4153a62b935e8fc12e55b048afe99a3b0797e1c39e1f98,2026-09-22,,,,,,,,,
https://audiocircuit.dk/downloads/acousticcontrol/AcousticControl-165-pwr-sch.pdf,,schematic,pdf,200,221083,d9722014dc911e5d85ad32c24734f1049d2b95cb90b083c644426e8fdae8c370,2026-09-22,,,,,,,,,
https://audiocircuit.dk/downloads/acousticcontrol/AcousticControl-215B_120-pwr-sch.pdf,,schematic,pdf,200,169392,d8c7307197600abc862f61783bc3da6612d4e4823c6e93c210cad91952292f47,2026-09-22,,,,,,,,,
https://audiocircuit.dk/downloads/acousticcontrol/AcousticControl-220-pwr-sm.pdf,,schematic,pdf,200,1973795,d46de3bcd9e13779d34f1c3183e7259e28fa9e6ace0e9b4c96fe32eb25952104,2026-09-22,,,,,,,,,
https://audiocircuit.dk/downloads/acousticcontrol/AcousticControl-320-pwr-sm.pdf,,schematic,pdf,200,1814676,7730e2c3407779ba1fc8357df2d219deebd95729584e564c233e4bd11a47055a,2026-09-22,,,,,,,,,
https://audiocircuit.dk/downloads/acousticcontrol/AcousticControl-330-pwr-sm.pdf,,schematic,pdf,200,1814676,7730e2c3407779ba1fc8357df2d219deebd95729584e564c233e4bd11a47055a,2026-09-22,,,,,,,,,
https://audiocircuit.dk/downloads/acousticcontrol/AcousticControl-360-pwr-sm.pdf,,schematic,pdf,200,11546748,af3fcee0294326476264b14ba40f601dc15f9a168e98b6d76a76337b439a8a8b,2026-09-22,,,,,,,,,
https://audiocircuit.dk/downloads/acousticcontrol/AcousticControl-361-pwr-sm.pdf,,schematic,pdf,200,11546748,e8188b34181e334279b10a4fbf6b8260c731554e85f56258010285cc3fc52eec,2026-09-22,,,,,,,,,
https://audiocircuit.dk/downloads/acousticcontrol/AcousticControl-400-pwr-sm.pdf,,schematic,pdf,200,659727,ccaa2a06ef79a3efe9f90be3238b063a1ee8156da1fd1dbd02474361857c7ce9,2026-09-22,,,,,,,,,
https://audiocircuit.dk/downloads/acousticcontrol/AcousticControl-470-pwr-sm.pdf,,schematic,pdf,200,1982611,6633346a4a28752f88a905a29318ccf837b495e367a47198f7ac7368e2c02c28,2026-09-22,,,,,,,,,
https://audiocircuit.dk/downloads/acousticcontrol/AcousticControl-727-pwr-sch.pdf,,schematic,pdf,200,667561,52a4069c9b0ca0b6243aaaa88eb84ba74c824a345b51a639915e00c6ed7aa824,2026-09-22,,,,,,,,,
https://audiocircuit.dk/downloads/acousticcontrol/AcousticControl-911-mix-sch.pdf,,schematic,pdf,200,1388574,93df48a98e9c56d8c4e34822273a74d375eb8c8d11a17db87c1744713198fa2a,2026-09-22,,,,,,,,,
https://audiocircuit.dk/downloads/acousticcontrol/AcousticControl-911-pwr-sch.pdf,,schematic,pdf,200,1388575,86150ffe862045bafe4fe802a96918541bc236584494c623934650c8e63a1001,2026-09-22,,,,,,,,,
https://audiocircuit.dk/downloads/acousticcontrol/AcousticControl-AC300-pwr-sm.pdf,,schematic,pdf,200,455611,521032c77152ab7e401c2adfdd04748d90353266ce849c3b5f2e087e3b17e8fd,2026-09-22,,,,,,,,,
https://audiocircuit.dk/downloads/acousticcontrol/AcousticControl-B450-pwr-sch.pdf,,schematic,pdf,200,1375314,f8a6529fb5afe124374f56b902b8bf81d48361a3301cdb28aa43934e489d00ee,2026-09-22,,,,,,,,,
https://audiocircuit.dk/downloads/acousticcontrol/AcousticControl-B600H-pwr-sch.pdf,,schematic,pdf,200,1375326,5e6eee014126820ce3b84899c187b1e079385b16f085ab295932f17253f1aa5f,2026-09-22,,,,,,,,,
https://audiocircuit.dk/downloads/acousticcontrol/AcousticControl-CDJ830S-cd-sm.pdf,,schematic,pdf,200,1419622,88d82e88527083199fd091e71422ce6b1e4b41c3db44be3e2dafab24fa7f676e,2026-09-22,,,,,,,,,
https://audiocircuit.dk/downloads/acousticcontrol/AcousticControl-G100T-pwr-sch.pdf,,schematic,pdf,200,282382,1986856bb77e44271e23a6c767e76e63d206531bdbc45f4b50bbdfaea267084a,2026-09-22,,,,,,,,,
https://audiocircuit.dk/downloads/acousticcontrol/AcousticControl-G60T-pwr-sch.pdf,,schematic,pdf,200,220598,414fbceef7f2174676cdcd5fe236cc9679138283cd209418cde007ffcbad75ba,2026-09-22,,,,,,,,,
https://audiocircuit.dk/downloads/acousticcontrol/AcousticControl-G60T-pwr-sm.pdf,,schematic,pdf,200,777595,797c3c3e95dc3c409a2c98618a64a29acd4befe4a27bd87603948e03a64f58d8,2026-09-22,,,,,,,,,
https://audiocircuit.dk/downloads/acousticcontrol/AcousticControl-G80T-pwr-sch.pdf,,schematic,pdf,200,486337,bd5739b116601215beb7814d2c43e6639cba9793e03523d6bc38908604e6307f,2026-09-22,,,,,,,,,
https://audiocircuit.dk/downloads/acousticcontrol/AcousticControl-Preamp117-pre-sch.pdf,,schematic,pdf,200,722066,2214b06e14324ccc611d5f679f7abb6225351c5020ae800fa9f061b03c604b3a,2026-09-22,,,,,,,,,
https://audiocircuit.dk/downloads/acousticcontrol/AcousticControl-SA30-pwr-sm.pdf,,schematic,pdf,200,456506,1d6258ac49afac6b84ed888e6dd9347a028b9ab77ac665fc61a1a96b95ac3420,2026-09-22,,,,,,,,,
https://audiocircuit.dk/downloads/acousticresearch/AcousticResearch-A03-int-sm.pdf,,schematic,pdf,200,4818619,a948a3699466aaab1ea45a20d55addf784108000f1ef472205465f6792415913,2026-09-22,,,,,,,,,
https://audiocircuit.dk/downloads/acousticresearch/AcousticResearch-A04-int-sm.pdf,,schematic,pdf,200,4520620,6c5e7320de2f1214150d21b17e27f9bc0615e2ccbfd3ed63b864d763b357551e,2026-09-22,,,,,,,,,
https://audiocircuit.dk/downloads/acousticresearch/AcousticResearch-A06-int-sm.pdf,,schematic,pdf,200,4999810,245f7acc81441724e9877a9d9255865d54a67363a89e12fe8ec4965e5aabd1d4,2026-09-22,,,,,,,,,
https://audiocircuit.dk/downloads/acousticresearch/AcousticResearch-Amplifier-int-sb.pdf,,schematic,pdf,200,3584569,40d59045072bf643e5efff82f32afcf9be88f52d2d7d7c68e9105632b3e80280,2026-09-22,,,,,,,,,
https://audiocircuit.dk/downloads/acousticresearch/AcousticResearch-Amplifier-int-sm.pdf,,schematic,pdf,200,11676606,29fbe26314a2dcd7b2900553b27e8a00b9c9771f26d76cd7b6e03b7415f4b11c,2026-09-22,,,,,,,,,
https://audiocircuit.dk/downloads/acousticresearch/AcousticResearch-C06-pre-sm.pdf,,schematic,pdf,200,4629822,71df1b664c40b5b30b897bd4ef8dfb956013dc6be896bd7ec95ca521e78ab832,2026-09-22,,,,,,,,,
https://audiocircuit.dk/downloads/acousticresearch/AcousticResearch-ChronosW38-pwr-sch.pdf,,schematic,pdf,200,568585,531a37cd6e0fd4ac010aca3505b6062c07552fe26207ce767a839c02a5f60fbb,2026-09-22,,,,,,,,,
https://audiocircuit.dk/downloads/acousticresearch/AcousticResearch-Classic30-pwr-sch.pdf,,schematic,pdf,200,174498,79fa8e97358892ee818e80f03d4852d642e0380757e3a35af1641dcf5f5732be,2026-09-22,,,,,,,,,
https://audiocircuit.dk/downloads/acousticresearch/AcousticResearch-Kepex500-com-sch.pdf,,schematic,pdf,200,366877,637086b15c1f52fec4ca83406dcec0a12bfab80b2b20a53d629049a7f0f8644d,2026-09-22,,,,,,,,,
https://audiocircuit.dk/downloads/acousticresearch/AcousticResearch-P10-pwr-sm.pdf,,schematic,pdf,200,2237326,e2953177a2e9001632c78b639de1f2c06dbf372cf777a451a9731e6da2b0f44c,2026-09-22,,,,,,,,,
https://audiocircuit.dk/downloads/acousticresearch/AcousticResearch-PH1-riaa-sch.pdf,,schematic,pdf,200,1220620,ea310b359c467668d4fb71c6aae296b625ddfe6fd774fbf2d72346445179173e,2026-09-22,,,,,,,,,
https://audiocircuit.dk/downloads/acousticresearch/AcousticResearch-Receiver-sb.pdf,,schematic,pdf,200,3584569,40d59045072bf643e5efff82f32afcf9be88f52d2d7d7c68e9105632b3e80280,2026-09-22,,,,,,,,,
https://audiocircuit.dk/downloads/acousticresearch/AcousticResearch-Receiver-sch.pdf,,schematic,pdf,200,3619112,5bf83073c192634a7b6d7c17dcff6f3534c8aff1863265303cf6458a228df8c5,2026-09-22,,,,,,,,,
https://audiocircuit.dk/downloads/acousticresearch/AcousticResearch-Receiver-sm.pdf,,schematic,pdf,200,11676610,c036779bda0dff8211826273a874c0f92dd07a9038edfdb9d770cf64f2fe474f,2026-09-22,,,,,,,,,
https://audiocircuit.dk/downloads/acousticresearch/AcousticResearch-T04-tun-sm.pdf,,schematic,pdf,200,2544012,2854228d0068925ffe317deb35a05f1ef1068b67ecf29ee6749e60732b0397b9,2026-09-22,,,,,,,,,
https://audiocircuit.dk/downloads/acousticresearch/AcousticResearch-X04-rec-sm.pdf,,schematic,pdf,200,2866917,2d547b59bbc070392d6205e2b05063d62d5c6fd337dea3d921e8624c237cc41a,2026-09-22,,,,,,,,,
https://audiocircuit.dk/downloads/acousticresearch/AcousticResearch-X06-rec-sm.pdf,,schematic,pdf,200,3455084,5926564f70e666fd4968d2c7b25847a12736ea0d805a1ffc577c0fff1184e56a,2026-09-22,,,,,,,,,
https://audiocircuit.dk/downloads/acousticresearch/AcousticResearch-X10-pwr-sch.pdf,,schematic,pdf,200,5145019,fdef405875c0a15f8c687226bcf23644dd96cc33945c14e875d751ecad58073e,2026-09-22,,,,,,,,,
https://audiocircuit.dk/downloads/acousticresearch/AcousticResearch-X10-rec-sm.pdf,,schematic,pdf,200,7949444,868f4b7af6fa6faca990fea397b16c0cf8be42b95ba9cd45d5fe6f71e1ed17d1,2026-09-22,,,,,,,,,
https://audiocircuit.dk/downloads/acousticresearch/AcousticResearch-noname-rec-sm.pdf,,schematic,pdf,200,6837276,f0f3d60d0da8fc729bc9eceac0b61afedc8eace6a831640849331dcb24f2d29b,2026-09-22,,,,,,,,,
https://audiocircuit.dk/downloads/acrosound/Acrosound-100W-pwr-sch.pdf,,schematic,pdf,200,165073,df0da32deb518ef4f0f648398152fda917a4366c67744772e0564ed990a3133c,2026-09-22,,,,,,,,,
https://audiocircuit.dk/downloads/acrosound/Acrosound-280_6L6-pwr-sch.pdf,,schematic,pdf,200,161449,a434131b35e3218d22252be7907fb1a600548be0f319acdf833bd60ddc67b94e,2026-09-22,,,,,,,,,
https://audiocircuit.dk/downloads/acrosound/Acrosound-6L6Rebuild-pwr-sch.pdf,,schematic,pdf,200,37645,3f4f0438691c64bd64c0ddb76078705317ad22593c7b54af69c76b8d458e6a21,2026-09-22,,,,,,,,,
https://audiocircuit.dk/downloads/acrosound/Acrosound-6_50-pwr-sch.pdf,,schematic,pdf,200,199365,606a83931e16aac406375ef76d76d1533b3933e58ec7c25e305e4419f25fab3e,2026-09-22,,,,,,,,,
https://audiocircuit.dk/downloads/acrosound/Acrosound-Acro-pwr-sch1.pdf,,schematic,pdf,200,753316,79b6cdf8df0d388bf5fac33921c2fa4ce1ac497455a228c5cdc1c877ba5b7d21,2026-09-22,,,,,,,,,
https://audiocircuit.dk/downloads/acrosound/Acrosound-Acro-pwr-sch10.pdf,,schematic,pdf,200,170928,a3ae591347373af100d3fc9a0d8c16458bef434cb3dc53e22a114ae8db67c1f2,2026-09-22,,,,,,,,,
https://audiocircuit.dk/downloads/acrosound/Acrosound-Acro-pwr-sch11.pdf,,schematic,pdf,200,290241,49533808390d2abf31aef5ed5acc79b432b76dca794b27c4eda26023fc84ae4a,2026-09-22,,,,,,,,,
https://audiocircuit.dk/downloads/acrosound/Acrosound-Acro-pwr-sch12.pdf,,schematic,pdf,200,340582,2394239303aeccf582fc0f7616aa6734e359081f4b268b9cefeb6da816323dc4,2026-09-22,,,,,,,,,
https://audiocircuit.dk/downloads/acrosound/Acrosound-Acro-pwr-sch2.pdf,,schematic,pdf,200,755864,7e52aea0f40174df5bf93c798b8afedcfe35393bc0e63065ba417390f6901891,2026-09-22,,,,,,,,,
https://audiocircuit.dk/downloads/acrosound/Acrosound-Acro-pwr-sch3.pdf,,schematic,pdf,200,170924,e764de7900eb84460d95bc6f6e616ab9f6a5e88efbe6cd6df712c474ded85b7d,2026-09-22,,,,,,,,,
https://audiocircuit.dk/downloads/acrosound/Acrosound-Acro-pwr-sch4.pdf,,schematic,pdf,200,728992,cb1ae81e8aa0b46fddcf1ee8b9e5252a8d116ebea0cf6d1f90c06e1633f0b1b9,2026-09-22,,,,,,,,,
https://audiocircuit.dk/downloads/acrosound/Acrosound-Acro-pwr-sch5.pdf,,schematic,pdf,200,239097,07a6f21f8d6fa300d82dbc32dd533b01cef4ebe625987f799daf96381dedfbf7,2026-09-22,,,,,,,,,
https://audiocircuit.dk/downloads/acrosound/Acrosound-Acro-pwr-sch6.pdf,,schematic,pdf,200,171339,0c912989cd20624e58f0a0734b962fd09ae83d52279726efb071be6848abe44b,2026-09-22,,,,,,,,,
https://audiocircuit.dk/downloads/acrosound/Acrosound-Acro-pwr-sch7.pdf,,schematic,pdf,200,74270,37442626d9fcb1962cd19098088bb495ef7518065ef9e142fc97ec97f59d1008,2026-09-22,,,,,,,,,
https://audiocircuit.dk/downloads/acrosound/Acrosound-Acro-pwr-sch8.pdf,,schematic,pdf,200,217183,568e5565752d0208441fd52e07a2b448e93be56b8f02d42e48ee6c0732798faf,2026-09-22,,,,,,,,,
https://audiocircuit.dk/downloads/acrosound/Acrosound-Acro-pwr-sch9.pdf,,schematic,pdf,200,147966,d67e1e17f346656b700e6cc965cfaec5b070ae9fbe65a68f451d0caadbdb9a49,2026-09-22,,,,,,,,,
https://audiocircuit.dk/downloads/acrosound/Acrosound-Acro6L6-pwr-sch.pdf,,schematic,pdf,200,161427,0435385e80c887bbe006f183d3d583f58fa6ea97c4483a1b6614807c89807b7d,2026-09-22,,,,,,,,,
https://audiocircuit.dk/downloads/acrosound/Acrosound-AcroKT88-pwr-sch.pdf,,schematic,pdf,200,149607,79045cc3d5a473407ccb66c142decfdf3b3578568880062843f9ae3bd59db0b1,2026-09-22,,,,,,,,,
https://audiocircuit.dk/downloads/acrosound/Acrosound-AcroWilliamson-pwr-sch.pdf,,schematic,pdf,200,245025,ab67653ca8fceb0d6d574da47df519aaf87e6064e64505c321db24edc9c77572,2026-09-22,,,,,,,,,
https://audiocircuit.dk/downloads/acrosound/Acrosound-GoldenEar-pwr-sch.pdf,,schematic,pdf,200,833352,56c19a6388ad77634c56ddb206fe66693a3959de4620871a7a24d8c7b409acce,2026-09-22,,,,,,,,,
https://audiocircuit.dk/downloads/acrosound/Acrosound-HPULWilliams-pwr-sch1.pdf,,schematic,pdf,200,1310926,814ae09358fdcca6215fcdef93e4149df151881e913e258546d14cf86bdc6ca2,2026-09-22,,,,,,,,,
https://audiocircuit.dk/downloads/acrosound/Acrosound-HPULWilliams-pwr-sch2.pdf,,schematic,pdf,200,1164633,b0d1eda928ee2196269f4e540cb8a62c2fe7fca15a4757ed863a52accf67a89d,2026-09-22,,,,,,,,,
https://audiocircuit.dk/downloads/acrosound/Acrosound-HighPowerWilliamson-pwr-sch.pdf,,schematic,pdf,200,243337,e655e84708c9f064260c2f9b85a8655f6268a35cfbb8c088b909859810b3a020,2026-09-22,,,,,,,,,
https://audiocircuit.dk/downloads/acrosound/Acrosound-KT88-pwr-sch.pdf,,schematic,pdf,200,972694,a66acad0239b4a6e33f8062943992175e1449b29a69144e9607b6a47a36c40ad,2026-09-22,,,,,,,,,
https://audiocircuit.dk/downloads/acrosound/Acrosound-Outputtransformers-sch.pdf,,schematic,pdf,200,1140857,e6e5ab5a7cf57f7669c15c1c098dfe7f818fdaa0206718071be0fbadd61e8e2e,2026-09-22,,,,,,,,,
https://audiocircuit.dk/downloads/acrosound/Acrosound-PushPull-pwr-sch.pdf,,schematic,pdf,200,170946,b752c73fac33887cee812c3cce1dd069f6c605f4b904699cfb1c8907dd322bfc,2026-09-22,,,,,,,,,
https://audiocircuit.dk/downloads/acrosound/Acrosound-ST20-pwr-sch.pdf,,schematic,pdf,200,263210,c419f87b560cfb59f4916801d355c5e4dba4039fc91c952b8976cdffd3aca309,2026-09-22,,,,,,,,,
https://audiocircuit.dk/downloads/acrosound/Acrosound-TO350-pwr-sch.pdf,,schematic,pdf,200,171345,f77f43478eb087304d1b009235a49c08e5f819d01ec99cb0737806aff2ee4771,2026-09-22,,,,,,,,,
https://audiocircuit.dk/downloads/acrosound/Acrosound-TransformerSpecs-pwr-pl.pdf,,schematic,pdf,200,180233,28f4baad360791313b8f1b5f073b44722c8e1e4dc8efdce14e22989619b84ce8,2026-09-22,,,,,,,,,
https://audiocircuit.dk/downloads/acrosound/Acrosound-Transformers-sch.pdf,,schematic,pdf,200,1669974,e7f243124bd3b232171d51d7f7d92c9751ba61f029b6228e100111c9f23c719a,2026-09-22,,,,,,,,,
https://audiocircuit.dk/downloads/acrosound/Acrosound-TriodeAmplifier-pwr-sch.pdf,,schematic,pdf,200,147999,f41e266fdb2987981487ee33ba36a08d164f4d4f8242dbacadf1eb05ac0eff43,2026-09-22,,,,,,,,,
https://audiocircuit.dk/downloads/acrosound/Acrosound-TriodeTO250-pwr-sch.pdf,,schematic,pdf,200,1182489,1e8c7e0ff937a2bceb1eac549e0eeb7039bc940382fa474ccf13956250d9ee67,2026-09-22,,,,,,,,,
https://audiocircuit.dk/downloads/acrosound/Acrosound-UltraLinear2-pwr-sch.pdf,,schematic,pdf,200,4965311,064e639bd0d495bfe4ec78fff84da7580fb00b67b4d11dc604c073d926abf3d1,2026-09-22,,,,,,,,,
https://audiocircuit.dk/downloads/adc/ADC-CD100X-cd-sm.pdf,,schematic,pdf,200,3966852,0af71ca03d4030abfb699a23ac70d593c5aa0982c2871ab1f9bb5c3b639a1474,2026-09-22,,,,,,,,,
https://audiocircuit.dk/downloads/adc/ADC-SS315-eq-sm.pdf,,schematic,pdf,200,3300213,bab547bbc2d87be5b91859779ac3645012f97c7827d9c4663f0ad5c65f0b0f95,2026-09-22,,,,,,,,,
https://audiocircuit.dk/downloads/adc/ADC-SS525X-ss-sch.pdf,,schematic,pdf,200,3577059,b21305e817ac8b2ba90df6fd5455c0e7c2bbb198e595f0261079a49f5e507c42,2026-09-22,,,,,,,,,
https://audiocircuit.dk/downloads/adc/ADC-SoundShaperSS525X-ss-sch.pdf,,schematic,pdf,200,3577066,196e236dfb1c9d1ffbbe2f53c7b42a9d264e8e9e3d76949ea24e0fc097056847,2026-09-22,,,,,,,,,
https://audiocircuit.dk/downloads/adc/ADC-SoundShaperThree-ss-sm.pdf,,schematic,pdf,200,2959536,59e3ab4d26e45cae00a1dbb1134584d17c1626ad50e8483c892e1a424177e952,2026-09-22,,,,,,,,,
https://audiocircuit.dk/downloads/adc/ADC-SoundShaperTwoMKll-ss-sm.pdf,,schematic,pdf,200,17199247,baf222fc2bd011a8640e9de43ee84986623a35bd7884f534b5bc1a8f46e30c6f,2026-09-22,,,,,,,,,
https://audiocircuit.dk/downloads/adcom/Adcom-555-pwr-sch.pdf,,schematic,pdf,200,87876,154f46bfe2b12b8a1541996d5ec3a440a590909eb7a2ab9e645ff090b8573b8c,2026-09-22,,,,,,,,,
https://audiocircuit.dk/downloads/adcom/Adcom-ACE515-acc-sm.pdf,,schematic,pdf,200,389586,874c09aa66031269f938fa89111d27cf6c6a6445cc1f7699bf6a808f382818d4,2026-09-22,,,,,,,,,
https://audiocircuit.dk/downloads/adcom/Adcom-GCD575-cd-sm.pdf,,schematic,pdf,200,1983030,3e05a15480674d7d002f69e0a99d0db38a58b4606645cb3bc91d1c9e579ca6f5,2026-09-22,,,,,,,,,
https://audiocircuit.dk/downloads/adcom/Adcom-GCD600-cd-sm.pdf,,schematic,pdf,200,1419573,ba360a93bd93e74b84c65055abf7b90cc3e8680eaffae30c86771df8f6731d75,2026-09-22,,,,,,,,,
https://audiocircuit.dk/downloads/adcom/Adcom-GDA600-dac-sch.pdf,,schematic,pdf,200,161155,c927d2144c763980f07e0329809e3718465c5f1e4b2a3bb8775861a990c6e0db,2026-09-22,,,,,,,,,
https://audiocircuit.dk/downloads/adcom/Adcom-GDA700-dac-sch.pdf,,schematic,pdf,200,167883,e6788df3398d531f0a1d0b39692d3fe31c22331515a12c39ccec34efdbad5346,2026-09-22,,,,,,,,,
https://audiocircuit.dk/downloads/adcom/Adcom-GDC575-cd-sm.pdf,,schematic,pdf,200,1983030,3e05a15480674d7d002f69e0a99d0db38a58b4606645cb3bc91d1c9e579ca6f5,2026-09-22,,,,,,,,,
https://audiocircuit.dk/downloads/adcom/Adcom-GFA1-pwr-sm.pdf,,schematic,pdf,200,1045932,819a4f71e040ed372ff4f57a39b203562a3062c7dfd5ae3ad90f3490d7d46398,2026-09-22,,,,,,,,,
https://audiocircuit.dk/downloads/adcom/Adcom-GFA1A-pwr-sm.pdf,,schematic,pdf,200,1045932,819a4f71e040ed372ff4f57a39b203562a3062c7dfd5ae3ad90f3490d7d46398,2026-09-22,,,,,,,,,
https://audiocircuit.dk/downloads/adcom/Adcom-GFA2535-pwr-sm.pdf,,schematic,pdf,200,3716479,03056fa8392720d5ddf3986f96a9be7393742a3e8dc898b5fe6bff36cba55c6a,2026-09-22,,,,,,,,,
https://audiocircuit.dk/downloads/adcom/Adcom-GFA4302-cpwr-sm.pdf,,schematic,pdf,200,263864,a16eefa7836f9abd8a7ff69e6df474804a85dc1dc923747d3a367fca115ac572,2026-09-22,,,,,,,,,
https://audiocircuit.dk/downloads/adcom/Adcom-GFA4304-cpwr-sm.pdf,,schematic,pdf,200,285135,5fb4deb81053621f02b57dc5baa9bceac26bc66216126d95b67889976d44e6e4,2026-09-22,,,,,,,,,
https://audiocircuit.dk/downloads/adcom/Adcom-GFA4402-cpwr-sm.pdf,,schematic,pdf,200,246338,f3ba82a2176f6bc7204162072c2045c2dca969aa2d04ee03f06108e51456b92d,2026-09-22,,,,,,,,,
https://audiocircuit.dk/downloads/adcom/Adcom-GFA4404-cpwr-sm.pdf,,schematic,pdf,200,226705,7bd91ad516b44962c3be68a2f1e5f61b5f8c985c7468290c3e5c8e163369ffd7,2026-09-22,,,,,,,,,
https://audiocircuit.dk/downloads/adcom/Adcom-GFA4702-cpwr-sm.pdf,,schematic,pdf,200,342538,6da5d9b0e6e336d4d72cea4b92998c5b57dbfc7b44447cf607beba22e38d832b,2026-09-22,,,,,,,,,
https://audiocircuit.dk/downloads/adcom/Adcom-GFA5002-pwr-sch.pdf,,schematic,pdf,200,158975,0971061f514dd9b7118a10ddb302e6ed4be9a65c0399fc67253a958ffbcf686a,2026-09-22,,,,,,,,,
https://audiocircuit.dk/downloads/adcom/Adcom-GFA5002-pwr-sm.pdf,,schematic,pdf,200,44705,76c0a1ca046f4d2961c752682b813d938e2e37943e0f5dbb6bd0dfab23becdba,2026-09-22,,,,,,,,,
https://audiocircuit.dk/downloads/adcom/Adcom-GFA5200-pwr-sm.pdf,,schematic,pdf,200,33993,5cefeca49597dbb9f4b480d30cb5ee096d147f18fe2ad1bc715e1d3f46452778,2026-09-22,,,,,,,,,
https://audiocircuit.dk/downloads/adcom/Adcom-GFA5300-pwr-sch.pdf,,schematic,pdf,200,150263,61fc836d5e52afe827431876701a1b0cb5e3be2da2fd9c307c54e01c88a50df4,2026-09-22,,,,,,,,,
https://audiocircuit.dk/downloads/adcom/Adcom-GFA5300-pwr-sm.pdf,,schematic,pdf,200,42015,b7bc3a1369021229b5190472ebc69e24625137ad00ef334ff14037e32a0570b4,2026-09-22,,,,,,,,,
https://audiocircuit.dk/downloads/adcom/Adcom-GFA5300VI-pwr-sch.pdf,,schematic,pdf,200,150122,54af6645260d9a67c908904841c12c2197ffeddc74dda14a2a891e100a8fa938,2026-09-22,,,,,,,,,
https://audiocircuit.dk/downloads/adcom/Adcom-GFA535-pwr-sm.pdf,,schematic,pdf,200,303092,26cd91287499825ab80496ba5cc65b91a48111c750e0d21b011bcd3889b1e5d7,2026-09-22,,,,,,,,,
https://audiocircuit.dk/downloads/adcom/Adcom-GFA535ll-pwr-sm.pdf,,schematic,pdf,200,2673041,b8f287ccf60226dd5a229b24702bf5fb94524cd7875fc804a8ce4da3b3d1cf3f,2026-09-22,,,,,,,,,
https://audiocircuit.dk/downloads/adcom/Adcom-GFA5400-pwr-sch.pdf,,schematic,pdf,200,1222778,6f3ff65165baaea5a5fe2125001985b13caeb82fd36d767e329cb28df6017c32,2026-09-22,,,,,,,,,
https://audiocircuit.dk/downloads/adcom/Adcom-GFA5400-pwr-sm.pdf,,schematic,pdf,200,1290090,6e71ee8161b4e70b57fcbee387e3f5fc4d32b29de79643e762be1ac48b864b59,2026-09-22,,,,,,,,,
https://audiocircuit.dk/downloads/adcom/Adcom-GFA545-pwr-sm.pdf,,schematic,pdf,200,207069,5a16bdb0b77aac3c9e784c5eaef02fd167d1a8e735b50bd1feaf8c5ac473b39f,2026-09-22,,,,,,,,,
https://audiocircuit.dk/downloads/adcom/Adcom-GFA545ll-pwr-sm.pdf,,schematic,pdf,200,1521143,593d14b6807c7b083f4abb3f42f9727906a11e4e1a3865b509519a2ba9dc8d80,2026-09-22,,,,,,,,,
https://audiocircuit.dk/downloads/adcom/Adcom-GFA5500-pwr-sch.pdf,,schematic,pdf,200,88036,6aab199720e0e898638aa975d61195430716ad352d87a52cb4fdfd5bcb776a0d,2026-09-22,,,,,,,,,
https://audiocircuit.dk/downloads/adcom/Adcom-GFA5500-pwr-sm.pdf,,schematic,pdf,200,178822,e6e56d7ecd2726261c3ca7e6fe156711df28b4c1cf9453fb66f1555abf209b10,2026-09-22,,,,,,,,,
https://audiocircuit.dk/downloads/adcom/Adcom-GFA5503-pwr-pl.pdf,,schematic,pdf,200,41753,80308e756e3447d8c5be64c3ff3741b0d7495df67d00856162d94daf5ff5ae0d,2026-09-22,,,,,,,,,
https://audiocircuit.dk/downloads/adcom/Adcom-GFA555-pwr-sch.pdf,,schematic,pdf,200,851426,64f1e34db963045d2c740197efc4374f60ec51be8063d4c50972388c8b95570d,2026-09-22,,,,,,,,,
https://audiocircuit.dk/downloads/adcom/Adcom-GFA555-pwr-sm1.pdf,,schematic,pdf,200,450338,d912b1f3c28b13c61ae549c2c164398f68077fdcd364f4b65eaf966f0c7eaa68,2026-09-22,,,,,,,,,
https://audiocircuit.dk/downloads/adcom/Adcom-GFA555-pwr-sm2.pdf,,schematic,pdf,200,798708,97bf246636a50c917fbfe3c08ec069b043e81ab8d557b826e28920ef8e8d5200,2026-09-22,,,,,,,,,
https://audiocircuit.dk/downloads/adcom/Adcom-GFA555ll-pwr-sm.pdf,,schematic,pdf,200,1846176,67453f8c998e3c51add6c53f3fdf1b2f3e84c86093afd39668fbf3b8acb4d337,2026-09-22,,,,,,,,,
https://audiocircuit.dk/downloads/adcom/Adcom-GFA565-pwr-sm.pdf,,schematic,pdf,200,3764151,cdc3dceb9e7971c60789cf7e126f5cc5045b20210f580e3cd12d423f653a8f6e,2026-09-22,,,,,,,,,
https://audiocircuit.dk/downloads/adcom/Adcom-GFA5800-pwr-sm.pdf,,schematic,pdf,200,340999,c4b3c90533c73743f350aaf9a2f5f53b63b6625ef375901c0f6ee5d01631bcda,2026-09-22,,,,,,,,,
https://audiocircuit.dk/downloads/adcom/Adcom-GFA5802-pwr-sch.pdf,,schematic,pdf,200,3150951,1529681c601bdfa530ef151dbcfc3906eac86ba569ae8559ec4b3903e61d207d,2026-09-22,,,,,,,,,
https://audiocircuit.dk/downloads/adcom/Adcom-GFA5802-pwr-sm.pdf,,schematic,pdf,200,11097379,c683438dd1b14c829e5dbf33f9e30e374fe959f2313d76cd62458da51a3f65ef,2026-09-22,,,,,,,,,
https://audiocircuit.dk/downloads/adcom/Adcom-GFA585-pwr-sm.pdf,,schematic,pdf,200,687754,d4e8c4bbc1ca6db2c9fb376ef09c797f98474674b9df78bc4597d5b59e496b9c,2026-09-22,,,,,,,,,
https://audiocircuit.dk/downloads/adcom/Adcom-GFA7000-pwr-sch.pdf,,schematic,pdf,200,58454062,9e514a915cc6a03d46cdfa5769023e8a285f8f1a980feb268dfab713dda75a4f,2026-09-22,,,,,,,,,
https://audiocircuit.dk/downloads/adcom/Adcom-GFA7400-pwr-sm.pdf,,schematic,pdf,200,33134,1c9467830da1368b541bbac9e77f6d0384b1a071c914868e7440849145a0dceb,2026-09-22,,,,,,,,,
https://audiocircuit.dk/downloads/adcom/Adcom-GFA7500-pwr-sm.pdf,,schematic,pdf,200,222593,cba500b100d4feb178feccd3182290355488abd11b3661e1aa972f4aec21ec55,2026-09-22,,,,,,,,,
https://audiocircuit.dk/downloads/adcom/Adcom-GFA7605-pwr-sm.pdf,,schematic,pdf,200,74835,f69a11f21b6d78e10a7989f3c3d1c3bf67b2a6c4e7de310c9f224bbd424aea37,2026-09-22,,,,,,,,,
https://audiocircuit.dk/downloads/adcom/Adcom-GFA7807-pwr-pl.pdf,,schematic,pdf,200,311680,97062c9d5737460b116f02d89a8d0350b28173d8902561106b9b72a3bafbd319,2026-09-22,,,,,,,,,
https://audiocircuit.dk/downloads/adcom/Adcom-GFP1A-pre-sm.pdf,,schematic,pdf,200,7367534,87b7793e84b88fccfb0763bc38d12227857a64dacd2769467302984b66775cb7,2026-09-22,,,,,,,,,
https://audiocircuit.dk/downloads/adcom/Adcom-GFP555-pre-sm.pdf,,schematic,pdf,200,581717,de5109ef15892a29bd82f9f6adf01c749f9f5c3b94c9c34c5a71178c351c9ae2,2026-09-22,,,,,,,,,
https://audiocircuit.dk/downloads/adcom/Adcom-GFP555ll-pre-sm.pdf,,schematic,pdf,200,933801,dea2bd668a5a55eaa5163b08bdf18beb84c1afc50d93913d28c87c39b9426239,2026-09-22,,,,,,,,,
https://audiocircuit.dk/downloads/adcom/Adcom-GFP565-pre-sch.pdf,,schematic,pdf,200,224853,512ef1e5f083e0c22e57d095160baeb003f5993d6e56ecaf4422531a2baedfeb,2026-09-22,,,,,,,,,
https://audiocircuit.dk/downloads/adcom/Adcom-GFP565-pre-sm.pdf,,schematic,pdf,200,622019,49a63b7f2871cc88c5dbefc41dc7105db5133cf63cb439f296ef3ea93e3e5398,2026-09-22,,,,,,,,,
https://audiocircuit.dk/downloads/adcom/Adcom-GFP710-pre-sm.pdf,,schematic,pdf,200,41762,cb07301d08dabfc0b706bf60a567f5fb7bf9a190c4c457db355b701e077343a9,2026-09-22,,,,,,,,,
https://audiocircuit.dk/downloads/adcom/Adcom-GFP750-pre-sm.pdf,,schematic,pdf,200,367488,e1a3495f648d8a0151b7a63d78261f12d4807b3b6e4e7b67f8342b983566b175,2026-09-22,,,,,,,,,
https://audiocircuit.dk/downloads/adcom/Adcom-GFT1-tun-sm.pdf,,schematic,pdf,200,189585,eac09fe2892160cc8eff9f2537c68e110dd3929406386e797394b3818d45462b,2026-09-22,,,,,,,,,
https://audiocircuit.dk/downloads/adcom/Adcom-GFT1A-tun-sm.pdf,,schematic,pdf,200,339191,ff54c3b4d203d79eff4b447cf41bf92e09f7a49ecdaabcf14911fead4cf77bf8,2026-09-22,,,,,,,,,
https://audiocircuit.dk/downloads/adcom/Adcom-GFT2-tun-sm.pdf,,schematic,pdf,200,328358,e131a3784ea58e683e6b8355d80e747338634bbe78cb5ca4f9a1a1ebf0691c3f,2026-09-22,,,,,,,,,
https://audiocircuit.dk/downloads/adcom/Adcom-GTP350-pre-sm.pdf,,schematic,pdf,200,1146343,18856f593bc0d4352e3c89dc67c5b259d6264cdb8c49bc9fd928447250941bbb,2026-09-22,,,,,,,,,
https://audiocircuit.dk/downloads/adcom/Adcom-GTP400-pre-sm.pdf,,schematic,pdf,200,644269,17c4f3d26ec704e9a108e8c8f72d18604a7443b34decea3496540c5b74513874,2026-09-22,,,,,,,,,
https://audiocircuit.dk/downloads/adcom/Adcom-GTP450-pre-sm.pdf,,schematic,pdf,200,786656,b0458b03b4f25f8f2d62cafe3da563d625965dfafc27391c6418a3ea19a67fe5,2026-09-22,,,,,,,,,
https://audiocircuit.dk/downloads/adcom/Adcom-GTP500-pre-sch.pdf,,schematic,pdf,200,529992,98cd82f425e7b0da6476cf29e95a61ec68becbfb537e9aef7e7c03a30aacc048,2026-09-22,,,,,,,,,
https://audiocircuit.dk/downloads/adcom/Adcom-GTP500-pre-sm.pdf,,schematic,pdf,200,645310,f83ea94f90f2a3ff9724a1a1c1a897730e9f5eeb221eef917d047aa7b1c360dc,2026-09-22,,,,,,,,,
https://audiocircuit.dk/downloads/adcom/Adcom-GTP500ll-pre-adj.pdf,,schematic,pdf,200,64053,d2dc4b7dc06cf16095a14aac7395b6a405cfb23bec662c3b5fc3166f96030531,2026-09-22,,,,,,,,,
https://audiocircuit.dk/downloads/adcom/Adcom-GTP500ll-pre-sm.pdf,,schematic,pdf,200,1406307,a9307997fcd161ef8ac091849b0bae054afbdba6c5835f1bd142e9ca0c2bd468,2026-09-22,,,,,,,,,
https://audiocircuit.dk/downloads/adcom/Adcom-GTP502-pre-sm.pdf,,schematic,pdf,200,4404848,8931e91906b96c0e83e4958a51004d79611b8aa8af5aaa1d8cde8afa1d979ccb,2026-09-22,,,,,,,,,
https://audiocircuit.dk/downloads/adcom/Adcom-GTP506-pre-sm.pdf,,schematic,pdf,200,5341578,7e8a1bea04a6c09d188ef980027aa4d4b4b6f44513811e2a6026bea69d7f5249,2026-09-22,,,,,,,,,
https://audiocircuit.dk/downloads/adcom/Adcom-GTP550-pre-sch.pdf,,schematic,pdf,200,344070,0f630235e55fc512c1ed36801be5c50a03d7da122150ff7a0e9062630196a214,2026-09-22,,,,,,,,,
https://audiocircuit.dk/downloads/adcom/Adcom-GTP550-pre-sm.pdf,,schematic,pdf,200,5733833,290d6b5f399eab855ee4cc2ab267f3b2ade3d47391d6e7f016c497dad65fe2ec,2026-09-22,,,,,,,,,
https://audiocircuit.dk/downloads/adcom/Adcom-GTP600-pre-sch.pdf,,schematic,pdf,200,4791896,1ea1036a243fc609dc807f6bba0a43aeb712c4f86f2d28084f0490c37a270d69,2026-09-22,,,,,,,,,
https://audiocircuit.dk/downloads/adcom/Adcom-GTP740-pre-sm.pdf,,schematic,pdf,200,3651762,954ee64dc7b678af9e6f3918ddab2cba01312751c06935615aed4806cad84231,2026-09-22,,,,,,,,,
https://audiocircuit.dk/downloads/adcom/Adcom-GTP830-pre-sch.pdf,,schematic,pdf,200,1490846,f908aba0bd0da9f256e848eb8b0335afbedf767b191d9e900e192da5294580dc,2026-09-22,,,,,,,,,
https://audiocircuit.dk/downloads/adcom/Adcom-GTP830-pre-sm.pdf,,schematic,pdf,200,3747863,151cd5777669f7e4a4d9dc3b81d5f2cff309ba9f493f4a19694afa33c4fed880,2026-09-22,,,,,,,,,
https://audiocircuit.dk/downloads/admiral/Admiral-10A1-rec-sch.pdf,,schematic,pdf,200,556711,7af0f34694eb80d3e2b8e49d61d139e14ff411d41839b6b50e09084d395e34c8,2026-09-22,,,,,,,,,
https://audiocircuit.dk/downloads/admiral/Admiral-10J1-rec-sch.pdf,,schematic,pdf,200,1877617,e5d44ebaa7b9ac18613287b3eb842097c48dbdbdd374a256f1e7919e3e4a5b34,2026-09-22,,,,,,,,,
https://audiocircuit.dk/downloads/admiral/Admiral-4A1B-rec-sch.pdf,,schematic,pdf,200,235666,3a1c62987b265f8cffe3cb073f6fa66c3f5eada20d619a539ff77b18932df21b,2026-09-22,,,,,,,,,
https://audiocircuit.dk/downloads/admiral/Admiral-4D1x-rec-sch.pdf,,schematic,pdf,200,227149,27093f269653f1864c043a9a30d786a1db012af78475e6d9408cb23b8af13670,2026-09-22,,,,,,,,,
https://audiocircuit.dk/downloads/admiral/Admiral-4P2-rec-sch.pdf,,schematic,pdf,200,46207,52c7a7c9dbb663d756360ed0c5c1ae490e6af73b44b2c27dd2b84a4617ffce73,2026-09-22,,,,,,,,,
https://audiocircuit.dk/downloads/admiral/Admiral-4R1x-rec-sch.pdf,,schematic,pdf,200,71580,f085d3a5a778053481b3cdc27d945e8adfb7cc96ca91ffbd94296f88c098587d,2026-09-22,,,,,,,,,
https://audiocircuit.dk/downloads/admiral/Admiral-4R1x-rec-sm.pdf,,schematic,pdf,200,466745,978afcca2de0ef189efc39cdcdb126d9d9c0d29ae87632062685b930ec9585e9,2026-09-22,,,,,,,,,
https://audiocircuit.dk/downloads/admiral/Admiral-4T1x-rec-sm.pdf,,schematic,pdf,200,501387,e566866ced88088fceb1415116855cadad4529f5fdaa284c557545804b2fb136,2026-09-22,,,,,,,,,
https://audiocircuit.dk/downloads/admiral/Admiral-4V1x-rec-sm.pdf,,schematic,pdf,200,358662,a7d72b098640972396d20e4f64f6dbc957eda0b3b5d34201dda87553410d1bc4,2026-09-22,,,,,,,,,
https://audiocircuit.dk/downloads/admiral/Admiral-4W1x-rec-sm.pdf,,schematic,pdf,200,501387,cf53f95a196d987224e0c38354bf7de214df7b70045fac20af41268bce653bff,2026-09-22,,,,,,,,,
https://audiocircuit.dk/downloads/admiral/Admiral-4X1x-rec-sm.pdf,,schematic,pdf,200,418245,25a786bbe375d716454621909ba5c4affdc18b8bdd6d2a3d1d9239c80e1a4f3f,2026-09-22,,,,,,,,,
https://audiocircuit.dk/downloads/admiral/Admiral-4Y1x-rec-sm.pdf,,schematic,pdf,200,213406,6a4e79e4d30e1bd812ed1df87fd1a4336d2ddc52197176c68213076d7ffcad38,2026-09-22,,,,,,,,,
https://audiocircuit.dk/downloads/admiral/Admiral-5A1-rec-sch.pdf,,schematic,pdf,200,150732,7b8fefc16161d1ab7264fd3ade6752d31ae56371744e10c929df3566b3fc8851,2026-09-22,,,,,,,,,
https://audiocircuit.dk/downloads/admiral/Admiral-5A2x-rec-sm.pdf,,schematic,pdf,200,107193,39995ce51d1864c460243ef6321985cc89befbcd5dd83d52c6a69ce753d6ab0d,2026-09-22,,,,,,,,,
https://audiocircuit.dk/downloads/admiral/Admiral-5A3x-rec-sm.pdf,,schematic,pdf,200,234661,953664331ac009c6d20be891010edbdffe9d5a4d6014917a9b7f153094861c92,2026-09-22,,,,,,,,,
https://audiocircuit.dk/downloads/admiral/Admiral-5A7-rec-sch.pdf,,schematic,pdf,200,1060643,3865190571abb0ab7892ea57bd44d50957670b135fcf84eaa56884b9c825ee20,2026-09-22,,,,,,,,,
https://audiocircuit.dk/downloads/admiral/Admiral-5B1-rec-sm.pdf,,schematic,pdf,200,185459,1f0d0fe8bfe4091b307a6a156a960a50665b56b4cf05519be611f9ab19e3d634,2026-09-22,,,,,,,,,
https://audiocircuit.dk/downloads/admiral/Admiral-5B1A-rec-sch.pdf,,schematic,pdf,200,65423,e3b646f9b3c076b5947fca1ba1a849edfc95424c06947c1fe39349f5940ce9ac,2026-09-22,,,,,,,,,
https://audiocircuit.dk/downloads/admiral/Admiral-5D3x-rec-sch.pdf,,schematic,pdf,200,324959,1f4f5d6a10ed3d955017b568bde02e950b5af603c371703b76271b930b861502,2026-09-22,,,,,,,,,
https://audiocircuit.dk/downloads/admiral/Admiral-5D7-rec-sch.pdf,,schematic,pdf,200,1310077,c7efa06115bd5aac3b195320923593f2a08c178c23030a011fad736a9b4b5833,2026-09-22,,,,,,,,,
https://audiocircuit.dk/downloads/admiral/Admiral-5E2x-rec-sm.pdf,,schematic,pdf,200,233319,88522c291ad55b98ae6e9cb379a9fa908738df5eb00bce0ad25a3be782d859d9,2026-09-22,,,,,,,,,
https://audiocircuit.dk/downloads/admiral/Admiral-5E3x-rec-sm.pdf,,schematic,pdf,200,227220,380e0a8545b1d21fe1249e9049a3b8c679647417a93a82612897f27a716b3a0e,2026-09-22,,,,,,,,,
https://audiocircuit.dk/downloads/admiral/Admiral-5F-rec-sm.pdf,,schematic,pdf,200,142032,bedb9ddfc081299dc3c6d12009beace34b597a09438158e9841e2a348caec591,2026-09-22,,,,,,,,,
https://audiocircuit.dk/downloads/admiral/Admiral-5F1x-rec-sm.pdf,,schematic,pdf,200,243508,05887fc3733ca7dfbbce77a53f88f10ce9faa30de9ac473342df6244b428928b,2026-09-22,,,,,,,,,
https://audiocircuit.dk/downloads/admiral/Admiral-5G2x-rec-sm.pdf,,schematic,pdf,200,273224,372b1f97b9e3f47a5aa0c57cc677efcb673b692994de0b07ff5318741f97d7f7,2026-09-22,,,,,,,,,
https://audiocircuit.dk/downloads/admiral/Admiral-5J1x-rec-sm.pdf,,schematic,pdf,200,224869,1b0c229b42d56a10b4b288fa596149487e0ed17b2c88c0d701872136a59a7b6d,2026-09-22,,,,,,,,,
https://audiocircuit.dk/downloads/admiral/Admiral-5J2x-rec-sm.pdf,,schematic,pdf,200,225782,4ba9672b794959e996d70342733af1e768e7cd5387edebd8c27aa2452fd957a3,2026-09-22,,,,,,,,,
https://audiocircuit.dk/downloads/admiral/Admiral-5K1x-rec-sm.pdf,,schematic,pdf,200,228309,6e68a9d486af9990e2ab64e8c6e576126ddda226b3393562ea1d59de4064d9eb,2026-09-22,,,,,,,,,
https://audiocircuit.dk/downloads/admiral/Admiral-5L2x-rec-sm.pdf,,schematic,pdf,200,128349,0248d22da2189ecfa7fcea7b45bfc7bf7cb415e2b6e66216be0a7e3bc531fe03,2026-09-22,,,,,,,,,
https://audiocircuit.dk/downloads/admiral/Admiral-5M2x-rec-sm.pdf,,schematic,pdf,200,148048,55ab334a7aa8b9c81ddacbdf15acfc6b6e775e9d1ca1570300e7fcb3e73192c7,2026-09-22,,,,,,,,,
https://audiocircuit.dk/downloads/admiral/Admiral-5R1x-rec-sm.pdf,,schematic,pdf,200,203058,005b5ee68d9e705a4e63a58e235f758691a726b0d2c640915de857e5c5147c19,2026-09-22,,,,,,,,,
https://audiocircuit.dk/downloads/admiral/Admiral-5S2x-rec-sm.pdf,,schematic,pdf,200,298939,d353b0c3cf2411771b73b21a6a8c7745226223eda53cdb4670f8a5f4dd9953d7,2026-09-22,,,,,,,,,
https://audiocircuit.dk/downloads/admiral/Admiral-5T12-rec-sm.pdf,,schematic,pdf,200,237764,77289aabc7189f85400a54171ff1c2f914ecbac22a5fea24d5b8d8721c776e58,2026-09-22,,,,,,,,,
https://audiocircuit.dk/downloads/admiral/Admiral-5W1x-rec-sm.pdf,,schematic,pdf,200,262435,6148d52539d12812ec1d2211fa7d76913208b55d9f5979955d4524f2feb2ef15,2026-09-22,,,,,,,,,
https://audiocircuit.dk/downloads/admiral/Admiral-5X1x-rec-sm.pdf,,schematic,pdf,200,221462,19b558241ec6e518ceae6e939fbd4ef39a8ccebae40697c66b65379a165b59b9,2026-09-22,,,,,,,,,
https://audiocircuit.dk/downloads/admiral/Admiral-5X2x-rec-sm.pdf,,schematic,pdf,200,121330,4f3d2e5e03f05f0fa3e3331d5ba7d3e2c078da1a9fc8681c575a8a6c3bea6b2d,2026-09-22,,,,,,,,,
https://audiocircuit.dk/downloads/admiral/Admiral-5Y22-rec-sm.pdf,,schematic,pdf,200,267344,602829985febd62e87f7a3dea44671717e124ae545ab1f756685fa05ec4ba7b1,2026-09-22,,,,,,,,,
https://audiocircuit.dk/downloads/admiral/Admiral-5Z2x-rec-sm.pdf,,schematic,pdf,200,205274,a355cfbe558dc25814a3af6726839efccd508b2d66fc35249077f28692a2516f,2026-09-22,,,,,,,,,
https://audiocircuit.dk/downloads/admiral/Admiral-61-rec-sm.pdf,,schematic,pdf,200,89725,4e484f853f33e3595914951c8ff1e81006222bedc8ad873f63bf504761041878,2026-09-22,,,,,,,,,
https://audiocircuit.dk/downloads/admiral/Admiral-6A1B-rec-sm.pdf,,schematic,pdf,200,314188,4b91142edd6be464be269548a04b7e897e4d58ee77cf9ac12f48baff57eb4e59,2026-09-22,,,,,,,,,
https://audiocircuit.dk/downloads/admiral/Admiral-6A2x-rec-sm.pdf,,schematic,pdf,200,207129,59805d23958f039348c03eeb65c5b564d2dc7807d4f17773403097207c397dc0,2026-09-22,,,,,,,,,
https://audiocircuit.dk/downloads/admiral/Admiral-6C11-rec-sm.pdf,,schematic,pdf,200,245340,abe3a2a2351991a7d057ddfabfe69a5764456ebe4724f89e0aecbf0338908513,2026-09-22,,,,,,,,,
https://audiocircuit.dk/downloads/admiral/Admiral-6C2x-rec-sm.pdf,,schematic,pdf,200,234207,1e77b759220a6810e2824bc35bc7788b5f62960024e24459e85ca223e80b7001,2026-09-22,,,,,,,,,
https://audiocircuit.dk/downloads/admiral/Admiral-6D3-pwr-sch.pdf,,schematic,pdf,200,596271,ef00f59eb9b44ae4aefadce007fa9e0f6ace58205007f89a0bd5b4b13654fe67,2026-09-22,,,,,,,,,
https://audiocircuit.dk/downloads/admiral/Admiral-6E1-rec-sm.pdf,,schematic,pdf,200,265544,2d80ef33a226b14fab244cba5a387fc2ec4e8498d57da4ec93cc24f15af75c88,2026-09-22,,,,,,,,,
https://audiocircuit.dk/downloads/admiral/Admiral-6F1x-rec-sm.pdf,,schematic,pdf,200,238339,111a63ecf8d6b3eac8b96f76e656c0fce5b608f619e212e6f668460fad5ffbf2,2026-09-22,,,,,,,,,
https://audiocircuit.dk/downloads/admiral/Admiral-6J2x-rec-sm.pdf,,schematic,pdf,200,342274,21175368c4cd911826a3bea8c270c7bc409f483041c6b130f0f8b7e41ef2d1cf,2026-09-22,,,,,,,,,
https://audiocircuit.dk/downloads/admiral/Admiral-6M22-rec-sm.pdf,,schematic,pdf,200,275230,bec3a82c0606510337afabbc8924fe1ba0f267d0b7e2ada7d2f4d1ee24086c08,2026-09-22,,,,,,,,,
https://audiocircuit.dk/downloads/admiral/Admiral-6N1x-rec-sm.pdf,,schematic,pdf,200,329745,9b9e95d3bf6931a668851d9c8a18b4db0bcbf61a6598ba3911c59dab88a0863c,2026-09-22,,,,,,,,,
https://audiocircuit.dk/downloads/admiral/Admiral-6N2x-rec-sm.pdf,,schematic,pdf,200,187610,534f18528a4a1ec4a602eb81248b200ff4d1e39330d3c486288ceb7b7795ee61,2026-09-22,,,,,,,,,
https://audiocircuit.dk/downloads/admiral/Admiral-6Q1x-rec-sm.pdf,,schematic,pdf,200,562560,ebbbf24783159365900afdf0d5730f8ac77502077383d48c8b9d860200e48e83,2026-09-22,,,,,,,,,
https://audiocircuit.dk/downloads/admiral/Admiral-6RT44-rec-sch.pdf,,schematic,pdf,200,625565,7c231308bbc9d62f934e20e58cf646ff07316df77f9ff8ee00c1341546281671,2026-09-22,,,,,,,,,
https://audiocircuit.dk/downloads/admiral/Admiral-6S1x-rec-sch.pdf,,schematic,pdf,200,157793,10cd32ff2c1e57d62551f55ce7d1361e1fbd7ff84d19acd9f946c51a1c2fa9ad,2026-09-22,,,,,,,,,
https://audiocircuit.dk/downloads/admiral/Admiral-6T0x-rec-sch.pdf,,schematic,pdf,200,200504,b976244fb466889f9ab767393ea87b57ca2b228bdac68823666f21cfe1266557,2026-09-22,,,,,,,,,
https://audiocircuit.dk/downloads/admiral/Admiral-6V1x-rec-sm.pdf,,schematic,pdf,200,230182,08e7158e765d8c6df009248e24dd2fdd4789a0fa214ce1d383c7d54d33614f7c,2026-09-22,,,,,,,,,
https://audiocircuit.dk/downloads/admiral/Admiral-6W1x-rec-sm.pdf,,schematic,pdf,200,533680,c462d755a5ab67522038018acd504cea5c76cbad5539b6fba5b7da8974d37ef0,2026-09-22,,,,,,,,,
https://audiocircuit.dk/downloads/admiral/Admiral-6Y1x-rec-sm.pdf,,schematic,pdf,200,237696,22b5d9c6985350b87aef2c02f260200d4dc590bc79311ce6dd256b34672850f9,2026-09-22,,,,,,,,,
https://audiocircuit.dk/downloads/admiral/Admiral-7B1-rec-sch.pdf,,schematic,pdf,200,248026,e3fed377fa5cbda2eeafa3fa6d6baa32236c127f2ca689ba94abafa67f69f5b8,2026-09-22,,,,,,,,,
https://audiocircuit.dk/downloads/admiral/Admiral-7C60-rec-sm.pdf,,schematic,pdf,200,229383,eba8e44516799c59441fab2129bf7dbd8397e22b7d757141e1a9327317d8a7d3,2026-09-22,,,,,,,,,
https://audiocircuit.dk/downloads/admiral/Admiral-7C62-rec-sm.pdf,,schematic,pdf,200,172774,d275a1a3fbdd91902d3aed314023baa8d9d03d7403324c6e22f82860483a4479,2026-09-22,,,,,,,,,
https://audiocircuit.dk/downloads/admiral/Admiral-7C63-rec-sm.pdf,,schematic,pdf,200,466873,7894106820503842b7a176ef998578f016c88eee5c36512b0761216758d07307,2026-09-22,,,,,,,,,
https://audiocircuit.dk/downloads/admiral/Admiral-7C64-rec-sm.pdf,,schematic,pdf,200,784993,a1f383ff5d310ffb08325ac1a065a049de9e42db0b0185c19d8f4fdde9b928fa,2026-09-22,,,,,,,,,
https://audiocircuit.dk/downloads/admiral/Admiral-7C65-rec-sm.pdf,,schematic,pdf,200,277617,8a9beaf35bed69b35a8d64f3d7b9100e22d2dcf58a37c422738db3abe8523f4a,2026-09-22,,,,,,,,,
https://audiocircuit.dk/downloads/admiral/Admiral-7C73-rec-sm.pdf,,schematic,pdf,200,1068742,9c9428902335ebc140092542fa7cf3e58493e3fe842e7449af6eca6f163ba375,2026-09-22,,,,,,,,,
https://audiocircuit.dk/downloads/admiral/Admiral-7C74-rec-sm.pdf,,schematic,pdf,200,532018,839e738f4951c1db3c80100d2a54a599fc2b18a9bf09db658a9b859b8cf76dc7,2026-09-22,,,,,,,,,
https://audiocircuit.dk/downloads/admiral/Admiral-7G1x-rec-sm.pdf,,schematic,pdf,200,329927,ec4338cb96e95ae9b6f2fb51fd000621723a1aee9355c74193b27ca6cf040b82,2026-09-22,,,,,,,,,
https://audiocircuit.dk/downloads/admiral/Admiral-7K-rec-sm.pdf,,schematic,pdf,200,226171,752d7b55f501c15aeab99f535cb27db529ef78ad46abd5fe8c5090234386287c,2026-09-22,,,,,,,,,
https://audiocircuit.dk/downloads/admiral/Admiral-7KS-rec-sm.pdf,,schematic,pdf,200,363340,c85d9d24d28656a9962451ddc0c311855f065220d144227d6f94e9508c0dea86,2026-09-22,,,,,,,,,
https://audiocircuit.dk/downloads/admiral/Admiral-7M1-rec-sm.pdf,,schematic,pdf,200,100112,412de9e03ea70e30c9e3871fec1d58e31b36aec401f1b32f447d65c66159958c,2026-09-22,,,,,,,,,
https://audiocircuit.dk/downloads/admiral/Admiral-7P3x-rec-sm.pdf,,schematic,pdf,200,281624,e35e5a2a096cdf24ee91d50392e6ec5c20b2305115f94edb2c01927c3d474f6c,2026-09-22,,,,,,,,,
https://audiocircuit.dk/downloads/admiral/Admiral-7RT4x-rec-sm.pdf,,schematic,pdf,200,172774,1f8289287379bb496cf78dc58e3ec4b68d21144ef91821c271a09128a6482dfe,2026-09-22,,,,,,,,,
https://audiocircuit.dk/downloads/admiral/Admiral-7T03-rec-sm.pdf,,schematic,pdf,200,125653,879fb24522f6797e0e27c0c5327e222d432838b469f07bd0a2c42019f3499a27,2026-09-22,,,,,,,,,
https://audiocircuit.dk/downloads/admiral/Admiral-7T04-rec-sm.pdf,,schematic,pdf,200,207889,99814db3c2a3ea57e81ec700f5cd9d0b152a017ee5c4c4aa96e5e275f8f69146,2026-09-22,,,,,,,,,
https://audiocircuit.dk/downloads/admiral/Admiral-7T06-rec-sm.pdf,,schematic,pdf,200,276894,058cc313d756fda98cb504d3e7e8cbd32dbfd5294d301fcc5a76721f76761355,2026-09-22,,,,,,,,,
https://audiocircuit.dk/downloads/admiral/Admiral-7T09-rec-sm.pdf,,schematic,pdf,200,532020,c49426ce0f00b4253ec3484267b291a5a8561f5b67d4c56c3302bce226cd78dc,2026-09-22,,,,,,,,,
https://audiocircuit.dk/downloads/admiral/Admiral-7T12-rec-sm.pdf,,schematic,pdf,200,276894,fc2851d8f5523af010d30abc42a6a8d356faf677fdd79d661f33a83cda6d4871,2026-09-22,,,,,,,,,
https://audiocircuit.dk/downloads/admiral/Admiral-7T1x-rec-sm.pdf,,schematic,pdf,200,442406,ea127547d3c13c974e352932f1dc4b3e05dc799a2791143076d1ec63740caf8d,2026-09-22,,,,,,,,,
https://audiocircuit.dk/downloads/admiral/Admiral-7V1-rec-sch.pdf,,schematic,pdf,200,910878,f7303447faac1cd62e3c69df79bd461ef525afaa28b5b166b932c4d3c82e1d06,2026-09-22,,,,,,,,,
https://audiocircuit.dk/downloads/admiral/Admiral-7V1x-rec-sm.pdf,,schematic,pdf,200,904605,29bf8bdfddeb4b8045c016fdd36de76028ba1feb762593ba84548e177350e3bc,2026-09-22,,,,,,,,,
https://audiocircuit.dk/downloads/admiral/Admiral-7V2-rec-sch.pdf,,schematic,pdf,200,1133739,7860625763f57ba3489ff9993d815c359e3607d6ff8651847cdf72043c75522e,2026-09-22,,,,,,,,,
https://audiocircuit.dk/downloads/admiral/Admiral-8C1x-rec-sm-2.pdf,,schematic,pdf,200,781052,a7d28090f0cbe50b45ae93079b4a178eb54ddfcc2a58570e0a6828157327de89,2026-09-22,,,,,,,,,
https://audiocircuit.dk/downloads/admiral/Admiral-8C1x-rec-sm.pdf,,schematic,pdf,200,324581,c3651d345852ac2cec7f13a173b05f24ef3d9689c7e5758deb39b43c9e96e17e,2026-09-22,,,,,,,,,
https://audiocircuit.dk/downloads/admiral/Admiral-8C1x-rec-sm1.pdf,,schematic,pdf,200,324581,c3651d345852ac2cec7f13a173b05f24ef3d9689c7e5758deb39b43c9e96e17e,2026-09-22,,,,,,,,,
https://audiocircuit.dk/downloads/admiral/Admiral-8C1x-rec-sm2.pdf,,schematic,pdf,200,781052,a7d28090f0cbe50b45ae93079b4a178eb54ddfcc2a58570e0a6828157327de89,2026-09-22,,,,,,,,,
https://audiocircuit.dk/downloads/admiral/Admiral-8D1x-rec-sch.pdf,,schematic,pdf,200,420247,4e06ac67577ac38397c5406e785f7d1de2a96280c7bd981787b62b077f7e7ef4,2026-09-22,,,,,,,,,
https://audiocircuit.dk/downloads/admiral/Admiral-8D1x-rec-sm.pdf,,schematic,pdf,200,422213,4be629aa0b26fafe527473a536fb10535c620072015e6a85d6de67ad27facbcb,2026-09-22,,,,,,,,,
https://audiocircuit.dk/downloads/admiral/Admiral-8F3-rec-sch.pdf,,schematic,pdf,200,1892458,de97a2a8b3ef39b554083bb67766752fde1af56bf71eae07337381534186fd41,2026-09-22,,,,,,,,,
https://audiocircuit.dk/downloads/admiral/Admiral-8K2-rec-sch.pdf,,schematic,pdf,200,938792,9854997c880eed5538c7959d3d15ea6095533f00eecddc79afb86f5853d28560,2026-09-22,,,,,,,,,
https://audiocircuit.dk/downloads/admiral/Admiral-9B1x-rec-sm.pdf,,schematic,pdf,200,1254293,62994d8b45a84ca361bded5b092e6306d874d312a7edb26fddc3ef48b7dbe73f,2026-09-22,,,,,,,,,
https://audiocircuit.dk/downloads/admiral/Admiral-9E1x-rec-sch.pdf,,schematic,pdf,200,405717,c1d2f1d5861a75c89bb0cdff0be1367e52c3cfacbf2bdc1f0d9db84b931fcfba,2026-09-22,,,,,,,,,
https://audiocircuit.dk/downloads/admiral/Admiral-9E1x-rec-sm.pdf,,schematic,pdf,200,405716,ba388b227b2d9d342b16ccf446bbe03dbf17c94ab3e981212f1cb473f419a6a2,2026-09-22,,,,,,,,,
https://audiocircuit.dk/downloads/admiral/Admiral-A77-rec-sm.pdf,,schematic,pdf,200,348899,b1fe4c432d75d0ba617752198ed134f14d52a52850568a87799fff245f22ba05,2026-09-22,,,,,,,,,
https://audiocircuit.dk/downloads/admiral/Admiral-AMX102-mpx-sch.pdf,,schematic,pdf,200,391331,87860a32c4433e01709a9556a898b4b90ea36446d3f939b4ebd00e256723d7f6,2026-09-22,,,,,,,,,
https://audiocircuit.dk/downloads/admiral/Admiral-C55_07-rec-sch.pdf,,schematic,pdf,200,263487,ee86d4fc3d9b157905eba80b70f57cfb837eced4032ae44e782d626354ad90a7,2026-09-22,,,,,,,,,
https://audiocircuit.dk/downloads/admiral/Admiral-RC170-tt-sm.pdf,,schematic,pdf,200,1068359,3e1b7ea3472a18a246ea88e57ab2794cb01e041e196869abd7231e270209c9ee,2026-09-22,,,,,,,,,
https://audiocircuit.dk/downloads/admiral/Admiral-RC182-tt-sm.pdf,,schematic,pdf,200,378829,43a23907242463f8e2d200b3691230300e812ee363f8c860b81fc90c299c4526,2026-09-22,,,,,,,,,
https://audiocircuit.dk/downloads/admiral/Admiral-RC18x-tt-sm.pdf,,schematic,pdf,200,1217593,6090f33318aa11a0a91c07185fef7876975ff57698211b931dc8ecbd5e58aad1,2026-09-22,,,,,,,,,
https://audiocircuit.dk/downloads/admiral/Admiral-RC19x-tt-sm.pdf,,schematic,pdf,200,1193203,0130d341301d3dc55a5886094e57e94b112efd542270922bb9ce30ca72e2148d,2026-09-22,,,,,,,,,
https://audiocircuit.dk/downloads/admiral/Admiral-RC19x-tt-sm2.pdf,,schematic,pdf,200,1193207,77d48eba5047fe8f2acd1b90f2802e390715a99b9753aff945e69df15d7623e8,2026-09-22,,,,,,,,,
https://audiocircuit.dk/downloads/admiral/Admiral-RC21x-tt-sm.pdf,,schematic,pdf,200,1193203,0950f5f52ff9bd81f3439645faf18558fe9d56ae2d5ffcb0d84797c826723e7e,2026-09-22,,,,,,,,,
https://audiocircuit.dk/downloads/advent/Advent-100-nru-sm.pdf,,schematic,pdf,200,5161428,1e9f4d26f0f29b81057d476231fada8f5c8389f23dfcdfc5c57119952bce12bf,2026-09-22,,,,,,,,,
https://audiocircuit.dk/downloads/advent/Advent-100A-nru-sch.pdf,,schematic,pdf,200,2070042,02720cbfbdbb3086ffe3e208078999207a19ada51fcd7ac73dfb7de4b025e2d7,2026-09-22,,,,,,,,,
https://audiocircuit.dk/downloads/advent/Advent-201-tape-sm.pdf,,schematic,pdf,200,4222705,2be50570dc77139b354b0245338f81f1d98be6b622ac3be7a794e99fbbcf7dd6,2026-09-22,,,,,,,,,
https://audiocircuit.dk/downloads/advent/Advent-300-int-sm.pdf,,schematic,pdf,200,5755079,a658bf23a1bbf1a490e9f1bcb24b63d9279364143c5f2d7c63a365953214cdd8,2026-09-22,,,,,,,,,
https://audiocircuit.dk/downloads/advent/Advent-300-rec-sch1.pdf,,schematic,pdf,200,71922,7cf987bcf063097e48de94d3d3f441a477a12501c896da1b263950a8d849e044,2026-09-22,,,,,,,,,
https://audiocircuit.dk/downloads/advent/Advent-300-rec-sch2.pdf,,schematic,pdf,200,92687,cf17df7cf22f80d759d54d3fab69906c63b731dcbb0ab1ba9edf9afa253d88ab,2026-09-22,,,,,,,,,
https://audiocircuit.dk/downloads/advent/Advent-300-rec-sm.pdf,,schematic,pdf,200,5575966,6e2f97c6c4a00d9dfe8b2f191bbf8d9ac8924970dc22b08bb84bc52ffab7291f,2026-09-22,,,,,,,,,
https://audiocircuit.dk/downloads/advent/Advent-350-rec-sch.pdf,,schematic,pdf,200,3751908,c3270e17bac48e0431f33ffe7fbc741e6c67ea2e908712ccf35ad07bdba64f00,2026-09-22,,,,,,,,,
https://audiocircuit.dk/downloads/advent/Advent-350-rec-sm.pdf,,schematic,pdf,200,3810239,f847deead755056c3e3e75e682f73f50e3cc5c713096f85b3ee8294fe3600ff2,2026-09-22,,,,,,,,,
https://audiocircuit.dk/downloads/advent/Advent-400-rec-sch.pdf,,schematic,pdf,200,43151,a1d34605a2179ecc914ebe5dcf54d406b3068b672735323cdeda5d21c9c92f22,2026-09-22,,,,,,,,,
https://audiocircuit.dk/downloads/advent/Advent-M201A-rec-sch.pdf,,schematic,pdf,200,161415,1283542169aca8c6d5405a47c84f650b065498ed93be522a32013a1041aaf75b,2026-09-22,,,,,,,,,
https://audiocircuit.dk/downloads/advent/Advent-Powered_Loudspeaker-spk-sm.pdf,,schematic,pdf,200,5014100,7f295036995dddbed84d5523167b08d9d9bd27ec05b3e081cf8237f48b6a6f9f,2026-09-22,,,,,,,,,
https://audiocircuit.dk/downloads/aeg/AEG-1042WU-rec-sch.pdf,,schematic,pdf,200,88873,ba6247c8c2b83e591388fa44324d52636e9d96199da1408bd3ee0a3e8f349b42,2026-09-22,,,,,,,,,
https://audiocircuit.dk/downloads/aeg/AEG-1042WU_1952-rec-sch.pdf,,schematic,pdf,200,385049,d0bb99b9b0f7f5464e5c76d1d63a68d62beb8165d733c3e77b65ab9f1ba581a5,2026-09-22,,,,,,,,,
https://audiocircuit.dk/downloads/aeg/AEG-1052WU-rec-sch.pdf,,schematic,pdf,200,101226,febcb650bdb5934fad9133547044c8332eb53bbb2bd04c2f5a22f41555b4fadb,2026-09-22,,,,,,,,,
https://audiocircuit.dk/downloads/aeg/AEG-1052WU_1952-rec-sch.pdf,,schematic,pdf,200,389066,c55910df8917f0da4679b94931ca71b3a37a10c54a7ed27fe14be214fa408f9d,2026-09-22,,,,,,,,,
https://audiocircuit.dk/downloads/aeg/AEG-1062GWU-rec-sch.pdf,,schematic,pdf,200,142963,53e943e5afd68f7e02ae5f67f7df866a20c1223b43e4f60230808858f0b2c5e4,2026-09-22,,,,,,,,,
https://audiocircuit.dk/downloads/aeg/AEG-1062WU-rec-sch.pdf,,schematic,pdf,200,119913,b232146d975a9a720078b4e0d616e0cc92b7bdc62757da855ad12c7824e31625,2026-09-22,,,,,,,,,
https://audiocircuit.dk/downloads/aeg/AEG-112GLK-tun-sch.pdf,,schematic,pdf,200,138641,b05b99548ff7b2b0f3b4f807c6a64b2d0798c30edbd2d0fa26615421c7b35ac7,2026-09-22,,,,,,,,,
https://audiocircuit.dk/downloads/aeg/AEG-34WLK-tun-sch.pdf,,schematic,pdf,200,78221,cb23a0054c01b3dd9280651401df7f9dd1a48d3b2a0aff8b2b7544984f4084cc,2026-09-22,,,,,,,,,
https://audiocircuit.dk/downloads/aeg/AEG-57GW-tun-sch.pdf,,schematic,pdf,200,262829,08e87c561000ced7d135e53c2f6cc809b10c83ec361f11357e4348f47b3ff5b8,2026-09-22,,,,,,,,,
https://audiocircuit.dk/downloads/aeg/AEG-77GWK-tun-sch.pdf,,schematic,pdf,200,295730,359e9a582532b7fd0068c0dfae87d73e3fc58e1611e650b46c452937b9568c09,2026-09-22,,,,,,,,,
https://audiocircuit.dk/downloads/aeg/AEG-77WK-tun-sch.pdf,,schematic,pdf,200,322139,8d9f3b7eb5e93eee8f04f9bd909da7d5ccc85dface60eba41250370914eeecb4,2026-09-22,,,,,,,,,
https://audiocircuit.dk/downloads/aeg/AEG-97GWK-tun-sch.pdf,,schematic,pdf,200,412937,065ff4d640874e1e8b6a8d303057078d79aaacd95c5488d2e0779f27203bb6c8,2026-09-22,,,,,,,,,
https://audiocircuit.dk/downloads/aeg/AEG-Derby-rec-sch.pdf,,schematic,pdf,200,203668,a932162cec8c99aa1d52899393ae21853c73a056d5e90e26b88fdd87a367577a,2026-09-22,,,,,,,,,
https://audiocircuit.dk/downloads/aeg/AEG-Geadux112WLK-tun-sch.pdf,,schematic,pdf,200,74278,1e4342ab0f0c05ad1a1e3a81638fe86a6b922ed765014e786a4ed0dc0f814d6b,2026-09-22,,,,,,,,,
https://audiocircuit.dk/downloads/aeg/AEG-Geadux34WLK-rec-sch.pdf,,schematic,pdf,200,78221,71d1d9616ed25414c8ef862502c864cd4cbaa2bffcf64cc0bc08cff389ef5819,2026-09-22,,,,,,,,,
https://audiocircuit.dk/downloads/aeg/AEG-Geaphone35WL-rec-sch.pdf,,schematic,pdf,200,121259,e8c7e690a9ff991013124efdf3411cabfa05833c0749895c5ca44ea15e2850fe,2026-09-22,,,,,,,,,
https://audiocircuit.dk/downloads/aeg/AEG-Gedaux112WLK-rec-sch.pdf,,schematic,pdf,200,74278,c81263521e4adf57ae8b24d2c6a490b69d252bbd1fede3148997e7e52738d301,2026-09-22,,,,,,,,,
https://audiocircuit.dk/downloads/aeg/AEG-SsuperGeatron303WL-rec-sch.pdf,,schematic,pdf,200,171005,77f8c0353c1a8c28fa8bda7404fbe25c460460de9cc6f38ec926b58c9e55481a,2026-09-22,,,,,,,,,
https://audiocircuit.dk/downloads/aeg/AEG-SuperGeador34WLK-rec-sch.pdf,,schematic,pdf,200,318920,59370fd56c078af04571ece5df57a7900ae766fde81f51f9aff3eebc39dd0bda,2026-09-22,,,,,,,,,
https://audiocircuit.dk/downloads/aeg/AEG-SuperGeatron34WLK-rec-sch.pdf,,schematic,pdf,200,300727,be3f17c448b7cb8c69b36c11faad77bbbb49110a20813b75ee9ff965d1509e90,2026-09-22,,,,,,,,,
https://audiocircuit.dk/downloads/aeg/AEG-UltraGeadem304WL-rec-sch.pdf,,schematic,pdf,200,92158,a7e870c2d2f2fc1457a5ab3bd7fbadb4117eafd0059002d90a7623d018c17847,2026-09-22,,,,,,,,,
https://audiocircuit.dk/downloads/aeg/AEG_Telefunken-V676B-mamp-sm.pdf,,schematic,pdf,200,9585877,c9c7b7e9f6ab9853345753e359c3034a30a1d4c2981261072212613afc5d203b,2026-09-22,,,,,,,,,
https://audiocircuit.dk/downloads/aem/AEM-6005-pwr-sm1.pdf,,schematic,pdf,200,8836306,911bd54c98c50fc975ebed0401b3e919b00b8164a762a7e9e2d4467d0ed7c89d,2026-09-22,,,,,,,,,
https://audiocircuit.dk/downloads/aem/AEM-6010-pre-sm1.pdf,,schematic,pdf,200,12647611,802db9b6b75f0bfa85eebc2c9f82a9f8cbe8646cd3d6cbb047901aa9ad68c57d,2026-09-22,,,,,,,,,
https://audiocircuit.dk/downloads/aem/AEM-6500Mosfet-pwr.pdf,,schematic,pdf,200,6519581,00c9dfb75cf7c2e7aa72ae3c8386a7c0d01214b247b4bb267edebc1aa4205714,2026-09-22,,,,,,,,,
https://audiocircuit.dk/downloads/aem/AEM-ProSeriesTwo-pre-sm1.pdf,,schematic,pdf,200,9725186,88aef12067e2805d8202f9191c01e97029f3eed13635de359c9cc27993ee663a,2026-09-22,,,,,,,,,
https://audiocircuit.dk/downloads/aiko/Aiko-6X620-pr-sch.pdf,,schematic,pdf,200,322333,9626a3e48c16e7bc8895b5e164bacd32ae7b72337c608a21a0af203c6ab060d4,2026-09-22,,,,,,,,,
https://audiocircuit.dk/downloads/aiko/Aiko-A3000-int-sch.pdf,,schematic,pdf,200,464257,96008463f6f2c1754e9d225ba29f9b263c70ee865d6192189ad0073949709d7d,2026-09-22,,,,,,,,,
https://audiocircuit.dk/downloads/aiko/Aiko-AHS107-tun-sch.pdf,,schematic,pdf,200,490067,50423e4897da8e8d1b34bf45bd88f2b2b65ba75a6adae8a2412d9eff0fe68f9c,2026-09-22,,,,,,,,,
https://audiocircuit.dk/downloads/aiko/Aiko-AHS111-int-sch.pdf,,schematic,pdf,200,386971,3755fa0ab29c2b53d45893b6a5b02810dd5f7c436957e877b7a446725bb9303a,2026-09-22,,,,,,,,,
https://audiocircuit.dk/downloads/aiko/Aiko-AHS112-rec-sch.pdf,,schematic,pdf,200,389122,d0f6a1202d4ea1b2e7eba1a1cfb1b00dc25b2cba2bfd3f7624de28324cd1b751,2026-09-22,,,,,,,,,
https://audiocircuit.dk/downloads/aiko/Aiko-AHS120-rec-sch.pdf,,schematic,pdf,200,580922,d3d9efba3999efba0b998fc06045c01020bc6a9a44253346f91a4783cc1fc703,2026-09-22,,,,,,,,,
https://audiocircuit.dk/downloads/aiko/Aiko-AHS122-rec-sch.pdf,,schematic,pdf,200,688202,e3ee389921e9119249d0636babb7e4e5b57387f646a2cbcf308778f18a7f2ddb,2026-09-22,,,,,,,,,
https://audiocircuit.dk/downloads/aiko/Aiko-AHS124-rec-sch.pdf,,schematic,pdf,200,505391,7a433e53a549a0c19f94e7da15f240a4b9e047df8a7d7311ee0bb5f0d4ce8903,2026-09-22,,,,,,,,,
https://audiocircuit.dk/downloads/aiko/Aiko-AHS126-rec-sch.pdf,,schematic,pdf,200,459111,67d0ef9e980d956170e877f9959bfa82c7bb78ea90e2d160487b0de243585d2c,2026-09-22,,,,,,,,,
https://audiocircuit.dk/downloads/aiko/Aiko-AHS127-rec-sch.pdf,,schematic,pdf,200,394567,01dfb6482247b4944b08698f8da3fdba598d3e9b6588288cf1ec0cd644a9baf4,2026-09-22,,,,,,,,,
https://audiocircuit.dk/downloads/aiko/Aiko-AHS128-rec-sch.pdf,,schematic,pdf,200,499262,2bd62ee81a23fb125b187dd415b901eb76d8bd55d0b91c9dd578e336be7cd187,2026-09-22,,,,,,,,,
https://audiocircuit.dk/downloads/aiko/Aiko-AHS207-rec-sch.pdf,,schematic,pdf,200,462883,d8bf20df92755eab7a96b98640410b671f4f512c4cc36d9195512b8229d695a7,2026-09-22,,,,,,,,,
https://audiocircuit.dk/downloads/aiko/Aiko-AHS228-rec-sch.pdf,,schematic,pdf,200,490307,b5433588cfd7e916af6c2989cd3a3bca5b04deff397316b6a19786047f756d5b,2026-09-22,,,,,,,,,
https://audiocircuit.dk/downloads/aiko/Aiko-ATP300R-tape-sch.pdf,,schematic,pdf,200,743260,022dd9ee38b69e37703b5bacd2a348c30ba537d74e8bfbdbd7d1fe8dad074a80,2026-09-22,,,,,,,,,
https://audiocircuit.dk/downloads/aiko/Aiko-ATP4000-tape-sch.pdf,,schematic,pdf,200,380135,ee5ec494c6faf7545b8ad043283451a58ca39440a85d7a7887168309b07802c1,2026-09-22,,,,,,,,,
https://audiocircuit.dk/downloads/aiko/Aiko-ATP4213-cs-sch.pdf,,schematic,pdf,200,341239,cc36172627ef61e88f61f84e361f4f710ba0fea2cc53340ba3769e1e161b23b1,2026-09-22,,,,,,,,,
https://audiocircuit.dk/downloads/aiko/Aiko-ATP704-pr-sch.pdf,,schematic,pdf,200,366682,9ccf8b4ff433d631ad4ac91a63a7e421001e17fbf9c5e41cf1ed14db074413ef,2026-09-22,,,,,,,,,
https://audiocircuit.dk/downloads/aiko/Aiko-ATP705-pr-sch.pdf,,schematic,pdf,200,284337,dbad8ca5ee5cf551e63128dbf13f3561c125ed99cf8693cd7ef712092daaf870,2026-09-22,,,,,,,,,
https://audiocircuit.dk/downloads/aiko/Aiko-ATP707-pr-sch.pdf,,schematic,pdf,200,310129,f94b38ab7fa89482d57459706ba63115b124a94ba7697e6772dd78d72ca1dd3f,2026-09-22,,,,,,,,,
https://audiocircuit.dk/downloads/aiko/Aiko-ATP709-pr-sch.pdf,,schematic,pdf,200,312242,a57bc44325495b7b16408be7dab28e57bcfdd471098d3579c0811d03046fa9f6,2026-09-22,,,,,,,,,
https://audiocircuit.dk/downloads/aiko/Aiko-ATPR2000-pr-sch.pdf,,schematic,pdf,200,523326,6a2d36abb94b7526a005ffd389cad1e43450e5d03a1204d4a829a30b921cce44,2026-09-22,,,,,,,,,
https://audiocircuit.dk/downloads/aiko/Aiko-ATPR403-pr-sch.pdf,,schematic,pdf,200,434186,03bc27c6e3681ffc53d37343187a04831c3fe941ae07c9f33aad6bc5f996212f,2026-09-22,,,,,,,,,
https://audiocircuit.dk/downloads/aiko/Aiko-ATPR405-pr-sch.pdf,,schematic,pdf,200,528240,75d1ffdd59f1dfee419f138c4e52af26286f2a7d3e1b38395a2490d8d41b1b69,2026-09-22,,,,,,,,,
https://audiocircuit.dk/downloads/aiko/Aiko-ATPR406-pr-sch.pdf,,schematic,pdf,200,510349,d90d1c0db85806b69cb2900ae2ee27a61d68f565c0114c02762781ef87738891,2026-09-22,,,,,,,,,
https://audiocircuit.dk/downloads/aiko/Aiko-ATPR420-pr-sch.pdf,,schematic,pdf,200,536613,f76eec6b0e22d40e78a2a3d9f2d01c941a405227759bdd49752455aa97e7e03c,2026-09-22,,,,,,,,,
https://audiocircuit.dk/downloads/aiko/Aiko-ATPR802-pr-sch.pdf,,schematic,pdf,200,501714,0982e02e1c329275f1943f0ff71825b0f1ef86be1d2e126041694ea97d80c092,2026-09-22,,,,,,,,,
https://audiocircuit.dk/downloads/aiko/Aiko-BX584-pr-sch.pdf,,schematic,pdf,200,397089,2c92e40e956bc7c6a92f810cc3c081357da6de6ca18b5d1e099022338b4bf682,2026-09-22,,,,,,,,,
https://audiocircuit.dk/downloads/aiko/Aiko-D3000-tape-sch.pdf,,schematic,pdf,200,387737,b24af0bed45ab07b40951f35b28966dbbaa5b56d35c7f89940fe57a9062cccf2,2026-09-22,,,,,,,,,
https://audiocircuit.dk/downloads/aiko/Aiko-DT3000-tun-sch.pdf,,schematic,pdf,200,1210938,557200c53a12cf50a9d84757e1c2fa4e0d8599f296af22f1d8e120ab853f1a17,2026-09-22,,,,,,,,,
https://audiocircuit.dk/downloads/aiko/Aiko-GX41-tape-sch.pdf,,schematic,pdf,200,348577,b240d296a4420613b5fb862f52b441d47881dba6b63ef762b2abeed63fec9105,2026-09-22,,,,,,,,,
https://audiocircuit.dk/downloads/aiko/Aiko-GX615-pr-sch.pdf,,schematic,pdf,200,339736,c3d38635f5dec0abca1212404f060717351a120b17632a97710ca020ba0f9258,2026-09-22,,,,,,,,,
https://audiocircuit.dk/downloads/aiko/Aiko-GX620-pr-sch.pdf,,schematic,pdf,200,322333,e31f0eb7c408880de60a8298fa7822ab005517843699bce6747c1ee54a0a094e,2026-09-22,,,,,,,,,
https://audiocircuit.dk/downloads/aiko/Aiko-PA3000-int-sch.pdf,,schematic,pdf,200,189247,ef5e0a6550cd4ce5caacc6a982ebcf4d5549733ecb85a876d385ec4fa8b4caa5,2026-09-22,,,,,,,,,
https://audiocircuit.dk/downloads/aiko/Aiko-PA3002-int-sch.pdf,,schematic,pdf,200,897856,cbf159e3afa64bdc62a8e7d072c3acb993fd1ff32cf9b7842f856fba3f40d35f,2026-09-22,,,,,,,,,
https://audiocircuit.dk/downloads/aiko/Aiko-PRP1000-pr-sch.pdf,,schematic,pdf,200,358397,d8c1e9c11dfaf8bf1067973e23630eb16ae167580c01f8817679bfe9c85f15d9,2026-09-22,,,,,,,,,
https://audiocircuit.dk/downloads/aiko/Aiko-RC603-tun-sch.pdf,,schematic,pdf,200,356055,c3aaed16c0f00a3b87cad70a33cac8f591b08949a5015293b624a4183391dad9,2026-09-22,,,,,,,,,
https://audiocircuit.dk/downloads/aiko/Aiko-RX77-tun-sch.pdf,,schematic,pdf,200,432221,181802ede65e9ad3e436c00de04c526acacb8162f414647aa79948979d9db6ef,2026-09-22,,,,,,,,,
https://audiocircuit.dk/downloads/aiko/Aiko-RX78-tun-sch.pdf,,schematic,pdf,200,490455,cb276797c122f17a810af4fea56514f6c74602dc8864b685549beafac2195f5d,2026-09-22,,,,,,,,,
https://audiocircuit.dk/downloads/aiko/Aiko-RX88-tun-sch.pdf,,schematic,pdf,200,441921,65ef6992e73b5184b72757fe68a1734830201e81bf5825e71cfdd5327a4302d2,2026-09-22,,,,,,,,,
https://audiocircuit.dk/downloads/aiko/Aiko-T3000-tun-sch.pdf,,schematic,pdf,200,408771,987e42b18c98627b673467b3d04d2e93853c3376a5420d4d0cc5f2adc7ac5eab,2026-09-22,,,,,,,,,
https://audiocircuit.dk/downloads/aiko/Aiko-TD3000-tape-sch.pdf,,schematic,pdf,200,735751,df22d3323278c495ae0ac69aab25b774afbfefac71642dda59e909660fe75b12,2026-09-22,,,,,,,,,
https://audiocircuit.dk/downloads/aiko/Aiko-TD502-tape-sch.pdf,,schematic,pdf,200,437026,ec9405ec15693b84be1b97f0e842a3a595534ac28d11a5770a2ad111bb67d8e6,2026-09-22,,,,,,,,,
https://audiocircuit.dk/downloads/aiko/Aiko-TD551-tape-sch.pdf,,schematic,pdf,200,544900,93798702aec0af351a0ce1ebff902d5b8a75c7c763f980ff7e7293fe818d0d83,2026-09-22,,,,,,,,,
https://audiocircuit.dk/downloads/aiko/Aiko-TD7216-tape-sch.pdf,,schematic,pdf,200,396335,4043de869d0b3b9c7282703b9fa90c07dcc16ece0441f2f567b038b7ba437456,2026-09-22,,,,,,,,,
https://audiocircuit.dk/downloads/aiwa/Aiwa-4ZG1-cdm-sm.pdf,,schematic,pdf,200,5544390,29d6c62863972529e5b0f0cd0e775c3c29e3e6058d579c2b3812182dee11c887,2026-09-22,,,,,,,,,
https://audiocircuit.dk/downloads/aiwa/Aiwa-6ZG1-cd-sm.pdf,,schematic,pdf,200,2470152,3545e8fc86006b6d50ed536786cb4ade94ff341c36674b0732cf63348a738f1f,2026-09-22,,,,,,,,,
https://audiocircuit.dk/downloads/aiwa/Aiwa-AA8100-int-sm.pdf,,schematic,pdf,200,3788160,f034f52162048e148f2c8ee6b938fff12dc0afc5fed59c9eac193eac1446818e,2026-09-22,,,,,,,,,
https://audiocircuit.dk/downloads/aiwa/Aiwa-AA8300-int-sm.pdf,,schematic,pdf,200,7180215,cf2eb0b53409df78f02c8d38dd309d069f2d31a9f9a47dc2f646f228aab62ff5,2026-09-22,,,,,,,,,
https://audiocircuit.dk/downloads/aiwa/Aiwa-AA8700-int-sm.pdf,,schematic,pdf,200,4993549,e49d50ff57df582d2b0d36129c064691eabec02b812ec03c37d26ccb75976e12,2026-09-22,,,,,,,,,
https://audiocircuit.dk/downloads/aiwa/Aiwa-ACD300-cdm-sm.pdf,,schematic,pdf,200,7703137,d3be93b81620cfab22f7945fcb6ea909e6e34193867d3bdfb47d534fde7ebfc3,2026-09-22,,,,,,,,,
https://audiocircuit.dk/downloads/aiwa/Aiwa-AD1300-tape-sch.pdf,,schematic,pdf,200,306487,b617bdb11b6b91e7d64e6e6bda20c40c05dd8192e2fd7d6943dc24e32ea29a0e,2026-09-22,,,,,,,,,
https://audiocircuit.dk/downloads/aiwa/Aiwa-AD1800-tape-sm.pdf,,schematic,pdf,200,25901939,e513649099783704135c2ba32f52c20e645796c304c23ea70ebc657ceaaef15e,2026-09-22,,,,,,,,,
https://audiocircuit.dk/downloads/aiwa/Aiwa-AD3250-tape-sm.pdf,,schematic,pdf,200,4443882,0e68b5ff941b946b196de74a2513454c670f4b76a828f7cba826451f7f126160,2026-09-22,,,,,,,,,
https://audiocircuit.dk/downloads/aiwa/Aiwa-AD3500-tape-sm.pdf,,schematic,pdf,200,12366651,b876c33ba51407afabd9906953ad05b85eabfa1df5b50bcc6b221f451171f427,2026-09-22,,,,,,,,,
https://audiocircuit.dk/downloads/aiwa/Aiwa-AD3700-tape-sm.pdf,,schematic,pdf,200,6067678,e3777e850d2c1b447787641773df49f68c490c659bd14c22653638616b3920ae,2026-09-22,,,,,,,,,
https://audiocircuit.dk/downloads/aiwa/Aiwa-AD3800-tape-sm.pdf,,schematic,pdf,200,26107132,1381b6baf41c146175bc877fda3aeeb7b531ecf953dad8af227465d217890e1b,2026-09-22,,,,,,,,,
https://audiocircuit.dk/downloads/aiwa/Aiwa-AD6350-tape-sm.pdf,,schematic,pdf,200,3273352,a1e4a7efb99c0fbf1949bbebabf4da9fe4ccd936cb32d926fd5d28b17e2a50be,2026-09-22,,,,,,,,,
https://audiocircuit.dk/downloads/aiwa/Aiwa-AD6400-tape-sch.pdf,,schematic,pdf,200,3883977,8696b8396ab777005727ce80bd27ccfa5225c4586a27d925a4b04e2eee8565c0,2026-09-22,,,,,,,,,
https://audiocircuit.dk/downloads/aiwa/Aiwa-AD6500-tape-sm.pdf,,schematic,pdf,200,3512221,6f89a4425e543a25b7fa35e5413351f929cb6c462824fdebcae03a2489cd2832,2026-09-22,,,,,,,,,
https://audiocircuit.dk/downloads/aiwa/Aiwa-AD6550-tape-sm.pdf,,schematic,pdf,200,2448679,f7626e7f49661d70c6bc7715951d1f77b53570f476b2e4348165e21e0aeee2e7,2026-09-22,,,,,,,,,
https://audiocircuit.dk/downloads/aiwa/Aiwa-AD6600-tape-sm.pdf,,schematic,pdf,200,4888137,7f3ae07c0f4c25f66b333245ba260edfdf0377b5c0b3069a8748341405ba850b,2026-09-22,,,,,,,,,
https://audiocircuit.dk/downloads/aiwa/Aiwa-AD6700-tape-sm.pdf,,schematic,pdf,200,10719487,5a6e3a37829ac85f9f6c01386c58605ce1798f48ce9cc35f91d87fbf749833f8,2026-09-22,,,,,,,,,
https://audiocircuit.dk/downloads/aiwa/Aiwa-AD6800-tape-sm.pdf,,schematic,pdf,200,5235090,d5c334a321bf13fb07d0ce4a7ad7445f9297118284b7c7f34c9a8558adf0a377,2026-09-22,,,,,,,,,
https://audiocircuit.dk/downloads/aiwa/Aiwa-AD6900-tape-sm.pdf,,schematic,pdf,200,7661374,80dbdf13904063d1515971eab30d89e1ae7c0c4ceeb8f361d2f231d38109db93,2026-09-22,,,,,,,,,
https://audiocircuit.dk/downloads/aiwa/Aiwa-AD6900MKll-tape-sm.pdf,,schematic,pdf,200,8989960,630e7a326ba665d2dc8f82349a84a03b60455a81db53fd29df880af02c339b74,2026-09-22,,,,,,,,,
https://audiocircuit.dk/downloads/aiwa/Aiwa-ADF220-tape-sch.pdf,,schematic,pdf,200,376699,0c5f3f665330cd1803976dad336579d6bb4bf446124d1f9a78787964522d3a1e,2026-09-22,,,,,,,,,
https://audiocircuit.dk/downloads/aiwa/Aiwa-ADF220-tape-sm.pdf,,schematic,pdf,200,4594096,f896f48308976837eac355e69ccb11a47e3a7ad89028ffb8cd11ef0306e3280e,2026-09-22,,,,,,,,,
https://audiocircuit.dk/downloads/aiwa/Aiwa-ADF260-tape-sch.pdf,,schematic,pdf,200,406061,83e5e2edbaa21ffa2908f3be26a5843333c3b9018e21edd398919641612393b4,2026-09-22,,,,,,,,,
https://audiocircuit.dk/downloads/aiwa/Aiwa-ADF330-tape-sm.pdf,,schematic,pdf,200,7540298,ebc6fb888ec77f5cf779825e57b2d68b20a870e6cfc0643ddb965c642a59bec4,2026-09-22,,,,,,,,,
https://audiocircuit.dk/downloads/aiwa/Aiwa-ADF350-tape-sch.pdf,,schematic,pdf,200,3007993,da4adc9bb068f3997478c176932daf21985334c9931b2c957e2517fee93d7064,2026-09-22,,,,,,,,,
https://audiocircuit.dk/downloads/aiwa/Aiwa-ADF360-tape-sm.pdf,,schematic,pdf,200,4546961,67bc320fb89dfa1f24445cabe6c96f4ad4db0fc94c033a3b17bac9ce5b31e45e,2026-09-22,,,,,,,,,
https://audiocircuit.dk/downloads/aiwa/Aiwa-ADF370-tape-sm.pdf,,schematic,pdf,200,15736848,8e95c80a286be330e89e939f6e32967ed74a52deb47e23f4a4fd96f01fb0b981,2026-09-22,,,,,,,,,
https://audiocircuit.dk/downloads/aiwa/Aiwa-ADF400-tape-sm.pdf,,schematic,pdf,200,26365845,a00c970b6f04bae67087958ef5b1dd7cf953eb9699a2f342729d6e9862e70310,2026-09-22,,,,,,,,,
https://audiocircuit.dk/downloads/aiwa/Aiwa-ADF410-tape-sm.pdf,,schematic,pdf,200,4329946,7bfe7db9556ba83c4a68016c5a31b5a2f9f1cd708fedb291c56e56b34dc14dc9,2026-09-22,,,,,,,,,
https://audiocircuit.dk/downloads/aiwa/Aiwa-ADF450-tape-sch.pdf,,schematic,pdf,200,273303,8e6c6a87b07ba0630682db66f17b304e843636ffef2f2418acc60c180077d796,2026-09-22,,,,,,,,,
https://audiocircuit.dk/downloads/aiwa/Aiwa-ADF500-tape-sm.pdf,,schematic,pdf,200,4021656,daa6928115536a13db058fa97c09f4f3b78d1cd3b118120f152ccbb5e9aca955,2026-09-22,,,,,,,,,
https://audiocircuit.dk/downloads/aiwa/Aiwa-ADF620-tape-sm.pdf,,schematic,pdf,200,8971885,67262ee2057417a4e021cfc3c0084070b7d249c9f78306e43ef7e3f91c629f30,2026-09-22,,,,,,,,,
https://audiocircuit.dk/downloads/aiwa/Aiwa-ADF640-tape-sm.pdf,,schematic,pdf,200,15745148,b8364171f85ff1a25d45d684cebc02c0fd24905433d53d58bec5213fee56b2d0,2026-09-22,,,,,,,,,
https://audiocircuit.dk/downloads/aiwa/Aiwa-ADF660-tape-sm.pdf,,schematic,pdf,200,3859625,4307d6a9f6634d3cf05ad3975323b216ef15bade046eb15a5e4a7f8b15190bff,2026-09-22,,,,,,,,,
https://audiocircuit.dk/downloads/aiwa/Aiwa-ADF770-tape-sm.pdf,,schematic,pdf,200,5175244,1ae2c665e4c8ea15e29469ad3ed551da07b4e75e3983fe9a31f0359ab26ba14e,2026-09-22,,,,,,,,,
https://audiocircuit.dk/downloads/aiwa/Aiwa-ADF780-tape-sm.pdf,,schematic,pdf,200,5822241,4417fa41f2d7105ba7a2591b854a466a72855d755c7f311aa16bd2a06a68f221,2026-09-22,,,,,,,,,
https://audiocircuit.dk/downloads/aiwa/Aiwa-ADF800-tape-sm.pdf,,schematic,pdf,200,3990273,b9b9a0e8fb003f7f6eef0b08baa309281c4d95d44cadd6d9f707837f1c5b8da3,2026-09-22,,,,,,,,,
https://audiocircuit.dk/downloads/aiwa/Aiwa-ADF810-tape-sm.pdf,,schematic,pdf,200,3906748,b4b6763e59db1c7d333ca3099175c29bac4e63c0e97e79cf6cfb00a75aa8cf97,2026-09-22,,,,,,,,,
https://audiocircuit.dk/downloads/aiwa/Aiwa-ADF850-tape-sm.pdf,,schematic,pdf,200,13061805,18514a0881bce09740d79bc0eba82e03506be36f753ce51ef6d868fb90f93632,2026-09-22,,,,,,,,,
https://audiocircuit.dk/downloads/aiwa/Aiwa-ADF880-tape-sm.pdf,,schematic,pdf,200,5822241,f9bf47bd681cd8bfa2d5a7da79d73b7e81c49cdfc64c8a0451eac9bef7cbf911,2026-09-22,,,,,,,,,
https://audiocircuit.dk/downloads/aiwa/Aiwa-ADF910-tape-sm.pdf,,schematic,pdf,200,8876599,fab755a2a12c2d02d6865320fbd372b814ce2254438366db67b8cfa77e5f51c6,2026-09-22,,,,,,,,,
https://audiocircuit.dk/downloads/aiwa/Aiwa-ADF990-tape-sm.pdf,,schematic,pdf,200,6164374,3400946767bc95d44cb65a2a695c8cfc0ffe0a58d9fc36ce3e027886d457cef2,2026-09-22,,,,,,,,,
https://audiocircuit.dk/downloads/aiwa/Aiwa-ADM600-tape-sm.pdf,,schematic,pdf,200,23400354,caa74a70e5661763cbd5119e000a0c5bea3d55e0f1b5e82878777d3392bc2e0e,2026-09-22,,,,,,,,,
https://audiocircuit.dk/downloads/aiwa/Aiwa-ADM700-tape-sm.pdf,,schematic,pdf,200,4531394,de5d7fbe844a14ec8f95db85ab7fad33c4d2383965a66f4835d07c2e4fbdd89e,2026-09-22,,,,,,,,,
https://audiocircuit.dk/downloads/aiwa/Aiwa-ADM800-tape-sm.pdf,,schematic,pdf,200,12925532,49a74c1f3e6bbfbee152536fa0cbf24a7773015627f58d7ff982cfca76d7d430,2026-09-22,,,,,,,,,
https://audiocircuit.dk/downloads/aiwa/Aiwa-ADR30-tape-sm.pdf,,schematic,pdf,200,4546961,e3a82a0cf26704e083876005d6601f1039901b22753def73967f0f8b4ab71eaf,2026-09-22,,,,,,,,,
https://audiocircuit.dk/downloads/aiwa/Aiwa-ADR40-tape-sm.pdf,,schematic,pdf,200,15736860,bca801ef5c236af141fccd8bd929c71caa85e4b69538fd6959709bba73639152,2026-09-22,,,,,,,,,
https://audiocircuit.dk/downloads/aiwa/Aiwa-ADR450-tape-sm.pdf,,schematic,pdf,200,5055086,5e8984df43b72912e287a7282f185fa57db8bc09d0e545cf9156f00c184687f4,2026-09-22,,,,,,,,,
https://audiocircuit.dk/downloads/aiwa/Aiwa-ADR460-tape-sm.pdf,,schematic,pdf,200,4546961,6934d29d93e6a4e4818717ae41951c13d38759262d5d924551ae6ddcc472a02f,2026-09-22,,,,,,,,,
https://audiocircuit.dk/downloads/aiwa/Aiwa-ADR470-tape-sm.pdf,,schematic,pdf,200,15736858,2627970d31e91657e00c04c45fa30f6759383e57d4367e056ce5fb4bffdd57a2,2026-09-22,,,,,,,,,
https://audiocircuit.dk/downloads/aiwa/Aiwa-ADR505-tape-sm.pdf,,schematic,pdf,200,4021654,a2e0ea5f38f47126ef6badc4effd598509a1c0d056d2fb9f506e2aa0929e1599,2026-09-22,,,,,,,,,
https://audiocircuit.dk/downloads/aiwa/Aiwa-ADR507-tape-sm.pdf,,schematic,pdf,200,4329947,377795a0ffd75b8a49062293a430da9c00edd433f7c79a33d30423e69816143d,2026-09-22,,,,,,,,,
https://audiocircuit.dk/downloads/aiwa/Aiwa-ADR550-tape-sm.pdf,,schematic,pdf,200,42518617,bf97dcd93cd6887ee4fec63266f0a0f29cc1e2c90e87305c38d394453a75c3f1,2026-09-22,,,,,,,,,
https://audiocircuit.dk/downloads/aiwa/Aiwa-ADR650-tape-sm.pdf,,schematic,pdf,200,2033383,5281aa43ee8594a1fde01f52afc1e5abb6882eb90190cabff17eb4cb631cf419,2026-09-22,,,,,,,,,
https://audiocircuit.dk/downloads/aiwa/Aiwa-ADS15-tape-sm.pdf,,schematic,pdf,200,4546961,4b0c1506dbddd47a2ad5f5b089f354cfe341dccc8d3efd5db5d1c7acb5bdf3a8,2026-09-22,,,,,,,,,
https://audiocircuit.dk/downloads/aiwa/Aiwa-ADS20-tape-sm.pdf,,schematic,pdf,200,8971885,67262ee2057417a4e021cfc3c0084070b7d249c9f78306e43ef7e3f91c629f30,2026-09-22,,,,,,,,,
https://audiocircuit.dk/downloads/aiwa/Aiwa-ADS37-tape-sm.pdf,,schematic,pdf,200,15736848,c9b3a47439886dda5c206d622f0dc2eecd7fe7db4e09d27f3b2ead6a816aab86,2026-09-22,,,,,,,,,
https://audiocircuit.dk/downloads/aiwa/Aiwa-ADS40-tape-sm.pdf,,schematic,pdf,200,15745148,b8364171f85ff1a25d45d684cebc02c0fd24905433d53d58bec5213fee56b2d0,2026-09-22,,,,,,,,,
https://audiocircuit.dk/downloads/aiwa/Aiwa-ADS950-tape-sm.pdf,,schematic,pdf,200,3230735,15d70e371cff4c2b7852a5df457b5d79889219355b21602f6658819e976c8897,2026-09-22,,,,,,,,,
https://audiocircuit.dk/downloads/aiwa/Aiwa-ADWX110-tape-sm.pdf,,schematic,pdf,200,9370009,ae7d149416fa1c26176a266751332593188351632b36f11dd1af21c4c747798c,2026-09-22,,,,,,,,,
https://audiocircuit.dk/downloads/aiwa/Aiwa-ADWX180-tape-sm.pdf,,schematic,pdf,200,13010044,62f2ad7b0884f0038376e82dd2400fd944c33de048ac7cd4b795de7de0d62eec,2026-09-22,,,,,,,,,
https://audiocircuit.dk/downloads/aiwa/Aiwa-ADWX20-tape-sm.pdf,,schematic,pdf,200,23318643,107160fd9e87883746223dbc92856810ddaaf371db3bd4682ba1e14782fb45fe,2026-09-22,,,,,,,,,
https://audiocircuit.dk/downloads/aiwa/Aiwa-ADWX200-tape-sm.pdf,,schematic,pdf,200,23318643,107160fd9e87883746223dbc92856810ddaaf371db3bd4682ba1e14782fb45fe,2026-09-22,,,,,,,,,
https://audiocircuit.dk/downloads/aiwa/Aiwa-ADWX220-tape-sm.pdf,,schematic,pdf,200,6966307,044bcfe1a62e3c9e3b68f611fec2cea1140a6652d3786698359a12a3dbfb776e,2026-09-22,,,,,,,,,
https://audiocircuit.dk/downloads/aiwa/Aiwa-ADWX33-tape-sm.pdf,,schematic,pdf,200,13010042,fd1e26bd7a4f2001772f2ec54bb2a8c05265d4968b5062b07a19c30ed60e1519,2026-09-22,,,,,,,,,
https://audiocircuit.dk/downloads/aiwa/Aiwa-ADWX707-tape-sm.pdf,,schematic,pdf,200,6282567,113cb062f4d119283fc8a76803d13505daeb11ced1a7ec8fa3aba6503066693f,2026-09-22,,,,,,,,,
https://audiocircuit.dk/downloads/aiwa/Aiwa-ADWX727-tape-sm.pdf,,schematic,pdf,200,13907460,4e7e9f1e28d3ee3e3a68def9d7f2395e4dac8d1aec0f159a37029a5b07ca5c33,2026-09-22,,,,,,,,,
https://audiocircuit.dk/downloads/aiwa/Aiwa-ADWX777-tape-sm.pdf,,schematic,pdf,200,6680033,c5b52e5d6ce5aec4a2716395d343d1785a4f78f533a7ad19174c92a0cef1ffe8,2026-09-22,,,,,,,,,
https://audiocircuit.dk/downloads/aiwa/Aiwa-ADWX808-tape-sm.pdf,,schematic,pdf,200,3701620,8846bf8752dad2dbce0b1bfcd06e88067aaf0488070e5552edb857a26ad177a5,2026-09-22,,,,,,,,,
https://audiocircuit.dk/downloads/aiwa/Aiwa-ADWX828-tape-sm.pdf,,schematic,pdf,200,8604124,2757424d5c8b409701c25ec7af1468cd9d25cfa596256479c8896e0ea1a9df19,2026-09-22,,,,,,,,,
https://audiocircuit.dk/downloads/aiwa/Aiwa-ADWX888-tape-sm.pdf,,schematic,pdf,200,2345309,8b6984e9f0c9ee493c9745fcd106da05ed318e784d0b6d12ac79c0290cdd4a49,2026-09-22,,,,,,,,,
https://audiocircuit.dk/downloads/aiwa/Aiwa-ADWX909-tape-sm.pdf,,schematic,pdf,200,3817049,caca8d80417aead49d9523974bb84d84c972f373a979521de56c05aedf462e44,2026-09-22,,,,,,,,,
https://audiocircuit.dk/downloads/aiwa/Aiwa-ADWX929-tape-sm.pdf,,schematic,pdf,200,8604124,b11b134182a44b1fe43e67217857e78cdb754d92e345ee37bb484943b01b3b1f,2026-09-22,,,,,,,,,
https://audiocircuit.dk/downloads/aiwa/Aiwa-ADWX999-tape-sm.pdf,,schematic,pdf,200,3863394,aa9cb0d32c4b79cc9dfb2555c3fb5862bdfb509917f9605ffed96ee76bb91954,2026-09-22,,,,,,,,,
https://audiocircuit.dk/downloads/aiwa/Aiwa-AF3090U-mc-sm.pdf,,schematic,pdf,200,16001536,ebe794919103f09cfdd64c922a1c773a881aacdc1d7d066f95d70b53228ad035,2026-09-22,,,,,,,,,
https://audiocircuit.dk/downloads/aiwa/Aiwa-AF5080-mc-sm.pdf,,schematic,pdf,200,28068925,37f728922af9e5b8c1fadd22eb4b1eb213d961a066e1b14892a3c8f22c376920,2026-09-22,,,,,,,,,
https://audiocircuit.dk/downloads/aiwa/Aiwa-AF5080A-mc-sm.pdf,,schematic,pdf,200,6575997,7d74065dfdecf1e66989c8b0fce752f607b1f33e1253bba1c99b038d18a1e544,2026-09-22,,,,,,,,,
https://audiocircuit.dk/downloads/aiwa/Aiwa-AF5300-mc-sm.pdf,,schematic,pdf,200,13487836,fc607e9700e49de634d9f53155d8ec12909b952c6481384098636d36fc8f1061,2026-09-22,,,,,,,,,
https://audiocircuit.dk/downloads/aiwa/Aiwa-AF5600-mc-sm.pdf,,schematic,pdf,200,18242821,acb89546eb1748e9ea7b3e954af770c45f3b8ce16720ff23599d2e026973faf6,2026-09-22,,,,,,,,,
https://audiocircuit.dk/downloads/aiwa/Aiwa-AMC75-md-sm.pdf,,schematic,pdf,200,758554,cfb89a567aaaefae117dd5c0d0682b4bac423421d2e9ecd79f27065211780fda,2026-09-22,,,,,,,,,
https://audiocircuit.dk/downloads/aiwa/Aiwa-AMC80-md-sm.pdf,,schematic,pdf,200,20832633,23f71a876d9586a7f9c3d9b1cc029d797781e55ee9d980693ae3c3bee477c953,2026-09-22,,,,,,,,,
https://audiocircuit.dk/downloads/aiwa/Aiwa-AMCL33-md-sm.pdf,,schematic,pdf,200,3856998,65a68a06dce4106c0cddff0363efbd9f2d672302c7df4f9a51a8a60a9c04c12b,2026-09-22,,,,,,,,,
https://audiocircuit.dk/downloads/aiwa/Aiwa-AMD100-md-si95002.pdf,,schematic,pdf,200,169781,eb3fa566f5e425373d1be576a1eb86a7278fa06500c80047e852f55b3d4346e5,2026-09-22,,,,,,,,,
https://audiocircuit.dk/downloads/aiwa/Aiwa-AMF1-md-si94051.pdf,,schematic,pdf,200,236639,27ede39f1f276b6f56701c5f99d795b13a57a493a88ffaf18fcd468c0e9086bb,2026-09-22,,,,,,,,,
https://audiocircuit.dk/downloads/aiwa/Aiwa-AMF1-md-si95002.pdf,,schematic,pdf,200,169781,85d3058e014ba06f21ae9b9c489f37830a38143119c4453ee7f8ca08e0b00a57,2026-09-22,,,,,,,,,
https://audiocircuit.dk/downloads/aiwa/Aiwa-AMF1-md-si95009.pdf,,schematic,pdf,200,259440,b4576143d93be8c215973efb82b57050f0810546fe432acf254fca505b583a12,2026-09-22,,,,,,,,,
https://audiocircuit.dk/downloads/aiwa/Aiwa-AMF1-md-si95010.pdf,,schematic,pdf,200,192565,db77209babd6fce36c0aa77cadfc77b4cc24c20157287c270369d43ca6c941a3,2026-09-22,,,,,,,,,
https://audiocircuit.dk/downloads/aiwa/Aiwa-AMF1-md-si95011.pdf,,schematic,pdf,200,277790,e6cd15aa4054a67e8836886d65079b6fab68b2e8039b9ec49a4e25d484325d27,2026-09-22,,,,,,,,,
https://audiocircuit.dk/downloads/aiwa/Aiwa-AMF1-md-si95013.pdf,,schematic,pdf,200,266231,96b5e31d1b5c597487dd58f68313ea1bdff906ae6dc871afcee804113d6e9962,2026-09-22,,,,,,,,,
https://audiocircuit.dk/downloads/aiwa/Aiwa-AMF3-md-si96006.pdf,,schematic,pdf,200,412761,f208161a1f8084df1b0b2c9ab01d1daa4ba48fe5b9289226ac510c0d054b458b,2026-09-22,,,,,,,,,
https://audiocircuit.dk/downloads/aiwa/Aiwa-AMF3-md-si96011.pdf,,schematic,pdf,200,349957,eeb7d3993ea4f5223d2be6204a1700b0a99fca579be5ce03d10ec8ef2efe8b98,2026-09-22,,,,,,,,,
https://audiocircuit.dk/downloads/aiwa/Aiwa-AMF3-md-si96016.pdf,,schematic,pdf,200,190825,3d9710982aa116eec13305a7045f3c520edce0e59c4046ed1ef216e0f47d8282,2026-09-22,,,,,,,,,
https://audiocircuit.dk/downloads/aiwa/Aiwa-AMF3-md-si97012.pdf,,schematic,pdf,200,58355,2849c0cfe114d5cbcd357d0e5dbcc7430223f1003e55c3f6caf5ac5b2477c4aa,2026-09-22,,,,,,,,,
https://audiocircuit.dk/downloads/aiwa/Aiwa-AMF5-md-si98001.pdf,,schematic,pdf,200,44981,15e57691ee685d2294dedaadea4a094579c49d9013c41354ec816bd6e9f78340,2026-09-22,,,,,,,,,
https://audiocircuit.dk/downloads/aiwa/Aiwa-AMF5-md-si98013.pdf,,schematic,pdf,200,55657,133d8a76695157e0129d3bb0a7f2bb8d08f5f997bb8c599631a89e42681d2c50,2026-09-22,,,,,,,,,
https://audiocircuit.dk/downloads/aiwa/Aiwa-AMF5-md-si98037.pdf,,schematic,pdf,200,307356,890525b97f14780c3d49bd105b696f34b0ae22168c97a2d72ec31ebd82647232,2026-09-22,,,,,,,,,
https://audiocircuit.dk/downloads/aiwa/Aiwa-AMF5-md-sm.pdf,,schematic,pdf,200,522853,394ce2c3369960b2798f75d7fba16cc8e12e7dc02bd9a6452d8ef5efa98e5a0f,2026-09-22,,,,,,,,,
https://audiocircuit.dk/downloads/aiwa/Aiwa-AMF7-md-si98023.pdf,,schematic,pdf,200,593453,a1a91283baeb79ed0f73023f3448b6f653d23760d8f41016201bc308fd9f0b1e,2026-09-22,,,,,,,,,
https://audiocircuit.dk/downloads/aiwa/Aiwa-AMF7-md-si98037.pdf,,schematic,pdf,200,307356,02db92a642fb5aea8a7a7c7110bfe40700173840ddf58ee5351bc99c2c05a8e3,2026-09-22,,,,,,,,,
https://audiocircuit.dk/downloads/akai/Akai-1700-tape-sm.pdf,,schematic,pdf,200,8105726,5af88bd7ff393b0e904478e7a1417d0381b728700e109830c86f6edc216507ed,2026-09-22,,,,,,,,,
https://audiocircuit.dk/downloads/akai/Akai-1710-tape-sm.pdf,,schematic,pdf,200,8105726,9001434ef02c034f924711bbb9b7a35b15e53cd29c239bb7b6a79ff0419b93ef,2026-09-22,,,,,,,,,
https://audiocircuit.dk/downloads/akai/Akai-1710W-tape-sch.pdf,,schematic,pdf,200,154912,e5f248b6330d967f3e36149eff3e24de524e74799880460576228a4929686322,2026-09-22,,,,,,,,,
https://audiocircuit.dk/downloads/akai/Akai-1710W-tape-sm.pdf,,schematic,pdf,200,9077041,64671f4efe0935e6a79aa839ab5afe901a01be812aa5e8b3f4e8c750ceafeb4d,2026-09-22,,,,,,,,,
https://audiocircuit.dk/downloads/akai/Akai-1720L-tape-sm.pdf,,schematic,pdf,200,10112487,798868663ebeadf6349078ea3d8ea228bc05d8320adb3068d2e90d8064ae7ba4,2026-09-22,,,,,,,,,
https://audiocircuit.dk/downloads/akai/Akai-1720W-tape-sch.pdf,,schematic,pdf,200,154911,d9f980e0540e5b9195670f29ea14dfeaf14c57461095f7db497fa9c9f49e7009,2026-09-22,,,,,,,,,
https://audiocircuit.dk/downloads/akai/Akai-1720W-tape-sm.pdf,,schematic,pdf,200,10112487,b71f2039cefcfd9a8b645dc04dba9e5626e0605d00c62c331e9bb91ff88b587b,2026-09-22,,,,,,,,,
https://audiocircuit.dk/downloads/akai/Akai-1721L-tape-sm.pdf,,schematic,pdf,200,4413569,00a61f07c8f7d16527b2a4aab73dfbc6e93026d2d5e156e5f3e2ffbb1f546452,2026-09-22,,,,,,,,,
https://audiocircuit.dk/downloads/akai/Akai-1721W-tape-sm.pdf,,schematic,pdf,200,3149552,5fab1879f8e392ca7e45478478b831e88aad2fd5620b4ff1930e8cbc6ac528d5,2026-09-22,,,,,,,,,
https://audiocircuit.dk/downloads/akai/Akai-1722L-tape-sch.pdf,,schematic,pdf,200,261416,e15fa8ba415a5d20fc73d3f410efb171a3f792f89672f2561a53211cbba3a813,2026-09-22,,,,,,,,,
https://audiocircuit.dk/downloads/akai/Akai-1722MK2-tape-sch.pdf,,schematic,pdf,200,2484319,a6438ed160813568fe99871a39e26d7718a9d91ddf6585d83c1fb04d8b132f84,2026-09-22,,,,,,,,,
https://audiocircuit.dk/downloads/akai/Akai-1722W-tape-sch.pdf,,schematic,pdf,200,261416,51c690d9fa713f3ec3c7b176711ce65a108fcc8a7cd76aae525b13e7201bf8a7,2026-09-22,,,,,,,,,
https://audiocircuit.dk/downloads/akai/Akai-1722W-tape-sm.pdf,,schematic,pdf,200,2718635,58710db18e7c01c9d1c3aaba398ac378942846ce153d492f5f3873bb5c780473,2026-09-22,,,,,,,,,
https://audiocircuit.dk/downloads/akai/Akai-1722WL-tape-sch.pdf,,schematic,pdf,200,261407,4fc912755396590873f944caa9fc59c72fa902b0bc9dc3e37690b2ce4c183d99,2026-09-22,,,,,,,,,
https://audiocircuit.dk/downloads/akai/Akai-1730SS-tape-sm.pdf,,schematic,pdf,200,11255779,b9fcf3e51d7078b5f043e8bda4dd809ee43a4060c8be96d9d5cb231d0d381578,2026-09-22,,,,,,,,,
https://audiocircuit.dk/downloads/akai/Akai-1731-tape-sm.pdf,,schematic,pdf,200,8218044,8fbc73d47e101644d5f9cf171de74b8aceb10d9ba7f945b1e176fbf6f1968887,2026-09-22,,,,,,,,,
https://audiocircuit.dk/downloads/akai/Akai-1800L-tape-sm.pdf,,schematic,pdf,200,4700415,e980ee2a0f1fcca9f5036d3522042f9f65663ff3695a7d6c79d9ec6dfb68a112,2026-09-22,,,,,,,,,
https://audiocircuit.dk/downloads/akai/Akai-1800SS-tape-sm.pdf,,schematic,pdf,200,950620,612b975e2add5bdf40b2a46e84ae17527a58ba0e8908cd877553f902afcb2769,2026-09-22,,,,,,,,,
https://audiocircuit.dk/downloads/akai/Akai-202DSS-tape-sm.pdf,,schematic,pdf,200,6255764,e39bc6e2f06548edbc0caaccdd60cd96ae3a88bf5cc01eac99b68e29749f18c6,2026-09-22,,,,,,,,,
https://audiocircuit.dk/downloads/akai/Akai-202SS-tape-sm.pdf,,schematic,pdf,200,6275262,1db7f6ca7977f55c08f7be3efd6d4540c3504a54869b7d7727f310b3a72d892e,2026-09-22,,,,,,,,,
https://audiocircuit.dk/downloads/akai/Akai-250D-tape-sm.pdf,,schematic,pdf,200,10886186,425ada90a930292197e331471b457f6b30ad8b90d20315660aa8bc377223d044,2026-09-22,,,,,,,,,
https://audiocircuit.dk/downloads/akai/Akai-2600-tun-sch.pdf,,schematic,pdf,200,687848,5500105abd0262ffab3c0d164525005098d81c1c1367015c3449462d3cd881fe,2026-09-22,,,,,,,,,
https://audiocircuit.dk/downloads/akai/Akai-280DSS-tape-sm.pdf,,schematic,pdf,200,10932397,9354a3709c78fbd11a1e61ac4faba811d384419c1f757198468bb5fe1034c7fe,2026-09-22,,,,,,,,,
https://audiocircuit.dk/downloads/akai/Akai-4000A-tape-sch.pdf,,schematic,pdf,200,2078805,17a1251c4df2a0aea5e65f6cf54a7b9137ade78254961950a3933c63248a02d6,2026-09-22,,,,,,,,,
https://audiocircuit.dk/downloads/akai/Akai-4000D-tape-sch.pdf,,schematic,pdf,200,1724699,c8768064b0f4c6c5db776cf6b541dda1a1cf8f1bda4972d3201b9d982bacd6a7,2026-09-22,,,,,,,,,
https://audiocircuit.dk/downloads/akai/Akai-4000DB-tape-sm.pdf,,schematic,pdf,200,6042956,42ba712d30a2cdc8711090be11a6b28f7cb444cebd73f1201e2461d516a4d45e,2026-09-22,,,,,,,,,
https://audiocircuit.dk/downloads/akai/Akai-4000DS-tape-sm.pdf,,schematic,pdf,200,2982059,7871d1df9ab5aa72e73672590344f02e38dae0efc79573eb9bdd67abd45d0e6d,2026-09-22,,,,,,,,,
https://audiocircuit.dk/downloads/akai/Akai-4000DSMKll-tape-sm.pdf,,schematic,pdf,200,2982059,7214919e27224534ae15cbf4cc42b28027b719c22cfc02ef63d45f48a0677bbe,2026-09-22,,,,,,,,,
https://audiocircuit.dk/downloads/akai/Akai-4400-tape-sm.pdf,,schematic,pdf,200,2619606,5f5d2144830feb92b045571437fc9bee285583b57b96ed970d591d0d3830d605,2026-09-22,,,,,,,,,
https://audiocircuit.dk/downloads/akai/Akai-910-tape-sch.pdf,,schematic,pdf,200,303987,909754b268211d2fafa6bb5ba99c2dc253790d590bc4e55b204d093e2e4f82ba,2026-09-22,,,,,,,,,
https://audiocircuit.dk/downloads/akai/Akai-A1211-dvd-sm.pdf,,schematic,pdf,200,5599411,0d2c5a65cabbaab7e4200b6934d015644265635f05613f89a8709da5bbf9b7fa,2026-09-22,,,,,,,,,
https://audiocircuit.dk/downloads/akai/Akai-A4162-dvd-sm.pdf,,schematic,pdf,200,11415999,799cc2584621a86a28f0e29e6dee59bf589b923b305fc74ef4a30ca063c44bce,2026-09-22,,,,,,,,,
https://audiocircuit.dk/downloads/akai/Akai-A4181-dvd-sm.pdf,,schematic,pdf,200,341349,b09b09f73569142f1778bfba1af32bf4568a1ce465e9d2fd11305c893b855496,2026-09-22,,,,,,,,,
https://audiocircuit.dk/downloads/akai/Akai-A4182-dvd-sm.pdf,,schematic,pdf,200,11015809,928e1e642c7c8782fcdf26ef9eb5fad7a7dffb2896409000120eee0ffa08b77e,2026-09-22,,,,,,,,,
https://audiocircuit.dk/downloads/akai/Akai-A4183-dvd-sm.pdf,,schematic,pdf,200,11015809,76ff767978f705c4aaa3c9e6d23974ceee312352f1e223eddf26a45a1b348aae,2026-09-22,,,,,,,,,
https://audiocircuit.dk/downloads/akai/Akai-A4191-dvd-sm.pdf,,schematic,pdf,200,11416005,6ecf8d062abf891be683b71b34ef8e1744bde67a4ab6f3a4b36952b0fcc729c2,2026-09-22,,,,,,,,,
https://audiocircuit.dk/downloads/akai/Akai-A520-int-sm.pdf,,schematic,pdf,200,3998874,2a37cb9a92e46a2291867a0f741854e5b95d3e43ac64b2cf2d52bf178e8d6736,2026-09-22,,,,,,,,,
https://audiocircuit.dk/downloads/akai/Akai-AA1010-rec-sm.pdf,,schematic,pdf,200,1295137,3a892ee298ed3e70a18963a011d741dcdeb961fec181a769d16e176e440b174e,2026-09-22,,,,,,,,,
https://audiocircuit.dk/downloads/akai/Akai-AA1010L-rec-sch.pdf,,schematic,pdf,200,4358060,b7483dc6bf2b014553ddcdb869dee36f1bdc8b93d9981c158a93d5a7c36b5d71,2026-09-22,,,,,,,,,
https://audiocircuit.dk/downloads/akai/Akai-AA1010L-rec-sm.pdf,,schematic,pdf,200,4139837,89680a2a01bf4d37dffa84ff6291073433b418f9532c60948b37a074383b2bde,2026-09-22,,,,,,,,,
https://audiocircuit.dk/downloads/akai/Akai-AA1015-rec-sm.pdf,,schematic,pdf,200,21725296,644a47540e59322c3dd9dee107dcb7ec886e1aa799f81a960aef5eca23e1349a,2026-09-22,,,,,,,,,
https://audiocircuit.dk/downloads/akai/Akai-AA1015PL-rec-sch.pdf,,schematic,pdf,200,978090,556612513af4c065d8d0af858e1d22ecc7356ad47b99a1cf505829bba3ccbf76,2026-09-22,,,,,,,,,
https://audiocircuit.dk/downloads/akai/Akai-AA1015PL-rec-sm.pdf,,schematic,pdf,200,25981440,8435901462a299aba46af8572a09e78e5f11f97f5ab3da05ad468d3e6fcdbf12,2026-09-22,,,,,,,,,
https://audiocircuit.dk/downloads/akai/Akai-AA1020-rec-sm.pdf,,schematic,pdf,200,1213306,c3be4bf623ea5423486237b19c01175139aca0152ce55bb9a6b7e1f083806361,2026-09-22,,,,,,,,,
https://audiocircuit.dk/downloads/akai/Akai-AA1020DB-rec-sm.pdf,,schematic,pdf,200,6719012,db667d02d8ed67992d45f80b54b6b8c3f2a6e169c6c1769fc5ef632b873e54d3,2026-09-22,,,,,,,,,
https://audiocircuit.dk/downloads/akai/Akai-AA1030-rec-sm.pdf,,schematic,pdf,200,10064420,50c3cc4a76619346d18802bf6fba3fbfa5625a88ddd6d9c1a40a06ba0e0c0e3e,2026-09-22,,,,,,,,,
https://audiocircuit.dk/downloads/akai/Akai-AA1040-rec-sm.pdf,,schematic,pdf,200,6085360,8e79cbb797f4231394679f286ee85e3474dda76fff9a65288c64f5c079ae7a10,2026-09-22,,,,,,,,,
https://audiocircuit.dk/downloads/akai/Akai-AA1050-rec-sm.pdf,,schematic,pdf,200,6069814,8ffdd09c5e04e29fefbacb9ad3d5b57e861dea7efe2b35984c4ee54791e8d7f1,2026-09-22,,,,,,,,,
https://audiocircuit.dk/downloads/akai/Akai-AA1115-rec-sm.pdf,,schematic,pdf,200,13711471,e18ff551db50a61f45299419f971c4e2db46c73e2f55b84c732cc9cced48763b,2026-09-22,,,,,,,,,
https://audiocircuit.dk/downloads/akai/Akai-AA1125-rec-sm.pdf,,schematic,pdf,200,13711471,4534f04158a64331bfb134a918015aa180d48bbc87b3568e1a2e97c268157f07,2026-09-22,,,,,,,,,
https://audiocircuit.dk/downloads/akai/Akai-AA1135-rec-sm.pdf,,schematic,pdf,200,20087708,fde346e33a6ef665fc5cd6343faa065627ecf15b35b66e60fd8cfec053ddb832,2026-09-22,,,,,,,,,
https://audiocircuit.dk/downloads/akai/Akai-AA1135L-rec-sch.pdf,,schematic,pdf,200,652427,0223e6908b0e47eb2400813b209f7640ff97aa380fcb197e9fd3a76598732790,2026-09-22,,,,,,,,,
https://audiocircuit.dk/downloads/akai/Akai-AA1150-rec-sm.pdf,,schematic,pdf,200,20087711,4d49eb88e613c1593339491ca67318516b2c8a4f4deac72f16925b9dca7a14be,2026-09-22,,,,,,,,,
https://audiocircuit.dk/downloads/akai/Akai-AA1175-rec-sm.pdf,,schematic,pdf,200,922524,8869691c0fc2440c846b3c7f2c7dbe688104138ac8bef018f9e99e37f84b5c26,2026-09-22,,,,,,,,,
https://audiocircuit.dk/downloads/akai/Akai-AA1200-rec-sch.pdf,,schematic,pdf,200,919221,f3c34b2c62aabb726d9c585ebba9fa1035fb662166e5f18c16d92d78db43deaf,2026-09-22,,,,,,,,,
https://audiocircuit.dk/downloads/akai/Akai-AA39-rec-sm.pdf,,schematic,pdf,200,6053213,89d9c6541857ded5c2f088486c368a905d3e9add3b851889f9c43ec5a69d5b00,2026-09-22,,,,,,,,,
https://audiocircuit.dk/downloads/akai/Akai-AA49-rec-sm.pdf,,schematic,pdf,200,6053213,d42ee9417666729190ae2ab747aa51ed996578d27e4e5e28c0aa2f7d7f8e94e6,2026-09-22,,,,,,,,,
https://audiocircuit.dk/downloads/akai/Akai-AA5000Series-int-sm.pdf,,schematic,pdf,200,4697331,8a46872717276fc7d54db108a1c173f99e28ece1866e6d783c1093692cf936cd,2026-09-22,,,,,,,,,
https://audiocircuit.dk/downloads/akai/Akai-AA5200-int-sm.pdf,,schematic,pdf,200,4681237,2b6c0f1b8d00d3a7379c571368b803107d895fd926d523374ba81c8034aaa232,2026-09-22,,,,,,,,,
https://audiocircuit.dk/downloads/akai/Akai-AA5210-int-sm.pdf,,schematic,pdf,200,5527902,53692e1dbe83c52bba3982fa2b644b4782b83c4778612a13281ed6a313bac931,2026-09-22,,,,,,,,,
https://audiocircuit.dk/downloads/akai/Akai-AA5500-int-sm.pdf,,schematic,pdf,200,4681238,5e155d6d80b58e69cd03a39a4a9a4ee4ee7432095bb89555ae63aff6b3a3eaa0,2026-09-22,,,,,,,,,
https://audiocircuit.dk/downloads/akai/Akai-AA5510-int-sm.pdf,,schematic,pdf,200,6338862,fcf3e31083293e273eee568da391d0c8028a3ee3edbc2235e253f785ad3df553,2026-09-22,,,,,,,,,
https://audiocircuit.dk/downloads/akai/Akai-AA5800-int-sm.pdf,,schematic,pdf,200,4681237,25d77b80f4e26d8b28074aface4f7e5def712512ac15aac3b0101a4108bd954e,2026-09-22,,,,,,,,,
https://audiocircuit.dk/downloads/akai/Akai-AA5810-int-sm.pdf,,schematic,pdf,200,6338862,6ab74af368e26d8114309293ff4475919263665d8e7c8ff185fa90e4958ff704,2026-09-22,,,,,,,,,
https://audiocircuit.dk/downloads/akai/Akai-AA6000-int-sm.pdf,,schematic,pdf,200,1022693,5764f4e905a054845cea996709a7cd221c220811b7fb497fb9b41b6864627e40,2026-09-22,,,,,,,,,
https://audiocircuit.dk/downloads/akai/Akai-AA6100-int-sm.pdf,,schematic,pdf,200,4431044,279d2baf93f2c14b57795cb4727f59479e9b5a55e6871735c02ad19f9c435a75,2026-09-22,,,,,,,,,
https://audiocircuit.dk/downloads/akai/Akai-AA6300-int-sch.pdf,,schematic,pdf,200,517342,e15f9a83ea5b5a6a37ae42932a0c4daaa8a157462ed79a98cff623775671c855,2026-09-22,,,,,,,,,
https://audiocircuit.dk/downloads/akai/Akai-AA6300-int-sm.pdf,,schematic,pdf,200,9533963,bf6692a58ce8116b4fa199add09f6633ce3c0764600f8e513299ebf7e4d7453e,2026-09-22,,,,,,,,,
https://audiocircuit.dk/downloads/akai/Akai-AA6600-rec-sch.pdf,,schematic,pdf,200,2821539,42a8ab86313be59fc268216894acf41f851995df33754547f3f014aa638b23a5,2026-09-22,,,,,,,,,
https://audiocircuit.dk/downloads/akai/Akai-AA8000-int-sm.pdf,,schematic,pdf,200,3049984,d39f24f3bc2bda76774c19a4594c6b6addc82ba0605277ec0331be3a0a5183ac,2026-09-22,,,,,,,,,
https://audiocircuit.dk/downloads/akai/Akai-AA8030-int-sch.pdf,,schematic,pdf,200,1106803,0f15c8260d8310ae5357e04a326c254eaca561e410ffca7b0312229469fa4765,2026-09-22,,,,,,,,,
https://audiocircuit.dk/downloads/akai/Akai-AA8080-rec-sm.pdf,,schematic,pdf,200,14319308,1dd390af6d8a14d776a12316259a0f03979b44e16e774f6d9dd712c711fb6f44,2026-09-22,,,,,,,,,
https://audiocircuit.dk/downloads/akai/Akai-AA8500-int-pl.pdf,,schematic,pdf,200,9455883,775f2bb1c91786acae545d3b3d37c2423c492f3e2f5c93cf7a2da0c859f1b2a9,2026-09-22,,,,,,,,,
https://audiocircuit.dk/downloads/akai/Akai-AA8500-int-sch.pdf,,schematic,pdf,200,7628739,5e16a16fb287d2e9b6674aee386bf57f4fa1daeebe8ecfc19ebdf5a9fa4195c2,2026-09-22,,,,,,,,,
https://audiocircuit.dk/downloads/akai/Akai-AA8500-int-sm.pdf,,schematic,pdf,200,30499142,89793c9a6a6443653fd3590c47a27eac3c144d701853fab8c6df84c11cc9e706,2026-09-22,,,,,,,,,
https://audiocircuit.dk/downloads/akai/Akai-AA910-rec-sch.pdf,,schematic,pdf,200,2429367,cd7472ec7d19d802a778e40b2f543b56a161b9a43b493ffa87883b78a2f2d9fc,2026-09-22,,,,,,,,,
https://audiocircuit.dk/downloads/akai/Akai-AA920-rec-sm.pdf,,schematic,pdf,200,13218662,258f1f52667d89436446e4c54d4dee5f940e537a7704e2fc13676c15ed903187,2026-09-22,,,,,,,,,
https://audiocircuit.dk/downloads/akai/Akai-AA930-rec-sm.pdf,,schematic,pdf,200,13218662,1518cce8c7ca166b60fc21c0d8a66f4de2926dab1e97dc39ce706581ad3611d0,2026-09-22,,,,,,,,,
https://audiocircuit.dk/downloads/akai/Akai-AA940-rec-sm.pdf,,schematic,pdf,200,13218662,4c2d06bbf169a7c3596887ac753323dccff6f041219e68ece5d0eb957e020fec,2026-09-22,,,,,,,,,
https://audiocircuit.dk/downloads/akai/Akai-AAA1-rec-sm.pdf,,schematic,pdf,200,2528864,9e772cfdc15dbc608e2341f092e1a8cb672dc67a7a4c366cd13d90a93fac134e,2026-09-22,,,,,,,,,
https://audiocircuit.dk/downloads/akai/Akai-AAA25-rec-sm.pdf,,schematic,pdf,200,10280317,2050b3ce6e471b1fb4b41d84c15ba3c79a9be631dd49cf68e40854fe8208175f,2026-09-22,,,,,,,,,
https://audiocircuit.dk/downloads/akai/Akai-AAA35-rec-sch.pdf,,schematic,pdf,200,12858542,6fa98c1805f11f262e296adaab20a5c8901ce71539b773975f3c5d09246afb04,2026-09-22,,,,,,,,,
https://audiocircuit.dk/downloads/akai/Akai-AAA35-rec-sm.pdf,,schematic,pdf,200,10733854,e7d94e10ac894228376a9871fb92b407bd77bed223cf537fcb926603facad599,2026-09-22,,,,,,,,,
https://audiocircuit.dk/downloads/akai/Akai-AAA45-rec-sch.pdf,,schematic,pdf,200,6865260,6cbfb04f2171ed865d9c9bda4dcb7462d111ffb89d7f4c8d6540a320c2e65773,2026-09-22,,,,,,,,,
https://audiocircuit.dk/downloads/akai/Akai-AAA45-rec-sm.pdf,,schematic,pdf,200,7076122,f63e1349ed91e84797beb94e4395f9149aacdc1fa66fbc3fd9f34bc18b55f087,2026-09-22,,,,,,,,,
https://audiocircuit.dk/downloads/akai/Akai-AAM3-rec-sm.pdf,,schematic,pdf,200,7520254,cd52adc7befdbe1bdf6720710e32ab33dcc5c04faca9fbbfc7f207cbe686af38,2026-09-22,,,,,,,,,
https://audiocircuit.dk/downloads/akai/Akai-AAM35-rec-sm.pdf,,schematic,pdf,200,8699160,111547222ee72b5342863beece15a91ac7e871d3f5b0940bfce98e3763a130d2,2026-09-22,,,,,,,,,
https://audiocircuit.dk/downloads/akai/Akai-AAM8-rec-sm.pdf,,schematic,pdf,200,11012159,51983bbcbc0282a412ad0ebc2603d75b80226f08ccdaa95fbc09c8958a825d28,2026-09-22,,,,,,,,,
https://audiocircuit.dk/downloads/akai/Akai-AAR11-rec-sm.pdf,,schematic,pdf,200,9316766,e0d6bfa9c9ed5b2bc36a54df2fef776404a6c56f9fcbe3851082945cab3f931d,2026-09-22,,,,,,,,,
https://audiocircuit.dk/downloads/akai/Akai-AAR20-rec-sch.pdf,,schematic,pdf,200,973643,548b6f1427d40edf1b9d1ed3ea2fcfd035ffff9ebeeb96e91dc61bf71e65e805,2026-09-22,,,,,,,,,
https://audiocircuit.dk/downloads/akai/Akai-AAR20-rec-sm.pdf,,schematic,pdf,200,2872059,696cc8fd445715af4ffae235e34561a4a83b300229db1fdcc80419eb63426f38,2026-09-22,,,,,,,,,
https://audiocircuit.dk/downloads/akai/Akai-AAR21-rec-sm.pdf,,schematic,pdf,200,5189801,f0fead9c5650cb32bcaf9bf5b77e8fc09ea4bf5aa6f3ed419cbcd0d10f155886,2026-09-22,,,,,,,,,
https://audiocircuit.dk/downloads/akai/Akai-AAR22L-rec-sm.pdf,,schematic,pdf,200,16111667,e5756f52165646c57c9f175b4a7725e57195dfb32dc39f12bc6caa165162c84f,2026-09-22,,,,,,,,,
https://audiocircuit.dk/downloads/akai/Akai-AAR30-rec-sch.pdf,,schematic,pdf,200,1345075,eb97a931ba27131840ba5fa1dd29f0b4a9b611f1ce10fb36f92a69419a8df7cb,2026-09-22,,,,,,,,,
https://audiocircuit.dk/downloads/akai/Akai-AAR30-rec-sm.pdf,,schematic,pdf,200,2872059,696cc8fd445715af4ffae235e34561a4a83b300229db1fdcc80419eb63426f38,2026-09-22,,,,,,,,,
https://audiocircuit.dk/downloads/akai/Akai-AAR31-rec-sm.pdf,,schematic,pdf,200,5189801,71706754fd56a4242375aade6e84f474f8dccb9ea078559426293861db7f919f,2026-09-22,,,,,,,,,
https://audiocircuit.dk/downloads/akai/Akai-AAR32-rec-sch.pdf,,schematic,pdf,200,2629680,5521636b0f1f6c3cc06b92fbf77ef487890f63bd6971425e2d7795fb422c9aef,2026-09-22,,,,,,,,,
https://audiocircuit.dk/downloads/akai/Akai-AAR32L-rec-sch.pdf,,schematic,pdf,200,1411940,ac177248a0c903c29adadec44043ab8b38450b480376aa67e9393e5025bb3e44,2026-09-22,,,,,,,,,
https://audiocircuit.dk/downloads/akai/Akai-AAR32L-rec-sm.pdf,,schematic,pdf,200,16111667,da955d6b4c33273f044ac1751219e1948194e99baaa0940908f39db8180d2eaf,2026-09-22,,,,,,,,,
https://audiocircuit.dk/downloads/akai/Akai-AAR40-rec-sm.pdf,,schematic,pdf,200,4368569,c08a354a95916476515cc928cf1c76ca42a51c4cbb81ed97b1556cd7ff4d85c6,2026-09-22,,,,,,,,,
https://audiocircuit.dk/downloads/akg/AKG-BX10-rev-sm.pdf,,schematic,pdf,200,6055381,2c6343e4524b9d778fa75140ac38e48b195ec8379b6f078b9be76f1f52a5dbf6,2026-09-22,,,,,,,,,
https://audiocircuit.dk/downloads/akg/AKG-BX20E-rev-sm-de.pdf,,schematic,pdf,200,3957690,7e256deb0a5195a028abe857d3e9ef32daa68041707d98900a659fedece481dd,2026-09-22,,,,,,,,,
https://audiocircuit.dk/downloads/akg/AKG-BX20E-rev-sm.pdf,,schematic,pdf,200,1529226,ed2f9403bf53df0a679563be9cf309f157a7ed8d0d34b084efd9792a527639ad,2026-09-22,,,,,,,,,
https://audiocircuit.dk/downloads/akg/AKG-BX22E-rev-sup.pdf,,schematic,pdf,200,185257,ee9f379180761bb7acdb52016f4d49c45d44db7857c78d0a948a4199cb1e7269,2026-09-22,,,,,,,,,
https://audiocircuit.dk/downloads/akg/AKG-BX5-cru-sch.pdf,,schematic,pdf,200,2090049,e20656b6e98412b74b46aba6a6f2b6738fd612d92e2a6ef6d6626851363df6c0,2026-09-22,,,,,,,,,
https://audiocircuit.dk/downloads/akg/AKG-BX5-rev-sm.pdf,,schematic,pdf,200,2136379,db0baab86488d388d93456964ea293d4135f373e457dbb34f8083f015bb2fe02,2026-09-22,,,,,,,,,
https://audiocircuit.dk/downloads/akg/AKG-C1000S-mic-sm.pdf,,schematic,pdf,200,206336,a8aae8fa851c44b2f82a6aabed83d955f65c2b312932750f43e49cc146ac7b93,2026-09-22,,,,,,,,,
https://audiocircuit.dk/downloads/akg/AKG-C12-psu-sch.pdf,,schematic,pdf,200,205895,3136c8fe94b98a02e913cf3d1db51c34a22f270672d2b52030a2c85cecffc6b3,2026-09-22,,,,,,,,,
https://audiocircuit.dk/downloads/akg/AKG-C12VR-mic-sm.pdf,,schematic,pdf,200,881704,03e6025fc80a04313f9e5b1d050bd553d0ddd6e2d58dfc98ccb1a37cbb709227,2026-09-22,,,,,,,,,
https://audiocircuit.dk/downloads/akg/AKG-C3000-mic-sm.pdf,,schematic,pdf,200,595936,333b7f30d0e2270f6dd3a653334ff6a909cd8c4fc4ba1e0064805ab62c50b190,2026-09-22,,,,,,,,,
https://audiocircuit.dk/downloads/akg/AKG-C414-mic-sch.pdf,,schematic,pdf,200,247312,7f9ce6c3ab86195c0525b82a2bc9c0d5c1848db18559829fb358945070fa6420,2026-09-22,,,,,,,,,
https://audiocircuit.dk/downloads/akg/AKG-C414-pre-sch.pdf,,schematic,pdf,200,247312,8a6e4ba4dce730fab44b28b77f2849c31fa47101ea0d91d5ed02cf898aa21826,2026-09-22,,,,,,,,,
https://audiocircuit.dk/downloads/akg/AKG-C414B-mic-sm1.pdf,,schematic,pdf,200,230578,0ef92d573cf547227428c8b4fd56445f205f95f72f2d4959680721da877b590e,2026-09-22,,,,,,,,,
https://audiocircuit.dk/downloads/akg/AKG-C414B-mic-sm2.pdf,,schematic,pdf,200,1045384,9b45147d72fe8326e880c43641230fa1d0e2276fc717c6682c9bc2e450fbc2f1,2026-09-22,,,,,,,,,
https://audiocircuit.dk/downloads/akg/AKG-C414EB-mic-sch.pdf,,schematic,pdf,200,953932,f872da34ec0a46375579f517e1a6f2c35fd614ba6e1a7d9a1b7ff8d2788fa4fd,2026-09-22,,,,,,,,,
https://audiocircuit.dk/downloads/akg/AKG-C414EB-pre-sch.pdf,,schematic,pdf,200,953932,115ac1627d2d29788b56b95110df7de73bef33c77adf27bf2dce92a31d181098,2026-09-22,,,,,,,,,
https://audiocircuit.dk/downloads/akg/AKG-C418-mic-sm.pdf,,schematic,pdf,200,169496,84a886dbf052bd31e0d024218e347d4e9233eda4cfc95fb7b6c3d7254f99e2cc,2026-09-22,,,,,,,,,
https://audiocircuit.dk/downloads/akg/AKG-C419-mic-sm.pdf,,schematic,pdf,200,190425,b9ccc9e928dafa0a62ce17e8184f02a75e38c8377c827b83d4eae8129133e76c,2026-09-22,,,,,,,,,
https://audiocircuit.dk/downloads/akg/AKG-C422-mic-sch.pdf,,schematic,pdf,200,457083,f07bce8196892505b5736da4b471d1d4d6502898a86117d21d53863485e4278b,2026-09-22,,,,,,,,,
https://audiocircuit.dk/downloads/akg/AKG-C422-pre-sch.pdf,,schematic,pdf,200,457083,84939ef8781de31a47c4772de981e7e514207556a814109b4053c877f2b02480,2026-09-22,,,,,,,,,
https://audiocircuit.dk/downloads/akg/AKG-C61-psu-sch.pdf,,schematic,pdf,200,561741,d9ec5ba5ca110c1c52f51486d1ddff0b930af5c42e1acb83fde8574cb82d5209,2026-09-22,,,,,,,,,
https://audiocircuit.dk/downloads/akg/AKG-D112-mic-sm.pdf,,schematic,pdf,200,161159,489d6af8e5f37ffa4f867183265a0dd49d8c3a373c4bd519123db63a4c221161,2026-09-22,,,,,,,,,
https://audiocircuit.dk/downloads/akg/AKG-DBX266-dbx-sch.pdf,,schematic,pdf,200,265299,3d49bbfaca19032eeaed27056537e25f0f68bcbb567450df18a4326a78478f8a,2026-09-22,,,,,,,,,
https://audiocircuit.dk/downloads/akg/AKG-P220CKT-mic-sch.pdf,,schematic,pdf,200,41918,4fa84910b398f9a05aa274ca34f129076d5b1b5a09b715092dc8d6144c410393,2026-09-22,,,,,,,,,
https://audiocircuit.dk/downloads/akg/AKG-SR40-pre-sch.pdf,,schematic,pdf,200,666174,11a6da938cf636ddc20dd30934aeccf39971a120a0567515913c9586334e300c,2026-09-22,,,,,,,,,
https://audiocircuit.dk/downloads/akg/AKG-WMS40-mic-sm.pdf,,schematic,pdf,200,4466144,2793a6ab2f94153043a83bb01bb0414ac4430b00734444af9c032e3b79e5114c,2026-09-22,,,,,,,,,
https://audiocircuit.dk/downloads/akg/AKG-WMS40-mic-sup.pdf,,schematic,pdf,200,508090,d4ba1b2304d631d03965a20b0a0afccecfc673d134ac0fa80d15b53d2e18f70b,2026-09-22,,,,,,,,,
https://audiocircuit.dk/downloads/akg/AKG-WMS400-mic-sm.pdf,,schematic,pdf,200,1798353,4ef66a6b0e3c5ad580f14a2e97aa06f1f9931fab862ec1a2ff23aecc9f2a2988,2026-09-22,,,,,,,,,
https://audiocircuit.dk/downloads/akg/AKG-WMS4000-mic-sm.pdf,,schematic,pdf,200,4396687,b9d04b03a213b1ba44d6cf9dc1597ca3bf0adab0f9d519e345a5fe3356c9a27c,2026-09-22,,,,,,,,,
https://audiocircuit.dk/downloads/akg/AKG-WMS450-mic-sm.pdf,,schematic,pdf,200,1798357,03b8764991c3f9fc7852d084174d9c23c6b3f8979cdec2532e3d060e27919090,2026-09-22,,,,,,,,,
https://audiocircuit.dk/downloads/akg/AKG-WMS4500-mic-sm.pdf,,schematic,pdf,200,4396668,1e3f923725155013a97f3ab526ecc308efdcf6127195e2f372704fe3e3d599c7,2026-09-22,,,,,,,,,
https://audiocircuit.dk/downloads/akg/AKG-WMS470-mic-sm.pdf,,schematic,pdf,200,1798343,bd01a3e3e5da5e8eb46ae4fa0219866ef5e3fe0c5a44b4ee1bfaa838c230fdbd,2026-09-22,,,,,,,,,
https://audiocircuit.dk/downloads/akg/AKG-WMS60-mic-sm.pdf,,schematic,pdf,200,17942282,ebe7afcbc01a91ef4c4c553b87a2996ef36c54206fb07994ca1074b1bee1d258,2026-09-22,,,,,,,,,
https://audiocircuit.dk/downloads/akg/AKG-WMS61-mic-sm.pdf,,schematic,pdf,200,17942282,fe69d43a6611619e255e713656a1292d51582eb581514cec6ae696518b883776,2026-09-22,,,,,,,,,
https://audiocircuit.dk/downloads/alchemist/Alchemist-112-pwr-sch.pdf,,schematic,pdf,200,2841020,af2342815225663fd1e4061da9acbbf0a1698d4f0d110a36a9b807d175c735a1,2026-09-22,,,,,,,,,
https://audiocircuit.dk/downloads/alchemist/Alchemist-APD15-pwr-sch.pdf,,schematic,pdf,200,162491,cbb3dacebf4a764798917e536680f65bb2fe2358d086fd1717d8c3845bf0cec5,2026-09-22,,,,,,,,,
https://audiocircuit.dk/downloads/alchemist/Alchemist-Axiom-pwr-sch.pdf,,schematic,pdf,200,77437,37c28eb088161a54721ce0084beb7e7bd898f80538ba6d6ce55840cec1190fc8,2026-09-22,,,,,,,,,
https://audiocircuit.dk/downloads/alesis/Alesis-3630F-comp-sch.pdf,,schematic,pdf,200,154988,769d5721a4847cf59814ecd22266c2093cdcf4565e589c92239cf53bcaed9db9,2026-09-22,,,,,,,,,
https://audiocircuit.dk/downloads/alesis/Alesis-A4-pwr-sm.pdf,,schematic,pdf,200,1346389,79aac836e7a5e99a36564e6c2a22b6a7e1a3f9883c5bec82ed13da4bc6785a5d,2026-09-22,,,,,,,,,
https://audiocircuit.dk/downloads/alesis/Alesis-A8-pwr-sm.pdf,,schematic,pdf,200,1346382,460dae09aa46db20df56184cb67fe1c61187508ea85f445497a0a3a39055872c,2026-09-22,,,,,,,,,
https://audiocircuit.dk/downloads/alesis/Alesis-AndromedaA6-syn-sch.pdf,,schematic,pdf,200,3529456,2921b9c8e9f8d467fc6285c9191c14dddfcd1d1c76e13b77cc68275cd2ddf875,2026-09-22,,,,,,,,,
https://audiocircuit.dk/downloads/alesis/Alesis-D4-dm-sm.pdf,,schematic,pdf,200,1189114,37088e2e67a9a41a4efbcec7da4119e715ad00d91793dba03231973b5c390d05,2026-09-22,,,,,,,,,
https://audiocircuit.dk/downloads/alesis/Alesis-D5-dm-sm.pdf,,schematic,pdf,200,2224958,a9b6a85e6c69140bceb766cdf670ebb692ce2d57cb12a8de74f98030175a4357,2026-09-22,,,,,,,,,
https://audiocircuit.dk/downloads/alesis/Alesis-DEQ830ME4-eq-sm.pdf,,schematic,pdf,200,5665675,23719f2386c565d8fbee555143612101e2332918dbdd507a8c662b102ff33052,2026-09-22,,,,,,,,,
https://audiocircuit.dk/downloads/alesis/Alesis-DM5-dm-sm.pdf,,schematic,pdf,200,2224956,e18aec52e5958c5006ed51c846e1dcc2a994fd4c406f1f42567f3b94eb983786,2026-09-22,,,,,,,,,
https://audiocircuit.dk/downloads/alesis/Alesis-HD24RL-hdr-sm.pdf,,schematic,pdf,200,15621559,297efbbcecc278bbaf0fbf27e74830497dafdebf1888b651373a209a4b178f5f,2026-09-22,,,,,,,,,
https://audiocircuit.dk/downloads/alesis/Alesis-HR16-dm-sm.pdf,,schematic,pdf,200,938968,19ab2f610264d80933041cf09578eed43e9f580beb35e4f15a5419b4ae14dc5f,2026-09-22,,,,,,,,,
https://audiocircuit.dk/downloads/alesis/Alesis-ION-key-sm.pdf,,schematic,pdf,200,11909381,176ceb349b670e3f39d1d5f113b04ecbfb9762594bba896edf496f20d25fed4b,2026-09-22,,,,,,,,,
https://audiocircuit.dk/downloads/alesis/Alesis-M1-pwr-sch.pdf,,schematic,pdf,200,1309079,fc1738ede8487eeccd415d38c133fc235f6c462757a34c427999d54abfebe54d,2026-09-22,,,,,,,,,
https://audiocircuit.dk/downloads/alesis/Alesis-M1-spk-sch.pdf,,schematic,pdf,200,632612,ca93f27c90b7890896ad7c42a1bd972a807f33325f49f1c86d14b9275a8d274a,2026-09-22,,,,,,,,,
https://audiocircuit.dk/downloads/alesis/Alesis-MIDIVERB-sep-sm.pdf,,schematic,pdf,200,3040804,9755b5ca66a7ec2c85a57db5398f8e995c0437fecde4d4405cef6f6be6294227,2026-09-22,,,,,,,,,
https://audiocircuit.dk/downloads/alesis/Alesis-MMT8-seq-sm.pdf,,schematic,pdf,200,15544547,582a46017033560a0f718034d97f44c462d95f510f82c73cec63cfd37e1b2c82,2026-09-22,,,,,,,,,
https://audiocircuit.dk/downloads/alesis/Alesis-MMT8_rev2-midi-sch.pdf,,schematic,pdf,200,2711526,276c8986b68bf7417d66047d71a2b848d63d0db6d7448533d212a613a9d3b6f6,2026-09-22,,,,,,,,,
https://audiocircuit.dk/downloads/alesis/Alesis-MULTIMIX16USB-mix-sm.pdf,,schematic,pdf,200,4518674,357fb682da9ce057033f2252a6914cdc84abbeb3328bb1710ae4b38ebc0838dd,2026-09-22,,,,,,,,,
https://audiocircuit.dk/downloads/alesis/Alesis-Matica500-pwr-sm.pdf,,schematic,pdf,200,1346374,f4a091ca8d51afd8c5978254b26b220cc76ee5b3389190a826e61dfb6ed67ba6,2026-09-22,,,,,,,,,
https://audiocircuit.dk/downloads/alesis/Alesis-Matica500_900-pwr-sm.pdf,,schematic,pdf,200,1384815,99909a0170523c853472b4b055778984efc6eed442d49374eaa36288ca1e3fef,2026-09-22,,,,,,,,,
https://audiocircuit.dk/downloads/alesis/Alesis-Matica900-pwr-sm.pdf,,schematic,pdf,200,1346400,253b8c019886d536aa6325d8e94cd80df35fd1d920091ff8a902bde6c2eade06,2026-09-22,,,,,,,,,
https://audiocircuit.dk/downloads/alesis/Alesis-Micron-key-sch.pdf,,schematic,pdf,200,3171000,ad8179da8796b40d87bf2ed37e8c81b6b7a12139239f08922af16c2c63e9a10a,2026-09-22,,,,,,,,,
https://audiocircuit.dk/downloads/alesis/Alesis-Microverb-sp-sch.pdf,,schematic,pdf,200,1532081,b9757fffe183fa183b77b5985e8325ecaf877b91af01a8ee91fa2c896913f644,2026-09-22,,,,,,,,,
https://audiocircuit.dk/downloads/alesis/Alesis-Microverb4-sp-sm.pdf,,schematic,pdf,200,3896395,78d77994167beae507eba4cf621500030d4a67726753e62566eb0aeb79c6f922,2026-09-22,,,,,,,,,
https://audiocircuit.dk/downloads/alesis/Alesis-Microverb4C4-sp-sm.pdf,,schematic,pdf,200,1535889,69aac31d152181acf337755aeda69325e3777fb95347d1f27019737452c67026,2026-09-22,,,,,,,,,
https://audiocircuit.dk/downloads/alesis/Alesis-Midiverb2-sp-sch.pdf,,schematic,pdf,200,4023124,c9a1c15e22c567d8233733fa2faf8b0f530c3740d978451b16aef4d105d3a2e4,2026-09-22,,,,,,,,,
https://audiocircuit.dk/downloads/alesis/Alesis-Midiverb3-sep-sm.pdf,,schematic,pdf,200,692861,8cfcf5549b040cb04a1e3f25ca9c8fc20617fcb11c9cd5e100f362c0672e7e91,2026-09-22,,,,,,,,,
https://audiocircuit.dk/downloads/alesis/Alesis-Midiverb3-sp-sm.pdf,,schematic,pdf,200,654183,e2ff9f8264a012b3115e207c0504de77127c5d76d937dc7fb7d790fcb141a909,2026-09-22,,,,,,,,,
https://audiocircuit.dk/downloads/alesis/Alesis-Midiverb4-sep-sm.pdf,,schematic,pdf,200,3040804,9755b5ca66a7ec2c85a57db5398f8e995c0437fecde4d4405cef6f6be6294227,2026-09-22,,,,,,,,,
https://audiocircuit.dk/downloads/alesis/Alesis-MultimixMM16USB-mix-sm.pdf,,schematic,pdf,200,5133572,fb5e93696fdc8309284d6f72237c65c3b02ea000b1b65c3700cacfff47b68993,2026-09-22,,,,,,,,,
https://audiocircuit.dk/downloads/alesis/Alesis-NanoVerb-dep-sm.pdf,,schematic,pdf,200,3896395,78d77994167beae507eba4cf621500030d4a67726753e62566eb0aeb79c6f922,2026-09-22,,,,,,,,,
https://audiocircuit.dk/downloads/alesis/Alesis-Nanoverb-sp-sm.pdf,,schematic,pdf,200,3893980,1584cce23dba1a59c846aca57ba418b258ef9df9c31e2455d8797dc65a063e20,2026-09-22,,,,,,,,,
https://audiocircuit.dk/downloads/alesis/Alesis-Q01-key-sm.pdf,,schematic,pdf,200,11909389,3def287344721a3ef0f6102c7f45134da7419da9abd9bab8c53473f213d8691c,2026-09-22,,,,,,,,,
https://audiocircuit.dk/downloads/alesis/Alesis-QuadraVerbGT-ep-sm.pdf,,schematic,pdf,200,850540,aa09fee37e4803b5ad33a07a68edf216b9b6c7feb08409f72b53f2c2110476cf,2026-09-22,,,,,,,,,
https://audiocircuit.dk/downloads/alesis/Alesis-QuadraVerbPlus-ep-sm.pdf,,schematic,pdf,200,1360393,88ac66bee83c549d24547c66cf8a3949352d4d1a6fa7ef2990405aaefd74cd09,2026-09-22,,,,,,,,,
https://audiocircuit.dk/downloads/alesis/Alesis-QuadraVerbQ2-ep-sm.pdf,,schematic,pdf,200,2605275,a0bf792c8b87b7cddaf1747231fb2b781e4939a906f6c7e1c45379311b9d60f8,2026-09-22,,,,,,,,,
https://audiocircuit.dk/downloads/alesis/Alesis-QuadraVerbQ20-ep-sm.pdf,,schematic,pdf,200,16248783,21d5e0a88c4db76f5558819d9a9bbd890a5238c1f537cf33f726e20acfbf8371,2026-09-22,,,,,,,,,
https://audiocircuit.dk/downloads/alesis/Alesis-QuadraVerbQ3-ep-sm.pdf,,schematic,pdf,200,16248783,21d5e0a88c4db76f5558819d9a9bbd890a5238c1f537cf33f726e20acfbf8371,2026-09-22,,,,,,,,,
https://audiocircuit.dk/downloads/alesis/Alesis-Quadraverb-sp-sm.pdf,,schematic,pdf,200,1352050,daf1f202abf037b04ba8035af41f6f47e25e1c379ef1ea35e48c8522fcf172a5,2026-09-22,,,,,,,,,
https://audiocircuit.dk/downloads/alesis/Alesis-Quadraverb2-sp-sm.pdf,,schematic,pdf,200,2605208,4224dadb7409118b65cc80d7969742f0c4235ea446d96d8eb505e78e9553664b,2026-09-22,,,,,,,,,
https://audiocircuit.dk/downloads/alesis/Alesis-QuadraverbGT-sp-sm.pdf,,schematic,pdf,200,853700,292986ceefb5167e457c62de2ab02c50da3c9164c5e2b344ebcf46ead768caf5,2026-09-22,,,,,,,,,
https://audiocircuit.dk/downloads/alesis/Alesis-RA100-pwr-sch.pdf,,schematic,pdf,200,946304,17fe0e952e7ad5013c2a96066febe8cbde3f539b73ae349dc5ae7aaa13647e6b,2026-09-22,,,,,,,,,
https://audiocircuit.dk/downloads/alesis/Alesis-RA100-pwr-sm.pdf,,schematic,pdf,200,974285,64d48dd8e82f5ea3603c659c5158bd4f129f475e2cd2441b0d1659235ae62980,2026-09-22,,,,,,,,,
https://audiocircuit.dk/downloads/alesis/Alesis-RA150-pwr-sch.pdf,,schematic,pdf,200,267284,054c2c9ff4ced84ee1c912efa025f5a54bf6e273c75ecab7a05fa89e056474b5,2026-09-22,,,,,,,,,
https://audiocircuit.dk/downloads/alesis/Alesis-RA150-pwr-sm.pdf,,schematic,pdf,200,387022,d61fea82f7152d6cc983a14b509ffaef9dfb5470d4fbcd8c2cbb1921871e2c48,2026-09-22,,,,,,,,,
https://audiocircuit.dk/downloads/alesis/Alesis-RA300-pwr-sch.pdf,,schematic,pdf,200,474644,ca5cec5e89817ff7954ae0cd38ec4e1a65dcb49a30c2adf585ec9614470a76b6,2026-09-22,,,,,,,,,
https://audiocircuit.dk/downloads/alesis/Alesis-RA300-pwr-sm.pdf,,schematic,pdf,200,688000,05ef9de1c801b69ee9a750c09b6132aa4da71154fcdec4364b7e164aac77b0aa,2026-09-22,,,,,,,,,
