key,url,role,type,http,bytes,sha256,download_at,n_pages,text_method,ocr_at,ocr_v,index_at,index_v,linkcheck_at,link_ok,skip_reason
https://experimentalistsanonymous.com/diy/Schematics/ADSR%20Generators%20and%20Envelope%20Generators/ADSR%20Generator.pdf,,schematic,pdf,200,120964,9a9f9c703ad735df1da33b333186252bad6af3f8491b45c32a4e8b11f970d29a,2026-09-20,1,ocr_boxes,2026-09-20,ocr_boxes-1,2026-09-20,parts-2026-09-20f,,,
https://experimentalistsanonymous.com/diy/Schematics/ADSR%20Generators%20and%20Envelope%20Generators/Dual%20ADSR.gif,,schematic,gif,200,11073,1a0ecb0a1615252efc2512563b740ddbb83b5bdc3f73d970eb48c5462c5467d0,2026-09-20,1,ocr_boxes,2026-09-20,ocr_boxes-1,2026-09-20,parts-2026-09-20f,,,
https://experimentalistsanonymous.com/diy/Schematics/ADSR%20Generators%20and%20Envelope%20Generators/EFM%20Dual%20ADSR.pdf,,schematic,pdf,200,525495,23ce2d4c99a7da63f17bc955e2ea7a20a211abc2b0e164a2dd8d6b6f45ef5e43,2026-09-20,3,ocr_boxes,2026-09-20,ocr_boxes-1,2026-09-20,parts-2026-09-20f,,,
https://experimentalistsanonymous.com/diy/Schematics/ADSR%20Generators%20and%20Envelope%20Generators/EFM%20Envelope%20Generator.pdf,,schematic,pdf,200,88284,9940d2a97d2ab714dbbc098a8226e4242fc7c80625981fc7cf3a574029f8cddd,2026-09-20,4,ocr_boxes,2026-09-20,ocr_boxes-1,2026-09-20,parts-2026-09-20f,,,
https://experimentalistsanonymous.com/diy/Schematics/ADSR%20Generators%20and%20Envelope%20Generators/EMS%20VCS3%20Envelope%20Generator.GIF,,schematic,gif,200,40158,e9814839fc3705121b65b5fd1e983ed7e420dda8fa66c392131bcb0d890cb7f6,2026-09-20,1,ocr_boxes,2026-09-20,ocr_boxes-1,2026-09-20,parts-2026-09-20f,,,
https://experimentalistsanonymous.com/diy/Schematics/ADSR%20Generators%20and%20Envelope%20Generators/ENF-121%20Envelope%20Follower.gif,,schematic,gif,200,9055,73317b4119bb9d6eb02720108a319f0fd6b1010feb9bf70944f194a10c29fb98,2026-09-20,1,ocr_boxes,2026-09-20,ocr_boxes-1,2026-09-20,parts-2026-09-20f,,,
https://experimentalistsanonymous.com/diy/Schematics/ADSR%20Generators%20and%20Envelope%20Generators/Horn%20Envelope%20Follower.jpg,,schematic,jpeg,200,56863,064ee639f1bae937dae90525be871b838c223e906df3ee89ee66b741882aa888,2026-09-20,1,ocr_boxes,2026-09-20,ocr_boxes-1,2026-09-20,parts-2026-09-20f,,,
https://experimentalistsanonymous.com/diy/Schematics/ADSR%20Generators%20and%20Envelope%20Generators/Morph-Lag.gif,,schematic,gif,200,11099,2e46482ecb2ab4722abbdd2958ef2d203aa7fed675287f8dbaf86cc600643dfd,2026-09-20,1,ocr_boxes,2026-09-20,ocr_boxes-1,2026-09-20,parts-2026-09-20f,,,
https://experimentalistsanonymous.com/diy/Schematics/ADSR%20Generators%20and%20Envelope%20Generators/Paia%202720-11%20Envelope%20Follower%20Trigger.gif,,schematic,gif,200,16886,77bac5ed1e0eb08c05a06e2a56eb6fcd94953b7bb4093af91407cb30aee57fc2,2026-09-20,1,ocr_boxes,2026-09-20,ocr_boxes-1,2026-09-20,parts-2026-09-20f,,,
https://experimentalistsanonymous.com/diy/Schematics/ADSR%20Generators%20and%20Envelope%20Generators/Paia%202720-4%20Function%20Generator.gif,,schematic,gif,200,24984,4617598ea23aa9b8cc0fbaa7a7bb34d075cfea91e3d3c7280a3302e11b102ed8,2026-09-20,1,ocr_boxes,2026-09-20,ocr_boxes-1,2026-09-20,parts-2026-09-20f,,,
https://experimentalistsanonymous.com/diy/Schematics/ADSR%20Generators%20and%20Envelope%20Generators/Polyfusion%202044%20Envelope%20Follower.jpg,,schematic,jpeg,200,81163,4f4e329a8706a4f74296d4f11eb37185a3d2fe6926f25ca08520eb89291adf32,2026-09-20,1,ocr_boxes,2026-09-20,ocr_boxes-1,2026-09-20,parts-2026-09-20f,,,
https://experimentalistsanonymous.com/diy/Schematics/ADSR%20Generators%20and%20Envelope%20Generators/Polyfusion%20Envelope%20Follower.gif,,schematic,gif,200,114771,f264135cd9fd45a56954bc55196e5f409e9652124b2d196cdf9da9950d798db4,2026-09-20,1,ocr_boxes,2026-09-20,ocr_boxes-1,2026-09-20,parts-2026-09-20f,,,
https://experimentalistsanonymous.com/diy/Schematics/ADSR%20Generators%20and%20Envelope%20Generators/Ripply%20Envelope%20Follower.gif,,schematic,gif,200,3658,20d2232b40029e243def2d1d95345537f4258fbd6d292c24053c192592bb782b,2026-09-20,1,ocr_boxes,2026-09-20,ocr_boxes-1,2026-09-20,parts-2026-09-20f,,,
https://experimentalistsanonymous.com/diy/Schematics/ADSR%20Generators%20and%20Envelope%20Generators/Simple%20Op%20Amp%20Envelope%20Follower.gif,,schematic,gif,200,7813,622ff63e64ac0042fbe271f887541a1c3926ac0ecd64e81dabde0fde4db0161e,2026-09-20,1,ocr_boxes,2026-09-20,ocr_boxes-1,2026-09-20,parts-2026-09-20f,,,
https://experimentalistsanonymous.com/diy/Schematics/ADSR%20Generators%20and%20Envelope%20Generators/Voltage%20Controlled%20ADSR.pdf,,schematic,pdf,200,7287,dd8be562d83f3252722297fb419db08fc4db68a93cf85c5258cb9230c4620ba0,2026-09-20,1,ocr_boxes,2026-09-20,ocr_boxes-1,2026-09-20,parts-2026-09-20f,,,
https://experimentalistsanonymous.com/diy/Schematics/Amplifiers%20and%20VCAs/10%20Watt%20Power%20Amp.GIF,,schematic,gif,200,5374,66bdc8e22441ca0f08a774d42dd070179144630ae37915f929f098fd4ca1e79c,2026-09-20,1,ocr_boxes,2026-09-20,ocr_boxes-1,2026-09-20,parts-2026-09-20f,,,
https://experimentalistsanonymous.com/diy/Schematics/Amplifiers%20and%20VCAs/10W%20Amplifier.gif,,schematic,gif,200,20459,d339f4b28e1cae6e23b7f6a0cd98503df050c9e26e700d4b4021f683feed1274,2026-09-20,1,ocr_boxes,2026-09-20,ocr_boxes-1,2026-09-20,parts-2026-09-20f,,,
https://experimentalistsanonymous.com/diy/Schematics/Amplifiers%20and%20VCAs/20%20Watt%20Power%20Amp.GIF,,schematic,gif,200,4194,000118fbf977b549793163e999306ba1cb90c3143641dc74b170cd1f414317c6,2026-09-20,1,ocr_boxes,2026-09-20,ocr_boxes-1,2026-09-20,parts-2026-09-20f,,,
https://experimentalistsanonymous.com/diy/Schematics/Amplifiers%20and%20VCAs/Amp%20with%20Tunable%20Filter.GIF,,schematic,gif,200,14649,a0b8babc5df4fdb0af76dcb0a4b105ee4beff70d6bc775e203233f6206c9222e,2026-09-20,1,ocr_boxes,2026-09-20,ocr_boxes-1,2026-09-20,parts-2026-09-20f,,,
https://experimentalistsanonymous.com/diy/Schematics/Amplifiers%20and%20VCAs/Candy%20Tin%20Amplifier.pdf,,schematic,pdf,200,1106265,ea387f6e0123b2059e3a1330b67efada393cbfe73e8968db7bfccb5bf5d65b5a,2026-09-20,8,ocr_boxes,2026-09-20,ocr_boxes-1,2026-09-20,parts-2026-09-20f,,,
https://experimentalistsanonymous.com/diy/Schematics/Amplifiers%20and%20VCAs/Dual%20Linear%20VCA.gif,,schematic,gif,200,13051,9ab4d62b96931094337fee18bad97ebd7a864247433e12a8a9ea691377917dd9,2026-09-20,1,ocr_boxes,2026-09-20,ocr_boxes-1,2026-09-20,parts-2026-09-20f,,,
https://experimentalistsanonymous.com/diy/Schematics/Amplifiers%20and%20VCAs/Hi-Fi%20Preamp.gif,,schematic,gif,200,9169,3ff6de19714fdcfd39c2788513cd3647839490b5768896e3a627399f1f5d8f93,2026-09-20,1,ocr_boxes,2026-09-20,ocr_boxes-1,2026-09-20,parts-2026-09-20f,,,
https://experimentalistsanonymous.com/diy/Schematics/Amplifiers%20and%20VCAs/High%20Quality%20Transistor%20Preamp.pdf,,schematic,pdf,200,6428,0a63d2d9622be0c220d9bce44d6bfb86820f5fc2445cf5b0e9c0eb6bbb99c569,2026-09-20,1,ocr_boxes,2026-09-20,ocr_boxes-1,2026-09-20,parts-2026-09-20f,,,
https://experimentalistsanonymous.com/diy/Schematics/Amplifiers%20and%20VCAs/Inverting%20or%20Noninverting%20Amplifier.GIF,,schematic,gif,200,5675,e48fc806c5d6e2f6925f2c770b9a840c5a7e3b71e8ecc5253156c10d155688f5,2026-09-20,1,ocr_boxes,2026-09-20,ocr_boxes-1,2026-09-20,parts-2026-09-20f,,,
https://experimentalistsanonymous.com/diy/Schematics/Amplifiers%20and%20VCAs/LM386%20amplifier.gif,,schematic,gif,200,3352,53cdea7d047c74c7f5dfebb989d0ec9034bf7c7a61c7ad4adf457b940dc0a88a,2026-09-20,1,ocr_boxes,2026-09-20,ocr_boxes-1,2026-09-20,parts-2026-09-20f,,,
https://experimentalistsanonymous.com/diy/Schematics/Amplifiers%20and%20VCAs/LM390%20Bass%20Boosting%20Amplifier.GIF,,schematic,gif,200,8411,2d737bc7b2c93e621c91d92ed72d0cc765c9ca084ba2deaefb62ed16d78da465,2026-09-20,1,ocr_boxes,2026-09-20,ocr_boxes-1,2026-09-20,parts-2026-09-20f,,,
https://experimentalistsanonymous.com/diy/Schematics/Amplifiers%20and%20VCAs/Low%20distortion%20headphone%20amplifier.jpg,,schematic,jpeg,200,78429,303e6f878b7a0437bb49f5e567b3e92bd72a812e0b7f3a37f0adfc79932d125c,2026-09-20,1,ocr_boxes,2026-09-20,ocr_boxes-1,2026-09-20,parts-2026-09-20f,,,
https://experimentalistsanonymous.com/diy/Schematics/Amplifiers%20and%20VCAs/Moog%20902.jpg,,schematic,jpeg,200,300188,c5e086fd7e131b577854d66816e4489a133db8bef6087b0791b13dce2536ad67,2026-09-20,1,ocr_boxes,2026-09-20,ocr_boxes-1,2026-09-20,parts-2026-09-20f,,,
https://experimentalistsanonymous.com/diy/Schematics/Amplifiers%20and%20VCAs/Nobels%20PRE-1.pdf,,schematic,pdf,200,29135,e0024383ee304999aa606632d19a13e6b1f1bad75749afc2555b7c9372398996,2026-09-20,1,ocr_boxes,2026-09-20,ocr_boxes-1,2026-09-20,parts-2026-09-20f,,,
https://experimentalistsanonymous.com/diy/Schematics/Amplifiers%20and%20VCAs/Paia%202720-1%20VCA.gif,,schematic,gif,200,14830,b60fc9d78ccaabf5ca1b28b64b8122540bc0dd1c9eaa3d4d3bb68a844bdbd66b,2026-09-20,1,ocr_boxes,2026-09-20,ocr_boxes-1,2026-09-20,parts-2026-09-20f,,,
https://experimentalistsanonymous.com/diy/Schematics/Amplifiers%20and%20VCAs/Polyfusion%202010%20VCA.gif,,schematic,gif,200,120922,d2ac10ce838d98324df1b0ba7b3c924d1a53430cd59a2471ad121f5c29ee1bb8,2026-09-20,1,ocr_boxes,2026-09-20,ocr_boxes-1,2026-09-20,parts-2026-09-20f,,,
https://experimentalistsanonymous.com/diy/Schematics/Amplifiers%20and%20VCAs/Polyfusion%202010%20VCA.jpg,,schematic,jpeg,200,83666,c443dc9a5779e408b54ea9d042bdb7d70c292d799b97cb4d40c6c033c959a5be,2026-09-20,1,ocr_boxes,2026-09-20,ocr_boxes-1,2026-09-20,parts-2026-09-20f,,,
https://experimentalistsanonymous.com/diy/Schematics/Amplifiers%20and%20VCAs/Simple%20Differential%20Amplifer.GIF,,schematic,gif,200,4143,71c3c88b9f53fbb6dfe5819ce26d9efb6cb1f483b57a553fd5a3fb04adef8d3d,2026-09-20,1,ocr_boxes,2026-09-20,ocr_boxes-1,2026-09-20,parts-2026-09-20f,,,
https://experimentalistsanonymous.com/diy/Schematics/Amplifiers%20and%20VCAs/Simple%20Electret%20Mic%20Preamp.GIF,,schematic,gif,200,4151,8d924a90fe41cae38c45afab6606f40299d68e18dcb66f04a49ecc4f3814b75d,2026-09-20,1,ocr_boxes,2026-09-20,ocr_boxes-1,2026-09-20,parts-2026-09-20f,,,
https://experimentalistsanonymous.com/diy/Schematics/Amplifiers%20and%20VCAs/Simple%20NPN%20amplifier%202.gif,,schematic,gif,200,3980,b65361539ae1fdb0f38b102685a9bf8b85349d36a467363207099b6804211009,2026-09-20,1,ocr_boxes,2026-09-20,ocr_boxes-1,2026-09-20,parts-2026-09-20f,,,
https://experimentalistsanonymous.com/diy/Schematics/Amplifiers%20and%20VCAs/Simple%20NPN%20amplifier.gif,,schematic,gif,200,2352,da89a266e0ca5a3b397fc3d960923917f27886f55b64996ff996bfbb26f43034,2026-09-20,1,ocr_boxes,2026-09-20,ocr_boxes-1,2026-09-20,parts-2026-09-20f,,,
https://experimentalistsanonymous.com/diy/Schematics/Amplifiers%20and%20VCAs/Single%20IC%20Pre-amp.GIF,,schematic,gif,200,5076,065c00afed3d6bab56458929d44783ce1bd875228bc53bc7faffe5b4e15b564e,2026-09-20,1,ocr_boxes,2026-09-20,ocr_boxes-1,2026-09-20,parts-2026-09-20f,,,
https://experimentalistsanonymous.com/diy/Schematics/Amplifiers%20and%20VCAs/Stereo%20Preamp.pdf,,schematic,pdf,200,7915,2610c390c59483a4a05b5eda4da360c3a42d9d0216af759f081082a8d6565747,2026-09-20,1,ocr_boxes,2026-09-20,ocr_boxes-1,2026-09-20,parts-2026-09-20f,,,
https://experimentalistsanonymous.com/diy/Schematics/Amplifiers%20and%20VCAs/Transistor%20headphone%20amplifier.jpg,,schematic,jpeg,200,21586,e1ad5a38f1c97afc52740c422a3979e9ea807a5cf167b9271d5c9d4c9d971835,2026-09-20,1,ocr_boxes,2026-09-20,ocr_boxes-1,2026-09-20,parts-2026-09-20f,,,
https://experimentalistsanonymous.com/diy/Schematics/Amplifiers%20and%20VCAs/True%20Balanced%20Input%20Differential%20Amplifer.GIF,,schematic,gif,200,7362,3d1b7b1d453d700d6ffdef304fcba626f4af6273115ecf1b31525fa655b221f0,2026-09-20,1,ocr_boxes,2026-09-20,ocr_boxes-1,2026-09-20,parts-2026-09-20f,,,
https://experimentalistsanonymous.com/diy/Schematics/Amplifiers%20and%20VCAs/Tube%20buffered%20amplifier.gif,,schematic,gif,200,5836,a32d3847d5fbdb18ab164d0758bca408963280f81954c158c93fcbfb25c330ad,2026-09-20,1,ocr_boxes,2026-09-20,ocr_boxes-1,2026-09-20,parts-2026-09-20f,,,
https://experimentalistsanonymous.com/diy/Schematics/Amplifiers%20and%20VCAs/Valve%20Biasing.pdf,,schematic,pdf,200,1401429,faf5bd69f91f8a209e4073dc757a9142fd3309a572a038e3dac4ddd9504daec9,2026-09-20,34,ocr_boxes,2026-09-20,ocr_boxes-1,2026-09-20,parts-2026-09-20f,,,
https://experimentalistsanonymous.com/diy/Schematics/Amplifiers%20and%20VCAs/Various%20Pre-Amps.pdf,,schematic,pdf,200,6735,249842d7c54514417238b32974288e2fc14b8df0f02d8faf4d2f2fdfbe04a2f6,2026-09-20,1,ocr_boxes,2026-09-20,ocr_boxes-1,2026-09-20,parts-2026-09-20f,,,
https://experimentalistsanonymous.com/diy/Schematics/Buffers%20Switchers%20Mixers%20and%20Routers/3%20line%20mixer.gif,,schematic,gif,200,26864,5f4066798f4ce4c214d1b9a746e4cf1aba6536901b5995b4c6285096c5b8abfb,2026-09-20,1,ocr_boxes,2026-09-20,ocr_boxes-1,2026-09-20,parts-2026-09-20f,,,
https://experimentalistsanonymous.com/diy/Schematics/Buffers%20Switchers%20Mixers%20and%20Routers/3PDT%20LED%20wiring.gif,,schematic,gif,200,11459,6ad1de2b086e6e701882472093f8fd4b0a5834ac7da7298d720d747323983ee1,2026-09-20,1,ocr_boxes,2026-09-20,ocr_boxes-1,2026-09-20,parts-2026-09-20f,,,
https://experimentalistsanonymous.com/diy/Schematics/Buffers%20Switchers%20Mixers%20and%20Routers/3PDT%20TB%20Wiring.jpg,,schematic,jpeg,200,21452,7120c9cc869a0460b2842e0812e71a5c7697743d06ec054b272d8f646ef4a8b5,2026-09-20,1,ocr_boxes,2026-09-20,ocr_boxes-1,2026-09-20,parts-2026-09-20f,,,
https://experimentalistsanonymous.com/diy/Schematics/Buffers%20Switchers%20Mixers%20and%20Routers/3PDT%20TB%20looper%20with%20LED.gif,,schematic,gif,200,35793,2247a2968e767cd7e1423287411eb5cad483f06de6c5e6a7aaf187ced03786d0,2026-09-20,1,ocr_boxes,2026-09-20,ocr_boxes-1,2026-09-20,parts-2026-09-20f,,,
https://experimentalistsanonymous.com/diy/Schematics/Buffers%20Switchers%20Mixers%20and%20Routers/4%20input%20mixer.pdf,,schematic,pdf,200,8104,cbdd5b411909ad7360cd75494fd9e059854b8cd6cc1912989945b5828fe070bd,2026-09-20,1,ocr_boxes,2026-09-20,ocr_boxes-1,2026-09-20,parts-2026-09-20f,,,
https://experimentalistsanonymous.com/diy/Schematics/Buffers%20Switchers%20Mixers%20and%20Routers/6%20input%20mixer.gif,,schematic,gif,200,12135,2b294a86a1d0c95b344a40eb66b0f578d5c39efc08b07909a0cc391380f11866,2026-09-20,1,ocr_boxes,2026-09-20,ocr_boxes-1,2026-09-20,parts-2026-09-20f,,,
https://experimentalistsanonymous.com/diy/Schematics/Buffers%20Switchers%20Mixers%20and%20Routers/AMZ%20Super%20Buffer.gif,,schematic,gif,200,6849,f200801a95cde39838812bef1d97fce62e2c4055ec038d1df571573df432659b,2026-09-20,1,ocr_boxes,2026-09-20,ocr_boxes-1,2026-09-20,parts-2026-09-20f,,,
https://experimentalistsanonymous.com/diy/Schematics/Buffers%20Switchers%20Mixers%20and%20Routers/Anderton%20buffer%20baord.jpg,,schematic,jpeg,200,377579,1b4efb3b58375472cfab9ccec6384696c46d92ef31b38f163190f6da7bb94dd0,2026-09-20,1,ocr_boxes,2026-09-20,ocr_boxes-1,2026-09-20,parts-2026-09-20f,,,
https://experimentalistsanonymous.com/diy/Schematics/Buffers%20Switchers%20Mixers%20and%20Routers/BOSS%20TM-3.gif,,schematic,gif,200,13439,705fa5fc2bbe2e99784eb7974ee5225fad792a2e081dbd3624818a096dc02ca7,2026-09-20,1,ocr_boxes,2026-09-20,ocr_boxes-1,2026-09-20,parts-2026-09-20f,,,
https://experimentalistsanonymous.com/diy/Schematics/Buffers%20Switchers%20Mixers%20and%20Routers/CV%20mixer%20with%20offset%20function.gif,,schematic,gif,200,18132,44911ecfaac3e509789f835da6ab209d1349ecd15ef41f38a9964a3ce2f009fc,2026-09-20,1,ocr_boxes,2026-09-20,ocr_boxes-1,2026-09-20,parts-2026-09-20f,,,
https://experimentalistsanonymous.com/diy/Schematics/Buffers%20Switchers%20Mixers%20and%20Routers/Craig%20Anderton%20Buffer.jpg,,schematic,jpeg,200,377579,1b4efb3b58375472cfab9ccec6384696c46d92ef31b38f163190f6da7bb94dd0,2026-09-20,1,ocr_boxes,2026-09-20,ocr_boxes-1,2026-09-20,parts-2026-09-20f,,,
https://experimentalistsanonymous.com/diy/Schematics/Buffers%20Switchers%20Mixers%20and%20Routers/DPDT%20TB%20w%20LED.gif,,schematic,gif,200,15682,f472bdeac77abe1ff578d11a2781cc62e39648202b71e007c352e40a2f2aeeab,2026-09-20,1,ocr_boxes,2026-09-20,ocr_boxes-1,2026-09-20,parts-2026-09-20f,,,
https://experimentalistsanonymous.com/diy/Schematics/Buffers%20Switchers%20Mixers%20and%20Routers/Dual%20Pre%20Amp%20and%20AB%20box.gif,,schematic,gif,200,8191,943f0fee13a7cd7b0f3adc4b151d8555934f492129d8f660755636ecfbe96a76,2026-09-20,1,ocr_boxes,2026-09-20,ocr_boxes-1,2026-09-20,parts-2026-09-20f,,,
https://experimentalistsanonymous.com/diy/Schematics/Buffers%20Switchers%20Mixers%20and%20Routers/Effects%20Swapper%20Revised.JPG,,schematic,jpeg,200,64135,2b5f4dec76c1341ea85459791bccab7b18da17e60f630b46d22a578d39ea0f54,2026-09-20,1,ocr_boxes,2026-09-20,ocr_boxes-1,2026-09-20,parts-2026-09-20f,,,
https://experimentalistsanonymous.com/diy/Schematics/Buffers%20Switchers%20Mixers%20and%20Routers/Effects%20Swapper.gif,,schematic,gif,200,10037,bbbbd75b9287215f314e4ea39ab42c45bd4e53e0c686dfb19fe85288bedbb29e,2026-09-20,1,ocr_boxes,2026-09-20,ocr_boxes-1,2026-09-20,parts-2026-09-20f,,,
https://experimentalistsanonymous.com/diy/Schematics/Buffers%20Switchers%20Mixers%20and%20Routers/Electronic%20Bypass.gif,,schematic,gif,200,184497,17a21306712ce1eb4fc3819ea5092c1a74b7f430c5c6a6652e8d434d6ec87c4b,2026-09-20,1,ocr_boxes,2026-09-20,ocr_boxes-1,2026-09-20,parts-2026-09-20f,,,
https://experimentalistsanonymous.com/diy/Schematics/Buffers%20Switchers%20Mixers%20and%20Routers/FET%20Buffer%202.gif,,schematic,gif,200,1201,45360d0771778ed338e86b35ec9588da32e0e240dda87c53c0a10f2161afca95,2026-09-20,1,ocr_boxes,2026-09-20,ocr_boxes-1,2026-09-20,parts-2026-09-20f,,,
https://experimentalistsanonymous.com/diy/Schematics/Buffers%20Switchers%20Mixers%20and%20Routers/FET%20Buffer%203.gif,,schematic,gif,200,1446,1cfc8ba0d23fe8971b76d82bc6051356252ea4e1b5789e745f9d9f14ddaead61,2026-09-20,1,ocr_boxes,2026-09-20,ocr_boxes-1,2026-09-20,parts-2026-09-20f,,,
https://experimentalistsanonymous.com/diy/Schematics/Buffers%20Switchers%20Mixers%20and%20Routers/FET%20Buffer.gif,,schematic,gif,200,1187,cda06c8bbb152ac848bca1906ca6d980a73dee6b190f1aa1469225f149e81390,2026-09-20,1,ocr_boxes,2026-09-20,ocr_boxes-1,2026-09-20,parts-2026-09-20f,,,
https://experimentalistsanonymous.com/diy/Schematics/Buffers%20Switchers%20Mixers%20and%20Routers/Feedback%20Looper%20with%20Body%20Contacts.png,,schematic,png,200,79850,6cc4c55ca04b4d21d58433ce2521ec9c6c748e12c8aebe47449c86d46243258f,2026-09-20,1,ocr_boxes,2026-09-20,ocr_boxes-1,2026-09-20,parts-2026-09-20f,,,
https://experimentalistsanonymous.com/diy/Schematics/Buffers%20Switchers%20Mixers%20and%20Routers/Feedback%20loop%20with%20LED.gif,,schematic,gif,200,41733,e9abd9add9f01fe80228271610bbbf296f7baccc23f01e44aa403b693393774f,2026-09-20,1,ocr_boxes,2026-09-20,ocr_boxes-1,2026-09-20,parts-2026-09-20f,,,
https://experimentalistsanonymous.com/diy/Schematics/Buffers%20Switchers%20Mixers%20and%20Routers/Feedback%20loop.gif,,schematic,gif,200,26745,b77476edaa39f6dde168f202f3e6332ad887e1b5c42bb9f0f9ae2f6b9d8a3b38,2026-09-20,1,ocr_boxes,2026-09-20,ocr_boxes-1,2026-09-20,parts-2026-09-20f,,,
https://experimentalistsanonymous.com/diy/Schematics/Buffers%20Switchers%20Mixers%20and%20Routers/Ibanez%20LS%2010.pdf,,schematic,pdf,200,47694,138e04a4350cb23593fddf719f884038f9c28a5b8a258b7715ce05b50b787fde,2026-09-20,1,ocr_boxes,2026-09-20,ocr_boxes-1,2026-09-20,parts-2026-09-20f,,,
https://experimentalistsanonymous.com/diy/Schematics/Buffers%20Switchers%20Mixers%20and%20Routers/MOSFET%20Buffer.gif,,schematic,gif,200,1333,58dec45d309e86b75bdde8b799a7ad3813c04dd00e6878fd2355452bdaf5d5d3,2026-09-20,1,ocr_boxes,2026-09-20,ocr_boxes-1,2026-09-20,parts-2026-09-20f,,,
https://experimentalistsanonymous.com/diy/Schematics/Buffers%20Switchers%20Mixers%20and%20Routers/Matrix%20mixer.gif,,schematic,gif,200,16324,4aff6c776670ee677015b70c96f8e84878f88e0dbd767dfc7acd57ba7a3a1666,2026-09-20,1,ocr_boxes,2026-09-20,ocr_boxes-1,2026-09-20,parts-2026-09-20f,,,
https://experimentalistsanonymous.com/diy/Schematics/Buffers%20Switchers%20Mixers%20and%20Routers/Mixers%20and%20EQs.gif,,schematic,gif,200,22944,e44861c322703a626f8c56ec3a204389fa3f23cc3fa640ca16a62e3071c10c08,2026-09-20,1,ocr_boxes,2026-09-20,ocr_boxes-1,2026-09-20,parts-2026-09-20f,,,
https://experimentalistsanonymous.com/diy/Schematics/Buffers%20Switchers%20Mixers%20and%20Routers/Momentary%20to%20Latching.gif,,schematic,gif,200,6502,cab9a5c20fb170630c54a83165373024982e291ed2b266c03aa4a31222348fc1,2026-09-20,1,ocr_boxes,2026-09-20,ocr_boxes-1,2026-09-20,parts-2026-09-20f,,,
https://experimentalistsanonymous.com/diy/Schematics/Buffers%20Switchers%20Mixers%20and%20Routers/Op%20amp%20inverting%20buffer%202.gif,,schematic,gif,200,5373,923b9723be687bb8269c3a17f02ff7dbb9dfe6787973f999261857b298849013,2026-09-20,1,ocr_boxes,2026-09-20,ocr_boxes-1,2026-09-20,parts-2026-09-20f,,,
https://experimentalistsanonymous.com/diy/Schematics/Buffers%20Switchers%20Mixers%20and%20Routers/Op%20amp%20inverting%20buffer.gif,,schematic,gif,200,1311,17d2169ece5b73a3e38da5378217353d9968d6f7e6514cc4518165672fab84f0,2026-09-20,1,ocr_boxes,2026-09-20,ocr_boxes-1,2026-09-20,parts-2026-09-20f,,,
https://experimentalistsanonymous.com/diy/Schematics/Buffers%20Switchers%20Mixers%20and%20Routers/Op%20amp%20noninverting%20buffer%202.gif,,schematic,gif,200,1510,ba264d2d014f546a16d6affc04c72af91a6c8eadfc01d540ee674c47cc564546,2026-09-20,1,ocr_boxes,2026-09-20,ocr_boxes-1,2026-09-20,parts-2026-09-20f,,,
https://experimentalistsanonymous.com/diy/Schematics/Buffers%20Switchers%20Mixers%20and%20Routers/Op%20amp%20noninverting%20buffer%203.gif,,schematic,gif,200,10059,a7e5393209835472fbff45dd4f293ef60d18a392f3fee69241b53ebe16a76584,2026-09-20,1,ocr_boxes,2026-09-20,ocr_boxes-1,2026-09-20,parts-2026-09-20f,,,
https://experimentalistsanonymous.com/diy/Schematics/Buffers%20Switchers%20Mixers%20and%20Routers/Op%20amp%20noninverting%20buffer%204.gif,,schematic,gif,200,7135,d1f4534db248f4d595b5ba987c0dc4f9eec11b8fa552d6c0be560f5b5a2a6398,2026-09-20,1,ocr_boxes,2026-09-20,ocr_boxes-1,2026-09-20,parts-2026-09-20f,,,
https://experimentalistsanonymous.com/diy/Schematics/Buffers%20Switchers%20Mixers%20and%20Routers/Op%20amp%20noninverting%20buffer%205.gif,,schematic,gif,200,5641,40ee327ed283e102b401c0dd8c7a000d2b6082d1fc70dbc9f821d8dad269f3a7,2026-09-20,1,ocr_boxes,2026-09-20,ocr_boxes-1,2026-09-20,parts-2026-09-20f,,,
https://experimentalistsanonymous.com/diy/Schematics/Buffers%20Switchers%20Mixers%20and%20Routers/Op%20amp%20noninverting%20buffer.gif,,schematic,gif,200,1230,1eb7c5076283b718a9f2b30ca2d72688da451895114f2be1b233e1ca2719c001,2026-09-20,1,ocr_boxes,2026-09-20,ocr_boxes-1,2026-09-20,parts-2026-09-20f,,,
https://experimentalistsanonymous.com/diy/Schematics/Buffers%20Switchers%20Mixers%20and%20Routers/Passive%20Mixer.gif,,schematic,gif,200,29378,9447491c5203d1a7a6940949c5a6ea5a2eac42c71ac6cb345bd8165eb01378c1,2026-09-20,1,ocr_boxes,2026-09-20,ocr_boxes-1,2026-09-20,parts-2026-09-20f,,,
https://experimentalistsanonymous.com/diy/Schematics/Buffers%20Switchers%20Mixers%20and%20Routers/Passive%20Stereo%20Mixer.gif,,schematic,gif,200,5064,1db648c56532f954bdd51d0d730d14aafd2ddecfd318df27c009f52e4b2a31aa,2026-09-20,1,ocr_boxes,2026-09-20,ocr_boxes-1,2026-09-20,parts-2026-09-20f,,,
https://experimentalistsanonymous.com/diy/Schematics/Buffers%20Switchers%20Mixers%20and%20Routers/Passive%20mic%20attenuator.jpg,,schematic,jpeg,200,9149,40d5ec80de4a32129dcae542912c909c4b6653858c886ca306a01873fe3d4fce,2026-09-20,1,ocr_boxes,2026-09-20,ocr_boxes-1,2026-09-20,parts-2026-09-20f,,,
https://experimentalistsanonymous.com/diy/Schematics/Buffers%20Switchers%20Mixers%20and%20Routers/Passive%20variable%20attenuator.gif,,schematic,gif,200,3099,922006c6b52e4653e7abf729328c5a9dd6a8b07c5eb84ec94563d2f5e2c317b7,2026-09-20,1,ocr_boxes,2026-09-20,ocr_boxes-1,2026-09-20,parts-2026-09-20f,,,
https://experimentalistsanonymous.com/diy/Schematics/Buffers%20Switchers%20Mixers%20and%20Routers/Rat%20Bypass.gif,,schematic,gif,200,5720,fd59b98c3a8e3fe81c4af6f3193014eaff002b88a102cd611128ce5576fc5eda,2026-09-20,1,ocr_boxes,2026-09-20,ocr_boxes-1,2026-09-20,parts-2026-09-20f,,,
https://experimentalistsanonymous.com/diy/Schematics/Buffers%20Switchers%20Mixers%20and%20Routers/Simple%20Mixer.pdf,,schematic,pdf,200,6469,4c7b768b7cdf7d9013ce75bd436ed584dd391e5cc3781f9944d856b9a8a32fcf,2026-09-20,1,ocr_boxes,2026-09-20,ocr_boxes-1,2026-09-20,parts-2026-09-20f,,,
https://experimentalistsanonymous.com/diy/Schematics/Buffers%20Switchers%20Mixers%20and%20Routers/Simple%20Mixers.gif,,schematic,gif,200,31763,b33c45c1cdc889fa48dc3153f2c89fa6774817d317c9401ad9c2e87a9ff1fbc1,2026-09-20,1,ocr_boxes,2026-09-20,ocr_boxes-1,2026-09-20,parts-2026-09-20f,,,
https://experimentalistsanonymous.com/diy/Schematics/Buffers%20Switchers%20Mixers%20and%20Routers/Single%20Mixer%20Band.gif,,schematic,gif,200,5830,121c3aee3831a85fca92b7d0a7e9b5be4cbb051a39c5525edd513c84efb70db1,2026-09-20,1,ocr_boxes,2026-09-20,ocr_boxes-1,2026-09-20,parts-2026-09-20f,,,
https://experimentalistsanonymous.com/diy/Schematics/Buffers%20Switchers%20Mixers%20and%20Routers/TB%20with%20DPDT%20without%20LED.gif,,schematic,gif,200,29050,b6d67267b94388c6a120299df1959e08240164aff2b3e27ab6da943f83798415,2026-09-20,1,ocr_boxes,2026-09-20,ocr_boxes-1,2026-09-20,parts-2026-09-20f,,,
https://experimentalistsanonymous.com/diy/Schematics/Buffers%20Switchers%20Mixers%20and%20Routers/TB%20with%20LED%20and%20volume.gif,,schematic,gif,200,69882,bbd8634d49618c4d5566464d834b00b22713ed0e5aec9a60ed486471c1020876,2026-09-20,1,ocr_boxes,2026-09-20,ocr_boxes-1,2026-09-20,parts-2026-09-20f,,,
https://experimentalistsanonymous.com/diy/Schematics/Buffers%20Switchers%20Mixers%20and%20Routers/Transistor%20buffer%201.gif,,schematic,gif,200,1474,32a61c6b74764f0195b5192f7ca9fe641a0deec09814edef5e2440eebeb6a0b6,2026-09-20,1,ocr_boxes,2026-09-20,ocr_boxes-1,2026-09-20,parts-2026-09-20f,,,
https://experimentalistsanonymous.com/diy/Schematics/Buffers%20Switchers%20Mixers%20and%20Routers/Transistor%20buffer%202.gif,,schematic,gif,200,1215,3cc405dc74d8718efe5122c820c55e8e5c5b263fe3925f9b81a5432a69de0888,2026-09-20,1,ocr_boxes,2026-09-20,ocr_boxes-1,2026-09-20,parts-2026-09-20f,,,
https://experimentalistsanonymous.com/diy/Schematics/Buffers%20Switchers%20Mixers%20and%20Routers/Transistor%20buffer%203.gif,,schematic,gif,200,9360,a50485f72ae0bd9a914469378ec53fb095f796d654445562c69184189d68a342,2026-09-20,1,ocr_boxes,2026-09-20,ocr_boxes-1,2026-09-20,parts-2026-09-20f,,,
https://experimentalistsanonymous.com/diy/Schematics/Chorus/Arion%20SCH-1.gif,,schematic,gif,200,87647,ab7efde9dc7926e75084791a70aeb0af55e038104a81b601854c995072875b7a,2026-09-20,1,ocr_boxes,2026-09-20,ocr_boxes-1,2026-09-20,parts-2026-09-20f,,,
https://experimentalistsanonymous.com/diy/Schematics/Chorus/BOSS%20CE-1.jpg,,schematic,jpeg,200,287302,f9dcc22c58a0212af7f115c41f765dc4313a80fc15a333f87c159cf168deb407,2026-09-20,1,ocr_boxes,2026-09-20,ocr_boxes-1,2026-09-20,parts-2026-09-20f,,,
https://experimentalistsanonymous.com/diy/Schematics/Chorus/BOSS%20CE-2.pdf,,schematic,pdf,200,80832,a71b7583985acefdd5aabd3c1fc2dcd71faf1070ddd66b16037f3017e167726e,2026-09-20,1,ocr_boxes,2026-09-20,ocr_boxes-1,2026-09-20,parts-2026-09-20f,,,
https://experimentalistsanonymous.com/diy/Schematics/Chorus/BOSS%20CE-300.jpg,,schematic,jpeg,200,477282,45ea1afc9220f876bddbaffa8d51be7d9eb4b2b3301b602db9cfabee2859c4ba,2026-09-20,1,ocr_boxes,2026-09-20,ocr_boxes-1,2026-09-20,parts-2026-09-20f,,,
https://experimentalistsanonymous.com/diy/Schematics/Chorus/BOSS%20DC-2.jpg,,schematic,jpeg,200,178526,6a9edd425134147f11ec75777f9347f5d5b12191d84ddceb375040a9cc828e73,2026-09-20,1,ocr_boxes,2026-09-20,ocr_boxes-1,2026-09-20,parts-2026-09-20f,,,
https://experimentalistsanonymous.com/diy/Schematics/Chorus/Boss%20CE-1.gif,,schematic,gif,200,94227,00707e754d08e03380cef01f705ef2354c2ab013447b84c572223aaf5c52c616,2026-09-20,1,ocr_boxes,2026-09-20,ocr_boxes-1,2026-09-20,parts-2026-09-20f,,,
https://experimentalistsanonymous.com/diy/Schematics/Chorus/DOD%20565.pdf,,schematic,pdf,200,125539,261db0f0af483a085f613c8197a0ed328ad43d26edb41a88ae726b371ef2ec17,2026-09-20,1,ocr_boxes,2026-09-20,ocr_boxes-1,2026-09-20,parts-2026-09-20f,,,
https://experimentalistsanonymous.com/diy/Schematics/Chorus/DOD%20FX60.gif,,schematic,gif,200,68677,eec8705b7677a7be8b0fba85c61c51894df4f223543645c48da2f8ded284af6e,2026-09-20,1,ocr_boxes,2026-09-20,ocr_boxes-1,2026-09-20,parts-2026-09-20f,,,
https://experimentalistsanonymous.com/diy/Schematics/Chorus/DOD%20FX64.pdf,,schematic,pdf,200,52389,da3dc6484ff28b3b8babef746be3cb0550f77459bd7a67bcc756c458e8be50fb,2026-09-20,4,ocr_boxes,2026-09-20,ocr_boxes-1,2026-09-20,parts-2026-09-20f,,,
https://experimentalistsanonymous.com/diy/Schematics/Chorus/DOD%20FX67%20Dual%20Turbo%20Chorus.gif,,schematic,gif,200,164740,f43bbd9dea3489fe2696d1017238f38a6f59bf83584c150608d6032dc40c64ed,2026-09-20,1,ocr_boxes,2026-09-20,ocr_boxes-1,2026-09-20,parts-2026-09-20f,,,
https://experimentalistsanonymous.com/diy/Schematics/Chorus/Electro%20Harmonix%20Clone%20Theory%20MN3007.jpg,,schematic,png,200,130785,420f936876d963bc66d3902be06acd18edd2cac928d09f2940e5d032ecb3b51f,2026-09-20,1,ocr_boxes,2026-09-20,ocr_boxes-1,2026-09-20,parts-2026-09-20f,,,
https://experimentalistsanonymous.com/diy/Schematics/Chorus/Electro%20Harmonix%20Clone%20Theory%20SAD1024.jpg,,schematic,jpeg,200,118347,8cbdfe476aceaf81f6a4c15e91103de2657b99d0eba887f8ae79446a73692ab9,2026-09-20,1,ocr_boxes,2026-09-20,ocr_boxes-1,2026-09-20,parts-2026-09-20f,,,
https://experimentalistsanonymous.com/diy/Schematics/Chorus/Ibanez%20CD10.pdf,,schematic,pdf,200,109908,8d8de06cdcf4966fa2cf558d9ea060aa5bfa4487e1882663413e3bbfb1d59f96,2026-09-20,1,ocr_boxes,2026-09-20,ocr_boxes-1,2026-09-20,parts-2026-09-20f,,,
https://experimentalistsanonymous.com/diy/Schematics/Chorus/Ibanez%20CS5.gif,,schematic,gif,200,58857,e26f1fc481ad52d7321c900084f17d4767c19591c9e76432c1012f3f63e8b874,2026-09-20,1,ocr_boxes,2026-09-20,ocr_boxes-1,2026-09-20,parts-2026-09-20f,,,
https://experimentalistsanonymous.com/diy/Schematics/Chorus/Ibanez%20PC10.pdf,,schematic,pdf,200,150715,2c742ecbc1b9b9532ad316f9021ce568854e75acb8d0f667b9344e3ee180085f,2026-09-20,1,ocr_boxes,2026-09-20,ocr_boxes-1,2026-09-20,parts-2026-09-20f,,,
https://experimentalistsanonymous.com/diy/Schematics/Chorus/Ibanez%20SC10.pdf,,schematic,pdf,200,70430,2e7c5e72ef9e41b5f9aea26d52e9a1f264bf0f671773c7c103bd539cccca81e6,2026-09-20,1,ocr_boxes,2026-09-20,ocr_boxes-1,2026-09-20,parts-2026-09-20f,,,
https://experimentalistsanonymous.com/diy/Schematics/Chorus/Misc%20Chorus.png,,schematic,png,200,13124,e283a1328c9ff47971f0fa4278c76b6d7e7c4b58bb3f283faf795c6527b83156,2026-09-20,1,ocr_boxes,2026-09-20,ocr_boxes-1,2026-09-20,parts-2026-09-20f,,,
https://experimentalistsanonymous.com/diy/Schematics/Chorus/Nobels%20CH-D.pdf,,schematic,pdf,200,44631,1fd0b4935d40ecd77e8573ce6549b5a05cd087ddd0fc02d9ca92553269cecfaa,2026-09-20,1,ocr_boxes,2026-09-20,ocr_boxes-1,2026-09-20,parts-2026-09-20f,,,
https://experimentalistsanonymous.com/diy/Schematics/Chorus/Pearl%20Chorus.gif,,schematic,gif,200,109504,2993ddbfaefa9511d10f91678088906ac9a03f477255f1b5a571da284a87df2d,2026-09-20,1,ocr_boxes,2026-09-20,ocr_boxes-1,2026-09-20,parts-2026-09-20f,,,
https://experimentalistsanonymous.com/diy/Schematics/Chorus/Rocktek%20Chorus.gif,,schematic,gif,200,28999,81345e1e1cd930cf7322005c47d0dfbc06616a2ed15abaf166a6e1c928e8d246,2026-09-20,1,ocr_boxes,2026-09-20,ocr_boxes-1,2026-09-20,parts-2026-09-20f,,,
https://experimentalistsanonymous.com/diy/Schematics/Chorus/Zombie%20Chorus%20MN3207%20Based.jpg,,schematic,jpeg,200,119237,37f6d83a5d456eeb47e2c715d348aff43ffd3c2b3ab98c84f590023cee693072,2026-09-20,1,ocr_boxes,2026-09-20,ocr_boxes-1,2026-09-20,parts-2026-09-20f,,,
https://experimentalistsanonymous.com/diy/Schematics/Circuit%20Bending%20and%20Modifications/Alaron%20MySongMaker.jpg,,schematic,jpeg,200,403633,57f59742bde906f71f676645438e0ea876582339088ea574e982ba46efebda78,2026-09-20,1,ocr_boxes,2026-09-20,ocr_boxes-1,2026-09-20,parts-2026-09-20f,,,
https://experimentalistsanonymous.com/diy/Schematics/Circuit%20Bending%20and%20Modifications/Casio%20Concertmate%20650%20Close%20Up.jpg,,schematic,jpeg,200,415145,1b4abd63bbb44a0607cc78fd32e988ef58a97eb5b5d4dcaa101d3254183b458b,2026-09-20,1,ocr_boxes,2026-09-20,ocr_boxes-1,2026-09-20,parts-2026-09-20f,,,
https://experimentalistsanonymous.com/diy/Schematics/Circuit%20Bending%20and%20Modifications/Casio%20Concertmate%20650%20Labelled.jpg,,schematic,jpeg,200,273535,87e873e41ac386319623f6b98834970b2b199ea819c92b601fe4b28bee71c614,2026-09-20,1,ocr_boxes,2026-09-20,ocr_boxes-1,2026-09-20,parts-2026-09-20f,,,
https://experimentalistsanonymous.com/diy/Schematics/Circuit%20Bending%20and%20Modifications/Casio%20PT10.jpg,,schematic,jpeg,200,95729,6aa073dc824fdda34ebab27ef9145fe0a0aaae1178326aa2b7e4d03192c96c49,2026-09-20,1,ocr_boxes,2026-09-20,ocr_boxes-1,2026-09-20,parts-2026-09-20f,,,
https://experimentalistsanonymous.com/diy/Schematics/Circuit%20Bending%20and%20Modifications/Casio%20SA-7%20bend%20diagram.jpg,,schematic,jpeg,200,89558,014f471cb14b5e2b249735b10e57150191bb66e48fb8457deadbe68b13887e90,2026-09-20,1,ocr_boxes,2026-09-20,ocr_boxes-1,2026-09-20,parts-2026-09-20f,,,
https://experimentalistsanonymous.com/diy/Schematics/Circuit%20Bending%20and%20Modifications/Casio%20SK-1%20Aleatron%20Bending%20Diagram.jpg,,schematic,jpeg,200,225581,fe60765ef2ecd490ebaeae82252722f550b0bd9d17d4e1e9638aec932c9c0fb1,2026-09-20,1,ocr_boxes,2026-09-20,ocr_boxes-1,2026-09-20,parts-2026-09-20f,,,
https://experimentalistsanonymous.com/diy/Schematics/Circuit%20Bending%20and%20Modifications/Coleco%20Talking%20Teacher.jpg,,schematic,jpeg,200,278015,a6c72e73aed145d522b758c5dcd806a72c779887e98842445273602b17c02db0,2026-09-20,1,ocr_boxes,2026-09-20,ocr_boxes-1,2026-09-20,parts-2026-09-20f,,,
https://experimentalistsanonymous.com/diy/Schematics/Circuit%20Bending%20and%20Modifications/Ibanez%20DL5%20mods.pdf,,schematic,pdf,200,44264,a88d78ba86b2e625d28d545bc60a732b4deffb623cb59b4fab5a03d7635393c7,2026-09-20,3,ocr_boxes,2026-09-20,ocr_boxes-1,2026-09-20,parts-2026-09-20f,,,
https://experimentalistsanonymous.com/diy/Schematics/Circuit%20Bending%20and%20Modifications/MXR%20Dynacomp.pdf,,schematic,pdf,200,12470,d9fc811ad7e77b667d965d868dda657951144822f425a8454a9148f9307b52e9,2026-09-20,1,ocr_boxes,2026-09-20,ocr_boxes-1,2026-09-20,parts-2026-09-20f,,,
https://experimentalistsanonymous.com/diy/Schematics/Circuit%20Bending%20and%20Modifications/TI%20Little%20Maestro.jpg,,schematic,jpeg,200,179403,277b34dbc5bb8e8c1e6408a4d0fff3d0a38054674ae3fa4e4ccd2a95a9c8152d,2026-09-20,1,ocr_boxes,2026-09-20,ocr_boxes-1,2026-09-20,parts-2026-09-20f,,,
https://experimentalistsanonymous.com/diy/Schematics/Circuit%20Bending%20and%20Modifications/TI%20Speak%20and%20Math%201.jpg,,schematic,jpeg,200,298226,f90131de7a9f571ec559ae171a7e5046bdd64b06733d562c5c419fbc1b040d3b,2026-09-20,1,ocr_boxes,2026-09-20,ocr_boxes-1,2026-09-20,parts-2026-09-20f,,,
https://experimentalistsanonymous.com/diy/Schematics/Circuit%20Bending%20and%20Modifications/TI%20Speak%20and%20Math.jpg,,schematic,jpeg,200,287784,4d005a658f52848cfbf5368db26e8f3752654d71752680b3da30bbbafb713064,2026-09-20,1,ocr_boxes,2026-09-20,ocr_boxes-1,2026-09-20,parts-2026-09-20f,,,
https://experimentalistsanonymous.com/diy/Schematics/Circuit%20Bending%20and%20Modifications/TI%20Speak%20and%20Read%201.jpg,,schematic,jpeg,200,253871,f0cad662b4b5ccd62420b0a2e30862d4fb042d33f21cb3337ca20e48cdd1b542,2026-09-20,1,ocr_boxes,2026-09-20,ocr_boxes-1,2026-09-20,parts-2026-09-20f,,,
https://experimentalistsanonymous.com/diy/Schematics/Circuit%20Bending%20and%20Modifications/TI%20Speak%20and%20Read%202.jpg,,schematic,jpeg,200,253435,21213879f8b8a8336814230679127755c33ee613a0f08d9aa25072dead1ad6cf,2026-09-20,1,ocr_boxes,2026-09-20,ocr_boxes-1,2026-09-20,parts-2026-09-20f,,,
https://experimentalistsanonymous.com/diy/Schematics/Circuit%20Bending%20and%20Modifications/TI%20Speak%20and%20Spell%201.jpg,,schematic,jpeg,200,292062,a344108ef9a085acecbc67fab93ad0e483c60909bf23608c816209b663c4f365,2026-09-20,1,ocr_boxes,2026-09-20,ocr_boxes-1,2026-09-20,parts-2026-09-20f,,,
https://experimentalistsanonymous.com/diy/Schematics/Circuit%20Bending%20and%20Modifications/TI%20Speak%20and%20Spell%202.jpg,,schematic,jpeg,200,384266,15ec083a079943c20f492b42fa2bee5acb2eb71ab50e505edf56eb3478072808,2026-09-20,1,ocr_boxes,2026-09-20,ocr_boxes-1,2026-09-20,parts-2026-09-20f,,,
https://experimentalistsanonymous.com/diy/Schematics/Circuit%20Bending%20and%20Modifications/TI%20Speak%20and%20Spell%203.jpg,,schematic,jpeg,200,408088,df23ab7ddbd1967038c976a42d48f4c660fdd999ff6ddcce6e216cf829770d72,2026-09-20,1,ocr_boxes,2026-09-20,ocr_boxes-1,2026-09-20,parts-2026-09-20f,,,
https://experimentalistsanonymous.com/diy/Schematics/Circuit%20Bending%20and%20Modifications/TI%20Speak%20and%20Spell%204.jpg,,schematic,jpeg,200,394025,c4c01238aa627b85034118f2b718633fe1f4356761dceed00a32c162498d435f,2026-09-20,1,ocr_boxes,2026-09-20,ocr_boxes-1,2026-09-20,parts-2026-09-20f,,,
https://experimentalistsanonymous.com/diy/Schematics/Circuit%20Bending%20and%20Modifications/TI%20Speak%20and%20Spell%205.jpg,,schematic,jpeg,200,39375,2c3f0a569837fc737cc642bdf05183ed7d1711c0f10881cac74e0dd39fa52f1c,2026-09-20,1,ocr_boxes,2026-09-20,ocr_boxes-1,2026-09-20,parts-2026-09-20f,,,
https://experimentalistsanonymous.com/diy/Schematics/Circuit%20Bending%20and%20Modifications/Texas%20Instruments%20Touch%20&%20Tell%20bending%20diagram.jpg,,schematic,jpeg,200,327090,12f30c383d240b8abd24bd1ef9dde2d44fa2d2da84762b59b80410fded259d9e,2026-09-20,1,ocr_boxes,2026-09-20,ocr_boxes-1,2026-09-20,parts-2026-09-20f,,,
https://experimentalistsanonymous.com/diy/Schematics/Circuit%20Bending%20and%20Modifications/Ti%20Speak%20and%20Read%203.jpg,,schematic,jpeg,200,350646,a5c14ba2754a5a9e7b18edb2576dfda21226dcd2d52ee86592122fa84dc1db43,2026-09-20,1,ocr_boxes,2026-09-20,ocr_boxes-1,2026-09-20,parts-2026-09-20f,,,
https://experimentalistsanonymous.com/diy/Schematics/Circuit%20Bending%20and%20Modifications/VTech%20Alphabet%20Desk.jpg,,schematic,jpeg,200,393616,16430fed6feb765258ed200c271c4d294139156b82416bbdc478347e1c1f195b,2026-09-20,1,ocr_boxes,2026-09-20,ocr_boxes-1,2026-09-20,parts-2026-09-20f,,,
https://experimentalistsanonymous.com/diy/Schematics/Circuit%20Bending%20and%20Modifications/VTech%20Laptop.jpg,,schematic,jpeg,200,392684,4d856c4088a8ef71152bf2481c3017098a4c8fe0326d89f3fb891c1a3a7f08bd,2026-09-20,1,ocr_boxes,2026-09-20,ocr_boxes-1,2026-09-20,parts-2026-09-20f,,,
https://experimentalistsanonymous.com/diy/Schematics/Compressors%20Gates%20and%20Limiters/Active%20Noise%20Control%20Using%20DSP.pdf,,schematic,pdf,200,208661,3d50b22c3e556519c53f1d20abcc2ee163b121b65756a1e2f825a2773e4580fd,2026-09-20,23,ocr_boxes,2026-09-20,ocr_boxes-1,2026-09-20,parts-2026-09-20f,,,
https://experimentalistsanonymous.com/diy/Schematics/Compressors%20Gates%20and%20Limiters/Adaptive%20Noise%20Cancellation.pdf,,schematic,pdf,200,445405,5b06500fc5cd3377c3b90fd8f20e686a419c4413060e0b4602f15161d4b40f06,2026-09-20,86,ocr_boxes,2026-09-20,ocr_boxes-1,2026-09-20,parts-2026-09-20f,,,
https://experimentalistsanonymous.com/diy/Schematics/Compressors%20Gates%20and%20Limiters/Auto%20Volume%20Control.gif,,schematic,gif,200,13383,67933352d1b2b90357a658a5e2016ecb5002e49897ae487dc7303fd9935c40a0,2026-09-20,1,ocr_boxes,2026-09-20,ocr_boxes-1,2026-09-20,parts-2026-09-20f,,,
https://experimentalistsanonymous.com/diy/Schematics/Compressors%20Gates%20and%20Limiters/BOSS%20NF-1.jpg,,schematic,jpeg,200,251990,ec2724d9190919ac25d20fcfda9bc0ec53b4f37a373eb9be353634a745233b4f,2026-09-20,1,ocr_boxes,2026-09-20,ocr_boxes-1,2026-09-20,parts-2026-09-20f,,,
https://experimentalistsanonymous.com/diy/Schematics/Compressors%20Gates%20and%20Limiters/Boss%20CS-3.gif,,schematic,gif,200,32649,0178dd1672a6cab0e510e76249fe98c0232c7e2725f91389e9f516dedda3938a,2026-09-20,1,ocr_boxes,2026-09-20,ocr_boxes-1,2026-09-20,parts-2026-09-20f,,,
https://experimentalistsanonymous.com/diy/Schematics/Compressors%20Gates%20and%20Limiters/Boss%20CS-3.jpg,,schematic,jpeg,200,884976,8ccab6ebaa91599eefb09f618fc08878c14a789f3ad44b62d8788fa8303dc036,2026-09-20,1,ocr_boxes,2026-09-20,ocr_boxes-1,2026-09-20,parts-2026-09-20f,,,
https://experimentalistsanonymous.com/diy/Schematics/Compressors%20Gates%20and%20Limiters/Buchla%20292%20Lowpass%20Gate%20or%20Dynamics%20Manager.jpg,,schematic,jpeg,200,347487,58f2822b7e740c065784cf55409156e7cc9324dd88447573a5e006ff6f9d3407,2026-09-20,1,ocr_boxes,2026-09-20,ocr_boxes-1,2026-09-20,parts-2026-09-20f,,,
https://experimentalistsanonymous.com/diy/Schematics/Compressors%20Gates%20and%20Limiters/Butterworth%20filter.pdf,,schematic,pdf,200,88546,bde779e8cdc1c903cbcf435f3f4ca440461f26e02602403ebf157fa776d6b47e,2026-09-20,14,ocr_boxes,2026-09-20,ocr_boxes-1,2026-09-20,parts-2026-09-20f,,,
https://experimentalistsanonymous.com/diy/Schematics/Compressors%20Gates%20and%20Limiters/Carlin%20Compressor.gif,,schematic,gif,200,13863,45599bf48843ee7814572db9eee12986f12591e88e4a5b7f82fd894a873490e5,2026-09-20,1,ocr_boxes,2026-09-20,ocr_boxes-1,2026-09-20,parts-2026-09-20f,,,
https://experimentalistsanonymous.com/diy/Schematics/Compressors%20Gates%20and%20Limiters/Colorsound%20Supasustain.gif,,schematic,gif,200,64753,5392e1fee039fead5ad995117f6e0161fb8541da3a4aa6d945817b7342821e4e,2026-09-20,1,ocr_boxes,2026-09-20,ocr_boxes-1,2026-09-20,parts-2026-09-20f,,,
https://experimentalistsanonymous.com/diy/Schematics/Compressors%20Gates%20and%20Limiters/DOD%20280a.pdf,,schematic,pdf,200,13395,7c83d945624253f685b5806ab25ca8fc1f7bb7fe382e66dace73260ad3db7a33,2026-09-20,1,ocr_boxes,2026-09-20,ocr_boxes-1,2026-09-20,parts-2026-09-20f,,,
https://experimentalistsanonymous.com/diy/Schematics/Compressors%20Gates%20and%20Limiters/DOD%20525.jpg,,schematic,jpeg,200,96495,e2b1e107ab9c102fbd308f3b9fca2bcea21c4dd4e99da662c4e304411b638c8d,2026-09-20,1,ocr_boxes,2026-09-20,ocr_boxes-1,2026-09-20,parts-2026-09-20f,,,
https://experimentalistsanonymous.com/diy/Schematics/Compressors%20Gates%20and%20Limiters/DOD%20825.jpg,,schematic,jpeg,200,306771,8daa768f77bd80a935ecd9fb5dc3f0839f3e6c13518325bbcf6fdbea5b4452e2,2026-09-20,1,ocr_boxes,2026-09-20,ocr_boxes-1,2026-09-20,parts-2026-09-20f,,,
https://experimentalistsanonymous.com/diy/Schematics/Compressors%20Gates%20and%20Limiters/DOD%20FX30.gif,,schematic,gif,200,50535,e59dc655835fb4905adcfd7d74d5eee94528882a41c29acdddf1ffbf89a20a6c,2026-09-20,1,ocr_boxes,2026-09-20,ocr_boxes-1,2026-09-20,parts-2026-09-20f,,,
https://experimentalistsanonymous.com/diy/Schematics/Compressors%20Gates%20and%20Limiters/DOD%20R825.jpg,,schematic,jpeg,200,306771,8daa768f77bd80a935ecd9fb5dc3f0839f3e6c13518325bbcf6fdbea5b4452e2,2026-09-20,1,ocr_boxes,2026-09-20,ocr_boxes-1,2026-09-20,parts-2026-09-20f,,,
https://experimentalistsanonymous.com/diy/Schematics/Compressors%20Gates%20and%20Limiters/Electro%20Harmonix%20Soul%20Preacher.pdf,,schematic,pdf,200,9397,d01ff86bd90759e9361138a62c68c1c6f5fac67acd04c53aa1f4ae60bdbab319,2026-09-20,1,ocr_boxes,2026-09-20,ocr_boxes-1,2026-09-20,parts-2026-09-20f,,,
https://experimentalistsanonymous.com/diy/Schematics/Compressors%20Gates%20and%20Limiters/Elektor%20Compressor.gif,,schematic,gif,200,24209,539b8a9e68af96d52669705541ba222b6f12166b780e16f47ccab2c9096969aa,2026-09-20,1,ocr_boxes,2026-09-20,ocr_boxes-1,2026-09-20,parts-2026-09-20f,,,
https://experimentalistsanonymous.com/diy/Schematics/Compressors%20Gates%20and%20Limiters/FET%20Compressors.pdf,,schematic,pdf,200,637299,4671bf4c0cef88d93bdacd7f9258ad865b2e5e5974690db24bf7192b27c093db,2026-09-20,12,ocr_boxes,2026-09-20,ocr_boxes-1,2026-09-20,parts-2026-09-20f,,,
https://experimentalistsanonymous.com/diy/Schematics/Compressors%20Gates%20and%20Limiters/Fast%20Audio%20Peak%20Limiter.gif,,schematic,gif,200,6336,dd570ce73091c0f3886cc123e966d0885ae05c1f3c3a021a7d2c9008a09048a0,2026-09-20,1,ocr_boxes,2026-09-20,ocr_boxes-1,2026-09-20,parts-2026-09-20f,,,
https://experimentalistsanonymous.com/diy/Schematics/Compressors%20Gates%20and%20Limiters/Ibanez%20CP10.pdf,,schematic,pdf,200,82929,2c45efe6f71428d2fee6d9c7fed2ba3d739e4aaac95b3a18c8190351302c5d5d,2026-09-20,1,ocr_boxes,2026-09-20,ocr_boxes-1,2026-09-20,parts-2026-09-20f,,,
https://experimentalistsanonymous.com/diy/Schematics/Compressors%20Gates%20and%20Limiters/Korg%20Noise%20Gate%20NGT-1.gif,,schematic,gif,200,143603,299e97782dec9bd26c20d0a187a45a1f1e710926aa970f6eebae2925cfffa354,2026-09-20,1,ocr_boxes,2026-09-20,ocr_boxes-1,2026-09-20,parts-2026-09-20f,,,
https://experimentalistsanonymous.com/diy/Schematics/Compressors%20Gates%20and%20Limiters/Korg%20Noise%20Gate.gif,,schematic,gif,200,58577,7b3b38bd0d513fd2f9584f6bfc419e5bb0d2851439487a77383ab6269a3560b8,2026-09-20,1,ocr_boxes,2026-09-20,ocr_boxes-1,2026-09-20,parts-2026-09-20f,,,
https://experimentalistsanonymous.com/diy/Schematics/Compressors%20Gates%20and%20Limiters/MXR%20Dynacomp.gif,,schematic,gif,200,10925,adac0823ec8c7961f5426ee4501eecb7ff3a2e50f401dcc1dd6adb27b34e8147,2026-09-20,1,ocr_boxes,2026-09-20,ocr_boxes-1,2026-09-20,parts-2026-09-20f,,,
https://experimentalistsanonymous.com/diy/Schematics/Compressors%20Gates%20and%20Limiters/NN%20Simple%20Comp.gif,,schematic,gif,200,4331,89365f1c951478b3b0d4d933a6cc60ae57a862a885c75a2b624b838feed1b729,2026-09-20,1,ocr_boxes,2026-09-20,ocr_boxes-1,2026-09-20,parts-2026-09-20f,,,
https://experimentalistsanonymous.com/diy/Schematics/Compressors%20Gates%20and%20Limiters/Nobels%20CO-2.pdf,,schematic,pdf,200,110947,9c285602e08b7680cea2ec7174797aaa31ad7cd165e65e8e3eae991e45872305,2026-09-20,1,ocr_boxes,2026-09-20,ocr_boxes-1,2026-09-20,parts-2026-09-20f,,,
https://experimentalistsanonymous.com/diy/Schematics/Compressors%20Gates%20and%20Limiters/Pearl%20Compressor.gif,,schematic,gif,200,92617,7e9646fb0e5e7d7582aa8c5057699f5ffb5660d8b26629c2ebdc53aef56115d1,2026-09-20,1,ocr_boxes,2026-09-20,ocr_boxes-1,2026-09-20,parts-2026-09-20f,,,
https://experimentalistsanonymous.com/diy/Schematics/Compressors%20Gates%20and%20Limiters/Roger%20Mayer%20Noisegate.pdf,,schematic,pdf,200,301913,a6fb0438d908a16ef48ef1fc447e2d4d6f9124d9537ccbe9c76802222215d70b,2026-09-20,2,ocr_boxes,2026-09-20,ocr_boxes-1,2026-09-20,parts-2026-09-20f,,,
https://experimentalistsanonymous.com/diy/Schematics/Compressors%20Gates%20and%20Limiters/SSM2166%20Compressor.gif,,schematic,gif,200,19298,2923e07c17e8bccf4ecea6c7a9dcb2f3e3da65ef14f0c0e3894912d3a86fa202,2026-09-20,1,ocr_boxes,2026-09-20,ocr_boxes-1,2026-09-20,parts-2026-09-20f,,,
https://experimentalistsanonymous.com/diy/Schematics/Compressors%20Gates%20and%20Limiters/Walco%20Chord%20and%20Note%20Sustainer.gif,,schematic,gif,200,14781,2e6e88339578158b7317768458c65d8e8facb10f124311e0fa7d2c0c1914f762,2026-09-20,1,ocr_boxes,2026-09-20,ocr_boxes-1,2026-09-20,parts-2026-09-20f,,,
https://experimentalistsanonymous.com/diy/Schematics/Delay%20Echo%20and%20Samplers/120%20Second%20recorder%203.pdf,,schematic,pdf,200,144741,2deb1af2232eaa5d77252e41b4a749c54e32769f7acaa7ec1d98c0b77ee0cac3,2026-09-20,4,ocr_boxes,2026-09-20,ocr_boxes-1,2026-09-20,parts-2026-09-20f,,,
https://experimentalistsanonymous.com/diy/Schematics/Delay%20Echo%20and%20Samplers/120%20Second%20voice%20recorder%202.pdf,,schematic,pdf,200,37819,9d0d8b1483770bbc8e5c1577f869136d229aeebf70c0b5fcd68befec1b0410c3,2026-09-20,3,ocr_boxes,2026-09-20,ocr_boxes-1,2026-09-20,parts-2026-09-20f,,,
https://experimentalistsanonymous.com/diy/Schematics/Delay%20Echo%20and%20Samplers/120%20Second%20voice%20recorder.pdf,,schematic,pdf,200,34829,0537115c2e982fcce312f03be8621735c4c7034f50c745ec0129d18b04272ee4,2026-09-20,3,ocr_boxes,2026-09-20,ocr_boxes-1,2026-09-20,parts-2026-09-20f,,,
https://experimentalistsanonymous.com/diy/Schematics/Delay%20Echo%20and%20Samplers/40%20Second%20Message%20Recorder%20with%20Loop%20Option.pdf,,schematic,pdf,200,27269,23663d9b16527537820faeb5e144650adff4282c85b368ca1f99a71f37aac03e,2026-09-20,2,ocr_boxes,2026-09-20,ocr_boxes-1,2026-09-20,parts-2026-09-20f,,,
https://experimentalistsanonymous.com/diy/Schematics/Delay%20Echo%20and%20Samplers/40%20Second%20Recorder.pdf,,schematic,pdf,200,27269,23663d9b16527537820faeb5e144650adff4282c85b368ca1f99a71f37aac03e,2026-09-20,2,ocr_boxes,2026-09-20,ocr_boxes-1,2026-09-20,parts-2026-09-20f,,,
https://experimentalistsanonymous.com/diy/Schematics/Delay%20Echo%20and%20Samplers/5k%20analog%20delay%20module.gif,,schematic,gif,200,72778,73240870e5b07389dc54cfac33a910e2008fc4f6949596228dd4fe684fcf5266,2026-09-20,1,ocr_boxes,2026-09-20,ocr_boxes-1,2026-09-20,parts-2026-09-20f,,,
https://experimentalistsanonymous.com/diy/Schematics/Delay%20Echo%20and%20Samplers/AD3208.pdf,,schematic,pdf,200,48319,85ed29cca68d41f90f669226ef1d4a96529d492b5cdad29d69703116469d5ec9,2026-09-20,1,ocr_boxes,2026-09-20,ocr_boxes-1,2026-09-20,parts-2026-09-20f,,,
https://experimentalistsanonymous.com/diy/Schematics/Delay%20Echo%20and%20Samplers/APR9031%20simple%20voice%20recorder.pdf,,schematic,pdf,200,21261,a394fc5f19805e5256e3ea0abca80744575e178ffebfcb5f78081483fb8bc605,2026-09-20,2,ocr_boxes,2026-09-20,ocr_boxes-1,2026-09-20,parts-2026-09-20f,,,
https://experimentalistsanonymous.com/diy/Schematics/Delay%20Echo%20and%20Samplers/Arion%20SAD-1%20layout.gif,,schematic,gif,200,70787,6daf3a5d988e66c7fc7de5d979e18b528374c03d105808f255a38fd614ae9d9a,2026-09-20,1,ocr_boxes,2026-09-20,ocr_boxes-1,2026-09-20,parts-2026-09-20f,,,
https://experimentalistsanonymous.com/diy/Schematics/Delay%20Echo%20and%20Samplers/Arion%20SAD-1.gif,,schematic,gif,200,59489,73c46dde6c6e51e791e514c167ae099892fa9c3a5f3dc99838a6e09d94392ee6,2026-09-20,1,ocr_boxes,2026-09-20,ocr_boxes-1,2026-09-20,parts-2026-09-20f,,,
https://experimentalistsanonymous.com/diy/Schematics/Delay%20Echo%20and%20Samplers/BOSS%20DD-2.png,,schematic,png,200,112789,23351968483ab51151d1aba7e22455b9ea8b76de96e5d1a0c630e3826a9191ab,2026-09-20,1,ocr_boxes,2026-09-20,ocr_boxes-1,2026-09-20,parts-2026-09-20f,,,
https://experimentalistsanonymous.com/diy/Schematics/Delay%20Echo%20and%20Samplers/BOSS%20DM-2.jpg,,schematic,jpeg,200,145977,6de920664fae8763396b5dd16b6fffcfb12bdf90b348c2c7bd00fa2cef9d04f8,2026-09-20,1,ocr_boxes,2026-09-20,ocr_boxes-1,2026-09-20,parts-2026-09-20f,,,
https://experimentalistsanonymous.com/diy/Schematics/Delay%20Echo%20and%20Samplers/BOSS%20DM2.jpg,,schematic,jpeg,200,145977,6de920664fae8763396b5dd16b6fffcfb12bdf90b348c2c7bd00fa2cef9d04f8,2026-09-20,1,ocr_boxes,2026-09-20,ocr_boxes-1,2026-09-20,parts-2026-09-20f,,,
https://experimentalistsanonymous.com/diy/Schematics/Delay%20Echo%20and%20Samplers/DE-80%20board.gif,,schematic,gif,200,83987,d0715cbf37dc60f410d4cce896af17bba53c807d6d234a3af4877edfa71f55d1,2026-09-20,1,ocr_boxes,2026-09-20,ocr_boxes-1,2026-09-20,parts-2026-09-20f,,,
https://experimentalistsanonymous.com/diy/Schematics/Delay%20Echo%20and%20Samplers/DE-80.gif,,schematic,gif,200,50313,4984ef82c4e9f2f17fa068eee4e74234c978ca635693a6661211123842fc9440,2026-09-20,1,ocr_boxes,2026-09-20,ocr_boxes-1,2026-09-20,parts-2026-09-20f,,,
https://experimentalistsanonymous.com/diy/Schematics/Delay%20Echo%20and%20Samplers/DOD%20585.jpg,,schematic,jpeg,200,124778,6562c7b7e77bdf94cc4e57e14a5626e63ed1690e1f79ce753f0178abe6b3bc0a,2026-09-20,1,ocr_boxes,2026-09-20,ocr_boxes-1,2026-09-20,parts-2026-09-20f,,,
https://experimentalistsanonymous.com/diy/Schematics/Delay%20Echo%20and%20Samplers/DOD%20908A.GIF,,schematic,gif,200,328190,4d380edbe1b22c12f87fa4556f71f530c8d1e0b8b4755232aa75e7be430a9163,2026-09-20,1,ocr_boxes,2026-09-20,ocr_boxes-1,2026-09-20,parts-2026-09-20f,,,
https://experimentalistsanonymous.com/diy/Schematics/Delay%20Echo%20and%20Samplers/DOD%20908B.GIF,,schematic,gif,200,331919,5e04137214f873dfcd8bde1c714e7d7e01e6ebc6ceeef297b63a74de835953d6,2026-09-20,1,ocr_boxes,2026-09-20,ocr_boxes-1,2026-09-20,parts-2026-09-20f,,,
https://experimentalistsanonymous.com/diy/Schematics/Delay%20Echo%20and%20Samplers/DOD%20FX90.jpg,,schematic,jpeg,200,232610,4a6356b09ffa3ec47b61fea2f0ef9e9fec8e0d9613baeb43a08a692f88ce1110,2026-09-20,1,ocr_boxes,2026-09-20,ocr_boxes-1,2026-09-20,parts-2026-09-20f,,,
https://experimentalistsanonymous.com/diy/Schematics/Delay%20Echo%20and%20Samplers/DOD%20FX96.pdf,,schematic,pdf,200,41971,510114451bf90a5066a026823910111b8f38776b4c3df281dabb5bea4baf4131,2026-09-20,3,ocr_boxes,2026-09-20,ocr_boxes-1,2026-09-20,parts-2026-09-20f,,,
https://experimentalistsanonymous.com/diy/Schematics/Delay%20Echo%20and%20Samplers/Danelectro%20PBJ%20DJ-17.PDF,,schematic,pdf,200,28403,cbe0f859f1e569a61a3f5c42f6cd34f33f103b94de5f803cedd2fb4366456771,2026-09-20,1,ocr_boxes,2026-09-20,ocr_boxes-1,2026-09-20,parts-2026-09-20f,,,
https://experimentalistsanonymous.com/diy/Schematics/Delay%20Echo%20and%20Samplers/Deluxe%20memory%20man.pdf,,schematic,pdf,200,35262,afa62778c7b9a5fbcdbe5fe8de068b1f8e063145761a219833f10fac488e46e2,2026-09-20,1,ocr_boxes,2026-09-20,ocr_boxes-1,2026-09-20,parts-2026-09-20f,,,
https://experimentalistsanonymous.com/diy/Schematics/Delay%20Echo%20and%20Samplers/Digitech%20PDS2020.jpg,,schematic,jpeg,200,653153,84413d516136337313f11abeab2acdab28851ba1f72468bbddaa17de3e112346,2026-09-20,1,ocr_boxes,2026-09-20,ocr_boxes-1,2026-09-20,parts-2026-09-20f,,,
https://experimentalistsanonymous.com/diy/Schematics/Delay%20Echo%20and%20Samplers/Digitech%20PDS2020.pdf,,schematic,pdf,200,803251,70f9c1ae34406d5c24ad5990c10fd5e5af57c8765cb15ba43d1b0233a860d244,2026-09-20,6,ocr_boxes,2026-09-20,ocr_boxes-1,2026-09-20,parts-2026-09-20f,,,
https://experimentalistsanonymous.com/diy/Schematics/Delay%20Echo%20and%20Samplers/Dynacord%20Echocord.jpg,,schematic,jpeg,200,510554,d6d5f68414ec188d3e334d38551c44b074df726c0cce150968083c0e23555326,2026-09-20,1,ocr_boxes,2026-09-20,ocr_boxes-1,2026-09-20,parts-2026-09-20f,,,
https://experimentalistsanonymous.com/diy/Schematics/Delay%20Echo%20and%20Samplers/Dynacord%20Echoking.jpg,,schematic,jpeg,200,306209,d90988a37715289824de606e147ee8d4ff7d56edccee907f1c50a8302bbddd89,2026-09-20,1,ocr_boxes,2026-09-20,ocr_boxes-1,2026-09-20,parts-2026-09-20f,,,
https://experimentalistsanonymous.com/diy/Schematics/Delay%20Echo%20and%20Samplers/EH%20Deluxe%20Memoryman%20Dlay.pdf,,schematic,pdf,200,36384,d05dabe47647577903a6820f45515e1776186fe8c8a351e64e5193709a3bc421,2026-09-20,1,ocr_boxes,2026-09-20,ocr_boxes-1,2026-09-20,parts-2026-09-20f,,,
https://experimentalistsanonymous.com/diy/Schematics/Delay%20Echo%20and%20Samplers/Echo-matic%20cassette%20delay%20page%201.gif,,schematic,gif,200,654521,453ced08b68d5b362271e753a56d0e77397bd67356e1bd8be135e0eef78ce9af,2026-09-20,1,ocr_boxes,2026-09-20,ocr_boxes-1,2026-09-20,parts-2026-09-20f,,,
https://experimentalistsanonymous.com/diy/Schematics/Delay%20Echo%20and%20Samplers/Echo-matic%20cassette%20delay%20page%202.gif,,schematic,gif,200,532609,d4f51161502956a170c51074bf632a398dd92762b0c63d13a2cb1724c64b83f7,2026-09-20,1,ocr_boxes,2026-09-20,ocr_boxes-1,2026-09-20,parts-2026-09-20f,,,
https://experimentalistsanonymous.com/diy/Schematics/Delay%20Echo%20and%20Samplers/Electro%20Harmonix%2016%20second%20delay%20Analog%20part.pdf,,schematic,pdf,200,30760,d40aeb207359a8e7098b00c3c91c3a3fd98cf78b8d713382873f9a022fb145b1,2026-09-20,2,ocr_boxes,2026-09-20,ocr_boxes-1,2026-09-20,parts-2026-09-20f,,,
https://experimentalistsanonymous.com/diy/Schematics/Delay%20Echo%20and%20Samplers/Holtek%20echo.gif,,schematic,gif,200,37525,d4e4a40ff9a27968c5133a3cb15e3bb0d98d414a2e2ab53a9e546f5a361bdda8,2026-09-20,1,ocr_boxes,2026-09-20,ocr_boxes-1,2026-09-20,parts-2026-09-20f,,,
https://experimentalistsanonymous.com/diy/Schematics/Delay%20Echo%20and%20Samplers/ISD1000%20recorder.gif,,schematic,gif,200,7691,65c7a6dd53267a8b14153c15acb4bf553d5d369ac6801bcf566ae9dd12aab26a,2026-09-20,1,ocr_boxes,2026-09-20,ocr_boxes-1,2026-09-20,parts-2026-09-20f,,,
https://experimentalistsanonymous.com/diy/Schematics/Delay%20Echo%20and%20Samplers/ISD25xx%20Recording%20Device.pdf,,schematic,pdf,200,27269,23663d9b16527537820faeb5e144650adff4282c85b368ca1f99a71f37aac03e,2026-09-20,2,ocr_boxes,2026-09-20,ocr_boxes-1,2026-09-20,parts-2026-09-20f,,,
https://experimentalistsanonymous.com/diy/Schematics/Delay%20Echo%20and%20Samplers/Ibanez%20AD100.gif,,schematic,gif,200,98275,63169a771f3f44aaf20bae7cc9deeeef4d4efa9fa96cd26339a37ebed2de2e40,2026-09-20,1,ocr_boxes,2026-09-20,ocr_boxes-1,2026-09-20,parts-2026-09-20f,,,
https://experimentalistsanonymous.com/diy/Schematics/Delay%20Echo%20and%20Samplers/Ibanez%20AD80.pdf,,schematic,pdf,200,111122,49758f2a7d53997f271408c6fa4668826a78f7f42ab76be7870ff2669b9dcd57,2026-09-20,1,ocr_boxes,2026-09-20,ocr_boxes-1,2026-09-20,parts-2026-09-20f,,,
https://experimentalistsanonymous.com/diy/Schematics/Delay%20Echo%20and%20Samplers/Ibanez%20AD9.pdf,,schematic,pdf,200,22560,b37b0a0587c95eca7a254a6c120932b479a02e3bf48f2197a7ce891ae6c4bfcd,2026-09-20,1,ocr_boxes,2026-09-20,ocr_boxes-1,2026-09-20,parts-2026-09-20f,,,
https://experimentalistsanonymous.com/diy/Schematics/Delay%20Echo%20and%20Samplers/Ibanez%20AD99.pdf,,schematic,pdf,200,23205,ddf18a3560ec40db48aabc699c239c9009ebcf085c131ab080dcdef6398fc575,2026-09-20,1,ocr_boxes,2026-09-20,ocr_boxes-1,2026-09-20,parts-2026-09-20f,,,
https://experimentalistsanonymous.com/diy/Schematics/Delay%20Echo%20and%20Samplers/Ibanez%20DL5%20Delay.gif,,schematic,gif,200,35620,ea289a9618e938a7496c8d475437f72dea4eb56c727f47dff5e73f14a00bc09f,2026-09-20,1,ocr_boxes,2026-09-20,ocr_boxes-1,2026-09-20,parts-2026-09-20f,,,
https://experimentalistsanonymous.com/diy/Schematics/Delay%20Echo%20and%20Samplers/Ibanez%20EM5.png,,schematic,png,200,87815,37d5c7f2e0ebfd2292b72199c561f446287a0e0e7fc82f15d82959dc0b605125,2026-09-20,1,ocr_boxes,2026-09-20,ocr_boxes-1,2026-09-20,parts-2026-09-20f,,,
https://experimentalistsanonymous.com/diy/Schematics/Delay%20Echo%20and%20Samplers/Lupine%20Systems%20SAD1024%20Delay.jpg,,schematic,jpeg,200,77449,651ae123ef3a16c1b5fb2eaf87f31f857e327e917dafa203d85ad61b449036a3,2026-09-20,1,ocr_boxes,2026-09-20,ocr_boxes-1,2026-09-20,parts-2026-09-20f,,,
https://experimentalistsanonymous.com/diy/Schematics/Delay%20Echo%20and%20Samplers/M65831%20Based%20Delay.gif,,schematic,gif,200,21172,95281c0181c6041ef936eb624d39fa957d15540082a7bda2cd3802964612518f,2026-09-20,1,ocr_boxes,2026-09-20,ocr_boxes-1,2026-09-20,parts-2026-09-20f,,,
https://experimentalistsanonymous.com/diy/Schematics/Delay%20Echo%20and%20Samplers/MXR%20Analog%20Delay%201.png,,schematic,png,200,55501,dfd1daff15b6ddcb3ee801bac3720a95fdc4a005d4f43e3338c7f88b7bd7c15c,2026-09-20,1,ocr_boxes,2026-09-20,ocr_boxes-1,2026-09-20,parts-2026-09-20f,,,
https://experimentalistsanonymous.com/diy/Schematics/Delay%20Echo%20and%20Samplers/MXR%20Analog%20Delay%202.png,,schematic,png,200,51352,9aedce89ce6bc4cfef955f27421a43987e170b70c9d985d33fb085df798c2dc8,2026-09-20,1,ocr_boxes,2026-09-20,ocr_boxes-1,2026-09-20,parts-2026-09-20f,,,
https://experimentalistsanonymous.com/diy/Schematics/Delay%20Echo%20and%20Samplers/MXR%20Analog%20Delay%203.png,,schematic,png,200,77949,c646c22b45341511283dc8b4821b3b4f82aed6f14f1f3c7c18c77050fc510633,2026-09-20,1,ocr_boxes,2026-09-20,ocr_boxes-1,2026-09-20,parts-2026-09-20f,,,
https://experimentalistsanonymous.com/diy/Schematics/Delay%20Echo%20and%20Samplers/Morley%20Echo%20Chorus%20Vibrato.pdf,,schematic,pdf,200,328234,ab9f4eb6e63b9288f299ed6f359245dd89e26b1186c6f24a2df5b663b9eda11d,2026-09-20,1,ocr_boxes,2026-09-20,ocr_boxes-1,2026-09-20,parts-2026-09-20f,,,
https://experimentalistsanonymous.com/diy/Schematics/Delay%20Echo%20and%20Samplers/Morley%20Emerald%20echo.pdf,,schematic,pdf,200,83194,d351c5b5ce5a9f38238df10fe78cd273505b7e02b0b694e918356c3cad91dfcd,2026-09-20,1,ocr_boxes,2026-09-20,ocr_boxes-1,2026-09-20,parts-2026-09-20f,,,
https://experimentalistsanonymous.com/diy/Schematics/Delay%20Echo%20and%20Samplers/PT2399%20Voltage%20Control%20Circuit.gif,,schematic,gif,200,4474,9ce0d23c258cfdef87e6bddc495e5411bf59c5750707629d68438ac21a9550db,2026-09-20,1,ocr_boxes,2026-09-20,ocr_boxes-1,2026-09-20,parts-2026-09-20f,,,
https://experimentalistsanonymous.com/diy/Schematics/Delay%20Echo%20and%20Samplers/ROSS%20Stereo%20Delay%202.png,,schematic,png,200,118411,41e11c8a580eacb293e145e38a96c05992247b26f45c5b6dc1f92fc47f104f3d,2026-09-20,1,ocr_boxes,2026-09-20,ocr_boxes-1,2026-09-20,parts-2026-09-20f,,,
https://experimentalistsanonymous.com/diy/Schematics/Delay%20Echo%20and%20Samplers/ROSS%20Stereo%20Delay.pdf,,schematic,pdf,200,60063,a2ce19c138240ef2629631f6a2e80e8e24d6a336a3dbe4b0c947009c4aac0716,2026-09-20,1,ocr_boxes,2026-09-20,ocr_boxes-1,2026-09-20,parts-2026-09-20f,,,
https://experimentalistsanonymous.com/diy/Schematics/Delay%20Echo%20and%20Samplers/Rebote%20delay.pdf,,schematic,pdf,200,75332,ac37b2c641eec314e84c6c7dfa8a655ad68d43ec4dfff2f6b814317a4a4f0580,2026-09-20,1,ocr_boxes,2026-09-20,ocr_boxes-1,2026-09-20,parts-2026-09-20f,,,
https://experimentalistsanonymous.com/diy/Schematics/Delay%20Echo%20and%20Samplers/Scott%20Bernardi%20PT2399%20Echo%20Delay.pdf,,schematic,pdf,200,24767,ae09eb71d75505b69b7745f1c9a5419d98eebda2baf3785bb178bf60935cfb26,2026-09-20,3,ocr_boxes,2026-09-20,ocr_boxes-1,2026-09-20,parts-2026-09-20f,,,
https://experimentalistsanonymous.com/diy/Schematics/Delay%20Echo%20and%20Samplers/Simple%20BL3208%20echo.gif,,schematic,gif,200,38796,b6e96cee86e23b885714cbfcaa2714965c4fec748c7efb00f9188c7d57aeb05e,2026-09-20,1,ocr_boxes,2026-09-20,ocr_boxes-1,2026-09-20,parts-2026-09-20f,,,
https://experimentalistsanonymous.com/diy/Schematics/Delay%20Echo%20and%20Samplers/TDA1022%20delay.jpg,,schematic,jpeg,200,155794,44d2333dcce96598233e6245a1d6dad04c8a251ad4a8fceb2ab1f04fd8eb8549,2026-09-20,1,ocr_boxes,2026-09-20,ocr_boxes-1,2026-09-20,parts-2026-09-20f,,,
https://experimentalistsanonymous.com/diy/Schematics/Delay%20Echo%20and%20Samplers/Tycobrahe%20delay.gif,,schematic,gif,200,187437,512af341400585ae1d11709aad31ab8049ab26d614aeeea0ed60c764b8c0dcc6,2026-09-20,1,ocr_boxes,2026-09-20,ocr_boxes-1,2026-09-20,parts-2026-09-20f,,,
https://experimentalistsanonymous.com/diy/Schematics/Distortion%20Boost%20and%20Overdrive/2%20Tranny%20simple%20OD%20and%20Clean%20Boost.GIF,,schematic,gif,200,10137,c2d0c515ba192982916d67ad58c5e30d97180eb277b19b0b6cb9e3f5a3003b57,2026-09-20,1,ocr_boxes,2026-09-20,ocr_boxes-1,2026-09-20,parts-2026-09-20f,,,
https://experimentalistsanonymous.com/diy/Schematics/Distortion%20Boost%20and%20Overdrive/4%20transistor%20High%20Gain%20Overdrive.gif,,schematic,gif,200,11405,eef6ea0d018f3c7cc66a63a9131c3efd9e4e334b69b8627a697fcb8d8e7c1c1a,2026-09-20,1,ocr_boxes,2026-09-20,ocr_boxes-1,2026-09-20,parts-2026-09-20f,,,
https://experimentalistsanonymous.com/diy/Schematics/Distortion%20Boost%20and%20Overdrive/Analogguru%20FET%20Booster.gif,,schematic,gif,200,41320,01108ff96c5ec838364a5da99f49dc3add202f57e049a9e43229b55b68634471,2026-09-20,1,ocr_boxes,2026-09-20,ocr_boxes-1,2026-09-20,parts-2026-09-20f,,,
https://experimentalistsanonymous.com/diy/Schematics/Distortion%20Boost%20and%20Overdrive/Angry%20Beard%20III.pdf,,schematic,pdf,200,7528,7a027c658e97015ab8a10caf773508a07df577cd2494f6af6f27c63a515ac73a,2026-09-20,1,ocr_boxes,2026-09-20,ocr_boxes-1,2026-09-20,parts-2026-09-20f,,,
https://experimentalistsanonymous.com/diy/Schematics/Distortion%20Boost%20and%20Overdrive/Arion%20MMP-1.gif,,schematic,gif,200,68890,70084e804891abc44ad96c370b46273361c22fdcf7aa25c46e2ff66147625b87,2026-09-20,1,ocr_boxes,2026-09-20,ocr_boxes-1,2026-09-20,parts-2026-09-20f,,,
https://experimentalistsanonymous.com/diy/Schematics/Distortion%20Boost%20and%20Overdrive/Axe%20Grinder.pdf,,schematic,pdf,200,12418,1e7cd4786181dfbfd688592b41dd9f65f5ec5aee2b5631c562454dd5e62a5dae,2026-09-20,1,ocr_boxes,2026-09-20,ocr_boxes-1,2026-09-20,parts-2026-09-20f,,,
https://experimentalistsanonymous.com/diy/Schematics/Distortion%20Boost%20and%20Overdrive/BOSS%20BD-2.gif,,schematic,gif,200,135084,ad034d5d3d13d3a67747030b9244adb73a0964959c953cd40dfa55a0656a9337,2026-09-20,1,ocr_boxes,2026-09-20,ocr_boxes-1,2026-09-20,parts-2026-09-20f,,,
https://experimentalistsanonymous.com/diy/Schematics/Distortion%20Boost%20and%20Overdrive/BOSS%20DF2.pdf,,schematic,pdf,200,129957,56edbd543ec19b3fb14c9c8f2d4ed77444b2f0eb15489c4e749195852fd2b244,2026-09-20,1,ocr_boxes,2026-09-20,ocr_boxes-1,2026-09-20,parts-2026-09-20f,,,
https://experimentalistsanonymous.com/diy/Schematics/Distortion%20Boost%20and%20Overdrive/BOSS%20DS-1.png,,schematic,png,200,2844,893b8fb551dd841871745e494de36f73bb95517e7bc55cad024595a86c2b67ba,2026-09-20,1,ocr_boxes,2026-09-20,ocr_boxes-1,2026-09-20,parts-2026-09-20f,,,
https://experimentalistsanonymous.com/diy/Schematics/Distortion%20Boost%20and%20Overdrive/BOSS%20DS-2.gif,,schematic,gif,200,135943,8b42b51881fc2ac567f0e321f2a0735add7169aa7cffb5f7398813ecd2ea692e,2026-09-20,1,ocr_boxes,2026-09-20,ocr_boxes-1,2026-09-20,parts-2026-09-20f,,,
https://experimentalistsanonymous.com/diy/Schematics/Distortion%20Boost%20and%20Overdrive/BOSS%20FA1.png,,schematic,png,200,43369,40a67ae825edebe3d037627b6a03d5234b319f59dccbc69d5b8906c453311268,2026-09-20,1,ocr_boxes,2026-09-20,ocr_boxes-1,2026-09-20,parts-2026-09-20f,,,
https://experimentalistsanonymous.com/diy/Schematics/Distortion%20Boost%20and%20Overdrive/BOSS%20HM-2.gif,,schematic,gif,200,19026,7e001971cff3d62b52dda9356d0b0c633c9b077d6508ece6603a7544302f16e7,2026-09-20,1,ocr_boxes,2026-09-20,ocr_boxes-1,2026-09-20,parts-2026-09-20f,,,
https://experimentalistsanonymous.com/diy/Schematics/Distortion%20Boost%20and%20Overdrive/BOSS%20MT2.pdf,,schematic,pdf,200,40405,1e6dce823d08a97f7517914bc8fe12f6ededd500265fa74a2c675e5bb2ba19b0,2026-09-20,4,ocr_boxes,2026-09-20,ocr_boxes-1,2026-09-20,parts-2026-09-20f,,,
https://experimentalistsanonymous.com/diy/Schematics/Distortion%20Boost%20and%20Overdrive/BOSS%20OD-1.png,,schematic,png,200,2638,a84c497d59ed5d9a0dfd39fe19cc3b56f694c9733e6a320a348021117a3e15f7,2026-09-20,1,ocr_boxes,2026-09-20,ocr_boxes-1,2026-09-20,parts-2026-09-20f,,,
https://experimentalistsanonymous.com/diy/Schematics/Distortion%20Boost%20and%20Overdrive/BOSS%20OS-2.gif,,schematic,gif,200,81462,88ac8017392eebf41d53046bff217feedb9b3b8491fc20024193d1ff5ac8d8ab,2026-09-20,1,ocr_boxes,2026-09-20,ocr_boxes-1,2026-09-20,parts-2026-09-20f,,,
https://experimentalistsanonymous.com/diy/Schematics/Distortion%20Boost%20and%20Overdrive/BOSS%20SD-1.gif,,schematic,gif,200,18996,91032871aded3bd624485a5dcac604a352c6411d0dc3988cf7fda25f5e1f33e6,2026-09-20,1,ocr_boxes,2026-09-20,ocr_boxes-1,2026-09-20,parts-2026-09-20f,,,
https://experimentalistsanonymous.com/diy/Schematics/Distortion%20Boost%20and%20Overdrive/BOSS%20XT-2.jpg,,schematic,jpeg,200,93342,c98626ebf5fcc9035801885e8ebfe85f27f189eb9eaa012648b1dd6c2f2ac566,2026-09-20,1,ocr_boxes,2026-09-20,ocr_boxes-1,2026-09-20,parts-2026-09-20f,,,
https://experimentalistsanonymous.com/diy/Schematics/Distortion%20Boost%20and%20Overdrive/Bob%20Blick%20Guitar%20Preamp.gif,,schematic,gif,200,27901,42ecf4273a527447575bec07acc6099b765fadc44c5b74b0c691d93d543a564b,2026-09-20,1,ocr_boxes,2026-09-20,ocr_boxes-1,2026-09-20,parts-2026-09-20f,,,
https://experimentalistsanonymous.com/diy/Schematics/Distortion%20Boost%20and%20Overdrive/Boss%20MD-2.jpg,,schematic,jpeg,200,241856,233db4faa8f0bdecf22a4fa2d445b341f4ba94dce53a7fdfd5a2146f50a50016,2026-09-20,1,ocr_boxes,2026-09-20,ocr_boxes-1,2026-09-20,parts-2026-09-20f,,,
https://experimentalistsanonymous.com/diy/Schematics/Distortion%20Boost%20and%20Overdrive/Boss%20OD-3.gif,,schematic,gif,200,40449,dd2e907e130f6aa36616d6c1a89e1c42ca28af1804e4d2f88e514188d4b18e51,2026-09-20,1,ocr_boxes,2026-09-20,ocr_boxes-1,2026-09-20,parts-2026-09-20f,,,
https://experimentalistsanonymous.com/diy/Schematics/Distortion%20Boost%20and%20Overdrive/Brian%20May%20Treble%20Booster.jpg,,schematic,jpeg,200,115497,92610f00f1e6b9748aec1a8ab8aab5401de1b8bfb05df1f6dbd1e56a4e93e075,2026-09-20,1,ocr_boxes,2026-09-20,ocr_boxes-1,2026-09-20,parts-2026-09-20f,,,
https://experimentalistsanonymous.com/diy/Schematics/Distortion%20Boost%20and%20Overdrive/Carl%20Martin%20Heavy%20Drive.pdf,,schematic,pdf,200,9953,250e4bed135a6279597d9ad77cd4b43e6d87d69591243ac939ab80038e4e3d2f,2026-09-20,1,ocr_boxes,2026-09-20,ocr_boxes-1,2026-09-20,parts-2026-09-20f,,,
https://experimentalistsanonymous.com/diy/Schematics/Distortion%20Boost%20and%20Overdrive/DOD%20FX102%20MysticBlues.gif,,schematic,gif,200,161265,3e86655e50b64ed2ead330090efc74bd93542c3e750f581c7808abc5d5660029,2026-09-20,1,ocr_boxes,2026-09-20,ocr_boxes-1,2026-09-20,parts-2026-09-20f,,,
https://experimentalistsanonymous.com/diy/Schematics/Distortion%20Boost%20and%20Overdrive/DOD%20FX53.gif,,schematic,gif,200,65366,273e3540f90463feb3aa9704a33838a0c7f6d75b4170cac2038f513a91433260,2026-09-20,1,ocr_boxes,2026-09-20,ocr_boxes-1,2026-09-20,parts-2026-09-20f,,,
https://experimentalistsanonymous.com/diy/Schematics/Distortion%20Boost%20and%20Overdrive/DOD%20FX53.jpg,,schematic,jpeg,200,264403,9914b2b650652cd20ed477d12482df5d0b37cddb5b3d67af2ccd829a9dde7887,2026-09-20,1,ocr_boxes,2026-09-20,ocr_boxes-1,2026-09-20,parts-2026-09-20f,,,
https://experimentalistsanonymous.com/diy/Schematics/Distortion%20Boost%20and%20Overdrive/DOD%20FX54.gif,,schematic,gif,200,80240,9217990d21a6e496bf0836dc4d20a6b5e74ed7a3c0407233c16e4301874ef4a3,2026-09-20,1,ocr_boxes,2026-09-20,ocr_boxes-1,2026-09-20,parts-2026-09-20f,,,
https://experimentalistsanonymous.com/diy/Schematics/Distortion%20Boost%20and%20Overdrive/DOD%20FX57.gif,,schematic,gif,200,185624,cdb93cc2ad3ea5a9775ebfb41eb89f01b8f1b3cdc9e099647eb6b92c58516659,2026-09-20,1,ocr_boxes,2026-09-20,ocr_boxes-1,2026-09-20,parts-2026-09-20f,,,
https://experimentalistsanonymous.com/diy/Schematics/Distortion%20Boost%20and%20Overdrive/DOD%20FX59.gif,,schematic,gif,200,131368,08df21bf051b65779b84c6c1ae26ffc56374c1541fbdbbcad571db8dc7c0999d,2026-09-20,1,ocr_boxes,2026-09-20,ocr_boxes-1,2026-09-20,parts-2026-09-20f,,,
https://experimentalistsanonymous.com/diy/Schematics/Distortion%20Boost%20and%20Overdrive/DOD%20FX70-C%20Corrosion.gif,,schematic,gif,200,30813,9824c88c4c096b38505d9ccc20e9caf90ebf295211946a4c54e3c3c22a149480,2026-09-20,1,ocr_boxes,2026-09-20,ocr_boxes-1,2026-09-20,parts-2026-09-20f,,,
https://experimentalistsanonymous.com/diy/Schematics/Distortion%20Boost%20and%20Overdrive/DOD%20FX86.jpg,,schematic,jpeg,200,68825,a595b6f074088ae451ddf8a737b2a5ce86a854001dcc3f8afdc8766f5ed4f378,2026-09-20,1,ocr_boxes,2026-09-20,ocr_boxes-1,2026-09-20,parts-2026-09-20f,,,
https://experimentalistsanonymous.com/diy/Schematics/Distortion%20Boost%20and%20Overdrive/DOD%20Overdrive%20250.gif,,schematic,gif,200,4608,399671b96c4f21eab8e3e1761a6911d2ed5302674993cbb56d0b05b3d0116f14,2026-09-20,1,ocr_boxes,2026-09-20,ocr_boxes-1,2026-09-20,parts-2026-09-20f,,,
https://experimentalistsanonymous.com/diy/Schematics/Distortion%20Boost%20and%20Overdrive/DS-1%20SEM.pdf,,schematic,pdf,200,50748,18fae6d5cdbd00ea7d54d96215e582635f64a96205416037e83c763a1227c9b4,2026-09-20,1,ocr_boxes,2026-09-20,ocr_boxes-1,2026-09-20,parts-2026-09-20f,,,
https://experimentalistsanonymous.com/diy/Schematics/Distortion%20Boost%20and%20Overdrive/Dan%20Armstrong%20Blue%20Clipper.gif,,schematic,gif,200,3584,e651bf2661417115ac9557cf7747ec02bbcf9dcd5a074a962cf716de4f6f639b,2026-09-20,1,ocr_boxes,2026-09-20,ocr_boxes-1,2026-09-20,parts-2026-09-20f,,,
https://experimentalistsanonymous.com/diy/Schematics/Distortion%20Boost%20and%20Overdrive/Danelectro%20DJ-10%20Grilled%20Cheese.pdf,,schematic,pdf,200,2349037,820a058fdf6eed85fe27a710bfd4f9554f6ef290e22d592573b03366cd0b0105,2026-09-20,2,ocr_boxes,2026-09-20,ocr_boxes-1,2026-09-20,parts-2026-09-20f,,,
https://experimentalistsanonymous.com/diy/Schematics/Distortion%20Boost%20and%20Overdrive/Differential%20Distortion.gif,,schematic,gif,200,7753,de7c7206255a1e94525bd377f3418dc8fec2c31c2d292dd81bf5d71c451818f8,2026-09-20,1,ocr_boxes,2026-09-20,ocr_boxes-1,2026-09-20,parts-2026-09-20f,,,
https://experimentalistsanonymous.com/diy/Schematics/Distortion%20Boost%20and%20Overdrive/Diode%20compression%20op%20amp.gif,,schematic,gif,200,9476,07ed538f54916573db14fb0f6c79ac410f3fa2a0b3421b2130bc07a213867f5b,2026-09-20,1,ocr_boxes,2026-09-20,ocr_boxes-1,2026-09-20,parts-2026-09-20f,,,
https://experimentalistsanonymous.com/diy/Schematics/Distortion%20Boost%20and%20Overdrive/Distortion%20Boost.pdf,,schematic,pdf,200,6202,42b75b4764aff7c2bf714451753efa56fa0c7459e3746c424cc39103565723e6,2026-09-20,1,ocr_boxes,2026-09-20,ocr_boxes-1,2026-09-20,parts-2026-09-20f,,,
https://experimentalistsanonymous.com/diy/Schematics/Distortion%20Boost%20and%20Overdrive/Electra%20Distortion%20with%20volume%20control.gif,,schematic,gif,200,5391,f50aff4a640dc5666f30190b7e9db70433cb5ffe16897e8a86babc8d004bbb6f,2026-09-20,1,ocr_boxes,2026-09-20,ocr_boxes-1,2026-09-20,parts-2026-09-20f,,,
https://experimentalistsanonymous.com/diy/Schematics/Distortion%20Boost%20and%20Overdrive/Electra%20Distortion.pdf,,schematic,pdf,200,3254,aeee738e4a83e8d2234761ae9b4afb43877a807937b37d9c1269db75fc11547f,2026-09-20,1,ocr_boxes,2026-09-20,ocr_boxes-1,2026-09-20,parts-2026-09-20f,,,
https://experimentalistsanonymous.com/diy/Schematics/Distortion%20Boost%20and%20Overdrive/Electro%20Harmonix%20Big%20Muff%20Pi.gif,,schematic,gif,200,11264,5301992fd740c384dcd43590b24304f17080b02672b64ab069327ad79404ab7c,2026-09-20,1,ocr_boxes,2026-09-20,ocr_boxes-1,2026-09-20,parts-2026-09-20f,,,
https://experimentalistsanonymous.com/diy/Schematics/Distortion%20Boost%20and%20Overdrive/Electro%20Harmonix%20Boosters.gif,,schematic,gif,200,12288,0faca5ed690589d3010b7e27a4458e2f8eca6276c1f7038b9874a06a09f30faa,2026-09-20,1,ocr_boxes,2026-09-20,ocr_boxes-1,2026-09-20,parts-2026-09-20f,,,
https://experimentalistsanonymous.com/diy/Schematics/Distortion%20Boost%20and%20Overdrive/Elektor%20Distortion%20Compressor.jpg,,schematic,jpeg,200,63303,2dde166ae0cfbdbd8b0733b4dd1188b1875ba28a59abf8b48d7caad2215800cf,2026-09-20,1,ocr_boxes,2026-09-20,ocr_boxes-1,2026-09-20,parts-2026-09-20f,,,
https://experimentalistsanonymous.com/diy/Schematics/Distortion%20Boost%20and%20Overdrive/Elektor%20Distortion.gif,,schematic,gif,200,38050,be7cfbc8dc6b74fb1241138c7937771503c6424d56275b4bc405b27259cc0a81,2026-09-20,1,ocr_boxes,2026-09-20,ocr_boxes-1,2026-09-20,parts-2026-09-20f,,,
https://experimentalistsanonymous.com/diy/Schematics/Distortion%20Boost%20and%20Overdrive/FET%20Boost.gif,,schematic,gif,200,1988,09a6cdf36f7acabcc827215943c69e90c4d7035ca09484b08f2d1e23ef1709e9,2026-09-20,1,ocr_boxes,2026-09-20,ocr_boxes-1,2026-09-20,parts-2026-09-20f,,,
https://experimentalistsanonymous.com/diy/Schematics/Distortion%20Boost%20and%20Overdrive/FOXX%20Tone%20Machine.gif,,schematic,gif,200,11154,170380d7598bb4ed0858b4e7f5157436d07ade40cd7349c525aa0ae642e5b715,2026-09-20,1,ocr_boxes,2026-09-20,ocr_boxes-1,2026-09-20,parts-2026-09-20f,,,
https://experimentalistsanonymous.com/diy/Schematics/Distortion%20Boost%20and%20Overdrive/Fullclone%202.gif,,schematic,gif,200,126131,85fb6273c90defb8658cf075dc9408becca5ba5c0d34caf00030bdb8f5b63c5d,2026-09-20,1,ocr_boxes,2026-09-20,ocr_boxes-1,2026-09-20,parts-2026-09-20f,,,
https://experimentalistsanonymous.com/diy/Schematics/Distortion%20Boost%20and%20Overdrive/Hotbox%20Tube%20Distortion.jpg,,schematic,jpeg,200,98651,54d5e1bfc5ac6345da022eee8a640cf66253f5529dd02df9837320740417e113,2026-09-20,1,ocr_boxes,2026-09-20,ocr_boxes-1,2026-09-20,parts-2026-09-20f,,,
https://experimentalistsanonymous.com/diy/Schematics/Distortion%20Boost%20and%20Overdrive/Ibanez%20BN5%20Black%20Noise.gif,,schematic,gif,200,26023,bd005dcb7c5647c0b138b2d9ad1ba99fc5e3afd69b5b920e1809284c9be7ab8c,2026-09-20,1,ocr_boxes,2026-09-20,ocr_boxes-1,2026-09-20,parts-2026-09-20f,,,
https://experimentalistsanonymous.com/diy/Schematics/Distortion%20Boost%20and%20Overdrive/Ibanez%20Black%20Noise.gif,,schematic,gif,200,10158,1e1f97b4207411b3cbc2cd7d2a14bad9f29bdd376e993925915c08867911be59,2026-09-20,1,ocr_boxes,2026-09-20,ocr_boxes-1,2026-09-20,parts-2026-09-20f,,,
https://experimentalistsanonymous.com/diy/Schematics/Distortion%20Boost%20and%20Overdrive/Ibanez%20DS10.pdf,,schematic,pdf,200,79617,bf0091904176114d3df8ed9fe581c8db66f4fe5a264b6178f99955fdb560157d,2026-09-20,1,ocr_boxes,2026-09-20,ocr_boxes-1,2026-09-20,parts-2026-09-20f,,,
https://experimentalistsanonymous.com/diy/Schematics/Distortion%20Boost%20and%20Overdrive/Ibanez%20MS10.gif,,schematic,gif,200,369203,3c9398d5c9dcbb15365ab0d83abd2bbff8d5835746661102217ca47cb8c8cc9b,2026-09-20,1,ocr_boxes,2026-09-20,ocr_boxes-1,2026-09-20,parts-2026-09-20f,,,
https://experimentalistsanonymous.com/diy/Schematics/Distortion%20Boost%20and%20Overdrive/Ibanez%20OD855.pdf,,schematic,pdf,200,37785,042d0f2ca78c195dd3390fd961dec112936e014b2c2351b57e2f700b23ec7ce4,2026-09-20,1,ocr_boxes,2026-09-20,ocr_boxes-1,2026-09-20,parts-2026-09-20f,,,
https://experimentalistsanonymous.com/diy/Schematics/Distortion%20Boost%20and%20Overdrive/Ibanez%20PL5.gif,,schematic,gif,200,92889,f0fb5363fe1e37375c26103cbe37759c584219787ac6fbea01bbdc4667aec3f4,2026-09-20,1,ocr_boxes,2026-09-20,ocr_boxes-1,2026-09-20,parts-2026-09-20f,,,
https://experimentalistsanonymous.com/diy/Schematics/Distortion%20Boost%20and%20Overdrive/Ibanez%20SD9.pdf,,schematic,pdf,200,14191,61cdaed3166d395927df98f1ba8177aa91ecb7e247bfe241e823d2b2adac76be,2026-09-20,1,ocr_boxes,2026-09-20,ocr_boxes-1,2026-09-20,parts-2026-09-20f,,,
https://experimentalistsanonymous.com/diy/Schematics/Distortion%20Boost%20and%20Overdrive/Ibanez%20STL.gif,,schematic,gif,200,69325,00bd805749e563aed0a21adec9f80ac0d14ba90894a2ee56eac2c052bde7988a,2026-09-20,1,ocr_boxes,2026-09-20,ocr_boxes-1,2026-09-20,parts-2026-09-20f,,,
https://experimentalistsanonymous.com/diy/Schematics/Distortion%20Boost%20and%20Overdrive/Ibanez%20TM5%20Thrash%20Metal.gif,,schematic,gif,200,118201,0d19f086944d92c6fae3d2fef63dfb0218a5fa9814a710a10e6de743c94125bb,2026-09-20,1,ocr_boxes,2026-09-20,ocr_boxes-1,2026-09-20,parts-2026-09-20f,,,
https://experimentalistsanonymous.com/diy/Schematics/Distortion%20Boost%20and%20Overdrive/Ibanez%20TS-10.gif,,schematic,gif,200,26702,55378d43d449db603b6f6cedee95999487526311ead93b8a29def2f5a879305b,2026-09-20,1,ocr_boxes,2026-09-20,ocr_boxes-1,2026-09-20,parts-2026-09-20f,,,
https://experimentalistsanonymous.com/diy/Schematics/Distortion%20Boost%20and%20Overdrive/Ibanez%20TS-808.jpg,,schematic,jpeg,200,115432,22ea2b084b4248a26a303557e18c8f35968bc1fa73a2a6bcf5edce0d349a12ad,2026-09-20,1,ocr_boxes,2026-09-20,ocr_boxes-1,2026-09-20,parts-2026-09-20f,,,
https://experimentalistsanonymous.com/diy/Schematics/Distortion%20Boost%20and%20Overdrive/Ibanez%20TS5.jpg,,schematic,jpeg,200,40614,d6608336bee90e9df041f97c58f1c646855554c7b66fde80df1c4aab989ddb33,2026-09-20,1,ocr_boxes,2026-09-20,ocr_boxes-1,2026-09-20,parts-2026-09-20f,,,
https://experimentalistsanonymous.com/diy/Schematics/Distortion%20Boost%20and%20Overdrive/Ibanez%20TS9.gif,,schematic,gif,200,12130,be92dbb0b3e79606ac84a952f9bad0210f800c209fe90133aef1ef1aedba1a9f,2026-09-20,1,ocr_boxes,2026-09-20,ocr_boxes-1,2026-09-20,parts-2026-09-20f,,,
https://experimentalistsanonymous.com/diy/Schematics/Distortion%20Boost%20and%20Overdrive/Jordan%20Bosstone.gif,,schematic,gif,200,7696,866709d0fa87985b57f5ba09956dfdb8bff4fe7d7e71ef0d7bd20bbe97a43f39,2026-09-20,1,ocr_boxes,2026-09-20,ocr_boxes-1,2026-09-20,parts-2026-09-20f,,,
https://experimentalistsanonymous.com/diy/Schematics/Distortion%20Boost%20and%20Overdrive/Korg%20Guitar%20Booster.gif,,schematic,gif,200,56139,7496eadb4c3f931f9f03cbb66c0347ea846112a4c67fca489b3dc9b7d2b48500,2026-09-20,1,ocr_boxes,2026-09-20,ocr_boxes-1,2026-09-20,parts-2026-09-20f,,,
https://experimentalistsanonymous.com/diy/Schematics/Distortion%20Boost%20and%20Overdrive/Korg%20Tone%20Booster.gif,,schematic,gif,200,56139,7496eadb4c3f931f9f03cbb66c0347ea846112a4c67fca489b3dc9b7d2b48500,2026-09-20,1,ocr_boxes,2026-09-20,ocr_boxes-1,2026-09-20,parts-2026-09-20f,,,
https://experimentalistsanonymous.com/diy/Schematics/Distortion%20Boost%20and%20Overdrive/MOSFET%20Booster.gif,,schematic,gif,200,7413,a1e9a48b958ae1ecdb734405b4d8b9429bcc32118219f902b656aada964200fd,2026-09-20,1,ocr_boxes,2026-09-20,ocr_boxes-1,2026-09-20,parts-2026-09-20f,,,
https://experimentalistsanonymous.com/diy/Schematics/Distortion%20Boost%20and%20Overdrive/MTM%20Electra%20IIbe%20Overdrive.gif,,schematic,gif,200,4352,1c05b847ddfb45567b0b7cd91a315e2f7a7c339c5597e0274c067b707a79bf08,2026-09-20,1,ocr_boxes,2026-09-20,ocr_boxes-1,2026-09-20,parts-2026-09-20f,,,
https://experimentalistsanonymous.com/diy/Schematics/Distortion%20Boost%20and%20Overdrive/MXR%20Distortion%20+.pdf,,schematic,pdf,200,8242,43acdbce2f86239a8d13f0a2abc430a9171cf294aa63576669b8d9f34e1f7d10,2026-09-20,1,ocr_boxes,2026-09-20,ocr_boxes-1,2026-09-20,parts-2026-09-20f,,,
https://experimentalistsanonymous.com/diy/Schematics/Distortion%20Boost%20and%20Overdrive/MXR%20Distortion%20Plus.gif,,schematic,gif,200,9631,e47efd051f3dce388666d4179ebd0c7939e6769e3c2e9b9f97a18d164870595d,2026-09-20,1,ocr_boxes,2026-09-20,ocr_boxes-1,2026-09-20,parts-2026-09-20f,,,
https://experimentalistsanonymous.com/diy/Schematics/Distortion%20Boost%20and%20Overdrive/MXR%20Hot%20Tubes.gif,,schematic,gif,200,9116,5108371020cb133f0cb5a3ca09f047fa8cbc151102ad0d16958dc3dc03cedfbb,2026-09-20,1,ocr_boxes,2026-09-20,ocr_boxes-1,2026-09-20,parts-2026-09-20f,,,
https://experimentalistsanonymous.com/diy/Schematics/Distortion%20Boost%20and%20Overdrive/MXR%20Hot%20Tubes.pdf,,schematic,pdf,200,8306,db45bc501d3e40b8d78ae3e2f64c2939c3bee4d124054cf4e2f2b11ec3c6d6f7,2026-09-20,1,ocr_boxes,2026-09-20,ocr_boxes-1,2026-09-20,parts-2026-09-20f,,,
https://experimentalistsanonymous.com/diy/Schematics/Distortion%20Boost%20and%20Overdrive/Marshall%20Guvnor.gif,,schematic,gif,200,21024,e18431adb726777b2ad848eeebc49e5b01c3912eabb48bb686f9e30a5e795b4c,2026-09-20,1,ocr_boxes,2026-09-20,ocr_boxes-1,2026-09-20,parts-2026-09-20f,,,
https://experimentalistsanonymous.com/diy/Schematics/Distortion%20Boost%20and%20Overdrive/Marshall%20Shredmaster.pdf,,schematic,pdf,200,40952,849895ab6038d3ad783b9e4b37b9c3e36b4e0247836287609adf1a7cc074be56,2026-09-20,1,ocr_boxes,2026-09-20,ocr_boxes-1,2026-09-20,parts-2026-09-20f,,,
https://experimentalistsanonymous.com/diy/Schematics/Distortion%20Boost%20and%20Overdrive/Modified%20VOX%20Treble%20Booster.jpg,,schematic,jpeg,200,18709,d1eed71739efbb0a03b54bd976488862a3da7ba2273f9bbd07e1bacf5473b417,2026-09-20,1,ocr_boxes,2026-09-20,ocr_boxes-1,2026-09-20,parts-2026-09-20f,,,
https://experimentalistsanonymous.com/diy/Schematics/Distortion%20Boost%20and%20Overdrive/Muffer.gif,,schematic,gif,200,5914,5ef24c4c418e22efd244dd74da0037d39918d6ee1380518528a037a9ee78c6df,2026-09-20,1,ocr_boxes,2026-09-20,ocr_boxes-1,2026-09-20,parts-2026-09-20f,,,
https://experimentalistsanonymous.com/diy/Schematics/Distortion%20Boost%20and%20Overdrive/NPN%20Boost.gif,,schematic,gif,200,9253,1a0a42e6ac9a89ba1a9a5c375cb74da22480545676961f0e2ac0633c4cb5e6fe,2026-09-20,1,ocr_boxes,2026-09-20,ocr_boxes-1,2026-09-20,parts-2026-09-20f,,,
https://experimentalistsanonymous.com/diy/Schematics/Distortion%20Boost%20and%20Overdrive/Nobels%20DT-1.pdf,,schematic,pdf,200,28340,d90b48619d2f98edc0eac11db09fd30d59105afeb843182b1f9022411b015bcd,2026-09-20,1,ocr_boxes,2026-09-20,ocr_boxes-1,2026-09-20,parts-2026-09-20f,,,
https://experimentalistsanonymous.com/diy/Schematics/Distortion%20Boost%20and%20Overdrive/Nobels%20DT-SN.pdf,,schematic,pdf,200,41938,0e8426e9c4511a5dc665c326c5df7bd6efda5bcf6867406d2ef9c9a46e5c4237,2026-09-20,1,ocr_boxes,2026-09-20,ocr_boxes-1,2026-09-20,parts-2026-09-20f,,,
https://experimentalistsanonymous.com/diy/Schematics/Distortion%20Boost%20and%20Overdrive/Nobels%20Distortion%20Xtreme.pdf,,schematic,pdf,200,44194,e91467c192ef68e01bedac7087f411ffa45ccccc01baaa89182114b34121e65e,2026-09-20,1,ocr_boxes,2026-09-20,ocr_boxes-1,2026-09-20,parts-2026-09-20f,,,
https://experimentalistsanonymous.com/diy/Schematics/Distortion%20Boost%20and%20Overdrive/Nobels%20ODR-1%20Plus.pdf,,schematic,pdf,200,171800,47014f2dd709d86002848dc4999f6bc07cdcb3167a8b7fa487f73423fe5e4cba,2026-09-20,1,ocr_boxes,2026-09-20,ocr_boxes-1,2026-09-20,parts-2026-09-20f,,,
https://experimentalistsanonymous.com/diy/Schematics/Distortion%20Boost%20and%20Overdrive/Nobels%20ODR-1.pdf,,schematic,pdf,200,72529,505e44de72fd7698239a76b56056b3cda36e4507ecf7ed7670ecab2c23a2fd79,2026-09-20,1,ocr_boxes,2026-09-20,ocr_boxes-1,2026-09-20,parts-2026-09-20f,,,
https://experimentalistsanonymous.com/diy/Schematics/Distortion%20Boost%20and%20Overdrive/Nobels%20ODR-B%20Bass%20Overdrive.pdf,,schematic,pdf,200,37706,fea17dc7dc8122de6e868d120f30d95cbc148359aefd107f7b189665708e05de,2026-09-20,1,ocr_boxes,2026-09-20,ocr_boxes-1,2026-09-20,parts-2026-09-20f,,,
https://experimentalistsanonymous.com/diy/Schematics/Distortion%20Boost%20and%20Overdrive/Nobels%20ODR-S.pdf,,schematic,pdf,200,34244,584b98411a0d47fcce52330e486d9f81e8bc862b77a2aa12c4a1735ff800a005,2026-09-20,1,ocr_boxes,2026-09-20,ocr_boxes-1,2026-09-20,parts-2026-09-20f,,,
https://experimentalistsanonymous.com/diy/Schematics/Distortion%20Boost%20and%20Overdrive/Olson%20New%20Sound%201.5V.pdf,,schematic,pdf,200,6002,7657c28102dbb7c85f2d317f56e962e2bd27db904052e6464e1e99c771e0ffb7,2026-09-20,1,ocr_boxes,2026-09-20,ocr_boxes-1,2026-09-20,parts-2026-09-20f,,,
https://experimentalistsanonymous.com/diy/Schematics/Distortion%20Boost%20and%20Overdrive/Pearl%20Overdrive.gif,,schematic,gif,200,96417,ec418a07b6d873bffbe097542dc43eb4f79d304df095297e4d7ab047999f3569,2026-09-20,1,ocr_boxes,2026-09-20,ocr_boxes-1,2026-09-20,parts-2026-09-20f,,,
https://experimentalistsanonymous.com/diy/Schematics/Distortion%20Boost%20and%20Overdrive/Proco%20Rat%202.pdf,,schematic,pdf,200,9276,8e18a3f72f72a87044ed77ffd3eb601056289fd6e5a4ee79c50ab70d4cffdfbf,2026-09-20,1,ocr_boxes,2026-09-20,ocr_boxes-1,2026-09-20,parts-2026-09-20f,,,
https://experimentalistsanonymous.com/diy/Schematics/Distortion%20Boost%20and%20Overdrive/Proco%20Rat%203.pdf,,schematic,pdf,200,8662,d41ee01131c79f6cb3dfc22288cee8acca5f1b9faa9153e35a35468d287da838,2026-09-20,1,ocr_boxes,2026-09-20,ocr_boxes-1,2026-09-20,parts-2026-09-20f,,,
https://experimentalistsanonymous.com/diy/Schematics/Distortion%20Boost%20and%20Overdrive/Proco%20Rat.pdf,,schematic,pdf,200,8973,f89914f04fcf7d45cb1983f1a51c4d9656b061e099590879b0fe1f837da28aaf,2026-09-20,1,ocr_boxes,2026-09-20,ocr_boxes-1,2026-09-20,parts-2026-09-20f,,,
https://experimentalistsanonymous.com/diy/Schematics/Distortion%20Boost%20and%20Overdrive/Ron%20Black%20Tube%20Distortion.pdf,,schematic,pdf,200,14081,337d91fa822973347f062c94c3cdeda41e1209b9b8f2ff1acf466ae81a0e7b84,2026-09-20,1,ocr_boxes,2026-09-20,ocr_boxes-1,2026-09-20,parts-2026-09-20f,,,
https://experimentalistsanonymous.com/diy/Schematics/Distortion%20Boost%20and%20Overdrive/Simple%20Mid%20Booster.gif,,schematic,gif,200,5062,50fd22cbebc9657289ae21ff303049f214ae45f17b601849a86a7e317be1f850,2026-09-20,1,ocr_boxes,2026-09-20,ocr_boxes-1,2026-09-20,parts-2026-09-20f,,,
https://experimentalistsanonymous.com/diy/Schematics/Distortion%20Boost%20and%20Overdrive/Single%20Transistor%20Overdrive.gif,,schematic,gif,200,9260,540decc1b35eed94f26f40c3aed03bb388b6ca047e9f9de12b7b9429e0117aaa,2026-09-20,1,ocr_boxes,2026-09-20,ocr_boxes-1,2026-09-20,parts-2026-09-20f,,,
https://experimentalistsanonymous.com/diy/Schematics/Distortion%20Boost%20and%20Overdrive/Sweet%20Feets%20Distortion.gif,,schematic,gif,200,5508,e06fb45d607e3e733a328078b6766feb0dfd729d474adb67da5c6111e0881535,2026-09-20,1,ocr_boxes,2026-09-20,ocr_boxes-1,2026-09-20,parts-2026-09-20f,,,
https://experimentalistsanonymous.com/diy/Schematics/Distortion%20Boost%20and%20Overdrive/The%20Purple%20Pedal.gif,,schematic,gif,200,10721,3ccebf80f91546d68cf4f3e6640b6a86fa80388df045424665159e3dbe8889ec,2026-09-20,1,ocr_boxes,2026-09-20,ocr_boxes-1,2026-09-20,parts-2026-09-20f,,,
https://experimentalistsanonymous.com/diy/Schematics/Distortion%20Boost%20and%20Overdrive/Tube%20Distortion.pdf,,schematic,pdf,200,9935,33d197746228e44fb08c5468f54ae2718546be3d804403bc46e18bcf986f2204,2026-09-20,1,ocr_boxes,2026-09-20,ocr_boxes-1,2026-09-20,parts-2026-09-20f,,,
https://experimentalistsanonymous.com/diy/Schematics/Distortion%20Boost%20and%20Overdrive/Uknown%20Distortion%20Booster.pdf,,schematic,pdf,200,4588,ea06f09ded89ebf7cb287ad9da77b350240f0a65daa475e1c41127ce9080382e,2026-09-20,1,ocr_boxes,2026-09-20,ocr_boxes-1,2026-09-20,parts-2026-09-20f,,,
https://experimentalistsanonymous.com/diy/Schematics/Distortion%20Boost%20and%20Overdrive/Voodoo%20Lab%20Overdrive.gif,,schematic,gif,200,9838,85c8048a2257d5b6dec65c7ff23bbaeb69d55003fbc6a06c6865e60dca2f5cd4,2026-09-20,1,ocr_boxes,2026-09-20,ocr_boxes-1,2026-09-20,parts-2026-09-20f,,,
https://experimentalistsanonymous.com/diy/Schematics/Distortion%20Boost%20and%20Overdrive/Vox%20Guyatone%201901%20Distortion.jpg,,schematic,jpeg,200,118231,3ba11ea99856f558fda0e8fe81983d2905d013fa4ce7e9b208abd20c2eae9b38,2026-09-20,1,ocr_boxes,2026-09-20,ocr_boxes-1,2026-09-20,parts-2026-09-20f,,,
https://experimentalistsanonymous.com/diy/Schematics/Distortion%20Boost%20and%20Overdrive/Vox%20Treble%20Booster.pdf,,schematic,pdf,200,7287,d2f796b8cc1a9b7f6df11fe690142b80eb73063209ddf4b4958743c8ca4420cf,2026-09-20,1,ocr_boxes,2026-09-20,ocr_boxes-1,2026-09-20,parts-2026-09-20f,,,
https://experimentalistsanonymous.com/diy/Schematics/Distortion%20Boost%20and%20Overdrive/Zoom%20Trimetal.jpg,,schematic,jpeg,200,105181,530e758f5ed7fa13982a0e40287513ad4ec8f2d0d541143ba433533f5da6b6ac,2026-09-20,1,ocr_boxes,2026-09-20,ocr_boxes-1,2026-09-20,parts-2026-09-20f,,,
https://experimentalistsanonymous.com/diy/Schematics/Filters%20Wahs%20and%20VCFs/4007%20Based%20VCF.pdf,,schematic,pdf,200,28167,7a15efc469e9fca1f362c7fe39ab45611047310c30fb38b47eaeec3469ed538c,2026-09-20,1,ocr_boxes,2026-09-20,ocr_boxes-1,2026-09-20,parts-2026-09-20f,,,
https://experimentalistsanonymous.com/diy/Schematics/Filters%20Wahs%20and%20VCFs/5%20stage%20envelope%20filter.gif,,schematic,gif,200,28104,4085837004ab1320bda51e6e4a3887c441cb2a74a7d98c8ac2eb52a67b15ecfb,2026-09-20,1,ocr_boxes,2026-09-20,ocr_boxes-1,2026-09-20,parts-2026-09-20f,,,
https://experimentalistsanonymous.com/diy/Schematics/Filters%20Wahs%20and%20VCFs/60s%20and%2070s%20Wah%20Variations.pdf,,schematic,pdf,200,52282,7c1eb0a7fb2c8c9b308c26e0e6c80d6fe27ab35209b2e92f1e2862f27e086435,2026-09-20,1,ocr_boxes,2026-09-20,ocr_boxes-1,2026-09-20,parts-2026-09-20f,,,
https://experimentalistsanonymous.com/diy/Schematics/Filters%20Wahs%20and%20VCFs/8-Step%20Sequenced%20Wah.PNG,,schematic,png,200,137172,453e1f1c075a0833b2de48e03946e220ee559d4e47c801ef7757187ba9a3d26e,2026-09-20,1,ocr_boxes,2026-09-20,ocr_boxes-1,2026-09-20,parts-2026-09-20f,,,
https://experimentalistsanonymous.com/diy/Schematics/Filters%20Wahs%20and%20VCFs/ARP%204012%20LPF.pdf,,schematic,pdf,200,72028,b9b846cc456aa8c380b0502a145f55c6313467155a0c0e44f832503de151398c,2026-09-20,2,ocr_boxes,2026-09-20,ocr_boxes-1,2026-09-20,parts-2026-09-20f,,,
https://experimentalistsanonymous.com/diy/Schematics/Filters%20Wahs%20and%20VCFs/Active%20dual%20OA%20bandpass%20filter.gif,,schematic,gif,200,2425,36161379c7e64dc369bf4008543d01e744babab1d36762f56ad5e267066b972a,2026-09-20,1,ocr_boxes,2026-09-20,ocr_boxes-1,2026-09-20,parts-2026-09-20f,,,
https://experimentalistsanonymous.com/diy/Schematics/Filters%20Wahs%20and%20VCFs/Aries%20Voltage%20Controlled%20LPF.gif,,schematic,gif,200,92634,4a3a4b4f639013cfc0e59192044f61e8109decf4b9c8391ef1aee4a9a2ae305e,2026-09-20,1,ocr_boxes,2026-09-20,ocr_boxes-1,2026-09-20,parts-2026-09-20f,,,
https://experimentalistsanonymous.com/diy/Schematics/Filters%20Wahs%20and%20VCFs/Audio%20Notch%20Filter.gif,,schematic,gif,200,9259,e164b2e210a5ef5b411ea7afaad45fc8bd0fb695e365d0beb9e4fd023b7854d3,2026-09-20,1,ocr_boxes,2026-09-20,ocr_boxes-1,2026-09-20,parts-2026-09-20f,,,
https://experimentalistsanonymous.com/diy/Schematics/Filters%20Wahs%20and%20VCFs/BOSS%20PW-2.jpg,,schematic,jpeg,200,97786,82913d32c23dc212d84f0b6f975465a69a38a30dbbb933eb23f2f9022c0f71e7,2026-09-20,1,ocr_boxes,2026-09-20,ocr_boxes-1,2026-09-20,parts-2026-09-20f,,,
https://experimentalistsanonymous.com/diy/Schematics/Filters%20Wahs%20and%20VCFs/BOSS%20TW-1.jpg,,schematic,jpeg,200,250531,c9cfc8152591abb1e936d753b980b2f90ca26cdb108a6b0df05e66046db64f9e,2026-09-20,1,ocr_boxes,2026-09-20,ocr_boxes-1,2026-09-20,parts-2026-09-20f,,,
https://experimentalistsanonymous.com/diy/Schematics/Filters%20Wahs%20and%20VCFs/Buchla%20291%20Bandpass%20VCF.jpg,,schematic,jpeg,200,108886,5c6b3d23dd00c224fe5c6dee1777af04b80f8493a45f3ba36e02da02cdae9eaa,2026-09-20,1,ocr_boxes,2026-09-20,ocr_boxes-1,2026-09-20,parts-2026-09-20f,,,
https://experimentalistsanonymous.com/diy/Schematics/Filters%20Wahs%20and%20VCFs/CA3080%20State%20Variable%20Filter.jpg,,schematic,jpeg,200,50150,86a897e4879724b7d952746b0788d187810c5caf15e23c65d4c6f2d548b4828a,2026-09-20,1,ocr_boxes,2026-09-20,ocr_boxes-1,2026-09-20,parts-2026-09-20f,,,
https://experimentalistsanonymous.com/diy/Schematics/Filters%20Wahs%20and%20VCFs/Chebyshev%20LPF.gif,,schematic,gif,200,6364,f81c9df671b69decdb374dc0c27a2115b720576bd43409e264bf7b4fdad2ff32,2026-09-20,1,ocr_boxes,2026-09-20,ocr_boxes-1,2026-09-20,parts-2026-09-20f,,,
https://experimentalistsanonymous.com/diy/Schematics/Filters%20Wahs%20and%20VCFs/Chebyshev%20bandpass%20filter.gif,,schematic,gif,200,11601,71e3ccc7faf8795d48be111583062eeefbdd97cce7771aba0595794fbd1204e1,2026-09-20,1,ocr_boxes,2026-09-20,ocr_boxes-1,2026-09-20,parts-2026-09-20f,,,
https://experimentalistsanonymous.com/diy/Schematics/Filters%20Wahs%20and%20VCFs/Classic%20State-Variable%20Filter.gif,,schematic,gif,200,5320,a658c2dab3d90d8e839db7175513d9935065ce5cd8aa92c0868027e79e4071e7,2026-09-20,1,ocr_boxes,2026-09-20,ocr_boxes-1,2026-09-20,parts-2026-09-20f,,,
https://experimentalistsanonymous.com/diy/Schematics/Filters%20Wahs%20and%20VCFs/Coloursound%20Chuckawah%20page%201.gif,,schematic,gif,200,64639,f47969901e8045df04d7f13b70ea854f4fad04828be1df04b983cbf531d14f1b,2026-09-20,1,ocr_boxes,2026-09-20,ocr_boxes-1,2026-09-20,parts-2026-09-20f,,,
https://experimentalistsanonymous.com/diy/Schematics/Filters%20Wahs%20and%20VCFs/Coloursound%20Chuckawah%20page%202.gif,,schematic,gif,200,64053,8a31853d05c4f69a53351c81add3cb406996beddfc1b3e20401cffd0486f276e,2026-09-20,1,ocr_boxes,2026-09-20,ocr_boxes-1,2026-09-20,parts-2026-09-20f,,,
https://experimentalistsanonymous.com/diy/Schematics/Filters%20Wahs%20and%20VCFs/DOD%20440%20Envelope%20Filter.gif,,schematic,gif,200,6144,539d1b0d1e966cee1a288f5352aa6812552b2ef4c8b400e549c96974a1979e3c,2026-09-20,1,ocr_boxes,2026-09-20,ocr_boxes-1,2026-09-20,parts-2026-09-20f,,,
https://experimentalistsanonymous.com/diy/Schematics/Filters%20Wahs%20and%20VCFs/DOD%20545.jpg,,schematic,jpeg,200,105860,a9360cf9a3c42e92c4e18977c88f8cf993eeede00ca0cd20634e96b4f3210a3c,2026-09-20,1,ocr_boxes,2026-09-20,ocr_boxes-1,2026-09-20,parts-2026-09-20f,,,
https://experimentalistsanonymous.com/diy/Schematics/Filters%20Wahs%20and%20VCFs/DOD%20FX25B.gif,,schematic,gif,200,185332,c4b59262ed8d7c99a89ef8b7f05fb02c599558934b0015bd64609e9129d10be6,2026-09-20,1,ocr_boxes,2026-09-20,ocr_boxes-1,2026-09-20,parts-2026-09-20f,,,
https://experimentalistsanonymous.com/diy/Schematics/Filters%20Wahs%20and%20VCFs/Dunlop%20Crybaby%2095.gif,,schematic,gif,200,14738,509a38daea98079730ae224d322cbdf8778e7329a562aee4b8bbdf95a93d4b84,2026-09-20,1,ocr_boxes,2026-09-20,ocr_boxes-1,2026-09-20,parts-2026-09-20f,,,
https://experimentalistsanonymous.com/diy/Schematics/Filters%20Wahs%20and%20VCFs/Dunlop%20Crybaby.pdf,,schematic,pdf,200,8299,b4cbcda67eadae5197965767399f48b6bdff2cb6b2673e6e951d433af4b6e9f6,2026-09-20,1,ocr_boxes,2026-09-20,ocr_boxes-1,2026-09-20,parts-2026-09-20f,,,
https://experimentalistsanonymous.com/diy/Schematics/Filters%20Wahs%20and%20VCFs/Dunlop%20Original%20Crybaby.gif,,schematic,gif,200,7476,07c826a34dfcf320b2744dc9281c5cff58b7f7e1051a77402f08682e63747eb7,2026-09-20,1,ocr_boxes,2026-09-20,ocr_boxes-1,2026-09-20,parts-2026-09-20f,,,
https://experimentalistsanonymous.com/diy/Schematics/Filters%20Wahs%20and%20VCFs/ETI%20Wah%20Wah%20unit.pdf,,schematic,pdf,200,355252,0eb3aaf9a3eb7b6625a07bb38d26cb1e9eaf18e127504b7970d67ba0f208a464,2026-09-20,3,ocr_boxes,2026-09-20,ocr_boxes-1,2026-09-20,parts-2026-09-20f,,,
https://experimentalistsanonymous.com/diy/Schematics/Filters%20Wahs%20and%20VCFs/Electro%20Harmonix%20Bassballs.pdf,,schematic,pdf,200,253326,3ff2d668cc67513651556c99f16896378ce187471fa8d0177f00cc03a6610653,2026-09-20,3,ocr_boxes,2026-09-20,ocr_boxes-1,2026-09-20,parts-2026-09-20f,,,
https://experimentalistsanonymous.com/diy/Schematics/Filters%20Wahs%20and%20VCFs/Electro%20Harmonix%20Doctor%20Q.gif,,schematic,gif,200,6631,65ccc366c301671e74b6a777cdde36f1d799e305c415e8812410a76584aebb63,2026-09-20,1,ocr_boxes,2026-09-20,ocr_boxes-1,2026-09-20,parts-2026-09-20f,,,
https://experimentalistsanonymous.com/diy/Schematics/Filters%20Wahs%20and%20VCFs/Electro%20Harmonix%20Queen%20Triggered%20Wah.gif,,schematic,gif,200,69123,fde2ea2dd30be49f80f940effce7d48253e1afe385978c09226dc11bf3c2bb6c,2026-09-20,1,ocr_boxes,2026-09-20,ocr_boxes-1,2026-09-20,parts-2026-09-20f,,,
https://experimentalistsanonymous.com/diy/Schematics/Filters%20Wahs%20and%20VCFs/Electro%20Harmonix%20Y%20Triggered%20Filter.gif,,schematic,gif,200,15896,bde4805245c3cdd9e7f91256501b8a625c8ebef1f272a940a2b7810f3bfe12f7,2026-09-20,1,ocr_boxes,2026-09-20,ocr_boxes-1,2026-09-20,parts-2026-09-20f,,,
https://experimentalistsanonymous.com/diy/Schematics/Filters%20Wahs%20and%20VCFs/Electro%20Harmonix%20Zipper.pdf,,schematic,pdf,200,62931,f924d6e650cd5a3898b3eae044e5384486692d7d8425d88c684d70187a6ce376,2026-09-20,1,ocr_boxes,2026-09-20,ocr_boxes-1,2026-09-20,parts-2026-09-20f,,,
https://experimentalistsanonymous.com/diy/Schematics/Filters%20Wahs%20and%20VCFs/Electro%20Harmonix%20wah%20-wah.gif,,schematic,gif,200,31070,4750476dc3685812461d6dfc3a7b405917d9d845d075506c4ce68f4946f6963b,2026-09-20,1,ocr_boxes,2026-09-20,ocr_boxes-1,2026-09-20,parts-2026-09-20f,,,
https://experimentalistsanonymous.com/diy/Schematics/Filters%20Wahs%20and%20VCFs/Fatwah%20LF%20Wah.gif,,schematic,gif,200,10226,8f8d64291d23d751b30a3f7eef36434046cf32db45ae4f0f8d3ae6fdbbd6f8ed,2026-09-20,1,ocr_boxes,2026-09-20,ocr_boxes-1,2026-09-20,parts-2026-09-20f,,,
https://experimentalistsanonymous.com/diy/Schematics/Filters%20Wahs%20and%20VCFs/IR3109%20VCF.gif,,schematic,gif,200,38847,f14c3a6abedf90a57f331d87f25b3449cd17aab48d6371c444683498ac9a1888,2026-09-20,1,ocr_boxes,2026-09-20,ocr_boxes-1,2026-09-20,parts-2026-09-20f,,,
https://experimentalistsanonymous.com/diy/Schematics/Filters%20Wahs%20and%20VCFs/Ibanez%20AFL%20Auto%20Filter.png,,schematic,png,200,53587,c30349e33ccb68447b8a8f5dde93f3e06229ac4a11ffa488f1da680e691f2ae5,2026-09-20,1,ocr_boxes,2026-09-20,ocr_boxes-1,2026-09-20,parts-2026-09-20f,,,
https://experimentalistsanonymous.com/diy/Schematics/Filters%20Wahs%20and%20VCFs/Korg%20MS50%20Filter.gif,,schematic,gif,200,132003,19d3601b221fe28e43ff541500f40dce74cfbaba522f48db6a2f950c2ac9cd7f,2026-09-20,1,ocr_boxes,2026-09-20,ocr_boxes-1,2026-09-20,parts-2026-09-20f,,,
https://experimentalistsanonymous.com/diy/Schematics/Filters%20Wahs%20and%20VCFs/Lovetone%20Meatball%20McMeat.pdf,,schematic,pdf,200,246363,6904e1829fe53338c35f026af455c77ff655d8ffb11389e8679f26aeb2d5b641,2026-09-20,2,ocr_boxes,2026-09-20,ocr_boxes-1,2026-09-20,parts-2026-09-20f,,,
https://experimentalistsanonymous.com/diy/Schematics/Filters%20Wahs%20and%20VCFs/Lowpass%20filter.pdf,,schematic,pdf,200,187348,ceb76355e4ae0279cc75826e3997e7a75131fd9302472e6e9a1434ffce05bccd,2026-09-20,7,ocr_boxes,2026-09-20,ocr_boxes-1,2026-09-20,parts-2026-09-20f,,,
https://experimentalistsanonymous.com/diy/Schematics/Filters%20Wahs%20and%20VCFs/MS-20%20Style%20Filters.gif,,schematic,gif,200,58364,687fc00c9fddea11a25f7a056e9de92aa366b347cf7c7f4ab0dc2bb2d0d20d43,2026-09-20,1,ocr_boxes,2026-09-20,ocr_boxes-1,2026-09-20,parts-2026-09-20f,,,
https://experimentalistsanonymous.com/diy/Schematics/Filters%20Wahs%20and%20VCFs/MXR%20Envelope%20Filter.jpg,,schematic,jpeg,200,161338,9439b875b30c7b76967ad7593fe3c6df5fff54b66a7b9f8a9fd8f86aacd37e91,2026-09-20,1,ocr_boxes,2026-09-20,ocr_boxes-1,2026-09-20,parts-2026-09-20f,,,
https://experimentalistsanonymous.com/diy/Schematics/Filters%20Wahs%20and%20VCFs/Maestro%20Boomerang%202.pdf,,schematic,pdf,200,8654,32974982beeb38ffa6173c5ee4af8cec4060134469e129f55714243586ac9ab5,2026-09-20,1,ocr_boxes,2026-09-20,ocr_boxes-1,2026-09-20,parts-2026-09-20f,,,
https://experimentalistsanonymous.com/diy/Schematics/Filters%20Wahs%20and%20VCFs/Maestro%20Boomerang.gif,,schematic,gif,200,7168,af36dd0ae6dbca22dc389366c1e90d59f994160daadfab0dd3f9bca70819c63b,2026-09-20,1,ocr_boxes,2026-09-20,ocr_boxes-1,2026-09-20,parts-2026-09-20f,,,
https://experimentalistsanonymous.com/diy/Schematics/Filters%20Wahs%20and%20VCFs/Maestro%20Boomerang.pdf,,schematic,pdf,200,8708,ed618eb574d6338b771619860b81855d177302d8203d2686ae25be3bcd0ef287,2026-09-20,1,ocr_boxes,2026-09-20,ocr_boxes-1,2026-09-20,parts-2026-09-20f,,,
https://experimentalistsanonymous.com/diy/Schematics/Filters%20Wahs%20and%20VCFs/Minimoog%20Ladder%20VCF.jpg,,schematic,jpeg,200,1611316,8123c7b2862241ea4f389c5c8a6723e513ebc7f00e46b9ec0c9e33c7d3b34c6c,2026-09-20,1,ocr_boxes,2026-09-20,ocr_boxes-1,2026-09-20,parts-2026-09-20f,,,
https://experimentalistsanonymous.com/diy/Schematics/Filters%20Wahs%20and%20VCFs/Minimoog%20ladder%20VCF%202.gif,,schematic,gif,200,87066,94a2d922e7c673dbe335c9a89e37c902ea91502c15b98213d00fc5c7c973b9e5,2026-09-20,1,ocr_boxes,2026-09-20,ocr_boxes-1,2026-09-20,parts-2026-09-20f,,,
https://experimentalistsanonymous.com/diy/Schematics/Filters%20Wahs%20and%20VCFs/Moog%20904A.jpg,,schematic,jpeg,200,187251,63a56d80d69a7cf429e0804b0aadb17d4b181075b325a6e6ead36373f74a2855,2026-09-20,1,ocr_boxes,2026-09-20,ocr_boxes-1,2026-09-20,parts-2026-09-20f,,,
https://experimentalistsanonymous.com/diy/Schematics/Filters%20Wahs%20and%20VCFs/Moog%20904B.jpg,,schematic,jpeg,200,141627,3037f79b8c33f2b1dfe06cb81d84c9b8eca79356913a750df92878224445615c,2026-09-20,1,ocr_boxes,2026-09-20,ocr_boxes-1,2026-09-20,parts-2026-09-20f,,,
https://experimentalistsanonymous.com/diy/Schematics/Filters%20Wahs%20and%20VCFs/Moog%20904C.jpg,,schematic,jpeg,200,138619,4a65e37c69ee489fdb8deaa88fd558c31a6ef3dbd8f0b12dbdd8c5826ea885fa,2026-09-20,1,ocr_boxes,2026-09-20,ocr_boxes-1,2026-09-20,parts-2026-09-20f,,,
https://experimentalistsanonymous.com/diy/Schematics/Filters%20Wahs%20and%20VCFs/Moog%20Minimoog%20Filter.gif,,schematic,gif,200,87066,94a2d922e7c673dbe335c9a89e37c902ea91502c15b98213d00fc5c7c973b9e5,2026-09-20,1,ocr_boxes,2026-09-20,ocr_boxes-1,2026-09-20,parts-2026-09-20f,,,
https://experimentalistsanonymous.com/diy/Schematics/Filters%20Wahs%20and%20VCFs/Moog%20VCF.gif,,schematic,gif,200,46749,e174e9484cc249d076435250b157af8931aa2ca6cf9017b0b5feacee7218bc6a,2026-09-20,1,ocr_boxes,2026-09-20,ocr_boxes-1,2026-09-20,parts-2026-09-20f,,,
https://experimentalistsanonymous.com/diy/Schematics/Filters%20Wahs%20and%20VCFs/Morley%20Pro%20Series%20II%20Wah%20Volume.pdf,,schematic,pdf,200,77508,6317b49203b17ce57618ee469ad8bede7e8717ac6ae8d240dbc3c36c5550f9a3,2026-09-20,1,ocr_boxes,2026-09-20,ocr_boxes-1,2026-09-20,parts-2026-09-20f,,,
https://experimentalistsanonymous.com/diy/Schematics/Filters%20Wahs%20and%20VCFs/Morley%20Steve%20Vai%20Wah.pdf,,schematic,pdf,200,36114,9d2a91f3942a3a3b63de0175f1536a871ce1cb6b1cde8ec2073310d771a020f2,2026-09-20,1,ocr_boxes,2026-09-20,ocr_boxes-1,2026-09-20,parts-2026-09-20f,,,
https://experimentalistsanonymous.com/diy/Schematics/Filters%20Wahs%20and%20VCFs/Mu-Tron3.jpg,,schematic,jpeg,200,90830,c2686804cd5ae4fd061595a1a2fec7e0e1644534d64cee1fd02c265ff199a32a,2026-09-20,1,ocr_boxes,2026-09-20,ocr_boxes-1,2026-09-20,parts-2026-09-20f,,,
https://experimentalistsanonymous.com/diy/Schematics/Filters%20Wahs%20and%20VCFs/Mu-tron%20III.jpg,,schematic,jpeg,200,90830,c2686804cd5ae4fd061595a1a2fec7e0e1644534d64cee1fd02c265ff199a32a,2026-09-20,1,ocr_boxes,2026-09-20,ocr_boxes-1,2026-09-20,parts-2026-09-20f,,,
https://experimentalistsanonymous.com/diy/Schematics/Filters%20Wahs%20and%20VCFs/Mu-tron%20Micro%20V.jpg,,schematic,jpeg,200,446330,2dee22c84dfb68da2fb10e214bb59821e2cc1367923cf4e563f05d40c95dec87,2026-09-20,1,ocr_boxes,2026-09-20,ocr_boxes-1,2026-09-20,parts-2026-09-20f,,,
https://experimentalistsanonymous.com/diy/Schematics/Filters%20Wahs%20and%20VCFs/National%20Semiconductor%20Basic%20Intro%20to%20Filters.pdf,,schematic,pdf,200,408848,82ac3300fcb340b12667e2ca943eb8069d49d3215c29eb91470e899274e659f1,2026-09-20,22,ocr_boxes,2026-09-20,ocr_boxes-1,2026-09-20,parts-2026-09-20f,,,
https://experimentalistsanonymous.com/diy/Schematics/Filters%20Wahs%20and%20VCFs/New%20Way%20Wah.gif,,schematic,gif,200,39140,8f73c20626c18e18c638a6f07737d97e549f73f2dc97d120093bded8618ba3d9,2026-09-20,1,ocr_boxes,2026-09-20,ocr_boxes-1,2026-09-20,parts-2026-09-20f,,,
https://experimentalistsanonymous.com/diy/Schematics/Filters%20Wahs%20and%20VCFs/OA%20Based%20VCF.gif,,schematic,gif,200,6856,873009bc87e1e71f6ca18f02032d470662f296674c1a8942cf032e63301ea03b,2026-09-20,1,ocr_boxes,2026-09-20,ocr_boxes-1,2026-09-20,parts-2026-09-20f,,,
https://experimentalistsanonymous.com/diy/Schematics/Filters%20Wahs%20and%20VCFs/Old-Style%20VCF.pdf,,schematic,pdf,200,39980,a5fafb31ad140fa61ccd2f1578a899201841f7a87dcb5d4ad00e3b932757156b,2026-09-20,1,ocr_boxes,2026-09-20,ocr_boxes-1,2026-09-20,parts-2026-09-20f,,,
https://experimentalistsanonymous.com/diy/Schematics/Filters%20Wahs%20and%20VCFs/Paia%202720-3b%20VC%20BPF.gif,,schematic,gif,200,11597,3db2d3af2763fe007877a5b591a49727f459585fb9bb444cceea1cb68bb9e41a,2026-09-20,1,ocr_boxes,2026-09-20,ocr_boxes-1,2026-09-20,parts-2026-09-20f,,,
https://experimentalistsanonymous.com/diy/Schematics/Filters%20Wahs%20and%20VCFs/Paia%202720-3l%20VC%20LPF.gif,,schematic,gif,200,10594,62e0a17853bf57959c24e48f98a11aedd877a5f132ef1e906db18cfb78c73d68,2026-09-20,1,ocr_boxes,2026-09-20,ocr_boxes-1,2026-09-20,parts-2026-09-20f,,,
https://experimentalistsanonymous.com/diy/Schematics/Filters%20Wahs%20and%20VCFs/Paia%20Motion%20Filter.pdf,,schematic,pdf,200,15032,8f53f013f4810891068aca583af58d3e0124791ac116974c9045890e4e74132c,2026-09-20,1,ocr_boxes,2026-09-20,ocr_boxes-1,2026-09-20,parts-2026-09-20f,,,
https://experimentalistsanonymous.com/diy/Schematics/Filters%20Wahs%20and%20VCFs/Polyfusion%20VCF.jpg,,schematic,jpeg,200,138057,bf5bca9f6475c3075fc4f0254119335838c03aa72ca7e2d152236e248bd0fd25,2026-09-20,1,ocr_boxes,2026-09-20,ocr_boxes-1,2026-09-20,parts-2026-09-20f,,,
https://experimentalistsanonymous.com/diy/Schematics/Filters%20Wahs%20and%20VCFs/Polyvoks%20Filter.pdf,,schematic,pdf,200,28342,95e671037bea8e7089c5c37959d60d5cb207f975a088baa6b1a310590be06c9a,2026-09-20,1,ocr_boxes,2026-09-20,ocr_boxes-1,2026-09-20,parts-2026-09-20f,,,
https://experimentalistsanonymous.com/diy/Schematics/Filters%20Wahs%20and%20VCFs/Roland%20121%202%20VCF.png,,schematic,png,200,83005,6039d0aaa5d67f09cc6cef4b158c416c0e3589886b8e5cde52f89e0e7d1b4189,2026-09-20,1,ocr_boxes,2026-09-20,ocr_boxes-1,2026-09-20,parts-2026-09-20f,,,
https://experimentalistsanonymous.com/diy/Schematics/Filters%20Wahs%20and%20VCFs/Roland%20703BC%20VCF.jpg,,schematic,jpeg,200,558491,e45cca1576aed0b0b8f0ea455bcdaaddad82af06977a1728fbadf74a896bfbb8,2026-09-20,1,ocr_boxes,2026-09-20,ocr_boxes-1,2026-09-20,parts-2026-09-20f,,,
https://experimentalistsanonymous.com/diy/Schematics/Filters%20Wahs%20and%20VCFs/Roland%20703EFG%20VCF.jpg,,schematic,jpeg,200,499517,50c963debcccc004198be1d762cdecfe21d9c6fbbef9de5f011e38c4571f2d5e,2026-09-20,1,ocr_boxes,2026-09-20,ocr_boxes-1,2026-09-20,parts-2026-09-20f,,,
https://experimentalistsanonymous.com/diy/Schematics/Filters%20Wahs%20and%20VCFs/Roland%20715A%20VCF.jpg,,schematic,jpeg,200,523263,356829c6c250e7682f125884553c40f9a9ce71afd8d7b8c38113f942b623e929,2026-09-20,1,ocr_boxes,2026-09-20,ocr_boxes-1,2026-09-20,parts-2026-09-20f,,,
https://experimentalistsanonymous.com/diy/Schematics/Filters%20Wahs%20and%20VCFs/SSM2040%20Filter%20analysis.pdf,,schematic,pdf,200,138534,ca39108441a7c2864ddd51ae6432324971a558bcbab86309a0b8e9d1297dd7cf,2026-09-20,8,ocr_boxes,2026-09-20,ocr_boxes-1,2026-09-20,parts-2026-09-20f,,,
https://experimentalistsanonymous.com/diy/Schematics/Filters%20Wahs%20and%20VCFs/Sallen%20Key%202P%20Filters.pdf,,schematic,pdf,200,739964,f4ff8f0dbac445f17251197c6c79702c91998094507a18e47ace1996a8ae77b8,2026-09-20,2,ocr_boxes,2026-09-20,ocr_boxes-1,2026-09-20,parts-2026-09-20f,,,
https://experimentalistsanonymous.com/diy/Schematics/Filters%20Wahs%20and%20VCFs/Simple%20Two%20Pole%20State%20Variable%20Filter.pdf,,schematic,pdf,200,5137,b530ab23a3a04eb865b378a6e2cc47b010e90f8926b6842e84962f33d7631efa,2026-09-20,1,ocr_boxes,2026-09-20,ocr_boxes-1,2026-09-20,parts-2026-09-20f,,,
https://experimentalistsanonymous.com/diy/Schematics/Filters%20Wahs%20and%20VCFs/Simple%20VC%20LPF.gif,,schematic,gif,200,4412,7ac5b1f52887e4f152ee9b76d48c21e9614af7ed5e9b12b6cf1fa1f41b9a6e91,2026-09-20,1,ocr_boxes,2026-09-20,ocr_boxes-1,2026-09-20,parts-2026-09-20f,,,
https://experimentalistsanonymous.com/diy/Schematics/Filters%20Wahs%20and%20VCFs/Simple%20op%20amp%20filters.gif,,schematic,gif,200,4077,dddc74db5ab68395f2bf36bceec880acfcebfcdbae136fdc558ac3705c24a34d,2026-09-20,1,ocr_boxes,2026-09-20,ocr_boxes-1,2026-09-20,parts-2026-09-20f,,,
https://experimentalistsanonymous.com/diy/Schematics/Filters%20Wahs%20and%20VCFs/Single%20OA%20active%20bandpass%20filter.gif,,schematic,gif,200,1464,f856aa869122ebc8bb6ec36ec75b5121b2617383f7a29e004947a91394c0e286,2026-09-20,1,ocr_boxes,2026-09-20,ocr_boxes-1,2026-09-20,parts-2026-09-20f,,,
https://experimentalistsanonymous.com/diy/Schematics/Filters%20Wahs%20and%20VCFs/Single%20OA%20bandpass%20filter%202%20resistor.gif,,schematic,gif,200,14738,c70b9ce599bc4177e7a186f04e1ef428dbbdcc592f3659c68458b768ecd5dfe3,2026-09-20,1,ocr_boxes,2026-09-20,ocr_boxes-1,2026-09-20,parts-2026-09-20f,,,
https://experimentalistsanonymous.com/diy/Schematics/Filters%20Wahs%20and%20VCFs/Single%20OA%20wah.gif,,schematic,gif,200,4552,7bc28de13ce548bc37463a7622a2ce068ec9b1daa8a81002b7ee6e1e26722274,2026-09-20,1,ocr_boxes,2026-09-20,ocr_boxes-1,2026-09-20,parts-2026-09-20f,,,
https://experimentalistsanonymous.com/diy/Schematics/Filters%20Wahs%20and%20VCFs/Steve%20Giles%20Autowah.pdf,,schematic,pdf,200,275729,ed011ba01f1f8336ed3e414fb6094f9d54c02cda5c77fe98696f7de6e27d1c78,2026-09-20,3,ocr_boxes,2026-09-20,ocr_boxes-1,2026-09-20,parts-2026-09-20f,,,
https://experimentalistsanonymous.com/diy/Schematics/Filters%20Wahs%20and%20VCFs/Tau%201010%20Ladder%20Filter.pdf,,schematic,pdf,200,23785,91350084ccd3355aec78ccce58dad775150655fb554a64c248ad2942f1052480,2026-09-20,1,ocr_boxes,2026-09-20,ocr_boxes-1,2026-09-20,parts-2026-09-20f,,,
https://experimentalistsanonymous.com/diy/Schematics/Filters%20Wahs%20and%20VCFs/Telray%20Autowah.pdf,,schematic,pdf,200,309659,773753aa554ad873a6f05aaec3d80a43c727f544aa9133cc8a209651b6a7bf2c,2026-09-20,1,ocr_boxes,2026-09-20,ocr_boxes-1,2026-09-20,parts-2026-09-20f,,,
https://experimentalistsanonymous.com/diy/Schematics/Filters%20Wahs%20and%20VCFs/Two%20Pole%20SVF.pdf,,schematic,pdf,200,5137,b530ab23a3a04eb865b378a6e2cc47b010e90f8926b6842e84962f33d7631efa,2026-09-20,1,ocr_boxes,2026-09-20,ocr_boxes-1,2026-09-20,parts-2026-09-20f,,,
https://experimentalistsanonymous.com/diy/Schematics/Filters%20Wahs%20and%20VCFs/Voltage%20Controlled%201st%20Order%20SVF.pdf,,schematic,pdf,200,174079,9c01bef3e71c748ffc531dffad8be259cec01d9f64013590b0e5a792be71ce2a,2026-09-20,5,ocr_boxes,2026-09-20,ocr_boxes-1,2026-09-20,parts-2026-09-20f,,,
https://experimentalistsanonymous.com/diy/Schematics/Filters%20Wahs%20and%20VCFs/Vox%20Wah%20V847.gif,,schematic,gif,200,8907,64341c4add115a7c595f2188f7c467b23f9f0f1e4c47072aacf4700f85d1b946,2026-09-20,1,ocr_boxes,2026-09-20,ocr_boxes-1,2026-09-20,parts-2026-09-20f,,,
https://experimentalistsanonymous.com/diy/Schematics/Filters%20Wahs%20and%20VCFs/Vox%20and%20Guyatone%201904%20Wah.jpg,,schematic,jpeg,200,122468,0f2e903e24356a11c7e00d385da29282ffb77172bb00d9c18ff449fcd8e5c628,2026-09-20,1,ocr_boxes,2026-09-20,ocr_boxes-1,2026-09-20,parts-2026-09-20f,,,
https://experimentalistsanonymous.com/diy/Schematics/Flangers/Anderton%20flanger.pdf,,schematic,pdf,200,1197516,325c037bbae0de70f5504642f2cf0bf7368a9400bfbf6e0d0bed641b57f226b4,2026-09-19,9,ocr_boxes,2026-09-20,ocr_boxes-1,2026-09-20,parts-2026-09-20f,,,
https://experimentalistsanonymous.com/diy/Schematics/Flangers/BOSS%20BF-2.gif,,schematic,gif,200,90744,dee2357f5ab66c7826883ae39f5779b2b3dfc72fb7e72e239b38e588bec2bd0e,2026-09-19,1,ocr_boxes,2026-09-20,ocr_boxes-1,2026-09-20,parts-2026-09-20f,,,
https://experimentalistsanonymous.com/diy/Schematics/Flangers/DOD%20575.jpg,,schematic,jpeg,200,141438,fecb5075d74662595cbeca90f9ff0d05e62830c345a5f57cd0673959952f4c46,2026-09-19,1,ocr_boxes,2026-09-20,ocr_boxes-1,2026-09-20,parts-2026-09-20f,,,
https://experimentalistsanonymous.com/diy/Schematics/Flangers/DOD%20FX75.pdf,,schematic,pdf,200,29555,9b1a35422e710b5e9490cb52d496172e2ee193384f39611fd5f235721fac0176,2026-09-20,1,ocr_boxes,2026-09-20,ocr_boxes-1,2026-09-20,parts-2026-09-20f,,,
https://experimentalistsanonymous.com/diy/Schematics/Flangers/DOD%20FX75B.gif,,schematic,gif,200,139361,1154d17b7a0e425331637a31ce5f692413668184bb9e7f4fda75beda74ec83d9,2026-09-20,1,ocr_boxes,2026-09-20,ocr_boxes-1,2026-09-20,parts-2026-09-20f,,,
https://experimentalistsanonymous.com/diy/Schematics/Flangers/Electro%20Harmonix%20Echo%20Flanger%201.jpg,,schematic,jpeg,200,633221,e1964068eca0c01ed73d1e76fa19256df95949482259d1a532755780404a0032,2026-09-20,1,ocr_boxes,2026-09-20,ocr_boxes-1,2026-09-20,parts-2026-09-20f,,,
https://experimentalistsanonymous.com/diy/Schematics/Flangers/Electro%20Harmonix%20Echo%20Flanger%202.jpg,,schematic,jpeg,200,771122,9d3c543ec6f5fa16ee10dcb72cb5001f3fc911f41b6bd51d6d1e87ed0a94fb9f,2026-09-20,1,ocr_boxes,2026-09-20,ocr_boxes-1,2026-09-20,parts-2026-09-20f,,,
https://experimentalistsanonymous.com/diy/Schematics/Flangers/Electro%20Harmonix%20Electric%20Mistress%202.jpg,,schematic,jpeg,200,148407,0f75b896716c379a2c1953f6af6ea6a6ea76414a01b2e1937b6254f51611de42,2026-09-20,1,ocr_boxes,2026-09-20,ocr_boxes-1,2026-09-20,parts-2026-09-20f,,,
https://experimentalistsanonymous.com/diy/Schematics/Flangers/Electro%20Harmonix%20Electric%20Mistress%203.jpg,,schematic,jpeg,200,152422,74972e69bb68437c07333f0756cf4850d5956f1cf2abc1df2ffb81856155984f,2026-09-20,1,ocr_boxes,2026-09-20,ocr_boxes-1,2026-09-20,parts-2026-09-20f,,,
https://experimentalistsanonymous.com/diy/Schematics/Flangers/Ibanez%20FL301.pdf,,schematic,pdf,200,59647,6f964ec3898a5bc07b0eb85cc7562481f8d635f540ea1aa6176792e4f3db02f8,2026-09-20,1,ocr_boxes,2026-09-20,ocr_boxes-1,2026-09-20,parts-2026-09-20f,,,
https://experimentalistsanonymous.com/diy/Schematics/Flangers/MXR%20Flanger.gif,,schematic,gif,200,20871,93fa2e24b492451c2af907b511324e9fddee2d6674a223b517dcff1943aa1350,2026-09-20,1,ocr_boxes,2026-09-20,ocr_boxes-1,2026-09-20,parts-2026-09-20f,,,
https://experimentalistsanonymous.com/diy/Schematics/Flangers/Morley%20sapphire%20flanger.pdf,,schematic,pdf,200,81048,1fa22a74d2cdfb7ec152490a84c6b695583aeb397c74a7cb946bcd24e046aff2,2026-09-20,1,ocr_boxes,2026-09-20,ocr_boxes-1,2026-09-20,parts-2026-09-20f,,,
https://experimentalistsanonymous.com/diy/Schematics/Flangers/PAiA%20Phlanger.pdf,,schematic,pdf,200,862120,c06e5d2e0d2f4cb008892d9a53b8ef747d805c8079ca86864c7752e53a458ef8,2026-09-20,6,ocr_boxes,2026-09-20,ocr_boxes-1,2026-09-20,parts-2026-09-20f,,,
https://experimentalistsanonymous.com/diy/Schematics/Flangers/Pearl%20Flanger.gif,,schematic,gif,200,95052,aeb3e1f0d72527e6a407d407ce5d7cf34b5db0532464d54c58166fcf61afd79b,2026-09-20,1,ocr_boxes,2026-09-20,ocr_boxes-1,2026-09-20,parts-2026-09-20f,,,
https://experimentalistsanonymous.com/diy/Schematics/Flangers/Tycobrahe%20Pedalflanger.pdf,,schematic,pdf,200,18839,a7d877c7d14e8b0792f16232ad7a2706a1c6be98619ae6901874b14d6087c146,2026-09-20,1,ocr_boxes,2026-09-20,ocr_boxes-1,2026-09-20,parts-2026-09-20f,,,
https://experimentalistsanonymous.com/diy/Schematics/Flangers/Vox%20and%20Guyatone%201902%20Flanger.jpg,,schematic,jpeg,200,176640,3e485595c1520d91a1c0d25ad2347348600c15d42cd0a013ed204f4571f76b34,2026-09-20,1,ocr_boxes,2026-09-20,ocr_boxes-1,2026-09-20,parts-2026-09-20f,,,
https://experimentalistsanonymous.com/diy/Schematics/Full%20Synths%20Drum%20Synths%20and%20Misc%20Synth/1V%20per%20Octave%20to%20V%20per%20Hertz.pdf,,schematic,pdf,200,4782,3172f07732f39f4138e2e7bd6a8859545311bc6a0b89acb9a3969fe34095de3b,2026-09-19,1,ocr_boxes,2026-09-20,ocr_boxes-1,2026-09-20,parts-2026-09-20f,,,
https://experimentalistsanonymous.com/diy/Schematics/Full%20Synths%20Drum%20Synths%20and%20Misc%20Synth/AR-318%20Sample%20And%20Hold%20and%20Noise%20Generator.gif,,schematic,gif,200,118106,f93fd7f4689b590bba37f65efa5d0356ad7b2e577e85a1e067b988999a26e8dc,2026-09-19,1,ocr_boxes,2026-09-20,ocr_boxes-1,2026-09-20,parts-2026-09-20f,,,
https://experimentalistsanonymous.com/diy/Schematics/Full%20Synths%20Drum%20Synths%20and%20Misc%20Synth/Alpha%20drum.pdf,,schematic,pdf,200,145107,82261c017c1bdfda285f096454f0c6fbbe99da5b6f0e09f74e4f5b44336f7854,2026-09-19,4,ocr_boxes,2026-09-20,ocr_boxes-1,2026-09-20,parts-2026-09-20f,,,
https://experimentalistsanonymous.com/diy/Schematics/Full%20Synths%20Drum%20Synths%20and%20Misc%20Synth/BOSS%20DR-100.gif,,schematic,gif,200,221131,dcb867ebbe31d837def7ea3284da2f6f096989b230f63aed1528a0fc865689bb,2026-09-19,1,ocr_boxes,2026-09-20,ocr_boxes-1,2026-09-20,parts-2026-09-20f,,,
https://experimentalistsanonymous.com/diy/Schematics/Full%20Synths%20Drum%20Synths%20and%20Misc%20Synth/BOSS%20DR-110.gif,,schematic,gif,200,221131,dcb867ebbe31d837def7ea3284da2f6f096989b230f63aed1528a0fc865689bb,2026-09-19,1,ocr_boxes,2026-09-20,ocr_boxes-1,2026-09-20,parts-2026-09-20f,,,
https://experimentalistsanonymous.com/diy/Schematics/Full%20Synths%20Drum%20Synths%20and%20Misc%20Synth/BOSS%20DR-55.gif,,schematic,gif,200,171290,a5fc34cfc0df7a10631af6c616c2e755ed1540b09da5c02c65f419841861088a,2026-09-19,1,ocr_boxes,2026-09-20,ocr_boxes-1,2026-09-20,parts-2026-09-20f,,,
https://experimentalistsanonymous.com/diy/Schematics/Full%20Synths%20Drum%20Synths%20and%20Misc%20Synth/Cat%20CRM%20Synth.pdf,,document,,406,226,,,,,,,,,,,http 406
https://experimentalistsanonymous.com/diy/Schematics/Full%20Synths%20Drum%20Synths%20and%20Misc%20Synth/Drumulator.gif,,schematic,gif,200,126933,1c5aca926dc2403b0f9291c04f6b962a1fe98503cad9b827ad122bef344e14f8,2026-09-19,1,ocr_boxes,2026-09-20,ocr_boxes-1,2026-09-20,parts-2026-09-20f,,,
https://experimentalistsanonymous.com/diy/Schematics/Full%20Synths%20Drum%20Synths%20and%20Misc%20Synth/EFM%20Bass%20Ace.pdf,,schematic,pdf,200,459205,f5fdb73296c94529452174483ed197413bcc499e5169d55c30eddbded9b170d1,2026-09-19,9,ocr_boxes,2026-09-20,ocr_boxes-1,2026-09-20,parts-2026-09-20f,,,
https://experimentalistsanonymous.com/diy/Schematics/Full%20Synths%20Drum%20Synths%20and%20Misc%20Synth/EFM%20Keyboard%20Interface.pdf,,schematic,pdf,200,439461,e7789bb50d15b76923f65008c36d32540a55d7e32fc71c7282eed3c5e78f4dfc,2026-09-19,7,ocr_boxes,2026-09-20,ocr_boxes-1,2026-09-20,parts-2026-09-20f,,,
https://experimentalistsanonymous.com/diy/Schematics/Full%20Synths%20Drum%20Synths%20and%20Misc%20Synth/EFM%20Ring%20Mod-LFO-Preamp.pdf,,schematic,pdf,200,206257,1cad6429dc193363bb5b14a2200803c9c008464811ae188d218ca66d414073cd,2026-09-19,5,ocr_boxes,2026-09-20,ocr_boxes-1,2026-09-20,parts-2026-09-20f,,,
https://experimentalistsanonymous.com/diy/Schematics/Full%20Synths%20Drum%20Synths%20and%20Misc%20Synth/EHX%20space%20drum.gif,,schematic,gif,200,38440,8685f90c53349040b8b976145a36ed03123f5d2e3d4f0fe88a20fb059e805304,2026-09-19,1,ocr_boxes,2026-09-20,ocr_boxes-1,2026-09-20,parts-2026-09-20f,,,
https://experimentalistsanonymous.com/diy/Schematics/Full%20Synths%20Drum%20Synths%20and%20Misc%20Synth/EMU%20CV%20Glider.jpg,,schematic,jpeg,200,51362,e9e374bdf73a967b1a81d8297ef0f23b1c967b609be7e3c4db056bf9eeab1e06,2026-09-19,1,ocr_boxes,2026-09-20,ocr_boxes-1,2026-09-20,parts-2026-09-20f,,,
https://experimentalistsanonymous.com/diy/Schematics/Full%20Synths%20Drum%20Synths%20and%20Misc%20Synth/Gakken%20SX-150.PNG,,schematic,png,200,465070,9fa74f96c9491b5e964dd1a3ebd731e803b3f05d7f16a8935e16cdff74a68041,2026-09-19,1,ocr_boxes,2026-09-20,ocr_boxes-1,2026-09-20,parts-2026-09-20f,,,
https://experimentalistsanonymous.com/diy/Schematics/Full%20Synths%20Drum%20Synths%20and%20Misc%20Synth/Korg%20MS10.pdf,,schematic,pdf,200,905135,564c523e6d73e3b430285cf2c73150f3763bc88700cd9d9f99c39368815c2e41,2026-09-19,11,ocr_boxes,2026-09-20,ocr_boxes-1,2026-09-20,parts-2026-09-20f,,,
https://experimentalistsanonymous.com/diy/Schematics/Full%20Synths%20Drum%20Synths%20and%20Misc%20Synth/Korg%20MS20.pdf,,schematic,pdf,200,3573572,b482cc2758b1b817bab6de3ef9e007ab8f89136229781a8495c18b560ab97eee,2026-09-19,9,ocr_boxes,2026-09-20,ocr_boxes-1,2026-09-20,parts-2026-09-20f,,,
https://experimentalistsanonymous.com/diy/Schematics/Full%20Synths%20Drum%20Synths%20and%20Misc%20Synth/Korg%20MS50.pdf,,schematic,pdf,200,1463243,4a9a25da32abd10f2b835009f7fc66d4a3d228ac38ba4c2536ff56933374549a,2026-09-19,12,ocr_boxes,2026-09-20,ocr_boxes-1,2026-09-20,parts-2026-09-20f,,,
https://experimentalistsanonymous.com/diy/Schematics/Full%20Synths%20Drum%20Synths%20and%20Misc%20Synth/Maestro%20G2.jpg,,schematic,jpeg,200,562877,f3e382274ebb220d88c36f520a23aafecc60ae903a1d314a446d1f1b106ecd12,2026-09-19,1,ocr_boxes,2026-09-20,ocr_boxes-1,2026-09-20,parts-2026-09-20f,,,
https://experimentalistsanonymous.com/diy/Schematics/Full%20Synths%20Drum%20Synths%20and%20Misc%20Synth/Misc%20Theremin.jpg,,schematic,jpeg,200,318819,574d7f7f36c48d047cbbd3d8ecb4ac7f7c9d7b93672f0cc33bd717a4f9ced757,2026-09-19,1,ocr_boxes,2026-09-20,ocr_boxes-1,2026-09-20,parts-2026-09-20f,,,
https://experimentalistsanonymous.com/diy/Schematics/Full%20Synths%20Drum%20Synths%20and%20Misc%20Synth/Moog%20952%20Keyboard%20Controller.gif,,schematic,gif,200,133668,187c78bc4654e4d9c65e8f3180fc28bd98776e67c3188158e294d7e7bbc38aac,2026-09-19,1,ocr_boxes,2026-09-20,ocr_boxes-1,2026-09-20,parts-2026-09-20f,,,
https://experimentalistsanonymous.com/diy/Schematics/Full%20Synths%20Drum%20Synths%20and%20Misc%20Synth/Moog%20Memorymoog.pdf,,schematic,pdf,200,4946421,27b710622c6bb25ad8a1c19bca5928f58c022b3c952f383c2b49515959a3f25f,2026-09-19,68,ocr_boxes,2026-09-20,ocr_boxes-1,2026-09-20,parts-2026-09-20f,,,
https://experimentalistsanonymous.com/diy/Schematics/Full%20Synths%20Drum%20Synths%20and%20Misc%20Synth/Moog%20Minimoog.pdf,,schematic,pdf,200,8816173,4155de942ffd019abb68ed4cc16fb4c16ec13d1df0bc0865b73cfbaf5ab0c245,2026-09-19,14,ocr_boxes,2026-09-20,ocr_boxes-1,2026-09-20,parts-2026-09-20f,,,
https://experimentalistsanonymous.com/diy/Schematics/Full%20Synths%20Drum%20Synths%20and%20Misc%20Synth/Moog%20Modular%20System%20I%20II%20III%2012%2015%2035%2055.pdf,,schematic,pdf,200,8556674,1c13f12e57db7fdb56cc06ebaa69487a34a9ad1045081f5fdb8f4733058626b6,2026-09-19,62,ocr_boxes,2026-09-20,ocr_boxes-1,2026-09-20,parts-2026-09-20f,,,
https://experimentalistsanonymous.com/diy/Schematics/Full%20Synths%20Drum%20Synths%20and%20Misc%20Synth/Moog%20Modular.pdf,,schematic,pdf,200,8400820,13d9b9b73fc11d6744175f8a49ae4a5a2da574f5390374ef7febaeb06ebf444e,2026-09-19,61,ocr_boxes,2026-09-20,ocr_boxes-1,2026-09-20,parts-2026-09-20f,,,
https://experimentalistsanonymous.com/diy/Schematics/Full%20Synths%20Drum%20Synths%20and%20Misc%20Synth/Moog%20Prodigy.pdf,,schematic,pdf,200,3174078,367dda576b14ca53171b6f1baf7eb6c4cb9a8cc640ce2a24b296f8a82d005cb2,2026-09-19,9,ocr_boxes,2026-09-20,ocr_boxes-1,2026-09-20,parts-2026-09-20f,,,
https://experimentalistsanonymous.com/diy/Schematics/Full%20Synths%20Drum%20Synths%20and%20Misc%20Synth/Moog%20Rogue.gif,,schematic,gif,200,157832,32b70f7da8a06bbbff05b73086e0f3b6fb07fe5bdee3df67e55a62dfe9418504,2026-09-19,1,ocr_boxes,2026-09-20,ocr_boxes-1,2026-09-20,parts-2026-09-20f,,,
https://experimentalistsanonymous.com/diy/Schematics/Full%20Synths%20Drum%20Synths%20and%20Misc%20Synth/Moog%20Rogue.pdf,,schematic,pdf,200,1409436,ab42e32922494a45c5926a7082b1e744ca9c9eaafbd1285dda4bca05a7fb4f43,2026-09-19,7,ocr_boxes,2026-09-20,ocr_boxes-1,2026-09-20,parts-2026-09-20f,,,
https://experimentalistsanonymous.com/diy/Schematics/Full%20Synths%20Drum%20Synths%20and%20Misc%20Synth/Moog%20Taurus.jpg,,schematic,jpeg,200,1075506,c30de2fc0a12670d3caac165cc14dc0ea506eaaede64023e23f97596b419c3e4,2026-09-19,1,ocr_boxes,2026-09-20,ocr_boxes-1,2026-09-20,parts-2026-09-20f,,,
https://experimentalistsanonymous.com/diy/Schematics/Full%20Synths%20Drum%20Synths%20and%20Misc%20Synth/Moog%20Taurus.pdf,,schematic,pdf,200,19446,b22cec5690d329941f3c340f67e9493a49984ff03d8c622356d7cbd3eeb217a0,2026-09-19,1,ocr_boxes,2026-09-20,ocr_boxes-1,2026-09-20,parts-2026-09-20f,,,
https://experimentalistsanonymous.com/diy/Schematics/Full%20Synths%20Drum%20Synths%20and%20Misc%20Synth/Oberheim%202%20Voice%20Keyboard.gif,,schematic,gif,200,56579,87a92e020a0d2baf0087bdb1de1e64f59031c722990c6b586017898f6af14f9e,2026-09-19,1,ocr_boxes,2026-09-20,ocr_boxes-1,2026-09-20,parts-2026-09-20f,,,
https://experimentalistsanonymous.com/diy/Schematics/Full%20Synths%20Drum%20Synths%20and%20Misc%20Synth/Oberheim%20Matrix%201000.pdf,,schematic,pdf,200,2157734,1dae579018d7a3d480ce1b95cc8b182c4889d9cbaf1ca60b4d65054d9363edf5,2026-09-19,13,ocr_boxes,2026-09-20,ocr_boxes-1,2026-09-20,parts-2026-09-20f,,,
https://experimentalistsanonymous.com/diy/Schematics/Full%20Synths%20Drum%20Synths%20and%20Misc%20Synth/Oberheim%20Matrix%206.pdf,,schematic,pdf,200,1927184,fd0c011402399cb0ed16ff9010a42a6a7151af2236fad2d47e57850a6bcae01b,2026-09-19,14,ocr_boxes,2026-09-20,ocr_boxes-1,2026-09-20,parts-2026-09-20f,,,
https://experimentalistsanonymous.com/diy/Schematics/Full%20Synths%20Drum%20Synths%20and%20Misc%20Synth/Oberheim%20Mini%20Sequencer.jpg,,schematic,jpeg,200,521369,e37312ccb3f55ffde5f0c2783c8c2c55074cdcfa5f32e47a32e77569c185f05b,2026-09-19,1,ocr_boxes,2026-09-20,ocr_boxes-1,2026-09-20,parts-2026-09-20f,,,
https://experimentalistsanonymous.com/diy/Schematics/Full%20Synths%20Drum%20Synths%20and%20Misc%20Synth/Oberheim%20OB8.pdf,,schematic,pdf,200,12894415,2ad2df0ce3e753691ab64ba192d1526464aafde13de8b2c649f41670d588caf7,2026-09-19,81,ocr_boxes,2026-09-20,ocr_boxes-1,2026-09-20,parts-2026-09-20f,,,
https://experimentalistsanonymous.com/diy/Schematics/Full%20Synths%20Drum%20Synths%20and%20Misc%20Synth/Oberheim%20SBX.pdf,,schematic,pdf,200,2976225,ac7899a0ce6f63db0052e5f05498c88ee686c53d3532ef03b03e9c7acb8fb5a2,2026-09-19,41,ocr_boxes,2026-09-20,ocr_boxes-1,2026-09-20,parts-2026-09-20f,,,
https://experimentalistsanonymous.com/diy/Schematics/Full%20Synths%20Drum%20Synths%20and%20Misc%20Synth/Oberheim%20SEM-1A.gif,,schematic,gif,200,295602,b48a429fab15385a5492c5de1159d874279455d3fdcf3d0c71100ebadfe0cfde,2026-09-19,1,ocr_boxes,2026-09-20,ocr_boxes-1,2026-09-20,parts-2026-09-20f,,,
https://experimentalistsanonymous.com/diy/Schematics/Full%20Synths%20Drum%20Synths%20and%20Misc%20Synth/Oberheim%20XPander.pdf,,schematic,pdf,200,10047809,63a04f04588bb42576b8f45dd3a5957ee8da9996f08e7124f1fbab62aecc1c21,2026-09-19,77,ocr_boxes,2026-09-20,ocr_boxes-1,2026-09-20,parts-2026-09-20f,,,
https://experimentalistsanonymous.com/diy/Schematics/Full%20Synths%20Drum%20Synths%20and%20Misc%20Synth/Poly%202044%20Envelope%20Follower%20and%20Gate.gif,,schematic,gif,200,114771,f264135cd9fd45a56954bc55196e5f409e9652124b2d196cdf9da9950d798db4,2026-09-19,1,ocr_boxes,2026-09-20,ocr_boxes-1,2026-09-20,parts-2026-09-20f,,,
https://experimentalistsanonymous.com/diy/Schematics/Full%20Synths%20Drum%20Synths%20and%20Misc%20Synth/Polyfusion%20Divider.gif,,schematic,gif,200,52545,698e6d48bdec1d954444902b96ea000b97759f1cfc54fad1f4f9bc65eb219a52,2026-09-19,1,ocr_boxes,2026-09-20,ocr_boxes-1,2026-09-20,parts-2026-09-20f,,,
https://experimentalistsanonymous.com/diy/Schematics/Full%20Synths%20Drum%20Synths%20and%20Misc%20Synth/Remco%20Sound%20FX%20Machine.png,,schematic,png,200,107717,65521d4581f3df30016d510add140003424734aaca3f83f0f7d83ec9ea2bc33d,2026-09-19,1,ocr_boxes,2026-09-20,ocr_boxes-1,2026-09-20,parts-2026-09-20f,,,
https://experimentalistsanonymous.com/diy/Schematics/Full%20Synths%20Drum%20Synths%20and%20Misc%20Synth/Roland%20110.png,,schematic,png,200,97424,73306b0f72f9c2c8db02c722920b3680cee87304b8c91ab1f547c10f94b1024c,2026-09-19,1,ocr_boxes,2026-09-20,ocr_boxes-1,2026-09-20,parts-2026-09-20f,,,
https://experimentalistsanonymous.com/diy/Schematics/Full%20Synths%20Drum%20Synths%20and%20Misc%20Synth/Roland%20Juno%20106.pdf,,schematic,pdf,200,8218176,7ea2d7916a50b4183a109c44e9fd3c38e25cb03da4a87337daea722697918a3f,2026-09-19,16,ocr_boxes,2026-09-20,ocr_boxes-1,2026-09-20,parts-2026-09-20f,,,
https://experimentalistsanonymous.com/diy/Schematics/Full%20Synths%20Drum%20Synths%20and%20Misc%20Synth/Roland%20TB-303.pdf,,schematic,pdf,200,554337,46b5c19b4558b3c2f9de066bd46fa694187990ee3f3754f1487ce6233658bdf7,2026-09-19,3,ocr_boxes,2026-09-20,ocr_boxes-1,2026-09-20,parts-2026-09-20f,,,
https://experimentalistsanonymous.com/diy/Schematics/Full%20Synths%20Drum%20Synths%20and%20Misc%20Synth/Roland%20TR-606.pdf,,schematic,pdf,200,2352315,ce31c154fc1ba32b2389c224f8b51e5cc57d1b560fa98e8636005cfe8181d602,2026-09-19,6,ocr_boxes,2026-09-20,ocr_boxes-1,2026-09-20,parts-2026-09-20f,,,
https://experimentalistsanonymous.com/diy/Schematics/Full%20Synths%20Drum%20Synths%20and%20Misc%20Synth/Roland%20TR-707.pdf,,schematic,pdf,200,1152861,9276ec9601f1529353d7d4f87dddc65d70cd4d24be2f25fb8aa2d9c2efec3f38,2026-09-19,17,ocr_boxes,2026-09-20,ocr_boxes-1,2026-09-20,parts-2026-09-20f,,,
https://experimentalistsanonymous.com/diy/Schematics/Full%20Synths%20Drum%20Synths%20and%20Misc%20Synth/Roland%20TR-808.pdf,,schematic,pdf,200,467773,c3374581a771b9b189caf6aaa1bd56ece73ee77edbf4f7832c54266c580fc1df,2026-09-19,6,ocr_boxes,2026-09-20,ocr_boxes-1,2026-09-20,parts-2026-09-20f,,,
https://experimentalistsanonymous.com/diy/Schematics/Full%20Synths%20Drum%20Synths%20and%20Misc%20Synth/Roland%20TR-909.pdf,,schematic,pdf,200,1380873,835f9ac994486d0ac23174a31628e63dcbe8f3ea2cd5731f8331ca5f3789a8cc,2026-09-19,39,ocr_boxes,2026-09-20,ocr_boxes-1,2026-09-20,parts-2026-09-20f,,,
https://experimentalistsanonymous.com/diy/Schematics/Full%20Synths%20Drum%20Synths%20and%20Misc%20Synth/SCI%20Prophet%202000.pdf,,schematic,pdf,200,747887,d9ecd647079c93b975dafb76098cdb6cc0f5068e1464bf636dad918bf8320abc,2026-09-19,19,ocr_boxes,2026-09-20,ocr_boxes-1,2026-09-20,parts-2026-09-20f,,,
https://experimentalistsanonymous.com/diy/Schematics/Full%20Synths%20Drum%20Synths%20and%20Misc%20Synth/SCI%20Prophet%20600.pdf,,schematic,pdf,200,1620124,310a89957f14651f8a488010899f85c2f0b9538343899de3971cd52ede9ad81d,2026-09-19,8,ocr_boxes,2026-09-20,ocr_boxes-1,2026-09-20,parts-2026-09-20f,,,
https://experimentalistsanonymous.com/diy/Schematics/Full%20Synths%20Drum%20Synths%20and%20Misc%20Synth/SCI%20Prophet%20VS.pdf,,schematic,pdf,200,1219894,0bf4488c739556742b4dc86a1a406956b131f14b0147ffd8a3a878f0a2e1a940,2026-09-19,13,ocr_boxes,2026-09-20,ocr_boxes-1,2026-09-20,parts-2026-09-20f,,,
https://experimentalistsanonymous.com/diy/Schematics/Full%20Synths%20Drum%20Synths%20and%20Misc%20Synth/SN76477%20Single%20Chip%20Synth%20Corrected%20Diagram.jpg,,schematic,jpeg,200,83508,c5dd09ecd6cd09fb2421a50d4adb05b7591d7acafa8621c96c3c8ead7690ddba,2026-09-19,1,ocr_boxes,2026-09-20,ocr_boxes-1,2026-09-20,parts-2026-09-20f,,,
https://experimentalistsanonymous.com/diy/Schematics/Full%20Synths%20Drum%20Synths%20and%20Misc%20Synth/SN76477%20Single%20Chip%20Synth.pdf,,schematic,pdf,200,2727539,da4e0ae7684b6bcb05a9119cf3443b78550cc50f86dbd68399bbc671f2fbe877,2026-09-19,15,ocr_boxes,2026-09-20,ocr_boxes-1,2026-09-20,parts-2026-09-20f,,,
https://experimentalistsanonymous.com/diy/Schematics/Full%20Synths%20Drum%20Synths%20and%20Misc%20Synth/Sawtooth%20Frequency%20Doubler%202.pdf,,schematic,pdf,200,2245,e807bd627774d0e961733dc58f777e3ba459eed0ff0afc8c3d7f5419a67e8116,2026-09-19,1,ocr_boxes,2026-09-20,ocr_boxes-1,2026-09-20,parts-2026-09-20f,,,
https://experimentalistsanonymous.com/diy/Schematics/Full%20Synths%20Drum%20Synths%20and%20Misc%20Synth/Sawtooth%20Frequency%20Doubler.pdf,,schematic,pdf,200,2431,6e75ae93021583d7d7195c7b8cc591464f0cc21177ed4857d413138cb777e102,2026-09-19,1,ocr_boxes,2026-09-20,ocr_boxes-1,2026-09-20,parts-2026-09-20f,,,
https://experimentalistsanonymous.com/diy/Schematics/Full%20Synths%20Drum%20Synths%20and%20Misc%20Synth/Sawtooth%20Manual%20Phase%20Shifter.pdf,,schematic,pdf,200,2135,88eb789a9f2ce6f43276e07655ecffc776e5e4bb2afaa977d658b5f6aa691dec,2026-09-19,1,ocr_boxes,2026-09-20,ocr_boxes-1,2026-09-20,parts-2026-09-20f,,,
https://experimentalistsanonymous.com/diy/Schematics/Full%20Synths%20Drum%20Synths%20and%20Misc%20Synth/Sine%20to%20Pulse.gif,,schematic,gif,200,4738,73a4766ff863267621dd6e1ae381eac8939d0ad434326ec7b697d05e561a9a4a,2026-09-19,1,ocr_boxes,2026-09-20,ocr_boxes-1,2026-09-20,parts-2026-09-20f,,,
https://experimentalistsanonymous.com/diy/Schematics/Full%20Synths%20Drum%20Synths%20and%20Misc%20Synth/Synbal.pdf,,schematic,pdf,200,311881,1c0a8da025626d1dadbb00f931f77cc17adf4b625808a9d12fd31ac021e556e8,2026-09-19,3,ocr_boxes,2026-09-20,ocr_boxes-1,2026-09-20,parts-2026-09-20f,,,
https://experimentalistsanonymous.com/diy/Schematics/Full%20Synths%20Drum%20Synths%20and%20Misc%20Synth/Synblo.pdf,,schematic,pdf,200,1283051,caed5b25da0caefad4089590b20fa7634a77e75fdb322575ef0c420a77897035,2026-09-19,3,ocr_boxes,2026-09-20,ocr_boxes-1,2026-09-20,parts-2026-09-20f,,,
https://experimentalistsanonymous.com/diy/Schematics/Full%20Synths%20Drum%20Synths%20and%20Misc%20Synth/Synchime.pdf,,schematic,pdf,200,398293,0d205a04c894a97d1d657650d759b2d6f32c2f5a067fa058ce83f0a162965f7c,2026-09-19,4,ocr_boxes,2026-09-20,ocr_boxes-1,2026-09-20,parts-2026-09-20f,,,
https://experimentalistsanonymous.com/diy/Schematics/Full%20Synths%20Drum%20Synths%20and%20Misc%20Synth/Syntom%20II.pdf,,schematic,pdf,200,489081,9682869e4d60236f47bce2d4a8b5aa338cf0066a74ad0dee61354d691f212b67,2026-09-19,4,ocr_boxes,2026-09-20,ocr_boxes-1,2026-09-20,parts-2026-09-20f,,,
https://experimentalistsanonymous.com/diy/Schematics/Full%20Synths%20Drum%20Synths%20and%20Misc%20Synth/Syntom.pdf,,schematic,pdf,200,209166,dfd6e597135690d2804b1a1d506d1862a42b86d493cbc90e28acd3575b1895ad,2026-09-19,5,ocr_boxes,2026-09-20,ocr_boxes-1,2026-09-20,parts-2026-09-20f,,,
https://experimentalistsanonymous.com/diy/Schematics/Full%20Synths%20Drum%20Synths%20and%20Misc%20Synth/Synwave.pdf,,schematic,pdf,200,363476,263740a7a57173fdf5dd19d89d2ec49a5b8e7b8171ead4bb14f183b4586c8a05,2026-09-19,4,ocr_boxes,2026-09-20,ocr_boxes-1,2026-09-20,parts-2026-09-20f,,,
https://experimentalistsanonymous.com/diy/Schematics/Full%20Synths%20Drum%20Synths%20and%20Misc%20Synth/Telray%20Fastune.pdf,,schematic,pdf,200,314105,07c3fe1621edb9add638a12f324b764201165f3022e9cebeccf5eeca3e8cd640,2026-09-19,1,ocr_boxes,2026-09-20,ocr_boxes-1,2026-09-20,parts-2026-09-20f,,,
https://experimentalistsanonymous.com/diy/Schematics/Full%20Synths%20Drum%20Synths%20and%20Misc%20Synth/Transistor%20theremin.pdf,,schematic,pdf,200,35083,4643e89e2be8224344759f88bc144d00150b6476236ed14aea21cccb4595d36e,2026-09-19,1,ocr_boxes,2026-09-20,ocr_boxes-1,2026-09-20,parts-2026-09-20f,,,
https://experimentalistsanonymous.com/diy/Schematics/Full%20Synths%20Drum%20Synths%20and%20Misc%20Synth/Tube%20Theremin.gif,,schematic,gif,200,78841,58f83f5e4c6e8d5c6b9c6747f12e989cba4d9db407de3c1fb4234695e4d7e5df,2026-09-19,1,ocr_boxes,2026-09-20,ocr_boxes-1,2026-09-20,parts-2026-09-20f,,,
https://experimentalistsanonymous.com/diy/Schematics/Full%20Synths%20Drum%20Synths%20and%20Misc%20Synth/Ultra%20Simple%20Theremin.pdf,,schematic,pdf,200,256118,70f8ad3d722ae5c88ee25da950b9da0304a57f766c878204c4944e39fe014144,2026-09-19,3,ocr_boxes,2026-09-20,ocr_boxes-1,2026-09-20,parts-2026-09-20f,,,
https://experimentalistsanonymous.com/diy/Schematics/Fuzz%20and%20Fuzzy%20Noisemakers/60s%20style%20fuzzbox.gif,,schematic,gif,200,8147,f5e68228c2b1d9c8a7aa5e0f9ca4df10e3a75f49af9e7ee95b0439681090a7db,2026-09-19,1,ocr_boxes,2026-09-20,ocr_boxes-1,2026-09-20,parts-2026-09-20f,,,
https://experimentalistsanonymous.com/diy/Schematics/Fuzz%20and%20Fuzzy%20Noisemakers/Ampeg%20Scrambler.gif,,schematic,gif,200,55613,d53f726530ed3e3d9f2ec172e679519546fab85767cc25c64cf60ef188b629f8,2026-09-19,1,ocr_boxes,2026-09-20,ocr_boxes-1,2026-09-20,parts-2026-09-20f,,,
https://experimentalistsanonymous.com/diy/Schematics/Fuzz%20and%20Fuzzy%20Noisemakers/Analog%20Bit%20Crusher.gif,,schematic,gif,200,34857,e19ea0593a9aec419777413675d1ea7370ce9e50f5a744b1109e785773aeafa6,2026-09-19,1,ocr_boxes,2026-09-20,ocr_boxes-1,2026-09-20,parts-2026-09-20f,,,
https://experimentalistsanonymous.com/diy/Schematics/Fuzz%20and%20Fuzzy%20Noisemakers/Aron%20Nelson%20Hot%20Fuzz.jpg,,schematic,jpeg,200,99013,99fe408490f463d07c6b6daa2aac702933913a187b8c6c1c8d1a8a88b588aded,2026-09-19,1,ocr_boxes,2026-09-20,ocr_boxes-1,2026-09-20,parts-2026-09-20f,,,
https://experimentalistsanonymous.com/diy/Schematics/Fuzz%20and%20Fuzzy%20Noisemakers/BOSS%20FZ-2.jpg,,schematic,jpeg,200,95180,b13a55df3467e1f39c348a3fb387da7e3033efe4fd353c0c9e3582b5be2fb396,2026-09-19,1,ocr_boxes,2026-09-20,ocr_boxes-1,2026-09-20,parts-2026-09-20f,,,
https://experimentalistsanonymous.com/diy/Schematics/Fuzz%20and%20Fuzzy%20Noisemakers/Bass%20Brassmaster%20BB1.jpg,,schematic,jpeg,200,232475,10c5a99df421d6dbd0e023742a7a5a18cb71dac192fec96dc364a6947be6eb7f,2026-09-19,1,ocr_boxes,2026-09-20,ocr_boxes-1,2026-09-20,parts-2026-09-20f,,,
https://experimentalistsanonymous.com/diy/Schematics/Fuzz%20and%20Fuzzy%20Noisemakers/Blue%20Clipper.pdf,,schematic,pdf,200,3750,2164c355fc0d504bbe629aa9167e8fb8cd798ad4b294525b8370d1740a81bb64,2026-09-19,1,ocr_boxes,2026-09-20,ocr_boxes-1,2026-09-20,parts-2026-09-20f,,,
https://experimentalistsanonymous.com/diy/Schematics/Fuzz%20and%20Fuzzy%20Noisemakers/Building%20the%20Gristleizer.pdf,,schematic,pdf,200,375716,b066580107ea2a9c6cf0b5ed5431a2c5f51ae01d398ff529302b9885fdb4bc44,2026-09-19,4,ocr_boxes,2026-09-20,ocr_boxes-1,2026-09-20,parts-2026-09-20f,,,
https://experimentalistsanonymous.com/diy/Schematics/Fuzz%20and%20Fuzzy%20Noisemakers/Cookbook%20Fuzz.gif,,schematic,gif,200,12920,a587628b9d99e30a2230414c3dc6a4133641d0949352848c085789411cbccfa9,2026-09-19,1,ocr_boxes,2026-09-20,ocr_boxes-1,2026-09-20,parts-2026-09-20f,,,
https://experimentalistsanonymous.com/diy/Schematics/Fuzz%20and%20Fuzzy%20Noisemakers/Craig%20Anderton%20Octave%20Doubling%20Fuzz.gif,,schematic,gif,200,10369,126a2c26046202e20a0cb06fa17ce756f9676c00c49a3cfa2cf40b69f9947cf5,2026-09-19,1,ocr_boxes,2026-09-20,ocr_boxes-1,2026-09-20,parts-2026-09-20f,,,
https://experimentalistsanonymous.com/diy/Schematics/Fuzz%20and%20Fuzzy%20Noisemakers/Craig%20Anderton%20Tube%20Sound%20Fuzz.gif,,schematic,gif,200,6203,7f24888ccfb0917e3331f6f96b15efda097abccddab4d662ee1a4852aa8c67d2,2026-09-19,1,ocr_boxes,2026-09-20,ocr_boxes-1,2026-09-20,parts-2026-09-20f,,,
https://experimentalistsanonymous.com/diy/Schematics/Fuzz%20and%20Fuzzy%20Noisemakers/Crowther%20Hot%20Cake.gif,,schematic,gif,200,68502,7eff38e6fb645f284b94b0e5496b04b9a0388eb5b5ab4f5f772d213c2438869a,2026-09-19,1,ocr_boxes,2026-09-20,ocr_boxes-1,2026-09-20,parts-2026-09-20f,,,
https://experimentalistsanonymous.com/diy/Schematics/Fuzz%20and%20Fuzzy%20Noisemakers/Crybaby%20Fuzz%20Wah%20Fuzz.gif,,schematic,gif,200,8932,e3f669a4abdd529ee0a47fbe2f839eeb40c4b0a9784bb16f06e6cfa61106d49a,2026-09-19,1,ocr_boxes,2026-09-20,ocr_boxes-1,2026-09-20,parts-2026-09-20f,,,
https://experimentalistsanonymous.com/diy/Schematics/Fuzz%20and%20Fuzzy%20Noisemakers/DOD%20FX52.gif,,schematic,gif,200,12440,2ca561737a53c05e50a8d0203aa8fba3791178e1e0e6bac276be79bd5fe6d7c0,2026-09-19,1,ocr_boxes,2026-09-20,ocr_boxes-1,2026-09-20,parts-2026-09-20f,,,
https://experimentalistsanonymous.com/diy/Schematics/Fuzz%20and%20Fuzzy%20Noisemakers/DOD%20FX66%20Flashback%20Fuzz.gif,,schematic,gif,200,109469,29162873a9270860ca7abe23bcc319a3f5ac51b1f4d09ea373dd4f8a3c2d876f,2026-09-19,1,ocr_boxes,2026-09-20,ocr_boxes-1,2026-09-20,parts-2026-09-20f,,,
https://experimentalistsanonymous.com/diy/Schematics/Fuzz%20and%20Fuzzy%20Noisemakers/DOD%20FX69b.jpg,,schematic,jpeg,200,67222,95731418e290ac875ac24d8ffa80950c73a182ae0754eb6e1a277ac8dc56d683,2026-09-19,1,ocr_boxes,2026-09-20,ocr_boxes-1,2026-09-20,parts-2026-09-20f,,,
https://experimentalistsanonymous.com/diy/Schematics/Fuzz%20and%20Fuzzy%20Noisemakers/DOD%20FX70-C%20Corrosion.gif,,schematic,gif,200,30813,9824c88c4c096b38505d9ccc20e9caf90ebf295211946a4c54e3c3c22a149480,2026-09-19,1,ocr_boxes,2026-09-20,ocr_boxes-1,2026-09-20,parts-2026-09-20f,,,
https://experimentalistsanonymous.com/diy/Schematics/Fuzz%20and%20Fuzzy%20Noisemakers/DOD%20FX76%20Punkifier.gif,,schematic,gif,200,184176,57925238b500bafa83735d5d39acabc9a917b5e4de2ceb72aecf6b806ffae6ce,2026-09-19,1,ocr_boxes,2026-09-20,ocr_boxes-1,2026-09-20,parts-2026-09-20f,,,
https://experimentalistsanonymous.com/diy/Schematics/Fuzz%20and%20Fuzzy%20Noisemakers/Dan%20Armstrong%20Green%20Ringer.gif,,schematic,gif,200,8192,86603e4a013703f7b0546e43549a2ef2ead1086e077e76336108aebd7b00bc8f,2026-09-19,1,ocr_boxes,2026-09-20,ocr_boxes-1,2026-09-20,parts-2026-09-20f,,,
https://experimentalistsanonymous.com/diy/Schematics/Fuzz%20and%20Fuzzy%20Noisemakers/Diaz%20Texas%20Square%20Face.gif,,schematic,gif,200,4182,7f1ef66bed66f28a2d18b560e833621e33b8c6f87d8c78155c00aefbf2ee2c0b,2026-09-19,1,ocr_boxes,2026-09-20,ocr_boxes-1,2026-09-20,parts-2026-09-20f,,,
https://experimentalistsanonymous.com/diy/Schematics/Fuzz%20and%20Fuzzy%20Noisemakers/EHX%20Fuzz%20Wah%20Volume.pdf,,schematic,pdf,200,12400,04d5b075035dd83e0da7f01ce04f2d295c8effb1c79077397a7e0e9088995d98,2026-09-19,1,ocr_boxes,2026-09-20,ocr_boxes-1,2026-09-20,parts-2026-09-20f,,,
https://experimentalistsanonymous.com/diy/Schematics/Fuzz%20and%20Fuzzy%20Noisemakers/EHX%20Little%20Big%20Muff.pdf,,schematic,pdf,200,9438,fdc531c029780c21d38cb44ccc430b84c93938f4a61e10ea7e7bebebbb44ecc2,2026-09-19,1,ocr_boxes,2026-09-20,ocr_boxes-1,2026-09-20,parts-2026-09-20f,,,
https://experimentalistsanonymous.com/diy/Schematics/Fuzz%20and%20Fuzzy%20Noisemakers/EHX%20Muff%20Fuzz.pdf,,schematic,pdf,200,6092,a2c93b998abdf164f31ce8700ac0aa949bb0008af8418048c085b8e77a1b3114,2026-09-19,1,ocr_boxes,2026-09-20,ocr_boxes-1,2026-09-20,parts-2026-09-20f,,,
https://experimentalistsanonymous.com/diy/Schematics/Fuzz%20and%20Fuzzy%20Noisemakers/EQ%20Fuzz.gif,,schematic,gif,200,5906,f0a3f9e0dcfe44d82a13a97fac352c9c8b3df3669367ad17f9ec246a5dfac4af,2026-09-19,1,ocr_boxes,2026-09-20,ocr_boxes-1,2026-09-20,parts-2026-09-20f,,,
https://experimentalistsanonymous.com/diy/Schematics/Fuzz%20and%20Fuzzy%20Noisemakers/ETI%20Octave%20Fuzz.pdf,,schematic,pdf,200,10220,389fdddcfd2f8c558c8258769f151b551ebc64247bb2010d4bdb664956fc9e58,2026-09-19,1,ocr_boxes,2026-09-20,ocr_boxes-1,2026-09-20,parts-2026-09-20f,,,
https://experimentalistsanonymous.com/diy/Schematics/Fuzz%20and%20Fuzzy%20Noisemakers/Electro%20Harmonix%20Fuzz%20Wah.gif,,schematic,gif,200,14336,922ae1f8ca46028307bfe5c68f888628e8434d1acd17c49e889b4a883617faa1,2026-09-19,1,ocr_boxes,2026-09-20,ocr_boxes-1,2026-09-20,parts-2026-09-20f,,,
https://experimentalistsanonymous.com/diy/Schematics/Fuzz%20and%20Fuzzy%20Noisemakers/Electro%20Harmonix%20IC%20Big%20Muff.gif,,schematic,gif,200,8434,2893997715cd54c65bd580172ef6a77b30a8808715f64bdd312dd2403a8f50e5,2026-09-19,1,ocr_boxes,2026-09-20,ocr_boxes-1,2026-09-20,parts-2026-09-20f,,,
https://experimentalistsanonymous.com/diy/Schematics/Fuzz%20and%20Fuzzy%20Noisemakers/Electro%20Harmonix%20Zipper.gif,,schematic,gif,200,49978,2cfa2b47b9f00710c7f021cdead76aa8d262b27a5b880f1a95cc7dd06262bd6f,2026-09-19,1,ocr_boxes,2026-09-20,ocr_boxes-1,2026-09-20,parts-2026-09-20f,,,
https://experimentalistsanonymous.com/diy/Schematics/Fuzz%20and%20Fuzzy%20Noisemakers/FET%20Fuzz.gif,,schematic,gif,200,3711,5aa6631b725fab8cf5f363af7bd5cdbe85a551883f30bd4fa21281d6aabaef11,2026-09-19,1,ocr_boxes,2026-09-20,ocr_boxes-1,2026-09-20,parts-2026-09-20f,,,
https://experimentalistsanonymous.com/diy/Schematics/Fuzz%20and%20Fuzzy%20Noisemakers/Fender%20Blender.pdf,,schematic,pdf,200,12354,9a9c1837d9030e056baba097f84d40d3878f22f55db31e06f59f3a8550db81d7,2026-09-19,1,ocr_boxes,2026-09-20,ocr_boxes-1,2026-09-20,parts-2026-09-20f,,,
https://experimentalistsanonymous.com/diy/Schematics/Fuzz%20and%20Fuzzy%20Noisemakers/Fox%20Fuzz%20Wah.gif,,schematic,gif,200,16101,c3fdfde7afa5bb4beeece333de92d3c01cf6b67b7aa49e732aa8912ac567b73e,2026-09-19,1,ocr_boxes,2026-09-20,ocr_boxes-1,2026-09-20,parts-2026-09-20f,,,
https://experimentalistsanonymous.com/diy/Schematics/Fuzz%20and%20Fuzzy%20Noisemakers/Fuzz%20001.jpg,,schematic,jpeg,200,54582,56f6c49c0da093b913d1a7932a521e195475827d8c44ed0885717e57a0d7b09e,2026-09-19,1,ocr_boxes,2026-09-20,ocr_boxes-1,2026-09-20,parts-2026-09-20f,,,
https://experimentalistsanonymous.com/diy/Schematics/Fuzz%20and%20Fuzzy%20Noisemakers/Fuzz%20Face%20Derivant%202.gif,,schematic,gif,200,8568,3bea3c4bc20d51fb65442f1708887474beadf38b1eb608d6ab0d4acb2d5fe775,2026-09-19,1,ocr_boxes,2026-09-20,ocr_boxes-1,2026-09-20,parts-2026-09-20f,,,
https://experimentalistsanonymous.com/diy/Schematics/Fuzz%20and%20Fuzzy%20Noisemakers/Fuzz%20Face%20Derivant.gif,,schematic,gif,200,10044,22582a2a6edd228f4505cc0ac7c905dce9b5b8230c947b55d453f59206922f70,2026-09-19,1,ocr_boxes,2026-09-20,ocr_boxes-1,2026-09-20,parts-2026-09-20f,,,
https://experimentalistsanonymous.com/diy/Schematics/Fuzz%20and%20Fuzzy%20Noisemakers/Fuzzface.pdf,,schematic,pdf,200,8210,cca4334ee75b94b9312c06f8cd0d970880ce309da626622ba43593ae53e66c87,2026-09-19,1,ocr_boxes,2026-09-20,ocr_boxes-1,2026-09-20,parts-2026-09-20f,,,
https://experimentalistsanonymous.com/diy/Schematics/Fuzz%20and%20Fuzzy%20Noisemakers/Fuzzstain.gif,,schematic,gif,200,13691,4b29aa2b774a7c948df821f058cdbbdb1494ac9296969500260e7849ac15ad60,2026-09-19,1,ocr_boxes,2026-09-20,ocr_boxes-1,2026-09-20,parts-2026-09-20f,,,
https://experimentalistsanonymous.com/diy/Schematics/Fuzz%20and%20Fuzzy%20Noisemakers/Fuzzwah%20face.gif,,schematic,gif,200,4311,9d2af2ca809fcf50d979cf315b974ad5702019848045816dcbea8b20814c49ce,2026-09-19,1,ocr_boxes,2026-09-20,ocr_boxes-1,2026-09-20,parts-2026-09-20f,,,
https://experimentalistsanonymous.com/diy/Schematics/Fuzz%20and%20Fuzzy%20Noisemakers/Goya%20Panther%20Fuzz.gif,,schematic,gif,200,17404,5ed5f5cc7f411abac32416c34c1ca15522b729f6180aa212eb030a07806766f0,2026-09-19,1,ocr_boxes,2026-09-20,ocr_boxes-1,2026-09-20,parts-2026-09-20f,,,
https://experimentalistsanonymous.com/diy/Schematics/Fuzz%20and%20Fuzzy%20Noisemakers/Green%20Ringer.pdf,,schematic,pdf,200,7278,ea1c0d927afcb203af5d5d3ad56222b01a851d1810311a914b7b44b2a7d6196d,2026-09-19,1,ocr_boxes,2026-09-20,ocr_boxes-1,2026-09-20,parts-2026-09-20f,,,
https://experimentalistsanonymous.com/diy/Schematics/Fuzz%20and%20Fuzzy%20Noisemakers/Gretsch%20Controfuzz.pdf,,schematic,pdf,200,7011,e8a24e7caa35df0cb8c5abfb3c1ddfe7980a7efafde649504f65684c97c4cc83,2026-09-19,1,ocr_boxes,2026-09-20,ocr_boxes-1,2026-09-20,parts-2026-09-20f,,,
https://experimentalistsanonymous.com/diy/Schematics/Fuzz%20and%20Fuzzy%20Noisemakers/Guitar%20Effects%20Unit%20Octave%20Fuzz.pdf,,schematic,pdf,200,8448,1dac5158c428770bbdfcd3605381bc4fc5b0d945a40f416023f2b2684f6ee4cc,2026-09-19,1,ocr_boxes,2026-09-20,ocr_boxes-1,2026-09-20,parts-2026-09-20f,,,
https://experimentalistsanonymous.com/diy/Schematics/Fuzz%20and%20Fuzzy%20Noisemakers/Heathkit%20TA-28.gif,,schematic,gif,200,9723,717bc0b6f292fab2344a7de7ad23ce6be472847e2e16d73cebba916b0acf3c60,2026-09-19,1,ocr_boxes,2026-09-20,ocr_boxes-1,2026-09-20,parts-2026-09-20f,,,
https://experimentalistsanonymous.com/diy/Schematics/Fuzz%20and%20Fuzzy%20Noisemakers/HouseFly.png,,schematic,png,200,19949,e687bc741d9988e00f740680b035ba132449fe5b674d0377deada16644ec1f7b,2026-09-19,1,ocr_boxes,2026-09-20,ocr_boxes-1,2026-09-20,parts-2026-09-20f,,,
https://experimentalistsanonymous.com/diy/Schematics/Fuzz%20and%20Fuzzy%20Noisemakers/Ibanez%20FZ5.gif,,schematic,gif,200,18412,c8a3d578eed518afc50031dcacc32400c243a1d9d5e471b8f4ee8fc06badc4f3,2026-09-19,1,ocr_boxes,2026-09-20,ocr_boxes-1,2026-09-20,parts-2026-09-20f,,,
https://experimentalistsanonymous.com/diy/Schematics/Fuzz%20and%20Fuzzy%20Noisemakers/Ibanez%20Standard%20Wau%20Fuzz.gif,,schematic,gif,200,29870,42b0067e18370cc0f7c757db596828710286602484ea892e89f2ed2534b068b8,2026-09-19,1,ocr_boxes,2026-09-20,ocr_boxes-1,2026-09-20,parts-2026-09-20f,,,
https://experimentalistsanonymous.com/diy/Schematics/Fuzz%20and%20Fuzzy%20Noisemakers/JSH%20Fuzz.pdf,,schematic,pdf,200,6014,a74a3c5cef7364a2791301afc82786de63673d7a350a0ebeacde859027ae649f,2026-09-19,1,ocr_boxes,2026-09-20,ocr_boxes-1,2026-09-20,parts-2026-09-20f,,,
https://experimentalistsanonymous.com/diy/Schematics/Fuzz%20and%20Fuzzy%20Noisemakers/Jimi%20Hendrix%20Fuzz%20Face.pdf,,schematic,pdf,200,6648,34e03849a2fa2f8e0c6e519f773296f6e94a6afa8c26ae9fbb13dc683e782d9a,2026-09-19,1,ocr_boxes,2026-09-20,ocr_boxes-1,2026-09-20,parts-2026-09-20f,,,
https://experimentalistsanonymous.com/diy/Schematics/Fuzz%20and%20Fuzzy%20Noisemakers/Jordan%20Bosstone.gif,,schematic,gif,200,60395,773c525f681d8abd6e0ce55b7c8f6f40e52131a972dd6e32f5ad4bd6c0ae9b01,2026-09-19,1,ocr_boxes,2026-09-20,ocr_boxes-1,2026-09-20,parts-2026-09-20f,,,
https://experimentalistsanonymous.com/diy/Schematics/Fuzz%20and%20Fuzzy%20Noisemakers/Maestro%20Brassmaster.gif,,schematic,gif,200,13794,d91ff7319ec1dbf79cf5f4230eccef274aee56ca04a576f15851b52a3de3640e,2026-09-19,1,ocr_boxes,2026-09-20,ocr_boxes-1,2026-09-20,parts-2026-09-20f,,,
https://experimentalistsanonymous.com/diy/Schematics/Fuzz%20and%20Fuzzy%20Noisemakers/Maestro%20FZ-1%20and%20FZ-1a.GIF,,schematic,gif,200,11228,2b27e4a8dcfb0525fd808b5a6cb9d08955e81bf62c656488eb411ec787408890,2026-09-19,1,ocr_boxes,2026-09-20,ocr_boxes-1,2026-09-20,parts-2026-09-20f,,,
https://experimentalistsanonymous.com/diy/Schematics/Fuzz%20and%20Fuzzy%20Noisemakers/Maestro%20Fuzz.pdf,,schematic,pdf,200,7274,e0e2cfa6f3c6a92174ec03c9d2c6f14ffc4587e9c22e584da892a031b0d1d1ed,2026-09-19,1,ocr_boxes,2026-09-20,ocr_boxes-1,2026-09-20,parts-2026-09-20f,,,
https://experimentalistsanonymous.com/diy/Schematics/Fuzz%20and%20Fuzzy%20Noisemakers/Mosrite%20FeedRite.JPG,,schematic,jpeg,200,31440,be22eb4e49205d9a8196d2f3a94786750a016175cac37998eeb763501717035a,2026-09-19,1,ocr_boxes,2026-09-20,ocr_boxes-1,2026-09-20,parts-2026-09-20f,,,
https://experimentalistsanonymous.com/diy/Schematics/Fuzz%20and%20Fuzzy%20Noisemakers/Mosrite%20Fuzz-Rite.pdf,,schematic,pdf,200,4907,17e6b93d41d17997cebf5d2d9672faa93c5d1aa329458a95a9a9b1bfa3278032,2026-09-19,1,ocr_boxes,2026-09-20,ocr_boxes-1,2026-09-20,parts-2026-09-20f,,,
https://experimentalistsanonymous.com/diy/Schematics/Fuzz%20and%20Fuzzy%20Noisemakers/NN%20Classic%20Fuzz%20Boost.gif,,schematic,gif,200,3504,dc9ea762490c7ad08bf05ec981fae62e57ccbeaf26ff05f2a55cc580d4fa1f8c,2026-09-19,1,ocr_boxes,2026-09-20,ocr_boxes-1,2026-09-20,parts-2026-09-20f,,,
https://experimentalistsanonymous.com/diy/Schematics/Fuzz%20and%20Fuzzy%20Noisemakers/NN%20Classic%20Fuzz.gif,,schematic,gif,200,4028,24df6cffe2e7513c1a0e6bef4d686ef674f49fee9b63c58c0aa37f28f2142d78,2026-09-19,1,ocr_boxes,2026-09-20,ocr_boxes-1,2026-09-20,parts-2026-09-20f,,,
https://experimentalistsanonymous.com/diy/Schematics/Fuzz%20and%20Fuzzy%20Noisemakers/Nazo%20Fuzz.gif,,schematic,gif,200,135800,9646b696d91f1860bbc36e27fa7f26d105c2280debb0c46f3069bb475125b6e0,2026-09-19,1,ocr_boxes,2026-09-20,ocr_boxes-1,2026-09-20,parts-2026-09-20f,,,
https://experimentalistsanonymous.com/diy/Schematics/Fuzz%20and%20Fuzzy%20Noisemakers/Nobels%20FU-Z.pdf,,schematic,pdf,200,30863,4d19df4c6283b9baa714da646da2aec319893bf6724c81207d97548d7155d0a5,2026-09-19,1,ocr_boxes,2026-09-20,ocr_boxes-1,2026-09-20,parts-2026-09-20f,,,
https://experimentalistsanonymous.com/diy/Schematics/Fuzz%20and%20Fuzzy%20Noisemakers/Octave%20Doubling%20Fuzz.gif,,schematic,gif,200,10369,126a2c26046202e20a0cb06fa17ce756f9676c00c49a3cfa2cf40b69f9947cf5,2026-09-19,1,ocr_boxes,2026-09-20,ocr_boxes-1,2026-09-20,parts-2026-09-20f,,,
https://experimentalistsanonymous.com/diy/Schematics/Fuzz%20and%20Fuzzy%20Noisemakers/PWM.gif,,schematic,gif,200,8628,d5dc8f24d08879ec564018ac4ccd73258a000486c6c5b3ef10783a234837e988,2026-09-19,1,ocr_boxes,2026-09-20,ocr_boxes-1,2026-09-20,parts-2026-09-20f,,,
https://experimentalistsanonymous.com/diy/Schematics/Fuzz%20and%20Fuzzy%20Noisemakers/Parallel%20Universe%20Schematic%20(old).gif,,schematic,gif,200,14034,943af488a2cbef241ea52646cdabaa1c05357cfa73b063c857fcea774cecd7ad,2026-09-19,1,ocr_boxes,2026-09-20,ocr_boxes-1,2026-09-20,parts-2026-09-20f,,,
https://experimentalistsanonymous.com/diy/Schematics/Fuzz%20and%20Fuzzy%20Noisemakers/Parallel%20Universe%20Schematic.gif,,schematic,gif,200,93658,59235fcaf7fc74b473a2169b2cedf373cd857bf8911bf69b34f13cdac6fe7b1e,2026-09-19,1,ocr_boxes,2026-09-20,ocr_boxes-1,2026-09-20,parts-2026-09-20f,,,
https://experimentalistsanonymous.com/diy/Schematics/Fuzz%20and%20Fuzzy%20Noisemakers/Pushme%20Pullyou.gif,,schematic,gif,200,5123,cc100b80447fdb5fee87cb207fe910cb9259f73ffaec6a187e3f48ea93fb2dee,2026-09-19,1,ocr_boxes,2026-09-20,ocr_boxes-1,2026-09-20,parts-2026-09-20f,,,
https://experimentalistsanonymous.com/diy/Schematics/Fuzz%20and%20Fuzzy%20Noisemakers/Random%20Number%20Generator.jpg,,schematic,jpeg,200,41325,a5f86b4514b9b87f528921d3ce84e0ce2cdcc7ac9c9349176447206f30634b7d,2026-09-19,1,ocr_boxes,2026-09-20,ocr_boxes-1,2026-09-20,parts-2026-09-20f,,,
https://experimentalistsanonymous.com/diy/Schematics/Fuzz%20and%20Fuzzy%20Noisemakers/Rex%20Fuzz.gif,,schematic,gif,200,7948,e2fb85c8c271c86f43505b9bbc99979c9ea70f0c0f3ec02ca0279abfecc6de4f,2026-09-19,1,ocr_boxes,2026-09-20,ocr_boxes-1,2026-09-20,parts-2026-09-20f,,,
https://experimentalistsanonymous.com/diy/Schematics/Fuzz%20and%20Fuzzy%20Noisemakers/Roger%20Mayer%20Axis%20Fuzz.gif,,schematic,gif,200,5601,5b30a6ea9ac8b45d9cfaef4fe8222f2ee441b62c2af86ce891056a84c6bc6bee,2026-09-19,1,ocr_boxes,2026-09-20,ocr_boxes-1,2026-09-20,parts-2026-09-20f,,,
https://experimentalistsanonymous.com/diy/Schematics/Fuzz%20and%20Fuzzy%20Noisemakers/Roger%20Mayer%20Classic%20Fuzz.gif,,schematic,gif,200,5407,82365923b1b1b72d1b1ab99879b758376036bf0048bb7267f3d1329873f1dcb2,2026-09-19,1,ocr_boxes,2026-09-20,ocr_boxes-1,2026-09-20,parts-2026-09-20f,,,
https://experimentalistsanonymous.com/diy/Schematics/Fuzz%20and%20Fuzzy%20Noisemakers/Roger%20Mayer%20Octavia%202.gif,,schematic,gif,200,75452,6275fb7daebc6c4f460812dd242349a2a2725cae18f6a6b203648cf3943adebd,2026-09-19,1,ocr_boxes,2026-09-20,ocr_boxes-1,2026-09-20,parts-2026-09-20f,,,
https://experimentalistsanonymous.com/diy/Schematics/Fuzz%20and%20Fuzzy%20Noisemakers/Roger%20Mayer%20Octavia.gif,,schematic,gif,200,10696,5910be825026de7747838317c53381c3d0d79ecee1b48b9000dc5404d2b596d0,2026-09-19,1,ocr_boxes,2026-09-20,ocr_boxes-1,2026-09-20,parts-2026-09-20f,,,
https://experimentalistsanonymous.com/diy/Schematics/Fuzz%20and%20Fuzzy%20Noisemakers/Roger%20Mayer%20Voodoo-1.gif,,schematic,gif,200,8367,7d434a227bc35f0d3e6ea2821a246f2752834a1123084b3db47b73a642a23fb1,2026-09-19,1,ocr_boxes,2026-09-20,ocr_boxes-1,2026-09-20,parts-2026-09-20f,,,
https://experimentalistsanonymous.com/diy/Schematics/Fuzz%20and%20Fuzzy%20Noisemakers/Roland%20Double%20Beat%20Fuzzwah.pdf,,schematic,pdf,200,11018,f5455a18a2ec4ba26531f0481e863c9e67888fdd7ef8cb64bf50f8919bc21969,2026-09-19,1,ocr_boxes,2026-09-20,ocr_boxes-1,2026-09-20,parts-2026-09-20f,,,
https://experimentalistsanonymous.com/diy/Schematics/Fuzz%20and%20Fuzzy%20Noisemakers/Shin-Ei%20Fuzz%20Box.gif,,schematic,gif,200,14406,086c2fa3ce42bfa5d64072af55599bdd70cdaa7f59a1926115a0910e38068094,2026-09-19,1,ocr_boxes,2026-09-20,ocr_boxes-1,2026-09-20,parts-2026-09-20f,,,
https://experimentalistsanonymous.com/diy/Schematics/Fuzz%20and%20Fuzzy%20Noisemakers/Shin-ei%20Fuzz%20Wah.gif,,schematic,gif,200,49764,ea5d73261a24a125c8a99432627726a5397bf0bab594384c415f3de0e35fedfe,2026-09-19,1,ocr_boxes,2026-09-20,ocr_boxes-1,2026-09-20,parts-2026-09-20f,,,
https://experimentalistsanonymous.com/diy/Schematics/Fuzz%20and%20Fuzzy%20Noisemakers/Tube%20Sound%20Fuzz%20Modified.pdf,,schematic,pdf,200,8116,23a1824333e347eff945514af7f2560b9387a36f042f2e04da18f59fb759e337,2026-09-19,1,ocr_boxes,2026-09-20,ocr_boxes-1,2026-09-20,parts-2026-09-20f,,,
https://experimentalistsanonymous.com/diy/Schematics/Fuzz%20and%20Fuzzy%20Noisemakers/Tube%20Sound%20Fuzz.gif,,schematic,gif,200,8504,0b530b3aca4954cfecfc55547d4a5e0c35525381858615c82e189b2637e11848,2026-09-19,1,ocr_boxes,2026-09-20,ocr_boxes-1,2026-09-20,parts-2026-09-20f,,,
https://experimentalistsanonymous.com/diy/Schematics/Fuzz%20and%20Fuzzy%20Noisemakers/Tycobrahe%20Octavia.gif,,schematic,gif,200,10509,9b356b6d6999851917cccb26abc49eb24230a1c72674ff41bc0059611f0891ff,2026-09-19,1,ocr_boxes,2026-09-20,ocr_boxes-1,2026-09-20,parts-2026-09-20f,,,
https://experimentalistsanonymous.com/diy/Schematics/Fuzz%20and%20Fuzzy%20Noisemakers/Uglyface.gif,,schematic,gif,200,10173,f7e3c35bbecf903699f8a506eb0746ab79fdbb9fce6ae03e4e5130193d71ce20,2026-09-19,1,ocr_boxes,2026-09-20,ocr_boxes-1,2026-09-20,parts-2026-09-20f,,,
https://experimentalistsanonymous.com/diy/Schematics/Fuzz%20and%20Fuzzy%20Noisemakers/Univox%20Super%20Fuzz.gif,,schematic,gif,200,13813,f6b6bad2b12d82e81240241d44ca611546e79d7e99a1b632e5eaec2ede2a0a42,2026-09-19,1,ocr_boxes,2026-09-20,ocr_boxes-1,2026-09-20,parts-2026-09-20f,,,
https://experimentalistsanonymous.com/diy/Schematics/Fuzz%20and%20Fuzzy%20Noisemakers/Univox%20Superfuzz.gif,,schematic,gif,200,12030,2e762f6423bb8467b08cfeaf9cdb3524f5f5af9c81c4467ed53167a42881e1e6,2026-09-19,1,ocr_boxes,2026-09-20,ocr_boxes-1,2026-09-20,parts-2026-09-20f,,,
https://experimentalistsanonymous.com/diy/Schematics/Fuzz%20and%20Fuzzy%20Noisemakers/Vox%20Tone%20Bender.pdf,,schematic,pdf,200,5064,f5845e6e6ba374198aab16dd0f6e30a0e1b18ff4831c717095179d9117e47c95,2026-09-19,1,ocr_boxes,2026-09-20,ocr_boxes-1,2026-09-20,parts-2026-09-20f,,,
https://experimentalistsanonymous.com/diy/Schematics/Fuzz%20and%20Fuzzy%20Noisemakers/jawari.gif,,schematic,gif,200,8466,956aa48057476385af912d28ba10f9675cc3bad392401da2ab7a93c320b2f2c1,2026-09-19,1,ocr_boxes,2026-09-20,ocr_boxes-1,2026-09-20,parts-2026-09-20f,,,
https://experimentalistsanonymous.com/diy/Schematics/Guitar%20Synth%20and%20Misc%20Signal%20Shapers/Autoswell%20Page%201.jpg,,schematic,jpeg,200,243727,52a48f4f3f2b1f3365e979fbd84c490ad37b39839a30eae4a3ef2cae02512a3e,2026-09-19,1,ocr_boxes,2026-09-20,ocr_boxes-1,2026-09-20,parts-2026-09-20f,,,
https://experimentalistsanonymous.com/diy/Schematics/Guitar%20Synth%20and%20Misc%20Signal%20Shapers/Autoswell%20Page%202.jpg,,schematic,jpeg,200,249459,36a4676001f455d486a6a258f080cf8415f7f213374647a9c8d88a601bb5dccd,2026-09-19,1,ocr_boxes,2026-09-20,ocr_boxes-1,2026-09-20,parts-2026-09-20f,,,
https://experimentalistsanonymous.com/diy/Schematics/Guitar%20Synth%20and%20Misc%20Signal%20Shapers/Autoswell%20Page%203.jpg,,schematic,jpeg,200,161445,a84a9af56fc5fb35ab163c94d32b5fbdeb087bbc4abd29053472dcc73884ce88,2026-09-19,1,ocr_boxes,2026-09-20,ocr_boxes-1,2026-09-20,parts-2026-09-20f,,,
https://experimentalistsanonymous.com/diy/Schematics/Guitar%20Synth%20and%20Misc%20Signal%20Shapers/BOSS%20SG-1%202.pdf,,schematic,pdf,200,13462,00c58ee53c4e998a01854f149f7b70c31ac0a6cbff09a54427dbfc4cd13f5877,2026-09-19,1,ocr_boxes,2026-09-20,ocr_boxes-1,2026-09-20,parts-2026-09-20f,,,
https://experimentalistsanonymous.com/diy/Schematics/Guitar%20Synth%20and%20Misc%20Signal%20Shapers/BOSS%20SG1.jpg,,schematic,jpeg,200,289962,dc671df5fc4621bffebf4f0dd72e7dc74624c9c4af876086b94a918294ed9a22,2026-09-19,1,ocr_boxes,2026-09-20,ocr_boxes-1,2026-09-20,parts-2026-09-20f,,,
https://experimentalistsanonymous.com/diy/Schematics/Guitar%20Synth%20and%20Misc%20Signal%20Shapers/EHX%20Bass%20Microsynth.pdf,,schematic,pdf,200,119486,b35ee39da19007c20c95915d421d471fe7d1e42ab2f041aa0c3cbf986853b0c6,2026-09-19,6,ocr_boxes,2026-09-20,ocr_boxes-1,2026-09-20,parts-2026-09-20f,,,
https://experimentalistsanonymous.com/diy/Schematics/Guitar%20Synth%20and%20Misc%20Signal%20Shapers/EMU%20Waveshaper.gif,,schematic,gif,200,205770,c391b5a61d5861aff25e565a6b213213f40759c186f73625fe46f4d173885262,2026-09-19,1,ocr_boxes,2026-09-20,ocr_boxes-1,2026-09-20,parts-2026-09-20f,,,
https://experimentalistsanonymous.com/diy/Schematics/Guitar%20Synth%20and%20Misc%20Signal%20Shapers/Electro%20Harmonix%20Bass%20Synthesizer.jpg,,schematic,jpeg,200,118997,fd01ddb252023cb1236aa45d999a61b697a1f180b68370ffc91661bc1831ba09,2026-09-19,1,ocr_boxes,2026-09-20,ocr_boxes-1,2026-09-20,parts-2026-09-20f,,,
https://experimentalistsanonymous.com/diy/Schematics/Guitar%20Synth%20and%20Misc%20Signal%20Shapers/Electro%20Harmonix%20Guitar%20Synth.gif,,schematic,gif,200,178159,4ab3fb78013d91e4f95ab1778476214a196ef34603e1d06b1ac9653ade3dee01,2026-09-19,1,ocr_boxes,2026-09-20,ocr_boxes-1,2026-09-20,parts-2026-09-20f,,,
https://experimentalistsanonymous.com/diy/Schematics/Guitar%20Synth%20and%20Misc%20Signal%20Shapers/Electro%20Harmonix%20Micro%20Synthesizer.pdf,,schematic,pdf,200,70761,fe4fee1f7fa2e1544c1dcf3939690ab7d903f35ff07c49f10962adafedb45229,2026-09-19,3,ocr_boxes,2026-09-20,ocr_boxes-1,2026-09-20,parts-2026-09-20f,,,
https://experimentalistsanonymous.com/diy/Schematics/Guitar%20Synth%20and%20Misc%20Signal%20Shapers/Envelope%20Modification%20Unit.pdf,,schematic,pdf,200,217712,6d79a361ae35022c5f466bd6bfa2620a4295aa5d5def36d17c51fd1930eceb0b,2026-09-19,3,ocr_boxes,2026-09-20,ocr_boxes-1,2026-09-20,parts-2026-09-20f,,,
https://experimentalistsanonymous.com/diy/Schematics/Guitar%20Synth%20and%20Misc%20Signal%20Shapers/Guitar%20to%20synth%20interface.pdf,,schematic,pdf,200,1572527,c32a296a2283d29f70b73762c23ecf240df642eb3801b807052cc50bada16195,2026-09-19,7,ocr_boxes,2026-09-20,ocr_boxes-1,2026-09-20,parts-2026-09-20f,,,
https://experimentalistsanonymous.com/diy/Schematics/Guitar%20Synth%20and%20Misc%20Signal%20Shapers/Maestro%20Brassmaster.gif,,schematic,gif,200,13794,d91ff7319ec1dbf79cf5f4230eccef274aee56ca04a576f15851b52a3de3640e,2026-09-19,1,ocr_boxes,2026-09-20,ocr_boxes-1,2026-09-20,parts-2026-09-20f,,,
https://experimentalistsanonymous.com/diy/Schematics/Guitar%20Synth%20and%20Misc%20Signal%20Shapers/Maestro%20Envelope%20Modifier.jpg,,schematic,jpeg,200,175566,544e47816d48580df3037586cc575e64dbb791aafee00929a2f80aeba1abd07b,2026-09-19,1,ocr_boxes,2026-09-20,ocr_boxes-1,2026-09-20,parts-2026-09-20f,,,
https://experimentalistsanonymous.com/diy/Schematics/Guitar%20Synth%20and%20Misc%20Signal%20Shapers/Mini%20Synth%20like%20Super%20DF-2%20Page%201.jpg,,schematic,jpeg,200,185180,a912c76b0c6b461a061ebdfbed756d8abe001fbd0804f55c22fa991ae87b3303,2026-09-19,1,ocr_boxes,2026-09-20,ocr_boxes-1,2026-09-20,parts-2026-09-20f,,,
https://experimentalistsanonymous.com/diy/Schematics/Guitar%20Synth%20and%20Misc%20Signal%20Shapers/Mini%20Synth%20like%20Super%20DF-2%20Page%202.jpg,,schematic,jpeg,200,234125,daaebe91156f511acf44e3c374213b2149d617188661c6b32b4e08be439ddcd8,2026-09-19,1,ocr_boxes,2026-09-20,ocr_boxes-1,2026-09-20,parts-2026-09-20f,,,
https://experimentalistsanonymous.com/diy/Schematics/Guitar%20Synth%20and%20Misc%20Signal%20Shapers/Mini%20Synth%20like%20Super%20DF-2%20Page%203.jpg,,schematic,jpeg,200,293996,d34c032fab0a8b47c738fa82ef91e550ec332cd0adaa6cb7386002d9a6709b08,2026-09-19,1,ocr_boxes,2026-09-20,ocr_boxes-1,2026-09-20,parts-2026-09-20f,,,
https://experimentalistsanonymous.com/diy/Schematics/Guitar%20Synth%20and%20Misc%20Signal%20Shapers/Mini%20Synth%20like%20Super%20DF-2%20Page%204.jpg,,schematic,jpeg,200,308283,f6decb9fa8047b3c7a663344f038bd13f4b5a0e3c8afef620a4ac666480cff6a,2026-09-19,1,ocr_boxes,2026-09-20,ocr_boxes-1,2026-09-20,parts-2026-09-20f,,,
https://experimentalistsanonymous.com/diy/Schematics/Guitar%20Synth%20and%20Misc%20Signal%20Shapers/Mini%20Synth%20like%20Super%20DF-2%20Page%205.jpg,,schematic,jpeg,200,301343,7f8447a29ccc06d9356f001d49c9d14639f92a836dcdfedc606cb4097e90fe98,2026-09-19,1,ocr_boxes,2026-09-20,ocr_boxes-1,2026-09-20,parts-2026-09-20f,,,
https://experimentalistsanonymous.com/diy/Schematics/Guitar%20Synth%20and%20Misc%20Signal%20Shapers/Mini%20Synth%20like%20Super%20DF-2%20Page%206.jpg,,schematic,jpeg,200,341120,f5b3ba74a791a24a745d8fdf4b41ef3cc7cc6f2bfc074b8ca579563bfc18507c,2026-09-19,1,ocr_boxes,2026-09-20,ocr_boxes-1,2026-09-20,parts-2026-09-20f,,,
https://experimentalistsanonymous.com/diy/Schematics/Guitar%20Synth%20and%20Misc%20Signal%20Shapers/Mini%20Synth%20like%20Super%20DF-2%20Page%207.jpg,,schematic,jpeg,200,295084,5a7e31ef6215259f7f12b2e0698c11a853ac99e56d9bddaee6891a294d083828,2026-09-19,1,ocr_boxes,2026-09-20,ocr_boxes-1,2026-09-20,parts-2026-09-20f,,,
https://experimentalistsanonymous.com/diy/Schematics/Guitar%20Synth%20and%20Misc%20Signal%20Shapers/Multi%20Stage%20Waveshaper.jpg,,schematic,jpeg,200,54451,0d06a3b3641827918553ce4b50ef4fcd2c59c568773c8557971da8c2e3829aaf,2026-09-19,1,ocr_boxes,2026-09-20,ocr_boxes-1,2026-09-20,parts-2026-09-20f,,,
https://experimentalistsanonymous.com/diy/Schematics/Guitar%20Synth%20and%20Misc%20Signal%20Shapers/Obesifier%20Waveform%20Animator.pdf,,schematic,pdf,200,38524,db11b7b3f63696d4450010034f1491205a4c07ac5f12a6f2290088493ef4977b,2026-09-19,8,ocr_boxes,2026-09-20,ocr_boxes-1,2026-09-20,parts-2026-09-20f,,,
https://experimentalistsanonymous.com/diy/Schematics/Guitar%20Synth%20and%20Misc%20Signal%20Shapers/Op%20amp%20feedbacker.jpg,,schematic,jpeg,200,74275,f848237bbb31b50cc25b0d6a59264b7f6b1a2ccd6ff2507b055d9538e81b506a,2026-09-19,1,ocr_boxes,2026-09-20,ocr_boxes-1,2026-09-20,parts-2026-09-20f,,,
https://experimentalistsanonymous.com/diy/Schematics/Guitar%20Synth%20and%20Misc%20Signal%20Shapers/Paia%202720-14%20Sine%20Converter%20and%20PWM.gif,,schematic,gif,200,16346,810d77eb3e9842d609c0d0c749f4e89d3428010e72fddde7ca83ffa1c0a203ff,2026-09-19,1,ocr_boxes,2026-09-20,ocr_boxes-1,2026-09-20,parts-2026-09-20f,,,
https://experimentalistsanonymous.com/diy/Schematics/Guitar%20Synth%20and%20Misc%20Signal%20Shapers/Saw%20Waveshaper.gif,,schematic,gif,200,14968,9788e86978de1bab0fcbbf7200628b9cea02de39992133b5650af15a0b540d22,2026-09-19,1,ocr_boxes,2026-09-20,ocr_boxes-1,2026-09-20,parts-2026-09-20f,,,
https://experimentalistsanonymous.com/diy/Schematics/Guitar%20Synth%20and%20Misc%20Signal%20Shapers/Saw%20or%20Sine%20to%20Pulse.gif,,schematic,gif,200,5280,535627bd9d953ca1ce77c24f61e072f18ca305b2f0f94a519d70094649f8dc73,2026-09-19,1,ocr_boxes,2026-09-20,ocr_boxes-1,2026-09-20,parts-2026-09-20f,,,
https://experimentalistsanonymous.com/diy/Schematics/Guitar%20Synth%20and%20Misc%20Signal%20Shapers/Saw%20to%20Triangle%20Converter%202.gif,,schematic,gif,200,3944,478ad00c86bf5f11d77672997d4ecd371c8fea8cdac952345ffa4bc4d03f4d09,2026-09-19,1,ocr_boxes,2026-09-20,ocr_boxes-1,2026-09-20,parts-2026-09-20f,,,
https://experimentalistsanonymous.com/diy/Schematics/Guitar%20Synth%20and%20Misc%20Signal%20Shapers/Saw%20to%20Triangle%20Converter%203.gif,,schematic,gif,200,5036,242e01bfe7a1257e6e704bc7662a771a72bbff20277602c10085507a334f1252,2026-09-19,1,ocr_boxes,2026-09-20,ocr_boxes-1,2026-09-20,parts-2026-09-20f,,,
https://experimentalistsanonymous.com/diy/Schematics/Guitar%20Synth%20and%20Misc%20Signal%20Shapers/Saw%20to%20Triangle%20Converter.gif,,schematic,gif,200,6462,d5e01b423a6a96951084400bc71dae35f2590888d4315da90eca253268c76f3a,2026-09-19,1,ocr_boxes,2026-09-20,ocr_boxes-1,2026-09-20,parts-2026-09-20f,,,
https://experimentalistsanonymous.com/diy/Schematics/Guitar%20Synth%20and%20Misc%20Signal%20Shapers/Signal%20Shaper.jpg,,schematic,jpeg,200,35751,48fb8160e7f79693b50cb711d83fa169468bde0b737a455828a879f6712bfd7e,2026-09-19,1,ocr_boxes,2026-09-20,ocr_boxes-1,2026-09-20,parts-2026-09-20f,,,
https://experimentalistsanonymous.com/diy/Schematics/Guitar%20Synth%20and%20Misc%20Signal%20Shapers/Sine%20to%20Pulse.gif,,schematic,gif,200,4738,73a4766ff863267621dd6e1ae381eac8939d0ad434326ec7b697d05e561a9a4a,2026-09-19,1,ocr_boxes,2026-09-20,ocr_boxes-1,2026-09-20,parts-2026-09-20f,,,
https://experimentalistsanonymous.com/diy/Schematics/Guitar%20Synth%20and%20Misc%20Signal%20Shapers/Swell%20Device.gif,,schematic,gif,200,5702,2e8f6eefee4145e8e6ce441667da8b9e39dc4d61778b90baec23ebc71801fddf,2026-09-19,1,ocr_boxes,2026-09-20,ocr_boxes-1,2026-09-20,parts-2026-09-20f,,,
https://experimentalistsanonymous.com/diy/Schematics/Guitar%20Synth%20and%20Misc%20Signal%20Shapers/Waveform%20Multiplier.pdf,,schematic,pdf,200,527968,461a507a306984b989d2b476cd8243008e7c4f32b18f2b1d0840541c1a499894,2026-09-19,4,ocr_boxes,2026-09-20,ocr_boxes-1,2026-09-20,parts-2026-09-20f,,,
https://experimentalistsanonymous.com/diy/Schematics/Guitar%20Synth%20and%20Misc%20Signal%20Shapers/Yamaha%20CS-80.pdf,,schematic,pdf,200,483632,5ec572f3032373765e70811bff8b9076dff017be46f4d6555ccad0b1f94e97ae,2026-09-19,,ocr_boxes,2026-09-20,ocr_boxes-1,2026-09-20,parts-2026-09-20f,,,
https://experimentalistsanonymous.com/diy/Schematics/MIDI/EFM%20Economy%20Midi%20to%20CV.pdf,,schematic,pdf,200,910392,69fe350412ee8b5fbd1745dcf16d92dfec984f78ea2adba9d18ef3a62599a416,2026-09-19,5,ocr_boxes,2026-09-20,ocr_boxes-1,2026-09-20,parts-2026-09-20f,,,
https://experimentalistsanonymous.com/diy/Schematics/MIDI/EFM%20Midi%20to%20Gate.pdf,,schematic,pdf,200,513410,b9027b85f4013d55a4438c1f10345a2a73f069e069f2a915643b7a9ed666e75b,2026-09-19,12,ocr_boxes,2026-09-20,ocr_boxes-1,2026-09-20,parts-2026-09-20f,,,
https://experimentalistsanonymous.com/diy/Schematics/MIDI/MIDI%20Thru%20circuit.gif,,schematic,gif,200,2687,2901ee8ea46f8d6e6edc98505efaa7704ab6eea632876ffe0822acf1e0ede046,2026-09-19,1,ocr_boxes,2026-09-20,ocr_boxes-1,2026-09-20,parts-2026-09-20f,,,
https://experimentalistsanonymous.com/diy/Schematics/Miscellaneous/All%20Electro-Harmonix%20Effects.pdf,,schematic,pdf,200,7719217,41207c84e0906828459c49ad8f99e928b644047280ff7a9d2788ca855212cfbd,2026-09-19,141,ocr_boxes,2026-09-20,ocr_boxes-1,2026-09-20,parts-2026-09-20f,,,
https://experimentalistsanonymous.com/diy/Schematics/Miscellaneous/How%20To%20Build%20Your%20Own%20Guitar%20Effects.PDF,,schematic,pdf,200,118176,348b9ae360840494fda1d73f88e38bcf57ed34185eb3633bd2813b34cdb245ca,2026-09-19,8,ocr_boxes,2026-09-20,ocr_boxes-1,2026-09-20,parts-2026-09-20f,,,
https://experimentalistsanonymous.com/diy/Schematics/Miscellaneous/Moog%20956%20Ribbon%20Controller.jpg,,schematic,jpeg,200,74757,e11f66b1815cdb18c2be505b90ac13446c893f3599685a20875fad90f9b6e78e,2026-09-19,1,ocr_boxes,2026-09-20,ocr_boxes-1,2026-09-20,parts-2026-09-20f,,,
https://experimentalistsanonymous.com/diy/Schematics/Miscellaneous/Moog%20956.jpg,,schematic,jpeg,200,74757,e11f66b1815cdb18c2be505b90ac13446c893f3599685a20875fad90f9b6e78e,2026-09-19,1,ocr_boxes,2026-09-20,ocr_boxes-1,2026-09-20,parts-2026-09-20f,,,
https://experimentalistsanonymous.com/diy/Schematics/Miscellaneous/Op%20Amps%20for%20Everyone.pdf,,schematic,pdf,200,2061665,5a1f15e5901a870e66a5ef098b505b13620ac6fbd89ec373db5cdf4df7c05da5,2026-09-19,464,ocr_boxes,2026-09-20,ocr_boxes-1,2026-09-20,parts-2026-09-20f,,,
https://experimentalistsanonymous.com/diy/Schematics/Miscellaneous/Op%20amps%20explained.pdf,,schematic,pdf,200,152686,c975e3e69fb2fcd2131a9371711094742c8f57ee1b33fd839c03eae0ce8fd98c,2026-09-19,8,ocr_boxes,2026-09-20,ocr_boxes-1,2026-09-20,parts-2026-09-20f,,,
https://experimentalistsanonymous.com/diy/Schematics/Miscellaneous/Peak%20LED%20circuit.gif,,schematic,gif,200,4118,c4dc92d1caa1ba5314eb324a1aee25de214e8969877a7c14097e84f6f29f4ace,2026-09-19,1,ocr_boxes,2026-09-20,ocr_boxes-1,2026-09-20,parts-2026-09-20f,,,
https://experimentalistsanonymous.com/diy/Schematics/Miscellaneous/Pot%20tabs.gif,,schematic,gif,200,8538,eabfaf2e478929908c32044cbe510c5de3140edf1a6666dd284b4b33233c27e5,2026-09-19,1,ocr_boxes,2026-09-20,ocr_boxes-1,2026-09-20,parts-2026-09-20f,,,
https://experimentalistsanonymous.com/diy/Schematics/Miscellaneous/Pot%20tapers.gif,,schematic,gif,200,10158,b4e10075e5833f8bff14ca08722e013a7f0f7e52e9018e5ca68f18e5ca6370d4,2026-09-19,1,ocr_boxes,2026-09-20,ocr_boxes-1,2026-09-20,parts-2026-09-20f,,,
https://experimentalistsanonymous.com/diy/Schematics/Miscellaneous/Pot%20wiring.gif,,schematic,gif,200,7665,31a65e851a33734ed2e8a8780eb57fed9d5cc270d229427496ca1c47a23d05b9,2026-09-19,1,ocr_boxes,2026-09-20,ocr_boxes-1,2026-09-20,parts-2026-09-20f,,,
https://experimentalistsanonymous.com/diy/Schematics/Miscellaneous/Synchime%20Synthesized%20Chime.gif,,schematic,gif,200,35369,c111245c1a70027622ef59b22d81d8836d9727d9891a091ebe3578058991986a,2026-09-19,1,ocr_boxes,2026-09-20,ocr_boxes-1,2026-09-20,parts-2026-09-20f,,,
https://experimentalistsanonymous.com/diy/Schematics/Miscellaneous/Transistor%20Identification%20Chart.gif,,schematic,gif,200,11648,e7e62ca26ea307f3f00f4958d7d1fecd2d1b8e116081def5a8d66065e6cf3892,2026-09-19,1,ocr_boxes,2026-09-20,ocr_boxes-1,2026-09-20,parts-2026-09-20f,,,
https://experimentalistsanonymous.com/diy/Schematics/OOP%20Japanese%20Electronics%20Book/+-4.5v-from-9v.gif,,schematic,gif,200,10318,daa227779cf0ddeb7d672acfffeb90ca758daca4378263f5e6af03d519480acb,2026-09-19,1,ocr_boxes,2026-09-20,ocr_boxes-1,2026-09-20,parts-2026-09-20f,,,
https://experimentalistsanonymous.com/diy/Schematics/OOP%20Japanese%20Electronics%20Book/1k-test-osc.gif,,schematic,gif,200,10178,6698ddb37fa607755064ca3a1ad06958225b91df1c6e55a74214bf41fa1a15e4,2026-09-19,1,ocr_boxes,2026-09-20,ocr_boxes-1,2026-09-20,parts-2026-09-20f,,,
https://experimentalistsanonymous.com/diy/Schematics/OOP%20Japanese%20Electronics%20Book/2ch-mixer-pcb.gif,,schematic,gif,200,16352,29f04211badcbff4dcffa9ce1b293a3fb117bcd723f68441315d7c78ac4c54ae,2026-09-19,1,ocr_boxes,2026-09-20,ocr_boxes-1,2026-09-20,parts-2026-09-20f,,,
https://experimentalistsanonymous.com/diy/Schematics/OOP%20Japanese%20Electronics%20Book/2ch-mixer.gif,,schematic,gif,200,25243,06358f0b4ddf5b2751963d5923097166add7572348c986b37d20ff6035c5872b,2026-09-19,1,ocr_boxes,2026-09-20,ocr_boxes-1,2026-09-20,parts-2026-09-20f,,,
https://experimentalistsanonymous.com/diy/Schematics/OOP%20Japanese%20Electronics%20Book/6-ch-line-mixer.gif,,schematic,gif,200,29730,0ac5405647525bbcbaaf2185ce65f192b17ddeebc69e5d8b0266ea1270fd1015,2026-09-19,1,ocr_boxes,2026-09-20,ocr_boxes-1,2026-09-20,parts-2026-09-20f,,,
https://experimentalistsanonymous.com/diy/Schematics/OOP%20Japanese%20Electronics%20Book/BBD-delay-pcb.gif,,schematic,gif,200,91248,cbb1ba93509a09dd1c17db5680d6d035243f91123083fcf5827f6df00269fc51,2026-09-19,1,ocr_boxes,2026-09-20,ocr_boxes-1,2026-09-20,parts-2026-09-20f,,,
https://experimentalistsanonymous.com/diy/Schematics/OOP%20Japanese%20Electronics%20Book/BBD-delay.gif,,schematic,gif,200,87806,092ea06194aac1c21e73cfd9dbe1fbebabbbc2456e7cf69cfbd903b1d7c50025,2026-09-19,1,ocr_boxes,2026-09-20,ocr_boxes-1,2026-09-20,parts-2026-09-20f,,,
https://experimentalistsanonymous.com/diy/Schematics/OOP%20Japanese%20Electronics%20Book/DI.gif,,schematic,gif,200,10082,8758956cfe2119f3b6a19b3c731b7d59618e514f28d51a63c525bd84ef80b664,2026-09-19,1,ocr_boxes,2026-09-20,ocr_boxes-1,2026-09-20,parts-2026-09-20f,,,
https://experimentalistsanonymous.com/diy/Schematics/OOP%20Japanese%20Electronics%20Book/LED-LDR-VCA.gif,,schematic,gif,200,12468,3083dab7558ca5f96bea0e935549e90ac566c649d51cea10ff2e15b4ebfc3023,2026-09-19,1,ocr_boxes,2026-09-20,ocr_boxes-1,2026-09-20,parts-2026-09-20f,,,
https://experimentalistsanonymous.com/diy/Schematics/OOP%20Japanese%20Electronics%20Book/LED-LDR-comp.gif,,schematic,gif,200,13980,fe942ff462731700023244906047c8b2c0083b02016c8c5600d1b8ae527b34fa,2026-09-19,1,ocr_boxes,2026-09-20,ocr_boxes-1,2026-09-20,parts-2026-09-20f,,,
https://experimentalistsanonymous.com/diy/Schematics/OOP%20Japanese%20Electronics%20Book/LFO.gif,,schematic,gif,200,12417,413189b714873f2448f473e0a4b59085aa622c65f81db277fd3e5106d468dbdd,2026-09-19,1,ocr_boxes,2026-09-20,ocr_boxes-1,2026-09-20,parts-2026-09-20f,,,
https://experimentalistsanonymous.com/diy/Schematics/OOP%20Japanese%20Electronics%20Book/alembic-boo-pcb.gif,,schematic,gif,200,6949,a446566380c749f03a3cda4e5b92eeae24ebb42765672dc3a653a28733be2760,2026-09-19,1,ocr_boxes,2026-09-20,ocr_boxes-1,2026-09-20,parts-2026-09-20f,,,
https://experimentalistsanonymous.com/diy/Schematics/OOP%20Japanese%20Electronics%20Book/alembic-fet-booster.gif,,schematic,gif,200,8305,a3282ef0955f47d370417921e00d9a913f28c63902a3912ad74934b8f91c746d,2026-09-19,1,ocr_boxes,2026-09-20,ocr_boxes-1,2026-09-20,parts-2026-09-20f,,,
https://experimentalistsanonymous.com/diy/Schematics/OOP%20Japanese%20Electronics%20Book/auto-pan-pcb.gif,,schematic,gif,200,49930,1c5285bb40526c7c9b5d4a743e37cfbe5663ab67d40237b60e6ef8d555681855,2026-09-19,1,ocr_boxes,2026-09-20,ocr_boxes-1,2026-09-20,parts-2026-09-20f,,,
https://experimentalistsanonymous.com/diy/Schematics/OOP%20Japanese%20Electronics%20Book/auto-pan.gif,,schematic,gif,200,61912,718485a81e3e0ca77c5925715351d42e5f302e42d11b0c61e2f5c77821126bbc,2026-09-19,1,ocr_boxes,2026-09-20,ocr_boxes-1,2026-09-20,parts-2026-09-20f,,,
https://experimentalistsanonymous.com/diy/Schematics/OOP%20Japanese%20Electronics%20Book/booster.gif,,schematic,gif,200,7138,1bc860d95b34b6b91850269c68fffdf83620381c0d876ddf8a42a2222bb4c936,2026-09-19,1,ocr_boxes,2026-09-20,ocr_boxes-1,2026-09-20,parts-2026-09-20f,,,
https://experimentalistsanonymous.com/diy/Schematics/OOP%20Japanese%20Electronics%20Book/chorus-flang-wpreset-pcb.gif,,schematic,gif,200,75867,c4aa5ed5ccabc0cff8753163fc404b659b63770a4d35b6947f4b3a544e3705bc,2026-09-19,1,ocr_boxes,2026-09-20,ocr_boxes-1,2026-09-20,parts-2026-09-20f,,,
https://experimentalistsanonymous.com/diy/Schematics/OOP%20Japanese%20Electronics%20Book/chorusflanger-pcb.gif,,schematic,gif,200,95481,bab11d82760cb64ceca8ee51733805be628c4a7412ec764c12ff2b324bb5492a,2026-09-19,1,ocr_boxes,2026-09-20,ocr_boxes-1,2026-09-20,parts-2026-09-20f,,,
https://experimentalistsanonymous.com/diy/Schematics/OOP%20Japanese%20Electronics%20Book/chorusflanger-wpreset-lo.gif,,schematic,gif,200,86603,646636c9532bfc8a2b31f91a63951927ff645858fd2a621d8d8b34a3e949b0e9,2026-09-19,1,ocr_boxes,2026-09-20,ocr_boxes-1,2026-09-20,parts-2026-09-20f,,,
https://experimentalistsanonymous.com/diy/Schematics/OOP%20Japanese%20Electronics%20Book/chorusflanger.gif,,schematic,gif,200,131002,9f4526d01e23c28ede481e1ee20aacaadde6284ee1ea954937c97e7b5471c89e,2026-09-19,1,ocr_boxes,2026-09-20,ocr_boxes-1,2026-09-20,parts-2026-09-20f,,,
https://experimentalistsanonymous.com/diy/Schematics/OOP%20Japanese%20Electronics%20Book/chrom-osc-pcb.gif,,schematic,gif,200,40950,762d3dc7cbee03134f560408351cea0a4ed4652a943da5fe76dcffaa81b9bba2,2026-09-19,1,ocr_boxes,2026-09-20,ocr_boxes-1,2026-09-20,parts-2026-09-20f,,,
https://experimentalistsanonymous.com/diy/Schematics/OOP%20Japanese%20Electronics%20Book/chrom-osc.gif,,schematic,gif,200,38461,ccf3fd118123b73f9617a2438931bfd4bc0247089fac3b1c128496c289ae3cbb,2026-09-19,1,ocr_boxes,2026-09-20,ocr_boxes-1,2026-09-20,parts-2026-09-20f,,,
https://experimentalistsanonymous.com/diy/Schematics/OOP%20Japanese%20Electronics%20Book/cmos-driver-pcb.gif,,schematic,gif,200,26464,77b1089b11b61ff6e54f06d5706ed1f0b62b5b7f9d294bed184eb85acbaadd56,2026-09-19,1,ocr_boxes,2026-09-20,ocr_boxes-1,2026-09-20,parts-2026-09-20f,,,
https://experimentalistsanonymous.com/diy/Schematics/OOP%20Japanese%20Electronics%20Book/cmos-driver.gif,,schematic,gif,200,28834,8732eeaae7a73f7f0b552f5d704a66788341b8aef5c602fe635fb5092ba4beef,2026-09-19,1,ocr_boxes,2026-09-20,ocr_boxes-1,2026-09-20,parts-2026-09-20f,,,
https://experimentalistsanonymous.com/diy/Schematics/OOP%20Japanese%20Electronics%20Book/cmos-switch4-comp-dist.gif,,schematic,gif,200,17200,423d7aa68951d1ce92b71b29e7c6867568f96389129a8cb149ce3436800ca483,2026-09-19,1,ocr_boxes,2026-09-20,ocr_boxes-1,2026-09-20,parts-2026-09-20f,,,
https://experimentalistsanonymous.com/diy/Schematics/OOP%20Japanese%20Electronics%20Book/comp-dist-pcb.gif,,schematic,gif,200,41161,f256de60081a3f4ac637f39bee55ab901c1af0149ef24b0574f485a7b6f7b14d,2026-09-19,1,ocr_boxes,2026-09-20,ocr_boxes-1,2026-09-20,parts-2026-09-20f,,,
https://experimentalistsanonymous.com/diy/Schematics/OOP%20Japanese%20Electronics%20Book/comp-dist.gif,,schematic,gif,200,44815,50260a45eee14cbcb454c4e68691a35602890eee3de84bca38f1137dfe26e35a,2026-09-19,1,ocr_boxes,2026-09-20,ocr_boxes-1,2026-09-20,parts-2026-09-20f,,,
https://experimentalistsanonymous.com/diy/Schematics/OOP%20Japanese%20Electronics%20Book/drum-syn-layout-pcb.gif,,schematic,gif,200,112029,bda55e4e52e4e050dcaa655906213fe62298ed9092115629553e2222473c1b8c,2026-09-19,1,ocr_boxes,2026-09-20,ocr_boxes-1,2026-09-20,parts-2026-09-20f,,,
https://experimentalistsanonymous.com/diy/Schematics/OOP%20Japanese%20Electronics%20Book/drum-synth-.gif,,schematic,gif,200,138162,1e0b6598253976709ceb4858a0a363f779d2540bd89258005e6917b9ac652480,2026-09-19,1,ocr_boxes,2026-09-20,ocr_boxes-1,2026-09-20,parts-2026-09-20f,,,
https://experimentalistsanonymous.com/diy/Schematics/OOP%20Japanese%20Electronics%20Book/emitter-follower.gif,,schematic,gif,200,8875,8268a71a757cb40779d7d633e30b21bb2eb0f0cd3da1038a4206eec75359a2da,2026-09-19,1,ocr_boxes,2026-09-20,ocr_boxes-1,2026-09-20,parts-2026-09-20f,,,
https://experimentalistsanonymous.com/diy/Schematics/OOP%20Japanese%20Electronics%20Book/ez-auto-wah.gif,,schematic,gif,200,14988,b7e98a444d00b4e755f9cdfd1980d454f16b48da95485bc9c6810ff4f3f945c9,2026-09-19,1,ocr_boxes,2026-09-20,ocr_boxes-1,2026-09-20,parts-2026-09-20f,,,
https://experimentalistsanonymous.com/diy/Schematics/OOP%20Japanese%20Electronics%20Book/flying-panpot-pcb.gif,,schematic,gif,200,78709,5c68f862b9447514d6c07e138a3321605774cf4ba26861e7e81b314109cd8399,2026-09-19,1,ocr_boxes,2026-09-20,ocr_boxes-1,2026-09-20,parts-2026-09-20f,,,
https://experimentalistsanonymous.com/diy/Schematics/OOP%20Japanese%20Electronics%20Book/flying-panpot.gif,,schematic,gif,200,53340,bbb349aff74d9005c0c5455cb684fdc7d672ffe4975cae6a4624f1b8e694ed14,2026-09-19,1,ocr_boxes,2026-09-20,ocr_boxes-1,2026-09-20,parts-2026-09-20f,,,
https://experimentalistsanonymous.com/diy/Schematics/OOP%20Japanese%20Electronics%20Book/fuzz-with-tone.gif,,schematic,gif,200,15416,cbaa3f9cb8ddad64345a5de77b36ddc9b25d066e6ed906709c52a43bf1ea8c38,2026-09-19,1,ocr_boxes,2026-09-20,ocr_boxes-1,2026-09-20,parts-2026-09-20f,,,
https://experimentalistsanonymous.com/diy/Schematics/OOP%20Japanese%20Electronics%20Book/gtr-synth-pcb.gif,,schematic,gif,200,86525,edaad3778fcbbfa9b961cd5d4cab308727b479892ac94499e96a9a5c658c84a7,2026-09-19,1,ocr_boxes,2026-09-20,ocr_boxes-1,2026-09-20,parts-2026-09-20f,,,
https://experimentalistsanonymous.com/diy/Schematics/OOP%20Japanese%20Electronics%20Book/gtr-synth-wiring.gif,,schematic,gif,200,58211,2ec7f16826744cbec3602ff5022cd923126f62e38ee3d27aa50b440d5b2ef842,2026-09-19,1,ocr_boxes,2026-09-20,ocr_boxes-1,2026-09-20,parts-2026-09-20f,,,
https://experimentalistsanonymous.com/diy/Schematics/OOP%20Japanese%20Electronics%20Book/gtr-synth.gif,,schematic,gif,200,104674,683f652e4d9a8283561f5625b30785e812f493385fe98f9e5edff6a796d2574d,2026-09-19,1,ocr_boxes,2026-09-20,ocr_boxes-1,2026-09-20,parts-2026-09-20f,,,
https://experimentalistsanonymous.com/diy/Schematics/OOP%20Japanese%20Electronics%20Book/harmonic-exciter.gif,,schematic,gif,200,17201,96946848b59908c7771b5f3d5a9a50d72c49aa26bad570c55434cf00bf6ff230,2026-09-19,1,ocr_boxes,2026-09-20,ocr_boxes-1,2026-09-20,parts-2026-09-20f,,,
https://experimentalistsanonymous.com/diy/Schematics/OOP%20Japanese%20Electronics%20Book/headphone-amp.gif,,schematic,gif,200,11124,1a91a548c75a3d2a313a1c645aac0d870ddb6244672d3a7f345cbe0c58b8e141,2026-09-19,1,ocr_boxes,2026-09-20,ocr_boxes-1,2026-09-20,parts-2026-09-20f,,,
https://experimentalistsanonymous.com/diy/Schematics/OOP%20Japanese%20Electronics%20Book/multi-flanger-pcb.gif,,schematic,gif,200,98142,dbe9de9b4f752ad319451a548be13f664cf0c78caa358df8205bcec3b45ec9b1,2026-09-19,1,ocr_boxes,2026-09-20,ocr_boxes-1,2026-09-20,parts-2026-09-20f,,,
https://experimentalistsanonymous.com/diy/Schematics/OOP%20Japanese%20Electronics%20Book/multi-flanger.gif,,schematic,gif,200,110089,7ae11874d6010446e10c011c51cc471c45cd8f52d028a5d8772447d562be5725,2026-09-19,1,ocr_boxes,2026-09-20,ocr_boxes-1,2026-09-20,parts-2026-09-20f,,,
https://experimentalistsanonymous.com/diy/Schematics/OOP%20Japanese%20Electronics%20Book/noise-gate.gif,,schematic,gif,200,36796,a45e4741a066ddacd6071a2fa772c5f662a7ebf33a8c9e5ce43d5c4f96621ce7,2026-09-19,1,ocr_boxes,2026-09-20,ocr_boxes-1,2026-09-20,parts-2026-09-20f,,,
https://experimentalistsanonymous.com/diy/Schematics/OOP%20Japanese%20Electronics%20Book/noisegate-bypass-switch.gif,,schematic,gif,200,8859,3ee5c4d7703b37160fe2bdefdbc5fda2949f3830739e79a8bd772649f662e272,2026-09-19,1,ocr_boxes,2026-09-20,ocr_boxes-1,2026-09-20,parts-2026-09-20f,,,
https://experimentalistsanonymous.com/diy/Schematics/OOP%20Japanese%20Electronics%20Book/noisegate-pcb.gif,,schematic,gif,200,31538,f2169ae9517abc642b44c3fb45442c650a4d74e339011ae1806b379eff625dc2,2026-09-19,1,ocr_boxes,2026-09-20,ocr_boxes-1,2026-09-20,parts-2026-09-20f,,,
https://experimentalistsanonymous.com/diy/Schematics/OOP%20Japanese%20Electronics%20Book/octave-box-pcb.gif,,schematic,gif,200,48797,4f48dce19d6260d6ff87092e9c2a0780993311e08e11865846023030db0f65a2,2026-09-19,1,ocr_boxes,2026-09-20,ocr_boxes-1,2026-09-20,parts-2026-09-20f,,,
https://experimentalistsanonymous.com/diy/Schematics/OOP%20Japanese%20Electronics%20Book/octave-box.gif,,schematic,gif,200,48750,b1311ecc08c3edde027bb5034b7c4ab181916e949fd0d806163da10b2518d8fa,2026-09-19,1,ocr_boxes,2026-09-20,ocr_boxes-1,2026-09-20,parts-2026-09-20f,,,
https://experimentalistsanonymous.com/diy/Schematics/OOP%20Japanese%20Electronics%20Book/old-school-fuzz.gif,,schematic,gif,200,16299,0e947de64443fe664f97e73240773d5925566631a307f10162d0950aeb16f223,2026-09-19,1,ocr_boxes,2026-09-20,ocr_boxes-1,2026-09-20,parts-2026-09-20f,,,
https://experimentalistsanonymous.com/diy/Schematics/OOP%20Japanese%20Electronics%20Book/parametric-eq.gif,,schematic,gif,200,51247,f3012dbd616151d70b236c2b5409b8b29bf15062666e1b868b0171b03449ccfc,2026-09-19,1,ocr_boxes,2026-09-20,ocr_boxes-1,2026-09-20,parts-2026-09-20f,,,
https://experimentalistsanonymous.com/diy/Schematics/OOP%20Japanese%20Electronics%20Book/parametric-pcb.gif,,schematic,gif,200,22108,b554dc4a12da5bb2703b3f20a42c86b0f81d6c4c084b50ea586265f799c4729e,2026-09-19,1,ocr_boxes,2026-09-20,ocr_boxes-1,2026-09-20,parts-2026-09-20f,,,
https://experimentalistsanonymous.com/diy/Schematics/OOP%20Japanese%20Electronics%20Book/phase-exciter.gif,,schematic,gif,200,15172,3fd22e1282ef247a5bcd4c48bbc2b395885335a88063b573715a68ff10a7ce7d,2026-09-19,1,ocr_boxes,2026-09-20,ocr_boxes-1,2026-09-20,parts-2026-09-20f,,,
https://experimentalistsanonymous.com/diy/Schematics/OOP%20Japanese%20Electronics%20Book/phase-shifter-pcb.gif,,schematic,gif,200,40130,a6b3853bc6e940244a78826d388a8f231616219d2a4241ada9fe3c2269d0806b,2026-09-19,1,ocr_boxes,2026-09-20,ocr_boxes-1,2026-09-20,parts-2026-09-20f,,,
https://experimentalistsanonymous.com/diy/Schematics/OOP%20Japanese%20Electronics%20Book/phase-shifter.gif,,schematic,gif,200,52277,72bff9916c681cf967db5d1bb78863164186ae1ecac9779b98c9d3accc044b26,2026-09-19,1,ocr_boxes,2026-09-20,ocr_boxes-1,2026-09-20,parts-2026-09-20f,,,
https://experimentalistsanonymous.com/diy/Schematics/OOP%20Japanese%20Electronics%20Book/pink-white-noise-gen.gif,,schematic,gif,200,10778,dd79cd9ada1693bdb903068e1f3f7c70689e22929f3f918b1c0eb67702153e0e,2026-09-19,1,ocr_boxes,2026-09-20,ocr_boxes-1,2026-09-20,parts-2026-09-20f,,,
https://experimentalistsanonymous.com/diy/Schematics/OOP%20Japanese%20Electronics%20Book/ring-modu-pcb.gif,,schematic,gif,200,69437,bdd6a22e28d999dac9cab0295454fdb9c13a43ebab6b8642c84f1a94f25253f3,2026-09-19,1,ocr_boxes,2026-09-20,ocr_boxes-1,2026-09-20,parts-2026-09-20f,,,
https://experimentalistsanonymous.com/diy/Schematics/OOP%20Japanese%20Electronics%20Book/ring-modulator.gif,,schematic,gif,200,56278,dbb8ce2fefe032f9771cbd82b219d9571beee30b895f7fe12229abaf16dbb364,2026-09-19,1,ocr_boxes,2026-09-20,ocr_boxes-1,2026-09-20,parts-2026-09-20f,,,
https://experimentalistsanonymous.com/diy/Schematics/OOP%20Japanese%20Electronics%20Book/rockin-VCF-1.gif,,schematic,gif,200,53832,2725f10e5411151863625b9824ff79347e1f0664f007a038b0cafd932beaadf7,2026-09-19,1,ocr_boxes,2026-09-20,ocr_boxes-1,2026-09-20,parts-2026-09-20f,,,
https://experimentalistsanonymous.com/diy/Schematics/OOP%20Japanese%20Electronics%20Book/rockin-VCF-pcb-1.gif,,schematic,gif,200,49848,e91e1bfc1312a8f234a66c8cc6bb363c589703ddbb03d9ba68490cd2f08371f7,2026-09-19,1,ocr_boxes,2026-09-20,ocr_boxes-1,2026-09-20,parts-2026-09-20f,,,
https://experimentalistsanonymous.com/diy/Schematics/OOP%20Japanese%20Electronics%20Book/rockin-VCF-pcb.gif,,schematic,gif,200,64158,802075aad676c8c177d11096be90ffbf273dfebf09c3c2508a2df27f8badc9ad,2026-09-19,1,ocr_boxes,2026-09-20,ocr_boxes-1,2026-09-20,parts-2026-09-20f,,,
https://experimentalistsanonymous.com/diy/Schematics/OOP%20Japanese%20Electronics%20Book/rockin-VCF.gif,,schematic,gif,200,95147,0c0f452dd07d19c7347a6b8285bbe3366a5fb604c9b619929146213ae7ce9f4b,2026-09-19,1,ocr_boxes,2026-09-20,ocr_boxes-1,2026-09-20,parts-2026-09-20f,,,
https://experimentalistsanonymous.com/diy/Schematics/OOP%20Japanese%20Electronics%20Book/source-follower.gif,,schematic,gif,200,8723,7fa4368675198a1f6d612983ec43939a0e9e59e2fa215e185b23ce576546fa64,2026-09-19,1,ocr_boxes,2026-09-20,ocr_boxes-1,2026-09-20,parts-2026-09-20f,,,
https://experimentalistsanonymous.com/diy/Schematics/OOP%20Japanese%20Electronics%20Book/stereo-box-pcb.gif,,schematic,gif,200,56807,f41de25a026cb95da135f01dab0997e12086b5245a41ba497f32f8417fcbbc72,2026-09-19,1,ocr_boxes,2026-09-20,ocr_boxes-1,2026-09-20,parts-2026-09-20f,,,
https://experimentalistsanonymous.com/diy/Schematics/OOP%20Japanese%20Electronics%20Book/stereo-box.gif,,schematic,gif,200,52187,81c18f1436fd0ea222792ad0f295e86252ad1f44840c807b956f8389c9af131d,2026-09-19,1,ocr_boxes,2026-09-20,ocr_boxes-1,2026-09-20,parts-2026-09-20f,,,
https://experimentalistsanonymous.com/diy/Schematics/OOP%20Japanese%20Electronics%20Book/super-oct-jumper-upvert.gif,,schematic,gif,200,26451,fe6584857e3f6fd15f565db796a998cb376ca12c43ce0fa1ec190ce4fc1c63ce,2026-09-19,1,ocr_boxes,2026-09-20,ocr_boxes-1,2026-09-20,parts-2026-09-20f,,,
https://experimentalistsanonymous.com/diy/Schematics/OOP%20Japanese%20Electronics%20Book/super-oct-pcb.gif,,schematic,gif,200,54661,36f09a2f14e8aae906d660ae606d184c305d3882c3ed68dff6d5470b678cac45,2026-09-19,1,ocr_boxes,2026-09-20,ocr_boxes-1,2026-09-20,parts-2026-09-20f,,,
https://experimentalistsanonymous.com/diy/Schematics/OOP%20Japanese%20Electronics%20Book/super-octaver.gif,,schematic,gif,200,94128,2beb08f5b0fa30be5dec6eda52cc37eb6b4facbfecb60da2b8e39c6f0c591110,2026-09-19,1,ocr_boxes,2026-09-20,ocr_boxes-1,2026-09-20,parts-2026-09-20f,,,
https://experimentalistsanonymous.com/diy/Schematics/OOP%20Japanese%20Electronics%20Book/super-ring-mod-pcb.gif,,schematic,gif,200,53556,51b4168b426916054c6bd1454f03e38334b123f62286944fb74f35b686e3bbbf,2026-09-19,1,ocr_boxes,2026-09-20,ocr_boxes-1,2026-09-20,parts-2026-09-20f,,,
https://experimentalistsanonymous.com/diy/Schematics/OOP%20Japanese%20Electronics%20Book/super-ring-modulator.gif,,schematic,gif,200,60650,29bddee1172fb21e82dd08c45ff240d13245fdece33a62a6791ba28245630a51,2026-09-19,1,ocr_boxes,2026-09-20,ocr_boxes-1,2026-09-20,parts-2026-09-20f,,,
https://experimentalistsanonymous.com/diy/Schematics/OOP%20Japanese%20Electronics%20Book/tc-pre-pcb.gif,,schematic,gif,200,25759,31dc194125f9ed195dc814e0b74ceebbabeffc721accf8859f2146f9c7284e55,2026-09-19,1,ocr_boxes,2026-09-20,ocr_boxes-1,2026-09-20,parts-2026-09-20f,,,
https://experimentalistsanonymous.com/diy/Schematics/OOP%20Japanese%20Electronics%20Book/tc-pre.gif,,schematic,gif,200,25003,ffaff879fd3f56b6d69a28828544234168da2bc3e02e700d299acef38c7fb5b6,2026-09-19,1,ocr_boxes,2026-09-20,ocr_boxes-1,2026-09-20,parts-2026-09-20f,,,
https://experimentalistsanonymous.com/diy/Schematics/OOP%20Japanese%20Electronics%20Book/tone-control-pcb.gif,,schematic,gif,200,15260,55bfae1dca5341af52b48707c304a50810cf28e50ac50fcc8f01bdcdfc0153f2,2026-09-19,1,ocr_boxes,2026-09-20,ocr_boxes-1,2026-09-20,parts-2026-09-20f,,,
https://experimentalistsanonymous.com/diy/Schematics/OOP%20Japanese%20Electronics%20Book/tone-control.gif,,schematic,gif,200,40203,9a24b7f2ea6dba227c502291a8a04d7613336d8171af64438e1fb71943b82520,2026-09-19,1,ocr_boxes,2026-09-20,ocr_boxes-1,2026-09-20,parts-2026-09-20f,,,
https://experimentalistsanonymous.com/diy/Schematics/OOP%20Japanese%20Electronics%20Book/tube-driver-main-pcb.gif,,schematic,gif,200,35895,aff8f26d52d36ef82f682ea7631099e2f44f85f24dfaf7a8e1e89ac0437306c6,2026-09-19,1,ocr_boxes,2026-09-20,ocr_boxes-1,2026-09-20,parts-2026-09-20f,,,
https://experimentalistsanonymous.com/diy/Schematics/OOP%20Japanese%20Electronics%20Book/tube-driver-power-pcb.gif,,schematic,gif,200,21502,805ffba039d1609d1c22355173327839d6a5ae5b872bcaae7c8c92a798fe3fa6,2026-09-19,1,ocr_boxes,2026-09-20,ocr_boxes-1,2026-09-20,parts-2026-09-20f,,,
https://experimentalistsanonymous.com/diy/Schematics/OOP%20Japanese%20Electronics%20Book/tube-driver.gif,,schematic,gif,200,42876,032419299ead6737546e50689100c07bfe6f101f9dd272839c2225348e615c8f,2026-09-19,1,ocr_boxes,2026-09-20,ocr_boxes-1,2026-09-20,parts-2026-09-20f,,,
https://experimentalistsanonymous.com/diy/Schematics/OOP%20Japanese%20Electronics%20Book/tuning-ind-pcb.gif,,schematic,gif,200,34578,0f0258c3163975e921ecbe36c7f9c1a524d88d031ffaf10c8d65565617b64bec,2026-09-19,1,ocr_boxes,2026-09-20,ocr_boxes-1,2026-09-20,parts-2026-09-20f,,,
https://experimentalistsanonymous.com/diy/Schematics/OOP%20Japanese%20Electronics%20Book/tuning-indicator.gif,,schematic,gif,200,46066,a2e769f0a2cbec4d4921b5f07f5e5f7cae7f2759bb6f0bd217f315d46af5f6c5,2026-09-19,1,ocr_boxes,2026-09-20,ocr_boxes-1,2026-09-20,parts-2026-09-20f,,,
https://experimentalistsanonymous.com/diy/Schematics/OOP%20Japanese%20Electronics%20Book/voc-freq-res-layout.gif,,schematic,gif,200,120752,b2fb12fa0276d5cffad095c45b7ee9b08a7c57cb9b69884083d9bab8464e0939,2026-09-19,1,ocr_boxes,2026-09-20,ocr_boxes-1,2026-09-20,parts-2026-09-20f,,,
https://experimentalistsanonymous.com/diy/Schematics/OOP%20Japanese%20Electronics%20Book/voc-freq-res-pcb.gif,,schematic,gif,200,106425,5fda5cbc443ea3bdaa335e1959adfc0b50e94e6a1f9065a332dfa47f643052c7,2026-09-19,1,ocr_boxes,2026-09-20,ocr_boxes-1,2026-09-20,parts-2026-09-20f,,,
https://experimentalistsanonymous.com/diy/Schematics/OOP%20Japanese%20Electronics%20Book/voc-headphone-amp.gif,,schematic,gif,200,21798,499ca0830954be01a8df95d341bd66acdb0c86fc4bc6bed99da6f76a3f0746d5,2026-09-19,1,ocr_boxes,2026-09-20,ocr_boxes-1,2026-09-20,parts-2026-09-20f,,,
https://experimentalistsanonymous.com/diy/Schematics/OOP%20Japanese%20Electronics%20Book/voc-main-layout-pcb.gif,,schematic,gif,200,149251,cb1414e4ce5ffd151e98607a157221ee0fb86c90e8b832aa3bd36deec58c8c70,2026-09-19,1,ocr_boxes,2026-09-20,ocr_boxes-1,2026-09-20,parts-2026-09-20f,,,
https://experimentalistsanonymous.com/diy/Schematics/OOP%20Japanese%20Electronics%20Book/voc-power-amp%20pcb.gif,,schematic,gif,200,76848,0847e21c7121b93927bb7eefcba2c5445810a0432b9f82f254e69a11e5848441,2026-09-19,1,ocr_boxes,2026-09-20,ocr_boxes-1,2026-09-20,parts-2026-09-20f,,,
https://experimentalistsanonymous.com/diy/Schematics/OOP%20Japanese%20Electronics%20Book/vocoder--main-board.gif,,schematic,gif,200,148670,3dc1eb180bc3c7fed138031d6c1b4c87e89ee1d7f0d0da2e4be733104a749a19,2026-09-19,1,ocr_boxes,2026-09-20,ocr_boxes-1,2026-09-20,parts-2026-09-20f,,,
https://experimentalistsanonymous.com/diy/Schematics/OOP%20Japanese%20Electronics%20Book/vocoder-freq-response-board.gif,,schematic,gif,200,144467,28f4a1774946608b0bfcf30bb203cf42aeb4c9417b897543079d8ee45f016384,2026-09-19,1,ocr_boxes,2026-09-20,ocr_boxes-1,2026-09-20,parts-2026-09-20f,,,
https://experimentalistsanonymous.com/diy/Schematics/Oscillators%20LFOs%20and%20Signal%20Generators/555%20BASIC%20astable%20theory.pdf,,schematic,pdf,200,66992,ca5f31ef379afc6e14ae6325e7a07d77592bdae55677b3ec03386898cf6e5e4b,2026-09-19,10,ocr_boxes,2026-09-20,ocr_boxes-1,2026-09-20,parts-2026-09-20f,,,
https://experimentalistsanonymous.com/diy/Schematics/Oscillators%20LFOs%20and%20Signal%20Generators/AR-317%20VCO.gif,,schematic,gif,200,117816,cd639b69ebf5cc3d3eb5e2f43b3828973778e4fcd45289250af7cffb88f2ac6a,2026-09-19,1,ocr_boxes,2026-09-20,ocr_boxes-1,2026-09-20,parts-2026-09-20f,,,
https://experimentalistsanonymous.com/diy/Schematics/Oscillators%20LFOs%20and%20Signal%20Generators/AR-324%20Lag%20and%20LFO.gif,,schematic,gif,200,105103,d85bb65c67b6f850894e996c20191ada1e911bfa599b06873a162893b2134397,2026-09-19,1,ocr_boxes,2026-09-20,ocr_boxes-1,2026-09-20,parts-2026-09-20f,,,
https://experimentalistsanonymous.com/diy/Schematics/Oscillators%20LFOs%20and%20Signal%20Generators/Amplified%20White%20Noise%20Generator.gif,,schematic,gif,200,4802,5d6ae89bdbfb68eb69a6bce7ad7953401b208907ce7a74873ce09b44463e24af,2026-09-19,1,ocr_boxes,2026-09-20,ocr_boxes-1,2026-09-20,parts-2026-09-20f,,,
https://experimentalistsanonymous.com/diy/Schematics/Oscillators%20LFOs%20and%20Signal%20Generators/Basic%20Saw%20VCO.gif,,schematic,gif,200,12819,dbec4010fee9d83f93b6c774171b9147637183c71b9f33e8dc7aa584d69618a3,2026-09-19,1,ocr_boxes,2026-09-20,ocr_boxes-1,2026-09-20,parts-2026-09-20f,,,
https://experimentalistsanonymous.com/diy/Schematics/Oscillators%20LFOs%20and%20Signal%20Generators/Basic%20white%20noise%20generator.gif,,schematic,gif,200,6036,78480fae7b3c004f5de649bebdc469aca31e64264230082615a83f160eedeb7b,2026-09-19,1,ocr_boxes,2026-09-20,ocr_boxes-1,2026-09-20,parts-2026-09-20f,,,
https://experimentalistsanonymous.com/diy/Schematics/Oscillators%20LFOs%20and%20Signal%20Generators/Bens%20Simple%2040106%20Tone%20Generator.jpg,,schematic,jpeg,200,19801,c5002576544f64919efe306e6992482014253d0d9b29e2c411d1190a9ce859b6,2026-09-19,1,ocr_boxes,2026-09-20,ocr_boxes-1,2026-09-20,parts-2026-09-20f,,,
https://experimentalistsanonymous.com/diy/Schematics/Oscillators%20LFOs%20and%20Signal%20Generators/CEM3340%20VCO.jpg,,schematic,jpeg,200,93967,5af7819e8f6de1f15bc1744491e4b279da20b8f39b9f9465af6caa7bd9e833c2,2026-09-19,1,ocr_boxes,2026-09-20,ocr_boxes-1,2026-09-20,parts-2026-09-20f,,,
https://experimentalistsanonymous.com/diy/Schematics/Oscillators%20LFOs%20and%20Signal%20Generators/CF4548%20based%20VCO.pdf,,schematic,pdf,200,8077,73fbddee528bad91899082525bc28c29bb62204af3b7b76d47134655b3cad5cd,2026-09-19,1,ocr_boxes,2026-09-20,ocr_boxes-1,2026-09-20,parts-2026-09-20f,,,
https://experimentalistsanonymous.com/diy/Schematics/Oscillators%20LFOs%20and%20Signal%20Generators/CMOS%20Inverter%20Test%20Oscillator.jpg,,schematic,jpeg,200,15233,e0c24fbd367f3a582ff1d7b8f446586cd7eae66dff62d45684db8059929bbbd4,2026-09-19,1,ocr_boxes,2026-09-20,ocr_boxes-1,2026-09-20,parts-2026-09-20f,,,
https://experimentalistsanonymous.com/diy/Schematics/Oscillators%20LFOs%20and%20Signal%20Generators/Complex%20Waveform%20Generator.gif,,schematic,gif,200,10761,2c9773c7bf384e3f55b12424126361757e0310f917e6dd8fdd78d6f2ac67c72d,2026-09-19,1,ocr_boxes,2026-09-20,ocr_boxes-1,2026-09-20,parts-2026-09-20f,,,
https://experimentalistsanonymous.com/diy/Schematics/Oscillators%20LFOs%20and%20Signal%20Generators/Digisound%20vcdo.jpg,,schematic,jpeg,200,165774,7eb491b085e3f635d6ee10914a3502e84d2b2ad201814b43469087f5102ad204,2026-09-19,1,ocr_boxes,2026-09-20,ocr_boxes-1,2026-09-20,parts-2026-09-20f,,,
https://experimentalistsanonymous.com/diy/Schematics/Oscillators%20LFOs%20and%20Signal%20Generators/Dual%20555%20Oddball%20Oscillator.pdf,,schematic,pdf,200,63394,bb46e5a412bcc9147c810cc18ffd3ec5f748e738461bbdb83e6d5274ca64a4a1,2026-09-19,2,ocr_boxes,2026-09-20,ocr_boxes-1,2026-09-20,parts-2026-09-20f,,,
https://experimentalistsanonymous.com/diy/Schematics/Oscillators%20LFOs%20and%20Signal%20Generators/Dual%20VCO.pdf,,schematic,pdf,200,62099,8f9d16c65193855b369797b7edcd47486eadaa0a62c625a381c6a6a0dd3a1797,2026-09-19,3,ocr_boxes,2026-09-20,ocr_boxes-1,2026-09-20,parts-2026-09-20f,,,
https://experimentalistsanonymous.com/diy/Schematics/Oscillators%20LFOs%20and%20Signal%20Generators/Dual%20transistor%20astable%20multivibrator.gif,,schematic,gif,200,2054,7e44dbbc960bd40fc1d5d267ba682f0193f33fc9b34743cbe09d3e3c3d30c3ec,2026-09-19,1,ocr_boxes,2026-09-20,ocr_boxes-1,2026-09-20,parts-2026-09-20f,,,
https://experimentalistsanonymous.com/diy/Schematics/Oscillators%20LFOs%20and%20Signal%20Generators/E-Music%20VCDO.gif,,schematic,gif,200,197960,eccbdd9c7a269da38c92d2b09be0286018c1c2ea0aa05056f2269b1686d538db,2026-09-19,1,ocr_boxes,2026-09-20,ocr_boxes-1,2026-09-20,parts-2026-09-20f,,,
https://experimentalistsanonymous.com/diy/Schematics/Oscillators%20LFOs%20and%20Signal%20Generators/EFM%20LFO.pdf,,schematic,pdf,200,113749,f3907b5a3000b890a8ee18642c6a50795bb4381b21d3fa8864cf1afc8096adfd,2026-09-19,5,ocr_boxes,2026-09-20,ocr_boxes-1,2026-09-20,parts-2026-09-20f,,,
https://experimentalistsanonymous.com/diy/Schematics/Oscillators%20LFOs%20and%20Signal%20Generators/EHX%20LFO.pdf,,schematic,pdf,200,22683,6080f91e019acfefb437c852193e4342331ed99f4ad87a809ad87567e466eeb2,2026-09-19,1,ocr_boxes,2026-09-20,ocr_boxes-1,2026-09-20,parts-2026-09-20f,,,
https://experimentalistsanonymous.com/diy/Schematics/Oscillators%20LFOs%20and%20Signal%20Generators/EMS%20VCS3%20Osillator.GIF,,schematic,gif,200,38501,e61bcdbdf07076ed0c1c4afe4808825a82a226f13f60012dab0d34d63628468f,2026-09-19,1,ocr_boxes,2026-09-20,ocr_boxes-1,2026-09-20,parts-2026-09-20f,,,
https://experimentalistsanonymous.com/diy/Schematics/Oscillators%20LFOs%20and%20Signal%20Generators/High%20output%20noise%20generator.pdf,,schematic,pdf,200,28622,3c41536a80354b3cb9981719f4fdef5fad650ffb49136de76216fe6110770b07,2026-09-19,1,ocr_boxes,2026-09-20,ocr_boxes-1,2026-09-20,parts-2026-09-20f,,,
https://experimentalistsanonymous.com/diy/Schematics/Oscillators%20LFOs%20and%20Signal%20Generators/LM13700%20sine%20wave%20VCO.pdf,,schematic,pdf,200,45372,d8e91f57d116fc39f9df551b8f4c19daea0994ef55e0cdeba5b9dadf77bc1a8e,2026-09-19,1,ocr_boxes,2026-09-20,ocr_boxes-1,2026-09-20,parts-2026-09-20f,,,
https://experimentalistsanonymous.com/diy/Schematics/Oscillators%20LFOs%20and%20Signal%20Generators/Minimoog%20VCO.gif,,schematic,gif,200,345703,a7c3d654dc1cca11ead31f7d145dd1bce10df7b3c8bcfe19240feabaec4ded92,2026-09-19,1,ocr_boxes,2026-09-20,ocr_boxes-1,2026-09-20,parts-2026-09-20f,,,
https://experimentalistsanonymous.com/diy/Schematics/Oscillators%20LFOs%20and%20Signal%20Generators/Moog%20901A.jpg,,schematic,jpeg,200,222120,5886aee1f18740d7e9d83a1f84962c742da41470010a3d35ab26b1d37b902b38,2026-09-19,1,ocr_boxes,2026-09-20,ocr_boxes-1,2026-09-20,parts-2026-09-20f,,,
https://experimentalistsanonymous.com/diy/Schematics/Oscillators%20LFOs%20and%20Signal%20Generators/Moog%20901B.jpg,,schematic,jpeg,200,205713,cd76abde4056ebc27339aae7dafa925ce29e1681c50c9eeceed1bfab9d1fb4ba,2026-09-19,1,ocr_boxes,2026-09-20,ocr_boxes-1,2026-09-20,parts-2026-09-20f,,,
https://experimentalistsanonymous.com/diy/Schematics/Oscillators%20LFOs%20and%20Signal%20Generators/Moog%20901C.jpg,,schematic,jpeg,200,117045,80da22a91763f353d6ee359b04ab97c95ee5436eca41658ca202c79459401e28,2026-09-19,1,ocr_boxes,2026-09-20,ocr_boxes-1,2026-09-20,parts-2026-09-20f,,,
https://experimentalistsanonymous.com/diy/Schematics/Oscillators%20LFOs%20and%20Signal%20Generators/Moog%20921.jpg,,schematic,jpeg,200,261394,823210c1aa02b148e0c62a75c9f0f478f95c881447572558207d8b5ac988201d,2026-09-19,1,ocr_boxes,2026-09-20,ocr_boxes-1,2026-09-20,parts-2026-09-20f,,,
https://experimentalistsanonymous.com/diy/Schematics/Oscillators%20LFOs%20and%20Signal%20Generators/Oberheim%20Mini-Sequencer.gif,,schematic,gif,200,236006,6c168a3ae32cfccb494950723729503bd87b5a8a167103ef42dc687b72f0a6c8,2026-09-19,1,ocr_boxes,2026-09-20,ocr_boxes-1,2026-09-20,parts-2026-09-20f,,,
https://experimentalistsanonymous.com/diy/Schematics/Oscillators%20LFOs%20and%20Signal%20Generators/PAIA%202720-2a%20VCO.gif,,schematic,gif,200,21939,24ba9ed6c2fc31a42cdad5a134bb7f813838cd3098ef36442f3f909894ce3b91,2026-09-19,1,ocr_boxes,2026-09-20,ocr_boxes-1,2026-09-20,parts-2026-09-20f,,,
https://experimentalistsanonymous.com/diy/Schematics/Oscillators%20LFOs%20and%20Signal%20Generators/PAIA%202720-5%20Control%20Oscillator%20and%20Noise%20Source.gif,,schematic,gif,200,19599,91a277364642d20fa1368518c1a3fb0b615a19f040561c9fe42af204dccf2b5d,2026-09-19,1,ocr_boxes,2026-09-20,ocr_boxes-1,2026-09-20,parts-2026-09-20f,,,
https://experimentalistsanonymous.com/diy/Schematics/Oscillators%20LFOs%20and%20Signal%20Generators/Paia%204720a.gif,,schematic,gif,200,28830,b3e68e279943d1f9b6ebc7a6b557d634ddac65d5739b0f822dfd105fc82f066c,2026-09-19,1,ocr_boxes,2026-09-20,ocr_boxes-1,2026-09-20,parts-2026-09-20f,,,
https://experimentalistsanonymous.com/diy/Schematics/Oscillators%20LFOs%20and%20Signal%20Generators/Pink%20Noise%20Generator.gif,,schematic,gif,200,13209,c52ba3ff4d10062032cea3d91cdef9c03d8e791b9eca831e6b47f969fa3ba9c5,2026-09-19,1,ocr_boxes,2026-09-20,ocr_boxes-1,2026-09-20,parts-2026-09-20f,,,
https://experimentalistsanonymous.com/diy/Schematics/Oscillators%20LFOs%20and%20Signal%20Generators/Polyfusion%20Noise%20Generator.gif,,schematic,gif,200,141707,32b02db1fddc74a7298843342183f38be3252eea2bcf1e94a4da044e2a7c62d5,2026-09-19,1,ocr_boxes,2026-09-20,ocr_boxes-1,2026-09-20,parts-2026-09-20f,,,
https://experimentalistsanonymous.com/diy/Schematics/Oscillators%20LFOs%20and%20Signal%20Generators/Quad%20omp%20amp%20sine%20wave%20LFO.pdf,,schematic,pdf,200,38472,4596abb8ada8c63a875d10840c48b54e727e2b7e423362253ef2123f3d7770d2,2026-09-19,3,ocr_boxes,2026-09-20,ocr_boxes-1,2026-09-20,parts-2026-09-20f,,,
https://experimentalistsanonymous.com/diy/Schematics/Oscillators%20LFOs%20and%20Signal%20Generators/Roland%20150%20Full%20Signal%20Source.png,,schematic,png,200,89740,22c466e8ffdf554ef776776459b7834cde0af13b89ccfb8b7a7064386c4f0b57,2026-09-19,1,ocr_boxes,2026-09-20,ocr_boxes-1,2026-09-20,parts-2026-09-20f,,,
https://experimentalistsanonymous.com/diy/Schematics/Oscillators%20LFOs%20and%20Signal%20Generators/Simple%204016%20Robo%20Voice.gif,,schematic,gif,200,8904,c900f816e93e79f56bdf6fefd43b487c6765c8922dd065a6f1046f6e39effbe9,2026-09-19,1,ocr_boxes,2026-09-20,ocr_boxes-1,2026-09-20,parts-2026-09-20f,,,
https://experimentalistsanonymous.com/diy/Schematics/Oscillators%20LFOs%20and%20Signal%20Generators/Simple%20555%20tone%20generator.gif,,schematic,gif,200,2722,a847cff4508ee3cfeddfe3685dc34515a29870445de18107e1ab3d9dc0d7461d,2026-09-19,1,ocr_boxes,2026-09-20,ocr_boxes-1,2026-09-20,parts-2026-09-20f,,,
https://experimentalistsanonymous.com/diy/Schematics/Oscillators%20LFOs%20and%20Signal%20Generators/Simple%20Dual%20LFO.gif,,schematic,gif,200,31906,6c000c013289cf1b24ddbd8ad0f2e584cd8f02711fd18fc8f2b295e926a54f2f,2026-09-19,1,ocr_boxes,2026-09-20,ocr_boxes-1,2026-09-20,parts-2026-09-20f,,,
https://experimentalistsanonymous.com/diy/Schematics/Oscillators%20LFOs%20and%20Signal%20Generators/Simple%20Quadrature%20Oscillator.gif,,schematic,gif,200,6077,1faa75b34c30cfb7cef3430f6a8df77ddfd93de2b0691f5a5c9bcd8daf4b792e,2026-09-19,1,ocr_boxes,2026-09-20,ocr_boxes-1,2026-09-20,parts-2026-09-20f,,,
https://experimentalistsanonymous.com/diy/Schematics/Oscillators%20LFOs%20and%20Signal%20Generators/Simple%20White%20Noise%20Generator%202.jpg,,schematic,jpeg,200,53501,14809e6f57f2ca9b947b11544e23eb985c18b81a7028c4324bf6d96ad9213750,2026-09-19,1,ocr_boxes,2026-09-20,ocr_boxes-1,2026-09-20,parts-2026-09-20f,,,
https://experimentalistsanonymous.com/diy/Schematics/Oscillators%20LFOs%20and%20Signal%20Generators/Sine%20Wave%20Generation%20Techniques.pdf,,schematic,pdf,200,412436,76e7eaa668958e4270962aae4353799ef9cc2b9bc50fbc9d56b5aa04f8db20aa,2026-09-19,14,ocr_boxes,2026-09-20,ocr_boxes-1,2026-09-20,parts-2026-09-20f,,,
https://experimentalistsanonymous.com/diy/Schematics/Oscillators%20LFOs%20and%20Signal%20Generators/Sine%20Wave%20Quadrature%20Oscillator.pdf,,schematic,pdf,200,45372,d8e91f57d116fc39f9df551b8f4c19daea0994ef55e0cdeba5b9dadf77bc1a8e,2026-09-19,1,ocr_boxes,2026-09-20,ocr_boxes-1,2026-09-20,parts-2026-09-20f,,,
https://experimentalistsanonymous.com/diy/Schematics/Oscillators%20LFOs%20and%20Signal%20Generators/Siren%20generator.gif,,schematic,gif,200,9171,2f8c9c28f639180a5ea356098467f3ed63cc7b702c4b8c1ae3f60c364dee5cc2,2026-09-19,1,ocr_boxes,2026-09-20,ocr_boxes-1,2026-09-20,parts-2026-09-20f,,,
https://experimentalistsanonymous.com/diy/Schematics/Oscillators%20LFOs%20and%20Signal%20Generators/Siren.gif,,schematic,gif,200,6205,5d9bdc32d22e9e264b3ac7c465e257a25548272cb98f00b4aa7f666e0e6bc87d,2026-09-19,1,ocr_boxes,2026-09-20,ocr_boxes-1,2026-09-20,parts-2026-09-20f,,,
https://experimentalistsanonymous.com/diy/Schematics/Oscillators%20LFOs%20and%20Signal%20Generators/Stereo%20test%20tone%20oscillator.jpg,,schematic,jpeg,200,94923,eb965fefeff42dd78c8e4fbd36bff2c3ac8e860de3886e8b533c52dc5b1d1d82,2026-09-19,1,ocr_boxes,2026-09-20,ocr_boxes-1,2026-09-20,parts-2026-09-20f,,,
https://experimentalistsanonymous.com/diy/Schematics/Oscillators%20LFOs%20and%20Signal%20Generators/Tony%20Clark%20VCLFO.gif,,schematic,gif,200,11274,85277174eec97d29f6fc5267f82fe4c2f2d64e59bf4cd3e375c5dd500a996cc7,2026-09-19,1,ocr_boxes,2026-09-20,ocr_boxes-1,2026-09-20,parts-2026-09-20f,,,
https://experimentalistsanonymous.com/diy/Schematics/Oscillators%20LFOs%20and%20Signal%20Generators/Triangle%20Square%20and%20Sine%20Test%20Oscillator.jpg,,schematic,jpeg,200,94923,eb965fefeff42dd78c8e4fbd36bff2c3ac8e860de3886e8b533c52dc5b1d1d82,2026-09-19,1,ocr_boxes,2026-09-20,ocr_boxes-1,2026-09-20,parts-2026-09-20f,,,
https://experimentalistsanonymous.com/diy/Schematics/Oscillators%20LFOs%20and%20Signal%20Generators/Voltage%20Controlled%20Triangle%20and%20Square%20wave.pdf,,schematic,pdf,200,35523,9880c7252dc201b7af8183432d9965913a3e3b0eb16d94fd4bfffe9b2e83c290,2026-09-19,3,ocr_boxes,2026-09-20,ocr_boxes-1,2026-09-20,parts-2026-09-20f,,,
https://experimentalistsanonymous.com/diy/Schematics/Phasers/Carlin%20phaser.gif,,schematic,gif,200,15413,ffcc35755c781ff23ef233537933ba5e73798bb047b73cc18e50cbbdc75cc98e,2026-09-19,1,ocr_boxes,2026-09-20,ocr_boxes-1,2026-09-20,parts-2026-09-20f,,,
https://experimentalistsanonymous.com/diy/Schematics/Phasers/Cookbook%20Phase%20Shifter.gif,,schematic,gif,200,330825,9bda10a9960ebe1e1b7bfe97e5bef064b31634f6678a684dfb199414ea82c3a2,2026-09-19,1,ocr_boxes,2026-09-20,ocr_boxes-1,2026-09-20,parts-2026-09-20f,,,
https://experimentalistsanonymous.com/diy/Schematics/Phasers/DOD%20595.jpg,,schematic,jpeg,200,128104,bec9d6752db3b79eb085e6cf327beecbe1e88f7a77def8542f404bb7442cdd6b,2026-09-19,1,ocr_boxes,2026-09-20,ocr_boxes-1,2026-09-20,parts-2026-09-20f,,,
https://experimentalistsanonymous.com/diy/Schematics/Phasers/DOD%20FX20C.gif,,schematic,gif,200,30614,de9a792725d573f93dc980de875f8c3e8ada7d798e4843dc695cbd91035c405d,2026-09-19,1,ocr_boxes,2026-09-20,ocr_boxes-1,2026-09-20,parts-2026-09-20f,,,
https://experimentalistsanonymous.com/diy/Schematics/Phasers/DOD%20Phasor%20201%20or%20MXR%20Phase%2045.gif,,schematic,gif,200,16970,6f5711700bd4367b3545b8683ed19d88a1ce6b7e304229d43ef88f8365d5c2b4,2026-09-19,1,ocr_boxes,2026-09-20,ocr_boxes-1,2026-09-20,parts-2026-09-20f,,,
https://experimentalistsanonymous.com/diy/Schematics/Phasers/Danelectro%20Pepperoni%20Phaser.gif,,schematic,gif,200,17969,9939627b05f0e820add2e1de30adc4b76fa5a6c556688af12e80721100dd2a83,2026-09-19,1,ocr_boxes,2026-09-20,ocr_boxes-1,2026-09-20,parts-2026-09-20f,,,
https://experimentalistsanonymous.com/diy/Schematics/Phasers/Electro%20Harmonix%20Badstone%201.jpg,,schematic,jpeg,200,236476,c599795b665124b9b2d06257a1dc1871db5e24568c47209512d7f3ed2baf53e8,2026-09-19,1,ocr_boxes,2026-09-20,ocr_boxes-1,2026-09-20,parts-2026-09-20f,,,
https://experimentalistsanonymous.com/diy/Schematics/Phasers/Electro%20Harmonix%20Badstone%202.jpg,,schematic,jpeg,200,111228,ed37be55a51c039f179420c99fe17ddd4afee3385c5801d91bb3abbedcdb7bb3,2026-09-19,1,ocr_boxes,2026-09-20,ocr_boxes-1,2026-09-20,parts-2026-09-20f,,,
https://experimentalistsanonymous.com/diy/Schematics/Phasers/Electro%20Harmonix%20Small%20Stone.gif,,schematic,gif,200,14848,a42db5d829e30075f6e72c6378d2b1d3a14acb6a760440c3cda67d3708a51e97,2026-09-19,1,ocr_boxes,2026-09-20,ocr_boxes-1,2026-09-20,parts-2026-09-20f,,,
https://experimentalistsanonymous.com/diy/Schematics/Phasers/Ibanez%20PT-90.gif,,schematic,gif,200,72221,2b7ab0b553a94b22c625a716b899c227153c3d72d84550892f34f1771d2f7f50,2026-09-19,1,ocr_boxes,2026-09-20,ocr_boxes-1,2026-09-20,parts-2026-09-20f,,,
https://experimentalistsanonymous.com/diy/Schematics/Phasers/Ibanez%20PT909.pdf,,schematic,pdf,200,47573,7b51e4c4b6a0c5d1e94dd9e15364285cffb179147ee0f9f11a019bbe67aa9a71,2026-09-19,1,ocr_boxes,2026-09-20,ocr_boxes-1,2026-09-20,parts-2026-09-20f,,,
https://experimentalistsanonymous.com/diy/Schematics/Phasers/Jen%20HF%20Modulator.gif,,schematic,gif,200,8471,6da13346a6118ae5a8dc3a80c35ddd914a57b3fd122ec47c5ea4a9322bfa5148,2026-09-19,1,ocr_boxes,2026-09-20,ocr_boxes-1,2026-09-20,parts-2026-09-20f,,,
https://experimentalistsanonymous.com/diy/Schematics/Phasers/Korg%20PHS-1.gif,,schematic,gif,200,64896,599d2e980d874aa7fd186011793f4dc8535ccd07404dd2a3e7507289d33b9fe3,2026-09-19,1,ocr_boxes,2026-09-20,ocr_boxes-1,2026-09-20,parts-2026-09-20f,,,
https://experimentalistsanonymous.com/diy/Schematics/Phasers/Korg%20Phaser.gif,,schematic,gif,200,64896,599d2e980d874aa7fd186011793f4dc8535ccd07404dd2a3e7507289d33b9fe3,2026-09-19,1,ocr_boxes,2026-09-20,ocr_boxes-1,2026-09-20,parts-2026-09-20f,,,
https://experimentalistsanonymous.com/diy/Schematics/Phasers/Maestro%20Bi-phase.gif,,schematic,gif,200,14407,22f8f20d704e48d47ddcadeaf17775a4fc3b8a76a237805928e19e42ff2ff40e,2026-09-19,1,ocr_boxes,2026-09-20,ocr_boxes-1,2026-09-20,parts-2026-09-20f,,,
https://experimentalistsanonymous.com/diy/Schematics/Phasers/Maestro%20MPS-2.gif,,schematic,gif,200,129541,39274a7aaf6d91e6f9f094967b7eeb77e9fe846e6776482945e82826003bc36f,2026-09-19,1,ocr_boxes,2026-09-20,ocr_boxes-1,2026-09-20,parts-2026-09-20f,,,
https://experimentalistsanonymous.com/diy/Schematics/Phasers/Misc%20phaser.gif,,schematic,gif,200,236897,b5bfbab0374d388067a69efde4faf956be04282e008c351fa819b566fc1f4e30,2026-09-19,1,ocr_boxes,2026-09-20,ocr_boxes-1,2026-09-20,parts-2026-09-20f,,,
https://experimentalistsanonymous.com/diy/Schematics/Phasers/Morley%20POB.pdf,,schematic,pdf,200,308721,4a8b94a6acc1193ef7284eb6a5a79d70def75dce69bf15238506ad6f4fce12e8,2026-09-19,1,ocr_boxes,2026-09-20,ocr_boxes-1,2026-09-20,parts-2026-09-20f,,,
https://experimentalistsanonymous.com/diy/Schematics/Phasers/Mu-Tron%20Bi-Phase%20Phase%20Stage.gif,,schematic,gif,200,14407,22f8f20d704e48d47ddcadeaf17775a4fc3b8a76a237805928e19e42ff2ff40e,2026-09-19,1,ocr_boxes,2026-09-20,ocr_boxes-1,2026-09-20,parts-2026-09-20f,,,
https://experimentalistsanonymous.com/diy/Schematics/Phasers/Mu-Tron%20Bi-phase%20page%201.gif,,schematic,gif,200,183744,0500839f343d4236f4128686f29ad4a32f60c1e84db724cd22da2fa41ce7a27f,2026-09-19,1,ocr_boxes,2026-09-20,ocr_boxes-1,2026-09-20,parts-2026-09-20f,,,
https://experimentalistsanonymous.com/diy/Schematics/Phasers/Mu-Tron%20Bi-phase%20page%202.gif,,schematic,gif,200,190155,12d9ec8e13387d3d2950cc8e1448f84b9021fe68e841e75c3bbda8ea8ce0c528,2026-09-19,1,ocr_boxes,2026-09-20,ocr_boxes-1,2026-09-20,parts-2026-09-20f,,,
https://experimentalistsanonymous.com/diy/Schematics/Phasers/Mu-Tron%20Bi-phase%20page%203.gif,,schematic,gif,200,88298,d49cac1c9860a0051a239f7b8a715ea6e15518573a99f2564e0a0c4fc79c2de8,2026-09-19,1,ocr_boxes,2026-09-20,ocr_boxes-1,2026-09-20,parts-2026-09-20f,,,
https://experimentalistsanonymous.com/diy/Schematics/Phasers/Mu-tron%20Phaser%202.jpg,,schematic,jpeg,200,123324,2e5dd6779afd8cc2783e4c32647a615a13dc3945096db844f43bf387539ec12e,2026-09-19,1,ocr_boxes,2026-09-20,ocr_boxes-1,2026-09-20,parts-2026-09-20f,,,
https://experimentalistsanonymous.com/diy/Schematics/Phasers/Nobels%20PH-D.pdf,,schematic,pdf,200,45460,59cbc2e41f20ec90102ff58534c67cedaade252aad175e1e005a879305267d8a,2026-09-19,1,ocr_boxes,2026-09-20,ocr_boxes-1,2026-09-20,parts-2026-09-20f,,,
https://experimentalistsanonymous.com/diy/Schematics/Phasers/Oberheim%20PS-1.gif,,schematic,gif,200,16384,d24c03fc52e34142b68839e604df6e11b0b309ad46dac6b930ef57d7a765f05f,2026-09-19,1,ocr_boxes,2026-09-20,ocr_boxes-1,2026-09-20,parts-2026-09-20f,,,
https://experimentalistsanonymous.com/diy/Schematics/Phasers/Oberheim%20PS-1.pdf,,schematic,pdf,200,15285,765836681a2a017fb82906e172831d549b2822045a00281bf61b43c662752220,2026-09-19,1,ocr_boxes,2026-09-20,ocr_boxes-1,2026-09-20,parts-2026-09-20f,,,
https://experimentalistsanonymous.com/diy/Schematics/Phasers/Pearl%20Phaser.gif,,schematic,gif,200,124145,b9b52020d6fe06b9cbd59e701408b7640c114e1e3ab33cdb10efd89ddc197aa2,2026-09-19,1,ocr_boxes,2026-09-20,ocr_boxes-1,2026-09-20,parts-2026-09-20f,,,
https://experimentalistsanonymous.com/diy/Schematics/Phasers/Rocktek%20Phaser.gif,,schematic,gif,200,104085,29d84b95932d59daa0775b68cf27ff5f6a0df3811d198db64678289bf5e31673,2026-09-19,1,ocr_boxes,2026-09-20,ocr_boxes-1,2026-09-20,parts-2026-09-20f,,,
https://experimentalistsanonymous.com/diy/Schematics/Phasers/Ross%20Phaser.png,,schematic,png,200,77540,7e9dd7b91335088807d528f955edca58b06c8992f3d7411a38c747a9a5966071,2026-09-19,1,ocr_boxes,2026-09-20,ocr_boxes-1,2026-09-20,parts-2026-09-20f,,,
https://experimentalistsanonymous.com/diy/Schematics/Phasers/Sawtooth%20Manual%20Phase%20Shifter.pdf,,schematic,pdf,200,2135,88eb789a9f2ce6f43276e07655ecffc776e5e4bb2afaa977d658b5f6aa691dec,2026-09-19,1,ocr_boxes,2026-09-20,ocr_boxes-1,2026-09-20,parts-2026-09-20f,,,
https://experimentalistsanonymous.com/diy/Schematics/Phasers/Schaller%20Phaser%201.jpg,,schematic,jpeg,200,568380,ab2c8628f5f6372785b80669595b63c37a7f128e629ad5d0c981ff517897e100,2026-09-19,1,ocr_boxes,2026-09-20,ocr_boxes-1,2026-09-20,parts-2026-09-20f,,,
https://experimentalistsanonymous.com/diy/Schematics/Phasers/Simple%20phaser.jpg,,schematic,jpeg,200,59313,7af33fb910f6bbc8733538c7f0e53d3a84ed42b001635639ead182610d3293dc,2026-09-19,1,ocr_boxes,2026-09-20,ocr_boxes-1,2026-09-20,parts-2026-09-20f,,,
https://experimentalistsanonymous.com/diy/Schematics/Phasers/Single%20Phase%20Stage.gif,,schematic,gif,200,3519,f13f7f95de7bb97fbbc7c9f302c7d678a07da7918eea6dac83c31a9c009b36b8,2026-09-19,1,ocr_boxes,2026-09-20,ocr_boxes-1,2026-09-20,parts-2026-09-20f,,,
https://experimentalistsanonymous.com/diy/Schematics/Phasers/Univox%20Microphaser.gif,,schematic,gif,200,85178,2ffbba9275b68c92a8711c412e73bc3b4b105b422261201b78ae3f84e8252b03,2026-09-19,1,ocr_boxes,2026-09-20,ocr_boxes-1,2026-09-20,parts-2026-09-20f,,,
https://experimentalistsanonymous.com/diy/Schematics/Phasers/Vox%20and%20Guyatone%201900%20Phaser.jpg,,schematic,jpeg,200,341117,f94dbd76fe10c26189b91aaedcc25f26e146d5c94a5f7019a5d375965b6363d8,2026-09-19,1,ocr_boxes,2026-09-20,ocr_boxes-1,2026-09-20,parts-2026-09-20f,,,
https://experimentalistsanonymous.com/diy/Schematics/Power%20Supplies%20and%20Other%20Useful%20Stuff/9V%20battery%20wiring.gif,,schematic,gif,200,11151,debc42f7f5afbd9153fd86ea749555448abc97f2c11f70bb759b2f09ed8ab723,2026-09-19,1,ocr_boxes,2026-09-20,ocr_boxes-1,2026-09-20,parts-2026-09-20f,,,
https://experimentalistsanonymous.com/diy/Schematics/Power%20Supplies%20and%20Other%20Useful%20Stuff/Bi-Polar%20Power%20Supply%20Ideas.gif,,schematic,gif,200,32642,16504b7acebdd576ec6c278e88aa7ee29195eb94432d334278691df18bc1c912,2026-09-19,1,ocr_boxes,2026-09-20,ocr_boxes-1,2026-09-20,parts-2026-09-20f,,,
https://experimentalistsanonymous.com/diy/Schematics/Power%20Supplies%20and%20Other%20Useful%20Stuff/Boss%20Standard%20Power%20Adapter.gif,,schematic,gif,200,4956,7f42f07196c6459772b50d0a630f963bfd0433683a38524240b5ad3d0e502a9e,2026-09-19,1,ocr_boxes,2026-09-20,ocr_boxes-1,2026-09-20,parts-2026-09-20f,,,
https://experimentalistsanonymous.com/diy/Schematics/Power%20Supplies%20and%20Other%20Useful%20Stuff/Clean%209V%20Power%20Supply.pdf,,schematic,pdf,200,8805,3614df335735a90c8eef6a28b44b73dcd81b7ed250ea2aa6daeb69f2dade5cbf,2026-09-19,1,ocr_boxes,2026-09-20,ocr_boxes-1,2026-09-20,parts-2026-09-20f,,,
https://experimentalistsanonymous.com/diy/Schematics/Power%20Supplies%20and%20Other%20Useful%20Stuff/Divider%20Ripple%20Counter.gif,,schematic,gif,200,113094,f4a230e27bc663bad85a77b1ec7de5259855d8befd74aede778c9ca13ccdc024,2026-09-19,1,ocr_boxes,2026-09-20,ocr_boxes-1,2026-09-20,parts-2026-09-20f,,,
https://experimentalistsanonymous.com/diy/Schematics/Power%20Supplies%20and%20Other%20Useful%20Stuff/Divider%20voltage%20sag.gif,,schematic,gif,200,9396,aef7b074287071878d90f804ed4269aa369b27254b32d1525ec97689901c06cd,2026-09-19,1,ocr_boxes,2026-09-20,ocr_boxes-1,2026-09-20,parts-2026-09-20f,,,
https://experimentalistsanonymous.com/diy/Schematics/Power%20Supplies%20and%20Other%20Useful%20Stuff/EMS%20VCS3%20PSU.GIF,,schematic,gif,200,31738,124aaf9ad8f05cb3b7a15fc1820a55e8d9e0bd9ff7f26f52aeba099acf761b3a,2026-09-19,1,ocr_boxes,2026-09-20,ocr_boxes-1,2026-09-20,parts-2026-09-20f,,,
https://experimentalistsanonymous.com/diy/Schematics/Power%20Supplies%20and%20Other%20Useful%20Stuff/LED%20VU%20Meter.GIF,,schematic,gif,200,16447,fbe080423bdab044457d086ac86b8fc8b3977fbda8cdb46133fcf104e9c1d1c1,2026-09-19,1,ocr_boxes,2026-09-20,ocr_boxes-1,2026-09-20,parts-2026-09-20f,,,
https://experimentalistsanonymous.com/diy/Schematics/Power%20Supplies%20and%20Other%20Useful%20Stuff/Phantom%20power%20supply.jpg,,schematic,jpeg,200,14646,925a04c5a3b7ec538c334bdf6e46a6849f02a0b0e9247ff9c20a9efadccc2ff1,2026-09-19,1,ocr_boxes,2026-09-20,ocr_boxes-1,2026-09-20,parts-2026-09-20f,,,
https://experimentalistsanonymous.com/diy/Schematics/Power%20Supplies%20and%20Other%20Useful%20Stuff/Phantom%20powered%20active%20direct%20box.jpg,,schematic,jpeg,200,17528,2db6d9bc815d30ce8c683981a0cecee444268efdc0265de4f21bbe15ba3504e8,2026-09-19,1,ocr_boxes,2026-09-20,ocr_boxes-1,2026-09-20,parts-2026-09-20f,,,
https://experimentalistsanonymous.com/diy/Schematics/Power%20Supplies%20and%20Other%20Useful%20Stuff/Series%20battery%20voltage%20sag.gif,,schematic,gif,200,17339,c1020407e7ad89d8817729f3835851e38155ceec0e62555d580851fd08fdc2c2,2026-09-19,1,ocr_boxes,2026-09-20,ocr_boxes-1,2026-09-20,parts-2026-09-20f,,,
https://experimentalistsanonymous.com/diy/Schematics/Power%20Supplies%20and%20Other%20Useful%20Stuff/Series%20voltage%20sag.gif,,schematic,gif,200,8093,ea3ad397b16964ce1966c58fc5cc4a8b68f8ef25397fe2a5c827a1a2f8736385,2026-09-19,1,ocr_boxes,2026-09-20,ocr_boxes-1,2026-09-20,parts-2026-09-20f,,,
https://experimentalistsanonymous.com/diy/Schematics/Power%20Supplies%20and%20Other%20Useful%20Stuff/Transistor%20Identification%20Chart.gif,,schematic,gif,200,11648,e7e62ca26ea307f3f00f4958d7d1fecd2d1b8e116081def5a8d66065e6cf3892,2026-09-19,1,ocr_boxes,2026-09-20,ocr_boxes-1,2026-09-20,parts-2026-09-20f,,,
https://experimentalistsanonymous.com/diy/Schematics/Reverb/BOSS%20RV-3.jpg,,schematic,jpeg,200,261746,cd4cdf1280f6a054249ed89f4fb12e4148809c6fec38e85b5ed790e6d50caf57,2026-09-19,1,ocr_boxes,2026-09-20,ocr_boxes-1,2026-09-20,parts-2026-09-20f,,,
https://experimentalistsanonymous.com/diy/Schematics/Reverb/Guitar%20Reverb%20Pedal.gif,,schematic,gif,200,13201,1a1eede82c84e8cd9c132a8f0a466b6fd3261ee4167d37a96799c9e8ab732078,2026-09-19,1,ocr_boxes,2026-09-20,ocr_boxes-1,2026-09-20,parts-2026-09-20f,,,
https://experimentalistsanonymous.com/diy/Schematics/Reverb/MN3011%20reverb.pdf,,schematic,pdf,200,460071,00f10eba1e2e864233df2a317af7fa359dc9c6000350d467ba8cbd380ae042df,2026-09-19,6,ocr_boxes,2026-09-20,ocr_boxes-1,2026-09-20,parts-2026-09-20f,,,
https://experimentalistsanonymous.com/diy/Schematics/Reverb/Polyfusion%20Spring%20Reverb.gif,,schematic,gif,200,68538,da83f51ba69a356b8b9eb2a592176e3f96ede84eefbe12c0879f44d2dc5a7af4,2026-09-19,1,ocr_boxes,2026-09-20,ocr_boxes-1,2026-09-20,parts-2026-09-20f,,,
https://experimentalistsanonymous.com/diy/Schematics/Reverb/Reverb%20Driver%20and%20Receiver.gif,,schematic,gif,200,10395,1ccfc3d124bd74c76f0343d87cc75eb62250059561c8a0b68d7d646f1827d504,2026-09-19,1,ocr_boxes,2026-09-20,ocr_boxes-1,2026-09-20,parts-2026-09-20f,,,
https://experimentalistsanonymous.com/diy/Schematics/Reverb/Stage%20Center%20Reverb.pdf,,schematic,pdf,200,7924,81cae8d478c80921be570899e1f107fbb8fa5f751a7a2ac48e15d45066d200c1,2026-09-19,1,ocr_boxes,2026-09-20,ocr_boxes-1,2026-09-20,parts-2026-09-20f,,,
https://experimentalistsanonymous.com/diy/Schematics/Ring%20Modulators%20and%20Frequency%20Shifters/AD633%20Ring%20Mod%20with%20LFO.jpg,,schematic,jpeg,200,114947,5893028ff1f1660f699ff087b997722cda233f938073d1f0ca397eb3f2449887,2026-09-19,1,ocr_boxes,2026-09-20,ocr_boxes-1,2026-09-20,parts-2026-09-20f,,,
https://experimentalistsanonymous.com/diy/Schematics/Ring%20Modulators%20and%20Frequency%20Shifters/Balanced%20Modulator.pdf,,schematic,pdf,200,44132,4978df4ec2d4384393413320a8a89592d0764d5b2b72911a3f6c389d54b6d6ab,2026-09-19,1,ocr_boxes,2026-09-20,ocr_boxes-1,2026-09-20,parts-2026-09-20f,,,
https://experimentalistsanonymous.com/diy/Schematics/Ring%20Modulators%20and%20Frequency%20Shifters/Buffered%20AD633%20Ring%20Mod.gif,,schematic,gif,200,8199,b6aac3a9972e435bc8265d81054c86e28760bb1fed807e38954995fb2db00273,2026-09-19,1,ocr_boxes,2026-09-20,ocr_boxes-1,2026-09-20,parts-2026-09-20f,,,
https://experimentalistsanonymous.com/diy/Schematics/Ring%20Modulators%20and%20Frequency%20Shifters/DOD%20Gonkulator%20Schematic%20maybe.gif,,schematic,gif,200,46314,05f52f6a5704e29358c188ebbde866367fa028631819ebc9a599f88c2c7e8680,2026-09-19,1,ocr_boxes,2026-09-20,ocr_boxes-1,2026-09-20,parts-2026-09-20f,,,
https://experimentalistsanonymous.com/diy/Schematics/Ring%20Modulators%20and%20Frequency%20Shifters/Electro%20Harmonix%20Frequency%20Analyzer%201.gif,,schematic,gif,200,36001,cf42947e9508f92fdee62d2b7dd6aa1056cca14dcc104f558e88de33b00d3669,2026-09-19,1,ocr_boxes,2026-09-20,ocr_boxes-1,2026-09-20,parts-2026-09-20f,,,
https://experimentalistsanonymous.com/diy/Schematics/Ring%20Modulators%20and%20Frequency%20Shifters/Electro%20Harmonix%20Frequency%20Analyzer%202.gif,,schematic,gif,200,29146,ea08854fe59647c1371203396191d1ec807c643d1b21df8b85a7e3a360143f03,2026-09-19,1,ocr_boxes,2026-09-20,ocr_boxes-1,2026-09-20,parts-2026-09-20f,,,
https://experimentalistsanonymous.com/diy/Schematics/Ring%20Modulators%20and%20Frequency%20Shifters/Electro%20Harmonix%20Frequency%20Analyzer%203.gif,,schematic,gif,200,48894,f90fcdce8f6fa10482b03c4d80455a964927dead3016e6e4cd91dc604d902718,2026-09-19,1,ocr_boxes,2026-09-20,ocr_boxes-1,2026-09-20,parts-2026-09-20f,,,
https://experimentalistsanonymous.com/diy/Schematics/Ring%20Modulators%20and%20Frequency%20Shifters/Electro%20Harmonix%20Frequency%20Analyzer%204.gif,,schematic,gif,200,62886,c4d56e7233be185fdfe6a9f318fa613d3c5e309b73297f915dd0119bd0486fd7,2026-09-19,1,ocr_boxes,2026-09-20,ocr_boxes-1,2026-09-20,parts-2026-09-20f,,,
https://experimentalistsanonymous.com/diy/Schematics/Ring%20Modulators%20and%20Frequency%20Shifters/Fatman%20Simple%20AD633JN%20Ring%20Modulator.gif,,schematic,gif,200,5526,2db783d4bb742c92e1c2a9694478d8941b33af96b9822f4d0ea74d2189726e6f,2026-09-19,1,ocr_boxes,2026-09-20,ocr_boxes-1,2026-09-20,parts-2026-09-20f,,,
https://experimentalistsanonymous.com/diy/Schematics/Ring%20Modulators%20and%20Frequency%20Shifters/LM13700%20ring%20mod.pdf,,schematic,pdf,200,10329,147577f82a3d08f1c078591107771a68fba8d4a0e14821fd741e911b66fd84b3,2026-09-19,2,ocr_boxes,2026-09-20,ocr_boxes-1,2026-09-20,parts-2026-09-20f,,,
https://experimentalistsanonymous.com/diy/Schematics/Ring%20Modulators%20and%20Frequency%20Shifters/Light%20Metal%20Effects%20Penfold%20Ring%20Mod.pdf,,schematic,pdf,200,659367,89000ab81045b9870a5ece488135390569b613d5c7ed934b72a57e4de8c2f5de,2026-09-19,5,ocr_boxes,2026-09-20,ocr_boxes-1,2026-09-20,parts-2026-09-20f,,,
https://experimentalistsanonymous.com/diy/Schematics/Ring%20Modulators%20and%20Frequency%20Shifters/Maestro%20RingMod.gif,,schematic,gif,200,48797,043c829073a3c692c99533c57060955fad56a101b5f81a08086ab45d6e84a63d,2026-09-19,1,ocr_boxes,2026-09-20,ocr_boxes-1,2026-09-20,parts-2026-09-20f,,,
https://experimentalistsanonymous.com/diy/Schematics/Ring%20Modulators%20and%20Frequency%20Shifters/Moog%20Frequency%20Shifter.gif,,schematic,gif,200,404992,81592424d7262abe6733164f58cd0a44eae39afd060944b26f4e5e7eecc21737,2026-09-19,1,ocr_boxes,2026-09-20,ocr_boxes-1,2026-09-20,parts-2026-09-20f,,,
https://experimentalistsanonymous.com/diy/Schematics/Ring%20Modulators%20and%20Frequency%20Shifters/Old-style%20ring%20mod.gif,,schematic,gif,200,11603,a112416404938e7f2adb40bb053d765fe830ec12d2200173db318302fb13b45a,2026-09-19,1,ocr_boxes,2026-09-20,ocr_boxes-1,2026-09-20,parts-2026-09-20f,,,
https://experimentalistsanonymous.com/diy/Schematics/Ring%20Modulators%20and%20Frequency%20Shifters/Paia%20balanced%20modulator.gif,,schematic,gif,200,26750,a64d58ae87109e524114e3c3191081fa33fe7283ee1f0645f9f26f81e70cc934,2026-09-19,1,ocr_boxes,2026-09-20,ocr_boxes-1,2026-09-20,parts-2026-09-20f,,,
https://experimentalistsanonymous.com/diy/Schematics/Ring%20Modulators%20and%20Frequency%20Shifters/Serge%20ring%20modulator.pdf,,schematic,pdf,200,12708,7bbe9b8c950409787e2ccfe3a983e1b12af011b8f7dc490edad11d68f151841b,2026-09-19,1,ocr_boxes,2026-09-20,ocr_boxes-1,2026-09-20,parts-2026-09-20f,,,
https://experimentalistsanonymous.com/diy/Schematics/Tone%20Control%20and%20EQs/10%20Band%20Graphic%20EQ.gif,,schematic,gif,200,9216,a7df5949410a3231d8e12f320ab7e047f2fbf5b0f4c09b726d0aa9db48d80e9c,2026-09-19,1,ocr_boxes,2026-09-20,ocr_boxes-1,2026-09-20,parts-2026-09-20f,,,
https://experimentalistsanonymous.com/diy/Schematics/Tone%20Control%20and%20EQs/45%20to%2090%20hz%20hum%20filter.gif,,schematic,gif,200,5908,080e91bf799767b6b2c69b588a2f3f04f4c06584ae99fd75a7baa452466e6417,2026-09-19,1,ocr_boxes,2026-09-20,ocr_boxes-1,2026-09-20,parts-2026-09-20f,,,
https://experimentalistsanonymous.com/diy/Schematics/Tone%20Control%20and%20EQs/Acoustic%20simulator.gif,,schematic,gif,200,8295,3137ca8d07178900f5cda0d8874da0f4b5adff3280c21d9c1110f63170b86d74,2026-09-19,1,ocr_boxes,2026-09-20,ocr_boxes-1,2026-09-20,parts-2026-09-20f,,,
https://experimentalistsanonymous.com/diy/Schematics/Tone%20Control%20and%20EQs/Active%203%20Band%20Tone%20Control.pdf,,schematic,pdf,200,8081,91ec1ae8c6a0dddcadf492e68ed605e3c4aa485273a099805a7818695ba87f02,2026-09-19,1,ocr_boxes,2026-09-20,ocr_boxes-1,2026-09-20,parts-2026-09-20f,,,
https://experimentalistsanonymous.com/diy/Schematics/Tone%20Control%20and%20EQs/Active%203%20band%20tone%20control%202.gif,,schematic,gif,200,7901,fbe19914fe16779ecbf42732d3d1ea136ccc4afdebf8c0b34212e4e4b786d36a,2026-09-19,1,ocr_boxes,2026-09-20,ocr_boxes-1,2026-09-20,parts-2026-09-20f,,,
https://experimentalistsanonymous.com/diy/Schematics/Tone%20Control%20and%20EQs/Active%20Notch%20Filter.gif,,schematic,gif,200,8297,c2c5ea171af2fecaf374929198829b134744622f6c11012c599e05f3eb9a1f55,2026-09-19,1,ocr_boxes,2026-09-20,ocr_boxes-1,2026-09-20,parts-2026-09-20f,,,
https://experimentalistsanonymous.com/diy/Schematics/Tone%20Control%20and%20EQs/Anderton%20Frequency%20Booster.gif,,schematic,gif,200,4097,88d13176fddcb192ad4a3caa5b7b30f166648a89a138c379e1cff795f0ff1729,2026-09-19,1,ocr_boxes,2026-09-20,ocr_boxes-1,2026-09-20,parts-2026-09-20f,,,
https://experimentalistsanonymous.com/diy/Schematics/Tone%20Control%20and%20EQs/BOSS%20GE-7.pdf,,schematic,pdf,200,103871,67ff08152f0c671822ffdc20e8b562184cb559c904b655ee5f6ec36d93e8899d,2026-09-19,1,ocr_boxes,2026-09-20,ocr_boxes-1,2026-09-20,parts-2026-09-20f,,,
https://experimentalistsanonymous.com/diy/Schematics/Tone%20Control%20and%20EQs/Body%20Control.gif,,schematic,gif,200,4754,b446a1455ef2dde686405f16f8b910648fe50e09be24dd0c18d7071484791733,2026-09-19,1,ocr_boxes,2026-09-20,ocr_boxes-1,2026-09-20,parts-2026-09-20f,,,
https://experimentalistsanonymous.com/diy/Schematics/Tone%20Control%20and%20EQs/Chebyshev%20LPF.gif,,schematic,gif,200,6364,f81c9df671b69decdb374dc0c27a2115b720576bd43409e264bf7b4fdad2ff32,2026-09-19,1,ocr_boxes,2026-09-20,ocr_boxes-1,2026-09-20,parts-2026-09-20f,,,
https://experimentalistsanonymous.com/diy/Schematics/Tone%20Control%20and%20EQs/DOD%20FX40B.gif,,schematic,gif,200,69273,23a520fbd7eb7ffb6b847ab1fe57041bf0ad02ffd86c6b8a3d4c9bcc699a4d95,2026-09-19,1,ocr_boxes,2026-09-20,ocr_boxes-1,2026-09-20,parts-2026-09-20f,,,
https://experimentalistsanonymous.com/diy/Schematics/Tone%20Control%20and%20EQs/Elektor%20Harmonic%20Enhancer%202.gif,,schematic,gif,200,35026,806bb355ea1d9eb30e81ac49ebafc7bf6d1cc4524c0168d1dd2b5bbc869fc331,2026-09-19,1,ocr_boxes,2026-09-20,ocr_boxes-1,2026-09-20,parts-2026-09-20f,,,
https://experimentalistsanonymous.com/diy/Schematics/Tone%20Control%20and%20EQs/Elektor%20Harmonic%20Enhancer.gif,,schematic,gif,200,84616,0178cb1486699e8f89585461579c63ed9670299e59b9f52cb15a0a78ff123b65,2026-09-19,1,ocr_boxes,2026-09-20,ocr_boxes-1,2026-09-20,parts-2026-09-20f,,,
https://experimentalistsanonymous.com/diy/Schematics/Tone%20Control%20and%20EQs/Elektor%20Parametric%20EQ.gif,,schematic,gif,200,99612,b807e36c102179b782109b9ced2320c520686b086a585332b27f356b17121216,2026-09-19,1,ocr_boxes,2026-09-20,ocr_boxes-1,2026-09-20,parts-2026-09-20f,,,
https://experimentalistsanonymous.com/diy/Schematics/Tone%20Control%20and%20EQs/Four%20Band%20EQ.pdf,,schematic,pdf,200,13404,f384d245a374e27a5c96830f5f7a6ffaeb3a34383953a4190fed57be8ad6e930,2026-09-19,1,ocr_boxes,2026-09-20,ocr_boxes-1,2026-09-20,parts-2026-09-20f,,,
https://experimentalistsanonymous.com/diy/Schematics/Tone%20Control%20and%20EQs/Frequency%20Brighteners.pdf,,schematic,pdf,200,9140,5457685a7cb62e1176bcdcb85873a70454c9fe8698c10b532a14405673dfd5e0,2026-09-19,1,ocr_boxes,2026-09-20,ocr_boxes-1,2026-09-20,parts-2026-09-20f,,,
https://experimentalistsanonymous.com/diy/Schematics/Tone%20Control%20and%20EQs/Gibson%20RD77%20Artist%20Guitar%20Electronics.pdf,,schematic,pdf,200,794726,2236a1bed0249a5f50cfc830c4ea1cf922d95b4105df16d5d359a311dd653078,2026-09-19,2,ocr_boxes,2026-09-20,ocr_boxes-1,2026-09-20,parts-2026-09-20f,,,
https://experimentalistsanonymous.com/diy/Schematics/Tone%20Control%20and%20EQs/Graphic%20EQ.gif,,schematic,gif,200,10167,70b8ed2496d13fe8ffa5af899aa953423b59e73e95918346b0788b9ba75c9a10,2026-09-19,1,ocr_boxes,2026-09-20,ocr_boxes-1,2026-09-20,parts-2026-09-20f,,,
https://experimentalistsanonymous.com/diy/Schematics/Tone%20Control%20and%20EQs/Harmonic%20Sweetener.pdf,,schematic,pdf,200,8595,3fe3f46eb606e524138f43ca5c2108568a0bd240758b1f5410d861c86212467b,2026-09-19,1,ocr_boxes,2026-09-20,ocr_boxes-1,2026-09-20,parts-2026-09-20f,,,
https://experimentalistsanonymous.com/diy/Schematics/Tone%20Control%20and%20EQs/Ibanez%20BE-10%20Graphic%20Bass%20EQ.gif,,schematic,gif,200,85874,5cfb4b8ece8f019f11d1d469a0752e5a21273cccc3855820ea8aa64ebd7154c5,2026-09-19,1,ocr_boxes,2026-09-20,ocr_boxes-1,2026-09-20,parts-2026-09-20f,,,
https://experimentalistsanonymous.com/diy/Schematics/Tone%20Control%20and%20EQs/Ibanez%20Graphic%20EQ.gif,,schematic,gif,200,85874,5cfb4b8ece8f019f11d1d469a0752e5a21273cccc3855820ea8aa64ebd7154c5,2026-09-19,1,ocr_boxes,2026-09-20,ocr_boxes-1,2026-09-20,parts-2026-09-20f,,,
https://experimentalistsanonymous.com/diy/Schematics/Tone%20Control%20and%20EQs/Ibanez%20PQL%20Parametric%20EQ.pdf,,schematic,pdf,200,18968,d045928d18bbce69f430636eb3e827a4a63625eba3c107789f9f6c0f94ec44e2,2026-09-19,1,ocr_boxes,2026-09-20,ocr_boxes-1,2026-09-20,parts-2026-09-20f,,,
https://experimentalistsanonymous.com/diy/Schematics/Tone%20Control%20and%20EQs/Korg%20Parametric%20EQ.gif,,schematic,gif,200,70990,5ae7e5ac9704eba9044e7c2e0aaf69ddac0d71ae5cc1c004adad62022603116e,2026-09-19,1,ocr_boxes,2026-09-20,ocr_boxes-1,2026-09-20,parts-2026-09-20f,,,
https://experimentalistsanonymous.com/diy/Schematics/Tone%20Control%20and%20EQs/Korg%20Tone%20Booster.gif,,schematic,gif,200,56139,7496eadb4c3f931f9f03cbb66c0347ea846112a4c67fca489b3dc9b7d2b48500,2026-09-19,1,ocr_boxes,2026-09-20,ocr_boxes-1,2026-09-20,parts-2026-09-20f,,,
https://experimentalistsanonymous.com/diy/Schematics/Tone%20Control%20and%20EQs/Mixers%20and%20EQs.gif,,schematic,gif,200,22944,e44861c322703a626f8c56ec3a204389fa3f23cc3fa640ca16a62e3071c10c08,2026-09-19,1,ocr_boxes,2026-09-20,ocr_boxes-1,2026-09-20,parts-2026-09-20f,,,
https://experimentalistsanonymous.com/diy/Schematics/Tone%20Control%20and%20EQs/Modified%20VOX%20Treble%20Booster.jpg,,schematic,jpeg,200,18709,d1eed71739efbb0a03b54bd976488862a3da7ba2273f9bbd07e1bacf5473b417,2026-09-19,1,ocr_boxes,2026-09-20,ocr_boxes-1,2026-09-20,parts-2026-09-20f,,,
https://experimentalistsanonymous.com/diy/Schematics/Tone%20Control%20and%20EQs/Moog%20Parametric%20EQ.jpg,,schematic,jpeg,200,353883,4f247a1fce753d3f5fac623bf5c3df476afb073fdeb02d833ee382d301b56eb1,2026-09-19,1,ocr_boxes,2026-09-20,ocr_boxes-1,2026-09-20,parts-2026-09-20f,,,
https://experimentalistsanonymous.com/diy/Schematics/Tone%20Control%20and%20EQs/Passive%20highpass%20filter.gif,,schematic,gif,200,2078,ecd8b402c8e455c3bdd7933d0849b95aa5cd070dbda4db76f7369b9133689019,2026-09-19,1,ocr_boxes,2026-09-20,ocr_boxes-1,2026-09-20,parts-2026-09-20f,,,
https://experimentalistsanonymous.com/diy/Schematics/Tone%20Control%20and%20EQs/Passive%20lowpass%20filter.gif,,schematic,gif,200,2072,88d17cc1917ec4c5a38a5689b6981b33d2d6b1b94e84ae563b3191670a13190e,2026-09-19,1,ocr_boxes,2026-09-20,ocr_boxes-1,2026-09-20,parts-2026-09-20f,,,
https://experimentalistsanonymous.com/diy/Schematics/Tone%20Control%20and%20EQs/Passive%20mic%20HP%20Filter.jpg,,schematic,jpeg,200,8286,fa3dbaf67c5dbbb57484231ed2f74b5ed4670f47cb0fe483c2fe3e5fda826148,2026-09-19,1,ocr_boxes,2026-09-20,ocr_boxes-1,2026-09-20,parts-2026-09-20f,,,
https://experimentalistsanonymous.com/diy/Schematics/Tone%20Control%20and%20EQs/Passive%20mic%20LP%20Filter.jpg,,schematic,jpeg,200,8373,55a701541ce2a59bfc2dc41be312cedc2c3c9f709086705d0ae217060a9906b5,2026-09-19,1,ocr_boxes,2026-09-20,ocr_boxes-1,2026-09-20,parts-2026-09-20f,,,
https://experimentalistsanonymous.com/diy/Schematics/Tone%20Control%20and%20EQs/Passive%20mic%20midrange%20boost.jpg,,schematic,jpeg,200,6957,b3dfdde71c3b1955f7d01cf075b38eaed0c52ed71251a03f801fdd3c164a9e05,2026-09-19,1,ocr_boxes,2026-09-20,ocr_boxes-1,2026-09-20,parts-2026-09-20f,,,
https://experimentalistsanonymous.com/diy/Schematics/Tone%20Control%20and%20EQs/Passive%20mic%20midrange%20cut.jpg,,schematic,jpeg,200,7977,5e4c7deb7ef11105f69867f7a90815552caa88bfe1887f8ee3486f89e378e5b6,2026-09-19,1,ocr_boxes,2026-09-20,ocr_boxes-1,2026-09-20,parts-2026-09-20f,,,
https://experimentalistsanonymous.com/diy/Schematics/Tone%20Control%20and%20EQs/Passive%20tone%20control.gif,,schematic,gif,200,12137,1e6d8b14e015421dcd2e954b46d07d3f52051917a75db389c3c68f3b1cf1bf16,2026-09-19,1,ocr_boxes,2026-09-20,ocr_boxes-1,2026-09-20,parts-2026-09-20f,,,
https://experimentalistsanonymous.com/diy/Schematics/Tone%20Control%20and%20EQs/Simple%203%20Band%20Tone%20Control.pdf,,schematic,pdf,200,7889,2238286a8480b5445b2f3b349d00197f92c55c8e3683a55b03d16527a7880bc0,2026-09-19,1,ocr_boxes,2026-09-20,ocr_boxes-1,2026-09-20,parts-2026-09-20f,,,
https://experimentalistsanonymous.com/diy/Schematics/Tone%20Control%20and%20EQs/Simple%203-band%20Tone%20Circuit.gif,,schematic,gif,200,6656,267765fd562c1771523b2d322e6b876511041984cbee55822bf26df26c46d65c,2026-09-19,1,ocr_boxes,2026-09-20,ocr_boxes-1,2026-09-20,parts-2026-09-20f,,,
https://experimentalistsanonymous.com/diy/Schematics/Tone%20Control%20and%20EQs/Single%20Op%20Amp%203%20Band%20Tone%20Control.gif,,schematic,gif,200,20889,7740d4eb97ece7bc5fa462c2aae6c9898699a5a5bbf6ee4c34fd25703f87e766,2026-09-19,1,ocr_boxes,2026-09-20,ocr_boxes-1,2026-09-20,parts-2026-09-20f,,,
https://experimentalistsanonymous.com/diy/Schematics/Tone%20Control%20and%20EQs/Stereo%20Frequency%20Splitting%20Effect.gif,,schematic,gif,200,236897,b5bfbab0374d388067a69efde4faf956be04282e008c351fa819b566fc1f4e30,2026-09-19,1,ocr_boxes,2026-09-20,ocr_boxes-1,2026-09-20,parts-2026-09-20f,,,
https://experimentalistsanonymous.com/diy/Schematics/Tone%20Control%20and%20EQs/Tone%20Booster.pdf,,schematic,pdf,200,4878,a00629a3284291f0494c2709d812a755f0998a91802341da538f509d358cada7,2026-09-19,1,ocr_boxes,2026-09-20,ocr_boxes-1,2026-09-20,parts-2026-09-20f,,,
https://experimentalistsanonymous.com/diy/Schematics/Tone%20Control%20and%20EQs/Tone%20Control%20Circuits.pdf,,schematic,pdf,200,11132,5623465898bff31fcdef16e596a94c884a2104825667023a553bd51b06f661b8,2026-09-19,1,ocr_boxes,2026-09-20,ocr_boxes-1,2026-09-20,parts-2026-09-20f,,,
https://experimentalistsanonymous.com/diy/Schematics/Tone%20Control%20and%20EQs/Tube%2050hz%20crossover.jpg,,schematic,jpeg,200,43830,de6b8b0a735a618a0d398cb2bca55c68ff5ab94498a4f8b433ea9a6425d83320,2026-09-19,1,ocr_boxes,2026-09-20,ocr_boxes-1,2026-09-20,parts-2026-09-20f,,,
https://experimentalistsanonymous.com/diy/Schematics/Tone%20Control%20and%20EQs/Versatile%20Multi-Band%20EQ.pdf,,schematic,pdf,200,7635,bf33faf3ee7c6d8dad80ac6ee1adb069f7922c32a4f7ef1b45dfba1acf6cd856,2026-09-19,1,ocr_boxes,2026-09-20,ocr_boxes-1,2026-09-20,parts-2026-09-20f,,,
https://experimentalistsanonymous.com/diy/Schematics/Tremolos%20and%20Panners/Anderton%20Tremolo.gif,,schematic,gif,200,9816,d001c713d4d42215971cfb86f8d2a5472fd28bcb39c699786a5865dea65a019b,2026-09-19,1,ocr_boxes,2026-09-20,ocr_boxes-1,2026-09-20,parts-2026-09-20f,,,
https://experimentalistsanonymous.com/diy/Schematics/Tremolos%20and%20Panners/Boss%20TR-2.pdf,,schematic,pdf,200,87965,c341ad4958a115af294b40a2d59ea8634fb1b8d4b94aec465f38803266fcaae8,2026-09-19,1,ocr_boxes,2026-09-20,ocr_boxes-1,2026-09-20,parts-2026-09-20f,,,
https://experimentalistsanonymous.com/diy/Schematics/Tremolos%20and%20Panners/Controllable%20Tremolo%20Circuit.pdf,,schematic,pdf,200,6626,983a9f384f7f66b364c707f26011952721e41dd3cfd0f797c0aa330eea39b4d6,2026-09-19,1,ocr_boxes,2026-09-20,ocr_boxes-1,2026-09-20,parts-2026-09-20f,,,
https://experimentalistsanonymous.com/diy/Schematics/Tremolos%20and%20Panners/Dean%20Hazelwater%20Anderton%20Panner.gif,,schematic,gif,200,42898,0a3df23e580fb530d33cdc4f1fd08f42ce0c349808ab3c6063d45ec63c9dea78,2026-09-19,1,ocr_boxes,2026-09-20,ocr_boxes-1,2026-09-20,parts-2026-09-20f,,,
https://experimentalistsanonymous.com/diy/Schematics/Tremolos%20and%20Panners/Kay%20Tremolo.gif,,schematic,gif,200,9728,1620a9d49d60d0036988580837be7b7ca1d50653e9a687e785285a1ad3984bcc,2026-09-19,1,ocr_boxes,2026-09-20,ocr_boxes-1,2026-09-20,parts-2026-09-20f,,,
https://experimentalistsanonymous.com/diy/Schematics/Tremolos%20and%20Panners/Left-Right%20Panner.GIF,,schematic,gif,200,8319,a9d10061f607a4f9e66ce396d095efba3be284644c368a058d7b9e3970f02a52,2026-09-19,1,ocr_boxes,2026-09-20,ocr_boxes-1,2026-09-20,parts-2026-09-20f,,,
https://experimentalistsanonymous.com/diy/Schematics/Tremolos%20and%20Panners/Single%20OA%20tremolo.gif,,schematic,gif,200,4774,41185d459b7d76d239a12d09c1b62b1d3123b83bd6fd1174e9d8af7b51d3362b,2026-09-19,1,ocr_boxes,2026-09-20,ocr_boxes-1,2026-09-20,parts-2026-09-20f,,,
https://experimentalistsanonymous.com/diy/Schematics/Tremolos%20and%20Panners/Voltage%20Controlled%20Panner.gif,,schematic,gif,200,15387,a8102f9ecf525d9fbb182c8dd1a51e4325de3c0ee56c999a9509dcbd2c6b43d4,2026-09-19,1,ocr_boxes,2026-09-20,ocr_boxes-1,2026-09-20,parts-2026-09-20f,,,
https://experimentalistsanonymous.com/diy/Schematics/Tremolos%20and%20Panners/Voltage%20Controlled%20Panner.pdf,,schematic,pdf,200,14310,d173dad17035028e2381b855f0d295c0744cd0526f85fa045befe577fad2724f,2026-09-19,1,ocr_boxes,2026-09-20,ocr_boxes-1,2026-09-20,parts-2026-09-20f,,,
https://experimentalistsanonymous.com/diy/Schematics/Vibrato%20and%20Pitch%20Shift/BOSS%20OC-2.pdf,,schematic,pdf,200,44590,b31cd1a885ea06fd551cc4e72f88b23279ca13bdd80916437ea4f7e4add32ae6,2026-09-19,1,ocr_boxes,2026-09-20,ocr_boxes-1,2026-09-20,parts-2026-09-20f,,,
https://experimentalistsanonymous.com/diy/Schematics/Vibrato%20and%20Pitch%20Shift/Blacet%20Frequency%20Divider.gif,,schematic,gif,200,35817,aac61f8692fbb2414e9cb3ae85ad91a50543450bd7a428a99d2495fb3e70641e,2026-09-19,1,ocr_boxes,2026-09-20,ocr_boxes-1,2026-09-20,parts-2026-09-20f,,,
https://experimentalistsanonymous.com/diy/Schematics/Vibrato%20and%20Pitch%20Shift/DOD%20FX35%20Octoplus.gif,,schematic,gif,200,25399,2df8d288e6f46bc16a6d3f4952fe4805d75a95c3a6033a44492ab8c36f6c94d1,2026-09-19,1,ocr_boxes,2026-09-20,ocr_boxes-1,2026-09-20,parts-2026-09-20f,,,
https://experimentalistsanonymous.com/diy/Schematics/Vibrato%20and%20Pitch%20Shift/Dan-Electro%20Chicken%20Salad.gif,,schematic,gif,200,19760,97737332120fe20edd0fe20d8004350cb779f9cff8a98d9d7815bfdf4c5780f5,2026-09-19,1,ocr_boxes,2026-09-20,ocr_boxes-1,2026-09-20,parts-2026-09-20f,,,
https://experimentalistsanonymous.com/diy/Schematics/Vibrato%20and%20Pitch%20Shift/Digitech%20XP100.pdf,,schematic,pdf,200,92479,b8577d38d8bbbb95f22d66a547e8df823348cdffcc2f5d9b71678de23d0a9aec,2026-09-19,6,ocr_boxes,2026-09-20,ocr_boxes-1,2026-09-20,parts-2026-09-20f,,,
https://experimentalistsanonymous.com/diy/Schematics/Vibrato%20and%20Pitch%20Shift/EMM%20Harmony%20Generator.PDF,,schematic,pdf,200,351637,20404039a1059b7ce8a32bd145aeb78da86778b4683d727ab7a0e39d21f3796b,2026-09-19,4,ocr_boxes,2026-09-20,ocr_boxes-1,2026-09-20,parts-2026-09-20f,,,
https://experimentalistsanonymous.com/diy/Schematics/Vibrato%20and%20Pitch%20Shift/Electro%20Harmonix%20Deluxe%20Octave%20Multiplexer.jpg,,schematic,jpeg,200,472210,6a5c13dd257eadd33df5e969e70e4bf907b6562b0544d175fdf1a5318575c3b2,2026-09-19,1,ocr_boxes,2026-09-20,ocr_boxes-1,2026-09-20,parts-2026-09-20f,,,
https://experimentalistsanonymous.com/diy/Schematics/Vibrato%20and%20Pitch%20Shift/Guitar%20Frequency%20doubleur.pdf,,schematic,pdf,200,933749,abe1dea686acd06ef0fd0d1ac306e55c77acb4cac8667718f874d6d2611049a1,2026-09-19,2,ocr_boxes,2026-09-20,ocr_boxes-1,2026-09-20,parts-2026-09-20f,,,
https://experimentalistsanonymous.com/diy/Schematics/Vibrato%20and%20Pitch%20Shift/Korg%20OCT-1.gif,,schematic,gif,200,85247,e2b0bb379b1f9c0566ed309d23d07a26d5f8efb2836e922123d4e101ac8147ea,2026-09-19,1,ocr_boxes,2026-09-20,ocr_boxes-1,2026-09-20,parts-2026-09-20f,,,
https://experimentalistsanonymous.com/diy/Schematics/Vibrato%20and%20Pitch%20Shift/Korg%20Octaver.gif,,schematic,gif,200,34081,48c47eaa68774f96898a00143774703ef062cb23e4b49e507d2b949fea9dd2b4,2026-09-19,1,ocr_boxes,2026-09-20,ocr_boxes-1,2026-09-20,parts-2026-09-20f,,,
https://experimentalistsanonymous.com/diy/Schematics/Vibrato%20and%20Pitch%20Shift/Maestro%20Octave.pdf,,schematic,pdf,200,86423,5152d8bac9df74d80a81c908807a30fc2c57e8fc91761d074be0e625c87faf89,2026-09-19,2,ocr_boxes,2026-09-20,ocr_boxes-1,2026-09-20,parts-2026-09-20f,,,
https://experimentalistsanonymous.com/diy/Schematics/Vibrato%20and%20Pitch%20Shift/Misc%20Vibrato%20Effect%20page%201.gif,,schematic,gif,200,8645,56ee14e75940b747e15675aa1327c5cc9bce5f8383bd9fe12d20321239863ef4,2026-09-19,1,ocr_boxes,2026-09-20,ocr_boxes-1,2026-09-20,parts-2026-09-20f,,,
https://experimentalistsanonymous.com/diy/Schematics/Vibrato%20and%20Pitch%20Shift/Misc%20Vibrato%20Effect%20page%202.gif,,schematic,gif,200,6789,c66c805c8a906c49db01159092c72c206c4fd238bf5285daed569018b048ba0d,2026-09-19,1,ocr_boxes,2026-09-20,ocr_boxes-1,2026-09-20,parts-2026-09-20f,,,
https://experimentalistsanonymous.com/diy/Schematics/Vibrato%20and%20Pitch%20Shift/Pearl%20OC-07.jpg,,schematic,jpeg,200,450140,efdd0ffc29a50d3fa8738e9e2035e05c7f5f80b3534a8437aeac50868372b398,2026-09-19,1,ocr_boxes,2026-09-20,ocr_boxes-1,2026-09-20,parts-2026-09-20f,,,
https://experimentalistsanonymous.com/diy/Schematics/Vibrato%20and%20Pitch%20Shift/Polyfusion%20Divider.gif,,schematic,gif,200,52545,698e6d48bdec1d954444902b96ea000b97759f1cfc54fad1f4f9bc65eb219a52,2026-09-19,1,ocr_boxes,2026-09-20,ocr_boxes-1,2026-09-20,parts-2026-09-20f,,,
https://experimentalistsanonymous.com/diy/Schematics/Vibrato%20and%20Pitch%20Shift/Polyfusion%20Octave%20Divider.gif,,schematic,gif,200,113094,f4a230e27bc663bad85a77b1ec7de5259855d8befd74aede778c9ca13ccdc024,2026-09-19,1,ocr_boxes,2026-09-20,ocr_boxes-1,2026-09-20,parts-2026-09-20f,,,
https://experimentalistsanonymous.com/diy/Schematics/Vibrato%20and%20Pitch%20Shift/Prescription%20Electronics%20Experience.gif,,schematic,gif,200,6609,faaf6a3905c25dd1aabf1a8f228f61c7433e93f0713bc72aafc93497835202d1,2026-09-19,1,ocr_boxes,2026-09-20,ocr_boxes-1,2026-09-20,parts-2026-09-20f,,,
https://experimentalistsanonymous.com/diy/Schematics/Vibrato%20and%20Pitch%20Shift/Pulse%20Frequency%20Doubler.jpg,,schematic,jpeg,200,35834,7d6d436bab2b2e22e4e3c9dcb7820c14b7881d5e3e8e17572983e32a2ffa516a,2026-09-19,1,ocr_boxes,2026-09-20,ocr_boxes-1,2026-09-20,parts-2026-09-20f,,,
https://experimentalistsanonymous.com/diy/Schematics/Vibrato%20and%20Pitch%20Shift/Sawtooth%20Frequency%20Doubler%202.pdf,,schematic,pdf,200,2245,e807bd627774d0e961733dc58f777e3ba459eed0ff0afc8c3d7f5419a67e8116,2026-09-19,1,ocr_boxes,2026-09-20,ocr_boxes-1,2026-09-20,parts-2026-09-20f,,,
https://experimentalistsanonymous.com/diy/Schematics/Vibrato%20and%20Pitch%20Shift/Sawtooth%20Frequency%20Doubler.pdf,,schematic,pdf,200,2431,6e75ae93021583d7d7195c7b8cc591464f0cc21177ed4857d413138cb777e102,2026-09-19,1,ocr_boxes,2026-09-20,ocr_boxes-1,2026-09-20,parts-2026-09-20f,,,
https://experimentalistsanonymous.com/diy/Schematics/Vibrato%20and%20Pitch%20Shift/Univibe.pdf,,schematic,pdf,200,17367,cca4140563d7216279247a3cdb606269d3b862c63b341cbd23f4640c17d2cabd,2026-09-19,1,ocr_boxes,2026-09-20,ocr_boxes-1,2026-09-20,parts-2026-09-20f,,,
https://experimentalistsanonymous.com/diy/Schematics/Vibrato%20and%20Pitch%20Shift/Voice%20Changer.pdf,,schematic,pdf,200,40409,c2f5b4da0dfc8cedf299a18863584001cbafd82c4ee77a3d0018f941960f80a0,2026-09-19,1,ocr_boxes,2026-09-20,ocr_boxes-1,2026-09-20,parts-2026-09-20f,,,
https://experimentalistsanonymous.com/diy/Schematics/Vibrato%20and%20Pitch%20Shift/Wacky%20harmonizer%201.gif,,schematic,gif,200,132483,e21aeb05b54d29c4ad14c302c8f7f53b193303d4d15846559c97ce257de02b5f,2026-09-19,1,ocr_boxes,2026-09-20,ocr_boxes-1,2026-09-20,parts-2026-09-20f,,,
https://experimentalistsanonymous.com/diy/Schematics/Vibrato%20and%20Pitch%20Shift/Wacky%20harmonizer%202.gif,,schematic,gif,200,58763,d666c71374a8fbd92d586add575993527ee23d491985b2a0e12f342218d4fa87,2026-09-19,1,ocr_boxes,2026-09-20,ocr_boxes-1,2026-09-20,parts-2026-09-20f,,,
