key,url,role,type,http,bytes,sha256,download_at,n_pages,text_method,ocr_at,ocr_v,index_at,index_v,linkcheck_at,link_ok,skip_reason,crawl_at
http://hifisonix.com/wp-content/uploads/2019/04/ilimzns-Excellent-Posts-on-Ground-Loops.pdf,,linked,pdf,200,227947,85f6885c4f7c5ed969781ba82d6bacf16d1c3b60f5cf6aaaf7dbc761d20e472e,2026-09-29,,,,,,,,,,
https://hifisonix.com/wp-content/uploads/2010/10/Amplier-Tutorial.pdf,,linked,pdf,200,307134,63997cb3891b9190854a5ac9c84fcc7202c019c77deb6972d24ee3804491674c,2026-09-29,,,,,,,,,,
https://hifisonix.com/wp-content/uploads/2010/10/Bell-Feedback.pdf,,linked,pdf,200,1636610,d31fd60330723bc75ed4fc7e8ca0ec6d5d3a36624f80f02ca12c8f38f77ae565,2026-09-29,,,,,,,,,,
https://hifisonix.com/wp-content/uploads/2010/10/Cascode-Oscillation-in-Audio-Amplifiers1.pdf,,linked,pdf,200,793224,6bb0c603f5698ced28d3fd95b137026d424f5bddd78b73456bc673b61ba2751a,2026-09-29,,,,,,,,,,
https://hifisonix.com/wp-content/uploads/2010/10/IMG_0258-300x225.jpg,,figure,jpeg,200,23074,c764df847eddbc7b03f690187449740d66245f3a37520c935c1fef183f97fb13,2026-09-26,1,ocr_boxes,2026-09-27,ocr_boxes-1,2026-09-27,ingest-1,,,,
https://hifisonix.com/wp-content/uploads/2010/10/IMG_0258.jpg,,figure,jpeg,200,3963114,e5eb168bd89d56dac2091b210a3861aad5bd8e40c3fc28a6f94bdc7b161aa382,2026-09-26,1,ocr_boxes,2026-09-27,ocr_boxes-1,2026-09-27,ingest-1,,,,
https://hifisonix.com/wp-content/uploads/2010/10/IMG_0265-300x225.jpg,,figure,jpeg,200,19746,6efaa7dc16dc53612396ff4e102f72275e96d557edc529c9b34199e3845c1de4,2026-09-26,1,ocr_boxes,2026-09-27,ocr_boxes-1,2026-09-27,ingest-1,,,,
https://hifisonix.com/wp-content/uploads/2010/10/IMG_0265.jpg,,figure,jpeg,200,3696415,bd3ddca2bd699adc6987ec7eaff2dc1be8fb45e59079a0dafc6ac45e09aa431a,2026-09-26,1,ocr_boxes,2026-09-27,ocr_boxes-1,2026-09-27,ingest-1,,,,
https://hifisonix.com/wp-content/uploads/2010/10/James-E-Solomon-Opamp-Tutorial.pdf,,linked,pdf,200,1670684,9457f84baa18ef803b0fe20b29cf998344ab54f86dd364be487f9131a44e6b64,2026-09-29,,,,,,,,,,
https://hifisonix.com/wp-content/uploads/2010/10/Measuring-TIM.pdf.pdf,,linked,pdf,200,830320,92d3cade77056171d4b86011b35a87c8f3365813d60c2bde9c4b7b20e86a4966,2026-09-29,,,,,,,,,,
https://hifisonix.com/wp-content/uploads/2010/10/New-Pre-amp12-1024x640.jpg,,figure,jpeg,200,142951,7027a3a7841dbf339919f0b85fb48eaa48f07ef5b8d72d1b4ef661f9b05c268b,2026-09-26,1,ocr_boxes,2026-09-27,ocr_boxes-1,2026-09-27,ingest-1,,,,
https://hifisonix.com/wp-content/uploads/2010/10/New-Pre-amp12.jpg,,figure,jpeg,200,2958753,efe199e552c7a64cda663bdc1d045970442b9cfaa4ebb217a280373aa83c8a8a,2026-09-26,1,ocr_boxes,2026-09-27,ocr_boxes-1,2026-09-27,ingest-1,,,,
https://hifisonix.com/wp-content/uploads/2010/10/New-Pre-amp3-1024x640.jpg,,figure,jpeg,200,132894,8ef990e93b891da2b280504ffff7a00338fbc55a2ad47194daa04d7e6f14a951,2026-09-26,1,ocr_boxes,2026-09-27,ocr_boxes-1,2026-09-27,ingest-1,,,,
https://hifisonix.com/wp-content/uploads/2010/10/New-Pre-amp3.jpg,,figure,jpeg,200,2680615,a7de21465f7533f960f9162906039dcc68931252d0d37312f397c440c45c6144,2026-09-26,1,ocr_boxes,2026-09-27,ocr_boxes-1,2026-09-27,ingest-1,,,,
https://hifisonix.com/wp-content/uploads/2010/10/Opamp-User-Guide-V1.0.pdf,,linked,pdf,200,639598,cbffaf7df4507004e8253f696f77835f14033a10a867b921d58211b3b41dc8c7,2026-09-29,,,,,,,,,,
https://hifisonix.com/wp-content/uploads/2010/10/Ovation-250.pdf,,linked,pdf,200,145692,747d148a9723b028c0ebe820fa436607ede4f24d08cefaf80c086a0717f4d37a,2026-09-26,1,text,2026-09-27,ocr_boxes-1,2026-09-27,ingest-1,,,,
https://hifisonix.com/wp-content/uploads/2010/10/Ovation-SC-11.pdf,,linked,pdf,200,93582,6f263a43dd4769e4e71ee3e3c877db6abc30489f87ac60078fa9e6a4e7651b16,2026-09-26,4,text,2026-09-27,ocr_boxes-1,2026-09-27,ingest-1,,,,
https://hifisonix.com/wp-content/uploads/2010/10/Temperature-Compensation-for-Audio-Amplifier-EF-Triples-V1.0231.pdf,,linked,pdf,200,614016,ddbe9fcbbde478cd1ce410a0a9e93a4b9f38b159b7c7a9c1cb43d2a1c82d5f99,2026-09-26,13,text,2026-09-27,ocr_boxes-1,2026-09-27,ingest-1,,,,
https://hifisonix.com/wp-content/uploads/2010/10/X-Altra-Mini-V2.0.pdf,,linked,pdf,200,2757610,1ae8cde0168612dabcc7b78a0a37253a8984c73b7d51b7fe2ef66433ef5c6885,2026-09-26,33,ocr_boxes,2026-09-27,ocr_boxes-1,2026-09-27,ingest-1,,,,
https://hifisonix.com/wp-content/uploads/2010/10/another_view_of_timI1.pdf,,linked,pdf,200,1111501,34e1f778182408eec579f778fad6a4fcb6903348d112d73d0b432bbfc69ecac2,2026-09-29,,,,,,,,,,
https://hifisonix.com/wp-content/uploads/2010/10/another_view_of_tim_II1.pdf,,linked,pdf,200,450153,c9b16049b47bd51e651efc0aba00365d325dcd001873d96ebab17098f698c98e,2026-09-29,,,,,,,,,,
https://hifisonix.com/wp-content/uploads/2011/03/Compensation-Hybrid.bmp,,figure,bmp,200,2529974,24d89bb895be1ee330e91c7c7677263da1daee10bd6fa8b21956add65526b1e9,2026-09-29,,,,,,,,,,
https://hifisonix.com/wp-content/uploads/2011/03/Compensation-Miller.bmp,,figure,bmp,200,2606854,2c070edafe6586f1510562e73649e3eea712942d0bbfbe84cabeee4446b01759,2026-09-29,,,,,,,,,,
https://hifisonix.com/wp-content/uploads/2011/03/Compensation-TMC.bmp,,figure,bmp,200,2545590,c2158bcfed82f91c55cc767cf414420ef1879670bcdb722920c6f0098a5d5b90,2026-09-29,,,,,,,,,,
https://hifisonix.com/wp-content/uploads/2011/03/Protection-e-Amp1.bmp,,figure,bmp,200,5954718,7ee0d47c4fc11daf78eff5a22fdf7a83c413a507e54529b4619b52c2a4f174de,2026-09-29,,,,,,,,,,
https://hifisonix.com/wp-content/uploads/2011/03/SOA3.bmp,,figure,bmp,200,522422,b67ff58bacde38def82130011dc6fbabe937932fe2d99c93663361c05ea2a6a5,2026-09-29,,,,,,,,,,
https://hifisonix.com/wp-content/uploads/2011/03/Sensor1.bmp,,figure,bmp,200,2183382,cecbe11ebe8bbb1a3dddb702fa4301bc0b58c2349a50de34113f46324790fa0c,2026-09-29,,,,,,,,,,
https://hifisonix.com/wp-content/uploads/2011/03/THERMAL11.bmp,,figure,bmp,200,2295270,6be0a1661bcb92820496efeec898e4fe94b088f066115fed66656ea8c45f2737,2026-09-29,,,,,,,,,,
https://hifisonix.com/wp-content/uploads/2011/03/e-Amp-Circuit-Diagram.bmp,,figure,bmp,200,5103590,a9e4f418be9af1f6ccf94285556eaf5c724af566ef07a8884ef2b6bf9e94a756,2026-09-29,,,,,,,,,,
https://hifisonix.com/wp-content/uploads/2011/03/e-Amp-specs_V2.bmp,,figure,bmp,200,2448738,08c9de76491e5bdfb22ba99d36db099169e41afc7905e676e853273198d28956,2026-09-29,,,,,,,,,,
https://hifisonix.com/wp-content/uploads/2011/03/image0281-300x273.gif,,figure,gif,200,15414,932249175039ce668d1092c3887c01c0ba7f011ce1f464da5a3638687c8aebe7,2026-09-26,1,ocr_boxes,2026-09-27,ocr_boxes-1,2026-09-27,ingest-1,,,,
https://hifisonix.com/wp-content/uploads/2011/03/image0281.gif,,figure,gif,200,10792,d84213a145ddf38c7c9014e78c18eb8e0002f39bd9941b157c1fe3f450ea2403,2026-09-26,1,ocr_boxes,2026-09-27,ocr_boxes-1,2026-09-27,ingest-1,,,,
https://hifisonix.com/wp-content/uploads/2011/03/image0341-300x159.png,,figure,png,200,7441,b21dcd46f14335784d1f1199a23492482c29cfe6237f6c846da55a23f30b2d55,2026-09-26,1,ocr_boxes,2026-09-27,ocr_boxes-1,2026-09-27,ingest-1,,,,
https://hifisonix.com/wp-content/uploads/2011/03/image0341.png,,figure,png,200,19412,b3cc89cec6c2a30a2aa9ec78d42e75c04475005d47efef535e2fe428eee63c5e,2026-09-26,1,ocr_boxes,2026-09-27,ocr_boxes-1,2026-09-27,ingest-1,,,,
https://hifisonix.com/wp-content/uploads/2011/03/image039-300x159.png,,figure,png,200,8791,c7cd97e3e1729c070e91facf3cc714579bcb29eebb2febc7a67c28c94bf502e3,2026-09-26,1,ocr_boxes,2026-09-27,ocr_boxes-1,2026-09-27,ingest-1,,,,
https://hifisonix.com/wp-content/uploads/2011/03/image039.png,,figure,png,200,9390,51331dad2a8164e8eb3df5e9d8186080da8d932bf730820b73327c402191d802,2026-09-26,1,ocr_boxes,2026-09-27,ocr_boxes-1,2026-09-27,ingest-1,,,,
https://hifisonix.com/wp-content/uploads/2011/03/image042.gif,,figure,gif,200,15100,54f840b84080e2660ba339aa5f68156995ef0a148120bbb56f31bf8410841322,2026-09-26,1,ocr_boxes,2026-09-27,ocr_boxes-1,2026-09-27,ingest-1,,,,
https://hifisonix.com/wp-content/uploads/2011/03/image0451.jpg,,figure,jpeg,200,16371,ad4b7122ed48d81155bb3b1dab365051318af2aaca887efe20c8a37d95606995,2026-09-26,1,ocr_boxes,2026-09-27,ocr_boxes-1,2026-09-27,ingest-1,,,,
https://hifisonix.com/wp-content/uploads/2011/03/image047.png,,figure,png,200,9219,81220e7102c2bb9f50c420223c7961711c0ecae69189e0d589551c3017ffe217,2026-09-26,1,ocr_boxes,2026-09-27,ocr_boxes-1,2026-09-27,ingest-1,,,,
https://hifisonix.com/wp-content/uploads/2011/03/image0541-300x173.png,,figure,png,200,7086,65cb5fd1686e414f40689d5396644e5828c841019600239a900e4626a7956f29,2026-09-26,1,ocr_boxes,2026-09-27,ocr_boxes-1,2026-09-27,ingest-1,,,,
https://hifisonix.com/wp-content/uploads/2011/03/image0541.png,,figure,png,200,6945,10ef5ede716a499622086687b3ab3aa3b36bfda442e8992dc680feb17e92f455,2026-09-26,1,ocr_boxes,2026-09-27,ocr_boxes-1,2026-09-27,ingest-1,,,,
https://hifisonix.com/wp-content/uploads/2011/03/image056-300x176.png,,figure,png,200,8242,8b8500ff9c40ff0cec0d1af14f79bc8ebddbef23ab78df20116d81bb7261a2ff,2026-09-26,1,ocr_boxes,2026-09-27,ocr_boxes-1,2026-09-27,ingest-1,,,,
https://hifisonix.com/wp-content/uploads/2011/03/image056.png,,figure,png,200,7507,2711e186e5d5b96ebfdbc5eca2d29c077123045a0a57775c81aa6e7f61435e6b,2026-09-26,1,ocr_boxes,2026-09-27,ocr_boxes-1,2026-09-27,ingest-1,,,,
https://hifisonix.com/wp-content/uploads/2011/03/image060-300x173.png,,figure,png,200,8653,1ecf88201e5dc1c00b07d9d50cc0137d9f05c90d2532e33d50182af151683334,2026-09-26,1,ocr_boxes,2026-09-27,ocr_boxes-1,2026-09-27,ingest-1,,,,
https://hifisonix.com/wp-content/uploads/2011/03/image060.png,,figure,png,200,7807,ff3f49baf6119afd2eef202b625498f3a8e00b922c9f74aa1c1bdd61e80b5845,2026-09-26,1,ocr_boxes,2026-09-27,ocr_boxes-1,2026-09-27,ingest-1,,,,
https://hifisonix.com/wp-content/uploads/2011/03/image0621-300x243.png,,figure,png,200,117266,602934860a7dd6e5f2608704a778f4f6e1e8001fd0bc6305aafd72d4fed4564d,2026-09-26,1,ocr_boxes,2026-09-27,ocr_boxes-1,2026-09-27,ingest-1,,,,
https://hifisonix.com/wp-content/uploads/2011/03/image0621.png,,figure,png,200,77190,c74b82977ed9bb224a4bcbfcdbd5a6a426479952e0fca866c142da3a15302363,2026-09-26,1,ocr_boxes,2026-09-27,ocr_boxes-1,2026-09-27,ingest-1,,,,
https://hifisonix.com/wp-content/uploads/2011/03/image0642-300x239.png,,figure,png,200,104498,cc6cd84820e2d003a1343a698671d8e675b3af521da22535f49938db5ee033b5,2026-09-26,1,ocr_boxes,2026-09-27,ocr_boxes-1,2026-09-27,ingest-1,,,,
https://hifisonix.com/wp-content/uploads/2011/03/image0642.png,,figure,png,200,64952,f631020c2931348c8f9b53d5cb107385e04bf4b93d6d039730faed9083affe4f,2026-09-26,1,ocr_boxes,2026-09-27,ocr_boxes-1,2026-09-27,ingest-1,,,,
https://hifisonix.com/wp-content/uploads/2011/03/image0691-300x223.jpg,,figure,jpeg,200,20585,43d30322b75c23ab3fdee3b32d114101e4b68c2c8cba0296a62492beace377eb,2026-09-26,1,ocr_boxes,2026-09-27,ocr_boxes-1,2026-09-27,ingest-1,,,,
https://hifisonix.com/wp-content/uploads/2011/03/image0691.jpg,,figure,jpeg,200,413195,562ea455dba7268b93b650c46b0f4226a1199f17caa1b4667f09e367c958d954,2026-09-26,1,ocr_boxes,2026-09-27,ocr_boxes-1,2026-09-27,ingest-1,,,,
https://hifisonix.com/wp-content/uploads/2012/07/relay11.jpg,,figure,jpeg,200,35053,1649731793c89ec37341f0fe2a3b0691bde321b7ec27131bb00b282d1987f6d2,2026-09-26,1,ocr_boxes,2026-09-27,ocr_boxes-1,2026-09-27,ingest-1,,,,
https://hifisonix.com/wp-content/uploads/2012/08/Speaker-Relay-V1.03.pdf,,linked,pdf,200,1286887,404d2724f7ab4ba5f299b910dbdeb7aacfa5629accdd9debf8b584141d91a19c,2026-09-26,17,ocr_boxes,2026-09-27,ocr_boxes-1,2026-09-27,ingest-1,,,,
https://hifisonix.com/wp-content/uploads/2012/09/The-Alexander-Amplifier.pdf,,linked,pdf,200,1180989,33ba1eb67f5a4ca62be37294570a39f8279c17159444358d0d108fa67dcba062,2026-09-29,,,,,,,,,,
https://hifisonix.com/wp-content/uploads/2012/12/FDB075N15A1.pdf,,linked,pdf,200,307944,ab8b5d672f4f0c322353ca859101e614a4bc0ea5f387f5b19ffa0ea7ff2e1215,2026-09-26,10,ocr_boxes,2026-09-27,ocr_boxes-1,2026-09-27,ingest-1,,,,
https://hifisonix.com/wp-content/uploads/2012/12/Stochino-ff1.pdf,,linked,pdf,200,7874800,b4b30a05d65f030f545d3d82abc0f7ecd928c8aa02727e0b156da50fa41f181a,2026-09-26,8,ocr_boxes,2026-09-27,ocr_boxes-1,2026-09-27,ingest-1,,,,
https://hifisonix.com/wp-content/uploads/2013/01/Simple_solid_state_relay_Updated.pdf,,linked,pdf,200,1073579,186f5f477394f20612bf65b041a546d81c769dd86d3e8384e08c8dc77d45b058,2026-09-26,6,ocr_boxes,2026-09-27,ocr_boxes-1,2026-09-27,ingest-1,,,,
https://hifisonix.com/wp-content/uploads/2013/05/NegativeFeedbackTone.pdf,,linked,pdf,200,1691920,f04dc3155bbd72831b53981e401b79d1f1c9b55f4cec9e308a6661fbb33e7f37,2026-09-26,7,text,2026-09-27,ocr_boxes-1,2026-09-27,ingest-1,,,,
https://hifisonix.com/wp-content/uploads/2013/05/soaprot_12-03-2012.pdf,,linked,pdf,200,644265,dfb2cb0bef0805da904a5f0452b451903abc3b472be11dc212979f38bcddb57d,2026-09-26,66,ocr_boxes,2026-09-27,ocr_boxes-1,2026-09-27,ingest-1,,,,
https://hifisonix.com/wp-content/uploads/2013/09/Cross-Over-Distortion-in-Class-B-Amplifiers.pdf,,linked,pdf,200,679749,2734d0b99480f13065ace591dfdc94d23822f10216f9cfc74f9d911f9f4afa6d,2026-09-26,6,ocr_boxes,2026-09-27,ocr_boxes-1,2026-09-27,ingest-1,,,,
https://hifisonix.com/wp-content/uploads/2013/11/AN-597-Current-Feedback-Amplifiers.pdf,,linked,pdf,200,1932780,ec2d50af0db00d81f82725c7150a4290662a826d1497d4d823b379c50973ded0,2026-09-26,11,ocr_boxes,2026-09-27,ocr_boxes-1,2026-09-27,ingest-1,,,,
https://hifisonix.com/wp-content/uploads/2013/12/fdbkamps.pdf,,linked,pdf,200,471752,9abd8eb94eb5bcfc52e560415b745dcae8a8206cca1ad94c3b6f5b43dde718d9,2026-09-29,,,,,,,,,,
https://hifisonix.com/wp-content/uploads/2014/03/The-sx-Amplifier-V2.10.pdf,,linked,pdf,200,2449341,b6ebb539e669a432449d8698a0a5658985657fc5f7eeec30b6e6ebf3e4eb8a9b,2026-09-29,,,,,,,,,,
https://hifisonix.com/wp-content/uploads/2014/04/IMGP8490.jpg,,figure,jpeg,200,63108,052c1d5fbb882bb6c9aa890842e4d1111744423067daee46eda59e354eea9662,2026-09-26,1,ocr_boxes,2026-09-27,ocr_boxes-1,2026-09-27,ingest-1,,,,
https://hifisonix.com/wp-content/uploads/2014/04/IMGP8749.JPG,,figure,jpeg,200,62448,f16d3d4de3de448aa2255af3c7fbeb2b6f2e8c2755fc23f0cf6d91bb6662f2e9,2026-09-26,1,ocr_boxes,2026-09-27,ocr_boxes-1,2026-09-27,ingest-1,,,,
https://hifisonix.com/wp-content/uploads/2014/04/eamp8_1.jpg,,figure,jpeg,200,42638,f8a8437ef971e622d20b0164242f94cb4f2c3dacce8c1bcb603f0be95152d2c7,2026-09-26,1,ocr_boxes,2026-09-27,ocr_boxes-1,2026-09-27,ingest-1,,,,
https://hifisonix.com/wp-content/uploads/2014/04/image003-1024x684.jpg,,figure,jpeg,200,125494,3ac7b967df94680e01905dd89443af3d387a0af50c08043477ad4c440359ef8d,2026-09-26,1,ocr_boxes,2026-09-27,ocr_boxes-1,2026-09-27,ingest-1,,,,
https://hifisonix.com/wp-content/uploads/2014/05/AN-104.pdf,,linked,pdf,200,213032,43d78fa741942b92d3b2533b8238e0d64666f17ffed255bb6b24dd2b3ea78598,2026-09-26,8,text,2026-09-27,ocr_boxes-1,2026-09-27,ingest-1,,,,
https://hifisonix.com/wp-content/uploads/2014/07/Blk-diag.jpg,,figure,jpeg,200,45433,950b279a2b532e5927eb07b51752029b694b20b513279a9cbee28dd4106b245f,2026-09-26,1,ocr_boxes,2026-09-27,ocr_boxes-1,2026-09-27,ingest-1,,,,
https://hifisonix.com/wp-content/uploads/2014/07/IMG_1663.jpg,,figure,jpeg,200,28586,502430218881849f953c5eeac60f89802c1e478bf51813314d68d0085ee00af1,2026-09-26,1,ocr_boxes,2026-09-27,ocr_boxes-1,2026-09-27,ingest-1,,,,
https://hifisonix.com/wp-content/uploads/2014/07/Symphony-Pics.jpg,,figure,jpeg,200,50536,33db30f39ca0c12e0282e3bf8e36acc7b888c1690fa1e0fb51243d216628a075,2026-09-26,1,ocr_boxes,2026-09-27,ocr_boxes-1,2026-09-27,ingest-1,,,,
https://hifisonix.com/wp-content/uploads/2014/07/Symphony-Pics2.jpg,,figure,jpeg,200,41359,9bfc7b54ccb632389679dc1a5bc57d4d136b1b33264237f5ec8e4d15abf21032,2026-09-26,1,ocr_boxes,2026-09-27,ocr_boxes-1,2026-09-27,ingest-1,,,,
https://hifisonix.com/wp-content/uploads/2014/07/pic51.jpg,,figure,jpeg,200,49311,ca3aa40167deebce4b293c33c0432d3796c810f33234c8a35d5f3e6d8ae4c0a5,2026-09-26,1,ocr_boxes,2026-09-27,ocr_boxes-1,2026-09-27,ingest-1,,,,
https://hifisonix.com/wp-content/uploads/2014/10/sx-Amplifer-Circuit.jpg,,figure,jpeg,200,64166,a1421cc556c3c284b3290d7a8bf8589493d9ef2fb61b01af3531aae4579bcb18,2026-09-26,1,ocr_boxes,2026-09-27,ocr_boxes-1,2026-09-27,ingest-1,,,,
https://hifisonix.com/wp-content/uploads/2014/11/Ovation-Symphony-Circuit1.pdf,,linked,pdf,200,312148,4e47f0636583683b959d5df554399af852884647e8780bfbc171be1cb6fe657f,2026-09-26,4,ocr_boxes,2026-09-27,ocr_boxes-1,2026-09-27,ingest-1,,,,
https://hifisonix.com/wp-content/uploads/2014/11/Part-1-Ovation-Symphony-Line-Preamplifier-V1.0.pdf,,linked,pdf,200,6048924,c5797a8139f640117d70cbf0b2f3684d3ae0b6306b435da2d374f160c96f7f90,2026-09-26,34,ocr_boxes,2026-09-27,ocr_boxes-1,2026-09-27,ingest-1,,,,
https://hifisonix.com/wp-content/uploads/2014/11/Part-2-Ovation-Symphony-Line-Preamplifier-V1.0.pdf,,linked,pdf,200,5086975,d4e5fbcc05404bfc777e84b9fa49ec8e1481a65219d578b38fbf181c429b6a9a,2026-09-26,31,ocr_boxes,2026-09-27,ocr_boxes-1,2026-09-27,ingest-1,,,,
https://hifisonix.com/wp-content/uploads/2015/01/RIAA-Equalization-Amplifiers-V2.0.pdf,,linked,pdf,200,1333956,80c885a6e153fb3f4368924ce4afeb2c3eb4c43a22dc891fa4148259f0893429,2026-09-26,29,ocr_boxes,2026-09-27,ocr_boxes-1,2026-09-27,ingest-1,,,,
https://hifisonix.com/wp-content/uploads/2015/01/UBx.pdf,,linked,pdf,200,821341,5dab11517fe5e39c7fb3d833193f89994ee93c8e2334b2683e72a41eda9fa23b,2026-09-29,,,,,,,,,,
https://hifisonix.com/wp-content/uploads/2016/12/Accurate-Inverse-RIAA.pdf,,linked,pdf,200,1964333,2e0468940b56b696b89191a26f109c758513b36237d70bee9cfaa7cb27f54c92,2026-09-26,12,ocr_boxes,2026-09-27,ocr_boxes-1,2026-09-27,ingest-1,,,,
https://hifisonix.com/wp-content/uploads/2017/10/CFA-An-Intuitive-Analysis.pdf,,linked,pdf,200,161061,6fad1514f1d61141cfcd225bea8ba4510ef252444cc4ec03b14d5cdc6da20237,2026-09-29,,,,,,,,,,
https://hifisonix.com/wp-content/uploads/2017/10/CFA-Front-End.pdf,,linked,pdf,200,1199782,2f983376c55babcb2c37898f5ec6692b8cfdf3bd6c90253123ea117d52f0a94d,2026-09-29,,,,,,,,,,
https://hifisonix.com/wp-content/uploads/2017/10/Douglas-Selfs-8-Distortions-and-a-Few-More.pdf,,linked,pdf,200,637153,9e8d75aedd863210d0e33d3320e30b5ef9903f09cccc163649657dd0c7063506,2026-09-29,,,,,,,,,,
https://hifisonix.com/wp-content/uploads/2017/10/Oscillation-Sniffer-by-Bonsai.pdf,,linked,pdf,200,316623,36cdd940edb73a22c91179f91cfda6ab37195d6f534071b362b4228fcec2aea9,2026-09-26,3,text,2026-09-27,ocr_boxes-1,2026-09-27,ingest-1,,,,
https://hifisonix.com/wp-content/uploads/2017/10/The-Theory-of-TIM-Matti-Otala.pdf,,linked,pdf,200,636677,73423f5d30baa7ac7297984101b44bfb7b8c507b7bea6d5413964d3a0c6d0932,2026-09-29,,,,,,,,,,
https://hifisonix.com/wp-content/uploads/2017/11/Perceptual-Levels-of-distortion.pdf,,linked,pdf,200,2288783,32d6bbe43336774f522521ee66b2e4950bb1dc23bdac7cf37f5d1d3314ad8ec8,2026-09-29,,,,,,,,,,
https://hifisonix.com/wp-content/uploads/2017/11/feedback-paper-acrobat.pdf,,linked,pdf,200,270771,eeb044f97c82d98b32fc452ec74fd8b4786cea6a1853ecd8d5b669933d67a3f1,2026-09-29,,,,,,,,,,
https://hifisonix.com/wp-content/uploads/2017/12/Ella-1006x1024.jpg,,figure,jpeg,200,124406,68263e862d925bdc32f8d323a7b4d31814d24a701ed0f4cd3ca376e7025a505a,2026-09-29,,,,,,,,,,
https://hifisonix.com/wp-content/uploads/2017/12/McBride-1024x1022.jpg,,figure,jpeg,200,183932,7e5a3095bc46f9defdb9fbe4a82606e8fbcd99d1d67b1bdb97dac38728bc8e9f,2026-09-29,,,,,,,,,,
https://hifisonix.com/wp-content/uploads/2018/01/Colpitts-Oscillator-Structures-in-Cascode-Amplifiers-1024x576.jpg,,figure,jpeg,200,53914,821060b8298e4a49420d88b4fe0fbb3d4cf5e9461ebaa6a549f2880c889320ee,2026-09-29,,,,,,,,,,
https://hifisonix.com/wp-content/uploads/2018/01/Colpitts-Oscillator-Structures-in-Cascode-Amplifiers.jpg,,figure,jpeg,200,104771,0c44a2dcb2b17748c179339e639e3322fbdd945a83d23130d7112005e8909034,2026-09-29,,,,,,,,,,
https://hifisonix.com/wp-content/uploads/2018/01/Disc-Recording-Equalization-Demystified.pdf,,linked,pdf,200,495581,3b536f494651bc4e403f45e350b71c6d0d480b6f12295f75e6eefebb1a173f62,2026-09-29,,,,,,,,,,
https://hifisonix.com/wp-content/uploads/2018/01/Hifisonix-Phono-EQ-Amp-for-Doc114.pdf,,linked,pdf,200,106121,76d304be653ee32a9d98288b779d1dcaa5e33c7a66d4ef10b963a8ae33aad439,2026-09-29,,,,,,,,,,
https://hifisonix.com/wp-content/uploads/2018/01/Hifisonix-Phono-EQ-PSU106.pdf,,linked,pdf,200,92033,2c2d2be448f7ebe44efe8fd2308cf37a7d5859a07136bf4869d49cf8bda2b551,2026-09-29,,,,,,,,,,
https://hifisonix.com/wp-content/uploads/2018/01/IMG_1274-1024x632.jpg,,figure,jpeg,200,114320,9add81961dbab385a7c53ec21a4fae4e58c6e2c032bca0e8a13e7bd373519d55,2026-09-29,,,,,,,,,,
https://hifisonix.com/wp-content/uploads/2018/01/IMG_1274.jpg,,figure,jpeg,200,3191313,240fbed2be19654c135ec7b8e670798803b5d96ddf0a1abf9faab966352c9e5c,2026-09-29,,,,,,,,,,
https://hifisonix.com/wp-content/uploads/2018/01/IMG_1275-1024x641.jpg,,figure,jpeg,200,93596,6216fd07730891931eef47398d1b4ff940c527ef53f6559a42190aee3ceb687c,2026-09-29,,,,,,,,,,
https://hifisonix.com/wp-content/uploads/2018/01/IMG_1275.jpg,,figure,jpeg,200,2171337,14330636d3340384b191271148979595aa5459963e543f6866baf002f49d6198,2026-09-29,,,,,,,,,,
https://hifisonix.com/wp-content/uploads/2018/01/Slide2-1024x576.jpg,,figure,jpeg,200,81514,7bf6df28fd359e7aa579baea59d17a1ff6ba2d36eaf56ba9084265c3be0a98ce,2026-09-29,,,,,,,,,,
https://hifisonix.com/wp-content/uploads/2018/01/Slide2.jpg,,figure,jpeg,200,166552,e7469ff48375f8e23e34566365ab6ccc9c6751ba9efed93ce8e238cb5788b1dd,2026-09-29,,,,,,,,,,
https://hifisonix.com/wp-content/uploads/2018/02/1501-RIAA-Conformity-2.jpg,,figure,jpeg,200,48576,83b6eedc02958d5c5cea21e3cf29888001e33946c39ca98ad28bbb65cd1f3979,2026-09-29,,,,,,,,,,
https://hifisonix.com/wp-content/uploads/2018/02/Stan-Curtis-60W-Amplifier-1.pdf,,linked,pdf,200,593105,5f126d13f2cd2ed8e6cc78aa2b2d6230c05d7b14cdc42a2e9627635b84866160,2026-09-29,,,,,,,,,,
https://hifisonix.com/wp-content/uploads/2018/03/SID_and_TIM_W_Jung_77-79.pdf,,linked,pdf,200,6521755,2b2ef444fca82aea0a1f8a4a02011620ec19e935456ce77da2d570c0a224d8a2,2026-09-29,,,,,,,,,,
https://hifisonix.com/wp-content/uploads/2018/03/tek00000.png,,figure,png,200,7157,3dc7240c7e718dae1c91e0d2587c43dd4dff2f9ae00fffb1474ce1b5e46c6404,2026-09-29,,,,,,,,,,
https://hifisonix.com/wp-content/uploads/2018/03/tek00003.png,,figure,png,200,13040,224dab61ea55007f2da31d4db74fe85154fb02923281fa0a67be54bc544b65a9,2026-09-29,,,,,,,,,,
https://hifisonix.com/wp-content/uploads/2018/03/tek00007.png,,figure,png,200,9420,ef3b9e117820dd913b68fc04928a2e84135362a3555db4a55fa167e569fcb03d,2026-09-29,,,,,,,,,,
https://hifisonix.com/wp-content/uploads/2018/03/tek00008.png,,figure,png,200,11877,b06cfac8e9ed4f4fe45a0149134ede5c5edd1b66f8a46d6df38667cf20351965,2026-09-29,,,,,,,,,,
https://hifisonix.com/wp-content/uploads/2018/06/Simple-Capacitor-Multiplier-PSU-for-the-sx-and-1024x576.jpg,,figure,jpeg,200,39074,f8706ed4d51cde41a7f1f91c951e2a6d2b51492286ffb598b0f1be561e0dd09f,2026-09-29,,,,,,,,,,
https://hifisonix.com/wp-content/uploads/2018/06/Simple-Capacitor-Multiplier-PSU-for-the-sx-and.jpg,,figure,jpeg,200,73373,9ef3d7039e075995044a3e4d10eff5d83d07be38f04eb33b7f62a1c53056e67d,2026-09-29,,,,,,,,,,
https://hifisonix.com/wp-content/uploads/2018/06/Simple-Multiplier-Cap-PSU-–-Ripple-Rejection-Performance-1024x576.jpg,,figure,jpeg,200,75911,ae40d0e44e214efe3191d3e87e6b0888770f7feb6b75dbc9d866766e96decac0,2026-09-29,,,,,,,,,,
https://hifisonix.com/wp-content/uploads/2018/06/Simple-Multiplier-Cap-PSU-–-Ripple-Rejection-Performance.jpg,,figure,jpeg,200,174429,fc9ee0819de75eca61b1d5f450f272e2ca46c79f6d78d0bfadefbfbdf3c9bccc,2026-09-29,,,,,,,,,,
https://hifisonix.com/wp-content/uploads/2018/06/ripple-Eater-PSU124-2-1-1024x884.jpg,,figure,jpeg,200,85846,e6d75be4def747c5934527fc9141c7688dceb7588ad3764f6e87652b8bf01f05,2026-09-29,,,,,,,,,,
https://hifisonix.com/wp-content/uploads/2018/06/ripple-Eater-PSU124-2-1.jpg,,figure,jpeg,200,598327,dc2bd6fd53a03262d80b937960809a83b65766dd35dece2200881d585d781d95,2026-09-29,,,,,,,,,,
https://hifisonix.com/wp-content/uploads/2018/07/Amplifier-PCB-Design-Guidlines-for-Minimizing-Hum-1-1.pdf,,linked,pdf,200,398478,e72209aec0b6957a04b7e334ac67dbb170f77e77279fa27e03ca4b28d7e15d13,2026-09-26,9,ocr_boxes,2026-09-27,ocr_boxes-1,2026-09-27,ingest-1,,,,
https://hifisonix.com/wp-content/uploads/2018/07/Locanthi-Amplifier-1966.pdf,,linked,pdf,200,448751,9f2ce03c03c4444a541a432353e5f8b441e1c8399b93388a128e042d829e96b9,2026-09-29,,,,,,,,,,
https://hifisonix.com/wp-content/uploads/2018/07/Locanthis-Amp-2.jpg,,figure,jpeg,200,46833,94a9e4a5f1ec11ea132b281f64bf5c50677a893287761be82adc8b7ef9941250,2026-09-29,,,,,,,,,,
https://hifisonix.com/wp-content/uploads/2018/07/RE4-1024x695.jpg,,figure,jpeg,200,86905,6669400b493cae70f9ef8a5f778c0127f8b45de06fdd967075f657cbc82554e9,2026-09-29,,,,,,,,,,
https://hifisonix.com/wp-content/uploads/2018/07/RE4.jpg,,figure,jpeg,200,499532,83f1ae5a0bb67f892c4d0f16e92ce62fd1d0e7f51e4cfdc8aff0d63b9e675c76,2026-09-29,,,,,,,,,,
https://hifisonix.com/wp-content/uploads/2018/07/RE6-1024x901.jpg,,figure,jpeg,200,107499,f75c47b1bcc7b3dfcc57a62617f8e9b6a2827c87b658b577a55546f467d91cc9,2026-09-29,,,,,,,,,,
https://hifisonix.com/wp-content/uploads/2018/07/RE6.jpg,,figure,jpeg,200,1803458,ec54a124126d28aad2005e55accb7621229f7f56e1efd46b2783432591376669,2026-09-29,,,,,,,,,,
https://hifisonix.com/wp-content/uploads/2018/07/hifisonix-RIAA-Phono-EQ.pdf,,linked,pdf,200,1249173,e64801a1214b64f1e51ff0252f46e0865b85cb7d39ff841968ad0f771614dfe7,2026-09-29,,,,,,,,,,
https://hifisonix.com/wp-content/uploads/2018/08/IMG_0603-2-1024x769.jpg,,figure,jpeg,200,120483,2cceab987e8792fb3c39ca255ee09510c1838e88a60d01e2fb224ac099b887e5,2026-09-29,,,,,,,,,,
https://hifisonix.com/wp-content/uploads/2018/08/IMG_0603-2.jpg,,figure,jpeg,200,1534945,1713919e84c4028d87dc3250f14cc497f51548c456fcb02a0ad87c4b9c02fae6,2026-09-29,,,,,,,,,,
https://hifisonix.com/wp-content/uploads/2018/08/IMG_0604-e1534199525563-1024x768.jpg,,figure,jpeg,200,118598,53b8680a8c82d089c694e07057c384a69e3d5710ffc40433fd822dce25b7b993,2026-09-29,,,,,,,,,,
https://hifisonix.com/wp-content/uploads/2018/08/IMG_0604-e1534199525563.jpg,,figure,jpeg,200,1216963,8be9398b33a07ca65e10ec5b544623928b440e9bbe6607df01f0c0fb22628a07,2026-09-29,,,,,,,,,,
https://hifisonix.com/wp-content/uploads/2018/08/IMG_0606-e1534199653235-1024x768.jpg,,figure,jpeg,200,119428,bd097fde81aca0f72505cf395ab7fc8be7031626e43304929785a60870d36bdb,2026-09-29,,,,,,,,,,
https://hifisonix.com/wp-content/uploads/2018/08/IMG_0606-e1534199653235.jpg,,figure,jpeg,200,1262701,e1c10cd0f18b9ce089cc43c65d86c00c65f2666df6f807a01f24d08160726cd2,2026-09-29,,,,,,,,,,
https://hifisonix.com/wp-content/uploads/2018/11/703.pdf,,linked,pdf,200,151604,dedc8e2c7a736c44e1e8d21752d320b193a731bf90ecfe1583ab993355a10fdf,2026-09-29,,,,,,,,,,
https://hifisonix.com/wp-content/uploads/2018/11/JBLSA600.jpg,,figure,jpeg,200,121764,f71229142889b02b3a4d21aa0f3e4bbba69d5b6e8c9e64b3817ff05fafb035cb,2026-09-29,,,,,,,,,,
https://hifisonix.com/wp-content/uploads/2018/12/Error-on-the-Hifisonix-RIAA-PSU-PCB-1024x576.jpg,,figure,jpeg,200,39507,35d2d1f29589ad169ac4facc9888a2891af2e02a150cb030b79476909cd5bc49,2026-09-29,,,,,,,,,,
https://hifisonix.com/wp-content/uploads/2018/12/Error-on-the-Hifisonix-RIAA-PSU-PCB.jpg,,figure,jpeg,200,77518,fc9c684ff5bc66b61d3e86c5e11f507b20af53e6cfc9ab99c00b59929ac1e18c,2026-09-29,,,,,,,,,,
https://hifisonix.com/wp-content/uploads/2018/12/RIAA_1-1024x1010.jpg,,figure,jpeg,200,136060,c3a98b47441401bab98ee062cc352e1d7f2ac98dc1db1d8064e5d7c585997025,2026-09-29,,,,,,,,,,
https://hifisonix.com/wp-content/uploads/2018/12/RIAA_1.jpg,,figure,jpeg,200,492359,5ec3d3b89b4e3c1595613358d9141e8fd9a5c0e561b591e6b729553a3da5a580,2026-09-29,,,,,,,,,,
https://hifisonix.com/wp-content/uploads/2018/12/riaa1-1024x654.png,,figure,png,200,84363,95d84994c50ac8a58d448e077b8373cefa078d5393526f20aea2fb0731b71630,2026-09-29,,,,,,,,,,
https://hifisonix.com/wp-content/uploads/2018/12/riaa1.png,,figure,png,200,21335,d01a955b404557d58ca7dc5712b213f2bf6b1a444715d172c0e77ec23a89a324,2026-09-29,,,,,,,,,,
https://hifisonix.com/wp-content/uploads/2018/12/riaa2-1024x654.png,,figure,png,200,118210,7e3b2be330fe4706a02532a78703325f178ff22bb0cefdce108fddfbec58573a,2026-09-29,,,,,,,,,,
https://hifisonix.com/wp-content/uploads/2018/12/riaa2.png,,figure,png,200,31695,58b2e24d8ed1622376728e178151f2be858d805857b7d9bb7101450a581c8dc1,2026-09-29,,,,,,,,,,
https://hifisonix.com/wp-content/uploads/2019/02/Ground-Loops.pdf,,linked,pdf,200,2967777,4953bf03c3c84ab02c8c709294f9e866e4a4c0cac39f62dc0aa9eabe859956cd,2026-09-26,73,ocr_boxes,2026-09-27,ocr_boxes-1,2026-09-27,ingest-1,,,,
https://hifisonix.com/wp-content/uploads/2019/04/IMGP7700-1024x683.jpg,,figure,jpeg,200,87975,5cf3083d0aed46b2999aaa48e8e4d9368edd4574f3826c2aa084ed819aa9c80a,2026-09-26,1,ocr_boxes,2026-09-27,ocr_boxes-1,2026-09-27,ingest-1,,,,
https://hifisonix.com/wp-content/uploads/2019/04/ilimzns-Excellent-Posts-on-Ground-Loops.pdf,,linked,pdf,200,227947,85f6885c4f7c5ed969781ba82d6bacf16d1c3b60f5cf6aaaf7dbc761d20e472e,2026-09-26,5,text,2026-09-27,ocr_boxes-1,2026-09-27,ingest-1,,,,
https://hifisonix.com/wp-content/uploads/2019/05/An-Introduction-to-CFA-Amplifiers-for-Audio.pdf,,linked,pdf,200,1926965,c857b5cdecb2d97b52ab869ea9b4b5647aaeddd92697b8826cca068df58a0f15,2026-09-26,21,ocr_boxes,2026-09-27,ocr_boxes-1,2026-09-27,ingest-1,,,,
https://hifisonix.com/wp-content/uploads/2019/06/Dynamic_Range_Requirements_of_Phonographic_Preamplifiers_Holman_Audio_July_1977.pdf,,linked,pdf,200,4270529,c558293b2568a6641e858e57d3a8269e231fca77d1e8ecfa448a726ae10aa757,2026-09-29,,,,,,,,,,
https://hifisonix.com/wp-content/uploads/2019/06/Richard-Lees-Ultra-MC-Amp.pdf,,linked,pdf,200,819859,99000eaf13d2d82f12677028b5c834499f9baffccd5035c1dd1e7d6c6e8475d4,2026-09-29,,,,,,,,,,
https://hifisonix.com/wp-content/uploads/2019/06/Tomlinson-Holman-phono-pre-research.pdf,,linked,pdf,200,692223,88e58a56201362e634337957099ad8d1e48b3bdcffbcce7289b88c3f75dc2be8,2026-09-29,,,,,,,,,,
https://hifisonix.com/wp-content/uploads/2019/07/Moving-coil-head-amps-rev-2-1024x576.jpg,,figure,jpeg,200,67424,83074f4df9576fe83641dcac5c9a645b571cf26ad72a9c337c7bcf36093196d2,2026-09-29,,,,,,,,,,
https://hifisonix.com/wp-content/uploads/2019/08/Moving-coil-head-amps-rev-2.pdf,,linked,pdf,200,4907820,6400e03806482306552cacd484a5c89ff627e774f8d4fab8cada49d469976712,2026-09-29,,,,,,,,,,
https://hifisonix.com/wp-content/uploads/2019/08/Noise-in-Current-Mirrors-Sources.pdf,,linked,pdf,200,839790,678a02cd8c9ced9548ab6f2dc45028bc5cd662cabda96ad21127722f6679c776,2026-09-29,,,,,,,,,,
https://hifisonix.com/wp-content/uploads/2019/08/Noise-in-Transistor-Circuits-P-J-Baxandall.pdf,,linked,pdf,200,2564880,abcc383329447d897b4cc01c288b42c513779cfeb8fa3b4819903f3027a5934b,2026-09-29,,,,,,,,,,
https://hifisonix.com/wp-content/uploads/2019/08/Noise-in-semi-Devices.pdf,,linked,pdf,200,976090,c8b0594623c4c789fa0618e7acd1d93fe9c162551075c9de6e9d30877fefd2bb,2026-09-29,,,,,,,,,,
https://hifisonix.com/wp-content/uploads/2020/02/Slide2-1-1024x576.jpg,,figure,jpeg,200,56254,868d75834b711884c4d8790d48d941963c974d4c92924f90666eaee70b445d0f,2026-09-26,1,ocr_boxes,2026-09-27,ocr_boxes-1,2026-09-27,ingest-1,,,,
https://hifisonix.com/wp-content/uploads/2020/02/Slide3-1024x576.jpg,,figure,jpeg,200,84744,ea00f53b22f01c95590bb18252430b491db2d00577972f29c19b9d17219b5861,2026-09-26,1,ocr_boxes,2026-09-27,ocr_boxes-1,2026-09-27,ingest-1,,,,
https://hifisonix.com/wp-content/uploads/2020/02/The-Ovation-nx-Amplifier-V2.10.pdf,,linked,pdf,200,5556511,f73807cd3df36e8257d10dfdfa091c31bc58350b7b289088ff834d480ee8a517,2026-09-26,58,ocr_boxes,2026-09-27,ocr_boxes-1,2026-09-27,ingest-1,,,,
https://hifisonix.com/wp-content/uploads/2020/07/IMGP9728.jpg,,figure,jpeg,200,47584,d749b9a9f4a3cfbc044a0d7f56d8c016d70552b6d9f0580eed2fbd0acec4686e,2026-09-29,,,,,,,,,,
https://hifisonix.com/wp-content/uploads/2020/07/IMGP9729.jpg,,figure,jpeg,200,31874,22c1ba46862565b0367191dd0d11c9813f4e097e194d272efdfc659dd836ad26,2026-09-29,,,,,,,,,,
https://hifisonix.com/wp-content/uploads/2020/07/IMGP9732.jpg,,figure,jpeg,200,44436,bbfad561ddacd86e9316e5221b6160618abc8515c4a7744b97755d589322f2f8,2026-09-29,,,,,,,,,,
https://hifisonix.com/wp-content/uploads/2020/07/IMGP9734.jpg,,figure,jpeg,200,40278,234058eca47463c544a7619563f7a64cac7e3f92d0cc2814ce23a2d94ea7a0c6,2026-09-29,,,,,,,,,,
https://hifisonix.com/wp-content/uploads/2020/07/IMGP9740.jpg,,figure,jpeg,200,43885,abfd8d6636b953f7bfa5ef9b0e41ef016ad179c6edbf22fdee0e430874d2d304,2026-09-29,,,,,,,,,,
https://hifisonix.com/wp-content/uploads/2021/01/kx-Amplifier-Dec-2020.pdf,,linked,,404,107965,,,,,,,,,,,http 404,
https://hifisonix.com/wp-content/uploads/2021/02/Understanding-Noise-1024x576.jpg,,figure,jpeg,200,100901,48562e87a8f095ab5a0ea85db87ef158ba669b359a7b537713c1f0d2f89b337f,2026-09-29,,,,,,,,,,
https://hifisonix.com/wp-content/uploads/2021/03/X-Altra-HPA-1-with-OPA1642-Opamps-1.pdf,,linked,pdf,200,845976,ab9831fe54269e899e2356cffbf9c5235e00d5b70d74ad53be5760a8eda63c0c,2026-09-29,,,,,,,,,,
https://hifisonix.com/wp-content/uploads/2021/04/Reducing-Loop-Area-in-Audio-Amplifiers.pdf,,linked,pdf,200,194916,bdd3009d19590d8d84fa2addc663d0c25bcfa339d4ac963057335482a4c5e31c,2026-09-29,,,,,,,,,,
https://hifisonix.com/wp-content/uploads/2021/09/BW-703.jpg,,figure,jpeg,200,27669,4b76e75ee8d4a23d929dffd1947770560cde90709a59b1f024971809e54ea44b,2026-09-29,,,,,,,,,,
https://hifisonix.com/wp-content/uploads/2021/09/Dali-Oberon-5.jpg,,figure,jpeg,200,13266,e2dae8ba2791d9a2800e0710009f47f89626d9ba19db4f58af754ddf1b21bfcc,2026-09-29,,,,,,,,,,
https://hifisonix.com/wp-content/uploads/2021/09/Measurement-with-the-QA401.pdf,,linked,pdf,200,477439,15bf9a9a0f54cabe4518667a50d0debec97b0c548ae484e79e4d60864a9d4112,2026-09-29,,,,,,,,,,
https://hifisonix.com/wp-content/uploads/2021/10/4F3EAB75-3D5B-447B-B943-B7BCB789D74D-1024x768.jpeg,,figure,jpeg,200,142615,c8fc5fd105bf01aa1f4253d4ace3f6829140aba115194618d20c86d8be30392d,2026-09-29,,,,,,,,,,
https://hifisonix.com/wp-content/uploads/2021/10/IMG_2324-1024x768.jpg,,figure,jpeg,200,81543,b85b024a12a99cfc36d83c2b17658482669b88e12d9a0d4fce8004aaccf3792a,2026-09-29,,,,,,,,,,
https://hifisonix.com/wp-content/uploads/2022/05/IMGP1164-2-1024x455.jpg,,figure,jpeg,200,33719,77ae657a3d169c94a77219bc67b4f77ec1416a88f2e2988bb65156e419a7e769,2026-09-29,,,,,,,,,,
https://hifisonix.com/wp-content/uploads/2022/07/X-Altra-discrete-Line-Stage-TI-JFET.pdf,,linked,pdf,200,468334,53bd8c88f5b732a619fcf6f28c1765b86225c6dde483a6ae12161afdf5e2557d,2026-09-29,,,,,,,,,,
https://hifisonix.com/wp-content/uploads/2022/08/Bal-Line-Amp-Block-Diagram-1024x578.jpg,,figure,jpeg,200,38900,7f3584468ecb732e4fc3301a1eaa951a6d954801343aa14968de281882a23d95,2026-09-29,,,,,,,,,,
https://hifisonix.com/wp-content/uploads/2022/11/8792900D-8092-4803-8976-A6B0471752EB-1024x768.jpeg,,figure,jpeg,200,77284,cab0c017f83a7aa84d94f1e324a181ad0417f5d94a6185e5c5edc345a8f3b24d,2026-09-29,,,,,,,,,,
https://hifisonix.com/wp-content/uploads/2022/11/95E78B82-49BB-49B5-AB32-F76DE05153BB-1024x389.jpeg,,figure,jpeg,200,74222,6fe68aa409e47c8b23e6057d9352fc0db99fa3dfed46fce7a8641115c9a57372,2026-09-29,,,,,,,,,,
https://hifisonix.com/wp-content/uploads/2022/11/95E78B82-49BB-49B5-AB32-F76DE05153BB.jpeg,,figure,jpeg,200,215293,6f19a0b5a7d9fedb2c96722066062e65b970573ee6cdf04f068e201456d16b22,2026-09-29,,,,,,,,,,
https://hifisonix.com/wp-content/uploads/2022/11/Balanced-Line-Stage-Graphics-1024x576.jpg,,figure,jpeg,200,92642,321e62ba5d4ed1beff3c7322e558866acd23bad3b9a90c31c790b34e9ca6106d,2026-09-29,,,,,,,,,,
https://hifisonix.com/wp-content/uploads/2022/11/kx2-Amplifier-25th-November-2022.pdf,,linked,,404,107987,,,,,,,,,,,http 404,
https://hifisonix.com/wp-content/uploads/2022/12/IMGP5098-1024x537.jpg,,figure,jpeg,200,68920,811d0538fe3f0a6656f7aaf5232db2bcb48cf8f3068da19fc1f2343cb993c36e,2026-09-29,,,,,,,,,,
https://hifisonix.com/wp-content/uploads/2022/12/IMGP8059-1024x681.jpg,,figure,jpeg,200,82426,a554698a7b1773ad181f389a94c07a4d83872c0580c4e061c4205dcec017dafd,2026-09-26,1,ocr_boxes,2026-09-27,ocr_boxes-1,2026-09-27,ingest-1,,,,
https://hifisonix.com/wp-content/uploads/2022/12/Micro-Ripple-Eater.pdf,,linked,pdf,200,670030,0e30b1b8ced822be9bbeee8447dcc013a2d650988b3fe05915f767f4d62dce7f,2026-09-29,,,,,,,,,,
https://hifisonix.com/wp-content/uploads/2023/06/X-Altra-Mini-II-Preamplifier-Main-Presentation-June-7-2023.pdf,,linked,pdf,200,3418443,5e3329c3e7734d863f8a90c26f20cf5676614e318f8601c68aee56f75ba796da,2026-09-29,,,,,,,,,,
https://hifisonix.com/wp-content/uploads/2024/03/audioXpress-ax-Amp-768x645.png,,figure,png,200,315186,8e061fa39beec7b8e6a699a975522a5d586ef38b90aad4980029fd6d9523b09b,2026-09-29,,,,,,,,,,
https://hifisonix.com/wp-content/uploads/2024/03/audioXpress-ax-Amp.png,,figure,png,200,116936,947127963e55da48343dfe2226ea06beaec564e49da32ce16fd8a64e3b625917,2026-09-29,,,,,,,,,,
https://hifisonix.com/wp-content/uploads/2024/06/Fast-TIS-Stages-for-Audio-Amplifiers.pdf,,linked,pdf,200,1146350,76d6d24c86eb1fb4ca7ccc6d1095c2e77273f81e779507d7ffaf0fe8975a1e27,2026-09-29,,,,,,,,,,
https://hifisonix.com/wp-content/uploads/2025/01/hfe_pioneer_sx-1000ta_schematics.pdf,,linked,pdf,200,3496071,4586c028d8737b8b57c449d985567772e0b86d5727baa0fbc36562e2f64f3989,2026-09-29,,,,,,,,,,
https://www.hifisonix.com/articles/,,project_page,html,,144174,6f18d68fbb5965f5893524550ad83ef192964b6de14df6916cb34a97c7597cf4,2026-09-26,,,,,,,,,,2026-09-29
https://www.hifisonix.com/articles/12-point-checklist-for-anyone-using-opamps-in-an-audio-design/,,project_page,html,200,131976,081af569d678fe6cef70649b85ffa5d7fd975ac1ce055cb8556a527898a6eb5e,2026-09-29,,,,,,,,,,2026-09-29
https://www.hifisonix.com/articles/12-point-checklist-for-anyone-using-opamps-in-an-audio-design/?currency=GBP,,project_page,html,200,131627,21d549fb155642b3214254c57e0c554c3ede61eb5dcc706b30af027ced27506f,2026-09-29,,,,,,,,,,2026-09-29
https://www.hifisonix.com/articles/2688-2/,,project_page,html,200,131939,79e9c631cff557b252461ff64d65999069917e918bd9134378254e04a74ec9a1,2026-09-29,,,,,,,,,,2026-09-29
https://www.hifisonix.com/articles/2688-2/?currency=GBP,,project_page,html,200,131589,b59f115d51f89ede598f5e939e35ffc0aa47390947f2983f50118a692dd6ac09,2026-09-29,,,,,,,,,,2026-09-29
https://www.hifisonix.com/articles/?cst,,project_page,html,200,144216,f60b05b38843cfece08c13c73ad7dc2c54f84db0973b36341d0decc2f8829a1d,2026-09-29,,,,,,,,,,2026-09-29
https://www.hifisonix.com/articles/?cst&currency=GBP,,project_page,html,200,143944,624dd6d03b188a097fd0a26fdd2324150e65718d7c666f353730ebaee470ed65,2026-09-29,,,,,,,,,,2026-09-29
https://www.hifisonix.com/articles/?cst&currency=GBP&query-1-page=1,,page,,,,,,,,,,,,,,not followed,
https://www.hifisonix.com/articles/?cst&currency=GBP&query-1-page=2,,project_page,html,200,148725,05a5dd892d367532c718d5b81e7b1c1c404365af3c767333a1fb523be66e4bba,2026-09-29,,,,,,,,,,2026-09-29
https://www.hifisonix.com/articles/?cst&currency=GBP&query-1-page=3,,page,,,,,,,,,,,,,,not followed,
https://www.hifisonix.com/articles/?cst&query-1-page=1,,project_page,html,200,144251,49438801695d11fbd9ded9c90afbf68bf651de9aa0173eeb87206b06ba10d0fe,2026-09-29,,,,,,,,,,2026-09-29
https://www.hifisonix.com/articles/?cst&query-1-page=2,,project_page,html,200,148961,1aacdeb0f4ab96d64fab41f1578753b2e3104e61ac5649f6ac25921e250c3742,2026-09-29,,,,,,,,,,2026-09-29
https://www.hifisonix.com/articles/?cst&query-1-page=3,,project_page,html,200,143092,c362a3b6652cd553332cea36fa18a1bb055128c8f29ee2d8c014bc0e6be5883c,2026-09-29,,,,,,,,,,2026-09-29
https://www.hifisonix.com/articles/?cst&query-1-page=4,,project_page,html,200,128198,c7c3ab50471d4c752c70ff8fc6c99adba7dc2e3765f1f1117aac9d040f9df2e0,2026-09-29,,,,,,,,,,2026-09-29
https://www.hifisonix.com/articles/?cst&query-1-page=5,,project_page,html,200,129063,4ce3e0dc5acc21b2507fe0db83194f832e0897367abf9283fd9dead38bcb1c5f,2026-09-29,,,,,,,,,,2026-09-29
https://www.hifisonix.com/articles/?cst&query-1-page=6,,project_page,html,200,117716,31d3416820a32b48135a228ec9b14bf1cd40ccdb59f7cb1949289106d1e3071b,2026-09-29,,,,,,,,,,2026-09-29
https://www.hifisonix.com/articles/?cst&query-1-page=7,,project_page,html,200,125761,9cb033c3d4b6ba9ad8aebd6d1848c2b4f85a076f7dca0ec43623a3a741290518,2026-09-29,,,,,,,,,,2026-09-29
https://www.hifisonix.com/articles/?cst&query-1-page=8,,project_page,html,200,125024,1068fd64c91df3d8edc13b1f7d86fd8e692327e01be7fc657955c0618d67f72b,2026-09-29,,,,,,,,,,2026-09-29
https://www.hifisonix.com/articles/?cst&query-1-page=9,,project_page,html,200,111086,d1b741ba198ef1bc883a66f961e58d637224d03ba9552b9f0e4c462303c90459,2026-09-29,,,,,,,,,,2026-09-29
https://www.hifisonix.com/articles/?currency=GBP,,project_page,html,200,143895,cccdff314ed6bff76370278e0bdb1db07379089bf90a1c064cf19a0efc685f6d,2026-09-29,,,,,,,,,,2026-09-29
https://www.hifisonix.com/articles/?currency=GBP&query-1-page=1,,project_page,html,200,143930,783e528d6cd4d63dac6e42d9bdc00b2672c58f6a03b7b53e752547de1b149545,2026-09-29,,,,,,,,,,2026-09-29
https://www.hifisonix.com/articles/?currency=GBP&query-1-page=2,,project_page,html,200,148694,be609837ae58d712e479bb661e639441849029e14aa2802a86457484b7931de4,2026-09-29,,,,,,,,,,2026-09-29
https://www.hifisonix.com/articles/?currency=GBP&query-1-page=3,,project_page,html,200,142843,e3cb098b784928f787eab22099a74f0f78dac6dd431dff3875ba2662ac991667,2026-09-29,,,,,,,,,,2026-09-29
https://www.hifisonix.com/articles/?currency=GBP&query-1-page=4,,page,,,,,,,,,,,,,,not followed,
https://www.hifisonix.com/articles/?query-1-page=1,,project_page,html,200,144202,394e636bbe16001eb20a12d5a6c4ecfe140632686d23fb2d8ec8433fdda37ea7,2026-09-29,,,,,,,,,,2026-09-29
https://www.hifisonix.com/articles/?query-1-page=1&cst,,project_page,html,200,144251,db877a12967a2f960695caccb9c87696cbbd48a557aaf3fab4f84e356b244b71,2026-09-29,,,,,,,,,,2026-09-29
https://www.hifisonix.com/articles/?query-1-page=1&cst&currency=GBP,,project_page,html,200,143979,ec59717ac7fb3525491dfdbe691b91b82b7b8095a03c07f253412bbe793d24f6,2026-09-29,,,,,,,,,,2026-09-29
https://www.hifisonix.com/articles/?query-1-page=1&currency=GBP,,project_page,html,200,143930,ed8efbf68c6dbbe4bcc8fdf865fbacdd17407aa3b1e9d164ed3344af2b9e6d02,2026-09-29,,,,,,,,,,2026-09-29
https://www.hifisonix.com/articles/?query-1-page=2,,project_page,html,200,148930,04e8ebe362eb4d59e892ec0e3ce586c48a4780a4c189edab77df1f4f72d0566e,2026-09-29,,,,,,,,,,2026-09-29
https://www.hifisonix.com/articles/?query-1-page=2&cst,,project_page,html,200,148961,933c8f5a96fd413bd993de9857855a1f0126ed76d9b0c6666f2c283725b29093,2026-09-29,,,,,,,,,,2026-09-29
https://www.hifisonix.com/articles/?query-1-page=2&cst&currency=GBP,,project_page,html,200,148725,af5e872ad4066c1df4102f6b0dd359e7f74f995e217cd48351c21c27595bce9b,2026-09-29,,,,,,,,,,2026-09-29
https://www.hifisonix.com/articles/?query-1-page=2&currency=GBP,,project_page,html,200,148694,28970350d153ef89a1ab67848813779142b3199f6a6e6a4c1e633328c4533573,2026-09-29,,,,,,,,,,2026-09-29
https://www.hifisonix.com/articles/?query-1-page=3,,project_page,html,200,143061,0470859ec7eee0630a43cc9a002c9a9eeafcda9f2a878cf85534ba7ec2ca41b8,2026-09-29,,,,,,,,,,2026-09-29
https://www.hifisonix.com/articles/?query-1-page=3&cst,,project_page,html,200,143092,588749732e53169fd2a769300d71159b137a40f395e512ced37c072fca33259f,2026-09-29,,,,,,,,,,2026-09-29
https://www.hifisonix.com/articles/?query-1-page=3&cst&currency=GBP,,project_page,html,200,142874,22e9bd1b128b1efc349b95709b87fb3409e09099b9cd8214a70cef10d49636a7,2026-09-29,,,,,,,,,,2026-09-29
https://www.hifisonix.com/articles/?query-1-page=3&currency=GBP,,project_page,html,200,142843,ce0428edaba36ebef06ef4a3b8457b92528f91c2a4321213e1e766d652f084f9,2026-09-29,,,,,,,,,,2026-09-29
https://www.hifisonix.com/articles/?query-1-page=4,,project_page,html,200,128167,e5a2c545c1520ae5cdfcfc01ec0a92240792d86d504e666a622e4db075ae99ba,2026-09-29,,,,,,,,,,2026-09-29
https://www.hifisonix.com/articles/?query-1-page=4&cst,,project_page,html,200,128198,6a1c1ff0c71d2993fa4c58261fe8fc44296a88ec1caf52c93b0d9be6a7949c70,2026-09-29,,,,,,,,,,2026-09-29
https://www.hifisonix.com/articles/?query-1-page=4&cst&currency=GBP,,project_page,html,200,127998,5b8b80397a7f1711a1b95d6ccbeebe582e9a88ff7433ccc7457b47c18f6136da,2026-09-29,,,,,,,,,,2026-09-29
https://www.hifisonix.com/articles/?query-1-page=4&currency=GBP,,project_page,html,200,127967,d40545ed5438e1b043beedcec8cba9a6894389b46b965d8bb6eff500eaa433df,2026-09-29,,,,,,,,,,2026-09-29
https://www.hifisonix.com/articles/?query-1-page=5,,project_page,html,200,129032,e31ea8539a46b7371c466d7015fea396a5180189a194164e902926e4e1365887,2026-09-29,,,,,,,,,,2026-09-29
https://www.hifisonix.com/articles/?query-1-page=5&cst,,project_page,html,200,129063,438bc1ef63a50cd5d93f734ceea85762a5c6e93cadff9adc58c4156cf18eb9bc,2026-09-29,,,,,,,,,,2026-09-29
https://www.hifisonix.com/articles/?query-1-page=5&cst&currency=GBP,,project_page,html,200,128863,b5956e34ffac4107e5c4569214b761d80ba372c72609d719ae50beed8d9227fb,2026-09-29,,,,,,,,,,2026-09-29
https://www.hifisonix.com/articles/?query-1-page=5&currency=GBP,,project_page,html,200,128832,310019c6972cad3d72a5d77275392c61471476e2a04df069740f6b6a605e8944,2026-09-29,,,,,,,,,,2026-09-29
https://www.hifisonix.com/articles/?query-1-page=6,,project_page,html,200,117685,b82d9b0b9611944feb5f0bc8ff7a91c3523d1eb06a922d957b46656e7ed157b4,2026-09-29,,,,,,,,,,2026-09-29
https://www.hifisonix.com/articles/?query-1-page=6&cst,,project_page,html,200,117716,489bd0a392c4e1f754adf174944093b6655a2fd8659088b90b14da3f3384ec57,2026-09-29,,,,,,,,,,2026-09-29
https://www.hifisonix.com/articles/?query-1-page=6&cst&currency=GBP,,project_page,html,200,117516,cf7ceb814494fa2d7670a47c694999bcc971c28a9fd49312e6b0b380a0e3ad95,2026-09-29,,,,,,,,,,2026-09-29
https://www.hifisonix.com/articles/?query-1-page=6&currency=GBP,,page,,,,,,,,,,,,,,not followed,
https://www.hifisonix.com/articles/?query-1-page=7,,project_page,html,200,125730,06154da9e78068fc2018d8fc853c0c9db5f24f7644daf888a7fc68d88fface25,2026-09-29,,,,,,,,,,2026-09-29
https://www.hifisonix.com/articles/?query-1-page=7&cst,,project_page,html,200,125761,9c2f7509e4b29fed412d96298823ee2e46f4890d2418f348ff047fb1dfdba62d,2026-09-29,,,,,,,,,,2026-09-29
https://www.hifisonix.com/articles/?query-1-page=7&cst&currency=GBP,,project_page,html,200,125543,8fe2387c8a5261bd310b2d7cdb0d532906d0f5e8c6845fcf8f3f84a562725f50,2026-09-29,,,,,,,,,,2026-09-29
https://www.hifisonix.com/articles/?query-1-page=7&currency=GBP,,page,,,,,,,,,,,,,,not followed,
https://www.hifisonix.com/articles/?query-1-page=8,,project_page,html,200,124993,444f77492b05ea89888d82e09d43cf2a8c91622849d56cfbbb842ee552056441,2026-09-29,,,,,,,,,,2026-09-29
https://www.hifisonix.com/articles/?query-1-page=8&cst,,project_page,html,200,125024,da23d371a3f4a91f02b81a2cedf83538bf1376967112fc607b77c94410d9fd3f,2026-09-29,,,,,,,,,,2026-09-29
https://www.hifisonix.com/articles/?query-1-page=8&cst&currency=GBP,,project_page,html,200,124788,1dd3049d704d45453fc1b8b37441ea02b5cce84fcceba8672223bebdfbf84118,2026-09-29,,,,,,,,,,2026-09-29
https://www.hifisonix.com/articles/?query-1-page=8&currency=GBP,,project_page,html,200,124757,191cfdb9fbae9eb26a4dd32f48a22b2cd170842387cb6c8c265fa9b062323b0c,2026-09-29,,,,,,,,,,2026-09-29
https://www.hifisonix.com/articles/?query-1-page=9,,project_page,html,200,111064,37fd11df8f8dba934aaa8107c25cc727fc34acf36414e22908e701da5c0ba387,2026-09-29,,,,,,,,,,2026-09-29
https://www.hifisonix.com/articles/?query-1-page=9&cst,,project_page,html,200,111086,6046ffdcc53fcda8d49be90b32c49a9a4b5b6f17c87ed6ada078470c4f7f0255,2026-09-29,,,,,,,,,,2026-09-29
https://www.hifisonix.com/articles/?query-1-page=9&cst&currency=GBP,,project_page,html,200,110814,5c9522b41dfb70a83aa3d4c56e5387b4cd48d40c7312b571ec2d1284dc85a947,2026-09-29,,,,,,,,,,2026-09-29
https://www.hifisonix.com/articles/?query-1-page=9&currency=GBP,,project_page,html,200,110792,a8763147de6bd5b01a38895857fff4a80abf91d58aec44867ae4981758b821a9,2026-09-29,,,,,,,,,,2026-09-29
https://www.hifisonix.com/articles/a-concise-overview-of-tim-by-bob-cordell/,,project_page,html,200,133198,843994ffa561bcc1e6e52b6e7d77c7ed6012e3d049de4e012f8dc2112cf26865,2026-09-29,,,,,,,,,,2026-09-29
https://www.hifisonix.com/articles/a-concise-overview-of-tim-by-bob-cordell/?currency=GBP,,project_page,html,200,132849,141477aa6b69bf8a171c222104238f66162ee416cd8463a8cf26d2d3c6f27675,2026-09-29,,,,,,,,,,2026-09-29
https://www.hifisonix.com/articles/an-597-current-feedback-amplifiers/,,project_page,html,200,132463,4cbb29c0264ac1b12f0e5e5b7d97e3bf9beec293673b98e2e22f34b74191f386,2026-09-26,,,,,,,,,,2026-09-29
https://www.hifisonix.com/articles/an-597-current-feedback-amplifiers/?currency=GBP,,project_page,html,200,132116,aad121832a3ad9adfd25a392dc4bdec1b0719679aba413c013fcfc07a666f5ca,2026-09-29,,,,,,,,,,2026-09-29
https://www.hifisonix.com/articles/an-overview-of-sid-and-tim-walt-jung-et-al/,,project_page,html,200,132147,347fe56bbf0be05884fc37ad79a321b14e51c0cefb4e2b6d46b79ef322a70515,2026-09-29,,,,,,,,,,2026-09-29
https://www.hifisonix.com/articles/an-overview-of-sid-and-tim-walt-jung-et-al/?currency=GBP,,project_page,html,200,131798,778d8c38c91050fa881a05d7ff804e19e985a78cc07eb70d54ea5c7c3a17ecf2,2026-09-29,,,,,,,,,,2026-09-29
https://www.hifisonix.com/articles/audio-amplifier-output-stage-safe-operating-area/,,project_page,html,200,142906,76600cb675b1587b132c4ee6f0a750717ddfe7e67ba5e1e138a1dbf50f4fd50e,2026-09-26,,,,,,,,,,2026-09-29
https://www.hifisonix.com/articles/audio-amplifier-output-stage-safe-operating-area/?currency=GBP,,project_page,html,200,142558,a4575e6e32c6fd561dd63916e4a6a45b604cf0d808fbfa90b3671475d4e48bb8,2026-09-29,,,,,,,,,,2026-09-29
https://www.hifisonix.com/articles/audio-amplifier-output-stage-safe-operating-area/comment-page-1/,,project_page,html,200,142959,6a374792be56d712a632d5d3acf4a4c16da01416d680b5b04f0d83e86ac9009c,2026-09-29,,,,,,,,,,2026-09-29
https://www.hifisonix.com/articles/audio-amplifier-output-stage-safe-operating-area/comment-page-1/?currency=GBP,,project_page,html,200,142610,3c7728f7c9b27fdcaccd4267b0015f727b98bf83cfcd2ba543e31d0ea910fd49,2026-09-29,,,,,,,,,,2026-09-29
https://www.hifisonix.com/articles/audio-amplifier-temperature-compensation/,,project_page,html,200,138002,8f5d507a882561962df4a4d305cdb42bd9242f4d4f8c8c445d3474e8120afff1,2026-09-26,,,,,,,,,,2026-09-29
https://www.hifisonix.com/articles/audio-amplifier-temperature-compensation/?currency=GBP,,project_page,html,200,137651,97ed45a39ef9356a8795153548df7089fb4c36a846f50b1c8b0b5650a593f9ff,2026-09-29,,,,,,,,,,2026-09-29
https://www.hifisonix.com/articles/audio-power-amplifier-design-peter-j-baxandall/,,project_page,html,200,132975,429ddffef31bca5a2e690c1e3b3cf412e2e53555494562f8592bd2507badba11,2026-09-29,,,,,,,,,,2026-09-29
https://www.hifisonix.com/articles/audio-power-amplifier-design-peter-j-baxandall/?currency=GBP,,project_page,html,200,132623,aac089cdd80f59b126ccce816bac3813cec8f73be4fd5c935005700c95179d3e,2026-09-29,,,,,,,,,,2026-09-29
https://www.hifisonix.com/articles/baxandalls-original-tone-control-article-from-wireless-world-1952/,,project_page,html,200,132682,b443f29f70ac325f23446da112f207e33ea05a71ab9a4e56aac923c1447a5d52,2026-09-26,,,,,,,,,,2026-09-29
https://www.hifisonix.com/articles/baxandalls-original-tone-control-article-from-wireless-world-1952/?currency=GBP,,project_page,html,200,132333,b9645f87e5b0929d177e29d0a992019f8e3582f2cab4a4c507b75779135dcd2d,2026-09-29,,,,,,,,,,2026-09-29
https://www.hifisonix.com/articles/cascode-amplifier-oscillation/,,project_page,html,200,146612,ea42b835d6c248a79541fe0b69299a71756f79794a8c0651710d64acbf59b39d,2026-09-29,,,,,,,,,,2026-09-29
https://www.hifisonix.com/articles/cascode-amplifier-oscillation/?currency=GBP,,project_page,html,200,146267,9296947b2bb85b251ad8a4cb1f0c88f03c02d98f6b2f152b68e7c340fe978fcb,2026-09-29,,,,,,,,,,2026-09-29
https://www.hifisonix.com/articles/cascode-amplifier-oscillation/comment-page-1/,,project_page,html,200,146369,2fa32d26c371edceb1f456b2e4dc71c33ce515cad731762959774268c8dc129b,2026-09-29,,,,,,,,,,2026-09-29
https://www.hifisonix.com/articles/cascode-amplifier-oscillation/comment-page-1/?currency=GBP,,project_page,html,200,146020,f17bcfb5c5f44eb2e4936b53f36453b39c402f40b0ad3d1b56518bd79e257cac,2026-09-29,,,,,,,,,,2026-09-29
https://www.hifisonix.com/articles/cfa-application-note/,,project_page,html,200,130720,6bb702473aa243e58c1bebb027a5ce29383b745df46f89f28c8dd9a80b76cc94,2026-09-29,,,,,,,,,,2026-09-29
https://www.hifisonix.com/articles/cfa-application-note/?currency=GBP,,project_page,html,200,130368,172f622e4904ae035d827a3283f7fe629f7151cfbe08d4de05ba239d7c1aa12e,2026-09-29,,,,,,,,,,2026-09-29
https://www.hifisonix.com/articles/cross-over-distortion/,,project_page,html,200,144202,b638ab6a250f19190164d6af4de955b8c5fdbdafbd0f8ba2581a1fca1b9c97c5,2026-09-26,,,,,,,,,,2026-09-29
https://www.hifisonix.com/articles/cross-over-distortion/?currency=GBP,,project_page,html,200,143854,d090e3fa8530e719bfeed999b639ce88e481aa49dec7a06b3d6fec5b85c167fc,2026-09-29,,,,,,,,,,2026-09-29
https://www.hifisonix.com/articles/cross-over-distortion/comment-page-1/,,project_page,html,200,143968,d4fb0197ad6c3ee48466dd780e3e1da6ddce61f8bb34b2f5fa7b55c2d8b262a7,2026-09-29,,,,,,,,,,2026-09-29
https://www.hifisonix.com/articles/cross-over-distortion/comment-page-1/?currency=GBP,,project_page,html,200,143619,24b2cfd041eb998a61271f93b5096666b985ea3ec39cb92a3112cc297815099e,2026-09-29,,,,,,,,,,2026-09-29
https://www.hifisonix.com/articles/current-and-voltage-feedback-amplifiers/,,project_page,html,200,142218,d68c052c908d4138d04d6d7900baed70088547614ada88699f6176b43637c1a6,2026-09-29,,,,,,,,,,2026-09-29
https://www.hifisonix.com/articles/current-and-voltage-feedback-amplifiers/?currency=GBP,,project_page,html,200,141869,2126a2c773ff168b5b9d9734ee8a6055fd7e622cc7a37269f991f0784c1490fc,2026-09-29,,,,,,,,,,2026-09-29
https://www.hifisonix.com/articles/current-and-voltage-feedback-amplifiers/comment-page-1/,,project_page,html,200,142125,4632043457220965e87dc735b92b3931dac11e5919cdef06a083bc9092a637e8,2026-09-29,,,,,,,,,,2026-09-29
https://www.hifisonix.com/articles/current-and-voltage-feedback-amplifiers/comment-page-1/?currency=GBP,,project_page,html,200,141779,acc3ba0d509431cd39b3076ef7167144ac22a4dbaab29ac79bc311e994043973,2026-09-29,,,,,,,,,,2026-09-29
https://www.hifisonix.com/articles/current-feedback-amplifer-vs-voltage-feedback-amplifier/,,project_page,html,200,141719,3bc9757f1b27189c19a879b6527aeec8626c354bc2d23c7375165fb572f872ba,2026-09-26,,,,,,,,,,2026-09-29
https://www.hifisonix.com/articles/current-feedback-amplifer-vs-voltage-feedback-amplifier/?currency=GBP,,project_page,html,200,141368,a687f66c9f1a423d9c711a82340df3a98a59edc8673459b144e635bfb10fb668,2026-09-29,,,,,,,,,,2026-09-29
https://www.hifisonix.com/articles/current-feedback-amplifier-input-stage/,,project_page,html,200,132733,5af3fc38bf9e29a1fde7392af73912d1fbfaec8f8f8b568aca5e5a3ce0309516,2026-09-29,,,,,,,,,,2026-09-29
https://www.hifisonix.com/articles/current-feedback-amplifier-input-stage/?currency=GBP,,project_page,html,200,132384,c08ed265ee9be4b01a1c25a28a1d1258c1ec7899eb1cbe34e477499c9c876e4c,2026-09-29,,,,,,,,,,2026-09-29
https://www.hifisonix.com/articles/douglas-selfs-8-distortions-and-a-few-more/,,project_page,html,200,139838,80a94ffff14fa3b77c5c92d50b9c8e3ac05d3df152e8583458f0cd9ecf04b3ef,2026-09-29,,,,,,,,,,2026-09-29
https://www.hifisonix.com/articles/douglas-selfs-8-distortions-and-a-few-more/?currency=GBP,,project_page,html,200,139486,78e69af02b05a4c7c6da8a818bfbefba14f0166c82946f59e90d3f56f4f23026,2026-09-29,,,,,,,,,,2026-09-29
https://www.hifisonix.com/articles/douglas-selfs-8-distortions-and-a-few-more/comment-page-1/,,project_page,html,200,139748,0bcab39b0f2c19cfa343fa71e225d6920d4e1493e6a9e467909807524d6007c3,2026-09-29,,,,,,,,,,2026-09-29
https://www.hifisonix.com/articles/douglas-selfs-8-distortions-and-a-few-more/comment-page-1/?currency=GBP,,project_page,html,200,139398,852a8c51957e67102feb5743cc81c06c0bc72eb68f30194c13ae44e5154aa7f5,2026-09-29,,,,,,,,,,2026-09-29
https://www.hifisonix.com/articles/einsteins-path-to-relativity/,,project_page,html,200,144211,b8f1a5b01c996874362cc6aa7e8cde547727d171e06e56b931db30a0383cc57f,2026-09-29,,,,,,,,,,2026-09-29
https://www.hifisonix.com/articles/einsteins-path-to-relativity/?currency=GBP,,project_page,html,200,143863,55949101a940862e56d4f3b9a25c8fa868cb1c13d76d936cdf0df4df74a9090c,2026-09-29,,,,,,,,,,2026-09-29
https://www.hifisonix.com/articles/error-correction-feedback-system-for-audio-amplifiers/,,project_page,html,200,149013,8736b74cc27681674392fd58de27d97099bd5afdda3e7b283bff8143a3051dd7,2026-09-26,,,,,,,,,,2026-09-29
https://www.hifisonix.com/articles/error-correction-feedback-system-for-audio-amplifiers/?currency=GBP,,project_page,html,200,148664,cc8ab0cf7616bd2051e2d07ce369cca2700c7c629bda047e0f9b7b8afe29df75,2026-09-29,,,,,,,,,,2026-09-29
https://www.hifisonix.com/articles/error-correction-feedback-system-for-audio-amplifiers/comment-page-1/,,project_page,html,200,148332,34b0e8eeb01f79c42168469b817f8910a142fcfbf0d6031cb8bdd8ea7056261d,2026-09-29,,,,,,,,,,2026-09-29
https://www.hifisonix.com/articles/error-correction-feedback-system-for-audio-amplifiers/comment-page-1/?currency=GBP,,project_page,html,200,147980,fcd75da19ca7e97c1de65a39ff87313eb90e2c1c73a2e0003f4dd3214b36ec3c,2026-09-29,,,,,,,,,,2026-09-29
https://www.hifisonix.com/articles/fast-amplifier-stages/,,project_page,html,200,135783,4f3a0c6ef8f7d18b3524693f3c53c152df76b2058be76bf1b6170fc052cbf288,2026-09-29,,,,,,,,,,2026-09-29
https://www.hifisonix.com/articles/fast-amplifier-stages/?currency=GBP,,project_page,html,200,135430,f6b47a677b81f4a928e2cf8c18abc0265627c2219cb0d156e4ced6b09060d5f8,2026-09-29,,,,,,,,,,2026-09-29
https://www.hifisonix.com/articles/feed-forward-amplifier-wireless-world-1994/,,project_page,html,200,131703,f8b9bbe73811e94b3bb53e4c79f6d304661cda591751d9f33d9e2e8da28d835e,2026-09-26,,,,,,,,,,2026-09-29
https://www.hifisonix.com/articles/feed-forward-amplifier-wireless-world-1994/?currency=GBP,,project_page,html,200,131353,721eeb8e24191af1ca66ba3ac8edbb44946b4f80f95530f0a343009f73c1e07c,2026-09-29,,,,,,,,,,2026-09-29
https://www.hifisonix.com/articles/feedback-analysis-by-marshal-leach/,,project_page,html,200,131269,f0865183b03578dc9d140ea1034de5e83207f0a9580138aa0f8433c4faf0db54,2026-09-29,,,,,,,,,,2026-09-29
https://www.hifisonix.com/articles/feedback-analysis-by-marshal-leach/?currency=GBP,,project_page,html,200,130919,7488e3e7fc2019192055da77c33bc085c1d862f84429880fd9a8b2a52f03d691,2026-09-29,,,,,,,,,,2026-09-29
https://www.hifisonix.com/articles/ground-loops/,,project_page,html,200,174744,6d431c1d3acf6a99f37afd6482e63e91da0f0b98204711aab8b48b50d7df0cba,2026-09-26,,,,,,,,,,2026-09-29
https://www.hifisonix.com/articles/ground-loops/?currency=GBP,,project_page,html,200,174393,fe48a32ee4d45454fe40ff5763172ef5d8902c02ff128de283b895d3eb104251,2026-09-29,,,,,,,,,,2026-09-29
https://www.hifisonix.com/articles/ground-loops/comment-page-1/,,project_page,html,200,295332,acdabff592a29fc633a1d2fa0b1fb2126ff62008c3515ed89d5badf0ae9468d3,2026-09-29,,,,,,,,,,2026-09-29
https://www.hifisonix.com/articles/ground-loops/comment-page-1/?currency=GBP,,project_page,html,200,294984,a313e5d4dcb4ade4b9275c1862ecba93587ec2cdad8a11a20d428bc12e375b55,2026-09-29,,,,,,,,,,2026-09-29
https://www.hifisonix.com/articles/h-s-black-feedback/,,project_page,html,200,133748,a170743b8bc8f84efba5695d864317e6c1449625b86acfd8f02f08a2edb6c419,2026-09-29,,,,,,,,,,2026-09-29
https://www.hifisonix.com/articles/h-s-black-feedback/?currency=GBP,,project_page,html,200,133399,b855fc22c540ba45ff9f94be13beeaf89f45c562daf874ab3a62eb8ae9b1822d,2026-09-29,,,,,,,,,,2026-09-29
https://www.hifisonix.com/articles/high-performance-audio-buffer-amplifier/,,project_page,html,200,134490,d4e51cebc6be1160626448c6a9096f2142be347de195fcac022d80dd35f04ab6,2026-09-26,,,,,,,,,,2026-09-29
https://www.hifisonix.com/articles/high-performance-audio-buffer-amplifier/?currency=GBP,,project_page,html,200,134138,ad9536be1298b2c350f1da579a4075a1332557957005715e24d09b014fccc786,2026-09-29,,,,,,,,,,2026-09-29
https://www.hifisonix.com/articles/how-to-wire-up-a-dual-mono-bloc-amplifier/,,project_page,html,200,151069,8c37d732aaf13e8fb9662eccfa96feac75f31ab2abb005d64baf52c218c922bb,2026-09-29,,,,,,,,,,2026-09-29
https://www.hifisonix.com/articles/how-to-wire-up-a-dual-mono-bloc-amplifier/?currency=GBP,,project_page,html,200,150721,b05aa816d382fd271a92d6a6be144e8d47459dd2863fce9deae8e44faa651e0d,2026-09-29,,,,,,,,,,2026-09-29
https://www.hifisonix.com/articles/how-to-wire-up-a-dual-mono-bloc-amplifier/comment-page-1/,,project_page,html,200,150696,0a558266c36842003561b6096110078bcda250ae7e87317c4041f1ebfc475f94,2026-09-29,,,,,,,,,,2026-09-29
https://www.hifisonix.com/articles/how-to-wire-up-a-dual-mono-bloc-amplifier/comment-page-1/?currency=GBP,,project_page,html,200,150349,1b7d3921c060dcad30fa50c4e051cf1fff29587e9eb74e61cf602346a8ec8d5d,2026-09-29,,,,,,,,,,2026-09-29
https://www.hifisonix.com/articles/isolation-amplifier-for-industrial-applications/,,project_page,html,200,132257,9ee0edf00d2be2e9c0980d74f16e1de8ba5724b27da413a25db02db69af7b3cb,2026-09-29,,,,,,,,,,2026-09-29
https://www.hifisonix.com/articles/isolation-amplifier-for-industrial-applications/?currency=GBP,,project_page,html,200,131910,fbb5591ef2bfd8094f929c97607970d1cc9e272e0b28a26b361d654a7a85a006,2026-09-29,,,,,,,,,,2026-09-29
https://www.hifisonix.com/articles/marshall-leach-amplifier-tutorial/,,project_page,html,200,132852,d12a564fa472201536e0aec1c56437f2a7ecc898d56faabde28ceaee2c22df02,2026-09-29,,,,,,,,,,2026-09-29
https://www.hifisonix.com/articles/marshall-leach-amplifier-tutorial/?currency=GBP,,project_page,html,200,132504,41b562827cb888a445f4fb781da485b2b44b763b9d082eab463ab24fbe9a36e0,2026-09-29,,,,,,,,,,2026-09-29
https://www.hifisonix.com/articles/mc-head-amp-circuit-compendium/,,project_page,html,200,159066,377e4f36f2ae97129a3ad698f043780633d41fcbcf9881256026e276c5d6c890,2026-09-29,,,,,,,,,,2026-09-29
https://www.hifisonix.com/articles/mc-head-amp-circuit-compendium/?currency=GBP,,project_page,html,200,158717,382ff7654bacebf2707b3c91a97034e9566e1ecc162d233e199d454e4af9c68a,2026-09-29,,,,,,,,,,2026-09-29
https://www.hifisonix.com/articles/mc-head-amp-circuit-compendium/comment-page-1/,,project_page,html,200,158551,1ffb277cc2e1f8ecb0954dc8d8c75ce61aefa55a078c345fbfd5df8b16a5553c,2026-09-29,,,,,,,,,,2026-09-29
https://www.hifisonix.com/articles/mc-head-amp-circuit-compendium/comment-page-1/?currency=GBP,,project_page,html,200,158204,8c0ae002dc045ca6d74456c9b482884b05020505ceec69b1e6b57fdfec2fb3eb,2026-09-29,,,,,,,,,,2026-09-29
https://www.hifisonix.com/articles/my-beautiful-michel-gyrodec/,,project_page,html,200,160645,fe4a12cbb79e9015641b0f2985e1d01fcc734f88fedfb63a0f961746b10297d2,2026-09-29,,,,,,,,,,2026-09-29
https://www.hifisonix.com/articles/my-beautiful-michel-gyrodec/?currency=GBP,,project_page,html,200,160298,8b9953213fe15ea09c1afdcd3199de21308ff5b04ac2676b398ead5cc67a2334,2026-09-29,,,,,,,,,,2026-09-29
https://www.hifisonix.com/articles/my-beautiful-michel-gyrodec/comment-page-1/,,project_page,html,200,160695,cb8be73527e93290064d9387240bbb558921db42699a78d75f3cef9d8cac25ac,2026-09-29,,,,,,,,,,2026-09-29
https://www.hifisonix.com/articles/my-beautiful-michel-gyrodec/comment-page-1/?currency=GBP,,project_page,html,200,160348,13e069f1589499b125776f7eb981f0e64f1ab74eb1a73a8ea415324b1b982580,2026-09-29,,,,,,,,,,2026-09-29
https://www.hifisonix.com/articles/my-loudspeakers/,,project_page,html,200,150943,fc14cff52fffe354dd9987ddf6b170aa0b9ae89e09b1c57a9ebca3886e6262ea,2026-09-29,,,,,,,,,,2026-09-29
https://www.hifisonix.com/articles/my-loudspeakers/?currency=GBP,,project_page,html,200,150596,655dcfa1fb4dd94664eb7475e7f7050e6430e0cf8453ca220d6577853f9ab7d6,2026-09-29,,,,,,,,,,2026-09-29
https://www.hifisonix.com/articles/noise-in-current-sources-and-current-mirrors/,,project_page,html,200,132028,aa16ec89387d50dcee9d65b121bcb9d6549ab9d7118d39b86432de95915e133a,2026-09-29,,,,,,,,,,2026-09-29
https://www.hifisonix.com/articles/noise-in-current-sources-and-current-mirrors/?currency=GBP,,project_page,html,200,131676,0147024cfc9463594ac9c67b42bb2c1add86fe1236168adc26fd717f32dd6166,2026-09-29,,,,,,,,,,2026-09-29
https://www.hifisonix.com/articles/noise-in-electronic-circuits/,,project_page,html,200,138472,82e83bd8eb89abee916df32c50bd387c5cd8b697a0bb72e300dcd635597d9277,2026-09-29,,,,,,,,,,2026-09-29
https://www.hifisonix.com/articles/noise-in-electronic-circuits/?currency=GBP,,project_page,html,200,138123,000ec07550c08e4f4f2802863298ca1c8abe268bdad6e3a31ef6af0721d7f299,2026-09-29,,,,,,,,,,2026-09-29
https://www.hifisonix.com/articles/noise-in-electronic-circuits/comment-page-1/,,project_page,html,200,138527,6b3140a4dcfe29e9569ba77e7b4dad65aefd2efc76e486358bd4912f7f66af01,2026-09-29,,,,,,,,,,2026-09-29
https://www.hifisonix.com/articles/noise-in-electronic-circuits/comment-page-1/?currency=GBP,,project_page,html,200,138178,980b34bd53f8845a2b99e24d16d805313296712aac2e3a292c32f00855ead5e9,2026-09-29,,,,,,,,,,2026-09-29
https://www.hifisonix.com/articles/opamp-noise-visualizer-for-audio/,,project_page,html,200,151787,693b992aa0e075eb479b82cd55853156d8dd9dea68cfd4f9ba7c1eebaa3e357f,2026-09-26,,,,,,,,,,2026-09-29
https://www.hifisonix.com/articles/opamp-noise-visualizer-for-audio/?currency=GBP,,project_page,html,200,151440,64c3406ec2a1ad7fc3ce82467d37c7de96ab33756b697aad822fb7f72227ea5b,2026-09-29,,,,,,,,,,2026-09-29
https://www.hifisonix.com/articles/oscillation-sniffer-for-audio-amplifiers/,,project_page,html,200,131094,88b1536c0058c967c1bf0cddc80d7a55974c65e7b6adcd48201221b39285c459,2026-09-26,,,,,,,,,,2026-09-29
https://www.hifisonix.com/articles/oscillation-sniffer-for-audio-amplifiers/?currency=GBP,,project_page,html,200,130744,8ac0f63d7bef1cf2738d3e75a6f5ef82cb24350436ca0f2c218daaf20ebb1ec1,2026-09-29,,,,,,,,,,2026-09-29
https://www.hifisonix.com/articles/ovation-250/,,project_page,html,200,164602,178309dcf7df5c48d3c3764f5424222557887aaf24d16243f7c66d42ad140896,2026-09-26,,,,,,,,,,2026-09-29
https://www.hifisonix.com/articles/ovation-250/?currency=GBP,,project_page,html,200,161178,d2f874414b91d7ede05567bd920dba6845ff2e7e2c62895fdf5b28e6a52d84db,2026-09-29,,,,,,,,,,2026-09-29
https://www.hifisonix.com/articles/ovation-250/comment-page-1/,,project_page,html,200,164659,9c1f5b83786e2ef0b506897ac4de09d84a5de08afbcd713e9100e3390b0301f4,2026-09-29,,,,,,,,,,2026-09-29
https://www.hifisonix.com/articles/ovation-250/comment-page-1/?currency=GBP,,project_page,html,200,164306,044ec7dfde04d61e14ef343c14bbba20c4b628623a7fd5470b2c5cee39f14260,2026-09-29,,,,,,,,,,2026-09-29
https://www.hifisonix.com/articles/ovation-e-amp/,,project_page,html,,313801,595eb9ac7cd8b422b7e952f41a5ad3a10ca4b2a191977a318e1567afa6cabcd3,2026-09-26,,,,,,,,,,2026-09-29
https://www.hifisonix.com/articles/ovation-e-amp/?currency=GBP,,project_page,html,200,313453,11d28e6c3c684a010072fca444a06520267c78cb79af96c4369305c484a5d0ab,2026-09-29,,,,,,,,,,2026-09-29
https://www.hifisonix.com/articles/ovation-e-amp/comment-page-1/,,project_page,html,200,310673,e4af4b0b24918bee217975bad225a01dda5b3c2949b2eac25e222ab6542078d2,2026-09-29,,,,,,,,,,2026-09-29
https://www.hifisonix.com/articles/ovation-e-amp/comment-page-1/?currency=GBP,,project_page,html,200,310322,885199493c33faad27bd84d67fb7e55a7e8593dcbf37e9e98ee35b663dfc80aa,2026-09-29,,,,,,,,,,2026-09-29
https://www.hifisonix.com/articles/ovation-sca-1-high-end-audio-preamplifier/,,project_page,html,,155884,c13cbc804c5671aecff132b82d9bef7d0033140a440c11f4897bc6dda5576c10,2026-09-26,,,,,,,,,,2026-09-29
https://www.hifisonix.com/articles/ovation-sca-1-high-end-audio-preamplifier/?currency=GBP,,project_page,html,200,155534,286c66317508ccbbdc3b393d3483aa1c9be9025d4e0456ecf12aaafe047a0112,2026-09-29,,,,,,,,,,2026-09-29
https://www.hifisonix.com/articles/ovation-sca-1-high-end-audio-preamplifier/comment-page-1/,,project_page,html,200,155936,463b2f9d5c8892786b45d743acdbc7032e2a761f2552e2a75e870d863a4fce61,2026-09-29,,,,,,,,,,2026-09-29
https://www.hifisonix.com/articles/ovation-sca-1-high-end-audio-preamplifier/comment-page-1/?currency=GBP,,project_page,html,200,155588,184d0dac8064025dacf91eb732ef364e4b1942a83481f89434f021803b2b25d6,2026-09-29,,,,,,,,,,2026-09-29
https://www.hifisonix.com/articles/ovation-symphony-line-preamplifier/,,project_page,html,200,231799,2a3c1d8c6d385efeab1500d2d602ca8e37387742ddb61a59805b14b7cce80033,2026-09-26,,,,,,,,,,2026-09-29
https://www.hifisonix.com/articles/ovation-symphony-line-preamplifier/?currency=GBP,,project_page,html,200,231450,139d17376d5548da19ba2ca7a6e1f6e29a42f33cd05cc8f58221b281c970f31e,2026-09-29,,,,,,,,,,2026-09-29
https://www.hifisonix.com/articles/ovation-symphony-line-preamplifier/comment-page-1/,,project_page,html,200,228843,b57ec98e8340b09f2005c62d67919502c119f209c3da7f693d80382504c70eee,2026-09-29,,,,,,,,,,2026-09-29
https://www.hifisonix.com/articles/ovation-symphony-line-preamplifier/comment-page-1/?currency=GBP,,project_page,html,200,228496,a65d9a9c45dd8d890a2f8ccba7a26c3cbf2890cd5883aa419ce17c89e574419f,2026-09-29,,,,,,,,,,2026-09-29
https://www.hifisonix.com/articles/peter-walkers-current-dumping-amplifier-from-1975/,,project_page,html,200,132901,d9ddf2bed455f0971a6de63511763c0f0e0dac639fc442d00f67d185c28e52c8,2026-09-26,,,,,,,,,,2026-09-29
https://www.hifisonix.com/articles/peter-walkers-current-dumping-amplifier-from-1975/?currency=GBP,,project_page,html,200,132547,64e45990216e8a3d5ddf36dbbea725a9fe68ef952037aefea53da3aa9f7601a0,2026-09-29,,,,,,,,,,2026-09-29
https://www.hifisonix.com/articles/power-amplifiers/error-correction-feedback-system-for-audio-amplifiers/,,project_page,html,200,149013,e7a2cfd525c4af45cf7f55796a9591d261b008148882c865fc096f371e5c7dc4,2026-09-29,,,,,,,,,,2026-09-29
https://www.hifisonix.com/articles/power-amplifiers/error-correction-feedback-system-for-audio-amplifiers/?currency=GBP,,project_page,html,200,148662,3b803508e56bf0c5ffd8ddb9a08765dbb439041c09f5651ddc2606f5c83b8c51,2026-09-29,,,,,,,,,,2026-09-29
https://www.hifisonix.com/articles/power-amplifiers/ovation-250/,,project_page,html,200,161531,d4223d7d562990e35001fb3c894a3dad87118f934952a1837897f0d5a0c87f61,2026-09-29,,,,,,,,,,2026-09-29
https://www.hifisonix.com/articles/power-amplifiers/ovation-250/?currency=GBP,,project_page,html,200,161182,0cd90ac2cf74bc0e28a44f6ecd6841fe1df164aaabfec36f6b72cd3faf8ee74f,2026-09-29,,,,,,,,,,2026-09-29
https://www.hifisonix.com/articles/power-amplifiers/ovation-e-amp/,,project_page,html,200,313800,d4b0d8d288071f149606ab1517cc6e7ec168364262244ece146fff7c57ac476e,2026-09-29,,,,,,,,,,2026-09-29
https://www.hifisonix.com/articles/power-amplifiers/ovation-e-amp/?currency=GBP,,project_page,html,200,313448,84ee54ead8427983601592860936a4bc04ec377afc46d5e3cedddec15f675bfc,2026-09-29,,,,,,,,,,2026-09-29
https://www.hifisonix.com/articles/preamplifiers/opex-1-a-discrete-opamp-for-audio/,,project_page,html,200,138638,eccad0d844199b34e810a23673821719e8ea3a93f6d45ec394abb8d892d35216,2026-09-29,,,,,,,,,,2026-09-29
https://www.hifisonix.com/articles/preamplifiers/opex-1-a-discrete-opamp-for-audio/?currency=GBP,,project_page,html,200,138289,9f32b66cb1157df57092a6f016c633e540258b20f5992681cb52242e696af289,2026-09-29,,,,,,,,,,2026-09-29
https://www.hifisonix.com/articles/preamplifiers/opex-1-a-discrete-opamp-for-audio/comment-page-1/,,project_page,html,200,138614,b39a70e8104482d46753a582c07ed52ac475dc7c3943dc3872edafa87b61161d,2026-09-29,,,,,,,,,,2026-09-29
https://www.hifisonix.com/articles/preamplifiers/opex-1-a-discrete-opamp-for-audio/comment-page-1/?currency=GBP,,project_page,html,200,138265,37927df6cf641dafba7b1f20244a101640bd66cf07ba8dd77aa3ff7d6b0c1e4a,2026-09-29,,,,,,,,,,2026-09-29
https://www.hifisonix.com/articles/reducing-loop-area-in-audio-power-amplifier-wiring/,,project_page,html,200,172872,0153964f60935e4bdd974ac3471cb731cd0117c9280b72e1a2e15814cf1dd31d,2026-09-29,,,,,,,,,,2026-09-29
https://www.hifisonix.com/articles/reducing-loop-area-in-audio-power-amplifier-wiring/?currency=GBP,,project_page,html,200,172522,e1a042b74cdecab96fabf65ef8787406dd79b8c0bc735427edacb4cc0fa46b7d,2026-09-29,,,,,,,,,,2026-09-29
https://www.hifisonix.com/articles/reducing-loop-area-in-audio-power-amplifier-wiring/comment-page-1/,,project_page,html,200,171898,a0e87312d22ac9a14d20ac4090e35a5afb89f0e801d59451fe84cd21daf6cf27,2026-09-29,,,,,,,,,,2026-09-29
https://www.hifisonix.com/articles/reducing-loop-area-in-audio-power-amplifier-wiring/comment-page-1/?currency=GBP,,project_page,html,200,171549,478830dff0c71a249b119dce8a31f3bbf0f2a9820f71993f4155edbdc7940046,2026-09-29,,,,,,,,,,2026-09-29
https://www.hifisonix.com/articles/restoring-a-57-year-old-receiver-the-pioneer-sx-1000ta-from-1968/,,project_page,html,200,175278,690a9c2f6357be27d88f9078ffe5ef81e097ee2c568207df851e0e7ee4d681df,2026-09-29,,,,,,,,,,2026-09-29
https://www.hifisonix.com/articles/restoring-a-57-year-old-receiver-the-pioneer-sx-1000ta-from-1968/?currency=GBP,,project_page,html,200,174930,4ca334ae911edb8eab383caf2b365824e7f3508e875d31639f191286a6a1b1bd,2026-09-29,,,,,,,,,,2026-09-29
https://www.hifisonix.com/articles/restoring-a-57-year-old-receiver-the-pioneer-sx-1000ta-from-1968/comment-page-1/,,project_page,html,200,172967,9ae747e5e50bcc07192f7f085c7d2708008d35cddf7eb543c66ef4a75b7f9ae9,2026-09-29,,,,,,,,,,2026-09-29
https://www.hifisonix.com/articles/restoring-a-57-year-old-receiver-the-pioneer-sx-1000ta-from-1968/comment-page-1/?currency=GBP,,project_page,html,200,172617,94ebfbc9c2abf0a41c9fa15a5d9e6322adf63cacf8a45a1f9171f061d6d4b2a8,2026-09-29,,,,,,,,,,2026-09-29
https://www.hifisonix.com/articles/review-of-bob-cordells-book-designing-audio-power-amplifiers/,,project_page,html,200,144435,327467ecd43f05c3a99ab1b4a10a18e200863b8fdd92be129e1a0ce568bc938c,2026-09-29,,,,,,,,,,2026-09-29
https://www.hifisonix.com/articles/review-of-bob-cordells-book-designing-audio-power-amplifiers/?currency=GBP,,project_page,html,200,144085,85a72f51881a327864c5815773a521977eb434e7a31cd2c2f83c13694cfc5662,2026-09-29,,,,,,,,,,2026-09-29
https://www.hifisonix.com/articles/review-of-bob-cordells-book-designing-audio-power-amplifiers/comment-page-1/,,project_page,html,200,143990,da9f321fff995e6c38fcc81674bb5cc96a5593e46e72b50b5af8701e0d57b9ed,2026-09-29,,,,,,,,,,2026-09-29
https://www.hifisonix.com/articles/review-of-bob-cordells-book-designing-audio-power-amplifiers/comment-page-1/?currency=GBP,,project_page,html,200,143641,c94effb0c446d51fb909f14b7ab41eacc4eaa919fc7a96bb96330b19045fbc11,2026-09-29,,,,,,,,,,2026-09-29
https://www.hifisonix.com/articles/riaa-equalization/,,project_page,html,200,160872,cfd375fd867088a3037bdc95eb259ecc24c432fe994c5b4673d04a0319f34336,2026-09-29,,,,,,,,,,2026-09-29
https://www.hifisonix.com/articles/riaa-equalization/?currency=GBP,,project_page,html,200,160523,49b219894e95740b2d8bc7208f81118ae4ea710dda613202b2cbdde26f684bcb,2026-09-29,,,,,,,,,,2026-09-29
https://www.hifisonix.com/articles/riaa-equalization/comment-page-1/,,project_page,html,200,160926,0ec0b20974aac0c3f633d251b30335a3b7dc5c85199918924925aaca051fe495,2026-09-29,,,,,,,,,,2026-09-29
https://www.hifisonix.com/articles/riaa-equalization/comment-page-1/?currency=GBP,,project_page,html,200,160576,3489594851839268da9ea3b58a729b08fd7e17baf3212553c1cb3a4282225d4f,2026-09-29,,,,,,,,,,2026-09-29
https://www.hifisonix.com/articles/riaa-phono-equalizer-amplifiers/,,project_page,html,,158066,c74ada3658384ec4c8a8a768ea4b5f3d4a87404c34deb55ee0043e1722c29b66,2026-09-26,,,,,,,,,,2026-09-29
https://www.hifisonix.com/articles/riaa-phono-equalizer-amplifiers/?currency=GBP,,project_page,html,200,157719,94b793c4a170128f986f19326ecb90e696136c3737869c32c346def5be0a25a2,2026-09-29,,,,,,,,,,2026-09-29
https://www.hifisonix.com/articles/riaa-phono-equalizer-amplifiers/comment-page-1/,,project_page,html,200,157793,d75fe2f1ce57b0044f618d20e75c71ed444f46f023412e24e297b403225909b7,2026-09-29,,,,,,,,,,2026-09-29
https://www.hifisonix.com/articles/riaa-phono-equalizer-amplifiers/comment-page-1/?currency=GBP,,project_page,html,200,157445,4a8f20652c3730175568297291df9829590ba16fc9fbbddb577e91e76fb85a1d,2026-09-29,,,,,,,,,,2026-09-29
https://www.hifisonix.com/articles/richard-lees-ultra-low-noise-mc-head-amp/,,project_page,html,200,146121,7b4663407e3dee7f063ea22534840061ec51a421380d86f4e757ccfc8168efe3,2026-09-29,,,,,,,,,,2026-09-29
https://www.hifisonix.com/articles/richard-lees-ultra-low-noise-mc-head-amp/?currency=GBP,,project_page,html,200,145770,76dcc4446141477f0c42cc0847af07fc89eb8d21ef2aba937ae0266b67a0a515,2026-09-29,,,,,,,,,,2026-09-29
https://www.hifisonix.com/articles/richard-lees-ultra-low-noise-mc-head-amp/comment-page-1/,,project_page,html,200,145449,474b78acd1e0c35cdf06733af414586c440c48e926cbc6bb8713365660b66cd1,2026-09-29,,,,,,,,,,2026-09-29
https://www.hifisonix.com/articles/richard-lees-ultra-low-noise-mc-head-amp/comment-page-1/?currency=GBP,,project_page,html,200,145101,efc878abc2937d8588ddb600bc1dc2fd0947adb93831f06ade9827781c679de6,2026-09-29,,,,,,,,,,2026-09-29
https://www.hifisonix.com/articles/saturn-v-rocket-performance-report/,,project_page,html,200,132469,e0205b22322b857e1f35bbc049e8e0a186ddd8f73a442315414945b77b8fc9ad,2026-09-29,,,,,,,,,,2026-09-29
https://www.hifisonix.com/articles/saturn-v-rocket-performance-report/?currency=GBP,,project_page,html,200,132122,4eef42ce7985e958af2975edd96d5c76d2c5c852c0901367cb5ba620a4de740c,2026-09-29,,,,,,,,,,2026-09-29
https://www.hifisonix.com/articles/so-just-how-quiet-is-your-phono-stage/,,project_page,html,200,155665,c392ab2c49b1a8c61126a4784d591312c780a6cb746072dd05d6ded0515e3758,2026-09-29,,,,,,,,,,2026-09-29
https://www.hifisonix.com/articles/so-just-how-quiet-is-your-phono-stage/?currency=GBP,,project_page,html,200,155314,63d470fb86f33876bf952bacea3f61a27918e4266760bbf80254a45bc8a224c7,2026-09-29,,,,,,,,,,2026-09-29
https://www.hifisonix.com/articles/so-just-how-quiet-is-your-phono-stage/comment-page-1/,,project_page,html,200,155932,b6643404feb3fc4c1c22aed5f70dab27923972bccca50e01d619960b11a94c24,2026-09-29,,,,,,,,,,2026-09-29
https://www.hifisonix.com/articles/so-just-how-quiet-is-your-phono-stage/comment-page-1/?currency=GBP,,project_page,html,200,155582,5a4c40bb06959c7e09c57add7a3f2af86876026916b6054a49a321d23225008e,2026-09-29,,,,,,,,,,2026-09-29
https://www.hifisonix.com/articles/solid-state-loudspeaker-relay/,,project_page,html,200,143392,48a1b7a41523de5a1823cb9f5a035af6444b2afd77359055927511d6d7bfff28,2026-09-26,,,,,,,,,,2026-09-29
https://www.hifisonix.com/articles/solid-state-loudspeaker-relay/?currency=GBP,,project_page,html,200,143043,f4635a3de0f3a72974d3782338cee0f3e44e9795955e57cd48aca042f2829b8c,2026-09-29,,,,,,,,,,2026-09-29
https://www.hifisonix.com/articles/solid-state-loudspeaker-relay/comment-page-1/,,project_page,html,200,143446,7e105bb0a7899e0dadb58a5359ab2e46915c51b88de34aa85a26120f435ee57c,2026-09-29,,,,,,,,,,2026-09-29
https://www.hifisonix.com/articles/solid-state-loudspeaker-relay/comment-page-1/?currency=GBP,,project_page,html,200,143098,8a306a29147d35b772d7bc57065d9958e28bfb7045801b5ac343fd04ff4014e3,2026-09-29,,,,,,,,,,2026-09-29
https://www.hifisonix.com/articles/solid-state-relay-with-pcb-layout-for-audio/,,project_page,html,200,174465,332d9951ad9a1420d13b2e3601f9d3700fc190ee3553328bb26b02f3d95f60c3,2026-09-26,,,,,,,,,,2026-09-29
https://www.hifisonix.com/articles/solid-state-relay-with-pcb-layout-for-audio/?currency=GBP,,project_page,html,200,174114,7ad399da15e762fc163e76d59bf0ac6e8845d34e6521173ac7491aa286c1601a,2026-09-29,,,,,,,,,,2026-09-29
https://www.hifisonix.com/articles/solid-state-relay-with-pcb-layout-for-audio/comment-page-1/,,project_page,html,200,174479,158610c01982762fa05509b9c8c7872d60c267536607e5088a0a3f18f39208f7,2026-09-29,,,,,,,,,,2026-09-29
https://www.hifisonix.com/articles/solid-state-relay-with-pcb-layout-for-audio/comment-page-1/?currency=GBP,,project_page,html,200,174129,f6a134e9367619acdb8dbfd0526385b961bdb40340a5b4eac1c31722ce8be93a,2026-09-29,,,,,,,,,,2026-09-29
https://www.hifisonix.com/articles/stan-curtis-60w-class-a-amplifier-fro-eti/,,project_page,html,200,131854,5e3f9b32fc00933e7ab991fdde890077e878721a017dae87115ec2a4f3aaefd5,2026-09-29,,,,,,,,,,2026-09-29
https://www.hifisonix.com/articles/stan-curtis-60w-class-a-amplifier-fro-eti/?currency=GBP,,project_page,html,200,131505,0f17c14dfddfd08bef1f83dde9c6f22f0a9b1ba61b34978ceccfd6a0760efaa3,2026-09-29,,,,,,,,,,2026-09-29
https://www.hifisonix.com/articles/technical/my-loudspeakers/,,project_page,html,200,150943,011c0dafd3e4162a211fa00cad53fb33075c3fd4e76193700d312ebb6af8713e,2026-09-29,,,,,,,,,,2026-09-29
https://www.hifisonix.com/articles/technical/my-loudspeakers/?currency=GBP,,project_page,html,200,150596,2a6d85f6ec594bfec460e41d0c272b990111b0abdd764b31e37ee7fe611a643e,2026-09-29,,,,,,,,,,2026-09-29
https://www.hifisonix.com/articles/technical/technical-requirements-of-phono-amplifier-by-tomlinson-holman/,,project_page,html,200,145538,9280fde1973762224dfb7c5b9ddfa6b5fc993ed1dfbc03fec57414e77cda93e1,2026-09-29,,,,,,,,,,2026-09-29
https://www.hifisonix.com/articles/technical/technical-requirements-of-phono-amplifier-by-tomlinson-holman/?currency=GBP,,project_page,html,200,145188,357e591e5eacb1716b42f158b5eaa9d61f1b92a90eaedcf1898627a3f5a6c71a,2026-09-29,,,,,,,,,,2026-09-29
https://www.hifisonix.com/articles/technical/the-case-for-feedback/,,project_page,html,200,159684,f49913aab63c17f9ef2267c1df25f98e256235e00e305c2d529fe1ef54cb3ad4,2026-09-29,,,,,,,,,,2026-09-29
https://www.hifisonix.com/articles/technical/the-case-for-feedback/?currency=GBP,,project_page,html,200,159332,30224e7cab6ea640b16c5ac88c8dafe56683bfbf1ea5f534af578cf2e1526a15,2026-09-29,,,,,,,,,,2026-09-29
https://www.hifisonix.com/articles/technical/the-sa-600-amplifier/,,project_page,html,200,158242,451b1cbcdc2f69259d2aca4abefa715105f35f76cf5695f8590f4d3836c0bf8c,2026-09-29,,,,,,,,,,2026-09-29
https://www.hifisonix.com/articles/technical/the-sa-600-amplifier/?currency=GBP,,project_page,html,200,157891,5ca6193f6930c7819e6ab65d33fbdf1570a196fafc0b96269b6934cdf0789ea6,2026-09-29,,,,,,,,,,2026-09-29
https://www.hifisonix.com/articles/the-alexander-amplifier/,,project_page,html,200,131303,8d7986d2b82964899850bcf709e5494b573856e58982dcf035dd877b02c303f4,2026-09-29,,,,,,,,,,2026-09-29
https://www.hifisonix.com/articles/the-alexander-amplifier/?currency=GBP,,project_page,html,200,130954,9b5dbf9fd9c2e1ae85490e56d852429a5cce94f00cf40686a6aba57596f8da17,2026-09-29,,,,,,,,,,2026-09-29
https://www.hifisonix.com/articles/the-case-for-feedback/,,project_page,html,200,159684,f7db8f174301ffb86885f37d96a11e774f2806e0a30d45e4e117c73c2c04fb44,2026-09-29,,,,,,,,,,2026-09-29
https://www.hifisonix.com/articles/the-case-for-feedback/?currency=GBP,,project_page,html,200,159334,5ff4bf43601afb533e9274b4d340575c1ab624777229913defe80f41047aae19,2026-09-29,,,,,,,,,,2026-09-29
https://www.hifisonix.com/articles/the-monolithic-op-amp-a-tutorial-study/,,project_page,html,200,139296,f734a9f0f4d5cdce773de08e386bfd341f146d2d842b0a1748aa449ad45fd769,2026-09-29,,,,,,,,,,2026-09-29
https://www.hifisonix.com/articles/the-monolithic-op-amp-a-tutorial-study/?currency=GBP,,project_page,html,200,138948,40e6f74bf766c4f1f44aa7aed5dbb4a22750f3b6f56dea769549fed518683253,2026-09-29,,,,,,,,,,2026-09-29
https://www.hifisonix.com/articles/the-sa-600-amplifier/,,project_page,html,200,158239,28b604678941102fc7196ddf063d9be1722fc78f9131d6ff919ffc738c6d438a,2026-09-29,,,,,,,,,,2026-09-29
https://www.hifisonix.com/articles/the-sa-600-amplifier/?currency=GBP,,project_page,html,200,157893,a0cf6ab9750d02f4e40b2ce51a4187586cb703d3165cdab92c6cddd42e0b9f2a,2026-09-29,,,,,,,,,,2026-09-29
https://www.hifisonix.com/articles/the-sa-600-amplifier/comment-page-1/,,project_page,html,200,158862,fd9dbdafb0600dfa4e82acc79440dcdbbc9b18fd053909937ffce8d002efdae5,2026-09-29,,,,,,,,,,2026-09-29
https://www.hifisonix.com/articles/the-sa-600-amplifier/comment-page-1/?currency=GBP,,project_page,html,200,158512,e2be0c7a0bba4bf09cf6e04c1b0f93dbc7da8f77abe71a0df39b6abadb080a29,2026-09-29,,,,,,,,,,2026-09-29
https://www.hifisonix.com/articles/the-tale-of-two-recordings/,,project_page,html,200,151435,41da49cbad9c3e49bb09712811c6b828c39b2f636455e2e700ae2bf54641dc17,2026-09-29,,,,,,,,,,2026-09-29
https://www.hifisonix.com/articles/the-tale-of-two-recordings/?currency=GBP,,project_page,html,200,151087,9b2f79c086ae52c90dd1f026cd5db7cb79998ab616ce2d04869ebe65a6fe828f,2026-09-29,,,,,,,,,,2026-09-29
https://www.hifisonix.com/articles/the-tale-of-two-recordings/comment-page-1/,,project_page,html,200,151491,885133439a29575f108980e80246a105f2d967670994fda75ec3bb7fc4510a0c,2026-09-29,,,,,,,,,,2026-09-29
https://www.hifisonix.com/articles/the-tale-of-two-recordings/comment-page-1/?currency=GBP,,project_page,html,200,151143,17e634aadce298e091c71446126ac0620cc63c447e894a1347e124dfffcf95d4,2026-09-29,,,,,,,,,,2026-09-29
https://www.hifisonix.com/articles/the-theory-of-tim-matti-otala/,,project_page,html,200,131506,7f975e212dfea08d216d52541209c1e377e25c4bbeea8061af37ac0ec70e058c,2026-09-29,,,,,,,,,,2026-09-29
https://www.hifisonix.com/articles/the-theory-of-tim-matti-otala/?currency=GBP,,project_page,html,200,131157,ea5714dbb8c59098b2183257c3b39edab6e6b2037bb91fbafd3a77611200f267,2026-09-29,,,,,,,,,,2026-09-29
https://www.hifisonix.com/articles/tom-d-kite-busts-some-audio-myths/,,project_page,html,200,132270,18c9cd97f32b842dab12dedf52fd9a583827be7a0b13c95e4a15c4ae48d1bed8,2026-09-26,,,,,,,,,,2026-09-29
https://www.hifisonix.com/articles/tom-d-kite-busts-some-audio-myths/?currency=GBP,,project_page,html,200,131921,8e15cc431d7525c338a672a7e302a45378df2db2d8f08951de40dd37a953fe3d,2026-09-29,,,,,,,,,,2026-09-29
https://www.hifisonix.com/articles/ubx-universal-jfet-buffer/,,project_page,html,200,134679,2f3ec0d7213dd4c076efc0b8a4e4e9ec339275ff2b643b8f114d63b142eb8840,2026-09-29,,,,,,,,,,2026-09-29
https://www.hifisonix.com/articles/ubx-universal-jfet-buffer/?currency=GBP,,project_page,html,200,134329,b845714a636974f48fe62f28bd38986d055d2a3a62913692aa1d23ddd0843e8f,2026-09-29,,,,,,,,,,2026-09-29
https://www.hifisonix.com/articles/using-the-quantasylum-qa401-for-accurate-measurements/,,project_page,html,200,163336,3bfd87583356b5583eb28edfdaa55c107b70a46a78b443274fa489d7531271bf,2026-09-29,,,,,,,,,,2026-09-29
https://www.hifisonix.com/articles/using-the-quantasylum-qa401-for-accurate-measurements/?currency=GBP,,project_page,html,200,162986,685e3670fa590e99e7ef278472386d97ebfcd925b1584588ddf1d2b4cf076d16,2026-09-29,,,,,,,,,,2026-09-29
https://www.hifisonix.com/articles/using-the-quantasylum-qa401-for-accurate-measurements/comment-page-1/,,project_page,html,200,163391,3502dfdc02d6e1504ae2dca8fc63faade1ae01be69f9db29bf5c5fda7e9d06dd,2026-09-29,,,,,,,,,,2026-09-29
https://www.hifisonix.com/articles/using-the-quantasylum-qa401-for-accurate-measurements/comment-page-1/?currency=GBP,,project_page,html,200,163039,07ee9a725419e0b024e25949b523e412da957a0c76a4d60f9ab2683125de0cfb,2026-09-29,,,,,,,,,,2026-09-29
https://www.hifisonix.com/articles/why-i-design-current-feedback-amplifiers/,,project_page,html,200,176791,aabcd8ffec8a5dd80d7ce8760e900e6185cf1a40b882ef9ee97b68345560fb87,2026-09-29,,,,,,,,,,2026-09-29
https://www.hifisonix.com/articles/why-i-design-current-feedback-amplifiers/?currency=GBP,,project_page,html,200,176444,41e4b53ac80b144fcd7727893b4d25a098afa58f1e690c42998549d5b14c1a56,2026-09-29,,,,,,,,,,2026-09-29
https://www.hifisonix.com/articles/why-i-design-current-feedback-amplifiers/comment-page-1/,,project_page,html,200,176447,76b41f8be09537048cffebe28672f931a4454a69a4da406a58d100bb51520f5b,2026-09-29,,,,,,,,,,2026-09-29
https://www.hifisonix.com/articles/why-i-design-current-feedback-amplifiers/comment-page-1/?currency=GBP,,project_page,html,200,176100,66632a1ded6958c6995422aed496edfe771b2f861ee34a158d9871e5877ce70f,2026-09-29,,,,,,,,,,2026-09-29
https://www.hifisonix.com/articles/x-altra-mini-ii-line-preamplifier/,,project_page,html,200,189397,102fe35c5c8cf908229a923954b6acf7694a772aa6b17facf431fce814352e8f,2026-09-29,,,,,,,,,,2026-09-29
https://www.hifisonix.com/articles/x-altra-mini-ii-line-preamplifier/?currency=GBP,,project_page,html,200,189048,8680a313f83351e6892267417ffd9d68403d1295bd2dd0b0e10cd573e7698085,2026-09-29,,,,,,,,,,2026-09-29
https://www.hifisonix.com/articles/x-altra-mini-ii-line-preamplifier/comment-page-1/,,project_page,html,200,188622,30a93a343aefeadb405d74bceeae4ce96b42edf04ec9b2f8fc7b962c4bebfff8,2026-09-29,,,,,,,,,,2026-09-29
https://www.hifisonix.com/articles/x-altra-mini-ii-line-preamplifier/comment-page-1/?currency=GBP,,project_page,html,200,188271,14ade2f1460367d6ca653e9fabaf0be621e354b7ff40390c6bb8b51570e03eec,2026-09-29,,,,,,,,,,2026-09-29
https://www.hifisonix.com/articles/x-altra-mini-one-audio-preamplifier/,,project_page,html,,159551,0bba1471d8b1fa8e00d24077d27ff5489176febb86e8c78d860672f5116dff82,2026-09-26,,,,,,,,,,2026-09-29
https://www.hifisonix.com/articles/x-altra-mini-one-audio-preamplifier/?currency=GBP,,project_page,html,200,159202,c4dff3c3e633f87b33131526dfa4444dc155a57fb98c1af625ced9d1bb2bbb65,2026-09-29,,,,,,,,,,2026-09-29
https://www.hifisonix.com/articles/x-altra-mini-one-audio-preamplifier/comment-page-1/,,project_page,html,200,169089,6af0bcf50d7f2114688a2066c37fa684e8e6a906781c2b1772d387e0750c0f2b,2026-09-29,,,,,,,,,,2026-09-29
https://www.hifisonix.com/articles/x-altra-mini-one-audio-preamplifier/comment-page-1/?currency=GBP,,project_page,html,200,168739,4c89ca71e9cdf35bd3ade853862870dfd52429e89a747f866c5fc5f49ec35e60,2026-09-29,,,,,,,,,,2026-09-29
https://www.hifisonix.com/projects/,,project_page,html,,144012,fec2b621875cec5ea1bbbe2475484cb5cf9dc745b029dac2bfb5f199be67a977,2026-09-26,,,,,,,,,,2026-09-29
https://www.hifisonix.com/projects/?cst,,project_page,html,200,144038,97b9b869ecf9af77f958806437919ea6e625cab690e639baa5cd7f2a40c9844f,2026-09-29,,,,,,,,,,2026-09-29
https://www.hifisonix.com/projects/?cst&currency=GBP,,project_page,html,200,143730,38ebe4a8932c502de41b919edfd5f854ea26b8702c37c199fe2f059d71f7b5b9,2026-09-29,,,,,,,,,,2026-09-29
https://www.hifisonix.com/projects/?cst&currency=GBP&query-30-page=2,,page,,,,,,,,,,,,,,not followed,
https://www.hifisonix.com/projects/?cst&query-30-page=1,,project_page,html,200,144075,4f0763fd260161f5d7a32691026ef379782d6876f454556eb04ec06605d10e54,2026-09-29,,,,,,,,,,2026-09-29
https://www.hifisonix.com/projects/?cst&query-30-page=2,,project_page,html,200,137468,253912cb3bed89ae6b0bcba72ec00bb41c3ceb38018ebcd5d9333938a181aa0a,2026-09-29,,,,,,,,,,2026-09-29
https://www.hifisonix.com/projects/?currency=GBP,,project_page,html,200,143699,08ed698e1e33a5d32232244cc6de274a574d24d2230aa24570cd9f3b213a0129,2026-09-29,,,,,,,,,,2026-09-29
https://www.hifisonix.com/projects/?currency=GBP&query-30-page=1,,project_page,html,200,143736,13ae636f7320f81d159935756a6262b44601b550e4a4b8b2a072915e7fb429ac,2026-09-29,,,,,,,,,,2026-09-29
https://www.hifisonix.com/projects/?currency=GBP&query-30-page=2,,project_page,html,200,137138,56e59d3f387d72ab833137f3b7601bd0c44022821205b51772a68b15d8c5bc91,2026-09-29,,,,,,,,,,2026-09-29
https://www.hifisonix.com/projects/?query-30-page=1,,project_page,html,200,144044,f0585283dc6f4eddfa6b5676899035f5943504d757fcd539582e983ecd492388,2026-09-29,,,,,,,,,,2026-09-29
https://www.hifisonix.com/projects/?query-30-page=1&cst,,project_page,html,200,144075,f01207834c91950320846025553f6716d540e6e0414226afc218a18b99eeea31,2026-09-29,,,,,,,,,,2026-09-29
https://www.hifisonix.com/projects/?query-30-page=1&currency=GBP,,project_page,html,200,143736,8edceb2269a814dba7e04c23f8f4baeefcad1d43fbbfcded0df07969d6769f03,2026-09-29,,,,,,,,,,2026-09-29
https://www.hifisonix.com/projects/?query-30-page=2,,project_page,html,200,137446,57bb999f431b2f9ce77c08090ce70c44c1cb6d33fc8ea4e343a479c8c98aa00a,2026-09-29,,,,,,,,,,2026-09-29
https://www.hifisonix.com/projects/?query-30-page=2&cst,,project_page,html,200,137468,659e614e3322fcff1a9f249630f757048f359f12ad9136359bf61104bf6e80fc,2026-09-29,,,,,,,,,,2026-09-29
https://www.hifisonix.com/projects/?query-30-page=2&cst&currency=GBP,,page,,,,,,,,,,,,,,not followed,
https://www.hifisonix.com/projects/?query-30-page=2&currency=GBP,,project_page,html,200,137138,a3e35c46e46c437ef9e8230b99b3dd4286bc1e8005fad06443f124255c60a1a2,2026-09-29,,,,,,,,,,2026-09-29
https://www.hifisonix.com/projects/apsu-a-low-noise-high-power-amplifier-psu/,,project_page,html,200,147105,12e6bb3c2bc100106bbee0a23a2500a48770125d1f15a7f28d95d8f5e4b4ea9f,2026-09-29,,,,,,,,,,2026-09-29
https://www.hifisonix.com/projects/apsu-a-low-noise-high-power-amplifier-psu/?currency=GBP,,project_page,html,200,146758,c0ac99f9c8aac8729c663df142e03de63f13f6cdb303f79bb7fa4d69010f5168,2026-09-29,,,,,,,,,,2026-09-29
https://www.hifisonix.com/projects/ax-amplifier/,,project_page,html,200,167087,587f50aac2e808ba1cade3947d266512f353ad68a6f4061c2ec3158b4c32175f,2026-09-29,,,,,,,,,,2026-09-29
https://www.hifisonix.com/projects/ax-amplifier/?currency=GBP,,project_page,html,200,166734,4c64ed5bbe9d7b24505e18882f6fb4e8ca87fc0482877d5fc2617c935996b39a,2026-09-29,,,,,,,,,,2026-09-29
https://www.hifisonix.com/projects/ax-amplifier/comment-page-1/,,project_page,html,200,166194,a4a7c2fcfe5579a01a4b32346ee48f6f6bd266d1444aecda890d139f0c370ec2,2026-09-29,,,,,,,,,,2026-09-29
https://www.hifisonix.com/projects/ax-amplifier/comment-page-1/?currency=GBP,,project_page,html,200,165843,e36f842e93882d5c582f7004097f39eb06a7cd920edec9b81c7c0ee67c8c8ff0,2026-09-29,,,,,,,,,,2026-09-29
https://www.hifisonix.com/projects/hifisonix-high-performance-balanced-line-stage/,,project_page,html,200,156811,ccd130a1a04ea76c17c84314c3fd072f2175cff0ad018915c33c71c829bd34d8,2026-09-29,,,,,,,,,,2026-09-29
https://www.hifisonix.com/projects/hifisonix-high-performance-balanced-line-stage/?currency=GBP,,project_page,html,200,156460,e792eac265838ef7091eac1824a52dec19171923dede82efea9634ff0811b511,2026-09-29,,,,,,,,,,2026-09-29
https://www.hifisonix.com/projects/hifisonix-high-performance-balanced-line-stage/comment-page-1/,,project_page,html,200,156585,fe42277e52152f2f20eed77995d0816f86537f90eceb78ca64d5c5a4455ebf9e,2026-09-29,,,,,,,,,,2026-09-29
https://www.hifisonix.com/projects/hifisonix-high-performance-balanced-line-stage/comment-page-1/?currency=GBP,,project_page,html,200,156236,e07c343719ae2c48d8dd99f81f8685abf4b214f9e4e149e3ef565cf4a2e2b6ca,2026-09-29,,,,,,,,,,2026-09-29
https://www.hifisonix.com/projects/hifisonix-micro-ripple-eater/,,project_page,html,200,203468,b5b93256d283f3dea9fb393ebf157f27059960032b192bd01462f0a17198f270,2026-09-29,,,,,,,,,,2026-09-29
https://www.hifisonix.com/projects/hifisonix-micro-ripple-eater/?currency=GBP,,project_page,html,200,203122,fc6863857065c6b376a9fdd0a98f046bebfe36f53ce0a68a775c5d116d3b56b5,2026-09-29,,,,,,,,,,2026-09-29
https://www.hifisonix.com/projects/hifisonix-micro-ripple-eater/comment-page-1/,,project_page,html,200,201317,ef84abfae93f3884e98f3bf486602c22b6af461b3b27466c80280b99b0495e21,2026-09-29,,,,,,,,,,2026-09-29
https://www.hifisonix.com/projects/hifisonix-micro-ripple-eater/comment-page-1/?currency=GBP,,project_page,html,200,200967,00db63e069179a2da1a2f09459eb91eb76ccb70ac71f3438118f4e61de458ab9,2026-09-29,,,,,,,,,,2026-09-29
https://www.hifisonix.com/projects/hifisonix-nx2-amplifier/,,project_page,html,200,203132,222a96d45891c10f464e18494dd929a10556dcd8f4b67299b812a45b16afadb5,2026-09-29,,,,,,,,,,2026-09-29
https://www.hifisonix.com/projects/hifisonix-nx2-amplifier/?currency=GBP,,project_page,html,200,202781,699fbef0b54be741434d4c32fcd963c405c26ef36a7d2a16b366a43abe3aff33,2026-09-29,,,,,,,,,,2026-09-29
https://www.hifisonix.com/projects/hifisonix-nx2-amplifier/comment-page-1/,,project_page,html,200,200255,8104792bb493015c5f56f77883ae76ca4637eb3e76c6f6ea929d7d33d7e44dce,2026-09-29,,,,,,,,,,2026-09-29
https://www.hifisonix.com/projects/hifisonix-nx2-amplifier/comment-page-1/?currency=GBP,,project_page,html,200,199906,8d9fcf0348aa85f0f351b258957950c0a587d53d8c7ce3671b3b51b0a663c242,2026-09-29,,,,,,,,,,2026-09-29
https://www.hifisonix.com/projects/hifisonix-speaker-protection-board/,,project_page,html,200,228863,49854766fead2a2162dce7d77c5952dd837c136939634c15bc2c9975c149bfae,2026-09-29,,,,,,,,,,2026-09-29
https://www.hifisonix.com/projects/hifisonix-speaker-protection-board/?currency=GBP,,project_page,html,200,228514,e1c89beff95de1f3495903d87e155e0b6e4e41ea950940a6461639ce0dbb9496,2026-09-29,,,,,,,,,,2026-09-29
https://www.hifisonix.com/projects/hifisonix-speaker-protection-board/comment-page-1/,,project_page,html,200,224793,217b793337e6225f0c0e6f06852ad894cd58f6b8ee36ebdcab7c5103bba590b3,2026-09-29,,,,,,,,,,2026-09-29
https://www.hifisonix.com/projects/hifisonix-speaker-protection-board/comment-page-1/?currency=GBP,,project_page,html,200,224443,3e2b55a38186f3297320aeb42bffa7ce7c0c710bc85cdc38fc1e6bd76d56dd14,2026-09-29,,,,,,,,,,2026-09-29
https://www.hifisonix.com/projects/hifisonix-standard-psu/,,project_page,html,200,149115,190951fec9f95164c4f0453b0e10dce730da98bfd25666b56e7d257647eec3d6,2026-09-29,,,,,,,,,,2026-09-29
https://www.hifisonix.com/projects/hifisonix-standard-psu/?currency=GBP,,project_page,html,200,148767,d67a8ef6133bc60578824aaf5ecc4d4c45e9f3e5895318338fdfe7771af93e38,2026-09-29,,,,,,,,,,2026-09-29
https://www.hifisonix.com/projects/hifisonix-standard-psu/comment-page-1/,,project_page,html,200,153229,558783d0c3d58c88b128abbde1261bb954bc93d29ff66b417ac06a042ba79857,2026-09-29,,,,,,,,,,2026-09-29
https://www.hifisonix.com/projects/hifisonix-standard-psu/comment-page-1/?currency=GBP,,project_page,html,200,152880,8e4d9d733d8ab4d4e41c84c159569899e0ae22d7a0e03889fded614ec37bddb4,2026-09-29,,,,,,,,,,2026-09-29
https://www.hifisonix.com/projects/hpa-1-class-a-headphone-amplifier/,,project_page,html,200,164058,5ccc826a21d16ccac51d35cd870026248cfb77c157ce248c9f0f6592ae7dcecc,2026-09-29,,,,,,,,,,2026-09-29
https://www.hifisonix.com/projects/hpa-1-class-a-headphone-amplifier/?currency=GBP,,project_page,html,200,163710,a4a42649ef95010723969e9cf0dbd21ede180d9f57a52b609719c7dc1ca6ace1,2026-09-29,,,,,,,,,,2026-09-29
https://www.hifisonix.com/projects/hpa-1-class-a-headphone-amplifier/comment-page-1/,,project_page,html,200,163370,c24059cdea6efeda01698f42a3dea60cc50605a271908e6fd9124d74f5872482,2026-09-29,,,,,,,,,,2026-09-29
https://www.hifisonix.com/projects/hpa-1-class-a-headphone-amplifier/comment-page-1/?currency=GBP,,project_page,html,200,163020,1544229e64306606190a9a6630d733422f17f42a0b12ef5af62e0a9bdace2023,2026-09-29,,,,,,,,,,2026-09-29
https://www.hifisonix.com/projects/imroved-soft-start-dc-blocker-aka-issdcb/,,project_page,html,200,172329,d2f84321d0a3c0d3886b355868ca5db9ab03a080a0810b7d1f4a8ff7bcb6b1b3,2026-09-29,,,,,,,,,,2026-09-29
https://www.hifisonix.com/projects/imroved-soft-start-dc-blocker-aka-issdcb/?currency=GBP,,project_page,html,200,171980,536c3ecf7f8d229881fe7f04fbc7e566c6b2761babc954d97913f48572a2ee74,2026-09-29,,,,,,,,,,2026-09-29
https://www.hifisonix.com/projects/imroved-soft-start-dc-blocker-aka-issdcb/comment-page-1/,,project_page,html,200,171501,825468768b64bf033ad763140a571adf8ed2701d78bc4604b26dd167fe25e4cc,2026-09-29,,,,,,,,,,2026-09-29
https://www.hifisonix.com/projects/imroved-soft-start-dc-blocker-aka-issdcb/comment-page-1/?currency=GBP,,project_page,html,200,171152,3e79b404959db5eb4e3828b7d8d0ff170052aa58d434a9a2ae7a019069181301,2026-09-29,,,,,,,,,,2026-09-29
https://www.hifisonix.com/projects/inverse-riaa-network/,,project_page,html,200,183477,d89ff27abd4ce0a0db7d235d289e218e1bbacc7c0baf22895836f11dec4b5755,2026-09-29,,,,,,,,,,2026-09-29
https://www.hifisonix.com/projects/inverse-riaa-network/?currency=GBP,,project_page,html,200,183126,bcac9102c9b776f01d4e2dcbac394b6f6e61b2f5bff9478e84ba702bc28aae31,2026-09-29,,,,,,,,,,2026-09-29
https://www.hifisonix.com/projects/inverse-riaa-network/comment-page-1/,,project_page,html,200,181825,9df3cabcc6f6fd7e6d3a02557d28083fbccccd18c1bacfd4d874722b990ac070,2026-09-29,,,,,,,,,,2026-09-29
https://www.hifisonix.com/projects/inverse-riaa-network/comment-page-1/?currency=GBP,,project_page,html,200,181477,efbd94480ab656d88af9fb76bd4661bfb9afb04572fc070c6f3ebd144f50467b,2026-09-29,,,,,,,,,,2026-09-29
https://www.hifisonix.com/projects/kx2-classa-amplifier/,,project_page,html,200,151357,32885ff30c442195d1b6fb51d2b90a7c9203aa9d19c4004dcb2660fef1d11d5c,2026-09-29,,,,,,,,,,2026-09-29
https://www.hifisonix.com/projects/kx2-classa-amplifier/?currency=GBP,,project_page,html,200,151008,736e3b5a08ed18e2840b22052b274b0668f53578fdad082a91e8d0c7da694215,2026-09-29,,,,,,,,,,2026-09-29
https://www.hifisonix.com/projects/kx2-classa-amplifier/comment-page-1/,,project_page,html,200,290031,5d3fa6ac9fc1211b2b2efbcefd153fd14c85f007648d0ec171ec9ea0bc6f807f,2026-09-29,,,,,,,,,,2026-09-29
https://www.hifisonix.com/projects/kx2-classa-amplifier/comment-page-1/?currency=GBP,,project_page,html,200,289680,83f1c0f4aa0e798332bc306e9817bff7618a6143555257e4b15867a281a572c5,2026-09-29,,,,,,,,,,2026-09-29
https://www.hifisonix.com/projects/new-ripple-eater-psu-rep/,,project_page,html,200,168295,adeab561ce1e9255e7f3de808fe5fa24dd7b2922b0247d30738b611b6392cecc,2026-09-29,,,,,,,,,,2026-09-29
https://www.hifisonix.com/projects/new-ripple-eater-psu-rep/?currency=GBP,,project_page,html,200,167947,ed6cb96d6f0940c21db172d4eba096a281a08787b40916ec78e0d7fc98aa665e,2026-09-29,,,,,,,,,,2026-09-29
https://www.hifisonix.com/projects/new-ripple-eater-psu-rep/comment-page-1/,,project_page,html,200,167688,5e09c444baf0f5c5915744579139ce5ae76dbe0feb8b258cdc5b4fdf13ea9121,2026-09-29,,,,,,,,,,2026-09-29
https://www.hifisonix.com/projects/new-ripple-eater-psu-rep/comment-page-1/?currency=GBP,,project_page,html,200,167339,fb0b0732b0d97f185b50310970395a89939f9672482b73838c276b1bc4d97e7e,2026-09-29,,,,,,,,,,2026-09-29
https://www.hifisonix.com/projects/nx-amp-audio-amplifier/,,project_page,html,200,232743,47f1caf7e8a9acc1a61ea948ebb4305652dcbcd7f62b5f6105c6cbf5e28d7efe,2026-09-26,,,,,,,,,,2026-09-29
https://www.hifisonix.com/projects/nx-amp-audio-amplifier/?currency=GBP,,project_page,html,200,232392,580ef857e522f52801f4e16d8b4c4938b5016da193ca251416a8dc55749186ee,2026-09-29,,,,,,,,,,2026-09-29
https://www.hifisonix.com/projects/nx-amp-audio-amplifier/comment-page-1/,,project_page,html,200,290550,95d831ae308da90e66d7ac9f99a50674a98fed76e8705df41f3d207f4d0dd416,2026-09-29,,,,,,,,,,2026-09-29
https://www.hifisonix.com/projects/nx-amp-audio-amplifier/comment-page-1/?currency=GBP,,project_page,html,200,290201,96293d9ab5165baaf7a3fda6b7f052a15464f5aa612c69c4874743eb881d61fc,2026-09-29,,,,,,,,,,2026-09-29
https://www.hifisonix.com/projects/simple-ripple-eater-psu-for-the-sx-and-kx-amplifiers/,,project_page,html,200,265307,ddc555fc2151016911b2cf7d4cc6e0cf2b6821dfd649036c4dac7776c6b2a8fa,2026-09-29,,,,,,,,,,2026-09-29
https://www.hifisonix.com/projects/simple-ripple-eater-psu-for-the-sx-and-kx-amplifiers/?currency=GBP,,project_page,html,200,264959,443ceb34ac10c08c6254772e33652ce42a0197b86dfc496ba12ade9796e3f28a,2026-09-29,,,,,,,,,,2026-09-29
https://www.hifisonix.com/projects/simple-ripple-eater-psu-for-the-sx-and-kx-amplifiers/comment-page-1/,,project_page,html,200,259471,249d8f7dbad409409563c1270b84e8299fd9a5b245063c1f39e8252a3b2133ec,2026-09-29,,,,,,,,,,2026-09-29
https://www.hifisonix.com/projects/simple-ripple-eater-psu-for-the-sx-and-kx-amplifiers/comment-page-1/?currency=GBP,,project_page,html,200,259122,5963a72eac19c8ea241b9f2379d513af55251469f208ba369738538f3c72f7b4,2026-09-29,,,,,,,,,,2026-09-29
https://www.hifisonix.com/projects/sx-amplifier-audio-power-amplifier/,,project_page,html,200,191393,83416c29dea11806d444588dbef12c6c9e6f65426c2e4c60ec0d89fdfbc88e77,2026-09-26,,,,,,,,,,2026-09-29
https://www.hifisonix.com/projects/sx-amplifier-audio-power-amplifier/?currency=GBP,,project_page,html,200,191043,547aca3c9754ea0a0bd75f164b2c5d1f6641867b97fadc05d6e4a236db3592e5,2026-09-29,,,,,,,,,,2026-09-29
https://www.hifisonix.com/projects/sx-amplifier-audio-power-amplifier/comment-page-1/,,project_page,html,200,307157,dc83971e8d0709a7d62b123b627c6961a041367800a9d7d07c2bbfdebb989965,2026-09-29,,,,,,,,,,2026-09-29
https://www.hifisonix.com/projects/sx-amplifier-audio-power-amplifier/comment-page-1/?currency=GBP,,project_page,html,200,306809,552f66ff89d50e477006e1ee0427fea1d376d28469791f1c24c728538197284a,2026-09-29,,,,,,,,,,2026-09-29
https://www.hifisonix.com/projects/sx-amplifier-audio-power-amplifier/comment-page-2/,,project_page,html,200,304637,265f747b498e77fe892307240a4d3d44630415ff6ae45c8e50fc9d9fc7de06f8,2026-09-29,,,,,,,,,,2026-09-29
https://www.hifisonix.com/projects/sx-amplifier-audio-power-amplifier/comment-page-2/?currency=GBP,,project_page,html,200,304290,1adf289652fbd99fe24198eaf33f0dfdad627e215f4a4d69e5b45cd62c17cb5e,2026-09-29,,,,,,,,,,2026-09-29
https://www.hifisonix.com/projects/very-simple-accurate-riaa-phono-eq-amp/,,project_page,html,200,182225,702e073a0d7067e021bce9e6f60d08895b60c67551665d175f14f2a3cd592a23,2026-09-29,,,,,,,,,,2026-09-29
https://www.hifisonix.com/projects/very-simple-accurate-riaa-phono-eq-amp/?currency=GBP,,project_page,html,200,181876,b9538110cef87ec4eaf200810f5c86045cc83ec873757a10c1630c7de55a73bf,2026-09-29,,,,,,,,,,2026-09-29
https://www.hifisonix.com/projects/very-simple-accurate-riaa-phono-eq-amp/comment-page-1/,,project_page,html,200,180880,847d91822ac2bbe21544c2a658dedb4e5c8447945e15ed9b65bc4c739a15ceaa,2026-09-29,,,,,,,,,,2026-09-29
https://www.hifisonix.com/projects/very-simple-accurate-riaa-phono-eq-amp/comment-page-1/?currency=GBP,,project_page,html,200,180531,64f4b9ebf86effd08e06a5616ea647dc6e3355fb695251935b1b6fa057af9d75,2026-09-29,,,,,,,,,,2026-09-29
https://www.hifisonix.com/projects/x-altra-mini-ii-discrete-line-stage/,,project_page,html,200,138127,2b5a87a906b512c79b7e831d7a98b0a3ed225379b42883d9345df09bfd765892,2026-09-29,,,,,,,,,,2026-09-29
https://www.hifisonix.com/projects/x-altra-mini-ii-discrete-line-stage/?currency=GBP,,project_page,html,200,137776,05ad6e4509a8c844cdbdfb3e095fbeaef8e513535b1e85291e18a15b3e8d3a90,2026-09-29,,,,,,,,,,2026-09-29
https://www.hifisonix.com/projects/x-altra-phono-eq-preamp/,,project_page,html,200,187824,39079def1050b95583237ec9765b46dfc0cbf28ea67a0b90eb6292041f0d4b1f,2026-09-29,,,,,,,,,,2026-09-29
https://www.hifisonix.com/projects/x-altra-phono-eq-preamp/?currency=GBP,,project_page,html,200,187474,109023625856975d7097c34099e1dd7ec2ba06f03415dcdef5d462889702239b,2026-09-29,,,,,,,,,,2026-09-29
https://www.hifisonix.com/projects/x-altra-phono-eq-preamp/comment-page-1/,,project_page,html,200,186502,6e2978521c928b68120ab35cc1e1433c563c4ce500b57405cf7663d7f12f3eb3,2026-09-29,,,,,,,,,,2026-09-29
https://www.hifisonix.com/projects/x-altra-phono-eq-preamp/comment-page-1/?currency=GBP,,project_page,html,200,186152,d6f06dd357cf6312d1e2a1c679614d6aa86cc86322016aac10b4a013e1f3271b,2026-09-29,,,,,,,,,,2026-09-29
https://www.hifisonix.com/wp-content/uploads/2010/10/Another-Low-Cost-Isolation-Amplifier-for-Industrial-Instrumentation-Applications.pdf,,linked,pdf,200,211020,1a1ebcb7acde8813d8ebf95e21d28aa4b4a811498f9773b497f190a12147aa1e,2026-09-29,,,,,,,,,,
https://www.hifisonix.com/wp-content/uploads/2010/10/X-Altra-Mini-V2.0.pdf,,linked,pdf,200,2757610,1ae8cde0168612dabcc7b78a0a37253a8984c73b7d51b7fe2ef66433ef5c6885,2026-09-26,33,ocr_boxes,2026-09-27,ocr_boxes-1,2026-09-27,ingest-1,,,,
https://www.hifisonix.com/wp-content/uploads/2011/02/A-Universal-Small-Signal-Class-A-Buffer-V1.0.pdf,,linked,pdf,200,892927,ca42c24ce484019b613747da4a85680c43f8b8b0771bae3b3adec7e04bf0685c,2026-09-26,14,ocr_boxes,2026-09-27,ocr_boxes-1,2026-09-27,ingest-1,,,,
https://www.hifisonix.com/wp-content/uploads/2011/03/THERMAL2-600x404.jpg,,figure,jpeg,200,45070,41dff79a8b2ad2cae79d30ba099643e18712a8ca206c0fa1ddfcb2ca0ccdaa4f,2026-09-26,1,ocr_boxes,2026-09-27,ocr_boxes-1,2026-09-27,ingest-1,,,,
https://www.hifisonix.com/wp-content/uploads/2011/03/image064-300x239.png,,figure,png,200,106413,ebde799002509dde2ab5d418263431e13a63cbdc20a326121724dc9145c13c11,2026-09-29,,,,,,,,,,
https://www.hifisonix.com/wp-content/uploads/2011/03/image064.png,,figure,png,200,67872,a13bed45269ed5212cf48947ed5e46ce914be7b44d50bcee8a08506074e5764d,2026-09-29,,,,,,,,,,
https://www.hifisonix.com/wp-content/uploads/2012/07/IMGP93301_1-600x400.jpg,,figure,jpeg,200,23032,8d85792cdc95d8c2ff3d1d05b21349e0863b3671e0d67e33b74207446b9a2b08,2026-09-26,1,ocr_boxes,2026-09-27,ocr_boxes-1,2026-09-27,ingest-1,,,,
https://www.hifisonix.com/wp-content/uploads/2012/07/IMGP93301_1.jpg,,figure,jpeg,200,808748,f2de8403f881f30aec52dc81add9f64b45a1948bac2c15a02fc10934f2fad2ca,2026-09-29,,,,,,,,,,
https://www.hifisonix.com/wp-content/uploads/2012/07/e-Amp_pics_1-unsmushed-600x450.jpg,,figure,jpeg,200,58747,559df51ba06e5a5371d2a6b530da4ff3551f40761b9a7c2d3c6e2e6cbb678eba,2026-09-26,1,ocr_boxes,2026-09-27,ocr_boxes-1,2026-09-27,ingest-1,,,,
https://www.hifisonix.com/wp-content/uploads/2012/07/e-Amp_pics_1-unsmushed.jpg,,figure,jpeg,200,138117,95d3786f815e7ff8a93be63b94b88728b1f3b0754af6fae174974760677b3559,2026-09-29,,,,,,,,,,
https://www.hifisonix.com/wp-content/uploads/2012/07/photo19.jpg,,figure,jpeg,200,274503,ed01b3af939eb40404553099bd568fa94ed62590334cb43f56317ce0dcab3ab9,2026-09-26,1,ocr_boxes,2026-09-27,ocr_boxes-1,2026-09-27,ingest-1,,,,
https://www.hifisonix.com/wp-content/uploads/2012/07/photo2-600x448.jpg,,figure,jpeg,200,50086,5582d1b6f7150198976b847f521ac6a8fd5e5405bc410e92e019cb326bc2fed4,2026-09-26,1,ocr_boxes,2026-09-27,ocr_boxes-1,2026-09-27,ingest-1,,,,
https://www.hifisonix.com/wp-content/uploads/2012/07/photo2.jpg,,figure,jpeg,200,391981,677a4b91559599ddfb8c2563d8a42de7386c50fc7e83831c6b7f127be9ebbfb1,2026-09-26,1,ocr_boxes,2026-09-27,ocr_boxes-1,2026-09-27,ingest-1,,,,
https://www.hifisonix.com/wp-content/uploads/2012/12/AFEC-Performance-600x450.jpg,,figure,jpeg,200,24864,038caa1b88bc920b2d6ff62a36d73361697c4b54d0a8d186b0733ec548ba3f16,2026-09-26,1,ocr_boxes,2026-09-27,ocr_boxes-1,2026-09-27,ingest-1,,,,
https://www.hifisonix.com/wp-content/uploads/2012/12/Quad_405_Power_Amplifier_Wireless-World-Article1.pdf,,linked,pdf,200,1761272,87f4e22c7d67b9a19e46038b41ff256b72e9905723d9b3a36586334ee8d2442a,2026-09-26,15,ocr_boxes,2026-09-27,ocr_boxes-1,2026-09-27,ingest-1,,,,
https://www.hifisonix.com/wp-content/uploads/2013/05/soaprot_12-03-2012.pdf,,linked,pdf,200,644265,dfb2cb0bef0805da904a5f0452b451903abc3b472be11dc212979f38bcddb57d,2026-09-26,66,ocr_boxes,2026-09-27,ocr_boxes-1,2026-09-27,ingest-1,,,,
https://www.hifisonix.com/wp-content/uploads/2013/12/AudioMyths1.pdf,,linked,pdf,200,81984,211b6ad4ad6fe927a6bd122ba7d519c38bcd578f121aec89ae15e79ee0e97d3f,2026-09-26,21,ocr_boxes,2026-09-27,ocr_boxes-1,2026-09-27,ingest-1,,,,
https://www.hifisonix.com/wp-content/uploads/2014/03/The-sx-Amplifier-V2.10.pdf,,linked,pdf,200,2449341,b6ebb539e669a432449d8698a0a5658985657fc5f7eeec30b6e6ebf3e4eb8a9b,2026-09-26,54,ocr_boxes,2026-09-27,ocr_boxes-1,2026-09-27,ingest-1,,,,
https://www.hifisonix.com/wp-content/uploads/2014/04/IMGP1264-600x557.jpg,,figure,jpeg,200,33732,aa5d68f43fc92c22e0d8732d0a13c48eae065d789c6706c0e2ce4646949e82a4,2026-09-26,1,ocr_boxes,2026-09-27,ocr_boxes-1,2026-09-27,ingest-1,,,,
https://www.hifisonix.com/wp-content/uploads/2014/04/IMGP6704-300x200.jpg,,figure,jpeg,200,13969,385cc9f12e2e45bb932507a86362eec11bc1ae1195195fa040844de8dde12d15,2026-09-29,,,,,,,,,,
https://www.hifisonix.com/wp-content/uploads/2014/04/IMGP6704.jpg,,figure,jpeg,200,45512,dcd48d6244a213e659db087d469c360e01e9fab767d68bfb98efceaf6ec8d646,2026-09-29,,,,,,,,,,
https://www.hifisonix.com/wp-content/uploads/2014/04/IMGP8746-300x228.jpg,,figure,jpeg,200,6373,57f8b028fc990e262ad98525a73e229c72881408023b85230ff922ada0612f17,2026-09-26,1,ocr_boxes,2026-09-27,ocr_boxes-1,2026-09-27,ingest-1,,,,
https://www.hifisonix.com/wp-content/uploads/2014/04/IMGP8746.jpg,,figure,jpeg,200,30039,feb4a5c7c8bcd18235c0e1ed0480e02f161a2cce13eb683d574664d41b0bf86e,2026-09-26,1,ocr_boxes,2026-09-27,ocr_boxes-1,2026-09-27,ingest-1,,,,
https://www.hifisonix.com/wp-content/uploads/2014/04/IMGP8754-300x200.jpg,,figure,jpeg,200,13898,9bd6b6682fc6fb41e561952dd75d7196f6c8a25c96d85d8ed4892da77f859eda,2026-09-26,1,ocr_boxes,2026-09-27,ocr_boxes-1,2026-09-27,ingest-1,,,,
https://www.hifisonix.com/wp-content/uploads/2014/07/Symphony-Pics1-300x169.jpg,,figure,jpeg,200,14198,9a2ab617b90ad24820425bfc8a281fff83993cba28fc3e4263f60c1cbb32673a,2026-09-26,1,ocr_boxes,2026-09-27,ocr_boxes-1,2026-09-27,ingest-1,,,,
https://www.hifisonix.com/wp-content/uploads/2014/07/pic32.jpg,,figure,jpeg,200,629465,aa32d268cb0ba48e11dca0d0abe0de1dce5e29c209636d6b24d712383b58adc8,2026-09-26,1,ocr_boxes,2026-09-27,ocr_boxes-1,2026-09-27,ingest-1,,,,
https://www.hifisonix.com/wp-content/uploads/2014/07/pic63-300x196.jpg,,figure,jpeg,200,7943,47da1f342070688c53df750e90bcaa3a501d1a677fcc2a575f97047590281901,2026-09-26,1,ocr_boxes,2026-09-27,ocr_boxes-1,2026-09-27,ingest-1,,,,
https://www.hifisonix.com/wp-content/uploads/2016/10/OPEX-1-Discrete-Opamp.pdf,,linked,pdf,200,1387717,dafb3a17f58f45883ef38dedf0430be3b48985a56a054c046273617382ddf024,2026-09-29,,,,,,,,,,
https://www.hifisonix.com/wp-content/uploads/2017/10/5.jpg,,figure,jpeg,200,440483,47af9391bff28741fedd1684ddc19ada919547c8477b60ec9ea1fc52d4c7ffe8,2026-09-26,1,ocr_boxes,2026-09-27,ocr_boxes-1,2026-09-27,ingest-1,,,,
https://www.hifisonix.com/wp-content/uploads/2017/10/Baxandall_Audio-Power-Amplifier-Design.pdf,,linked,pdf,200,3495294,9a9b920470c73995fcc76ee8af396530835d3c893a3cdd5cdf5838c1b3d5954a,2026-09-29,,,,,,,,,,
https://www.hifisonix.com/wp-content/uploads/2017/10/IMG_2121-scaled-1-600x450.jpg,,figure,jpeg,200,48133,1a3cd03e24d2737b4e3225757e98aaec8c211bce51b560f951fd43fd0370eea8,2026-09-26,1,ocr_boxes,2026-09-27,ocr_boxes-1,2026-09-27,ingest-1,,,,
https://www.hifisonix.com/wp-content/uploads/2017/10/IMG_2121-scaled-1.jpg,,figure,jpeg,200,751761,1938195a886d785da87644e510839125f51e8d20434d3aa517afc8a85bd15b4d,2026-09-26,1,ocr_boxes,2026-09-27,ocr_boxes-1,2026-09-27,ingest-1,,,,
https://www.hifisonix.com/wp-content/uploads/2017/11/741-Internal-600x386.png,,figure,png,200,469938,d65873f707f14acd0a6089c44e7a6f780f6b5bfd7f4d478175239a7b295030a3,2026-09-29,,,,,,,,,,
https://www.hifisonix.com/wp-content/uploads/2017/11/741-Internal.png,,figure,png,200,240927,7345c195b9363f02521ad68b54876fa128b5bc3011010233d8002c1e89e4d116,2026-09-29,,,,,,,,,,
https://www.hifisonix.com/wp-content/uploads/2017/11/Simplified_CFA_circuit_diagram-300x246.png,,figure,png,200,17546,7135bd5365c118bd7cafee599ec2452e335b37e66eb4482e9c98c62c64a89d27,2026-09-26,1,ocr_boxes,2026-09-27,ocr_boxes-1,2026-09-27,ingest-1,,,,
https://www.hifisonix.com/wp-content/uploads/2017/11/Simplified_CFA_circuit_diagram-unsmushed-300x246.png,,figure,png,200,17415,bc2dd2814213501725e4a12b8566e51067d0eacd116e8db68c0c851a89a6d99f,2026-09-26,1,ocr_boxes,2026-09-27,ocr_boxes-1,2026-09-27,ingest-1,,,,
https://www.hifisonix.com/wp-content/uploads/2017/11/Simplified_CFA_circuit_diagram-unsmushed.png,,figure,png,200,28516,796d56196c7a78ee33a7b021ad4f986f34479484361a12c074db72dbe61d2f1d,2026-09-26,1,ocr_boxes,2026-09-27,ocr_boxes-1,2026-09-27,ingest-1,,,,
https://www.hifisonix.com/wp-content/uploads/2018/01/JBL-SA-600-Stereo-Amplifier-J.D.Hirsch-1966.pdf,,linked,pdf,200,660838,b039ca6524a22c160364e085a335333403af4ca71512373db79babcdcc5984bb,2026-09-29,,,,,,,,,,
https://www.hifisonix.com/wp-content/uploads/2018/01/Neuman-Cutting-Lathe-600x206.png,,figure,png,200,202792,5accd63270af8e7aff55a7381ffbe9d7aa666c4416f85a2b8e676d80ba28585c,2026-09-29,,,,,,,,,,
https://www.hifisonix.com/wp-content/uploads/2018/01/Neuman-Cutting-Lathe.png,,figure,png,200,87760,26b95091c2d84c66b606979e6a0cafe695af37535e711cdd692233815a182a38,2026-09-29,,,,,,,,,,
https://www.hifisonix.com/wp-content/uploads/2018/01/Slide2-600x338.jpg,,figure,jpeg,200,37589,5e0f260948b27675c6fbb187b2d70c50cabb7503ff4056b59c467c593786173b,2026-09-29,,,,,,,,,,
https://www.hifisonix.com/wp-content/uploads/2018/01/Slide2.jpg,,figure,jpeg,200,166552,e7469ff48375f8e23e34566365ab6ccc9c6751ba9efed93ce8e238cb5788b1dd,2026-09-29,,,,,,,,,,
https://www.hifisonix.com/wp-content/uploads/2018/01/image-2-600x215.png,,figure,png,200,76210,ab79e7802f036d443e3dab2289dba2e49cc6e057045783bbecae85eaaf6da7b0,2026-09-29,,,,,,,,,,
https://www.hifisonix.com/wp-content/uploads/2018/01/image-2.png,,figure,png,200,317252,307618321a976004f75d94b82fd3b10c8b607483c14a634d1261b66d98662233,2026-09-29,,,,,,,,,,
https://www.hifisonix.com/wp-content/uploads/2018/02/JLH-10-Watt-Simple-Class-A-Amplifier.pdf,,linked,pdf,200,1558772,a49138c9975172a51213638d528f1d970f25ba7bed02e369720132c48287add7,2026-09-26,6,text,2026-09-27,ocr_boxes-1,2026-09-27,ingest-1,,,,
https://www.hifisonix.com/wp-content/uploads/2018/06/Cap-Miltiplier-PSU-Ripple-Rejection-600x338.jpg,,figure,jpeg,200,30444,8fafd12a9e6a66d9a807723e26a081458188e2c2fbbf04ccef4aaa5a7f295afd,2026-09-29,,,,,,,,,,
https://www.hifisonix.com/wp-content/uploads/2018/06/Cap-Miltiplier-PSU-Ripple-Rejection.jpg,,figure,jpeg,200,139063,ba99721d53ff13de64439230f942d81f23fcb475e01418ec729df14f2ffd5350,2026-09-29,,,,,,,,,,
https://www.hifisonix.com/wp-content/uploads/2018/06/IMGP6273-600x363.jpg,,figure,jpeg,200,18214,91053c7dbc52dfcc15ffc70bc575ffa0c21243c3338397285582b61df8eb452f,2026-09-26,1,ocr_boxes,2026-09-27,ocr_boxes-1,2026-09-27,ingest-1,,,,
https://www.hifisonix.com/wp-content/uploads/2018/06/IMGP6273.jpg,,figure,jpeg,200,209564,fa922409b3a317e3ec35c2297278ab8c1eedd9d79aa17cd6afa7381e013113fd,2026-09-26,1,ocr_boxes,2026-09-27,ocr_boxes-1,2026-09-27,ingest-1,,,,
https://www.hifisonix.com/wp-content/uploads/2018/11/JBL600-600x400.jpg,,figure,jpeg,200,27423,dfd3d340065904779ac05c261680bb529cfe2dd2ac916e8868e793ac0d5ff216,2026-09-29,,,,,,,,,,
https://www.hifisonix.com/wp-content/uploads/2018/11/JBL600.jpg,,figure,jpeg,200,140001,b57c7d848752a3430812ddaf18143738b2c53a3f1b0f8ae9f58d521ff2239288,2026-09-29,,,,,,,,,,
https://www.hifisonix.com/wp-content/uploads/2018/12/RIAA2-100x100.jpg,,figure,jpeg,200,3292,bcba54e202867b9082ab506765be1086e5f2401ef0a80a4409fd258742b40cfb,2026-09-29,,,,,,,,,,
https://www.hifisonix.com/wp-content/uploads/2018/12/RIAA2.jpg,,figure,jpeg,200,492359,5ec3d3b89b4e3c1595613358d9141e8fd9a5c0e561b591e6b729553a3da5a580,2026-09-29,,,,,,,,,,
https://www.hifisonix.com/wp-content/uploads/2019/04/IMGP7695-scaled-1-600x385.jpg,,figure,jpeg,200,25651,f8991cd0ccd45c049256c887558c1ad9e60e03eba2d12df36448ac4c0b856c55,2026-09-26,1,ocr_boxes,2026-09-27,ocr_boxes-1,2026-09-27,ingest-1,,,,
https://www.hifisonix.com/wp-content/uploads/2019/04/IMGP7695-scaled-1.jpg,,figure,jpeg,200,390189,b86aa9e7617bef1cb40ad62189f5a71817790fb9f75b50a08641fd3a56c61889,2026-09-29,,,,,,,,,,
https://www.hifisonix.com/wp-content/uploads/2020/02/Class-A-opamps.pdf,,linked,pdf,200,258308,ad425e38dc7e776f0820e041764f15f4f3d233fdeb6b6e9dd0f92408afe19d49,2026-09-26,2,text,2026-09-27,ocr_boxes-1,2026-09-27,ingest-1,,,,
https://www.hifisonix.com/wp-content/uploads/2020/02/Slide1-1-600x338.jpg,,figure,jpeg,200,26547,02b81d409893abc6d2f68cf2449046ed98e43255433fcdde30faae4571653ea7,2026-09-26,1,ocr_boxes,2026-09-27,ocr_boxes-1,2026-09-27,ingest-1,,,,
https://www.hifisonix.com/wp-content/uploads/2020/02/Slide1-1.jpg,,figure,jpeg,200,132618,2dc7fbc4b4d7de236ed361571ade701e713ca81ee0ffbc373f20642d9762b167,2026-09-29,,,,,,,,,,
https://www.hifisonix.com/wp-content/uploads/2020/02/turntable-300x223.png,,figure,png,200,72081,1581e261128080d681dd4230d01d203b57e21024eb12ae8179c677b3dd7d81af,2026-09-29,,,,,,,,,,
https://www.hifisonix.com/wp-content/uploads/2020/02/turntable.png,,figure,png,200,73596,bcd50194de199306db57fdc5307c346a35feb0ec3e555ad8c1e3b76d6c92c236,2026-09-29,,,,,,,,,,
https://www.hifisonix.com/wp-content/uploads/2020/07/IMGP9729-600x399.jpg,,figure,jpeg,200,24799,84555c0676ea5336819374b9b9ef0986012b207e3dc28b0ce95ccebaeda3ba68,2026-09-26,1,ocr_boxes,2026-09-27,ocr_boxes-1,2026-09-27,ingest-1,,,,
https://www.hifisonix.com/wp-content/uploads/2020/07/IMGP9729.jpg,,figure,jpeg,200,31874,22c1ba46862565b0367191dd0d11c9813f4e097e194d272efdfc659dd836ad26,2026-09-26,1,ocr_boxes,2026-09-27,ocr_boxes-1,2026-09-27,ingest-1,,,,
https://www.hifisonix.com/wp-content/uploads/2020/07/IMGP9732-600x527.jpg,,figure,jpeg,200,33379,3b4d8545e3cbcc6dabd566dfd6b47a73255cea53655abd2fc27b5abf1816fb5b,2026-09-29,,,,,,,,,,
https://www.hifisonix.com/wp-content/uploads/2020/07/IMGP9736-600x468.jpg,,figure,jpeg,200,29419,a9e1c5bf19e70ad887fb7e674bed77550583b215de37841cd229e6afb38b0228,2026-09-26,1,ocr_boxes,2026-09-27,ocr_boxes-1,2026-09-27,ingest-1,,,,
https://www.hifisonix.com/wp-content/uploads/2020/07/IMGP9736.jpg,,figure,jpeg,200,39156,01712c79ec7d0a2afc5c1a33c59123a26bd83105c2b6e664645251ed404b9c8d,2026-09-26,1,ocr_boxes,2026-09-27,ocr_boxes-1,2026-09-27,ingest-1,,,,
https://www.hifisonix.com/wp-content/uploads/2020/08/headphone-600x338.jpg,,figure,jpeg,200,23167,d53806efc80e8f2c5b28ad286772589830248e26938716b8072eb3d1f9bbaf89,2026-09-29,,,,,,,,,,
https://www.hifisonix.com/wp-content/uploads/2020/08/headphone.jpg,,figure,jpeg,200,111113,4695e216eaa7fc0ab7a76b8825192c34b36353d48b27c25717cf629a18a16bcc,2026-09-29,,,,,,,,,,
https://www.hifisonix.com/wp-content/uploads/2021/04/noise-600x338.jpg,,figure,jpeg,200,30666,98a4c32c83041bbfff1a2a190988c8e210b4717e38a9b927049ed35009c07cdf,2026-09-29,,,,,,,,,,
https://www.hifisonix.com/wp-content/uploads/2021/04/noise.jpg,,figure,jpeg,200,197608,6d1c0d599ad48bb40ce611f9eaaedf39eed9c3e11d850f241a7ce7fba8f81d4b,2026-09-29,,,,,,,,,,
https://www.hifisonix.com/wp-content/uploads/2021/07/top-view-1-scaled-1-600x800.jpg,,figure,jpeg,200,67534,fcf10c432a114121238aaaf4ce8ac13ccbd4c5122df1b97c8b33026bc093b279,2026-09-29,,,,,,,,,,
https://www.hifisonix.com/wp-content/uploads/2021/07/top-view-1-scaled-1.jpg,,figure,jpeg,200,437937,ba6550fa1a14be95469a1d2285280d3b1686fc231bf5166e3bddd1d6f0a5c076,2026-09-29,,,,,,,,,,
https://www.hifisonix.com/wp-content/uploads/2021/09/IMG_1852-scaled-1-600x669.jpg,,figure,jpeg,200,59265,c25aa1a9db8d331d525d0fceb0b199013c8dde2a43a93ba5e0e2594ce186781a,2026-09-29,,,,,,,,,,
https://www.hifisonix.com/wp-content/uploads/2021/09/IMG_1852-scaled-1.jpg,,figure,jpeg,200,497896,8bc3297809762aed1cd3f71b2b89167a1871c0bbc7c081c68abf655ae6ff705a,2026-09-29,,,,,,,,,,
https://www.hifisonix.com/wp-content/uploads/2021/09/KEF-LS50-286x300.jpg,,figure,jpeg,200,10773,62c0ab92bcb70e67b405705b3cdfe77dd903b6b648a6c675658d42c3a2660662,2026-09-29,,,,,,,,,,
https://www.hifisonix.com/wp-content/uploads/2021/09/KEF-LS50.jpg,,figure,jpeg,200,29024,6c88b38c3d00a5c63d5e2b32b0c5ca8501d1795857f21330dc4781ef36cf29c6,2026-09-29,,,,,,,,,,
https://www.hifisonix.com/wp-content/uploads/2021/09/Notes-About-Mosfets-for-Loudspeaker-SSR.pdf,,linked,pdf,200,775080,b3570076abc2c9daa9e3909bb69a86d0b24242d5d178d76d1ebba6810063d9ee,2026-09-29,,,,,,,,,,
https://www.hifisonix.com/wp-content/uploads/2021/09/QA401_Web_Pic-600x365.jpg,,figure,jpeg,200,28899,3afca2712d5d8a56088a825e97a3e36ba6ad5fd5c58bc36fe6cde9540badd5f4,2026-09-29,,,,,,,,,,
https://www.hifisonix.com/wp-content/uploads/2021/09/QA401_Web_Pic.jpg,,figure,jpeg,200,51169,8b3cf7c2767e5c189070f18015c26b9ed3fc66e45f5c22af1eee9d30de501bb5,2026-09-29,,,,,,,,,,
https://www.hifisonix.com/wp-content/uploads/2021/10/Hifisonix-Standard-PSU.pdf,,linked,pdf,200,1100589,b8d5169d558c6eebeb32e905bd1a871c7df4148d26ef514fe72d1143ab62b230,2026-09-29,,,,,,,,,,
https://www.hifisonix.com/wp-content/uploads/2021/10/IMG_2325-scaled-1-600x800.jpg,,figure,jpeg,200,57988,20053bc3ed4ffdb2f212f495ab44d01ca7e15ad11db21cc9d5585d905fd5a412,2026-09-29,,,,,,,,,,
https://www.hifisonix.com/wp-content/uploads/2021/10/IMG_2325-scaled-1.jpg,,figure,jpeg,200,378273,2491eaaebc34ed6f1a89bd52f65694699a34da5e15d75eee3428e66fe1a3b6ff,2026-09-29,,,,,,,,,,
https://www.hifisonix.com/wp-content/uploads/2022/06/IMG_3120-rotated-2-600x800.jpg,,figure,jpeg,200,100262,93eb3d9307292615a7f4d8d2b3daa7be2a5456287489ea1d03c2c2a7665b5c5e,2026-09-29,,,,,,,,,,
https://www.hifisonix.com/wp-content/uploads/2022/06/IMG_3120-rotated-2.jpg,,figure,jpeg,200,678303,63a621080b631b086d0bc1a00cb33a47615b454eb86aba4d6f9ca46731415003,2026-09-29,,,,,,,,,,
https://www.hifisonix.com/wp-content/uploads/2022/11/F82009AF-504F-4088-BF80-4CA1809935B2-scaled-1-600x450.jpeg,,figure,jpeg,200,25518,9dff1a70e88d87aa59633da686eef311fc37c6d1709e3b6854ccc0866f66b795,2026-09-26,1,ocr_boxes,2026-09-27,ocr_boxes-1,2026-09-27,ingest-1,,,,
https://www.hifisonix.com/wp-content/uploads/2022/11/F82009AF-504F-4088-BF80-4CA1809935B2-scaled-1.jpeg,,figure,jpeg,200,441620,3314ac9267120a862f27c1945b25c8ae621213b8ab581921e18204e70d4efd72,2026-09-26,1,ocr_boxes,2026-09-27,ocr_boxes-1,2026-09-27,ingest-1,,,,
https://www.hifisonix.com/wp-content/uploads/2023/03/Speaker-Protection-Board.pdf,,linked,pdf,200,1069758,c4c4bf074f3f0e86d0ba6feaa285a19090931a56bd2ea49ba482cba4b2840d95,2026-09-29,,,,,,,,,,
https://www.hifisonix.com/wp-content/uploads/2023/05/HPA1-May-2023-How-to-Wind-L1-and-L2.pdf,,linked,pdf,200,225245,127890b031fd09c4e5f19dabf382eee3eb00c7da3951637c679633133368d706,2026-09-29,,,,,,,,,,
https://www.hifisonix.com/wp-content/uploads/2023/06/AFEC-V3.0.pdf,,linked,pdf,200,1744865,8fd75c5d8742bfe03fd13410e1bb7f2a4d9e244d59bac8a33dafea5352187114,2026-09-29,,,,,,,,,,
https://www.hifisonix.com/wp-content/uploads/2023/06/X-Altra-Mini-II-Preamplifier-Main-Presentation-June-7-2023.pdf,,linked,pdf,200,3418443,5e3329c3e7734d863f8a90c26f20cf5676614e318f8601c68aee56f75ba796da,2026-09-29,,,,,,,,,,
https://www.hifisonix.com/wp-content/uploads/2023/06/kx2-Amplifier-November-2022.pdf,,linked,pdf,200,4810585,3d7a2e112e3afd3f7e939dbb38dc81ee6e6219d0e59e6513bf03591a77cff908,2026-09-29,,,,,,,,,,
https://www.hifisonix.com/wp-content/uploads/2023/08/IMG_3689-600x450.jpg,,figure,jpeg,200,38141,4293a831831a39dfcdcf01a844b6b7b6c4020ee5545e4e57df0e89b1025ce753,2026-09-26,1,ocr_boxes,2026-09-27,ocr_boxes-1,2026-09-27,ingest-1,,,,
https://www.hifisonix.com/wp-content/uploads/2023/08/IMG_3689.jpg,,figure,jpeg,200,447494,7abfa483f08e40b08a5f92a1ab2684e207e3740a4765983e51e752b3a4c4da9b,2026-09-26,1,ocr_boxes,2026-09-27,ocr_boxes-1,2026-09-27,ingest-1,,,,
https://www.hifisonix.com/wp-content/uploads/2023/08/Improved-DC-Blocker-Soft-Start.pdf,,linked,pdf,200,705129,5a477d10c9b09320ac462c8735b73eb87932a8a04eece818c809baad7938600c,2026-09-29,,,,,,,,,,
https://www.hifisonix.com/wp-content/uploads/2023/08/issdcb.jpg,,figure,jpeg,200,81136,955250f7086d8df41eafb7881c336acefd8e3ea0b45ddd833552e88c7cdbaaf3,2026-09-29,,,,,,,,,,
https://www.hifisonix.com/wp-content/uploads/2023/10/PSU-Filter-unsmushed-600x450.jpg,,figure,jpeg,200,58009,71bbc90795f88199613d448b76cc992e4f18b1752421f64ddf0f6a5f2f493761,2026-09-26,1,ocr_boxes,2026-09-27,ocr_boxes-1,2026-09-27,ingest-1,,,,
https://www.hifisonix.com/wp-content/uploads/2023/10/PSU-Filter-unsmushed.jpg,,figure,jpeg,200,116511,13880c18fbed538e0ed945e63a1e48e0be5af872995d7e86f8dd4d1f5df4f8f4,2026-09-29,,,,,,,,,,
https://www.hifisonix.com/wp-content/uploads/2023/11/More-Notes-On-Amplifier-Hum-Problems.pdf,,linked,pdf,200,821084,02a3247200c063c4441f8385728060ca195d8b6b6eb0cab4c1245f99a2cb729c,2026-09-26,10,ocr_boxes,2026-09-27,ocr_boxes-1,2026-09-27,ingest-1,,,,
https://www.hifisonix.com/wp-content/uploads/2024/02/IMG_2638-1-600x414.jpeg,,figure,jpeg,200,20355,126cbd0ad3243df6849cd8a15df80df0f4f043085f0e11480685301928a857e9,2026-09-26,1,ocr_boxes,2026-09-27,ocr_boxes-1,2026-09-27,ingest-1,,,,
https://www.hifisonix.com/wp-content/uploads/2024/02/IMG_2638-1.jpeg,,figure,jpeg,200,333953,93f36a25382f56bea7d1243f6fa503c5d542a91f6f041125cbdb42eccca1d3d9,2026-09-26,1,ocr_boxes,2026-09-27,ocr_boxes-1,2026-09-27,ingest-1,,,,
https://www.hifisonix.com/wp-content/uploads/2024/05/image-unsmushed-600x375.png,,figure,png,200,126765,2b8cf438f4d2b36e9257c65a04750acfb4d3ff1861d1ec54b5301398adb64f77,2026-09-29,,,,,,,,,,
https://www.hifisonix.com/wp-content/uploads/2024/05/image-unsmushed.png,,figure,png,200,264277,91dd41484b5c884cc6a73156ea4c19871421e574936bfc38850fe89a31b2b20b,2026-09-29,,,,,,,,,,
https://www.hifisonix.com/wp-content/uploads/2024/09/HPA1-to-PSU-Wiring.jpg,,figure,jpeg,200,69305,8e4030a855662e0a06350b8ecbc5883cd4d8d566cc6a6c749133e26f274eb084,2026-09-29,,,,,,,,,,
https://www.hifisonix.com/wp-content/uploads/2024/09/Hifisonix-HPA-1-Headphone-Amplifier-Sept-2024.pdf,,linked,pdf,200,2405049,0b30e0e3df09f627789861f9396643adbdc919881aa5b48113bdbed5a02286cc,2026-09-29,,,,,,,,,,
https://www.hifisonix.com/wp-content/uploads/2025/01/image-1.png,,figure,png,200,374861,f6abc5ba456dc5bf773b71aefaba36a0c7c6244becd4454d04d9f33f1ead5435,2026-09-29,,,,,,,,,,
https://www.hifisonix.com/wp-content/uploads/2025/01/image-2-600x303.png,,figure,png,200,205534,f74bcbf1605b5fb2697fb3d38627f71e2b40b99d2bfd5e669f81f64c52be5ece,2026-09-29,,,,,,,,,,
https://www.hifisonix.com/wp-content/uploads/2025/01/image-3-600x326.png,,figure,png,200,350780,715157693f2f4b6d5b13d6f0b3a9941d6b3c02f645fab992fdc512d2be40e7ec,2026-09-29,,,,,,,,,,
https://www.hifisonix.com/wp-content/uploads/2025/01/image-4.png,,figure,png,200,123468,28b03a58a9bfb3d2551e451e410f7a4c7f0ec1f804229d6cb7ffbc319e59fe4e,2026-09-29,,,,,,,,,,
https://www.hifisonix.com/wp-content/uploads/2025/01/image-5.png,,figure,png,200,150861,9a014626ed5354a3ac26d294b7c562b3ac50a7dc2fe82dc27f36ca413361d21f,2026-09-29,,,,,,,,,,
https://www.hifisonix.com/wp-content/uploads/2025/01/image-6.png,,figure,png,200,174357,e8e265d32247e4d0ab05cf31b73b86e930d546d5ac0992c2174d5dbddcc59482,2026-09-29,,,,,,,,,,
https://www.hifisonix.com/wp-content/uploads/2025/01/image-600x328.png,,figure,png,200,185801,c9ca546ab16d7d9f40f1d4fda19bfddc6fe8ed54a91e8acf3d39a414ce8cee69,2026-09-29,,,,,,,,,,
https://www.hifisonix.com/wp-content/uploads/2025/01/sx1000ta-schema-600x367.jpg,,figure,jpeg,200,50558,808053842b4cdf891747babe45a7daad531c3c8a8030163c173c834757022242,2026-09-26,1,ocr_boxes,2026-09-27,ocr_boxes-1,2026-09-27,ingest-1,,,,
https://www.hifisonix.com/wp-content/uploads/2025/01/sx1000ta-schema.jpg,,figure,jpeg,200,295724,4ee0541bacf3e1120c0265bec949565782a0dd81e517aad984fee2d171b5e25d,2026-09-26,1,ocr_boxes,2026-09-27,ocr_boxes-1,2026-09-27,ingest-1,,,,
https://www.hifisonix.com/wp-content/uploads/2025/02/Balanced-Line-Stage-Measurements-February-2025.pdf,,linked,pdf,200,345625,b31a928a79cc2d3355c27fbd665786eafa56c47008d2f7abb095344dd7a0b491,2026-09-29,,,,,,,,,,
https://www.hifisonix.com/wp-content/uploads/2025/02/Balanced-Line-Stage-Schematic-February-2025.pdf,,linked,pdf,200,100445,bc3039d5c0fc60588c941e8333b43d29ecf9917fbd5e4cfc19d45f924fe4ac27,2026-09-29,,,,,,,,,,
https://www.hifisonix.com/wp-content/uploads/2025/02/Disctete-JFET-Input-Line-Stage-February-2025.pdf,,linked,pdf,200,146981,c77f20867f494b1fd36eeb47d0d8b77d81eceeb3448b09d5f63af6506cf7e565,2026-09-29,,,,,,,,,,
https://www.hifisonix.com/wp-content/uploads/2025/02/Screenshot-2025-02-20-205621-600x300.png,,figure,png,200,12719,c802940d74b38eaa2b21c21e36eb2d53051101654bb5a2c000392fe71c54b0c4,2026-09-29,,,,,,,,,,
https://www.hifisonix.com/wp-content/uploads/2025/02/Screenshot-2025-02-20-205621.png,,figure,png,200,2930,5113c7c1f4f9ddb6051257566ac0eec9e4924337cafec5b5b6da7cd4a9ecb7b0,2026-09-29,,,,,,,,,,
https://www.hifisonix.com/wp-content/uploads/2025/02/Screenshot-2025-02-21-084613-600x362.png,,figure,png,200,102291,833e013c4d2f265d32b6a52225d0f07f3addac58f98cfe90dbf6050654e327c9,2026-09-29,,,,,,,,,,
https://www.hifisonix.com/wp-content/uploads/2025/02/Screenshot-2025-02-21-084613.png,,figure,png,200,183655,64c9061d7f677e7b6870782429b1db23c851a959bc1a014425bb64707019aa7c,2026-09-29,,,,,,,,,,
https://www.hifisonix.com/wp-content/uploads/2025/02/Screenshot-2025-02-21-090323-600x803.png,,figure,png,200,282103,e330ca385e5c2669169e2a07b4abe58a0117617319a2fbca014bc8354d2bafb8,2026-09-29,,,,,,,,,,
https://www.hifisonix.com/wp-content/uploads/2025/02/Screenshot-2025-02-21-090323.png,,figure,png,200,316130,967e9e33044c801ed293f570c24ce516e3bbec19a973f8fd1188da5c03e95238,2026-09-29,,,,,,,,,,
https://www.hifisonix.com/wp-content/uploads/2025/02/The_e-Amp_V2.1.pdf,,linked,pdf,200,3006332,a76eaa6090813c0374248d83eca1b8471b4f2e557a4a501fad3f83166a8f5be7,2026-09-26,59,ocr_boxes,2026-09-27,ocr_boxes-1,2026-09-27,ingest-1,,,,
https://www.hifisonix.com/wp-content/uploads/2025/02/discrete-line-stage-600x717.jpg,,figure,jpeg,200,100923,9fa43616a45ac9d85dbb45a8ad0689b8c4389c9403d2cc4b5eb28cc82ea98b0e,2026-09-26,1,ocr_boxes,2026-09-27,ocr_boxes-1,2026-09-27,ingest-1,,,,
https://www.hifisonix.com/wp-content/uploads/2025/02/discrete-line-stage-scaled.jpg,,figure,jpeg,200,756330,1bb758c9ba5690d4ecc99cbd31f3df1573fba01f8bf023ec7ee0be2fddc7fbd4,2026-09-26,1,ocr_boxes,2026-09-27,ocr_boxes-1,2026-09-27,ingest-1,,,,
https://www.hifisonix.com/wp-content/uploads/2025/02/turntable-4725399_1920-1-600x398.jpg,,figure,jpeg,200,26736,24e660df047a8e4bd368eb8cf4eecc7537fdc329da1cd983144191264774c199,2026-09-29,,,,,,,,,,
https://www.hifisonix.com/wp-content/uploads/2025/02/turntable-4725399_1920-1.jpg,,figure,jpeg,200,445826,02df55b7a7854107b2a639d2ebef6f7c66ef4cff8c3bb03db406a9a13ee3229a,2026-09-29,,,,,,,,,,
https://www.hifisonix.com/wp-content/uploads/2025/03/Bart-Locanthi-100x100.jpg,,figure,jpeg,200,2721,a12f53a72fd4ff3e86c6bb7845c23187a3b75c5b37e8363e7c4f18da1a8b64d0,2026-09-29,,,,,,,,,,
https://www.hifisonix.com/wp-content/uploads/2025/03/Bart-Locanthi-150x150.jpg,,figure,jpeg,200,4539,4853c3ae5623f31fbb1b6d153154d03a587b2cdb1167c1da2df08528fbb5f4e9,2026-09-29,,,,,,,,,,
https://www.hifisonix.com/wp-content/uploads/2025/03/Bart-Locanthi.jpg,,figure,jpeg,200,23421,466d517b246f6c14cd7fad87cf90732bdcc1c9304513d699149660a5e91f83be,2026-09-29,,,,,,,,,,
https://www.hifisonix.com/wp-content/uploads/2025/03/ax-Amp-Gain.pdf,,linked,pdf,200,53542,f967db40c8b34b09d09d3de4b3d013b7f1338270f085ada9c6325152eac51e12,2026-09-29,,,,,,,,,,
https://www.hifisonix.com/wp-content/uploads/2025/06/IMG_3940-1024x768.avif,,figure,,200,131079,,,,,,,,,,,unknown file type,
https://www.hifisonix.com/wp-content/uploads/2025/06/IMG_3940-600x450.avif,,figure,html,200,68616,11810d754a150fd5d1d9004c7d2f1efc31e64e605d38008639f73bfad4b1d449,2026-09-29,,,,,,,,,,
https://www.hifisonix.com/wp-content/uploads/2025/06/IMG_4200-1024x768.avif,,figure,html,200,118865,4c602586f2c12113388b10204f2ee3a483c55e97f91ee720cb5e8a9ba0d4d96a,2026-09-29,,,,,,,,,,
https://www.hifisonix.com/wp-content/uploads/2025/06/IMG_4200-600x450.avif,,figure,,200,65611,,,,,,,,,,,unknown file type,
https://www.hifisonix.com/wp-content/uploads/2025/06/IMG_5219-1024x768.avif,,figure,html,200,114700,e03379bed28620cf5cc8663dbd951a3e82f7cdd12a50ea317dd1351ee6a55eb9,2026-09-29,,,,,,,,,,
https://www.hifisonix.com/wp-content/uploads/2025/06/IMG_5219-600x450.avif,,figure,,200,49853,,,,,,,,,,,unknown file type,
https://www.hifisonix.com/wp-content/uploads/2025/06/IMG_5234-1024x680.avif,,figure,,200,82093,,,,,,,,,,,unknown file type,
https://www.hifisonix.com/wp-content/uploads/2025/06/IMG_5234-600x399.avif,,figure,html,200,35015,8bcb1b653906729b3721d6b079ff0e5ccd2e75e1d287662ffc3c8956afc72e29,2026-09-29,,,,,,,,,,
https://www.hifisonix.com/wp-content/uploads/2025/06/IMG_5239-scaled-e1750948717839-1024x731.avif,,figure,html,200,50878,afcfc6b910fd92503669eaba2cef7370e39fd830f391987b1ab8ca99c0102f3e,2026-09-29,,,,,,,,,,
https://www.hifisonix.com/wp-content/uploads/2025/06/IMG_5239-scaled-e1750948794426.avif,,figure,,200,110348,,,,,,,,,,,unknown file type,
https://www.hifisonix.com/wp-content/uploads/2025/06/IMG_5240-1024x768.avif,,figure,,200,59607,,,,,,,,,,,unknown file type,
https://www.hifisonix.com/wp-content/uploads/2025/06/IMG_5240-600x450.avif,,figure,html,200,30759,b50d9dadff8a220b77be97c35b67370c09f1743871e08a71ac95565e161780ac,2026-09-29,,,,,,,,,,
https://www.hifisonix.com/wp-content/uploads/2025/06/image-1-1024x669.avif,,figure,html,200,94937,007a3893db4060be938bb782930024bbb2f6c1db03b4eaaeba0bd762eef4b866,2026-09-29,,,,,,,,,,
https://www.hifisonix.com/wp-content/uploads/2025/06/image-1.avif,,figure,html,200,129470,5cf2f874e749c60706a0db06f1ee41dd807080b1ce5dbbc95098cdea1f6cbdff,2026-09-29,,,,,,,,,,
https://www.hifisonix.com/wp-content/uploads/2025/06/image-4-1024x573.avif,,figure,html,200,57792,34443487b1e039b6de445d32b299e96f47e4784960c7f417bfeaec4e207b8731,2026-09-29,,,,,,,,,,
https://www.hifisonix.com/wp-content/uploads/2025/06/image-4.avif,,figure,html,200,79402,f1628fec7fb37058656c741be69b15270201140c55d40e34b8f2293f5541a409,2026-09-29,,,,,,,,,,
https://www.hifisonix.com/wp-content/uploads/2025/06/nx2-Amplifier-1.pdf,,linked,pdf,200,2824078,d1111dd93fe3fb0f07ee9d0a2e4b65fee86a6e37a4f17643072c8b97502bc371,2026-09-29,,,,,,,,,,
https://www.hifisonix.com/wp-content/uploads/2025/08/IMG_6058-600x800.avif,,figure,html,200,83926,2aaa6e04d8fb8edfbd1a484c8fb56e4001c2031554a315f38eafe8dee4e80542,2026-09-26,,,,,,,,,,
https://www.hifisonix.com/wp-content/uploads/2025/08/IMG_6058-768x1024.avif,,figure,,200,116708,,,,,,,,,,,unknown file type,
https://www.hifisonix.com/wp-content/uploads/2025/08/IMG_6058-scaled.avif,,figure,,200,412357,,,,,,,,,,,unknown file type,
https://www.hifisonix.com/wp-content/uploads/2025/08/IMG_6060-1024x768.avif,,figure,html,200,79368,210f4636b3ee570113568827f9bdc2175007f6732e0a8c999f081e6f37423af1,2026-09-29,,,,,,,,,,
https://www.hifisonix.com/wp-content/uploads/2025/08/IMG_6060-600x450.avif,,figure,,200,40248,,,,,,,,,,,unknown file type,
https://www.hifisonix.com/wp-content/uploads/2025/08/IMG_6061-805x1024.avif,,figure,html,200,86341,df5a5f8e51be28cd8bc0d9c17832decbeb11d055a60320f73de54456af27203e,2026-09-29,,,,,,,,,,
https://www.hifisonix.com/wp-content/uploads/2025/08/IMG_6061-scaled.avif,,figure,html,200,367080,c631f1f713a247bd6e5f4e0eb9221f10bb71538b899c244f216c29fc7af8d563,2026-09-29,,,,,,,,,,
https://www.hifisonix.com/wp-content/uploads/2025/08/image-1024x526.avif,,figure,,200,43356,,,,,,,,,,,unknown file type,
https://www.hifisonix.com/wp-content/uploads/2025/08/image.avif,,figure,html,200,33325,f33eff8938f94a1abfbe5221728c8ce8207eec53a815c7217b6e5045a922494a,2026-09-29,,,,,,,,,,
https://www.hifisonix.com/wp-content/uploads/2025/09/VFA_CFA_Figure-1-1024x576.avif,,figure,html,200,24769,857e546e8c1f50ac06188ff1dfb569cac5fb64614a4820495bdea1bafb8c09ac,2026-09-29,,,,,,,,,,
https://www.hifisonix.com/wp-content/uploads/2025/09/VFA_CFA_Figure-1.avif,,figure,html,200,35661,f75656ca1af97ce7e4ebae971d22acc49df42a0f59d02ea853a8ca4e3749a08c,2026-09-29,,,,,,,,,,
https://www.hifisonix.com/wp-content/uploads/2025/11/Ripple-Eater-PSU-aka-REP-Nov-15-2025.pdf,,linked,pdf,200,1338017,ed31b223a86330bc2e4dade81f3733e3cccb2f2a0537dd6bb084e066f482cc30,2026-09-29,,,,,,,,,,
https://www.hifisonix.com/wp-content/uploads/2026/02/IMG_1771-600x450.avif,,figure,html,200,55770,26abc5d490f703417d255d532df079778b04549df5447cbb86a8e12a78ead975,2026-09-26,,,,,,,,,,
https://www.hifisonix.com/wp-content/uploads/2026/05/VAS-Transistors.pdf,,linked,pdf,200,65796,508232f775722fe2f2f7e1844d11871b26f80d385c01dfb511cd70b62745e831,2026-09-29,,,,,,,,,,
https://www.hifisonix.com/wp-content/uploads/2026/07/APSU-July-2026-1.pdf,,linked,pdf,200,1346374,c77f12bcd986e2b8ba6ee74eddf74e09418807529ad7904d74162bd07448f662,2026-09-29,,,,,,,,,,
https://www.hifisonix.com/wp-content/uploads/2026/07/APSU-noise_1-1024x576.avif,,figure,html,200,58466,c10c3187f2b2ebdb11b7ec3e98716f530eb6d9c2068ed99ce34aa737f2293040,2026-09-29,,,,,,,,,,
https://www.hifisonix.com/wp-content/uploads/2026/07/APSU-noise_1.avif,,figure,,200,100980,,,,,,,,,,,unknown file type,
https://www.hifisonix.com/wp-content/uploads/2026/07/IMG_9716-600x399.avif,,figure,html,200,59701,bf604479f6b0d45ce96b1f6a3dab0575775c8d2801ebfa93a47fe120d00fce0f,2026-09-29,,,,,,,,,,
