doc,page,part,kind,line
1g,32,1A1,none,"Pin label on the 74367 chips U1 and U2, not a component reference."
9,16,1A1,none,Pin label for the 74LS244 buffer IC6 in the embedded controller schematic.
1g,32,1A3,none,"Pin label on the 74367 chips U1 and U2, not a component reference."
9,16,1A3,none,Pin label for the 74LS244 buffer IC6 in the embedded controller schematic.
1g,32,1A4,none,"Pin label on the 74367 chips U1 and U2, not a component reference."
9,16,1A4,none,Pin label for the 74LS244 buffer IC6 in the embedded controller schematic.
1c,47,1N001,project,"Phone Miser telephone instrument, labelled D4 in the power section near Q5 and R1."
1j,51,1N001,reference,"Visual Regulator Monitor parts list, listed as D4, a rectifier diode."
1w,16,1N004,project,"The Security System answer module, labelled D1 near the J2 connector and LED indicators."
1y,42,1N004,project,"Labelled D1 in the line-in audio circuit, positioned near C15 and the 4.5V supply rail."
1c,47,1N01,project,"Phone Miser telephone instrument, labelled D4 in the power section near Q5 and R1."
10,53,1N2069,project,"Ringer/dialer accessory, listed as D1-D4, described as silicon diodes in the parts list."
n,65,1N2069,project,"Fuel miser burner controller, listed as CR1-4 in the 115V AC input rectifier bridge."
n,93,1N2069,project,"The fuel miser circuit's parts list, listed as CR1 through CR4 silicon diodes."
s,46,1N2069,project,"Diodes D1-D4, D6, and D7-D10 in the telephone line interface circuit, handling signal and power sections."
u,38,1N2069,project,"The RC4192 switching regulator circuit, labelled D1 beside R2 and L1."
14,21,1N2222,project,"Stereo audio circuit, diode near Q18 and Q17 in the output stage."
1c,20,1N2222,project,"The audio amplifier's output stage, labelled near Q18 and Q17."
1i,20,1N270,project,"Walkie-talkie interface circuit, listed as D2 and D3 near the 555 timer and RS232 connections."
1t,34,1N3022,project,"Color Analyzer circuit, D7 and D8 connected to IC1A inverting input and ground for differencing amplifier configuration."
17,62,1N34,project,"Low-power VHF pulse transmitter, labelled D1 in the oscillator stage with C1 and R1."
h,8,1N34,project,"CB sing-along modulating monitor, listed as D1 and D2 germanium diodes for the audio detection stage."
j,60,1N34,project,"Sun-powered alarm circuit, listed as a silicon solar cell component."
t,51,1N34,project,"The Looker digital logic probe, listed as D3, a germanium signal diode in the input stage."
y,51,1N34,project,"Tuneable 3 to 30 MHz FSM receiver, listed as D1, a germanium diode for the meter circuit."
10,28,1N34A,project,"Sprinkler Controller project, listed as D1 thru D16, small-signal germanium diodes in the lamp driver circuit."
1x,16,1N34A,project,"The prototyping kit power supply, labelled D3 near the V- input and R12."
1x,18,1N34A,project,"The Prototyping Kit power supply and logic probe, labelled as D4 in the oscillator section."
3,45,1N39A,none,OCR error in the schematic; the parts list identifies D1 and D2 as 1N34A germanium diodes.
22,27,1N40,none,OCR artifact or misread label beside D2 on the schematic; not a standard component type.
p,38,1N400,project,"The 2764-to-2732 EPROM adaptor, connected from pin 1 to pin 28 of the 28-pin DIP socket."
0,52,1N4000,project,"Parallel Printer Port I/O Interface, listed as D1, a silicon rectifier diode in the power supply section."
0,71,1N4000,project,"Relay control circuits, listed as D1 and D2 in the direct-drive and transistor drive stages."
z,34,1N4000,technique,"In the pulse dialer power supply section, identified as the diodes forming the full-wave bridge rectifier that steers line voltage."
1,61,1N4001,project,"Diodes in the power supply circuit for the EPROM programmer, shown in the schematic diagram."
11,25,1N4001,project,"DMS power supply, listed as CR1 through CR5 rectifier diodes in the bridge rectifier."
11,35,1N4001,project,"Video/audio amplifier circuit, listed as D1-D4 for the bridge rectifier in the power supply."
11,46,1N4001,project,"Solar Cell Converter project, listed as D1 in the parts list and schematic."
11,47,1N4001,mention,"Solar Cell Converter project; cited as a common silicon rectifier with higher voltage drop than the specified D2, and required as a blocking diode for the battery."
12,34,1N4001,project,"Two-Band Stereo LED Power Meter, used as diodes D1 and D2 in the input protection stage."
13,7,1N4001,mention,"Reader correction for the Solar Cell Converter, stating the diode in Fig. 3 can be omitted."
13,29,1N4001,project,"Ni-Cd battery charger power supply, listed as the diode for D5 through D8 or a bridge rectifier."
13,33,1N4001,project,"Car theft alarm circuit; D1, D2, and D3 are rectifier diodes protecting Q1 from excessive current."
14,39,1N4001,project,"Rectifier diodes D1 and D2 in the diode tester circuit, listed in the parts list."
15,5,1N4001,reference,"Listed in the Power Supply Diodes table as a 1-amp, 50 PIV micromini diode."
15,44,1N4001,project,"Diodes in the Programmer X2 schematic, located near capacitors C15, C1, and C8."
15,48,1N4001,project,"Diodes D10, D11, D12, and D13 in the Programmer's three-voltage power supply circuit."
15,62,1N4001,project,"Wireless bell receiver power supply, listed as D1-D4 for the bridge rectifier."
16,41,1N4001,project,"The 1N4001 diode, labelled D14, in the 128K/64K programmer schematic."
16,47,1N4001,project,"In the optoisolator circuit diagram, shown connected to the +5V to +12V section near the 4.7K resistor."
17,42,1N4001,project,"Laser power supply project, listed as D1 through D4 rectifier diodes in the parts list."
18,29,1N4001,project,"Stepper motor control circuit, listed as D1, D2, D3, and D4 for motor protection."
19,44,1N4001,project,"The Telephone-Activated Lamp Timer, labelled D4 in the relay driver stage."
1b,28,1N4001,project,"Input conditioning circuit for the frequency counter, shown in the schematic diagram."
1b,41,1N4001,project,"Programmable waveform generator, listed as D2 and D3 in the power supply section."
1d,4,1N4001,none,"OCR artifact in the table of contents, likely a misread of page number 46 beside the Telephone Minder article."
1d,20,1N4001,project,"The temperature controller circuit, listed as D6, a rectifier diode in the protection network."
1d,41,1N4001,project,"Diode D1 in the schematic, positioned near capacitors C10 and C11."
1e,62,1N4001,mention,"Named in the LT1070 regulator article as a diode the chip will destroy, though usable if current is limited."
1g,33,1N4001,project,"Parallel computer interface circuit, listed as D3, a silicon rectifier diode in the optional power supply section."
1g,36,1N4001,project,"Diodes D1 and D4 in the battery polarity indicator circuit, protecting the LEDs from reverse connection."
1j,25,1N4001,project,"Armatron robot control circuit, listed as D1 and D2 in the power supply section."
1j,30,1N4001,project,"Telephone Ring Indicator circuit, labelled as D1 and D2 in the Fig. 3 schematic."
1j,36,1N4001,project,Rectifier diodes D2 and D3 in the dual-polarity +15/-15V regulated power supply schematic.
1j,51,1N4001,reference,"Visual Regulator Monitor parts list, listed as D5, a rectifier diode."
1l,36,1N4001,project,Silicon rectifier in the power supply (D1) and flyback diodes (D2-D4) for the relay driver stage.
1m,41,1N4001,project,"The Personal Security Alarm, listed as D1 in the parts list and shown in the schematic."
1n,21,1N4001,project,"Microsys 5-volt dc power supply, listed beside D3, D4, and D5 as the rectifier diodes."
1o,19,1N4001,project,"WISARD weather station schematic, labelled as D2 near IC15 and C17."
1o,48,1N4001,project,"Solid-state substitute current shunt circuit, listed as D1, a rectifier diode in the protection relay stage."
1p,31,1N4001,project,"Beep Tone Converter power supply, labelled D1 in Fig. 3."
1q,29,1N4001,project,"Video signal gating circuit, listed as D1 in the parts list and schematic."
1r,39,1N4001,project,"The rectifier diode D2 in the 12V DC power supply circuit, converting AC to DC."
1s,30,1N4001,project,"Telephone line interface circuit, labelled as D1 to suppress dial tapping."
1v,37,1N4001,project,"Gas Detector constant-current charging circuit, listed as D1-D4 in the schematic."
1v,38,1N4001,project,"Gas Detector AC power supply option, listed as D1 and D2 in Fig. 7."
1w,25,1N4001,project,"Diodes D1 through D6 in the automatic porch light timer circuit, including D3 and D5 in the 555 timer loop."
1x,21,1N4001,project,"The Digital Compass project, listed as D1, a silicon rectifier diode in the sensor assembly."
1x,25,1N4001,project,"Listed as D1, a silicon rectifier diode in the ring detector circuit."
1z,17,1N4001,project,"PROM Burner power supply, listed as D4 with D1 and D3."
1z,31,1N4001,project,"Diodes D1 through D4 in the bridge rectifier of the receiver's power supply, stepping down 117Vac."
22,23,1N4001,project,"Call Restrictor power supply, listed as D1 thru D4 silicon rectifier diodes in the bridge rectifier."
4,34,1N4001,project,"Diodes D16 and D17 in the RGB to gray conversion project, installed on the RGB and Gray logic boards."
7,41,1N4001,project,"MAG-11BAT battery board, used as diode D23 in the UPS power source circuit."
7,55,1N4001,project,"Lab-Grade Function Generator power supply, labelled D1 near the 7812 regulator."
f,51,1N4001,project,"Stepper motor driver circuit, protecting the IRF511 MOSFETs from voltage spikes when winding currents switch off."
g,28,1N4001,project,"ComputerCraft December 1993 issue schematic, listed as D2 and D3 near the 7805 regulator and C9."
g,59,1N4001,project,"The Remote Starter circuit, shown beside C1, U2, and R14 in the power supply section."
h,76,1N4001,project,"Car security system wiring diagram, shown as a diode added to prevent back-feed in the antenna circuit."
j,24,1N4001,project,"The Downcounter project, identified as the four power supply rectifiers in the circuit diagram."
j,25,1N4001,project,"Downcounter project schematic, shown near Q1 and Q2 in the power or logic section."
j,27,1N4001,reference,"Listed in the Downcounter project parts list as a silicon diode, quantity 24."
j,67,1N4001,project,"Heathkit digital clock seconds display modification, shown in the schematic near switches S6 and S7."
l,6,1N4001,project,"Voice actuated relay circuit, shown in the schematic as a diode protecting the relay coil from back-EMF."
l,7,1N4001,project,Protection diode in the VTVM offset null circuit and alarm circuits (a) and (b) to prevent needle slamming.
l,40,1N4001,reference,Listed as D1-D6 in the parts list for the dual-polarity power supply circuit.
m,9,1N4001,project,"The laser circuit power supply, serving as the rectifier diode in the 60Hz AC input stage."
m,72,1N4001,project,"Parts list for the automatic sump pump switch, listed as D1 and D2 diodes."
p,37,1N4001,project,"The 2764-to-2732 EPROM burner adapter, shown in Fig. 3 as a mini-garbage in DIP socket plug."
v,36,1N4001,project,"Thermostat circuit, listed as D1, D2, D3 rectifier diodes in the parts list."
v,37,1N4001,project,"Thermostat controller power supply, rectifier diodes D3 and D4 for the 25V C.T. transformer."
w,41,1N4001,project,"Touchmaster lamp controller, listed as D2 and D3 rectifier diodes in the power supply section."
y,28,1N4001,project,Optional diode in the recommended constant-current charging circuit for shorted cells.
y,29,1N4001,project,"Fig. 9 constant-current charging circuit, listed as four diodes in the schematic."
y,34,1N4001,project,"The 64K Printer Buffer power supply, labelled D1 in the schematic."
y,39,1N4001,project,"Wireless Audio Mute transmitter, listed as D4 in the parts list and shown in the schematic."
z,45,1N4001,project,"Diode D6 in the Computer Say You Saw It circuit, connected near C2 and Q1."
14,20,1N4002,project,"Diode CR7 in the LM555 timer stage, connected near R44 and C5."
1c,19,1N4002,project,"Diode in the power supply section of the amplifier, connected near U2 and R44."
1l,10,1N4002,project,"Digital timer circuit, listed as D22-D25 in the power supply section near R32 and C4."
1s,21,1N4002,project,Diodes D1 and D2 in the power timer section of the light-activated tone generator circuit.
1v,53,1N4002,project,"Diodes D1-D4, D5-D8, D9-D12, and D14 in the Motor Protector's phase detection and relay drive stages."
p,51,1N4002,project,"Rectifier diodes D3, D4, D5, and D6 in the full-wave bridge of the system's power supply."
q,38,1N4002,mention,"Listed as a substitute in the LM-338 regulator circuit, noted as interchangeable with 1N4007."
q,40,1N4002,mention,Named as a suitable rectifier diode in the 1N4002 through 1N4007 series for the power supply circuit.
q,82,1N4002,technique,"DC power supply design article, listed as a suitable diode for protection in the LM338K circuit."
w,36,1N4002,project,"Explorer SCA adapter, used as rectifier diodes D1, D2, D3, and D4 in the power supply."
13,24,1N4003,project,"The Ni-Cd battery charger circuit, labelled D2 in the charge rate selector section."
13,25,1N4003,project,"Ni-Cd battery charger and recycle control circuit, labelled D3 in the charging section near R24 and LED2."
15,5,1N4003,reference,"Listed in the Power Supply Diodes table as a 1-amp, 200 PIV micromini diode."
13,40,1N4004,project,"Digi-tach tachometer, labelled CR1 in the power supply section near C1 and U1."
15,5,1N4004,reference,"Listed in the Power Supply Diodes table as a 1-amp, 400 PIV micromini diode."
16,47,1N4004,project,"In the optoisolator circuit diagram, shown connected to the 117Vac input and 12Vdc output section."
17,17,1N4004,technique,"In the SCR gate current circuit, a 1N4004 rectifier diode is installed in series with the gate to prevent negative half-cycle damage to the cathode-gate junction."
17,34,1N4004,project,"Jumbo LED Digital Clock power supply, forming the bridge rectifier with D1 through D5."
19,39,1N4004,project,"Automatic parking light circuit, used as diodes D1, D2, and D3 in the latch and reset logic."
1d,23,1N4004,project,"The rectifier diode D1 in the ZVS circuit, listed in the parts list and shown in the schematic."
1e,37,1N4004,project,"Telephone ring detector circuit, listed as D1, D2, and D3, 400 PIV silicon diodes."
1f,25,1N4004,project,Diodes D6 and D7 in the 117-volt ac-operated dc power supply schematic.
1g,43,1N4004,project,"Rectifier diodes D1, D2, D3, and D4 in the line-operated power supply for the frequency counter."
1h,49,1N4004,project,"Xenon strobe flasher circuit, listed as D1 and D2 to prevent C3 discharging backwards through T1 and Q1."
1i,41,1N4004,project,"GFCI fault current pre-loading circuit, specified as diodes D1 through D6 in the AC input section."
1l,24,1N4004,project,"Silicon rectifier diodes D1 and D2 in the Telephone-Line Checker circuit, listed in the parts list."
1l,27,1N4004,project,"Extension Busy Indicator circuit, listed as D1, a silicon rectifier diode."
1l,28,1N4004,project,"Extension Busy Indicator circuit, listed as D1 and D3, silicon rectifier diodes."
1m,37,1N4004,project,"Automotive electrical system analyzer, D1 in the 9.0V low battery indicator circuit and D3 in the 15.1V overcharge circuit."
1n,36,1N4004,project,"Video modulator circuit, listed as D1 through D4, serving as silicon rectifier diodes in the power supply."
1p,44,1N4004,project,"The optional AC-operated power supply for the humidity sensor project, serving as rectifier diodes D2 and D3."
1q,21,1N4004,project,"Optional automatic lighting controller, labelled D6 near R10 and R11."
1q,32,1N4004,project,"Diodes D1 and D2 in the Multiple-Application Strobe Light circuit, shown in the Fig. 1 schematic."
1r,29,1N4004,project,"Car Back-Up Alarm circuit, listed as D1, a rectifier diode in the power input stage."
1u,24,1N4004,project,Rectifier diodes D1-D4 and D5-D8 in the power supply section of the audio circuit.
1w,17,1N4004,project,"Security System answer module, listed in the power section near the 12.6Vac input and fuse F1."
1w,18,1N4004,project,"Security System answer module, labelled D6 in the timer circuit with IC15 (555) and IC14."
1w,20,1N4004,project,"Security System answer module, part of the bridge rectifier arrangement with D2, D7, and D5."
1w,22,1N4004,project,"Security System answer module, labelled D8 in the relay driver circuit."
1y,42,1N4004,project,"Labelled D3-D6 in the line-in audio circuit, located near the input section with C2 and C1."
w,48,1N4004,project,"Rectifier diode in the AC line-powered supply, identified as D1 through D4."
z,49,1N4004,project,"Strobe light circuit, listed as D1 and D2 rectifier diodes in the parts list."
15,5,1N4005,reference,"Listed in the Power Supply Diodes table as a 1-amp, 600 PIV micromini diode."
1t,34,1N4005,project,"Color Analyzer circuit, D3, D4, D5, and D6 forming the bridge rectifier for the 117V AC power supply."
9,73,1N4006,project,"Stepper motor driver circuit, shown as a diode in the Phase 1 circuit section."
9,77,1N4006,project,"In the ADC0817 interface circuit, the 1N4006 diode is shown near the J3 connector and input isolation section."
s,54,1N4006,project,"True-rms adapter for a 3.5-digit DMM, shown in the Test 2 circuit diagram for measuring line voltage."
1j,43,1N4007,project,"Rectifier diodes D1, D2, D8, D9, D10 in the telephone line polarity detector power supply."
1k,64,1N4007,project,"The corrected Telephone Tester schematic, shown as the rectifier diode in the power supply section."
1m,49,1N4007,project,"The ±12V DC power supply schematic, listed as D1 and D2 in the rectifier stage."
1m,52,1N4007,project,"A/C Sentry thermostat circuit, rectifying the +24Vac compressor input and providing 12Vdc output."
1t,26,1N4007,project,Rectifier diodes D1 and D2 in the AC-operated power supply for the score display project.
e,62,1N4007,project,"Computer Craft circuit, labelled D1 near Q2 and C9."
q,37,1N4007,project,"The basic circuit for a three-terminal, fixed-voltage integrated-circuit-regulation power supply, labelled D1 in the rectifier stage."
q,38,1N4007,project,Used as diodes D1 and D2 in the LM-338 regulator circuit shown in Fig. 2.
q,40,1N4007,mention,Named as a suitable rectifier diode in the 1N4002 through 1N4007 series for the power supply circuit.
q,82,1N4007,technique,"DC power supply design article, listed as a suitable diode for protection in the LM338K circuit."
1f,21,1N414,project,"Schematic diagram, positioned beside R2 and IC1, likely a diode in the signal path."
13,41,1N4148,mention,"Digi-tach parts list, listed as an alternative to CR2 (1N914) for the input conditioning stage."
15,61,1N4148,project,"Silicon switching diode D6 in the wireless bell receiver, connected to IC2 and R6."
16,47,1N4148,project,"In the telephone ringer circuit, four diodes are shown connected to the ringer and relay coil sections."
17,31,1N4148,project,"Jumbo LED Digital Clock, labelled D7 in the segment and digit-drive circuit near U4 and U5."
17,32,1N4148,project,"Jumbo LED Digital Clock, labelled D8 near the U1 control switch section."
17,34,1N4148,project,"Jumbo LED Digital Clock power supply, labelled D6 near the 1000F filter capacitor C1."
17,77,1N4148,mention,"Correction for the EPROM Programmer for the Commodore 64, specifying D4 should be this diode."
19,44,1N4148,project,"The Telephone-Activated Lamp Timer, listed as D1, D2, and D3 in the input and timer sections."
19,50,1N4148,project,"Schmitt-Trigger Oscillator parts list, listed as D1, an alternative to the IN914 switching diode."
1a,47,1N4148,project,Suggested as a pushbutton switch in the power-on reset circuit to test CPU boot issues.
1i,63,1N4148,project,Diode in the 9-volt to 5-volt converter circuit using both halves of an LT1013.
1j,46,1N4148,project,"The Visual Regulator Monitor circuit, listed as D1, a silicon diode in the monitoring stage."
1k,25,1N4148,mention,Cited as an example of a silicon diode with a 0.6 to 0.7 volt junction potential in the text.
1k,36,1N4148,mention,"Fuzz-box guitar effects circuit parts list, listed as an alternative to 1N914 for signal diodes D1 and D2."
1m,34,1N4148,project,"Digital Milliohmmeter Adapter power supply; listed as D1, a silicon small-signal diode."
1m,52,1N4148,project,"A/C Sentry thermostat circuit, three diodes in the 555 timer section."
1o,38,1N4148,project,"Remote-control transmitter, D1 connected between IC1 pins 3 and 7 to program AM mode."
1o,48,1N4148,project,"Solid-state substitute current shunt circuit, listed as D2, a silicon switching diode near the comparator output."
1t,34,1N4148,project,"Color Analyzer circuit, D1 and D2 connected to IC1B output and input for signal conditioning."
1w,33,1N4148,mention,"Suggested silicon signal diode substitute for germanium diodes D1-D4 in the motion sensor circuit, requiring R2/R3 adjustment."
1w,51,1N4148,technique,"Wien-bridge oscillator amplitude stabilization, listed as a small signal diode option for limiting gain in Fig. 7(A)."
1w,64,1N4148,project,"Diodes in the LT1072CN8 buck-boost converter circuit, labelled D1 and D2."
1z,41,1N4148,project,"A diode in the video signal processing schematic, located near the MC309P and sampled data lines."
22,38,1N4148,project,"In the signal processing circuit, listed near R15 and U4 (LM3046) without a specific stage label."
7,54,1N4148,project,"Lab-Grade Function Generator, biasing diodes D2 and D3 for the Q6/Q7 push-pull output stage."
a,55,1N4148,project,"Diode D1 in the power-on reset circuit, placed beside R2 and C2 to clamp the voltage."
e,18,1N4148,project,"In the ComputerCraft schematic, positioned near C9 and C10 in the lower section of Sheet 1."
h,8,1N4148,project,"Computer relay interface circuit, used as diodes in the transistor base drive and relay coil protection paths."
h,57,1N4148,project,"Do-nothing box motor control circuit, shown in Figure 4 near the 4060 timer and relay coil."
h,66,1N4148,project,"The multi-stage timer, positioned beside R1 in the schematic."
h,67,1N4148,project,"Power failure detector circuit, listed as the diode type for all four LED indicators (LED1-LED4)."
h,72,1N4148,project,"Morse code keyer circuit, listed in parts list and shown in schematic near the 2N3904 transistors."
h,91,1N4148,project,"Raindrop counter, used as diodes in the latch and display driver sections of the schematic."
j,24,1N4148,project,"The Downcounter project, noted as the type for all diodes except the four power supply rectifiers."
j,25,1N4148,project,"Downcounter project, noted as the standard diode type used throughout the circuit unless otherwise specified."
j,27,1N4148,reference,"Listed in the Downcounter project parts list as a switching diode, quantity 6."
j,57,1N4148,project,Rectifier diodes in the hand-carried tone generator of the security lock circuit.
j,58,1N4148,project,"Hobby motor speed control circuit, listed as a pair of diodes in the PWM stage."
j,59,1N4148,project,"Crystal checker circuit, shown in the schematic near R1 and R2 as part of the oscillator or protection network."
l,36,1N4148,project,"The diode matrix of the lottery circuit, forming an AND gate to set the odds."
l,52,1N4148,project,"Diode in the TEEM multimeter input circuit, read beside R19 and R6."
l,54,1N4148,project,"TEEM multimeter schematic, listed as two diodes near R19 and R8 in the meter circuit."
l,56,1N4148,project,"Universal timer/alarm circuit, listed as D1 and D2 in the schematic near the 4011 gates."
m,8,1N4148,project,"Cassette recorder tone alarm circuit, used as latch diodes in the 4011 logic stage."
m,63,1N4148,reference,Listed in the parts list for the Name That Tune game circuit.
m,64,1N4148,project,"Name That Tune game circuit, used as diodes D1 through D6 in the four detector stages."
s,51,1N4148,project,"True-rms adapter for a 3.5-digit DMM, listed as D1 and D2 in the parts list."
t,51,1N4148,mention,"The Looker digital logic probe, offered as a substitute for D1 and D2 signal diodes."
x,52,1N4148,mention,"Ocean Box parts list, offered as a substitute for D2 through D5."
y,39,1N4148,project,"Wireless Audio Mute transmitter, listed as D1, D2, and D3 in the parts list and schematic."
1k,25,1N43,mention,Cited as an example of a germanium diode with a 0.2 to 0.3 volt junction potential in the text.
3,59,1N4402,none,"OCR artifact in the advertisement text, likely a misread of 1N4002 or part of a price."
1m,37,1N4575A,project,"Automotive electrical system analyzer, D2 providing the 6.4V reference voltage for the comparator inputs."
1d,28,1N457A,project,"Digi-Ohm Add-On Module, listed as CR1, a diode in the input section near S1 and S2."
1d,28,1N4635,project,"Digi-Ohm Add-On Module, labelled CR2 in the schematic, though the parts list identifies CR2 as a 1N4735 zener."
1f,38,1N4733,project,"Digital multimeter circuit, labelled D2 in the -5V regulator section beside VR1 and C7."
1m,52,1N4733,project,"A/C Sentry thermostat circuit, 5V zener diode D4 near R12 and VR1."
1p,36,1N4733,project,"The Blackout/Brownout Alarm circuit, listed as D1, a 5.1-volt zener diode."
n,93,1N4733,project,"The fuel miser circuit's parts list, listed as CR5, a 5.1-V zener diode."
1d,28,1N4735,project,"Digi-Ohm Add-On Module, listed as CR2 and CR3, zener diodes in the circuit."
o,58,1N4735,mention,"Parts list for the digital counter circuit, listed as D2, a 6.2-volt zener diode with 1N4735 or similar."
1f,25,1N4735A,project,Diode D8 in the 117-volt ac-operated dc power supply schematic.
1f,36,1N4739,project,"Labelled D13 in the digital multimeter schematic, positioned near R100 and C23."
w,36,1N4739,project,"Explorer SCA adapter, listed as D5, a 9.1-volt zener diode for voltage regulation."
10,53,1N4743,project,"Ringer/dialer accessory, listed as D5, described as a 13-volt zener diode in the parts list."
10,26,1N4744,project,"The Sprinkler Controller power supply, labelled D1 as a 15V regulator beside C2 and R1."
1j,43,1N4744,project,Zener diodes D3 through D7 in the telephone line polarity detector circuit.
1k,64,1N4744,project,"The corrected Telephone Tester schematic, shown as the voltage regulator diode D4 in the power supply."
1h,52,1N4936,project,"Strobe unit circuit, listed as D2 in the parts list for the flashing strobe."
1f,38,1N4947,project,"Digital multimeter circuit, labelled D3 in the +150V supply section beside T2 and C20."
1l,28,1N5231A,project,"Extension Busy Indicator circuit, listed as D4, a 5.1-volt zener diode."
15,61,1N5235,project,6.8-volt zener diode D7 or D8 in the wireless bell receiver power supply.
15,62,1N5235,project,"Wireless bell receiver power supply, used as D7 and D8 to regulate output voltages."
1l,28,1N5235A,project,"Extension Busy Indicator circuit, listed as D2, a 6.8-volt zener diode."
1d,37,1N5245,project,"Telephone answering circuit, listed as D1, a 15-volt zener diode for voltage regulation."
1l,26,1N5245B,project,"The Telephone-Line Checker circuit, listed as D1 in the parts list for Fig. 3."
1c,24,1N5351,project,"The 14.2V regulator in the power supply, connected to U4 Pin 9 and R64."
7,49,1N5360B,project,"Zener diodes in the Serial Port Protector circuit, shown protecting RS232 terminals from line surges."
7,48,1N5386B,project,"In the telephone line protection circuit, two 1N5386B zeners are wired back-to-back to provide fast initial surge protection."
7,50,1N5386B,project,"Surge protection circuit, wired into the AC line cord and varistors as shown in Fig. 3."
15,5,1N5400,reference,"Listed in the Power Supply Diodes table as a 3-amp, 50 PIV barrel diode."
1w,15,1N5400,advert,Listed in the Radio Shack Parts Hotline advertisement as a 3-Amp Barrel Type Diode Rectifier.
z,45,1N5400,project,"Diodes D1-D4 in the Computer Say You Saw It circuit, listed with R1 and D5."
15,5,1N5402,reference,"Listed in the Power Supply Diodes table as a 3-amp, 200 PIV barrel diode."
1w,15,1N5402,advert,Listed in the Radio Shack Parts Hotline advertisement as a 3-Amp Barrel Type Diode Rectifier.
15,5,1N5404,reference,"Listed in the Power Supply Diodes table as a 3-amp, 400 PIV barrel diode."
1w,15,1N5404,advert,Listed in the Radio Shack Parts Hotline advertisement as a 3-Amp Barrel Type Diode Rectifier.
n,65,1N5523,project,"Fuel miser burner controller, listed as CR5 in the relay driver circuit near IC4A."
7,41,1N5817,project,"MAG-11BAT low-battery indicator, used as diode D22 in the U21A comparator stage."
1g,21,1N5818,technique,"Schottky diode in Fig. 10, connected between the 4N35's collector and base to prevent capacitance slowing."
1w,65,1N5818,project,"The positive buck-boost converter circuit, listed beside inductor L2."
1v,16,1N5819,project,"Labelled CR1 in the power supply section, likely a rectifier diode."
6,61,1N5821,mention,"Tiny Switcher power supply, listed as a substitute for D1/D2 NTE586 Schottky diodes if not obtainable."
1k,25,1N60,mention,Cited as an example of a germanium diode with a 0.2 to 0.3 volt junction potential in the text.
1k,26,1N60,project,The germanium diode used in the differentiator experiment to demonstrate junction potential clipping.
1k,27,1N60,project,"The germanium diode in the Fig. 9 wave-shaping quiz circuit, connected in series with the signal line."
y,51,1N60,project,"Tuneable 3 to 30 MHz FSM receiver, listed as D1, an alternative germanium diode for the meter circuit."
1w,64,1N755,project,"Diode in the LT1072CN8 buck-boost converter circuit, positioned near Q2 and D2."
14,45,1N758,technique,"Example device in the zener diode impedance calculation, tested with 20-mA bias and 30-mA drive current."
q,49,1N759,project,The 12-volt zener diode D1 in the power supply section of the LED numeral display circuit.
11,29,1N914,project,"The serial data transmission circuit, listed as D1 in the parts list."
11,43,1N914,project,"Diodes D1, D2, and D3 in the Hartley oscillator circuit schematic and parts list."
11,58,1N914,technique,"In the MOSFET audio amplifier, used as a silicon switching diode to absorb inductive kick from the relay coil."
11,60,1N914,project,"In the Fig. 8 power MOS radio timer, D1 is the diode that switches off the radio after a delay."
12,34,1N914,project,"Two-Band Stereo LED Power Meter, used as diodes D3 through D6 in the signal conditioning section."
12,43,1N914,project,"Diodes D1 and D2 in the CA3080 OTA circuit, handling input signals and offset trim."
12,44,1N914,project,Diode D in the trigger generator circuit (Fig. 6) for the random music box.
12,47,1N914,project,"Parts list for the dice circuit, listed as CR1 through CR18 switching diodes."
13,37,1N914,project,"The switching diode D1 in the timer circuit, listed in the Semiconductors section."
13,40,1N914,project,"Digi-tach tachometer, labelled CR2 in the signal conditioning stage near Q1 and R6."
14,20,1N914,project,"Diodes CR8, CR9, CR5, and CR6 in the LM311 comparator sections."
14,47,1N914,project,"Cassette computer interface circuit, listed as D3 and D4, small-signal diodes in the signal path."
15,20,1N914,project,"In the LM723 preregulator circuit, used as a forward-biased diode to compensate for the 0.7V drop."
15,23,1N914,mention,Suggested as two in series for the current-limiting diode in the LM723 regulator circuit.
16,33,1N914,project,Used as diodes D1 and D2 in the video distribution amplifier circuit.
19,49,1N914,project,"The Varipulse Generator schematic, labelled D1 in the power supply section near C4 and R3."
1a,48,1N914,project,"Audible Target circuit, listed as D1, a switching diode in the signal path near Q1 and R5."
1a,67,1N914,project,"In the magnetic field detector circuit, labelled D1, protecting the relay coil from back-EMF."
1c,19,1N914,project,"Diodes in the LM311 comparator stages of the amplifier, connected to inputs A, B, and C."
1c,47,1N914,project,"Phone Miser telephone instrument, labelled D2 in the logic section near IC3."
1c,68,1N914,project,"Single-pulse BioMetal wire driver, labelled D1 in the schematic."
1e,18,1N914,project,"In the EPROM Reader, D1 and D2 are switching diodes that stop the square-wave generator on error or completion."
1e,51,1N914,project,"The LED flasher circuit, listed as D1 thru D4, forming the anti-parallel pair with D5 and D6."
1e,62,1N914,mention,"Named in the LT1070 regulator article as a diode the chip will destroy, though usable if current is limited."
1f,32,1N914,project,"Used as diodes D5 through D11 in the transistor circuit, paired with SC945 transistors and resistors."
1f,37,1N914,reference,"Listed as an alternative to 1N4148 for D4 through D12, which are silicon switching diodes."
1f,46,1N914,project,"In the stereo audio circuit, labelled D1 near R23 and LED2."
1f,56,1N914,technique,"In the Electronics Notebook article, used to demonstrate current-voltage curves of silicon switching diodes at room temperature."
1f,57,1N914,project,Silicon switching diodes tested for forward voltage changes at 21 and -196 degrees C in the cooling experiments.
1g,32,1N914,project,"Diode in the parallel computer interface circuit, connected near C1, R1, and U7A."
1h,35,1N914,mention,"Listed as an alternative to the 1N4148 for CR3, the switching diode in the DigiVolt-DC subassembly."
1h,52,1N914,project,"Strobe unit circuit, listed as D1 in the parts list for the flashing strobe."
1i,17,1N914,project,"Walkie-talkie RS232 modem interface, listed as D1, a silicon diode in the signal path."
1j,30,1N914,project,"Telephone Ring Indicator circuit, labelled as D1 in Fig. 3 to protect IC1 when S1 is closed."
1j,34,1N914,project,"The switching diode D1 in the voltage-controlled filter circuit, listed in the parts list."
1k,25,1N914,mention,Cited as an example of a silicon diode with a 0.6 to 0.7 volt junction potential in the text.
1k,35,1N914,project,"Fuzz-box guitar effects circuit, used as D1 and D2 in the clipping stage driven by IC1B."
1k,46,1N914,project,"Programmable Light Controller, mounted as D18 through D221 along the 10-line step bus."
1l,7,1N914,project,"Diodes in the timer circuit, labelled D1 and D3 near the 4060 oscillator and logic gates."
1l,41,1N914,project,"CB Keyer circuit, labelled D3 near relay K1 and switch S2."
1m,53,1N914,project,"A/C Sentry compressor thermostat, listed as an alternative to 1N4148 for D1, D2, and D3."
1m,66,1N914,project,"In the capacitor-powered LM3909 LED flasher, used as a silicon diode to drop battery voltage to 5.4V."
1n,17,1N914,project,"Diode D4 in the schematic, connected to R1 and C2 near the IC6C section."
1p,50,1N914,project,"A/D converter module schematic, labelled as D201, D203, and D204 near the ADC809 and LM329."
1s,30,1N914,project,"Telephone line interface circuit, labelled as D2 to suppress dial tapping."
1w,31,1N914,project,"Motion sensor circuit, labelled D5 and D6 in the detector and threshold sections."
1w,33,1N914,mention,"Suggested silicon signal diode substitute for germanium diodes D1-D4 in the motion sensor circuit, requiring R2/R3 adjustment."
1w,51,1N914,technique,"Wien-bridge oscillator amplitude stabilization, listed as a small signal diode option for limiting gain in Fig. 7(A)."
1y,48,1N914,project,Diodes D1 and D2 in the Pulse Generator stage of the Infinite Snooze Alarm Chime section schematic.
1z,45,1N914,reference,"Listed as a substitute for CR1, a high-speed switching diode, in the Semiconductors section of the parts list."
21,46,1N914,reference,Listed as an alternative to 1N4148 for diodes D1 through D4 in the Super-Sensitive Tilt Switch parts list.
4,33,1N914,project,"Gray logic circuit, used as diodes D1-D15 for input clamping and logic gating."
9,73,1N914,project,"Stepper motor driver circuit, shown as a diode in the Phase 2 circuit section."
a,59,1N914,project,"Signal diode in the Remote Microcontroller Reset circuit, listed as D1 and D2 in the parts list."
b,23,1N914,project,"The microcontroller circuit on this page, labelled D near R9, C6, and C7."
b,46,1N914,project,"HC11 input-capture circuit, labelled D1 beside the 4N26 optical isolator and C1."
l,32,1N914,project,"Potentiometer tester, labelled D1 in the 556 IC comparator section."
m,21,1N914,project,"Random number generator circuit, listed as diodes near Q2, R1, and R2 in the schematic."
m,26,1N914,project,"LED display counter project, shown in the schematic beside IC4 (4069) and IC2 (4017)."
n,79,1N914,technique,"Lightwave communications article, mentioned as a diode connected between the positive battery terminal and the circuit to drop voltage to 5.4V."
o,53,1N914,project,"The diode used in the OR, AND, and NAND gate circuits to control signal flow based on input voltage."
p,49,1N914,project,"Diode D1 in the schematic, positioned near R34 and IC3A."
p,56,1N914,project,"Labelled D1 in the adjustable-threshold temperature detector circuit, replacing the photoresistor from the previous design."
p,58,1N914,project,"The peak detector circuit, labelled D1, prevents C1 from discharging through the comparator."
r,58,1N914,project,"The EPROM tester output indicator circuit, labelled D1 near R1 and C1 in the pulse stretching section."
t,51,1N914,project,"The Looker digital logic probe, listed as D1 and D2, signal diodes in the input circuit."
u,58,1N914,project,"Labelled D1 in the 555 timer motor speed controller, positioned beside Q1."
v,36,1N914,project,"Thermostat circuit, listed as D4 switching diode in the parts list."
v,49,1N914,project,High-voltage protection diodes D1 and D2 in the audio amplifier input stage.
w,41,1N914,project,"Touchmaster lamp controller, listed as D1 diode near the touch switch input circuit."
x,52,1N914,project,"Ocean Box circuit, used as diodes D2 through D5 in the envelope generator."
z,68,1N914,project,"In the 4800-baud UART receiver circuit, connected to pin 16 of the IM6403."
12,47,1N94,project,"Parts list for the dice circuit, listed as CR15."
1o,44,1S4,none,"OCR misread of S4 in the IR Remote-Control System wiring diagram, not a component type."
j,98,1X2,none,"FCC callsign format for extra-class licensees, not a component."
0,74,27C256,project,"The EPROM (U2) in the Talking Logic Probe, storing vocabulary words for the speech synthesizer."
5,16,27C256,project,"Listed as U4 in the 68HC11 breadboard circuit, an EPROM option for the memory section."
5,75,27C256,project,"68HC11 SBC EPROM, listed as an alternative to 27128 for storing the test program."
6,57,27C256,mention,Suggested EPROM to plug into the U7 socket for initial setup with MAG-11DIAG firmware.
6,59,27C256,mention,"MAG-11 computer interface article, listed as an erased EPROM required to produce custom programs."
7,40,27C256,mention,"MAG-11 BUFFALO monitor program, offered pre-programmed into this EPROM for a fee."
7,42,27C256,reference,"MAG-11 kit parts list, listed as the EPROM programmed with MAG-11DIAG or BUFFALO firmware."
7,44,27C256,mention,"MAG-11 Logic Monitor EPROM programming notes, listed as requiring address translation from $E000 to $6000."
b,49,27C256,reference,"MAG-11 development board parts list, listed as optional firmware storage for MAG-11DIAG or BUFFALO."
c,28,27C256,reference,"Listed in Table I comparing UV-erasable EPROMs with flash, EEPROM, and NV RAM devices."
c,31,27C256,reference,"Pinout diagram and comparison table for the 27C256 UV EPROM, listed alongside EEPROM and Flash types."
f,44,27C256,reference,"Listed in the pinout comparison table for 64Kx8 EPROMs, showing address and data pin assignments."
7,44,27C512,mention,"MAG-11 Logic Monitor EPROM programming notes, noted as having addresses that coincide exactly with the S-file."
f,44,27C512,reference,"Listed in the pinout comparison table for 64Kx8 EPROMs, showing address and data pin assignments."
9,17,27C64,reference,"Listed as IC3 in the parts list for the embedded controller system, specified as an 8Kx8 EPROM."
f,44,27C64,reference,"Listed in the pinout comparison table for 8Kx8 EPROMs, showing address and data pin assignments."
3,40,27C64A,reference,Listed in the SA-10 programmer's hardware description as the EPROM used in its internal circuitry.
9,16,2A3,none,Pin label for the 74LS244 buffer IC6 in the embedded controller schematic.
m,72,2N2219,project,"The NPN transistor in the automatic sump pump switch, acting as the electronic switch for relay K1."
1,58,2N2222,reference,"Listed as Q3, Q4, Q5 general-purpose npn transistors and U13-U16 quad MPQ2222 DIPs in the parts list."
1,60,2N2222,project,ZIF socket EPROM programmer; U13 and U14 are quad 2N2222 transistors driving the Vcc/Vpp voltage divider.
10,59,2N2222,project,Transistor Q1 in the open-cycle and closed-cycle electro-optical feedback demonstration circuits.
11,7,2N2222,mention,Suggested as a driver transistor for the CoCo Testlab relay circuit in reader correspondence.
11,60,2N2222,project,"In the Fig. 9 on-after-delay timer, Q2 is the bipolar transistor controlled by the MOSFET Q1."
12,50,2N2222,project,"Transistor in the circuit board assembly, installed in all locations except Q2 and Q7."
12,54,2N2222,project,Transistor Q1 in the single-transistor piezoelectric buzzer element driver circuit.
12,55,2N2222,project,"Q2 in the adjustable-frequency piezoelectric buzzer element driver, part of the two-transistor oscillator stage."
13,24,2N2222,project,"The Ni-Cd battery charger circuit, labelled Q2 in the charge rate selector section."
13,25,2N2222,project,"Ni-Cd battery charger and recycle control circuit, used as transistors Q3 and Q5 in the control logic near R23 and R21."
13,56,2N2222,project,Transistors Q1 and Q2 in the discrete NAND gate circuit shown in Figure 1.
14,21,2N2222,project,"Stereo audio circuit, NPN transistors Q7, Q6, Q11, Q15, Q14, Q10 in the amplifier stages."
14,55,2N2222,project,"The r-f transmitter circuit, specified as Q1, the npn silicon switching transistor."
14,56,2N2222,project,"Q1 in the crystal-controlled transmitter circuit, forming the basic oscillator stage with C1 and L1."
14,58,2N2222,project,"The crystal-controlled r-f oscillator circuit, labelled Q1 beside C1 and L1."
15,20,2N2222,project,"In the LM723 preregulator circuit, acting as the pass transistor to protect the IC from high input voltage."
15,23,2N2222,project,"Labelled Q1 in Fig. 12, the adjustable current-limiting scheme for the LM723 regulator."
16,66,2N2222,project,"Ultraminiature LED Pulse Transmitter, labelled Q2 in the pulse driver schematic."
17,32,2N2222,project,"Jumbo LED Digital Clock, labelled Q7 in the U1 control switch section."
17,58,2N2222,project,The transistor Q1 in the low-power broadcast-band tone transmitter circuit.
17,59,2N2222,project,"Transistor in the low-power broadcast-band tone transmitter, labelled Q1 and Q2 in the schematic."
17,60,2N2222,project,"The low-power VHF pulse transmitter, labelled Q2 in the oscillator stage with L1 and C4."
17,77,2N2222,mention,"Correction for the digital amplifier project, stating all npn transistors are this type."
19,44,2N2222,project,"The Telephone-Activated Lamp Timer, labelled Q1 driving the relay coil."
1b,25,2N2222,project,"LED numeric display driver, Q1-Q4 sinking current from common cathodes of a single LED decade."
1c,20,2N2222,project,"The audio amplifier's output stage, used for transistors Q7, Q6, Q11, Q15, Q14, and Q10."
1c,53,2N2222,project,"Transistors Q1 through Q4 in the voltage monitoring circuit, driving the LED indicators."
1c,66,2N2222,project,"The switching transistor in the BioMetal actuator control circuits, driven by a 555 timer to switch current through the wire."
1c,68,2N2222,project,"Single-pulse BioMetal wire driver, labelled Q1 as the switching transistor."
1c,69,2N2222,project,"Transistors Q1 and Q2 in the BioMetal wire control circuit, driving the wire with pulses in bursts."
1f,57,2N2222,project,"Transistors selected to measure Hfe gain reduction before, during, and after immersion in liquid nitrogen."
1g,50,2N2222,project,"Transistor Q1 in the Nap Timer reset circuit, discharging capacitors C1-C3 via R12 and S10."
1i,17,2N2222,project,"Walkie-talkie RS232 modem interface, listed as Q1, the transistor that inverts the RS232 signal."
1i,58,2N2222,project,"The transistor Q1 in the Light/Dark-Activated Buzzer circuit, switching the piezo buzzer based on photoresistor input."
1i,59,2N2222,project,"Transistor Q1 in the photoresistor flasher circuit, driving the LED."
1i,60,2N2222,project,Used as diodes in the single-supply precision instrumentation amplifier circuit shown in Fig. 3.
1i,62,2N2222,project,Transistor in the oscillator stage of the temperature-compensated crystal oscillator circuit.
1j,24,2N2222,project,"Transistors Q1 through Q6 in the Armatron robot control circuit, driving relays K1 through K6."
1j,39,2N2222,project,"Emergency Electronic Ignition circuit, listed as D1, a silicon npn transistor in the parts list."
1k,56,2N2222,project,"Q1 in the window comparator demonstration circuit, connected to R1, R2, and R3."
1l,49,2N2222,project,"Q1 in the infrared receiver circuit, driving the piezoelectric buzzer output."
1p,58,2N2222,project,"Q1 in the Fig. 8 sound disk protection circuit, connected to R3 and P2."
1r,34,2N2222,project,"Transistor Q401 in the tested control circuit for high-current loads, driving relay K401."
1r,39,2N2222,project,"The transistor Q1 in the 12V DC power supply circuit, part of the filtering or regulation stage."
1s,21,2N2222,project,Transistors Q1 and Q2 in the light-level decision and pulsed tone generator stages.
1u,57,2N2222,project,"Q2 in the Fig. 4 RF transmitter circuit, positioned near R5 and L1."
1w,44,2N2222,project,"Infrared-Detector Event Counter, labelled Q2 in the interface circuit between MOD1 and MOD2."
1x,16,2N2222,project,"The logic probe circuit, used as transistors Q3, Q4, and Q5 driving the LEDs."
1y,20,2N2222,project,"The transistor in the typical notch filter circuit schematic, shown with R1 and R2."
1y,21,2N2222,project,"In the notch filter circuit, a 2N2222 transistor extracts the difference between the input signal and the notch output."
1z,31,2N2222,project,"Transistor Q2 in the transmitter section, driving the infrared-emitting diode IRED1 from the 555 timer output."
1z,32,2N2222,project,"The IR transmitter circuit, listed as Q2, an npn silicon general-purpose transistor."
2,61,2N2222,project,"The transistor Q1 in the phototransistor-to-TTL interface circuit, used to drive the LED current."
20,42,2N2222,project,"The modular oscillator circuit in Fig. 4, labelled Q1, driving the LED output."
22,22,2N2222,project,"Call Restrictor circuit, Q1 driving the disconnect relay RY1 from IC1 Pin 3."
4,33,2N2222,project,"Gray logic circuit, used as transistors Q1-Q4 for signal amplification and switching."
g,37,2N2222,project,"Transistor in the 12V MOSFET driver circuit, shown with R1 and R2 for high-current LED driving."
h,8,2N2222,project,"Computer relay interface circuit, acting as the switching transistor driving the relay coil."
h,9,2N2222,project,"Transistor in the Jet flutter-by circuit, driving the lamp and speaker output stages."
h,67,2N2222,project,"Temperature sensing circuit, shown as the transistor option for the output stage driving the associated LED."
h,87,2N2222,project,"The tag-along PA amplifier, shown in the schematic as the output transistor driving the speaker."
h,91,2N2222,project,"Raindrop counter, used as transistors to drive the LED displays and speaker in the schematic."
i,8,2N2222,project,"Transistor switch in the gym scoreboard relay driver circuit, switching relay coils from segment drive lines."
i,9,2N2222,project,"The 12-volt LED control circuit, suggested as a low-power NPN for Q1 or Q2 if load current is 40 ma or less."
j,57,2N2222,project,"Transistor in the freezer door seal alarm circuit, connected to the reed switch."
j,59,2N2222,project,"Crystal checker circuit, listed as an alternative NPN transistor to the 2N3904 for the driver stage."
k,69,2N2222,project,"Capacitor meter circuit, listed as Q1, an NPN transistor used in the meter's switching stage."
m,9,2N2222,project,"The laser circuit power supply, acting as the switching transistor in the 7-times repeated output stage."
m,63,2N2222,reference,Listed in the parts list for the Name That Tune game circuit.
m,64,2N2222,project,"Name That Tune game circuit, used as NPN transistors Q1 through Q5 in the detector and reset stages."
n,76,2N2222,project,"The transistor in the simple lightwave transmitter for speech, driving the LED output stage."
p,45,2N2222,project,Timer power controller circuit; specified as the general-purpose NPN transistor Q3 that buffers the oscillator signal.
p,46,2N2222,reference,"Parts list for the car alarm timer power controller, listed as the NPN switching transistor for Q1, Q2, and Q3."
p,56,2N2222,project,"Designated Q1, acting as a switch to turn on and off the low-voltage relay coil."
s,58,2N2222,project,"The LM386 square-wave oscillator, listed as a suitable transistor for Q1 alongside 2N3904."
v,36,2N2222,project,"Thermostat circuit, listed as Q3 transistor in the parts list."
v,50,2N2222,project,"The transistor Q1 in the first sound-activated circuit, connected to the 555 timer and relay."
v,51,2N2222,project,"Q1 in the sound-activated relay circuit, inverting the amplified signal before the 555 timer input."
w,36,2N2222,project,"Explorer SCA adapter, listed as Q1, an npn transistor in the signal processing section."
y,39,2N2222,project,"Wireless Audio Mute transmitter, listed as Q1 in the parts list and shown in the schematic."
y,57,2N2222,project,"The miniature LED pulse circuit, labelled Q2 beside Q1 and R2 in the oscillator section."
z,54,2N2222,project,"Linear FM squelch circuit, listed as Q2 and Q3, npn silicon transistors in the signal path."
1c,18,2N2222A,project,"Listed in the parts pile for the charging circuit, paired with 2N2907A transistors."
1c,21,2N2222A,reference,Listed as an npn transistor in the Semiconductors section of the amplifier parts list.
1e,37,2N2222A,project,"Telephone ring detector circuit, listed as Q1 and Q2, npn silicon transistors."
1l,36,2N2222A,project,"General-purpose NPN transistor (Q1, Q2) acting as the driver for the relay coils."
1w,64,2N2222A,project,Transistor Q2 in the LT1072CN8 buck-boost converter circuit.
6,44,2N2222A,project,"Write-protect add-on circuit, listed as Q1, Q2, Q3 general-purpose NPN transistors switching the status LED."
6,47,2N2222A,project,"The write-protect switch circuit for 3.5-inch drives, acting as the driver transistor Q3 for LED2."
h,67,2N2222A,mention,"Temperature sensing circuit, suggested as an alternative transistor to 2N2222 if expanding the circuit with a second 324 IC."
i,9,2N2222A,project,"The 12-volt LED control circuit, labelled beside Q2 in the schematic diagram."
y,38,2N2222A,project,"Q2 in the Wireless Audio Mute transmitter, listed in the parts list and schematic."
z,45,2N2222A,project,"Transistor Q1 in the Computer Say You Saw It circuit, connected to R1 and C1."
1c,19,2N2222AS,project,"Transistors installed in locations Q6, Q7, Q10, Q11, Q14, Q15, Q17, and Q18 on the board."
1e,37,2N2646,project,"Telephone ring detector circuit, listed as Q4, a unijunction transistor."
z,49,2N2646,project,"Strobe light circuit, Q3 unijunction transistor forming the relaxation oscillator."
l,7,2N2904,mention,Named as the transistor pair used in the Radio Shack 277-1001 clock alarm circuit referenced in the answer.
1i,63,2N2905,project,Transistor in the 9-volt to 5-volt converter circuit using both halves of an LT1013.
12,43,2N2907,project,"Transistor Q1 in the Fig. 2 OTA circuit, acting as a switch for the control input."
12,44,2N2907,project,Transistor Q1 in the sample/hold circuit (Fig. 5) acting as a switch.
12,50,2N2907,project,"Transistor in the circuit board assembly, installed specifically in the Q2 and Q7 locations."
12,55,2N2907,project,"Q1 in the adjustable-frequency piezoelectric buzzer element driver, part of the two-transistor oscillator stage."
16,47,2N2907,project,"In the telephone ringer circuit, shown as the transistor driving the relay coil with a 1K base resistor."
16,66,2N2907,project,"Ultraminiature LED Pulse Transmitter, labelled Q1 in the pulse driver schematic."
17,32,2N2907,project,"Jumbo LED Digital Clock, identified as the pnp digit drive transistors Q1 through Q6."
1c,68,2N2907,project,"Oscillating BioMetal wire driver, labelled Q1 as the switching transistor."
1e,37,2N2907,project,"Telephone ring detector circuit, listed as Q5, a pnp silicon transistor."
1l,49,2N2907,project,"Q1 in the 40-kHz infrared transmitter circuit, part of the oscillator stage."
8,56,2N2907,project,"Q2 in the optical coupler circuit, specified as a PNP transistor in the notes."
q,63,2N2907,project,"Labelled Q1 in the LED indicator circuit, connected to C1 and R6 to drive the LED via the 4049 inverter."
y,57,2N2907,project,"The miniature LED pulse circuit, labelled Q1 beside Q2 and R2 in the oscillator section."
11,23,2N2907A,project,"Transistors Q1, Q2, and Q3 in the Digital Measuring System panel meter circuit."
13,40,2N2907A,project,"Digi-tach tachometer, labelled Q1 in the amplifier stage connected to R2 and R6."
14,21,2N2907A,project,"Stereo audio circuit, PNP transistors Q8, Q16, Q5, Q12, Q13, Q9 in the amplifier stages."
1c,18,2N2907A,project,"Listed in the parts pile for the charging circuit, paired with 2N2222A transistors."
1c,20,2N2907A,project,"The audio amplifier's output stage, used for transistors Q8, Q16, Q5, Q12, Q13, and Q9."
1c,19,2N2907AS,project,"Transistors installed in locations Q5, Q8, Q9, Q12, Q13, and Q16 on the board."
y,38,2N2954A,project,"Q1 in the Wireless Audio Mute transmitter, shown in the schematic near C2 and S2."
12,17,2N3053,mention,Suggested as the driver transistor (Q1) in a common hi-fi amplifier Darlington pair.
16,33,2N3053,project,Designated Q1 in the video distribution amplifier circuit.
1a,48,2N3053,project,"Audible Target circuit, listed as Q1, a medium-power npn transistor driving the buzzer."
q,49,2N3053,project,"The transistor Q2 in the LED numeral display circuit, listed in the parts list and schematic."
w,33,2N3053,mention,"Example of a TO-5 transistor in the heat sinking article, cited as operating at moderate power levels in audio drivers."
12,17,2N3055,mention,Suggested as the output power transistor (Q2) in a common hi-fi amplifier Darlington pair.
1j,39,2N3055,project,"Emergency Electronic Ignition circuit, listed as D2, a silicon npn power transistor in the parts list."
1u,29,2N3055,project,"Tide Clock power supply, acting as output transistors Q1 and Q2 driving transformer T1."
j,58,2N3055,project,"Hobby motor speed control circuit, specified as the NPN power transistor driving the motor."
j,59,2N3823,project,"Crystal checker circuit, identified as the FET in the schematic, likely serving as the active element in the Pierce oscillator."
j,24,2N390,project,"The Downcounter project, shown in the schematic diagram alongside 2N3904 and 4081 ICs."
15,47,2N3903,project,"Labelled Q1 in the schematic fragment, positioned near capacitors C11 and C12."
15,48,2N3903,project,"Transistors in the Programmer's circuit, shown near the TMS2532 and INT2732-A pinouts."
1y,42,2N3903,project,"Labelled Q3 in the line-in audio circuit, situated near R15 and IC5."
1z,16,2N3903,project,"Transistor Q4 in the PROM Burner, positioned near switches S14 and S15."
1z,17,2N3903,project,"PROM Burner circuit, labelled Q1 near R23 and IC3D."
21,45,2N3903,project,"Transistor in the Super-Sensitive Tilt Switch circuit, located beside R9 and C6 near the NE556 timer."
10,53,2N3904,project,"Ringer/dialer accessory, listed as Q1, identified as a transistor in the parts list."
10,76,2N3904,project,"Q1 in the class-B output stage, following the op amp's output on the positive half-cycle."
14,29,2N3904,project,"Labelled Q2 in the Modern Electronics 1986-12 project schematic, positioned beside R18 and C6."
15,58,2N3904,project,"Preamp transistor Q1 in the wireless headphone receiver, boosting signal from pickup coil to drive IC1."
17,60,2N3904,project,"The low-power VHF pulse transmitter, labelled Q1 in the driver stage with R8 and R6."
1a,47,2N3904,project,"Transistor in the power-on reset circuit schematic, located beside resistor R4."
1b,25,2N3904,project,"LED numeric display driver, listed as an alternative npn transistor to the 2N2222 for sinking current."
1g,18,2N3904,project,"In the optoisolator speed-up circuit, acts as the input transistor driving the 4N35 LED."
1g,20,2N3904,technique,"Output transistor in the 4N35 speed-up circuit, driving the load to demonstrate improved turn-on and turn-off times."
1g,21,2N3904,technique,Transistor in the driver and output stages of the optoisolator speed-up circuits shown in Figs. 9 and 10.
1g,42,2N3904,reference,"Listed as Q2 in the frequency counter parts list, an npn silicon transistor for the power supply."
1g,43,2N3904,project,NPN transistor Q1 in the main electronics assembly of the frequency counter.
1l,10,2N3904,project,"Digital timer circuit, transistor Q2 controlling triac TR1 through optical coupler IC11."
1l,27,2N3904,project,"Extension Busy Indicator circuit, listed as Q1, an npn silicon transistor."
1l,41,2N3904,project,"CB Keyer circuit, labelled Q1 near LED1 and resistor R7."
1o,38,2N3904,project,"Remote-control transmitter, Q1 npn transistor in the output stage driving LED1."
1o,42,2N3904,project,"IR Remote-Control System receiver/decoder, specified as the npn transistor for Q1 in the emitter-follower output stages."
1q,21,2N3904,project,"Optional automatic lighting controller, used as Q3 and Q4 near R8 and R9."
1u,4,2N3904,advert,"In the T.M. B.I.R.D. infrared detector ad, labelled as Q4 in the schematic diagram."
1u,36,2N3904,reference,Listed as Q1 through Q6 in the parts list for the hex display driver project.
1u,41,2N3904,project,"Hex display driver project, the transistor installed in the circuit shown in Fig. 6 for segment driving."
1w,22,2N3904,project,"Security System answer module, labelled Q2 in the relay driver circuit."
1w,31,2N3904,project,"Motion sensor circuit, labelled Q1 near resistors R7 and R6."
1x,25,2N3904,project,"Listed as Q1, a general-purpose silicon npn transistor in the ring detector circuit."
20,35,2N3904,project,"Transistor Q3 in the high-volume audio output section, shown with R23 and R24 in the schematic."
a,22,2N3904,project,"The PIC16C54 LCD controller circuit, listed as Q1 and Q2, driving LEDs via resistors R1 and R2."
e,18,2N3904,project,"In the ComputerCraft schematic, appearing near R5 and S13, and again near S3 and R10 on Sheet 1."
g,33,2N3904,project,"Transistor Q4 in the PROM personality wiring diagram, connected to R17 and Q3."
h,8,2N3904,project,"Computer relay interface circuit, acting as the switching transistor driving the relay coil."
h,67,2N3904,project,"Temperature sensing circuit, shown as the transistor option for the output stage, noted as having marginal current handling."
h,68,2N3904,project,"Flood alarm circuit, listed as the NPN transistor that can be replaced by any similar type."
h,72,2N3904,project,"Morse code keyer circuit, listed in parts list and shown in schematic as NPN transistors in the oscillator and keyer stages."
j,16,2N3904,project,"TTL logic controlled alarm circuit, acting as the amplifier driving the relay coil."
j,24,2N3904,project,"The Downcounter project, shown in the schematic diagram alongside 2N390 and 4081 ICs."
j,25,2N3904,project,"Downcounter project, used as transistors Q1 and Q4 in the logic and output stages."
j,26,2N3904,project,"External circuitry for the Radio Shack 273-1384 audio amplifier board, shown in the perfboard connection diagram."
j,58,2N3904,project,"110-volt detector circuit, used as the two NPN transistors in the leakage detection stage."
j,59,2N3904,project,"Crystal checker circuit, used as the NPN transistor in the oscillator and driver stages, appearing multiple times in the schematic."
l,36,2N3904,project,"Transistors Q1 and Q2 in the lottery circuit, where Q2 drives the alarm buzzer."
l,37,2N3904,project,"Specified transistor for the Electronic lottery circuit, noted as replaceable by most small signal NPN transistors."
l,56,2N3904,project,"Universal timer/alarm circuit, used as Q1 in the optional single-transistor inverter stage."
m,9,2N3904,project,"The laser circuit power supply, acting as the switching transistor in the 7-times repeated output stage."
n,65,2N3904,project,"Fuel miser burner controller, listed as Q1 and Q2 in the LED and relay drive stages."
s,58,2N3904,project,"The LM386 square-wave oscillator, listed as a suitable transistor for Q1 alongside 2N2222."
t,46,2N3904,project,"Q1 in the Teleguard sensing module, connected to R3 and C2."
t,48,2N3904,project,Q1 in the Fig. 5 temperature-fall sensing circuit for the Teleguard security system.
t,49,2N3904,project,"Q1 in the Teleguard fluid-detecting module, forward-biased by IC1 pin 12 to short terminal A when fluid bridges probes."
u,53,2N3904,mention,"Listed as a suggested type for Q1, the general-purpose npn silicon transistor, in the alarm system parts list."
v,36,2N3904,project,"Thermostat circuit, listed as Q1 and Q2 transistors in the parts list."
t,61,2N3905,project,Transistor in the simple black-and-white-only video combiner circuit.
10,49,2N3906,project,"The discrete-component high-frequency op amp, used as Q3 in the output stage."
10,76,2N3906,project,"Q2 in the class-B output stage, following the power supply on the negative half-cycle."
1g,26,2N3906,project,"Transistors Q3 and Q4 in the electrometer's metering circuit, shown in Fig. 3."
1g,42,2N3906,reference,"Listed as Q3 in the frequency counter parts list, a pnp silicon transistor for the power supply."
1g,43,2N3906,project,PNP transistor Q3 in the main electronics assembly of the frequency counter.
1o,38,2N3906,project,"Remote-control transmitter, Q2 npn transistor in the output stage driving LED1."
1q,19,2N3906,project,"The driveway motion sensor project, shown in the power-supply/sound-generation section of the schematic."
1u,25,2N3906,project,"Driver transistors Q1, Q2, and Q3 in the metering/display circuitry, enabling the LED numeric displays."
1u,57,2N3906,project,"Q1 in the Fig. 4 RF transmitter circuit, positioned near R8 and R6."
1v,53,2N3906,project,"Transistors Q1 and Q2 in the Motor Protector's logic circuitry, powered by the regulated 12V supply."
1y,46,2N3906,project,"In the Infinite Snooze Alarm circuit, Q1 is a transistor connected to the +9V supply and R4/R5."
22,38,2N3906,project,"In the signal processing circuit, appearing as transistors Q1 and Q2 in the input stage."
g,33,2N3906,project,"Transistor Q3 in the PROM personality wiring diagram, connected to R16 and Q4."
h,57,2N3906,project,"Do-nothing box audio oscillator, Figure 3, acting as a PNP driver for the small speaker."
i,8,2N3906,project,"Transistor in the dog moisture sensing alarm circuit, part of the detection and horn drive stage."
j,16,2N3906,project,"TTL logic controlled alarm circuit, shown in the schematic near the time setting resistor."
j,25,2N3906,project,"Downcounter project, used in the pause circuitry near the speaker and 330KΩ resistor."
j,26,2N3906,project,"External circuitry for the Radio Shack 273-1384 audio amplifier board, shown in the perfboard connection diagram."
j,59,2N3906,project,"Crystal checker circuit, identified as the PNP transistor in the schematic, likely part of the biasing or switching network."
j,60,2N3906,project,"Headset amplifier circuit, identified as the PNP transistor in the schematic."
l,6,2N3906,project,"Voice actuated relay circuit, used as a PNP transistor to drive the reed relay."
w,36,2N3906,project,"Explorer SCA adapter, listed as Q2, a pnp transistor in the audio output stage."
z,54,2N3906,project,"Linear FM squelch circuit, listed as Q1, a pnp silicon transistor in the input stage."
1w,31,2N3908,project,"Motion sensor circuit, labelled Q2 near resistors R8 and R6."
m,8,2N390G,project,"Cassette recorder tone alarm circuit, transistor driving the relay from the 4011 output."
1a,68,2N4036,project,"The 1,700-meter transmitter's oscillator stage, labelled Q2 alongside R2 and R6."
1a,69,2N4036,project,"The 1,700-meter CW transmitter; listed as an alternative to the VN66AF for Q2, the final stage transistor."
16,33,2N4037,project,Designated Q2 in the video distribution amplifier circuit.
7,53,2N4401,project,"Lab-Grade Function Generator, listed as transistors Q1, Q2, and Q4 in the output stage."
n,78,2N4401,project,"Transistor in the EDU-LINK transmitter circuit, driving the LED output stage."
12,34,2N4403,project,"Two-Band Stereo LED Power Meter, used as transistors Q1 through Q4 driving the LED indicators."
1j,47,2N4403,project,"Visual Regulator Monitor circuit, listed as Q1, a general-purpose silicon pnp transistor."
1j,48,2N4403,project,"Q1 in the Visual Regulator Monitor, a PNP transistor driving LED2 to indicate overcurrent."
1w,43,2N4403,project,"Infrared-Detector Event Counter, labelled Q2 near R4 and R3 in the MOD2 counting module section."
7,54,2N4403,project,"Lab-Grade Function Generator, transistor Q5 providing correct biasing for the output circuit."
s,47,2N4870,project,"Listed as Q4, a unijunction transistor, in the telephone line interface circuit parts list."
1w,39,2N4904,project,"The Variable-Load Box/Power-Transistor Tester, listed as Q2, a PNP transistor in the bias circuit."
1s,30,2N5061,project,"Telephone line interface circuit, labelled as SCR1 in the line sense relay section."
11,46,2N5089,project,"Solar Cell Converter project, used as Q1 and Q2 in the oscillator stage."
11,43,2N5179,project,"Transistor Q1 in the Hartley oscillator stage, listed as an alternative to MPS5179."
11,44,2N5179,project,FM Transmitter circuit; the power transistor whose case lead is clipped to reduce body capacitance.
15,61,2N5179,project,NPN high-frequency transistor Q1 in the wireless bell receiver circuit.
15,62,2N5179,project,"Wireless bell receiver RF stage, Q1 designed for vhf oscillator and amplifier applications."
w,33,2N5249,mention,"Example of a power transistor in the heat sinking article, cited as using a plastic power package."
z,49,2N5269,project,"Strobe light circuit, Q1 and Q2 transistors shown in the schematic diagram."
10,75,2N5296,mention,Corrected part number for Q1 and Q2 in the Day/Night Safety Beacon circuit from April 1986.
17,52,2N5401,project,"Busybody automatic telephone dialer, listed as Q2, a 140-volt pnp silicon transistor."
s,47,2N5401,project,"Listed as Q1, a pnp silicon transistor, in the telephone line interface circuit parts list."
1i,63,2N5434,project,JFET in the 9-volt to 5-volt converter circuit using both halves of an LT1013.
17,52,2N5550,project,"Busybody automatic telephone dialer, listed as Q1, a 140-volt npn silicon transistor."
s,46,2N5550,project,"Transistor Q2 in the telephone line interface circuit, connected to resistors R11 and R13."
s,47,2N5550,project,"Listed as Q2, an npn silicon transistor, in the telephone line interface circuit parts list."
13,25,2N5610,project,"Ni-Cd battery charger and recycle control circuit, labelled SCR1 in the zapper circuit section near S4A."
1w,39,2N5632,project,"The Variable-Load Box/Power-Transistor Tester, listed as Q1, an NPN transistor in the bias circuit."
12,59,2N6154,project,"The TRIAC in the Fig. 2 circuit, switching the 110 VAC load via the MOC 3010 phototriac."
1e,37,2N6659,project,"Telephone ring detector circuit, listed as Q3, an n-channel enhancement-mode field-effect transistor."
1f,21,2N6659,project,"Schematic diagram, labelled Q2 beside R17 and C9, indicating a transistor in the circuit."
1f,24,2N6659,project,"Telephone answering machine, labelled Q2 as the N-channel FET in the timer circuit."
1d,37,2N6660,project,"Telephone answering circuit, listed as Q1, an n-channel field-effect transistor acting as a switch."
1f,22,2N6695,reference,"Listed in the parts list as a substitute for Q2, the n-channel enhancement-mode field-effect transistor."
11,63,2N7000,mention,Hardware Hacker article on custom ICs; named as a free Siliconix switching FET sample for hackers.
11,64,2N7004,mention,"Siliconix sample FETDIP in the Hardware Hacker article, described for line drivers and high-power switches."
11,64,2N7006,mention,"Higher voltage version of the 2N7004 in the Hardware Hacker article, rated to 350 volts."
12,39,2N918,project,"The active device in the receiver circuit, identified as Q1, an npn transistor."
y,38,2N918,project,"Q3 in the Wireless Audio Mute transmitter, listed in the parts list and schematic."
1k,46,2SB544,project,"Programmable Light Controller, used as transistors Q1 through Q5 for the light output stages."
1f,37,2SB595,reference,"Listed as an alternative to 2SB633 for Q1, a 100-volt, 5-ampere NPN power transistor."
1f,37,2SC1000,reference,"Listed as an alternative to 2SC945 and 2SC1364 for Q2 through Q22, 50-volt NPN power transistors."
1f,37,2SC1364,reference,"Listed as an alternative to 2SC945 and 2SC1000 for Q2 through Q22, 50-volt NPN power transistors."
1m,52,2SC1384,project,"A/C Sentry thermostat circuit, transistor near LED1 and R8."
1j,43,2SC945,mention,Listed as an alternative NPN transistor for Q1 and Q2 in the telephone line polarity detector.
1m,52,2SC945,project,"A/C Sentry thermostat circuit, four transistors in the signal processing stage near R11 and R10."
j,98,2X2,none,"FCC callsign format for advanced-class licensees, not a component."
m,75,2X2,none,"OCR artifact from the text 'doublecheck', not a component reference."
d,60,3000H,none,Memory address in Listing 1 where the assembly program loads in RAM.
d,61,3000H,none,Memory address in the ORG directive for loading the assembly routine into the 8052.
d,62,3000H,none,Memory address in the assembly code example for the BITTOG program.
16,1,3000HL,none,Tandy 3000HL computer named in the 'First Impressions' article teaser on the cover.
1d,61,3000TO,none,"Line number range in the BASIC code, not a component reference."
17,68,35Z5,none,Named in the article text as an example of a vacuum tube used to explain electron current flow.
20,15,3N128,project,"Transistor in the schematic, connected to C7, C6, and R9 near the 3.579545 MHz crystal."
11,59,4011A,project,"Power MOSFET light flasher circuit, used as the timer logic driving the MOSFET gate."
d,64,4013H,none,"Memory address in the assembly listing, labelled as the vector for external interrupt 1."
i,56,4069B,project,"The Thumb-Thing trigger circuit, listed as an alternative to the 4069 in the parts list."
19,44,4N25,project,"The Telephone-Activated Lamp Timer, labelled IC2 as the optocoupler isolating the phone line."
1s,30,4N33,project,"Telephone line interface circuit, labelled as IC1 in the line sense relay section."
1g,16,4N35,technique,"The subject device in the article on improving optoisolator speed, shown in Fig. 1 and discussed for its isolation capabilities."
1g,17,4N35,technique,"The subject device in the article on speeding up low-cost optoisolators, used to demonstrate performance and junction capacitance."
1g,18,4N35,project,"In the optoisolator speed-up circuit, serves as the isolation device whose phototransistor output is measured."
1g,20,4N35,technique,"Optoisolator under test in the switching speed improvement circuit, modified with a 50k-ohm base-emitter resistor."
1g,21,4N35,technique,Optoisolator being modified in the circuits of Figs. 9 and 10 to restore short turn-on time.
1g,76,4N35,mention,"Optical Isolators article, named as a low-cost optoisolator alternative to the high-speed type for 3.1-MHz applications."
t,81,5J29,advert,Listed in the Classic Tube Lamp Collection order form as a $33.00 lamp option.
i,28,5Z4J,none,"Appears in the article text as a garbled OCR fragment, not a component reference."
9,41,6802,none,"Listed in an advertisement for Motorola compilers, simulators, and emulators, not a component in the schematic."
21,64,7016,none,"Part of the P.O. Box address for the manufacturer in Mountain View, CA."
2,62,7404,project,Used in Fig. 10 as the inverter for both the TTL and CMOS switch debouncer circuits.
o,56,7448,project,"The decoder in the counter circuit, labelled 7448=DECODER, driving the LED display."
o,56,7490,project,"The counter in the digital circuit, labelled 7490=COUNTER, feeding the 7448 decoder."
1b,28,74C14,project,"Input conditioning circuit for the frequency counter, shown in the schematic diagram."
1w,32,74C14,mention,Motion sensor circuit; suggested as a substitute for the CD40106 Schmitt trigger to improve symmetry.
q,67,74C14,mention,"Hardware Hacker column, listed as a CMOS Schmitt trigger usable over +3 to +15 volts for the oscillator."
w,40,74C14,mention,"Touchmaster lamp module, offered as a substitute for the CD4584B to form two Schmitt Trigger buffers."
q,66,74C14N,mention,Listed as a CMOS Schmitt inverter option for the square-wave generator circuit.
5,16,74H00,none,"Appears in the Magicland parts list as a price item, likely a typo for 74HC00."
1o,17,74HC00,project,"Logic gate in the Fig. 1(C) schematic, appearing near C17A and C14D."
3,26,74HC00,project,"Cyber Switch printer interface, U9, used to perform actual printer selection via manual switch and software circuitry."
5,16,74HC00,project,"Listed as U5 in the 68HC11 breadboard circuit, a logic gate chip."
e,29,74HC00,project,"The remote control encoder circuit, labelled U5A with R9 and C7."
3,27,74HC04,project,"Cyber Switch printer interface, hex inverter U4 inverting data lines D3 and D4 to detect form-feed code."
9,18,74HC04,project,"Embedded controller system, required for IC9 to function correctly as the A/D converter's ceramic resonator clock oscillator."
9,38,74HC04,project,Frequency Synthesizer; U2 hex inverter buffers oscillator output and drives 50-ohm load at J1.
a,51,74HC04,project,"Opto-Iso Input Card, U5 of the 1-MHz system clock oscillator."
z,68,74HC04,project,Used as an inverter in both the 4800-baud UART transmitter and receiver circuits.
19,50,74HC132,technique,"Schmitt-Trigger Oscillator article, named as the quad NAND gate form of the logic block."
q,66,74HC132,project,Used as a quad NAND gate in the divide-by-seven module and square-wave generator.
q,67,74HC132,mention,"Hardware Hacker column, recommended as a Schmitt trigger for the oscillator only over +2 to +6 volt supply range."
5,42,74HC138,project,"Cyber Alert alarm system, U5 decoder for external control signals from U3 to U7."
22,26,74HC139,project,"Part of the schematic on this page, labelled U78 alongside U7A."
19,50,74HC14,project,"Schmitt-Trigger Oscillator parts list, listed as IC1, the hex Schmitt-trigger inverter."
7,52,74HC14,mention,"Lab-Grade Function Generator parts list, listed as an alternative to 74HC04 for IC3 hex inverter."
b,43,74HC14,project,"MAG-11DIAG binary thermometer, used as a Schmitt-trigger hex inverter in the multivibrator circuit."
q,66,74HC14,project,Used as a Schmitt inverter in the divide-by-seven module and square-wave generator.
q,67,74HC14,mention,"Hardware Hacker column, recommended as a Schmitt trigger for the oscillator only over +2 to +6 volt supply range."
f,55,74HC157,project,"The quad 2-input multiplexer in the stand-alone transmitter, selecting between low and high nibbles via the SELECT input."
1o,22,74HC237,project,"WISARD display module schematic, labelled IC109 near the 5010H display interface."
5,31,74HC240,technique,"Power-saving tips article, cited as an example of a buffer with three-state outputs that switch to high-impedance to save power."
9,13,74HC240,project,"Embedded controller system, listed in Fig. 1 block diagram as part of the voltage regulator section."
7,42,74HC245,project,"MAG-11 Logic Monitor circuit, used as octal tri-state bus transceivers U19 and U20."
7,43,74HC245,project,MAG-11 Logic Monitor circuit; U19 and U20 buffer LEDs and connect to resistors RN8 and RN9.
6,58,74HC259,project,"U12 in the DIP-switch S1 and LED display system, shown beside C22 in Fig. 5."
g,40,74HC32,project,"RS-232 infrared link circuit, shown as a logic gate driving the IRED transmitter and receiving from the GP1U52X."
g,42,74HC32,project,"RS-232 infrared data link, pin 3 of the OR gate goes high to hold MAX232 pin 11 high during transmission."
5,16,74HC373,project,"Listed as U3 in the 68HC11 breadboard circuit, providing buffering for address lines A0 through A7."
5,42,74HC373,project,"Cyber Alert alarm system, U2 and U6 octal latches for ASCII and allophone data transfer."
6,58,74HC373,project,"U11 in the DIP-switch S1 and LED display system, shown beside C22 in Fig. 5."
9,13,74HC373,project,"Embedded controller system, shown in Fig. 1 block diagram as the address latch for the 8031 CPU."
a,48,74HC373,project,"Digital Output Card, acting as latch U1 to buffer data from the Data Bus to output pins."
b,24,74HC373,project,"Listed as U2 in the BASIC-52 copying circuit, latching the low address byte on the multiplexed bus."
z,67,74HC373,technique,Suggested as an address latch to add to a final circuit when using Motorola-style pin multiplexing on data/low address lines.
9,38,74HC390,project,Frequency Synthesizer; U3A dual decade counter generates the last two frequency ranges.
0,24,74HC4040,project,"Talking Logic Probe parts list, listed as U2 alternative to CD4040 counter for detecting input transitions."
3,27,74HC4040,project,"Cyber Switch printer interface, binary counter U1 whose reset is driven by the FET output via U4."
1h,55,74HC4052,project,"The multiplexer in Fig. 5, used to give the LTC1062 multiple cutoff frequencies."
c,32,74HC4066,project,"In the 68HC11 microcontroller interface circuit, shown alongside the 8031 latch diagram."
g,40,74HC4538,project,"RS-232 infrared link circuit, configured as a retriggerable one-shot to generate pulses for the IR receiver."
0,23,74HC74,project,"The Talking Logic Probe schematic, shown as U3 with resistors R14 and R17."
0,24,74HC74,project,"Talking Logic Probe parts list, listed as U3 flip-flop receiving pulses to reset the speech latch circuit."
0,74,74HC74,project,"The flip-flop (U3) in the Talking Logic Probe, used for timing or state control."
3,27,74HC74,project,"Cyber Switch printer interface, dual flip-flop U2 configured for divide-by-2 to toggle printer selection."
a,51,74HC74,project,"Opto-Iso Input Card, U6 divide-by-2 flip-flop providing the system clock."
9,38,74HC75,project,Frequency Synthesizer; U7 latch controls the PLL frequency range and MUX output.
a,48,74HC85,project,"Digital Output Card, acting as four-bit magnitude comparator U2 to match card ID select lines."
a,49,74HC85,project,"The four-bit magnitude comparator U2 in the Digital Input Card, generating a high output at pin 6 for card ID selection."
b,43,74HCT04,project,"MAG-11DIAG binary thermometer, suggested as U14 to allow calibration with a 4-MHz crystal."
b,24,74HCT138,project,"Listed as U5 in the BASIC-52 copying circuit, acting as a 3-to-8-line decoder for memory chip-enable signals."
b,24,74HCT373,project,"Listed as an alternative for U2 in the BASIC-52 copying circuit, latching the low address byte."
13,56,74LS00,mention,Suggested as a low-power substitute for the 7400 quad NAND gate package.
1o,17,74LS00,project,"Logic gate in the Fig. 1(C) schematic, appearing near C17B, IC16, and IC10."
1o,32,74LS00,project,"NAND gates U1A, U1B, U1C, and U1D in the microprocessor interface logic section."
1u,41,74LS00,project,"Hex display driver project, installed in the IC3 socket during assembly to verify operation."
21,17,74LS00,mention,Named in the text as an example of a part whose outline is identical to the 74LS02 in the PCB library.
6,9,74LS00,mention,Named in a reader's letter as a chip whose pin labels would clarify a typo in the BCD Word Generator circuit description.
e,36,74LS00,project,"The ComputerCraft Z8671 circuit, labelled U2 near the 62256 SRAM and address lines."
y,33,74LS00,project,"64K Printer Buffer schematic, labelled near C22, R2, and C24 in the logic section."
20,16,74LS02,technique,"Schematic capture article, cited as an example of ANSI vs DeMorgan logic input behavior."
21,17,74LS02,mention,Named in the text as an example of a part whose outline is identical to the 74LS00 in the PCB library.
0,52,74LS04,project,"Parallel Printer Port I/O Interface, listed as IC3, a hex inverter chip in the circuit."
a,51,74LS04,mention,"Opto-Iso Input Card, listed as an alternative to 74HC04 for the oscillator."
e,36,74LS04,project,"The ComputerCraft Z8671 circuit, labelled U4 near the address and data bus connections."
0,51,74LS05,technique,"Computer printer port interface, used as an open-collector inverter for the control output port bit line D0."
21,17,74LS08,none,"Appears as a label in the OCR-scrambled schematic diagram of the OrCAD/PCB-II interface, not as a component in a circuit."
b,24,74LS08,project,"Listed as an alternative for U3 in the BASIC-52 copying circuit, serving as a quad AND gate."
d,19,74LS08,project,"In the CPU section of the interface schematic, labelled near U8A and U4."
1,58,74LS123,reference,Listed as U17 dual monostable multivibrator in the parts list; text describes it as generating timer pulses.
1p,30,74LS123,project,"IC1 in the Beep Tone Converter, connected to C1 and Q1 in the signal path."
1,57,74LS138,project,"Chip U2 in the printer-port interface, decoding address lines to generate eight control strobes for registers."
1n,20,74LS138,project,"IC3 in the Microsys circuit, acting as a 3-to-8-line decoder to generate chip select signals."
1o,32,74LS138,project,"Decoder U5 in the address decoding section, connected to address lines A0-A2 and control signals."
1p,54,74LS138,project,"WISARD weather station, IC302, a 3-of-8 decoder providing address decoding for IC301 and IC303."
1u,36,74LS138,reference,"Listed as IC5 in the parts list, described in text as the 1-of-8 decoder/multiplexer."
1u,41,74LS138,project,"Hex display driver project, plugged into the IC5 socket to drive the LED numeric displays."
1y,37,74LS138,project,"The 3-line to 8-line decoder in the Micro-Sys SBC I/O add-on, identified as IC3."
22,20,74LS138,project,"Call Restrictor circuit, labelled IC4, decoding address lines to select IC5 and IC7."
b,24,74LS138,project,"Listed as an alternative for U5 in the BASIC-52 copying circuit, acting as a 3-to-8-line decoder."
e,36,74LS138,project,"The ComputerCraft Z8671 circuit, labelled U5C near the DIP switch and address lines."
17,24,74LS139,project,"Printer Buffer interface, IC1, dual 1-of-4 decoder for memory and I/O space decoding."
1g,42,74LS14N,reference,"Listed as IC1 in the frequency counter parts list, a Schmitt-trigger hex inverter."
21,26,74LS160A,project,"WWV/WWVH time signal receiver, the final decade counters in the 4-MHz to 100-Hz divider chain."
1,58,74LS165,reference,Listed as U7 eight-bit parallel-in serial-out shift register in the parts list; text describes it as the data shift register.
1,60,74LS175,project,ZIF socket EPROM programmer; U10 is a 74LS175 quad D-type flip-flop expanding the 4-bit data bus to eight bits.
17,24,74LS175,project,"Printer Buffer interface, IC2, quad D flip-flop latching the hexadecimal display."
b,20,74LS240,mention,Suggested as a buffer to exceed parallel port load limitations when driving high-current loads.
0,51,74LS244,technique,"Computer printer port interface, used as a line receiver for the status input port bit line D3."
0,52,74LS244,project,"Parallel Printer Port I/O Interface, listed as IC1 and IC2, eight-bit line drivers for the LED outputs."
b,20,74LS244,mention,Suggested as a buffer to exceed parallel port load limitations when driving high-current loads.
18,45,74LS245,project,Labelled on the schematic of the 64K Memory Upgrade add-on for the Apple IIe 80 Column Text Card.
1o,32,74LS245,project,Bus transceivers U3 and U4 handling address and data bus signals A0-A8 and D0-D7.
r,41,74LS245,project,"Commodore 64 user port interface, IC3 and IC4, providing bidirectional bus buffering for data lines."
r,42,74LS245,project,"Commodore 64 user port interface, tri-state buffer ICs requiring independent 5V supply, listed in pinout table."
20,16,74LS27,technique,"Schematic capture article, cited as an example of generic component identifier naming."
1y,37,74LS273,project,"Octal latches in the I/O add-on circuit, tied to the system RESET line to ensure low state on power-up."
21,17,74LS32,none,"Appears as a label in the OCR-scrambled schematic diagram of the OrCAD/PCB-II interface, not as a component in a circuit."
1b,35,74LS373,project,"IC11 in the parallel feed circuit, acting as a latch for data lines D0-D7."
1n,20,74LS373,project,"IC4 in the Microsys circuit, an octal D-type latch used to latch address lines A0 through A7."
1o,22,74LS373,project,"WISARD display module schematic, labelled IC108 and IC107 as latches for the 5010H displays."
1y,37,74LS373,project,"Octal buffers in the I/O add-on, protecting the 6821 PIA from external damage and latching input data."
21,38,74LS373,project,"Address latch IC2 in the compass sensor interface, connected to the 8052AH microcontroller and reset line."
22,20,74LS373,project,"Call Restrictor circuit, labelled IC2, buffering address lines A0 through A7 from the 8031."
b,24,74LS373,project,"Listed as an alternative for U2 in the BASIC-52 copying circuit, latching the low address byte."
e,36,74LS373,project,"The ComputerCraft Z8671 circuit, appearing as U3 and U4 near the SRAM and bus lines."
0,51,74LS374,technique,"Computer printer port interface, used as an eight-bit data latch and buffer for the data output port bit line D0."
1,58,74LS374,reference,"Listed as U3, U4, U6, U11, U12 tri-state octal D flip-flops in the parts list; text identifies U3 and U4 as the address pipeline."
1,60,74LS374,project,ZIF socket EPROM programmer; U12 is a 74LS374 register in the Vcc control circuitry.
18,40,74LS374,project,"Apple IIe 80-Column Card memory expansion, replaced by a 16-pin jumper plug to enable 64K RAM upgrade."
18,45,74LS374,project,Labelled on the schematic of the 64K Memory Upgrade add-on for the Apple IIe 80 Column Text Card.
18,46,74LS374,project,The 64K Memory Upgrade add-on; the 16-pin header plugs into the 74LS374(I) socket on the 80 Column Text Card.
18,48,74LS374,project,"The 64K Memory Upgrade for the Apple IIe, listed as an IC to remove from the 80 Column Text Card during installation."
1b,35,74LS374,project,"IC12 in the parallel feed circuit, acting as a latch for data lines D0-D7."
1u,35,74LS390,project,"The counter IC4 in the digital display driver circuit, described as a dual decade ripple counter."
1u,41,74LS390,project,"Hex display driver project, installed in the IC4 socket as part of the BCD input flip-flops."
21,26,74LS390,project,"WWV/WWVH time signal receiver, IC2 in the binary and decade divider chain reducing 4 MHz to 100 Hz."
1o,20,74LS541,reference,"WISARD weather station CPU board parts list, listed with a price of $1.45."
1o,22,74LS541,project,"WISARD display module schematic, labelled IC110 driving the D4, D5, and D6 display segments."
1p,51,74LS541,project,"WISARD temperature measurement circuit, labelled IC208 in the address bus decoding section."
1r,36,74LS541,reference,Listed in the WISARD temperature forecasting project parts list with a price of $1.45.
3,26,74LS645,project,"Cyber Switch printer interface, U5 and U7, bus transceivers that route data lines for Printer A and Printer B."
18,40,74LS75,project,"Apple IIe 80-Column Card memory expansion, replaced by a 16-pin jumper plug to enable 64K RAM upgrade."
18,46,74LS75,project,The 64K Memory Upgrade add-on; the header requires insulated wire for bridging conductors to avoid interference.
18,48,74LS75,project,"The 64K Memory Upgrade for the Apple IIe, listed as an IC to remove from the 80 Column Text Card during installation."
6,9,74LS75,mention,Named in a reader's letter as a chip whose pin labels would clarify a typo in the BCD Word Generator circuit description.
21,38,74S138,project,"Decoder IC4 in the compass sensor interface, receiving address lines from the microcontroller and driving the 6264-15 memory."
y,44,74S15,mention,"Example of a typical TTL number in the Digital IC Pre-Test Phase section, illustrating naming conventions."
8,35,74S240,technique,"Master Control Card troubleshooting, described as buffer ICs that are inverters for checking inputs with a grounded clip lead."
8,35,74S38,technique,"Master Control Card troubleshooting, identified as U7 where pins 9 and 10 are grounded to force high output pin 8."
l,39,7800,project,Positive voltage regulator series in the general-purpose power supply schematic.
0,52,7805,project,"Parallel Printer Port I/O Interface, listed as IC4, a 5-volt fixed regulator in the power supply."
11,25,7805,project,"DMS power supply, labelled U1 as the +5V voltage regulator."
13,24,7805,project,"The Ni-Cd battery charger circuit, labelled IC2 providing 5.1V output."
13,26,7805,project,"The constant-current charger circuit, listed as IC2, a +5-volt regulator that sets the charge current via R1."
15,48,7805,project,"IC17, the +5V regulator in the Programmer's three-voltage power supply."
17,42,7805,project,"Laser power supply project, listed as IC2, the +5-volt regulator in the parts list."
1a,68,7805,project,"The 1,700-meter transmitter's dc power supply regulator, labelled IC2 with C7 and C8."
1c,39,7805,project,The 5-volt regulator (IC1) in the transistor/diode/SCR tester power supply.
1c,47,7805,project,"Phone Miser telephone instrument, labelled in the power section near S1 and D3."
1d,28,7805,project,"Digi-Ohm Add-On Module, listed as U2, an optional fixed +5-volt regulator."
1f,38,7805,project,"Digital multimeter circuit, labelled IC3 as the +5V voltage regulator beside C11 and C14."
1f,41,7805,project,"The 7805 regulator (IC3) in the main circuit board, being mounted to the heat-sink assembly."
1h,23,7805,project,"The +5V regulator (IC3) in the component tester, supplying the red test probe via R3."
1h,35,7805,project,"Listed as the 5-volt regulator for the DigiVolt-DC subassembly, included with a 0.1-F disc capacitor."
1h,38,7805,project,"DigiVolt-DC DVM module, listed as an optional regulator for the pc board power supply."
1i,34,7805,project,"The Automotive Back-Up Alarm, acting as regulator IC3 to supply power to the circuit."
1k,37,7805,project,"IC3 in the dual-polarity regulated dc power supply, providing the +5V rail."
1k,39,7805,project,"Bicycle Safety Flasher, IC6, the 5-volt regulator converting the 9-volt battery supply to TTL-compatible voltage."
1k,40,7805,project,"Bicycle Safety Flasher circuit, the +5V regulator supplying power to the logic chips."
1k,43,7805,project,"The voltage regulator IC6 in the main board assembly, installed with its metal tab facing away."
1l,8,7805,reference,"Listed as IC10 in the digital timer parts list, specified as a fixed +5-volt regulator."
1n,45,7805,project,"Frequency counter project, providing 5 volts dc to the circuits when powered from the ac line via adapter."
1n,76,7805,project,"Visible on the circuit-board assembly of the 10 Hz to 2.2 GHz instrument, shown in the top and bottom photos."
1n,77,7805,project,"The 7805 voltage regulator in the 10 Hz to 2.2 GHz instrument, located at the lower-right of the board."
1q,29,7805,project,"Video signal gating circuit, shown as voltage regulators in the power supply section."
1u,24,7805,project,Voltage regulator IC3 providing +5V supply in the power section of the audio circuit.
1u,40,7805,project,"The 5-volt regulator in the suggested dc power supply schematic, shown with filter capacitors C3 and C4."
1y,24,7805,project,"The 5V regulator in the Non-Composite Video Adapter power supply, connected to C7 and C8."
1z,31,7805,project,"Regulator IC4 in the receiver's power supply, stabilizing the smoothed DC to a fixed +5V."
22,23,7805,project,"Call Restrictor power supply, listed as IC8, a fixed +5-volt regulator following the rectifier."
4,34,7805,project,Voltage regulator IC2 in the simple ac-operated dc power supply schematic for the RGB to gray conversion project.
7,55,7805,project,"Lab-Grade Function Generator power supply, labelled IC5 providing the +5V output."
9,13,7805,project,"Embedded controller system, identified in Fig. 1 block diagram as the +5V voltage regulator."
9,14,7805,project,"The voltage regulator in the embedded controller system, providing +5V output near VR1, C8, and C9."
9,41,7805,project,"Voltage regulator in the serial data port circuit, providing 5V power alongside capacitors C1 and C2."
a,48,7805,project,"Digital Input Card, providing the +5V power supply for the circuit."
a,51,7805,project,"Digital Input Card, regulator in the power supply section."
d,49,7805,project,"U2 in the General Instruments option schematic, providing +5V power to the microcontroller circuit."
d,50,7805,project,"The Zernex option circuit, listed as U3, the fixed +5-volt regulator powering the digital ICs."
i,72,7805,project,"The 5-volt regulator option for the universal power supply, shown in the parts list and circuit diagram."
i,73,7805,reference,"Universal regulated power supply project parts list, listed as the 5V regulator with Radio Shack number 272-1406."
l,6,7805,project,"Regulated supply circuit, used as the fixed voltage regulator core to produce 5V output."
r,59,7805,project,"The 5-volt regulator in the EPROM tester power supply, converting 9V battery input to stable 5V for the ICs."
t,54,7805,project,"In the hot-wire anemometer circuit, supplies constant voltage to the incandescent lamp and resistor R1."
t,55,7805,project,"The voltage regulator in the anemometer circuit, supplying power to the L1 filament and R1 voltage divider."
x,31,7805,project,"VR1 in the Automatic Phone Disconnector, listed as the 5-volt regulator."
x,82,7805,project,"The Automatic Phone Disconnector, used as the voltage regulator providing a 5-volt source inside the case."
y,34,7805,project,"The 64K Printer Buffer power supply, labelled IC26 in the schematic."
y,39,7805,project,"Wireless Audio Mute transmitter, listed as IC3 voltage regulator in the parts list and schematic."
20,23,7805CT,reference,"Listed as IC1, the fixed +5-volt regulator, in the gas detector parts list."
1o,7,7805K,mention,"Clarification for the 'Microprocessor Control With BASIC' article, identified as IC11 in Fig. 3."
1r,27,7805K,project,"The Talking Telephone power supply, listed as IC5, a fixed +5-volt regulator in a TO-3 case."
1b,36,7805T,project,"The speech synthesizer power supply, labelled IC1, providing +5V output to the circuit."
11,35,7806,project,"Video/audio amplifier circuit, IC2 is the +6-volt regulator in the power supply section."
13,7,7806,mention,"Correction for the Dual Video Amplifier parts list, identifying IC2 as a 7806."
i,72,7806,project,"A listed voltage regulator option for the universal power supply, shown in the 'Choose your own' list."
1f,38,7808,project,"Digital multimeter circuit, labelled IC1 as the +9V voltage regulator beside C6 and C8."
1h,23,7808,project,"The +8V regulator (IC2) in the component tester, providing power to the circuitry."
i,72,7808,project,"A listed voltage regulator option for the universal power supply, shown in the 'Choose your own' list."
1e,20,7810,project,"The 7810 voltage regulator in the EPROM Reader circuit, shown near IC18 and capacitors C12 and C5."
1,24,7812,project,"Storm OVIDE SYSTEM, the voltage regulator checked for +13.6 volts during power-up testing."
14,39,7812,project,"IC2, the +12-volt regulator in the diode tester power supply section."
15,48,7812,project,"IC16, the +12V regulator in the Programmer's three-voltage power supply."
19,44,7812,project,"The Telephone-Activated Lamp Timer, labelled IC5 in the power supply section."
19,45,7812,project,"The 12-volt regulator in the Telephone-Activated Lamp Timer's power supply, labelled IC4 in Fig. 4."
1d,43,7812,project,"The 12V regulator in the basic dc power supply section, labelled IC12."
1f,38,7812,project,"Digital multimeter circuit, labelled IC4 as the +12V voltage regulator beside C13 and C12."
1f,42,7812,project,"The 7812 regulator in the main PCB project, mounted in the center hole of the heat sink."
1f,47,7812,project,"The positive regulator in the ±12V power supply schematic, labelled IC6 and IC7."
1l,36,7812,project,12-volt regulator (IC3) providing the DC supply voltage for the logic and driver circuits.
1m,49,7812,project,"The ±12V DC power supply schematic, shown as IC9 regulating the +12V output."
1m,52,7812,project,"A/C Sentry thermostat circuit, voltage regulator IC2 near D4 and R12."
1t,26,7812,project,"IC19, the +12V regulator in the power supply module for the counter/display project."
1t,28,7812,project,"The two-decade counter/display project, installed as a voltage regulator alongside the 7814."
1u,29,7812,project,"Tide Clock power supply, regulating the 12V DC output for the logic and display sections."
1v,53,7812,project,"Regulator IC2 in the Motor Protector, converting filtered DC to 12V for the comparator and transistor stages."
1w,6,7812,mention,"Errata for the 'Big Score' counter display, correcting IC9 from a +5V to a +12V regulator."
1w,25,7812,project,"Voltage regulator IC2 in the automatic porch light timer circuit, providing 12Vdc from 117Vac input."
7,55,7812,project,"Lab-Grade Function Generator power supply, labelled IC4 providing the +12V output."
i,72,7812,project,"The 12-volt regulator option for the universal power supply, shown in the parts list and circuit diagram."
i,73,7812,reference,"Universal regulated power supply project parts list, listed as the 12V regulator with Radio Shack number 272-1770."
m,9,7812,mention,Suggested in the text as a regulator chip for a CB linear amplifier power supply query.
q,37,7812,reference,Listed in the summary of regulator numbering rules as a 12-volt positive-output device in the 74xx family.
v,37,7812,project,"Thermostat controller power supply, voltage regulator IC2 providing 12 volts."
v,49,7812,project,"IC1, the +12-volt regulator providing power to the audio amplifier circuit."
16,34,7812T,project,The +12V regulator (IC1) in the Distribution Amplifier's single bipolar power supply.
13,24,7815,project,"The Ni-Cd battery charger circuit, labelled IC1 providing unregulated 25V dc input."
1j,36,7815,project,Positive voltage regulator IC4 in the dual-polarity +15/-15V regulated power supply schematic.
i,72,7815,project,"A listed voltage regulator option for the universal power supply, shown in the 'Choose your own' list."
z,38,7815,project,"Step Generator power supply, providing the +15V rail for the analog circuitry."
i,72,7818,project,"A listed voltage regulator option for the universal power supply, shown in the 'Choose your own' list."
15,48,7824,project,"IC15, the +25.2V regulator in the Programmer's three-voltage power supply."
1t,26,7824,project,"IC20, the +24V regulator in the power supply module for the counter/display project."
i,72,7824,project,"A listed voltage regulator option for the universal power supply, noted for handling up to 40V input."
0,23,78L05,project,"The Talking Logic Probe power supply section, located near capacitor C12."
19,76,78L05,project,"Varipulse Generator, offered as the TO-92 version of IC4 regulator in Fig. 4(B)."
1i,17,78L05,project,"Walkie-talkie RS232 modem interface, listed as IC1, the 5-volt regulator powering the circuit."
1p,31,78L05,project,"Beep Tone Converter power supply, labelled IC3 in Fig. 3."
1q,19,78L05,project,"The driveway motion sensor project, shown in the power-supply/sound-generation section of the schematic."
1q,20,78L05,project,"Driveway motion sensor project parts list, listed as IC3, the fixed +5-volt regulator."
1v,34,78L05,project,"Gas Detector circuit, labelled IC1 near C1 and C2 in the schematic diagram."
1w,17,78L05,project,"Security System answer module, labelled IC11 in the power supply section with capacitor C6."
4,17,78L05,project,"CyberBot optical neuron circuit, labelled near C2 in the power section."
4,18,78L05,project,"CyberBot optical neuron circuit, shown in the power supply section near R1 and C9."
5,27,78L05,technique,"In the power-saving tips article, described as a popular 5-volt regulator with 100 mA max output and 3 mA quiescent current."
5,28,78L05,mention,"Power-saving tips article, named as a 5-volt regulator requiring 5.5V input, contrasted with the LP2950."
b,56,78L05,project,The fixed +5-volt regulator U3 supplying power to the MC68HC705C8 microcontroller on the CYDAT card.
b,61,78L05,project,"Voltage regulator in the front-panel user-interface circuitry, located beside Q3."
e,62,78L05,project,"Computer Craft circuit, labelled U2 near C10 and R4."
e,65,78L05,project,"The voltage regulator in the RONAR motor controller card, supplying clean +5 volts to pin 40 of U2."
0,23,78L08,project,"The Talking Logic Probe power supply section, located near capacitors C11, C10, and C12."
d,49,78L08,project,"U7 in the General Instruments option schematic, providing +8V power to the audio amplifier stage."
d,50,78L08,project,"The Zernex option circuit, listed as U4, the fixed +8-volt regulator providing clean dc to the audio amplifier."
9,27,78L12,project,Listed as a 12-volt regulator in the parts list for the 68705 programming circuit.
0,74,78LXX,project,"The voltage regulators (VR-1 & VR-2) in the Talking Logic Probe, providing +5V and +8V rails."
1l,10,78M05,project,"Digital timer circuit, voltage regulator IC10 providing adjustable +10V output via R33 and VR1."
p,51,78M15,project,Positive voltage regulator IC8 providing the +15V bus in the power supply circuit.
1k,37,7905,project,"IC4 in the dual-polarity regulated dc power supply, providing the -5V rail."
10,21,7908,project,The 8-volt regulator IC1 in the power supply section of the circuit.
1f,38,7908,project,"Digital multimeter circuit, labelled IC2 as the -9V voltage regulator beside C7 and VR1."
1j,36,7912,project,Negative voltage regulator IC5 in the dual-polarity +15/-15V regulated power supply schematic.
1m,49,7912,project,"The ±12V DC power supply schematic, shown as IC8 regulating the -12V output."
7,55,7912,project,"Lab-Grade Function Generator power supply, labelled IC6 providing the -12V output."
16,34,7912T,project,The -12V regulator (IC2) in the Distribution Amplifier's single bipolar power supply.
1k,56,7915,mention,Identified as IC5 in a reader's letter correcting a previous project's power supply.
z,38,7915,project,"Step Generator power supply, providing the -15V rail for the analog circuitry."
1y,30,79L05,project,"The -5V regulator in the power supply section of the light meter circuit, labelled IC3."
p,51,79M15,project,Negative voltage regulator IC9 providing the -15V bus in the power supply circuit.
2,52,8051,mention,Referenced in the article on 8051 development tools as the source of an assembler similar to the one offered with the 8051 book.
9,13,8051,mention,"Embedded controller system, named as the family of microcontrollers compatible with the 8031 used in the circuit."
9,41,8051,none,"Listed in an advertisement for The Terminator CAD software, not a component in the schematic."
b,60,8051,advert,"URDA SDK-51 microcontroller trainer advertisement, described as an 8051-based 8-bit development system."
1n,21,8052,mention,"Microsys computer, named in text regarding XTAL1 frequency selection for its real-time clock."
1g,32,807,none,"Pin label on the 74157 chip U4, not a component reference."
1a,47,8087,mention,Math coprocessor listed as a component that may need upgrading to a -2 or -8 version for higher speeds.
9,41,8096,none,"Listed in an advertisement for The Terminator CAD software, not a component in the schematic."
a,34,80C31,reference,Listed as the microcontroller for the Advanced Design Solutions MCU-32 and Basicon Systems Engineering MC-1i boards.
a,35,80C31,reference,Listed as the microcontroller for the Blue Earth SIBEC-II and HiTech 80031SBC-10 boards in the comparison table.
a,44,80C31,mention,"Named in the text as a CMOS derivative of the 8051 family, alongside the 8031 and 80C51, to illustrate the variety of available microcontrollers."
b,26,80C31,mention,"BASIC-52 article, named as a widely available alternative to the 8032 for running BASIC 31 from external EPROM."
d,74,80C31,mention,Named as a pin-compatible device for the DS80C320 in the new product brief.
2,3,80C32,none,Listed in the table of contents as the basis for a development system in the 'Experimenting With 8051 Microcontrollers' article.
2,48,80C32,mention,"Named as the basis for Iota Corporation's EC-32 embedded controller board, a low-cost development system."
2,49,80C32,mention,Cited in the 8051 microcontroller article as an example of a CMOS low-power version of the 8051.
2,51,80C32,project,"The microcontroller on the EC-32 embedded controller board, described with its RAM, timers, and power features."
5,12,80C32,project,"The BRUTE-52 single-board controller, which can be jumpered to function as an 80C32."
8,71,80C32,advert,"ALOTA Systems 80C32 microcontroller boards, advertised for developing products, prototypes, or test fixtures."
a,34,80C32,reference,Listed as the microcontroller for the Advanced Design Solutions CP-31 and Basicon Applied Logic MC-2i boards.
a,35,80C32,reference,Listed as the microcontroller for the Iota Resources 552SBC board in the comparison table.
b,25,80C32,mention,Suggested as a ROM-less alternative to the 8052-BASIC chip in the U1 socket once BASIC-52 is loaded to external memory.
d,74,80C32,mention,Named as a pin-compatible device for the DS80C320 in the new product brief.
3,59,8748,project,"The microcontroller for the Ring Director II circuit, listed as IC3 and sold separately in the ad."
9,16,A13,none,Pin label for connector J1 in the embedded controller schematic.
s,54,AD536ADJ,reference,"True-rms adapter for a 3.5-digit DMM, referenced in the frequency-versus-input bandwidth table."
s,55,AD536ADJ,project,"The true-rms adapter for a 3.5-digit DMM, cited for its ability to handle crest factors of about 3 or less with little error."
s,50,AD536AJD,project,"The core monolithic chip of the true-rms adapter, configured to read ac-only or ac-plus-dc inputs."
s,54,AD536AJD,technique,"True-rms adapter for a 3.5-digit DMM, named in the section on measuring rms values with the IC."
4,27,BAS11,reference,The BASIC interpreter used to write the program for the DS1286 and HC11 interface circuit.
4,28,BAS11,mention,Referenced in the text as the programming language used to demonstrate the .AND. function for bit manipulation.
q,2,BC100,none,Listed as option (3) in the Uniden Bearcat scanner rebate offer with a $20 rebate.
q,2,BC155,none,Listed as option (4) in the Uniden Bearcat scanner rebate offer with a $20 rebate.
q,2,BC180,none,Listed as option (5) in the Uniden Bearcat scanner rebate offer with a $20 rebate.
q,2,BC200,none,Listed as option (6) in the Uniden Bearcat scanner rebate offer with a $20 rebate.
q,2,BC201,none,Listed as option (2) in the Uniden Bearcat scanner rebate offer with a $30 rebate.
k,37,BC221,none,"The subject of the article, described as a surplus Navy frequency meter, not a component in a circuit."
q,2,BC260,none,Listed as option (10) in the Uniden Bearcat scanner rebate offer with a $5 rebate.
q,2,BC300,none,Listed as option (7) in the Uniden Bearcat scanner rebate offer with a $10 rebate.
1e,15,BC325,advert,"Tripp Lite Model BC-325 power-protection system, featuring a 26Ah gel-cell battery and regulated charger."
13,68,BC342,mention,"Named in the author's biography as a component from a WW II surplus radio, not used in the noise bridge circuit."
2,41,BC450,none,"Model number of Tripp Lite's LAN battery backup system, a desktop UPS example."
i,7,BC78-43,none,"Example FCC docket number in the 'Stop the Presses' news column, not a component."
a,42,BCC11,reference,Listed as a vendor design in the microcontroller board comparison chart.
a,36,BCC52,reference,Listed in the 8051 Controller Boards comparison chart as a Micromint board using an 80C52-BASIC microcontroller.
4,11,BCI51,advert,"Systronix advertisement for the BCI51 BASIC cross compiler, listed at $299 with assembler and utilities."
5,55,BCI51,advert,"Systronix BCI51 BASIC cross compiler, advertised as a product for 8051 microcontrollers with pricing and contact details."
8,47,BCI51,mention,Named as Systronix's BCI51 in the text introducing the data-acquisition chip and software section.
m,44,BCR101,none,Model number of a Lafayette short wave radio listed in the price comparison table.
1d,65,BDK887,none,"Delphi computer service handle for contacting the column author, not a component."
1e,71,BDK887,none,"CompuServe handle for the author, listed in the contact details of the reader letter."
1g,69,BDK887,none,"A code in the Command Productions advertisement for FCC license training, not a component."
1h,66,BDK887,none,"The Source handle for the column author, listed as a contact method alongside Delphi and CompuServe."
1i,65,BDK887,none,"Call sign of the author, Curt Phil, listed in the contact details at the end of the article."
1k,64,BDK887,none,A CompuServe user ID listed in the editor's contact information for correspondence.
1l,55,BDK887,none,"The author's The Source contact handle, listed alongside Delphi and CompuServe details."
1m,75,BDK887,none,"Contact handle for the author on The Source BBS, not a component."
1n,66,BDK887,none,CompuServe account number listed in the author's contact information for reader correspondence.
11,62,BF727,mention,"Hardware Hacker article on custom ICs; named as a miniature, easy-to-use EEPROM for programming digital logic."
13,35,BLS10,none,"Item in the Amazing Scientific and Electronic Devices catalog price list, listed as a Blaster Defense Weapon."
1y,68,BLS10,advert,"Information Unlimited advertisement, listed as the 100,000 Watt Blaster Defense Wand priced at $89.50."
q,70,BLS10,advert,"Listed in the price list for electronic device plans as the Blaster Defense Weapon, priced at $89.50."
u,59,BLS10,none,Product code for a 'Blaster Defense Weapon' in a list of electronic kits and gadgets for sale.
1l,24,BS107,mention,"Enhancement-mode FET listed in the parts list for the other three phone add-on projects, not used in the checker."
1l,28,BS107,project,"Extension Busy Indicator circuit, listed as Q1, a transistor in the output stage."
11,14,BSA010,reference,"RCA stereo adapter for VCRs with stereo TV adapter jacks, listed with compatible models VKP950 and VLP950HF."
11,14,BSA020,reference,"RCA stereo adapter for ColorTrak 'L' line receivers, listed with compatible models VLP650HF and VLP950HF."
5,77,BXC51,advert,"BXC51 8051/8052 BASIC Compiler, advertised with features like integer extensions and in-line assembly."
7,73,BXC51,advert,"Binary Technology software advertisement, listed as a cross-assembler included with the BASIC 52 compiler package."
9,78,BXC51,advert,"Binary Technology's BASIC 52 compiler, listed as a compatible cross-assembler included in the $295 package."
c,72,BXC51,advert,"Listed in the advertisement for SuperC AD editor and logic simulation software, priced at $295."
d,47,BXC51,advert,"Included in the BASIC 52 compiler package advertised by Binary Technology, Inc."
14,21,BY299,project,"Stereo audio circuit, bridge rectifiers CR3, CR4, CR1, CR2 in the power supply."
1c,20,BYW29,project,"The audio amplifier's power supply section, appearing as diodes CR3, CR4, CR11, and CR12."
12,42,CA3080,project,"The OTA device in the article's basic circuits, shown in pinout diagrams and a level control schematic."
12,43,CA3080,project,"The OTA IC1 in both Fig. 2 and Fig. 3 circuits, providing the variable gain stage."
12,44,CA3080,project,OTA IC1 in the sample/hold circuit (Fig. 5) controlling the charge switch.
16,58,CA3080,technique,"The subject of the article, described as an operational transconductance amplifier with a unique bias input at pin 5."
12,44,CA3140,mention,Suggested low input bias op-amp for IC2 in the sample/hold circuit to prevent leakage errors.
13,53,CA3140,project,"The op amp in the Baxandall tone-control preamplifier stage, configured as an inverting follower."
1m,45,CA3140,project,"Used as IC3 and IC4 in the Miller integrator stage, chosen for high input impedance."
1s,21,CA3140,project,"Comparator IC2 in the light-level decision circuit, comparing photocell voltage to a reference."
s,51,CA3140E,project,"True-rms adapter for a 3.5-digit DMM, listed as IC1, an op amp in the parts list."
s,52,CA3140E,project,"Input buffer amplifier (IC1) in the true-rms adapter, presenting high impedance to the voltage divider."
s,53,CA3140E,project,"The true-rms adapter for a 3.5-digit DMM, identified as ICI and requiring nulling during calibration."
14,39,CA3160,project,"IC1, the operational amplifier in the diode tester circuit, listed as the primary choice."
14,40,CA3160,project,"The Opto Tester circuit, labelled IC1, used to dynamically test optical couplers and measure zener impedance."
14,41,CA3160,project,"Opto Tester circuit, specified as the preferred op amp for IC1 in the Parts List."
14,44,CA3160,project,"The Optical Isolater circuit, labelled IC1 near C1 and R3."
1e,34,CA3600E,project,"Two general-purpose preamplifiers in Fig. 8, shown as single-stage (A) and multiple-stage (B) designs."
1g,57,CD4000,none,Named in the IC tester advertisement as a series of CMOS devices the unit can test.
1i,34,CD4001,project,"The Automotive Back-Up Alarm, used as IC1 with two NOR gates cross-coupled to form an oscillator."
1l,28,CD4001,project,"Extension Busy Indicator circuit, listed as IC1, a quad 2-input NOR gate."
1v,29,CD4001,project,Listed as IC3 in the parts notes for the digital-to-analog converter circuit.
19,40,CD4001B,project,"IC1 in the automatic parking light circuit, shown as the latch logic gate in the schematic."
t,50,CD4001B,project,"The Looker logic probe, used as IC2 to provide visual indication of supply voltage status."
t,51,CD4001B,project,"The Looker digital logic probe, listed as IC2, a quad CMOS NOR gate forming the pulse stretcher."
1f,22,CD4001BE,reference,"Listed as IC2, a quad 2-input NOR gate, in the project's semiconductor parts list."
1f,24,CD4001BE,project,"Telephone answering machine, labelled IC2 as a Quad 2-input NOR gate setting logic levels."
1l,24,CD4001BE,mention,"IC listed in the parts list for the other three phone add-on projects, not used in the checker."
1p,42,CD4001BE,project,Humidity sensor project parts list; IC2 and IC3 form the multivibrator oscillators.
1b,28,CD40106,project,"Input conditioning circuit for the frequency counter, shown in the schematic diagram."
1w,32,CD40106,project,"Motion sensor circuit; U1, the hex Schmitt trigger oscillator driving the flip-flop stages."
1x,74,CD40106BE,mention,"Corrected part number for U1 in the Wide Coverage Water Sensor Detector, replacing the erroneous CD4010BE."
19,44,CD4011,project,"The Telephone-Activated Lamp Timer, labelled IC4 in the logic section."
1d,78,CD4011,technique,"In the Telephone Minder troubleshooting guide, identified as a potential fault if the circuit fails, suggesting replacement."
1w,19,CD4011,reference,"Security System answer module parts list, listed as IC3 quad 2-input NAND gate with price."
14,30,CD4011B,mention,"TattleTale security system, suggested as an alternative chip to add an inverter for normally closed sensors."
1b,27,CD4011B,project,"The basic frequency-counter circuit, shown in Figure 5 as part of the clock source section."
n,65,CD4011B,project,"Fuel miser burner controller, listed as IC4A and IC4B in the logic section near START/STOP."
1d,37,CD4011BE,project,"Telephone answering circuit, listed as IC3, a quad 2-input NAND gate used for logic control."
1f,22,CD4011BE,reference,"Listed as IC1, a quad 2-input NAND gate, in the project's semiconductor parts list."
1f,24,CD4011BE,project,"Telephone answering machine, labelled IC10 as a Quad 2-input NAND gate setting logic levels."
1w,22,CD4013,project,"Security System answer module, labelled IC18 in the relay driver circuit."
1w,32,CD4013,project,"Motion sensor circuit; U2, the dual D-type flip-flop dividing the oscillator frequency by four."
w,41,CD4013B,project,"Touchmaster lamp controller, IC2 dual D-type flip-flop forming the two-bit binary counter."
1w,17,CD4017,project,"Security System answer module, labelled IC8 in the logic section near IC2 and IC10."
1w,19,CD4017,reference,"Security System answer module parts list, listed as IC8 Johnson decade counter with price."
1z,17,CD4017,project,"PROM Burner circuit, labelled IC5 near R18 and S18."
n,65,CD4017B,project,"Fuel miser burner controller, listed as IC3 in the timing and selection section near S1."
n,65,CD4040B,project,"Fuel miser burner controller, listed as IC2, the 12-stage binary divider for gas and oil frequencies."
1p,21,CD4049,project,"The IC31 in the electronic random number generator circuit, identified in the notes as CD4049."
1u,38,CD4049,reference,"Listed as IC2 in the master wiring list, with pins connected to C1, R9, and J1."
1u,40,CD4049,project,An IC to be plugged into the IC2 socket during the project's assembly process.
1b,25,CD4050B,project,"LED numeric display driver, optional hex buffer included between counter/driver outputs and displays for high-current needs."
17,30,CD4066,project,"Jumbo LED Digital Clock, listed as a common CMOS quad transmission gate used in the circuit."
1n,45,CD4066,project,"Frequency counter project, used as analog switch U5 to control the 16 display-drive lines for the counter."
1x,46,CD4066,project,The remaining CD4066 chip to be installed in the IC3 socket of the keyboard/switch project.
1k,35,CD4066B,project,"Fuzz-box guitar effects circuit, IC2 used as the input/output switching buffer between J1 and J2."
1a,68,CD4069,project,"The 1,700-meter transmitter's CMOS hex inverter IC1, driving the VMOS output transistor."
14,30,CD4069B,mention,"TattleTale security system, suggested as an alternative chip to add an inverter for normally closed sensors."
17,53,CD4081,reference,"Pinout diagram in the Busybody dialer article, shown alongside TLC555/LM555."
2,51,CR2032,project,"The back-up battery for RAM on the EC-32 embedded controller board, shown in Fig. 4."
p,72,EL200,none,Model EL-200 soldering-iron tip cleaner advertised by Davle Tech Inc. in the New Products section.
15,47,EL24,none,Part of the model number EL-24-180A18 for the 24-volt transformer T1 in the parts list.
e,76,GD001,reference,"Labelled in the GENDAC internal block diagram, identifying the chip in Fig. 1."
i,91,GT207C,reference,Listed in the radio direction finder comparison table with operation and gain specifications.
i,91,GT302,reference,Listed in the automatic direction finder comparison table with operation and gain specifications.
4,12,GT316M,none,Model number of the Goldstar GS319 desktop PC listed in the notebook computer product news section.
19,44,H11A1,project,"The Telephone-Activated Lamp Timer, labelled IC1 as the optocoupler at the input."
19,45,H11A1,project,"The AC optical isolator in the Telephone-Activated Lamp Timer, listed as IC1 in the parts list."
1w,18,H11A1,project,"Security System answer module, labelled IC13 in the input stage with R22 and C10."
1a,73,ICL7652,reference,"Intersil new product announcement, listed as the low-noise version of their enhanced chopper-stabilized operational amplifier family."
1q,20,ICL7660,project,"Driveway motion sensor project parts list, listed as IC1, the voltage inverter generating negative supply."
7,51,ICL8038,project,"The heart of the Lab-Grade Function Generator, serving as the precision waveform generator and voltage-controlled oscillator (IC2)."
7,52,ICL8038,project,"Lab-Grade Function Generator, IC2 waveform generator producing square, triangle, and sine outputs."
13,63,IN3,project,Input pin 3 of the ADC 0808 in the cave-mapping transmitter circuit.
1z,53,IN3,none,Input pin label for the third comparator channel in the MAX901 schematic diagram.
9,16,IN3,none,Pin label for the ADC chip IC4 in the embedded controller schematic.
13,33,IRF511,project,Car theft alarm circuit; Q1 is the power MOSFET switch driven by the 555 timer.
1w,56,IRF511,mention,"Suggested as a cheaper alternative to the IRFZ40 for the LED current switch, noted for 0.6 ohm on-resistance."
14,21,IRF530,project,"Stereo audio circuit, MOSFET Q4 in the left output stage."
1c,20,IRF530,project,"The audio amplifier's power output stage, labelled as Q2 and Q4."
1c,21,IRF530,reference,Listed as an alternative p-channel power MOSFET to the MTP8P10 in the assembly notes.
17,77,IRF9530,mention,"Correction for the digital amplifier project, identifying the correct p-channel power MOSFET type."
1c,20,IRF9530,project,"The audio amplifier's power output stage, labelled as Q1 and Q3."
1c,21,IRF9530,reference,Listed as an alternative p-channel power FET for Q1 and Q3 in the parts list.
1w,64,IRF9Z30,project,MOSFET Q1 in the LT1072CN8 buck-boost converter circuit.
1w,56,IRFZ40,project,"The MOSFET switch in the LED driver circuit, chosen for its 0.028 ohm on-resistance to maximize current."
w,10,KSP1000,reference,Listed in the New Products section as the antenna positioner for a 4-GHz stereo receiver system.
5,30,LF347,mention,"In the supply-current comparison of quad op amps, noted for higher frequency operation than LP324."
8,46,LF347,project,"Used in the signal conditioning circuit as a quad JFET-input op amp for buffering, shifting, and amplifying."
8,47,LF347,project,"Used as the three op-amp stages in the signal conditioning circuit, with R5 adjusting the offset."
d,62,LF353,project,"Op-amp in the 8052-to-DAC interface circuit, with U2B and U2A forming the output stage."
10,49,LF353N,reference,"The discrete-component high-frequency op amp article, cited as a comparison for gain performance."
22,38,LF356,project,"In the signal processing circuit, used as an operational amplifier in the gain and signal selection stages."
8,46,LF398,mention,"Cited as an alternative sample-and-hold IC for rapidly changing inputs, though the text suggests using an on-chip converter instead."
1,44,LM101A,project,"The op-amp in the differential-input instrumentation amplifier circuit, Fig. 10."
1o,47,LM101A,project,"The Substitute Current Shunt, used as the comparator and control amplifier in Fig. 1 to monitor current and shut off power."
1o,48,LM101A,project,"Solid-state substitute current shunt circuit, listed as IC1 through IC3, differential amplifiers in the signal conditioning stages."
1x,37,LM101A,project,"The operational amplifier (IC1) in the Darkroom Exposure Meter, shown in the schematic and listed in the parts list."
1x,38,LM101A,project,"Darkroom Exposure Meter, installed in the IC1 socket as the op amp."
1,44,LM107,project,"The op-amp in the integrator circuit, Fig. 9."
q,40,LM107,project,Designated IC3 in the LM-338K adjustable voltage regulator circuit shown in Fig. 2.
x,45,LM135,mention,"In the sensor comparison table, listed with a -55 to +150°C range and 0.5° to 1°C error."
12,44,LM13600,mention,National Semiconductor OTA mentioned in the 'Available OTAs' section with applications like stereo volume control.
1j,34,LM1458,project,A dual operational amplifier listed as an alternative to IC1 (NE5523 or TL072) in the parts list.
1j,36,LM1458,mention,Suggested as a low-cost substitute for the NE5532 op amp in the phaser circuit.
1i,60,LM158,mention,Listed as a pin-for-pin equivalent of the LT1013 dual precision op amp.
w,15,LM1894,project,"The RCA receiver/monitor's DNR (Dynamic Noise Reduction) IC, which attenuates high-frequency noise."
x,45,LM235,mention,"In the sensor comparison table, listed with a -40 to +125°C operating temperature range."
1p,49,LM239,project,"In the A/D converter module, D209 is an LM239 precision voltage source providing a stable 6.9V standard."
1s,48,LM2575,reference,"National Semiconductor's step-down switching regulator, described as incorporating all active functions in a five-pin package."
1s,49,LM2575,reference,"New product announcement for a switching regulator IC, described as simplifying power supply design."
6,60,LM2577T,project,"The adjustable switchable regulator U1 in the Tiny Switcher, chopping +5V to generate +12V and -12V outputs."
13,50,LM301,mention,"Named as an ordinary operational amplifier option for audio preamplifiers, alongside the 741 and LM-1303."
1e,32,LM301,project,"The line receiver amplifier circuit in Fig. 5, operating with unity gain input via the noninverting terminal."
1e,33,LM301,project,The operational amplifier in the Fig. 5 600-ohm line receiver amplifier circuit.
1e,34,LM301,project,"The simple microphone preamplifier in Fig. 7, wired as a noninverting follower for PA and communications use."
1e,35,LM301,mention,Suggested as a suitable audio op-amp for Amplifier AI in the typical compression amplifier circuit shown in Figure 9.
1p,49,LM301,project,"In the A/D converter module, IC209 is an LM301 op amp wired as a voltage-follower for reference voltages."
1x,37,LM301,project,"An alternative operational amplifier to the LM101A for the Darkroom Exposure Meter, listed as a substitute in the parts list."
1x,38,LM301,project,"Darkroom Exposure Meter, listed as an alternative to the LM101A for the IC1 socket."
1m,33,LM301A,project,"The Digital Milliohmmeter Adapter, configured as IC4, a dc error amplifier sensing current via R3."
1m,34,LM301A,project,"Digital Milliohmmeter Adapter power supply; listed as IC4, an operational amplifier."
1v,29,LM308,project,Listed as IC8 in the parts notes for the digital-to-analog converter circuit.
l,6,LM308,project,"VTVM amplifier circuit, wired as a non-inverting amplifier with high input impedance to replace the MC1456G."
r,49,LM308,project,The operational amplifier in the 10.000-volt adjustable reference source circuit of Fig. 6.
q,37,LM309,reference,Described in the regulator summary as a series of 5-volt regulators available in 100-mA or 1-ampere ratings.
u,42,LM309,none,"OCR artifact appearing beside R17, C4, and D3 in the wiring diagram, not a component reference."
14,20,LM311,project,"Comparator chips U1 and U3, forming the main signal processing stages."
1c,19,LM311,project,"Comparator ICs U3 and U1 in the amplifier, connected to inputs A, B, and C."
1m,46,LM311,project,"Comparator IC5 in the pulse circuit, described as a special-purpose IC comparator requiring a pull-up resistor."
1y,23,LM311,project,"Non-Composite Video Adapter circuit, used as comparator IC1 to separate sync from video."
21,24,LM311,project,"Designated IC1 in the WWV/WWVH receiver schematic, positioned near R13, R1, and R8."
o,58,LM311,project,"Digital counter circuit schematic, IC5, an op-amp comparator connected to R52, C3, and R55."
s,61,LM311,project,"The v/f converter in the Infrared Temperature Transmitter, driven by the thermistor divider and calibrated by R8."
15,16,LM317,mention,"In the LM723 article, named as the popular three-terminal IC often chosen over the 723 for its ease of use."
15,17,LM317,mention,Compared with the LM723 as a similar three-terminal fixed-voltage regulator with external resistor sampling.
1n,19,LM317,project,"Power supply regulator in the digital circuit schematic, labelled IC8 with R2 and R3."
1n,20,LM317,project,"IC8 in the Microsys power supply, an adjustable voltage regulator providing a 1.25-volt reference."
1v,29,LM317,project,Used as IC4 in the power supply section of the digital-to-analog converter circuit.
1x,15,LM317,project,"The adjustable positive voltage regulator (IC2) in the prototyping kit power supply, setting V+ via R1 and R2."
f,63,LM317,project,"The voltage regulator in the 12V power supply schematic, labelled U1."
f,64,LM317,project,"The voltage regulator in the 12V power supply circuit, used to set the output voltage."
j,17,LM317,technique,Suggested in the Q&A to convert the 22-124 lock's 12V supply to a regulated 1.2-12V variable output.
l,6,LM317,mention,"Regulated supply circuit, suggested as a substitute for the 7805 if lower voltages below 5V are needed."
q,40,LM317,technique,Discussed as a 1.5-amp adjustable voltage regulator similar to the LM-338 in the design tutorial.
q,82,LM317,technique,"DC power supply design article, mentioned as an alternative regulator to the LM338K for fixed-voltage modification."
x,53,LM317L,project,"The adjustable voltage regulator in the Ocean Box power supply, chosen for its low current draw."
1z,16,LM317T,project,"Voltage regulator IC9 in the PROM Burner, supplying 10.5V via R22 and R26."
w,48,LM317T,project,"Voltage regulator in the AC line-powered supply, identified as IC1."
x,53,LM317T,mention,"The TO-220 version of the regulator, noted as a more expensive alternative to the LM317L."
10,47,LM318,technique,"In the active filter design article, presented as a superior alternative to the 741 for high-slew-rate applications."
q,37,LM323,reference,"Identified in the regulator summary as a 5-volt, 3-ampere regulator housed in a 'K' package."
0,74,LM324,project,"The quad op-amp (U4) in the Talking Logic Probe, handling signal conditioning and integration."
1i,60,LM324,mention,Listed as a pin-for-pin equivalent of the LT1014 quad precision op amp.
21,24,LM324,project,"Designated IC2 in the WWV/WWVH receiver schematic, positioned near R13, R8, and R1."
5,30,LM324,mention,"In the supply-current comparison of quad op amps, listed with 1.5 mA typical current."
7,41,LM324,project,"MAG-11BAT low-battery indicator, U21A and U21C are the operational amplifiers for the alert circuit."
t,51,LM324,mention,"The Looker digital logic probe, offered as a substitute for IC1, a quad op amp."
t,52,LM324,mention,The Looker logic probe; suggested as a low-performance substitute for the TLC274.
t,74,LM324,project,"The Looker logic probe, listed as an alternative to the TL084 with specific supply and resistor requirements."
1v,35,LM324N,reference,"Gas Detector project parts list, listed as IC2, a quad operational amplifier, with a price of $1.75."
1v,40,LM324N,project,"Gas Detector circuit, plugged into the IC2 socket for an operational check during assembly."
n,79,LM324N,project,"EDU-LINK receiver circuit, identified as IC1, a quad op amp used with a PIN photodiode to form a transimpedance amplifier."
v,45,LM329,mention,Named in the text as part of the stable LM334/LM329 reference combination used in the thermometer.
v,45,LM329DZ,project,"Designated VR1 in the thermometer circuit, acting as the precision voltage reference biased by the current source."
1d,26,LM334,project,"Digi-Ohm Add-On Module, providing the constant current source for resistance measurement."
1d,28,LM334,project,"Digi-Ohm Add-On Module, listed as U1, a current source alternative to LM134 or LM234."
1s,26,LM334,mention,Named in the article's introduction as a previously published integrated-circuit sensor that is not useful for this application.
s,60,LM334,mention,Infrared Temperature Transmitter article; suggested as an alternative to the thermistor for linear temperature sensing.
v,45,LM334,mention,Named in the text as part of the stable LM334/LM329 reference combination used in the thermometer.
x,46,LM334,project,"The LM-335 remote temperature sensing circuit, used as a three-terminal adjustable current source to bias the LM-335."
1j,48,LM334Z,project,"IC2 in the Visual Regulator Monitor, an adjustable current source driving LED3 for low voltage indication."
v,45,LM334Z,project,"Designated IC1 in the thermometer circuit, serving as the 2 mA current source that biases the voltage reference."
1o,20,LM335,reference,"WISARD weather station CPU board parts list, listed with a price of $2."
1p,51,LM335,project,"WISARD temperature measurement circuit, described as the intrinsically linear sensor for temperature conversion."
1r,36,LM335,reference,Listed in the WISARD temperature forecasting project parts list with a price of $2 each.
s,60,LM335,mention,Infrared Temperature Transmitter article; suggested as an alternative to the thermistor for linear temperature sensing.
x,45,LM335,technique,"The main subject of the tutorial, described as a voltage-mode sensor with 10 mV/°K transfer function."
x,46,LM335,project,"The LM-335 temperature sensor in the remote temperature sensing circuit, connected via shielded cable to a 12Vdc supply."
x,47,LM335,project,The temperature sensor in the op-amp buffering circuit (Fig. 6) and the Kelvin-to-Celsius converter (Fig. 7).
x,48,LM335,project,"The Kelvin-to-Celsius/Fahrenheit conversion circuit, shown as the temperature sensing element in the schematic."
q,38,LM338,project,The voltage regulator IC1 in the DC power supply circuit shown in Fig. 2.
q,40,LM338,technique,"Discussed as a 5-amp adjustable voltage regulator, with Fig. 2 showing a circuit based on it."
q,40,LM338K,project,The specific device used in the adjustable voltage regulator circuit shown in Fig. 2.
q,82,LM338K,technique,"DC power supply design article, the main regulator discussed for variable and fixed voltage applications."
13,24,LM339,project,"The Ni-Cd battery charger circuit, labelled IC3 in the charging control section."
13,28,LM339,project,"Ni-Cd battery charger and recycle control circuit, identified as IC3 in Fig. 2."
15,32,LM339,none,"Part number in the article header, not a component used in the described LED transmitter, bargraph, or light probe circuits."
16,63,LM339,project,"The comparator chip in the LED bargraph circuit, driving LEDs 2-5 via resistors R6-R9."
16,64,LM339,project,"The comparator in the keychain light meter, with a jumper from pin 6 to Q1."
1c,53,LM339,project,"Quad comparator IC1 in the voltage monitoring circuit, comparing input voltage against references."
1m,37,LM339,project,"Automotive electrical system analyzer, IC1 containing the four voltage comparators (IC1A-D) that detect battery conditions."
1m,76,LM339,project,"The comparator in the Automotive Battery/Charging-System Analyzer, checked for orientation and pin seating during troubleshooting."
1o,48,LM339,project,"Solid-state substitute current shunt circuit, listed as IC4, a voltage comparator that triggers the relay."
1o,49,LM339,project,"The solid-state substitute current shunt circuit, where diode D2 protects the LM339 from negative voltages."
1v,53,LM339,project,"Comparator IC1 in the Motor Protector, with sections IC1A, IC1B, and IC1C monitoring the phase signals."
1v,54,LM339,project,"Motor Protector circuit, the quad comparator ICI used to monitor phase activity and supply power."
1v,55,LM339,project,The comparator IC installed in the ICI socket of the Motor Protector circuit during final assembly.
5,58,LM339,project,"The comparator IC1 in the window detector circuit, comparing input voltage against R7 and R8 reference levels."
r,49,LM339,technique,"The superior approach to temperature compensation in the zener regulator circuit, shown in Fig. 2B."
1f,33,LM339N,project,"Comparator IC in the schematic, labelled IC9 and IC10, with R33 and R19 nearby."
1m,38,LM339N,project,"The quad comparator IC1 in the automotive electrical system analyzer, listed in the parts list and priced in the supplier note."
20,23,LM339N,reference,"Listed as IC2, the quad comparator, in the gas detector parts list."
15,16,LM340,mention,"In the LM723 article, listed as a nearly identical fixed-voltage three-terminal type alongside the LM78xx and LM79xx groups."
l,39,LM340,project,Negative voltage regulator series in the general-purpose power supply schematic.
l,40,LM340,reference,"Listed as U1, the positive voltage regulator IC, in the parts list for the dual-polarity power supply."
q,37,LM340,reference,Described in the regulator summary as a series of positive-output voltage regulators where the suffix denotes voltage.
r,41,LM340,project,"Commodore 64 user port interface, IC1, the 5-volt regulator in the power supply section."
r,42,LM340,project,"Commodore 64 user port interface, voltage regulator IC1 in the independent 5V power supply circuit."
1n,76,LM340TS,project,"Visible on the circuit-board assembly of the 10 Hz to 2.2 GHz instrument, shown in the top and bottom photos."
x,48,LM35,technique,Discussed as a direct-reading Celsius sensor that simplifies thermometer design by eliminating calibration needs.
k,27,LM350,none,"Model number of the NLS Volksmeter described in the product listing, not a component in a circuit."
1m,33,LM350K,project,"The Digital Milliohmmeter Adapter, acting as IC1, a 3-amp adjustable positive voltage regulator."
1m,34,LM350K,project,"Digital Milliohmmeter Adapter power supply; listed as IC1, an adjustable positive voltage regulator."
s,61,LM350T,project,"The power supply in the Infrared Temperature Transmitter, providing +9V to the LM311 and thermistor circuit."
4,16,LM358,project,"CyberBot optical neuron circuit, listed as U2 dual operational amplifier in the parts list."
4,17,LM358,project,"CyberBot optical neuron circuit, identified as U2 and U6 in the eye signal processing stages."
4,22,LM358,project,"CyberBot light-following circuit, identified as the dual op amp providing a snap-ac-tion output."
1w,19,LM358N,reference,"Security System answer module parts list, listed as IC1 operational amplifier with price."
11,35,LM359,project,"Video/audio amplifier circuit, IC1 is the dual high-speed operational amplifier for video and audio stages."
13,7,LM359,mention,"Correction for the Dual Video Amplifier parts list, identifying IC1 as an LM359."
1c,7,LM35CZ,mention,Reader inquiry in the letters section asking for the price of the LM35CZ or LM34CZ for a temperature controller project.
h,86,LM380,project,The integrated circuit linear amplifier in the Ramsey Electronics BN-9 Super-Snoop amplifier described in the article.
h,87,LM380,project,"The tag-along PA amplifier, shown in the schematic as the main audio amplifier IC."
s,58,LM380,mention,"The LM386 audio amplifier article, named as a 2.5-watt amplifier with similar external circuitry."
w,36,LM380N,project,"Explorer SCA adapter, listed as IC2, a linear audio amplifier driving the speaker."
d,63,LM385,project,"The 8052 to DAC interface circuit, providing the 2.5-volt reference across the DAC0832 current output terminals."
1m,33,LM385Z,project,"The Digital Milliohmmeter Adapter, listed as D2, a 2.5-volt precision reference for the op amp."
1m,34,LM385Z,project,"Digital Milliohmmeter Adapter power supply; listed as D2, a 2.5-volt precision reference."
0,22,LM386,project,"The audio amplifier IC in the Talking Logic Probe, filtering and routing analog speech signals to the speaker."
0,23,LM386,project,"The Talking Logic Probe audio amplifier stage, shown near C7, R40, and R39."
0,74,LM386,project,"The power amplifier (U5) in the Talking Logic Probe, driving the speaker output."
1,70,LM386,project,"The amplifier in the simple optical-fiber receiver circuit, driving the 8Ω speaker."
15,58,LM386,project,"Operational amplifier IC1 in the wireless headphone receiver, amplifying the preamp output to drive headphones."
1b,32,LM386,project,"Audio amplifier in the Modern Electronics October 1987 circuit, located near C16, C17, and R11."
1d,43,LM386,project,"The audio amplifier chip in the audio amplifier portion, labelled IC11."
1d,53,LM386,project,"The amplifier in the LED-LED Transceiver circuit, shown with S1, C3, and R5."
1i,35,LM386,project,"Automotive Back-Up Alarm, listed as IC4, an optional audio power amplifier to drive the speaker with more power."
1i,36,LM386,project,The amplifier IC in the optional power-amplifier stage driving the 8Ω speaker.
1r,26,LM386,project,"The low-voltage power amplifier IC7 in the Talking Telephone, driving the speaker via C10."
1y,42,LM386,project,"Labelled IC4 in the line-in audio circuit, positioned near C9 and the 555 timer section."
20,35,LM386,project,"Amplifier IC7 in the high-volume audio output section, driving the speaker through C11 with R22 as volume control."
5,42,LM386,project,"Cyber Alert alarm system, U8 audio amplifier driving speaker SPK1."
b,44,LM386,project,"Audio power amplifier in the Fig. 6 breadboard circuit, driving a small speaker to hear the 1-kHz square wave."
d,49,LM386,project,"U6 in the General Instruments option, the audio power amplifier driving the speaker through C9."
i,47,LM386,project,"The audio amplifier in the tone generator circuit, labelled 'Audio amp' near the speaker output."
j,56,LM386,project,"The buffer amplifier in the 'Listen to your lawn' project, driving the metal stakes in the soil."
j,60,LM386,project,"Headset amplifier circuit, described as the common integrated circuit used for amplification."
n,77,LM386,project,"Audio power amplifier in the lightwave receiver, boosting the signal to drive a small speaker."
s,4,LM386,none,Fragment of a schematic thumbnail beside the 'Carver CD Player' table of contents entry.
s,56,LM386,project,"The subject of the article, shown in Fig. 1 as the basic audio amplifier driving an 8-ohm speaker."
s,57,LM386,technique,"The subject of the article, discussed here regarding input biasing, current consumption, and comparison to op-amps."
s,58,LM386,project,"The LM386 audio amplifier article, used in the microphone amplifier and square-wave oscillator circuits."
v,49,LM386,project,"IC3, the low-voltage audio amplifier driving the 8-ohm speaker output."
x,51,LM386,project,"The Ocean Box circuit, where it amplifies the signal from the MOSFET source to drive the speaker."
x,52,LM386,project,"Ocean Box circuit, IC4 audio amplifier driving the output speaker."
x,53,LM386,project,"The audio amplifier in the Ocean Box, configured for lowest gain to handle the strong MOSFET signal."
z,58,LM386,project,"The power amplifier stage of the audio amplifier experiment, driven by the 741 op-amp and driving an 8-ohm speaker."
17,51,LM386N,project,"Audio amplifier IC5 in the output stage, driving the speaker with volume control."
1a,34,LM3900,technique,"The quad Norton op amp featured in this article, shown with pinouts and used in regulator and comparator examples."
1a,37,LM3900,project,The active element in the high-pass active filter and square-wave oscillator circuits described in the article.
14,56,LM3909,project,Suggested as an audio-frequency oscillator to modulate the base of Q1 in the transmitter circuit.
14,58,LM3909,advert,"The TDK DC 180 phone recording adapter, listed as the component that records calls automatically."
1l,24,LM3909,mention,"LED flasher listed in the parts list for the other three phone add-on projects, not used in the checker."
1l,28,LM3909,project,"Extension Busy Indicator circuit, listed as IC2, an LED flasher."
1m,66,LM3909,project,"The LED flasher chip in the capacitor-powered circuit, chosen for its low current consumption and 1-5V operating range."
j,60,LM3909,project,"Sun-powered LED flasher circuit, containing all required circuitry except the LED and timing capacitor."
1v,7,LM3914,mention,"In a reader's letter about the Solid-State Oscilloscope project, discussing pin 9 wiring alternatives for bargraph versus individual LED modes."
o,59,LM3914,project,"The dot/bar drivers in the engine RPM tachometer, cascaded to display the voltage from the F/V converter."
1p,42,LM3914N,project,Humidity sensor project parts list; IC4 and IC5 drive the LED display.
12,32,LM3915,project,"The Two-Band Stereo LED Power Meter, identified as the bar/dot driver in its display circuit section."
12,34,LM3915,project,"Two-Band Stereo LED Power Meter, used as IC4 in the LED driver circuit."
1j,47,LM393,project,"Visual Regulator Monitor circuit, listed as IC1, a dual voltage comparator."
1j,49,LM393,project,"The comparator in the Visual Regulator Monitor, sensing thermistor bridge imbalance to trigger LED1."
1o,18,LM393,project,"Comparator ICs in the WISARD weather station schematic, shown as IC16B, IC8B, IC8A, and IC11."
r,48,LM399,project,"The precision reference regulator in the superior circuit design, described as a 6.95-volt zener diode in a heater."
r,49,LM399,technique,A precision voltage reference device mentioned for its low voltage-drift specifications.
0,30,LM555,mention,Named in the EE Designer review as a missing library component that prevented loading the benchmark design.
14,20,LM555,project,"Timer chip U2, located near the left and right input sections."
14,28,LM555,reference,"Listed as IC4, IC7, IC8, and IC9 in the Semiconductors section of the parts list."
14,29,LM555,project,"Labelled IC8, IC9, and IC10 in the Modern Electronics 1986-12 project schematic, associated with R5, R6, and R11."
17,51,LM555,project,"Timer IC in the control section, associated with resistors R1 and capacitors C1, C9."
17,52,LM555,project,"Busybody automatic telephone dialer, listed as IC1, a timer IC controlling the off-hook duration."
17,53,LM555,reference,"Pinout diagram in the Busybody dialer article, grouped with TLC555."
19,39,LM555,project,"Automatic parking light circuit, IC2 timer controlling LED1, shut down by the latch circuit."
19,40,LM555,project,"IC2 in the automatic parking light circuit, shown as the timer in the schematic."
1c,19,LM555,project,"Timer IC U2 in the power supply section of the amplifier, connected to R41 and C6."
s,55,LM555,project,"The true-rms adapter for a 3.5-digit DMM, used to generate a square waveform test signal with output at pin 3."
x,52,LM555,project,"Ocean Box circuit, IC3 timer controlling the Wave and Period controls."
1f,22,LM555CN,reference,"Listed as IC3, a timer, in the project's semiconductor parts list."
1q,20,LM555CN,project,"Driveway motion sensor project parts list, listed as IC2 and IC4, the timers."
15,16,LM723,technique,"The subject of the article, described as a versatile precision voltage regulator with poor documentation, shown in Fig. 1 pinout."
15,17,LM723,technique,"The subject IC, described for its internal reference, error amplifier, and pass transistor circuitry."
15,20,LM723,project,"The voltage regulator IC in the circuit, modified with a negative bias supply to allow 0V output."
15,21,LM723,technique,The voltage regulator in the foldback current limiting and external pass transistor circuit examples.
15,16,LM723C,technique,"Shown in Fig. 1 pinout diagram alongside the LM723, indicating the specific variant's pin configuration and internal details."
15,17,LM723C,technique,Identified as the common plastic-case version of the LM723 with a 0-to-70-degree C temperature range.
18,34,LM741,project,"The operational amplifier in the high-gain amplifier circuit, operating as IC1 with a 4.7-megohm feedback resistor."
20,15,LM741,project,"Op-amp u1 in the schematic, connected to R1, R2, and R4 in the input stage."
15,61,LM741CN,project,"Operational amplifier IC2 in the wireless bell receiver, connected to R6 and C7."
1g,33,LM7805,project,"Parallel computer interface circuit, listed as U8, a +5-volt regulator in the optional power supply section."
e,88,LM7805,none,Appears as a label in the schematic diagram of the NMIT-0020 single board computer.
f,2,LM7805,none,"Label in the advertisement's schematic snippet, not a component used in the NMIT-0020 board itself."
g,24,LM7805,project,"The X-10 module power supply, shown beside Q2 and the 9V battery input."
1g,42,LM7805CT,reference,"Listed as IC3 in the frequency counter parts list, a +5-volt regulator for the power supply."
1g,43,LM7805CT,project,Voltage regulator IC3 providing +5V output in the line-operated power supply for the frequency counter.
y,29,LM7805CT,project,"Fig. 9 constant-current charging circuit, regulating the DC voltage across C1."
e,22,LM7812,project,"ComputerCraft Programmer, the regulator supplying 100 µA to the MC68705 from the +21-volt switching supply."
1n,36,LM7812CT,project,"Video modulator circuit, designated IC2, acting as the +12-volt fixed voltage regulator for the system."
22,40,LM7815,project,"The +15VDC regulator (U5) in the power supply section of the transmitter circuitry, alongside capacitors C12 and C14."
1m,34,LM7815T,project,"Digital Milliohmmeter Adapter power supply; listed as IC2, a +15-volt regulator."
15,16,LM78XX,mention,"In the LM723 article, named as a group of easy-to-use fixed-voltage ICs often found in simple ±5- and 12-volt supplies."
1j,46,LM78XX,project,"The Visual Regulator Monitor circuit, shown as the generic three-terminal voltage regulator being monitored."
1j,47,LM78XX,project,"Visual Regulator Monitor circuit, the voltage regulator monitored, requiring thermal contact with R4."
1j,48,LM78XX,project,The voltage regulator in the host power supply being monitored by the Visual Regulator Monitor circuit.
22,40,LM7915,project,"The -15VDC regulator (U6) in the power supply section of the transmitter circuitry, alongside capacitors C13 and C15."
1m,34,LM7915CT,project,"Digital Milliohmmeter Adapter power supply; listed as IC3, a -15-volt regulator."
15,16,LM79XX,mention,"In the LM723 article, named as a group of easy-to-use fixed-voltage ICs often found in simple ±5- and 12-volt supplies."
1i,62,LT1009,project,Voltage reference providing 2.5V bias in the temperature-compensated crystal oscillator circuit.
1i,60,LT1013,technique,Discussed as a dual precision op amp with improved performance over standard devices like the 1458.
1i,62,LT1013,project,Precision op amp used in both halves of the temperature-compensated crystal oscillator.
1i,63,LT1013,project,Dual op-amp forming the core of the 9-volt to 5-volt converter circuit.
1i,60,LT1014,project,Used in the single-supply precision instrumentation amplifier circuit shown in Fig. 3.
1i,62,LT1014,reference,Listed in the specifications table and mentioned as a dual precision op amp alternative.
1z,54,LT1015,reference,"Linear Technology dual high-speed comparator in an eight-pin mini-DIP, described for line receivers and pulse discriminators."
1s,48,LT1083,reference,"Linear Technology's low-voltage regulator, listed as available in TO-3 metal cans or TO-3P plastic packages."
1s,48,LT1084,reference,"Linear Technology's low-voltage regulator, listed as available in TO-3 metal cans or TO-3P plastic packages."
1s,48,LT1085,reference,"Linear Technology's low-voltage regulator, listed as available in TO-3 metal cans or TO-220 plastic packages."
1s,48,LT1086,reference,"Linear Technology's low-voltage regulator, noted for low dropout voltage and listed as the cheapest at $2.75."
1n,20,MAX232,project,"IC1 in the Microsys circuit, an RS232 driver/receiver providing the serial communication interface."
2,30,MAX232,project,"The Cyber Print adapter's RS-232-to-digital converter U2, synthesizing ±12V from the +5V supply."
3,68,MAX232,advert,Listed as serial I/O on the 8031 Controller Boards and EMC32 Board in L.S. Electronic Systems Design ads.
5,31,MAX232,technique,"Power-saving tips article, named as a serial transceiver candidate for shutting off when the interface is not needed."
5,45,MAX232,mention,"Optional RS-232 serial interface chip for the Cyber Alert circuit board, mentioned as an add-on feature."
9,13,MAX232,project,"Embedded controller system, used as IC7 to simplify the RS-232 serial port circuitry with built-in converters."
a,58,MAX232,project,Remote Microcontroller Reset circuit; output pin 12 of the MAX232 translator is monitored to detect serial line activity.
b,24,MAX232,project,"Listed as U4 in the BASIC-52 copying circuit, providing the RS232 serial interface to a PC."
c,33,MAX232,project,"Minotaur Systems F1-KIT microcontroller board kit, listed as the serial interface component."
c,62,MAX232,project,"Cyber Laser driver circuit, listed as U1, converting RS-232 levels to TTL for the driver board."
d,48,MAX232,project,"VOCUS Speech Input Module, providing the serial interface that routes data to the code-to-speech microcontroller U1."
e,20,MAX232,project,"The ComputerCraft Programmer's RS-232 transceiver U2, converting TTL signals to/from RS-232 levels for data and CTS."
e,36,MAX232,project,"The ComputerCraft Z8671 circuit, labelled near the RS-232 header and capacitors C4, C5."
g,40,MAX232,project,"RS-232 interface section, providing level shifting for the serial data lines connected to the D-connector."
g,42,MAX232,project,"RS-232 infrared data link, input/output/signal ground pins used for testing, pin 11 held high by OR gate."
4,72,MAX232A,technique,"Discussed in the transceiver section as a high-speed device enabling smaller, cost-effective systems with 0.1-F capacitors."
e,20,MC1488,mention,Named as a common alternative RS-232 driver/receiver chip to the MAX232 used in the Programmer.
1b,34,MC1489,project,"The speech synthesizer circuit, labelled IC9 near C21 and the DB-25 connector."
3,68,MC1489,advert,Listed as 20-line inputs on the 8031 Controller Boards in the L.S. Electronic Systems Design advertisement.
5,74,MC34064,mention,Named in the 68HC11 SBC article as a Motorola backup power IC alternative to Seiko's S-8054HN.
4,16,MJE3055,project,"CyberBot optical neuron circuit, identified as the npn power transistor driven by U3 to switch motors."
1o,38,MLED81,project,"Remote-control transmitter, infrared LEDs LED2, LED3, and LED4 in the output stage."
1l,8,MOC3021,reference,"Listed as IC11 in the digital timer parts list, specified as a diac optical coupler."
1l,10,MOC3021,project,"Digital timer circuit, optical coupler IC11 isolating control signal to triac TR1."
1s,49,MOC8101,reference,New product announcement for an optoisolator designed for switch-mode power supplies with matched CTRs.
10,21,MPF102,project,The JFET Q1 in the input stage of the circuit.
10,49,MPF102,project,"The discrete-component high-frequency op amp, used as Q1 and Q2 in the input differential pair."
10,50,MPF102,project,"Discrete-component high-frequency op amp, used for Q1 and Q2 which must be closely matched."
1f,46,MPF102,project,"In the stereo audio circuit, labelled Q1 near R24 and IC4A."
1g,42,MPF102,reference,"Listed as Q1 in the frequency counter parts list, an n-channel field-effect transistor."
1g,43,MPF102,project,FET Q2 in the main electronics assembly of the frequency counter.
1j,34,MPF102,project,"The n-channel field-effect transistor Q1 in the voltage-controlled filter circuit, listed in the parts list."
1u,12,MPS100,reference,Beckman Industrial low-cost power supply offering ±30 volts at 3 amperes with remote sensing.
e,28,MPS2907,project,"The remote control encoder circuit, shown as the transistor driving the 40KHZ IN signal to the MC145026."
f,48,MPS2907,project,"Transistor in the MC145026 remote-control encoder circuit, shown near the 40kHz input and data output pins."
g,37,MPS2907,project,"Transistor in the 5V LED driver circuit, shown with R1 and R2 for controlling peak IR current."
g,40,MPS2907,project,"RS-232 infrared link circuit, acting as a transistor driver for the IRED infrared transmitter."
y,34,MPS5172,project,"The 64K Printer Buffer, listed as Q1 in the parts list and schematic."
11,43,MPS5179,project,"Transistor Q1 in the Hartley oscillator stage, listed as an alternative to 2N5179."
11,44,MPS5179,project,"FM Transmitter circuit; a transistor installed with its emitter, base, and collector leads oriented left to right."
1u,12,MPS60,reference,Beckman Industrial low-cost power supply offering ±15 volts at 2 amperes.
11,43,MPS6514,project,Transistor Q2 in the Hartley oscillator circuit schematic and parts list.
11,44,MPS6514,project,FM Transmitter circuit; a transistor installed alongside the MPS5179 with leads pointing toward the viewer.
14,21,MR504,project,"Stereo audio circuit, bridge rectifiers CR19, CR18, CR17, CR16 in the power supply."
1c,20,MR504,project,"The audio amplifier's power supply section, appearing as diodes CR19, CR18, CR17, and CR16."
1c,24,MR504,project,"The rectifier diodes in the 50V power supply, including CR20, CR22, CR21, and CR24."
1c,21,MTP8P10,reference,Listed as the primary p-channel power FET for Q1 and Q3 in the parts list.
1i,62,MV209,project,Varactor diode in the amplifier/varactor network for frequency drift compensation.
1n,36,MV2109,project,"Video modulator circuit, designated D5, functioning as a voltage-variable-capacitance diode in the modulation stage."
1j,36,NE5532,project,Low-noise dual operational amplifier IC2 used in the phaser signal path.
p,51,NE5532,project,High-slew-rate op amp IC1 used in the audio signal path for maximum fidelity.
z,38,NE5534N,project,"Step Generator analog circuitry, identified as the IC for the gain stage with R19 and C2."
1i,34,NE555,project,"The Automotive Back-Up Alarm, used as timer IC2 to disable the sound for one second."
1r,29,NE555,project,"Car Back-Up Alarm circuit, listed as IC1, the timer chip generating the alarm tone."
p,49,NE555,project,"Timer IC6 in the schematic, associated with C21 and R53."
p,51,NE555,project,Timer IC6 generating the timebase that controls the audio sample delay duration.
1f,38,NE555N,project,"Digital multimeter circuit, labelled IC5 as a timer or oscillator beside R6 and R7."
p,51,NE570,mention,Mentioned as the popular predecessor to the NE572N delay chip used in the system.
p,51,NE572,project,"Delay chip IC4, the core component of the audio sample rate (ASR) system."
p,51,NE572N,mention,"Described as the improved, dynamic version of the NE570 delay chip."
b,44,OC51,reference,"Bit label in the TMSK1 register diagram (Fig. D), indicating the output-compare 5 interrupt mask."
1w,54,OD100,reference,"Opto Diode Corp. high-power IR LED, described as a flat-shaped TO-39 device with 150-degree beam divergence."
1w,54,OD50L,reference,"Opto Diode Corp. high-power IR LED, described as a TO-39 glass-lensed diode with 10-degree beam divergence."
1w,55,OD50L,mention,"Opto Diode OD-50L infrared LED, cited as an example of a device drivable with 10-ampere pulses in the article."
1w,54,OD663,reference,"Opto Diode Corp. large TO-66 IR LED, described as featuring a series arrangement of three individual chips."
1w,74,OD663,project,"The device under test in the Variable Load Box/Power Transistor Tester, shown forward-biased in an infrared image."
1r,48,OP07,project,The precision operational amplifier used as the difference amplifier in the Fig. 4 thermal detector circuit.
1s,27,OP07,project,"The precision thermocouple thermometer voltmeter accessory, listed as IC1, the operational amplifier in the signal conditioning circuit."
1s,42,OP07,project,"The operational amplifier in the simple light-measuring circuit of Fig. 3, chosen for low input bias current and offset voltage."
1s,43,OP07,mention,Suggested as a high-quality op amp for accurate low-light measurements in the photodiode circuit.
m,14,PL512,none,"Named as the Pioneer PL-512 turntable in a review of low-cost audio equipment, not a component in a circuit."
g,21,PL513,reference,"Block diagram and pinout details for the X-10 transceiver, shown alongside the TW-523."
g,22,PL513,reference,X-10 protocol article; listed in Table 2 as a module that does not support extended functions like Hail Request.
g,23,PL513,reference,Listed as a $25.99 module available from Montgomery Engineering in the parts list for the X-10 interface.
g,26,PL513,mention,"X-10 interface module, offered as an alternative to the TW-523 requiring pin 3 of J2 disconnection."
n,11,PL910,none,Model number of the Kyocera turntable described in the product news section.
n,86,PL910,none,"Model number of the turntable described in the new products section, not a component."
1h,24,RC4558,mention,Listed as an alternative to the LM1458 dual operational amplifier for IC4 in the component tester.
1w,39,S1G,project,"The Variable-Load Box/Power-Transistor Tester, a contact of the 8-pdt switch S1 connecting to Q1."
3,37,S9030000FC,none,"Hexadecimal data string in a sample binary file record, not a component reference."
4,53,S9030000FC,none,"End-of-file record in the Motorola S-record format of Listing 2, not a component."
5,75,S9030000FC,none,End-of-file marker in the Motorola S-format assembly listing for the test program.
f,46,S9030000FC,none,"An example end-of-file record in the S-record format text, not a component."
1f,46,SSM2024,project,"In the stereo audio circuit, labelled IC2 near C2 and R11."
9,73,TIP120,project,"Stepper motor driver circuit, shown as a transistor in the Phase 2 circuit section."
1h,52,TIP30,project,"Strobe unit circuit, listed as Q1 in the parts list for the flashing strobe."
7,54,TIP31,project,"Lab-Grade Function Generator, transistor Q6 forming the push-pull output stage with Q7."
7,54,TIP32,project,"Lab-Grade Function Generator, transistor Q7 forming the push-pull output stage with Q6."
13,24,TIP42,project,"The Ni-Cd battery charger circuit, labelled Q1 in the charge rate selector section."
13,25,TIP42,project,"Ni-Cd battery charger and recycle control circuit, labelled Q4 in the power switching section near R25 and R24."
7,59,TIP42,project,"The pnp transistor Q1 in the battery over/under-voltage detector, switching power to the load and alarm."
12,43,TL071,project,"Op amp IC2 in the Fig. 3 circuit, serving as a buffer and current source for the CA3080."
v,49,TL071,project,"IC2, the bi-FET op amp providing unity-gain or boosted signal amplification."
v,70,TL071,project,"Testbench Audio Amplifier, specified as the single op amp for IC2 to minimize parts count."
1j,34,TL072,project,A dual operational amplifier listed as an alternative to IC1 (NE5523 or LM1458) in the parts list.
1k,35,TL072,project,"Fuzz-box guitar effects circuit, IC1 used as the dual op-amp for gain and high-frequency equalization."
1z,46,TL072,mention,"Suggested substitute for the Motorola op amp U19 in the CCD camera circuit, with reduced bandwidth."
7,52,TL072,project,"Lab-Grade Function Generator, IC1 operational amplifier used in the signal conditioning stage."
v,70,TL072,project,"Testbench Audio Amplifier, suggested as a dual op amp alternative to the TL071 for IC2."
p,51,TL074CN,project,Op amp IC2 used in the audio signal path alongside the NE5532.
1g,26,TL081,project,"Op-amp IC2 in the electrometer's metering circuit, shown in Fig. 3."
1b,39,TL084,project,"The fast-slew-rate quad op amp IC6 in the waveform generator, used as a current-to-voltage converter."
1b,41,TL084,project,"Programmable waveform generator, identified as IC6 in the output stage."
1b,45,TL084,project,"The waveform generator project, where IC6 is a quad op amp with three stages operated as inverters."
t,51,TL084,mention,"The Looker digital logic probe, offered as a substitute for IC1, a quad JFET op amp."
t,52,TL084,mention,The Looker logic probe; suggested as a pin-for-pin replacement for the TLC274 to extend frequency range.
t,74,TL084,project,"The Looker logic probe, listed as an alternative to the LM324 with specific supply and resistor requirements."
14,39,TLC271,mention,Listed as an alternative to the CA3160 for IC1 in the diode tester parts list.
14,41,TLC271,mention,"Opto Tester circuit, offered as a Radio Shack substitute for IC1 with limited frequency response."
1k,54,TLC271,mention,"CMOS op-amp article, named as a single low-power op amp series identical to the TLC251 except for 1V minimum supply."
1r,49,TLC271,project,"Op-amp in the high-impedance amplifier for Kynar pyroelectric film, shown in Fig. 7."
1r,50,TLC271,project,"The op amp in the Fig. 6 pyroelectric detector circuit, noted to work with dual-polarity supplies."
1k,53,TLC272,project,"The op-amp in the example circuit, connected to R3, R4, and C3 for gain and filtering."
1k,54,TLC272,project,"CMOS op-amp article, used as the op amp in the Fig. 2 electret microphone preamplifier circuit."
t,50,TLC274,project,"The Looker logic probe, used as IC1 for input buffering, offset comparison, and voltage following."
t,51,TLC274,project,"The Looker digital logic probe, listed as IC1, a quad CMOS op amp with three active stages."
t,52,TLC274,project,The Looker logic probe; the standard op-amp used in the main circuit design.
1k,54,TLC277,mention,"CMOS op-amp article, named as a dual op amp series with voltage gains ranging from 40 to 55."
1k,54,TLC27L7,mention,"CMOS op-amp article, named as a low-current variant of the TLC277 series consuming 10 microamperes."
1k,54,TLC27M2,mention,"CMOS op-amp article, named as the series from which the Fig. 2 microphone preamplifier circuit was adapted."
1k,54,TLC27M7,mention,"CMOS op-amp article, named as a medium-current variant of the TLC277 series consuming 150 microamperes."
1k,56,TLC372,project,"IC1 in the window comparator demonstration circuit, listed as an alternative to ALD2301."
17,24,TLC555,project,"Printer Buffer interface, IC4, CMOS timer generating the system clock up to 2 MHz."
17,53,TLC555,reference,"Pinout diagram in the Busybody dialer article, grouped with LM555."
17,62,TLC555,mention,"Low-power VHF pulse transmitter, suggested as a low-power substitute for IC1."
1w,42,TLC555,project,"The transmitter circuit of the Infrared-Detector Event Counter, configured as a 40,000-Hz oscillator to drive IRED1."
1w,43,TLC555,project,"Infrared-Detector Event Counter, labelled IC1 near R3 in the MOD2 integrated counting module."
1w,44,TLC555,project,"Infrared-Detector Event Counter, specified as ICI in the transmitter module."
1x,7,TLC555,mention,Suggested in a reader's letter for building a transmitter with a resonator to provide a dead-on center frequency.
7,59,TLC555,project,"The low-power CMOS timer IC2 in the battery over/under-voltage detector, configured as an oscillator for the alarm."
e,30,TLC555,project,"The TLC555 timer U3 in the remote control encoder circuit, configured as a 40-kHz oscillator."
f,55,TLC555,project,"The timer in the stand-alone transmitter, generating the 300ms timing signals required for the transmission sequence."
g,40,TLC555,project,"40-kHz oscillator section, generating the carrier signal for the infrared transmission."
1r,34,U401,project,"Integrated circuit U401 in the tested control circuit for high-current loads, connected to R401."
1,41,UA741,project,"Listed as the op-amp for the Function Generator circuit, with the dual A747 offered as an alternative."
1,42,UA741,project,"The amplifier in the Fig. 3 resistance test circuit, connected to R1 and the function generator input."
1,44,UA741,project,The op-amp in the pulse response measurement circuit.
1r,54,UL943,none,U.S. UL943 timing standard mentioned as the compliance requirement for the LM1851 device.
3,68,ULN2803,advert,Listed as 16-line outputs on the 8031 Controller Boards in the L.S. Electronic Systems Design advertisement.
9,13,ULN2803A,project,"Embedded controller system, shown in Fig. 1 as the stepper driver interface and digital I/O port driver."
9,73,ULN2803A,technique,"Relay interface section, described as the Darlington array IC driving relay coils."
11,58,VN10KM,technique,"In the MOSFET audio amplifier, identified as the n-channel power MOSFET used for Q1 in the test versions."
14,39,VN10KM,project,"Q1, the enhancement-mode FET in the diode tester circuit, listed in the parts list."
14,40,VN10KM,project,"The Opto Tester circuit, labelled Q1, part of the test setup for optical couplers and zener diodes."
14,41,VN10KM,project,"Opto Tester circuit, labelled Q1 in the schematic diagram."
14,44,VN10KM,project,"The Optical Isolater circuit, labelled Q1 near R5 and IC1."
21,30,XR2206,project,"The core chip of the Dual-Channel Function Generator, producing sine, square, triangle, and ramp waveforms."
21,31,XR2206,project,"The core IC of the Dual-Channel Function Generator, with its sine wave-shaper circuit details shown in Fig. 4."
21,69,XR2206,project,"The Function Generator circuit, where pin 1 voltage is adjusted to set modulation bias."
z,36,XR2206,project,"The function generator chip (IC1) in the Audio Step Generator, chosen for its 0.5% distortion sine wave output."
1u,28,XR2206CP,project,"The oscillator chip for the Tide Clock, chosen for its 20 ppm/°C thermal stability."
0,48,Z80,mention,Listed as an example of a microprocessor IC alongside Intel's 8088 and Motorola's 68000 in a general discussion.
0,68,Z80,reference,"Z80 Family Data Book advertisement, listed as a resource for microprocessor-based designs."
13,13,Z80,mention,Named as an instruction set included in the NSC-800 microprocessor used in the described system.
14,35,Z80,mention,"Apple IIGS system overview, named as an optional card required to run CP/M software."
15,27,Z80,mention,"Named as the Z80 mode of the V-20 processor, enabling CP/M compatibility in the system speed discussion."
17,74,Z80,mention,"Named in the review of 'Microcomputer Operation, Troubleshooting and Repair' as the 8-bit computer architecture discussed in the book."
1i,65,Z80,mention,CPU type mentioned as commonly used in Terminal Node Controllers (TNCs) for packet radio.
1o,8,Z80,none,Not found in the provided text; likely an OCR error or artifact from the scan.
6,41,Z80,mention,Named as a popular Zilog microprocessor for single-board designs in general advice on chip selection.
9,41,Z80,none,"Listed in an advertisement for Zilog emulators and programmers, not a component in the schematic."
a,42,Z80,mention,Named as a general-purpose microprocessor excluded from the microcontroller board guide.
g,26,Z80,none,Processor listed in the 'Low Cost Development Tools' advertisement for C compilers and assemblers.
h,6,Z80,none,Listed in the table of contents as a topic comparing it to the 8080 on page 21.
l,80,Z80,mention,"In a reader's letter, cited as the processor in the Bally Home Library Computer, a low-cost system the editor notes was omitted from a previous roundup."
n,30,Z80,mention,"Apple IIe review, mentioned as an optional processor card for running CP/M programs."
n,99,Z80,none,Appears in the text as 'Z80 CPU' describing the processor type of the MTX512 system.
r,14,Z80,project,"Vidicraft CCU-120 Commercial Cutter, where two units handle timing, programming, video monitoring, and command execution."
t,23,Z80,none,"Named as the CMOS processor in the Epson and NEC portable computer comparison, not a component in a circuit."
w,11,Z80,mention,Named in the BufferLink product description as the machine code it downloads or the hardware development system it supports.
w,29,Z80,project,"One of the two microprocessors in the Commodore C128, used to emulate three independent computer systems."
w,30,Z80,project,"The C128 computer's microprocessor, running at 4 MHz to set up the CP/M environment."
y,32,Z80,project,"The 64K Printer Buffer project, identified as the microprocessor (IC1) at the heart of the circuit."
y,34,Z80,technique,"The 64K Printer Buffer, described as the CPU executing machine-code instructions in the PROM."
y,36,Z80,project,"The 64K Printer Buffer's microprocessor, receiving power-up reset from R1 and C7 and managing data flow between computer and printers."
y,73,Z80,project,"The 64K Printer Buffer, where pin 6 is identified as the Z80's clock pin."
1s,39,Z80A,reference,Listed in the processor comparison table for the Commodore 128 and 128D in CP/M mode.
n,86,Z80A,none,Processor specified for the Memotech MTX512 personal computer in the new products section.
n,99,Z80A,none,Identified as the specific processor running at 4MHz in the MTX512 system description.
o,22,Z80A,reference,"The main microprocessor of the Coleco ADAM, addressing 64K bytes of user memory."
o,24,Z80A,reference,Listed as the central processor in the Coleco ADAM hardware block diagram.
q,12,Z80A,reference,Listed as the microprocessor operating at 3.4 MHz in the hand-held digital player's standard features.
