doc,page,part,kind,line
6k,1,1590BB,none,Hammond diecast enclosure used by Martin G0PJO and another builder to house their QCX transceivers.
m,20,1N007,reference,"QMX+ assembly manual parts list, listed as 3 pieces of 90deg header diode."
4d,1,1N017,none,"OCR misread of frequency or time data in the spectrum log, not a component reference."
2z,3,1N14,none,OCR fragment of the 1N4148 diode label in the Ultimate relay-switched LPF circuit diagram.
25,164,1N148,project,"QCX+ transceiver schematic, listed as D4 in the power meter section."
2z,3,1N148,none,OCR fragment of the 1N4148 diode label in the Ultimate relay-switched LPF circuit diagram.
73,114,1N148,project,"QCX transceiver kit, used as D5 in the keying circuit and for DVM button inputs."
74,108,1N148,project,"QCX transceiver, used in the DVM, phase shift network, and button input circuits."
75,109,1N148,project,"QCX transceiver kit, used in the DVM circuit and as diodes D1 and D2 in the phase shift network."
79,108,1N148,project,"QCX transceiver, in the phase shift network section near R58 and D2."
7a,108,1N148,project,"QCX 5W CW transceiver kit, used in the DVM and phase shift network sections."
7b,105,1N148,project,"QCX transceiver, listed in the parts list and shown in the volume control and key shaping circuits."
7c,105,1N148,project,"QCX transceiver, used in the Volume, DVM, and Phase shift network sections."
7d,105,1N148,project,"QCX transceiver, used as D1 and D2 in the phase shift network and key shaping sections."
7e,104,1N148,project,"QCX transceiver, listed as D1 and D2 in the Interface section."
9u,164,1N148,project,"QCX+ transceiver schematic, listed in the parts list near D4 and R58."
ap,1,1N148,project,"The QCX Switch Pulse Modifiers circuit, identified as D3 in the edge detector section."
b7,1,1N148,project,"QRP Labs Ultimate 3 antenna switch modification, labelled near the 1N4148 diodes in the schematic."
14,6,1N4001,mention,Suggested in the assembly section as a series rectifier diode to drop the QMX supply voltage by about 0.6V per diode.
15,6,1N4001,mention,Suggested as series rectifier diodes to drop the QMX supply voltage by about 0.6V each.
16,6,1N4001,mention,Suggested in the QMX power supply section as a series diode to drop supply voltage by 0.6V per unit.
17,6,1N4001,mention,Suggested in the power supply section as series rectifier diodes to drop the input voltage by about 0.6V each.
18,6,1N4001,mention,Suggested as a series rectifier diode to drop the QMX supply voltage by approximately 0.6V per diode.
19,6,1N4001,mention,Suggested in the QMX operating manual as a series rectifier diode to drop the 12V supply voltage by about 0.6V each.
1a,6,1N4001,mention,Suggested as a series rectifier diode to drop the QMX supply voltage by approximately 0.6V per diode.
1b,6,1N4001,mention,Suggested as a series rectifier diode to drop the QMX supply voltage by approximately 0.6V per diode.
1c,6,1N4001,mention,Suggested as series rectifier diodes to drop the QMX supply voltage by approximately 0.6V each.
1d,6,1N4001,technique,Suggested in the supply voltage section as a series rectifier diode to drop the input voltage by about 0.6V each.
1e,6,1N4001,mention,Suggested as series rectifier diodes to drop the QMX supply voltage by approximately 0.6V each.
1f,6,1N4001,mention,Suggested in the QMX operating manual as a series rectifier diode to drop the 12V supply voltage by approximately 0.6V each.
1g,6,1N4001,mention,Suggested as series rectifier diodes to drop the QMX supply voltage by approximately 0.6V each.
1h,6,1N4001,mention,Suggested as series rectifier diodes to drop the QMX supply voltage by approximately 0.6V each.
59,1,1N4001,technique,"Ultimate GPS receiver kit, tested as a series voltage regulator to drop 5V to 3.3V for the SKM52 module."
7u,1,1N4001,technique,"SKM52 GPS module diode regulator, plotted on the voltage-current characteristic graph."
i,6,1N4001,mention,Suggested in the power supply section as series rectifier diodes to drop the supply voltage by about 0.6V each.
3a,5,1N4004,reference,Listed as D201 in the 10W HF Linear PA assembly parts list.
3a,6,1N4004,reference,Listed as a single component in the 10W HF Linear PA assembly parts list.
3a,9,1N4004,project,"The 10W HF Linear PA schematic, labelled as D201 in the input stage."
3a,25,1N4004,project,"10W HF Linear PA kit assembly, installed as diode D201 with specific orientation to avoid shorting the BS170."
3b,7,1N4004,reference,"10W HF Linear PA parts list, listed as D201."
3b,8,1N4004,reference,Listed as a single component in the 10W HF Linear PA assembly parts list.
3b,12,1N4004,project,"The 10W HF Linear PA schematic, labelled D201 in the input stage near Q201."
3b,31,1N4004,project,"The 10W HF Linear PA assembly guide, identified as diode D201 to be installed vertically near the BS170 transistors."
3c,5,1N4004,reference,Listed as D201 in the semiconductor section of the 10W HF Linear PA kit parts list.
3c,7,1N4004,reference,"Listed in the 10W HF Linear PA kit parts list, shown with 2N3904 and 78L05."
3c,27,1N4004,project,The 10W HF Linear PA kit; installed as diode D201 with specific orientation relative to the PCB symbol.
40,1,1N4004,project,"The QRP Labs dummy load kit, listed as D1 in the diode RF detector stage."
40,5,1N4004,project,"The silicon diode in the 50-ohm 20W dummy load power measurement circuit, used for voltage drop measurement."
41,1,1N4004,project,"Listed as D1 in the 50-ohm 20W dummy load kit, used in the simple RF detector to rectify and smooth peak voltage."
41,5,1N4004,project,"The 50-ohm 20W dummy load, identified as the silicon diode D1 used for power measurement."
42,1,1N4004,project,"The diode in the RF detector of the 50-ohm 20W dummy load, listed as D1 with C1."
42,4,1N4004,project,"Silicon diode in the dummy load's power measurement circuit, noted for its 0.6-0.7V forward drop."
43,2,1N4004,project,"The 50-ohm 20W QRP dummy load, serving as the rectifier diode D1 in its simple RF detector circuit."
43,6,1N4004,project,"The 50-ohm 20W dummy load kit, identified as the silicon diode used for peak voltage measurement."
44,8,1N4004,reference,Listed as D1 in the parts list for the 50-ohm 20W dummy load kit.
44,13,1N4004,project,"The silicon diode in the dummy load's power measurement circuit, used to measure peak voltage for power estimation."
9z,23,1N4004,project,"QSX 10W Linear PA module, labelled D201 in the input protection section."
a0,17,1N4004,project,"10W Linear Power Amplifier, used as D201 in the bias and input circuitry."
10,5,1N4007,project,"QMX transmitter schematic, used as diodes D508, D511, D512, D515, and D510 in the TX bias and LPF sections."
11,5,1N4007,project,"QMX transmitter schematic, used as diodes D508, D511, D512, D515, and D513 in the PA and filter stages."
12,5,1N4007,project,"QMX transceiver RF section, used as diodes D508, D511, D512, D515, and D516 in the PA and filter stages."
2c,2,1N4007,none,"Listed in the table of contents under section 2.5, 'Install 1N4007 diodes', as a heading for the assembly step."
2c,9,1N4007,reference,"QDX Digital Transceiver parts list, listed as diodes D1 through D6."
2c,17,1N4007,project,"QDX Digital Transceiver assembly, listed as D1-D6 to be installed on the PCB with specific orientation."
2c,44,1N4007,project,"QDX Digital Transceiver schematic, used as diodes D4, D5, and D6 in the band selection circuit."
2c,75,1N4007,technique,"QDX Digital Transceiver manual, described as a 'Poor man's PIN diode' for HF switching."
2c,76,1N4007,mention,Cited as an inexpensive common component for implementing PIN diode switches in the QDX transceiver.
2c,83,1N4007,project,"The PIN diodes in the QDX PIN diode bias circuit, fed by the buck converter output via resistors R2 and R4."
2e,1,1N4007,project,"QDX Digital Transceiver, used as protection diodes D1, D2, D3, D4 near the STM32 and USB interface."
2f,2,1N4007,none,"Listed in the table of contents as section 2.5, 'Install 1N4007 diodes'."
2f,9,1N4007,reference,"QDX Digital Transceiver parts list, listed as D1 through D6 in the semiconductors section."
2f,13,1N4007,reference,"QDX Digital Transceiver inventory list, listed as 6pcs diode for the 80/60/40/30/20m version."
2f,16,1N4007,project,"QDX Digital Transceiver assembly, installed as diodes D1-D6 with specific orientation on the PCB."
2f,43,1N4007,project,"QDX Digital Transceiver schematic, used as diodes D4, D5, and D6 in the band selection circuit."
2f,75,1N4007,technique,"QDX Digital Transceiver manual, described as a 'Poor man's PIN diode' for HF On/Off switching."
2f,76,1N4007,mention,"QDX Digital Transceiver manual, cited as an inexpensive common component for implementing reliable PIN diode switches."
2f,83,1N4007,project,"QDX Digital Transceiver, identified as the PIN diodes in the low pass filter path driven by the buck converter."
2g,2,1N4007,none,"Listed in the table of contents under section 2.5, 'Install 1N4007 diodes', as a heading for the assembly step."
2g,10,1N4007,reference,"QDX Digital Transceiver parts list, listed as diodes D1 through D6."
2g,12,1N4007,reference,"QDX Digital Transceiver inventory parts list, listed as 6pcs diode."
2g,16,1N4007,project,"QDX Digital Transceiver assembly, installed as diodes D1-D6 with orientation critical to PCB silkscreen alignment."
2g,38,1N4007,project,"QDX Digital Transceiver schematic; used as diodes D2, D3, D4, D5, D6 in the RF and power sections."
2g,68,1N4007,technique,"QDX Digital Transceiver manual, described as a 'Poor man's PIN diode' for HF RF switching."
2g,69,1N4007,mention,"QDX Digital Transceiver manual, cited as an inexpensive common component for implementing reliable PIN diode switches."
2h,2,1N4007,none,"Table of contents entry for section 2.5, 'Install 1N4007 diodes'."
2h,10,1N4007,reference,"QDX Digital Transceiver parts list, listed as diodes D1 through D6."
2h,12,1N4007,reference,"QDX Digital Transceiver inventory parts list, listed as 6pcs 1N4007 diode."
2h,14,1N4007,project,"QDX Digital Transceiver assembly, six diodes D1-D6 installed on the PCB with specific orientation."
2h,36,1N4007,project,"QDX Digital Transceiver schematic, used as diodes D2, D3, D4, D5, D6 in the RF and power sections."
2h,66,1N4007,technique,"QDX Digital Transceiver manual, described as a 'Poor man's PIN diode' for HF On/Off switching in place of expensive PIN diodes."
2h,67,1N4007,project,"QDX Digital Transceiver, used as an inexpensive common component for PIN diode switching in the Low Pass Filter circuits."
2i,2,1N4007,none,"Listed in the table of contents as the subject of assembly section 2.5, not a component placement."
2i,10,1N4007,reference,"QDX Digital Transceiver parts list, listed as diodes D1 through D6."
2i,12,1N4007,reference,"QDX Digital Transceiver inventory parts list, listed as 6pcs diode."
2i,14,1N4007,project,"QDX Digital Transceiver assembly, D1-D6, with orientation instructions for the PCB silkscreen."
2i,35,1N4007,project,"QDX Digital Transceiver, used as D4, D5, D6 in the RF front-end and as D2, D3 in the LPF section."
2i,64,1N4007,technique,"QDX Digital Transceiver manual, described as a 'Poor man's PIN diode' for HF On/Off switching in place of expensive PIN diodes."
2i,65,1N4007,technique,"QDX Digital Transceiver manual, cited as an inexpensive common component for implementing PIN diode switches."
2m,2,1N4007,none,"Table of contents entry for section 2.5, 'Install 1N4007 diodes', pointing to page 14."
2m,10,1N4007,reference,"QDX Digital Transceiver parts list, listed as diodes D1 through D6."
2m,12,1N4007,reference,Listed in the QDX inventory parts list as 6pcs diodes.
2m,14,1N4007,project,"QDX Digital Transceiver assembly, installed as diodes D1-D6 with specific orientation to PCB silkscreen."
2m,44,1N4007,project,"QDX Digital Transceiver, used as diodes D2, D3, D4, D5, D6 in LPF and USB sections."
2m,73,1N4007,technique,"QDX Digital Transceiver manual, described as a 'Poor man’s PIN diode' for HF On/Off switching."
2m,74,1N4007,technique,"QDX Digital Transceiver manual, cited as an inexpensive common component for implementing reliable PIN diode switches."
2n,1,1N4007,project,"QDX Digital Transceiver schematic; used as diodes D1, D2, D3, and D4 in RF and digital sections."
2o,1,1N4007,project,"QDX Digital Transceiver schematic; used as protection diodes D1, D2, D3, D4 in power and USB sections."
2p,1,1N4007,project,"QDX Digital Transceiver schematic; D1, D2, D3, D4, D9, and Q9 protection diodes in RF and USB sections."
2q,1,1N4007,project,"QDX Digital Transceiver schematic; appears as D1, D2, D3, and D4 in various RF and digital stages."
2s,15,1N4007,technique,"In the QDX low-pass filter switching section, described as a poor-man's PIN diode alternative to relays for RF switching."
2s,16,1N4007,technique,"QDX Digital Transceiver filter switching section; used as the diode switch, with a warning to use genuine parts to avoid fakes."
2t,35,1N4007,technique,"QDX Digital Transceiver design notes, proposed as an HF PIN diode for band switching to replace relays."
2t,36,1N4007,project,"QDX Digital Transceiver RF switching circuit, labelled D6 and D3 near the antenna port."
2t,37,1N4007,project,"QDX Digital Transceiver RF switching circuit, used as PIN diodes D6 and D3 for antenna port switching."
2w,6,1N4007,reference,"Listed as D1, 3, 5, 7 in the 50W QCX PA kit parts list."
2w,9,1N4007,reference,Listed as a diode in the 50W QCX PA kit assembly parts list.
2w,24,1N4007,project,"The 50W QCX PA kit assembly, listed as diodes D1, D3, D5, and D7 in step 3.16."
2w,43,1N4007,project,"50W QCX PA kit assembly, listed as D7, D11, D12, D3, and D5 in the power and RF sections."
2w,55,1N4007,technique,"QRP Labs 50W Amp for QCX, described as a 'Poor man’s PIN diode' for HF switching."
2w,56,1N4007,project,"QRP Labs 50W Amp for QCX, used as the PIN diode switch D1 in the transmit/receive path."
2w,58,1N4007,project,"QRP Labs 50W Amp for QCX, used as D3 and D5 in the Receive bypass switch SW2 for off isolation."
2x,6,1N4007,reference,"Listed as D1, 3, 5, 7 in the 50W QCX Power Amplifier parts list."
2x,9,1N4007,reference,Listed as a diode in the 50W QCX PA kit assembly parts list.
2x,23,1N4007,project,"The 50W QCX PA kit assembly, specified as diodes D1, D3, D5, and D7."
2x,42,1N4007,project,"QRP Labs 50W QCX PA kit, used as diodes D2, D5, D7, and D11 in the power and RF sections."
2x,54,1N4007,technique,"In the 50W QCX PA article, described as a 'Poor man's PIN diode' for HF On/Off switching."
2x,55,1N4007,technique,"In the 50W QCX PA article, used as the PIN diode switch D1 in the RF path."
2x,57,1N4007,project,"The 50W QCX PA kit, forming the Receive bypass switch SW2 with D3 and D5 to ensure off isolation."
5g,1,1N4007,project,QMX transceiver troubleshooting; checked for correct orientation as 'PIN diodes' in the low-pass filter.
6,1,1N4007,project,"The 50W CW amplifier kit, used as PIN diodes for fast transmit/receive switching."
61,1,1N4007,project,"QMX SMPS step change test jig, placed in series with the QMX supply to drop voltage."
6b,1,1N4007,project,"QRP Labs 50W Amp for QCX, used as PIN diodes for transmit/receive switching."
6l,1,1N4007,project,QDX Digital Transceiver troubleshooting; six diodes checked for correct installation and polarity in the low power output section.
9z,28,1N4007,project,"The solid-state transmit/receive switch, used as a PIN diode switch for fast CW QSK."
9z,29,1N4007,technique,"FDIM 2019 PIN diode rules slide, suggested as a low-cost substitute for real PIN diodes in RF switching."
9z,30,1N4007,project,"FDIM 2019 TX/RX switch schematic, used as D2, D3, and D4 in the switching network."
a0,19,1N4007,technique,"In the 10W Linear PA transmit/receive switch, used as a cheap substitute for a PIN diode to provide RF isolation."
ab,1,1N4007,project,"QMX SMPS step change circuit, appearing near the 9.5V supply and P-channel section."
e,2,1N4007,none,"Table of contents entry for section 2.5, 'Install 1N4007 diodes', in the QMX+ assembly manual."
e,15,1N4007,reference,"QMX+ parts list, listed as 12 diodes D508 through D521."
e,20,1N4007,reference,"QMX+ 160-6m transceiver assembly manual parts list, listed as diodes with quantities 2pcs and 8pcs."
e,21,1N4007,project,"QMX+ transceiver assembly, installed as D508-D513 and D517-522 at the LPF outputs."
g,2,1N4007,none,"Table of contents entry for section 2.6, listing the installation step for these diodes."
g,15,1N4007,reference,"QMX+ parts list, listed as 12 diodes D508-D521."
g,20,1N4007,reference,"QMX+ transceiver assembly manual, listed as diodes with quantities 1 and 8."
g,23,1N4007,project,"QMX+ transceiver assembly, installed as D508-D513 and D517-D522 at the LPF outputs."
k,6,1N4007,project,"QMX+ transmitter schematic, used as clamping diodes in the LPF0 through LPF4 output stages."
l,6,1N4007,project,"QMX+ transmitter schematic, used as diodes in the LPF1 through LPF4 low-pass filter stages."
m,2,1N4007,none,"Listed in the table of contents as section 2.6, 'Install 1N4007 diodes', not a component on this page."
m,16,1N4007,reference,"QMX+ parts list, listed as 12 diodes for D106, D107, D502, D514, D515."
m,20,1N4007,reference,"QMX+ assembly manual parts list, listed as 8 pieces of diode."
m,23,1N4007,project,"QMX+ transceiver assembly, installed as D508-D513 and D517-D522 at the LPF outputs."
n,6,1N4007,project,"QMX+ transmitter schematic, used as diodes D508, D511, D515, D520, D521, D522 in low-pass filters and bias circuits."
o,13,1N4007,technique,"In the QDX design, used as PIN diodes for RF switching in one of three Low Pass Filters on the board."
o,15,1N4007,mention,"QMX+ design discussion, cited as a technique for transmit/receive switching in the 50W PA and Low Pass Filter switching."
p,42,1N4007,reference,"Listed in the QMX+ parts inventory with a quantity of 4, without a specific circuit function described."
q,6,1N4007,project,"QMX+ transceiver schematic, used as diodes D508, D511, D512, D513, D515, D517, D518, D520, D522 in LPF stages."
r,6,1N4007,project,"QMX+ Rev 1 schematic, used as diodes D508, D511, D512, D513, D515, D517, D518, D520, D522 in LPF stages."
v,2,1N4007,none,"Table of contents entry for section 2.6, which covers installing the 1N4007 diodes."
v,19,1N4007,reference,"QMX transceiver kit parts list, listed as six diodes D508 through D513."
v,25,1N4007,reference,"Listed in the QMX assembly inventory parts list, shown with a quantity of 3."
v,29,1N4007,project,"QMX multi-band transceiver kit, installed as diodes D508-D513 with specific orientation."
w,5,1N4007,project,"QMX transmitter schematic, used as D508, D511, D512, D515, and D513 in the power and filter stages."
x,2,1N4007,none,"Table of contents entry for section 2.6, 'Install 1N4007 diodes', not a component placement."
x,18,1N4007,reference,"QMX transceiver kit parts list, listed as six diodes D508 through D513."
x,23,1N4007,reference,"QMX multi-band transceiver kit inventory list, listed as a component with quantity 3x."
x,26,1N4007,project,"QMX multi-band transceiver kit, installed as diodes D508-D513 with specific orientation requirements."
y,2,1N4007,none,"Table of contents entry for section 2.6, directing the reader to the page for installing these diodes."
y,18,1N4007,reference,"QMX transceiver kit parts list, listed as six diodes D508 through D513."
y,22,1N4007,reference,"QMX kit parts inventory, listed with quantity 3x, shown in the parts photo."
y,24,1N4007,project,"QMX multi-band transceiver kit assembly, six diodes D508-D513 with orientation instructions."
z,5,1N4007,project,"QMX transmitter schematic, used as D508, D511, D512, D515, and D513 in the PA and bias circuits."
12,5,1N414,project,"QMX transceiver RF section, used as diodes D506 and D507 in the forward and reverse detection circuit."
2z,3,1N414,none,OCR fragment of the 1N4148 diode label in the Ultimate relay-switched LPF circuit diagram.
10,1,1N4148,project,"QMX power supply schematic, used as diodes D101, D102, D107, D109 in the 5V and 3.3V regulator sections."
10,5,1N4148,project,"QMX transmitter schematic, used as diodes D501, D503, D506, and D510 in the TX bias and LPF sections."
11,1,1N4148,project,"QMX power supply schematic, used as D101, D102, D105, D107, and D109 in the 5V and 3.3V regulator circuits."
11,5,1N4148,project,"QMX transmitter schematic, used as diodes D501, D506, D503, and D510 in the bias and control circuits."
12,1,1N4148,project,"QMX power supply schematic, used as diodes D101, D105, D107, D109, and D110 in the 5V and 3.3V regulator sections."
12,5,1N4148,project,"QMX transceiver RF section, used as diodes D501 and D513 in the bias and control logic."
1r,83,1N4148,project,"QCX-mini transceiver, used as D6 in the AGC circuit and in the phase shift network."
1r,85,1N4148,project,Two diodes in series drop the 5V supply to 3.3V for the Si5351A synthesizer in the QCX-mini VFO.
1s,84,1N4148,project,"QCX-mini transceiver; used in the audio amplifier, key shaping, and LCD interface sections."
1s,86,1N4148,project,Two diodes in series in the QCX-mini oscillator section drop the 5V supply to 3.3V for the Si5351A.
1u,96,1N4148,project,"QCX-mini transceiver, used in the phase shift network, key shaping, and LCD interface sections."
1u,98,1N4148,project,"Two diodes in series in the QCX-mini synthesized oscillator, dropping 5V to 3.3V for the Si5351A."
1w,1,1N4148,project,"QCX-mini transceiver, used as D4, D5, D6, and in the key shaping circuit."
1x,2,1N4148,none,"Table of contents entry for section 3.19, directing the reader to the installation page for these diodes."
1x,8,1N4148,reference,"QCX+ parts list, listed as D1, D2, D4, D5, D6, small red glass body diodes."
1x,17,1N4148,reference,"QCX+ 5W CW transceiver kit inventory list, identified as a diode."
1x,40,1N4148,project,"QCX+ 5W CW transceiver kit, installed as diodes D1, D2, D4, D5, and D6 on the PCB."
1x,102,1N4148,project,"QCX+ transceiver, used as D6 in the interface section and in various signal paths like key shaping."
1x,104,1N4148,project,Two 1N4148 diodes in series drop the 5V supply to 3.3V for the Si5351A synthesiser in the QCX+ transceiver.
1z,2,1N4148,none,Listed in the table of contents as section 3.19 for installing 1N4148 diodes.
1z,8,1N4148,reference,"QCX+ parts list, listed as five small red glass body diodes D1, D2, D4, D5, D6."
1z,17,1N4148,reference,"QCX+ 5W CW transceiver kit parts inventory, listed as a diode with 6 pieces."
1z,40,1N4148,project,"QCX+ 5W CW transceiver kit, five diodes D1, D2, D4, D5, D6 installed flat on the PCB"
1z,103,1N4148,project,"QCX+ transceiver, used as D6 in the interface section and in the key shaping and DVM circuits."
1z,105,1N4148,project,"QCX+ 5W CW transceiver kit, two diodes in series dropping 5V to 3.3V for the Si5351A synthesiser supply."
20,2,1N4148,none,Listed in the table of contents as section 3.19 for installing 1N4148 diodes.
20,8,1N4148,reference,"QCX+ 5W CW transceiver kit parts list, listed as D1, D2, D4, D5, D6."
20,17,1N4148,reference,"QCX+ 5W CW transceiver kit inventory list, identified as a diode."
20,40,1N4148,project,"QCX+ 5W CW transceiver kit, five diodes D1, D2, D4, D5, D6 installed flat on the PCB."
20,103,1N4148,project,"QCX+ transceiver kit, used as diodes in the interface, key shaping, and DVM sections."
20,105,1N4148,project,Two 1N4148 diodes in series drop the 5V supply to 3.3V for the Si5351A synthesiser in the QCX+ transceiver.
21,2,1N4148,none,"Table of contents entry for section 3.19, listing the installation of 1N4148 diodes."
21,8,1N4148,reference,"QCX+ 5W CW transceiver kit parts list, listed as D1, D2, D4, D5, D6."
21,17,1N4148,reference,"QCX+ 5W CW transceiver kit inventory, listed as 6pcs diode."
21,40,1N4148,project,"QCX+ 5W CW transceiver kit; five diodes (D1, D2, D4, D5, D6) installed flat on the PCB."
21,149,1N4148,project,"QCX+ transceiver kit, used as D6 in the interface section and in the key shaping circuit."
21,151,1N4148,project,"QCX+ 5W CW transceiver kit, two diodes in series dropping 5V to 3.3V for the Si5351A synthesiser supply."
22,2,1N4148,none,"Table of contents entry for section 3.19, listing the installation of 1N4148 diodes."
22,9,1N4148,reference,"QCX+ 5W CW transceiver kit parts list, listed as D1, D2, D4, D5, D6."
22,19,1N4148,project,"QCX+ 5W CW transceiver kit, listed as 5pcs diodes in the component identification photo."
23,27,1N4148,project,"QCX+ transceiver, used as D9 in the GPS interface and for key shaping and LCD protection."
23,29,1N4148,project,"QCX+ 5W CW transceiver kit, two diodes connected in series to drop 5V to the Si5351A supply."
23,41,1N4148,project,"QCX+ transceiver schematic, labelled D6 near R50 and R49 in the LCD interface section."
25,2,1N4148,none,"Table of contents entry for section 3.19, directing the reader to the page for installing these diodes."
25,11,1N4148,reference,"QCX+ 5W CW transceiver kit parts list, listed as five small glass diodes for D1, D2, D4, D5, and D6."
25,22,1N4148,reference,"QCX+ 5W CW transceiver kit inventory list, listed as 5pcs diode."
25,47,1N4148,project,"QCX+ transceiver kit assembly, listed as D1, D2, D4, D5, and D6 to be installed flat on the PCB."
25,164,1N4148,project,"QCX+ transceiver schematic, used as D5 in the power meter and D6 in the key shaping."
26,1,1N4148,project,"QCX+ transceiver, used as D4, D2, and D6 in the amplifier, interface, and key shaping sections."
28,1,1N4148,project,"QCX+ transceiver, used as diodes D2, D4, D5, D6 in the interface and key shaping sections."
2c,9,1N4148,reference,"QDX Digital Transceiver parts list, listed as SMD SOD323 diodes D7 through D10."
2c,44,1N4148,project,"QDX Digital Transceiver schematic, used as diodes in the LPF and band selection sections."
2e,1,1N4148,project,"QDX Digital Transceiver, used as signal diodes D6, D8, D9, D10 in the RF and control logic stages."
2f,9,1N4148,reference,"QDX Digital Transceiver parts list, listed as SMD SOD323 diodes D7 through D10."
2f,43,1N4148,project,"QDX Digital Transceiver schematic, used as diodes in the LPF and band selection sections near C32 and C34."
2g,10,1N4148,reference,"QDX Digital Transceiver parts list, listed as SMD diodes D7, D8, and D9."
2g,38,1N4148,project,QDX Digital Transceiver schematic; used as switching diodes near the USB interface and logic gates.
2h,10,1N4148,reference,"QDX Digital Transceiver parts list, listed as SMD diodes D7, D8, and D9."
2h,36,1N4148,project,"QDX Digital Transceiver schematic, used as diodes in the USB and digital signal paths near IC5C and Q11."
2i,10,1N4148,reference,"QDX Digital Transceiver parts list, listed as SMD diodes D7, D8, and D9."
2i,35,1N4148,project,"QDX Digital Transceiver, used as D7 and D8 in the RF section and near IC5C for USB signal conditioning."
2m,10,1N4148,reference,"QDX Digital Transceiver parts list, listed as SMD diodes D7, D8, and D9."
2m,44,1N4148,project,"QDX Digital Transceiver, used as diodes D7 and others near IC5C and USB data lines."
2n,1,1N4148,project,"QDX Digital Transceiver schematic; used as diodes D5, D6, D7, and D8 in switching and logic circuits."
2o,1,1N4148,project,"QDX Digital Transceiver schematic; used as signal diodes D6, D7, D8 in RF and digital signal paths."
2p,1,1N4148,project,"QDX Digital Transceiver schematic; D7, D8, and D9 signal diodes near the I2C and USB interfaces."
2q,1,1N4148,project,"QDX Digital Transceiver schematic; appears as D6, D7, and D8 in the digital and RF sections."
2t,36,1N4148,project,"QDX Digital Transceiver RF switching circuit, labelled D7, D8, and D9 in the PIN diode section."
2t,37,1N4148,project,"QDX Digital Transceiver RF switching circuit, used as PIN diodes D7, D8, and D9 in the switch network."
2w,6,1N4148,reference,"Listed as D2, 4, 6, 8, 9, 10 in the 50W QCX PA kit parts list."
2w,9,1N4148,reference,Listed as a diode in the 50W QCX PA kit assembly parts list.
2w,24,1N4148,project,"The 50W QCX PA kit assembly, listed as diodes D2, D4, D6, D8, D9, and D10 in step 3.15."
2w,43,1N4148,project,"50W QCX PA kit assembly, listed as D2, D4, D6, D8, D9, D10, and D14 in the control and bias circuits."
2w,60,1N4148,project,"QRP Labs 50W Amp for QCX, used in pairs to form the RF voltage doubler for the receive switch."
2x,6,1N4148,reference,"Listed as D2, 4, 6, 8, 9, 10 in the 50W QCX Power Amplifier parts list."
2x,9,1N4148,reference,Listed as a diode in the 50W QCX PA kit assembly parts list.
2x,23,1N4148,project,"The 50W QCX PA kit assembly, specified as diodes D2, D4, D6, D8, D9, and D10."
2x,42,1N4148,project,"QRP Labs 50W QCX PA kit, used as diodes D3, D4, D6, D9, and D10 in the control and bias circuits."
2x,59,1N4148,project,"The 50W QCX PA, used in pairs to form the RF voltage doubler for the PIN diode switch."
2y,1,1N4148,reference,"Listed as D1-D5 in the Ultimate relay-switched LPF kit parts list, with six supplied for installation."
2y,2,1N4148,project,"In the Ultimate relay-switched LPF kit, installed across each relay coil to prevent high switching voltages from damaging the microcontroller output."
2y,4,1N4148,project,"The Ultimate relay-switched LPF kit circuit diagram, listed as diodes D2 through D5."
2z,1,1N4148,reference,"Listed as D1-D5 in the Ultimate relay-switched LPF kit component list, with six provided for installation."
2z,2,1N4148,project,"In the relay-switched LPF kit, installed across each relay coil to prevent switching voltage spikes from damaging the microcontroller output."
2z,3,1N4148,project,"Diodes D1 through D5 in the Ultimate relay-switched LPF, protecting the relay coils from back-EMF."
30,1,1N4148,project,"In the relay-switched LPF kit, installed across each relay coil to prevent high switching voltages from damaging the microcontroller output."
30,2,1N4148,reference,"Listed as D1-D5 in the Ultimate relay-switched LPF kit parts list, with six supplied for installation."
31,2,1N4148,project,"Ultimate relay-switched LPF kit, listed as D1-D5 flyback diodes across relay coils to protect microcontroller outputs."
32,1,1N4148,project,"In the relay-switched LPF kit, installed across each relay coil to prevent high switching voltages from damaging the microcontroller output."
32,2,1N4148,reference,"Listed as D1-D5 in the parts list for the Ultimate relay-switched LPF kit, with six supplied."
33,3,1N4148,project,"Relay-switched LPF kit, listed as D1-D5 diodes for relay protection in the parts list."
33,4,1N4148,project,"Relay-switched LPF kit, shown in the component placement diagram near inductors L4 and L5."
33,8,1N4148,project,"The Ultimate relay-switched LPF kit, shown as D5 in the jumper wiring diagram connecting to the main board."
34,1,1N4148,project,"In the Ultimate relay-switched LPF kit, installed across each relay coil to prevent high switching voltages from damaging the microcontroller output."
34,2,1N4148,reference,"Listed as D1-D5 in the Ultimate relay-switched LPF kit parts list, with six supplied for the LPF and Ultimate3 kits."
35,1,1N4148,project,"In the relay-switched LPF kit, installed across each relay coil to prevent high switching voltages from damaging the microcontroller."
35,2,1N4148,reference,"Listed as D1-D5 in the Ultimate relay-switched LPF kit parts list, with six supplied for installation."
36,23,1N4148,project,"QLG2 GPS receiver kit schematic; used as D3 near R7 and IC1C, and elsewhere in the circuit."
36,24,1N4148,reference,"QLG2 GPS receiver kit parts list, listed as D1, D2, and D3 in SOD-323 package."
36,25,1N4148,project,"QLG2 GPS receiver kit, charging the backup ultracapacitor via two diodes and R4."
39,5,1N4148,reference,"Listed as D201 in the QRP Labs 10W HF Linear PA parts list, specified as SOD323 package."
39,9,1N4148,project,"In the 10W HF Linear PA schematic, labelled as D201 near the driver bias section."
3s,3,1N4148,project,"Si5351A VFO/SigGen assembly, installed as diode D1 in the relay-switched LPF modification."
3t,3,1N4148,project,"Si5351A VFO/SigGen kit, installed as diode D1 in the relay switching section."
3z,1,1N4148,project,"The ProgRock2 schematic, labelled D1 near the MIC5219 regulator and USB interface."
4k,12,1N4148,mention,"Suggested as diode D1 for the relay coil in the QRP Labs clock kit, where the exact type is not critical."
4k,13,1N4148,project,"The QRP Labs clock kit relay driver circuit, acting as D1 to protect the transistor from voltage spikes."
4n,12,1N4148,mention,"Suggested as diode D1 for the relay coil in the Clock kit, where the exact type is not critical."
4n,13,1N4148,project,"In the relay driver circuit, D1 protects the NPN transistor from voltage spikes generated by the relay coil."
4p,1,1N4148,project,"QCX-series AGC module, labelled D5 in the audio output section near R60 and C52."
4q,1,1N4148,project,"D1 in the Digi VFO schematic, placed near the USB connector and 3.3V regulator."
56,1,1N4148,project,"QCX 5W CW transceiver kit, added as D7 in Rev 5 to implement the serial port for the CAT control interface."
59,1,1N4148,technique,"Ultimate GPS receiver kit, tested as a series voltage regulator to drop 5V to 3.3V for the SKM52 module."
5g,1,1N4148,project,"QMX transceiver troubleshooting; identified as D101, a non-critical diode that may be damaged by a Q104 short."
5h,1,1N4148,project,"QCX 5W CW transceiver kit, added as D7 in Rev 5 to implement the serial port for the CAT control interface."
5w,1,1N4148,mention,"QMX+ paddle power modification, suggested as a functional but dimmer alternative to Germanium or Schottky diodes."
61,1,1N4148,project,"QMX SMPS step change test jig, three in series in the 7805 common leg to raise output."
62,1,1N4148,project,"The QMX Rev 2 mod, connected from Q508 source to gate to clamp RF and protect the IC402 mux."
63,1,1N4148,project,"The QMX Rev 2 modification diode, connected from Q508 source to gate to clamp RF and protect IC402."
6r,1,1N4148,mention,Relay driver for Raspberry Pi etc; noted as included in the relay-switched LPF kit to protect semiconductors from coil spikes.
6s,1,1N4148,technique,"Relay driver article, listed as a protection diode per relay in the LPF kit to prevent coil spikes."
72,2,1N4148,none,"Listed in the assembly manual's table of contents under section 3.19, not a component placement on this page."
72,7,1N4148,reference,"QCX 5W CW transceiver kit parts list, listed as D1, D2, D4, D5, D6 (5 pcs)."
72,13,1N4148,reference,"QCX 5W CW transceiver kit parts inventory, listed as a diode with 6 pieces required."
72,32,1N4148,project,"QCX 5W CW transceiver kit assembly, installed as D1, D2, D4, D5, and D6 with specific orientations."
72,117,1N4148,project,"QCX transceiver schematic; used as D1, D2, and in the CAT interface and power meter sections."
72,118,1N4148,project,"Two diodes in series in the QCX 5W CW transceiver kit, dropping 5V to 3.3V for the Si5351A synthesiser."
72,151,1N4148,mention,"QCX 5W CW transceiver kit revision history, noted as located at board top left in section 3.17."
72,152,1N4148,mention,QCX 5W CW transceiver kit assembly manual revision history; listed as diode D6 for the CAT serial data interface in Rev 5 changes.
73,2,1N4148,none,"Table of contents entry for section 3.18, directing the reader to the page for installing these diodes."
73,9,1N4148,reference,"QCX 5W CW transceiver kit parts list, listed as D1, D2, D4, and D5 (4 pcs)."
73,15,1N4148,reference,"QCX 5W CW transceiver kit inventory list, listed as 4pcs 1N4148 diode."
73,28,1N4148,project,"QCX 5W CW transceiver kit, installed as diodes D1, D2, D4, and D5 on the PCB."
73,114,1N4148,project,"QCX transceiver kit, listed in the parts list and used in the key shaping and amplifier sections."
73,115,1N4148,project,Two diodes in series in the QCX 5W CW transceiver kit drop the 5V supply to 3.3V for the Si5351A synthesiser.
73,147,1N4148,none,Revision history note correcting the diode's location to the board top left in section 3.17.
74,2,1N4148,none,Listed in the assembly manual's table of contents as a step to install 1N4148 diodes.
74,9,1N4148,reference,"QCX 5W CW transceiver kit parts list, listed as D1, D2, D4, D5 (4 pcs)."
74,15,1N4148,reference,"QCX 5W CW transceiver kit inventory list, listed as 4pcs 1N4148 diode."
74,28,1N4148,project,"QRP Labs QCX 5W CW transceiver kit, installed as diodes D1, D2, D4, and D5 on the PCB."
74,108,1N4148,project,"QCX transceiver, used in the amplifier stage and key shaping circuit."
74,109,1N4148,project,"Two in series in the QCX synthesised oscillator section, dropping 5V to 3.3V for the Si5351A."
74,141,1N4148,reference,Revision history entry correcting the diode's location to the board top left in the QCX assembly instructions.
75,2,1N4148,none,"Listed in the table of contents as the heading for section 3.18, directing the reader to the installation page."
75,9,1N4148,reference,"QCX 5W CW transceiver kit parts list, listed as D1, D2, D4, D5 (4 pcs)."
75,15,1N4148,reference,"QCX 5W CW transceiver kit inventory list, identified as a diode with 4 pieces required."
75,28,1N4148,project,"QRP Labs QCX 5W CW transceiver kit assembly, listed as D1, D2, D4, and D5 for installation on the PCB."
75,109,1N4148,project,"QCX transceiver kit, used in the Amplifier section and the Key shaping circuit."
75,110,1N4148,project,Two diodes in series in the QCX 5W CW transceiver kit drop the 5V supply to 3.3V for the Si5351A synthesiser.
75,142,1N4148,none,Revision history note correcting the diode's location to the board top left in section 3.17.
76,2,1N4148,none,"Table of contents entry for section 3.17, listing the installation step for these diodes."
76,8,1N4148,reference,"QCX 5W CW transceiver kit parts list, listed as diodes D1, D2, D4, and D5."
76,14,1N4148,reference,"QCX 5W CW transceiver kit inventory list, listed as 4pcs diode for component identification."
76,27,1N4148,project,"QCX 5W CW transceiver kit assembly, D1, D2, D4, and D5 diodes installed on the PCB."
76,108,1N4148,project,"QCX transceiver, used in the key shaping, power meter, and interface sections."
76,110,1N4148,project,Two diodes in series in the QCX 5W CW transceiver kit drop 5V to 3.3V for the Si5351A supply.
76,141,1N4148,none,Revision history note correcting the diode's location to the board top left in section 3.17.
77,2,1N4148,none,Listed in the table of contents as the subject of assembly step 3.17.
77,9,1N4148,reference,"QCX 5W CW transceiver kit parts list, listed as D1, D2, D4, D5 (4 units)."
77,17,1N4148,reference,"QCX 5W CW transceiver kit parts list, listed as 4pcs diode."
77,29,1N4148,project,"QCX 5W CW transceiver kit, the four small glass diodes D1, D2, D4, and D5 installed in section 3.17."
77,119,1N4148,project,"QCX 5W CW transceiver kit, used in the key shaping and DVM interface sections."
77,121,1N4148,project,"QCX 5W CW transceiver kit, two diodes used to drop 5V supply to 3.3V for the Si5351A synthesizer."
77,156,1N4148,mention,"QCX assembly manual revision history, noting the diode is located top-left on the PCB."
78,17,1N4148,reference,"QCX 5W CW transceiver kit parts list, shown as a diode in the component identification photo."
78,28,1N4148,project,"QCX 5W CW transceiver kit assembly, identifying D1, D2, D4, and D5 for PCB installation."
79,2,1N4148,none,Listed in the table of contents as section 3.17 for installing 1N4148 diodes.
79,8,1N4148,reference,"QCX 5W CW transceiver kit parts list, listed as D1, D2, D4, D5 (4 pcs)."
79,14,1N4148,reference,"QCX 5W CW transceiver kit inventory list, listed as 4pcs diode."
79,27,1N4148,project,"QCX 5W CW transceiver kit, installed as diodes D1, D2, D4, and D5 on the PCB."
79,108,1N4148,project,"QCX transceiver, used in the key shaping and DVM sections near D5 and R60."
79,110,1N4148,project,"QCX 5W CW transceiver kit, two diodes in series dropping 5V to 3.3V for the Si5351A supply."
79,141,1N4148,mention,"QRP Labs QCX kit revision history, noting the diode is at the board top left, not right."
7a,2,1N4148,none,"Table of contents entry for section 3.17, listing the installation step for these diodes."
7a,8,1N4148,reference,"QCX 5W CW transceiver kit parts list, listed as D1, D2, D4, D5 (4 pcs)."
7a,14,1N4148,reference,"QCX 5W CW transceiver kit parts inventory, listed as a diode for component identification."
7a,27,1N4148,project,"QCX 5W CW transceiver kit, installed as diodes D1, D2, D4, and D5 with specific orientation requirements."
7a,108,1N4148,project,"QCX 5W CW transceiver kit, used in the amplifier, key shaping, and DVM sections."
7a,110,1N4148,project,"Two diodes in series in the QCX 5W CW transceiver kit, dropping 5V to 3.3V for the Si5351A."
7a,141,1N4148,mention,"QCX 5W CW transceiver kit revision history, noting its location at the board top left."
7b,2,1N4148,none,"Table of contents entry for section 3.17, directing the reader to the diode installation page."
7b,7,1N4148,reference,"Listed as D1, D2, D4, and D5 in the QCX transceiver kit parts list."
7b,14,1N4148,reference,"QCX 5W CW transceiver kit parts list, identified as a diode in the component photo section."
7b,25,1N4148,project,"The QCX 5W CW transceiver kit, listed as D1, D2, D4, and D5 for installation."
7b,105,1N4148,project,"QCX transceiver, listed in the parts list and shown in the DVM, key shaping, and interface sections."
7c,2,1N4148,none,Listed in the assembly manual's table of contents under section 3.17 for installing 1N4148 diodes.
7c,6,1N4148,reference,"QCX 5W CW transceiver kit parts list, listed as D1, D2, D4, and D5."
7c,13,1N4148,reference,"QCX 5W CW transceiver kit parts inventory, listed as 6pcs diode for component identification."
7c,24,1N4148,project,"QCX 5W CW transceiver kit assembly, installed as diodes D1, D2, D4, and D5."
7c,105,1N4148,project,"QCX transceiver, used in the Amplifier, Power meter, and Interface sections."
7c,107,1N4148,project,"QCX 5W CW transceiver kit, two diodes in series dropping 5V to 3.3V for the Si5351A supply."
7c,138,1N4148,none,Revision history note correcting the location of the diode in the QCX kit assembly instructions.
7d,2,1N4148,none,"Entry in the assembly manual's table of contents, listing the step to install these diodes."
7d,7,1N4148,reference,"QCX 5W CW transceiver kit parts list, listed as D1, D2, D4, D5 (4 pcs)."
7d,13,1N4148,reference,"QCX 5W CW transceiver kit inventory, listed as a diode with 6 pieces required."
7d,24,1N4148,project,"QRP Labs QCX 5W CW transceiver kit, installed as diodes D1, D2, D4, and D5."
7d,105,1N4148,project,"QCX transceiver, used in the amplifier stage and key shaping circuit, appearing near R60 and D5."
7d,107,1N4148,project,Two diodes in series in the QCX transceiver drop the 5V supply to 3.3V for the Si5351A synthesiser.
7d,138,1N4148,mention,"QCX assembly manual revision history, noting the diode is at the board top left in section 3.17."
7e,2,1N4148,none,"Table of contents entry for section 3.17, directing the reader to the page where these diodes are installed."
7e,6,1N4148,reference,"QCX 5W CW transceiver kit parts list, listed as D1, D2, D4, and D5."
7e,13,1N4148,reference,"QCX 5W CW transceiver kit parts list, listed as 4pcs diode for component identification."
7e,24,1N4148,project,"QCX 5W CW transceiver kit, listed as D1, D2, D4, and D5 in the assembly steps."
7e,104,1N4148,project,"QCX transceiver, listed as D5 in the Volume section and near R60."
7f,15,1N4148,reference,"QCX 5W CW transceiver kit parts list, listed as 4pcs diode."
7g,1,1N4148,project,"QCX 5W CW transceiver kit, the four diodes D1, D2, D4, and D5 to be mounted on the PCB."
7i,1,1N4148,project,"QCX 5W CW transceiver, used as D5 in the amplifier section and D2 in the key shaping circuit."
7j,1,1N4148,project,"QCX 5W CW transceiver kit, used as D5 in the amplifier section and D1 in the key shaping circuit."
7o,10,1N4148,project,"QLG2-SE GPS receiver kit, used as D2 and D3 in the serial data interface circuitry."
7o,11,1N4148,reference,"QLG2-SE GPS receiver kit parts list, listed as D1, D2, and D3 in SOD-323 packages."
7o,12,1N4148,project,"QLG2-SE GPS receiver kit, charging the backup ultracapacitor via two diodes and R4."
7u,1,1N4148,technique,"SKM52 GPS module diode regulator, plotted on the voltage-current characteristic graph."
85,2,1N4148,project,"QRP Labs Arduino shield schematic, labelled D1 in the GPS supply section."
85,3,1N4148,reference,"Listed as D1 in the QRP Labs Arduino shield parts list, supplied in the relay-switched LPF board."
85,10,1N4148,mention,"Relay-Switched Filter kit accessory, listed as D1 on the Arduino shield when that kit is installed."
86,2,1N4148,project,"QRP Labs Arduino Shield, labelled D1 near the GPS supply section."
86,3,1N4148,reference,"QRP Labs Arduino Shield parts list, listed as D1, supplied with the relay-switched low-pass filter kit if installed."
86,12,1N4148,mention,"Supplied in the relay filter kit, with five on the relay PCB and one at D1 on the Arduino extension."
89,3,1N4148,project,"VFO/SigGen kit assembly, installed as diode D1 from the 6-band relay switching kit."
8a,1,1N4148,project,"QRP Labs QMX Q103/Q104 troubleshooting schematic, labelled as D101 in the PWR_ON/PWR_HOLD circuit."
8d,10,1N4148,project,QLG2-SE GPS receiver kit schematic; listed as D2 and D3 in the serial interface section.
8d,11,1N4148,reference,"QLG2-SE GPS receiver kit parts list, listed as D1, D2, D3 SOD-323 diodes."
8d,12,1N4148,project,"The QLG2-SE GPS receiver kit, charging the backup ultracapacitor via two diodes and R4."
8e,83,1N4148,project,"QCX-mini transceiver; used in phase shift network, key shaping, and LCD interface sections."
8e,85,1N4148,project,"Two diodes in series in the QCX-mini synthesized oscillator section, dropping 5V to 3.3V for the Si5351A."
8f,84,1N4148,project,"QCX-mini transceiver, used in the Phase shift network, Key shaping, and LCD interface sections."
8f,86,1N4148,project,Two diodes in series drop the 5V supply to 3.3V for the Si5351A synthesizer in the QCX-mini.
8h,96,1N4148,project,"QCX-mini transceiver, used in the key shaping, LCD interface, and audio output stages."
8h,98,1N4148,project,"Two diodes in series in the QCX-mini synthesized oscillator section, dropping 5V to 3.3V for the Si5351A."
8j,1,1N4148,project,"QCX-mini transceiver, used as D4, D5, D6, and in the key shaping circuit."
96,12,1N4148,mention,"Suggested as diode D1 for the relay coil in the Clock PCB, noted as a non-critical type choice."
96,13,1N4148,project,"The QRP Labs Clock kit relay driver circuit, acting as D1 to protect the transistor from voltage spikes."
99,12,1N4148,mention,"Suggested as diode D1 for the relay coil in the Clock kit, noted as not critical."
99,13,1N4148,project,"In the relay driver circuit, D1 protects the NPN transistor from voltage spikes generated by the relay coil."
9d,3,1N4148,project,"Si5351A VFO/SigGen assembly, installed as diode D1 from the 6-band relay switching kit."
9e,3,1N4148,project,"Si5351A VFO/SigGen assembly, installed as diode D1 in the relay-switched LPF modification."
9k,23,1N4148,project,"QLG2 GPS receiver kit schematic, used as diodes D2 and D3 in the power and signal conditioning sections."
9k,24,1N4148,reference,"QLG2 GPS receiver kit parts list, listed as D1, D2, and D3 in SOD-323 package."
9k,25,1N4148,project,"QLG2 GPS receiver kit, used in pairs to charge the backup ultracapacitor via R4."
9n,2,1N4148,none,"Table of contents entry for section 3.19, directing the reader to the page for installing these diodes."
9n,8,1N4148,reference,"QCX+ parts list, listed as D1, D2, D4, D5, and D6."
9n,17,1N4148,reference,"QCX+ inventory parts list, identified as a diode in the component identification photographs."
9n,40,1N4148,project,"QCX+ 5W CW transceiver kit, installed as diodes D1, D2, D4, D5, and D6 on the PCB."
9n,102,1N4148,project,"QCX+ transceiver, used as D6 in the Interface section and elsewhere for signal switching."
9n,104,1N4148,project,Two 1N4148 diodes in series drop the 5V supply to 3.3V for the Si5351A synthesiser in the QCX+ transceiver.
9o,2,1N4148,none,Listed in the table of contents as section 3.19 for installing 1N4148 diodes.
9o,8,1N4148,reference,"QCX+ transceiver kit parts list, listed as D1, D2, D4, D5, and D6."
9o,17,1N4148,reference,"QCX+ 5W CW transceiver kit inventory list, identified as a diode in the component photo section."
9o,40,1N4148,project,"QCX+ 5W CW transceiver kit, installed as diodes D1, D2, D4, D5, and D6 on the PCB."
9o,103,1N4148,project,"QCX+ transceiver, used as D6 in the interface section and in the key shaping circuit."
9o,105,1N4148,project,"Two diodes in series in the QCX+ transceiver, dropping 5V to 3.3V for the Si5351A synthesiser supply."
9p,2,1N4148,none,"Listed in the table of contents as section 3.19, directing the reader to the page for installing these diodes."
9p,8,1N4148,reference,"QCX+ 5W CW transceiver kit parts list, listed as D1, D2, D4, D5, D6."
9p,17,1N4148,reference,"QCX+ 5W CW transceiver kit inventory, listed as a diode with 6 pieces."
9p,40,1N4148,project,"QCX+ 5W CW transceiver kit, the five small glass diodes D1, D2, D4, D5, and D6 installed flat on the PCB."
9p,103,1N4148,project,"QCX+ transceiver, used as D6 in the interface section and in the key shaping circuit."
9p,105,1N4148,project,Two diodes in series in the QCX+ transceiver drop the 5V supply to 3.3V for the Si5351A synthesiser.
9q,2,1N4148,none,"Table of contents entry for section 3.19, directing the reader to the page for installing these diodes."
9q,8,1N4148,reference,"QCX+ 5W CW transceiver kit parts list, listed as D1, D2, D4, D5, D6."
9q,17,1N4148,reference,"QCX+ 5W CW transceiver kit inventory, listed as a diode with 6 pieces."
9q,40,1N4148,project,"QCX+ transceiver kit, installed as diodes D1, D2, D4, D5, and D6 on the PCB."
9q,149,1N4148,project,"QCX+ transceiver, used as D6 in the interface section and in the key shaping and DVM circuits."
9q,151,1N4148,project,Two diodes in series in the QCX+ transceiver drop 5V to 3.3V for the Si5351A synthesiser supply.
9r,2,1N4148,none,"Listed in the table of contents as the subject of section 3.19, which covers installing these diodes."
9r,9,1N4148,reference,"QCX+ kit parts list, listed as D1, D2, D4, D5, D6."
9r,19,1N4148,reference,Listed as 5pcs in the QCX+ component photo section for assembly verification.
9s,27,1N4148,project,"QCX+ transceiver; used in key shaping, phase shift, and interface sections."
9s,29,1N4148,project,"Two diodes in the QCX+ kit, connected in series to drop 5V to the Si5351A supply voltage."
9s,41,1N4148,project,"QCX+ transceiver schematic, labelled D6 near R50 and R49 in the LCD interface section."
9u,2,1N4148,none,Listed in the table of contents as the subject of assembly step 3.19.
9u,11,1N4148,reference,"QCX+ 5W CW transceiver kit parts list, listed as five diodes D1, D2, D4, D5, D6."
9u,22,1N4148,reference,"QCX+ 5W CW transceiver kit inventory list, listed as 5pcs diode."
9u,47,1N4148,project,"QCX+ 5W CW transceiver kit assembly, the five small red glass diodes D1, D2, D4, D5, and D6 installed flat on the PCB."
9u,164,1N4148,project,"QCX+ transceiver schematic, listed in the parts list near D5 and R60."
9v,1,1N4148,project,"QCX+ transceiver, used as D4, D2, D6, and D1 in the amplifier, interface, and key shaping sections."
9x,1,1N4148,project,"QCX+ transceiver schematic, used as diodes D4, D5, D6, and D1 in the interface and key shaping sections."
9z,19,1N4148,project,"FDIM S4 power circuit, labelled D101 in the reverse polarity protection section."
9z,30,1N4148,project,"FDIM 2019 TX/RX switch schematic, used as D1, D5, D8, and D9 in the control logic."
a1,30,1N4148,project,"Part of the QRP Labs built-in test equipment circuit, shown near the signal generator and DVM sections."
a2,12,1N4148,project,Two diodes in series form the 3.3V supply for the Si5351A in the QCX 5W CW transceiver.
ab,1,1N4148,project,"QMX SMPS step change circuit, appearing near the 7805 regulator and ground."
ac,1,1N4148,project,"QRP Labs SMPS step change schematic; used as D101, D104, D107, D109, and D105 in the power and control circuits."
ad,1,1N4148,project,"QRP Labs QMX Rev 2 mod PCB, labelled near R518 and W.X8."
aj,1,1N4148,project,"QCX transceiver schematic, used as D1 and D2 in the digital section and key shaping."
ak,1,1N4148,project,"QRP Labs QCX schematic, used in the FST3253 interface, key shaping, and amplifier sections."
am,1,1N4148,project,"The RF power measurement circuit, positioned between the 12V supply and the DVM input network."
ap,1,1N4148,project,"The QCX Switch Pulse Modifiers circuit, identified as D1 and D2 in the pulse extension and detection stages."
ar,1,1N4148,project,"Part of the overvoltage protection circuit, listed alongside the BS170 and 9.1V zener diode."
b7,1,1N4148,project,"QRP Labs Ultimate 3 antenna switch modification, appearing multiple times as diodes in the switching circuit."
e,15,1N4148,reference,"QMX+ parts list, listed as 10 SMD diodes D101 through D516."
g,15,1N4148,reference,"QMX+ parts list, listed as 10 SMD diodes D101-D105, D501, D505-D507, D516."
k,2,1N4148,project,"QMX+ power supply, used as D101, D102, D103, and D105 in the control and regulation circuitry."
k,6,1N4148,project,"QMX+ transmitter schematic, used as switching diodes in the TX bias and ADC bias circuits."
l,2,1N4148,project,"QMX+ power supply, used as D101, D102, D109, and D105 in the 5V and 3.3V regulator circuits."
l,6,1N4148,project,"QMX+ transmitter schematic, used as diodes in the TX bias and logic control sections."
m,16,1N4148,reference,"QMX+ parts list, listed as 10 SMD diodes for D101-D105, D501, D505-D507, D516."
n,2,1N4148,project,"QMX+ SMS power supply, used as D101, D102, D105, D107, and D109 in the 5V and 3.3V regulator circuits."
n,6,1N4148,project,"QMX+ transmitter schematic, used as diodes D501, D506, D510, D513, D518 in signal paths and protection."
p,50,1N4148,project,"QMX+ PIN bias circuit, labelled D10 near R29 in the discrete component section."
p,56,1N4148,project,"QMX+ power supply, used as D103 and D105 in the 78M33 regulator and buck converter circuit."
p,58,1N4148,project,"QMX+ power supply, D101 and D104 in the PWR ON/HOLD control logic."
q,2,1N4148,project,"QMX+ power supply schematic, used as D101, D102, D103, D104, and D105 in various control and regulation stages."
q,6,1N4148,project,"QMX+ transceiver schematic, used as diodes D501, D506, D510, D516, D505 in bias and signal paths."
r,2,1N4148,project,"QMX+ SMS power supply schematic, used as diodes D101, D107, D109, and D102 in the 5V and 3.3V regulator circuits."
r,6,1N4148,project,"QMX+ Rev 1 schematic, used as diodes D501, D505, D506, D510, D516 in bias and signal paths."
u,1,1N4148,project,"QMX+ power supply, used as D101, D105, D107, D109, and D110 in various control and feedback loops."
v,19,1N4148,reference,"QMX transceiver kit parts list, listed as nine SMD diodes D101 through D105 and D501, D505-D507."
w,1,1N4148,project,"QMX power supply schematic; used as D101, D102, D105, D107, and D109 in various regulator and control stages."
w,5,1N4148,project,"QMX transmitter schematic, used as D501, D506, D503, D510, and D514 in the bias and logic sections."
x,18,1N4148,reference,"QMX transceiver kit parts list, listed as nine SMD diodes D101 through D105 and D501 through D507."
y,18,1N4148,reference,"QMX transceiver kit parts list, listed as nine SMD diodes D101 through D105 and D501, D505-D507."
z,1,1N4148,project,"QMX power supply schematic, used as diodes D101, D102, D105, D107, and D109 in various control and protection circuits."
z,5,1N4148,project,"QMX transmitter schematic, used as D501, D506, D503, D510, and D514 in the PA and control stages."
9z,30,1N414B,project,"FDIM 2019 TX/RX switch schematic, used as D6 in the high-side switching path."
1r,2,1N5819,none,"Table of contents entry for section 3.12, listing the installation step for the diode."
1r,8,1N5819,reference,"QCX-mini parts list, listed as diode D33, noted as previously D3."
1r,38,1N5819,project,"The QCX-mini 5W CW transceiver kit, installed as D33 to protect the radio against reverse polarity."
1r,83,1N5819,project,"QCX-mini transceiver, used as D33 in the +5V voltage regulator section."
1r,105,1N5819,project,"QCX-mini transceiver, D33 Schottky diode protecting the power input against reverse polarity."
1r,111,1N5819,project,"QCX-mini 5W CW transceiver kit, identified as D33, the reverse polarity protection diode in the power supply."
1s,2,1N5819,none,"Table of contents entry for section 3.12, listing the installation step for the 1N5819 diode."
1s,7,1N5819,reference,"QCX-mini 5W CW transceiver kit parts list, listed as diode D33 (previously D3)."
1s,38,1N5819,project,"The QCX-mini transceiver kit, installed as D33 to protect the radio against reverse polarity."
1s,84,1N5819,project,QCX-mini transceiver; listed as D33 in the power supply section near C38.
1s,106,1N5819,project,"The QCX-mini transceiver, where D33 is a Schottky diode protecting against reverse polarity and reducing output power."
1s,112,1N5819,project,"QCX-mini 5W CW transceiver kit, identified as D33, the reverse polarity protection diode whose voltage drop is noted in power measurements."
1u,2,1N5819,none,"Listed in the table of contents as section 3.12, directing the reader to the assembly page for this diode."
1u,8,1N5819,reference,"QCX-mini parts list, listed as D33, a diode."
1u,42,1N5819,project,"QCX-mini 5W CW transceiver kit, D33 polarity protection diode preventing damage from reversed power supply connection."
1u,96,1N5819,project,"QCX-mini transceiver, listed as D33 in the power supply section near the LM1117 regulator."
1u,118,1N5819,project,"QCX-mini 5W CW transceiver kit, D33 Schottky diode protecting against reverse polarity in the microcontroller section."
1u,124,1N5819,project,"QCX-mini 5W CW transceiver kit, identified as D33, the reverse polarity protection diode whose voltage drop is noted in power measurements."
1w,1,1N5819,project,"QCX-mini transceiver, listed as D33 near the voltage regulator section."
1x,2,1N5819,none,"Table of contents entry for section 3.20, directing the reader to the installation page for this diode."
1x,8,1N5819,reference,"QCX+ parts list, listed as D3, black plastic body diode."
1x,17,1N5819,reference,"QCX+ 5W CW transceiver kit inventory list, identified as a diode."
1x,41,1N5819,project,"QCX+ 5W CW transceiver kit, installed as D3 to protect the radio against reverse polarity."
1x,102,1N5819,project,"QCX+ transceiver, used as D3 in the +5V voltage regulator network."
1x,121,1N5819,project,"In the QCX+ 5W CW transceiver kit, D3 is a Schottky diode protecting the 5V regulator input against reverse polarity."
1x,122,1N5819,project,"QCX+ 5W CW transceiver kit, D3 providing reverse polarity protection for the power supply."
1x,128,1N5819,project,"QCX+ 5W CW transceiver kit, identified as D3, the reverse polarity protection diode whose voltage drop is excluded from power measurements."
1z,2,1N5819,none,Listed in the table of contents as section 3.20 for installing the 1N5819 diode.
1z,8,1N5819,reference,"QCX+ parts list, listed as one black plastic body diode D3."
1z,17,1N5819,reference,"QCX+ 5W CW transceiver kit parts inventory, listed as a diode."
1z,41,1N5819,project,"QCX+ 5W CW transceiver kit, D3, the reverse polarity protection diode installed horizontally."
1z,103,1N5819,project,"QCX+ transceiver, used as D3 in the +5V voltage regulator network."
1z,122,1N5819,project,"QCX+ 5W CW transceiver kit, D3 Schottky diode protecting the 5V regulator input against reverse polarity."
1z,123,1N5819,project,"D3 in the QCX+ power supply, providing reverse polarity protection that can be bypassed to gain output."
1z,129,1N5819,project,"QCX+ 5W CW transceiver kit, identified as D3, the reverse polarity protection diode whose voltage drop is excluded from power measurements."
20,2,1N5819,none,Listed in the table of contents as section 3.20 for installing the 1N5819 diode.
20,8,1N5819,reference,"QCX+ 5W CW transceiver kit parts list, listed as D3."
20,17,1N5819,reference,"QCX+ 5W CW transceiver kit inventory list, identified as a diode."
20,41,1N5819,project,"QCX+ 5W CW transceiver kit, D3, a Schottky diode protecting the radio against reverse polarity."
20,103,1N5819,project,"QCX+ transceiver kit, labelled D3 in the voltage regulator section."
20,122,1N5819,project,"The QCX+ transceiver, D3, a Schottky diode protecting the 5V regulator input against reverse polarity."
20,123,1N5819,project,"D3 in the QCX+ power supply, providing reverse polarity protection that can be bypassed to gain output."
20,129,1N5819,project,"QCX+ 5W CW transceiver kit, identified as D3, the reverse polarity protection diode whose voltage drop is excluded from power measurements."
21,2,1N5819,none,"Table of contents entry for section 3.20, listing the installation of the 1N5819 diode."
21,8,1N5819,reference,"QCX+ 5W CW transceiver kit parts list, listed as D3."
21,17,1N5819,reference,"QCX+ 5W CW transceiver kit inventory, listed as a diode."
21,41,1N5819,project,"The QCX+ 5W CW transceiver kit, installed as D3 to protect the radio against reverse polarity."
21,149,1N5819,project,"QCX+ transceiver kit, used as D3 in the voltage regulator section."
21,168,1N5819,project,"QCX+ 5W CW transceiver kit, D3 Schottky diode protecting the 5V regulator input against reverse polarity."
21,169,1N5819,project,"QCX+ 5W CW transceiver kit, D3 providing reverse polarity protection for the power supply."
21,175,1N5819,project,"QCX+ 5W CW transceiver kit, identified as D3, the reverse polarity protection diode whose voltage drop is excluded from power measurements."
22,2,1N5819,none,"Table of contents entry for section 3.20, listing the installation of 1N5819 diode D3."
22,9,1N5819,reference,"QCX+ 5W CW transceiver kit parts list, listed as D3."
22,19,1N5819,project,"QCX+ 5W CW transceiver kit, listed as a diode in the component identification photo."
22,40,1N5819,project,"The QCX+ 5W CW transceiver kit, installed as D3 to protect the radio from reverse polarity."
23,27,1N5819,project,"QCX+ transceiver, used as D3 in the +5V voltage regulator circuit."
23,41,1N5819,project,"QCX+ transceiver schematic, labelled D3 near J1 and the ATmega328P processor pins."
23,51,1N5819,project,"QCX+ transceiver kit, identified as D3, a Schottky diode soldered to the board."
23,58,1N5819,technique,"QCX+ transceiver current and power measurements, identified as D3 for reverse polarity protection, bypassed during testing."
25,2,1N5819,none,"Table of contents entry for section 3.20, directing the reader to the page for installing this diode."
25,11,1N5819,reference,"QCX+ 5W CW transceiver kit parts list, listed as one black plastic diode for D3."
25,22,1N5819,reference,"QCX+ 5W CW transceiver kit inventory list, listed as 6pcs TO92 diode."
25,48,1N5819,project,"QCX+ 5W CW transceiver kit, installed as D3 to protect the radio from reverse polarity."
25,164,1N5819,project,"QCX+ transceiver schematic, used as D3 in the +5V voltage regulator network."
25,187,1N5819,project,"QCX+ transceiver 5V regulator section, D3 Schottky diode protecting the 7805 input against reverse polarity."
25,188,1N5819,project,"The QCX+ 5W CW transceiver kit, identified as D3 providing polarity protection for the power supply."
25,195,1N5819,project,"QCX+ transceiver, identified as D3, the reverse polarity protection diode whose voltage drop is excluded from power measurements."
26,1,1N5819,project,"QCX+ transceiver, listed as D3 in the voltage regulator section near J1 and C48."
28,1,1N5819,project,"QCX+ transceiver, listed as D3 in the voltage regulator section near the ATmega328P."
72,2,1N5819,none,"Listed in the assembly manual's table of contents under section 3.20, not a component placement on this page."
72,7,1N5819,reference,"QCX 5W CW transceiver kit parts list, listed as D3."
72,13,1N5819,reference,"QCX 5W CW transceiver kit parts inventory, listed as a TO92 diode with 6 pieces required."
72,33,1N5819,project,"QCX 5W CW transceiver kit, installed as D3 to protect the radio against reverse polarity."
72,117,1N5819,project,QCX transceiver schematic; used in the voltage regulator section near IC11 and C38.
72,135,1N5819,project,"QCX 5W CW transceiver kit, D3 Schottky diode protecting the 5V regulator input against reverse polarity."
72,142,1N5819,project,"QCX 5W CW transceiver kit, identified as D3, the reverse polarity protection diode whose voltage drop is noted in power measurements."
73,2,1N5819,none,"Table of contents entry for section 3.19, directing the reader to the page for installing this diode."
73,9,1N5819,reference,"QCX 5W CW transceiver kit parts list, listed as D3."
73,15,1N5819,reference,"QCX 5W CW transceiver kit inventory list, listed as 1N5819 diode."
73,29,1N5819,project,"The QCX 5W CW transceiver kit, installed as D3 to protect the radio against reverse polarity."
73,114,1N5819,project,"QCX transceiver kit, used as D3 in the voltage regulator section near C38."
73,132,1N5819,project,"QCX 5W CW transceiver kit, D3 Schottky diode protecting the 5V regulator input against reverse polarity."
73,138,1N5819,project,"QCX 5W CW transceiver kit, identified as D3, the reverse polarity protection diode in the power supply."
74,2,1N5819,none,Listed in the assembly manual's table of contents as a step to install the 1N5819 diode.
74,9,1N5819,reference,"QCX 5W CW transceiver kit parts list, listed as D3."
74,15,1N5819,reference,"QCX 5W CW transceiver kit inventory list, listed as 1N5819 diode."
74,29,1N5819,project,"The QCX 5W CW transceiver kit, installed as D3 to protect the radio against reverse polarity."
74,108,1N5819,project,"QCX transceiver, used in the voltage regulator section near IC11."
74,126,1N5819,project,"QCX 5W CW transceiver kit, D3 Schottky diode protecting the 5V regulator input against reverse polarity."
74,132,1N5819,project,"QCX 5W CW transceiver kit, identified as D3 for reverse polarity protection in the power supply."
75,2,1N5819,none,"Listed in the table of contents as the heading for section 3.19, directing the reader to the installation page."
75,9,1N5819,reference,"QCX 5W CW transceiver kit parts list, listed as D3."
75,15,1N5819,reference,"QCX 5W CW transceiver kit inventory list, identified as a diode with 6 pieces required."
75,29,1N5819,project,"The QCX 5W CW transceiver kit, installed as D3 to protect the radio against reverse polarity."
75,109,1N5819,project,"QCX transceiver kit, listed as D3 in the Voltage regulator section."
75,127,1N5819,project,"In the QCX 5W CW transceiver kit, D3 is a Schottky diode protecting the 5V regulator input against reverse polarity."
75,133,1N5819,project,"QCX 5W CW transceiver kit, identified as D3, the reverse polarity protection diode whose voltage drop is noted in power measurements."
76,2,1N5819,none,"Table of contents entry for section 3.18, listing the installation step for this diode."
76,8,1N5819,reference,"QCX 5W CW transceiver kit parts list, listed as diode D3."
76,14,1N5819,reference,"QCX 5W CW transceiver kit inventory list, listed as diode for component identification."
76,28,1N5819,project,"QCX 5W CW transceiver kit, D3, a Schottky diode protecting the radio against reverse polarity."
76,108,1N5819,project,"QCX transceiver, listed as D3 in the voltage regulator section."
76,126,1N5819,project,"QCX 5W CW transceiver kit, D3 in the 5V regulator input, protecting against reverse polarity."
76,132,1N5819,project,"QCX 5W CW transceiver kit, identified as D3, the reverse polarity protection diode whose voltage drop is excluded from power measurements."
77,2,1N5819,none,Listed in the table of contents as the subject of assembly step 3.18.
77,9,1N5819,reference,"QCX 5W CW transceiver kit parts list, listed as D3."
77,17,1N5819,reference,"QCX 5W CW transceiver kit parts list, listed as 6pcs diode."
77,30,1N5819,project,"The QCX 5W CW transceiver kit, installed as D3 to protect the transceiver from reverse polarity."
77,119,1N5819,project,"QCX 5W CW transceiver kit, listed as D3 in the voltage regulator section."
77,139,1N5819,project,"QCX 5W CW transceiver, D3 Schottky diode protecting the 7805 regulator input from reverse polarity."
77,146,1N5819,project,"QCX 5W CW transceiver kit, identified as D3, the reverse polarity protection diode whose voltage drop is excluded from power measurements."
78,17,1N5819,reference,"QCX 5W CW transceiver kit parts list, shown as a diode in the component identification photo."
78,29,1N5819,project,"The QCX 5W CW transceiver kit, installed as D3 to protect the power supply from reverse connection."
79,2,1N5819,none,Listed in the table of contents as section 3.18 for installing the 1N5819 diode.
79,8,1N5819,reference,"QCX 5W CW transceiver kit parts list, listed as D3."
79,14,1N5819,reference,"QCX 5W CW transceiver kit inventory list, listed as 6pcs diode."
79,28,1N5819,project,"The QCX 5W CW transceiver kit, installed as D3 to protect the radio against reverse polarity."
79,41,1N5819,project,"In the QCX 5W CW transceiver kit, identified as diode D3 under which capacitor C47 is mounted horizontally."
79,108,1N5819,project,"QCX transceiver, in the power input section near D3 and C38."
79,126,1N5819,project,"QCX 5W CW transceiver kit, reverse polarity protection diode D3 in the 5V regulator input circuit."
79,132,1N5819,project,"QCX 5W CW transceiver kit, identified as D3, the reverse polarity protection diode whose voltage drop affects power measurements."
7a,2,1N5819,none,"Table of contents entry for section 3.18, listing the installation step for this diode."
7a,8,1N5819,reference,"QCX 5W CW transceiver kit parts list, listed as D3."
7a,14,1N5819,reference,"QCX 5W CW transceiver kit parts inventory, listed as a diode for component identification."
7a,28,1N5819,project,"QCX 5W CW transceiver kit, installed as D3 to protect the radio against reverse polarity."
7a,41,1N5819,project,"The QCX 5W CW transceiver kit, identified as diode D3 under which capacitor C47 is mounted horizontally."
7a,108,1N5819,project,"QCX 5W CW transceiver kit, used in the power supply and frequency count sections."
7a,126,1N5819,project,"QCX 5W CW transceiver kit, D3 Schottky diode protecting the 5V regulator input against reverse polarity."
7a,132,1N5819,project,"QCX 5W CW transceiver kit, identified as D3, the reverse polarity protection diode whose voltage drop affects power measurements."
7b,2,1N5819,none,"Table of contents entry for section 3.18, directing the reader to the diode installation page."
7b,7,1N5819,reference,Listed as D3 in the QCX transceiver kit parts list.
7b,14,1N5819,reference,"QCX 5W CW transceiver kit parts list, identified as a diode in the component photo section."
7b,26,1N5819,project,"QCX 5W CW transceiver kit, installed as D3 to protect the device against reverse polarity connection."
7b,40,1N5819,project,"The QCX 5W CW transceiver kit, identified as diode D3 under which capacitor C47 is mounted horizontally."
7b,105,1N5819,project,"QCX transceiver, listed in the parts list and shown in the power supply filter section near C38."
7b,123,1N5819,project,"The QCX 5W CW transceiver kit, used as D3 to protect the 5V regulator input against reverse polarity."
7c,2,1N5819,none,Listed in the assembly manual's table of contents under section 3.18 for installing the 1N5819 diode.
7c,6,1N5819,reference,"QCX 5W CW transceiver kit parts list, listed as D3."
7c,13,1N5819,reference,"QCX 5W CW transceiver kit parts inventory, listed as a diode for component identification."
7c,25,1N5819,project,"QCX 5W CW transceiver kit, installed as D3 to protect the radio against reverse polarity."
7c,39,1N5819,project,"The QCX 5W CW transceiver kit, identified as diode D3 under which capacitor C47 is mounted horizontally."
7c,105,1N5819,project,"QCX transceiver, used in the Voltage regulator section near IC11 and C38."
7c,123,1N5819,project,"QCX 5W CW transceiver kit, D3 Schottky diode protecting the 5V regulator input against reverse polarity."
7c,129,1N5819,project,"QCX 5W CW transceiver kit, identified as D3, the reverse polarity protection diode whose voltage drop is noted in power measurements."
7d,2,1N5819,none,"Entry in the assembly manual's table of contents, listing the step to install this diode."
7d,7,1N5819,reference,"QCX 5W CW transceiver kit parts list, listed as D3."
7d,13,1N5819,reference,"QCX 5W CW transceiver kit inventory, listed as a diode with a photo for identification."
7d,25,1N5819,project,"QRP Labs QCX 5W CW transceiver kit, installed as D3 to protect the radio against reverse polarity."
7d,39,1N5819,project,"The QCX 5W CW transceiver kit, identified as diode D3 under which capacitor C47 is mounted horizontally."
7d,105,1N5819,project,"QCX transceiver, used as D3 in the power supply section near C38 and the 13.8V input."
7d,123,1N5819,project,"QCX 5W CW transceiver kit, D3 Schottky diode protecting the 5V regulator input against reverse polarity."
7d,129,1N5819,project,"QCX 5W CW transceiver kit, identified as D3, the reverse polarity protection diode whose voltage drop is excluded from power measurements."
7e,2,1N5819,none,"Table of contents entry for section 3.18, directing the reader to the page where this diode is installed."
7e,6,1N5819,reference,"QCX 5W CW transceiver kit parts list, listed as D3."
7e,13,1N5819,reference,"QCX 5W CW transceiver kit parts list, listed as a TO92 diode for component identification."
7e,25,1N5819,project,"The QCX 5W CW transceiver kit, installed as D3 to protect the device against reverse polarity."
7e,39,1N5819,project,"The QCX transceiver kit, identified as diode D3, which the horizontal capacitor C47 is mounted over."
7e,104,1N5819,project,"QCX transceiver, listed as D3 in the Voltage regulator section."
7e,122,1N5819,project,"In the QCX 5V regulator section, D3 is a Schottky diode protecting the input against reverse polarity."
7f,15,1N5819,reference,"QCX 5W CW transceiver kit parts list, listed as 6pcs diode."
7g,2,1N5819,project,"The QCX 5W CW transceiver kit, installed as D3 to protect the power supply from reverse connection."
7g,14,1N5819,project,"The QCX 5W CW transceiver kit, identified as diode D3 which capacitor C47 is mounted horizontally over."
7i,1,1N5819,project,"QCX 5W CW transceiver, used as D3 in the voltage regulator section near IC11."
7j,1,1N5819,project,"QCX 5W CW transceiver kit, listed as D3 in the voltage regulator section near IC11."
8e,2,1N5819,none,"Listed in the assembly table of contents as step 3.12, directing the reader to the installation page."
8e,8,1N5819,reference,"QCX-mini parts list, listed as diode D33 (previously D3)."
8e,38,1N5819,project,"The QCX-mini transceiver kit, installed as D33 to protect the radio against reverse polarity."
8e,83,1N5819,project,QCX-mini transceiver; listed as D33 in the +5V voltage regulator section.
8e,105,1N5819,project,"QCX-mini 5W CW transceiver kit, D33 Schottky diode protecting the input against reverse polarity."
8e,111,1N5819,project,"QCX-mini 5W CW transceiver, identified as D33, the reverse polarity protection diode whose voltage drop is noted in power measurements."
8f,2,1N5819,none,"Table of contents entry for section 3.12, directing the reader to the assembly page for this diode."
8f,7,1N5819,reference,"QCX-mini 5W CW transceiver kit parts list, listed as diode D33 (previously D3)."
8f,38,1N5819,project,"D33 in the QCX-mini kit, installed vertically to protect the radio against reverse polarity."
8f,84,1N5819,project,"QCX-mini transceiver, listed in the parts list and shown near the +5V network and D33."
8f,106,1N5819,project,"The QCX-mini transceiver, identified as D33, a Schottky diode protecting against reverse polarity on the microcontroller section."
8f,112,1N5819,project,"QCX-mini 5W CW transceiver kit, identified as D33, the reverse polarity protection diode whose voltage drop is noted in power measurements."
8h,2,1N5819,none,"Table of contents entry for section 3.12, listing the installation of the 1N5819 diode."
8h,8,1N5819,reference,"QCX-mini parts list, listed as D33, a diode."
8h,42,1N5819,project,"QCX-mini 5W CW transceiver kit, D33 polarity protection diode installed vertically to prevent reverse polarity damage."
8h,96,1N5819,project,"QCX-mini transceiver, listed as D33 in the power supply section."
8h,118,1N5819,project,"The QCX-mini transceiver, used as D33 to protect against reverse polarity and drop voltage by 0.3-0.4V."
8h,124,1N5819,project,"QCX-mini 5W CW transceiver kit, identified as D33, the reverse polarity protection diode in the power supply."
8j,1,1N5819,project,"QCX-mini transceiver, listed as D33 near the voltage regulator and IC11."
9n,2,1N5819,none,"Table of contents entry for section 3.20, directing the reader to the page for installing this diode."
9n,8,1N5819,reference,"QCX+ parts list, listed as D3."
9n,17,1N5819,reference,"QCX+ inventory parts list, identified as a diode in the component identification photographs."
9n,41,1N5819,project,"The QCX+ 5W CW transceiver kit, installed as D3 to protect the radio against reverse polarity."
9n,102,1N5819,project,"QCX+ transceiver, used as D3 in the +5V voltage regulator network."
9n,121,1N5819,project,"QCX+ 5W CW transceiver kit, D3 Schottky diode protecting the 5V regulator input against reverse polarity."
9n,122,1N5819,project,"QCX+ 5W CW transceiver kit, labelled D3, providing reverse polarity protection for the power supply."
9n,128,1N5819,project,"QCX+ 5W CW transceiver kit, identified as D3, the reverse polarity protection diode whose voltage drop is excluded from power measurements."
9o,2,1N5819,none,Listed in the table of contents as section 3.20 for installing the 1N5819 diode.
9o,8,1N5819,reference,"QCX+ transceiver kit parts list, listed as D3."
9o,17,1N5819,reference,"QCX+ 5W CW transceiver kit inventory list, identified as a diode in the component photo section."
9o,41,1N5819,project,"QCX+ 5W CW transceiver kit, installed as D3 to protect the radio against reverse polarity."
9o,103,1N5819,project,"QCX+ transceiver, used as D3 in the +5V voltage regulator network."
9o,122,1N5819,project,"QCX+ 5W CW transceiver kit, D3 Schottky diode protecting the 5V regulator input against reverse polarity."
9o,123,1N5819,project,"QCX+ 5W CW transceiver kit, D3 providing reverse polarity protection for the power supply."
9o,129,1N5819,project,"QCX+ 5W CW transceiver kit, identified as D3, the reverse polarity protection diode whose voltage drop is excluded from power measurements."
9p,2,1N5819,none,"Listed in the table of contents as section 3.20, directing the reader to the page for installing this diode."
9p,8,1N5819,reference,"QCX+ 5W CW transceiver kit parts list, listed as D3."
9p,17,1N5819,reference,"QCX+ 5W CW transceiver kit inventory, listed as a diode."
9p,41,1N5819,project,"QCX+ 5W CW transceiver kit, installed as D3 to protect the radio against reverse polarity."
9p,103,1N5819,project,"QCX+ transceiver, used as D3 in the voltage regulator section."
9p,122,1N5819,project,"QCX+ 5W CW transceiver kit, reverse polarity protection diode D3 in the 5V regulator input circuit."
9p,123,1N5819,project,"QCX+ 5W CW transceiver kit, D3 providing reverse polarity protection for the power supply."
9p,129,1N5819,project,"QCX+ 5W CW transceiver kit, identified as D3, the reverse polarity protection diode whose voltage drop is excluded from power measurements."
9q,2,1N5819,none,"Table of contents entry for section 3.20, directing the reader to the page for installing this diode."
9q,8,1N5819,reference,"QCX+ 5W CW transceiver kit parts list, listed as D3."
9q,17,1N5819,reference,"QCX+ 5W CW transceiver kit inventory, listed as a diode."
9q,41,1N5819,project,"QCX+ 5W CW transceiver kit, D3, the reverse polarity protection diode installed horizontally."
9q,149,1N5819,project,"QCX+ transceiver, used as D3 in the voltage regulator section to protect the +5V supply."
9q,168,1N5819,project,"QCX+ 5W CW transceiver kit, D3 Schottky diode protecting the 5V regulator input against reverse polarity."
9q,169,1N5819,project,"D3 in the QCX+ power supply, providing reverse polarity protection that can be omitted with a jumper."
9q,175,1N5819,project,"The QCX+ 5W CW transceiver kit, identified as D3, the reverse polarity protection diode whose voltage drop affects power measurements."
9r,2,1N5819,none,"Listed in the table of contents as the subject of section 3.20, which covers installing diode D3."
9r,9,1N5819,reference,"QCX+ kit parts list, listed as D3."
9r,19,1N5819,reference,Listed as a diode in the QCX+ component photo section for assembly verification.
9r,40,1N5819,project,"The QCX+ 5W CW transceiver kit, installed as diode D3 to protect the radio from reverse polarity."
9s,27,1N5819,project,QCX+ transceiver; D3 in the +5V power supply network.
9s,41,1N5819,project,"QCX+ transceiver schematic, labelled D3 near J1 and the ATmega328P processor pins."
9s,51,1N5819,project,"QCX+ transceiver kit, identified as D3, a Schottky diode soldered to the board."
9s,58,1N5819,mention,"QCX+ transceiver, identified as D3, the reverse polarity protection diode whose voltage drop was bypassed during power measurements."
9u,2,1N5819,none,Listed in the table of contents as the subject of assembly step 3.20.
9u,11,1N5819,reference,"QCX+ 5W CW transceiver kit parts list, listed as one diode D3."
9u,22,1N5819,reference,"QCX+ 5W CW transceiver kit inventory list, listed as 6pcs TO92 diode."
9u,48,1N5819,project,"QCX+ 5W CW transceiver kit assembly manual, the polarity protection diode D3 installed horizontally on the PCB."
9u,164,1N5819,project,"QCX+ transceiver schematic, listed in the parts list near D3 and P16."
9u,187,1N5819,project,"QCX+ 5V regulator section, D3 Schottky diode protecting the 7805 input against reverse polarity."
9u,188,1N5819,project,"QCX+ 5W CW transceiver kit, D3 providing polarity protection in the power supply circuit."
9u,195,1N5819,project,"QCX+ transceiver, identified as D3, the reverse polarity protection diode whose voltage drop is excluded from power measurements."
9v,1,1N5819,project,"QCX+ transceiver, listed as D3 in the voltage regulator section near J1 and C48."
9x,1,1N5819,project,"QCX+ transceiver schematic, listed as D3 in the voltage regulator section near the 7805."
aj,1,1N5819,project,"QCX transceiver schematic, listed near the voltage regulator and rotary encoder controls."
ak,1,1N5819,project,"QRP Labs QCX schematic, located in the voltage regulator section near the 7805."
4d,1,2N017,none,"OCR misread of frequency or time data in the spectrum log, not a component reference."
57,1,2N2222,mention,"User Hans's stand-alone WSPR beacon modification, used to toggle the TX-switch of an Icom IC-551D."
6r,1,2N2222,mention,"Relay driver for Raspberry Pi etc; suggested as an alternative transistor to the BC547, noting pinout compatibility is required."
6s,1,2N2222,mention,"Relay driver article, suggested as a substitute transistor for the BC547 if pinout matches."
6y,1,2N2222,mention,"User report for the U3S kit, used to toggle the TX-switch in a stand-alone WSPR beacon."
3a,5,2N3904,reference,Listed as Q201 in the 10W HF Linear PA assembly parts list.
3a,6,2N3904,reference,Listed as a single component in the 10W HF Linear PA assembly parts list.
3a,25,2N3904,project,"10W HF Linear PA kit assembly, installed as transistor Q201, distinguished from similar-looking BS170s by markings."
3b,7,2N3904,reference,"10W HF Linear PA parts list, listed as Q201."
3b,8,2N3904,reference,Listed as a single component in the 10W HF Linear PA assembly parts list.
3b,32,2N3904,project,"The 10W HF Linear PA assembly, installed as transistor Q201 with specific pin bending and orientation."
3c,5,2N3904,reference,Listed as Q201 in the semiconductor section of the 10W HF Linear PA kit parts list.
3c,7,2N3904,reference,"Listed in the 10W HF Linear PA kit parts list, shown with 1N4004 and 78L05."
3c,27,2N3904,project,"The 10W HF Linear PA kit; installed as transistor Q201, distinguished from BS170s by marking."
4v,2,2N3904,project,"Transistors Q2, Q3, and Q4 in the QRP Labs 5W HF PA kit driver stage."
4v,3,2N3904,reference,"QRP Labs 5W HF PA kit parts list, listed as Q3 and Q4 NPN transistors."
4v,19,2N3904,reference,Listed as 2pcs in the 5W HF PA kit inventory parts list.
4v,24,2N3904,project,"5W HF PA kit assembly, installing two NPN transistors Q3 and Q4."
4w,2,2N3904,project,"QRP Labs 5W HF PA kit, used as transistors Q1, Q2, Q3, and Q4 in the driver and control stages."
4w,3,2N3904,reference,"QRP Labs 5W HF PA kit parts list, listed as Q3 and Q4 NPN transistors."
4w,19,2N3904,reference,Listed in the 5W HF PA kit inventory as 2 pieces.
4w,24,2N3904,project,"5W HF PA kit assembly, installing NPN transistors Q3 and Q4."
4x,3,2N3904,reference,"Listed as Q3 and Q4, NPN transistors in TO92 packages for the simplified build."
4x,7,2N3904,reference,"Listed in the 5W HF PA kit simplified build parts inventory, shown with 2pcs quantity."
4y,3,2N3904,reference,"Listed as Q3 and Q4, NPN transistors in TO92 packages for the 5W HF PA kit."
4y,7,2N3904,reference,"Listed in the 5W HF PA kit parts list as 2pcs, without specific circuit function shown."
4z,3,2N3904,reference,"Listed as Q3 and Q4, NPN transistors in TO92 packages for the 5W HF PA kit."
4z,7,2N3904,reference,Listed in the 5W HF PA kit parts inventory with a quantity of 2.
52,2,2N3904,project,"Transistors Q2, Q3, and Q4 in the QRP Labs AN005 HF PA kit schematic."
53,2,2N3904,project,"Transistors Q2, Q3, and Q4 in the QRP Labs AN005 HF PA kit raised cosine controller circuit."
55,1,2N3904,reference,Listed as 2pcs in the 5W HF PA kit inventory photo.
7m,2,2N3904,reference,"ProgRock parts list, listed as Q1 and Q3, NPN transistors for the noise filter circuit."
7m,3,2N3904,project,"Q1 and Q3 in the ProgRock circuit, shown with R2, R4, R6, and C4, C5."
7m,9,2N3904,project,"QRP Labs ProgRock noise filter circuit, identified as the NPN transistor type for Q1 and Q3."
7n,2,2N3904,reference,"ProgRock parts list, listed as Q1 and Q3, NPN transistors for the noise filter circuit."
7n,3,2N3904,project,"Q1 and Q3 transistors in the ProgRock Synth circuit, shown with resistors R5 and R2."
7n,10,2N3904,project,"NPN transistor in the noise filter circuit, installed at positions Q1 and Q3."
7v,1,2N3904,reference,"QRSS Arduino Shield Beacon Kit parts list, listed as Q1 and Q2 transistors in the Semiconductors section."
81,2,2N3904,reference,Listed as Q1 and Q2 transistors in the QRSS TX kit parts list.
82,2,2N3904,reference,Listed as Q1 and Q2 transistors in the QRSS TX kit component list.
83,2,2N3904,reference,"QRSS TX kit component list, listed as Q1, Q2 transistors."
84,2,2N3904,reference,Listed as Q1 and Q2 in the QRSS TX kit parts list.
al,1,2N3904,project,"Transistor in the phase noise measurement circuit, positioned near the 680Ω and 1.3k resistors."
p,61,2N3904,project,"Q3 and Q4 in the QMX+ RF envelope shaping circuit, part of the DAC output stage."
3a,9,2N3904N,project,"The 10W HF Linear PA schematic, labelled as Q201 in the input stage."
3b,12,2N3904N,project,"The 10W HF Linear PA schematic, labelled Q201 in the input stage near R201."
3c,10,2N3904N,project,"The 10W HF Linear PA kit, identified as Q201 in the bias circuit near R201 and R206."
9z,23,2N3904N,project,"QSX 10W Linear PA module, labelled Q201 in the bias control circuit."
a0,17,2N3904N,project,"10W Linear Power Amplifier, used as Q201 in the bias and input stage."
4v,2,2N3906,project,Transistors in the QRP Labs 5W HF PA kit driver and control sections.
4v,3,2N3906,reference,"QRP Labs 5W HF PA kit parts list, listed as Q1, Q2, Q6, and Q8 PNP transistors."
4v,19,2N3906,reference,Listed as 4pcs in the 5W HF PA kit inventory parts list.
4v,24,2N3906,project,"5W HF PA kit assembly, installing four PNP transistors Q1, Q2, Q6, and Q8."
4w,2,2N3906,project,"QRP Labs 5W HF PA kit, used as transistors in the driver stage and bias network, including Q5 and Q6."
4w,3,2N3906,reference,"QRP Labs 5W HF PA kit parts list, listed as Q1, Q2, Q6, and Q8 PNP transistors."
4w,19,2N3906,reference,Listed in the 5W HF PA kit inventory as 4 pieces.
4w,24,2N3906,project,"5W HF PA kit assembly, installing PNP transistors Q1, Q2, Q6, and Q8."
4x,3,2N3906,reference,"Listed as Q1, Q2, Q6, and Q8, PNP transistors in TO92 packages for the simplified build."
4x,7,2N3906,reference,"Listed in the 5W HF PA kit simplified build parts inventory, shown with 4pcs quantity."
4y,3,2N3906,reference,"Listed as Q1, Q2, Q6, and Q8, PNP transistors in TO92 packages for the 5W HF PA kit."
4y,7,2N3906,reference,"Listed in the 5W HF PA kit parts list as 4pcs, without specific circuit function shown."
4z,3,2N3906,reference,"Listed as Q1, Q2, Q6, and Q8, PNP transistors in TO92 packages for the 5W HF PA kit."
4z,7,2N3906,reference,Listed in the 5W HF PA kit parts inventory with a quantity of 4.
52,2,2N3906,project,"Multiple transistors in the QRP Labs AN005 HF PA kit, including Q1 and Q7."
53,2,2N3906,project,"Multiple transistors in the QRP Labs AN005 HF PA kit raised cosine controller, including Q1 and Q7."
55,1,2N3906,reference,Listed as 4pcs in the 5W HF PA kit inventory photo.
7m,2,2N3906,reference,"ProgRock parts list, listed as Q2, NPN transistor for the noise filter circuit."
7m,3,2N3906,project,"Q2 in the ProgRock circuit, shown with R1, R3, and C1, C2."
7m,9,2N3906,project,"QRP Labs ProgRock noise filter circuit, identified as the PNP transistor type fitted in the central Q2 position."
7n,2,2N3906,reference,"ProgRock parts list, listed as Q2, an NPN transistor for the noise filter circuit."
7n,3,2N3906,project,"Q2 transistor in the ProgRock Synth circuit, connected to the LM317LZ regulator."
7n,10,2N3906,project,"PNP transistor in the noise filter circuit, installed at position Q2, the central one of the three."
p,61,2N3906,project,"Q8 and C4 in the QMX+ RF envelope shaping circuit, handling the PA supply voltage and signal path."
5o,1,2N5109,mention,Named in the description of Paul N1BUG's modified Softrock Lite II receiver as the preamp preceding the BPF.
5c,1,2N7000,mention,"Named in Bill W4HBK's modifications list for the QRSS TX kit, where he added a heatsink to it."
7v,1,2N7000,reference,"QRSS Arduino Shield Beacon Kit parts list, listed as Q3, Q4, and Q5 transistors in the Semiconductors section."
7w,3,2N7000,mention,Ultimate2 QRSS beacon kit construction notes; noted as the transistor type for which the PCB legend orientation is correct.
7w,7,2N7000,mention,"Ultimate2 QRSS kit assembly notes; cited as the type for which the PCB legend is correct, unlike the supplied BS170."
7y,3,2N7000,mention,"Ultimate2 QRSS beacon kit; noted as the transistor type for which the PCB legend orientation is correct, unlike the supplied BS170s."
7y,7,2N7000,mention,"Ultimate2 QRSS kit construction notes; mentioned as the transistor for which the PCB legend is correct, unlike the supplied BS170."
7z,1,2N7000,project,"QRSS Labs Multi-mode QRSS Beacon Kit, Q1 operating as the power amplifier producing over 150mW."
7z,2,2N7000,project,"The QRSS Beacon Kit, labelled Q1 in the RF output stage near capacitors C10-C13."
7z,3,2N7000,reference,"QRSS Labs Multi-mode QRSS Beacon Kit parts list, listed as Q1 and Q2 in the semiconductors section."
7z,4,2N7000,mention,"QRSS Beacon Kit construction notes; optional Q2 to increase output power, not supplied in the kit."
7z,7,2N7000,project,"The QRSS kit's power amplifier transistor, used for 180mW output and parallel heat sharing."
7z,8,2N7000,project,"QRSS kit external power amplifier section, wired to the 'C out' pad gate to drive an external amplifier."
80,1,2N7000,project,"QRSS Labs Multi-mode QRSS Beacon Kit, Q1 operating as the power amplifier producing over 150mW."
80,3,2N7000,reference,"QRSS Beacon Kit parts list, listed as Q1 and Q2, with Q2 optional for extra power."
80,6,2N7000,project,"QRSS Beacon Kit power amplifier transistor, driving output or feeding external PA gate via C out."
81,2,2N7000,reference,Listed as Q3 transistor in the QRSS TX kit parts list.
82,2,2N7000,reference,Listed as Q3 transistor in the QRSS TX kit component list.
83,2,2N7000,reference,"QRSS TX kit component list, listed as Q3 transistor."
84,2,2N7000,reference,Listed as Q3 in the QRSS TX kit parts list.
4v,2,2SC4242,project,Transistor Q5 in the QRP Labs 5W HF PA kit output stage.
4v,3,2SC4242,reference,"QRP Labs 5W HF PA kit parts list, listed as Q5 NPN power transistor."
4v,19,2SC4242,reference,Listed in the 5W HF PA kit inventory parts list.
4v,30,2SC4242,project,"The 5W HF PA kit power modulator transistor, Q5, mounted on the small gap side of the heatsink."
4v,31,2SC4242,project,"5W HF PA kit, Q5 transistor to be mounted on the narrow side of the heatsink."
4w,2,2SC4242,project,"QRP Labs 5W HF PA kit, used as transistor Q5 in the driver stage, connected to R28 and R29."
4w,3,2SC4242,reference,"QRP Labs 5W HF PA kit parts list, listed as Q5 NPN power transistor."
4w,19,2SC4242,reference,Listed in the 5W HF PA kit inventory as a single component.
4w,30,2SC4242,project,"The 5W HF PA kit, identified as Q5 in the power modulator, mounted on the small-gap side of the heatsink."
4w,31,2SC4242,project,"5W HF PA kit assembly, identified as Q5 to be mounted on the narrow side of the heatsink."
4x,3,2SC4242,reference,"Listed as Q5, an NPN power transistor in a TO220 package for the simplified build."
4x,7,2SC4242,reference,"Listed in the 5W HF PA kit simplified build parts inventory, shown with TO220 insulators."
4y,3,2SC4242,reference,"Listed as Q5, an NPN power transistor in a TO220 package for the 5W HF PA kit."
4y,7,2SC4242,reference,"Listed in the 5W HF PA kit parts list, shown with heatsink and TO220 insulators."
4z,3,2SC4242,reference,"Listed as Q5, a power transistor in TO220 package for the 5W HF PA kit."
4z,7,2SC4242,reference,Listed in the 5W HF PA kit parts inventory.
52,2,2SC4242,project,Transistor Q5 in the QRP Labs AN005 HF PA kit schematic.
53,2,2SC4242,project,Transistor Q5 in the QRP Labs AN005 HF PA kit raised cosine controller circuit.
55,1,2SC4242,reference,Listed in the 5W HF PA kit inventory photo.
p,61,2SC4242,project,"Q5 in the QMX+ RF envelope shaping circuit, noted as unstable in the QMX implementation."
45,22,3000HZ,none,"Audio frequency range limit in the WSPR software description, not a component."
b,1,3000HZ,none,"Frequency limit in the audio response measurement description, not a component."
6p,1,3000M,none,"Altitude threshold in the U4B BASIC code, not a component."
bb,1,3000MAH,none,"Label on the 18650 battery in the QRP Labs Ultimate 3 builder photo, indicating its capacity."
7t,17,3000MS,none,Parameter value in the $PMTK225 command string defining the 3000ms on-time for periodic mode.
8q,17,3000MS,none,"A timing parameter in the periodic mode command string, not a component reference."
bn,9,6280,none,"Resistor value marking (6.28kΩ) beside R3 in the U4B Balloon Tracker schematic, not a component type number."
br,1,6K3,none,"Binary data in the QMX firmware file, not a component reference."
br,1,6K4,none,"Binary data in the QMX firmware file, not a component reference."
br,1,6K7,none,"Binary data in the QMX firmware file, not a component reference."
a2,22,74AC00,mention,"QCX transmit drive circuit, cited as an unsuitable alternative to the 74ACT00 due to its 3.5V logic threshold."
2c,69,74AC08,mention,"QDX Class-D amplifier; text notes all 74AC08 gates are enabled by the transmit signal, contrasting with the 74ACT08 used for drive."
2f,68,74AC08,mention,"QDX Class-D amplifier, mentioned as the general type for the AND gates enabled by the transmit signal."
2g,62,74AC08,project,"QDX Class-D Push-pull Power amplifier, where all AND gates are enabled by the transmit signal from the microcontroller."
2h,60,74AC08,mention,"QDX Class-D amplifier, named as the generic type for the AND gates enabled by the transmit signal."
2i,58,74AC08,project,"QDX Class-D Push-pull Power amplifier, where all AND gates are enabled by the transmit signal to pass oscillator signals."
2m,67,74AC08,project,"QDX Class-D Power amplifier, where all AND gates are enabled by the transmit signal to pass oscillator signals."
2u,54,74AC08,project,"QDX-M transceiver power amplifier, where all AND gates are enabled by the transmit signal to pass oscillator signals."
7o,4,74AC08,project,"QLG2-SE GPS receiver kit, where one unused AND gate is available for use as a buffer."
8d,4,74AC08,project,"QLG2-SE GPS receiver kit, where one unused AND gate is available as a spare buffer."
45,1,74AC74,project,"QRP Labs Receiver module kit parts list, listed as IC2, a dual D-type flip flop."
45,3,74AC74,project,"QRP Labs Receiver module, IC2 configured as a dual D-type flip-flop to generate the quadrature local oscillator signal."
45,7,74AC74,project,"QRP Labs receiver module, IC2, a through-hole component soldered on the bottom side of the board."
a2,14,74AC74,mention,QCX transceiver article; compared as a divide-by-4 chip with worse sideband cancellation than direct Si5351A quadrature.
a2,22,74ACT00,project,"QCX transmit drive circuit, IC3A, converting the Si5351A 3.3V signal to 5V to drive the Class-E final."
2c,69,74ACT08,project,QDX Class-D amplifier; quad AND-gate IC providing parallel drive for the push and pull sides of the MOSFETs.
2f,68,74ACT08,project,"QDX Class-D amplifier, providing the AND gate drivers for the push and pull sides of the MOSFET stage."
2g,62,74ACT08,project,"QDX Class-D Push-pull Power amplifier, providing two AND gates per side to drive the BS170 transistors in parallel."
2h,60,74ACT08,project,"QDX Class-D amplifier, the quad AND-gate IC driving the push and pull sides in parallel."
2i,58,74ACT08,project,"QDX Class-D Push-pull Power amplifier, providing two AND gates per side in parallel to drive the BS170 transistors."
2m,67,74ACT08,project,"QDX Class-D Power amplifier, providing two AND gates per side to drive the push and pull MOSFETs in parallel."
2u,31,74ACT08,project,"QDX-M transceiver schematic, used as IC5A-D for USB/Video signal buffering and logic."
2u,54,74ACT08,project,"QDX-M transceiver power amplifier, providing quad AND gates to drive the push and pull sides in parallel."
e,15,74ACT08,reference,"QMX+ parts list, listed as IC503 in SOIC-14 package."
g,15,74ACT08,reference,"QMX+ parts list, listed as IC503 in SOIC-14 package."
m,16,74ACT08,reference,"QMX+ parts list, listed as IC503, a SOIC-14 logic chip."
v,19,74ACT08,reference,"QMX transceiver kit parts list, listed as IC503 in a SOIC-14 package."
x,19,74ACT08,reference,"QMX transceiver kit parts list, listed as IC503 in the semiconductors section."
y,19,74ACT08,reference,Listed as IC503 in the QMX transceiver kit parts list.
45,1,74ACT74,mention,"QRP Labs Receiver module kit parts list, noted as the substitute for IC2 in later kit packs."
45,3,74ACT74,project,"QRP Labs Receiver module, listed as an alternative to the 74AC74 for the quadrature local oscillator generation stage."
45,7,74ACT74,project,"QRP Labs receiver module, listed as an alternative to the 74AC74 for IC2."
7z,1,74HC00,project,"QRSS Labs Multi-mode QRSS Beacon Kit, IC2 where one gate acts as crystal oscillator and another keys transmission."
7z,2,74HC00,project,"The QRSS Beacon Kit, labelled IC2 with gates a, b, c, and d in the clock/FSK section."
7z,3,74HC00,reference,"QRSS Labs Multi-mode QRSS Beacon Kit parts list, listed as IC2 in the semiconductors section."
7z,4,74HC00,project,"QRSS Beacon Kit construction; IC2, a logic chip without a socket, requiring careful orientation."
80,1,74HC00,project,"QRSS Labs Multi-mode QRSS Beacon Kit, IC2 using a NAND gate as the crystal oscillator."
80,3,74HC00,reference,"QRSS Beacon Kit parts list, listed as IC2, noted as having no socket."
6x,1,74HC393,project,"The recommended divider chip in the U3 GPS reference mod, used to divide the 10MHz signal for the AVR."
6x,1,74HC4040,mention,"Suggested as an alternative 12-bit counter divider in the U3 GPS reference mod, offering higher division ratios."
4v,3,74HC595,reference,"QRP Labs 5W HF PA kit parts list, listed as IC1 8-bit shift register."
4v,8,74HC595,project,"The 8-bit shift register in the DAC section, used to create analogue voltages for modulating the power regulator."
4v,9,74HC595,project,"5W HF PA kit, the 8-bit shift register that latches bits to drive the DAC, or replaced by ATtiny84."
4v,19,74HC595,reference,Listed with a 16-pin socket in the 5W HF PA kit inventory parts list.
4v,25,74HC595,project,"The 5W HF PA kit, where IC1 is the shift register controlling the envelope-shaping DAC."
4w,3,74HC595,reference,"QRP Labs 5W HF PA kit parts list, listed as IC1 8-bit shift register."
4w,8,74HC595,project,"The 8-bit shift register in the DAC section, used to create analogue voltages for modulating the power regulator."
4w,9,74HC595,project,"The 8-bit shift register in the 5W HF PA kit, clocking data bits and latching outputs for the DAC."
4w,19,74HC595,reference,Listed in the 5W HF PA kit inventory with a matching 16-pin socket.
4w,25,74HC595,project,"The 5W HF PA kit, installed as IC1 in a socket to control the envelope-shaping DAC."
4x,3,74HC595,reference,"Listed as IC1, an 8-bit shift register in a 16-pin DIP package for the simplified build."
4x,7,74HC595,reference,"Listed in the 5W HF PA kit simplified build parts inventory, shown with a 16-pin socket."
4y,3,74HC595,reference,"Listed as IC1, an 8-bit shift register in a 16-pin DIP package for the 5W HF PA kit."
4y,7,74HC595,reference,Listed in the 5W HF PA kit parts list with a matching 16-pin socket.
4z,3,74HC595,reference,"Listed as IC1, an 8-bit shift register in 16-pin DIP package for the 5W HF PA kit."
4z,7,74HC595,reference,Listed in the 5W HF PA kit parts inventory with a matching 16-pin socket.
50,1,74HC595,technique,The 8-bit shift register in the HF PA kit whose outputs control the DAC for RF envelope modulation.
51,1,74HC595,project,The 8-bit shift register in the HF PA kit whose outputs control the DAC.
52,1,74HC595,project,"The standard HF PA kit's 8-bit shift register, replaced by an ATtiny84 in the modified circuit described."
52,5,74HC595,mention,"5W HF PA kit, listed as the 16-pin chip supplied in the kit but replaced by the ATtiny84 microcontroller."
53,1,74HC595,technique,"The standard 8-bit shift register in the HF PA kit, replaced by an ATtiny84 microcontroller in the modified circuit."
53,5,74HC595,mention,"5W HF PA kit, listed as the 16-pin chip supplied in the kit but replaced by the ATtiny84 in the IC1 socket."
55,1,74HC595,reference,Listed with its heatsink and socket in the 5W HF PA kit inventory.
5r,1,74HC595,project,"The 5W HF PA kit, where it loads 8-bit values to drive the digital envelope shaping stage."
8w,1,74HC595,technique,"In the HF PA kit block diagram, an 8-bit shift register whose outputs control the DAC."
8x,1,74HC595,technique,"In the HF PA kit, this 8-bit shift register outputs control the DAC for the power modulator."
d,1,74HC595,project,"The 5W HF PA kit's shift register, loaded with DAC values to generate the raised cosine envelope."
4v,2,74HC595N,project,IC1 in the QRP Labs 5W HF PA kit digital control section.
4w,2,74HC595N,project,"QRP Labs 5W HF PA kit, used as IC1 in the digital control section for serial-to-parallel conversion."
3y,1,74HC74,technique,"In the Si5351A quadrature VFO/SigGen, used to divide by 4 to generate the quadrature signal."
65,1,74HC74,mention,Suggested as a divide-by-4 circuit component to generate quadrature LO for LF bands in the QCX-mini.
6d,1,74HC74,mention,Suggested in the QCX+ FAQ as a chip for a divide-by-4 circuit to generate quadrature LO for 160m operation.
6h,1,74HC74,mention,Suggested in the FAQ for a divide-by-4 circuit to enable 160m operation in the QCX.
6x,1,74HC74,mention,Listed as a suitable dual D-type flip-flop divider option for the U3 GPS reference mod.
9j,1,74HC74,technique,"Quadrature Si5351A VFO/SigGen, labelled as the divide-by-4 stage in the sideband suppression plot."
a1,23,74HC74,technique,"QCX unwanted sideband cancellation measurement, listed as a divide-by-4 component in the signal chain."
a2,14,74HC74,none,QCX transceiver article; identified as an incorrect label in a graph for the 74AC74 divide-by-4 comparison.
a4,1,74HC74,technique,Labelled as the divide-by-4 stage in the Si5351A quadrature sideband suppression graph.
4e,9,74HC86,technique,"In the performance measurement setup, used as a quad-XOR gate to generate the 10.106MHz test signal."
4f,10,74HC86,technique,"Performance measurements section, used as a quad-XOR gate in the 10.106MHz crystal oscillator test signal source."
4g,12,74HC86,mention,Test signal generator using a 10.106 MHz quartz oscillator and 74HC86 XOR gate.
4h,10,74HC86,technique,"Test signal generator for the UR3 receiver performance measurement, used as a quad-XOR rate with a 10.106 MHz crystal."
1x,3,7805,none,Table of contents entry for installing the 7805 voltage regulator IC11 in the QCX+ kit.
1x,8,7805,reference,"QCX+ parts list, listed as IC11, TO220 5V voltage regulator."
1x,17,7805,reference,"QCX+ 5W CW transceiver kit inventory list, identified as a 5V 1A regulator in TO220 package."
1x,69,7805,project,"The QCX+ 5W CW transceiver kit, installed as IC11 to regulate voltage and protect the microcontroller from 12V."
1x,88,7805,project,"The QCX+ transceiver's voltage regulator, which requires no heatsink but gets hot at 16V supply."
1x,89,7805,project,"The voltage regulator in the QCX+ power supply, where a heatsink is suggested for high supply voltages."
1x,96,7805,mention,QCX+ Dev board assembly; named as the voltage regulator on the main PCB whose tab the Dev board cut-out avoids.
1x,102,7805,project,"QCX+ transceiver, used as IC11 in the +5V voltage regulator section."
1x,121,7805,project,"In the QCX+ 5W CW transceiver kit, IC11 is a 5V 1A voltage regulator supplying power to the microcontroller and LCD."
1x,127,7805,project,"QCX+ 5W CW transceiver kit, the voltage regulator whose temperature should be checked at high supply voltages."
1x,136,7805,mention,"QCX+ assembly manual revision history, noted as IC11 missing from the parts list in version 1.03."
1z,3,7805,none,"Table of contents entry for step 3.48, listing the installation of the 7805 voltage regulator IC11."
1z,8,7805,reference,"QCX+ parts list, listed as a TO220 5V voltage regulator IC11."
1z,17,7805,reference,"QCX+ 5W CW transceiver kit parts inventory, listed as a 5V 1A regulator in TO220 package."
1z,69,7805,project,"The QCX+ 5W CW transceiver kit, installed as IC11 to regulate power and protect the microcontroller from 12V."
1z,89,7805,project,"The QCX+ 5W CW transceiver kit, serving as the voltage regulator that requires no heatsink unless using the optional aluminium enclosure."
1z,90,7805,project,"The voltage regulator in the QCX+ power supply, where a heatsink is suggested for high supply voltages."
1z,97,7805,mention,QCX+ Dev board assembly notes; named as the voltage regulator on the main PCB whose tab the Dev board cut-out avoids.
1z,103,7805,project,"QCX+ transceiver, used as IC11 in the +5V voltage regulator section."
1z,122,7805,project,"QCX+ 5W CW transceiver kit, IC11 5V 1A voltage regulator supplying power to the microcontroller and LCD."
1z,128,7805,project,"The voltage regulator in the QCX+ kit, noted for temperature checks at high supply voltages."
1z,137,7805,mention,"QCX+ 5W CW transceiver kit manual revision history, noted as IC11 missing from the parts list."
20,3,7805,none,"Table of contents entry for the QCX+ 5W CW transceiver kit assembly manual, listing the installation step for IC11."
20,8,7805,reference,"QCX+ 5W CW transceiver kit parts list, listed as IC11, a 5V voltage regulator."
20,17,7805,reference,"QCX+ 5W CW transceiver kit inventory list, identified as a 5V 1A regulator."
20,69,7805,project,"The QCX+ 5W CW transceiver kit, installed as IC11 to regulate voltage and protect the microcontroller from 12V."
20,89,7805,project,"The QCX+ transceiver power supply regulator, which requires no heatsink but gets hot at 16V supply."
20,90,7805,project,"QCX+ 5W CW transceiver kit, the voltage regulator in the power supply section where a heatsink may be fitted."
20,97,7805,mention,QCX+ Dev board assembly notes; named as the voltage regulator on the main PCB whose tab the Dev board cut-out avoids.
20,103,7805,project,"QCX+ transceiver kit, labelled IC11 in the voltage regulator section."
20,122,7805,project,"The QCX+ transceiver, IC11, the 5V 1A voltage regulator supplying the microcontroller, detector, LCD, and IC3."
20,128,7805,project,"QCX+ 5W CW transceiver kit, the voltage regulator to check for temperature at high supply voltages."
20,138,7805,mention,"QCX+ 5W CW transceiver kit revision history, noting IC11 (7805) was missing from the parts list."
21,3,7805,none,"Table of contents entry for section 3.48, listing the installation of the 7805 voltage regulator IC11."
21,8,7805,reference,"QCX+ 5W CW transceiver kit parts list, listed as IC11, a 5V voltage regulator."
21,17,7805,reference,"QCX+ 5W CW transceiver kit inventory, listed as a 5V 1A regulator in TO220 package."
21,69,7805,project,"The QCX+ 5W CW transceiver kit, installed as IC11 to regulate voltage and protect the microcontroller from 12V."
21,89,7805,project,"The QCX+ 5W CW transceiver kit, acting as the voltage regulator that requires no heatsink unless using the optional aluminium enclosure."
21,90,7805,project,"The voltage regulator in the QCX+ power supply, where a heatsink is suggested for high supply voltages."
21,97,7805,mention,"QCX+ Dev board mounting instructions, named as the voltage regulator on the main PCB whose tab requires a perimeter cut-out."
21,149,7805,project,"QCX+ transceiver kit, used as IC11 in the voltage regulator section."
21,168,7805,project,"QCX+ 5W CW transceiver kit, IC11 5V 1A voltage regulator supplying power to the microcontroller and LCD."
21,174,7805,project,"QCX+ 5W CW transceiver kit, the voltage regulator to check for temperature at high supply voltages"
21,184,7805,mention,"QCX+ 5W CW transceiver kit manual revision history, noted as IC11 missing from the parts list in version 1.03."
22,3,7805,none,Listed in the table of contents as the voltage regulator IC11 installation section.
22,9,7805,reference,"QCX+ 5W CW transceiver kit parts list, listed as IC11, a 5V voltage regulator."
22,56,7805,project,"The voltage regulator in the QCX+ 5W CW transceiver kit, installed as IC11 in section 3.48."
23,27,7805,project,"QCX+ transceiver, used as IC11 in the +5V voltage regulator section."
23,68,7805,mention,"QCX+ 5W CW transceiver kit manual revision history, noted as IC11 missing from the parts list."
25,3,7805,none,Table of contents entry for installing the voltage regulator IC11 7805.
25,22,7805,reference,"QCX+ 5W CW transceiver kit inventory list, listed as 5V 1A regulator, TO220."
25,76,7805,project,"The QCX+ 5W CW transceiver kit, installed as IC11, the voltage regulator for the power supply."
25,164,7805,project,"QCX+ transceiver schematic, used as IC11 in the +5V voltage regulator section."
25,187,7805,project,"QCX+ transceiver 5V regulator section, IC11 providing 5V to the microcontroller, quadrature detector, LCD, and IC3."
25,206,7805,mention,"QCX+ manual version history, noted as IC11 missing from the parts list on page 8."
26,1,7805,project,"QCX+ transceiver, the voltage regulator IC11 in the +5V network near C37 and C38."
28,1,7805,project,"QCX+ transceiver, the voltage regulator IC11 providing +5V from +12V input."
39,24,7805,mention,"10W HF Linear PA kit assembly, suggested as an additional device for the spare heatsink holes used in the QSX transceiver kit."
3a,31,7805,mention,"10W HF Linear PA kit assembly, suggested as an additional device for the spare heatsink holes when installed in the QSX transceiver kit."
3q,4,7805,mention,Suggested as a linear regulator for the Ultimate3S power supply to avoid frequency drift from cheap switch-mode chargers.
3r,4,7805,technique,Recommended linear regulator for the Ultimate3S power supply to prevent voltage glitches causing frequency drift.
5s,1,7805,project,"In the 5W HF PA kit test stack, mounted on an old PCB with a small heatsink to provide power."
61,1,7805,project,"QMX SMPS step change test jig, voltage regulator used to generate the test supply voltage."
6k,1,7805,project,"Voltage regulator in the QCX, noted by Georges F6DFZ for placement and by another builder for removal."
72,3,7805,none,Listed in the table of contents as the voltage regulator IC11 to be installed in section 3.52.
72,7,7805,reference,"QCX 5W CW transceiver kit parts list, listed as IC5, a 5V 1A voltage regulator."
72,13,7805,reference,"QCX 5W CW transceiver kit parts inventory, listed as a 5V 1A regulator in TO220 package."
72,51,7805,project,"The QCX 5W CW transceiver kit, installed as IC11, the voltage regulator with its metal tab facing outwards."
72,64,7805,project,"The QCX 5W CW transceiver kit, the voltage regulator in its power supply requiring no heatsink."
72,117,7805,project,QCX transceiver schematic; the voltage regulator IC11 in the +5V power supply section.
72,135,7805,project,"QCX 5W CW transceiver kit, IC11 5V 1A voltage regulator powering the microcontroller, LCD, and IC3."
72,141,7805,project,"The QCX 5W CW transceiver kit, identified as the voltage regulator to check for heat at supply voltages above 13.8V."
73,3,7805,none,Listed in the table of contents as the voltage regulator IC11 to be installed in section 3.51.
73,9,7805,reference,"QCX 5W CW transceiver kit parts list, listed as IC11, a 5V 1A voltage regulator."
73,15,7805,reference,"QCX 5W CW transceiver kit inventory list, listed as 7805 5V 1A regulator, TO220."
73,47,7805,project,"The QCX 5W CW transceiver kit, installed as IC11, the voltage regulator with its metal tab facing outwards."
73,66,7805,project,"The QCX 5W CW transceiver kit, acting as the voltage regulator in its power supply section."
73,114,7805,project,"QCX transceiver kit, used as IC11 in the voltage regulator section."
73,132,7805,project,"QCX 5W CW transceiver kit, IC11 5V 1A voltage regulator powering the microcontroller, LCD, and IC3."
73,137,7805,project,"The QCX 5W CW transceiver kit, the voltage regulator to check for heat at supply voltages above 13.8V."
74,3,7805,none,Listed in the table of contents as the voltage regulator IC11 to be installed in section 3.51.
74,9,7805,reference,"QCX 5W CW transceiver kit parts list, listed as IC11, a 5V 1A voltage regulator."
74,15,7805,reference,"QCX 5W CW transceiver kit inventory list, listed as 7805 5V 1A regulator, TO220."
74,47,7805,project,"The QCX 5W CW transceiver kit, installed as IC11, the voltage regulator with its metal tab facing outwards."
74,66,7805,project,"The QCX 5W CW transceiver kit, acting as the voltage regulator in its power supply section."
74,108,7805,project,"QCX transceiver, the voltage regulator IC11 providing +5V."
74,126,7805,project,"QCX 5W CW transceiver kit, IC11 5V 1A voltage regulator powering the microcontroller, LCD, and IC3."
74,131,7805,project,"The QCX 5W CW transceiver kit, identified as the voltage regulator to monitor for heat at high supply voltages."
75,3,7805,none,"Table of contents entry for the QCX 5W CW transceiver kit assembly manual, listing the 7805 voltage regulator IC11 installation step."
75,9,7805,reference,"QCX 5W CW transceiver kit parts list, listed as IC5, a 5V 1A voltage regulator."
75,15,7805,reference,"QCX 5W CW transceiver kit inventory list, identified as a 5V 1A regulator in TO220 package."
75,47,7805,project,"The QCX 5W CW transceiver kit, installed as IC11, the voltage regulator with its metal tab facing outwards."
75,66,7805,project,"The voltage regulator in the QCX transceiver power supply, noted to require no heatsink but getting hot at 16V."
75,109,7805,project,"QCX transceiver kit, listed as IC11 in the Voltage regulator section."
75,127,7805,project,"In the QCX 5W CW transceiver kit, IC11 is a 5V 1A voltage regulator supplying power to the microcontroller and LCD."
75,132,7805,project,"The QCX 5W CW transceiver kit, identified as the voltage regulator to check for heat at supply voltages above 13.8V."
76,3,7805,none,"Table of contents entry for step 3.50, listing the installation of the 7805 voltage regulator IC11."
76,8,7805,reference,"QCX 5W CW transceiver kit parts list, listed as IC5, a 5V 1A voltage regulator."
76,14,7805,reference,"QCX 5W CW transceiver kit inventory list, listed as 5V 1A regulator in TO220 package."
76,46,7805,project,"The QCX 5W CW transceiver kit, installed as IC11 voltage regulator with metal tab facing outwards."
76,65,7805,project,"The QCX 5W CW transceiver kit, acting as the voltage regulator for the power supply."
76,108,7805,project,"QCX transceiver, listed as IC11 in the voltage regulator section."
76,126,7805,project,"QCX 5W CW transceiver kit, IC11 providing 5V for the microcontroller, detector chip, LCD, and IC3."
76,131,7805,project,"The QCX 5W CW transceiver kit's voltage regulator, noted to require a heatsink at supply voltages above 13.8V."
77,3,7805,none,Listed in the table of contents as the voltage regulator IC11 to be installed in step 3.50.
77,17,7805,reference,"QCX 5W CW transceiver kit parts list, listed as 5V 1A regulator."
77,49,7805,project,"QCX 5W CW transceiver kit, installed as IC11 voltage regulator with metal flange facing outward from the PCB."
77,119,7805,project,"QCX 5W CW transceiver kit, listed as IC11 in the voltage regulator section."
77,139,7805,project,"QCX 5W CW transceiver, IC11 voltage regulator providing 5V to the microcontroller, LCD, and logic ICs."
78,17,7805,reference,"QCX 5W CW transceiver kit parts list, shown as a 5V 1A regulator in TO220 package."
79,3,7805,none,"Table of contents entry for step 3.50, listing the installation of the 7805 voltage regulator IC11."
79,8,7805,reference,"QCX 5W CW transceiver kit parts list, listed as IC5, a TO220 5V 1A voltage regulator."
79,14,7805,reference,"QCX 5W CW transceiver kit inventory list, listed as 5V 1A regulator, TO220."
79,46,7805,project,"The QCX 5W CW transceiver kit, installed as IC11, the voltage regulator with its metal tab facing outwards."
79,65,7805,project,"The QCX 5W CW transceiver kit, acting as the voltage regulator for the power supply."
79,108,7805,project,"QCX transceiver, the voltage regulator IC11 in the power supply section."
79,126,7805,project,"QCX 5W CW transceiver kit, 5V voltage regulator IC11 powering the microcontroller, LCD, and detector chip."
79,131,7805,project,"The voltage regulator in the QCX 5W CW transceiver kit, noted for potential heatsink needs at high supply voltages."
7a,3,7805,none,Listed in the assembly manual table of contents as the voltage regulator IC11 to be installed.
7a,8,7805,reference,"QCX 5W CW transceiver kit parts list, listed as IC5, a 5V 1A voltage regulator."
7a,14,7805,reference,"QCX 5W CW transceiver kit parts inventory, listed as a 5V 1A regulator in TO220 package."
7a,46,7805,project,"The QCX 5W CW transceiver kit, installed as IC11, the voltage regulator with its metal tab facing outwards."
7a,65,7805,project,"The voltage regulator in the QCX 5W CW transceiver kit, noted to require no heatsink but getting hot at 16V."
7a,108,7805,project,"QCX 5W CW transceiver kit, the voltage regulator in the power supply section."
7a,120,7805,project,"QCX 5W CW transceiver kit, the 5V regulator whose dissipation is managed by powering the LCD backlight from the 12V rail instead."
7a,126,7805,project,"QCX 5W CW transceiver kit, IC11 5V 1A voltage regulator powering the microcontroller, LCD, and IC3."
7a,131,7805,technique,"QCX 5W CW transceiver kit measurements section, the voltage regulator to check for heat at high supply voltages."
7b,3,7805,none,Table of contents entry for installing the 7805 voltage regulator IC11 on page 45.
7b,14,7805,reference,"QCX 5W CW transceiver kit parts list, identified as a 5V 1A regulator in the component photo section."
7b,45,7805,project,"The voltage regulator IC11 in the QCX 5W CW transceiver kit, installed with its cooling surface facing left."
7b,105,7805,project,"QCX transceiver, listed in the parts list and shown as IC11 in the voltage regulator section."
7c,3,7805,none,"Table of contents entry for step 3.50, listing the installation of the 7805 voltage regulator IC11."
7c,7,7805,reference,"QCX 5W CW transceiver kit parts list, listed as IC11, a TO220 5V 1A voltage regulator."
7c,13,7805,reference,"QCX 5W CW transceiver kit parts inventory, listed as a 5V 1A regulator in TO220 package."
7c,44,7805,project,"The QCX 5W CW transceiver kit, installed as IC11, the voltage regulator."
7c,62,7805,project,"The QCX transceiver power supply, where the 7805 voltage regulator is noted to require no heatsink."
7c,105,7805,project,"QCX transceiver, used as IC11 in the Voltage regulator section."
7c,123,7805,project,"QCX 5W CW transceiver kit, IC11 5V 1A voltage regulator powering the microcontroller, LCD, and detector chip."
7c,128,7805,project,"The voltage regulator in the QCX 5W CW transceiver kit, noted for potential heatsink needs at high supply voltages."
7d,3,7805,none,Listed in the assembly manual table of contents as the voltage regulator IC11 to be installed.
7d,7,7805,reference,"QCX 5W CW transceiver kit parts list, listed as IC5, a 5V 1A voltage regulator."
7d,13,7805,reference,"QCX 5W CW transceiver kit inventory, listed as a 5V 1A regulator in TO220 package."
7d,44,7805,project,"The voltage regulator IC11 in the QCX 5W CW transceiver kit, installed with its metal tab facing outwards."
7d,62,7805,project,"The QCX transceiver power supply, noted as requiring no heatsink but getting hot at 16V."
7d,105,7805,project,"QCX transceiver, used as IC11 in the voltage regulator section to generate +5V from +12V."
7d,117,7805,project,"The QCX transceiver power supply regulator, whose dissipation is managed by powering the LCD backlight from the 12V rail instead."
7d,123,7805,project,"QCX 5W CW transceiver kit, IC11 5V 1A regulator supplying power to the microcontroller, LCD, and IC3."
7d,128,7805,project,"The QCX 5W CW transceiver kit, the voltage regulator to check for heat at high supply voltages."
7e,3,7805,none,Listed in the table of contents as the voltage regulator IC11 to be installed in step 3.50.
7e,13,7805,reference,"QCX 5W CW transceiver kit parts list, listed as a 5V 1A regulator in TO220 package."
7e,44,7805,project,"The QCX 5W CW transceiver kit, installed as IC11, the voltage regulator."
7e,104,7805,project,"QCX transceiver, listed as IC11 in the Voltage regulator section."
7f,15,7805,reference,"QCX 5W CW transceiver kit parts list, listed as 5V 1A regulator, TO220."
7i,1,7805,project,"QCX 5W CW transceiver, used as the voltage regulator in the power supply section."
7j,1,7805,project,"QCX 5W CW transceiver kit, the voltage regulator IC11 converting +12V to +5V."
8u,4,7805,technique,Recommended linear regulator for the Ultimate3S power supply to avoid frequency drift from voltage glitches.
8v,4,7805,technique,Recommended linear regulator for the Ultimate3S power supply to prevent voltage glitches causing frequency drift.
9n,3,7805,none,"Table of contents entry for section 3.48, listing the installation of the 7805 voltage regulator IC11."
9n,8,7805,reference,"QCX+ parts list, listed as IC11, a 5V voltage regulator."
9n,17,7805,reference,"QCX+ inventory parts list, identified as a 5V 1A regulator in TO220 package."
9n,69,7805,project,"The QCX+ 5W CW transceiver kit, installed as IC11 to regulate voltage and protect the microcontroller from 12V."
9n,88,7805,project,"The QCX+ 5W CW transceiver kit, where it regulates the supply voltage and may be bolted to the enclosure as a heatsink."
9n,89,7805,project,"QCX+ 5W CW transceiver kit, the voltage regulator in the power supply section."
9n,96,7805,mention,QCX+ 5W CW transceiver kit; named as the voltage regulator on the main PCB whose tab requires a perimeter cut-out on the Dev board.
9n,102,7805,project,"QCX+ transceiver, used as IC11 in the +5V voltage regulator section."
9n,121,7805,project,"QCX+ 5W CW transceiver kit, IC11 5V 1A voltage regulator supplying power to the microcontroller and LCD."
9n,127,7805,project,"QCX+ 5W CW transceiver kit, the voltage regulator whose temperature should be checked at high supply voltages."
9n,136,7805,mention,"QCX+ manual revision history, noted as IC11 missing from the parts list in version 1.03."
9o,3,7805,none,"Table of contents entry for step 3.48, listing the installation of the 7805 voltage regulator IC11."
9o,8,7805,reference,"QCX+ transceiver kit parts list, listed as IC11, a 5V voltage regulator."
9o,17,7805,reference,"QCX+ 5W CW transceiver kit inventory list, identified as a 5V 1A regulator in TO220 package."
9o,69,7805,project,"The QCX+ 5W CW transceiver kit, installed as IC11 voltage regulator to protect the microcontroller from 12V."
9o,89,7805,project,"The QCX+ transceiver kit, where it regulates the supply voltage and may be bolted to the enclosure as a heatsink."
9o,90,7805,project,"QCX+ 5W CW transceiver kit, the voltage regulator in the power supply where a heatsink may be fitted."
9o,97,7805,mention,QCX+ Dev board assembly; named as the voltage regulator on the main PCB whose tab the Dev board cut-out avoids.
9o,103,7805,project,"QCX+ transceiver, used as IC11 in the +5V voltage regulator section."
9o,122,7805,project,"QCX+ 5W CW transceiver kit, IC11 5V 1A voltage regulator supplying power to the microcontroller and LCD."
9o,128,7805,project,"The voltage regulator in the QCX+ 5W CW transceiver kit, noted for heat dissipation at higher supply voltages."
9o,137,7805,mention,"QCX+ 5W CW transceiver kit revision history, noted as IC11 missing from the parts list."
9p,3,7805,none,"Table of contents entry for section 3.48, listing the installation of the 7805 voltage regulator IC11."
9p,8,7805,reference,"QCX+ 5W CW transceiver kit parts list, listed as IC11, a 5V voltage regulator."
9p,17,7805,reference,"QCX+ 5W CW transceiver kit inventory, listed as a 5V 1A regulator in TO220 package."
9p,69,7805,project,"QCX+ 5W CW transceiver kit, installed as IC11 to regulate power and protect the microcontroller."
9p,89,7805,project,"The QCX+ transceiver's voltage regulator, noted to require no heatsink but getting hot at 16V supply."
9p,90,7805,project,"QCX+ 5W CW transceiver kit, the voltage regulator in the power supply where a heatsink may be fitted for higher voltages."
9p,97,7805,mention,QCX+ 5W CW transceiver kit; named as the voltage regulator on the main PCB whose tab the Dev board cut-out avoids.
9p,103,7805,project,"QCX+ transceiver, used as IC11 in the voltage regulator section."
9p,122,7805,project,"QCX+ 5W CW transceiver kit, 5V 1A voltage regulator IC11 powering the microcontroller, detector, LCD, and IC3."
9p,128,7805,project,"The voltage regulator in the QCX+ kit, noted for potential heatsink needs at high supply voltages."
9p,138,7805,mention,"QCX+ 5W CW transceiver kit manual revision history, noted as IC11 missing from the parts list."
9q,3,7805,none,"Table of contents entry for section 3.48, listing the installation of the 7805 voltage regulator IC11."
9q,8,7805,reference,"QCX+ 5W CW transceiver kit parts list, listed as IC11, a 5V voltage regulator."
9q,17,7805,reference,"QCX+ 5W CW transceiver kit inventory, listed as a 5V 1A regulator in TO220 package."
9q,69,7805,project,"The QCX+ 5W CW transceiver kit, installed as IC11 to regulate voltage and prevent 12V from reaching the microcontroller."
9q,89,7805,project,"The voltage regulator in the QCX+ transceiver, which requires no heatsink but gets hot at 16V supply."
9q,90,7805,project,"The voltage regulator in the QCX+ kit, where a heatsink may be fitted for higher supply voltages."
9q,97,7805,mention,QCX+ Dev board mounting instructions; named as the voltage regulator on the main PCB whose tab the Dev board cut-out avoids.
9q,149,7805,project,"QCX+ transceiver, used as IC11 in the voltage regulator section to generate the +5V supply."
9q,168,7805,project,"QCX+ 5W CW transceiver kit, IC11 5V 1A voltage regulator powering the microcontroller, LCD, and detector chip."
9q,174,7805,project,"QCX+ 5W CW transceiver kit, the voltage regulator to monitor for heat at high supply voltages"
9q,184,7805,mention,"QCX+ manual revision history, noted as IC11 missing from the parts list on page 8."
9r,3,7805,none,Listed in the table of contents as the voltage regulator IC11 installation section.
9r,9,7805,reference,"QCX+ kit parts list, listed as IC11, a 5V voltage regulator."
9r,56,7805,project,"The voltage regulator IC11 in the QCX+ 5W CW transceiver kit, installed in section 3.48."
9s,27,7805,project,QCX+ transceiver; IC11 voltage regulator for the +5V supply.
9s,68,7805,mention,"QCX+ 5W CW transceiver kit revision history, noted as IC11 missing from the parts list on page 8."
9u,3,7805,none,"Index entry in the QCX+ manual table of contents, listing the installation of voltage regulator IC11."
9u,22,7805,reference,"QCX+ 5W CW transceiver kit inventory list, listed as 5V 1A regulator, TO220."
9u,76,7805,project,"The voltage regulator IC11 in the QCX+ 5W CW transceiver kit, installed to provide regulated power."
9u,164,7805,project,"QCX+ transceiver schematic, listed in the parts list near C11 and IC11."
9u,187,7805,project,"QCX+ 5V regulator section, IC11 providing 5V for the microcontroller, quadrature detector, LCD, and IC3."
9u,206,7805,mention,"QCX+ 5W CW transceiver kit manual version history, noted as IC11 missing from the parts list."
9v,1,7805,project,"QCX+ transceiver, the voltage regulator IC11 in the +5V network near C37 and C38."
9x,1,7805,project,"QCX+ transceiver schematic, IC11 in the voltage regulator section providing +5V."
a1,18,7805,project,"QRP Labs VFO stability demo, shown in the schematic as a voltage regulator in the power supply section."
aj,1,7805,project,"QCX transceiver schematic, acting as the voltage regulator for the +5V supply."
ak,1,7805,project,"QRP Labs QCX schematic, the voltage regulator converting 13.8V to 5V."
ap,1,7805,project,"The QCX Switch Pulse Modifiers circuit, identified as U3 providing the +5V supply."
bl,1,7805,project,"QSX transceiver enclosure assembly, where its tab bolts the rear panel to the heatsink."
bo,10,7805,project,"The QCX-series AGC module installation, where the +5V wire connects to the rightmost pin of this voltage regulator."
bp,1,7805,mention,QCX transceiver enclosure assembly instructions; listed as a component on the board requiring precise placement and housing connection.
bp,3,7805,project,"The QCX transceiver enclosure assembly, where the 7805 voltage regulator connects to the enclosure via a spacer."
bq,1,7805,project,"QSX transceiver enclosure, where its tab is bolted to the heatsink to secure the rear panel."
bs,1,7805,technique,"Power supply chain for the Si5351A/Arduino shield, used to demonstrate that mains-derived power introduces sideband noise."
c,1,7805,mention,"Suggested as an external voltage regulator for the DigiVFO V+ pin, alongside the 78L05."
1r,83,7805DT,project,"QCX-mini transceiver, used as IC11 in the +5V voltage regulator section."
1w,1,7805DT,project,"QCX-mini transceiver, the voltage regulator IC11 in the +5V network."
8e,83,7805DT,project,"QCX-mini transceiver; listed as IC11, the voltage regulator for the +5V supply."
8j,1,7805DT,project,"QCX-mini transceiver, the voltage regulator IC11 generating +5V from +12V."
4v,2,7805L,project,IC2 voltage regulator in the QRP Labs 5W HF PA kit power supply.
4v,3,7805L,reference,"QRP Labs 5W HF PA kit parts list, listed as IC2 5V regulator."
4v,9,7805L,mention,"5W HF PA kit, listed as an alternative name for the 78L05 regulator IC2 used in the power supply."
4w,2,7805L,project,"QRP Labs 5W HF PA kit, used as IC2, a 5V regulator in the power supply section."
4w,3,7805L,reference,"QRP Labs 5W HF PA kit parts list, listed as IC2 5V regulator."
4w,9,7805L,mention,An alternative manufacturer name for the 78L05 regulator in the 5W HF PA kit power supply section.
4x,2,7805L,project,"The 5W HF PA kit circuit, labelled as IC2 providing the +5V supply."
4x,3,7805L,reference,"Listed as IC2, a 5V regulator in a TO92 package for the simplified build."
4x,4,7805L,project,"The QRP Labs 5W HF PA kit, noted as an alternative name for the 78L05 regulator IC2."
4y,2,7805L,project,"The 5W HF PA kit circuit, labelled as IC2 providing the +5V supply."
4y,3,7805L,reference,"Listed as IC2, a 5V regulator in a TO92 package for the 5W HF PA kit."
4y,4,7805L,technique,QRP Labs 5W HF PA kit; identified as an alternative name for the 78L05 regulator IC2 used for PA bias.
4z,3,7805L,reference,"Listed as IC2, a 5V regulator in TO92 package for the 5W HF PA kit."
4z,4,7805L,mention,QRP Labs 5W HF PA kit; noted as an alternative name for the 78L05 regulator used for PA biasing.
52,2,7805L,project,Voltage regulator IC2 in the QRP Labs AN005 HF PA kit power supply.
53,2,7805L,project,Voltage regulator IC2 in the QRP Labs AN005 HF PA kit raised cosine controller power supply.
6j,1,7812,project,"QCX PTT signal modification, listed as the voltage regulator powering the QCX at 12V."
bs,1,7812,technique,"Regulator in the external wall wart powering the Si5351A, shown to be insufficient for low-noise operation compared to battery power."
2w,6,78L05,reference,"Listed as IC1, a 5V voltage regulator, in the 50W QCX PA kit parts list."
2w,9,78L05,reference,Listed as a component in the 50W QCX PA kit assembly parts list.
2w,28,78L05,project,"The 50W Amp for QCX, identified as IC1 to distinguish it from the visually similar BS170 transistors."
2w,29,78L05,project,"The 50W Amp for QCX power amplifier, installed as IC1, the 5V voltage regulator."
2w,45,78L05,project,"50W QCX PA kit, the 5V regulator IC1 supplying gate bias via trimmer R5."
2x,6,78L05,reference,"Listed as IC1, a 5V voltage regulator, in the 50W QCX Power Amplifier parts list."
2x,9,78L05,reference,Listed as a component in the 50W QCX PA kit assembly parts list.
2x,27,78L05,project,"The 50W Amp for QCX power amplifier, identified as IC1 to distinguish it from the similar-looking BS170 transistors."
2x,28,78L05,project,"The 50W Amp for QCX power amplifier kit, installed as IC1, the 5V voltage regulator."
2x,44,78L05,project,"QRP Labs 50W QCX PA kit, the 5V regulator IC1 supplying gate bias via R5."
3a,5,78L05,reference,"Listed as IC201, a 5V voltage regulator, in the 10W HF Linear PA parts list."
3a,6,78L05,reference,Listed as a single component in the 10W HF Linear PA assembly parts list.
3a,27,78L05,project,"10W HF Linear PA kit, the voltage regulator IC201 in a TO92 package."
3b,7,78L05,reference,"10W HF Linear PA parts list, listed as IC201, a 5V voltage regulator."
3b,8,78L05,reference,Listed as a single component in the 10W HF Linear PA assembly parts list.
3b,34,78L05,project,"The 10W HF Linear PA assembly, identified as voltage regulator IC201 in a TO92 package."
3c,6,78L05,reference,"Parts list for the 10W HF Linear PA kit, listed as IC201, the 5V voltage regulator."
3c,7,78L05,reference,"Listed in the 10W HF Linear PA kit parts list, shown with 1N4004 and 2N3904."
3c,30,78L05,project,"The 10W HF Linear PA kit, identified as voltage regulator IC201 in a TO92 package."
4v,9,78L05,project,"5W HF PA kit, the 5V regulator IC2 powering the shift register, DAC, modulator, and PA bias."
4v,19,78L05,reference,Listed as 1pcs in the 5W HF PA kit inventory parts list.
4v,23,78L05,project,"The 5W HF PA kit assembly guide, identified as IC2, the voltage regulator to be soldered onto the PCB."
4v,38,78L05,technique,"5W HF PA kit, IC2 voltage regulator; page warns it shuts down above 35V input, requiring alternative 5V supply for higher voltages."
4w,9,78L05,project,"The TO92-package 5V regulator IC2 in the 5W HF PA kit, powering the shift register, DAC, and PA bias."
4w,19,78L05,reference,Listed in the 5W HF PA kit inventory as 2 pieces.
4w,23,78L05,project,"The 5W HF PA kit assembly guide, identified as IC2, the voltage regulator to be installed in step 4.13."
4w,39,78L05,project,"The 5W HF PA kit's 5V regulator IC2, discussed for its 35V maximum input voltage limit."
4x,4,78L05,project,"The QRP Labs 5W HF PA kit, IC2, a 5V regulator providing bias voltage for the PA."
4x,7,78L05,reference,"Listed in the 5W HF PA kit simplified build parts inventory, shown with 2pcs quantity."
4x,8,78L05,project,"5W HF PA kit, identified as IC2, the voltage regulator to be installed on the PCB."
4y,4,78L05,technique,"QRP Labs 5W HF PA kit; IC2, a TO92 5V regulator providing bias voltage from a single 13.8V supply."
4y,7,78L05,reference,"Listed in the 5W HF PA kit parts list, without specific circuit function shown."
4y,8,78L05,project,"5W HF PA kit, identified as voltage regulator IC2 with orientation and component label warnings."
4z,4,78L05,project,"QRP Labs 5W HF PA kit; IC2 regulator providing 5V for PA biasing, rated for 100 mA."
4z,7,78L05,reference,Listed in the 5W HF PA kit parts inventory.
4z,8,78L05,project,"The 5W HF PA kit assembly guide, identified as voltage regulator IC2 to be installed with correct orientation."
55,1,78L05,reference,Listed in the 5W HF PA kit inventory photo.
c,1,78L05,mention,"Suggested as an external voltage regulator for the DigiVFO V+ pin, alongside the 7805."
2w,43,78L05Z,project,"50W QCX PA kit assembly, listed as IC1, the 5V regulator for the control logic."
2x,42,78L05Z,project,"QRP Labs 50W QCX PA kit, IC1, the 5V regulator for the control logic."
3a,9,78L05Z,project,"The 10W HF Linear PA schematic, labelled as IC201 providing the +5V rail."
3b,12,78L05Z,project,"The 10W HF Linear PA schematic, labelled IC201 providing the +5V bias supply."
9z,23,78L05Z,project,"QSX 10W Linear PA module, labelled IC201 as the 5V regulator."
a0,17,78L05Z,project,"10W Linear Power Amplifier, used as IC201 to generate the 5V bias supply."
0,1,78M05,project,"QCX-mini rev 2 PCB, replacing the AMS1117 regulator to improve reliability."
1r,105,78M05,project,"QCX-mini transceiver, 5V 1A voltage regulator used in PCB Rev 2 and above."
2c,9,78M05,reference,"QDX Digital Transceiver parts list, listed as SMD regulator IC2."
2c,80,78M05,mention,"QDX power supply discussion, named as the linear regulator that would absorb dissipation if lower resistors were used."
2c,89,78M05,project,"The +5V voltage regulator in the QDX Digital Transceiver, noted as robust and replacing the AMS1117 in Rev 2+."
2e,1,78M05,project,"QDX Digital Transceiver, the 5V voltage regulator IC2 in the power supply section."
2f,9,78M05,reference,"QDX Digital Transceiver parts list, listed as SMD regulator IC2."
2f,79,78M05,mention,QDX Digital Transceiver power supply discussion; named as the linear regulator where power dissipation moves if lower resistors are used.
2f,89,78M05,project,"The +5V voltage regulator in the QDX Digital Transceiver, noted as robust and replacing the AMS1117 in Rev 2 and above."
2g,10,78M05,reference,"QDX Digital Transceiver parts list, listed as SMD regulator IC2."
2g,38,78M05,project,QDX Digital Transceiver schematic; voltage regulator IC2 providing 5V supply for the digital circuitry.
2g,73,78M05,project,"The +5V voltage regulator in the QDX Digital Transceiver, noted as robust and replacing the AMS1117 in Rev 2."
2h,10,78M05,reference,"QDX Digital Transceiver parts list, listed as SMD regulator IC2."
2h,36,78M05,project,"QDX Digital Transceiver schematic, used as IC2, a 5V regulator in the power supply section."
2h,71,78M05,project,"The +5V voltage regulator in the QDX Digital Transceiver power supply, noted as robust and used in Rev 2 and above."
2i,10,78M05,reference,"QDX Digital Transceiver parts list, listed as SMD regulator IC2."
2i,35,78M05,project,"QDX Digital Transceiver, used as IC2, the Quadrature Sampling Detector power regulator, and near C3 for the 5V supply."
2i,69,78M05,project,"The +5V voltage regulator in the QDX Digital Transceiver power supply, noted as robust and used in Rev 2 and above."
2m,78,78M05,mention,"In the QDX Digital Transceiver manual, named as the improved voltage regulator used in later QCX-mini batches, not the QDX."
2n,1,78M05,project,"QDX Digital Transceiver schematic; IC2, a 5V voltage regulator in the power supply section."
2o,1,78M05,project,"QDX Digital Transceiver schematic; IC2 voltage regulator providing 5V supply, located near C8 and C3."
2p,1,78M05,project,QDX Digital Transceiver schematic; voltage regulator providing 5V supply near IC2 and C8.
2s,22,78M05,project,"QDX Digital Transceiver power supply, providing a regulated +5V rail for the digital circuits."
2t,48,78M05,project,"QDX Digital Transceiver reverse polarity protection circuit, labelled beside IC2 as the voltage regulator."
2u,9,78M05,reference,"QDX-M parts list, listed as IC2, an SMD voltage regulator."
2u,31,78M05,project,"QDX-M transceiver power supply section, acting as the 5V linear regulator."
2u,58,78M05,project,"The +5V voltage regulator in the QDX-M power supply, noted as robust and replacing the AMS1117 in Rev 2."
2v,1,78M05,project,"QDX-M 5W Digital Transceiver power supply, providing +5V rail near IC2 and C8."
39,5,78M05,reference,"Listed as IC201 in the QRP Labs 10W HF Linear PA parts list, described as a 5V voltage regulator."
39,9,78M05,project,"In the 10W HF Linear PA schematic, labelled as IC201 providing bias voltage."
4,1,78M05,project,"QCX-mini Rev 3 voltage regulator, replacing the AMS1117 for greater robustness."
5i,1,78M05,project,"The voltage regulator in the QCX-mini Rev 3 PCB, replacing the AMS1117 for greater robustness."
67,1,78M05,mention,Suggested replacement for the faulty 5V regulator in the QCX-mini power supply to fix voltage spikes.
6f,1,78M05,mention,Suggested replacement for the faulty 5V regulator in a QCX Mini LCD troubleshooting case.
8e,105,78M05,project,"QCX-mini 5W CW transceiver kit, 5V 1A voltage regulator used in PCB Rev 2 and above."
e,64,78M05,mention,"QMX+ assembly manual revision history, noted as an error where IC101 was incorrectly called 78M05 instead of 78M33."
g,66,78M05,mention,"QMX+ assembly manual revision history, noted as an incorrect label for IC101 which should be 78M33."
m,16,78M05,reference,"QMX+ parts list, listed as IC101, a TO252 voltage regulator."
v,78,78M05,mention,QMX assembly manual revision history; listed as an incorrect identification for IC101 in the 1.04c update notes.
x,18,78M05,reference,"QMX transceiver kit parts list, listed as one SMD regulator IC101 in TO252 package."
y,18,78M05,reference,"QMX transceiver kit parts list, listed as one SMD regulator IC101."
10,1,78M33,project,"QMX power supply schematic, IC101 is the 3.3V linear regulator generating the ADC_3V3 rail."
11,1,78M33,project,"QMX power supply schematic, the 3.3V linear regulator IC101 generating the ADC_3V3 rail."
12,1,78M33,project,"QMX power supply schematic, IC101, the 3.3V linear regulator generating the ADC_3V3 rail."
14,121,78M33,project,"QMX transceiver kit, named as the linear regulator alternative to the 3.3V buck converter in the SMPS status section."
14,122,78M33,project,"QMX transceiver power-up sequence, the linear 3.3V regulator that boots the system before buck converters take over."
15,121,78M33,project,"The QMX transceiver's linear regulator, named as the alternative to the buck converter in the SMPS status description."
15,122,78M33,project,"The QMX transceiver's linear 3.3V regulator, used during initial power-up before buck converters take over."
16,123,78M33,mention,"QMX transceiver power supply section, named as the Linear regulator alternative to the buck converter in the status display."
16,124,78M33,project,"The linear 3.3V regulator in the QMX transceiver, used during initial power-up before buck converters start."
17,123,78M33,project,"The QMX transceiver's linear regulator, identified as the alternative power source when the buck converter is not active."
17,124,78M33,project,"The QMX transceiver's linear 3.3V regulator, used for initial system boot before switching to buck converters."
18,118,78M33,project,"QMX transceiver power supply, identified as the Linear regulator alternative to the buck converter."
18,119,78M33,project,"The QMX transceiver's linear 3.3V regulator, used to boot the system before switching to buck converters."
19,117,78M33,mention,"QMX multi-band transceiver kit manual, named as the linear regulator alternative to the 3.3V buck converter."
19,118,78M33,project,"QMX multi-band transceiver kit, the linear 3.3V regulator that boots the system before switching to buck converters."
1a,118,78M33,mention,"QMX transceiver power supply section, named as the Linear regulator alternative to the buck converter."
1a,119,78M33,project,"The QMX transceiver's linear 3.3V regulator, used during initial boot before switching to buck converters."
1b,117,78M33,project,"QMX transceiver power supply, identified as the Linear regulator alternative to the buck converter."
1b,118,78M33,project,"The linear 3.3V regulator in the QMX transceiver, used to boot the system before switching to buck converters."
1c,115,78M33,mention,"QMX transceiver manual, named as the linear regulator alternative to the 3.3V buck converter in the status display."
1c,116,78M33,project,"The QMX transceiver's linear 3.3V regulator, used during initial system boot before switching to buck converters."
1d,115,78M33,project,"The QMX transceiver's linear regulator, used as an alternative to the buck converter when SMPS status is not active."
1d,116,78M33,project,"QMX transceiver kit, the linear 3.3V regulator used during system boot-up."
1e,92,78M33,mention,"QMX transceiver diagnostics, named as the Linear regulator alternative to the SMPS buck converter."
1e,93,78M33,project,"The QMX transceiver's linear 3.3V regulator, used to boot the system before switching to buck converters."
1f,91,78M33,project,"QMX transceiver diagnostics, identified as the Linear regulator used when the 3.3V buck converter is not active."
1f,92,78M33,project,"The linear 3.3V regulator in the QMX transceiver, used to boot the system before switching to buck converters."
1g,86,78M33,project,"QMX transceiver diagnostics, identified as the linear regulator used when the 3.3V buck converter is not active."
1g,87,78M33,project,"The QMX multi-band transceiver kit, identified as the linear 3.3V regulator used during system boot-up."
1h,85,78M33,project,"QMX transceiver diagnostics, identified as the Linear regulator used when the 3.3V buck converter is not active."
1h,86,78M33,technique,QMX transceiver faultfinding section; identified as the linear 3.3V regulator used during system boot-up.
1i,85,78M33,project,"The QMX transceiver's linear regulator, identified in the 3V3 SMPS diagnostics as the alternative to the buck converter."
1i,86,78M33,technique,"QMX transceiver faultfinding section, identified as the linear 3.3V regulator used during system boot-up."
1j,84,78M33,project,"QMX transceiver diagnostics, identified as the Linear regulator used when the 3.3V buck converter is not active."
1j,85,78M33,project,"QMX transceiver power-up sequence, identified as the linear 3.3V regulator that boots the system before buck converters take over."
1k,82,78M33,project,"QMX transceiver diagnostics, identified as the Linear regulator used when the 3.3V buck converter is not active."
1k,83,78M33,project,"The QMX transceiver's linear 3.3V regulator, used to boot the system before switching to buck converters."
1l,74,78M33,project,"QMX transceiver kit, identified as the linear regulator used when the 3.3V buck converter is not active."
1l,75,78M33,project,"The linear 3.3V regulator in the QMX transceiver, used to boot the system before switching to buck converters."
1m,72,78M33,project,"QMX transceiver kit, identified as the linear regulator used when the SMPS status is not active."
1m,73,78M33,project,"The linear 3.3V regulator in the QMX power-up sequence, active during the first half second before buck converters take over."
1n,72,78M33,project,"The QMX transceiver's linear regulator, identified as the alternative power source when the SMPS status is not active."
1n,73,78M33,project,"The linear 3.3V regulator in the QMX power supply, used to boot the system before switching to buck converters."
1o,70,78M33,project,QMX transceiver power supply; identified as the Linear regulator used when the 3.3V buck converter is not active.
1o,71,78M33,project,"The linear 3.3V regulator in the QMX transceiver, used to boot the system before switching to buck converters."
1p,68,78M33,project,"The QMX transceiver's linear regulator, identified as the alternative to the SMPS buck converter in the supply status display."
1p,69,78M33,project,"The linear 3.3V regulator in the QMX transceiver, used to boot the system before switching to buck converters."
1q,64,78M33,project,"The QMX transceiver's linear regulator, identified in the 3V3 SMPS display section as the alternative to the buck converter."
1q,65,78M33,project,"The linear 3.3V regulator in the QMX transceiver, used to boot the system before switching to buck converters."
2,1,78M33,project,"QMX+ transceiver power supply, used as a linear regulator for the first 0.25 seconds before switching to the buck converter."
3,1,78M33,project,"QMX multi-band transceiver kit, the linear voltage regulator used for the first 0.25 seconds before switching to the buck converter."
3g,2,78M33,project,"Si5351A synthesizer module kit, replacing the LM317LZ regulator in PCB Rev 6 to provide fixed 3.3V output."
5g,1,78M33,project,QMX transceiver fault log; the linear regulator enabled by LIN_REG_EN to provide +3.3V to the processor.
5z,1,78M33,project,"QMX transceiver power supply, used as the initial linear regulator before switching to the buck converter."
6t,1,78M33,project,"QMX+ transceiver power supply, providing initial 3.3V before switching to the buck converter."
ac,1,78M33,project,"QRP Labs SMPS step change schematic; the 3.3V linear regulator on Plug-in PCB #2, labelled near D102 and D103."
e,15,78M33,reference,"QMX+ parts list, listed as IC101 in TO252 package."
e,64,78M33,mention,"QMX+ assembly manual revision history, identified as the correct part number for IC101, correcting a previous mislabeling as 78M05."
g,15,78M33,reference,"QMX+ parts list, listed as IC101 in TO252 package."
g,66,78M33,mention,"QMX+ assembly manual revision history, identified as the correct part number for IC101 replacing the erroneous 78M05."
i,123,78M33,project,"QMX+ transceiver power supply, identified as the Linear regulator alternative to the buck converter."
i,124,78M33,technique,"QMX+ transceiver power-up sequence, identified as the linear 3.3V regulator that boots the system before buck converters take over."
k,2,78M33,project,"QMX+ power supply, the 3.3V linear regulator IC101 generating the ADC_3V3 rail."
l,2,78M33,project,"QMX+ power supply, IC101, the 3.3V linear regulator generating the ADC_3V3 rail."
n,2,78M33,project,"QMX+ SMS power supply, IC101, the 3.3V linear regulator generating the ADC_3V3 rail."
o,26,78M33,project,"QMX+ 5V regulator circuit, the linear voltage regulator providing initial 3.3V power to the microcontroller at startup."
p,56,78M33,project,"QMX+ power supply, the linear regulator providing 3.3V output, shown with input and output capacitors."
p,57,78M33,project,"QMX+ transceiver power-up sequence, shown as the source of 5V before handover to the buck converter."
q,2,78M33,project,"QMX+ power supply schematic, IC101, a 3.6V linear regulator providing power to the digital section."
r,2,78M33,project,"QMX+ SMS power supply schematic, IC101 generating the ADC_3V3 rail from the +12V input."
t,1,78M33,project,"QMX+ transceiver power-up sequence, identified as the source of the 5V supply before handover to the buck converter."
u,1,78M33,project,"QMX+ power supply, IC101, the 3.3V linear regulator generating the ADC_3V3 rail."
v,19,78M33,reference,"QMX transceiver kit parts list, listed as IC101 in a TO252 package."
v,78,78M33,mention,QMX assembly manual revision history; listed as the correct identification for IC101 in the 1.04c update notes.
w,1,78M33,project,"QMX power supply schematic; IC101, the linear regulator generating the 3.3V supply rail."
z,1,78M33,project,"QMX power supply schematic, IC101, the 3.3V linear regulator generating the ADC_3V3 rail."
3g,6,78M33C,none,"OCR artifact in the footer, not a component reference."
bg,1,78M33C,project,"QRP Labs Rev 6 PCB fix, labelled IC2 near resistors R1, R2, and R3."
p,41,78M33C,project,"QMX+ transceiver power supply board, shown in close-up with S4 and D403."
br,1,7A2,none,"Binary data in the QMX firmware file, not a component reference."
br,1,7E6,none,"Binary data in the QMX firmware file, not a component reference."
br,1,7K7,none,"Binary data in the QMX firmware file, not a component reference."
2g,10,AO3407,reference,"QDX Digital Transceiver parts list, listed as SMD MOSFET Q7."
2g,38,AO3407,project,QDX Digital Transceiver schematic; MOSFET Q12 in the preamp section near IC7A and IC2.
2h,10,AO3407,reference,"QDX Digital Transceiver parts list, listed as SMD MOSFET Q7."
2h,36,AO3407,project,"QDX Digital Transceiver schematic, used as a MOSFET in the power supply section near IC2 and C3."
2i,35,AO3407,project,"QDX Digital Transceiver, used as IC9, the +12V power switch, located near J1 and C3."
2o,1,AO3407,project,"QDX Digital Transceiver schematic; Q7 MOSFET in the power supply section, connected to +12V and VDD."
2p,1,AO3407,project,QDX Digital Transceiver schematic; Q7 MOSFET in the +12V power section near IC2.
10,1,AO3415A,project,"QMX power supply schematic, transistors Q108, Q109, Q111 form the switching stage for the 5V and 3.3V buck converters."
11,1,AO3415A,project,"QMX power supply schematic, used as Q108, Q109, and Q111 in the 5V and 3.3V switching regulator stages."
12,1,AO3415A,project,"QMX power supply schematic, Q102 and Q111, MOSFETs in the 3.3V regulator output stage."
ac,1,AO3415A,project,"QRP Labs SMPS step change schematic; MOSFETs Q109 and Q102 on Plug-in PCB #2, part of the power switching stage."
e,16,AO3415A,reference,"QMX+ assembly manual parts list, listed as Q108, Q109, Q111 in SOT23-3 package."
g,16,AO3415A,reference,"QMX+ assembly manual parts list, listed as SMD components Q108, Q109, and Q111."
k,2,AO3415A,project,"QMX+ power supply, used as Q108, Q109, and Q111 in the switching and regulation stages."
l,2,AO3415A,project,"QMX+ power supply, Q108, Q109, and Q111, MOSFETs in the switching regulator stage."
m,16,AO3415A,reference,"QMX+ parts list, listed as 3 SOT23-3 MOSFETs for Q103, Q105, Q507."
n,2,AO3415A,project,"QMX+ SMS power supply, Q108, Q109, and Q111, MOSFETs in the 5V and 3.3V switching regulator stages."
p,56,AO3415A,project,"QMX+ power supply, used as Q109 and Q111 in the 3.3V buck converter section."
q,2,AO3415A,project,"QMX+ power supply schematic, Q109 and another transistor in the switching regulator stage near L102."
r,2,AO3415A,project,"QMX+ SMS power supply schematic, Q102 and Q111 forming the switching stage for the 3.3V PWM regulator."
u,1,AO3415A,project,"QMX+ power supply, Q108, Q109, and Q111, switching transistors in the 5V and 3.3V buck converter stages."
v,20,AO3415A,reference,"SMD MOSFET listed for Q108, Q109, and Q111 in the QMX parts list."
w,1,AO3415A,project,"QMX power supply schematic; Q108, Q109, and Q111, MOSFETs in the 5V and 3.3V switching regulator stages."
x,19,AO3415A,reference,"QMX transceiver kit parts list, listed as Q108, Q109, and Q111 in the semiconductors section."
y,19,AO3415A,reference,"Listed as Q108, Q109, Q111 in the QMX transceiver kit parts list."
z,1,AO3415A,project,"QMX power supply schematic, transistors Q108, Q109, and Q111 in the 5V switching regulator stage."
6r,1,BC547,project,Relay driver for Raspberry Pi etc; used as the single transistor driving each relay in the example circuit.
6s,1,BC547,technique,"Relay driver article, used as the single transistor driving each relay coil from the I/O lines."
7k,4,BC547,project,"OCXO/Si5351A synthesizer oven control circuit, used as the temperature sensor in the bridge circuit."
7k,5,BC547,project,"OCXO/Si5351A synthesizer kit, the temperature sensor transistor placed in contact with the crystal inside the oven chamber."
7k,6,BC547,reference,"OCXO/Si5351A synthesizer kit parts list, listed as Q3, Q4, and Q5 bipolar transistors."
7k,10,BC547,project,"OCXO/Si5351A synthesizer kit, listed as one of three TO92 transistors to be installed."
7k,28,BC547,mention,"OCXO/Si5351A synthesizer assembly guide, listed as a similar-looking device to avoid confusing with the BS170."
7k,29,BC547,project,"OCXO/Si5351A synthesizer assembly guide, Q3 and Q4 transistors to be installed near the crystal."
7k,30,BC547,project,"OCXO/Si5351A synthesizer assembly guide, installed as Q4 and Q3 transistors on the PCB."
7k,32,BC547,project,"OCXO/Si5351A synthesizer assembly, identified as Q3 and Q4 in the pre-oven check for the 27MHz crystal oscillator."
7k,36,BC547,project,"OCXO/Si5351A synthesizer assembly, step 80, fitted as Q5 alongside IC3 and capacitors C9 and C11."
bc,1,BC547,project,"Relay driver for Raspberry Pi, identified as transistors Q1 and Q2 in the switching stage."
bd,1,BC547,project,"The NPN transistors Q1 through Q5 in the relay driver circuit, each with a 1K base resistor."
be,1,BC547,project,"The NPN transistors Q1-Q5 in the relay driver circuit, each paired with a 1K base resistor to switch GPIO signals."
bf,1,BC547,project,"Relay driver for Raspberry Pi, used as transistors Q2 through Q5 in the switching stage."
10,1,BC817,project,"QMX power supply schematic, transistors Q112 and Q113 act as error amplifiers for the 5V and 3.3V regulator feedback loops."
10,5,BC817,project,"QMX transmitter schematic, used as transistors Q12, Q13, and Q14 in the TX bias and RX input stages."
11,1,BC817,project,"QMX power supply schematic, used as Q112 and Q113 in the power control and feedback loops."
11,5,BC817,project,"QMX transmitter schematic, used as transistors Q12, Q13, and Q14 in the bias and control sections."
12,1,BC817,project,"QMX power supply schematic, Q112 and Q113, transistors controlling the 5V and 3.3V regulator enable lines."
12,5,BC817,project,"QMX transceiver RF section, used as transistors Q12, Q13, and Q14 in the bias and switching circuits."
2c,10,BC817,reference,"QDX Digital Transceiver parts list, listed as Q14, an NPN transistor in SOT23-3 package."
2e,1,BC817,project,"QDX Digital Transceiver, transistor Q14 in the PTT and band selection control circuit."
2f,10,BC817,reference,"QDX Digital Transceiver parts list, listed as NPN transistor Q14."
2f,43,BC817,project,"QDX Digital Transceiver schematic, transistor Q14 in the band selection circuit near D10 and R29."
2g,10,BC817,reference,"QDX Digital Transceiver parts list, listed as SMD NPN transistor Q15."
2g,38,BC817,project,QDX Digital Transceiver schematic; transistor Q15 in the control logic section near R16 and C817.
2h,10,BC817,reference,"QDX Digital Transceiver parts list, listed as SMD NPN transistor Q15."
2h,36,BC817,project,"QDX Digital Transceiver schematic, used as Q15, a transistor in the digital control section near R16."
2i,10,BC817,reference,"QDX Digital Transceiver parts list, listed as SMD NPN transistor T4."
2i,35,BC817,project,"QDX Digital Transceiver, used as C817 (likely T4) in the servo sense/motor driver section near T4."
2m,10,BC817,reference,"QDX Digital Transceiver parts list, listed as SMD NPN transistor T4."
2m,44,BC817,project,"QDX Digital Transceiver, transistor T4 in the motor driver section near R16."
2n,1,BC817,project,QDX Digital Transceiver schematic; transistor Q14 in the PTT and band selection control circuit.
2o,1,BC817,project,"QDX Digital Transceiver schematic; Q15 transistor in the digital control section, near R16 and Q14."
2p,1,BC817,project,"QDX Digital Transceiver schematic; transistor near T4, T3, and L15 in the RF front-end."
2q,1,BC817,project,QDX Digital Transceiver schematic; identified as Q7 near the T4 transistor and C18 capacitor.
2t,26,BC817,project,"QDX Digital Transceiver synthesizer, acting as an NPN/PNP buffer driver for the system clock output."
2t,27,BC817,project,"Push-pull crystal oscillator circuit, labelled T4 in the emitter-follower output stage."
39,5,BC817,reference,"Listed as Q201 in the QRP Labs 10W HF Linear PA parts list, specified as SOT23 package."
39,9,BC817,project,"In the 10W HF Linear PA schematic, labelled as Q201 in the driver stage."
ac,1,BC817,project,"QRP Labs SMPS step change schematic; transistors Q101 and Q107 on Plug-in PCB #2, driving the linear regulator enable signals."
e,15,BC817,reference,"QMX+ parts list, listed as 5 NPN transistors Q513 and Q515."
g,15,BC817,reference,"QMX+ parts list, listed as 5 NPN transistors Q513, Q515."
k,2,BC817,project,"QMX+ power supply, used as Q112 and Q113 for power control and enable logic."
k,6,BC817,project,"QMX+ transmitter schematic, used as transistors in the TX bias and ADC bias control sections."
l,2,BC817,project,"QMX+ power supply, Q112 and Q113, transistors controlling the PWR_ON and PWR_HOLD signals."
l,6,BC817,project,"QMX+ transmitter schematic, used as transistors in the RX IN and TX bias control circuits."
m,16,BC817,reference,"QMX+ parts list, listed as 5 SOT23-3 NPN transistors for Q112, Q113, Q512, Q514, Q516."
n,2,BC817,project,"QMX+ SMS power supply, Q112 and Q113, transistors controlling the PWR_HOLD and LIN_REG_EN signals."
n,6,BC817,project,"QMX+ transmitter schematic, used as transistors Q512, Q513, Q514, Q516 in bias and control stages."
p,50,BC817,project,"QMX+ PIN bias circuit, listed as a discrete component near D10 and R29."
p,56,BC817,project,"QMX+ power supply, used as Q113 in the control circuitry near the buck converter."
p,64,BC817,project,"Q14 and Q16 in the QMX+ monitoring circuit, paired with R506."
q,2,BC817,project,"QMX+ power supply schematic, Q112 and Q113, transistors in the power control and enable circuitry."
q,6,BC817,project,"QMX+ transceiver schematic, used as transistors Q516, Q512, Q514 in RX and bias circuits."
r,2,BC817,project,"QMX+ SMS power supply schematic, Q112 and Q113 acting as driver transistors for the power MOSFETs."
r,6,BC817,project,"QMX+ Rev 1 schematic, used as transistors Q516, Q512, Q513 in RX and bias circuits."
u,1,BC817,project,"QMX+ power supply, Q112 and Q113, driver transistors controlling the power-on and enable signals."
v,20,BC817,reference,"SMD NPN transistor listed for Q12, Q13, Q14, Q112, and Q113 in the QMX parts list."
w,1,BC817,project,"QMX power supply schematic; Q112 and Q113, transistors controlling the power-on and hold signals."
w,5,BC817,project,"QMX transmitter schematic, used as Q516, Q512, and Q514 in the receiver input and bias circuits."
x,19,BC817,reference,"QMX transceiver kit parts list, listed as Q12, Q13, Q14, Q112, and Q113 in the semiconductors section."
y,19,BC817,reference,"Listed as Q12, Q13, Q14, Q112, Q113 in the QMX transceiver kit parts list."
z,1,BC817,project,"QMX power supply schematic, transistors Q112 and Q113, likely used for drive or control in the power supply."
z,5,BC817,project,"QMX transmitter schematic, used as Q516, Q512, and Q514 in the RX input and bias sections."
10,5,BC857,project,"QMX transmitter schematic, used as transistors Q15 and Q16 in the TX bias section."
11,5,BC857,project,"QMX transmitter schematic, used as transistors Q15 and Q16 in the control section near X501."
12,5,BC857,project,"QMX transceiver RF section, used as transistors Q15 and Q16 in the bias and switching circuits."
2g,10,BC857,reference,"QDX Digital Transceiver parts list, listed as SMD PNP transistor Q14."
2g,38,BC857,project,QDX Digital Transceiver schematic; transistors Q14 and Q15 in the control and switching sections.
2h,10,BC857,reference,"QDX Digital Transceiver parts list, listed as SMD PNP transistor Q14."
2h,36,BC857,project,"QDX Digital Transceiver schematic, used as Q14, a transistor in the digital control section near R16 and Q15."
2i,10,BC857,reference,"QDX Digital Transceiver parts list, listed as SMD PNP transistor T3."
2i,35,BC857,project,"QDX Digital Transceiver, used as T3 and T4 in the servo sense and motor driver circuits."
2m,10,BC857,reference,"QDX Digital Transceiver parts list, listed as SMD PNP transistor T3."
2m,44,BC857,project,"QDX Digital Transceiver, transistor T3 in the motor driver section near R15."
2o,1,BC857,project,"QDX Digital Transceiver schematic; Q14 transistor in the digital control section, near R16 and Q15."
2p,1,BC857,project,"QDX Digital Transceiver schematic; transistor near T3, T4, and C36 in the RF front-end."
2q,1,BC857,project,QDX Digital Transceiver schematic; identified as Q3 near the T3 transistor and L15 inductor.
2t,26,BC857,project,"QDX Digital Transceiver synthesizer, acting as an NPN/PNP buffer driver for the system clock output."
2t,27,BC857,project,"Push-pull crystal oscillator circuit, labelled T3 in the emitter-follower output stage."
e,15,BC857,reference,"QMX+ parts list, listed as 2 PNP transistors Q112 and Q113."
g,15,BC857,reference,"QMX+ parts list, listed as 2 PNP transistors Q112, Q113."
k,6,BC857,project,"QMX+ transmitter schematic, used as transistors in the DAC output stage near IC502 and IC501."
l,6,BC857,project,"QMX+ transmitter schematic, used as transistors in the RX IN signal path."
m,16,BC857,reference,"QMX+ parts list, listed as 2 SOT23-3 PNP transistors for Q513, Q515."
n,6,BC857,project,"QMX+ transmitter schematic, used as transistors Q512 and Q513 in the bias control section."
p,64,BC857,project,"Q15 and Q13 in the QMX+ monitoring circuit, associated with C505."
q,6,BC857,project,"QMX+ transceiver schematic, used as transistors Q513, Q515 in the RX_IN stage."
r,6,BC857,project,"QMX+ Rev 1 schematic, used as transistors Q513, Q515 in the RX input stage."
v,20,BC857,reference,SMD PNP transistor listed for Q15 and Q16 in the QMX parts list.
w,5,BC857,project,"QMX transmitter schematic, used as Q513 and Q515 in the bias and control stages."
x,19,BC857,reference,"QMX transceiver kit parts list, listed as Q15 and Q16 in the semiconductors section."
y,19,BC857,reference,"Listed as Q15, Q16 in the QMX transceiver kit parts list."
z,5,BC857,project,"QMX transmitter schematic, used as Q513 and Q515 in the RX input stage."
1,1,BS170,project,"QCX+ transceiver kit, the three power amplifier transistors lying flat on the PCB copper groundplane for heatsinking."
10,5,BS170,project,"QMX transmitter schematic, used as MOSFETs Q503, Q504, Q505, and Q506 in the TX bias and LPF sections."
11,5,BS170,project,"QMX transmitter schematic, used as MOSFETs Q503, Q505, Q504, and Q506 in the switching logic."
12,5,BS170,project,"QMX transceiver RF section, used as MOSFETs Q503, Q504, Q505, and Q506 in the PA driver stage."
14,44,BS170,technique,QMX transceiver PA transistor; its gate capacitance causes signal leakage when the PA is off.
14,45,BS170,project,"The QMX transceiver's noise gate, where the MS5351M oscillator drives its gate pins via a 74ACT08 logic gate."
14,62,BS170,technique,"QMX transceiver PA protection menu, named as the PA transistors protected from overheating by the Max. PA voltage limit."
14,63,BS170,project,"QMX multi-band transceiver kit, noted as barely warm on 80m and hot on 10m during 1-minute key-down tests."
14,73,BS170,technique,QMX transceiver PA transistors; explained as off during RX to minimize capacitance and body diode clipping.
15,44,BS170,technique,"The PA transistor in the QMX transceiver, whose gate capacitance causes RF leakage when the PA is off."
15,45,BS170,technique,QMX noise gate mechanism; the MS5351M oscillator signal drives its gate pins via a 74ACT08 to switch the transmitter on.
15,62,BS170,project,"The QMX transceiver's power amplifier transistors, which the Max. PA voltage setting protects from overheating."
15,63,BS170,project,"QMX transceiver PA stage, noted as barely warm on 80m and hot on 10m during 1-minute key-down tests."
15,73,BS170,technique,QMX transceiver PA stage; explained as off during RX to minimize capacitance and reverse-bias body diodes.
16,43,BS170,technique,"QMX transceiver PA transistor, whose gate capacitance causes RF leakage when driven by 5V square waves."
16,44,BS170,technique,"QMX noise gate mechanism, where the MS5351M oscillator drives its gate pins via a 74ACT08 to switch the transmitter on."
16,52,BS170,mention,"QMX transceiver PA transistors, warned against overheating during continuous WSPR transmission duty cycles."
16,65,BS170,technique,"QMX transceiver PA transistors, named in the explanation of the Max. PA voltage protection setting."
16,66,BS170,project,"QMX multi-band transceiver kit, noted as barely warm on 80m and hot on 10m during 1-minute key-down efficiency tests."
16,76,BS170,technique,QMX transceiver PA stage; explained as off during RX to minimize capacitance and reverse-bias body diodes.
17,43,BS170,technique,QMX transceiver PA transistor; gates driven by 5V square wave causing signal leakage when off.
17,44,BS170,project,"QMX transceiver noise gate circuit, where the MS5351M oscillator signal drives its gate pins via a 74ACT08 logic gate to switch the transmitter."
17,52,BS170,project,"QMX transceiver kit PA transistors, warned to check for overheating during continuous WSPR key-down duty cycles."
17,65,BS170,project,"The PA transistors of the QMX transceiver, protected by the Max. PA voltage setting and tested for heat during transmit."
17,76,BS170,technique,"QMX PA transistors, discussed for their off-state capacitance and body diode clipping effects during Receive."
18,42,BS170,technique,"QMX transceiver PA transistor, whose gate leakage through capacitance causes RF output when off."
18,43,BS170,technique,"In the QMX noise gate, the BS170 switches the TX signal to the driver on and off."
18,51,BS170,project,"QMX transceiver kit, the PA transistors warned to check for overheating during continuous WSPR beacon transmission."
18,72,BS170,technique,QMX PA transistors; explained as off during RX to minimize capacitance and reverse-bias body diodes.
19,41,BS170,technique,"QMX transceiver PA transistor, whose gate leakage through capacitance causes RF output when amplitude is zero."
19,42,BS170,technique,"In the QMX noise gate description, the MS5351M oscillator drives the BS170 gate pins via a 74ACT08 to switch the TX signal."
19,50,BS170,project,"QMX transceiver kit PA transistors, warned to check for overheating during continuous WSPR beacon transmission."
19,71,BS170,technique,QMX PA transistors; explained as off during RX to minimize capacitance and reverse-bias body diodes to prevent signal clipping.
1a,42,BS170,technique,"QMX transceiver PA transistor, whose gate leakage through capacitance causes RF output when amplitude is zero."
1a,43,BS170,project,"The QMX transceiver's noise gate, where the oscillator signal drives its gate pins to switch the TX signal to the driver."
1a,51,BS170,project,"QMX transceiver kit PA transistors, warned to check for overheating during continuous WSPR beacon transmission."
1a,71,BS170,technique,"In the QMX PA, these MOSFETs are off during RX to minimize drain-source capacitance affecting the receiver."
1b,42,BS170,technique,QMX transceiver PA transistor; gates driven by 74ACT08 logic causing leakage when off.
1b,43,BS170,project,"QMX transceiver noise gate, where the MS5351M oscillator drives its gate pins via a 74ACT08 to switch the TX signal."
1b,51,BS170,project,"QMX transceiver power amplifier transistors, warned to check for overheating during continuous WSPR beacon transmission."
1b,70,BS170,technique,QMX Advanced config section explaining how BS170 PA transistors are biased off during Receive to minimize capacitance and body diode clipping.
1c,41,BS170,technique,"QMX transceiver PA transistor, whose gate drive leakage through capacitance causes RF output when amplitude is zero."
1c,42,BS170,technique,"In the QMX noise gate circuit, the BS170 gate pins are driven by the 74ACT08 to switch the TX signal to the driver."
1c,50,BS170,project,"QMX transceiver kit power amplifier transistors, warned to check for overheating during continuous WSPR beacon transmission."
1c,68,BS170,technique,"QMX Advanced configuration menu, explaining how the PA transistors are biased off during Receive to minimize capacitance and body diode clipping."
1d,41,BS170,technique,"QMX transceiver PA transistor, whose gate leakage through capacitance causes RF output when amplitude is zero."
1d,42,BS170,project,"QMX transceiver noise gate, where the oscillator signal drives its gate pins via a 74ACT08 to switch the TX signal."
1d,50,BS170,mention,"QMX transceiver kit PA transistors, warned about overheating during continuous WSPR beacon transmission."
1d,68,BS170,technique,"QMX PA amplitude modulator, where BS170 MOSFETs are kept off with high drain bias to minimize capacitance and body diode clipping in RX."
1e,37,BS170,mention,"QMX WSPR beacon section, warned to check if these PA transistors overheat during continuous 100% key-down duty cycles."
1e,55,BS170,technique,QMX transceiver PA stage; explained as MOSFETs whose off-state capacitance and body diode affect receiver performance.
1f,37,BS170,mention,"QMX WSPR beacon section, warning that these PA transistors may overheat during continuous 100% key-down duty cycles."
1f,55,BS170,technique,"In the QMX PA, these MOSFETs are biased off during Receive to minimize capacitance and body diode clipping."
1g,32,BS170,mention,QMX transceiver manual warning about BS170 heat during continuous WSPR key-down duty cycles.
1g,50,BS170,technique,QMX Advanced config menu explaining how BS170 PA transistors are biased off during Receive to minimize capacitance and body diode clipping.
1h,31,BS170,project,"QMX transceiver PA transistors, warned to check for overheating during continuous WSPR beacon transmission."
1h,49,BS170,technique,QMX transceiver PA stage; explains how biasing these MOSFETs minimizes capacitance and prevents body diode clipping during receive.
1i,31,BS170,project,"QMX transceiver PA transistors, warned to check for overheating during continuous WSPR beacon transmission."
1i,49,BS170,technique,QMX PA amplitude modulator; explains how BS170 MOSFETs are biased off during Receive to minimize capacitance and body diode clipping.
1j,31,BS170,mention,"QMX transceiver PA transistors, warned to check for overheating during continuous WSPR transmission."
1j,48,BS170,technique,"In the QMX advanced configuration section, explaining how the PA transistors are biased off during receive to minimize capacitance and body diode clipping."
1k,31,BS170,mention,"QMX transceiver PA transistors, warned to check for overheating during continuous WSPR key-down duty cycles."
1k,48,BS170,technique,"In the QMX operating manual, explaining how BS170 MOSFETs in the PA are biased off during Receive to minimize capacitance and body diode clipping."
1l,31,BS170,project,"QMX transceiver kit PA transistors, warned to check for overheating during continuous WSPR beacon transmission."
1l,46,BS170,technique,QMX transceiver PA stage; explained as MOSFETs kept off during RX to minimize capacitance and body diode clipping.
1m,30,BS170,project,"The QMX transceiver kit's power amplifier transistors, noted for potential overheating during continuous WSPR beacon transmission."
1m,45,BS170,technique,QMX transceiver PA stage; MOSFETs kept off during RX to minimize capacitance and reverse-bias body diodes to prevent signal clipping.
1n,30,BS170,mention,"QMX transceiver PA transistors, warned to check for overheating during continuous WSPR key-down duty cycles."
1n,45,BS170,technique,QMX transceiver PA stage; MOSFETs kept off during RX to minimize capacitance and body diode clipping.
1o,29,BS170,project,"Power amplifier transistors in the QMX transceiver, warned to check for overheating during continuous WSPR beacon transmission."
1o,44,BS170,technique,"In the QMX PA amplitude modulator, these MOSFETs are biased off during RX to minimize capacitance and body diode clipping."
1p,29,BS170,mention,"QMX transceiver kit PA transistors, warned to check for overheating during continuous WSPR beacon transmission."
1q,29,BS170,project,"QMX multi-band transceiver kit, the PA transistors warned against overheating during continuous WSPR beacon transmission."
1r,2,BS170,none,"Table of contents entry for section 3.20, listing the installation step for three transistors."
1r,8,BS170,reference,"QCX-mini parts list, listed as TO92 MOSFETs Q1-3."
1r,47,BS170,project,"QCX-mini 5W CW transceiver kit assembly manual, the three MOSFETs Q1, Q2 and Q3 installed on the PCB."
1r,83,BS170,project,"QCX-mini transceiver, used as Q2, Q3, and Q4 in the keying and Class-E PA stages."
1r,91,BS170,project,"MOSFETs in the Class-E PA of the QCX-mini, driven into saturation by the 74ACT00 output."
1r,93,BS170,project,Three BS170 transistors used in parallel as the Class-E power amplifier stage of the QCX-mini.
1r,109,BS170,project,The QCX-mini transceiver power amplifier; check RF power at its drains to isolate PA or filter faults.
1r,111,BS170,project,"QCX-mini 5W CW transceiver kit, the output transistors in the transmitter power amplifier stage."
1r,112,BS170,technique,"QCX-mini Class-E power amplifier, where the oscilloscope chart shows the drain waveform of the BS170 transistors."
1s,2,BS170,none,"Table of contents entry for section 3.20, listing the installation step for three BS170 transistors."
1s,8,BS170,reference,"QCX-mini parts list, listed as Q1-3, TO92 MOSFETs."
1s,47,BS170,project,"QCX-mini 5W CW transceiver kit, the three remaining transistors Q1, Q2, and Q3 to be installed and bolted flat on the PCB."
1s,84,BS170,project,"QCX-mini transceiver; used as Q1, Q2, and Q3 in the pre-amps and Class-E PA stages."
1s,92,BS170,project,"The Class-E PA MOSFETs in the QCX-mini transmit stage, driven by the 74ACT00 gate output."
1s,94,BS170,project,"Three used in parallel as the Class-E power amplifier driver in the QCX-mini, handling 5W output."
1s,110,BS170,project,"The QCX-mini transceiver's power amplifier, where the drains are tested for RF output to isolate faults."
1s,112,BS170,project,"QCX-mini 5W CW transceiver kit, the output transistors which may fail if the transmitter operates above the recommended 5W power level."
1s,113,BS170,technique,"QCX-mini Class-E power amplifier, where the oscilloscope chart shows the drain waveform of the BS170 transistors."
1t,23,BS170,mention,"QCX-mini 5W CW transceiver kit, named as the PA transistors to check for overheating during WSPR beacon transmission."
1t,24,BS170,technique,"QCX-mini operating manual, noted as getting unreasonably hot in the Class-E output stage despite heatsinks."
1u,2,BS170,none,"Listed in the table of contents as section 3.20, directing the reader to the assembly page for these transistors."
1u,8,BS170,reference,"QCX-mini parts list, listed as Q1-3, TO92 MOSFETs."
1u,53,BS170,project,"QCX-mini 5W CW transceiver kit, the three MOSFETs Q1, Q2, and Q3 to be installed on the PCB."
1u,96,BS170,project,"QCX-mini transceiver, used as Q1, Q2, and Q3 in the pre-amps and Class-E PA stages."
1u,104,BS170,project,"MOSFETs in the Class-E PA of the QCX-mini, driven by the 74ACT00 output into saturation."
1u,106,BS170,project,"QCX-mini 5W CW transceiver kit, used as three parallel transistors in the Class-E power amplifier stage."
1u,122,BS170,project,"The power amplifier FET of the QCX-mini, whose drains are checked for RF power during troubleshooting."
1u,124,BS170,project,"QCX-mini 5W CW transceiver kit, the output transistors which may fail if the transmitter operates above 5W."
1u,125,BS170,technique,"QCX-mini Class-E power amplifier, where its drain waveform is shown on an oscilloscope chart to verify correct operation."
1w,1,BS170,project,"QCX-mini transceiver, the Class-E PA transistors Q1, Q2, and Q3."
1x,2,BS170,none,"Table of contents entry for section 3.45, directing the reader to the installation page for these transistors."
1x,8,BS170,reference,"QCX+ parts list, listed as Q1-5, Q7, TO92 MOSFETs."
1x,17,BS170,reference,"QCX+ 5W CW transceiver kit inventory list, identified as a TO92 transistor, 5 pieces."
1x,66,BS170,project,"QCX+ 5W CW transceiver kit, the six MOSFETs Q1, Q2, Q3, Q4, Q5, and Q7 to be installed on the PCB."
1x,102,BS170,project,"QCX+ transceiver, used as Q1-Q5 in the pre-amps and Q96 in the audio section."
1x,105,BS170,project,The single MOSFET implementing the transmit/receive switch in the QCX+ 5W CW transceiver.
1x,109,BS170,project,QCX+ transceiver: forms the TX mute switch (Q7) and the Class-E PA driver stage.
1x,110,BS170,project,"The QCX+ 5W CW transceiver kit, where IC3A ensures the gate voltage is low to keep the transistors off."
1x,111,BS170,project,"The QCX+ 5W CW transceiver kit, used as three parallel transistors in the Class-E power amplifier stage."
1x,112,BS170,technique,"In the Class-E PA discussion, described as the transistor whose gate voltage pulses when OFF."
1x,126,BS170,project,"The QCX+ transceiver power amplifier, where the drains are checked for RF output to diagnose PA or filter faults."
1x,128,BS170,project,"QCX+ 5W CW transceiver kit, the output transistors which may fail if the transmitter operates above the recommended 5W power level."
1x,129,BS170,technique,"In the Class-E Power Amplifier section, the oscilloscope chart shows the drain waveform of the BS170 transistors."
1y,23,BS170,mention,QCX+ 5W CW transceiver kit operating manual; PA transistors warned to check for overheating during WSPR beacon transmission.
1y,24,BS170,technique,"QCX+ 5W CW transceiver kit operating manual, discussing heat dissipation in the Class-E output stage."
1z,2,BS170,none,Listed in the table of contents as section 3.45 for installing all BS170 transistors.
1z,8,BS170,reference,"QCX+ parts list, listed as six TO92 MOSFETs Q1-5, Q7."
1z,17,BS170,reference,"QCX+ 5W CW transceiver kit parts inventory, listed as a TO92 transistor with 5 pieces."
1z,66,BS170,project,"The six MOSFETs (Q1-Q5, Q7) in the QCX+ kit, installed into the PCB following alignment instructions."
1z,103,BS170,project,"QCX+ transceiver, used as Q1-Q5 in the pre-amps and as switches in the RX/TX and LCD sections."
1z,106,BS170,project,"The QCX+ 5W CW transceiver kit, acting as the single MOSFET implementing the transmit/receive switch."
1z,110,BS170,project,"QCX+ transceiver: Q7 forms the TX mute switch, and the PA driver gates drive the Class-E PA MOSFETs."
1z,111,BS170,project,"In the QCX+ Class-E power amplifier, the BS170 gate is driven low by IC3A to ensure the transistors are off when the TX gate is inactive."
1z,112,BS170,project,Three BS170 transistors used in parallel as the Class-E power amplifier driver in the QCX+ transceiver.
1z,113,BS170,technique,"Class-E PA driver theory, described as the switch whose gate voltage pulses when OFF."
1z,127,BS170,project,"QCX+ 5W CW transceiver kit, the power amplifier transistors whose drains are checked for RF output."
1z,129,BS170,project,"QCX+ 5W CW transceiver kit, the output transistors that may fail if the transmitter operates above 5W or with excessive supply voltage."
1z,130,BS170,technique,"In the Class-E Power Amplifier section, the oscilloscope chart shows the drain waveform at the BS170 drains."
20,2,BS170,none,Listed in the table of contents as section 3.45 for installing all BS170 transistors.
20,8,BS170,reference,"QCX+ 5W CW transceiver kit parts list, listed as Q1-Q5, Q7."
20,17,BS170,reference,"QCX+ 5W CW transceiver kit inventory list, identified as a TO92 transistor."
20,66,BS170,project,"QCX+ 5W CW transceiver kit, the six MOSFETs Q1, Q2, Q3, Q4, Q5, and Q7 to be installed on the PCB."
20,103,BS170,project,"QCX+ transceiver kit, used as transistors in the pre-amps, key shaping, and interface sections."
20,106,BS170,project,"The QCX+ 5W CW transceiver kit, where it acts as the transmit/receive switch to attenuate the 5W signal."
20,110,BS170,project,"QCX+ transceiver; Q7 forms the TX mute switch, and others drive the Class-E PA."
20,111,BS170,project,"QCX+ 5W CW transceiver kit, the Class-E power amplifier transistor whose gate is driven by the PA driver stage."
20,112,BS170,project,"The Class-E power amplifier of the QCX+ transceiver, where three BS170s are used in parallel to achieve 5W output."
20,113,BS170,technique,"Class-E PA stage of the QCX+ transceiver, described as switching OFF to produce gate voltage pulses."
20,127,BS170,project,"In the QCX+ transceiver power amplifier, the drains are the test points for checking RF power output during troubleshooting."
20,129,BS170,project,"QCX+ 5W CW transceiver kit, the output transistors that may fail if supply voltage exceeds 15 or 16V."
20,130,BS170,technique,"In the QCX+ Class-E power amplifier, its drains are shown on the oscilloscope chart displaying the drain voltage waveform."
21,2,BS170,none,"Table of contents entry for section 3.45, listing the installation of all BS170 transistors."
21,8,BS170,reference,"QCX+ 5W CW transceiver kit parts list, listed as Q1-Q5 and Q7."
21,17,BS170,reference,"QCX+ 5W CW transceiver kit inventory, listed as 5pcs TO92 transistor."
21,66,BS170,project,"The QCX+ 5W CW transceiver kit assembly manual, identifying the six MOSFETs Q1 through Q5 and Q7 to be installed."
21,121,BS170,project,"QCX+ 5W CW transceiver kit, named in a warning to check if they get too hot during continuous WSPR key-down."
21,122,BS170,project,"QCX+ 5W CW transceiver kit, the PA transistors that may overheat during high-power WSPR beacon operation."
21,149,BS170,project,"QCX+ transceiver kit, used as Q7 in the interface section and as Q1-Q5 in the RF switching network."
21,152,BS170,project,"The single MOSFET implementing the transmit/receive switch in the QCX+ transceiver, isolating the receiver during transmit."
21,156,BS170,project,QCX+ transceiver; used as Q7 for the TX mute switch and as the Class-E PA driver MOSFETs.
21,157,BS170,project,"In the QCX+ Class-E power amplifier, the BS170 gate is driven low by IC3A to ensure the transistors are off when the TX gate is inactive."
21,158,BS170,project,"The Class-E power amplifier of the QCX+ transceiver, where three are used in parallel to achieve 5W output."
21,159,BS170,technique,"The Class-E power amplifier stage of the QCX+ transceiver, described as switching to achieve high efficiency."
21,173,BS170,project,"QCX+ 5W CW transceiver kit, the power amplifier output stage where drain connections are checked for RF power."
21,175,BS170,project,"QCX+ 5W CW transceiver kit, the output transistors which may fail if the transmitter operates above 5W."
21,176,BS170,technique,"QCX+ Class-E power amplifier, where the oscilloscope chart shows the drain waveform of the BS170 transistors."
22,3,BS170,none,Listed in the table of contents as the transistor installation section.
22,9,BS170,reference,"QCX+ 5W CW transceiver kit parts list, listed as Q1-Q5, Q7."
22,19,BS170,project,"QCX+ 5W CW transceiver kit, listed as 6pcs TO92 transistors in the component identification photo."
22,54,BS170,project,"QCX+ 5W CW transceiver kit, the six MOSFETs (Q1-Q5, Q7) to be installed and secured to the PCB."
23,27,BS170,project,"QCX+ transceiver, used as Q2, Q3, Q4, and Q5 in the RX/TX switch and pre-amp stages."
23,30,BS170,project,"The final amplifier MOSFET in the QCX+ kit, with source connected to DC ground and gate driven by the microcontroller."
23,35,BS170,project,"The QCX+ 5W CW transceiver kit, identified as the front-end MOSFET in the assembly instructions."
23,36,BS170,project,"The front-end MOSFET in the QCX+ power amplifier, driven to saturation by the 74ACT00 logic gate."
23,38,BS170,project,"The final power amplifier transistor in the QCX+ Class E stage, shown with gate voltage waveforms and thermal runaway warnings."
23,57,BS170,project,"QCX+ 5W CW transceiver kit, listed in assembly steps for installation on the board."
23,59,BS170,technique,"In the QCX+ Class E power amplifier section, its drain waveform is shown on an oscilloscope chart to demonstrate Class E operation."
24,27,BS170,project,"The power amplifier stage of the QCX+ transceiver, noted for heating up during 100% duty-cycle WSPR operation."
25,3,BS170,none,Table of contents entry for installing all BS170 transistors.
25,12,BS170,reference,"Listed in the QCX+ semiconductor parts list as IC11, a TO92 MOSFET."
25,22,BS170,reference,"QCX+ 5W CW transceiver kit inventory list, listed as TO92 transistor."
25,73,BS170,project,"QCX+ 5W CW transceiver kit, the six MOSFETs (Q1-Q5, Q7) to be installed in the PCB."
25,135,BS170,technique,"In the QCX+ WSPR beacon section, identified as the PA transistors that may overheat during 100% duty-cycle transmission."
25,164,BS170,project,"QCX+ transceiver schematic, used as Q2 and Q4 in the pre-amp and mixer stages."
25,175,BS170,project,Three BS170 MOSFETs used in parallel as the Class-E power amplifier transistors in the QCX+ 5W CW transceiver.
26,1,BS170,project,"QCX+ transceiver, used as Q7, Q5, and Q4 in the interface and RX/TX switch stages."
28,1,BS170,project,"QCX+ transceiver, used as Q4, Q5 for RX/TX switching and Q7 in the amplifier stage."
2c,4,BS170,mention,QDX Digital Transceiver manual warning; identified as the final transistors that may overheat if powered at 12V instead of 9V.
2c,10,BS170,reference,"QDX Digital Transceiver parts list, listed as Q8, Q9, Q10, Q11, TO92 package MOSFETs."
2c,38,BS170,project,"QDX Digital Transceiver; identified as the power amplifier transistors, used as a landmark for jumper wire placement."
2c,44,BS170,project,"QDX Digital Transceiver schematic, used as transistors Q10 and Q11 in the USB/Video interface section."
2c,69,BS170,project,QDX Class-D amplifier; four transistors connected in parallel pairs to form the push and pull output stages.
2c,84,BS170,project,"QDX Digital Transceiver, one of the switch transistors that switches on the desired Low Pass Filter."
2e,1,BS170,project,"QDX Digital Transceiver, MOSFETs Q10 and Q11 in the USB and video interface switching."
2f,4,BS170,mention,QDX Digital Transceiver manual warning; identified as the final transistors likely to fail if a 9V unit is powered at 12V.
2f,10,BS170,reference,"QDX Digital Transceiver parts list, listed as TO92 MOSFETs Q8, Q9, Q10, Q11."
2f,13,BS170,reference,"QDX Digital Transceiver inventory list, listed as 4pcs TO92 MOSFET for the 80/60/40/30/20m version."
2f,37,BS170,project,"QDX Digital Transceiver, identified as the power amplifier transistors near which the high-band jumper wire is installed."
2f,43,BS170,project,"QDX Digital Transceiver schematic, MOSFETs Q10 and Q11 in the USB/DSB switching section near C37."
2f,68,BS170,project,"QDX Class-D amplifier, the four transistors connected in parallel pairs for the push and pull output stages."
2f,83,BS170,project,"QDX Digital Transceiver, a switch transistor in the low pass filter path that switches on the desired filter."
2g,4,BS170,project,"QDX Digital Transceiver final transistors, warned against overheating if operated at 12V producing 8W output."
2g,10,BS170,reference,"QDX Digital Transceiver parts list, listed as TO92 MOSFETs Q8, Q9, Q10, and Q11."
2g,12,BS170,reference,"QDX Digital Transceiver inventory parts list, listed as 4pcs TO92 MOSFET."
2g,38,BS170,project,QDX Digital Transceiver schematic; MOSFETs Q10 and Q11 in the USB and RF switching paths.
2g,62,BS170,project,"QDX Class-D Push-pull Power amplifier, four transistors connected in pairs for the push and pull sides to spread the load."
2h,4,BS170,project,"QDX Digital Transceiver final transistors, warned against overheating if operated at 12V/8W output."
2h,10,BS170,reference,"QDX Digital Transceiver parts list, listed as TO92 MOSFETs Q8, Q9, Q10, and Q11."
2h,12,BS170,reference,"QDX Digital Transceiver inventory parts list, listed as 4pcs BS170 TO92 MOSFET."
2h,36,BS170,project,"QDX Digital Transceiver schematic, used as Q11 and other MOSFETs in the USB and digital switching sections."
2h,60,BS170,project,"QDX Class-D amplifier, the four transistors connected in parallel pairs for the push and pull sides."
2i,4,BS170,project,"QDX Digital Transceiver final transistors, warned against overheating if operated at 12V/8W output."
2i,10,BS170,reference,"QDX Digital Transceiver parts list, listed as TO92 MOSFETs Q8, Q9, Q10, and Q11."
2i,12,BS170,reference,"QDX Digital Transceiver inventory parts list, listed as 4pcs TO92 MOSFET."
2i,35,BS170,project,"QDX Digital Transceiver, used as Q11 and other transistors in the USB and RF switching sections near IC5C."
2i,58,BS170,project,"QDX Class-D Push-pull Power amplifier, four transistors connected in parallel pairs for the push and pull sides."
2m,4,BS170,mention,QDX Digital Transceiver manual warning that 12V operation may cause overheating and failure of the BS170 final transistors.
2m,10,BS170,reference,"QDX Digital Transceiver parts list, listed as TO92 MOSFETs Q8, Q9, Q10, and Q11."
2m,12,BS170,reference,Listed in the QDX inventory parts list as 4pcs TO92 MOSFETs.
2m,44,BS170,project,"QDX Digital Transceiver, MOSFETs Q10 and Q11 in the USB interface section."
2m,49,BS170,mention,"QDX transmit/receive switch discussion, named as the through-hole alternative to the BSS123 with higher gate threshold."
2m,67,BS170,project,"QDX Class-D Power amplifier, four transistors connected in parallel pairs for the push and pull sides."
2n,1,BS170,project,"QDX Digital Transceiver schematic; MOSFETs Q8, Q9, and Q10 in the TX/RX switching network."
2o,1,BS170,project,"QDX Digital Transceiver schematic; Q8 and Q10 MOSFETs in the RF switching section, near C37."
2p,1,BS170,project,"QDX Digital Transceiver schematic; Q10, Q11, and two other MOSFETs in the USB and I2C interface sections."
2q,1,BS170,project,QDX Digital Transceiver schematic; appears as Q10 and Q11 near IC5C and USB interface components.
2r,3,BS170,mention,QDX HF Digital Transceiver review; suggested as a potential future replacement for the transistor in the reference oscillator.
2s,11,BS170,mention,QDX Digital Transceiver design notes; cited as a common component in QRP Labs QCX-series transceivers for Class C or E amplification.
2s,12,BS170,project,"QDX Digital Transceiver power amplifier, where four BS170s in parallel pairs form the saturated switching output stage."
2t,28,BS170,project,"QDX Digital Transceiver power amplifier, used as the Class-D push-pull output transistors."
2t,29,BS170,project,"QDX Digital Transceiver power amplifier, Q10 and Q11 are the transmit FETs driven by IC5C and IC5D."
2u,4,BS170,project,"The QDX-M 5W Digital Transceiver, identified as the final transistors that may fail if operated at 12V instead of 9V."
2u,10,BS170,reference,"QDX-M 5W Digital Transceiver parts list, listed as TO92 MOSFETs for Q8, Q9, Q10, and Q11."
2u,11,BS170,reference,"QDX-M 5W Digital Transceiver assembly manual parts list, listed as 4x BS170 TO92 MOSFET."
2u,24,BS170,none,"Used as a physical landmark on the QDX-M board to locate jumper wire positions, not a component reference."
2u,31,BS170,project,"QDX-M transceiver USB interface circuit, used as Q10 for USB data switching."
2u,54,BS170,project,"QDX-M transceiver power amplifier, four transistors used in parallel pairs for the push and pull sides."
2v,1,BS170,project,"QDX-M 5W Digital Transceiver RF switching, used as Q8, Q9, Q10, and Q11 in TX/RX paths."
2w,6,BS170,reference,"Listed as Q5, 6, TO92 MOSFETs, in the 50W QCX PA kit parts list."
2w,9,BS170,reference,Listed as a transistor in the 50W QCX PA kit assembly parts list.
2w,28,BS170,project,"The 50W Amp for QCX, installed as transistors Q5 and Q6 in TO92 packages."
2w,43,BS170,project,"50W QCX PA kit assembly, listed as Q5 and Q6, the MOSFETs in the PTT and RX control circuit."
2w,60,BS170,project,"QRP Labs 50W Amp for QCX, used as N-type MOSFETs Q5 and Q6 in the PA stage."
2w,61,BS170,technique,"The QRP Labs 50W Amp for QCX, where the BS170 suffers avalanche breakdown under ~150V DC stress."
2x,6,BS170,reference,"Listed as Q5, 6, TO92 MOSFETs, in the 50W QCX Power Amplifier parts list."
2x,9,BS170,reference,Listed as a transistor in the 50W QCX PA kit assembly parts list.
2x,27,BS170,project,"The 50W Amp for QCX power amplifier, installed as transistors Q5 and Q6 in TO92 packages."
2x,42,BS170,project,"QRP Labs 50W QCX PA kit, Q5 and Q6, MOSFETs in the PTT/RX switching circuit."
2x,59,BS170,project,"The 50W QCX PA, used as N-type MOSFETs Q5 and Q6, though Q3 caused spikes."
2x,60,BS170,technique,"The 50W QCX PA, where the BS170 is abused at ~150V DC, causing avalanche breakdown that shorts DC to ground."
39,3,BS170,project,"The push-pull driver stage of the 10W HF Linear PA, noted as using two BS170s like the SoftRock transmitter."
39,5,BS170,reference,"Listed as Q202, Q203, and Q204 in the QRP Labs 10W HF Linear PA parts list, with three pieces required."
39,6,BS170,reference,"QRP Labs 10W HF Linear PA kit parts list, listed as 3pcs BS170."
39,9,BS170,project,"In the 10W HF Linear PA schematic, labelled as Q203 and Q204 in the driver and output stages."
39,20,BS170,project,"10W HF Linear PA kit assembly; the MOSFETs installed as Q202, Q203, and Q204 in the output stage."
39,23,BS170,project,"The 10W HF Linear PA kit, where three BS170 transistors form the driver stage mounted to the heatsink."
3a,3,BS170,project,"The 10W HF Linear PA, used as the push-pull driver stage."
3a,5,BS170,reference,"Listed as Q202, 203, 204, and 205 in the 10W HF Linear PA parts list."
3a,6,BS170,reference,Listed as four components in the 10W HF Linear PA assembly parts list.
3a,9,BS170,project,"The 10W HF Linear PA schematic, used for Q202, Q203, Q204, and Q205."
3a,25,BS170,project,"10W HF Linear PA kit assembly, referenced as similar-looking transistors to distinguish from Q201 and whose washer must be avoided."
3a,26,BS170,project,"10W HF Linear PA kit, installed as transistors Q202, Q203, and Q204 in the driver stage."
3a,27,BS170,project,"10W HF Linear PA kit, transistor Q205, installed with the flat matching the PCB silkscreen."
3a,29,BS170,project,"10W HF Linear PA kit, the driver assembly mounted on the heatsink by one nut."
3a,30,BS170,project,"10W HF Linear PA kit, the PA driver stage transistors Q202, Q203, and Q204 mounted against the PCB."
3b,4,BS170,project,"The 10W HF Linear PA, used in its push-pull output stage, a design also found in the SoftRock transmitter."
3b,7,BS170,reference,"10W HF Linear PA parts list, listed as Q202, Q203, Q204, and Q205."
3b,8,BS170,reference,Listed as four components in the 10W HF Linear PA assembly parts list.
3b,12,BS170,project,"The 10W HF Linear PA schematic, used as Q202, Q203, Q204, Q205, and Q208 in the driver and output stages."
3b,31,BS170,project,"The 10W HF Linear PA assembly guide, referenced as the transistors whose mounting washers must not short the diode lead."
3b,32,BS170,project,"The 10W HF Linear PA assembly, installed as MOSFETs Q202, Q203, and Q204 in a specific cluster layout."
3b,33,BS170,project,"The 10W HF Linear PA assembly, identified as transistor Q205 with specific pin bending instructions."
3b,34,BS170,mention,"The 10W HF Linear PA assembly, named as a visually similar part to avoid confusing with IC201."
3b,36,BS170,project,"10W HF Linear PA assembly, identified as the driver assembly mounted on the heatsink."
3b,37,BS170,project,"The three driver stage transistors (Q202, Q203, Q204) of the 10W HF Linear PA, shown being mounted to the heatsink."
3c,3,BS170,project,"The 10W HF Linear PA, used in pairs for the push-pull driver stage."
3c,5,BS170,reference,"Listed as Q202, Q203, Q204, and Q205 in the semiconductor section of the 10W HF Linear PA kit parts list."
3c,7,BS170,reference,"Listed in the 10W HF Linear PA kit parts list, shown with heatsink and insulating pad."
3c,10,BS170,project,"The 10W HF Linear PA kit, used as Q202 and Q205 in the driver stage near R206 and C203."
3c,27,BS170,project,The 10W HF Linear PA kit; referenced as a similar-looking component to avoid confusion with Q201.
3c,29,BS170,project,"The 10W HF Linear PA kit assembly, identified as MOSFETs for positions Q202, Q203, and Q204."
3c,30,BS170,project,"The 10W HF Linear PA kit, identified as transistor Q205, noted to resemble the 78L05 regulator."
3c,33,BS170,project,"The 10W HF Linear PA kit assembly, identified as the driver assembly mounted on the heatsink."
3c,34,BS170,project,"The 10W HF Linear PA kit, forming the PA driver stage as transistors Q202, Q203, and Q204."
3f,6,BS170,mention,"The Ultimate3 transmitter used for testing, configured with its standard single BS170 PA transistor."
3g,2,BS170,project,"Si5351A synthesizer module kit, used in the original circuit diagram for the 3.3 to 5V I2C level conversion."
3h,2,BS170,project,"Si5351A synthesizer module kit, used in the I2C level conversion circuit between 3.3V and 5V."
3h,4,BS170,project,"Si5351A synthesizer module assembly, listed as a component to install alongside the voltage regulator IC2."
3i,2,BS170,project,"Si5351A synthesizer module kit, used in the I2C level conversion circuit between 3.3V and 5V."
3i,4,BS170,project,"Si5351A synthesizer module, listed as a component to install, with a warning not to mix it with the LM317LZ regulator."
3j,2,BS170,project,"Si5351A synthesizer module kit, used as a pair in the 3.3 to 5V I2C level conversion circuit."
3j,4,BS170,mention,Si5351A synthesizer module assembly notes; named as a part to distinguish from the LM317LZ voltage regulator IC2.
3k,4,BS170,project,"Si5351A synthesizer module assembly guide, listed near R3, R6, and R4 in the component layout diagram."
3l,2,BS170,project,"Si5351A synthesizer board, used in the two-transistor circuit for 3.3V to 5V I2C level conversion."
3l,4,BS170,mention,Si5351A synthesizer assembly guide; warned against confusing with LM317LZ during final inspection.
3m,2,BS170,project,"Si5351A synthesizer kit, used as MOSFETs in the 5V/3.3V bidirectional level converter for the I2C interface."
3m,4,BS170,mention,"Si5351A synthesizer kit assembly guide, warned against confusing with the LM317LZ regulator during final inspection."
3n,3,BS170,reference,"Si5351A VFO/SigGen kit parts list, listed as Q1, Q2, Q3 but not installed in the kit."
3q,4,BS170,mention,"Identified as the Power Amplifier transistor in the Ultimate3S, whose heat and load affect crystal stability."
3r,4,BS170,technique,Identified as the Ultimate3S Power Amplifier transistor whose heat and load can cause WSPR drift.
4,1,BS170,project,"QCX-mini through-hole transistor, bolted to the PCB like in the QCX+."
45,1,BS170,project,"QRP Labs Receiver module kit parts list, listed as Q1 and Q2, transistors."
45,2,BS170,project,"QRP Labs Receiver module, used as Q2 in the RF input stage near R23 and C8."
45,3,BS170,project,"QRP Labs Receiver module, two transistors forming the transmit/receive switch that disconnects the input signal when TX is high."
45,10,BS170,project,"Q1 and Q2 in the receiver module, used as a transmit/receive switch for RF input."
46,2,BS170,reference,"Receiver module parts list, listed as Q1 and Q2, described as transistors."
46,3,BS170,project,"QRP Labs receiver module schematic, shown as part of the optional polyphase network near R23 and C8."
46,4,BS170,project,"QRP Labs receiver module, forming the transmit/receive switch that disconnects the input signal when TX is high."
46,13,BS170,project,"QRP Labs receiver module, used as the Tx/Rx switch when powered via the SMA connector."
46,25,BS170,project,"Q1, Q2, and Q3 of the QRP Labs QRSS Beacon receiver, located in the RF front-end section."
46,27,BS170,project,"The QRP Labs QRSS Beacon receiver module, listed as Q1, Q2, and Q3 in the RF front-end stage."
47,1,BS170,reference,"U3R Ultimate 3 Receiver kit parts list, listed as Q1 and Q2 transistors."
47,2,BS170,project,"U3R Ultimate 3 Receiver schematic, shown as Q2 in the RF input stage near R23."
47,3,BS170,project,"U3R Ultimate 3 Receiver, two transistors acting as TX/RX switch to disconnect input signal."
47,5,BS170,reference,"U3R Ultimate 3 Receiver kit parts list, listed as 2x BS170."
47,10,BS170,project,"Receiver module assembly, used as Q1 and Q2 for Tx/Rx switching at the SMA connector."
48,1,BS170,project,"Q2 and Q1 in the RF front end, connected to BPF sockets and C8."
49,1,BS170,reference,"Listed as a component in the QRP Labs receiver module parts list, specified as 2x units."
4a,1,BS170,project,"The Ultimate3s receiver module, shown as three transistors (Q1, Q2, Q3) in the RF front-end section."
4b,1,BS170,project,"VFO/SigGen kit, labelled beside Q1, Q2, and Q3 in the oscillator section."
4j,2,BS170,reference,"Listed as Q1, Q2, Q3 in the Clock kit parts list, noted as NOT INSTALLED."
4j,9,BS170,project,"Q1, Q2, and Q3 in the QRP Labs Clock kit, shown in the PCB connection diagram."
4v,2,BS170,project,MOSFET in the QRP Labs 5W HF PA kit input or switching section.
4v,3,BS170,reference,"QRP Labs 5W HF PA kit parts list, listed as Q9 N-channel MOSFET."
4v,16,BS170,project,"The gate switch in the 5W HF PA kit, labelled Q9, controls RF flow to the power stage."
4v,19,BS170,reference,Listed as 2pcs in the 5W HF PA kit inventory parts list.
4v,24,BS170,project,"5W HF PA kit assembly, installing MOSFET transistor Q9."
4v,40,BS170,mention,Named as the driver transistor in the Ultimate3S transmitter kit used for these PA measurements.
4v,42,BS170,mention,Named as the single transistor used in the 5W HF PA kit output power measurements at 5V supply.
4v,44,BS170,reference,"5W HF PA kit revision history, noting the correction of its package type from TO220 to TO92 in the parts list."
4w,2,BS170,project,"QRP Labs 5W HF PA kit, used as transistor Q9 in the RF output stage."
4w,3,BS170,reference,"QRP Labs 5W HF PA kit parts list, listed as Q9 N-channel MOSFET."
4w,16,BS170,project,"5W HF PA kit gate circuit, acting as a switch to control RF flow to the IRF510."
4w,19,BS170,reference,Listed in the 5W HF PA kit inventory as 2 pieces.
4w,24,BS170,project,"5W HF PA kit assembly, installing MOSFET transistor Q9."
4w,40,BS170,mention,"5W HF PA kit measurement setup, named as the driver transistor in the Ultimate3S transmitter used for testing."
4w,42,BS170,technique,"In the 5W HF PA kit measurement notes, used as the driver stage transistor running at 5V supply."
4w,45,BS170,none,"Named in the revision history log, not a component placement on this page."
4x,3,BS170,reference,"Listed as Q9, an N-channel MOSFET in a TO92 package for the simplified build."
4x,7,BS170,reference,"Listed in the 5W HF PA kit simplified build parts inventory, shown with 2pcs quantity."
4x,20,BS170,reference,"In the 5W HF PA kit revision history, noted as a correction to the parts list specifying TO92 package."
4y,3,BS170,reference,"Listed as Q9, an N-channel MOSFET in a TO92 package for the 5W HF PA kit."
4y,7,BS170,reference,"Listed in the 5W HF PA kit parts list, without specific circuit function shown."
4y,19,BS170,mention,"Named in the revision history as a parts list correction, clarifying it is TO92 not TO220 package."
4z,3,BS170,reference,"Listed as Q9, an N-channel MOSFET in TO220 package for the 5W HF PA kit."
4z,7,BS170,reference,Listed in the 5W HF PA kit parts inventory.
5,1,BS170,project,"In the QCX+ transceiver, three BS170 PA transistors are bolted to a copper pad for heatsinking."
50,2,BS170,technique,"In the Ultimate3S transmitter PA stage, specified as the single transistor to use at 5V with a 25-turn drain inductor."
50,4,BS170,project,"The 5W HF PA kit, listed as Q1 and Q2 in the RF output stage."
50,5,BS170,mention,"In the Ultimate3S connection diagram, noted as the single transistor used in the U3S, leaving Q3 uninstalled."
51,2,BS170,technique,"In the Ultimate3S transmitter interface section, specified as the single PA transistor to use at 5V with a 25-turn drain inductor."
51,4,BS170,project,"The 5W HF PA kit schematic, shown as the RF output transistors Q0, Q1, and Q2."
51,5,BS170,mention,"In the 5W HF PA kit interface diagram, noted as the single transistor used in the Ultimate3S, leaving Q3 unpopulated."
52,2,BS170,project,Transistor Q0 in the QRP Labs AN005 HF PA kit schematic.
52,8,BS170,technique,"The driver MOSFET in the 5W HF PA kit, biased via Key Out to control gain during transmission."
53,2,BS170,project,MOSFET in the QRP Labs AN005 HF PA kit raised cosine controller output stage.
53,7,BS170,project,"Q1 in the CW transmitter application circuit, labelled beside L1 and associated with RF output driver bias."
53,8,BS170,project,"The driver MOSFET in the 5W CW transmitter circuit, biased by Key Out to amplify the Si5351A signal."
55,1,BS170,reference,Listed as 2pcs in the 5W HF PA kit inventory photo.
57,1,BS170,project,"OCXO temperature controller, identified as the heater transistor in user tips regarding lead bending and current limiting."
5b,1,BS170,mention,"In the 'WSPR and Hell' user report, David VE3KCL uses two BS170s with heatsinks for his 800mW transmitter."
5d,1,BS170,project,"QRP Labs Arduino Shield PA stage, configured to use two BS170s for ~0.5W output."
5e,1,BS170,mention,"The original PA FET in the U3S kit, replaced by an RD16HHF1 for better heat sinking in the yacht build."
5i,1,BS170,project,"A through-hole transistor in the QCX-mini, bolted to the PCB like in the QCX+."
5j,1,BS170,project,"The Ultimate3S transmitter kit; used in the PA stage, with extra transistors included for increased output power."
5l,1,BS170,project,"QCX+ 5W CW transceiver kit, listed as the three PA transistors bolted to the PCB copper pad for heatsinking."
5n,1,BS170,project,"The 10W HF Linear PA kit, used as a pair in the driver stage."
5v,1,BS170,project,"Power amplifier in the QRP Labs Arduino Shield, noted as identical to the one in the Ultimate3S kit."
5x,1,BS170,technique,"The PA transistor in the QMX circuit, whose gate leakage through capacitance causes RF output when the PA is off."
5y,1,BS170,project,"The PA transistors in the QMX+ 10W modification by Roelof PA0RDT, doubled to a 4+4 configuration."
60,1,BS170,technique,"QMX SSB Beta firmware page, the PA transistor whose gate leakage through capacitance causes RF output when amplitude is zero."
62,1,BS170,mention,"The QMX T/R switch transistor, named in a simulation note regarding avalanche voltage limits during stress testing."
63,1,BS170,mention,Referenced in simulation notes as the T/R switch transistor whose avalanche voltage limits drain voltage stress.
64,1,BS170,reference,QMX transceiver revision notes; listed as a change to enlarge holes for easier replacement.
66,1,BS170,project,"QCX-mini transceiver; used as MOSFETs Q1, Q2, Q3 in the transmit path and for orientation checks."
68,1,BS170,mention,"In the QCX-mini RF power measurement guide, named as a component whose drain should not be used for power measurement."
6a,1,BS170,project,"QCX transceiver kit; used as MOSFETs Q1, Q2, Q3 in the RF output stage and for orientation checks."
6e,1,BS170,project,"QCX+ transceiver, identified as the main RF MOSFETs (Q1, Q2, Q3) in the final stage."
6g,1,BS170,mention,Named in the RF Power measurement guide as a component whose drain should not be used for power measurement.
6i,1,BS170,project,"QCX transceiver troubleshooting; identified as the main RF MOSFETs (Q1, Q2, Q3) and noted for correct orientation."
6k,1,BS170,project,"MOSFETs in the QCX power amplifier, mentioned as damaged and replaced by a builder."
6l,1,BS170,project,QDX Digital Transceiver troubleshooting; four transistors checked for 5V squarewave at gates and one defective unit identified causing high receive current.
6m,1,BS170,project,"In the Ultimate3S transmitter, used as the PA transistor; extra units included in the Deluxe set for increased output power."
6n,1,BS170,project,"The Ultimate3/3S PA transistor, driven by the DDS comparator, with options to add parallel units for higher power."
6o,1,BS170,project,"Used as PA transistors in multiple Ultimate3 builds, such as Geir LA6LU's 5V PA and Ruediger DJ4KI's 1.4W output."
6q,1,BS170,mention,"Ken G4APB's 4m LPF test setup, used as the PA source to verify filter performance."
6v,1,BS170,project,"QRP Labs Arduino Shield PA stage, configured to use two BS170s for ~0.5W output."
6w,1,BS170,mention,"Ultimate3 spectrum analyser tests, noted as absent from the PA supply configuration used for measurements."
6y,1,BS170,project,"The OCXO kit's heater transistor, discussed in user tips for lead bending and current limiting."
6z,1,BS170,project,"QRP Labs Receiver module, forming the Tx/Rx switch that routes signal to the receiver when enabled."
70,1,BS170,project,The PA transistor in the Ultimate3S bifilar and trifilar output transformer modification experiments.
72,2,BS170,none,"Listed in the assembly manual's table of contents under section 3.46, not a component placement on this page."
72,7,BS170,reference,"QCX 5W CW transceiver kit parts list, listed as Q1-5 and Q7, TO92 MOSFETs."
72,13,BS170,reference,"QCX 5W CW transceiver kit parts inventory, listed as a TO92 transistor with 5 pieces required."
72,48,BS170,project,"QCX 5W CW transceiver kit assembly, six MOSFETs (Q1-Q5, Q7) to be installed on the board."
72,90,BS170,project,"PA transistors Q1, Q2, Q3 in the QCX 5W CW transceiver, noted for heat dissipation during WSPR duty cycles."
72,117,BS170,project,"QCX transceiver schematic; used as Q2, Q3, Q4, Q5, and in the LCD and key shaping circuits."
72,119,BS170,project,"The QCX 5W CW transceiver kit, acting as the single MOSFET for the transmit/receive switch."
72,123,BS170,project,"In the QCX 5W CW transceiver audio amplifier, Q7 is a BS170 MOSFET acting as the TX mute switch."
72,124,BS170,project,"The Class-E power amplifier transistors in the QCX 5W CW transceiver, driven by the 74ACT00 logic gate."
72,125,BS170,project,"The Class-E power amplifier of the QCX 5W CW transceiver, where three are used in parallel to achieve 5W output."
72,126,BS170,technique,"The switching transistors in the Class-E power amplifier, shown in oscilloscope traces of gate and drain voltages."
72,140,BS170,project,"In the QCX 5W CW transceiver kit, the BS170 drains are the test points for checking RF power output in the Power Amplifier stage."
72,142,BS170,project,"QCX 5W CW transceiver kit, the output transistors which may fail if the transmitter operates above the recommended 5W power level."
72,143,BS170,technique,"QCX Class-E power amplifier drain waveform measurement, showing the oscilloscope trace at the BS170 drains."
73,2,BS170,none,"Table of contents entry for section 3.45, directing the reader to the page for installing these transistors."
73,9,BS170,reference,"QCX 5W CW transceiver kit parts list, listed as Q1-5 and Q7 (6 pcs)."
73,15,BS170,reference,"QCX 5W CW transceiver kit inventory list, listed as 6pcs BS170 TO92 transistor."
73,44,BS170,project,"QCX 5W CW transceiver kit assembly, section 3.45, identifying the six MOSFETs (Q1-Q5, Q7) to install."
73,93,BS170,project,"PA transistors Q1, Q2, Q3 in the QCX output stage, warned about overheating during WSPR duty cycles."
73,114,BS170,project,"QCX transceiver kit, used as Q1, Q2, Q3, Q4, and Q5 in the PA and keying stages."
73,116,BS170,project,"The QCX 5W CW transceiver kit, acting as the single MOSFET for the transmit/receive switch."
73,120,BS170,project,"QCX 5W CW transceiver audio amplifier, used as Q7 for the TX mute switch to attenuate audio during transmit."
73,121,BS170,project,"Class-E power amplifier transistors in the QCX 5W CW transceiver, driven by the 74ACT00 gate output."
73,122,BS170,project,"The Class-E power amplifier of the QCX 5W CW transceiver, where three are used in parallel to achieve 5W output."
73,123,BS170,technique,"The Class-E power amplifier transistors, shown with gate and drain waveforms to illustrate switching behavior."
73,136,BS170,project,"The QCX 5W CW transceiver kit, where the drains are the test points for checking PA output before the low-pass filter."
73,138,BS170,project,"QCX 5W CW transceiver kit, the output transistors in the transmitter power amplifier stage."
73,139,BS170,technique,"In the Class-E power amplifier section, the oscilloscope chart shows the drain waveform at the BS170 drains."
74,2,BS170,none,Listed in the assembly manual's table of contents as a step to install all BS170 transistors.
74,9,BS170,reference,"QCX 5W CW transceiver kit parts list, listed as Q1-5, Q7, TO92 MOSFETs (6 pcs)."
74,15,BS170,reference,"QCX 5W CW transceiver kit inventory list, listed as 6pcs BS170 TO92 transistor."
74,44,BS170,project,"QCX 5W CW transceiver kit assembly, the six MOSFETs Q1-Q5 and Q7, with Q7 positioned under the volume knob."
74,91,BS170,project,"The power amplifier transistors (Q1, Q2, Q3) of the QCX 5W CW transceiver, noted for heat dissipation during WSPR beacon operation."
74,108,BS170,project,"QCX transceiver, used as Q1-Q5 in the pre-amps, key shaping, and RX/TX switch."
74,110,BS170,project,"The QCX 5W CW transceiver kit, implemented as the single MOSFET for the transmit/receive switch."
74,114,BS170,project,"Q7 in the QCX audio amplifier, acting as a TX mute switch to attenuate audio during transmit."
74,115,BS170,project,"The Class-E PA driver transistors in the QCX transceiver, driven by the 74ACT00 logic gate."
74,116,BS170,project,Three BS170 transistors used in parallel as the active devices in the Class-E power amplifier stage.
74,117,BS170,technique,"Class-E power amplifier section of the QCX kit, identified as the switching transistors whose gate and drain waveforms are analyzed."
74,130,BS170,project,"The QCX 5W CW transceiver kit, identified as the drain terminals of the Power Amplifier stage for checking RF output."
74,132,BS170,project,"QCX 5W CW transceiver kit, identified as the output transistors in the transmitter power amplifier stage."
74,133,BS170,technique,"QCX 5W CW transceiver kit, the drain transistors of its Class-E power amplifier stage."
75,2,BS170,none,"Listed in the table of contents as the heading for section 3.45, directing the reader to the installation page."
75,9,BS170,reference,"QCX 5W CW transceiver kit parts list, listed as Q1-5, Q7, TO92 MOSFETs (6 pcs)."
75,15,BS170,reference,"QCX 5W CW transceiver kit inventory list, identified as a TO92 transistor with 4 pieces required."
75,44,BS170,project,"The six MOSFETs (Q1-Q5, Q7) in the QCX transceiver kit, with Q7 noted to sit under the volume knob."
75,91,BS170,project,"Q1, Q2, and Q3 of the QCX 5W CW transceiver kit's power amplifier stage, noted for heat dissipation during WSPR beacon operation."
75,109,BS170,project,"QCX transceiver kit, used as transistors Q1, Q2, Q3, Q4, and Q5 in the PA and Key shaping stages."
75,111,BS170,project,"The QCX 5W CW transceiver kit's transmit/receive switch, implemented by a single BS170 MOSFET."
75,115,BS170,project,"QCX 5W CW transceiver kit, used as Q7 to form the TX mute switch that attenuates audio during transmit."
75,116,BS170,project,"The Class-E power amplifier transistors in the QCX 5W CW transceiver, driven by the 74ACT00 logic gate."
75,117,BS170,project,Three BS170 transistors used in parallel in the Class-E power amplifier to achieve 5W output.
75,118,BS170,technique,"The Class-E power amplifier transistors, shown switching between 5V gate drive and ~40V drain voltage."
75,131,BS170,project,"The QCX 5W CW transceiver kit, where the drains are the test point for checking PA power output before the low-pass filter."
75,133,BS170,project,"QCX 5W CW transceiver kit, the output transistors which may fail if the transmitter operates above 5W output power."
75,134,BS170,technique,"In the Class-E Power Amplifier section, the oscilloscope chart shows the drain waveform at the BS170 drains."
76,2,BS170,none,"Table of contents entry for section 3.44, listing the installation step for these transistors."
76,8,BS170,reference,"QCX 5W CW transceiver kit parts list, listed as transistors Q1-5 and Q7."
76,14,BS170,reference,"QCX 5W CW transceiver kit inventory list, listed as 6pcs TO92 transistor for component identification."
76,43,BS170,project,"QCX 5W CW transceiver kit assembly, the six MOSFETs Q1-Q5 and Q7, with Q7 under the volume knob."
76,90,BS170,project,"QCX 5W CW transceiver kit, the PA transistors Q1, Q2, and Q3 in the output stage."
76,108,BS170,project,"QCX transceiver, used as Q1-Q5 in the amplifier and key shaping stages."
76,110,BS170,project,"The transmit/receive switch MOSFET in the QCX 5W CW transceiver kit, controlled by the microcontroller."
76,114,BS170,project,"The QCX 5W CW transceiver kit, used as Q7 in the TX mute switch to attenuate audio during transmit."
76,115,BS170,project,"The Class-E PA transistors in the QCX 5W CW transceiver, driven by the 74ACT00 logic gate."
76,116,BS170,project,Three BS170 transistors used in parallel in the Class-E power amplifier to achieve 5W output.
76,117,BS170,technique,"The Class-E power amplifier transistors, shown driving the drain voltage waveform in the oscilloscope screenshot."
76,130,BS170,project,"QCX 5W CW transceiver kit, the power amplifier stage where drains are checked for RF output."
76,132,BS170,project,"QCX 5W CW transceiver kit, the output transistors which may fail if the transmitter operates above 5W output power."
76,133,BS170,technique,"In the Class-E Power Amplifier waveform analysis, showing the drain voltage trace for the 40m band."
77,2,BS170,none,Listed in the table of contents as the subject of assembly step 3.44.
77,9,BS170,reference,"QCX 5W CW transceiver kit parts list, listed as Q1-Q5, Q7 (6 units)."
77,17,BS170,reference,"QCX 5W CW transceiver kit parts list, listed as 6pcs TO92 transistor."
77,45,BS170,project,"Six MOSFETs (Q1-Q5, Q7) in the QCX transceiver kit, installed per assembly section 3.44."
77,100,BS170,project,"The QCX 5W CW transceiver kit's power amplifier transistors, Q1, Q2, and Q3, which may need a heatsink during WSPR beacon operation."
77,119,BS170,project,"QCX 5W CW transceiver kit, used as Q1-Q5 in the PA and RX/TX switch stages."
77,122,BS170,project,"The MOSFET forming the transmit/receive switch in the QCX 5W CW transceiver, protecting the receiver input mixer."
77,126,BS170,project,"The QCX 5W CW transceiver kit, acting as Q7 in the audio muting circuit to attenuate the signal during transmit."
77,127,BS170,project,"The MOSFETs in the Class E power amplifier of the QCX transceiver, driven by the 74ACT00 output."
77,128,BS170,project,Three BS170 transistors connected in parallel form the Class E power amplifier stage of the QCX 5W CW transceiver.
77,129,BS170,technique,"The Class E power amplifier driver transistors, shown with gate and drain waveforms during operation."
77,144,BS170,project,"QCX 5W CW transceiver kit, the power amplifier output transistors whose drains are checked for RF signal during troubleshooting."
77,146,BS170,project,"QCX 5W CW transceiver kit, identified as the output transistors which may fail if output power exceeds 5 watts."
77,147,BS170,technique,"QCX 5W CW transceiver kit, the Class-E power amplifier output stage where its drain voltage waveform is measured."
78,17,BS170,reference,"QCX 5W CW transceiver kit parts list, shown as a TO92 transistor in the component identification photo."
78,44,BS170,project,"The QCX 5W CW transceiver kit assembly, where six BS170 MOSFETs are installed as Q1 through Q5 and Q7."
78,89,BS170,project,"The QCX 5W CW transceiver kit; the PA transistors Q1, Q2, and Q3, which may need heatsinks during WSPR operation."
79,2,BS170,none,Listed in the table of contents as section 3.44 for installing all BS170 transistors.
79,8,BS170,reference,"QCX 5W CW transceiver kit parts list, listed as Q1-5 and Q7, TO92 MOSFETs (6 pcs)."
79,14,BS170,reference,"QCX 5W CW transceiver kit inventory list, listed as 4pcs TO92 transistor."
79,43,BS170,project,"QCX 5W CW transceiver kit assembly instructions; the six remaining MOSFETs (Q1-Q5, Q7) to be installed on the board."
79,90,BS170,project,"Q1, Q2, and Q3 of the QCX 5W CW transceiver kit's Class-E output stage, noted for heat dissipation during WSPR beacon operation."
79,108,BS170,project,"QCX transceiver, used in the pre-amps and key shaping stages near Q7."
79,110,BS170,project,"QCX 5W CW transceiver kit, the single MOSFET implementing the transmit/receive switch."
79,114,BS170,project,QCX 5W CW transceiver kit; Q7 is a MOSFET forming the TX mute switch to attenuate audio clicks.
79,115,BS170,technique,"In the QCX transmit signal routing and Class-E PA section, described as the MOSFETs driven into saturation by the 74ACT00 output."
79,116,BS170,project,"QCX 5W CW transceiver kit, three used in parallel as the Class-E power amplifier output stage."
79,117,BS170,technique,"The Class-E power amplifier transistors, shown in oscilloscope traces of gate and drain voltages."
79,130,BS170,project,"In the QCX 5W CW transceiver kit, the BS170 drains are the test points for checking PA output before the low-pass filter."
79,132,BS170,project,"QCX 5W CW transceiver kit, the output transistors which may fail if the transmitter operates above 5W."
79,133,BS170,technique,"QCX 5W CW transceiver kit, the Class-E power amplifier stage where its drain waveform is measured."
7a,3,BS170,none,Listed in the assembly manual table of contents as transistors to be installed in the kit.
7a,8,BS170,reference,"QCX 5W CW transceiver kit parts list, listed as Q1-5, Q7, TO92 MOSFETs (6 pcs)."
7a,14,BS170,reference,"QCX 5W CW transceiver kit parts inventory, listed as a TO92 transistor, 4 pieces."
7a,43,BS170,project,"The six MOSFETs (Q1-Q5, Q7) in the QCX 5W CW transceiver kit, with Q7 noted to sit under the volume knob."
7a,90,BS170,project,"The QCX 5W CW transceiver kit's PA transistors Q1, Q2, and Q3, warned to monitor heat during WSPR beacon operation."
7a,108,BS170,project,"QCX 5W CW transceiver kit, used in the PA, key shaping, and LCD interface sections."
7a,110,BS170,project,The single MOSFET implementing the transmit/receive switch in the QCX 5W CW transceiver kit.
7a,114,BS170,project,"In the QCX 5W CW transceiver, Q7 is a BS170 MOSFET acting as the TX mute switch to attenuate audio clicks."
7a,115,BS170,project,"The MOSFETs in the Class-E PA of the QCX transceiver, driven by the 74ACT00 logic gate."
7a,116,BS170,project,Three BS170 transistors used in parallel in the Class-E power amplifier to achieve 5W output.
7a,117,BS170,technique,"The Class-E power amplifier transistors, shown with gate and drain waveforms in an oscilloscope screenshot."
7a,130,BS170,project,"QCX 5W CW transceiver kit, the Power Amplifier stage where drains are tested for RF power output."
7a,132,BS170,project,"QCX 5W CW transceiver kit, the output transistors which may fail if the transmitter operates above 5W."
7a,133,BS170,technique,"QCX 5W CW transceiver kit, the drain of the Class-E power amplifier where the output waveform is measured."
7b,2,BS170,none,"Table of contents entry for section 3.44, directing the reader to the transistor installation page."
7b,8,BS170,reference,"QCX 5W CW transceiver kit parts list, listed as Q1-5, 7 TO92 MOSFETs."
7b,14,BS170,reference,"QCX 5W CW transceiver kit parts list, identified as a TO92 transistor in the component photo section."
7b,42,BS170,project,"QCX 5W CW transceiver kit assembly, the six MOSFETs Q1-Q5 and Q7, with Q7 under volume control R36."
7b,88,BS170,project,"Power amplifier transistors Q1, Q2, and Q3 in the QCX 5W CW transceiver kit, requiring heatsinks for WSPR duty."
7b,105,BS170,project,"QCX transceiver, listed in the parts list and shown as Q1-Q5 in the pre-amps, key shaping, and LCD sections."
7b,107,BS170,project,"The QCX 5W CW transceiver kit's transmit/receive switch, controlled by the microcontroller to isolate the receiver during transmission."
7b,113,BS170,project,"The Class-E power amplifier of the QCX transceiver, where three are used in parallel to achieve 5W output."
7b,114,BS170,technique,Class-E amplifier design notes: the MOSFETs whose gate and drain waveforms are analyzed to explain the switching behavior.
7b,128,BS170,project,"The QCX 5W CW transceiver kit, where the BS170 transistors form the power amplifier stage."
7b,130,BS170,technique,QCX 5W CW transceiver kit troubleshooting guide; identified as the output transistors that fail if supply voltage exceeds 15-16V.
7c,2,BS170,none,Listed in the assembly manual's table of contents under section 3.44 for installing all BS170 transistors.
7c,7,BS170,reference,"QCX 5W CW transceiver kit parts list, listed as Q1-5 and Q7, TO92 MOSFETs."
7c,13,BS170,reference,"QCX 5W CW transceiver kit parts inventory, listed as 4pcs TO92 transistor for component identification."
7c,41,BS170,project,"The six BS170 MOSFETs (Q1-Q5, Q7) in the QCX 5W CW transceiver kit, with Q7 noted to sit under the volume knob."
7c,87,BS170,project,"The QCX 5W CW transceiver kit's power amplifier output stage, identified as Q1, Q2, and Q3."
7c,105,BS170,project,"QCX transceiver, used in the Key shaping, RX/TX Switch, and Amplifier sections."
7c,107,BS170,project,"QCX 5W CW transceiver kit, the MOSFET implementing the transmit/receive switch to attenuate the 5W signal."
7c,111,BS170,project,QCX 5W CW transceiver kit; Q7 is the TX mute switch MOSFET attenuating audio during transmit.
7c,112,BS170,technique,"In the QCX transmit signal routing and Class-E PA description, identified as the MOSFETs driven into saturation by the 74ACT00 output."
7c,113,BS170,project,"QCX 5W CW transceiver Class-E PA, three used in parallel to achieve 5W output."
7c,114,BS170,technique,"The Class-E power amplifier transistors, shown in an oscilloscope screenshot of gate and drain waveforms."
7c,127,BS170,project,"The QCX 5W CW transceiver kit, identified as the drain terminals of the Power Amplifier stage for checking RF output."
7c,129,BS170,project,"QCX 5W CW transceiver kit, the output transistors which may fail if the transmitter operates above 5W output power."
7c,130,BS170,technique,"In the Class-E Power Amplifier section, the oscilloscope chart shows the drain waveform of the BS170 transistors."
7d,3,BS170,none,Listed in the assembly manual table of contents as transistors to be installed in the kit.
7d,7,BS170,reference,"QCX 5W CW transceiver kit parts list, listed as Q1-5, Q7, TO92 MOSFETs (6 pcs)."
7d,13,BS170,reference,"QCX 5W CW transceiver kit inventory, listed as a TO92 transistor with 4 pieces required."
7d,41,BS170,project,"QCX 5W CW transceiver kit, the six MOSFETs Q1 through Q5 and Q7 to be installed on the board."
7d,87,BS170,project,"The QCX 5W CW transceiver kit, where Q1, Q2, and Q3 form the Class-E output stage."
7d,105,BS170,project,"QCX transceiver, used as Q1-Q5 and Q7 in the PA, mixer, and LCD interface stages."
7d,107,BS170,project,"Single MOSFET in the QCX transceiver implementing the transmit/receive switch, controlled by the microcontroller."
7d,111,BS170,project,"In the QCX 5W CW transceiver, Q7 is a BS170 MOSFET acting as the TX mute switch to attenuate audio clicks."
7d,112,BS170,project,"The MOSFETs in the Class-E PA of the QCX transceiver, driven into saturation by the 74ACT00 output."
7d,113,BS170,project,"QCX 5W CW transceiver Class-E PA, three used in parallel to achieve 5W output."
7d,114,BS170,technique,"The Class-E power amplifier transistors, shown driving the drain voltage waveform in the oscilloscope screenshot."
7d,127,BS170,project,"QCX 5W CW transceiver kit, the Power Amplifier stage where drains are tested for RF output."
7d,129,BS170,project,"QCX 5W CW transceiver kit, the output transistors which may fail if the transmitter operates above 5W."
7d,130,BS170,technique,"QCX 5W CW transceiver kit, shown as the drain waveform source in the Class-E Power Amplifier oscilloscope chart."
7e,2,BS170,none,"Table of contents entry for section 3.44, directing the reader to the page where these transistors are installed."
7e,7,BS170,reference,"QCX 5W CW transceiver kit parts list, listed as Q1-5 and Q7, six TO92 MOSFETs."
7e,13,BS170,reference,"QCX 5W CW transceiver kit parts list, listed as 6pcs TO92 transistors for component identification."
7e,41,BS170,project,"The QCX 5W CW transceiver kit, where six BS170 MOSFETs are installed as Q1 through Q5 and Q7."
7e,87,BS170,project,"The QCX 5W CW transceiver kit's power amplifier transistors Q1, Q2, and Q3, which may require heatsinks during WSPR beacon operation."
7e,104,BS170,project,"QCX transceiver, listed as Q1, Q2, Q3, Q4, Q5, and Q7 in the Key shaping and Amplifier sections."
7e,106,BS170,project,"The QCX 5W CW transceiver kit, where it acts as the single MOSFET realizing the transmit-receive switching circuit."
7e,112,BS170,project,"The QCX 5W CW transceiver kit, used as three parallel transistors in the Class-E power amplifier stage."
7e,113,BS170,technique,"The MOSFETs in the Class-E amplifier, whose gate and drain waveforms are analyzed in the oscilloscope screenshot."
7e,127,BS170,project,"The QCX 5W CW transceiver kit, identified as the PA FETs where RF output is checked at their drain connections."
7e,129,BS170,mention,"QCX 5W CW transceiver kit troubleshooting guide, named as the output transistors that fail if supply voltage exceeds 15-16V."
7f,3,BS170,project,"QCX 5W CW transceiver kit assembly, step 3.44 instructs installing all BS170 transistors."
7f,15,BS170,reference,"QCX 5W CW transceiver kit parts list, listed as 4pcs TO92 transistor."
7g,16,BS170,project,"The six MOSFETs (Q1-Q5, Q7) in the QCX transceiver, with Q7 noted under the gain knob."
7h,35,BS170,project,"The QCX 5W CW transceiver kit's PA transistors Q1, Q2, and Q3, discussed for heat dissipation during WSPR duty cycles."
7i,1,BS170,project,"QCX 5W CW transceiver, used as Q7 in the DVM section and Q5, Q4, Q1, Q2, Q3 in the LCD and PA sections."
7j,1,BS170,project,"QCX 5W CW transceiver kit, used as Q7 in the amplifier and Q1-Q4 in the Class-E PA and RX/TX switch."
7k,4,BS170,project,"OCXO/Si5351A synthesizer oven heater, two MOSFETs in parallel (Q1, Q2) driven by the PI controller."
7k,5,BS170,project,"OCXO/Si5351A synthesizer kit, the heater transistors Q1 and Q2 placed on either side of the crystal in the oven."
7k,6,BS170,reference,"OCXO/Si5351A synthesizer kit parts list, listed as Q1, Q2, Q6, and Q7 MOSFETs."
7k,10,BS170,project,"OCXO/Si5351A synthesizer kit, listed as one of four TO92 MOSFETs to be installed."
7k,28,BS170,project,"OCXO/Si5351A synthesizer assembly guide, installed as transistor Q1 requiring careful bending and pressure for crystal contact."
7k,29,BS170,mention,"OCXO/Si5351A synthesizer assembly guide, named as a similar-looking device to avoid when selecting BC547s."
7k,30,BS170,mention,"OCXO/Si5351A synthesizer assembly guide, referenced as previously installed components Q1 and Q2."
7k,32,BS170,project,"OCXO/Si5351A synthesizer assembly, identified as Q1 and Q2 in the pre-oven check for the 27MHz crystal oscillator."
7k,36,BS170,project,"OCXO/Si5351A synthesizer assembly, step 81, fitted as Q6 and Q7 alongside resistors R17 and R18."
7k,38,BS170,project,"OCXO/Si5351A synthesizer assembly, identified as the heater transistors that can burn out if R21 is set too high."
7k,42,BS170,project,"OCXO/Si5351A synthesizer module, identified as the heater transistors that can burn if the trimmer is set fully clockwise."
7k,43,BS170,project,"OCXO/Si5351A synthesizer module, cited for its 166mA maximum rating to limit oven current."
7l,1,BS170,project,"OCXO/Si5351A synthesizer schematic, labelled FB048 with 104."
7m,6,BS170,mention,"Si5351A Synth module kit, acting as level converters between 3.3V I2C bus and 5V microcontroller lines."
7n,6,BS170,mention,"Si5351A Synth module kit, acting as level converters between 3.3V I2C bus and 5V microcontroller lines."
7w,1,BS170,project,"Transistors in the Ultimate2 QRSS beacon kit, specifically Q1-4, with orientation warnings in the assembly instructions."
7w,2,BS170,project,"In the Ultimate2 QRSS beacon kit, BS170 transistors Q1 and Q2 provide on/off keying and power amplification."
7w,3,BS170,project,"Ultimate2 QRSS beacon kit parts list; listed as Q1-Q4, with a note that the PCB legend orientation is incorrect for them."
7w,4,BS170,mention,"Ultimate2 QRSS beacon kit assembly notes, suggested as an optional addition to Q3 and Q4 to increase output power."
7w,7,BS170,project,"Ultimate2 QRSS kit assembly; the supplied transistor for Q1/Q2, requiring opposite orientation to the PCB legend."
7w,11,BS170,project,"The power amplifier transistor in the Ultimate2 QRSS kit, used for 150mW output or parallel for higher power."
7x,2,BS170,project,"Ultimate2 QRSS kit, used as Q1 for on/off keying and Q2 for power amplification."
7x,3,BS170,reference,"Listed as Q1-Q4 in the Ultimate2 QRSS kit parts list, with a note that only two are provided."
7x,4,BS170,mention,Ultimate2 QRSS kit assembly notes; suggested as optional additional transistors for Q3 and Q4 to increase output power.
7x,10,BS170,project,"The Ultimate2 QRSS kit's power amplifier, where the text describes its heat dissipation and parallel configuration options."
7y,1,BS170,project,"The Ultimate2 QRSS beacon kit, where orientation for Q1-4 is specified in section 4.3 rather than the PCB legend."
7y,2,BS170,project,"Ultimate2 QRSS beacon kit, used as Q1 for on/off keying and Q2 for power amplification."
7y,3,BS170,project,"Ultimate2 QRSS beacon kit; listed as Q1-Q4 semiconductors, with a warning that they must be mounted opposite to the PCB legend."
7y,4,BS170,mention,"Ultimate2 QRSS beacon kit, suggested as an optional addition to Q3 and Q4 to increase output power."
7y,7,BS170,project,"Ultimate2 QRSS kit construction notes; the supplied transistor for Q1/Q2, requiring opposite orientation to the PCB legend."
7y,10,BS170,project,"The Ultimate2 QRSS kit power amplifier, used as the single output transistor or in parallel for higher power."
7z,7,BS170,mention,Suggested as an alternative to the 2N7000 in the QRSS kit PA for higher power dissipation.
8,1,BS170,project,"QRP Labs 10W HF Linear PA kit, used as the push-pull driver stage transistors."
80,6,BS170,mention,QRSS Beacon Kit suggested alternative to 2N7000 for higher power dissipation in the PA stage.
85,2,BS170,project,"QRP Labs Arduino shield schematic, labelled Q1, Q2, and Q3 in the relay-switched LPF section."
85,3,BS170,reference,"Listed as Q1 and Q2/Q3 in the QRP Labs Arduino shield parts list, with Q2/Q3 optional for higher power."
85,9,BS170,project,Q1 of the PA bias circuit; page notes PCB space for three parallel BS170s to share heat.
85,10,BS170,technique,"PA output stage transistor, discussed regarding its 830mW maximum power dissipation limit."
86,2,BS170,project,"QRP Labs Arduino Shield, listed as Q2, Q3, and Q4 in the RF output stage."
86,3,BS170,reference,"QRP Labs Arduino Shield parts list, listed as Q1 and Q2/Q3 transistors, with Q2/Q3 optional for higher output power."
86,11,BS170,project,"The power amplifier transistor (Q1) of the FR5 shield, with space for parallel Q2 and Q3 to increase output."
86,12,BS170,project,"The three parallel transistors in the PA stage, sharing heat dissipation to increase power."
88,5,BS170,project,"The Ultimate3S kit's power amplifier transistor, noted for causing voltage sags and heating the crystal."
8e,2,BS170,none,"Listed in the assembly table of contents as step 3.20, directing the reader to the installation page."
8e,8,BS170,reference,"QCX-mini parts list, listed as TO92 MOSFETs Q1-3."
8e,47,BS170,project,"QCX-mini 5W CW transceiver kit, the three MOSFETs Q1, Q2, and Q3 to be installed and bolted to the PCB."
8e,83,BS170,project,"QCX-mini transceiver; used as Q1, Q2, Q3, and Q4 in the keying and preamp stages."
8e,91,BS170,project,"MOSFETs in the Class-E PA of the QCX-mini, driven by the 74ACT00 output to saturation."
8e,93,BS170,project,"Three BS170 transistors in parallel form the Class-E power amplifier stage, handling 5W output."
8e,109,BS170,project,"Drains of the QCX-mini power amplifier, checked for RF output to diagnose PA or filter faults."
8e,111,BS170,project,"QCX-mini 5W CW transceiver, the output transistors which may fail if operated above 5W or with supply voltage exceeding 14V."
8e,112,BS170,technique,"QCX-mini Class-E power amplifier, where the oscilloscope chart shows the drain waveform of the BS170 transistors."
8f,2,BS170,none,"Table of contents entry for section 3.20, directing the reader to the assembly page for these transistors."
8f,8,BS170,reference,"QCX-mini parts list, listed as Q1-3, TO92 MOSFETs."
8f,47,BS170,project,"QCX-mini 5W CW transceiver kit, the three MOSFETs Q1, Q2 and Q3 bolted flat to the PCB."
8f,84,BS170,project,"QCX-mini transceiver, used as Q1, Q2, and Q3 in the Pre-amps and Class-E PA stages."
8f,92,BS170,project,"MOSFETs in the Class-E PA of the QCX-mini, driven into saturation by the 74ACT00 output."
8f,94,BS170,project,The three parallel transistors forming the Class-E power amplifier stage of the QCX-mini.
8f,110,BS170,project,"The QCX-mini transceiver's power amplifier, where the drains are tested for RF output to isolate faults."
8f,112,BS170,project,"QCX-mini 5W CW transceiver kit, the output transistors which may fail if operated above 5W output power."
8f,113,BS170,technique,"QCX-mini Class-E power amplifier, where the oscilloscope chart shows the drain waveform of the BS170 transistors."
8g,23,BS170,mention,"QCX-mini 5W CW transceiver kit manual, warning that these PA transistors may overheat during WSPR beacon transmission."
8g,24,BS170,technique,"QCX-mini operating manual, noted as getting unreasonably hot in the Class-E output stage despite efficiency."
8h,2,BS170,none,"Table of contents entry for section 3.20, listing the installation of three BS170 transistors."
8h,8,BS170,reference,"QCX-mini parts list, listed as Q1-3, TO92 MOSFETs."
8h,53,BS170,project,"QCX-mini 5W CW transceiver kit assembly manual, the three MOSFETs Q1, Q2, and Q3 to be installed."
8h,96,BS170,project,"QCX-mini transceiver, used as Q1, Q2, and Q3 in the Class-E PA and preamp stages."
8h,104,BS170,project,"The Class-E PA MOSFETs in the QCX-mini transceiver, driven by the 74ACT00 output into saturation."
8h,106,BS170,project,"The QCX-mini 5W CW transceiver kit, where three BS170 transistors are used in parallel as the Class-E power amplifier."
8h,122,BS170,project,"The QCX-mini transceiver's power amplifier, where RF power is checked at its drains to isolate faults."
8h,124,BS170,project,"QCX-mini 5W CW transceiver kit, the output transistors in the power amplifier stage."
8h,125,BS170,technique,"QCX-mini Class-E power amplifier, where the oscilloscope chart shows the drain waveform of the BS170 transistors."
8j,1,BS170,project,"QCX-mini transceiver, the Class-E PA transistors Q1, Q2, and Q3."
8k,23,BS170,mention,QCX WSPR beacon warning; named as PA transistors that may overheat during continuous 100% key-down duty cycles.
8k,24,BS170,technique,"QCX operating manual, identified as the component that gets unreasonably hot in the output stage."
8l,23,BS170,mention,"QCX operating manual, named as the PA transistors that may overheat during continuous WSPR key-down duty cycles."
8l,24,BS170,technique,"QCX operating manual, identified as the PA transistor that gets unreasonably hot despite Class-E output stage."
8r,1,BS170,project,"The Ultimate3S transmitter kit, where Q1 is the power amplifier producing about 250mW from a 5V supply."
8r,2,BS170,project,"The Ultimate3S transmitter kit, listed as Q1, Q2, and Q3 in the PA section."
8r,3,BS170,reference,"Ultimate3S parts list, listed as Q1, Q2, Q3 for the PA stage with notes on kit supply."
8r,4,BS170,mention,"Ultimate3S transmitter kit, suggested as an optional addition to Q2 and Q3 to increase output power."
8r,16,BS170,project,"The Ultimate3S kit's power amplifier, used as a single transistor to provide around 250mW output."
8r,17,BS170,project,"The Ultimate3S kit PA transistor, where heat dissipation increases at higher voltages and parallel devices may be added."
8r,20,BS170,project,Ultimate3S kit PA bias section; the power amplifier transistor that overheats if R5 is turned too far clockwise.
8s,2,BS170,project,"The Ultimate3S transmitter, where Q1 acts as the power amplifier producing 250 mW output."
8s,3,BS170,project,"Ultimate3S transmitter, listed as Q1, Q2, and Q3 in the RF output stage."
8s,4,BS170,reference,"Ultimate3S parts list, listed for Q1, Q2, and Q3 in the power amplifier section."
8s,6,BS170,mention,Ultimate3S transmitter assembly notes; suggested as optional extra transistors for Q2 and Q3 to increase output power.
8s,21,BS170,project,"The Ultimate3S power amplifier transistor, used singly for 250mW or in parallel for higher output."
8s,26,BS170,project,"Ultimate3S kit, the transistor that heats up if output power is adjusted too high."
8t,1,BS170,project,"The Ultimate3S transmitter kit, where Q1 is the power amplifier producing about 250mW from a 5V supply."
8t,2,BS170,project,"Ultimate3S transmitter kit, listed as Q1, Q2, and Q3 in the PA section near the Si5351A."
8t,3,BS170,reference,"Ultimate3S kit parts list, listed as Q1, Q2, Q3 in the semiconductors section for the PA stage."
8t,4,BS170,mention,Ultimate3S transmitter kit; optional additional transistors for Q2 and Q3 to increase output power.
8t,17,BS170,project,"The Ultimate3S kit's power amplifier, providing 250mW output with a 5V supply."
8t,18,BS170,project,"The Ultimate3S kit PA transistor, where heat dissipation increases at higher voltages and parallel devices may be added."
8t,21,BS170,project,"The Ultimate3S transmitter power amplifier, which overheats if R5 is adjusted beyond peak power output."
8u,4,BS170,technique,"Identified as the Power Amplifier transistor in the Ultimate3S, whose heat and load affect crystal stability."
8v,4,BS170,technique,"Identified as the Power Amplifier transistor in the Ultimate3S, whose heat and load affect crystal stability."
8w,2,BS170,technique,"In the Ultimate3S transmitter, the BS170 PA transistor is the source of the RF signal intercepted to insert the 5W HF PA kit."
8w,4,BS170,project,"Used as Q1 and Q2 in the Ultimate3S HF PA interface circuit, located near R6."
8w,5,BS170,mention,"QRP Labs AN004 interface schematic, noted as the single transistor used in the Ultimate3S where Q3 is left empty."
8x,2,BS170,project,"The Ultimate3S PA stage transistor, specified to run at 5V with a 25-turn drain inductor when driving the 5W HF PA kit."
8x,4,BS170,project,"The Ultimate3S transmitter schematic, shown as Q0, Q1, and Q2 in the RF output stage."
8x,5,BS170,mention,"In the Ultimate3S interface diagram, noted as the single transistor used in the U3S, leaving Q3 unpopulated."
8y,1,BS170,project,"The Ultimate3S transmitter kit, where Q1 is the power amplifier producing 250mW from a 5V supply."
8y,2,BS170,project,"Ultimate3S transmitter kit, listed as Q1, Q2, and Q3 in the PA section near the FT37-43."
8y,3,BS170,reference,"Ultimate3S parts list, listed as Q1, 2, 3; Q1 is supplied, Q2/Q3 optional for higher PA voltages."
8y,4,BS170,mention,Ultimate3S transmitter kit; optional BS170 transistors for Q2/Q3 to increase output power.
8y,12,BS170,project,"The Ultimate3S kit's power amplifier, providing 250mW output with a 5V supply."
8y,13,BS170,technique,"In the Ultimate3S PA, the BS170 dissipates heat at high voltages; the PCB allows parallel transistors to share this load."
8y,16,BS170,technique,"In the Ultimate3S power adjustment procedure, the BS170 heats up if the output is set too high."
8z,3,BS170,project,"Ultimate3S kit, the power amplifier transistor Q1 producing 250mW, with Q2 and Q3 optional for higher voltages."
8z,4,BS170,mention,"Ultimate3S kit assembly manual, suggested as an optional addition to Q2 and Q3 to increase output power."
8z,11,BS170,project,"The Ultimate3S kit's power amplifier transistor, used for 250mW output and heat dissipation management."
8z,14,BS170,project,"The Ultimate3S transmitter's power amplifier transistor, which overheats if R5 is adjusted past peak power output."
9,1,BS170,mention,"Ken G4APB's 4m LPF test setup, used as the PA source to verify filter performance."
90,3,BS170,project,"Ultimate3S kit, Q1 is the power amplifier producing 250mW; Q2 and Q3 are optional for higher supply voltages."
90,4,BS170,mention,"Ultimate3S kit assembly manual, suggested as an optional addition to Q2 and Q3 to increase output power."
90,11,BS170,project,"The Ultimate3S kit's power amplifier transistor, used for 250mW output or in parallel for higher power."
90,14,BS170,project,"The Ultimate3S transmitter's PA transistor, which overheats if the bias trimmer R5 is turned too far clockwise."
91,4,BS170,project,"Ultimate3S kit, the power amplifier transistor Q1, with Q2 and Q3 optional for higher voltage."
91,6,BS170,mention,Ultimate3S kit assembly guide; suggested as an optional addition to Q2 and Q3 to increase output power.
91,14,BS170,project,"The Ultimate3S beacon's power amplifier transistor, noted to produce 250 mW output with a 5V supply."
91,15,BS170,project,"The Ultimate3S PA transistor, where the text notes heat dissipation increases with higher voltage and power."
91,18,BS170,project,"The Ultimate3S transmitter's final stage, which heats up if gain is set too high during adjustment."
92,4,BS170,project,"The Ultimate3S kit, where Q1 is the power amplifier producing about 250 mW from a 5V supply on 30m."
92,5,BS170,reference,"Listed as Q1, Q2, Q3 in the Ultimate3S kit parts list, with Q1 as the primary PA transistor."
92,6,BS170,mention,"Ultimate3S kit assembly, suggested as an optional addition to Q2 and Q3 to increase output power."
92,13,BS170,project,"The Ultimate3S kit's power amplifier transistor, providing 250 mW output at 5V."
92,14,BS170,technique,"Ultimate3S kit assembly instructions, discussing heat dissipation and parallel transistor options for higher output power."
92,16,BS170,project,"The Ultimate3S transmitter, where the BS170 heats up if R5 is turned too far clockwise during calibration."
93,3,BS170,project,"The Ultimate3S transmitter's final stage, Q1, a MOSFET providing approx 250mW output at 30m."
93,4,BS170,reference,"Listed as Q1, 2, 3 in the Ultimate3S parts list, with Q1 included and Q2/Q3 for higher voltage."
93,5,BS170,mention,"Ultimate3S kit assembly notes; suggested for Q2 and Q3 to increase output, though not included in the kit."
93,13,BS170,project,"The Ultimate3S high-power final stage transistor, used singly or in parallel for 250mW output."
93,16,BS170,project,"Ultimate3S PA stage, where the text warns that output power drops as the BS170 heats up during bias adjustment."
94,3,BS170,project,"The Ultimate 3S transmitter's final stage, where Q1, Q2, and Q3 are BS170 MOSFETs driving the RF output."
94,4,BS170,reference,"Ultimate 3S kit parts list, listed as Q1, Q2, Q3 with a note that only one is used in the final stage."
94,5,BS170,mention,"Optional transistors for Q2 and Q3 in the Ultimate 3S transmitter, suggested to increase output power."
94,9,BS170,project,"Ultimate3S kit assembly, labelled beside Q1, Q2, and R6 in the PA stage diagram."
94,13,BS170,project,"The Ultimate3S high-power final stage, where one or three BS170 transistors are used in parallel for output."
94,14,BS170,project,"Ultimate3S assembly manual, labelled near Q1, Q0, and R6 in the AVR programming wiring diagram."
94,15,BS170,project,"Ultimate3S final stage (PA) bias adjustment section, where its temperature rise indicates the power peak."
95,2,BS170,reference,"Listed as Q1, Q2, Q3 in the Clock kit parts list, marked NOT INSTALLED."
95,9,BS170,project,"QRP Labs Clock kit PCB diagram, labelled as Q1, Q2, and Q3 in the external button and power supply section."
9a,3,BS170,reference,"Si5351A VFO/SigGen parts list, listed as Q1, Q2, Q3 but marked NOT INSTALLED in the kit."
9n,2,BS170,none,"Table of contents entry for section 3.45, directing the reader to the page for installing these transistors."
9n,8,BS170,reference,"QCX+ parts list, listed as Q1-5 and Q7, TO92 MOSFETs."
9n,17,BS170,reference,"QCX+ inventory parts list, identified as a TO92 transistor with 5 pieces required."
9n,66,BS170,project,"QCX+ 5W CW transceiver kit assembly, the six MOSFETs Q1, Q2, Q3, Q4, Q5, and Q7 to be installed."
9n,102,BS170,project,"QCX+ transceiver, used as Q1-Q5 in the Pre-amps and Key shaping stages."
9n,105,BS170,project,The single MOSFET implementing the transmit/receive switch in the QCX+ 5W CW transceiver kit.
9n,109,BS170,project,"QCX+ transceiver, used as the TX mute switch (Q7) and the Class-E PA driver MOSFETs."
9n,110,BS170,project,"The gate driver transistor in the Class-E power amplifier, turned off by IC3A during receive."
9n,111,BS170,project,"The Class-E power amplifier of the QCX+ transceiver, where three are used in parallel to achieve 5W output."
9n,112,BS170,technique,"In the Class-E PA discussion, described as switching OFF to allow gate voltage pulses to reach large amplitude."
9n,126,BS170,project,"The QCX+ 5W CW transceiver kit, identified as the drain terminals of the Power Amplifier stage for checking RF output."
9n,128,BS170,project,"QCX+ 5W CW transceiver kit, the output transistors which may fail if the transmitter is operated above 5W."
9n,129,BS170,technique,"QCX+ Class-E power amplifier, where the oscilloscope chart shows the drain waveform of the BS170 transistors."
9o,2,BS170,none,Listed in the table of contents as section 3.45 for installing all BS170 transistors.
9o,8,BS170,reference,"QCX+ transceiver kit parts list, listed as Q1-Q5 and Q7."
9o,17,BS170,reference,"QCX+ 5W CW transceiver kit inventory list, identified as a TO92 transistor with 5 pieces required."
9o,66,BS170,project,"The QCX+ 5W CW transceiver kit assembly manual, identifying the six BS170 MOSFETs (Q1-Q5, Q7) to be installed."
9o,103,BS170,project,"QCX+ transceiver, used as Q1-Q5 in the pre-amps and RX/TX switch stages."
9o,106,BS170,project,"The QCX+ 5W CW transceiver kit, acting as the single MOSFET for the transmit/receive switch."
9o,110,BS170,project,"QCX+ transceiver: Q7 forms the TX mute switch, and others drive the Class-E PA into saturation."
9o,111,BS170,project,"The Class-E power amplifier of the QCX+ transceiver, where IC3A ensures its gate voltage is low when the TX gate is off."
9o,112,BS170,project,The three parallel transistors forming the Class-E power amplifier stage of the QCX+ 5W CW transceiver.
9o,113,BS170,technique,"The Class-E power amplifier switch, described as turning OFF to produce large gate voltage pulses."
9o,127,BS170,project,"The QCX+ transceiver power amplifier, where the drains are tested for RF output to isolate faults."
9o,129,BS170,project,"QCX+ 5W CW transceiver kit, the output transistors which may fail if the transmitter operates above the recommended 5W power level."
9o,130,BS170,technique,"QCX+ Class-E power amplifier, where its drains are probed to verify the drain voltage waveform."
9p,2,BS170,none,"Listed in the table of contents as section 3.45, directing the reader to the page for installing these transistors."
9p,8,BS170,reference,"QCX+ 5W CW transceiver kit parts list, listed as Q1-Q5, Q7."
9p,17,BS170,reference,"QCX+ 5W CW transceiver kit inventory, listed as a TO92 transistor with 5 pieces."
9p,66,BS170,project,"The QCX+ 5W CW transceiver kit, listed as Q1, Q2, Q3, Q4, Q5, and Q7 for installation."
9p,103,BS170,project,"QCX+ transceiver, used as Q7 in the interface section and as Q1-Q5 in the RF switch."
9p,106,BS170,project,"The transmit/receive switch in the QCX+ 5W CW transceiver, implemented by a single MOSFET."
9p,110,BS170,project,"In the QCX+ transceiver, used as Q7 for the TX mute switch and as MOSFETs in the Class-E PA driver."
9p,111,BS170,project,"The QCX+ transceiver's Class-E power amplifier, where IC3A ensures its gate voltage is low when the TX gate is off."
9p,112,BS170,project,"Three BS170 transistors used in parallel in the Class-E PA to achieve 5W output, with gate and drain waveforms shown."
9p,113,BS170,technique,"In the Class-E PA analysis, described as the transistor whose gate voltage pulses when OFF."
9p,127,BS170,project,"In the QCX+ transceiver, the BS170 drains are the test points to check for RF power output in the Power Amplifier stage."
9p,129,BS170,project,"QCX+ 5W CW transceiver kit, the output transistors which may fail if the transmitter operates above the recommended 5W power level."
9p,130,BS170,technique,"In the QCX+ Class-E power amplifier section, identified as the source of the drain waveform shown in the oscilloscope chart."
9q,2,BS170,none,"Table of contents entry for section 3.45, directing the reader to the page for installing these transistors."
9q,8,BS170,reference,"QCX+ 5W CW transceiver kit parts list, listed as Q1-Q5, Q7."
9q,17,BS170,reference,"QCX+ 5W CW transceiver kit inventory, listed as a TO92 transistor with 5 pieces."
9q,66,BS170,project,"QCX+ 5W CW transceiver kit, the six MOSFETs Q1, Q2, Q3, Q4, Q5, and Q7 to be installed on the PCB."
9q,121,BS170,project,"In the QCX+ 5W CW transceiver kit, mentioned in a warning to check if they get too hot during WSPR transmission."
9q,122,BS170,mention,"QCX+ 5W CW transceiver kit manual, named as the PA transistors that may get hot during WSPR operation."
9q,149,BS170,project,"QCX+ transceiver, used as Q1-Q5 in the pre-amps and Q7 in the interface section."
9q,152,BS170,project,"The transmit/receive switch of the QCX+ 5W CW transceiver, implemented by a single BS170 MOSFET."
9q,156,BS170,project,QCX+ transceiver; used as Q7 for the TX mute switch and as the Class-E PA driver MOSFETs.
9q,157,BS170,project,"In the QCX+ Class-E power amplifier, the BS170 gate is driven low by IC3A to keep the transistors off."
9q,158,BS170,project,Three BS170 transistors used in parallel for the Class-E PA to achieve 5W output.
9q,159,BS170,technique,"The QCX+ Class-E PA, described as the transistor whose gate voltage pulses when OFF."
9q,173,BS170,project,"The QCX+ 5W CW transceiver kit, identified as the drain terminals of the Power Amplifier stage for checking RF output."
9q,175,BS170,project,"The QCX+ 5W CW transceiver kit, the output transistors which may fail if supply voltage exceeds 15 or 16V."
9q,176,BS170,technique,"In the Class-E Power Amplifier section, the oscilloscope chart shows the drain waveform at the BS170 drains."
9r,3,BS170,none,Listed in the table of contents as the transistor installation section.
9r,9,BS170,reference,"QCX+ kit parts list, listed as Q1-Q5 and Q7."
9r,19,BS170,reference,Listed as 6pcs TO92 transistors in the QCX+ component photo section for assembly verification.
9r,54,BS170,project,"The six MOSFETs (Q1-Q5, Q7) to be installed in the QCX+ transceiver PCB."
9s,27,BS170,project,QCX+ transceiver; RF switching transistors in the RX/TX switch and preamp stages.
9s,30,BS170,project,"The final amplifier MOSFET in the QCX+ transceiver, with its source connected to DC ground."
9s,35,BS170,project,"The QCX+ 5W CW transceiver kit, identified as the front-end MOSFET to be soldered in place."
9s,36,BS170,project,"The Class E power amplifier MOSFET in the QCX+ transmit path, driven to saturation by the 74ACT00 logic gate."
9s,38,BS170,project,"The MOSFET in the QCX+ PA driver, described as cheap, small, and prone to thermal runaway if biased incorrectly."
9s,57,BS170,project,"QCX+ 5W CW transceiver kit, listed as a component to be installed in the orange-marked position on the board."
9s,59,BS170,technique,"The Class E power amplifier transistor, shown in its drain waveform measurement on the 40m band."
9t,27,BS170,project,"The Class-E power amplifier stage of the QCX+ transceiver, noted for heat generation during 100% duty-cycle WSPR operation."
9u,3,BS170,none,"Index entry in the QCX+ manual table of contents, listing the installation of all BS170 transistors."
9u,12,BS170,reference,"Listed as IC11, a TO92 MOSFET in the QCX+ 5W CW transceiver kit parts list."
9u,22,BS170,reference,"QCX+ 5W CW transceiver kit inventory list, listed as TO92 transistor."
9u,73,BS170,project,"QCX+ 5W CW transceiver kit assembly, the six MOSFETs Q1 through Q5 and Q7 to be installed."
9u,135,BS170,project,"The QCX+ 5W CW transceiver kit, identified as the PA transistor requiring thermal monitoring during WSPR beacon operation."
9u,164,BS170,project,"QCX+ transceiver schematic, listed in the parts list near Q4 and Q2."
9u,175,BS170,project,"The QCX+ 5W CW transceiver kit, used as three parallel MOSFETs in the Class-E power amplifier stage."
9v,1,BS170,project,"QCX+ transceiver, used as Q7, Q5, and Q4 in the amplifier, RX/TX switch, and low pass filter."
9x,1,BS170,project,"QCX+ transceiver schematic, used as Q7, Q4, and Q5 in the RX/TX switch and Class-E PA stages."
9z,19,BS170,project,"FDIM S4 power circuit, labelled Q102 in the power hold and soft power switch section."
9z,22,BS170,project,"QSX 10W Linear PA module, used in the push-pull driver stage."
9z,23,BS170,project,"QSX 10W Linear PA module, used for Q202, Q203, and Q204 in the driver stage."
a,1,BS170,project,"QRP Labs Receiver module, used as the Tx/Rx switch to route signal to the receiver."
a0,3,BS170,project,"Three BS170 MOSFETs in parallel form the Class-E power amplifier stage of the described radio, providing 5W output."
a0,14,BS170,project,"The 10W Linear Power Amplifier, used as a push-pull driver stage taken from the SoftRock transceiver board."
a0,17,BS170,project,"10W Linear Power Amplifier, used as Q203, Q204, Q205, and Q208 in the driver stage."
a0,18,BS170,mention,"Named as the MOSFET switch in the QCX transceiver, cited as inadequate for the QSX design."
a2,23,BS170,project,"QCX transceiver Class-E power amplifier, three used in parallel to achieve 5W output."
a2,24,BS170,project,"The QCX transceiver Class-E power amplifier, where three are paralleled to achieve 5W output."
a3,1,BS170,project,"Q5 in the QRP Labs RX circuit, shown with C33 and C34."
a5,1,BS170,project,"SSB Beta firmware block diagram, listed as 4x BS170 near the MS5351M and predistortion stages."
a9,23,BS170,technique,QMX SSB modification article; the PA MOSFET gate signal is used as a reference for measuring phase delay.
a9,24,BS170,mention,"QMX SSB modification article, cited as a variable in phase distortion consistency across different QMX units."
a9,28,BS170,project,"The QMX transceiver's PA transistor, whose gates are driven by a 5V square wave from 74ACT08 logic gates."
a9,29,BS170,technique,"QMX SSB modification article, describing signal leakage through the PA transistors when the BS170 gates are at zero drain voltage."
ag,23,BS170,mention,"QCX operating manual, WSPR beacon warning; PA transistors cautioned against overheating during continuous key-down."
ag,24,BS170,technique,"QCX operating manual, explaining why the BS170 output stage heats up despite Class-E efficiency."
ah,3,BS170,project,"QCX kit transistors, noted as the majority type with specific orientation requirements for the centre wire."
ah,8,BS170,technique,"In the QCX transmitter path, Q1, Q2, and Q3 are BS170 MOSFETs that conduct high current from +12V through L4 on key-down."
ah,9,BS170,technique,"QRP Labs QCX troubleshooting guide, checking for signal at the drains of the BS170 MOSFETs Q1, Q2, Q3 in the low-pass filter."
ah,22,BS170,project,"QRP Labs QCX transmitter, where Q1, Q2, and Q3 are the PA MOSFETs driven by the 74ACT00 for Class-E operation."
ah,23,BS170,project,"QRP Labs QCX Power Amplifier, where Q1, Q2, and Q3 are BS170 transistors connected to IC3 pin 3."
ah,24,BS170,project,"QRP Labs QCX PA stage; gates show 5V squarewave from IC3, drains show 40V peak-peak signal before low-pass filter."
ah,25,BS170,technique,"QRP Labs QCX troubleshooting guide; identified as Q1, Q2, Q3 in the PA where power measurement is invalid due to non-sinusoidal signals."
ai,4,BS170,project,"QCX transmitter troubleshooting, listed as the standard transistor type whose center lead must be bent to fit the PCB triangle."
ai,15,BS170,technique,"QCX low-pass filter troubleshooting; identifies Q1, Q2, and Q3 as BS170 MOSFETs to check drain signals."
ai,34,BS170,project,"The QCX power amplifier transistors, specifically Q3, whose gate and drain signals are described for testing."
ai,35,BS170,project,QCX transceiver PA stage; drain voltage check point and Q4 gate drive verification.
ai,36,BS170,technique,"QCX troubleshooting guide, explaining why power cannot be measured at the power amplifier drains (Q1, Q2, Q3) due to non-sinusoidal signals."
aj,1,BS170,project,"QCX transceiver schematic, used as Q4, Q5, Q7, and in the Class-E PA stage."
ak,1,BS170,project,"QRP Labs QCX schematic, used in the Class-E PA and LCD interface circuits."
ar,1,BS170,project,"MOSFET in the overvoltage protection circuit, connected to the drain and LED."
as,1,BS170,project,"The Ultimate3S transmitter kit, where Q1 is the power amplifier producing 250mW from a 5V supply."
as,2,BS170,project,"The Ultimate3S transmitter kit schematic, shown as Q1, Q2, and Q3 in the RF output stage."
as,3,BS170,reference,"Listed as Q1, Q2, Q3 in the semiconductors section; Q1 is supplied, Q2/Q3 optional for higher PA voltages."
as,4,BS170,mention,Ultimate3S transmitter kit assembly manual; optional transistor for Q2/Q3 to increase output power.
as,16,BS170,project,"The Ultimate3S kit's power amplifier transistor, providing 250mW output with a 5V supply."
as,17,BS170,project,"The Ultimate3S kit's PA transistor, where the text discusses heat dissipation and parallel mounting options."
as,20,BS170,project,"The Ultimate3S kit's power amplifier transistor, which overheats if the R5 bias trimmer is turned too far clockwise."
at,2,BS170,project,"The Ultimate3S transmitter, where Q1 acts as the power amplifier producing 250 mW."
at,3,BS170,project,"Ultimate3S transmitter kit, used as Q1, Q2, and Q3 in the RF output stage near the Si5351A."
at,4,BS170,reference,"Ultimate3S parts list, listed as Q1, Q2, and Q3 in the semiconductors section."
at,6,BS170,mention,Ultimate3S transmitter assembly notes; suggested as optional extra transistors for Q2 and Q3 to increase output power.
at,21,BS170,project,"The Ultimate3S power amplifier transistor, used singly for 250mW or in parallel for higher output."
at,26,BS170,project,"Ultimate3S kit, the power transistor that heats up if output power is set too high during adjustment."
au,1,BS170,project,"The Ultimate3S transmitter kit, where Q1 is the power amplifier producing about 250mW from a 5V supply."
au,2,BS170,project,"Ultimate3S transmitter kit, listed as Q1, Q2, and Q3 in the RF output stage near the Si5351A module."
au,3,BS170,reference,"Listed as Q1, Q2, Q3 in the semiconductors section; Q1 is supplied, Q2/Q3 optional for higher PA voltages."
au,4,BS170,mention,Ultimate3S transmitter kit; optional BS170 transistors for Q2 and Q3 to increase output power.
au,17,BS170,project,"The Ultimate3S kit's power amplifier, providing around 250mW output with a 5V supply."
au,18,BS170,project,"The Ultimate3S kit's power amplifier transistor, where heat dissipation increases at higher voltages and parallel devices may be added."
au,21,BS170,project,"The Ultimate3S transmitter power amplifier, which overheats if R5 is adjusted beyond peak power output."
av,1,BS170,project,"The Ultimate3S transmitter kit, where Q1 is the power amplifier producing about 250mW from a 5V supply."
av,2,BS170,project,"The Ultimate3S transmitter PA stage, where three BS170s are labelled Q1, Q2, and Q3."
av,3,BS170,reference,"Ultimate3S parts list, listed for Q1, Q2, and Q3 positions in the PA stage."
av,4,BS170,mention,Ultimate3S transmitter kit; suggested as an optional addition to Q2 and Q3 to increase output power.
av,12,BS170,project,"The Ultimate3S kit's power amplifier, where a single BS170 transistor provides around 250mW output."
av,13,BS170,technique,"Ultimate3S PA power section, discussed for heat dissipation and parallel transistor options."
av,16,BS170,technique,"In the Ultimate3S power adjustment procedure, the BS170 heats up if the output is set too high."
aw,3,BS170,project,"Ultimate3S kit, the power amplifier transistor Q1, with Q2 and Q3 optional for higher supply voltages."
aw,4,BS170,mention,"Ultimate3S kit assembly manual, suggested as an optional addition to Q2 and Q3 to increase output power."
aw,11,BS170,project,"The Ultimate3S kit's power amplifier transistor, noted for heat dissipation and parallel mounting options for higher power."
aw,14,BS170,project,"The Ultimate3S transmitter's power amplifier transistor, which overheats if R5 is turned too far clockwise."
ax,3,BS170,project,"Ultimate3S kit, the power amplifier stage (Q1) producing 250mW, with Q2 and Q3 optional for higher voltages."
ax,4,BS170,mention,Ultimate3S kit assembly manual; suggested as an optional addition to Q2 and Q3 to increase output power.
ax,11,BS170,project,"The Ultimate3S kit's power amplifier transistor, which can be paralleled with two more for higher output."
ax,14,BS170,project,"The Ultimate3S transmitter's power amplifier transistor, which overheats if the bias trimmer R5 is set too high."
ay,4,BS170,project,"Ultimate3S kit, the power amplifier transistor Q1, with Q2 and Q3 reserved for higher voltage operation."
ay,6,BS170,mention,Ultimate3S kit assembly notes; suggested as an optional addition to Q2 and Q3 to increase output power.
ay,14,BS170,project,"The Ultimate3S beacon's power amplifier transistor, noted to produce 250 mW output with a 5V supply."
ay,15,BS170,project,"The Ultimate3S PA transistor, where the text notes heat dissipation increases with voltage and a second can be added in parallel."
ay,18,BS170,project,"The Ultimate3S transmitter's output stage, which overheats if R5 is adjusted past peak power."
az,4,BS170,project,"The Ultimate3S transmitter, where Q1 is the power amplifier producing 250 mW from a 5V supply."
az,5,BS170,reference,"Listed as Q1, Q2, Q3 in the Ultimate3S kit parts list, with a note that only one is supplied for Q1."
az,6,BS170,mention,"Ultimate3S kit assembly instructions, suggested as optional extra transistors for Q2 and Q3 to increase output power."
az,13,BS170,project,"The Ultimate3S kit's power amplifier transistor, providing about 250 mW output with a 5V supply."
az,14,BS170,project,"The Ultimate3S kit's output transistor, discussed regarding heat dissipation and parallel mounting options."
az,16,BS170,project,"Ultimate3S transmitter, the output transistor that heats up if R5 is turned too far clockwise during calibration."
b0,3,BS170,project,"The Ultimate3S kit's final stage transistor, Q1, providing approx 250mW output at 30m with 5V supply."
b0,4,BS170,project,"Ultimate3S kit parts list, listed as Q1, Q2, Q3 for the final stage circuit."
b0,5,BS170,mention,"Ultimate3S assembly notes; suggested for Q2 and Q3 to increase output, though not included in the kit."
b0,13,BS170,project,"The Ultimate3S high-power final stage transistor, used singly or in parallel to increase output power."
b0,16,BS170,project,"The Ultimate3S PA transistor, whose temperature rise indicates the bias point is too high during R5 adjustment."
b1,3,BS170,project,"The Ultimate 3S transmitter's final stage, where Q1, Q2, and Q3 are BS170 MOSFETs driving the RF output."
b1,4,BS170,reference,"Listed as Q1, Q2, Q3 in the Ultimate 3S parts list; note says only one is used, others for higher voltage."
b1,5,BS170,mention,Optional upgrade for Q2 and Q3 in the Ultimate 3S transmitter to increase output power.
b1,9,BS170,project,"Ultimate3S kit assembly, labelled beside Q1, Q2, and R6 in the PA stage diagram."
b1,13,BS170,project,"The Ultimate3S high-power final stage, where one or three BS170 transistors are paralleled to increase output power."
b1,14,BS170,project,"Ultimate3S assembly manual, shown in the RF section schematic near Q1, Q0, and R6."
b1,15,BS170,project,"Ultimate3S final stage (PA) bias adjustment, where its temperature rise indicates the power peak to avoid"
b2,2,BS170,project,"The Ultimate-3 QRSS kit schematic, shown as Q2, Q3, and Q4 in the RF output stage driving the LPF."
b2,3,BS170,project,"Ultimate-3 kit, used as Q1 for on/off keying and Q2 for power amplification."
b2,4,BS170,mention,"Ultimate-3 Multimode QRSS Kit; optional transistors for Q3 and Q4 to increase output power, not supplied in the kit."
b2,11,BS170,project,"The Ultimate3 PA transistor, used singly for 150mW or in parallel for higher power and heat sharing."
b3,5,BS170,project,"The Ultimate3 multimode QRSS kit schematic, shown as Q2, Q3, and Q4 in the RF output stage."
b3,6,BS170,project,"Ultimate3 kit, used as Q1 for On/Off keying and Q2 for RF power amplification."
b3,7,BS170,reference,"Ultimate3 kit component list, identified as transistors Q1 and Q2, with Q3 and Q4 as optional power amplifier additions."
b3,10,BS170,mention,"Ultimate3 kit assembly manual, named as Q3 and Q4 transistors not included but installable to increase RF output power."
b3,24,BS170,project,"The Ultimate3 transmitter power amplifier transistor, used singly for 150 mW output or in parallel for higher power."
b4,2,BS170,project,"The Ultimate-3 Multimode QRSS Kit, used as Q2, Q3, and Q4 in the RF output stage and RF keying section."
b4,3,BS170,project,"Ultimate-3 QRSS kit, used as Q1 for on/off keying and Q2 for power amplification."
b4,4,BS170,mention,Ultimate-3 kit construction notes; suggested as optional transistors for Q3 and Q4 to increase output power.
b4,10,BS170,project,"The Ultimate3 kit's power amplifier transistor, used for 150mW output and parallel mounting for heat sharing."
b5,3,BS170,project,"Ultimate3 kit, used as Q1 for on/off keying and Q2 for power amplification."
b5,4,BS170,mention,"Ultimate3 kit assembly guide, suggested as an optional addition for Q3 and Q4 to increase output power."
b5,10,BS170,project,"The power amplifier transistor in the Ultimate3 kit, used for 150mW output or parallel for higher power."
b6,1,BS170,project,"Q1 through Q4 in the Ultimate 3 PCB, positioned near the RF and Gnd connections."
b8,1,BS170,project,"The Ultimate3 Scoop Gold transmitter, listed as four devices in the PA voltage section of the measurement notes."
ba,1,BS170,project,"Ultimate 3 transceiver builder photo, labelled near B472 and C85170 on the board."
bh,1,BS170,project,"QRSS/WSPR TX Kit Ultimate 3S, the PA stage transistors Q1, Q2, and Q3."
bi,1,BS170,project,"The power amplifier transistor Q1 in the bifilar PA, driving the RF output to the low-pass filter."
bj,1,BS170,project,"The power amplifier transistor in the trifilar PA, labelled Q1 driving the RF output to the LPF."
e,2,BS170,none,"Table of contents entry for section 2.7, 'Install BS170 PA transistors', in the QMX+ assembly manual."
e,4,BS170,project,"QMX+ 160-6m multi-mode transceiver, identified as the final transistors that may overheat if powered at 12V instead of 9V."
e,15,BS170,reference,"QMX+ parts list, listed as 4 TO92 MOSFETs Q503 through Q506."
e,20,BS170,reference,"QMX+ 160-6m transceiver assembly manual parts list, listed as components with quantities 2pcs and 4pcs."
e,23,BS170,project,"QMX+ transceiver assembly, the four power amplifier transistors mounted flush against the PCB."
f,2,BS170,reference,"QMX+ transceiver manual, identified as the push-pull pair driving the output transformer."
f,9,BS170,technique,QMX+ output transformer winding guide; the primary connects to the BS170 transistor drains.
g,2,BS170,none,"Table of contents entry for section 2.8, listing the installation step for these PA transistors."
g,4,BS170,mention,"QMX+ 160-6m multi-mode transceiver assembly manual, named as the final transistors that may overheat if a 9V build is powered at 12V."
g,15,BS170,reference,"QMX+ parts list, listed as 4 TO92 MOSFETs Q503-Q506."
g,20,BS170,reference,"QMX+ transceiver assembly manual, listed as components with quantities 2 and 4."
g,25,BS170,project,"QMX+ 160-6m multi-mode transceiver assembly manual, the four PA transistors installed with flat faces flush against the PCB."
h,2,BS170,project,"QMX+ transceiver, the push-pull transistor pair driving the output transformer."
h,9,BS170,technique,"In the QMX+ output transformer winding guide, the primary winding is connected to the drain of the BS170 transistor."
i,45,BS170,technique,"QMX+ PA transistor, whose gate capacitance causes RF leakage when driven by 74ACT08 logic gates."
i,46,BS170,technique,"In the QMX+ noise gate explanation, the BS170 gate pins are driven by the MS5351M Clk2 oscillator via a 74ACT08 logic gate to switch the TX signal."
i,58,BS170,mention,"QMX+ transceiver manual, named as the PA transistor in Roelof PA0RDT's 4+4 modification for 12W full-scale power display."
i,63,BS170,project,"QMX+ transceiver PA transistors, protected by the Max. PA voltage setting to prevent overheating."
i,64,BS170,project,"QMX+ transceiver, tested for thermal performance during continuous key-down on 80m and 10m bands."
i,75,BS170,technique,"QMX+ Advanced configuration section, explaining how biasing the PA transistors minimizes capacitance and body diode clipping in the receiver."
j,5,BS170,technique,"In the QMX+ Virtual U3S PA voltage section, identified as the transistor whose drain voltage is monitored to verify power output settings."
k,6,BS170,project,"QMX+ transmitter schematic, used as MOSFETs in the LPF2 and LPF3 driver stages."
l,6,BS170,project,"QMX+ transmitter schematic, used as MOSFETs in the TX bias switching circuit."
m,2,BS170,none,"Listed in the table of contents as section 2.8, 'Install BS170 PA transistors', not a component on this page."
m,4,BS170,mention,"QMX+ 160-6m multi-mode transceiver assembly manual, named as the final transistors that may overheat if powered at 12V instead of 9V."
m,16,BS170,reference,"QMX+ parts list, listed as 4 TO92 MOSFETs for Q503, Q504, Q505, Q506."
m,20,BS170,reference,"QMX+ assembly manual parts list, listed as 3 pieces and 12 pieces."
m,25,BS170,project,"QMX+ transceiver assembly, the four power amplifier transistors mounted flat against the PCB with M3 bolts."
n,6,BS170,project,"QMX+ transmitter schematic, used as MOSFETs Q503, Q504, Q505, Q506 in the driver stage."
o,7,BS170,mention,"QCX transceiver description, listed as the three transistors in its Class-E PA stage for 5W output."
o,10,BS170,project,"The QSX 10W Linear power amplifier, serving as the push-pull driver stage for the output MOSFETs."
o,21,BS170,project,"QMX+ transceiver, used in pairs on each side of the push-pull power amplifier."
o,33,BS170,mention,"uSDX transceiver, cited as the MOSFET whose DC bias limits amplitude control range."
p,42,BS170,reference,"Listed in the QMX+ parts inventory with a quantity of 4, without a specific circuit function described."
q,6,BS170,project,"QMX+ transceiver schematic, used as MOSFETs Q503, Q505, Q504, Q506 in control logic."
r,6,BS170,project,"QMX+ Rev 1 schematic, used as MOSFETs Q503, Q505, Q504, Q506 in logic and switching stages."
v,2,BS170,none,"Table of contents entry for section 2.8, which covers installing the BS170 PA transistors."
v,4,BS170,mention,"QMX multi-band transceiver kit assembly manual, named as the final transistors that may overheat if the 9V unit is powered at 12V."
v,20,BS170,reference,"TO92 MOSFET listed for Q503, Q504, Q505, and Q506 in the QMX parts list."
v,25,BS170,reference,"Listed in the QMX assembly inventory parts list, shown with a quantity of 4."
v,31,BS170,project,"QMX multi-band transceiver kit, the PA transistors to be installed flush against the PCB."
v,55,BS170,project,"QMX multi-band transceiver kit, located on the power supply boards during assembly."
w,5,BS170,project,"QMX transmitter schematic, used as Q503, Q505, Q504, and Q506 in the switching and logic sections."
x,2,BS170,none,"Table of contents entry for section 2.8, 'Install BS170 PA transistors', not a component placement."
x,4,BS170,mention,"QMX multi-band transceiver kit assembly manual, named as the final transistors that may overheat if the 9V unit is powered at 12V."
x,19,BS170,reference,"QMX transceiver kit parts list, listed as Q503, Q504, Q505, and Q506 in the semiconductors section."
x,23,BS170,reference,"QMX multi-band transceiver kit inventory list, listed as a component with quantity 4x."
x,28,BS170,project,"The power amplifier transistors of the QMX kit, installed with flat faces flush against the PCB."
x,48,BS170,project,"BS170 transistors on the QMX power supply boards, noted as vulnerable during board installation."
y,2,BS170,none,"Table of contents entry for section 2.8, directing the reader to the page for installing these PA transistors."
y,4,BS170,mention,"QMX multi-band transceiver kit assembly manual, named as the final transistors that may overheat if powered at 12V instead of 9V."
y,19,BS170,reference,"Listed as Q503, Q504, Q505, Q506 in the QMX transceiver kit parts list."
y,22,BS170,reference,"QMX kit parts inventory, listed with quantity 4x, shown in the parts photo."
y,26,BS170,project,"QMX multi-band transceiver kit, the PA transistors installed with flat faces flush against the PCB."
y,42,BS170,project,"QMX multi-band transceiver kit, listed as transistors on the power supply boards to be protected during assembly."
z,5,BS170,project,"QMX transmitter schematic, used as Q503, Q505, Q504, and Q506 in the TX bias and control logic."
2c,44,BS170GND,none,"OCR artifact in the QDX schematic, likely a misread of BS170 or GND label near Q9."
2f,43,BS170GND,none,"QDX Digital Transceiver schematic, OCR artifact or label for the ground connection of the BS170 MOSFETs."
2u,31,BS170GND,none,"OCR artifact or label near Q10 and IC5C, not a distinct component type."
6k,1,BS170S,mention,Likely a typo for BS170 in the builder's account of replacing damaged MOSFETs in the QCX.
3a,5,BS250,reference,"Listed as a substitute for IRFU9024 (Q206, 209) in the 10W HF Linear PA parts list."
3b,7,BS250,reference,"10W HF Linear PA parts list, listed as a substitute for IRFU9024 at Q206 and Q209."
3c,6,BS250,reference,"Parts list for the 10W HF Linear PA kit, named as a substitute for the IRFU9024 transistors."
2c,44,BSS12,project,"QDX Digital Transceiver schematic, used as transistor Q12 in the IF section near R13."
2u,31,BSS12,project,"QDX-M transceiver TCXO oscillator circuit, used as a switching transistor."
5p,1,BSS12,none,"Balloon flight identifier in the news section, not a component reference."
10,1,BSS123,project,"QMX power supply schematic, transistors Q104, Q106, Q101, Q107, Q110 control the power-on sequencing and enable signals."
10,2,BSS123,project,"Q203 in the QMX microcontroller section, connected to PTT_N and R208."
10,3,BSS123,project,"Q301 in the QMX LCD and controls board schematic, positioned beside R306 and R305."
10,5,BSS123,project,"QMX transmitter schematic, used as MOSFETs Q501, Q507, Q508, Q510, and Q511 in the TX bias and LPF sections."
11,1,BSS123,project,"QMX power supply schematic, used as Q104, Q106, Q107, Q110, and Q101 in the 5V and 3.3V regulator control."
11,2,BSS123,project,"Q203 in the QMX microcontroller section, connected to PTT_N and PTT_P lines."
11,3,BSS123,project,"Q301 in the QMX LCD and controls board, positioned beside R306 and R305."
11,5,BSS123,project,"QMX transmitter schematic, used as MOSFETs Q501, Q507, Q508, Q510, and Q511 in the PA driver."
12,1,BSS123,project,"QMX power supply schematic, Q104, Q106, Q107, Q110, and Q101, MOSFETs in the 5V and 3.3V regulator control loops."
12,2,BSS123,project,"Q203 in the QMX PTT control circuit, switching PTT_N with R208 and R202."
12,3,BSS123,project,"Q301 in the QMX LCD interface section, connected to R306 and switch S301."
12,5,BSS123,project,"QMX transceiver RF section, used as MOSFETs Q501, Q508, Q509, Q510, and Q511 in the PA and bias circuits."
14,117,BSS123,project,"QMX transceiver kit, identified as the simple MOSFET used for the Tx/Rx switch."
15,117,BSS123,technique,"In the QMX transceiver, identified as the Tx/Rx switch MOSFET providing 30-40 dB attenuation when OFF."
16,119,BSS123,project,"The QMX transceiver's Tx/Rx switch, a MOSFET providing 30-40 dB attenuation when OFF."
17,119,BSS123,technique,QMX transceiver calibration discussion; identified as the MOSFET in the Tx/Rx switch providing attenuation.
18,114,BSS123,project,"QMX transceiver kit, identified as the simple MOSFET used for the Tx/Rx switch."
19,113,BSS123,technique,"QMX transceiver calibration section, identified as the Tx/Rx switch MOSFET providing 30-40 dB attenuation when OFF."
1a,114,BSS123,project,"The QMX transceiver's Tx/Rx switch, a MOSFET providing 30-40 dB attenuation when OFF."
1b,113,BSS123,technique,"QMX transceiver Tx/Rx switch, providing 30-40 dB attenuation when OFF to prevent receiver overload during calibration."
1c,111,BSS123,project,"QMX transceiver Tx/Rx switch, a simple MOSFET providing 30-40 dB attenuation when OFF."
1d,111,BSS123,technique,"QMX transceiver calibration section, identified as the Tx/Rx switch MOSFET providing attenuation when OFF."
1r,8,BSS123,reference,"QCX-mini parts list, listed as SMD MOSFETs Q4, 5, 7, and 100."
1r,83,BSS123,project,"QCX-mini transceiver, used as Q5 in the RX/TX switch and interface section."
1r,86,BSS123,project,"QCX-mini transceiver, the single MOSFET implementing the transmit/receive switch, controlled by the microcontroller."
1r,90,BSS123,project,"The QCX-mini 5W CW transceiver kit, where Q7 is a BSS123 MOSFET acting as the TX mute switch to attenuate audio clicks."
1s,8,BSS123,reference,"QCX-mini parts list, listed as Q4, 5, 7, 100, SMD MOSFETs."
1s,84,BSS123,project,QCX-mini transceiver; used as Q7 in the RX/TX switch and near C22/C23.
1s,87,BSS123,project,"The QCX-mini 5W CW transceiver kit, implementing the transmit/receive switch as a single MOSFET controlled by the microcontroller."
1s,91,BSS123,project,"The QCX-mini transceiver's TX mute switch, Q7, which attenuates audio to reduce switching clicks."
1u,8,BSS123,reference,"QCX-mini parts list, listed as Q4, 5, 7, 100, SMD MOSFETs."
1u,96,BSS123,project,"QCX-mini transceiver, used as Q5 and Q7 in the RX/TX switch and low pass filter sections."
1u,99,BSS123,project,"The transmit/receive switch of the QCX-mini, controlled by the microcontroller to isolate the receiver during transmit."
1u,103,BSS123,project,"The QCX-mini transceiver's TX mute switch, implemented as Q7 to attenuate audio during transmit/receive switching."
1v,1,BSS123,project,"QCX-mini transceiver LCD circuit, labelled Q100 beside R100 and C100."
1w,1,BSS123,project,"QCX-mini transceiver, used as Q7 in the audio section and Q4 in the LCD interface."
2c,10,BSS123,reference,"QDX Digital Transceiver parts list, listed as Q2, Q3, Q4, Q5, Q6, Q13, SMD MOSFETs."
2c,44,BSS123,project,"QDX Digital Transceiver schematic, used as transistors Q13 and Q12 in the band selection and IF sections."
2c,50,BSS123,project,"The QDX Digital Transceiver, acting as the single MOSFET implementing the solid-state transmit/receive switch."
2e,1,BSS123,project,"QDX Digital Transceiver, MOSFETs Q3, Q7, Q9, Q12, Q13 in PTT, band, and control logic."
2f,10,BSS123,reference,"QDX Digital Transceiver parts list, listed as SMD MOSFETs Q2, Q3, Q4, Q5, Q6, Q13."
2f,43,BSS123,project,"QDX Digital Transceiver schematic, MOSFETs Q12 and Q13 in the band selection and LPF switching circuits."
2f,49,BSS123,project,"The QDX transmit/receive switch, implemented as a single MOSFET to disconnect the receiver during transmit."
2g,10,BSS123,reference,"QDX Digital Transceiver parts list, listed as SMD MOSFETs Q2, Q3, Q4, Q5, Q6, and Q13."
2g,38,BSS123,project,QDX Digital Transceiver schematic; MOSFETs Q13 and Q9 in the PTT and USB control circuits.
2g,43,BSS123,project,"The QDX Digital Transceiver's solid state transmit/receive switch, implemented by a single BSS123 MOSFET."
2h,10,BSS123,reference,"QDX Digital Transceiver parts list, listed as SMD MOSFETs Q2, Q3, Q4, Q5, Q6, and Q13."
2h,36,BSS123,project,"QDX Digital Transceiver schematic, used as Q13 and other MOSFETs in the PTT and band selection logic."
2h,41,BSS123,project,"The QDX Digital Transceiver's solid state transmit/receive switch, implemented as a single MOSFET controlled by the microcontroller."
2i,10,BSS123,reference,"QDX Digital Transceiver parts list, listed as SMD MOSFETs Q2, Q3, Q4, Q5, and Q6."
2i,35,BSS123,project,"QDX Digital Transceiver, used as Q1, Q2, and Q9 in the RF switching and USB signal paths."
2i,40,BSS123,project,"The QDX Digital Transceiver's solid state transmit/receive switch, implemented as a single MOSFET controlled by the microcontroller."
2m,10,BSS123,reference,"QDX Digital Transceiver parts list, listed as SMD MOSFETs Q2, Q3, Q4, Q5, and Q6."
2m,44,BSS123,project,"QDX Digital Transceiver, MOSFETs Q1, Q2, Q4, Q5, Q9 in RF and USB sections."
2m,49,BSS123,project,"QDX transmit/receive switch, the single MOSFET used to switch between receive and transmit states."
2n,1,BSS123,project,"QDX Digital Transceiver schematic; MOSFETs Q11, Q12, Q13, and Q4 in control and switching stages."
2o,1,BSS123,project,"QDX Digital Transceiver schematic; Q1, Q2, Q11, Q13 MOSFETs in USB and PTT control circuits."
2p,1,BSS123,project,"QDX Digital Transceiver schematic; Q1, Q2, Q3, Q4, and Q6 MOSFETs in the RF and control logic."
2q,1,BSS123,project,"QDX Digital Transceiver schematic; appears as Q1, Q2, Q4, and Q11 in digital and RF switching stages."
2t,36,BSS123,project,"QDX Digital Transceiver RF switching circuit, labelled Q5 as the switch control transistor."
2t,37,BSS123,project,"QDX Digital Transceiver RF switching circuit, transistor Q5 controlling the switch state."
2u,10,BSS123,reference,"QDX-M 5W Digital Transceiver parts list, listed as SMD MOSFETs for Q6 and Q13."
2u,31,BSS123,project,"QDX-M transceiver PTT and band selection circuits, used as Q13 and a band switch."
2u,35,BSS123,project,"The QDX-M transceiver's transmit/receive switch, implemented as a single MOSFET controlled by the microcontroller."
2v,1,BSS123,project,"QDX-M 5W Digital Transceiver control logic, used as Q13 for PTT and in band selection circuitry."
36,24,BSS123,reference,"QLG2 GPS receiver kit parts list, listed as Q1 in SOT23 package."
3g,2,BSS123,project,"Si5351A synthesizer module kit, the MOSFET type used in PCB Rev 6 for the I2C level conversion circuit."
4p,1,BSS123,project,"QCX-series AGC module, labelled Q7 in the sidetone section near C22."
62,1,BSS123,mention,"The QMX T/R switch transistor, named in a simulation note regarding capacitive feedthrough at 28MHz."
63,1,BSS123,mention,Referenced in simulation notes regarding high capacitive feedthrough at 28MHz causing current sloshing through the diode.
7o,10,BSS123,project,"QLG2-SE GPS receiver kit, identified as Q1 in the schematic near R7 and R8."
7o,11,BSS123,reference,"QLG2-SE GPS receiver kit parts list, listed as Q1 in an SOT23 package."
8d,10,BSS123,project,QLG2-SE GPS receiver kit schematic; labelled Q1 near R7 and R8 in the power control section.
8d,11,BSS123,reference,"QLG2-SE GPS receiver kit parts list, listed as Q1 SOT23 transistor."
8e,8,BSS123,reference,"QCX-mini parts list, listed as SMD MOSFETs Q4, 5, 7, 100."
8e,83,BSS123,project,QCX-mini transceiver; listed as Q5 and Q7 in the RX/TX switch and interface sections.
8e,86,BSS123,project,"The QCX-mini 5W CW transceiver kit, implementing the transmit/receive switch as a single MOSFET controlled by the microcontroller."
8e,90,BSS123,project,"The QCX-mini transceiver's TX mute switch, designated Q7, attenuating audio to remove switching clicks."
8f,8,BSS123,reference,"QCX-mini parts list, listed as Q4, 5, 7, 100, SMD MOSFETs."
8f,84,BSS123,project,"QCX-mini transceiver, used as Q7 in the RX/TX Switch and near the LCD interface."
8f,87,BSS123,project,"The QCX-mini 5W CW transceiver kit, where it implements the transmit/receive switch controlled by the microcontroller."
8f,91,BSS123,project,"The QCX-mini transceiver's TX mute switch, Q7, which attenuates audio to remove switching clicks."
8h,8,BSS123,reference,"QCX-mini parts list, listed as Q4, 5, 7, 100, SMD MOSFETs."
8h,96,BSS123,project,"QCX-mini transceiver, used as Q5 and Q7 in the RX/TX switch and volume control."
8h,99,BSS123,project,"The QCX-mini 5W CW transceiver kit, implementing the transmit/receive switch controlled by the microcontroller."
8h,103,BSS123,project,"The QCX-mini 5W CW transceiver kit, used as Q7 to form the TX mute switch attenuating audio during transmit."
8i,1,BSS123,project,"QCX-mini 5W CW transceiver kit, labelled as Q100 in the LCD display circuit section."
8j,1,BSS123,project,"QCX-mini transceiver, used as Q4, Q5, and Q7 in the LCD and audio sections."
9k,24,BSS123,reference,"QLG2 GPS receiver kit parts list, listed as Q1 in SOT23 package."
9z,30,BSS123,project,"FDIM 2019 TX/RX switch schematic, used as Q1 and Q3 in the driver stage."
ac,1,BSS123,project,"QRP Labs SMPS step change schematic; MOSFETs Q104, Q106, Q110, and Q107 on Plug-in PCB #2, handling PWM and ADC signals."
ae,1,BSS123,project,"Q508 in the QMX Rev 2 mod schematic, connected to RX_IN and +12V."
af,1,BSS123,project,"Q203 in the PTT modification circuit, connected to R205 and PTT signal lines."
e,15,BSS123,reference,"QMX+ parts list, listed as 15 SMD MOSFETs Q101 through Q519."
g,15,BSS123,reference,"QMX+ parts list, listed as 15 SMD MOSFETs Q101-Q110, Q203, Q301, Q501, Q508-Q511, Q517-Q519."
i,119,BSS123,technique,"The QMX+ transceiver's Tx/Rx switch, described as a simple MOSFET providing 30-40 dB attenuation when OFF."
k,2,BSS123,project,"QMX+ power supply, used as Q104, Q106, Q101, Q107, and Q110 for switching and enable functions."
k,3,BSS123,project,"Q203 in the QMX+ digital section, connected to PTT and R208."
k,6,BSS123,project,"QMX+ transmitter schematic, used as MOSFETs in the TX bias and LPF0 through LPF4 stages."
l,2,BSS123,project,"QMX+ power supply, Q104, Q106, Q107, Q110, and Q111, MOSFETs in the 5V and 3.3V regulator sections."
l,3,BSS123,project,"Q203 in the QMX+ microcontroller and digital sections, connected to PTT and R208."
l,6,BSS123,project,"QMX+ transmitter schematic, used as MOSFETs in the TX bias and LPF switching stages."
m,16,BSS123,reference,"QMX+ parts list, listed as 15 SMD MOSFETs for Q101, Q104, Q106, Q107, Q110, Q203, Q301, Q501, Q508-Q511, Q517-Q519."
n,2,BSS123,project,"QMX+ SMS power supply, Q101, Q104, Q106, Q107, and Q110, MOSFETs in the 5V and 3.3V regulator control loops."
n,3,BSS123,project,"Q203 in the QMX+ microcontroller section, connected to PTT and R208."
n,6,BSS123,project,"QMX+ transmitter schematic, used as MOSFETs Q501, Q507, Q509, Q511, Q517, Q518 in power and filter stages."
p,56,BSS123,project,"QMX+ power supply, used as Q101 and Q107 for LIN REG EN and PWM control signals."
p,58,BSS123,project,"QMX+ power supply, Q104 and Q106 switching transistors in the PWR ON/HOLD circuit."
q,2,BSS123,project,"QMX+ power supply schematic, Q104, Q106, Q107, Q110, and Q111, MOSFETs in the power management and PWM control."
q,3,BSS123,project,"Q203 in the QMX+ schematic, connected to PTT and VDD near R205 and R208."
q,4,BSS123,project,"Q301 in the QMX+ LCD interface, driving the LCD_LED backlight circuit."
q,6,BSS123,project,"QMX+ transceiver schematic, used as MOSFETs Q501, Q509, Q514, Q517, Q518, Q519 in TX and LPF stages."
r,2,BSS123,project,"QMX+ SMS power supply schematic, Q104, Q106, Q101, Q107, and Q110 controlling the 5V and 3.3V power paths."
r,3,BSS123,project,"Q203 in the QMX+ PTT control circuit, switching the PTT line to ground."
r,4,BSS123,project,"Q301 in the QMX+ LCD circuit, driving the LCD_LED backlight."
r,6,BSS123,project,"QMX+ Rev 1 schematic, used as MOSFETs Q501, Q509, Q514, Q510, Q511, Q517, Q518, Q519 in RF and bias circuits."
u,1,BSS123,project,"QMX+ power supply, Q101, Q104, Q106, Q107, and Q110, MOSFETs in the 5V and 3.3V switching circuits."
v,20,BSS123,reference,"SMD MOSFET listed for Q101, Q104, Q106, Q107, Q110, Q203, Q301, Q501, Q508, Q509, Q510, and Q511."
w,1,BSS123,project,"QMX power supply schematic; Q104, Q106, Q107, Q110, and Q111, MOSFETs in the 5V and 3.3V switching circuits."
w,2,BSS123,project,"Q203 in the QMX microcontroller section, connected to PTT and R205."
w,3,BSS123,project,"Q301 in the QMX LCD and controls board schematic, positioned beside R306 and R305."
w,5,BSS123,project,"QMX transmitter schematic, used as Q501, Q507, Q508, Q510, and Q511 in the PA and bias stages."
x,19,BSS123,reference,"QMX transceiver kit parts list, listed as Q101, Q104, Q106, Q107, Q110, Q203, Q301, Q501, Q508, Q509, Q510, and Q511."
y,19,BSS123,reference,"Listed as Q101, Q104, Q106, Q107, Q110, Q203, Q301, Q501, Q508-Q511 in the QMX kit."
z,1,BSS123,project,"QMX power supply schematic, transistors Q101, Q104, Q106, Q107, and Q110 in the 5V switching regulator and control logic."
z,2,BSS123,project,"Q203 in the QMX microcontroller section, connected to PTT_P and R208."
z,3,BSS123,project,"Q301 in the QMX LCD and controls board schematic, associated with R306 and R305."
z,5,BSS123,project,"QMX transmitter schematic, used as Q501, Q507, Q508, Q510, and Q511 in the PA and bias circuits."
k,4,BSS123LCD,project,"QMX+ front panel board, Q301 driving the LCD backlight LED."
l,4,BSS123LCD,project,"QMX+ front panel board, Q301 driving the LCD LED backlight circuit."
n,4,BSS123LCD,project,"Q301 in the QMX+ front panel board, driving the LCD LED backlight."
10,1,BSS84,project,"QMX power supply schematic, transistor Q102 is part of the 3.3V regulator enable circuitry."
10,2,BSS84,project,"Q202 and Q204 in the QMX microcontroller section, handling SWDIO, SWCLK, and PTT signals."
10,5,BSS84,project,"QMX transmitter schematic, used as MOSFET Q502 in the TX bias section."
11,1,BSS84,project,"QMX power supply schematic, used as Q102 in the 3.3V regulator enable circuit."
11,2,BSS84,project,"Q202 and Q204 in the QMX microcontroller section, handling SWDIO, SWCLK, and PTT signals."
11,5,BSS84,project,"QMX transmitter schematic, used as transistor Q502 in the TX BIAS circuit."
12,1,BSS84,project,"QMX power supply schematic, Q102 and Q111, MOSFETs in the 3.3V regulator output stage."
12,2,BSS84,project,"Q202 and Q204 in the QMX PTT and reset circuits, connected to R206 and R209."
12,5,BSS84,project,"QMX transceiver RF section, used as MOSFETs Q502 and Q504 in the bias and switching circuits."
2c,10,BSS84,reference,"QDX Digital Transceiver parts list, listed as Q1, SMD MOSFET."
2c,44,BSS84,project,"QDX Digital Transceiver schematic, used as transistor Q12 in the IF section near L17 and D11."
2c,81,BSS84,project,"Q1 of the QDX buck converter, the P-channel MOSFET switched on by the pseudo push-pull gate drive."
2e,1,BSS84,project,"QDX Digital Transceiver, MOSFETs Q1 and Q2 in the RF front-end and signal path."
2f,10,BSS84,reference,"QDX Digital Transceiver parts list, listed as SMD MOSFETs Q1, Q12."
2f,43,BSS84,project,"QDX Digital Transceiver schematic, MOSFET Q0 in the LPF section near L17 and the band selection logic."
2f,81,BSS84,project,"QDX Digital Transceiver gate drive circuit, identified as the P-channel MOSFET Q1 switched ON during the pull phase."
2g,10,BSS84,reference,"QDX Digital Transceiver parts list, listed as SMD MOSFETs Q1 and Q12."
2g,38,BSS84,project,QDX Digital Transceiver schematic; MOSFETs Q1 and Q2 in the RF front-end switching network.
2h,10,BSS84,reference,"QDX Digital Transceiver parts list, listed as SMD MOSFETs Q1 and Q12."
2h,36,BSS84,project,"QDX Digital Transceiver schematic, used as Q1 and Q2, MOSFETs in the RF front-end section."
2i,10,BSS84,reference,"QDX Digital Transceiver parts list, listed as SMD MOSFET Q1."
2i,35,BSS84,project,"QDX Digital Transceiver, used as Q1 in the RF front-end switching section near S23."
2m,10,BSS84,reference,"QDX Digital Transceiver parts list, listed as SMD MOSFET Q1."
2m,44,BSS84,project,"QDX Digital Transceiver, MOSFET Q1 in the RF front-end section near C4."
2n,1,BSS84,project,QDX Digital Transceiver schematic; MOSFETs Q1 and Q2 in the audio and digital interface section.
2o,1,BSS84,project,"QDX Digital Transceiver schematic; Q12 MOSFET in the I2S digital audio interface section, near R10."
2p,1,BSS84,project,QDX Digital Transceiver schematic; Q1 MOSFET in the RF front-end near Q2 and C4.
2q,1,BSS84,project,QDX Digital Transceiver schematic; identified as Q1 near C4 and Q2 in the digital control section.
2u,10,BSS84,reference,"QDX-M 5W Digital Transceiver parts list, listed as an SMD MOSFET for Q12."
2u,31,BSS84,project,"QDX-M transceiver PTT circuit, used as Q12 for transmit keying."
2v,1,BSS84,project,"QDX-M 5W Digital Transceiver control logic, used as Q12 near R42 and R5."
9z,30,BSS84,project,"FDIM 2019 TX/RX switch schematic, used as Q2 in the driver stage."
ac,1,BSS84,project,"QRP Labs SMPS step change schematic; MOSFET Q102 on Plug-in PCB #2, connected to the VDD rail and R102."
af,1,BSS84,project,"Q204 in the PTT modification circuit, positioned near R205 and PTT signal lines."
e,15,BSS84,reference,"QMX+ parts list, listed as 3 SMD MOSFETs Q102, Q204, and Q502."
g,15,BSS84,reference,"QMX+ parts list, listed as 3 SMD MOSFETs Q102, Q204, Q502."
k,2,BSS84,project,"QMX+ power supply, used as Q102 in the input stage near the 78M33 regulator."
k,3,BSS84,project,"Q204 in the QMX+ digital section, connected to AUX10 and R210."
k,6,BSS84,project,"QMX+ transmitter schematic, used as a MOSFET in the TX bias generation circuit."
l,2,BSS84,project,"QMX+ power supply, Q102, a MOSFET in the 5V regulator circuit near IC101."
l,3,BSS84,project,"Q204 in the QMX+ microcontroller and digital sections, connected to R210 and R208."
l,6,BSS84,project,"QMX+ transmitter schematic, used as a MOSFET in the TX bias control circuit."
m,16,BSS84,reference,"QMX+ parts list, listed as 3 SMD MOSFETs for Q102, Q204, Q502."
n,2,BSS84,project,"QMX+ SMS power supply, Q102, a MOSFET in the 3.3V regulator section near the 78M33."
n,3,BSS84,project,"Q204 in the QMX+ microcontroller section, connected to AUX10 and R210."
n,6,BSS84,project,"QMX+ transmitter schematic, used as transistor Q502 in the TX_BIAS generation circuit."
p,50,BSS84,project,"QMX+ PIN bias circuit, identified as Q1, the P-channel MOSFET for PIN bias."
p,56,BSS84,project,"QMX+ power supply, used as Q102 in the 3.3V buck converter stage."
q,2,BSS84,project,"QMX+ power supply schematic, Q102, a P-channel MOSFET in the main power switch path."
q,3,BSS84,project,"Q204 in the QMX+ schematic, connected to PTT and VDD near R210 and R208."
q,6,BSS84,project,"QMX+ transceiver schematic, used as MOSFETs Q502 and Q519 in TX_BIAS and LPF_5."
r,2,BSS84,project,"QMX+ SMS power supply schematic, Q102 and Q111 listed as alternative or paired devices in the 3.3V regulator section."
r,3,BSS84,project,"Q204 in the QMX+ PTT control circuit, switching the PTT line to ground."
r,6,BSS84,project,"QMX+ Rev 1 schematic, used as MOSFETs Q502 and Q519 in TX bias and LPF_5 stages."
u,1,BSS84,project,"QMX+ power supply, Q102, a MOSFET in the 3.3V regulator enable circuit."
v,20,BSS84,reference,"SMD MOSFET listed for Q102, Q202, Q204, and Q502 in the QMX parts list."
w,1,BSS84,project,"QMX power supply schematic; Q102, a MOSFET in the 3.3V linear regulator enable circuit."
w,2,BSS84,project,"Q204 in the QMX microcontroller section, connected to R208 and R210."
w,5,BSS84,project,"QMX transmitter schematic, used as Q502 in the TX bias circuit."
x,19,BSS84,reference,"QMX transceiver kit parts list, listed as Q102, Q202, Q204, and Q502 in the semiconductors section."
y,19,BSS84,reference,"Listed as Q102, Q202, Q204, Q502 in the QMX transceiver kit parts list."
z,1,BSS84,project,"QMX power supply schematic, transistor Q102, part of the 3.3V linear regulator enable or control circuit."
z,2,BSS84,project,"Q202 and Q204 in the QMX microcontroller section, near R206 and R209."
z,5,BSS84,project,"QMX transmitter schematic, used as Q502 in the TX bias circuit."
e,15,BSS84AK,reference,"QMX+ parts list, listed as Q202, a Nexperia brand MOSFET."
g,15,BSS84AK,reference,"QMX+ parts list, listed as Q202, a Nexperia brand SMD MOSFET."
k,3,BSS84AK,project,"Q202 in the QMX+ digital section, connected to SWDIO and R209."
l,3,BSS84AK,project,"Q202 in the QMX+ microcontroller and digital sections, connected to R209 and R219."
m,16,BSS84AK,reference,"QMX+ parts list, listed as Q202, a Nexperia brand MOSFET."
n,3,BSS84AK,project,"Q202 in the QMX+ microcontroller section, connected to SWDIO and R209."
q,3,BSS84AK,project,"Q202 in the QMX+ schematic, connected to SWDIO and SDA near R209 and R206."
r,3,BSS84AK,project,"Q202 in the QMX+ PTT control circuit, switching the PTT line to ground."
w,2,BSS84AK,project,"Q202 in the QMX microcontroller section, connected to SWDIO and R209."
a1,18,CA3240E,project,"QRP Labs VFO stability demo, shown in the schematic as a component in the oscillator or control circuit."
bk,1,CD4013BE,reference,"Listed in the QRP Labs Ultimate 3S transmitter parts list, appearing alongside other logic ICs."
14,70,CR2032,mention,"QMX+ real-time clock section, named as the optional coin cell battery that maintains the clock when powered down."
15,70,CR2032,mention,"QMX multi-band transceiver kit manual, named as the optional coin cell battery for the QMX+ hardware Real Time Clock."
16,72,CR2032,mention,"QMX operating manual, named as the optional coin cell battery that powers the QMX+ hardware Real Time Clock during power-down."
17,72,CR2032,mention,"QMX+ hardware Real Time Clock option, named as the coin cell battery that maintains the clock when powered down."
18,68,CR2032,mention,"QMX+ Real Time Clock section, named as the optional coin cell battery that maintains the clock when powered down."
19,67,CR2032,mention,"QMX+ Real Time Clock section, named as the optional coin cell battery that persists the clock during power down."
1a,68,CR2032,mention,"QMX+ real-time clock section, named as the optional coin cell battery that maintains the clock when powered down."
1b,67,CR2032,mention,"QMX multi-band transceiver kit manual, named as the optional coin cell battery that powers the hardware Real Time Clock on the QMX+."
1c,67,CR2032,mention,"QMX multi-band transceiver kit manual, mentioned as the optional coin cell battery that powers the Real Time Clock when the radio is off."
1d,67,CR2032,mention,"QMX multi-band transceiver kit manual, named as the optional coin cell battery that powers the Real Time Clock when the radio is off."
1e,54,CR2032,mention,"QMX+ Real Time Clock section, named as the optional coin cell battery that persists the clock through power cycles."
1f,54,CR2032,mention,"QMX multi-band transceiver kit manual, named as the optional coin cell battery that persists the Real Time Clock when powered down."
1g,49,CR2032,mention,"QMX multi-band transceiver kit manual, mentioned as an optional coin cell battery for the Real Time Clock."
1h,48,CR2032,mention,"QMX multi-band transceiver kit manual, named as the optional coin cell battery for the QMX+ hardware Real Time Clock."
1i,48,CR2032,project,"QMX multi-band transceiver kit, the coin cell battery that powers the hardware Real Time Clock when installed."
2,1,CR2032,project,"QMX+ transceiver Real Time Clock, powered by a common coin cell battery (not included) to maintain timekeeping."
3,1,CR2032,project,"QMX multi-band transceiver kit, the hardware Real Time Clock battery option selectable in system configuration."
5z,1,CR2032,mention,"QMX+ hardware Real Time Clock, listed in the 2024 changelog as an option for system configuration."
6t,1,CR2032,project,"QMX+ transceiver RTC backup battery, powering the Real Time Clock when main power is off."
9z,9,CR2032,project,"The QSX transceiver's realtime clock battery holder, listed among its hardware features."
e,2,CR2032,none,"Table of contents entry for section 2.19, 'Install CR2032 battery holder', in the QMX+ assembly manual."
e,3,CR2032,project,"QMX+ transceiver, powering the real-time clock; noted as not supplied with the kit."
e,16,CR2032,reference,"QMX+ assembly manual parts list, listed as a coin cell holder in the miscellaneous section."
e,18,CR2032,project,"QMX+ transceiver real time clock backup, installed in the coin cell socket to keep the clock running when powered down."
e,20,CR2032,reference,"QMX+ 160-6m transceiver assembly manual parts list, listed as a coin battery holder."
e,42,CR2032,project,"QMX+ transceiver assembly, the coin cell battery holder installed on the PCB with correct polarity orientation."
e,62,CR2032,mention,"QMX+ assembly guide, listed as the optional coin cell battery to power the E108 module for faster satellite lock."
g,2,CR2032,none,"Table of contents entry for section 2.20, listing the installation step for the battery holder."
g,3,CR2032,project,"QMX+ transceiver, listed as the battery for the real-time clock, noted as not supplied."
g,16,CR2032,reference,"QMX+ assembly manual parts list, listed as a coin cell holder in the miscellaneous section."
g,18,CR2032,project,"The optional coin cell battery backing up the QMX+ real time clock, described for user installation."
g,20,CR2032,reference,"QMX+ transceiver assembly manual, listed as coin battery holder."
g,44,CR2032,project,"QMX+ transceiver assembly, the coin cell battery holder installed on the PCB with specific orientation for polarity."
g,64,CR2032,mention,"QMX+ assembly manual, optional coin cell battery to power the E108 module for faster satellite lock."
i,71,CR2032,mention,"QMX+ transceiver manual, named as the optional coin cell battery that powers the hardware Real Time Clock during power-down."
j,11,CR2032,mention,"QMX+ transceiver manual, named as the battery backup source for the real time clock."
k,4,CR2032,project,"QMX+ front panel board, battery symbol providing VBAT."
l,4,CR2032,project,"QMX+ front panel board, battery symbol providing VBAT power to the board."
m,2,CR2032,none,"Listed in the table of contents as section 2.21, 'Install CR2032 battery holder', not a component on this page."
m,3,CR2032,project,"The QMX+ transceiver, listed as the battery for the real-time clock, noted as not supplied."
m,17,CR2032,reference,"QMX+ assembly manual miscellaneous parts list, listed as a coin cell holder socket."
m,18,CR2032,reference,"QMX+ assembly manual, listed as the optional coin cell battery backing up the real time clock."
m,20,CR2032,reference,"QMX+ assembly manual parts list, listed as coin battery holder."
m,47,CR2032,project,"The QMX+ transceiver assembly, specifically the SMD battery holder installation step requiring correct orientation."
m,67,CR2032,mention,"QMX+ assembly guide, offered as an optional power source for the E108 module to retain satellite ephemeris."
n,4,CR2032,project,"Battery in the QMX+ front panel board, providing VBAT for the LCD."
q,4,CR2032,project,"Battery symbol in the QMX+ schematic, connected to VBAT for the LCD and buttons."
r,4,CR2032,project,"The battery in the QMX+ LCD circuit, connected to VBAT and R304."
s,1,CR2032,project,"QMX+ transceiver schematic, labelled P203 near JP11 and JP218."
5d,1,DS3231,project,"QRP Labs Arduino Shield real-time clock, connected via the I2C bus."
6v,1,DS3231,project,"QRP Labs Arduino Shield, connected via I2C bus as a TXCO real time clock."
87,1,DS3231,project,"The G3ZIL Arduino Uno transceiver shield, serving as the Time Clock in the system block diagram."
ao,1,EL87,none,"Grid locator for station AC40W in the WSJT-X decode log, not a component."
aq,1,EL88,none,"Text overlay on the W4LAS QCX builder's photo, not a component reference in a circuit."
ao,1,EL96,none,"Grid locator for station WB2TQE in the WSJT-X decode log, not a component."
4c,1,EL98,none,"Grid square identifier for a station in the WSJT-X decode list, not a component."
b9,1,EL98,project,"The power tube in the Ultimate3 QRSS/WSPR transmitter, shown in the builder's final assembly photo."
4c,1,EM38,none,"Grid square identifier for a station in the WSJT-X decode list, not a component."
5a,1,EM406A,reference,"Listed in the Ultimate2 GPS receiver compatibility table as a built-in option from Sparkfun, requiring 3.3V supply and specific baud settings."
6u,1,EM406A,reference,Listed in the Ultimate2 GPS module table as a compatible built-in option from Sparkfun or Expansys.
4c,1,EM73,none,"Grid square identifier for a station in the WSJT-X decode list, not a component."
4c,1,EM74,none,"Grid square identifier for a station in the WSJT-X decode list, not a component."
a8,1,EM75,none,"Grid square identifier in the QMX+ Transceiver message log, not a component."
1r,10,HD44780,reference,"QCX-mini parts list, listed as the 1602 LCD display with yellow/green back-light."
1r,96,HD44780,project,"The QCX-mini transceiver's display, described as an HD44780-compatible 16x2 LCD module operated in 4-bit mode."
1s,10,HD44780,reference,Listed as the 1602 LCD display component in the QCX-mini kit parts list.
1s,97,HD44780,project,"The QCX-mini transceiver's 16x2 character LCD module, operated in 4-bit mode using six I/O pins."
1u,10,HD44780,reference,Listed as the 1602 LCD display component in the QCX-mini kit parts list.
1u,109,HD44780,project,"The QCX-mini transceiver's display, described as an HD44780-compatible 16x2 LCD module operated in 4-bit mode."
1v,1,HD44780,project,"QCX-mini transceiver LCD display module, labelled SW1 with pins for data and control."
1x,10,HD44780,reference,Listed in the QCX+ parts list as the 1602 LCD with blue backlight.
1x,114,HD44780,project,"The QCX+ 5W CW transceiver kit, where it is the 16x2 character LCD module operated in 4-bit mode."
1z,10,HD44780,reference,"QCX+ 5W CW transceiver kit parts list, listed as the 1602 LCD with blue backlight."
1z,115,HD44780,project,"The QCX+ transceiver's 16x2 character display, operated in 4-bit mode using 6 I/O pins."
20,115,HD44780,project,"The QCX+ 5W CW transceiver kit, where it specifies the compatible LCD module used for the 16x2 character display."
21,161,HD44780,project,"The QCX+ 5W CW transceiver kit, where it is the 16x2 character LCD module operated in 4-bit mode."
22,11,HD44780,reference,"QCX+ 5W CW transceiver kit parts list, listed as the 160x13cm2 LCD with blue backlight."
23,42,HD44780,project,"The LCD module of the QCX+ transceiver, described as a 16-character, 2-line display connected to the front panel PCB."
25,179,HD44780,project,"The QCX+ transceiver's 16x2 character LCD display module, operated in 4-bit mode on the front panel."
27,1,HD44780,project,"The display controller in the QCX+ LCD interface, labelled 'HD44780 LCD 1602' with data and control lines."
28,2,HD44780,project,"The display controller in the QCX+ 5W CW transceiver kit, connected to the 1602 LCD and rotary encoder."
36,17,HD44780,project,"The QLG2 GPS receiver kit's LCD interface, specifying the 16x2 alphanumeric display module must be HD44780 compatible."
3n,3,HD44780,reference,"Si5351A VFO/SigGen kit parts list, specified as the compatible type for the 16x2 LCD display."
3o,10,HD44780,mention,"Si5351A VFO/SigGen manual, named as a compatible display type for the optional 4-row LCD upgrade."
3p,11,HD44780,mention,"Si5351A VFO/SigGen manual, named as a compatible display type for the optional 4-row LCD upgrade."
3u,8,HD44780,mention,"Si5351A VFO/SigGen manual, named as a compatible display type for the optional 4-row LCD upgrade."
3v,9,HD44780,mention,"Si5351A VFO/SigGen manual, named as a compatible display type for the optional 4-row LCD upgrade."
3w,7,HD44780,mention,Si5351A VFO/SigGen LCD section; named as a compatible alternative to the supplied 2-row display.
3x,8,HD44780,mention,"Si5351A VFO/SigGen manual, named as a compatible display type for the optional 4-row LCD upgrade."
4j,2,HD44780,reference,Named as the compatible type for the 16-column x 2-row LCD in the Clock kit parts list.
4k,10,HD44780,mention,"QRP Labs clock kit manual, noted as lacking the bell icon in its Windows font for alarm display."
4l,2,HD44780,project,"QRP Labs Clock kit parts list, specified as the 16-column x 2-row LCD display with blue LED backlight."
4m,2,HD44780,mention,The Clock kit's 16x2 LCD is described as HD44780-compatible in the miscellaneous parts list.
4n,10,HD44780,mention,"QRP Labs Clock kit manual, named as the display font lacking a bell icon for alarm status."
6o,1,HD44780,project,Identified as the standard 16x2 LCD display used in Ton PA1PXL's customized Ultimate3 enclosure.
72,7,HD44780,reference,"QCX 5W CW transceiver kit parts list, listed as the 16x2 LCD with blue backlight."
72,129,HD44780,project,"The QCX 5W CW transceiver kit's display, specified as an HD44780-compatible 16x2 module operated in 4-bit mode."
73,9,HD44780,reference,"QCX 5W CW transceiver kit parts list, listed as the 16x2 LCD with blue backlight."
73,126,HD44780,project,"The QCX 5W CW transceiver kit's display, specified as an HD44780-compatible 16x2 module operated in 4-bit mode."
74,9,HD44780,reference,"QCX 5W CW transceiver kit parts list, listed as the 16x2 LCD with blue backlight."
74,120,HD44780,project,"The QCX 5W CW transceiver kit's display, specified as an HD44780-compatible 16x2 module operated in 4-bit mode."
75,9,HD44780,reference,"QCX 5W CW transceiver kit parts list, listed as the 16x2 LCD with blue backlight."
75,121,HD44780,project,"The QCX transceiver's display, specified as an HD44780-compatible 16x2 module operated in 4-bit mode."
76,8,HD44780,reference,"QCX 5W CW transceiver kit parts list, listed as the 16x2 LCD display."
76,120,HD44780,project,"The QCX 5W CW transceiver kit's display, specified as an HD44780-compatible 16x2 module operated in 4-bit mode."
77,9,HD44780,reference,"QCX 5W CW transceiver kit parts list, listed as the 16x2 LCD display."
77,132,HD44780,project,"The QCX 5W CW transceiver kit, specifying the compatible 16x2 character LCD module used for display."
79,8,HD44780,reference,"QCX 5W CW transceiver kit parts list, listed as the 16x2 LCD with blue backlight."
79,120,HD44780,project,"The QCX 5W CW transceiver kit's display, described as an HD44780-compatible 16x2 module operated in 4-bit mode."
7a,8,HD44780,reference,"QCX 5W CW transceiver kit parts list, listed as the 16x2 LCD with blue backlight."
7a,120,HD44780,project,"QCX 5W CW transceiver kit, the 16x2 LCD module operated in 4-bit mode with contrast set by R47."
7b,8,HD44780,reference,"QCX 5W CW transceiver kit parts list, listed as the 16x2 LCD display."
7b,117,HD44780,project,"The QCX 5W CW transceiver kit's display module, specified as HD44780-compatible with 2 lines of 16 characters."
7c,7,HD44780,reference,"QCX 5W CW transceiver kit parts list, listed as the 16x2 LCD display with blue backlight."
7c,117,HD44780,project,"The QCX 5W CW transceiver's display, specified as an HD44780-compatible 16x2 module operated in 4-bit mode."
7d,7,HD44780,reference,"QCX 5W CW transceiver kit parts list, listed as the 16x2 LCD with blue backlight."
7d,117,HD44780,project,"The QCX transceiver display, specified as an HD44780-compatible 16x2 module operated in 4-bit mode."
7e,7,HD44780,reference,"QCX 5W CW transceiver kit parts list, listed as the 16x2 LCD display with blue backlight."
7e,116,HD44780,project,"The QCX 5W CW transceiver kit's display, specified as an HD44780-compatible 2x16 character LCD module."
7i,1,HD44780,project,"QCX 5W CW transceiver, used as the LCD display connected to the microcontroller interface."
7j,1,HD44780,project,"QCX 5W CW transceiver kit, the 1602 LCD display connected to the ATmega328P microcontroller."
80,5,HD44780,mention,QRSS Beacon Kit instructions; explicitly stated as incompatible with the Hitachi HD44780 LCD.
8e,10,HD44780,reference,Listed in the QCX-mini parts list as the 1602 LCD with yellow/green back-light.
8e,96,HD44780,project,"The QCX-mini transceiver's display, described as an HD44780-compatible 16x2 module operated in 4-bit mode."
8f,10,HD44780,reference,"QCX-mini 5W CW transceiver kit parts list, listed as the 1602 LCD display with yellow/green back-light."
8f,97,HD44780,project,"The QCX-mini transceiver's 16x2 character display, operated in 4-bit mode to minimize I/O pins."
8h,10,HD44780,reference,"QCX-mini parts list, listed as the 1602 LCD with yellow/green backlight."
8h,109,HD44780,project,"The QCX-mini transceiver's display, specified as an HD44780-compatible 16x2 module operated in 4-bit mode."
8i,1,HD44780,project,"QCX-mini 5W CW transceiver kit, the 1602 character LCD display module connected to the microcontroller."
8r,3,HD44780,reference,"Ultimate3S parts list, listed as the 16-column x 2-row LCD display with blue LED backlight."
8s,4,HD44780,reference,"Ultimate3S parts list, cited as the compatibility standard for the 16x2 LCD display."
8t,3,HD44780,reference,"Ultimate3S kit parts list, listed as the 16-column x 2-row LCD display in the miscellaneous section."
8y,3,HD44780,reference,"Ultimate3S parts list, listed as the 16-column x 2-row LCD with blue LED backlight."
8z,3,HD44780,project,"Ultimate3S kit, the 16x2 LCD display specified as HD44780-compatible with blue LED backlight."
90,3,HD44780,project,"Ultimate3S kit, listed as the 16-column x 2-row LCD display with blue LED backlight."
91,4,HD44780,project,"Ultimate3S kit, the compatible 16x2 LCD display module with blue backlight."
92,5,HD44780,reference,Named as the compatible type for the 16x2 LCD display in the Ultimate3S kit miscellaneous components list.
93,4,HD44780,reference,Named as the equivalent type for the 16x2 character LCD in the Ultimate3S miscellaneous parts list.
94,4,HD44780,reference,"Ultimate 3S kit parts list, specified as the equivalent type for the 16x2 character LCD display."
95,2,HD44780,reference,Described as the 16-column x 2-row LCD with blue LED backlight in the Clock kit parts list.
96,10,HD44780,mention,QRP Labs Clock kit manual; noted as lacking the bell icon in its Windows font.
97,2,HD44780,project,"QRP Labs Clock kit, listed as the 16-column x 2-row LCD display compatible with the HD44780 standard."
98,2,HD44780,reference,"QRP Labs Clock kit parts list, specified as the 16-column x 2-row LCD display type."
99,10,HD44780,mention,"QRP Labs Clock kit manual, named as the display font lacking a bell icon for alarm status."
9a,3,HD44780,reference,"Si5351A VFO/SigGen parts list, specified as the 16-column x 2-row LCD with blue LED backlight."
9b,10,HD44780,mention,"Si5351A VFO/SigGen manual, named as the compatible standard for larger 4-row LCD displays the user may connect."
9c,11,HD44780,mention,"Si5351A VFO/SigGen manual, named as a compatible display type for the optional 4-row LCD upgrade."
9f,8,HD44780,mention,"Si5351A VFO/SigGen manual, named as a compatible display type for the optional 4-row LCD upgrade."
9g,9,HD44780,mention,"Si5351A VFO/SigGen manual, named as a compatible display type for the optional 4-row LCD upgrade."
9h,7,HD44780,mention,Si5351A VFO/SigGen display options; offered as a compatible 4-row alternative to the supplied 2-row LCD.
9i,8,HD44780,mention,"Si5351A VFO/SigGen manual, named as a compatible display type for the optional 4-row LCD upgrade."
9k,17,HD44780,project,"The QLG2 GPS receiver kit LCD interface, specifying the 16x2 alphanumeric display module must be HD44780 compatible."
9n,10,HD44780,reference,Listed in the QCX+ parts list as the 1602 LCD with blue backlight.
9n,114,HD44780,project,"The QCX+ 5W CW transceiver kit, where it specifies the compatible 16x2 character LCD module used for display."
9o,10,HD44780,reference,"QCX+ 5W CW transceiver kit parts list, listed as the 1602 LCD with blue backlight."
9o,115,HD44780,project,"The QCX+ 5W CW transceiver kit, where it specifies the 16x2 character LCD module used on the front panel."
9p,115,HD44780,project,"The QCX+ 5W CW transceiver kit, specifying the 16x2 character LCD module operated in 4-bit mode."
9q,161,HD44780,project,"The QCX+ 5W CW transceiver kit, specifying the 16x2 LCD module type used on the front panel."
9r,11,HD44780,reference,Listed in the QCX+ parts list as the 160x13cm2 LCD with blue backlight.
9s,42,HD44780,project,"The QCX+ transceiver's LCD module, described as a 16-character, 2-line display connected to the front panel PCB."
9u,179,HD44780,project,"The QCX+ transceiver's 16x2 character LCD module, operated in 4-bit mode on the front panel."
9w,1,HD44780,project,"The LCD display module in the QCX+ transceiver, connected to the microcontroller via data and control lines."
9x,2,HD44780,project,"The display controller in the QCX+ transceiver, connected to the 1602 LCD and rotary encoder inputs."
a2,30,HD44780,mention,"The controller standard for the 1602 LCD modules used in the QCX transceiver kit, named as the ubiquitous interface standard."
aj,1,HD44780,project,"QCX transceiver schematic, identified as the 1602 LCD display connected to the microcontroller."
ak,1,HD44780,project,"QRP Labs QCX schematic, the 1602 LCD display connected to the microcontroller."
as,3,HD44780,reference,Named in the miscellaneous section as the compatible type for the 16x2 LCD with blue LED backlight.
at,4,HD44780,reference,"Ultimate3S parts list, specified as the compatibility standard for the 16x2 LCD screen."
au,3,HD44780,reference,Named as the compatible type for the 16-column x 2-row LCD with blue LED backlight in the miscellaneous section.
av,3,HD44780,reference,"Ultimate3S parts list, listed as the compatible type for the 16x2 LCD display."
aw,3,HD44780,reference,"Ultimate3S kit parts list, the 16-column x 2-row LCD display, specified as HD44780-compatible."
ax,3,HD44780,project,"Ultimate3S kit, the 16-column x 2-row LCD display, specified as HD44780-compatible with blue LED backlight."
ay,4,HD44780,project,"Ultimate3S kit, the compatible 16x2 LCD display module with blue backlight."
az,5,HD44780,reference,Named as the compatible type for the 16x2 LCD display in the Ultimate3S kit miscellaneous parts list.
b0,4,HD44780,project,"Ultimate3S kit parts list, identified as the equivalent type for the 16x2 character LCD display."
b1,4,HD44780,reference,Named as the equivalent type for the 16x2 character LCD display in the Ultimate 3S parts list.
b2,3,HD44780,project,"Ultimate-3 kit, listed as the compatible type for the 16-column x 2-row LCD display."
b3,8,HD44780,reference,"Ultimate3 kit parts list, specifying the 2-line 16-character LCD display as compatible with HD44780."
b4,3,HD44780,project,"Ultimate-3 QRSS kit, listed as the compatible type for the 16x2 LCD display."
b5,3,HD44780,project,"Ultimate3 kit, listed as the compatible type for the 16-column x 2-row LCD display."
e,16,HD44780,reference,"QMX+ assembly manual parts list, listed as the 1602 LCD module in the miscellaneous section."
g,16,HD44780,reference,"QMX+ assembly manual parts list, listed as the 1602 LCD module in the miscellaneous section."
k,4,HD44780,project,"QMX+ front panel board, 1602 character LCD display."
l,4,HD44780,project,"QMX+ front panel board, the 1602 LCD display module connected to the microcontroller."
m,17,HD44780,reference,"QMX+ assembly manual miscellaneous parts list, listed as the 1602 LCD module."
n,4,HD44780,project,"LCD display in the QMX+ front panel board, connected to microcontroller signals."
o,4,HD44780,mention,"Controller IC for the 16x2 blue backlit displays in the Ultimate3 kit, replacing the previous 24x1 LCD."
o,18,HD44780,project,"The 16x2 LCD display in the QCX-mini, noted for being dated but ideal for portability."
q,4,HD44780,project,"LCD controller in the QMX+ display section, labelled 'LCD 1602' with data and control lines."
r,4,HD44780,project,"The LCD controller in the QMX+ display circuit, labelled LCD 1602."
v,20,HD44780,reference,LCD module listed in the Miscellaneous section of the QMX parts list.
x,19,HD44780,reference,"QMX transceiver kit parts list, listed as the 1602 LCD module in the miscellaneous section."
y,19,HD44780,reference,Listed as the 1602 LCD module in the QMX transceiver kit parts list.
2w,4,IRF510,project,"The 50W QCX Power Amplifier, used as the push-pull power amplifier transistors."
2w,6,IRF510,reference,"Listed as Q1, 2, TO220 MOSFETs, in the 50W QCX PA kit parts list."
2w,9,IRF510,reference,Listed as a transistor in the 50W QCX PA kit assembly parts list.
2w,35,IRF510,project,"The PA transistors Q1 and Q2 in the 50W QCX PA kit, installed on the underside of the PCB."
2w,36,IRF510,project,"The PA transistor in the 50W QCX PA kit, mounted to heatsinks and checked for tab-to-heatsink shorts."
2w,37,IRF510,project,"50W QCX PA kit, the power transistors that must be bolted to the enclosure before soldering to the PCB."
2w,38,IRF510,project,"The power transistors of the 50W QCX PA kit, bolted to the heatsink and bent for installation."
2w,39,IRF510,project,"Power transistors in the 50W QCX PA kit, shown being threaded through PCB holes before soldering."
2w,40,IRF510,project,"The 50W QCX PA kit power transistors, whose drain-connected tabs require plastic insulating washers to prevent RF shorts."
2w,43,IRF510,project,"50W QCX PA kit assembly, listed as Q1 and Q2, the driver stage MOSFETs."
2w,44,IRF510,project,"The 50W QCX PA kit, forming the push-pull power amplifier stage with two MOSFETs."
2w,45,IRF510,mention,"50W QCX PA kit, cited in text to illustrate gate-source threshold voltage variation."
2w,46,IRF510,mention,"50W QCX PA kit, named as the transistor type whose batch consistency allows a single bias trimmer for Class-C operation."
2w,47,IRF510,technique,"50W QCX PA kit, cited for its drain current ratings when discussing output transformer impedance trade-offs."
2w,50,IRF510,technique,"In the 50W Amp for QCX, identified as the transistor type for which the 2:3 turns ratio is optimum in the power amplifier."
2w,51,IRF510,technique,"The power transistors in the 50W Amp for QCX, analyzed for heat dissipation and junction temperature limits."
2w,52,IRF510,mention,"Named in the 50W Amp for QCX article as a low-cost power transistor, not used in the filter circuit described."
2w,64,IRF510,project,50W QCX PA kit assembly; check for short-circuits between its metal tab and ground before applying power.
2w,66,IRF510,mention,50W QCX PA kit assembly manual; named as the transistors that fail if operated above 50W output.
2x,4,IRF510,project,"The 50W QCX Power Amplifier, used as the push-pull power amplifier transistors."
2x,6,IRF510,reference,"Listed as Q1, 2, TO220 MOSFETs, in the 50W QCX Power Amplifier parts list."
2x,9,IRF510,reference,Listed as a transistor in the 50W QCX PA kit assembly parts list.
2x,34,IRF510,project,"The PA transistors Q1 and Q2 in the 50W QCX PA kit, installed on the PCB underside."
2x,35,IRF510,project,"The PA transistor in the 50W QCX PA kit, mounted to heatsinks and checked for continuity."
2x,36,IRF510,project,"Power transistors in the 50W QCX PA kit, which must be bolted to the enclosure before soldering to the PCB."
2x,37,IRF510,project,"The 50W QCX PA kit, where the IRF510s are bolted to the heatsink and their pins bent upward."
2x,38,IRF510,project,"Power transistors in the 50W QCX PA kit, shown being inserted through PCB holes before soldering."
2x,39,IRF510,project,"50W QCX PA kit, the power amplifier transistors whose tabs are RF-hot and require insulated mounting screws."
2x,42,IRF510,project,"QRP Labs 50W QCX PA kit, Q1 and Q2, MOSFETs in the driver stage."
2x,43,IRF510,project,The two push-pull power MOSFETs in the QRP Labs 50W QCX PA kit power amplifier stage.
2x,44,IRF510,mention,"QRP Labs 50W QCX PA kit, cited as an example for gate-source threshold voltage variation."
2x,45,IRF510,technique,"The power transistors of the 50W QCX PA kit, discussed regarding bias adjustment and Class-C operation."
2x,46,IRF510,mention,Cited in the 50W QCX PA kit assembly notes for its rated drain current limits.
2x,49,IRF510,technique,"In the 50W QCX PA design notes, cited as the transistor type for which the 2:3 turns ratio is optimum."
2x,50,IRF510,technique,"The output transistors of the 50W QCX power amplifier, analyzed for thermal dissipation and junction temperature limits."
2x,51,IRF510,mention,"The 50W QCX power amplifier output transistors, noted as low cost to replace if overheated by long keying."
2x,63,IRF510,project,"In the 50W QCX PA kit assembly notes, the IRF510 metal tab is checked for shorts to ground before power is applied."
2x,65,IRF510,project,"The 50W QCX PA kit, where the text warns that exceeding 50W output causes failure of these transistors."
39,5,IRF510,reference,"Listed as Q207 and Q208 in the QRP Labs 10W HF Linear PA parts list, with two pieces required."
39,6,IRF510,reference,"QRP Labs 10W HF Linear PA kit parts list, listed as 2pcs IRF510."
39,9,IRF510,project,"In the 10W HF Linear PA schematic, labelled as Q207 and Q208 in the output stage."
39,21,IRF510,project,"The power amplifier transistors Q207 and Q208 in the 10W HF Linear PA kit, installed on the board bottom."
39,24,IRF510,project,"10W HF Linear PA kit assembly, the power transistors being insulated from the grounded heatsink with washers and pads."
39,25,IRF510,project,"10W HF Linear PA kit, checking for short-circuits between its metal tab and the heatsink or ground before power-up."
39,26,IRF510,project,"The final PA transistors of the 10W HF Linear PA, whose bias currents are set by trimmer resistors."
3a,5,IRF510,reference,Listed as Q207 and 208 in the 10W HF Linear PA assembly parts list.
3a,6,IRF510,reference,Listed as two components in the 10W HF Linear PA assembly parts list.
3a,9,IRF510,project,"The 10W HF Linear PA schematic, used for Q207 and Q208 in the output stage."
3a,28,IRF510,project,"The power amplifier transistors Q207 and Q208 in the 10W HF Linear PA kit, installed on the board bottom."
3a,29,IRF510,project,"10W HF Linear PA kit, the power transistors mounted on the heatsink by one nut each."
3a,31,IRF510,project,"10W HF Linear PA kit assembly, the power transistors being insulated from the grounded heatsink with washers and pads."
3a,32,IRF510,project,"10W HF Linear PA kit, checking for short-circuits between its metal tab and the heatsink or ground before power-up."
3a,33,IRF510,project,"The final PA transistors of the 10W HF Linear PA, whose bias currents are set by trimmer resistors."
3b,7,IRF510,reference,"10W HF Linear PA parts list, listed as Q207 and Q208."
3b,8,IRF510,reference,Listed as two components in the 10W HF Linear PA assembly parts list.
3b,12,IRF510,project,"The 10W HF Linear PA schematic, labelled Q207 and Q208 in the final output stage."
3b,35,IRF510,project,"The power amplifier MOSFETs for the 10W HF Linear PA, installed as Q207 and Q208 on the board's underside."
3b,36,IRF510,project,"10W HF Linear PA assembly, identified as power transistors mounted on the heatsink."
3b,38,IRF510,project,"The 10W HF Linear PA assembly, where these transistors are mounted to the heatsink with insulating washers."
3b,39,IRF510,project,"The 10W HF Linear PA assembly, where the text warns to check for shorts between the IRF510 flanges and the heatsink."
3b,40,IRF510,project,"The 10W HF Linear PA, identified as the PA transistors whose bias current is set by two trimmer resistors."
3c,6,IRF510,reference,"Parts list for the 10W HF Linear PA kit, listed as Q207 and Q208."
3c,7,IRF510,reference,"Listed in the 10W HF Linear PA kit parts list, shown with IRFU9024 and 100K trimmer."
3c,10,IRF510,project,"The 10W HF Linear PA kit, identified as Q207 in the power output stage near C211 and T203."
3c,31,IRF510,project,"The power amplifier MOSFETs (Q207 and Q208) in the 10W HF Linear PA kit, installed on the board's base side."
3c,33,IRF510,project,"The 10W HF Linear PA kit assembly, identified as the power transistors mounted on the heatsink."
3c,35,IRF510,project,"The power transistor of the 10W HF Linear PA, mounted on the heatsink with plastic washers and TO220 insulating pads."
3c,36,IRF510,project,"In the 10W HF Linear PA assembly, the IRF510's metal tab is checked for shorts to the heatsink and ground."
3c,37,IRF510,project,"The 10W HF Linear PA kit's final PA transistors, whose bias currents are set by adjustable resistors."
3d,1,IRF510,project,"The 10W HF Linear PA power transistor, shown mounted to the heatsink with insulating washers and silicone."
4v,1,IRF510,project,"The QRP Labs 5W HF PA kit, serving as the single amplification device for the power amplifier."
4v,2,IRF510,project,MOSFET Q7 in the QRP Labs 5W HF PA kit output stage.
4v,3,IRF510,reference,"QRP Labs 5W HF PA kit parts list, listed as Q7 N-channel power MOSFET."
4v,7,IRF510,project,"The chosen amplification device for the 5W HF PA kit's power amplifier section, noted for high gate capacitance."
4v,8,IRF510,project,"The power amplifier transistor in the 5W HF PA kit, receiving RF via a 1uF capacitor and DC bias from R1."
4v,10,IRF510,project,"The 5W HF PA kit power modulator section, where the modulator controls the supply voltage to the IRF510 PA stage."
4v,15,IRF510,project,"The 5W HF PA kit's final stage transistor, where the leakage gate circuit attenuates input signal to prevent RF leakage when off."
4v,16,IRF510,project,"The power transistor in the 5W HF PA kit, receiving RF from the BS170 gate switch."
4v,19,IRF510,reference,Listed with an M3 nut & bolt in the 5W HF PA kit inventory parts list.
4v,30,IRF510,project,"The 5W HF PA kit final stage transistor, Q7, mounted on the large gap side of the heatsink."
4v,31,IRF510,project,"5W HF PA kit, Q7 final PA transistor mounted on the wide side of the heatsink."
4v,33,IRF510,project,"The 5W HF PA kit's supplied HF transistor, noted here as having low gain for VHF bands."
4v,34,IRF510,project,"The final PA transistor Q7 in the 5W HF PA kit, whose gate bias is adjusted via R1."
4v,35,IRF510,technique,"In the 5W HF PA kit bias adjustment section, noted for lower gain at 28MHz."
4v,37,IRF510,project,"The 5W HF PA kit, identified as the final PA transistor operating at roughly 50% efficiency."
4v,38,IRF510,technique,"5W HF PA kit, Q7 PA transistor; page notes it may be damaged during high-power experiments and its gate drive is attenuated by the leakage gate."
4v,39,IRF510,mention,"5W HF PA kit, named in section 5.5.7 as having large gate capacitance requiring significant drive at high frequencies."
4v,40,IRF510,mention,Identified as the PA kit transistor whose bias voltage was adjusted during the power measurements.
4w,1,IRF510,project,"The QRP Labs 5W HF PA kit, serving as the single amplification device for the power amplifier."
4w,2,IRF510,project,"QRP Labs 5W HF PA kit, used as transistor Q7 in the RF output stage."
4w,3,IRF510,reference,"QRP Labs 5W HF PA kit parts list, listed as Q7 N-channel power MOSFET."
4w,7,IRF510,project,"The 5W HF PA kit's power amplifier stage, chosen for its robustness and TO220 package despite high gate capacitance."
4w,8,IRF510,project,"The power amplifier transistor in the 5W HF PA kit, receiving RF via a 1uF capacitor and DC bias from R1."
4w,10,IRF510,project,"The 5W HF PA kit's power amplifier stage, whose supply voltage is controlled by the power modulator."
4w,15,IRF510,project,"The 5W HF PA kit's final amplifier stage, where the leakage gate attenuates RF input to prevent signal leakage when off."
4w,16,IRF510,project,"5W HF PA kit, the power amplifier stage receiving RF from the BS170 gate switch."
4w,19,IRF510,reference,Listed in the 5W HF PA kit inventory with an M3 nut and bolt.
4w,30,IRF510,project,"The 5W HF PA kit, identified as Q7 in the final stage, mounted on the large-gap side of the heatsink."
4w,31,IRF510,project,"5W HF PA kit assembly, identified as Q7 final PA transistor on the wide heatsink side, with a recommended 10-ohm gate resistor modification."
4w,33,IRF510,project,"The 5W HF PA kit's supplied transistor, noted as having low gain on VHF bands compared to the RD15HVF1 substitute."
4w,34,IRF510,project,"The final PA transistor Q7 in the 5W HF PA kit, whose gate bias is adjusted by R1."
4w,35,IRF510,technique,"The 5W HF PA kit's power amplifier transistor, noted for reduced gain at 28MHz."
4w,37,IRF510,project,"The 5W HF PA kit, identified as the final PA transistor operating at approximately 50% efficiency."
4w,38,IRF510,project,"The PA transistor (Q7) in the 5W HF PA kit, noted as a component likely to fail during high-power experiments."
4w,39,IRF510,project,"The 5W HF PA kit's output transistor, noted for its gate threshold voltage in drive calculations."
4w,40,IRF510,mention,"5W HF PA kit measurement setup, identified as the PA transistor whose bias voltage was adjusted during testing."
4x,1,IRF510,project,"The amplification device in the QRP Labs 5W HF PA kit, identified as a single inexpensive MOSFET."
4x,2,IRF510,project,"The 5W HF PA kit circuit, labelled as Q7 in the output stage."
4x,3,IRF510,reference,"Listed as Q7, an N-channel power MOSFET in a TO220 package for the simplified build."
4x,4,IRF510,project,"The QRP Labs 5W HF PA kit, the chosen amplification device receiving RF input via a 1uF capacitor."
4x,7,IRF510,reference,"Listed in the 5W HF PA kit simplified build parts inventory, shown with an M3 nut & bolt."
4x,13,IRF510,project,"The 5W HF PA kit final transistor (Q7), shown being mounted to the heatsink with insulating pads."
4x,14,IRF510,project,"The 5W HF PA kit, identified as Q7, the final PA transistor mounted on the heatsink."
4x,16,IRF510,project,"The supplied transistor for the 5W HF PA kit, noted here as having low gain for VHF operation."
4x,17,IRF510,project,"The final PA transistor Q7 in the 5W HF PA kit, whose gate bias is adjusted by R1."
4x,18,IRF510,project,"The final PA transistor in the 5W HF PA kit, discussed for gain at 28MHz and heat dissipation."
4y,1,IRF510,project,"The amplification device in the 5W HF PA kit, used for CW or FSK modes."
4y,2,IRF510,project,"The 5W HF PA kit circuit, labelled as Q7 in the output stage near R20."
4y,3,IRF510,reference,"Listed as Q7, an N-channel power MOSFET in a TO220 package for the 5W HF PA kit."
4y,4,IRF510,technique,"QRP Labs 5W HF PA kit; the chosen amplification MOSFET, coupled to the gate via a 1uF capacitor."
4y,7,IRF510,reference,"Listed in the 5W HF PA kit parts list, shown with M3 nut & bolt."
4y,13,IRF510,project,"The 5W HF PA kit, where it serves as the final transistor Q7 mounted on the heatsink."
4y,14,IRF510,project,"The final PA transistor (Q7) in the 5W HF PA kit, shown for heatsink placement and gate resistor modification."
4y,16,IRF510,project,"The default transistor in the 5W HF PA kit, noted as having low gain for VHF bands."
4y,17,IRF510,project,"The final PA transistor Q7 in the 5W HF PA kit, whose gate bias is adjusted by R1."
4y,18,IRF510,project,"The final PA transistor in the 5W HF PA kit, noted for lower gain at 28MHz and ~50% efficiency."
4z,1,IRF510,project,The single MOSFET amplifier device in the 5W HF PA kit for CW or FSK modes.
4z,3,IRF510,reference,"Listed as Q7, an N-channel power MOSFET in TO220 package for the 5W HF PA kit."
4z,4,IRF510,project,"QRP Labs 5W HF PA kit; the main MOSFET amplifier, coupled to the RF input via a 1uF capacitor."
4z,7,IRF510,reference,Listed in the 5W HF PA kit parts inventory alongside the PCB.
4z,13,IRF510,project,"The final transistor (Q7) of the 5W HF PA kit, mounted on the metal heatsink with silicone insulating washers."
4z,14,IRF510,project,"The 5W HF PA kit, identified as transistor Q7, mounted on the heatsink via a silicone pad and nylon washer."
4z,15,IRF510,project,"The 5W HF PA kit's final PA transistor Q7, where a 10-ohm resistor is added to its gate to prevent instability."
4z,17,IRF510,project,"The 5W HF PA kit's final stage transistor, noted as suitable for HF but having low gain for VHF bands."
4z,18,IRF510,project,"The 5W HF PA kit's final stage transistor Q7, whose gate bias is adjusted by R1."
4z,19,IRF510,technique,"The 5W HF PA kit's final stage transistor, discussed for its gain limitations at 28 MHz and thermal dissipation."
52,2,IRF510,project,Transistor Q7 in the QRP Labs AN005 HF PA kit schematic.
53,2,IRF510,project,MOSFET Q7 in the QRP Labs AN005 HF PA kit raised cosine controller output stage.
54,1,IRF510,project,"The 5W HF PA kit block diagram, shown as the transistor in the RF PA stage."
55,1,IRF510,reference,Listed in the 5W HF PA kit inventory photo.
5n,1,IRF510,project,"The 10W HF Linear PA kit, used as a pair in the finals stage."
5r,1,IRF510,project,"The 5W HF PA kit, serving as the MOSFET power amplifier stage for 5W RF output."
5s,1,IRF510,project,"In the 5W HF PA kit, used as the single power amplifier device."
6,1,IRF510,project,"The 50W CW amplifier kit, used as a push-pull pair for the power amplifier stage."
69,1,IRF510,mention,Named as the MOSFETs insulated by silicone pads in the QRP Labs 10W Linear and 50W QCX PA kits.
6b,1,IRF510,project,"QRP Labs 50W Amp for QCX, used as the power amplifier transistors in push-pull configuration."
6c,1,IRF510,mention,"Named as the MOSFETs in the QRP Labs 10W Linear and 50W QCX PA kits, cited for their silicone insulating pads."
6j,1,IRF510,project,"QCX PTT signal modification, identified as the power transistors that failed during testing."
7z,8,IRF510,mention,"QRSS kit external power amplifier section, suggested as a more powerful FET example to drive from the 'C out' signal."
8,1,IRF510,project,"QRP Labs 10W HF Linear PA kit, used as the push-pull final stage transistors."
80,6,IRF510,mention,QRSS Beacon Kit example of a more powerful FET gate driven by the C out signal.
9z,22,IRF510,project,"QSX 10W Linear PA module, used in the push-pull final stage."
9z,23,IRF510,project,"QSX 10W Linear PA module, used for Q207 and Q208 in the output stage."
a0,14,IRF510,project,"The 10W Linear Power Amplifier, used as a pair in push-pull for Class A/B power output."
a0,15,IRF510,project,"Output transistor of the 10W Linear Power Amplifier, requiring insulating pads between the device and heatsink."
a0,16,IRF510,mention,"The 10W Linear Power Amplifier design article, where the author encourages readers not to give up on the humble IRF510 MOSFET."
a0,17,IRF510,project,"10W Linear Power Amplifier, used as Q207 and Q208 in the final output stage."
a0,19,IRF510,mention,"In the 10W Linear PA article, mentioned as the cheap MOSFET used in the amplifier chain, contrasting with the diode switch."
d,1,IRF510,project,"The 5W HF PA kit's MOSFET amplifier stage, providing 5W RF output from 200mW drive."
o,10,IRF510,project,"The QSX 10W Linear power amplifier, used as a pair of inexpensive output MOSFETs."
2x,6,IRF9530,reference,Listed as a MOSFET option for Q3 in the 50W QCX Power Amplifier parts list.
2w,6,IRFU9024,reference,"Listed as a MOSFET in the 50W QCX PA kit parts list, near Q3 and IC1."
2w,28,IRFU9024,project,"The 50W Amp for QCX, installed as transistor Q4 in an SMD-leaded package."
2w,43,IRFU9024,project,"50W QCX PA kit assembly, listed as Q4, the main power amplifier MOSFET."
2w,60,IRFU9024,project,"QRP Labs 50W Amp for QCX, used as the P-type MOSFET Q4 in the PA stage."
2x,6,IRFU9024,reference,Listed as a MOSFET option for Q3 in the 50W QCX Power Amplifier parts list.
2x,27,IRFU9024,project,"The 50W Amp for QCX power amplifier, installed as transistor Q4 in an SMD-leaded package."
2x,42,IRFU9024,project,"QRP Labs 50W QCX PA kit, Q4, the main power amplifier MOSFET."
2x,59,IRFU9024,project,"The 50W QCX PA, identified as the P-type MOSFET Q4."
3a,5,IRFU9024,reference,Listed as Q206 and 209 in the 10W HF Linear PA assembly parts list.
3a,6,IRFU9024,reference,Listed as a single component in the 10W HF Linear PA assembly parts list.
3a,9,IRFU9024,project,"The 10W HF Linear PA schematic, used for Q206 and Q209 in the driver stage."
3a,26,IRFU9024,project,"10W HF Linear PA kit, installed as P-channel MOSFETs Q206 and Q209 in the output stage."
3b,7,IRFU9024,reference,"10W HF Linear PA parts list, listed as Q206 and Q209, with BS250 as a substitute."
3b,8,IRFU9024,reference,Listed as a single component in the 10W HF Linear PA assembly parts list.
3b,12,IRFU9024,project,"The 10W HF Linear PA schematic, labelled Q206 and Q209 in the driver stage."
3b,33,IRFU9024,project,"The 10W HF Linear PA assembly, identified as P-channel MOSFETs Q206 and Q209."
3c,6,IRFU9024,reference,"Parts list for the 10W HF Linear PA kit, listed as Q206 and Q209."
3c,7,IRFU9024,reference,"Listed in the 10W HF Linear PA kit parts list, shown with IRF510 and 100K trimmer."
3c,29,IRFU9024,project,"The 10W HF Linear PA kit assembly, identified as P-channel MOSFETs for positions Q206 and Q209."
9z,19,IRFU9024,project,"FDIM S4 power circuit, labelled Q101 in the reverse polarity protection section."
9z,23,IRFU9024,project,"QSX 10W Linear PA module, used for Q206 and Q209 in the input stage."
a0,17,IRFU9024,project,"10W Linear Power Amplifier, used as Q206 in the driver stage."
10,2,J201,project,"Connector in the QMX microcontroller section, linking to the main MCU pinout."
11,2,J201,project,"Connector in the QMX microcontroller section, linked to the main microcontroller pinout."
12,2,J201,project,"Connector in the QMX microcontroller section, linked to IC202 and BOOT0/NRST signals."
13,3,J201,project,"QMX transceiver schematic, labelled near Q507 and C206."
e,37,J201,project,"The USB-C connector of the QMX+ transceiver, noted for inspecting solder joints on through-hole pins."
g,39,J201,project,"USB-C connector of the QMX+ transceiver, labeled J201, recommended for solder inspection during rear panel installation."
m,38,J201,project,"The USB-C connector of the QMX+ transceiver, which the manual advises inspecting and touching up after SMD assembly."
v,9,J201,project,"Connector on the QMX main board assembly, shown near the power supply section and GND pins."
v,52,J201,project,"The USB-C connector of the QMX transceiver, already SMD assembled, requiring inspection of solder joints."
w,2,J201,project,"Connector in the QMX microcontroller section, linked to P2 and R219."
x,8,J201,project,"Connector on the QMX multi-band transceiver kit assembly diagram, located near the power supply boards section."
x,45,J201,project,"USB-C connector in the QMX transceiver kit, labeled J201, with advice to inspect its SMD soldering."
y,8,J201,project,"Connector J201 on the QMX assembly diagram, located near the power supply boards and GND labels."
y,39,J201,project,"The QMX transceiver kit's USB-C connector, already SMD assembled, which the author advises inspecting for solder quality."
z,2,J201,project,"Connector in the QMX microcontroller section, pinout listed beside IC202."
39,1,L293,project,"Inductor in the QRP Labs 10W HF Linear PA output stage, positioned near R214 and C236."
3e,1,L293,project,"Inductor in the 10W HF Linear PA schematic, located near R214, C236, and R210."
b3,4,L7805,mention,Suggested voltage regulator for the Ultimate3 power supply when using four 1.5V batteries in series.
29,1,L7805C,none,"Marking on a component in the QCX+ kit, not a circuit use."
9y,1,L7805C,none,"Marking on the PCB, not a component reference in the circuit."
6o,1,LM1117,project,Functions as the LDO regulator for the 5V supply in Jon Ove's Ultimate3S battery-powered project.
6o,1,LM2596,project,Acts as DC-DC step-down converters providing 5V supply in Geir LA6LU's Ultimate3 transmitter build.
6o,1,LM317,project,Serves as the variable regulator for the PA voltage in Andy G0FTD's Monster U3 power supply.
3g,2,LM317LZ,project,"Si5351A synthesizer module kit, the variable voltage regulator configured for 3.3V output in the original design."
3h,2,LM317LZ,project,"Si5351A synthesizer module kit, configured as a variable voltage regulator for 3.3V output."
3h,4,LM317LZ,project,"Si5351A synthesizer module assembly, identified as IC2, the voltage regulator to be installed on the PCB."
3i,2,LM317LZ,project,"Si5351A synthesizer module kit, configured as a variable voltage regulator for 3.3V output."
3i,4,LM317LZ,project,"Si5351A synthesizer module, identified as IC2, the voltage regulator, with instructions to check its position and orientation."
3j,2,LM317LZ,project,"Si5351A synthesizer module kit, configured as a variable voltage regulator for about 3.3V output."
3j,3,LM317LZ,project,"Si5351A synthesizer module, designated IC2, the voltage regulator to be installed with transistors Q1/Q2."
3j,4,LM317LZ,project,"Si5351A synthesizer module assembly notes; identified as the voltage regulator IC2, distinct from the BS170."
3k,2,LM317LZ,project,"The Si5351A synthesizer module, listed as the 3.3V power supply IC."
3k,4,LM317LZ,project,"Si5351A synthesizer module assembly guide, identified as IC2 and instructed to be installed in the correct position and orientation."
3l,2,LM317LZ,project,"Si5351A synthesizer board, configured as a variable voltage regulator to provide 3.3V output."
3l,4,LM317LZ,project,"Si5351A synthesizer assembly; identified as IC2, the voltage regulator, with orientation warnings."
3m,2,LM317LZ,project,"Si5351A synthesizer kit, configured as a variable voltage regulator to provide approximately 3.3V output."
3m,4,LM317LZ,project,"Si5351A synthesizer kit assembly guide, identified as IC2, the voltage regulator to be installed with transistors Q1 and Q2."
45,18,LM317LZ,mention,Suggested as an alternative 5V supply source from the ProgRock board for the receiver module in the text.
46,22,LM317LZ,mention,Suggested as an alternative 5V regulator on the ProgRock card to power the receiver module's 5V supply.
47,18,LM317LZ,mention,Suggested 5V regulator for the ProgRock board to power the U3R receiver module in this example.
58,1,LM317LZ,project,"The ProgRock power supply regulator, used to step down 5-12V DC input to 5V for the Si5351A."
5q,1,LM317LZ,project,"ProgRock kit, listed as the supplied regulator for the 5-12V DC power supply option."
5u,1,LM317LZ,project,"ProgRock frequency generator, listed as the supplied regulator for the 5-12V DC power supply option."
71,1,LM317LZ,project,"ProgRock power supply regulator, used to step down 5-12V DC to 5V for the Si5351A."
7k,6,LM317LZ,reference,"OCXO/Si5351A synthesizer kit parts list, listed as IC2 and IC3 voltage regulators in TO92 package."
7m,1,LM317LZ,project,"QRP Labs ProgRock kit, listed as the supplied regulator for the 5-12V DC power supply option."
7m,2,LM317LZ,reference,"ProgRock parts list, listed as IC2, voltage regulator used as a 5V regulator on the PCB."
7m,3,LM317LZ,project,"IC2 in the ProgRock circuit, shown with R1, C1, and the ADJ pin."
7m,4,LM317LZ,project,"The QRP Labs ProgRock assembly manual, where it is IC2, a 5V regulator on the ProgRock PCB."
7m,6,LM317LZ,project,"ProgRock power supply, used as a 5V regulator on the PCB, recommended to be omitted from the Si5351A module."
7m,7,LM317LZ,project,"The QRP Labs ProgRock assembly manual, where the vacant LM317LZ is jumpered to bypass the regulator for 5V power."
7m,8,LM317LZ,project,"QRP Labs ProgRock assembly manual, installed as IC2 on the ProgRock PCB to act as the 5V voltage regulator."
7m,12,LM317LZ,project,"The ProgRock board's recommended assembly, acting as the 5V voltage regulator."
7n,1,LM317LZ,project,"QRP Labs ProgRock kit, listed as the supplied voltage regulator for 5-12V DC power supply operation."
7n,2,LM317LZ,reference,"ProgRock parts list, listed as IC2, a voltage regulator used as a 5V regulator on the PCB."
7n,3,LM317LZ,project,"IC2 voltage regulator in the ProgRock Synth circuit, labeled with pins IN, OUT, and ADJ."
7n,4,LM317LZ,project,"The QRP Labs ProgRock assembly manual, identified as IC2, used as a 5V regulator on the ProgRock PCB."
7n,6,LM317LZ,project,"ProgRock PCB, used as a 5V regulator for the microcontroller, replacing its role on the Si5351A Synth module."
7n,7,LM317LZ,project,"In the ProgRock 5V power option, the vacant LM317LZ is jumpered to pass 5V to the rest of the circuit."
7n,8,LM317LZ,project,"QRP Labs ProgRock assembly manual, recommended for installation on the ProgRock PCB rather than the Si5351A Synth PCB."
7n,9,LM317LZ,project,"QRP Labs ProgRock assembly manual, installed as IC2 to act as the 5V voltage regulator on the PCB."
7n,13,LM317LZ,project,"The ProgRock board, acting as the 5V voltage regulator in the recommended assembly."
7p,2,LM317LZ,project,"The QLG1 GPS receiver kit, configured as the voltage regulator for 3.3V output."
7p,3,LM317LZ,reference,"QLG1 GPS receiver kit parts list, listed as IC2, a three-wired TO92 voltage regulator."
7p,5,LM317LZ,project,"The QLG1 GPS receiver kit, identified as the voltage regulator in a 3-pin TO92 package."
7p,9,LM317LZ,project,"The voltage regulator in the QLG1 GPS receiver kit, which is omitted when powering the board from 3.3V."
7q,3,LM317LZ,project,"The voltage regulator in the QLG1 GPS receiver kit, configured to provide 3.3V."
7q,4,LM317LZ,reference,"QLG1 GPS receiver kit parts list, identified as IC2, the voltage regulator in a TO92 package."
7q,6,LM317LZ,project,"QLG1 GPS receiver kit, listed as the voltage regulator in TO92 package among installed components."
7q,11,LM317LZ,project,"The voltage regulator in the QLG1 GPS receiver kit, omitted when powering the module from 3.3V."
7r,3,LM317LZ,project,"The QLG1 GPS receiver kit, identified as the 3.3V power supply IC for the RF module."
7r,6,LM317LZ,reference,"Listed as IC2 in the QLG1 kit parts list, identified as a 3-terminal TO-92 power supply IC."
7r,9,LM317LZ,project,"The QLG1 GPS receiver kit, identified as the 3-pin TO92 power IC to be soldered onto the PCB."
7r,19,LM317LZ,project,QLG1 GPS receiver kit; the power supply IC omitted when running the module at 3.3V.
7s,2,LM317LZ,project,"The QLG1 GPS receiver kit, configured as the voltage regulator providing 3.3V output to the RF module."
7s,3,LM317LZ,reference,"Listed as IC2 in the QLG1 kit parts list, identified as a three-pin TO92 voltage regulator."
7s,5,LM317LZ,project,"The QLG1 GPS receiver kit, identified as the voltage regulator in a list of installed components."
7s,11,LM317LZ,project,"The voltage regulator of the QLG1 GPS receiver kit, omitted when powering the unit from 3.3V."
8m,2,LM317LZ,project,"The voltage regulator in the QLG1 GPS receiver kit, configured for 3.3V output to power the RF module."
8m,3,LM317LZ,reference,"QRP Labs QLG1 GPS receiver kit parts list, listed as IC2, a three-wired TO92 voltage regulator."
8m,5,LM317LZ,project,"The QLG1 GPS receiver kit, identified as the voltage regulator in a 3-pin TO92 package."
8m,9,LM317LZ,project,"The QLG1 GPS receiver kit, the voltage regulator omitted when powering the board from 3.3V."
8n,3,LM317LZ,project,"The voltage regulator in the QLG1 GPS receiver kit, configured to provide 3.3V."
8n,4,LM317LZ,reference,"QLG1 GPS receiver kit parts list, listed as IC2, the voltage regulator in a TO-92 package."
8n,6,LM317LZ,project,"QLG1 GPS receiver kit assembly guide, listed as the voltage regulator in TO92 package"
8n,11,LM317LZ,project,"The voltage regulator in the QLG1 GPS receiver kit, which is omitted when powering the board from 3.3V."
8o,3,LM317LZ,project,The 3.3V power supply IC for the QLG1 GPS receiver kit's RF module.
8o,6,LM317LZ,reference,"QLG1 GPS receiver kit parts list, listed as IC2, the 3-terminal power supply IC in TO92 package."
8o,9,LM317LZ,project,"The QLG1 GPS receiver kit, identified as the 3-pin TO92 power IC to be soldered onto the PCB."
8o,19,LM317LZ,project,"The QLG1 GPS receiver kit, listed as the power supply IC to omit when operating the module at 3.3V."
8p,2,LM317LZ,project,"The QLG1 GPS receiver kit, configured as the 3.3V voltage regulator for the RF module."
8p,3,LM317LZ,reference,"Listed as IC2 in the QLG1 kit parts list, identified as a three-pin TO92 voltage regulator."
8p,5,LM317LZ,project,"The QLG1 GPS receiver kit assembly guide, identified as the voltage regulator in a TO92 package to be installed."
8p,11,LM317LZ,project,"The voltage regulator in the QLG1 GPS receiver kit, omitted when powering the unit from 3.3V."
7k,2,LM317Z,project,"In the OCXO/Si5351A synthesizer kit, one LM317Z powers the Si5351A at 3.3V and another powers the transistor oscillator and buffer."
7k,10,LM317Z,project,"OCXO/Si5351A synthesizer kit, listed as one of two TO92 voltage regulator ICs to be installed."
7k,28,LM317Z,mention,"OCXO/Si5351A synthesizer assembly guide, listed as a similar-looking device to avoid confusing with the BS170."
7k,29,LM317Z,mention,"OCXO/Si5351A synthesizer assembly guide, named as a similar-looking device to avoid when selecting BC547s."
7k,32,LM317Z,project,"OCXO/Si5351A synthesizer assembly, identified as IC2 at the top left of the PCB, providing the +5V test point for the oscillator."
7k,35,LM317Z,project,"IC2 in the OCXO/Si5351A synthesizer assembly, soldered with height constraint under 8mm."
7k,36,LM317Z,project,"OCXO/Si5351A synthesizer assembly, step 80, fitted as IC3 alongside Q5 and capacitors C9 and C11."
6k,1,LM380,project,Audio amplifier added by a builder to drive a speaker switched via the headphone jack.
a2,3,LM386,technique,"In the traditional SA602 superhet description, identified as the standard audio amplifier IC for the receiver's output stage."
a2,21,LM386,mention,"QCX receiver audio amplifier article; recommended against as a superseded, inferior choice for driving low-impedance headphones."
a6,1,LM386,project,"The audio amplifier in the QMX+ Battery and Audio Shield, shown with input and power connections."
a7,1,LM386,project,"Audio amplifier U2 in the QMX+ Battery + Audio Shield, driving the 8 Ohm speaker output."
0,1,LM4562,project,"QCX-mini receiver, retained as IC5 for critical performance while others were replaced."
10,4,LM4562,project,"QMX receiver schematic, listed as IC405A, IC405B, and IC406B in the audio processing and I2S interface sections."
11,4,LM4562,project,"QMX receiver schematic, used as IC405A, IC405B, and IC406B in the audio processing and I2S interface stages."
12,4,LM4562,project,"QMX transceiver audio section, IC405A and IC405B amplifiers near the PCM1804 codec and transformer T401."
14,84,LM4562,project,"QMX receiver differential instrumentation amplifier pre-amplifier, amplifying I and Q channels from the QSD for the ADC."
15,84,LM4562,project,"QMX receiver, forming the differential instrumentation amplifier pre-amplifier for I and Q channels from the QSD."
16,86,LM4562,project,"The QMX receiver's differential instrumentation amplifier pre-amplifier, amplifying I and Q channels from the QSD for the ADC."
17,86,LM4562,project,"QMX receiver differential instrumentation amplifier pre-amplifier, amplifying I and Q channels from the QSD for the ADC."
18,81,LM4562,project,"QMX receiver differential instrumentation amplifier pre-amplifier, amplifying I and Q channels from the QSD for the ADC."
19,80,LM4562,project,"QMX receiver differential instrumentation amplifier pre-amplifier, amplifying I and Q channels from the QSD for the ADC."
1a,81,LM4562,project,"The QMX transceiver's differential instrumentation amplifier pre-amplifier, amplifying I and Q channels from the QSD for the ADC."
1b,80,LM4562,project,"QMX transceiver kit, used as the differential instrumentation amplifier pre-amplifier for I and Q channels after the QSD."
1c,77,LM4562,project,"QMX receiver differential instrumentation amplifier pre-amplifier, amplifying I and Q channels from the QSD for the ADC."
1d,77,LM4562,project,"QMX receiver differential instrumentation amplifier pre-amplifier, amplifying I and Q channels from the QSD for the ADC."
1e,59,LM4562,project,"QMX transceiver kit, forming the differential instrumentation amplifier pre-amplifier for I and Q channels after the QSD."
1f,59,LM4562,project,"QMX transceiver differential instrumentation amplifier pre-amplifier, amplifying I and Q channels from the QSD for the ADC."
1g,54,LM4562,project,Used in the QMX receiver's differential instrumentation amplifier pre-amplifier to amplify I and Q channels from the QSD.
1h,53,LM4562,project,"QMX transceiver receiver, forming the differential instrumentation amplifier preamp that amplifies I and Q channels from the QSD."
1i,53,LM4562,project,"QMX receiver differential instrumentation amplifier pre-amplifier, amplifying I and Q channels from the QSD for the ADC."
1j,53,LM4562,project,"QMX receiver differential instrumentation amplifier pre-amplifier, amplifying I and Q channels from the QSD for the ADC."
1k,53,LM4562,project,"QMX receiver, forming the differential instrumentation amplifier pre-amplifier for I and Q channels from the QSD."
1r,8,LM4562,reference,"QCX-mini parts list, listed as dual op-amp IC5."
1s,8,LM4562,reference,"QCX-mini parts list, listed as IC5, SMD dual op-amp."
1u,8,LM4562,reference,"QCX-mini parts list, listed as IC5, a dual op-amp."
1x,8,LM4562,reference,"QCX+ parts list, listed as IC5 dual op-amp and noted as previous part for IC6-10."
1x,17,LM4562,reference,"QCX+ 5W CW transceiver kit inventory list, identified as an IC in 8-pin DIP package."
1x,25,LM4562,project,"QCX+ transceiver kit, specified as IC5 for kits supplied from July 2022 onward."
1x,136,LM4562,mention,"QCX+ assembly manual revision history, identified as IC5 in kits produced from July 2022 onward."
1z,8,LM4562,reference,"QCX+ parts list, listed as six 8-pin dual op-amps IC5-10."
1z,17,LM4562,reference,"QCX+ 5W CW transceiver kit parts inventory, listed as an IC in 8-pin DIP package."
1z,25,LM4562,project,"The QCX+ transceiver kit, identified as the part number for operational amplifier ICs IC5 through IC10."
20,8,LM4562,reference,"QCX+ 5W CW transceiver kit parts list, listed as IC5-IC10, dual op-amps."
20,17,LM4562,reference,"QCX+ 5W CW transceiver kit inventory list, identified as an 8-pin DIP IC."
20,25,LM4562,project,"The operational amplifier ICs (IC5-IC10) in the QCX+ 5W CW transceiver kit, identified as the only 8-pin DIP chips."
21,8,LM4562,reference,"QCX+ 5W CW transceiver kit parts list, listed as IC5-IC10, dual op-amps."
21,17,LM4562,reference,"QCX+ 5W CW transceiver kit inventory, listed as an IC in 8-pin DIP package."
21,25,LM4562,project,"The QCX+ transceiver kit, identified as the operational amplifier ICs IC5 through IC10."
22,9,LM4562,reference,"QCX+ 5W CW transceiver kit parts list, listed as IC5-IC10, dual op-amps."
22,27,LM4562,project,"The QCX+ transceiver kit, identified as the op-amp IC used for all 8-pin DIP positions (IC5-IC10)."
25,12,LM4562,reference,"Listed in the QCX+ semiconductor parts list as IC4, an 8-pin dual OP-Verstärker."
25,22,LM4562,reference,"QCX+ 5W CW transceiver kit inventory list, listed as 8-pin DIP IC."
25,31,LM4562,project,"The QCX+ transceiver kit, identified as the part number for all six op-amp ICs (IC5-IC10) in the assembly instructions."
2b,2,LM4562,project,"IC6 in the QCX+ transceiver, identified as an 8-pin dual op-amp during alignment checks."
2c,10,LM4562,reference,"QDX Digital Transceiver parts list, listed as IC7 and IC9, SMD integrated circuits."
2c,44,LM4562,project,"QDX Digital Transceiver schematic, used as op-amps IC9A, IC9B, and IC6 in the audio and control sections."
2c,53,LM4562,project,"The dual op-amp used in the QDX pre-amplifier, noted for low noise and potential lock-up issues in IC7."
2e,1,LM4562,project,"QDX Digital Transceiver, op-amps IC7A, IC7B, IC9A, IC9B in the pre-amp and sampling detector."
2f,10,LM4562,reference,"QDX Digital Transceiver parts list, listed as SMD ICs IC7 and IC9."
2f,43,LM4562,project,"QDX Digital Transceiver schematic, op-amps IC6, IC9A, and IC9B in the pre-amp and sampling detector stages."
2f,52,LM4562,project,The dual operational amplifier used in the QDX low noise balanced differential pre-amplifier stage.
2g,10,LM4562,reference,"QDX Digital Transceiver parts list, listed as SMD ICs IC7 and IC9."
2g,38,LM4562,project,"QDX Digital Transceiver schematic; op-amps IC7A, IC7B, and IC9B in the preamp and ADC input stages."
2g,46,LM4562,project,The dual operational amplifier used in the QDX low noise balanced differential pre-amplifier stage.
2h,10,LM4562,reference,"QDX Digital Transceiver parts list, listed as SMD ICs IC7 and IC9."
2h,36,LM4562,project,"QDX Digital Transceiver schematic, used as IC7A, IC7B, and IC9B, op-amps in the pre-amp and filter stages."
2h,44,LM4562,project,The dual operational amplifier used in the QDX low noise balanced differential pre-amplifiers.
2i,10,LM4562,reference,"QDX Digital Transceiver parts list, listed as SMD IC7."
2i,35,LM4562,project,"QDX Digital Transceiver, used as IC7A and IC7B, the pre-amplifiers for the 24-bit ADC input."
2i,43,LM4562,project,"QDX Digital Transceiver, used as the dual op-amp in its low noise pre-amplifier stage."
2m,10,LM4562,reference,"QDX Digital Transceiver parts list, listed as SMD IC7."
2m,44,LM4562,project,"QDX Digital Transceiver, op-amps IC7A and IC7B in the pre-amp and ADC interface."
2m,52,LM4562,project,"The dual op-amp used in the QDX pre-amplifier, configured for I/Q channel generation and common mode rejection."
2n,1,LM4562,project,"QDX Digital Transceiver schematic; op-amps IC7A, IC7B, IC9A, and IC9B in pre-amp and buffer stages."
2o,1,LM4562,project,QDX Digital Transceiver schematic; IC7A and IC7B op-amps in the pre-amp and ADC input stages.
2p,1,LM4562,project,QDX Digital Transceiver schematic; IC7A and IC7B op-amps in the Pre-amps stage before the 24-bit ADC.
2q,1,LM4562,project,QDX Digital Transceiver schematic; identified as IC7A and IC7B in the pre-amp and ADC interface stages.
2s,21,LM4562,project,"QDX Digital Transceiver differential ADC driver, used as the operational amplifier in the differential amplifier stage."
2t,43,LM4562,project,"QDX Digital Transceiver I-channel amplifier, labelled as IC7A and IC7B in the differential and instrumentation amp stages."
2u,9,LM4562,reference,"QDX-M parts list, listed as IC7 and IC9, SMD operational amplifiers."
2u,31,LM4562,project,"QDX-M transceiver audio and IF stages, used as IC6, IC9A/B, and IC10 amplifiers."
2u,37,LM4562,project,"The QDX-M 5W Digital Transceiver, used as the low noise balanced differential pre-amplifier."
2u,38,LM4562,technique,"QDX-M 5W Digital Transceiver assembly manual, discussed as op-amps in the instrumentation amplifier that can lock up near the supply rail."
2v,1,LM4562,project,"QDX-M 5W Digital Transceiver audio and RF processing, used as IC7A, IC7B, and IC9B."
45,1,LM4562,project,"QRP Labs Receiver module kit parts list, listed as IC3 and IC4, dual low-noise op-amps."
45,2,LM4562,project,"QRP Labs Receiver module, used as IC6B in the RF input stage near C13 and R24."
45,3,LM4562,project,"QRP Labs Receiver module, IC3 and IC4 used as low-noise instrumentation amplifiers to combine I-Q audio outputs and set sensitivity."
45,7,LM4562,project,"QRP Labs receiver module, IC3 and IC4, required op-amps, and an option for IC5 and IC6."
45,24,LM4562,reference,QRP Labs receiver module revision history; specified as the required type for IC3 and IC4 in the parts list.
46,2,LM4562,reference,"Receiver module parts list, listed as IC3 through IC6, described as low-noise dual op-amps."
46,3,LM4562,project,"QRP Labs receiver module schematic, used for multiple amplifier stages including IC6A, IC6B, and IC5A."
46,4,LM4562,project,"QRP Labs receiver module, used as low-noise instrumentation amplifiers to combine four phases into I-Q audio outputs."
46,10,LM4562,project,"QRP Labs receiver module assembly, listed as IC3, IC4, IC5, and IC6, four operational amplifiers to be installed."
47,1,LM4562,reference,"U3R Ultimate 3 Receiver kit parts list, listed as IC3 through IC6 dual low-noise op-amps."
47,2,LM4562,project,"U3R Ultimate 3 Receiver schematic, used as IC6B in the RF input section near C13."
47,3,LM4562,project,"U3R Ultimate 3 Receiver, low-noise op-amps connected as instrumentation amplifiers to combine I-Q phases."
47,5,LM4562,reference,"U3R Ultimate 3 Receiver kit parts list, listed as 4x LM4562."
47,7,LM4562,project,"U3R Ultimate 3 Receiver kit assembly, listed as four operational amplifiers to be soldered with IC3, IC4, IC5, and IC6."
48,1,LM4562,project,"IC6B, IC3A, IC5A, IC6A, and IC2A in mixer, LO, and audio stages."
49,1,LM4562,reference,"Listed as a component in the QRP Labs receiver module parts list, appearing near capacitor and resistor values."
4e,1,LM4562,reference,"QRP Labs Polyphase network kit parts list, listed as IC5 and IC6 dual low-noise op-amps."
4e,3,LM4562,reference,"Listed in the inventory section as 2pcs for the QRP Labs Polyphase network kit, associated with IC6."
4e,4,LM4562,project,"QRP Labs Polyphase network kit, installed as IC5 and IC6 op-amps on the PCB."
4f,1,LM4562,reference,"Listed in the QRP Labs Polyphase network kit parts list as IC5 and IC6, dual low-noise op-amps."
4f,3,LM4562,reference,"Listed in the parts inventory for the QRP Labs Polyphase network kit, specified as 2pcs 8-pin DIP."
4f,4,LM4562,project,"QRP Labs Polyphase network kit, installed as IC5 and IC6 op-amps on the PCB."
4g,1,LM4562,reference,"Listed as IC5 and IC6 in the QRP Labs Polyphase network kit parts list, described as low-noise dual op-amps."
4g,4,LM4562,project,"Polyphase network assembly, installed as IC5 and IC6 operational amplifiers."
4h,1,LM4562,reference,"Listed in the kit parts list as IC5 and IC6, dual low-noise op-amps for the polyphase network."
4h,3,LM4562,reference,Listed as 2pcs 8-pin DIP in the QRP Labs Polyphase network kit parts inventory.
4h,4,LM4562,project,"QRP Labs Polyphase network kit, the operational amplifiers IC5 and IC6 to be installed on the PCB."
4i,1,LM4562,reference,Listed in the Polyphase network bill of materials as two 8-pin DIP ICs.
4o,1,LM4562,project,"The QCX-mini Rev 2 transmitter, identified as IC11 in the schematic fragment."
5t,1,LM4562,project,Low noise op-amps used throughout the QRP Labs receiver module described in the August 2016 newsletter.
66,1,LM4562,project,QCX-mini transceiver; IC6 op-amp whose output instability was traced to trimmer R24.
6a,1,LM4562,project,"QCX transceiver; IC6 op-amp in the AGC circuit, discussed regarding oscillation faults and replacement."
6e,1,LM4562,project,"QCX+ transceiver, identified as IC6, an op-amp in the audio section prone to oscillation."
6i,1,LM4562,project,"QCX transceiver troubleshooting; identified as IC6, an op-amp whose replacement failed to fix an oscillation issue."
6z,1,LM4562,project,"QRP Labs Receiver module, used as low noise op-amps in instrumentation amplifier configuration for noise rejection."
72,7,LM4562,reference,"QCX 5W CW transceiver kit parts list, listed as IC5-IC10, 8-pin dual op-amps (6 pcs)."
72,13,LM4562,reference,"QCX 5W CW transceiver kit parts inventory, listed as an 8-pin DIP IC with 2 pieces required."
72,21,LM4562,project,"The operational amplifier ICs (IC5-IC10) in the QCX 5W CW transceiver kit, identified as the only 8-pin DIP chips."
73,9,LM4562,reference,"QCX 5W CW transceiver kit parts list, listed as IC5-IC10 (6 pcs)."
73,15,LM4562,reference,"QCX 5W CW transceiver kit inventory list, listed as 4pcs LM4562 IC (8-pin DIP)."
73,17,LM4562,project,"QCX 5W CW transceiver kit assembly guide, identified as the part number for operational amplifier ICs IC5-IC10."
74,9,LM4562,reference,"QCX 5W CW transceiver kit parts list, listed as IC5-10, 8-pin dual op-amps (6 pcs)."
74,15,LM4562,reference,"QCX 5W CW transceiver kit inventory list, listed as 6pcs LM4562 IC (8-pin DIP)."
74,17,LM4562,project,"The QCX 5W CW transceiver kit, identified as the part number for operational amplifier ICs IC5 through IC10."
75,9,LM4562,reference,"QCX 5W CW transceiver kit parts list, listed as IC5-10, 8-pin dual op-amps (6 pcs)."
75,15,LM4562,reference,"QCX 5W CW transceiver kit inventory list, identified as an 8-pin DIP IC with 6 pieces required."
75,17,LM4562,project,"QCX 5W CW transceiver kit assembly guide, identified as the operational amplifier ICs IC5-IC10 to be installed."
76,8,LM4562,reference,"QCX 5W CW transceiver kit parts list, listed as IC5-10, six dual op-amps."
76,14,LM4562,reference,"QCX 5W CW transceiver kit inventory list, listed as 6pcs IC in 8-pin DIP package."
76,16,LM4562,project,"The operational amplifier ICs (IC5-IC10) in the QCX 5W CW transceiver kit, identified as the only 8-pin DIP chips."
77,9,LM4562,reference,"QCX 5W CW transceiver kit parts list, listed as IC5-IC10 (6 units)."
77,17,LM4562,reference,"QCX 5W CW transceiver kit parts list, listed as 6pcs IC in 14-pin DIP."
77,18,LM4562,project,"The QCX 5W CW transceiver kit, identified as the specific op-amp type for IC5 through IC10."
78,17,LM4562,reference,"QCX 5W CW transceiver kit parts list, shown as an 8-pin DIP IC in the component identification photo."
78,18,LM4562,project,"The QCX 5W CW transceiver kit, identified as the part number for the audio amplifier ICs IC5 through IC10."
79,8,LM4562,reference,"QCX 5W CW transceiver kit parts list, listed as IC5-IC10, 8-pin dual op-amps (6 pcs)."
79,14,LM4562,reference,"QCX 5W CW transceiver kit inventory list, listed as 2pcs 8-pin DIP IC."
79,16,LM4562,project,"The operational amplifier ICs (IC5-IC10) in the QCX 5W CW transceiver kit, identified as the only 8-pin DIP chips."
7a,8,LM4562,reference,"QCX 5W CW transceiver kit parts list, listed as IC5-IC10, 8-pin dual op-amps (6 pcs)."
7a,14,LM4562,reference,"QCX 5W CW transceiver kit parts inventory, listed as an IC in 8-pin DIP package."
7a,16,LM4562,project,"The operational amplifier ICs (IC5-IC10) of the QCX 5W CW transceiver kit, identified as the only 8-pin DIP chips."
7b,8,LM4562,reference,"QCX 5W CW transceiver kit parts list, listed as IC5-10 dual OPVs."
7b,14,LM4562,reference,"QCX 5W CW transceiver kit parts list, identified as an 8-pin DIP IC in the component photo section."
7b,15,LM4562,project,"QCX 5W CW transceiver kit, identified as the type for all op-amp ICs (IC5-IC10) in the DIP installation section."
7c,7,LM4562,reference,"QCX 5W CW transceiver kit parts list, listed as IC5-10, 8-pin dual op-amps."
7c,13,LM4562,reference,"QCX 5W CW transceiver kit parts inventory, listed as an 8-pin DIP IC for component identification."
7c,14,LM4562,project,"QCX 5W CW transceiver kit, identified as the part number for operational amplifier ICs IC5 through IC10."
7d,7,LM4562,reference,"QCX 5W CW transceiver kit parts list, listed as IC5-10, 8-pin dual op-amps (6 pcs)."
7d,13,LM4562,reference,"QCX 5W CW transceiver kit inventory, listed as an IC in 8-pin DIP package with 6 pieces."
7d,14,LM4562,project,"QCX 5W CW transceiver kit, identified as the part number for operational amplifier ICs IC5 through IC10."
7e,7,LM4562,reference,"QCX 5W CW transceiver kit parts list, listed as IC5-10, six 8-pin dual operational amplifiers."
7e,13,LM4562,reference,"QCX 5W CW transceiver kit parts list, listed as 2pcs 8-pin DIP ICs for component identification."
7e,14,LM4562,project,"The QCX 5W CW transceiver kit, identified as the type for all op-amp ICs (IC5 through IC10)."
7f,15,LM4562,reference,"QCX 5W CW transceiver kit parts list, listed as 6pcs IC (8-pin DIP)."
7f,17,LM4562,project,"QCX 5W CW transceiver kit, identified as the type number for all audio amplifier ICs (IC5-IC10)."
8c,2,LM4562,project,"IC6 in the QCX 5W CW transceiver, identified as an 8-pin dual op-amp during alignment."
8e,8,LM4562,reference,"QCX-mini parts list, listed as SMD dual op-amp IC5."
8f,8,LM4562,reference,"QCX-mini parts list, listed as IC5, SMD dual op-amp."
8h,8,LM4562,reference,"QCX-mini parts list, listed as IC5, a dual op-amp."
9n,8,LM4562,reference,"QCX+ parts list, listed as IC5, an 8-pin dual op-amp."
9n,17,LM4562,reference,"QCX+ inventory parts list, identified as an 8-pin DIP IC in the component identification photographs."
9n,25,LM4562,project,"The QCX+ 5W CW transceiver kit, specified as IC5 for kits supplied from July 2022 onward."
9n,136,LM4562,mention,"QCX+ manual revision history, identified as IC5 in kits produced from July 2022 onward."
9o,8,LM4562,reference,"QCX+ transceiver kit parts list, listed as IC5-IC10, dual op-amps."
9o,17,LM4562,reference,"QCX+ 5W CW transceiver kit inventory list, identified as an 8-pin DIP IC in the component photo section."
9o,25,LM4562,project,"The operational amplifier ICs (IC5-IC10) in the QCX+ 5W CW transceiver kit, identified as the only 8-pin DIP chips."
9p,8,LM4562,reference,"QCX+ 5W CW transceiver kit parts list, listed as IC5-IC10, dual op-amps."
9p,17,LM4562,reference,"QCX+ 5W CW transceiver kit inventory, listed as an IC in 8-pin DIP package."
9p,25,LM4562,project,"The operational amplifier ICs (IC5-IC10) in the QCX+ 5W CW transceiver kit, identified as the only 8-pin DIP chips."
9q,8,LM4562,reference,"QCX+ 5W CW transceiver kit parts list, listed as IC5-IC10, dual op-amps."
9q,17,LM4562,reference,"QCX+ 5W CW transceiver kit inventory, listed as an IC in 8-pin DIP package."
9q,25,LM4562,project,"The operational amplifier ICs (IC5-IC10) in the QCX+ 5W CW transceiver kit, identified as the only 8-pin DIP chips."
9r,9,LM4562,reference,"QCX+ kit parts list, listed as IC5-IC10, dual op-amps."
9r,27,LM4562,project,"The op-amp ICs in the QCX+ transceiver kit, identified as the 8-pin DIP chips used in the assembly."
9u,12,LM4562,reference,"Listed as IC4, an 8-pin dual OP-Verstärker in the QCX+ 5W CW transceiver kit parts list."
9u,22,LM4562,reference,"QCX+ 5W CW transceiver kit inventory list, listed as IC (8-pin DIP)."
9u,31,LM4562,project,"QCX+ 5W CW transceiver kit, identified as the part number for all op-amp ICs (IC5-IC10) in the assembly instructions."
9z,13,LM4562,project,Used as pre-amps IC5A and IC5B in the FDIM 2019 quadrature sampling detector circuit.
a,1,LM4562,project,"QRP Labs Receiver module, used in instrumentation amplifier configuration for noise rejection."
a1,17,LM4562,project,"QRP Labs Receiver module kit, serving as the operational amplifiers (IC5A, IC5B, IC6A, IC6B) in the passive polyphase network."
a2,7,LM4562,project,"Used as IC5A and IC5B, the dual op-amp audio pre-amps following the QSD in the QCX transceiver."
ah,21,LM4562,project,"The QCX receiver section, identified as IC6, which was replaced during troubleshooting for unstable oscillation."
ai,30,LM4562,project,"The QCX transceiver's audio amplifier IC6, which was replaced during troubleshooting but proved not to be the fault."
an,1,LM4562,project,"QRP Labs QCX Mini development board, labelled near R246 and C41."
b,1,LM4562,project,Low noise op-amps in the final difference amplifier of the Polyphase network module.
i,86,LM4562,project,"QMX receiver pre-amplifier, amplifying I and Q channels from the QSD for the ADC."
o,5,LM4562,mention,Named in the QMX+ history as the op-amp first used in the Ultimate3S receiver's Quadrature Sampling Detector.
v,19,LM4562,reference,"QMX transceiver kit parts list, listed as two SMD components IC405 and IC406."
x,18,LM4562,reference,"QMX transceiver kit parts list, listed as two SMD amplifiers IC405 and IC406."
y,18,LM4562,reference,"QMX transceiver kit parts list, listed as two SMD amplifiers IC405 and IC406."
z,4,LM4562,project,"QMX receiver schematic, IC405A and IC405B op-amps in the audio signal path near T401 and PCM1804."
ap,1,LM7805,project,"The QCX Switch Pulse Modifiers circuit, identified as U3 in the power supply section."
e,15,LT6231,reference,"QMX+ parts list, listed as 2 SMD components IC405 and IC406."
g,15,LT6231,reference,"QMX+ parts list, listed as 2 SMD ICs IC405, IC406."
k,5,LT6231,project,"QMX+ receiver schematic, listed as IC405A, IC405B, IC406A, and IC406B in the audio processing section."
l,5,LT6231,project,"QMX+ transceiver digital section, used as IC405A, IC405B, and IC406A for I2S signal routing and buffering."
m,16,LT6231,reference,"QMX+ parts list, listed as 2 SMD ICs for IC405, IC406."
n,5,LT6231,project,"QMX+ transceiver schematic, used as IC405A, IC405B, and IC406A in the digital audio section."
q,5,LT6231,project,"QMX+ transceiver schematic, labelled near IC405A and R415 in the audio section."
r,5,LT6231,project,"QMX+ Rev 1 schematic, listed as IC405A in the audio section near C422 and R415."
w,4,LT6231,project,"QMX receiver schematic, IC405A and IC405B forming the I2S audio interface with PCM1804 and CS4334."
5k,1,MAX232,mention,"QRP Labs QLG2 GPS receiver kit, named as a typical chip for RS232 voltage level conversion when connecting to other equipment."
7,1,MAX232,mention,"QLG2 GPS receiver kit page, named as a typical chip for RS232 voltage level converters needed for some equipment."
56,1,MPS2907,project,"QCX 5W CW transceiver kit, listed in the Common Issues section as a component that may blow due to Power Amplifier instability."
5h,1,MPS2907,project,"QCX 5W CW transceiver kit, listed in the Common Issues section as a component that may blow due to Power Amplifier instability."
66,1,MPS2907,mention,QCX-mini transceiver; listed as an alternative PNP transistor to the MPS751 for Q6.
6a,1,MPS2907,mention,QCX transceiver; listed as a substitute for the MPS751 transistor at position Q6.
6e,1,MPS2907,mention,"QCX+ transceiver, listed as a substitute for the MPS751 keying transistor Q6."
6h,1,MPS2907,mention,"Original PNP transistor for key shaping in early QCX kits, replaced due to burnout issues."
6i,1,MPS2907,mention,QCX transceiver troubleshooting; listed as a substitute for the MPS751 transistor at position Q6.
6k,1,MPS2907,project,"Transistor Q6 in the QCX, identified as shorted and replaced by a builder."
72,151,MPS2907,mention,"QCX 5W CW transceiver kit revision history, listed as the original transistor for Q6 before being replaced by MPS751."
73,147,MPS2907,none,Revision history entry noting the change from MPS2907 to MPS751 for Q6 in the first kit batch.
74,141,MPS2907,reference,Revision history entry noting the original Q6 transistor choice before it was changed to MPS751 in the QCX kit.
75,142,MPS2907,mention,"Listed in revision history as the original transistor for Q6, replaced by MPS751 in later kits."
76,141,MPS2907,none,"Revision history entry noting the removal of old parts values, including MPS2907 for Q76."
77,157,MPS2907,mention,QCX 5W CW transceiver kit revision history; listed as the original transistor for Q6 before being replaced by MPS751.
78,17,MPS2907,reference,"QCX 5W CW transceiver kit parts list, shown as a TO92 transistor in the component identification photo."
79,2,MPS2907,none,"Listed in the table of contents as section 3.43, noting it was used in the first kit batch."
79,8,MPS2907,mention,"QCX 5W CW transceiver kit parts list, noted as the transistor used in early kits for Q6."
79,14,MPS2907,reference,"QCX 5W CW transceiver kit inventory list, listed as 6pcs TO92 transistor."
79,42,MPS2907,mention,"QCX 5W CW transceiver kit assembly; noted as the transistor used in the first kit batch, replaced by MPS751."
79,108,MPS2907,project,"QCX transceiver, in the key shaping section near C32 and R64."
79,141,MPS2907,mention,"QRP Labs QCX kit revision history, listed as the original Q6 transistor before being replaced by the MPS751."
7a,3,MPS2907,none,Listed in the assembly manual table of contents as the transistor for Q6 in the first kit batch.
7a,8,MPS2907,mention,"QCX 5W CW transceiver kit parts list, noted as the transistor used in early kits for Q6."
7a,14,MPS2907,reference,"QCX 5W CW transceiver kit parts inventory, listed as a TO92 transistor, 6 pieces."
7a,42,MPS2907,mention,"QCX 5W CW transceiver kit, listed as the alternative transistor for Q6 in the first kit batch."
7a,108,MPS2907,project,"QCX 5W CW transceiver kit, used in the power amplifier and LCD interface sections."
7a,141,MPS2907,mention,"QCX 5W CW transceiver kit revision history, identified as the original Q6 transistor before replacement."
7b,8,MPS2907,reference,"QCX 5W CW transceiver kit parts list, noted as the former part number for Q6."
7b,14,MPS2907,reference,"QCX 5W CW transceiver kit parts list, identified as a TO92 transistor in the component photo section."
7b,41,MPS2907,mention,"QCX 5W CW transceiver kit, noted as the transistor type used in the first series instead of MPS751 for Q6."
7b,105,MPS2907,project,"QCX transceiver, listed in the parts list and shown in the audio output stage near C32 and R64."
7b,139,MPS2907,mention,QRP Labs QCX kit version history; listed as the original transistor type for Q6 before being replaced by MPS751.
7c,2,MPS2907,none,Listed in the assembly manual's table of contents under section 3.43 for installing MPS2907 transistor Q6.
7c,7,MPS2907,mention,"QCX 5W CW transceiver kit parts list, noted as the transistor used in early kits for Q6."
7c,13,MPS2907,reference,"QCX 5W CW transceiver kit parts inventory, listed as a TO92 transistor for component identification."
7c,40,MPS2907,mention,"QCX 5W CW transceiver kit assembly, noted as the transistor used in the first kit batch for Q6."
7c,105,MPS2907,project,"QCX transceiver, used in the RX/TX Switch section near C31 and C32."
7c,138,MPS2907,none,Revision history note identifying the transistor used in the first batch of the QCX kit.
7d,3,MPS2907,none,Listed in the assembly manual table of contents as transistor Q6 to be installed.
7d,7,MPS2907,mention,"QCX 5W CW transceiver kit parts list, noted as the transistor used in early kits for Q6."
7d,13,MPS2907,reference,"QCX 5W CW transceiver kit inventory, listed as a TO92 transistor with 6 pieces required."
7d,40,MPS2907,mention,"QCX 5W CW transceiver kit, noted as the transistor used in the first kit batch for Q6."
7d,105,MPS2907,project,"QCX transceiver, used as Q6 in the audio amplifier stage near C32."
7d,138,MPS2907,mention,"QCX assembly manual revision history, identified as the transistor used in the first kit batch before being replaced."
7e,2,MPS2907,none,"Table of contents entry for section 3.43, directing the reader to the page where transistor Q6 is installed."
7e,7,MPS2907,mention,"QCX 5W CW transceiver kit parts list, noted as the previous part number for Q6, now MPS751."
7e,13,MPS2907,reference,"QCX 5W CW transceiver kit parts list, listed as a TO92 transistor for component identification."
7e,40,MPS2907,project,"The QCX 5W CW transceiver kit, installed as transistor Q6 with specific orientation and soldering instructions."
7e,104,MPS2907,project,"QCX transceiver, listed as Q6 in the Power meter section."
7e,138,MPS2907,mention,"QCX kit version history, listed as the original type for Q6 before being changed to MPS751."
7f,15,MPS2907,reference,"QCX 5W CW transceiver kit parts list, listed as TO92 transistor."
7g,16,MPS2907,mention,"The original transistor for Q6 in the QCX transceiver, replaced by MPS751 in later batches."
7h,48,MPS2907,mention,QCX 5W CW transceiver kit revision notes; listed as the replacement for Q6 in Rev1.07.
7j,1,MPS2907,project,"QCX 5W CW transceiver kit, used as Q6 in the audio output stage near the low pass filter."
ah,3,MPS2907,mention,"QCX kit transistor, listed as an alternative to the MPS751 for the single non-BS170 position."
ai,4,MPS2907,project,"QCX transmitter troubleshooting, noted as the alternative to MPS751 for the single non-BS170 transistor position."
aj,1,MPS2907,project,"QCX transceiver schematic, used as Q6 in the digital section near the reset line."
ak,1,MPS2907,project,"QRP Labs QCX schematic, transistor Q6 in the key shaping circuit."
1,1,MPS751,project,"QCX+ transceiver kit, the key-shaping transistor lying flat on the PCB copper groundplane for heatsinking."
1r,2,MPS751,none,"Table of contents entry for section 3.19, listing the installation step for transistor Q6."
1r,8,MPS751,reference,"QCX-mini parts list, listed as TO92 transistor Q6."
1r,46,MPS751,project,"The QCX-mini 5W CW transceiver kit, identified as transistor Q6 in the assembly instructions."
1r,83,MPS751,project,"QCX-mini transceiver, used as Q1 in the pre-amp stage near C32 and R64."
1s,2,MPS751,none,"Table of contents entry for section 3.19, listing the installation step for MPS751 transistor Q6."
1s,8,MPS751,reference,"QCX-mini parts list, listed as Q6, TO92 transistor."
1s,46,MPS751,project,"The MPS751 transistor Q6 in the QCX-mini 5W CW transceiver kit, identified by markings and installed flush against the PCB."
1s,84,MPS751,project,QCX-mini transceiver; used as Q6 in the audio amplifier section near C32 and R64.
1u,2,MPS751,none,"Listed in the table of contents as section 3.19, directing the reader to the assembly page for transistor Q6."
1u,8,MPS751,reference,"QCX-mini parts list, listed as Q6, a TO92 transistor."
1u,52,MPS751,project,"QCX-mini 5W CW transceiver kit, installed as transistor Q6 with specific orientation and pin bending instructions."
1u,96,MPS751,project,"QCX-mini transceiver, listed near C32 and R64 in the LCD interface section."
1w,1,MPS751,project,"QCX-mini transceiver, the transistor Q6 in the RX/TX switch circuit."
1x,2,MPS751,none,"Table of contents entry for section 3.44, directing the reader to the installation page for transistor Q6."
1x,8,MPS751,reference,"QCX+ parts list, listed as Q6, TO92 transistor."
1x,17,MPS751,reference,"QCX+ 5W CW transceiver kit inventory list, identified as a TO92 transistor, 6 pieces."
1x,53,MPS751,mention,"Named as Q6 in the QCX+ kit, cited to explain the R42 resistor value change due to new batch characteristics."
1x,65,MPS751,project,"The QCX+ 5W CW transceiver kit, installed as transistor Q6 with specific orientation instructions."
1x,102,MPS751,project,"QCX+ transceiver, used as Q96 in the audio section near R64 and C32."
1z,2,MPS751,none,Listed in the table of contents as section 3.44 for installing MPS751 transistor Q6.
1z,8,MPS751,reference,"QCX+ parts list, listed as one TO92 transistor Q6."
1z,17,MPS751,reference,"QCX+ 5W CW transceiver kit parts inventory, listed as a TO92 transistor with 6 pieces."
1z,65,MPS751,project,"The QCX+ 5W CW transceiver kit, installed as transistor Q6 with specific orientation and wire bending instructions."
1z,103,MPS751,project,"QCX+ transceiver, used as Q96 in the audio interface section near the DVM and side tone."
20,2,MPS751,none,Listed in the table of contents as section 3.44 for installing MPS751 transistor Q6.
20,8,MPS751,reference,"QCX+ 5W CW transceiver kit parts list, listed as Q6."
20,17,MPS751,reference,"QCX+ 5W CW transceiver kit inventory list, identified as a TO92 transistor."
20,65,MPS751,project,"QCX+ 5W CW transceiver kit, installed as transistor Q6 with specific orientation instructions."
20,103,MPS751,project,"QCX+ transceiver kit, labelled Q6 in the interface section."
21,2,MPS751,none,"Table of contents entry for section 3.44, listing the installation of MPS751 transistor Q6."
21,8,MPS751,reference,"QCX+ 5W CW transceiver kit parts list, listed as Q6."
21,17,MPS751,reference,"QCX+ 5W CW transceiver kit inventory, listed as 6pcs TO92 transistor."
21,65,MPS751,project,"QCX+ 5W CW transceiver kit, installed as transistor Q6 with specific orientation instructions."
21,149,MPS751,project,"QCX+ transceiver kit, used as Q6 in the power meter section."
22,3,MPS751,none,Listed in the table of contents as the transistor Q6 installation section.
22,9,MPS751,reference,"QCX+ 5W CW transceiver kit parts list, listed as Q6."
22,19,MPS751,project,"QCX+ 5W CW transceiver kit, listed as a TO92 transistor in the component identification photo."
22,53,MPS751,project,"The MPS751 transistor installed as Q6 in the QCX+ 5W CW transceiver kit, with specific orientation and bending instructions."
23,27,MPS751,project,"QCX+ transceiver, used as IC4 in the frequency counter circuit."
25,3,MPS751,none,Table of contents entry for installing the MPS751 transistor Q6.
25,12,MPS751,reference,"Listed in the QCX+ semiconductor parts list as Q6, a TO92 Transistor."
25,22,MPS751,reference,"QCX+ 5W CW transceiver kit inventory list, listed as transistor."
25,72,MPS751,project,"The QCX+ 5W CW transceiver kit, installed as transistor Q6 with specific orientation instructions."
25,164,MPS751,project,"QCX+ transceiver schematic, used as Q6 in the LCD interface section."
26,1,MPS751,project,"QCX+ transceiver, the microcontroller Q6 in the interface section near C32 and R64."
28,1,MPS751,project,"QCX+ transceiver, listed as Q6 in the interface section near the LCD and buttons."
2a,4,MPS751,project,"In the QCX+ keying circuit, noted as the source of harmonic suppression issues in the 80-meter version."
4,1,MPS751,project,"QCX-mini through-hole transistor, bolted to the PCB like in the QCX+."
5,1,MPS751,project,"In the QCX+ transceiver, MPS751 keying envelope shaping transistors are bolted to a copper pad for heatsinking."
5i,1,MPS751,project,"A through-hole transistor in the QCX-mini, bolted to the PCB like in the QCX+."
5l,1,MPS751,project,"QCX+ 5W CW transceiver kit, listed as the keying envelope shaping transistors bolted to the PCB copper pad for heatsinking."
66,1,MPS751,project,QCX-mini transceiver; Q6 PNP transistor performing keying envelope shaping in the transmit path.
6a,1,MPS751,project,QCX transceiver; Q6 PNP transistor performing keying envelope shaping in the power supply path.
6e,1,MPS751,project,"QCX+ transceiver, identified as Q6, a PNP transistor performing keying envelope shaping."
6h,1,MPS751,mention,"Replacement PNP transistor for key shaping (Q6) in later QCX kits, offering higher current rating."
6i,1,MPS751,project,"QCX transceiver troubleshooting; identified as Q6, a PNP transistor performing keying envelope shaping."
6k,1,MPS751,project,Transistor used to replace the damaged MPS2907 in the QCX by a builder.
72,2,MPS751,none,"Listed in the assembly manual's table of contents under section 3.45, not a component placement on this page."
72,7,MPS751,reference,"QCX 5W CW transceiver kit parts list, listed as Q6, a TO92 transistor."
72,13,MPS751,reference,"QCX 5W CW transceiver kit parts inventory, listed as a TO92 transistor with 5 pieces required."
72,47,MPS751,project,"Transistor Q6 in the QCX 5W CW transceiver kit, installed in section 3.45 with orientation warnings."
72,117,MPS751,project,QCX transceiver schematic; the microcontroller IC4 in the main control section.
72,151,MPS751,mention,"QCX 5W CW transceiver kit revision history, identified as the replacement transistor for Q6 in later kit batches."
73,2,MPS751,none,"Table of contents entry for section 3.44, directing the reader to the page for installing transistor Q6."
73,9,MPS751,reference,"QCX 5W CW transceiver kit parts list, listed as Q6."
73,15,MPS751,reference,"QCX 5W CW transceiver kit inventory list, listed as MPS751 TO92 transistor."
73,43,MPS751,project,"Transistor Q6 in the QCX 5W CW transceiver kit, installed in step 3.44 with orientation matching the PCB silkscreen."
73,114,MPS751,project,"QCX transceiver kit, used as Q6 in the audio amplifier section near C32 and R64."
73,147,MPS751,none,Revision history entry identifying the replacement transistor for Q6 and the current parts inventory.
74,2,MPS751,none,Listed in the assembly manual's table of contents as a step to install MPS751 transistor Q6.
74,9,MPS751,reference,"QCX 5W CW transceiver kit parts list, listed as Q6, a TO92 transistor."
74,15,MPS751,reference,"QCX 5W CW transceiver kit inventory list, listed as MPS751 TO92 transistor."
74,43,MPS751,project,"The QCX 5W CW transceiver kit, installed as transistor Q6 with orientation matching the PCB silkscreen."
74,108,MPS751,project,"QCX transceiver, used in the key shaping and audio output stages."
74,141,MPS751,reference,Revision history entry identifying the replacement transistor for Q6 and the current inventory part for the QCX kit.
75,2,MPS751,none,"Listed in the table of contents as the heading for section 3.44, directing the reader to the installation page."
75,9,MPS751,reference,"QCX 5W CW transceiver kit parts list, listed as Q6, a TO92 transistor."
75,15,MPS751,reference,"QCX 5W CW transceiver kit inventory list, identified as a TO92 transistor with 4 pieces required."
75,43,MPS751,project,"The QCX 5W CW transceiver kit, installed as transistor Q6 with specific orientation and wire length requirements."
75,109,MPS751,project,"QCX transceiver kit, used in the RX/TX Switch section near C32 and R64."
75,142,MPS751,mention,"Named in revision history as the replacement transistor for Q6, superseding the MPS2907."
76,2,MPS751,none,"Table of contents entry for section 3.43, listing the installation step for transistor Q6."
76,8,MPS751,reference,"QCX 5W CW transceiver kit parts list, listed as transistor Q6."
76,14,MPS751,reference,"QCX 5W CW transceiver kit inventory list, listed as TO92 transistor for component identification."
76,42,MPS751,project,"The QCX 5W CW transceiver kit, installed as transistor Q6 with specific orientation and wire length instructions."
76,108,MPS751,project,"QCX transceiver, used in the key shaping and interface sections."
76,141,MPS751,none,Revision history entry stating Q6 transistor was changed to MPS751 from MPS2907.
76,142,MPS751,mention,"QCX 5W CW transceiver kit assembly manual revision history, listed as a change to the current parts values."
77,2,MPS751,none,Listed in the table of contents as the subject of assembly step 3.43.
77,9,MPS751,reference,"QCX 5W CW transceiver kit parts list, listed as Q6."
77,17,MPS751,reference,"QCX 5W CW transceiver kit parts list, listed as 1pcs TO92 transistor."
77,45,MPS751,project,"Transistor Q6 in the QCX transceiver kit, installed per assembly section 3.43 with orientation warning."
77,119,MPS751,project,"QCX 5W CW transceiver kit, used in the oscillator and DVM sections."
77,157,MPS751,mention,QCX 5W CW transceiver kit revision history; noted as the replacement transistor for Q6 in later PCB revisions.
79,2,MPS751,none,Listed in the table of contents as section 3.43 for installing transistor Q6.
79,8,MPS751,reference,"QCX 5W CW transceiver kit parts list, listed as Q6, a TO92 transistor."
79,42,MPS751,project,"QCX 5W CW transceiver kit assembly; installed as transistor Q6, with instructions to match PCB silkscreen orientation."
79,141,MPS751,mention,"QRP Labs QCX kit revision history, noted as the replacement for Q6 in later kit batches."
7a,3,MPS751,none,Listed in the assembly manual table of contents as the transistor Q6 to be installed.
7a,8,MPS751,reference,"QCX 5W CW transceiver kit parts list, listed as Q6, a TO92 transistor."
7a,42,MPS751,project,"QCX 5W CW transceiver kit, installed as transistor Q6 with specific orientation and wire bending instructions."
7a,141,MPS751,mention,"QCX 5W CW transceiver kit revision history, identified as the replacement for Q6 in later batches."
7b,2,MPS751,none,"Table of contents entry for section 3.43, directing the reader to the transistor installation page."
7b,8,MPS751,reference,"QCX 5W CW transceiver kit parts list, listed as Q6 PNP transistor."
7b,14,MPS751,reference,"QCX 5W CW transceiver kit parts list, noted as equivalent to the shown MPS2907 transistor."
7b,41,MPS751,project,"QCX 5W CW transceiver kit, installed as transistor Q6 with specific orientation and soldering instructions."
7b,115,MPS751,mention,QCX 5W CW transceiver kit keying circuit; noted as the replacement for transistor Q6 in the PNP integrator stage.
7b,139,MPS751,mention,QRP Labs QCX kit version history; listed as the updated transistor type for Q6 replacing the MPS2907.
7c,7,MPS751,reference,"QCX 5W CW transceiver kit parts list, listed as Q6, a TO92 transistor."
7c,40,MPS751,project,"QCX 5W CW transceiver kit assembly, installed as transistor Q6 with specific orientation and wire length instructions."
7c,138,MPS751,none,Revision history note stating the change to Q6 transistor in the QCX kit from the previous batch.
7d,7,MPS751,reference,"QCX 5W CW transceiver kit parts list, listed as Q6, a TO92 transistor."
7d,40,MPS751,project,"QCX 5W CW transceiver kit, installed as transistor Q6 with specific orientation and wire length instructions."
7d,138,MPS751,mention,"QCX assembly manual revision history, identified as the replacement for Q6 in later kit batches."
7e,7,MPS751,reference,"QCX 5W CW transceiver kit parts list, listed as Q6, a TO92 PNP transistor."
7e,138,MPS751,mention,"QCX kit version history, listed as the replacement type for transistor Q6 in version 1.07."
7g,16,MPS751,project,"The transistor for Q6 in the QCX transceiver, requiring careful orientation matching the PCB layout."
7h,48,MPS751,mention,QCX 5W CW transceiver kit revision notes; identified as the original Q6 component replaced in Rev1.07.
7i,1,MPS751,project,"QCX 5W CW transceiver, used as Q6 in the audio interface section near the microcontroller."
8b,4,MPS751,project,"In the QCX 5W CW transceiver, identified as the component in the keying circuit where C31, R41, and R42 values were adjusted to fix key clicks."
8e,2,MPS751,none,"Listed in the assembly table of contents as step 3.19, directing the reader to the installation page."
8e,8,MPS751,reference,"QCX-mini parts list, listed as TO92 transistor Q6."
8e,46,MPS751,project,"The QCX-mini 5W CW transceiver kit, installed as transistor Q6 with specific orientation instructions."
8e,83,MPS751,project,QCX-mini transceiver; listed as Q6 in the audio output stage near R64.
8f,2,MPS751,none,"Table of contents entry for section 3.19, directing the reader to the assembly page for transistor Q6."
8f,8,MPS751,reference,"QCX-mini parts list, listed as Q6, TO92 transistor."
8f,46,MPS751,project,"The QCX-mini 5W CW transceiver kit, installed as transistor Q6 with specific orientation instructions."
8f,84,MPS751,project,"QCX-mini transceiver, used as Q6 in the RX/TX Switch section."
8h,2,MPS751,none,"Table of contents entry for section 3.19, listing the installation of MPS751 transistor Q6."
8h,8,MPS751,reference,"QCX-mini parts list, listed as Q6, a TO92 transistor."
8h,52,MPS751,project,"The QCX-mini 5W CW transceiver kit, installed as transistor Q6 with specific orientation instructions."
8h,96,MPS751,project,"QCX-mini transceiver, listed in the power meter and audio output section."
8j,1,MPS751,project,"QCX-mini transceiver, the transistor Q6 in the audio output stage."
9n,2,MPS751,none,"Table of contents entry for section 3.44, directing the reader to the page for installing transistor Q6."
9n,8,MPS751,reference,"QCX+ parts list, listed as Q6, a TO92 transistor."
9n,17,MPS751,reference,"QCX+ inventory parts list, identified as a TO92 transistor with 6 pieces required."
9n,53,MPS751,mention,"QCX+ 5W CW transceiver kit, named as Q6 transistor whose new batch characteristics necessitated the R42 resistor change."
9n,65,MPS751,project,"The QCX+ 5W CW transceiver kit, installed as transistor Q6 with specific orientation instructions."
9n,102,MPS751,project,"QCX+ transceiver, used as Q96 in the Interface section near the LCD and buttons."
9o,2,MPS751,none,Listed in the table of contents as section 3.44 for installing MPS751 transistor Q6.
9o,8,MPS751,reference,"QCX+ transceiver kit parts list, listed as Q6."
9o,17,MPS751,reference,"QCX+ 5W CW transceiver kit inventory list, identified as a TO92 transistor with 6 pieces required."
9o,65,MPS751,project,"The QCX+ 5W CW transceiver kit, installed as transistor Q6 with specific orientation and wire bending instructions."
9o,103,MPS751,project,"QCX+ transceiver, used as Q96 in the audio interface section near R64."
9p,2,MPS751,none,"Listed in the table of contents as section 3.44, directing the reader to the page for installing transistor Q6."
9p,8,MPS751,reference,"QCX+ 5W CW transceiver kit parts list, listed as Q6."
9p,17,MPS751,reference,"QCX+ 5W CW transceiver kit inventory, listed as a TO92 transistor with 6 pieces."
9p,65,MPS751,project,"The QCX+ 5W CW transceiver kit, installed as transistor Q6 with specific orientation and wire bending instructions."
9p,103,MPS751,project,"QCX+ transceiver, used as Q6 in the interface section."
9q,2,MPS751,none,"Table of contents entry for section 3.44, directing the reader to the page for installing transistor Q6."
9q,8,MPS751,reference,"QCX+ 5W CW transceiver kit parts list, listed as Q6."
9q,17,MPS751,reference,"QCX+ 5W CW transceiver kit inventory, listed as a TO92 transistor with 6 pieces."
9q,65,MPS751,project,"QCX+ 5W CW transceiver kit, installed as transistor Q6 with specific orientation instructions."
9q,149,MPS751,project,"QCX+ transceiver, used as Q6 in the interface section near the LCD and buttons."
9r,3,MPS751,none,Listed in the table of contents as the transistor Q6 installation section.
9r,9,MPS751,reference,"QCX+ kit parts list, listed as Q6."
9r,19,MPS751,reference,Listed as a TO92 transistor in the QCX+ component photo section for assembly verification.
9r,53,MPS751,project,"The transistor designated Q6 in the QCX+ kit, with instructions on bending leads and aligning the flat face to the PCB."
9s,27,MPS751,project,QCX+ transceiver; listed in the parts list near C32 and R64.
9u,3,MPS751,none,"Index entry in the QCX+ manual table of contents, listing the installation of transistor Q6."
9u,12,MPS751,reference,"Listed as Q6, a TO92 Transistor in the QCX+ 5W CW transceiver kit parts list."
9u,22,MPS751,reference,"QCX+ 5W CW transceiver kit inventory list, listed as transistor."
9u,72,MPS751,project,"The QCX+ 5W CW transceiver kit, installed as transistor Q6 with specific orientation instructions."
9u,164,MPS751,project,"QCX+ transceiver schematic, listed in the parts list near Q6 and C32."
9v,1,MPS751,project,"QCX+ transceiver, listed as Q6 in the interface section near C32 and R64."
9x,1,MPS751,project,"QCX+ transceiver schematic, listed as Q6 in the interface section near the LCD and buttons."
ah,3,MPS751,project,"QCX kit transistor, identified as the single non-BS170 device located at designator Q6."
ah,24,MPS751,project,"QRP Labs QCX keying circuit; Q6 is an MPS751 PNP transistor performing keying envelope shaping, checked at its collector."
ai,4,MPS751,project,"QCX transmitter troubleshooting, identified as the specific transistor required at position Q6, distinct from the BS170s."
ai,35,MPS751,project,QCX transceiver keying circuit; Q6 transistor collector voltage check for key input envelope.
10,4,NE5532,project,"QMX receiver schematic, listed as IC404A and IC404B in the I2S clock and data conditioning stage."
11,4,NE5532,project,"QMX receiver schematic, used as IC404A and IC404B in the I2S clock and data conditioning section."
12,4,NE5532,project,"QMX transceiver audio section, IC404A and IC404B amplifiers handling 12S serial audio signals."
1r,8,NE5532,reference,"QCX-mini parts list, listed as a substitute for OPA2277 at IC10."
1x,8,NE5532,reference,"QCX+ parts list, listed as IC6-10, 8-pin dual op-amps."
1x,25,NE5532,project,"QCX+ transceiver kit, specified as IC6-10 for kits supplied from July 2022 onward."
1x,136,NE5532,mention,"QCX+ assembly manual revision history, identified as IC6-10 in kits produced from July 2022 onward."
45,1,NE5532,project,"QRP Labs Receiver module kit parts list, listed as IC5 and IC6, dual op-amps."
45,3,NE5532,project,"QRP Labs Receiver module, IC5 and IC6 used as second-stage op-amps for biasing and signal processing, noted as less critical than the first stage."
45,7,NE5532,project,"QRP Labs receiver module, an alternative op-amp for IC5 and IC6, depending on kit contents."
45,24,NE5532,reference,QRP Labs receiver module revision history; noted as an acceptable alternative for IC5 and IC6 in the parts list.
8e,8,NE5532,reference,"QCX-mini parts list, noted as a substitute for OPA2277 at IC10."
9n,8,NE5532,reference,"QCX+ parts list, listed as IC6-10, dual op-amps replacing LM4562."
9n,25,NE5532,project,"The QCX+ 5W CW transceiver kit, specified as IC6-10 for kits supplied from July 2022 onward."
9n,136,NE5532,mention,"QCX+ manual revision history, identified as IC6-10 in kits produced from July 2022 onward."
e,15,NE5532,reference,"QMX+ parts list, listed as IC404 in SOIC-8 package."
g,15,NE5532,reference,"QMX+ parts list, listed as IC404 in SOIC-8 package."
k,5,NE5532,project,"QMX+ receiver schematic, listed as IC404A and IC404B in the audio input stage near X401."
l,5,NE5532,project,"QMX+ transceiver digital section, used as IC404A and IC404B for I2S clock and data conditioning."
m,16,NE5532,reference,"QMX+ parts list, listed as IC404, a SOIC-8 audio amplifier."
n,5,NE5532,project,"QMX+ transceiver schematic, used as IC404A and IC404B in the audio input stage."
p,47,NE5532,project,"QMX+ audio output stage, two op-amps driving left and right headphone channels."
q,5,NE5532,project,"QMX+ transceiver schematic, identified as IC404A and IC404B in the audio interface stage."
r,5,NE5532,project,"QMX+ Rev 1 schematic, identified as IC404A and IC404B in the headphone amplifier stage."
v,19,NE5532,reference,"QMX transceiver kit parts list, listed as IC404 in a SOIC-8 package."
w,4,NE5532,project,"QMX receiver schematic, IC404A and IC404B buffering I2S clock and data signals for the DAC."
x,18,NE5532,reference,"QMX transceiver kit parts list, listed as one SMD amplifier IC404 in SOIC-8 package."
y,18,NE5532,reference,"QMX transceiver kit parts list, listed as one SMD amplifier IC404."
z,4,NE5532,project,"QMX receiver schematic, IC404A and IC404B op-amps buffering I2S signals to the CS4334 DAC."
bu,1,NF40,none,"Grid square label on the WSPR propagation map, not a component."
bu,1,NF41,none,"Grid square label on the WSPR propagation map, not a component."
1s,14,OC252,project,"OC252 on the QCX-mini main PCB layout, positioned near R250, R251, C242, and R252."
1u,15,OC252,project,"The QCX-mini PCB layout, shown near C242 and R252 on the track diagram."
8f,14,OC252,project,"The QCX-mini main PCB layout, positioned near R250, R251, and C242 in the track diagram."
8h,15,OC252,project,"The QCX-mini PCB layout, shown near C242 and R252 on the track diagram."
bm,1,OC48,project,"OC48 in the QCX+ 5W CW transceiver kit schematic, located near JP8 and JP23."
bt,1,OC48,none,"OCR artifact near JP8 and 4562NA, not a component reference."
39,9,OD403,project,"In the 10W HF Linear PA schematic, labelled as Q206 near the bias supply."
1r,8,OPA2277,reference,"QCX-mini parts list, listed as dual op-amp IC10."
1s,8,OPA2277,reference,"QCX-mini parts list, listed as IC6-10, SMD dual op-amps."
1u,8,OPA2277,reference,"QCX-mini parts list, listed as IC6-10, dual op-amps."
8e,8,OPA2277,reference,"QCX-mini parts list, listed as SMD dual op-amp IC10."
8f,8,OPA2277,reference,"QCX-mini parts list, listed as IC6-10, SMD dual op-amps."
8h,8,OPA2277,reference,"QCX-mini parts list, listed as IC6-10, dual op-amps."
2d,22,PH2,reference,"QDX QLG2 board serial port connection diagram, identifying the row of 6 pads for RX and TX signals."
2j,21,PH2,none,Label for the row of 6 pads on the QLG2 GPS Receiver module used to connect RX and TX signals.
2k,20,PH2,none,Label for the row of 6 pads on the QLG2 GPS Receiver module used for serial connections.
2l,20,PH2,none,Label for the row of 6 pads on the QLG2 GPS Receiver module board used for RX and TX connections.
36,23,PH2,project,"QLG2 GPS receiver kit schematic; labelled near IC3 and R10, likely a test point or header pin."
7o,10,PH2,project,"QLG2-SE GPS receiver kit, a connector pin associated with the RXD and TXD signals."
8d,10,PH2,project,QLG2-SE GPS receiver kit schematic; a header pin connected to the RXD and TXD lines.
9k,23,PH2,project,"QLG2 GPS receiver kit schematic, a test point or header pin located near IC3 and R10."
36,23,PH3,project,QLG2 GPS receiver kit schematic; labelled near the +3V3 supply and IC3 area.
37,1,PH3,project,"QRP Labs QLG2 GPS receiver kit schematic, labelled near R12 and C1."
38,1,PH3,project,"QRP Labs QLG2 GPS receiver kit, labelled near C1 and U2 on the schematic."
7o,3,PH3,none,"Label on the QLG2-SE board diagram, positioned beside IC2 and PH4."
7o,10,PH3,project,"QLG2-SE GPS receiver kit, a connector pin associated with the 1PPS signal and IC1A."
8d,3,PH3,none,"Label on the QLG2-SE PCB layout diagram, positioned beside IC2 and PH4."
8d,10,PH3,project,QLG2-SE GPS receiver kit schematic; a header pin connected to the 1PPS signal and IC1A.
9k,23,PH3,project,"QLG2 GPS receiver kit schematic, a test point or header pin associated with the MIC5219-3.3 regulator and IC3."
9l,1,PH3,project,"The QLG2 GPS receiver kit schematic, labelled near R12 and C1."
9m,1,PH3,project,"QRP Labs QLG2 GPS receiver kit, labelled near C1 and U2 on the schematic."
aa,1,PH3,none,"Label on the QLG2 module board photo, positioned beside R12."
36,23,PH4,project,"QLG2 GPS receiver kit schematic; labelled near IC1B and R10, likely a test point or header pin."
38,1,PH4,project,"QRP Labs QLG2 GPS receiver kit, labelled near D1, U2, and R3 on the schematic."
7o,3,PH4,none,"Label on the QLG2-SE board diagram, positioned beside IC2 and PH3."
7o,10,PH4,project,"QLG2-SE GPS receiver kit, a connector pin associated with the 1PPS signal and LED1."
8d,3,PH4,none,"Label on the QLG2-SE PCB layout diagram, positioned beside IC2 and PH3."
8d,10,PH4,project,QLG2-SE GPS receiver kit schematic; a header pin connected to the LED1 and IC1A.
9k,23,PH4,project,"QLG2 GPS receiver kit schematic, a test point or header pin located near IC1B and R10."
9m,1,PH4,project,"QRP Labs QLG2 GPS receiver kit, labelled near D1, U2, and R3 on the schematic."
aa,1,PH4,none,"Label on the QLG2 module board photo, positioned beside D2."
ao,1,PL44,none,"Grid locator for station 0C4QQE in the WSJT-X decode log, not a component."
6k,1,PP3,none,9V battery type mentioned as a power source option for the QCX in a spy radio set.
6k,1,RD16HHF1,project,MOSFET used by Andrey R1CF to build a 10W driver for his dual-QCX setup.
10,1,SS14,project,"QMX power supply schematic, diodes D106 and D105 serve as Schottky rectifiers for the 5V and 3.3V switching outputs."
10,5,SS14,project,"QMX transmitter schematic, used as diodes D502, D514, and D509 in the TX bias and LPF sections."
11,1,SS14,project,"QMX power supply schematic, used as D106 and D108 in the 5V and 3.3V regulator rectification."
11,5,SS14,project,"QMX transmitter schematic, used as diodes D502, D509, and D514 in the PA and filter stages."
12,1,SS14,project,"QMX power supply schematic, D106 and D108, Schottky diodes in the 5V regulator input and feedback paths."
12,5,SS14,project,"QMX transceiver RF section, used as Schottky diodes D502, D509, and D514 in the PA and filter stages."
2c,9,SS14,reference,"QDX Digital Transceiver parts list, listed as SMD DO-214AC diode D6."
2c,44,SS14,project,"QDX Digital Transceiver schematic, used as diode D11 in the RF section near L17."
2e,1,SS14,project,"QDX Digital Transceiver, Schottky diode D11 in the power supply filtering section."
2f,9,SS14,reference,"QDX Digital Transceiver parts list, listed as SMD DO-214AC diode D6."
2f,43,SS14,project,"QDX Digital Transceiver schematic, diode D11 in the power supply or protection circuit near L17."
2n,1,SS14,project,QDX Digital Transceiver schematic; diode D11 in the power supply or protection circuit near IC3.
4r,1,SS14,project,"LightAPRS-W tracker schematic, labelled near D1, R11, and C11."
4s,1,SS14,project,"LightAPRS-W tracker schematic, labelled near D1 and R11 in the power section."
4t,1,SS14,project,"LightAPRS-W tracker schematic, labelled near D1 and R1 in the power section."
ac,1,SS14,project,"QRP Labs SMPS step change schematic; Schottky diodes D106 and D108 on Plug-in PCB #2, part of the rectification stage."
e,15,SS14,reference,"QMX+ parts list, listed as 5 SMD diodes D106 through D515."
g,15,SS14,reference,"QMX+ parts list, listed as 5 SMD diodes D106, D107, D502, D514, D515."
k,2,SS14,project,"QMX+ power supply, used as D106 and D107 in the rectification or protection circuitry."
k,6,SS14,project,"QMX+ transmitter schematic, used as Schottky diodes in the TX bias and LPF1 circuits."
l,2,SS14,project,"QMX+ power supply, D106 and D108, Schottky diodes in the switching regulator output."
l,6,SS14,project,"QMX+ transmitter schematic, used as Schottky diodes in the TX bias and LPF circuits."
m,16,SS14,reference,"QMX+ parts list, listed as 5 SMD diodes for D106, D107, D502, D514, D515."
n,2,SS14,project,"QMX+ SMS power supply, D106 and D108, Schottky diodes in the 5V and 3.3V regulator output stages."
n,6,SS14,project,"QMX+ transmitter schematic, used as diodes D502, D514, D515 in the bias and filter sections."
p,48,SS14,project,"QMX+ SWR bridge, used as diodes D514 and D515 to feed forward and reverse ADC inputs."
p,50,SS14,project,"QMX+ PIN bias circuit, labelled D11, the switch diode near L17."
p,56,SS14,project,"QMX+ power supply, used as D107 in the buck converter circuit near L102."
p,58,SS14,project,"QMX+ power supply, D106 diode near L101 and C817 in the 5V soft-start section."
q,2,SS14,project,"QMX+ power supply schematic, D106 and D108, Schottky diodes in the input rectification and feedback circuit."
q,6,SS14,project,"QMX+ transceiver schematic, used as diodes D502 and D509 in the TX bias network."
r,2,SS14,project,"QMX+ SMS power supply schematic, D106 and D108 serving as Schottky diodes in the 5V and 3.3V regulator outputs."
r,6,SS14,project,"QMX+ Rev 1 schematic, used as Schottky diodes D502 and D508 in bias and filter circuits."
u,1,SS14,project,"QMX+ power supply, D106 and D108, Schottky diodes in the 5V and 3.3V buck converter outputs."
v,19,SS14,reference,"QMX transceiver kit parts list, listed as five SMD diodes D106, D107, D502, D514, and D515."
w,1,SS14,project,"QMX power supply schematic; D106 and D108, Schottky diodes in the 5V and 3.3V regulator outputs."
w,5,SS14,project,"QMX transmitter schematic, used as D502, D509, and D516 in the power and filter stages."
x,18,SS14,reference,"QMX transceiver kit parts list, listed as five SMD diodes D106, D107, D502, D514, and D515."
y,18,SS14,reference,"QMX transceiver kit parts list, listed as five SMD diodes D106, D107, D502, D514, and D515."
z,1,SS14,project,"QMX power supply schematic, diodes D106 and D108, likely Schottky diodes for rectification in the 5V switching regulator."
z,5,SS14,project,"QMX transmitter schematic, used as D502, D509, and D516 in the PA and bias circuits."
6k,1,TL072,project,Op-amp used to replace IC6-IC10 in a low-power QCX modification by a builder.
1r,8,TLC2262,reference,"QCX-mini parts list, listed as dual op-amps IC6-9."
8e,8,TLC2262,reference,"QCX-mini parts list, listed as SMD dual op-amps IC6-9."
5m,1,UL404,none,The Spiderbeam UL-404 off-center-fed dipole antenna used for testing the MFJ-225 analyzer.
11,4,X401,project,"QMX receiver schematic, a crystal oscillator connected to the CS4334 DAC and IC401 microcontroller."
12,4,X401,project,"QMX transceiver audio section, crystal oscillator connected to the CS4334 DAC and NE5532 amplifiers."
p,38,X401,project,"QMX+ transceiver PCB layout, shown as a crystal oscillator reference in the component placement diagram."
q,5,X401,project,"QMX+ transceiver schematic, connected to TIP, RING, and SW lines for the handset interface."
r,5,X401,project,"QMX+ Rev 1 schematic, the audio jack connector with TIP, RING, and GND pins."
v,10,X401,project,"QMX transceiver kit assembly diagram, labelled near X101, R109, and C413 on the board layout."
w,4,X401,project,"QMX receiver schematic, crystal oscillator providing the MCLK reference for the I2S audio chain."
x,9,X401,project,"QMX transceiver assembly diagram, labelled near X101 and C429 on the board layout."
x,15,X401,project,"QMX transceiver assembly schematic, labelled near X101 and X201 in the RF section."
y,9,X401,project,"QMX transceiver assembly diagram, labelled near X101 and C429 on the board layout."
