doc,page,part,kind,line
9,39,0A2,reference,Listed as V4 in the parts list for the sweep generator converter.
6,128,0B2,project,"Leasebreaker transmitter, listed as V5 in the tube complement table."
a,97,0B2,reference,"Listed as V1 in the control unit parts list, specified as a 0B2 tube."
4,158,0D3,reference,"Listed in the parts list for the recording unit, designated V5 and V6."
5,76,0D3,project,"Small Fry Crystal Set power supply, listed as a voltage regulator (0D3/VR150) in the schematic notes."
0,91,117P7GT,reference,"Listed as a required tube in the parts list for the Selective, Fixed Detector Crystal Set."
e,96,117Z3,reference,"Listed in the vacuum tube directory table, appearing alongside other tube types like 5642 and 117Z4G1."
e,97,117Z3,reference,"Example tube in the directory table, described as a 117-volt diode for half-wave rectification."
e,99,117Z3,technique,"Example tube in directory reading guide, shown as a half-wave rectifier with one plate and filament."
e,129,117Z3,mention,"Named in the tube manual article as having a style T-51/2 bulb, similar to the 9002."
e,99,117Z6GT,technique,"Example tube in directory reading guide, described as a double diode for voltage doubler circuits."
8,52,12A6,project,"Modified-Miller oscillator circuit, shown as the original tube in the plate circuit diagram."
x,58,12AC6,project,"The 5-tube superheterodyne receiver, combining detection and voltage amplification in the audio amplifier section."
y,64,12AC6,project,"The 5-tube superheterodyne receiver, performing detection and voltage amplification in the audio amplifier section."
1,34,12AT6,project,"Clock Radio, the tube whose plate connects to the 50C5 grid via a coupling capacitor."
2,111,12AT6,mention,"Example of a 12-volt filament tube in the adapter article, listed as compatible with the 12SQ7GT."
1,43,12AT7,reference,Listed as the Converter tube in a typical TV receiver tube complement.
2,51,12AT7,project,"Wireless record player transmitter, listed as the twin triode tube for the modulator and oscillator stages."
2,52,12AT7,mention,Listed as an alternative tube to the 12AU7 for the transmitter circuit in the pictorial plan.
3,75,12AT7,project,"Listed as V4 in the parts list for the TV oscilloscope, paired with a 6AK6."
3,76,12AT7,project,"TV oscilloscope sweep circuit, used in the multivibrator section with frequency range controls."
4,26,12AT7,project,"Listed in the wiring diagram for the 1959 radio-TV project, appearing three times near ground and B+ connections."
4,27,12AT7,project,Transmitter-receiver project; used in the audio amplifier section and as the receiver RF amplifier.
4,28,12AT7,project,"Transmitter-receiver project; used for detector, crystal oscillator, RF amplifier, and audio amplifier stages."
4,47,12AT7,project,"The single tube in the 27-200 Mc receiver, acting as super-regenerative detector and audio amplifier."
4,49,12AT7,project,"One-tube 27-200 Mc receiver, listed as V1, the radio tube in the circuit."
4,54,12AT7,project,"The relay-driven unit's AF amplifier stages, with each triode section comprising a separate amplifier."
4,55,12AT7,project,"The receiver 12AT7 in the relay-driven transmitter and receiver unit, plugged in during final testing."
4,56,12AT7,project,"Relay-driven transmitter and receiver unit, appearing in the schematic near L3 and the tuning cap."
4,57,12AT7,project,"Relay-driven transmitter and receiver unit, listed in the parts list and used in the oscillator-mixer section."
4,222,12AT7,project,"The 1959 Radio-TV Experimenter project, shown in the wiring diagram with three tubes labeled 12AT7."
4,223,12AT7,project,"Transmitter-receiver project, used as the audio amplifier and receiver RF amplifier stages."
4,224,12AT7,project,"The transceiver's dual-triode tube, used for the detector, oscillator, and audio amplifier stages."
4,243,12AT7,project,"The single tube in the 27-200 Mc receiver, acting as both super-regenerative detector and audio amplifier."
4,245,12AT7,project,"One-tube 27-200 Mc receiver project, listed as V1, the radio tube."
4,250,12AT7,project,The speech amplifier and AF amplifier stages in the transmitter and receiver sections.
4,251,12AT7,project,"The receiver tube in the relay-driven transmitter and receiver unit, plugged in during final testing."
4,252,12AT7,project,"Relay-driven transmitter and receiver unit, shown in the VFO and IFT stages near L3 and L4."
4,253,12AT7,project,"Relay-driven transmitter and receiver unit, listed in the parts list and shown in the oscillator-mixer schematic."
6,29,12AT7,project,"Two-meter transceiver audio section, where one half acts as an AF amplifier and the other as a crystal oscillator."
6,30,12AT7,project,"Two-meter transceiver build; used in AF amp, voice receiver, and mixer stages per chassis layout."
6,31,12AT7,project,"Two-meter transceiver audio section, serving as the speech amplifier and multivibrator for modulated CW."
6,32,12AT7,reference,Listed in the materials list for the two-meter station build.
6,33,12AT7,project,"Two-meter transceiver, used as the AF amplifier and the crystal oscillator tube."
6,35,12AT7,project,"Two-meter transceiver transmitter schematic, labelled near L2 in the oscillator section."
6,36,12AT7,project,"Two-meter transceiver, labelled near the tuning meter circuit and R-T switch connections."
7,25,12AT7,project,"The Acey-Deucey VHF receiver, serving as the RF-detector unit."
7,26,12AT7,project,"Acey-Deucey VHF receiver, labelled as the AF amplifier in the chassis layout diagram."
7,27,12AT7,project,"Acey-Deucey VHF receiver, used in the audio amplifier stage and listed in the parts list."
8,42,12AT7,project,"Puddle Jumper receiver, listed as part of the Audio Frequency Section with the 6V6."
8,43,12AT7,project,"Puddle Jumper receiver, used as V1, V2, V3, and V4 for the receiver amplifier and microphone stages."
8,44,12AT7,project,"Puddle Jumper receiver, labelled as REC RF AND DET. OUTPUT TRANSFORMER in the top view layout."
8,47,12AT7,reference,Listed in the Puddle Jumper 2-meter station materials list as a required vacuum tube.
8,49,12AT7,project,"Puddle Jumper 2-meter station, listed in the power transformer section of the wiring diagram."
8,121,12AT7,project,"The Companion radio's single tube, using one triode as regenerative detector and the other as audio amplifier."
8,122,12AT7,project,"The dual triode tube in the Companion one-tube radio, handling regeneration and audio output stages."
8,123,12AT7,reference,"Listed as V1, the electron tube, in the materials list for the Companion one-tube radio."
e,98,12AT7,reference,"The subject of this directory page, listing its heater arrangements, capacitances, maximum ratings, and characteristics."
e,99,12AT7,technique,"Example tube in directory reading guide, used in a resistance-coupled amplifier circuit diagram."
e,129,12AT7,reference,Described in the RCA Receiving Tube Manual as a 9-pin miniature high-mu twin triode.
e,130,12AT7,technique,"RCA Receiving Tube Manual data reading article, used as the example tube for resistance-coupled amplifier characteristics."
o,32,12AT7,project,"Oscillator stage of the 30-50 MHz FM receiver circuit, shown in the VFO modification diagram."
q,70,12AT7,project,"The Super Squared 3 receiver, serving as the mixer stage V1A feeding the superregen detector."
q,71,12AT7,project,"Super Squared 3 receiver, V2A in the RF stage with R5 and C8."
z,20,12AT7,reference,Listed as a possible vertical output tube in console TV sets for short and squatty picture.
z,22,12AT7,reference,"TV Cure-All troubleshooting guide, listed as a probable sync tube type in portable TV sets."
1,43,12AU7,reference,"Listed in the TV receiver tube complement, positioned between the Converter and Sync stages."
1,49,12AU7,project,"The dual triode in the 1-tube loudspeaker receiver, serving as detector and AF amplifier."
1,50,12AU7,project,"Tiny Loudspeaker Radio, listed in materials and shown in schematic as the tuning stage tube."
1,51,12AU7,project,"Tiny Loudspeaker Radio, mentioned for its cathode pins (3 and 8) when grounding the chassis."
2,51,12AU7,project,"Wireless record player transmitter, listed as an alternative twin triode tube for the modulator and oscillator stages."
2,52,12AU7,project,The main tube specified for the wireless record player transmitter circuit in the pictorial plan.
2,102,12AU7,project,"The dual triode in the single-tube receiver, acting as detector and audio amplifier."
2,103,12AU7,project,"Single-tube super-regenerative receiver, listed in the materials list as the tube for the receiver stage."
2,104,12AU7,mention,Named in the mercury switch circuit note as the tube whose cathodes (pins 3 and 8) connect to a capacitor for chassis grounding.
3,75,12AU7,project,"Listed as V5 and V6 in the parts list, and used in the amplifier gain calculation."
4,158,12AU7,reference,"Listed in the parts list for the recording unit, designated V2 and V3."
5,127,12AU7,project,"The V-7A VTVM, where its two triode sections are checked for balance during meter zero adjustment."
5,131,12AU7,project,VTVM tube; its two triode sections are checked for balance to calibrate the meter.
6,152,12AU7,reference,Listed in Table A as a representative tube type for voltage and current testing.
9,29,12AU7,project,"Tube V1 in the timer circuit, acting as a multivibrator type oscillator to generate timing pulses."
9,30,12AU7,project,"V1 in the Electronic Metronome-Seconds Timer, shown with C3, C4, and R4 in the schematic."
a,68,12AU7,mention,Named as an example of a twin-triode tube requiring matched sections for push-pull stages.
e,95,12AU7,reference,"Example in the tube designation section, cited to illustrate the 12.6-volt filament voltage rule."
g,39,12AU7,advert,"Whitecrest Model APS-100 stereo integrated control amplifier, listed in its tube complement as 2-12AU7."
z,20,12AU7,reference,Listed as a possible vertical output tube in console TV sets for short and squatty picture.
z,22,12AU7,reference,"TV Cure-All troubleshooting guide, listed as a probable sync tube type in both console and portable sets."
6,37,12AU7A,project,"The Economy Frequency Standard oscillator, used as a parallel-connected high-C Colpitts tube mounted outside the cabinet."
6,38,12AU7A,project,"Economy Frequency Standard project, listed in the parts list as the tube required for the circuit."
1,58,12AV6,reference,Listed in the materials list as an alternative detector-amplifier tube for the intercom connection.
1,114,12AV6,project,"Listed in the materials for the converted radio, serving as the miniature diode detector, amplifier, and AVC tube."
1,115,12AV6,project,"Tube in the modern superhet converter schematic, listed alongside 12BE6 and 12BA6."
1,116,12AV6,project,"The detector tube in the superhet conversion, wired first in the series filament string to minimize hum."
2,60,12AV6,project,"In the 5-tube switch superhet schematic, listed as a tube in the power supply section."
2,111,12AV6,mention,"Example of a 12-volt filament tube in the adapter article, listed as compatible with the 12SQ7GT."
3,83,12AV6,project,"The electric phonograph amplifier, serving as the triode input stage in the pictorial diagram."
4,135,12AV6,reference,Identified as the detector-AVC-voltage amplifier tube in typical 4- to 6-tube table radios.
8,108,12AV6,project,"The converter tube in the RF circuitry diagram, located beside R1, R2, and R3."
o,26,12AV6,project,"V3 in the CW Monitor circuit, labeled for the AF power amp stage."
x,57,12AV6,project,The detector diodes and triode voltage amplifier in the typical 5-tube superhet receiver circuit.
x,59,12AV6,reference,Listed in the tube complement of the 5-tube superheterodyne receiver power supply diagram.
y,63,12AV6,project,The detector diodes and triode voltage amplifier in the typical 5-tube superhet receiver diagram.
y,64,12AV6,project,"The 5-tube superheterodyne receiver, serving as the voltage amplifier in the audio section."
y,65,12AV6,project,"The 5-tube superheterodyne receiver power supply, shown in Fig. 6 as a rectifier tube."
1,101,12AX7,project,"Wireless Broadcaster phono oscillator, used as an equalized preamplifier or straight preamp with crystal mike."
1,102,12AX7,project,"The oscillator tube in the Wireless Broadcaster phono oscillator, shown in the pictorial wiring diagram."
2,34,12AX7,project,"The amplifier's preamp tube, listed in the parts list and mounted on the chassis."
2,35,12AX7,project,"The twin triode in the guitar amplifier, providing the input stage and interstage amplifier."
3,76,12AX7,project,"TV oscilloscope square wave converter, acting as the vertical signal amplifier stage."
4,158,12AX7,reference,"Listed in the parts list for the recording unit, designated V1."
8,149,12AX7,none,Listed in the tube complement of the Lafayette HE-15B CB transceiver product description.
8,151,12AX7,reference,Listed as one of two tubes in the Model HE-55 'Squelcher' noise eliminator product description.
a,68,12AX7,mention,Named as an example of a twin-triode tube requiring matched sections for push-pull stages.
z,20,12AX7,reference,Listed as a possible vertical output tube in console TV sets for short and squatty picture.
z,22,12AX7,reference,"TV Cure-All troubleshooting guide, listed as a probable sync tube type in console TV sets."
8,80,12AX7A,project,"The magnetic film recorder circuit, listed as V1 and V2 in the parts list and schematic."
e,52,12AX7A,project,"V2 in the phono amplifier schematic, shown with R4 and R6 in the signal path."
6,152,12AY7,reference,Cited as an example tube tested with the same voltages as the 12AU7.
z,20,12B4,reference,Listed as a possible vertical output tube in console TV sets for short and squatty picture.
0,67,12BA6,project,"Tube in the miniature amplifier, listed in the parts list and shown in the schematic."
1,107,12BA6,mention,Named as an alternative first I.F. tube in the troubleshooting guide for AC-DC radio sets.
1,138,12BA6,project,"Tube tester amplifier, listed in the parts list and shown in the schematic."
2,64,12BA6,mention,AC-DC radio troubleshooting guide; listed as an alternative tube for the first I.F. stage.
7,32,12BA6,project,"Printed Circuit Phono Amplifier, listed in the materials list and shown in the schematic."
x,57,12BA6,project,"The first IF amplifier tube in the typical 5-tube superhet receiver, boosting the signal."
y,63,12BA6,project,"The IF amplifier tube in Fig. 4, boosting the signal from the converter."
1,116,12BE6,project,"The converter tube in the superhet conversion, receiving the antenna input and connecting to the oscillator coil."
7,32,12BE6,project,"Printed Circuit Phono Amplifier, listed in the materials list and shown in the schematic."
5,69,12BH7,project,"The signal generator circuit, appearing twice in the schematic and text as part of the tone generation stage."
5,70,12BH7,project,The RF oscillator and buffer tube in the Lafayette LSG-10 Signal Generator's radio frequency section.
6,31,12BH7,project,"Two-meter transceiver RF section, labelled as the final amplifier tube."
6,35,12BH7,project,"Two-meter transceiver transmitter schematic, listed with 50 ohm and 22K components near the tuning indicator."
6,125,12BH7,project,"The driver stage of the high-power AM transmitter amplifier, shown with R21 and C8B."
6,126,12BH7,project,"High-power AM transmitter amplifier, shown in the chassis layout near C8 and the 6146 output tubes."
6,127,12BH7,project,"Leasebreaker transmitter amplifier, described as a husky twin triode in the text and shown on the schematic."
6,128,12BH7,project,"Leasebreaker transmitter, listed as V7 in the tube complement table."
7,45,12BH7,project,"Multi-Lab tube tester, V1, where R6 balances its two cathodes."
8,46,12BH7,project,"Puddle Jumper transmitter, the final amplifier stage wired after the 6CL6 driver."
8,47,12BH7,reference,Listed in the Puddle Jumper 2-meter station materials list as a required vacuum tube.
8,48,12BH7,project,"The Puddle Jumper transmitter's final amplifier tube, V-8, shown in the schematic and described in alignment steps."
8,49,12BH7,project,"Puddle Jumper 2-meter station, listed in the power transformer section of the wiring diagram."
z,20,12BH7,reference,Listed as a possible vertical output tube in console TV sets for short and squatty picture.
z,22,12BH7,reference,"TV Cure-All troubleshooting guide, listed as a probable sync tube type in portable TV sets."
z,20,12BZ7,reference,Listed as a possible vertical output tube in console TV sets for short and squatty picture.
z,22,12BZ7,reference,"TV Cure-All troubleshooting guide, listed as a probable sync tube type in console TV sets."
1,77,12J5GT,project,"Light beam radio receiver, listed as the RCA triode tube in the materials list."
5,116,12J5GT,project,"Light beam radio receiver, listed as the RCA triode tube in the materials list."
0,142,12SJ7GT,project,"The 4-tube TRF receiver, serving as the infinite impedance detector stage."
0,143,12SJ7GT,project,Listed as a tube in the 4-tube TRF receiver parts list by N. J. Rubens.
1,107,12SK7,mention,Named as a first I.F. tube in the troubleshooting guide for AC-DC radio sets.
2,64,12SK7,mention,AC-DC radio troubleshooting guide; listed as a tube type for the first I.F. stage.
2,141,12SL7GT,project,"Multi-Com electronic baby-sitter, listed in materials as one of three tubes required for the circuit."
1,127,12SN7,none,OCR misread of 12SN7GT in the schematic label near the 24K resistor and 10 Meg capacitor.
u,22,12SN7,project,"The active tube in the 117VAC AM transmitter circuit, serving as both the oscillator and power amplifier stages."
z,22,12SN7,reference,"TV Cure-All troubleshooting guide, listed as a probable sync tube type in portable TV sets."
1,126,12SN7GT,project,"One Tube HE metronome, listed as the dual-triode tube for the interlocked oscillator circuit."
1,127,12SN7GT,project,"The dual-triode tube in the One Tube HE metronome, used for its oscillator and output stages."
1,21,16RP4,project,The 16-inch rectangular picture tube used in the conversion of small-screen sets to full-vision receivers.
1,24,16RP4,project,The new 16-inch kinescope tube used to replace the original 10BP4 or 12LP4 in the conversion project.
0,44,1L4,project,"Listed as the miniature tube for the loudspeaker crystal radio, with 1T4 as an alternative."
2,16,1L4,project,"The Detectophone, listed as a battery radio tube in the materials list."
d,97,1N1489,reference,Listed as an alternative silicon diode rectifier for the power supply in the parts list and manufacturer table.
f,111,1N1693,project,"Soldering iron warmer circuit, listed as D1 for 130-watt operation, an alternative to the GE-X4 rectifier."
d,97,1N1763,reference,Listed as an alternative silicon diode rectifier for the power supply in the parts list and manufacturer table.
m,38,1N2070,project,"The VOM ohmmeter's silicon rectifier, designated D1 in the circuit and parts list."
q,71,1N2070,project,"Super Squared 3 receiver, D1 silicon rectifier in the power supply."
r,73,1N2071,project,"The FM converter circuit, listed as D1 in the oscillator section alongside C118 and T1."
m,88,1N2090,project,"Polarity Indicator project, listed as the silicon rectifier for D1 and D2."
h,82,1N2091,project,"Diode Tester parts list, listed as an alternative to Mallory Type T for silicon rectifier diodes D1-D2."
a,102,1N23,mention,Quick Tracey diode test circuit; cited as an example of a touchy microwave crystal diode that yields a peculiar trace.
n,92,1N2482,project,"Electronic Roulette circuit, listed as D2, a 750-ma 200-volt rectifier."
8,142,1N2484,reference,"Listed as D1 and D2 in the choke meter materials list, with Sarkes-Tarzian F-6 offered as an alternative."
a,97,1N2484,reference,"Listed as SR1 and SR2 in the control unit parts list, specified as 600 PIV silicon rectifiers."
d,97,1N2612,reference,Listed as an alternative silicon diode rectifier for the power supply in the parts list and manufacturer table.
d,97,1N2861,reference,Listed as an alternative silicon diode rectifier for the power supply in the parts list and manufacturer table.
6,157,1N295,reference,Listed as a fixed diode in the parts list for the battery-operated radio and phonograph turntable.
m,35,1N295,reference,"Listed in the parts list for the transmitter input circuit, specified as a miniature ceramic capacitor."
j,45,1N30E,none,"Appears as a label in the sketch of the Byrd Station area, not a component."
0,87,1N34,project,"The detector diode in the Selective, Fixed Detector Crystal Set, listed in the materials and described as providing greater sensitivity."
0,88,1N34,project,"The detector diode in the Selective, Fixed Detector Crystal Set, attached to the variable condenser during assembly."
0,89,1N34,project,"Selective, Fixed Detector Crystal Set, the rectifier for the radio frequency current in the detector circuit."
0,95,1N34,project,"Germanium crystal diode in the crystal set materials list, listed as a Sylvania type option."
0,131,1N34,project,"The radio-phonograph tuner, acting as the detector for the incoming signal."
1,60,1N34,reference,Listed in the materials list for the radio frequency indicator test unit.
1,75,1N34,project,"Vestpocket crystal radio materials list, listed as a Germanium crystal diode option for the detector."
1,122,1N34,project,"Listed as the germanium diode detector for the loop crystal set, with any sensitive crystal as an alternative."
2,39,1N34,reference,Listed as a germanium diode option in the materials list for the ferrite slug-tuned radio antenna coil.
2,84,1N34,project,"The Germanium diode in the Giant Loop Crystal Set materials list, specified as a Sylvania 1N34."
2,85,1N34,project,Giant Loop Crystal Set; used as the detector diode connecting the tip-jack to the loop tap lug.
2,121,1N34,project,"Pocket Signal Tracer, listed as an acceptable germanium crystal diode for the probe."
3,127,1N34,project,Listed in the parts list for the flea clip terminal assembly as a diode.
4,85,1N34,project,"Transistorlab materials list, listed as the general purpose germanium diode."
4,131,1N34,project,"Fountain Pen Radio, listed as an alternative germanium diode detector alongside CK705 and 1N48."
4,154,1N34,reference,Listed as the Sylvania type germanium crystal diode for the crystal set receiver.
4,281,1N34,project,"Transistorlab Pocket-Size project, listed as a general purpose germanium diode in the materials list."
4,327,1N34,project,"Fountain pen radio materials list, listed as an alternative germanium diode detector alongside CK705 and 1N48."
5,102,1N34,project,"Pocket Signal Tracer materials list, listed as an acceptable Germanium crystal diode for the probe."
6,32,1N34,reference,Listed as a crystal diode in the two-meter station materials list.
6,36,1N34,project,"Two-meter transceiver, installed in the tuning meter circuit with polarity noted for the 6E5 eye."
6,111,1N34,reference,"Tin Can Receiver materials list, listed as a diode option alongside CK-705."
6,145,1N34,project,"Wrist Radio materials list, listed as a general purpose diode option alongside 1N66, 1N48, and 1N65."
7,42,1N34,reference,"Listed in the materials for the field strength indicator as a crystal diode, required quantity one."
8,47,1N34,reference,Listed in the Puddle Jumper 2-meter station materials list as a crystal diode.
8,49,1N34,project,"Puddle Jumper 2-meter station, used as the black 'soup loop' diode for the tuning-eye circuit."
8,125,1N34,project,"CB wattmeter, listed as CR in the materials list and shown in the schematic beside C1 and C2."
8,143,1N34,project,"The rectifier diode in the RF crystal probe circuit, converting AC signal to positive peaks for the meter."
9,92,1N34,reference,"Listed as CR1 and CR2 in the 3-N-1 Antenna Box materials list, specified as diodes or equivalent."
9,137,1N34,reference,"Pocket superhet materials list, listed as a diode with 1N64 as an alternative."
9,146,1N34,reference,"Listed as a diode in the RF-AF meter materials list, alongside 1N48 and other types."
a,80,1N34,project,"Dubbing monitor circuit, listed as D1, a crystal diode for the meter circuit."
j,117,1N34,mention,"Suggested as a cheap diode type for the matrix circuit, noted as subminiature and easy to connect."
n,92,1N34,project,"Electronic Roulette circuit, listed as D1, a general-purpose diode."
o,26,1N34,project,"Diode in the CW Monitor circuit, located near R6, C27, and R8."
o,33,1N34,project,"Solid-state S-meter circuit for transistor shortwave receivers, used as the detector diode in the AGC version."
q,38,1N34,project,"Diodes in the back-to-back parabolic antenna link circuit, positioned near C4, C5, and C1."
s,10,1N34,reference,"Listed as D1, a Germanium diode, in the parts list for the 10-project kit."
v,21,1N34,advert,"Listed in the $25 Surprise Pack price list as Germanium glass diodes, untested."
3,10,1N345,project,"Solar powered radio project, labelled as a diode in the circuit diagram."
1,75,1N34A,project,"Vestpocket crystal radio materials list, listed as a Germanium crystal diode option for the detector."
14,46,1N34A,project,"Visulert circuit, listed as D1, a 75-PIV, 50-mA silicon diode in the power section."
2,121,1N34A,project,"Pocket Signal Tracer, listed as an acceptable germanium crystal diode for the probe."
3,127,1N34A,mention,Listed as an alternative diode to the 1N34 in the flea clip terminal assembly parts list.
5,102,1N34A,project,"Pocket Signal Tracer materials list, listed as an acceptable Germanium crystal diode for the probe."
5,110,1N34A,project,"One-Transistor metal detector, shunting the crystal earphone in the detector circuit."
5,112,1N34A,project,"One-Transistor metal detector material list, listed as a general purpose germanium diode."
9,86,1N34A,project,"Antenna impedance bridge, listed as CR1 in the materials list as a diode or equivalent."
b,66,1N34A,project,"Experimenter's Transistor Breadboard, listed as a general-purpose germanium diode to be soldered to clips."
g,91,1N34A,mention,Inductance bridge parts list; listed as a substitute for the 1N198 diodes D1 through D4.
j,54,1N34A,reference,Listed as an acceptable alternative to 1N34 for diodes D1 through D15 in the parts list.
r,45,1N34A,project,"The variometer crystal radio receiver, serving as diode D1 in the detection stage."
2,47,1N35,project,"Emergency Radio Receiver, listed as G1 and G2 germanium diodes for the voltage-doubler detector circuit."
o,31,1N3712,mention,Suggested as a tunnel diode substitute in the SWL Skywire Q&A column.
4,52,1N38,project,"Listed as D2, a diode placed across the relay coil to protect TR2 from inductive pulses."
4,248,1N38,project,"Listed as D2 in the materials list, a diode placed across the relay coil to protect TR2 from inductive pulses."
n,92,1N38,project,"Electronic Roulette circuit, listed as an alternative for D1, a general-purpose diode."
j,91,1N3823A,reference,"Listed as CR1, a 3.8-volt Zener diode, in the Precision IF-RF Oscillator parts list."
12,32,1N4003,project,"BOTDC Motor circuit, listed as D1, a general purpose silicon diode in the power section."
a,77,1N456,none,Not found in the provided text; the diode D1 is described functionally but not by type number.
a,78,1N456,project,"Photo-Theremin recording level meter, listed as an alternate diode for D3 in the 4-9 volt expansion circuit."
a,80,1N456,project,"Dubbing monitor circuit, listed as D3, an optional silicon diode."
d,48,1N457,project,"Third channel music adapter, listed as CR1-CR4 in the power supply section near R6 and VR2."
16,60,1N4731,reference,"Listed as D2, a 4.3-V Zener diode, in the Digitalock parts list."
0,95,1N48,project,"Germanium crystal diode in the crystal set materials list, listed as a General Electric type option."
1,89,1N48,mention,Listed as a General Electric alternative to the Sylvania 1N34 germanium crystal diode for the receiver.
2,19,1N48,mention,"Listed as an alternative germanium diode detector for the Fountain Pen Radio, alongside CK705 and 1N34."
3,127,1N48,mention,Listed as an alternative diode to the 1N34 in the flea clip terminal assembly parts list.
4,52,1N48,project,Listed as D1 and as four diodes for the bridge-connected rectifier in the power supply.
4,131,1N48,project,"Fountain Pen Radio, listed as an alternative germanium diode detector alongside CK705 and 1N34."
4,154,1N48,reference,Listed as the General Electric type germanium crystal diode for the crystal set receiver.
4,248,1N48,project,Listed as D1 and for the rectifier bridge in the materials list of the relay-driven unit.
4,327,1N48,project,"Fountain pen radio materials list, listed as an alternative germanium diode detector alongside CK705 and 1N34."
5,30,1N48,project,"Boy Bike Radio materials list, listed as D-1 germanium detector diode alternative to 1N64."
5,109,1N48,reference,"Listed as bridge-connected rectifier diodes for the transistor power supply circuits shown in Figures 2, 3, 4B, and 5."
6,145,1N48,project,"Wrist Radio materials list, listed as a general purpose diode option alongside 1N34, 1N66, and 1N65."
8,40,1N48,reference,"Listed in the materials list for Figures 2, 3, 4B, and 5 as four bridge-connected diodes for Rect. 1."
9,146,1N48,reference,"Listed as a diode in the RF-AF meter materials list, alongside 1N34 and other types."
n,24,1N48,advert,Listed in a $1 silicon diode pack advertisement alongside 1N34 and 1N60.
v,12,1N48,advert,Listed in the 10-Assorted Diode Crystals section of the Brooks Radio & TV Corp. advertisement.
v,21,1N48,advert,"Listed in the $25 Surprise Pack price list as Germanium glass diodes, untested."
5,107,1N48D,reference,"Listed in the materials list for the low-current supply, identified as the green diode."
2,113,1N51,project,"Listed in the materials for the bed lamp and crystal set, with Raytheon CK705 as an alternative."
n,92,1N536,project,"Electronic Roulette circuit, listed as D3, D4, and D5, 750-ma 50-volt rectifiers."
n,92,1N538,project,"Electronic Roulette circuit, listed as an alternative for D2, a 750-ma 200-volt rectifier."
i,59,1N539,project,"Current Clamp voltage regulator, listed as D1, a 750-ma 400-PIV silicon diode limiting current flow."
6,46,1N54A,reference,"Listed as D1 and D2 in the Waveformer materials list, described as RCA diodes."
n,92,1N56,project,"Electronic Roulette circuit, listed as an alternative for D1, a general-purpose diode."
1,75,1N60,project,"Vestpocket crystal radio materials list, listed as a Germanium crystal diode option for the detector."
2,27,1N60,mention,"Suggested replacement for the germanium video detector diode in TV sets, located between I.F. and video amp."
2,28,1N60,mention,Named as an interchangeable germanium diode for the video detector in the troubleshooting section.
2,39,1N60,reference,Listed as a germanium diode option in the materials list for the ferrite slug-tuned radio antenna coil.
2,121,1N60,project,"Pocket Signal Tracer, listed as an acceptable germanium crystal diode for the probe."
5,102,1N60,project,"Pocket Signal Tracer materials list, listed as an acceptable Germanium crystal diode for the probe."
6,94,1N60,project,"Listed as D in the parts list for the transistor radio, identified as a Raytheon diode."
9,66,1N60,reference,Raytheon crystal diode listed as D in the materials list for Project I—Basic Tuner.
g,91,1N60,mention,Inductance bridge parts list; listed as a substitute for the 1N198 diodes D1 through D4.
n,24,1N60,advert,Listed in a $1 silicon diode pack advertisement alongside 1N34 and 1N48.
v,12,1N60,advert,Listed in the 10-Assorted Diode Crystals section of the Brooks Radio & TV Corp. advertisement.
3,127,1N64,mention,Listed as an alternative diode to the 1N34 in the flea clip terminal assembly parts list.
4,124,1N64,reference,Listed as a crystal diode (GE 1N64) in the materials list for the 2-transistor amplifier.
4,320,1N64,project,"Crystal Tuner Piggy-Back materials list, listed as the crystal diode for the regenerative transistor detector."
5,30,1N64,project,"Boy Bike Radio materials list, listed as D-1 germanium detector diode alternative to 1N48."
5,44,1N64,project,"The rectifier in the Headphone-Handset Receiver, converting the broadcast signal before the CK722 transistor stage."
5,45,1N64,project,"Headphone-Handset Receiver materials list, listed as the fixed crystal diode."
6,54,1N64,mention,"Suggested as a suitable germanium diode for the rectifiers in the meter circuits, alongside the Sylvania IN34A."
6,131,1N64,reference,"Listed as D1, a crystal fixed diode, in the materials list for the Child's Phono-Radio."
7,35,1N64,project,Germanium diodes D1 and D2 in the transistor test circuit power supply.
7,38,1N64,reference,"Little Cub radio materials list, listed as D1, a fixed diode."
9,106,1N64,project,"Applause Meter materials list, listed as a General Electric diode."
9,137,1N64,reference,"Pocket superhet materials list, listed as an alternative diode to the 1N34."
b,94,1N64,mention,Suggested as a germanium diode rectifier for the bridge circuits in the voltmeter/ohmmeter article.
b,141,1N64,project,"The Torpedo radio, listed as the crystal detector diode in the materials list."
v,12,1N64,advert,Listed in the 10-Assorted Diode Crystals section of the Brooks Radio & TV Corp. advertisement.
6,145,1N65,project,"Wrist Radio materials list, listed as a general purpose diode option alongside 1N34, 1N66, and 1N48."
4,35,1N66,project,Raytheon diode listed as D in the three-transistor portable superhet parts list.
4,231,1N66,project,Listed as D in the three-transistor portable superhet materials list.
5,43,1N66,project,"Versaflex wrist watch radio, listed as D, the diode detector."
6,88,1N66,project,"Gimmick Lead intercom, listed as D1, rectifies the RF signal to provide an audio voltage."
6,145,1N66,project,"Wrist Radio materials list, listed as a general purpose diode option alongside 1N34, 1N48, and 1N65."
8,129,1N66,reference,"Listed as D, a Raytheon diode, in the parts list for the three-transistor portable superhet."
h,38,1N69A,project,"The VHF Extender, where the long lead from this diode is wired as a coupling link to L3."
13,48,1N708,project,"Universal Regulated Power Supply, listed as D7, the 5.6-V Zener diode in the regulator circuit."
d,48,1N716,project,"Third channel music adapter, labelled near VR2 and R2 in the schematic's power supply area."
6,70,1N748A,reference,"Listed as D1, a 3.9-volt voltage regulator Zener diode in the tape recorder parts list."
6,78,1N751A,project,"Tape recorder power supply unit, listed as D1, a 5.1 or 6.2-volt voltage regulator Zener Diode."
d,48,1N752,project,"Third channel music adapter, labelled near Q2 and R3 in the tuned amplifier section."
5,71,1N81,project,"The Small Fry Crystal Set, listed as the germanium type crystal detector in the materials list."
4,45,1N91,reference,"Miniature power supply materials list, listed as CR1 and CR2 germanium rectifiers."
4,241,1N91,reference,"Listed as CR1 and CR2, germanium rectifiers for the Mini-Player miniature power supply."
7,54,1N91,mention,Suggested as a larger capacity rectifier alternative to the 1N1 diodes for better voltage regulation in the power supply.
7,55,1N91,reference,Listed as a GE silicon rectifier option for D1 and D2 in the Transistor Radio 'B' Eliminator materials list.
i,76,1N91,project,Listed as a GE 1N91 diode rectifier for D1-D4 in the power supply of the stereo compact record changer.
0,49,1Q5GT,project,"Electronic Timer project, listed as a .1 amp filament pentode option for the timing tube stage."
1,182,1Q5GT,project,"The rectifier in the power circuit of the model boat's electronic controls, labelled V1."
0,64,1S5,project,"Listed in the materials for the portable superhet, specified as one tube required for the build."
1,133,1S5,project,"Super-Midget Portable radio, listed in the materials list as a required tube."
1,168,1S5,project,"Listed in the materials for the portable superhet radio, specified as one tube."
2,72,1S5,reference,Listed as a miniature 7-pin tube in the parts list for the telephone pick-up unit project.
5,95,1S5,reference,"Listed in the parts list for the telephone pick-up unit project, specified as a miniature 7-pin tube."
0,44,1T4,project,"Listed as an alternative miniature tube for the loudspeaker crystal radio, alongside the 1L4."
0,64,1T4,project,"Listed in the materials for the portable superhet, specified as one tube required for the build."
1,133,1T4,project,"Super-Midget Portable radio, listed in the materials list as a required tube."
1,168,1T4,project,"Listed in the materials for the portable superhet radio, specified as one tube."
2,59,1U5,reference,Listed in the AC-DC set tube substitution table as a rectifier alternative for battery portable sets.
5,84,1U5,project,"Isotron transmitter tone generator amplifier, shown in the schematic as the input and output tube stages."
5,85,1U5,reference,Listed in the Electronic Stethoscope materials list as two tubes for the amplifier section.
5,152,1U5,project,"Moisture tester circuit, listed as the miniature tube in the materials list and shown in the schematic."
6,67,1U5,reference,Listed in the parts list for the musical movement amplifier project.
6,68,1U5,project,"Hi-Qual Pre-Amp amplifier, pin 2 used as a tie point to support resistors and capacitors."
b,117,1U5,project,Listed as a tube in the parts list for the music box circuit.
b,118,1U5,project,"Four-tube amplifier, mentioned regarding pin connections for supporting resistors and capacitors."
0,79,25L6,project,"The beam power output tube in the two-tube intercommunicator, shown in the schematic and described in the text."
2,140,25L6,advert,Listed in the 6-tube radio kit advertisement as part of the tube kit priced at $3.25.
0,99,25Z5,technique,"Dual rectifier tube in Fig. 5A, where one cathode connects to a 3000 ohm speaker field coil."
0,99,25Z6,technique,"Dual rectifier tube in Fig. 5A, where one cathode connects to a 3000 ohm speaker field coil."
8,29,28D7W,advert,Listed in the Fair Radio Sales surplus receiver ad as one of the included tubes.
c,25,2C4,advert,Listed in the Radio-TV Experimenter parts advertisement as 10-SYLVANIA 2C4 TUBES for $1.
3,101,2N107,mention,Cited as an example of ordinary transistor radio types with lower collector power dissipation than the unit's transistors.
3,121,2N107,project,"Transistor in the Pocket Portable superheterodyne receiver circuit, shown in the schematic and parts list."
3,122,2N107,project,"Pocket Portable four-transistor superheterodyne receiver, shown anchoring small components on the six-lug tie-strip."
3,126,2N107,none,Not present in the provided text; likely an OCR error or misread of a dimension or label.
3,127,2N107,project,Listed in the parts list for the flea clip terminal assembly as a transistor.
4,52,2N107,project,"Listed as TR1 and TR2, the PNP transistors used in the unit's circuit."
4,64,2N107,reference,Listed as an acceptable transistor type for TR1 through TR4 in the telephone amplifier materials list.
4,71,2N107,project,"G.E. transistors used in the original transformer-coupled amplifier, with Raytheon CK722 offered as a substitute."
4,72,2N107,project,"G.E. 2N107 transistors listed in the materials list for the transistor audio amplifier, with Raytheon CK722 as an alternative."
4,73,2N107,project,"The transistors in the transistor audio amplifier, shown in the schematic and socket diagrams."
4,84,2N107,mention,"Transistorlab Pocket-Size, listed as a PNP transistor alternative that will work but is less consistent than the 2N109."
4,103,2N107,project,"Vestpocket Transistor Amplifier, shown in the schematic as the active device for the direct-coupled amplifier stage."
4,104,2N107,project,"Vestpocket Transistor Amplifier, listed as the P-N-P transistor option in the materials list."
4,118,2N107,mention,"Suggested substitute for the CK722 transistors in the two-transistor amplifier, usable without circuit changes."
4,248,2N107,project,Listed as PNP transistors TR1 and TR2 in the materials list for the relay-driven unit.
4,260,2N107,reference,"Listed as one of four interchangeable transistors for the telephone amplifier, alongside CK722, TR1, TR2, TR3, and TR4."
4,267,2N107,project,"G.E. 2N107 transistors used in the original transformer-coupled amplifier, with Raytheon CK722 offered as a substitute."
4,268,2N107,project,"Transistor audio amplifier, listed as the active device with Raytheon CK722 as a substitute."
4,269,2N107,project,"Transistor audio amplifier project, used as the active devices in the input and output stages of the schematic."
4,280,2N107,mention,Transistorlab Pocket-Size project; listed as a PNP transistor alternative that will work but is less consistent than the 2N109.
4,299,2N107,project,"The Vestpocket Transistor Amplifier, listed in the materials section as the transistor used in the circuit."
4,300,2N107,project,"Vestpocket Transistor Amplifier, listed as the P-N-P transistor option alongside CK-722 types."
4,314,2N107,mention,"Suggested substitute for the CK722 transistors in the Basic Piggy-Back Amplifier, requiring no circuit changes."
5,25,2N107,project,"Boy Bike Radio audio section, listed as transistors TR1, TR2, and TR3 in the amplifier stage."
5,28,2N107,project,"Boy Bike Radio materials list, listed as TR1 and TR2 GE transistors for the RF & IF section."
5,39,2N107,mention,Suggested as an alternative to the CK722 for the first transistor in the phono pickup amplifier.
5,54,2N107,project,"Megaphone No. Two circuit, listed as TR2, the interstage transistor connected to transformer T1."
5,82,2N107,reference,Listed as a P-N-P A.F. transistor option in the tone generator materials list.
5,139,2N107,mention,Listed as a General Electric transistor alternative to the CK722 for TR1 or TR2 in the intercom amplifier.
5,148,2N107,mention,"Suggested as a P-N-P a.f. transistor alternative for the receiver's amplifier stage, alongside 2N34 and CK-722."
5,149,2N107,reference,Listed in the materials for the ring radio as a P-N-P transistor option.
6,58,2N107,project,"Transistors TR1, TR2, and TR3 in the Com caller intercom circuit's audio stages."
6,59,2N107,project,"Kid Kaller intercom materials list, listed as TR1, TR2, TR3 GE transistors for the amplifier stage."
6,130,2N107,project,"The amplifier transistor in the Radio Tuner for Child's Phono, boosting the weak signal detected by the crystal diode."
6,131,2N107,reference,"Listed as TR, a GE transistor, in the materials list for the Child's Phono-Radio."
6,145,2N107,project,"Wrist Radio materials list, listed as a transistor option alongside CK-722 and RR-38."
6,157,2N107,reference,"Listed as TR4, a GE PNP transistor, in the parts list for the battery-operated radio and phonograph turntable."
7,30,2N107,mention,GE 2N107 transistor used as the test subject in Example 1 to demonstrate measuring leakage current and beta.
7,38,2N107,reference,"Little Cub radio materials list, listed as TR2, a GE transistor."
7,85,2N107,project,"The driver transistor in the portable amplifier, operating in a common collector circuit."
7,86,2N107,project,"The driver transistor (T2) in the low-cost portable amplifier, directly coupled to the 2N255 output stage."
7,104,2N107,mention,"Lafayette turntable project, suggested as a substitute for the specified transistors."
7,137,2N107,mention,Cited as an example of ordinary transistor radio types with lower collector power dissipation than the megaphone's transistors.
8,114,2N107,project,"Electronic Toy Telephones, listed as an example low-priced audio transistor for the receiver stage."
8,115,2N107,project,"Transistor T1 and T2 in the toy telephone circuit, listed as interchangeable with CK722 or ET3."
9,27,2N107,mention,Cited as an example of a small transistor in the current requirements discussion for Class A stages.
9,105,2N107,project,"Transistor in the Pictorial (Top View) circuit, shown near 470Ω resistors and 25MF capacitor."
9,106,2N107,project,"Applause Meter, used for transistors TR2 and TR3 in the schematic."
9,111,2N107,reference,"Listed as TR1 in the Transistor Checker materials list, paired with TR2 (2N308)."
9,134,2N107,project,"Transistor in the 9-volt battery-powered radio receiver, shown in the parts layout diagram."
9,135,2N107,project,"Transistors in the 9-volt battery-powered radio receiver, shown in the wiring diagram with 15V ratings."
9,137,2N107,reference,"Pocket superhet materials list, listed as germanium transistors from GE."
g,90,2N107,project,"Transistors Q1, Q2, and Q3 in the inductance bridge, serving as the amplifier, emitter-follower, and oscillator stages."
i,58,2N107,mention,"Current Clamp article, suggested as a substitute for the 2N1302 if it can pass the desired current."
l,70,2N107,project,"The Transi-Match impedance matching circuit, labelled as Q1 in the schematic."
l,71,2N107,mention,"Transi-Match impedance matching circuit, listed as an alternative transistor for Q1 alongside 2N404, 2N508, and 2N1191."
n,24,2N107,advert,Offered in a $1 pack of four transistors in the hobby electronics advertisement.
q,7,2N107,project,"R.G. Pilot Light Flasher, listed as a transistor in the parts list."
4,84,2N109,project,"Transistorlab Pocket-Size, the specified PNP transistor used for amplification, chosen for high beta and consistent results."
4,85,2N109,project,"Transistorlab amplifier circuit, listed as the RCA 2N109 transistor."
4,280,2N109,project,"Transistorlab Pocket-Size project; the primary PNP transistor used for amplification, chosen for high beta and consistent results."
4,281,2N109,project,"Transistorlab Pocket-Size project, the RCA 2N109 transistor used in the amplifier circuit."
7,104,2N109,mention,"Lafayette turntable project, suggested as a substitute for the specified transistors."
f,61,2N109,project,"CB Mike Preamp modification, listed as Q1, the transistor requiring a socket."
u,20,2N109,project,"Transistors in the long-wave receiver circuit, serving as RF amplifier Q2, detector Q3, and AF amplifier Q4."
v,35,2N109,project,"Transistors in the VHF converter circuit, used in the RF amplifier, mixer, and oscillator stages."
16,38,2N1168,project,"Flash power source circuit, listed as an alternative transistor for Q1 and Q2 alongside 2N441."
e,12,2N1177,mention,"Suggested substitute for the FM Pocket Mike RF oscillator, with an extra lead connected to the C4 and R6 junction."
t,66,2N1177,none,Example in the 'Color Code Your Transistors' tip illustrating how to apply color dots to identify a 2N prefix.
j,89,2N1179,project,"The Precision IF-RF Oscillator, serving as Q1 in the Colpitts common base oscillator stage."
m,35,2N118,reference,"Listed in the parts list for the transmitter input circuit, grouped with 2N320 and 2N407 as equivalent transistors."
l,71,2N1191,mention,"Transi-Match impedance matching circuit, listed as an alternative transistor for Q1 alongside 2N107, 2N404, and 2N508."
b,132,2N1264,project,"Transistor TR2 in the oscillator circuit, listed in the parts list with TR1 and R4."
8,95,2N1265,project,"The transistor used in the Transistor Radio project, noted as substitutable with other general purpose units."
8,96,2N1265,reference,Listed in the materials list as a suggested general-purpose PNP transistor for the radio.
b,132,2N1265,project,"Transistor TR1 in the oscillator circuit, listed in the parts list with TR2 and S1."
i,58,2N1302,project,"Current Clamp circuit, used as Q1, the npn transistor handling maximum current flow."
i,59,2N1302,project,"Current Clamp voltage regulator, listed as Q1, the transistor whose emitter-collector circuit passes output current."
n,92,2N1302,project,"Electronic Roulette circuit, listed as Q2, Q3, and Q4, npn transistors."
d,47,2N1304,project,"Transistors Q3 and Q4 in the music adapter circuit, located near capacitors C12 and C15."
3,121,2N135,project,"Transistor in the Pocket Portable superheterodyne receiver circuit, shown in the schematic and parts list."
5,30,2N135,project,"Boy Bike Radio materials list, listed as X-2 and X-3 for 1st and 2nd IF stages."
5,31,2N135,project,"Boy Bike Radio superhet, used in the 1st and 2nd I.F. transformer stages."
9,134,2N135,project,"Transistor in the 9-volt battery-powered radio receiver, shown in the parts layout diagram."
9,137,2N135,reference,"Pocket superhet materials list, listed as a germanium transistor from GE."
3,122,2N136,project,"Pocket Portable four-transistor superheterodyne receiver, labelled as the first IF transistor in the wiring diagram."
3,123,2N136,project,"Transistor in the Pocket Portable four-transistor superheterodyne receiver, shown in the schematic near the 9V battery connection."
5,30,2N136,project,"Boy Bike Radio materials list, listed as X-1 for the converter stage."
5,31,2N136,project,"Boy Bike Radio superhet, labelled near the 1st I.F. transformer."
9,134,2N136,project,"Transistor in the 9-volt battery-powered radio receiver, shown in the parts layout diagram."
9,136,2N136,project,"The 9-volt battery-powered radio receiver, identified as the converter transistor in the oscillator stage."
9,137,2N136,reference,"Pocket superhet materials list, listed as a germanium transistor from GE."
9,136,2N136E,project,"The 9-volt battery-powered radio receiver, shown in the G.E. transistor lead diagram for pin identification."
c,82,2N1371,project,"The crystal and phono preamplifier, serving as Q2 in the signal path between the input and output."
e,71,2N1371,project,"The CB-Lim limiter circuit, used as transistors Q2, Q3, and Q4 in the gain control and limiting stages."
j,92,2N1379,project,"Transistor Q2 in the Precision IF-RF Oscillator, shown in the bottom view schematic near C6 and R6."
9,111,2N138,mention,Suggested as a high-gain test transistor for calibrating the ac scales of the Transistor Checker.
v,31,2N1380,project,"Q1 in the reader's public address amplifier schematic, used as the audio amplifier transistor."
d,59,2N1381,project,"Transistor Q2 in the Digilette playing board circuit, situated near resistors R3 and R4."
a,75,2N1415,project,"Photo-Theremin materials list, listed as Q4, the fourth transistor in the oscillator circuit."
n,36,2N1526,project,"The R5000 DC Longwave Up-Converter, serving as transistor Q1 in the oscillator stage with L1 and L2."
5,25,2N155,project,"Boy Bike Radio audio section, listed as transistor TR4, likely the output stage driving the speaker."
6,97,2N155,project,"The second transistor (TR2) in the diver's voice amplifier, driving output transformer T3."
6,98,2N155,project,"The output transistor of the Diver's voice amplifier, described as a common emitter stage with T3 feedback windings."
6,99,2N155,project,"Diver's voice amplifier, labelled as TR2 in the audio output stage near T3."
6,100,2N155,reference,"Diver's voice amplifier parts list, listed as TR2, a CBS type PNP transistor."
r,9,2N155,project,"High Powered Flasher relaxation oscillator, listed as Q2, the PNP transistor in the flashing circuit."
o,8,2N1613,advert,"Listed in the parts price list within the NRI course advertisement, priced at $1 for one or $1.01 for two."
p,12,2N1613,advert,"Listed in the Olson Electronics Penny Sale as a 100MC transistor, priced at 2 for $1."
u,20,2N1637,project,"Transistor Q1 in the long-wave receiver circuit, acting as the RF amplifier stage."
o,8,2N1647,advert,"Listed in the parts price list within the NRI course advertisement, priced at $1 for one or $1.01 for two."
p,12,2N1647,advert,"Listed in the Olson Electronics Penny Sale as a 20W NPN silicon power transistor, priced at 1 for $1."
4,32,2N168A,project,"The IF amplifier transistor TR2 in the three-transistor superhet, described as a high-gain, high-frequency GE device."
4,35,2N168A,project,GE transistor listed as TR2 in the three-transistor portable superhet parts list.
4,228,2N168A,project,The IF amplifier transistor TR2 in the three-transistor superhet portable radio.
4,231,2N168A,project,Listed as TR2 in the three-transistor portable superhet materials list.
6,88,2N168A,project,"Gimmick Lead intercom, listed as T1, acts as an RF amplifier in the listen function."
8,126,2N168A,project,"Transistor TR2 in the transistorized superhet, serving as the high-gain IF amplifier."
8,129,2N168A,reference,"Listed as TR1, a GE transistor, in the parts list for the three-transistor portable superhet."
b,42,2N169,project,"Home Intercom materials list, listed as Q1 and Q2 transistors for the amplifier stage."
14,46,2N170,project,"Visulert circuit, listed as Q1, an npn germanium transistor in the control stage."
16,68,2N170,project,"Used as transistor Q1 in the tone generator, noted as a bargain-basement choice by the author."
5,90,2N170,mention,"Listed as an alternative R.F. transistor to the 2N233 for the transmitter, requiring reversed battery connections."
5,112,2N170,project,"One-Transistor metal detector material list, listed as an alternative N-P-N R.F. transistor."
a,120,2N170,none,"OCR artifact in the 'Ask Me Another' column text, likely a misread of a value or label, not a component."
n,24,2N170,advert,Offered in a $1 pack of four GE pnp transistors in the hobby electronics advertisement.
q,7,2N170,project,"R.G. Pilot Light Flasher, listed as a transistor in the parts list."
r,9,2N170,project,"High Powered Flasher relaxation oscillator, listed as Q1, the NPN transistor in the flashing circuit."
16,68,2N173,project,"Used as transistor Q2 in the tone generator, described as a pnp power pusher in a TO-36 case."
c,46,2N1748A,project,"The r.f. oscillator transistor Q2 in the Pocket Mike, placed adjacent to trimmer capacitor C5."
c,48,2N1748A,project,"Pocket Mike r.f. oscillator, listed as Q2 in the parts list and shown in the oscillator section."
e,12,2N1748A,mention,"The original RF oscillator transistor for the FM Pocket Mike, noted as hard to obtain and no longer made by Philco."
q,80,2N176,project,"The power output transistor in the free-wheeling fix-it circuit, driving the speaker through T1 and T2."
y,68,2N176,project,"The power output transistor in the Radio-TV Repair receiver schematic, driving the speaker via T1."
j,92,2N179,project,"Transistor Q1 in the Precision IF-RF Oscillator, shown in the top view schematic near C4 and R2."
5,40,2N185,reference,"Listed as TR2 and TR3 in the Portable Phonograph materials list, identified as Texas Instruments transistors."
5,43,2N185,project,"Versaflex wrist watch radio, listed as T2, the audio output transistor."
7,58,2N186A,reference,Listed as an equivalent substitute for the 2N188A transistors used in TR4 and TR5.
5,30,2N187,project,"Boy Bike Radio materials list, listed as X-5 and X-6 for audio output stage."
5,31,2N187,project,"Boy Bike Radio superhet, used in the audio output stage driving the speaker."
7,58,2N187A,reference,Listed as an equivalent substitute for the 2N188A transistors used in TR4 and TR5.
6,157,2N188,reference,"Listed as TR5, a GE PNP transistor, in the parts list for the battery-operated radio and phonograph turntable."
6,159,2N188,project,Transistors TR5 and TR6 in the audio section of the battery-operated transistorized radio.
7,57,2N188,project,"Transistor Radio 'B' Eliminator, listed in the chassis diagram near T2 and the 8-lug tie strip."
7,57,2N188A,project,"Transistor Radio 'B' Eliminator, identified as transistors TR4 and TR5 in the power amplifier stage."
7,58,2N188A,reference,Listed as the primary transistor type for TR4 and TR5 in the audio amplifier.
9,27,2N188A,mention,Cited as an example of a small transistor in the current requirements discussion for Class A stages.
7,58,2N189,reference,"Listed as an equivalent substitute for the 2N190 transistors used in TR1, TR2, and TR3."
7,57,2N190,project,"Transistor Radio 'B' Eliminator, identified as transistors TR1, TR2, and TR3 in the pre-amp and driver stages."
7,58,2N190,reference,"Listed as the primary transistor type for TR1, TR2, and TR3 in the audio amplifier."
9,127,2N190,project,"Transistor radio assembly instructions, listed as components to install with the battery."
9,128,2N190,reference,Listed in the materials for the transistorized hi-fi preamplifier as three G.E. 2N190 transistors.
5,30,2N191,project,"Boy Bike Radio materials list, listed as X-4 for the audio driver stage."
5,31,2N191,project,"Boy Bike Radio superhet, labelled near the driver transformer and speaker connection."
7,103,2N192,reference,Listed as T1 transistor in the components list for the Lafayette turntable project.
10,22,2N1975,mention,Suggested as an exact replacement for a hard-to-find transistor in a reader's query.
12,32,2N2102,project,"BOTDC Motor circuit, listed as Q2, a silicon npn power transistor."
m,72,2N2102,project,"The Screamer oscillator, specified as Q1, the npn audio transistor in the feedback loop."
b,42,2N214,project,"Home Intercom materials list, listed as Q3 transistor for the amplifier stage."
f,109,2N215,mention,Suggested substitute for Q1 and Q2 in the oscillator if GE2 transistors are unavailable.
14,70,2N2160,project,"Unijunction Tremolo circuit, listed as Q1 and Q2 in the schematic and parts list."
15,33,2N2160,project,"Unijunction transistor Q1 in the circuit, listed in the parts list and shown on the schematic."
n,92,2N2160,project,"Electronic Roulette circuit, listed as Q1, the unijunction transistor."
6,74,2N217,project,"PNP transistors V1 and V2 in the input stage, and V4 in the voltage regulator section of the record player schematic."
7,118,2N217,project,"RCA 2N217 transistors T1 and T2 in the audio amplifier, listed in the materials list."
7,119,2N217,project,"Transistor in the battery-operated loudspeaker amplifier, shown in the schematic near T2 and R6."
b,121,2N217,reference,"Listed as V1, a PNP transistor, in the Electronic Metal Locator materials list."
b,122,2N217,project,"Electronic Metal Locator, the driver oscillator transistor V1."
b,123,2N217,project,"The Electronic Metal Locator's oscillator stage, V1, generating a stable 1000 cps audio signal."
d,49,2N217,project,"The transistor amplifier in the AudiAmp circuit, pepping up detected AM signals before the headset."
f,60,2N217,project,"The transistor Q1 in the CB Mike Preamp schematic, shown with R1 and R2."
f,61,2N217,project,"CB Mike Preamp modification, listed as Q1, the suggested transistor for direct soldering."
f,109,2N217,mention,Suggested substitute for Q3 in the relay circuit if GE2 transistors are unavailable.
j,83,2N217,project,"Transistors Q1 and Q2 in the two-stage amplifier of the push-pull crystal receiver, boosting audio for earphone monitoring."
j,120,2N217,project,"Two PNP transistors in the receiver circuit, mounted by their own leads with heat-sink precautions."
k,79,2N217,project,The preamplifier stage Q1 and the driver stage Q2 of the solid-state audio amplifier.
k,80,2N217,project,"Solid-state audio amplifier, listed as Q1 and Q2 in the parts list for the preamp stage."
o,56,2N217,project,"The stereo-headphone driver, listed as Q1 and Q2 in the parts list and schematic."
r,45,2N217,project,"The variometer crystal radio receiver, acting as transistor Q1 in the high-impedance earphone amplifier."
4,42,2N233,project,"The Mini-Player's transistorized Colpitts oscillator, listed as the N-P-N radio frequency transistor."
4,43,2N233,project,"Mini-Player oscillator, specified as Sylvania 2N233 NPN type with a note that AF P-N-P type will not work."
4,238,2N233,project,"The Mini-Player transmitter, listed as the N-P-N radio frequency transistor and identified as the oscillator's active device."
4,239,2N233,project,"Mini-Player transmitter, the NPN transistor in the oscillator stage, with a note that Sylvania AF P-N-P type will not work."
5,90,2N233,project,Specified as the primary R.F. NPN transistor for the transmitter circuit in the parts list.
5,112,2N233,project,"One-Transistor metal detector material list, listed as the primary N-P-N R.F. transistor."
4,35,2N241A,project,GE transistor listed as TR3 in the three-transistor portable superhet parts list.
4,231,2N241A,project,Listed as TR3 in the three-transistor portable superhet materials list.
7,103,2N241A,reference,Listed as T2 and T3 transistors in the components list for the Lafayette turntable project.
8,129,2N241A,reference,"Listed as TR2, a GE transistor, in the parts list for the three-transistor portable superhet."
f,85,2N241A,reference,"Listed as Q1, a PNP transistor alternative to the 2N654 in the photocell circuit parts list."
m,26,2N241A,project,Transistor in the second amplifier circuit (B) for driving a PM dynamic extension speaker.
u,25,2N2430,project,"Transistor in the lamp blanker circuit, connected to the bandpass amplifier and lamp terminal."
v,35,2N2495,project,"Transistor in the VHF converter circuit, positioned near L2 in the mixer section."
l,32,2N2512,project,"Transmitter RF section, identified as the transistor type for Q5 and Q6 in the schematic."
5,28,2N255,project,"Boy Bike Radio materials list, listed as TR3 CBS transistor for the RF & IF section."
5,53,2N255,project,"The power transistor in the first megaphone project, driving the surplus powered phone."
5,54,2N255,project,"Megaphone No. Two circuit, listed as TR1, the power transistor driving speaker P2."
6,57,2N255,project,"Com caller intercom, used in the output circuit for greater volume."
6,59,2N255,project,"Kid Kaller intercom materials list, listed as TR4 CBS power transistor for the output stage."
7,85,2N255,project,"The power output transistor in the portable amplifier, connected to the speaker or transformer."
7,86,2N255,project,"The output transistor (T3) in the low-cost portable amplifier, driven by the 2N107 emitter."
9,27,2N255,mention,Cited as an example of a power transistor requiring higher currents in the text.
12,58,2N2646,project,"Unicord organ, the UJT in the basic tone generator circuit that oscillates to produce a single note."
15,42,2N2646,project,"Wee Willy siren circuit, listed as Q2, the speaker power-amplifier stage transistor."
9,111,2N265,mention,Suggested as a high-gain test transistor for calibrating the ac scales of the Transistor Checker.
b,121,2N270,reference,"Listed as V3, a PNP transistor, in the Electronic Metal Locator materials list."
q,80,2N2712,project,"The driver transistor in the free-wheeling fix-it circuit, feeding the detector and volume control stages."
y,68,2N2712,project,"The detector transistor in the Radio-TV Repair receiver schematic, feeding the volume and tone controls."
4,118,2N300,mention,"Suggested substitute for the CK722 transistors in the two-transistor amplifier, usable without circuit changes."
4,314,2N300,mention,"Suggested substitute for the CK722 transistors in the Basic Piggy-Back Amplifier, requiring no circuit changes."
6,77,2N301,project,"Transistor V1 in the battery charger power supply, forming the voltage regulator with zener diode D1."
7,117,2N301,project,"The power transistor in the battery-operated loudspeaker amplifier, mounted to the chassis with mica as a heat sink."
7,118,2N301,project,"RCA 2N301 power transistor T3 in the audio amplifier, listed in the materials list."
7,119,2N301,project,"Power transistor in the battery-operated loudspeaker amplifier, detailed in the chassis mounting diagram."
b,66,2N301,project,"Experimenter's Transistor Breadboard, listed as an AF power amplifier transistor option mounted on the copper bracket."
k,79,2N301,project,"The power output stage Q3 of the solid-state audio amplifier, driving the speaker."
k,80,2N301,project,"Solid-state audio amplifier, listed as Q3, the audio output transistor, with R2, R3, and Q1 nearby."
v,12,2N301,advert,Listed in the 2-Power Transistors section of the Brooks Radio & TV Corp. advertisement.
v,31,2N301,none,"Appears in the 'Whip and Peak' antenna circuit diagram, likely a misread of a component label or value."
m,82,2N3053,project,"Car headlight reminder circuit, used as Q1 and Q2, the logic switch and indicator lamp protector."
m,83,2N3053,project,"Transistor Q2 in the car headlight reminder circuit, used to drive the flasher relay K1."
7,77,2N307,project,"Low Voltage Power Supply project, used as T1, a power transistor connected as a rectifier."
7,78,2N307,reference,Listed as T1 and T2 transistors in the Low Voltage Power Supply materials list.
9,27,2N307,mention,Cited as an example of a power transistor requiring higher currents in the text.
b,42,2N307,project,"Home Intercom materials list, listed as Q4 transistor for the amplifier stage."
9,111,2N308,reference,"Listed as TR2 in the Transistor Checker materials list, paired with TR1 (2N107)."
m,35,2N320,reference,"Listed in the parts list for the transmitter input circuit, grouped with 2N407 and 2N118 as equivalent transistors."
6,94,2N321,project,"Listed as T2 in the parts list for the transistor radio, identified as a GE transistor."
s,60,2N3391,project,"Transistors Q1 and Q2 in the Throb Maker tremolo adapter, listed in the parts list and shown on the schematic."
s,81,2N3391,project,"Transistors Q1, Q2, Q3, and Q4 in the filter amplifier circuit, with Q1 paired with R2 and C1."
v,78,2N3393,project,"Q2 in the Supermeter's three-stage linear amplifier, acting as an emitter follower and low-impedance driver for Q3."
v,21,2N3563,advert,"Listed in the $25 Surprise Pack price list as NPN transistors, 600mc, 100hfe, epoxy."
v,21,2N3568,advert,"Listed in the $25 Surprise Pack price list as NPN transistors, 200mc, 200V, 200hfe."
6,119,2N362,project,"The Raytheon PNP transistor used in the emitter follower circuit, listed as T in the materials list."
6,120,2N362,mention,"The original high-beta transistor in the emitter follower, contrasted with lower-beta substitutes like the CK722 or 2N107."
12,32,2N3639,project,"BOTDC Motor circuit, listed as Q1, a silicon epoxy pnp transistor."
4,118,2N367,mention,"Suggested substitute for the CK722 transistors in the two-transistor amplifier, usable without circuit changes."
4,314,2N367,mention,"Suggested substitute for the CK722 transistors in the Basic Piggy-Back Amplifier, requiring no circuit changes."
w,35,2N3703,project,"The photocell light controller circuit board, shown in the pictorial view of parts placement."
9,101,2N384,project,"The active transistor in the common-base oscillator circuit, powered by the 9-volt battery B1."
9,102,2N384,project,"The Compact FM Phono Oscillator, serving as the oscillator transistor with base connections shown in the wiring diagram."
z,65,2N396,mention,Listed as an alternative PNP audio transistor for Q1 in the clock radio modification parts list.
10,54,2N404,project,"The PNP transistor in the emitter-follower amplifier circuit, shown with R3, R4, and C3."
10,56,2N404,technique,Used in the biasing calculation example to determine base resistor R1 for a 9V supply.
l,71,2N404,mention,"Transi-Match impedance matching circuit, listed as an alternative transistor for Q1 alongside 2N107, 2N508, and 2N1191."
v,12,2N404,advert,Listed in the 10-Standard Transistors NPN section of the Brooks Radio & TV Corp. advertisement.
o,25,2N406,project,"The CW Monitor regenerative receiver, serving as the AF amplifier stage driving the headset."
6,88,2N407,project,"Gimmick Lead intercom, listed as T2, amplifies the signal again after feedback from T1."
m,35,2N407,reference,"Listed in the parts list for the transmitter input circuit, grouped with 2N320 and 2N118 as equivalent transistors."
b,121,2N408,reference,"Listed as V5, a PNP transistor, in the Electronic Metal Locator materials list."
b,122,2N408,project,"Electronic Metal Locator, the tuned filter transistor V5."
b,141,2N408,project,"The Torpedo radio, listed as transistors TR1 and TR2 in the materials list."
b,142,2N408,project,"Transistor in the Torpedo radio schematic, shown beside C2 and TR2."
m,26,2N408,project,Transistor in the first amplifier circuit (A) for driving a PM dynamic extension speaker.
4,32,2N412,project,"The first transistor TR1 in the three-transistor superhet, performing RF amplification, mixing, and oscillator generation."
4,35,2N412,project,RCA transistor listed as TR1 in the three-transistor portable superhet parts list.
4,121,2N412,mention,Suggested as a high Beta upgrade for the regenerative tuner to improve performance.
4,228,2N412,project,The RF amplifier and oscillator transistor TR1 in the three-transistor superhet portable radio.
4,231,2N412,project,Listed as TR1 in the three-transistor portable superhet materials list.
4,317,2N412,mention,Suggested as a high Beta unit to improve the regenerative tuner's performance.
5,43,2N412,project,"Versaflex wrist watch radio, listed as T1, the RF-1st audio transistor."
6,94,2N412,project,"Listed as T1 in the parts list for the transistor radio, identified as an RCA transistor."
8,126,2N412,project,"Transistor TR1 in the transistorized superhet, performing RF amplification, mixing, and oscillation."
8,129,2N412,reference,"Listed as TR3, an RCA transistor, in the parts list for the three-transistor portable superhet."
8,137,2N412,reference,"Listed as TR in the Metal Locator materials list, specified as an RCA transistor or equivalent."
c,47,2N414,project,"Pocket Mike r.f. oscillator project; Q1 in the audio amplifier circuit, placed near input capacitor C3."
c,48,2N414,project,"Pocket Mike audio amplifier, listed as Q1 in the parts list and shown in the amplifier section."
v,12,2N414,advert,Listed in the 10-Standard Transistors NPN section of the Brooks Radio & TV Corp. advertisement.
5,25,2N414A,project,"Boy Bike Radio RF-IF section, listed as transistors TR5 and TR6 for the oscillator and mixer."
5,26,2N414A,project,"Boy Bike Radio project, labelled as the transistor in the base hookup section."
5,28,2N414A,project,"Boy Bike Radio materials list, listed as TR5 and TR6 Raytheon transistors for the audio section."
6,157,2N414A,reference,"Listed as TR1, TR2, and TR3, Raytheon PNP transistors, in the parts list for the battery-operated radio and phonograph turntable."
6,158,2N414A,project,"Transistors TR1, TR2, and TR3 in the RF section of the battery-operated transistorized radio."
7,38,2N414A,reference,"Little Cub radio materials list, listed as TR1, a Raytheon transistor."
z,65,2N427,mention,Listed as an alternative PNP audio transistor for Q1 in the clock radio modification parts list.
o,57,2N440,mention,"Listed as an alternate for Q1, the 2N1091 npn transistor, in the Ceramic Pickup Equalizing Preamplifier."
16,38,2N441,project,"Flash power source circuit, designated as transistors Q1 and Q2 in the oscillator stage."
12,32,2N443,project,"BOTDC Motor circuit, labelled Q3 in the schematic diagram."
e,12,2N502A,mention,"Suggested substitute for the FM Pocket Mike RF oscillator, listed as an alternative to the hard-to-find 2N1748A."
6,62,2N508,project,"Hi-Qual Pre-Amp, listed as the two high gain GE transistors used in its transistorized design."
6,64,2N508,project,"Hi-Qual Pre-Amp, listed as transistors T1 and T2 in the materials list."
7,30,2N508,mention,GE 2N508 transistor used as the test subject in Example 2 to demonstrate measuring leakage current and beta.
7,85,2N508,project,"The preamplifier transistor in the portable amplifier, operating in a common emitter circuit."
7,86,2N508,project,"The preamp transistor (T1) in the low-cost portable amplifier, listed in the parts list and shown on the chassis."
j,86,2N508,project,"The audio transistor in the BFO circuit, chosen for its high output capability."
j,87,2N508,project,"The BFO circuit for adding SSB/CW to shortwave receivers, listed as Q1, the transistor in the oscillator stage."
l,71,2N508,mention,"Transi-Match impedance matching circuit, listed as an alternative transistor for Q1 alongside 2N107, 2N404, and 2N1191."
15,42,2N5458,project,"Wee Willy siren circuit, listed as Q1, the unijunction transistor sawtooth oscillator."
d,48,2N553,project,"Third channel music adapter, labelled near R2 and C2 in the input stage of the schematic."
b,66,2N555,project,"Experimenter's Transistor Breadboard, listed as an AF power amplifier transistor option mounted on the copper bracket."
n,92,2N556,project,"Electronic Roulette circuit, listed as an alternative for Q2, Q3, and Q4, npn transistors."
d,48,2N586,project,"Third channel music adapter, labelled near Q2 and R3 in the tuned amplifier section."
i,72,2N586,project,"The Tape Tester signal generator, used as transistor Q1 in the oscillator stage."
o,25,2N643,project,"The CW Monitor regenerative receiver, acting as the detector and oscillator near coil L1."
6,74,2N647,project,NPN transistor V3 in the record playback coil stage of the battery-powered record player circuit.
b,121,2N647,reference,"Listed as V2, an NPN transistor, in the Electronic Metal Locator materials list."
b,121,2N649,reference,"Listed as V4, an NPN transistor, in the Electronic Metal Locator materials list."
b,122,2N649,project,"Electronic Metal Locator, transistors V4 and V6 in the oscillator and filter stages."
f,85,2N654,reference,"Listed as Q1, the primary PNP transistor choice in the photocell circuit parts list."
f,87,2N654,project,"The Auto-Dimmer circuit, labelled as transistor Q1 in the relay drive stage."
d,47,2N696,project,"Transistors in the input and output stages of the music adapter, associated with coils L2 and L4."
d,48,2N696,project,"Third channel music adapter, labelled as Q3 near R4 and R5 in the output stage."
d,47,2N697,project,"Transistor Q6 in the audio output stage of the music adapter, near the indicator lamp."
10,22,2N698,mention,Named by a reader building a carrier current transmitter who cannot locate the part.
o,8,2N706,advert,"Listed in the parts price list within the NRI course advertisement, priced at $1 for two or $1.01 for four."
p,12,2N706,advert,"Listed in the Olson Electronics Penny Sale as a 300 MC NPN transistor, priced at 2 for $1."
n,92,2N823,project,"Electronic Roulette circuit, listed as an alternative for Q2, Q3, and Q4, npn transistors."
q,80,2SA353,project,"The converter transistor in the free-wheeling fix-it circuit, located near the first IF transformer and oscillator coil."
y,68,2SA353,project,"The converter transistor in the Radio-TV Repair receiver schematic, part of the first IF stage."
q,80,2SA354,project,"The first IF amplifier transistor in the free-wheeling fix-it circuit, positioned between the converter and detector."
y,68,2SA354,project,"The oscillator transistor in the Radio-TV Repair receiver schematic, associated with the first IF converter transformer."
q,80,2SA355,project,"The RF amplifier transistor in the free-wheeling fix-it circuit, connected to the antenna input and ganged coils."
y,68,2SA355,project,"The RF amplifier transistor in the Radio-TV Repair receiver schematic, located at the input stage."
12,105,2SA518,project,"The transistor supplied as Q1 in the kit, suggested for experimentation with converter and amplifier types."
r,43,2SB54,project,"Olson reverb amplifier keying modification, listed as Q1 and Q4 in the class B output stage."
r,43,2SB56,project,"Olson reverb amplifier keying modification, listed as Q2 in the driver stage near T1 and T2."
0,15,2X2,technique,"TV receiver testing procedure, identified as the high voltage rectifier to be removed before voltage analysis."
0,16,2X2,reference,"TV receiver tube function table, listed as the high voltage rectifier."
a,105,2X2,none,"Dimension marking for the aluminum sheet in the parts list, not a component."
9,158,3000D,none,"Frequency value in the White's Radio Log directory, not a component reference."
1,162,3000N,none,"Resistor value in Schematic #2, not a component type number."
v,35,3000N,none,"OCR error for '3000n' (microhenries), the primary inductance value for transformers T1 and T2."
0,67,35W4,project,"Rectifier tube in the miniature amplifier, mounted vertically next to the line drop resistor."
1,33,35W4,reference,"Clock Radio materials list, listed as the half-wave rectifier tube; noted for radiating heat in chassis layout."
1,34,35W4,project,"Clock Radio, the power tube shown in the schematic with associated bias and plate components."
1,37,35W4,project,"Listed in the parts list for the clock radio project, shown near the 50C5 and 12BE6."
1,49,35W4,project,"The half-wave rectifier in the 1-tube loudspeaker receiver, supplying d-c voltage."
1,50,35W4,project,"Tiny Loudspeaker Radio, listed in materials and shown in schematic as the power amplifier tube."
1,58,35W4,reference,Listed in the materials list as an alternative rectifier tube for the intercom connection.
1,101,35W4,project,"Wireless Broadcaster phono oscillator, listed in the parts list as a required tube."
1,105,35W4,reference,Shown in the power supply diagram as the rectifier tube in the AC-DC set circuit.
1,114,35W4,project,"Listed in the materials for the converted radio, serving as the miniature 12 wave rectifier."
1,115,35W4,project,"Tube in the modern superhet converter schematic, with its cathode connected to the magnetic speaker."
1,116,35W4,project,"The rectifier tube in the superhet conversion, used for the pilot light circuit and final in the filament string."
1,128,35W4,project,"The Versatile Oscillator, used as the miniature rectifier in its power supply."
1,129,35W4,project,"The Versatile Oscillator, shown in the phonograph pickup wiring diagram as the tube connected to the input jack."
1,130,35W4,project,"Versatile Oscillator power supply, shown in the bottom view layout diagram."
1,138,35W4,project,"Tube tester amplifier, identified as the rectifier tube in the power supply section."
2,34,35W4,project,"The amplifier's power tube, listed in the parts list and mounted on the chassis."
2,35,35W4,project,"The rectifier tube in the guitar amplifier, supplying half-wave rectified d-c current to the circuit."
2,59,35W4,reference,Listed in the AC-DC set tube substitution table as a power amplifier alternative for AC-DC sets.
2,60,35W4,project,"In the 5-tube switch superhet schematic, listed as a tube in the power supply section."
2,102,35W4,project,The half-wave rectifier supplying d-c voltage to the single-tube receiver.
2,103,35W4,project,"Single-tube super-regenerative receiver, listed in the materials list as the tube for the power supply section."
2,122,35W4,project,The power tube in the Pocket Signal Tracer's example 5-tube radio set schematic.
2,140,35W4,advert,Listed in the 5-tube AC/DC superheterodyne receiver advertisement as part of the tube kit priced at $3.25.
3,83,35W4,project,"The electric phonograph amplifier, serving as the pentode output stage in the pictorial diagram."
3,113,35W4,project,"The rectifier in the power supply of the Versatile Oscillator, paired with a 12BA6 pentode."
3,114,35W4,project,"The Versatile Oscillator, serving as the oscillator tube with its heaters wired in series with a voltage-dropping resistor."
3,115,35W4,project,Versatile Oscillator project; shown in the bottom view layout diagram near the 12BA6 and power cord.
5,103,35W4,project,"The power tube in the typical 5-tube radio set schematic, shown with its heater and plate connections."
7,31,35W4,project,"The power tube in the printed circuit phono amplifier, shown in the schematic near the output stage."
7,32,35W4,project,"Printed Circuit Phono Amplifier, listed in the materials list and shown in the schematic."
7,110,35W4,project,"Classroom Morse practice circuit, listed as a tube connected to pin 7 of the headphone jack."
7,111,35W4,project,"Classroom Morse code practice circuit, connected to pin 7 of the isolation transformer secondary."
9,29,35W4,project,"Tube V3 in the timer circuit, operating as a half-wave rectifier to supply B plus for tubes V1 and V2."
b,80,35W4,project,"Instructor's control panel, tube connected to R1 and pin 7 of J-4."
b,81,35W4,project,"Instructor's control unit, pin 7 receives oscillator feed via isolation transformer."
c,25,35W4,advert,Listed in the Radio-TV Experimenter parts advertisement as 1 STANDARD 35W4 TUBE for $1.
x,57,35W4,project,The rectifier tube in the AC-DC power supply shown in Fig. 6 for the receiver.
x,59,35W4,project,The diode tube in the filtered half-wave rectifier circuit of the receiver power supply.
y,63,35W4,project,The rectifier tube in the AC-DC power supply shown in Fig. 6.
y,65,35W4,project,"The 5-tube superheterodyne receiver power supply, identified in the text as the diode tube in the filtered half-wave rectifier."
2,108,35Z4GT,mention,One-Tube Cigar-Box Amplifier article; named as the rectifier type similar to the 117L7 half used in the circuit.
2,141,35Z4GT,project,"Multi-Com electronic baby-sitter, listed in materials as an alternative rectifier tube to the 35Z5GT."
5,141,35Z4GT,mention,"One-Tube Cigar-Box Amplifier; named as the function of the 6L7GT's rectifier half, not a component used."
0,98,35Z5,reference,Listed in the table of rectifier tubes most commonly used in AC/DC sets.
1,105,35Z5,reference,Shown in the power supply diagram as the rectifier tube in the AC-DC set circuit.
10,22,35Z5,technique,The tube in a reader's circuit being modified to use a solid-state rectifier instead.
2,123,35Z5,project,"Pocket Signal Tracer 5-tube set pictorial plan, labelled as the rectifier tube in the power supply section."
h,29,35Z5,project,"70-Volts of Audio Amplifier circuit, labelled as the rectifier tube in the power supply section."
0,46,35Z5GT,project,"The phono-oscillator, listed in the AC-DC heater circuit schematic and mentioned in the wiring instructions."
17,17,35Z5GT,technique,The AC-DC radio rectifier tube being replaced by a solid-state diode in the reader's modification.
2,142,35Z5GT,project,"Multi-Com baby-sitter, listed in the parts list and shown in the bottom view diagram."
h,28,35Z5GT,mention,Reader question in the 'Ask Me' column about replacing the tube with a silicon or selenium rectifier in an AC-DC radio.
2,190,3A4,project,"The crystal-controlled oscillator tube in the garage door opener transmitter, tuned via a pilot bulb loop."
2,191,3A4,project,"The oscillator tube in the garage door opener transmitter, used to generate the 27.25 MHz signal."
2,192,3A4,reference,Listed as a required tube in the parts list for the garage door opener transmitter.
2,193,3A4,project,"Remote radio control garage door opener transmitter, labelled near C2 in the wiring diagram."
o,32,3AU6,project,"Rectifier tube in the AC power supply circuit for a radio, providing B+ and filament voltage."
0,49,3Q5GT,project,"Electronic Timer project, listed as a .1 amp filament pentode option requiring socket wiring changes."
6,66,3Q5GT,project,"Power tubes of the Hi-Qual Pre-Amp amplifier, operated in parallel to increase output power."
6,67,3Q5GT,reference,Listed in the parts list for the musical movement amplifier project.
6,68,3Q5GT,project,"Hi-Qual Pre-Amp amplifier, power tubes receiving grid bias from voltage drop across R12."
b,116,3Q5GT,project,"Power tubes in the four-tube amplifier, operated in parallel to increase output."
b,117,3Q5GT,project,Listed as a tube in the parts list for the music box circuit.
b,118,3Q5GT,project,"Four-tube amplifier, used as the power tube with grid bias from R12 and unconnected pins as tie points."
1,133,3S4,project,"Super-Midget Portable radio, listed as the midget output transformer type in the materials list."
2,72,3S4,reference,Listed as a miniature 7-pin tube in the parts list for the telephone pick-up unit project.
5,95,3S4,reference,"Listed in the parts list for the telephone pick-up unit project, specified as a miniature 7-pin tube."
1,144,3V4,project,Listed in the power amplifier parts section of the drum record player project.
1,170,3V4,project,The power amplifier tube in the loudspeaker conversion circuit for the 3-tube superhet.
1,171,3V4,project,"The power amplifier tube in the superhet loudspeaker conversion, shown in the schematic and listed in the parts list."
2,190,3V4,project,"The modulator tube in the garage door opener transmitter, driven by an NE-2 neon oscillator."
2,192,3V4,reference,Listed as a required tube in the parts list for the garage door opener transmitter.
2,193,3V4,project,"Remote radio control garage door opener transmitter, labelled near C6 in the wiring diagram."
5,84,3V4,project,"Isotron transmitter tone generator amplifier, shown in the schematic as the rectifier tube for the power supply."
5,85,3V4,reference,"Listed in the Electronic Stethoscope materials list as one tube, noted to be in the output jack circuit."
0,143,45Z5GT,project,The half-wave rectifier in the power supply section of the 4-tube TRF receiver.
0,67,50B5,project,"Power tube option for the miniature amplifier, listed in the parts list and schematic."
1,101,50B5,project,"Wireless Broadcaster phono oscillator, used as the oscillator tube with screen grid modulation."
1,138,50B5,project,"Tube tester amplifier, listed as an alternative output tube for the speaker transformer."
1,153,50B5,project,"Radiation detector project, used as the oscillator tube in the independent power supply circuit."
1,33,50C5,reference,"Clock Radio materials list, listed as the beam power amplifier tube; noted for radiating heat in chassis layout."
1,34,50C5,project,"Clock Radio, the output tube receiving signal from the 12AT6 plate."
1,37,50C5,project,"Listed in the parts list for the clock radio project, shown near the 35W4 and 12BE6."
1,58,50C5,reference,Listed in the materials list as an alternative output tube for the intercom connection.
1,59,50C5,mention,"Radio intercom wiring instructions, listed as an alternative output tube for connecting cable wire H to lug #6."
1,105,50C5,reference,Shown in the power supply diagram as the power amplifier tube in the AC-DC set circuit.
1,107,50C5,mention,Named as an output tube in the troubleshooting guide for AC-DC radio sets.
1,114,50C5,project,"Listed in the materials for the converted radio, serving as the miniature power amplifier."
1,115,50C5,project,"Tube in the modern superhet converter schematic, with its plate connected to the magnetic speaker."
1,116,50C5,project,"A tube in the superhet conversion, listed in the series filament string between the 12BA6 and 35W4."
2,34,50C5,project,"The amplifier's rectifier tube, listed in the parts list and mounted on the chassis."
2,35,50C5,project,"The pentode in the guitar amplifier, serving as the output stage."
2,37,50C5,project,"The amplifier tube in the guitar/ukulele electronic pick-up, identified by its socket for a shunting capacitor."
2,59,50C5,reference,Listed in the AC-DC set tube substitution table as a power amplifier alternative for AC-DC sets.
2,60,50C5,project,"In the 5-tube switch superhet schematic, listed as a tube in the power supply section."
2,64,50C5,mention,AC-DC radio troubleshooting guide; listed as an output tube type with cathode resistors.
2,122,50C5,project,The rectifier tube in the Pocket Signal Tracer's example 5-tube radio set schematic.
2,123,50C5,project,"Pocket Signal Tracer 5-tube set pictorial plan, labelled as the output tube in the audio stage."
4,135,50C5,reference,Identified as the miniature power pentode output tube in typical 4- to 6-tube table radios.
5,103,50C5,project,"The rectifier tube in the typical 5-tube radio set schematic, supplying B+ voltage to the circuit."
5,104,50C5,mention,"Named as the output tube in the signal tracing example, where loss of signal indicates a fault."
7,31,50C5,project,"The output tube in the printed circuit phono amplifier, labeled 'OUTPUT TRANS' in the schematic."
7,32,50C5,project,"Printed Circuit Phono Amplifier, listed in the materials list and shown in the schematic."
7,110,50C5,project,"Classroom Morse practice circuit, listed as a tube connected to pin 1 of the headphone jack."
7,111,50C5,project,"Classroom Morse code practice circuit, connected to pin 1 of the isolation transformer secondary."
9,29,50C5,project,"Tube V2 in the timer circuit, amplifying the generated pulses to speaker volume."
9,30,50C5,project,"V2 in the Electronic Metronome-Seconds Timer, shown with C2 and R3 in the schematic."
b,80,50C5,project,"Instructor's control panel, tube connected to R1 and pin 1 of J-4."
b,81,50C5,project,"Instructor's control unit, pin 1 receives oscillator feed via isolation transformer."
p,25,50C5,mention,Reader's CB radio troubleshooting query; suspected of having incorrect bias causing front-end overloading.
v,12,50C5,advert,Listed in the 10-Assorted Diode Crystals section of the Brooks Radio & TV Corp. advertisement.
x,11,50C5,mention,"CB receiver tube in a reader's troubleshooting query, suspected of incorrect bias causing front-end overloading."
x,57,50C5,project,"The power amplifier tube in the typical 5-tube superhet receiver, driving the speaker."
x,58,50C5,project,"The 5-tube superheterodyne receiver, providing power amplification in the audio amplifier section."
x,59,50C5,reference,Listed in the tube complement of the 5-tube superheterodyne receiver power supply diagram.
y,63,50C5,project,"The power amplifier tube in Fig. 5, driving the speaker."
y,64,50C5,project,"The 5-tube superheterodyne receiver, acting as the power amplifier driving the speaker."
y,65,50C5,project,"The 5-tube superheterodyne receiver power supply, shown in Fig. 6 as a tube in the circuit."
0,67,50L6,project,"Alternative power tube for the miniature amplifier, listed as an option for the output transformer."
1,33,50L6,reference,"Clock Radio materials list, listed as the audio output transformer type."
1,77,50L6,mention,"Light beam radio transmitter, named as the tube type for the output transformer modification."
1,78,50L6,project,"Light beam radio receiver, labelled on the bottom view chassis diagram near the 12J5 and 930 sockets."
1,106,50L6,reference,"AC-DC radio troubleshooting guide, listed as a substitute for the 50B5-50C5 output tube in a capacitor replacement note."
1,138,50L6,project,"Tube tester amplifier, listed as an alternative output tube for the speaker transformer."
1,142,50L6,reference,Listed in the materials for the drum record player as the output transformer for the 4-inch speaker.
2,16,50L6,project,"The Detectophone, listed as an alternative type for the audio output transformer."
2,59,50L6,reference,Listed in the AC-DC set tube substitution table as a power amplifier alternative for AC-DC sets.
2,63,50L6,technique,Troubleshooting guide for AC-DC sets; listed as the detector tube in the block diagram and capacitor replacement instructions.
2,83,50L6,none,"Describes the 2500-ohm output transformer of the 5-in. PM speaker, not a tube."
2,141,50L6,project,"Multi-Com electronic baby-sitter, listed in materials as the power amplifier tube type for the output stage."
2,142,50L6,project,"Multi-Com baby-sitter, identified as the output tube type in the text and diagram labels."
2,160,50L6,mention,Suggested as an ideal type for the feedback inductance transformer in the transistor code practice outfit.
3,84,50L6,reference,"Midget Record Player materials list, specifying the output transformer type for the three-tube amplifier."
4,99,50L6,mention,Suggested as an ideal type for the audio output transformer used as feedback inductance in the code practice outfit.
4,295,50L6,mention,Named as an ideal type for the feedback inductance transformer in the code practice outfit.
5,116,50L6,none,"Appears in the text as '50L6 TYPE' describing the tube type, not a specific component reference."
5,117,50L6,project,"Light beam receiver, listed in the materials list and shown in the bottom view layout."
7,61,50L6,none,Crossword clue 22 asking for the filament voltage of a 50L6 tube.
0,60,50L6GT,project,"The electronic eye control circuit, offered as an interchangeable pentode alternative to the 6J5GT for driving sluggish relays."
0,61,50L6GT,mention,Offered as an alternative to the 6J5GT for the amplifier tube in the electronic eye control circuit.
0,142,50L6GT,project,"The 4-tube TRF receiver, identified in the text as a tube in the complement."
0,143,50L6GT,project,The beam power output stage tube supplying 2 watts to the speaker transformer in the TRF receiver.
1,58,50L6GT,reference,Listed in the materials list as the primary output tube for the intercom connection.
1,59,50L6GT,mention,"Radio intercom wiring instructions, listed as a possible output tube for connecting cable wire H to lug #4."
1,76,50L6GT,project,The audio frequency output tube in the light beam radio receiver circuit.
1,77,50L6GT,project,"Light beam radio receiver, shown as the pentode in the schematic and listed in materials."
1,78,50L6GT,project,"Light beam radio receiver, mentioned in text to distinguish pin blanking from the 12J5GT socket."
1,105,50L6GT,reference,Shown in the power supply diagram as the power amplifier tube in the AC-DC set circuit.
2,59,50L6GT,project,"Shown in the AC-DC receiver schematic as the power amplifier tube, connected to the output transformer."
2,108,50L6GT,mention,One-Tube Cigar-Box Amplifier article; named as the power amplifier type similar to the 117L7 half used in the circuit.
2,123,50L6GT,project,"Pocket Signal Tracer 5-tube set pictorial plan, listed as an alternative to the 50C5 output tube."
2,142,50L6GT,project,"Multi-Com baby-sitter, shown in the top view photograph and listed in the parts list."
5,104,50L6GT,mention,"Named as an alternative output tube in the signal tracing example, where loss of signal indicates a fault."
5,115,50L6GT,project,"The Talking on a Light Beam transmitter, listed in the parts list and schematic as the output tube."
5,116,50L6GT,project,"Light beam radio receiver, listed as the RCA pentode tube in the materials list."
5,117,50L6GT,project,"Light beam receiver, noted for blank pins #1 and #6 in the assembly text."
5,141,50L6GT,mention,"One-Tube Cigar-Box Amplifier; named as the function of the 6L7GT's power amplifier half, not a component used."
7,90,50L6GT,reference,"CRT Brightener materials list, specifying the lamination size of the used audio output transformer."
e,97,50L6GT,reference,Cited as an example of tubes with identical designations except for filament voltage.
16,43,5823,project,"V1 in the 2500-volt flashtube trigger circuit, positioned near R3 and C2."
a,97,5823,reference,"Listed as V4 in the control unit parts list, specified as a 5823 tube."
m,109,5C30,none,"Frequency in kHz for Cadena Nacional in La Paz, Bolivia, listed in the 60 Meter Band schedule."
1,73,5U4G,project,"Novice Radiotelegraph Station power supply, listed as an alternative rectifier tube to the 5Z3."
4,57,5U4GB,project,"Relay-driven transmitter and receiver unit, listed in the parts list as a tube."
4,253,5U4GB,project,"Relay-driven transmitter and receiver unit, listed in the parts list as the rectifier tube."
6,32,5U4GB,reference,Listed in the materials list and shown as the rectifier in the power supply schematic.
8,42,5U4GB,project,"Puddle Jumper receiver, the rectifier tube in the power supply, designated V-1."
8,47,5U4GB,reference,Listed in the Puddle Jumper 2-meter station materials list as a required vacuum tube.
8,49,5U4GB,project,"Puddle Jumper 2-meter station, identified as V-1 in the filament heater circuit."
z,22,5U8,reference,"TV Cure-All troubleshooting guide, listed as a probable sync tube type in portable TV sets."
3,75,5V4G,project,Listed as V10 in the parts list for the TV oscilloscope.
0,98,5W4,reference,Listed in the table of rectifier tubes most commonly used in AC/DC sets.
0,98,5X4,reference,Listed in the table of rectifier tubes most commonly used in AC/DC sets.
0,98,5Y3,reference,Listed in the table of rectifier tubes most commonly used in AC/DC sets.
0,125,5Y3,project,"The rectifier tube in the power supply of Strand's record player amplifier, feeding the filtering circuit."
0,126,5Y3,project,"Harold P. Strand's record player amplifier, positioned next to the power transformer in the chassis layout."
1,105,5Y3,reference,Shown in the power supply diagram as the rectifier tube in the AC-DC set circuit.
1,164,5Y3,project,"Multi-purpose audio amplifier, listed in the materials list and shown in the chassis layout near the power filter choke."
1,165,5Y3,project,"Multi-purpose audio amplifier, shown in the power supply section of the schematic diagram."
2,59,5Y3,project,"Shown in the AC-DC receiver schematic as the power rectifier tube, feeding the filter circuit."
4,28,5Y3,project,Transmitter-receiver project; identified as the rectifier in the power supply section.
4,30,5Y3,reference,Listed as a 5Y3 GT tube in the parts list for the 1959 radio-TV transmitter-receiver project.
4,107,5Y3,none,Clue in the crossword puzzle describing characteristics identical to those of the 5Y3.
4,158,5Y3,reference,"Listed in the parts list for the recording unit, designated V4."
4,224,5Y3,project,The rectifier tube in the transceiver's power supply section.
4,226,5Y3,reference,"Listed in the parts list for the Citizens Band transceiver project, specified as a 5Y3 GT tube."
4,303,5Y3,none,Clue in the crossword puzzle describing a tube with characteristics identical to the 5Y3.
5,73,5Y3,project,"Small Fry Crystal Set power supply, identified as the rectifier tube in the chassis layout and wiring text."
5,74,5Y3,project,"Small Fry Crystal Set, the rectifier tube whose heater pin is excluded from the common heater wire connection."
p,25,5Y3,mention,Rectifier tube replacement advice; listed as a modern tube that can be replaced with diodes in a plug-in adapter.
x,11,5Y3,mention,Rectifier tube named in a query about replacing vacuum tube rectifiers with semiconductor diodes in old radios.
5,73,5Y3G,project,"Small Fry Crystal Set power supply, named as the rectifier tube whose filaments should glow during testing."
5,76,5Y3G,project,"Small Fry Crystal Set power supply, identified as the rectifier tube in the schematic and heater circuit."
5,80,5Y3G,reference,"Isotron transmitter materials list, listed as a required vacuum tube for the power supply."
3,147,5Y3GT,project,"Fidelity Amplifier, identified as the rectifier in the parts list."
3,148,5Y3GT,reference,Listed in the Fidelity Amplifier tube inventory as the full-wave rectifier.
3,150,5Y3GT,project,"The Fidelity Amplifier's rectifier, installed in the socket behind the electrolytic capacitor can."
4,26,5Y3GT,project,Identified as the rectifier tube in the power supply section of the 1959 radio-TV project wiring diagram.
4,222,5Y3GT,project,"The 1959 Radio-TV Experimenter project, identified as the rectifier tube in the power supply section of the diagram."
7,147,5Y3GT,project,"The rectifier in the power supply schematic, shown with 350V output and 6.3V filament connections."
o,76,5Y3GT,mention,"Identified as a faulty rectifier tube in a stereo changer cabinet, replaced to fix fuse popping."
0,98,5Y4,reference,Listed in the table of rectifier tubes most commonly used in AC/DC sets.
0,98,5Z3,reference,Listed in the table of rectifier tubes most commonly used in AC/DC sets.
1,71,5Z3,project,"Novice Radiotelegraph Station power supply, recommended rectifier tube with a 4-pin base."
1,72,5Z3,project,"The Novice Radiotelegraph Station power supply, shown as the rectifier in the schematic with 5U4G as an alternative."
1,73,5Z3,project,"Novice Radiotelegraph Station power supply, listed as the primary rectifier tube option."
13,34,5Z3,technique,The obsolete rectifier tube being replaced by the silicon diode circuits shown in Fig. 1.
13,35,5Z3,project,The obsolete tube rectifier in vintage receivers that this circuit replaces with silicon diodes.
13,36,5Z3,technique,Obsolete tube rectifier discussed for replacement with silicon diodes in vintage receivers.
2,93,5Z3,project,"160-meter amateur radiotelephone station, listed in the required tubes section for the transmitter build."
2,94,5Z3,project,"The 160-meter station's power supply rectifier, tested by turning on the unit with only this tube inserted."
2,95,5Z3,project,"The 160-meter amateur radiotelephone station power supply, serving as the 110v rectifier."
2,96,5Z3,project,"160-meter amateur radiotelephone station, identified as tube D on the top of the chassis."
p,25,5Z3,mention,Rectifier tube replacement advice; listed as a tube that can be replaced with diodes in a plug-in adapter.
x,11,5Z3,mention,Rectifier tube named in a query about replacing vacuum tube rectifiers with semiconductor diodes in old radios.
6,125,6146,project,"The power output tubes of the high-power AM transmitter amplifier, shown with R17, R13, and R14."
6,126,6146,project,"High-power AM transmitter amplifier, identified in the text as the output stage tubes."
6,127,6146,project,"Leasebreaker transmitter amplifier, shown on the schematic with connections to pins 6 and 1."
6,128,6146,project,"Leasebreaker transmitter, listed as V2 and V3/V4, with cathodes returned to power supply ground."
0,58,6A8,project,"The wireless broadcaster conversion, replacing the detector tube as a Pentagrid Converter in the left-hand socket."
0,59,6A8,project,"The transmitter tube in the midget radio conversion, with the microphone lead connected to its cap."
3,86,6A8,mention,"Example in tube replacement article, cited as interchangeable with 6A8G and 6A8GT glass tubes."
3,75,6AB4,project,Listed as V7 and V8 in the parts list for the TV oscilloscope.
3,91,6AC7,mention,"Listed as a substitute for the 6L6 tubes in the high-voltage power supply, with a 50 ma maximum current rating."
1,99,6AG5,project,"FM tuner circuit, listed as two miniature tubes in the materials list and shown in the diagram."
4,57,6AG5,project,"Relay-driven transmitter and receiver unit, listed in the parts list and used as the RF amplifier stage."
4,147,6AG5,project,"The 7-tube FM tuner, listed as two miniature tubes in the materials list and shown in the circuit diagram."
4,253,6AG5,project,"Relay-driven transmitter and receiver unit, listed in the parts list and identified as the RF amplifier stage."
5,74,6AG7,project,"Small Fry Crystal Set, a tube in the oscillator section requiring a .005 mfd bypass capacitor on its heater pin."
5,80,6AG7,reference,"Isotron transmitter materials list, listed as two required vacuum tubes."
8,52,6AG7,project,"Modified-Miller oscillator circuit, used as the transmitter-oscillator tube in the construction diagram."
8,29,6AJ5,advert,Listed in the Fair Radio Sales surplus receiver ad as one of the included tubes.
c,25,6AK4,advert,Listed in the Radio-TV Experimenter parts advertisement as 5-SYLVANIA 6AK4 TUBES for $1.
e,95,6AK5,reference,"Example in the tube designation section, cited to illustrate the 6.3-volt filament voltage and six-element count."
e,129,6AK5,reference,Used as the primary example to explain how to read triode specifications in the tube manual.
1,151,6AK6,project,"Radiation detector materials list, listed as an alternative pentode tube for the oscillator stage."
1,152,6AK6,project,"Radiation detector project, listed in the parts list for the plug-in alarm unit."
1,153,6AK6,project,"Radiation detector project, listed as a miniature replacement for the 9003 tube with specific grid connections."
2,187,6AK6,reference,Listed as two tubes in the parts list for the remote radio control garage door opener.
2,189,6AK6,project,Remote radio control garage door opener receiver; used as the detector and as the output relay tube.
3,75,6AK6,project,Listed as V3 and V4 in the parts list for the TV oscilloscope.
1,99,6AL5,project,"FM tuner circuit, listed as one miniature tube in the materials list and shown in the diagram."
4,147,6AL5,project,"The 7-tube FM tuner, listed as one miniature tube in the materials list and shown in the circuit diagram."
5,127,6AL5,project,"The V-7A VTVM, identified in the schematic diagram near the power transformer and dial lamp."
5,129,6AL5,technique,"V-7A VTVM, described as a half-wave voltage-doubler rectifier for AC voltage measurements."
8,149,6AL5,none,Listed in the tube complement of the Lafayette HE-15B CB transceiver product description.
8,151,6AL5,reference,Listed as one of two tubes in the Model HE-55 'Squelcher' noise eliminator product description.
8,29,6AL5W,advert,Listed in the Fair Radio Sales surplus receiver ad as one of the included tubes.
6,39,6AN8,project,"Two-Tube Long Wave Receiver: pentode section is the regenerative detector, triode section is the cathode-follower isolating the detector from the antenna circuit."
6,41,6AN8,project,"Two-Tube Long Wave Receiver, where L2 is wound onto pin 7 of its 6AN8 socket."
6,42,6AN8,reference,"Listed as V1 in the Two-Tube Long Wave Receiver materials list, paired with V2 6AU8."
6,43,6AN8,project,"Two-Tube Long Wave Receiver, the first tube stage in the schematic, associated with C3, C4, and C5."
6,44,6AN8,project,"One of the two tubes in the Two-Tube Long Wave Receiver, shown in the chassis layout."
b,73,6AN8,project,"Regenerative detector in the receiver, with pentode as grid-leak detector and triode as cathode-follower."
b,75,6AN8,project,"Regenerative radio receiver, pin 7 of its socket used to short out L2 during adjustment."
b,76,6AN8,project,"Long wave regenerative receiver, listed as V1 in the materials list and shown on the chassis diagram."
b,77,6AN8,project,"The regenerative radio receiver schematic, shown as the oscillator tube in the receiver stage."
z,22,6AN8,reference,"TV Cure-All troubleshooting guide, listed as a probable sync tube type in console TV sets."
1,29,6AQ5,project,"The beam power output tube of the General Purpose AC Amplifier, driving the output transformer."
1,30,6AQ5,project,"General Purpose AC Amplifier, labelled near the power transformer on the bottom view chassis diagram."
1,31,6AQ5,project,"General Purpose AC Amplifier, the output stage driving the speaker voice coil with a tone control in its plate circuit."
2,117,6AQ5,project,"The beam power output tube of the General Purpose AC Amplifier, driving the output transformer."
2,118,6AQ5,project,"General Purpose AC Amplifier, shown in the bottom view schematic near the power transformer."
2,119,6AQ5,project,"General Purpose AC Amplifier, the output tube driving the 4-ohm voice coil of the speaker."
4,26,6AQ5,project,"Listed in the wiring diagram for the 1959 radio-TV project, appearing twice near ground and B+ connections."
4,27,6AQ5,project,"Transmitter-receiver project; used in the audio amplifier section, wired with the speaker output transformer."
4,28,6AQ5,project,Transmitter-receiver project; identified as the RF amplifier and power amplifier tubes.
4,29,6AQ5,project,"The 1959 radio-TV transmitter-receiver project, identified as the audio power amplifier supplying B+ to the RF amplifier."
4,31,6AQ5,project,"The RF power amplifier tube in the 1959 radio-TV transmitter-receiver, used to peak final tuning."
4,54,6AQ5,project,"The relay-driven unit's modulator stage, listed in the tube pin connection table."
4,57,6AQ5,project,"Relay-driven transmitter and receiver unit, listed in the parts list and shown in the transmitter schematic."
4,59,6AQ5,project,"The VFO tube in the relay-driven transmitter and receiver unit, inserted during the power-up checkout sequence."
4,222,6AQ5,project,"The 1959 Radio-TV Experimenter project, shown in the wiring diagram with one tube labeled 6AQ5."
4,223,6AQ5,project,"Transmitter-receiver project, used as the transmitter RF power amplifier tube."
4,224,6AQ5,project,The RF amplifier and power amplifier tubes in the transceiver's transmitter section.
4,225,6AQ5,project,Citizens Band transceiver; its audio power amplifier provides B+ to the RF amplifier via the Send-Receive Switch.
4,227,6AQ5,project,"The RF power amplifier tube in the Citizens Band transceiver, used to peak final tuning with a neon lamp."
4,250,6AQ5,project,"The modulator tubes in the transmitter section, listed in the tube pin connection table."
4,253,6AQ5,project,"Relay-driven transmitter and receiver unit, listed in the parts list and shown in the transmitter power and modulation stages."
4,255,6AQ5,project,"The VFO tube in the relay-driven transmitter and receiver unit, inserted during power-up checkout."
6,30,6AQ5,project,Two-meter transceiver build; identified as the doubler stage in the chassis layout diagram.
6,31,6AQ5,project,"Two-meter transceiver RF section, labelled as the doubler tube."
6,32,6AQ5,reference,Listed in the materials list for the two-meter station build.
6,34,6AQ5,project,"The frequency doubler stage of the two-meter transceiver, where the coil winding and grid-dip meter tuning are described."
6,35,6AQ5,project,"Two-meter transceiver transmitter schematic, shown in the transmitter circuit diagram."
b,132,6AQ5,reference,Listed as a typical audio output tube in TV sets for determining circuit type and cathode voltage.
p,21,6AQ5,advert,"Lafayette Explor-Air Mark V Receiver tube complement, listed as the audio output stage."
p,82,6AQ5,none,"Shown as a finished example of the Lectroetch kit, engraved on a chassis to demonstrate the tool's capability."
p,83,6AQ5,none,"Example marking cut on a stencil in the Lectroetch kit article, not a component in a circuit."
q,71,6AQ5,project,"Super Squared 3 receiver, V3 audio output stage driving the speaker."
w,12,6AQ5,project,"V2 power pentode in the Loftin-White amplifier circuit, connected as a triode to drive output transformer T1."
z,20,6AQ5,reference,Listed as a possible vertical output tube in console TV sets for short and squatty picture.
e,52,6AQ5A,project,"V3 in the phono amplifier schematic, shown with J2 and C5 near the output stage."
5,69,6AR5,project,"The signal generator circuit, shown in the schematic as part of the power or rectification section."
5,70,6AR5,project,The audio amplifier and tone generator tube in the Lafayette LSG-10 Signal Generator's audio section.
1,29,6AT6,project,"The high-mu triode voltage amplifier tube of the General Purpose AC Amplifier, receiving the input signal."
1,30,6AT6,project,"General Purpose AC Amplifier, identified as the tube whose grid connects to the volume control via shielded leads."
1,31,6AT6,project,"General Purpose AC Amplifier, the input stage where grid wiring must be shielded to prevent hum."
1,32,6AT6,project,"General Purpose AC Amplifier, where a 1 meg. resistor from its grid to ground may reduce hum."
2,111,6AT6,mention,Listed as a compatible detector tube type for the adapter in the text and diagram label.
2,117,6AT6,project,"The voltage amplifier tube of the General Purpose AC Amplifier, receiving the signal from the volume control."
2,118,6AT6,project,"General Purpose AC Amplifier, shown in the bottom view schematic with shielded leads running to the volume control."
2,119,6AT6,project,"General Purpose AC Amplifier, the input stage tube whose grid wiring requires shielding to prevent hum."
3,75,6AT6,project,Listed as V1 in the parts list for the TV oscilloscope.
8,63,6AT6,project,"The modification schematic, shown as the driver stage connected to the 6V6 output tube."
1,95,6AU6,project,"R.F. amplifier tube in the short-wave converter, with 6BA6 listed as an alternative."
1,96,6AU6,project,"Short-wave converter, listed in materials and used for rectification to provide dc plate voltage."
1,99,6AU6,project,"FM tuner circuit, shown in the diagram near the discriminator section."
1,100,6AU6,project,"FM tuner chassis layout, shown in the bottom view diagram near the B+ cable and filter connection."
1,136,6AU6,reference,"In the tube tester article, shown as a typical tube base diagram to illustrate pin numbering for testing."
2,91,6AU6,reference,"TV Tube Checker project, shown as a typical tube base diagram for pin identification."
2,155,6AU6,project,"R.F. amplifier tube in the short-wave converter, paired with 6BE6 mixer."
2,156,6AU6,project,"Short-wave converter project, listed in the materials list and shown in the schematic as the rectifier tube."
3,75,6AU6,technique,Cited in the amplifier design calculation as providing a voltage gain of 230.
4,147,6AU6,project,"The 7-tube FM tuner, listed as one miniature tube in the materials list and shown in the circuit diagram."
4,148,6AU6,project,"7-tube FM tuner chassis layout, shown in the bottom view indicating its physical placement."
6,125,6AU6,project,"The input stage of the high-power AM transmitter amplifier, shown with R2, C9, and R3."
6,126,6AU6,project,"High-power AM transmitter amplifier, described in the text as the pentode gain stage tube."
6,127,6AU6,project,"Leasebreaker transmitter amplifier, shown on the schematic near resistors R34 and R3."
6,128,6AU6,project,"Leasebreaker transmitter, listed as V1, with plate and screen voltages checked during alignment."
o,32,6AU6,mention,Cited in the answer to the 3AU6 power supply question as requiring the same 3.15V filament voltage.
z,22,6AU6,reference,"TV Cure-All troubleshooting guide, listed as a probable sync tube type in console TV sets."
6,39,6AU8,project,"Two-Tube Long Wave Receiver: pentode section is the audio amplifier, triode section serves as the ac-dc rectifier."
6,40,6AU8,project,"Two-Tube Long Wave Receiver, where the filter capacitor C11 is wedged between its socket and the chassis."
6,42,6AU8,reference,"Listed as V2 in the Two-Tube Long Wave Receiver materials list, shown on the chassis diagram."
6,43,6AU8,project,"Two-Tube Long Wave Receiver, the second tube stage in the schematic, associated with C9, R9, and R5."
6,44,6AU8,project,"One of the two tubes in the Two-Tube Long Wave Receiver, shown in the chassis layout."
b,73,6AU8,project,Audio amplifier (pentode section) and AC-DC rectifier (triode section) in the receiver.
b,74,6AU8,project,Regenerative radio receiver; the tube socket is used to secure filter capacitor C11 to the chassis.
b,76,6AU8,project,"Long wave regenerative receiver, listed as V2 in the materials list and shown on the chassis diagram."
b,77,6AU8,project,"The regenerative radio receiver schematic, shown as the detector and audio amplifier tubes."
b,78,6AU8,project,"The tube in the long wave regenerative receiver, shown beside T1 on the chassis layout."
z,22,6AU8,reference,"TV Cure-All troubleshooting guide, listed as a probable sync tube type in console TV sets."
8,149,6AU8A,none,Listed in the tube complement of the Lafayette HE-15B CB transceiver product description.
2,111,6AV6,mention,Listed as a compatible detector tube type for the adapter in the text and diagram label.
2,112,6AV6,mention,Example of a 6-volt tube compatible with the miniature tube adapter for radio sets.
9,115,6AV6,project,"T.R.F. tuner, the detector stage labelled 'DET.' in the schematic and pictorial views."
9,116,6AV6,project,"T.R.F. tuner, labelled near the phono receptacle and TV interlock on the chassis layout diagram."
p,21,6AV6,advert,"Lafayette Explor-Air Mark V Receiver tube complement, listed as the detector and 1st audio stage."
8,46,6AW8,project,"Puddle Jumper transmitter, crystal oscillator triode and frequency doubler pentode sections."
8,48,6AW8,project,"The Puddle Jumper transmitter's oscillator tube, V-6, labelled in the schematic near the 36 MC crystal."
8,49,6AW8,project,"Puddle Jumper 2-meter station, listed in the power transformer section of the wiring diagram."
8,149,6AW8,none,Listed in the tube complement of the Lafayette HE-15B CB transceiver product description.
8,47,6AW8A,reference,Listed in the Puddle Jumper 2-meter station materials list as a required vacuum tube.
h,87,6AW8A,project,"The triode-pentode tube in the CW squeaker, with triode as Pierce oscillator and pentode as RF amplifier."
1,95,6BA6,project,"Alternative R.F. amplifier tube for the short-wave converter, interchangeable with the 6AU6."
1,96,6BA6,mention,"Short-wave converter, listed as an alternative to the 6AU6 for rectification in the power supply."
1,99,6BA6,project,"FM tuner circuit, listed as two miniature tubes in the materials list and shown in the diagram."
1,100,6BA6,project,"FM tuner circuit, identified as the 1st IF stage in the bottom view wiring diagram."
11,20,6BA6,mention,Named in a reader's question about replacing the RF amplifier tube in a Lafayette HA-63 receiver.
13,36,6BA6,mention,Cited as an example of a tube electrically similar to the 6SG7 for interchangeable use.
2,155,6BA6,mention,Listed as an alternative to the 6AU6 for the R.F. amplifier stage.
4,147,6BA6,project,"The 7-tube FM tuner, listed as two miniature tubes in the materials list and shown in the circuit diagram."
4,148,6BA6,project,"7-tube FM tuner chassis layout, appearing in the bottom view and labeled near the 1st IF stage."
9,115,6BA6,project,"T.R.F. tuner, the two R.F. amplifier tubes shown in the schematic and pictorial views."
9,116,6BA6,project,"T.R.F. tuner, listed in the materials list and labelled near the power transformer on the chassis layout."
p,21,6BA6,advert,"Lafayette Explor-Air Mark V Receiver tube complement, listed as the IF amplifier."
1,95,6BE6,project,"Mixer tube in the short-wave converter, operating from the 6.3v filament transformer."
1,96,6BE6,project,"Short-wave converter, listed in materials and shown in the schematic as the oscillator tube."
1,97,6BE6,project,"Short-wave converter by Blanchard, labelled as the oscillator tube in the schematic."
13,36,6BE6,mention,Cited as an example of a tube electrically similar to the 6SA7 for interchangeable use.
2,155,6BE6,project,"Mixer tube in the short-wave converter, working with the 6AU6 amplifier."
2,156,6BE6,project,"Short-wave converter project, listed in the materials list and shown in the schematic as the oscillator tube."
2,157,6BE6,project,"Short-wave converter project by Thomas A. Blanchard, labelled as the tuner oscillator coil component."
p,21,6BE6,advert,"Lafayette Explor-Air Mark V Receiver tube complement, listed as the converter."
p,23,6BE6,project,The oscillator tube in the low-frequency converter circuit diagram answering a reader's query.
q,62,6BE6,project,"The GDO-based RF converter, listed as V1, where the GDO signal mixes with the received signal."
q,64,6BE6,project,"GDO-based RF converter, used in the Dipperette-1 oscillator stage; substitute 12BE6 if transformer lacks 12V filament winding."
q,65,6BE6,project,"The pentagrid mixer tube in the BCB 2 receiver, mixing station and oscillator signals to produce 455 kHz."
q,66,6BE6,project,"V1 in the BCB 2 for Beginners superhet receiver, shown in the schematic with C2 and R1."
q,67,6BE6,project,"BCB 2 for Beginners superhet receiver, listed in the tube complement near the 6BL8 and 68L8."
v,34,6BE6,project,"V1 in the shortwave receiver modification, connected to L1 antenna coil and L2 oscillator coil."
x,10,6BE6,project,The tube in the antenna matching transformer circuit for connecting an external antenna to a portable FM receiver.
z,22,6BE6,reference,"TV Cure-All troubleshooting guide, listed as a probable sync tube type in console TV sets."
1,26,6BG6G,project,"The 16-inch TV conversion, listed as the oscillator tube in the materials list and checked for lead clearance."
1,152,6BG6G,project,"Radiation detector project, used as the oscillator tube in the flea-power flyback circuit."
1,146,6BH6,project,"Headlight-Controlled Garage Door Opener, labelled as tube 922 in the relay driver stage."
1,149,6BH6,project,"Headlight-Controlled Garage Door Opener, listed in the parts list as a tube and base for the control circuit."
z,20,6BL7,reference,Listed as a possible vertical output tube in console TV sets for short and squatty picture.
q,66,6BL8,project,"V2 in the BCB 2 for Beginners superhet receiver, demodulating the signal and providing audio boost."
b,132,6BQ5,reference,Listed as a typical audio output tube in TV sets for determining circuit type and cathode voltage.
9,36,6BZ7,project,"V1 of the VHF converter's cascode amplifier stage, shown in the schematic with associated coils L1 and L2."
9,39,6BZ7,reference,Listed as V1 and V2 in the parts list for the sweep generator converter.
1,99,6C4,project,"FM tuner circuit, listed as one miniature tube in the materials list and shown in the diagram."
1,100,6C4,project,"FM tuner circuit, identified as the 2nd IF stage in the bottom view wiring diagram."
3,75,6C4,technique,Shown in the schematic diagram of the no-gain phase inverter stage.
4,147,6C4,project,"The 7-tube FM tuner, listed as one miniature tube in the materials list and shown in the circuit diagram."
4,148,6C4,project,"7-tube FM tuner chassis layout, shown in the bottom view indicating its physical placement."
6,82,6C4,project,"The single tube in the Electronic Antenna Relay, acting as a grounded-grid amplifier and switch."
6,83,6C4,project,"The relay tube in the Electronic Antenna Relay, listed as V1 with a 9-pin socket."
8,148,6C4,project,"Listed as V1 in the materials list for the in-circuit modification, serving as the added converter tube."
n,49,6C4,project,"The vacuum tube V1 in the T-R switch circuit, listed as the primary type in the parts list."
w,12,6C4,project,"V1 triode in the Loftin-White amplifier circuit, serving as the input stage with 470K grid resistors."
n,49,6C4W,project,"An alternative vacuum tube type for V1 in the T-R switch circuit, listed in the parts list."
n,49,6C4WA,project,"An alternative vacuum tube type for V1 in the T-R switch circuit, listed in the parts list."
0,55,6C5,mention,"Suggested as an alternative tube to the 6J5 for the receiver, noted as fitting the same socket."
0,123,6C5,project,"The record player's power tube, shown in the chassis drawing with a note to use a 6F5 for greater volume."
0,125,6C5,project,"The first stage triode in Strand's record player amplifier, receiving the pickup input via a volume control."
0,126,6C5,project,"Harold P. Strand's record player amplifier, located at the extreme right to shorten leads from the volume control."
0,58,6C5GT,project,"The wireless broadcaster conversion, listed as an alternative to the 6J5GT for the rectifier and detector roles."
7,52,6CG7,reference,Listed as a vacuum tube in the parts list for the signal generator project.
b,90,6CG7,reference,"Listed as V1, V2, V3 vacuum tubes in the frequency calibrator parts list."
z,20,6CG7,reference,Listed as a possible vertical output tube in console TV sets for short and squatty picture.
z,22,6CG7,reference,"TV Cure-All troubleshooting guide, listed as a probable sync tube type in console TV sets."
8,47,6CL6,reference,Listed in the Puddle Jumper 2-meter station materials list as a required vacuum tube.
z,20,6CM6,reference,Listed as a possible vertical output tube in console TV sets for short and squatty picture.
z,20,6CM7,reference,Listed as a possible vertical output tube in console TV sets for short and squatty picture.
z,20,6CZ5,reference,Listed as a possible vertical output tube in console TV sets for short and squatty picture.
g,57,6D10,project,"The 10-80 Receiver's single tube, providing the regeneration detector and first audio stage."
g,58,6D10,project,"The 10-80 Receiver's audio amplifier tube, providing bias and filtering for its third triode section."
g,60,6D10,project,"V1 of the 10-80 Receiver, identified as the Compactron tube in the parts list."
s,76,6D10,project,"The Multibander receiver, labelled V1A in the grounded-grid RF amplifier stage."
6,162,6DJ8,advert,"The Blonder-Tongue B-24 Pow-R Booster, described as employing the new frame-grid tube for broadband VHF amplification."
8,149,6DJ8,none,Named as the tube used in the Jerrold Electronics amplifier product description.
z,20,6DR7,reference,Listed as a possible vertical output tube in console TV sets for short and squatty picture.
h,37,6DS4,project,"VHF Extender, the Nuvistor tube socket secured by crimping lips and shielded with a copper partition."
3,60,6E5,none,"Appears as a multiple-choice option in the electronics quiz, not a component in the Thread the Needle circuit."
6,32,6E5,reference,Listed in the materials list and associated with the dial tuning eye assembly.
6,36,6E5,project,"Two-meter transceiver, the tuning-eye tube plugged into its socket and bracket for modulation check."
8,44,6E5,project,"Puddle Jumper receiver, labelled as COILS in the top view layout."
8,47,6E5,reference,Listed in the Puddle Jumper 2-meter station materials list as a required vacuum tube.
8,49,6E5,project,"Puddle Jumper 2-meter station, identified as V-9 in the transmitter final tank circuit."
8,149,6E8A,none,Listed in the tube complement of the Lafayette HE-15B CB transceiver product description.
p,56,6EH7,project,"TV receiver schematic, labelled V203 in the video output stage near T207 and C221."
z,20,6EM7,reference,Listed as a possible vertical output tube in console TV sets for short and squatty picture.
0,124,6F5,reference,"Listed as an alternative to the 6C5 tube for the amplifier stage, depending on desired volume."
0,125,6F5,mention,A suggested high-mu triode substitute for the 6C5 in Strand's record player amplifier to increase volume.
0,130,6F5,project,"Record player amplifier diagram, labelled near the grid cap and 450V supply connection."
0,125,6F6,project,"The pentode in Strand's record player amplifier, resistance coupled to the first stage and driving the output transformer."
0,126,6F6,project,"Harold P. Strand's record player amplifier, positioned to the right of the choke in the chassis layout."
0,130,6F6,project,"Record player amplifier diagram, shown in the schematic near the volume control and shielded cable."
3,91,6F6,mention,"Listed as a substitute for the 6L6 tubes in the high-voltage power supply, with a 50 ma maximum current rating."
n,119,6F6,mention,Listed among tubes in a reader's shortwave radio; suggested as a possible missing tube for push-pull audio.
0,129,6F7,reference,"Listed in the parts list for the tuner, specified as one tube with a matching 7-pin socket."
0,131,6F7,project,"The radio-phonograph tuner, providing one stage of RF and one stage of audio amplification."
3,91,6G6,mention,"Listed as a substitute for the 6L6 tubes in the high-voltage power supply, with a 20 ma maximum current rating."
8,52,6G6G,mention,Named as the original oscillator tube whose circuit is entirely removed during the modification.
r,37,6GH8,mention,Suggested as a combination pentode-triode tube alternative to separate V1 and V2 in the shortwave converter circuit.
y,10,6GH8,mention,Suggested as a combination pentode-triode tube alternative for the shortwave converter circuit.
y,56,6GH8,project,"Sylvania DO2-1 color chassis tube chart, identified as the Reactor/Burst Amplifier."
y,57,6GH8,project,"Sylvania DO2-1 color section, V401A of the color amplifier stage."
14,20,6GH8A,mention,"In the tube tester Q&A, identified as a medium-mu triode/pentode with 9AE base to find a tester setting."
y,56,6GH8A,project,"Sylvania DO2-1 color chassis tube chart, identified as the Bandpass Amplifier."
z,22,6GW8,reference,"TV Cure-All troubleshooting guide, listed as a probable sync tube type in console TV sets."
1,146,6H6,project,"Headlight-Controlled Garage Door Opener, labelled as tube 911 in the relay driver stage."
1,148,6H6,project,"Headlight-Controlled Garage Door Opener, labelled as the sensitive relay in the control circuit diagram."
1,149,6H6,project,"Headlight-Controlled Garage Door Opener, listed in the parts list as a tube and base for the control circuit."
p,56,6HZ6,project,"TV receiver schematic, labelled V205B in the video output stage near T203 and C209."
z,22,6HZ8,reference,"TV Cure-All troubleshooting guide, listed as a probable sync tube type in console TV sets."
0,11,6J5,project,"TV receiver oscillator and mixer stage, shown in pictorial and schematic diagrams as the local oscillator tube."
0,13,6J5,technique,"TV receiver high frequency oscillator section, where wiring and grounding are discussed for stability."
0,15,6J5,technique,"TV receiver sound I.F. alignment, identified as the local oscillator to be removed to connect the signal generator."
0,16,6J5,reference,"TV receiver tube function table, listed as the oscillator."
0,17,6J5,reference,"TV receiver tube function table, listed as the oscillator and described in the oscillator alignment procedure."
0,39,6J5,project,"The 6J5 tube in the timer circuit, activated by the timer switch to start the timing cycle."
0,40,6J5,project,"The timer circuit, labelled as the control tube in the schematic diagram."
0,41,6J5,project,"Timer circuit, acting as a diode to charge the grid condenser and control the 2050 thyratron."
0,55,6J5,mention,"Suggested as an alternative tube to the 6C5 for the receiver, noted as fitting the same socket."
0,59,6J5,project,"The rectifier tube in the midget radio conversion, supplying the plate voltage to the 6A8."
0,60,6J5,mention,"The electronic eye control circuit, referenced generally when describing the socket wiring that permits interchangeability with the 50L6GT."
0,102,6J5,project,"The control tube in the electronic switch circuit, acting as a gate to block electron flow."
0,105,6J5,mention,"Listed as one of five alternative tubes for the electronic switch, alongside 27, 37, 56, and 76."
1,105,6J5,reference,Listed in the tube substitution table as the mixer tube for AC-DC sets with 12SA7 tubes.
1,174,6J5,project,"The vacuum tube in the timer circuit schematic, controlling the timing cycle duration."
1,175,6J5,project,The 6J5 tube in the Electronic Timer acts as a diode to charge the grid condenser and controls plate current flow.
2,59,6J5,reference,Listed in the AC-DC set tube substitution table as an IF amplifier alternative for AC-DC sets.
2,95,6J5,project,"The 160-meter amateur radiotelephone station transmitter, acting as the crystal oscillator."
2,97,6J5,project,"The 160-meter station's crystal oscillator tube, checked for oscillation by touching a neon lamp to its plate."
2,151,6J5,project,"Chassis-Electronic Timer, acts as a diode to charge the grid condenser and controls the 2050 thyratron bias."
3,24,6J5,mention,Listed as an alternative to the 6C5 for V3 in the test probe circuit parts list.
6,136,6J5,project,"The transmitter's V1 tube, shown in the two-tube circuit diagram with C2, R2, and C3."
6,137,6J5,project,"V1 in the Novice 75-watt transmitter, listed as a vacuum tube with a ceramic octal socket."
6,138,6J5,project,"The Novice 75-watt transmitter, providing drive to the final stage and requiring socket insulation during cabinet assembly."
7,45,6J5,project,"Multi-Lab tube tester, shown as the example tube for the sensitivity setting procedure."
7,152,6J5,project,"The receiver's detector stage, shown in the schematic and labeled DETECTOR."
7,153,6J5,project,"The receiver project's AF amplifier tube, shown in the chassis layout and listed in the parts description."
r,38,6J5,none,Tube type label in the Hallicrafters AC-DC receiver schematic diagram illustrating the ballast tube circuit.
y,8,6J5,project,"In the BCB Traps AC-Line Filtering circuit diagram, shown as a tube in the signal path."
1,69,6J5G,project,"The transmitter section of the portable station, labelled as tube E in the wiring diagram."
1,71,6J5G,project,"Novice Radiotelegraph Station transmitter section, identified as component (A) in the layout view."
1,72,6J5G,project,"The Novice Radiotelegraph Station transmitter, identified in the schematic as the crystal-controlled Pierce oscillator tube."
1,73,6J5G,project,"Novice Radiotelegraph Station transmitter section, listed as a required tube."
0,58,6J5GT,project,"The wireless broadcaster conversion, serving as the rectifier in the right-hand socket and originally as the detector."
0,60,6J5GT,project,"The electronic eye control circuit, the original tube used to trip the relay, with pin positions compatible with the 50L6GT."
0,61,6J5GT,project,"The amplifier tube in the electronic eye control circuit, driving the sensitive relay."
0,102,6J5GT,mention,Listed as an alternate tube type for the 6J5 in the electronic switch circuit.
1,43,6J6,reference,Listed as the Oscillator tube in a typical TV receiver tube complement.
3,75,6J6,project,Listed as V2 in the parts list for the TV oscilloscope.
0,79,6J7,project,"The pentode high gain voltage amplifier in the two-tube intercommunicator, shown in the schematic and described in the text."
2,92,6K7,project,"160-meter amateur radiotelephone station, shown in the chassis layout near the input tuning coil."
2,93,6K7,project,"160-meter amateur radiotelephone station, listed in the required tubes section for the transmitter build."
2,95,6K7,project,"The 160-meter amateur radiotelephone station receiver, forming the oscillator-mixer stage."
2,96,6K7,project,"160-meter amateur radiotelephone station, identified as tube C on the top of the chassis."
n,119,6K7,mention,Listed among tubes in a reader's shortwave radio; suggested as a likely missing tube for a grid cap clip.
1,51,6L6,project,"Tiny Loudspeaker Radio, mentioned in the context of adjusting the trimmer capacitor for best operation."
1,151,6L6,project,"Radiation detector adapter, listed as a compatible output tube for the plug-in adapter pin connections."
2,59,6L6,project,"Shown in the AC-DC receiver schematic as the power amplifier tube, connected to the output transformer."
2,92,6L6,project,"160-meter amateur radiotelephone station, shown in the chassis layout near the tank coil and output socket."
2,93,6L6,project,"160-meter amateur radiotelephone station, identified as the receiver tube in the chassis layout key."
2,94,6L6,project,"The 160-meter station's A.F. power amplifier, wired after the power supply is finished and tested."
2,95,6L6,project,"The 160-meter amateur radiotelephone station, used in the power amplifier and first AF amplifier."
2,97,6L6,project,"The 160-meter station's power amplifier tube, connected to the tank coil and checked with a neon lamp."
3,90,6L6,project,"The power tube in the high-voltage supply schematic, located near R7, C7, and S4."
3,91,6L6,project,"The specified tubes for V2 through V5 in the high-voltage power supply, chosen for their 100 ma capacity."
8,63,6L6,mention,Named in the text as an alternative output tube requiring a larger transformer than the 6V6.
1,69,6L6G,project,"The transmitter section of the portable station, labelled as tube D in the wiring diagram."
1,71,6L6G,project,"Novice Radiotelegraph Station transmitter section, identified as component (C) in the layout view."
1,72,6L6G,project,"The Novice Radiotelegraph Station transmitter, described as the beam-power tube for the power amplifier stage."
1,73,6L6G,project,"Novice Radiotelegraph Station transmitter, listed as the main tube with 6V6G as an alternative."
1,151,6L6G,project,"Radiation detector adapter, listed as a compatible output tube for the plug-in adapter pin connections."
1,105,6L7,reference,Listed in the tube substitution table as the pentagrid oscillator tube for AC-DC sets with 12SA7 tubes.
2,59,6L7,reference,Listed in the AC-DC set tube substitution table as a mixer/converter alternative for AC-DC sets.
0,12,6N7,project,"TV receiver vertical and horizontal oscillators, identified in wiring instructions and Fig. 6 circuit diagram."
0,13,6N7,project,"TV receiver vertical oscillator and amplifier circuit, shown in Figs. 7 and 7A as the active tube."
0,16,6N7,reference,"TV receiver tube function table, listed for video amplifier, sync separator, and oscillators."
0,17,6N7,reference,"TV receiver tube function table, listed as the vertical oscillator and horizontal oscillator."
2,92,6Q7,project,"160-meter amateur radiotelephone station, shown in the chassis layout near the output socket."
2,93,6Q7,project,"160-meter amateur radiotelephone station, listed in the required tubes section for the transmitter build."
2,94,6Q7,project,"The 160-meter station's first audio amplifier, wired with the volume control before inserting tubes."
2,95,6Q7,project,"The 160-meter amateur radiotelephone station, listed among tubes with filaments connected in parallel."
2,96,6Q7,project,"160-meter amateur radiotelephone station, identified as tube E on the top of the chassis."
2,96,6SA7,project,"160-meter amateur radiotelephone station, identified as tube F on the top of the chassis."
1,124,6SC7,project,"The preamplifier tube, shown in the schematic and listed in the materials list."
3,147,6SC7,project,"Fidelity Amplifier, identified as the dual pre-amplifier in the parts list."
3,148,6SC7,reference,Listed in the Fidelity Amplifier tube inventory as a Hi-Mu Twin Triode.
3,149,6SC7,project,"Fidelity Amplifier, labelled near the 6SL7 and volume control on the wiring diagram."
3,150,6SC7,project,"The Fidelity Amplifier's metal dual preamplifier, located in socket D on the chassis."
n,119,6SF5,mention,Listed among the tubes currently in place in a reader's shortwave radio.
13,36,6SG7,mention,Cited as an example of a tube electrically similar to the 6BA6 for interchangeable use.
7,153,6SG7,mention,Suggested as a substitute for the 6SK7 tubes in the receiver project's parts list.
5,73,6SJ7,project,"Small Fry Crystal Set, labelled as the buffer amp and oscillator tube in the chassis layout diagram."
5,74,6SJ7,project,"Small Fry Crystal Set, a tube in the oscillator section requiring a .005 mfd bypass capacitor on its heater pin."
5,76,6SJ7,project,"Small Fry Crystal Set transmitter, used as the buffer amplifier and mixer tube in the oscillator section."
5,80,6SJ7,reference,"Isotron transmitter materials list, listed as one required metal vacuum tube."
1,105,6SK7,reference,Listed in the tube substitution table as the RF amplifier and converter for AC-DC sets with 12SA7 tubes.
2,59,6SK7,reference,Listed in the AC-DC set tube substitution table as a pentagrid oscillator and IF amplifier alternative.
7,152,6SK7,project,"The receiver's RF and AF amplifier tubes, shown in the schematic and labeled RF AMP and AF AMP."
7,153,6SK7,project,"The receiver project's tube, listed in the parts description with a note that 6SG7 may be used instead."
r,38,6SK7,none,Tube type label appearing three times in the Hallicrafters AC-DC receiver schematic diagram.
y,8,6SK7,project,"In the BCB Traps AC-Line Filtering circuit diagram, appearing three times as tubes in the signal chain."
1,164,6SL7,project,"Multi-purpose audio amplifier, listed in the materials list and shown in the chassis layout near the input terminals."
1,165,6SL7,project,"Multi-purpose audio amplifier, positioned near the front of the chassis close to input connectors."
2,187,6SL7,reference,Listed as one tube in the parts list for the remote radio control garage door opener.
2,189,6SL7,project,Remote radio control garage door opener receiver; connected as a two-stage amplifier between the detector and output.
3,149,6SL7,project,"Fidelity Amplifier, labelled near the 6SC7 and volume control on the wiring diagram."
z,20,6SL7,reference,Listed as a possible vertical output tube in console TV sets for short and squatty picture.
3,148,6SL7GT,reference,"Listed in the Fidelity Amplifier tube inventory as a Hi-Mu Twin Triode, with notes on its socket mounting."
3,150,6SL7GT,project,"The Fidelity Amplifier's interstage amplifier and phase inverter, located in socket E."
e,97,6SL7GT,reference,Cited as an example of tubes with identical designations except for filament voltage.
0,16,6SN7,reference,"TV receiver tube function table, listed for video detector and horizontal/vertical amplifiers."
0,17,6SN7,reference,"TV receiver tube function table, listed as the video detector, vertical amplifier, and horizontal amplifier."
1,43,6SN7,reference,Listed as the Sync tube in a typical TV receiver tube complement.
1,69,6SN7,project,"The receiver section of the portable station, labelled as tube M in the wiring diagram."
1,70,6SN7,project,Listed as a GT tube for the Novice Radiotelegraph Station; text notes its second section is the amplifier.
3,75,6SN7,project,Listed as V11 in the parts list for the TV oscilloscope.
5,73,6SN7,project,"Small Fry Crystal Set, labelled as the power amp tube in the chassis layout diagram."
5,74,6SN7,project,"Small Fry Crystal Set, the oscillator tube tested for oscillation with a grid-dip meter and bypassed on its heater pin."
5,75,6SN7,project,"Small Fry Crystal Set VFO, where the other half of the 6SN7 is wired as a Pierce crystal oscillator."
5,76,6SN7,project,"Small Fry Crystal Set transmitter, used as the crystal oscillator tube in the transmitter section."
5,78,6SN7,project,"Small Fry Crystal Set, used as a two-stage audio amplifier in the receiver section."
9,71,6SN7,project,"Regenerative radio receiver, listed as 6SN7 GTB tube in the parts list and used as the detector."
z,20,6SN7,reference,Listed as a possible vertical output tube in console TV sets for short and squatty picture.
z,22,6SN7,reference,"TV Cure-All troubleshooting guide, listed as a probable sync tube type in console TV sets."
2,27,6SN7GT,mention,"Named as a hard-pressed tube in newer sets, serving as horizontal AFC and oscillator."
5,80,6SN7GTA,reference,"Isotron transmitter materials list, listed as an alternative to the 6SN7GTB vacuum tube."
5,80,6SN7GTB,reference,"Isotron transmitter materials list, listed as two required vacuum tubes, with 6SN7GTA as an alternative."
0,16,6SQ7,reference,"TV receiver tube function table, listed as the sound detector."
0,17,6SQ7,reference,"TV receiver tube function table, listed as the sound detector."
n,119,6SQ7,mention,Listed among the tubes currently in place in a reader's shortwave radio.
r,38,6SQ7,none,Tube type label in the Hallicrafters AC-DC receiver schematic diagram illustrating the ballast tube circuit.
y,8,6SQ7,project,"In the BCB Traps AC-Line Filtering circuit diagram, located beside resistor R34."
14,20,6U8,mention,"In the tube tester Q&A, suggested as the compatible tube type to set the tester for when testing a 6GH8A."
8,51,6U8,project,"Modified-Miller oscillator in the Improved Crystal Control article, shown as the vacuum tube in the circuit diagram."
9,39,6U8,reference,Listed as V3 in the parts list for the sweep generator converter.
z,20,6U8,reference,Listed as a possible vertical output tube in console TV sets for short and squatty picture.
z,22,6U8,reference,"TV Cure-All troubleshooting guide, listed as a probable sync tube type in console TV sets."
h,38,6U8A,project,"The VHF Extender, serving as the mixer stage V2A and oscillator, with filament check instructions."
0,10,6V6,reference,"TV receiver parts list, specified as the output transformer for the 6-inch PM dynamic speaker."
0,14,6V6,project,"The output tube of the sound amplifier, matched to the speaker voice coil by the output transformer."
0,16,6V6,reference,"TV receiver tube function table, listed as the sound output."
0,17,6V6,reference,"TV receiver tube function table, listed as the sound output amplifier."
1,29,6V6,mention,"Named in the text as a tube rated equally with the 6AQ5, but not used in this amplifier."
1,151,6V6,project,"Radiation detector adapter, listed as a compatible output tube for the plug-in adapter pin connections."
1,164,6V6,project,"Multi-purpose audio amplifier, listed in the materials list and shown in the chassis layout near the speaker terminals."
1,165,6V6,project,"Multi-purpose audio amplifier, with sockets placed near the 6SL7 socket to minimize hum pickup."
1,166,6V6,project,Multi-purpose audio amplifier; output tubes whose plate leads are left long for the output transformer.
2,20,6V6,mention,Cited as an example amplifier output tube requiring 5000 ohms load resistance in the speaker matching discussion.
2,117,6V6,mention,Named in the text to compare the power rating of the 6AQ5 output tube.
3,91,6V6,mention,"Listed as a substitute for the 6L6 tubes in the high-voltage power supply, with a 60 ma maximum current rating."
3,147,6V6,project,"Fidelity Amplifier, identified as the beam power push-pull output amplifiers."
3,161,6V6,mention,"Example output tube in the speaker connection article, cited to illustrate matching 5000 ohms load to voice coil impedance."
6,30,6V6,project,Two-meter transceiver build; the audio output stage wired to the output transformer and speaker.
8,42,6V6,project,"Puddle Jumper receiver, listed as part of the Audio Frequency Section with the 12AT7s."
8,43,6V6,project,"Puddle Jumper receiver, used as V2 for the audio output stage driving the speaker."
8,47,6V6,reference,Listed in the Puddle Jumper 2-meter station materials list as a required vacuum tube.
8,49,6V6,project,"Puddle Jumper 2-meter station, listed in the power transformer section of the wiring diagram."
8,63,6V6,project,"The modification schematic, shown as the output tube stage driven by the 6AT6."
8,149,6V6,none,Listed in the tube complement of the Lafayette HE-15B CB transceiver product description.
b,132,6V6,reference,Listed as a typical audio output tube in TV sets for determining circuit type and cathode voltage.
e,97,6V6,reference,Mentioned as a tube for which the 6V6GTA is a suitable replacement.
0,114,6V6G,project,"Two tubes in the transmitter's oscillator stage, sharing a common plate tank coupled to the 807 final."
1,151,6V6GT,project,"Radiation detector adapter, listed as a compatible output tube for the plug-in adapter pin connections."
3,149,6V6GT,project,"Fidelity Amplifier, labelled near the power transformer and output terminals on the wiring diagram."
3,150,6V6GT,project,"The Fidelity Amplifier's beam power push-pull output amplifiers, located in sockets F and G."
6,29,6V6GT,project,"Two-meter transceiver audio section, listed as part of the AF stage alongside the 12AT7 tubes."
6,31,6V6GT,project,"Two-meter transceiver power section, labelled as the power output tube."
6,32,6V6GT,reference,Listed in the materials list for the two-meter station build.
e,97,6V6GT,reference,Mentioned as a tube for which the 6V6GTA is a suitable replacement.
e,97,6V6GTA,reference,"Described as an improved version of the 6V6GT, usable as a replacement for 6V6 or 6V6GT."
1,136,6X2,none,"Likely an OCR error for '62' or '6X2' in the pin numbering list, not a component reference."
1,29,6X4,project,The miniature type rectifier tube in the power supply of the General Purpose AC Amplifier.
1,31,6X4,project,"General Purpose AC Amplifier, listed in the power transformer section of the schematic diagram."
2,117,6X4,project,The miniature type rectifier tube in the power supply of the General Purpose AC Amplifier.
9,39,6X4,reference,Listed as V4 in the parts list for the sweep generator converter.
1,165,6Y6,project,"Multi-purpose audio amplifier, shown in the audio signal path of the schematic diagram."
3,91,6Y6,mention,"Listed as a substitute for the 6L6 tubes in the high-voltage power supply, with a 70 ma maximum current rating."
1,151,6Y6G,project,"Radiation detector adapter, listed as a compatible output tube for the plug-in adapter pin connections."
0,114,807,project,"The final amplifier tube in the transmitter, capacity-coupled from the 6V6G oscillator tank."
6,137,807,project,"V2 in the Novice 75-watt transmitter, listed as a vacuum tube with a 5-prong socket."
6,138,807,project,"The Novice 75-watt transmitter, serving as the final tube with specific ventilation and testing requirements."
b,42,8456,none,"Belden cable model number listed as an option for intercom wiring, not a component."
b,42,8457,none,"Belden cable model number listed as an option for intercom wiring, not a component."
h,37,8529,none,"Belden cable model number specified for the hookup wire twisted together, not a component in the circuit."
z,20,8CM7,reference,Listed as a possible vertical output tube in portable TV sets for short and squatty picture.
1,163,AC110,none,Not found in the provided text; likely an OCR error or misread of a component value or label.
m,26,BC221,none,Model number of a frequency meter suggested for reading AM broadcast band kilocycles.
o,25,BC221,mention,A heterodyne-type frequency meter suggested as an alternative to building the monitor circuit.
5,111,BC336,project,One-Transistor metal detector project; the BC-336 box is used to support the perforated plastic wiring board.
13,34,BC342,reference,Listed as a recommended receiver for rejuvenation using the 5Z3 replacement circuit.
13,34,BC348,reference,Listed as a recommended receiver for rejuvenation using the 5Z3 replacement circuit.
5,110,BC366,none,"Signal Corps BC-366 Jack Box, the enclosure housing the detector components."
5,112,BC366,project,"One-Transistor metal detector material list, listed as the Signal Corps 'Jack Box' enclosure."
4,176,BC580,none,"Frequency value in the station list, not a component reference."
e,37,BC604,mention,"Surplus crystals suggested as a cheap converter for a trap antenna, cited as active in the 370-450 kc range."
8,50,BC625,mention,"Named in a caption describing a 6AG7 oscillator in a modified BC-625 transmitter, not part of the new circuit described."
8,52,BC625,mention,Named as the transmitter model where the 6AG7 replaces the 12A6 multiplier.
13,34,BC779,reference,Listed as a recommended receiver for rejuvenation using the 5Z3 replacement circuit.
13,34,BC794,reference,Listed as a recommended receiver for rejuvenation using the 5Z3 replacement circuit.
11,90,BCB535,none,"Frequency range label in the DX article text, not a component reference."
j,51,BL015,project,"The 22.5V Maxell battery powering the photo flash hearing aid, identified as B1 in the circuit."
5,30,BS725G,project,"Boy Bike Radio materials list, listed as T-3 and T-4 for 1st and 2nd IF transformers."
5,30,BS726G,project,"Boy Bike Radio materials list, listed as T-5 for the 3rd IF transformer."
w,82,BSR400,none,Named as the BSR-400 Automatic Turntable in the Heathkit AD-17 stereo compact advertisement.
e,24,BUY110V,none,OCR fragment of the CB-7 transceiver ad text 'Nothing else to buy—110V. AC or 12V. DC'.
9,39,EL13,reference,"Listed as P1, the line cord with plug, in the parts list."
9,84,EL13,reference,Lafayette catalog number for the AC line cord and plug in the test board parts list.
a,39,EL13,reference,Listed as 25 feet of fine cord in the TV Commie Killer materials list.
a,105,EL13,project,Lafayette part number for the ac line cord in the transistor tester parts list.
9,39,EL36,reference,"Listed as F1, the 3AG fuse, in the parts list."
r,39,EL95,mention,Named in a reader question about a stereo receiver where one EL95 tube plate glows orange after 15 minutes.
y,9,EL95,mention,"Named in a reader's question about a stereo receiver where one tube overheats, not part of a circuit on this page."
13,7,GD107,advert,"Heathkit GD-107 Portable Stereo Phonograph, listed with price and features like solid-state circuitry and twin speakers."
14,10,GD109,advert,"Heathkit GD-109 portable stereo phonograph, described with 18-watt output and Maestro record changer."
l,59,GD125,advert,"Heathkit advertisement for the GD-125 Q multiplier, a selectivity accessory for shortwave receivers."
12,52,GD209A,advert,"Heathkit Deluxe Radio-Controlled Screw-Drive Garage Door Opener kit, listed as Kit GD-209A with price and features."
13,8,GD209A,advert,"Heathkit garage door opener kit, described as a 7 ft. screw mechanism with 1/4 HP motor and wireless transmitter."
g,13,GD232A,advert,"The Heathkit/Thomas 'Largo' two-manual organ kit, listed at $349.95 with a 20-watt amplifier."
10,8,GD396,advert,"Heathkit GD-48 metal detector accessory list, listed as 2000 ohm Supcrex headphones priced at $3.50."
11,11,GD396,reference,"Heathkit advertisement, listed as an accessory for the GD-48 metal detector, described as 2000 ohm Superex headphones."
g,13,GD983,advert,"The Heathkit/Thomas 'Coronado' transistor organ kit, listed at $849.00 with a 75-watt amplifier."
i,50,GD983,advert,"Heathkit/Thomas GD-983 transistor organ, advertised as a kit builder project with 17 voices and chime variations."
i,52,GD983,reference,"Heathkit GD-983 organ, described for its simple key switching mechanism and master oscillator tone generation system."
i,53,GD983,reference,Heathkit/Thomas organ model named in the article on organ voicing and harmonics.
10,95,GT550,none,Model number of the Galaxy 5-band SSB transceiver described in the new products section.
16,76,J310,none,"OCR error for WCOJ, a radio station call sign listed with its frequency and location in the directory."
9,174,J310,none,"OCR artifact in the station directory, appearing between WILK and WILL entries."
4,96,KSA536,none,"Police station call sign in Table C listing Milwaukee, Wis. frequencies, not a component."
4,292,KSA536,none,"Listed in Table C as a police station in Milwaukee, Wis., operating on 2450 kc."
13,97,KTA566,none,Amateur radio station callsign listed under Tallahassee with frequency 155.19 PD.
d,20,MJ682,none,"Department code in the address for The Alliance Manufacturing Co., not a component."
15,42,MJE520,project,"Wee Willy siren circuit, listed as Q3, the field effect transistor variable resistor."
u,39,MPF103,project,"The N-channel FET (Q1) in the CB Band-Buster, matching the high-impedance microphone input."
v,78,MPF103,project,"Q1 in the Supermeter's input stage, providing high input impedance for accurate low-level frequency measurements."
1,154,PN30F,reference,Listed in the General Dry battery table as a 45-volt Burgess equivalent to Ray-O-Vac 903.
0,110,RK42,project,"Receiver tube for the Good brothers' radio-controlled model airplane outfit, used with a polarized relay."
0,114,RK42,project,"Recommended relay tube for the receiver, similar to type 30 but operating on a 1.5 volt battery."
0,110,RK52,project,"Thyratron-type receiver tube in C. E. Bohenblust's radio model control circuit, operating over one mile."
e,97,UV199,reference,Described as an early filament-type triode fitting a four-prong bayonet socket.
m,24,X1000,none,"Attenuation step specification in the Knight KN-5005 oscilloscope product description, not a component."
