key,url,part,status,bytes,sha256,fetch_at,n_defs,index_at,index_v,skip_reason
https://www.onsemi.com/download/models/lib/1.5smc20at3.lib,,,downloaded,955,8e14fd7d3d1052af6284242b433af7233aefb7c58f1ad47eb4d11700c1c6a9ad,2026-09-19,5,2026-09-20,index_models-1,
https://www.onsemi.com/download/models/lib/15gn03ma%20(spice%20model).lib,,,downloaded,840,44be80d5df5275c4f0f470ee50490aa1a167d873af0cab7520cc7378bacfd054,2026-09-19,1,2026-09-20,index_models-1,
https://www.onsemi.com/download/models/lib/1_5smc12at3.lib,,,downloaded,945,153a8f96ace3646b24e37af85fa94491e340be9730ca7f9d2f58ecb2b26ebb42,2026-09-19,5,2026-09-20,index_models-1,
https://www.onsemi.com/download/models/lib/1n4001rl.lib,,,downloaded,650,2535302d2890d238056a114fde8caa7eda70509299dc01b4826022b60418559d,2026-09-14,1,2026-09-20,index_models-1,
https://www.onsemi.com/download/models/lib/1n4002rl.lib,,,downloaded,651,2e7d173a4b0f1ac7f3df93c3d93d53b4a7e4399fd80bc7d25139b383d8f04dcd,2026-09-14,1,2026-09-20,index_models-1,
https://www.onsemi.com/download/models/lib/1n4003rl.lib,,,downloaded,651,8b11a5566c31671c43da8cb042d0d667be9b23817aa801a6f3befd6b66aaa0e3,2026-09-14,1,2026-09-20,index_models-1,
https://www.onsemi.com/download/models/lib/1n4004rl.lib,,,downloaded,645,1553e6ac57c5930d9babc59037ca324fa577af93175bd8f0fb9c5ebd5c3b3fe3,2026-09-14,1,2026-09-20,index_models-1,
https://www.onsemi.com/download/models/lib/1n4005.lib,,1N4005,downloaded,423,44037b2485d7aa5aba6c6990b0b9f74ddf3a07dd098af11ce4838a976d43761e,2026-09-19,1,2026-09-20,index_models-1,
https://www.onsemi.com/download/models/lib/1n4005rl.lib,,,downloaded,645,7c6c44ec327f488c9e6ebfb9a37dd8d5477e720dcdd7ba0cccab41328a43322c,2026-09-19,1,2026-09-20,index_models-1,
https://www.onsemi.com/download/models/lib/1n4006rl.lib,,1N4006,downloaded,645,8d2e974e03d71a5117075b592be1038bc2a2ded5dad16f0f9c9ac083265704b1,2026-09-19,1,2026-09-20,index_models-1,
https://www.onsemi.com/download/models/lib/1n4007.rev0.lib,,,downloaded,649,1812debe13912e9f9d5d0f66535ec6f8eabc2e64c0a9d8f4f50a2cb0601db80d,2026-09-19,1,2026-09-20,index_models-1,
https://www.onsemi.com/download/models/lib/1n4148.lib,,,downloaded,1189,f96cb71a2bb9de8848f4069cd9f14754b5182ffb39a5c4f05a25d5113784e68c,2026-09-14,6,2026-09-20,index_models-1,
https://www.onsemi.com/download/models/lib/1n4148wt.lib,,,downloaded,1189,f96cb71a2bb9de8848f4069cd9f14754b5182ffb39a5c4f05a25d5113784e68c,2026-09-19,6,2026-09-20,index_models-1,
https://www.onsemi.com/download/models/lib/1n4694.lib,,,downloaded,1175,f54a84ea3f7161c9eecd32f166ef317f37e229e12bd3394e8f1ae2739300dbc7,2026-09-19,6,2026-09-20,index_models-1,
https://www.onsemi.com/download/models/lib/1n4698.lib,,,downloaded,1177,c081c8ba7486105b29db2b83908f3a83a4e1de0cdbffdb093c09a94850bda604,2026-09-19,6,2026-09-20,index_models-1,
https://www.onsemi.com/download/models/lib/1n4735a%20(spice%20model).lib,,,downloaded,706,e8fc30028a1f91a4229ff6bffbec13f256dc0eb5f417f49b32c27fb713d299cd,2026-09-19,5,2026-09-20,index_models-1,
https://www.onsemi.com/download/models/lib/1n4933rl.lib,,,downloaded,658,c7889b455d02fabc89ddc4ffae6dbec0436a2acff409650441e797bcbcad1b95,2026-09-19,1,2026-09-20,index_models-1,
https://www.onsemi.com/download/models/lib/1n4934rl.lib,,,downloaded,659,052f64ed6efc006ce9d43fb53534f2a738810a17b9d4e25f2f903d1342359f9d,2026-09-19,1,2026-09-20,index_models-1,
https://www.onsemi.com/download/models/lib/1n4935rl.lib,,,downloaded,659,ee888da480580643efd1a2f7e6f4401eb67c344ecf7b3ba16b65a95700e72dea,2026-09-19,1,2026-09-20,index_models-1,
https://www.onsemi.com/download/models/lib/1n4936rl.lib,,,downloaded,659,b43f3e57aeab6f9268db113a9f686e259834d99b68afb8af20a4b96ecf8633c6,2026-09-19,1,2026-09-20,index_models-1,
https://www.onsemi.com/download/models/lib/1n4937rl.lib,,1N4937,downloaded,659,cd1aebce3624158ce26afb7485ceef718c98dc62f570be8ee363482a46efd861,2026-09-19,1,2026-09-20,index_models-1,
https://www.onsemi.com/download/models/lib/1n5231.lib,,,downloaded,1173,270a4d440f2fe2864d8371c2cd118b2e3c49d14b14302857d4175f4429d6d47e,2026-09-14,6,2026-09-20,index_models-1,
https://www.onsemi.com/download/models/lib/1n5232b.rev0.lib,,,downloaded,1177,f5b8f835fb895a18b6990e597fe531157fb5a1476c2e5dc943949fc068c86fea,2026-09-19,6,2026-09-20,index_models-1,
https://www.onsemi.com/download/models/lib/1n5333b.lib,,,downloaded,1172,2bedf1aba6c8348a8ed9d8fd21d723df702757aa7eb9b3251cbd72c7aa75418c,2026-09-19,6,2026-09-20,index_models-1,
https://www.onsemi.com/download/models/lib/1n5334b.lib,,,downloaded,1172,b1977f26123b5575fe31dc99758fffba64ee519a2dbad8b175446e2933734363,2026-09-19,6,2026-09-20,index_models-1,
https://www.onsemi.com/download/models/lib/1n5335b.lib,,,downloaded,1170,1d7495db64807023e5c5f52e26ecd5536f568cbaf178b4bfbebb09ee8555c6f6,2026-09-19,6,2026-09-20,index_models-1,
https://www.onsemi.com/download/models/lib/1n5336brl.lib,,,downloaded,1174,9323bb64bdd269a1a2eab5007a809cf0cb037a95ae994dd7f083f3a6f8a24d23,2026-09-19,6,2026-09-20,index_models-1,
https://www.onsemi.com/download/models/lib/1n5337b.lib,,,downloaded,1171,656583d9f627e8d2cfe31a152cebdf8af7dac89028e9cf2cfc3dd52a39644393,2026-09-19,6,2026-09-20,index_models-1,
https://www.onsemi.com/download/models/lib/1n5338b.lib,,,downloaded,1178,ddbbd8acf2250b6e630cde842593cf29d41b2d16ec0e83a85ef30e202aef2c31,2026-09-19,6,2026-09-20,index_models-1,
https://www.onsemi.com/download/models/lib/1n5339b.lib,,,downloaded,1188,9ee09dae64dee9f76b68cd516865d586a5a24fe00f3122ff01a34dc363196ecd,2026-09-19,6,2026-09-20,index_models-1,
https://www.onsemi.com/download/models/lib/1n5340b.lib,,,downloaded,1170,5c2038e920ba715495c7c0b7b7d78d0ed45b8ce3d53e53500e0ca2eba767d0f0,2026-09-19,6,2026-09-20,index_models-1,
https://www.onsemi.com/download/models/lib/1n5341b.lib,,,downloaded,1191,719bf640b826d904f9cb36ca3cef6ec644d31d226b3270def97f4d7613736197,2026-09-19,6,2026-09-20,index_models-1,
https://www.onsemi.com/download/models/lib/1n5342b.lib,,,downloaded,1169,7a2c31f93398af569adedc58cd762ab09bcdbd390a4e7e357c27017e12f396d1,2026-09-19,6,2026-09-20,index_models-1,
https://www.onsemi.com/download/models/lib/1n5343b.lib,,,downloaded,1170,1c760ae60e5e97a392dca7e44cc10897b8a18a4fbe812b8061a3043b480cae8c,2026-09-19,6,2026-09-20,index_models-1,
https://www.onsemi.com/download/models/lib/1n5344brl.lib,,,downloaded,1175,ee56695d9691b4525bd07b91ee3b0753447b7b9a386da1769095cae8b03cfdae,2026-09-19,6,2026-09-20,index_models-1,
https://www.onsemi.com/download/models/lib/1n5345brl.lib,,,downloaded,1175,f03d6c23c630288621982fb150432156fe8c2121b365393860bfc93431e411e8,2026-09-19,6,2026-09-20,index_models-1,
https://www.onsemi.com/download/models/lib/1n5346b.lib,,,downloaded,1170,49c8a39fb138d1c811c2955b2845e1a983683eb696f618fc6c40a14f78f30536,2026-09-19,6,2026-09-20,index_models-1,
https://www.onsemi.com/download/models/lib/1n5347b.lib,,,downloaded,1192,3c44f23a25a55c8e5eeb27e135cd80caff8bc1261d4aca409da16367b3134ccb,2026-09-19,6,2026-09-20,index_models-1,
https://www.onsemi.com/download/models/lib/1n5348b.lib,,,downloaded,1173,49009c8a017a6cf81737fb03def5706a955e729d93079016555fdf502ee025fd,2026-09-19,6,2026-09-20,index_models-1,
https://www.onsemi.com/download/models/lib/1n5349b.lib,,,downloaded,1191,b27d833748452af5b93d60ac40f4d697f4f7230f6b73fa64fbd7bd57a311b32f,2026-09-19,6,2026-09-20,index_models-1,
https://www.onsemi.com/download/models/lib/1n5350b.lib,,,downloaded,1172,6ca68aa3c2b910463918e036c8b584a27a0b92eaae1f720da2a60d826fdee2eb,2026-09-19,6,2026-09-20,index_models-1,
https://www.onsemi.com/download/models/lib/1n5351b.lib,,,downloaded,1175,79817bd71fb34c17f81804439579638ef049349d98d97056dac89e835ff1832a,2026-09-19,6,2026-09-20,index_models-1,
https://www.onsemi.com/download/models/lib/1n5352b.lib,,,downloaded,1173,6d648eb9ca198f56f338f169d265a4233f9801552f2e8849e740fe1eb65a24ff,2026-09-19,6,2026-09-20,index_models-1,
https://www.onsemi.com/download/models/lib/1n5353b.lib,,,downloaded,1175,b20b9ee82dd8ae64f686cee73625c23a342a177a7970ec03bc647fe110007342,2026-09-19,6,2026-09-20,index_models-1,
https://www.onsemi.com/download/models/lib/1n5355brl.lib,,,downloaded,1180,8c6a9dc8526aa630ab96b0dd0a9b9cc6e9be628722a2a53549ebb0fccc04db46,2026-09-19,6,2026-09-20,index_models-1,
https://www.onsemi.com/download/models/lib/1n5356brl.lib,,,downloaded,1177,f2776559892ad8d2446da354089cbce82f8c4578c24b164a1d699ea128c38517,2026-09-19,6,2026-09-20,index_models-1,
https://www.onsemi.com/download/models/lib/1n5357b.lib,,,downloaded,1176,34e1a4f6e268c3e39f240ea7bd63550df1400975da5ca5a13d75a987bf365652,2026-09-19,6,2026-09-20,index_models-1,
https://www.onsemi.com/download/models/lib/1n5358b.lib,,,downloaded,1176,ecc98f2318d9412822d04516331a094e54d3a2e49cadd04de01154f0fd4402e4,2026-09-19,6,2026-09-20,index_models-1,
https://www.onsemi.com/download/models/lib/1n5359brl.lib,,,downloaded,1179,d7e9c4a313cb501a4eeb9165cacc83dfa04ed1c27161413b4ad3b247ef2ec4fb,2026-09-19,6,2026-09-20,index_models-1,
https://www.onsemi.com/download/models/lib/1n5361b.lib,,,downloaded,1174,02a75a16229672b115903609ebc308d5fc80405365d4fc66587275bc59ade49a,2026-09-19,6,2026-09-20,index_models-1,
https://www.onsemi.com/download/models/lib/1n5362brl.lib,,,downloaded,1176,4268fc79e72e0e10383cceeb8257136b6219d6e8b32db277a2a51c2f0b17d9b5,2026-09-19,6,2026-09-20,index_models-1,
https://www.onsemi.com/download/models/lib/1n5363b.lib,,,downloaded,1180,3012b0213b0979902fbe8b8c165d70f064563c51626aea9ada9466734d2cd77f,2026-09-19,6,2026-09-20,index_models-1,
https://www.onsemi.com/download/models/lib/1n5364brl.lib,,,downloaded,1185,0dd0a9c9147101f24c50e7412041b7db18b3994be4369bf56ebe81f36726c1d4,2026-09-19,6,2026-09-20,index_models-1,
https://www.onsemi.com/download/models/lib/1n5365b.lib,,,downloaded,1181,3d6272a41a46bf079c493f57eb06689d47699cc47373990ade39c3d8d1ebfda0,2026-09-19,6,2026-09-20,index_models-1,
https://www.onsemi.com/download/models/lib/1n5366b.lib,,,downloaded,1181,21b6ed792486468d9e59644cc042ea4b96a19e2d80dcbc229a9ca89c3f01d77d,2026-09-19,6,2026-09-20,index_models-1,
https://www.onsemi.com/download/models/lib/1n5367b.lib,,,downloaded,1179,3da1ef6388f37d0ff0d7729de9955655f02f89520435b62c3b4d927da0bd0092,2026-09-19,6,2026-09-20,index_models-1,
https://www.onsemi.com/download/models/lib/1n5368b.lib,,,downloaded,1180,52b4d47310e6ef1dfcaee48d50fbad75133fbdb736973aca41cb6ed032c93a83,2026-09-19,6,2026-09-20,index_models-1,
https://www.onsemi.com/download/models/lib/1n5369b.lib,,,downloaded,1181,1886484784b8d9f33b739c30cf4178e223b84710baede52b44406ce221df3568,2026-09-19,6,2026-09-20,index_models-1,
https://www.onsemi.com/download/models/lib/1n5371b.lib,,,downloaded,1178,ed5a8a91876b0ddb6c76024168e455e018ba9e0d2d69a93f7ea95df5ca9077ce,2026-09-19,6,2026-09-20,index_models-1,
https://www.onsemi.com/download/models/lib/1n5372b.lib,,,downloaded,1182,cef47cfe5f3dbe29f3729c62354c6f9d6a8f06dad29d5a44e386948eb6402535,2026-09-19,6,2026-09-20,index_models-1,
https://www.onsemi.com/download/models/lib/1n5373b.lib,,,downloaded,1182,2d17dda9d7e9e97dcb72f9182d3d3806557fa3fd0ae23903be6a8946b2626fe5,2026-09-19,6,2026-09-20,index_models-1,
https://www.onsemi.com/download/models/lib/1n5374b.lib,,,downloaded,1181,0550e52f494e2fda1ecd36c12cd9c8a088a946d60c5fb5a30d9c27d722b695b3,2026-09-19,6,2026-09-20,index_models-1,
https://www.onsemi.com/download/models/lib/1n5375b.lib,,,downloaded,1183,3e2fe436ccf618b11f9449f0c0953a289afda001425ca9a5ac9a1bf7d9dd146a,2026-09-19,6,2026-09-20,index_models-1,
https://www.onsemi.com/download/models/lib/1n5378b.lib,,,downloaded,1202,72cc525ec3116deafd70df82dad8cc690185813c3d7ffce74d8d724372450139,2026-09-19,6,2026-09-20,index_models-1,
https://www.onsemi.com/download/models/lib/1n5381b.lib,,,downloaded,1183,edabff1a62a924d69c6cfa83d93429de29efcbbeee3c82e7eaadcf623d506427,2026-09-19,6,2026-09-20,index_models-1,
https://www.onsemi.com/download/models/lib/1n5382brl.lib,,,downloaded,1186,3cb2daf84cbaffd905f3079e59f131d16fbc6b3996c60666846e83fd2070bbc5,2026-09-19,6,2026-09-20,index_models-1,
https://www.onsemi.com/download/models/lib/1n5383b.lib,,,downloaded,1179,83111bb617cac4264885c6aa853c7cd85f7774c31acd3d000a91af373253dd5f,2026-09-19,6,2026-09-20,index_models-1,
https://www.onsemi.com/download/models/lib/1n5384b.lib,,,downloaded,1178,c49c59b84eee2f0f11bed6d7d9a91c666310b233a3390ed5e7598027e5d454a2,2026-09-19,6,2026-09-20,index_models-1,
https://www.onsemi.com/download/models/lib/1n5388b.lib,,,downloaded,1179,1b23cd01e3a19014b8d9c916d8dce8ba3cbf9d4e0f500703215d575e337dccd4,2026-09-19,6,2026-09-20,index_models-1,
https://www.onsemi.com/download/models/lib/1n5400rl.lib,,,downloaded,652,9a79ea2649ddf6cadc2dfd47bfb692a28e000cf5b50f2ea1e2a1dc5f9b5eff76,2026-09-19,1,2026-09-20,index_models-1,
https://www.onsemi.com/download/models/lib/1n5401rl.lib,,1N5401,downloaded,653,32f8e78eb2e8b16a022226a0d90a296e7b6dab8bc775de5f6a940665d7e822be,2026-09-19,1,2026-09-20,index_models-1,
https://www.onsemi.com/download/models/lib/1n5402rl.lib,,,downloaded,653,344e8b404c7d337e60ba8dad1d7e7cce13a48d3dcb37a5027482d4fa4fac1015,2026-09-19,1,2026-09-20,index_models-1,
https://www.onsemi.com/download/models/lib/1n5404rl.lib,,,downloaded,653,cecb4ad5a4231aad0fc4a006bf6db2373f8c37f0422b70f17ed1de7a649a4f15,2026-09-14,1,2026-09-20,index_models-1,
https://www.onsemi.com/download/models/lib/1n5406rl.lib,,1N5406,downloaded,653,c47495d5e4e3dfe20e49986e0487e854de1bd4458e6814fc7f36e86245ef8d7c,2026-09-19,1,2026-09-20,index_models-1,
https://www.onsemi.com/download/models/lib/1n5407rl.lib,,1N5407,downloaded,652,875c3ccff4d0cf709d8281f0f387fc3c34e8e41e86372036ed659fb93997df55,2026-09-19,1,2026-09-20,index_models-1,
https://www.onsemi.com/download/models/lib/1n5408rl.lib,,,downloaded,659,802cc9457db5a7e7b1c66626eb9e790a4ae01220ca813a801ea168905aa5b24d,2026-09-14,1,2026-09-20,index_models-1,
https://www.onsemi.com/download/models/lib/1n5817.lib,,,downloaded,661,384c2fd38e40acb2f094f6b2221cc5e582c26580d31b91001d7867e055645dc7,2026-09-14,1,2026-09-20,index_models-1,
https://www.onsemi.com/download/models/lib/1n5818.lib,,,downloaded,655,7fe589002298e196302452d362cb79c315dd744261e4a573b5f0d5f0718433f9,2026-09-14,1,2026-09-20,index_models-1,
https://www.onsemi.com/download/models/lib/1n5819.lib,,,downloaded,661,493ee34f39d98e370f3177c030f11da55e9b86da644d53a79cc1bd2a49735f13,2026-09-14,1,2026-09-20,index_models-1,
https://www.onsemi.com/download/models/lib/1n5820rl.lib,,1N5820,downloaded,658,257710a88eb5de196da2ef0ce580a1bae99ec0bd24162af45d533d39f4e0d09e,2026-09-19,1,2026-09-20,index_models-1,
https://www.onsemi.com/download/models/lib/1n5821rl.lib,,1N5821,downloaded,657,3e25ae2dd722bee65cf041fb7a6d614422d808238e2b3c4cf16022eadf0576ba,2026-09-19,1,2026-09-20,index_models-1,
https://www.onsemi.com/download/models/lib/1n5822rl.lib,,,downloaded,656,1218c785d058635289724960a5ad80ba885061429a92c009881f801a76203652,2026-09-14,1,2026-09-20,index_models-1,
https://www.onsemi.com/download/models/lib/1n5913brl.lib,,,downloaded,1183,79db28023ba03bffb94d3c2e40dde459b2517ac20fa01d6150b4ff581bf7d208,2026-09-19,6,2026-09-20,index_models-1,
https://www.onsemi.com/download/models/lib/1n5919brl.lib,,,downloaded,1184,3493215012bff0cfde261a26aaab7fb44d314ad4a19c520c26f3a891fdc8da15,2026-09-19,6,2026-09-20,index_models-1,
https://www.onsemi.com/download/models/lib/1n5920b.lib,,,downloaded,1180,1ae6b7a20a6cabee83b77d35ab3a3884ddc83b20861b43522452a0a120dff227,2026-09-19,6,2026-09-20,index_models-1,
https://www.onsemi.com/download/models/lib/1n5921b.lib,,,downloaded,1180,adb16fb191e3543d5928b9e1edf861277b58beb08b288a9967fc23c5c43ffd9e,2026-09-19,6,2026-09-20,index_models-1,
https://www.onsemi.com/download/models/lib/1n5923brl.lib,,,downloaded,1182,9396265d8274b35be0c44251924b7127767317bd32b3f07b8b773813d5aca94f,2026-09-19,6,2026-09-20,index_models-1,
https://www.onsemi.com/download/models/lib/1n5924b.lib,,,downloaded,1178,abc59fa9d462e917bfd436f0e0dd727177635ea6f927635a26a6851db92406c5,2026-09-19,6,2026-09-20,index_models-1,
https://www.onsemi.com/download/models/lib/1n5925b.rev0.lib,,,downloaded,1162,d2a79221fee6390ca0b94094110de817162a7af1dc32cd3db6c1466d160798b3,2026-09-19,6,2026-09-20,index_models-1,
https://www.onsemi.com/download/models/lib/1n5927brl.lib,,,downloaded,1181,4545e4b6b30eb71ce0bf9d6160e4971b426078ca4f7bdddc7a63358d0ffc6980,2026-09-19,6,2026-09-20,index_models-1,
https://www.onsemi.com/download/models/lib/1n5929brl.lib,,,downloaded,1179,32b57203080631e8956acd29d035692f453d851af895f5e35cdc42f272c200c8,2026-09-19,6,2026-09-20,index_models-1,
https://www.onsemi.com/download/models/lib/1n5930brl.lib,,,downloaded,1182,e032cd46e6b50c7691f53eef36ab9c41885d5dbc90f1b868237aae8e51ef5b6b,2026-09-19,6,2026-09-20,index_models-1,
https://www.onsemi.com/download/models/lib/1n5931b.lib,,,downloaded,1179,09f23615374eb82918a971c7b2fd26acacdfcca82b7b1d75e948ff7c1f083caf,2026-09-19,6,2026-09-20,index_models-1,
https://www.onsemi.com/download/models/lib/1n5932brl.lib,,,downloaded,1180,a45b136e1d5064bc7d217f2124cdcd3a736440bf135a400ad7a67d589ad8bc66,2026-09-19,6,2026-09-20,index_models-1,
https://www.onsemi.com/download/models/lib/1n5934brl.lib,,,downloaded,1185,1907b4eab73fc7fee4b036bae0cb12fb3174a34b01a6584e7b53b4fbeb2f3614,2026-09-19,6,2026-09-20,index_models-1,
https://www.onsemi.com/download/models/lib/1n5935b.lib,,,downloaded,1181,1c16c278aa3e072308b9d1cc1bbe707dee9d8a642ec021973b34e64771a06e53,2026-09-19,6,2026-09-20,index_models-1,
https://www.onsemi.com/download/models/lib/1n5936brl.lib,,,downloaded,1184,9f327f2ed120b12333b260178ba859fe2e158b32c2ce30cfbed3ccb91aadcc16,2026-09-19,6,2026-09-20,index_models-1,
https://www.onsemi.com/download/models/lib/1n5937b.lib,,,downloaded,1181,f6cb50abc015bfd0c9d7c6c0aa24733fd51cd149bb5f76e3d3f7a3f8c6cbe296,2026-09-19,6,2026-09-20,index_models-1,
https://www.onsemi.com/download/models/lib/1n5938b.lib,,,downloaded,1182,f9594fb3cc2dbaaa1873b8cc1fe433d790c4aba0df7d16dd9162cdd87c3294d9,2026-09-19,6,2026-09-20,index_models-1,
https://www.onsemi.com/download/models/lib/1n5940brl.lib,,,downloaded,1186,75d74f829e6bc1f46e9131b21df9fa9328f3ea543501a81e20fcabea550c99d0,2026-09-19,6,2026-09-20,index_models-1,
https://www.onsemi.com/download/models/lib/1n5941b.lib,,,downloaded,1182,e6deaa2774f504bf7d9b93d22284e3304e8dc22f2f795a22253f668ffbec591a,2026-09-19,6,2026-09-20,index_models-1,
https://www.onsemi.com/download/models/lib/1n5942brl.lib,,,downloaded,1184,1525a3b3cc141654edeed6d6f1c2a951a37d9190b91634785a17c19e11e8b71d,2026-09-19,6,2026-09-20,index_models-1,
https://www.onsemi.com/download/models/lib/1n5946brl.lib,,,downloaded,1184,c4364d6646ded3ffe7306f6012ae9ba74cb85ca3e5fa844d962bbcdd78fdfb7f,2026-09-19,6,2026-09-20,index_models-1,
https://www.onsemi.com/download/models/lib/1n5948brl.lib,,,downloaded,1184,d35d2e8600423f824d9c2ff58afd7db99569fc80562bd2f55307bc5335988347,2026-09-19,6,2026-09-20,index_models-1,
https://www.onsemi.com/download/models/lib/1n5951brl.lib,,,downloaded,1185,759f66da01adde0e19823bbccb98b13d2ef515f405c732eb8d1805562d509236,2026-09-19,6,2026-09-20,index_models-1,
https://www.onsemi.com/download/models/lib/1n5953b.lib,,,downloaded,1181,ac8d73fd00fe533e36f9d8066053c69d3896329992449f71a281e72256976817,2026-09-19,6,2026-09-20,index_models-1,
https://www.onsemi.com/download/models/lib/1n5954brl.lib,,,downloaded,1186,1289234856c0bdba0df91ac1ee9821a3809453ad5d0ec8e910adc629300fdb3e,2026-09-19,6,2026-09-20,index_models-1,
https://www.onsemi.com/download/models/lib/1n5955brl.lib,,,downloaded,1186,0c3f784fcf1d48c23e1a69a159457b7596ed604e38d03712ca57d5b1f84c5a2e,2026-09-19,6,2026-09-20,index_models-1,
https://www.onsemi.com/download/models/lib/1n5956brl.lib,,,downloaded,1185,da5ffbe1b70983b66a62adb6ad0931a885f89cfbb010598d103c3d48206749a8,2026-09-19,6,2026-09-20,index_models-1,
https://www.onsemi.com/download/models/lib/1n914.lib,,,downloaded,520,558f99082a6a9197abf646fd9e54ac12836dcb2f580747c07f16434fc70670c5,2026-09-14,1,2026-09-20,index_models-1,
https://www.onsemi.com/download/models/lib/1n914b.lib,,,downloaded,509,f477d66a712e367591d67c54711daefd18af0f452dae8679b664000a85064956,2026-09-19,1,2026-09-20,index_models-1,
https://www.onsemi.com/download/models/lib/1pmt24at3.lib,,,downloaded,957,759dd483ad067990c8a5c594f08fa8d1c8c39aeb07c46ee97da1c944d663d40e,2026-09-19,5,2026-09-20,index_models-1,
https://www.onsemi.com/download/models/lib/1pmt28at3.lib,,,downloaded,957,898842e15c02498ca3694a41bd6709929e07c4262ed1cc6e632823a485aa323f,2026-09-19,5,2026-09-20,index_models-1,
https://www.onsemi.com/download/models/lib/1pmt30at3.lib,,,downloaded,955,abad8a105c6fe81bb0a4f693ceb2cf3700a675024360a857d4105e0cfb0e6c1d,2026-09-19,5,2026-09-20,index_models-1,
https://www.onsemi.com/download/models/lib/1pmt36at3.lib,,,downloaded,957,c5bfd741e010bcecb406bb033ade7c340bbb04a48684e694fa76a58648a4f04a,2026-09-19,5,2026-09-20,index_models-1,
https://www.onsemi.com/download/models/lib/1pmt40at3.lib,,,downloaded,955,67a15f40d4b47e9d45ed5738aa189673b4fe40c8ff62679c791983f8ec113b17,2026-09-19,5,2026-09-20,index_models-1,
https://www.onsemi.com/download/models/lib/1pmt48at3.lib,,,downloaded,955,0c8fd1db5b229ff32e0092c07def4d596a0cabb2e74c235b42e69ebb719b8739,2026-09-19,5,2026-09-20,index_models-1,
https://www.onsemi.com/download/models/lib/1pmt58at3.lib,,,downloaded,956,e3362040ce77a9760c0f74b0ab0e97c022bdefd317bffa6d9e62cc2f8b8254fc,2026-09-19,5,2026-09-20,index_models-1,
https://www.onsemi.com/download/models/lib/1pmt5927bt1g.lib,,,downloaded,1185,b72befdb5c277f1d04b993e4bc1fa2f14db0b2c7f5a5be79b7236198bd9b3782,2026-09-19,6,2026-09-20,index_models-1,
https://www.onsemi.com/download/models/lib/1sma26at3g_rev0.lib,,,downloaded,966,c42829189197eae61d01d6c199759a03ba02e825db41a442cc3157a8194ebae5,2026-09-19,5,2026-09-20,index_models-1,
https://www.onsemi.com/download/models/lib/1sma30at3g.lib,,,downloaded,945,92be51d854f44025eff036b407056be8cac9a5ca7e9d41131ed8b50a9ee27b70,2026-09-19,5,2026-09-20,index_models-1,
https://www.onsemi.com/download/models/lib/1sma48at3g.lib,,,downloaded,967,75d3f0435ef7e4d78b44c5d7aa54e6834df8bc17e5116b7ab4329f4e44be4ecd,2026-09-19,5,2026-09-20,index_models-1,
https://www.onsemi.com/download/models/lib/1sma5918bt3.lib,,,downloaded,1187,0c8a5614df277a6483aa823123a953409a8c1ea456abd91b092547d69d486c8b,2026-09-19,6,2026-09-20,index_models-1,
https://www.onsemi.com/download/models/lib/1sma5921bt3g.lib,,,downloaded,1216,429dc57aa4236f5071848be8b929d1ebcacf68a3d228b0c8ffd6eb8aaf60e918,2026-09-19,6,2026-09-20,index_models-1,
https://www.onsemi.com/download/models/lib/1sma5927bt3g.lib,,,downloaded,1187,fae0d209c2e41cf9924cb90f3a4da045cbf8c74fd26420844a28278416d6c735,2026-09-19,6,2026-09-20,index_models-1,
https://www.onsemi.com/download/models/lib/1sma5931bt3g.lib,,,downloaded,1206,8d0752b3a2e14529741e364c99c3be0d3e26c86d2bb0bc70c8aefdd730731474,2026-09-19,6,2026-09-20,index_models-1,
https://www.onsemi.com/download/models/lib/1sma5932bt3g.lib,,,downloaded,1184,3d09ef06f03aed5f03eeda1b9e34a0cf123a68d8da85a4e3f25ed88e66d024ab,2026-09-19,6,2026-09-20,index_models-1,
https://www.onsemi.com/download/models/lib/1sma5936b.lib,,,downloaded,1185,0f377458329ed5c4f793785e37645994036f170b9a6593e0c680148c4fec0008,2026-09-19,6,2026-09-20,index_models-1,
https://www.onsemi.com/download/models/lib/1sma5940bt3.lib,,,downloaded,1185,2c64be55464863c1eae66a8bba88c6819dcbc321a999e8e1e56185f9ae20f7a7,2026-09-19,6,2026-09-20,index_models-1,
https://www.onsemi.com/download/models/lib/1sma59xxbt3g%20(spice%20model).lib,,,downloaded,30596,f829b3120521935f70abb19dfa03e8b4b172932345c4d534d468ac6b244b5d97,2026-09-19,192,2026-09-20,index_models-1,
https://www.onsemi.com/download/models/lib/1sma64at3.lib,,,downloaded,942,f3e54ad5ffca26582cf8488fcef8156a5142bdc7042d540afabb1d219295142b,2026-09-19,5,2026-09-20,index_models-1,
https://www.onsemi.com/download/models/lib/1smb14at3g.lib,,,downloaded,969,088baa0328ac76f59c7e23c3fca66742d9c85865cacc50a57a8898943bf216e2,2026-09-19,5,2026-09-20,index_models-1,
https://www.onsemi.com/download/models/lib/1smb24at3g.lib,,,downloaded,975,41a48766579c28d0098596c87a193c6116c4b4ead1b0d3c823d306293bc08c3e,2026-09-19,5,2026-09-20,index_models-1,
https://www.onsemi.com/download/models/lib/1smb28at3g.lib,,,downloaded,966,acadab580ec2f17187d595c9a20e4dc08dc9526b7b4ef52b7d9ffbdfa2fe5a31,2026-09-19,5,2026-09-20,index_models-1,
https://www.onsemi.com/download/models/lib/1smb5914bt3g.lib,,,downloaded,1211,483a1dc440ff309865bacdedb900cbd8053b2279d8518d70856190837042694e,2026-09-19,6,2026-09-20,index_models-1,
https://www.onsemi.com/download/models/lib/1smb5918bt3.rev0.lib,,,downloaded,1186,47e5d297c1ad77ce559ebd3824c9199e49c50033159345e2fe6ac04eb91c427d,2026-09-19,6,2026-09-20,index_models-1,
https://www.onsemi.com/download/models/lib/1smb5918bt3.rev1.lib,,,downloaded,1186,47e5d297c1ad77ce559ebd3824c9199e49c50033159345e2fe6ac04eb91c427d,2026-09-19,6,2026-09-20,index_models-1,
https://www.onsemi.com/download/models/lib/1smb5919bt3.lib,,,downloaded,1187,d9b084df76b1c502298cc84926ec105f805659cb21432c06fc1c26270db4fa38,2026-09-19,6,2026-09-20,index_models-1,
https://www.onsemi.com/download/models/lib/1smb5920bt3.lib,,,downloaded,1169,3d51c0639658315f34571bdfaed4fc0cb886b6d0c7c78033100bf212768e4479,2026-09-19,6,2026-09-20,index_models-1,
https://www.onsemi.com/download/models/lib/1smb5921bt3.lib,,,downloaded,1182,61f0730107bf5b5d9f134867cfe9e34f9239035e4b2f3f95b66441f159b141c5,2026-09-19,6,2026-09-20,index_models-1,
https://www.onsemi.com/download/models/lib/1smb5922bt3.lib,,,downloaded,1169,74456c289e1939937eee3a27e0aee42cf3a69c44422b38ebd06417612c10e925,2026-09-19,6,2026-09-20,index_models-1,
https://www.onsemi.com/download/models/lib/1smb5924bt3.lib,,,downloaded,1185,4d6de0b233088114c3f4afd72bfdc31cc582f76aaf37c7146fc420943236bc8c,2026-09-19,6,2026-09-20,index_models-1,
https://www.onsemi.com/download/models/lib/1smb5925bt3.lib,,,downloaded,1184,e2d4361da663bcbd3728988d7bb652e62122ae44e3f04bdb5e26a96e6e36af9b,2026-09-19,6,2026-09-20,index_models-1,
https://www.onsemi.com/download/models/lib/1smb5928bt3g.lib,,,downloaded,1196,0f352e9f1cc4b84771ec6adb8f14e306c47b61f4531a4df3897bbd419ef1e3aa,2026-09-19,6,2026-09-20,index_models-1,
https://www.onsemi.com/download/models/lib/1smb5930bt3.lib,,,downloaded,1187,a968f0e233c3c003cb38a68c526ae319376d1a0da8d1c419cb7e00e4a901b157,2026-09-19,6,2026-09-20,index_models-1,
https://www.onsemi.com/download/models/lib/1smb5931bt3.lib,,,downloaded,1186,e4cdde3390059e7e6f617ed1d14c5fee8213ee0e6ae60267f0652de7976cc4e7,2026-09-19,6,2026-09-20,index_models-1,
https://www.onsemi.com/download/models/lib/1smb5933bt3.lib,,,downloaded,1185,83d1bce63c32eaf292dce848c69d4ece0845c468ae6587d9bf81d3cb7bdcaa3c,2026-09-19,6,2026-09-20,index_models-1,
https://www.onsemi.com/download/models/lib/1smb5934bt3.lib,,,downloaded,1186,c215dabf1143e90706e246161bc3223ab5da1d76f407c33a7c8846801e9aca8a,2026-09-19,6,2026-09-20,index_models-1,
https://www.onsemi.com/download/models/lib/1smb5935bt3.lib,,,downloaded,1187,b4383e2fd8a3d435a0a379da0f82d30c32b005b55a6bf58ba1d865ea53bf5eb6,2026-09-19,6,2026-09-20,index_models-1,
https://www.onsemi.com/download/models/lib/1smb5936bt3.lib,,,downloaded,1186,bc18d242e41f7b00ff705e32d79a7e99e4488dfe7cef0adc1ad857cd27b850c6,2026-09-19,6,2026-09-20,index_models-1,
https://www.onsemi.com/download/models/lib/1smb5938bt3g.lib,,,downloaded,1210,18f780aaa251c56590f05e96bf5527562021176ef4c6b9f0d3bf35b39627298f,2026-09-19,6,2026-09-20,index_models-1,
https://www.onsemi.com/download/models/lib/1smb5939bt3g.lib,,,downloaded,1213,579efeaf3cf7021527911bc9fdf6c853fafdb6db53057752d055a6f768674ec4,2026-09-19,6,2026-09-20,index_models-1,
https://www.onsemi.com/download/models/lib/1smb5940bt3.lib,,,downloaded,1185,db568b11bf74594072b4c9868ed892fe80d4d20dc72549dfb53436eca4dc6bd1,2026-09-19,6,2026-09-20,index_models-1,
https://www.onsemi.com/download/models/lib/1smb59xxbt3g%20(spice%20model).lib,,,downloaded,27710,16e0c749420f2562fcd68a0459b7408db38937c532ef017c9ff3a3ac4d0a404e,2026-09-19,258,2026-09-20,index_models-1,
https://www.onsemi.com/download/models/lib/1smb85at3g.lib,,,downloaded,948,179d7a84f7a082810976f0ab51656767791a220904efe07d35e7168bf1676bb5,2026-09-19,5,2026-09-20,index_models-1,
https://www.onsemi.com/download/models/lib/1smc6.0at3.lib,,,downloaded,948,dd36f6baf67d0970649c2a6385a40b11930f552a5277867da4824e55f04700ab,2026-09-19,5,2026-09-20,index_models-1,
https://www.onsemi.com/download/models/lib/1smf16bt1.lib,,,downloaded,945,e9d8ea9a08d89acbc225e07baf4e4a4fed9784ff57700400c36aa7e42619364d,2026-09-19,5,2026-09-20,index_models-1,
https://www.onsemi.com/download/models/lib/1ss400t1.lib.lib,,,downloaded,669,1ae1f26c2e02c4af402486d446aefaf63e77cb081a4401f5df2eb8161836b514,2026-09-19,1,2026-09-20,index_models-1,
https://www.onsemi.com/download/models/lib/2n3055.lib,,,downloaded,984,8d9e78eec077daca06e67185ffe4e09df4121af252e0741299769100a94fe0f6,2026-09-14,1,2026-09-20,index_models-1,
https://www.onsemi.com/download/models/lib/2n3055a.lib,,,downloaded,972,abf1075833ec55f8979a3a3fb1c009e8f11aee1b03dd0676c677809f3783f6e4,2026-09-14,1,2026-09-20,index_models-1,
https://www.onsemi.com/download/models/lib/2n3055h.lib,,,downloaded,985,fa513dfbc6f4ccf18c0e37d3d522f2c4eb4fa19be5f83bb287836b87f77a801e,2026-09-19,1,2026-09-20,index_models-1,
https://www.onsemi.com/download/models/lib/2n3442.lib,,,downloaded,997,fbc657e7120a68b152644bf9f3f6ae044b4130960e25771aecf1257ddc6cbfaa,2026-09-14,1,2026-09-20,index_models-1,
https://www.onsemi.com/download/models/lib/2n3772.lib,,,downloaded,969,5db2148a677dd4c9835ff215128f7c4d9846745d73401f3828c5f20debd67f5c,2026-09-19,1,2026-09-20,index_models-1,
https://www.onsemi.com/download/models/lib/2n3773.lib,,,downloaded,972,8ea409699fdae94ecd2b7f3c611a4a734141abbee47bbe98c2e71de6ca231acd,2026-09-14,1,2026-09-20,index_models-1,
https://www.onsemi.com/download/models/lib/2n3904.lib,,,downloaded,977,5608c109b8d68d57798557991cee506661d031916f589325fad5ed10d82ccbf7,2026-09-14,1,2026-09-20,index_models-1,
https://www.onsemi.com/download/models/lib/2n3906.lib,,,downloaded,967,8d53e9c478e2f6c8c19fadcea97a01d0ed3e3ea7af3299160d1f550ba3080b5b,2026-09-14,1,2026-09-20,index_models-1,
https://www.onsemi.com/download/models/lib/2n4918.lib,,,downloaded,981,10f99ff9007c877af94e4dc16f8e916a9af5ee9ce73d062c966f9ec68df68c3f,2026-09-19,1,2026-09-20,index_models-1,
https://www.onsemi.com/download/models/lib/2n4919.lib,,,downloaded,985,323e84ba368d0f423290e31aaabb7099404f3e0b22b04ea0a74172d49e009cb5,2026-09-19,1,2026-09-20,index_models-1,
https://www.onsemi.com/download/models/lib/2n4920.lib,,,downloaded,990,2b647a0f029aeeac688853ffd832d74fc22ad13b9265202db7eb2f719c2e7bb7,2026-09-19,1,2026-09-20,index_models-1,
https://www.onsemi.com/download/models/lib/2n4921.lib,,,downloaded,993,b5abcc9cfdfe12a748d15293df99730c8b3bf0579105f6a8651f03d2d2c06f43,2026-09-19,1,2026-09-20,index_models-1,
https://www.onsemi.com/download/models/lib/2n4922.lib,,,downloaded,999,5da1663488b8891814cdd7d63cd5075beacb5c89594bdebbe217a55661e3bb33,2026-09-19,1,2026-09-20,index_models-1,
https://www.onsemi.com/download/models/lib/2n4923.lib,,,downloaded,999,9af5e1fd03dc1dae4a436219c1b4c30b9c8cc4b648429ad41dd101c1bf4d275e,2026-09-19,1,2026-09-20,index_models-1,
https://www.onsemi.com/download/models/lib/2n5038.lib,,,downloaded,950,050093320d124a773664965caba1d7c588782beb4999be4af0a92208144b841e,2026-09-19,1,2026-09-20,index_models-1,
https://www.onsemi.com/download/models/lib/2n5191.lib,,,downloaded,975,d3d5f4c597970af46f2423b63ff7b8b26d721b16ec5426c147ca9998e6418473,2026-09-19,1,2026-09-20,index_models-1,
https://www.onsemi.com/download/models/lib/2n5192.lib,,,downloaded,975,2e3ad33ca01b8c286a79dcc3a2d02bd126a60094ffcfc98bc3a6408fff17d8f4,2026-09-19,1,2026-09-20,index_models-1,
https://www.onsemi.com/download/models/lib/2n5194.lib,,,downloaded,988,76987168b883b643a027b40d42d446a42df6412b301bf19bef30985939b538f9,2026-09-19,1,2026-09-20,index_models-1,
https://www.onsemi.com/download/models/lib/2n5195.lib,,,downloaded,994,bd36c3ad8a9ec7be42c4ea60a62e0cd1af10ff2d3ba087971ce73924fc715d5f,2026-09-19,1,2026-09-20,index_models-1,
https://www.onsemi.com/download/models/lib/2n5302.lib,,,downloaded,983,2a57d136909d60c7fb464722e0fe3c2e3716e9c29c9a747926ae8888f8ec47b5,2026-09-19,1,2026-09-20,index_models-1,
https://www.onsemi.com/download/models/lib/2n5459.lib,,,downloaded,625,21b3aba3ad69704702c519b82a882f29bc81cd52a35b2469392fb26702f8f938,2026-09-14,1,2026-09-20,index_models-1,
https://www.onsemi.com/download/models/lib/2n5460.lib,,,downloaded,578,3ba90e12d1a9c1d302a0a2e3e8da2f7a9fa0da681154dd4364f2c0566aa16dcb,2026-09-14,1,2026-09-20,index_models-1,
https://www.onsemi.com/download/models/lib/2n5461.lib,,,downloaded,578,7ff8aa59cb345b03c6422cbd3b3faa9662e16d891a862a3b7fc598b9bb98a900,2026-09-19,1,2026-09-20,index_models-1,
https://www.onsemi.com/download/models/lib/2n5462.lib,,,downloaded,578,260f4b867bb1170c8a6f44ada583f226e4129c3040d61393c5efea5241014a60,2026-09-19,1,2026-09-20,index_models-1,
https://www.onsemi.com/download/models/lib/2n5485.lib,,,downloaded,673,bbee8dcabe1b5256023b8eacc2db46a3199a153f7fb34286a8f003a1b394ee68,2026-09-14,1,2026-09-20,index_models-1,
https://www.onsemi.com/download/models/lib/2n5486.lib,,,downloaded,675,093f589cd93d2d8426340e5b2a7fb320c25924b6d93443ec168759703b2aad2c,2026-09-14,1,2026-09-20,index_models-1,
https://www.onsemi.com/download/models/lib/2n5550.lib,,,downloaded,991,30c01762e421f8b6bee548ee63216ac8d037bbf5c344b2884113fc3ef5d4fbfb,2026-09-19,1,2026-09-20,index_models-1,
https://www.onsemi.com/download/models/lib/2n5655.lib,,,downloaded,988,a43e5da1b7720786e87d8cd2433abecba1d83f07685eca3f414e240dcbf3cc78,2026-09-19,1,2026-09-20,index_models-1,
https://www.onsemi.com/download/models/lib/2n5657.lib,,,downloaded,984,694d5a352464488682fd6fd09d4e47e276a76b0e26f04ca79786f1586b536ae7,2026-09-19,1,2026-09-20,index_models-1,
https://www.onsemi.com/download/models/lib/2n5684.lib,,,downloaded,1003,d6abbef2150b7d8f615e1f1067c1f92eedea94b37cea8d228276d3eb8aaf4bdb,2026-09-19,1,2026-09-20,index_models-1,
https://www.onsemi.com/download/models/lib/2n5686.lib,,,downloaded,1002,5495bb161c7cce35eed56a0ff76b0a0b0061666df604f9c9273df42c67b25600,2026-09-19,1,2026-09-20,index_models-1,
https://www.onsemi.com/download/models/lib/2n5883.lib,,,downloaded,969,e378d13b2243209aac054bb68504d87a2f4ac28225808d2a0bae4b1ddc668d4c,2026-09-14,1,2026-09-20,index_models-1,
https://www.onsemi.com/download/models/lib/2n5884.lib,,,downloaded,1018,160113df648ceaee7214a0c7a8f8e2d8afe8d78e18bc5e6d0643e8f172513df1,2026-09-19,1,2026-09-20,index_models-1,
https://www.onsemi.com/download/models/lib/2n5885.lib,,,downloaded,978,437522b01c0b0e4f02cd5247a48a3743a2669f3e8f859c85812e8a0994c1502a,2026-09-14,1,2026-09-20,index_models-1,
https://www.onsemi.com/download/models/lib/2n5886.lib,,,downloaded,1002,621218bcb81c40ac8bd80423954367fdfec993984e1608e5522098191e66bcf2,2026-09-19,1,2026-09-20,index_models-1,
https://www.onsemi.com/download/models/lib/2n6027.lib,,,downloaded,726,77b8e12af72b83545ebe277c96c9f383543f7ebba2b57b570858c8a8055948a1,2026-09-19,3,2026-09-20,index_models-1,
https://www.onsemi.com/download/models/lib/2n6028.lib,,,downloaded,723,80c85f76d0d9204665f405f4b1835644d2b3b2d0c65f40f1d64f727918d1cef7,2026-09-19,3,2026-09-20,index_models-1,
https://www.onsemi.com/download/models/lib/2n6034.lib,,,downloaded,1513,aca3b5425bab3c1fc591675a4deff2cc20a45d609db96d246ca66c14bce33027,2026-09-19,4,2026-09-20,index_models-1,
https://www.onsemi.com/download/models/lib/2n6035.lib,,,downloaded,1513,3504547f15d94782ef2072cde1578bacd020847ab71c4d99cb4501759d78bd2e,2026-09-19,4,2026-09-20,index_models-1,
https://www.onsemi.com/download/models/lib/2n6036.lib,,,downloaded,1513,7e1f673877f9b348d5d67c8305192c848ae1d190ea723abc2535ca1645acc29f,2026-09-19,4,2026-09-20,index_models-1,
https://www.onsemi.com/download/models/lib/2n6038.lib,,,downloaded,1723,4e037cdc99f156b84cfbd68e4993ad4fba98d7e1e44dc5c32f5f0aa28ec97999,2026-09-19,4,2026-09-20,index_models-1,
https://www.onsemi.com/download/models/lib/2n6039.lib,,,downloaded,1723,0be6da9fc8aa0a10d81a87cd2f1c0a90529b5cf4413f16e891ed4a1fc02d483d,2026-09-19,4,2026-09-20,index_models-1,
https://www.onsemi.com/download/models/lib/2n6040.lib,,,downloaded,1688,9ddbddabab7ad6fd1115db02944828a627ff49809d7c337e0252f1f374b4962d,2026-09-19,4,2026-09-20,index_models-1,
https://www.onsemi.com/download/models/lib/2n6042.lib,,,downloaded,1688,d100f2681ca006bebebe6849e6f1e28bfb82f9591402f9743828105c87a29b73,2026-09-19,4,2026-09-20,index_models-1,
https://www.onsemi.com/download/models/lib/2n6043.lib,,,downloaded,1740,04c6f5dede9d97a223e179f35d15bc1e5745827d00029bd3fe284036a32d4b60,2026-09-19,4,2026-09-20,index_models-1,
https://www.onsemi.com/download/models/lib/2n6045.lib,,,downloaded,1740,ce097a2327101ea4c68c7019ae7bf72a27371c30b7507b14e9277b44a3d74633,2026-09-19,4,2026-09-20,index_models-1,
https://www.onsemi.com/download/models/lib/2n6052.lib,,,downloaded,1724,b697e3c10d80940da295f827be7fd0d606f611c903257150d5267df0f42448d8,2026-09-19,4,2026-09-20,index_models-1,
https://www.onsemi.com/download/models/lib/2n6107.lib,,,downloaded,962,530863cd453c96e5fe871c892d864a86139b1a791f216f7703b9a58d92d1c701,2026-09-19,1,2026-09-20,index_models-1,
https://www.onsemi.com/download/models/lib/2n6111.lib,,,downloaded,985,11ff97dc6c44fb14584ec0a0328f97cdac4d3d41cd098e1b0cfa58eb2ca546e6,2026-09-19,1,2026-09-20,index_models-1,
https://www.onsemi.com/download/models/lib/2n6283.lib,,,downloaded,1731,943c913ded591c76358041a4cd2c68d282fb34c95b5e0bc31585d2e7daf86e61,2026-09-19,4,2026-09-20,index_models-1,
https://www.onsemi.com/download/models/lib/2n6284.lib,,,downloaded,1731,e14d7358af3cece0997280b4522b9dbd590940a596ba29b00424a695e3581aae,2026-09-14,4,2026-09-20,index_models-1,
https://www.onsemi.com/download/models/lib/2n6287.lib,,,downloaded,1742,199f7b88da1b9fe6d1e2ecce07bf0627c6ff691ec22353cef8cf7f7f7c0b5c57,2026-09-14,4,2026-09-20,index_models-1,
https://www.onsemi.com/download/models/lib/2n6292.lib,,,downloaded,964,efe493ecfa7cdb28e4a84536d5abf5a52315554632bc1e064988cb00c4728e68,2026-09-14,1,2026-09-20,index_models-1,
https://www.onsemi.com/download/models/lib/2n6338.lib,,,downloaded,980,16aa8eb6d006d4283df527c01a24b825753674f10c039c2bc2a8207adac16040,2026-09-19,1,2026-09-20,index_models-1,
https://www.onsemi.com/download/models/lib/2n6341.lib,,,downloaded,987,2f056ffd10068cda57c3de69496f43e12c9a3008116a099d0400c3a63fa66a49,2026-09-19,1,2026-09-20,index_models-1,
https://www.onsemi.com/download/models/lib/2n6387.lib,,,downloaded,1667,dd2357d8d5c678248b1edab4e814d258b516401aff9a8d85f08b497c85da9dcc,2026-09-19,4,2026-09-20,index_models-1,
https://www.onsemi.com/download/models/lib/2n6487.lib,,,downloaded,956,72ef46af90ab21d8cbb34033ccc451192e77d0230b9f3db6ec609d569bc51f21,2026-09-19,1,2026-09-20,index_models-1,
https://www.onsemi.com/download/models/lib/2n6488.lib,,,downloaded,956,f2aca173748dc79c5d2e063317905418ef48b6f5bc197bc1a19ce7a4beb3a3c0,2026-09-14,1,2026-09-20,index_models-1,
https://www.onsemi.com/download/models/lib/2n6490.lib,,,downloaded,958,de49299e057d068030e841cd7acfe3b7858543ec727b7d57bb7ef4729babe31d,2026-09-19,1,2026-09-20,index_models-1,
https://www.onsemi.com/download/models/lib/2n6491.lib,,,downloaded,958,3f04132a35c1cecf4e7378e45f24e8e9293d6a48a7a6f4c724a8640ac8f6f183,2026-09-14,1,2026-09-20,index_models-1,
https://www.onsemi.com/download/models/lib/2n6497.lib,,,downloaded,985,4151331de99e7b5d20e6caa2c68d510bf4c31b4a46605a22955942caedbc5408,2026-09-19,1,2026-09-20,index_models-1,
https://www.onsemi.com/download/models/lib/2n6520.lib,,,downloaded,1079,6d4e527c1b85216e11344c9b0ae30a5909caa0dfdbe21355d55bf18876086f77,2026-09-19,1,2026-09-20,index_models-1,
https://www.onsemi.com/download/models/lib/2n6667.lib,,,downloaded,1693,e5062baf273ebc88e24e6aab57862685474263d5a9049599a0960ea9f68ad75f,2026-09-19,4,2026-09-20,index_models-1,
https://www.onsemi.com/download/models/lib/2n7000.rev0.lib,,,downloaded,1747,98ebde1b348c2c9812a26586c712ff0db99249fac3586f7bafd6abc86cf5921b,2026-09-19,6,2026-09-20,index_models-1,
https://www.onsemi.com/download/models/lib/2n7002%20(spice%20model).lib,,,downloaded,2100,069627a9efaccf81dc586e9f791aa6e22eb2967bed9637a56e752c7ba5225c81,2026-09-19,7,2026-09-20,index_models-1,
https://www.onsemi.com/download/models/lib/2n7002.lib,,,downloaded,1607,5f13b258ad003db135287fcc477a996b736237aff8e690bda443c950ad3a1820,2026-09-14,7,2026-09-20,index_models-1,
https://www.onsemi.com/download/models/lib/2n7002l.rev0.lib,,,downloaded,1732,e878ccc8e04c7b4505c72653d677bfa9807860076dbed1a134b51a248c52a8d5,2026-09-19,6,2026-09-20,index_models-1,
https://www.onsemi.com/download/models/lib/2n7002t.lib,,,downloaded,1593,e78d964773f17577324c8d0ed12c7f11c81c5c36b6f4ee7e62021c226eae5f34,2026-09-19,6,2026-09-20,index_models-1,
https://www.onsemi.com/download/models/lib/2n7002w%20(spice%20model).lib,,,downloaded,1708,f6ec9b6d39439625cf7f2cc8e3fb606da0b5fd5f0e3eaae316bb632499c0ece6,2026-09-19,7,2026-09-20,index_models-1,
https://www.onsemi.com/download/models/lib/2n7002wt1g%20(spice%20model).lib,,,downloaded,1738,c670b0f4ed058fb12b700e626ade3a01030b0a804658ae220b674e47895309a3,2026-09-19,7,2026-09-20,index_models-1,
https://www.onsemi.com/download/models/lib/2sa1774.lib,,,downloaded,965,6859b1e099d0bf5a6e98842bf380309c04dc6c363ce3080084e292a3e5815aef,2026-09-19,1,2026-09-20,index_models-1,
https://www.onsemi.com/download/models/lib/2sa1943.lib,,,downloaded,1335,d623d0a582e3e1a08e2d856cc59623e30f8f26bd932be8fea4f4236d94d54cc2,2026-09-14,3,2026-09-20,index_models-1,
https://www.onsemi.com/download/models/lib/2sa1962.lib,,,downloaded,1336,ea5f2feab313b35cb9754d62f1a3da8dadede9de65871592e3ee28efd677ba2d,2026-09-19,3,2026-09-20,index_models-1,
https://www.onsemi.com/download/models/lib/2sa2039%20lib.lib,,,downloaded,996,6515f2a35ebf9f5f6f0c621e1f3060235d98f26a0c607c0d001bd02eb82340c6,2026-09-19,1,2026-09-20,index_models-1,
https://www.onsemi.com/download/models/lib/2sa2040%20(spice%20model).lib,,,downloaded,1718,a871f374eb13504f50553f05a269d17db90362a00c6ea416bb25fceceec05a7e,2026-09-19,2,2026-09-20,index_models-1,
https://www.onsemi.com/download/models/lib/2sa2210-spice-d.lib,,,downloaded,1802,a4f7497dc67282e66abedef367fcc7313f0d6eee32d77fc8135009d38da9c3a9,2026-09-19,1,2026-09-20,index_models-1,
https://www.onsemi.com/download/models/lib/2sb815%20(spice%20model).lib,,,downloaded,868,1eaa9bcfc0c4e6cc9a1e089fa2d46e3b46ed9ae6cfd48ee4573d8d53a49206b9,2026-09-19,1,2026-09-20,index_models-1,
https://www.onsemi.com/download/models/lib/2sc4617.lib,,,downloaded,1004,dbd51baead5a532fe0f7194e2483ead1a00896c7a61e480a5a56d6469d735429,2026-09-19,1,2026-09-20,index_models-1,
https://www.onsemi.com/download/models/lib/2sc5200.lib,,,downloaded,1416,cb1ecdac03c16b0ef057cbebc386786a9d257670ec4489abb58a26e74e5c37b1,2026-09-14,3,2026-09-20,index_models-1,
https://www.onsemi.com/download/models/lib/2sc5242.lib,,,downloaded,1416,3a9ce285f6a8ec7aac7bcfa9db2079d9e0b5abb64b434ea21bda6f61e510b5f1,2026-09-19,3,2026-09-20,index_models-1,
https://www.onsemi.com/download/models/lib/2sc5658m3t5g.lib%20file.lib,,,downloaded,979,90a80c474b4a6114fb9bb6e2199eff53b219956ef5a2a590b01558cb9737293f,2026-09-19,1,2026-09-20,index_models-1,
https://www.onsemi.com/download/models/lib/2sc5706-spice-d.lib,,,downloaded,1794,34a2b86ac034f869d234f230fddf42cd8e1df2feaa01cef01fc97dbf315e6f6c,2026-09-19,1,2026-09-20,index_models-1,
https://www.onsemi.com/download/models/lib/2sc6082-spice-d.lib,,,downloaded,1759,8363207d0114c10e141467c6ab10f71923cf3f1b775ed9b3f4d1c64cbad4c9dd,2026-09-19,1,2026-09-20,index_models-1,
https://www.onsemi.com/download/models/lib/2sd1048%20(spice%20model).lib,,,downloaded,932,30133ea726e9d62e95d4c082f51c56ccc1f129040a6f45744b0a0f1461cfc350,2026-09-19,1,2026-09-20,index_models-1,
https://www.onsemi.com/download/models/lib/2sk3666-3%20(pspice%20model).lib,,,downloaded,601,2abec4869c9533737a8275ef51acd02ed3558ade610098cd3463ff49c4329264,2026-09-19,1,2026-09-20,index_models-1,
https://www.onsemi.com/download/models/lib/2v7002w.lib,,,downloaded,2497,03f0174f8611ec73f4b09ad0d722dce81b9c5e259dd94d3023bcb167d2ebd4a0,2026-09-19,17,2026-09-20,index_models-1,
https://www.onsemi.com/download/models/lib/50c02ch_spice-d.lib,,,downloaded,1998,f77a218b6f184e29cf35b170f5af0122d2cb98570d85a8c3264cbdd40f6bb4c1,2026-09-19,1,2026-09-20,index_models-1,
https://www.onsemi.com/download/models/lib/50c02mh-spice-d.lib,,,downloaded,1998,f22efb7e3e9f90ba383013d96b904576373ddb20fcfbd35f83d9e405c8064ae5,2026-09-19,1,2026-09-20,index_models-1,
https://www.onsemi.com/download/models/lib/50c02ss-spice-d.lib,,,downloaded,1998,6ac6b60584da6b349c22d71261218388791c8e50fc3003d2ef5e9502fcbdcd4d,2026-09-19,1,2026-09-20,index_models-1,
https://www.onsemi.com/download/models/lib/80sq045nrl.lib,,,downloaded,654,0b6c62f060bc82456e37d84062133bfbb7363ba2aa085ce47cb3ebb3e2228564,2026-09-19,1,2026-09-20,index_models-1,
https://www.onsemi.com/download/models/lib/bar43.lib,,,downloaded,557,3f2cde97e03374228fca066f52749b37ebe53ecd13daec2e8ab2f31720cd8413,2026-09-19,1,2026-09-20,index_models-1,
https://www.onsemi.com/download/models/lib/bar43c.lib,,,downloaded,624,88c3199f226d181865497a30f535859bf6ca0300b3527decb67fd854b38edaac,2026-09-19,2,2026-09-20,index_models-1,
https://www.onsemi.com/download/models/lib/bar43s.lib,,,downloaded,626,a8cbdd63021033bf7e159b0cb0fb2f24125637fefc07dfe0e8e7b41567329bd7,2026-09-19,2,2026-09-20,index_models-1,
https://www.onsemi.com/download/models/lib/bas116lt%20pspice%20model%20lib%20file.lib,,,downloaded,662,b81d216c410b4b15b00507936d19c9f1142b2da9fb46573fdb20afc2f17b2877,2026-09-19,1,2026-09-20,index_models-1,
https://www.onsemi.com/download/models/lib/bas116t.lib,,,downloaded,663,9ea3089210af8194ab431fb5e4d50aa7f06b13c0b36c82294a3526a88b58ec5a,2026-09-19,1,2026-09-20,index_models-1,
https://www.onsemi.com/download/models/lib/bas16.lib,,,downloaded,571,98dbf36836cc0d11feb91ef973d3bb0922a7403b1c4a4e5f41f4b1c7fb51efb2,2026-09-14,1,2026-09-20,index_models-1,
https://www.onsemi.com/download/models/lib/bas16dxv6t1.lib,,,downloaded,1274,ef71567a5c173bda5733c2778fa7bf4288b1135265779ec16b33a810f23aec71,2026-09-19,5,2026-09-20,index_models-1,
https://www.onsemi.com/download/models/lib/bas16ht.lib,,,downloaded,664,5ac7050243afec37a3e758fcfdd75f2bcf49e89314d6d0bfd34198a9b8d7fcce,2026-09-19,1,2026-09-20,index_models-1,
https://www.onsemi.com/download/models/lib/bas16p2.lib,,,downloaded,666,eddded1445cfaf85d43c1d1cf932bbdeb1994f2a067b7cfb857cf88bb7a42e44,2026-09-19,1,2026-09-20,index_models-1,
https://www.onsemi.com/download/models/lib/bas20ht1g.lib.lib,,,downloaded,668,d7550e389f45291dc4121ca88cca924b0526eeb265c872421229662f61b0496d,2026-09-19,1,2026-09-20,index_models-1,
https://www.onsemi.com/download/models/lib/bas20lt1.lib,,,downloaded,669,6c13d207c0e146cb4848844bc108af6db78ee3683cbb35e821a3a7c1d68e9454,2026-09-19,1,2026-09-20,index_models-1,
https://www.onsemi.com/download/models/lib/bas21.lib,,,downloaded,445,fefc7e5ea5d16e45df29a1d6d4dd773fd2e9d9046449b7616a76e5dbe13e799d,2026-09-19,1,2026-09-20,index_models-1,
https://www.onsemi.com/download/models/lib/bas21ht1g_rev0.lib.lib,,,downloaded,670,4c6edd36b387f4c0a6a43da0dcada310a25827c406481024bce7e886f130ed3f,2026-09-19,1,2026-09-20,index_models-1,
https://www.onsemi.com/download/models/lib/bas21lt1.lib,,,downloaded,666,885f098b1a3641302a70de421d8b320174534bfed2f47ed1c0d95c71ed4deba5,2026-09-19,1,2026-09-20,index_models-1,
https://www.onsemi.com/download/models/lib/bas21m3t5g.lib,,,downloaded,678,391072e06d553209ac95adeb81ce03ce6402448f4bab845d8a18d2af92b643fb,2026-09-19,1,2026-09-20,index_models-1,
https://www.onsemi.com/download/models/lib/bas21tmr6_rev0.lib.lib,,,downloaded,670,0fb966a65ac5d7fb73d5433f8601631b3a534f08f828c2ca057a0e66f62e4702,2026-09-19,1,2026-09-20,index_models-1,
https://www.onsemi.com/download/models/lib/bas31.lib,,,downloaded,626,41528da0ebe9d203039cd0dabd04dc4a0ce4c1153dd9e84e63debb692507da34,2026-09-19,2,2026-09-20,index_models-1,
https://www.onsemi.com/download/models/lib/bas40sl.lib,,,downloaded,486,7d78733bfad6ab0124a4ff6c377773910550dee52c5b29557e6cbf3d8884cd2f,2026-09-19,1,2026-09-20,index_models-1,
https://www.onsemi.com/download/models/lib/bas70sl.lib,,,downloaded,487,747a58229eaea78d7e14bfebeae467f8a6319b478a67de4e2bbc80b8c6544fb2,2026-09-19,1,2026-09-20,index_models-1,
https://www.onsemi.com/download/models/lib/bat43xv2.lib,,,downloaded,567,159d8c5b8bb30d6caea3dcb824ddd80ab6882469d5cf283c7d9df5d6984e17f3,2026-09-19,1,2026-09-20,index_models-1,
https://www.onsemi.com/download/models/lib/bat54al.lib,,,downloaded,665,1ec58f4528c1167a739dfca367921668e173a468e1c18845d304180a88acd3fb,2026-09-19,1,2026-09-20,index_models-1,
https://www.onsemi.com/download/models/lib/bat54cwt1g.lib,,,downloaded,672,443efe3d8f0b3993641978d3beff24f9e0c02e5255da66f57b0be7ccaa5eba4f,2026-09-19,1,2026-09-20,index_models-1,
https://www.onsemi.com/download/models/lib/bat54h_lib.lib,,,downloaded,667,d6afb33f2880dadf6cca0752c8a301d64286b1cdf54659275c47376971ec50b6,2026-09-19,1,2026-09-20,index_models-1,
https://www.onsemi.com/download/models/lib/bat54lt1g_rev0.lib.lib,,,downloaded,667,d6afb33f2880dadf6cca0752c8a301d64286b1cdf54659275c47376971ec50b6,2026-09-19,1,2026-09-20,index_models-1,
https://www.onsemi.com/download/models/lib/bat54wt1.rev2.lib,,,downloaded,664,772e4d841e9baebe9c8ffd59f29e762b78441290167c481e26767cef4f28533e,2026-09-19,1,2026-09-20,index_models-1,
https://www.onsemi.com/download/models/lib/bav23s%20(spice%20model).lib,,,downloaded,577,de191931c2c9885c545181b9822abe8605babaa3d80f8f08994ff9d8bf39ffbf,2026-09-19,2,2026-09-20,index_models-1,
https://www.onsemi.com/download/models/lib/bav70dxv6t1.lib,,,downloaded,1273,460363561df751ecab1bc7579ecc966ffab23be779593e7d33299e7254036dcc,2026-09-19,5,2026-09-20,index_models-1,
https://www.onsemi.com/download/models/lib/bav70m3t5g.lib,,,downloaded,679,375bdd920a670100412b89e1f1aada50b40bb77390f8a34e08237eb60a13a6cf,2026-09-19,1,2026-09-20,index_models-1,
https://www.onsemi.com/download/models/lib/bav70tt1.lib,,,downloaded,1265,43a63002fc06bf4057120a7c758246346da484eaeae2db76bb720149966d4c8e,2026-09-19,5,2026-09-20,index_models-1,
https://www.onsemi.com/download/models/lib/bav74.lib,,,downloaded,378,d5e3679b93ebb1b06cfdfb92665d3f6c0c665f10372ca5a95abb0a7625b7f390,2026-09-19,1,2026-09-20,index_models-1,
https://www.onsemi.com/download/models/lib/bav74lt1.lib,,,downloaded,640,10dc964aad398cb4e550d52b67cc894b182f1a7de6f5a5f5251099d543f0fe1f,2026-09-19,1,2026-09-20,index_models-1,
https://www.onsemi.com/download/models/lib/bav99lt1.lib,,,downloaded,759,930311f4675e7f577de79526c6f5fbbb993c30bd04c41fbcd1be313e17b23a59,2026-09-19,2,2026-09-20,index_models-1,
https://www.onsemi.com/download/models/lib/baw56lt1.lib,,,downloaded,653,79691b1fb916b19d2ed5ee30b59d8dfdd9aa6fd4862871e2ca5099c9b21daa16,2026-09-19,1,2026-09-20,index_models-1,
https://www.onsemi.com/download/models/lib/baw56tt1.lib,,,downloaded,1264,96cbadda900785c9d321f9a840246ccc32e45935a7924287b1bf15dd802a436d,2026-09-19,5,2026-09-20,index_models-1,
https://www.onsemi.com/download/models/lib/baw56wt1g.lib,,,downloaded,666,f795713794aa3e6e7e1666e9f446a6bc3d8ed57e1851a8445326b42de097b72a,2026-09-19,1,2026-09-20,index_models-1,
https://www.onsemi.com/download/models/lib/bawh56wt1g.lib,,,downloaded,676,7ac82df34302f889fb184f5d15e6b8976b9911b26623a525b813db96520bbda1,2026-09-19,1,2026-09-20,index_models-1,
https://www.onsemi.com/download/models/lib/bc516.lib,,,downloaded,1615,d0cc44208549e103e3377b96d1ec1de9ef6035d4034ca50f26d54c61a6b85e33,2026-09-19,4,2026-09-20,index_models-1,
https://www.onsemi.com/download/models/lib/bc547b.lib,,,downloaded,962,b3a5fca5c9592cf6d3a5cd4530b2066d8909fa87089190b5352c8a10e8c3d23f,2026-09-14,1,2026-09-20,index_models-1,
https://www.onsemi.com/download/models/lib/bc549.lib,,,downloaded,1286,de7f5cb71a7d7e5b1b68e2c92f042cbf63521f1b1a1e028a45f1f1c1b6a9112b,2026-09-14,1,2026-09-20,index_models-1,
https://www.onsemi.com/download/models/lib/bc550.lib,,,downloaded,1288,98f8c673d7a3d7ce0680e15cabba3dd8cc98f669ca86bcfe3995f58654f2d6d3,2026-09-14,1,2026-09-20,index_models-1,
https://www.onsemi.com/download/models/lib/bc557b%20lib.lib,,,downloaded,963,875cdc55db4b81cf7d0e3196e999d1bd13301c0062c0019f9346f26052e0f54c,2026-09-19,1,2026-09-20,index_models-1,
https://www.onsemi.com/download/models/lib/bc807-16l_lib.lib,,,downloaded,1011,e41e13963292094ca865e052dcd41bc6af879d6833393d6a51457b5ebd954530,2026-09-19,1,2026-09-20,index_models-1,
https://www.onsemi.com/download/models/lib/bc807-25l%20(spice%20model).lib,,,downloaded,1075,8c31a4d9d44f5f7a00f2a35d37977a6cb298fc90ddf8477acc9b5a9a3bfc273b,2026-09-19,1,2026-09-20,index_models-1,
https://www.onsemi.com/download/models/lib/bc807-25l_lib.lib,,,downloaded,1008,f51992cc14f1da7b3acd9db9cd94b4fbd21326c470a0178fd38a47bd49689bde,2026-09-19,1,2026-09-20,index_models-1,
https://www.onsemi.com/download/models/lib/bc807-40l_lib.lib,,,downloaded,1014,0a23da3f251637d91d5711645ed0a3f5f82853297a4b3111f98f905dd8bf4be8,2026-09-19,1,2026-09-20,index_models-1,
https://www.onsemi.com/download/models/lib/bc817-25lt1.lib,,,downloaded,981,7a24d83b94857145ac3971559799fd907a6f1565b4739e81b1f3c5761caf521d,2026-09-19,1,2026-09-20,index_models-1,
https://www.onsemi.com/download/models/lib/bc817.lib,,,downloaded,952,fd4befb5f3a9825d85206aaf6ee7954920717295b73f8ad49592f420ecc0142a,2026-09-14,1,2026-09-20,index_models-1,
https://www.onsemi.com/download/models/lib/bc846.lib,,,downloaded,958,b6cbf92b6a8cec371b6cd29c73cda2a74f4d3f990a36c847452b71435c3fdc89,2026-09-19,1,2026-09-20,index_models-1,
https://www.onsemi.com/download/models/lib/bc846alt1g%20lib%20file.lib,,,downloaded,984,74f61d7cda875c7d860994b3e8f061656d1876c6f593d0aa5cd11727d1ca6e0b,2026-09-19,1,2026-09-20,index_models-1,
https://www.onsemi.com/download/models/lib/bc846awt1.lib,,,downloaded,971,bd2aa68a5ac29e4cb0d5b58f484cf51dd4c0100f747f036a366ce45814846d71,2026-09-19,1,2026-09-20,index_models-1,
https://www.onsemi.com/download/models/lib/bc846bdw1t1g_rev0.lib,,,downloaded,977,50f66a4848efcac55606e7f889189d9417e237bf4d0743ef3f3dcd0d4132dcef,2026-09-19,1,2026-09-20,index_models-1,
https://www.onsemi.com/download/models/lib/bc846blt1g_rev0.lib,,,downloaded,975,eec33e70cf3252f31175d13890ea0dae84a126f9e06cc86a92751c6e06220e5a,2026-09-19,1,2026-09-20,index_models-1,
https://www.onsemi.com/download/models/lib/bc846bm3t5g.lib.lib,,,downloaded,964,784cbd831cf1bacf5bdd10158bcb55ea5e731a54388ef8e9986bf01c61729f9f,2026-09-19,1,2026-09-20,index_models-1,
https://www.onsemi.com/download/models/lib/bc847bdw1t1.lib,,,downloaded,976,f7a6632f74f47eb6ea679cf5d0d94600051dba0a40ca51c8dc75ec1f1f699297,2026-09-19,1,2026-09-20,index_models-1,
https://www.onsemi.com/download/models/lib/bc847bpdw.lib,,,downloaded,2356,7cdbb62621b3ee0d5f7279a6b8fbe7ac72a99f2430858b15cb550ff7de8c7f41,2026-09-19,3,2026-09-20,index_models-1,
https://www.onsemi.com/download/models/lib/bc847bpdxv6t1.lib,,,downloaded,1693,0a43cbdeacbd17866aabe976d1f77f611e35059202543f868768c24be9aea55a,2026-09-19,3,2026-09-20,index_models-1,
https://www.onsemi.com/download/models/lib/bc847cdxv6t1.lib,,,downloaded,968,0f2add96f91ff98e50406fbb17eeff54764f3a1bf6d7b22e7073e0f4750b73e8,2026-09-19,1,2026-09-20,index_models-1,
https://www.onsemi.com/download/models/lib/bc847ctt1.lib,,,downloaded,965,2b06352f8a984dabfaa139258f37d0051617eaa7c3e60b819ca400faca62cf3f,2026-09-19,1,2026-09-20,index_models-1,
https://www.onsemi.com/download/models/lib/bc847cw.lib,,,downloaded,963,7d41b9421d932f8a8805e4f84331a7fdd6001dac142cd06bb6bcc1ff4a2508dd,2026-09-19,1,2026-09-20,index_models-1,
https://www.onsemi.com/download/models/lib/bc848cdxv6t1.rev0.lib,,,downloaded,968,9dc6a85f313bbfc9271269af47df9308880aa04eeff7e5fe06d199dc676a1a0a,2026-09-19,1,2026-09-20,index_models-1,
https://www.onsemi.com/download/models/lib/bc856alt1g%20lib.lib,,,downloaded,981,a29d2682a3117cdb94a20687165f507c8ae48cdc2faa07566fd84d448ff52e85,2026-09-19,1,2026-09-20,index_models-1,
https://www.onsemi.com/download/models/lib/bc856bdw1.lib,,,downloaded,1006,5ee16730dabb34ef1fc24174dd8c7771cc5c2127d7d627590727371e3c9d3d74,2026-09-19,1,2026-09-20,index_models-1,
https://www.onsemi.com/download/models/lib/bc857bdw1t1.lib,,,downloaded,985,d60c9b26f80dfca65e5925ff6fba7f1fe89c62f34a46258e1acd6f1bcb911cbb,2026-09-19,1,2026-09-20,index_models-1,
https://www.onsemi.com/download/models/lib/bc857btt1g%20(spice%20model).lib,,,downloaded,889,75d6fa23bde4daf3ef5725c7ac0418fa958c13d3a335b78f4c2dd2736175840e,2026-09-19,1,2026-09-20,index_models-1,
https://www.onsemi.com/download/models/lib/bc857bwt1.lib,,,downloaded,967,830de795bb4f11c1c3811ee1d6ca824fbca1c27b883128928778f359bb0796e0,2026-09-19,1,2026-09-20,index_models-1,
https://www.onsemi.com/download/models/lib/bc858cdxv6t1g_rev0.lib.lib,,,downloaded,967,28214c36d442bddd4235ba07eb76a6de1b1a3b4407317b90cc73809017479f84,2026-09-19,1,2026-09-20,index_models-1,
https://www.onsemi.com/download/models/lib/bc858clt1g_rev0.lib.lib,,,downloaded,964,df9d675c108444ff16b4f73dd6808574e1c5b7f166d16b18f88e5ac039a916f1,2026-09-19,1,2026-09-20,index_models-1,
https://www.onsemi.com/download/models/lib/bcp53-16.lib.lib,,,downloaded,974,e77924b9839770437bf539eb1a9caf776e0f01e87206f4dd6f94ff2648951f1b,2026-09-19,1,2026-09-20,index_models-1,
https://www.onsemi.com/download/models/lib/bcp53m_model.lib,,,downloaded,1379,c09690bb48fff251f4dc6eec70d9f9cab59a791052ef8609f1ebc242ffa9c0d4,2026-09-19,1,2026-09-20,index_models-1,
https://www.onsemi.com/download/models/lib/bcp56-10t1.lib,,,downloaded,953,4859523a0afd175197dff3fa40489096c6efc9d2e123bd7bcec4b89aec35674d,2026-09-19,1,2026-09-20,index_models-1,
https://www.onsemi.com/download/models/lib/bcp56-16t1g.lib,,,downloaded,957,7104afffa07cae0eb3c8592268a53af32f449e29dac9a8465bfe8f3239692aaf,2026-09-19,1,2026-09-20,index_models-1,
https://www.onsemi.com/download/models/lib/bcp56m10.lib,,,downloaded,1379,cce6a921d9bab5f0a6cc5e2838e837bb121666b3e4486cb1552f87291ed6bea2,2026-09-19,1,2026-09-20,index_models-1,
https://www.onsemi.com/download/models/lib/bcp56m16_model.lib,,,downloaded,1383,3ed0ec3b7e3a5d6e938ba252550aad4add8de13cd14ca4c96667acb7cffccaed,2026-09-19,1,2026-09-20,index_models-1,
https://www.onsemi.com/download/models/lib/bcp56m_model.lib,,,downloaded,1379,cce6a921d9bab5f0a6cc5e2838e837bb121666b3e4486cb1552f87291ed6bea2,2026-09-19,1,2026-09-20,index_models-1,
https://www.onsemi.com/download/models/lib/bcp68t1.rev0.lib,,,downloaded,998,f8daf119a6c87e9ac66a08a0148dfd7db56c583d90cc266b52d7c60690528537,2026-09-19,1,2026-09-20,index_models-1,
https://www.onsemi.com/download/models/lib/bcp69t1.lib,,,downloaded,979,3ddb7c2a27d4af854d72aa4d92be8c16e1434d10e28f2c7536b15d57d6116080,2026-09-19,1,2026-09-20,index_models-1,
https://www.onsemi.com/download/models/lib/bcv27.lib,,BCV27,downloaded,988,a9d706dcb94750c89121d8b06e82077fd1d7825c875c7d3dc65dfcdbf01fb072,2026-09-19,2,2026-09-20,index_models-1,
https://www.onsemi.com/download/models/lib/bcw30.lib,,,downloaded,1310,aee3e3be7ea568cc50585aea690d3c30f5f16f503f03a38cbd8e2c36f56c1fd4,2026-09-19,1,2026-09-20,index_models-1,
https://www.onsemi.com/download/models/lib/bcw66glt1g.lib.lib,,,downloaded,979,ea85bc90684e0906684203d2cdfc898eddbce3f4cb8b46996bdac3c087802dc9,2026-09-19,1,2026-09-20,index_models-1,
https://www.onsemi.com/download/models/lib/bcx17.lib,,,downloaded,937,cdc27329ce58249b9ad567b0e5226e623b951ac5deaf601ca8f6ef5d35563ee5,2026-09-19,1,2026-09-20,index_models-1,
https://www.onsemi.com/download/models/lib/bcx18.lib,,,downloaded,947,81e27f4952e0c0b5c31bf33a8dd9ec501a454c5b7742a562f5906d9d02aee7ba,2026-09-19,1,2026-09-20,index_models-1,
https://www.onsemi.com/download/models/lib/bd135.lib,,,downloaded,928,871195ac3519d797b30c62e52d11a1fa8bdc1dd01ecd744cf3c9f11f5d58ea13,2026-09-14,1,2026-09-20,index_models-1,
https://www.onsemi.com/download/models/lib/bd135_137_139.lib,,,downloaded,1092,cef548090e7b7b4e31dabcfb0a64cff550a432fd9644ff77235354edd247fcd0,2026-09-19,1,2026-09-20,index_models-1,
https://www.onsemi.com/download/models/lib/bd136.lib,,,downloaded,906,e6894c04173e6b713e077b4e81f5bbebeebd8b59d60810f23dcf3950d6779ac8,2026-09-14,1,2026-09-20,index_models-1,
https://www.onsemi.com/download/models/lib/bd136_138_140.lib,,,downloaded,1096,e481e1736c511fd1f3d7546dae796692beb83a166bf2c561a5fc2e095fca4430,2026-09-19,1,2026-09-20,index_models-1,
https://www.onsemi.com/download/models/lib/bd137.lib,,,downloaded,928,b8b80ca74667e675bf928e72a76337c10166d8744107419f5c6a6574abdce040,2026-09-19,1,2026-09-20,index_models-1,
https://www.onsemi.com/download/models/lib/bd138.lib,,,downloaded,906,52adda2026b24e6a3d00b039d3b1a3dcc3b793d4ef511dd412aab9db38d6565e,2026-09-19,1,2026-09-20,index_models-1,
https://www.onsemi.com/download/models/lib/bd139.lib,,,downloaded,928,8e3e61606fb6b646f8d7d2ccdd64e92da8d1b78872d3b5adb34bbf28d1b12a26,2026-09-14,1,2026-09-20,index_models-1,
https://www.onsemi.com/download/models/lib/bd140.lib,,,downloaded,906,1af06a7d6b0ebb273d2decec83e68152a2759b8f3a42c6dc3c931d95ebcc9be3,2026-09-14,1,2026-09-20,index_models-1,
https://www.onsemi.com/download/models/lib/bd159.lib,,,downloaded,926,6f254e88388586b263c0960fe034009eae4fcd1c642692e15cbb65649e3fd724,2026-09-19,1,2026-09-20,index_models-1,
https://www.onsemi.com/download/models/lib/bd179.lib,,,downloaded,978,e7496ed9e982c3267abdf585a90b6645931e8ff8fbc619f2aac9765ed020971c,2026-09-14,1,2026-09-20,index_models-1,
https://www.onsemi.com/download/models/lib/bd180.lib,,,downloaded,982,f8ca149bd0eff619f8f68d060e0ebb7dd7b471740e0259b14a5bdc9b6eb24802,2026-09-14,1,2026-09-20,index_models-1,
https://www.onsemi.com/download/models/lib/bd234.lib,,,downloaded,986,b1bd284fd68386cabf6a38a6e8e74ace70e42c694ea964e6755f0e7196cfeda1,2026-09-19,1,2026-09-20,index_models-1,
https://www.onsemi.com/download/models/lib/bd237.lib,,BD237,downloaded,972,545ba19d2ff1a6d9e989899c63af53a1e1dea091b5de27b350436b2c6ae818aa,2026-09-14,1,2026-09-20,index_models-1,
https://www.onsemi.com/download/models/lib/bd241c.lib,,,downloaded,961,700e08027043df3ef9847ca94e35b9eea32a125f90827ac162e5feb8d5cb3f99,2026-09-19,1,2026-09-20,index_models-1,
https://www.onsemi.com/download/models/lib/bd242b.lib,,,downloaded,951,f0962667ea502e0e47aaca92543953ff2b79fc2426e7004ba0f708eb95b56bdc,2026-09-19,1,2026-09-20,index_models-1,
https://www.onsemi.com/download/models/lib/bd242c.lib,,,downloaded,953,32e42d3bc8043da526c160f4b2b07514fecfd529cf645f0c3c2940bcc47ed803,2026-09-19,1,2026-09-20,index_models-1,
https://www.onsemi.com/download/models/lib/bd243b.lib,,,downloaded,970,1d30eb8e1285f23ed5722a1d58d3a773f57e8c56fc23e103abd2ae87df5912a6,2026-09-19,1,2026-09-20,index_models-1,
https://www.onsemi.com/download/models/lib/bd243c.lib,,,downloaded,954,1dece8375e14c7a29c1b32a75e9534c0a7949d994d83648038f6c351162f6704,2026-09-19,1,2026-09-20,index_models-1,
https://www.onsemi.com/download/models/lib/bd244.lib,,,downloaded,1274,e77a186e3b2892dc1c922b7a40d139f82a5c1db8b646b8e8dd6537c3bc614f8f,2026-09-19,1,2026-09-20,index_models-1,
https://www.onsemi.com/download/models/lib/bd244b.lib,,,downloaded,956,aefa1ddabee1cbee04c122b2bcd2abdc2a46ee3846c36e1c82d371efe3f88de0,2026-09-19,1,2026-09-20,index_models-1,
https://www.onsemi.com/download/models/lib/bd244c.lib,,,downloaded,956,76e33ac6b5d4a03bd80b53cc8120dd802de5e7d9e501cc70cf53f07de39742f0,2026-09-19,1,2026-09-20,index_models-1,
https://www.onsemi.com/download/models/lib/bd436.lib,,,downloaded,983,cd97c4acfa99a5033e47e535848b77f0eaa205137217dc87144fd68d8db6658c,2026-09-19,1,2026-09-20,index_models-1,
https://www.onsemi.com/download/models/lib/bd436t.lib,,,downloaded,991,c2623e42d7a44e28ab27e5cf54cd67ccd2fed067c4bdebbf95cd8117d9c78f94,2026-09-19,1,2026-09-20,index_models-1,
https://www.onsemi.com/download/models/lib/bd437.lib,,,downloaded,972,725e71112e45e8ed724c8ef2ac12c53498e94fa8303f06ff422eb54e94f0e881,2026-09-14,1,2026-09-20,index_models-1,
https://www.onsemi.com/download/models/lib/bd437t.lib,,,downloaded,961,c319a289a74e1f915d628a61b16a1c5a96e7042be551489b12bd0e287c4f97ac,2026-09-19,1,2026-09-20,index_models-1,
https://www.onsemi.com/download/models/lib/bd438.lib,,,downloaded,986,614b5b4bcb0f602909b9e89afdb868f76661637de7f70f68233eaa93e0522544,2026-09-14,1,2026-09-20,index_models-1,
https://www.onsemi.com/download/models/lib/bd439.lib,,,downloaded,969,9570dcd29effedafa27705c332768d8e02003245d83c88113d4ded8cda836883,2026-09-19,1,2026-09-20,index_models-1,
https://www.onsemi.com/download/models/lib/bd440.lib,,,downloaded,988,b82a8dc285061f3cc8341e2ba89860497f13053e5d67e39d8315672badf658bb,2026-09-19,1,2026-09-20,index_models-1,
https://www.onsemi.com/download/models/lib/bd441.lib,,,downloaded,969,89e0d0e26ca3c2a7d877b2d651f2ad0e3dac2b866fc2efa7aa57c19f619d7657,2026-09-19,1,2026-09-20,index_models-1,
https://www.onsemi.com/download/models/lib/bd442.lib,,,downloaded,988,b99e8f740d23c13577508fc63628ad308b745dbb340baffdd1c7934baf475e5d,2026-09-19,1,2026-09-20,index_models-1,
https://www.onsemi.com/download/models/lib/bd675.lib,,,downloaded,1684,1bacbe0e95592869f88331c49f4ebfe7edc7e3770eed320930aa67e71ea2f102,2026-09-14,4,2026-09-20,index_models-1,
https://www.onsemi.com/download/models/lib/bd675a.lib,,,downloaded,1685,8b7303d0a9df9d24297d6c2ad46dbe7f9b2d11088d2ab984149617e3d559afcb,2026-09-19,4,2026-09-20,index_models-1,
https://www.onsemi.com/download/models/lib/bd676.lib,,,downloaded,1678,7ddd2fb82b4917dad6271ef10611f16ccea1bd169e4ab61262c3bdaf95bc9343,2026-09-14,4,2026-09-20,index_models-1,
https://www.onsemi.com/download/models/lib/bd676a.lib,,,downloaded,1679,9349a66a474f863c5dd1afa17bdd38b537f85ee864272028993c84275074a46e,2026-09-19,4,2026-09-20,index_models-1,
https://www.onsemi.com/download/models/lib/bd676g.lib,,,downloaded,1679,2b597c5d6535b387a8d04d02b2c6434c1f4a0c2932e8ecf450ca4598f354484a,2026-09-19,4,2026-09-20,index_models-1,
https://www.onsemi.com/download/models/lib/bd677.lib,,,downloaded,1684,8adb19071d491515d38c778155df8fbee4ba3dcddcb575eaa6aa11d4e77911d5,2026-09-14,4,2026-09-20,index_models-1,
https://www.onsemi.com/download/models/lib/bd677a.lib,,,downloaded,1685,c3179a3ba6065c21c4dada1a3e0ed855d656bd31134ec234f7502c39e8935011,2026-09-19,4,2026-09-20,index_models-1,
https://www.onsemi.com/download/models/lib/bd678.lib,,,downloaded,1678,09ced355701e11de9d8b96c040c62f2d520f8777d855ce265e2eff9f312d0204,2026-09-14,4,2026-09-20,index_models-1,
https://www.onsemi.com/download/models/lib/bd678a.lib,,,downloaded,1679,67371b4899d399125e3a2b526fd6051f31d50b46481225fd59a9341ef2e60b49,2026-09-19,4,2026-09-20,index_models-1,
https://www.onsemi.com/download/models/lib/bd679.lib,,,downloaded,1684,51d22070684ac43b544a6754e0ebd85ba9e279fc0ac297947f942e2f909b3b62,2026-09-14,4,2026-09-20,index_models-1,
https://www.onsemi.com/download/models/lib/bd679a.lib,,,downloaded,1685,f52db490c935c94c9a007e2de6d4e62b32d23d61917a84c89781bf4e548b6066,2026-09-19,4,2026-09-20,index_models-1,
https://www.onsemi.com/download/models/lib/bd680.lib,,,downloaded,1678,d41de0b43ef50e672dec60ffa1c67cfecbc7998686e6043d5b3f5006963776fd,2026-09-14,4,2026-09-20,index_models-1,
https://www.onsemi.com/download/models/lib/bd680a.lib,,,downloaded,1679,1311b34c3380e586857d226c322cea769c2eec1396a55f007464c7dc516d026f,2026-09-19,4,2026-09-20,index_models-1,
https://www.onsemi.com/download/models/lib/bd681.lib,,,downloaded,1684,d6d5d8f3f197436f68f1612b5b90326833282c54e89ac2c4a4df6b44c0d5a1f3,2026-09-19,4,2026-09-20,index_models-1,
https://www.onsemi.com/download/models/lib/bd682.lib,,,downloaded,1678,539c6b4b7cff1ac7f90dab6f0e3942113d7c2d511476fbc40fda8f09107d2666,2026-09-19,4,2026-09-20,index_models-1,
https://www.onsemi.com/download/models/lib/bd682t.lib,,,downloaded,1679,2d987c7fe60a8d20d1ab233430f152d340bd6beb25f8bdb3c00d795daf1a8c78,2026-09-19,4,2026-09-20,index_models-1,
https://www.onsemi.com/download/models/lib/bd787.lib,,,downloaded,970,f83b96e2ab39dc462cfb84713c938e75661868a6c7899e2dc0d83dbcd1525409,2026-09-19,1,2026-09-20,index_models-1,
https://www.onsemi.com/download/models/lib/bd788.lib,,,downloaded,973,f54de7497693e7e0593a7e07a45a4bea90b2354bd5ecb8c6c100b92571128b3c,2026-09-19,1,2026-09-20,index_models-1,
https://www.onsemi.com/download/models/lib/bd809.lib,,,downloaded,965,3d92be25356810d5d682ce811576f95327c07586171c63cfe8ae503f5135f9d5,2026-09-19,1,2026-09-20,index_models-1,
https://www.onsemi.com/download/models/lib/bd810.lib,,,downloaded,959,0cd3d4a650573ee2974ce69edc3881bcad9dfc5d2155d46cc774465a367179ad,2026-09-19,1,2026-09-20,index_models-1,
https://www.onsemi.com/download/models/lib/bdv64b.lib,,,downloaded,929,0f8210cee9e3d4007bb0d8533f57554acbf3c4476e080ccca9685e9bbe13428a,2026-09-19,1,2026-09-20,index_models-1,
https://www.onsemi.com/download/models/lib/bdv65b.lib,,,downloaded,913,5cabdd0fecb7b2b6c74ede99c60f2f21c139ccd677a54820074607d43f756ea7,2026-09-19,1,2026-09-20,index_models-1,
https://www.onsemi.com/download/models/lib/bdw42.lib,,,downloaded,1737,12121729eecec7a298422cc88bdd1802d6ea83ed1e3796faf58bf8f511dad306,2026-09-19,4,2026-09-20,index_models-1,
https://www.onsemi.com/download/models/lib/bdw46.lib,,,downloaded,1736,11afd7774106e9f4fb89908ef584688c7fb622bb7bcaa4fd54abfcc5b1c4a4e6,2026-09-19,4,2026-09-20,index_models-1,
https://www.onsemi.com/download/models/lib/bdw47.lib,,,downloaded,1736,09f132842504ed32ef92e68a8b6ef3da1d7ac0f3a8f23ee0aadaa91b944c260c,2026-09-19,4,2026-09-20,index_models-1,
https://www.onsemi.com/download/models/lib/bdw93c.lib,,,downloaded,2342,d7d22d8f5a4fa188d68f9a451234dccc8fe8753d5f4ba4b3d21f56a9902abc8b,2026-09-19,4,2026-09-20,index_models-1,
https://www.onsemi.com/download/models/lib/bdw94c.lib,,,downloaded,2207,eb5de82b3432ce97a594f034f767423134f8e668de00c84d1c6c9745f56f09fd,2026-09-19,4,2026-09-20,index_models-1,
https://www.onsemi.com/download/models/lib/bdx33b.lib,,,downloaded,1745,c570a4602e740adaa097fe67b3c49e1cbf13efc9c716964de8143d48e5a32e02,2026-09-19,4,2026-09-20,index_models-1,
https://www.onsemi.com/download/models/lib/bdx33c.lib,,,downloaded,1747,1e2d744c8836d0fc1ade67d54f8ebc65c591bdd06617ea5b562d90e30382270c,2026-09-19,4,2026-09-20,index_models-1,
https://www.onsemi.com/download/models/lib/bdx34b.lib,,,downloaded,1745,be77424898e85ec78204f924d7a94497a3f21e65474c1592448ec77d0980086a,2026-09-19,4,2026-09-20,index_models-1,
https://www.onsemi.com/download/models/lib/bdx34c.lib,,,downloaded,1745,2dd2ea903e8d3081f26556f359bc72100e4d21aabc126a606f0fc407d3f564cd,2026-09-19,4,2026-09-20,index_models-1,
https://www.onsemi.com/download/models/lib/bdx53b.lib,,,downloaded,1699,bdc63604944664317b5c9f5069947d947f842a727c636f57e768be46a0a36fc9,2026-09-19,4,2026-09-20,index_models-1,
https://www.onsemi.com/download/models/lib/bdx53c.lib,,,downloaded,1705,265569d1f643a094a140ca2333a4bfeafea8cbb3f9d734c1475714733c795f46,2026-09-14,4,2026-09-20,index_models-1,
https://www.onsemi.com/download/models/lib/bdx54b.lib,,,downloaded,1689,d96ab526d91142cd514ef6a281dd85a4474f02deaf03e438c43da0f6a976f0dc,2026-09-19,4,2026-09-20,index_models-1,
https://www.onsemi.com/download/models/lib/bdx54c.lib,,,downloaded,1699,35855411633bdbe299a0b5f5b4611e3bea38fd80c9a680eef6f35555be876f61,2026-09-14,4,2026-09-20,index_models-1,
https://www.onsemi.com/download/models/lib/bfr31lt1.rev0.lib,,,downloaded,686,67bbc263a31368c699778880e904be9439e1c8ffc0930e0ea0f29099da9a651d,2026-09-19,1,2026-09-20,index_models-1,
https://www.onsemi.com/download/models/lib/bsp16t1.lib,,,downloaded,978,81d7a5cd398fc1a5f72856b4f3b428a0bf1021cd1c14d65125d1e93913f510c4,2026-09-19,1,2026-09-20,index_models-1,
https://www.onsemi.com/download/models/lib/bsp16t1g.lib,,,downloaded,978,81d7a5cd398fc1a5f72856b4f3b428a0bf1021cd1c14d65125d1e93913f510c4,2026-09-19,1,2026-09-20,index_models-1,
https://www.onsemi.com/download/models/lib/bsp19at1.lib,,,downloaded,970,28f3979039bc06cd0568320c4b937b259df54759a4a7ec99a9909952317cbf19,2026-09-19,1,2026-09-20,index_models-1,
https://www.onsemi.com/download/models/lib/bsp52_lib.lib,,,downloaded,1791,69eb0e1816541a4f7a8637e8558bf0e74be0dda6b026069a7397500d8cd7a6d8,2026-09-19,4,2026-09-20,index_models-1,
https://www.onsemi.com/download/models/lib/bss123(spice%20model).lib,,,downloaded,1950,0d0ab09ac8e3e8acef9fac51861676ccfdbc005382ccea828bec2ea2b16278ea,2026-09-19,8,2026-09-20,index_models-1,
https://www.onsemi.com/download/models/lib/bss123lt1g%20(pspice%20model).lib,,,downloaded,1743,62b69fdff16b9c018216decd7ff535cbe72d3324a76496a1133211b09af0b85c,2026-09-19,9,2026-09-20,index_models-1,
https://www.onsemi.com/download/models/lib/bss138.lib,,,downloaded,2085,3430c14c9103823af088aeb7682aa4d618816213bab7dbfcf5f2680fa8eb23c7,2026-09-14,13,2026-09-20,index_models-1,
https://www.onsemi.com/download/models/lib/bss138lt1.lib,,,downloaded,1749,d4ff91e7a7f0c6f6db05729537eec4aa2c24d1ddd9707c9c08ca1ddae3e16c6d,2026-09-19,6,2026-09-20,index_models-1,
https://www.onsemi.com/download/models/lib/bss138w.lib,,,downloaded,1558,547ad671460c828a56ad1014a9b220d562b986509b570d26158e81cf02a48fe1,2026-09-19,6,2026-09-20,index_models-1,
https://www.onsemi.com/download/models/lib/bu323z.lib,,,downloaded,1746,f73b044e58e7eccf070db0beeb8efaaa3de5d12eed063b854078051b3dccf16e,2026-09-19,4,2026-09-20,index_models-1,
https://www.onsemi.com/download/models/lib/bu406.lib,,,downloaded,981,34d8411dfcd13c4b2d1d4b077a4190c1a24d6bd8b37b8015d76de96f38bc6a14,2026-09-19,1,2026-09-20,index_models-1,
https://www.onsemi.com/download/models/lib/bu407.lib,,,downloaded,975,93e7f02b1c905d2eead70b760b7fb6133b50a40323d3c344781b279a4dbc33c0,2026-09-19,1,2026-09-20,index_models-1,
https://www.onsemi.com/download/models/lib/bub323z.lib,,,downloaded,1534,d228bb4a609cdbd1ed073eaf3f6c1db8f7994275503cfa47eb87d4c7557c6ee3,2026-09-19,4,2026-09-20,index_models-1,
https://www.onsemi.com/download/models/lib/bub323zt4.lib,,,downloaded,1536,8cae7b54b462a42636161e8fbc2bb02a240e63b3c8a194faf7dc1c96322240ca,2026-09-19,4,2026-09-20,index_models-1,
https://www.onsemi.com/download/models/lib/bud42d-001.lib,,,downloaded,947,f8563d52d97d24cb97bfbd6d9d0d8dfda4798a79208d4b0790d110b5151b4fe1,2026-09-19,1,2026-09-20,index_models-1,
https://www.onsemi.com/download/models/lib/bud42d.lib,,,downloaded,943,ec126d300909b7ed5876182f5de61107955836cf83f9fc41dff51cecff834966,2026-09-19,1,2026-09-20,index_models-1,
https://www.onsemi.com/download/models/lib/buh100.lib,,,downloaded,941,6f62fa79a5e5c6fde9f1830789dc702097fddac59ff494f573c900242a591dc5,2026-09-19,1,2026-09-20,index_models-1,
https://www.onsemi.com/download/models/lib/buh150.lib,,,downloaded,978,c172bc4f29bc61253bf7d5b3caefaf71df21a1cacde0bfc658bc37719d1b50ac,2026-09-19,1,2026-09-20,index_models-1,
https://www.onsemi.com/download/models/lib/buh50.lib,,,downloaded,975,11efcf6f6607ede1ce26a2e9ffdc96db4c7ed1db8b89cd251a9a378004e2129f,2026-09-19,1,2026-09-20,index_models-1,
https://www.onsemi.com/download/models/lib/buh51.rev0.lib,,,downloaded,980,afc089945f9c4be85da683d0cfd65cd1aae05cbe5918eb8c468ed9e911dde846,2026-09-19,1,2026-09-20,index_models-1,
https://www.onsemi.com/download/models/lib/bul146.lib,,,downloaded,988,34cb5e975a9ef91e5b3f319aec405e8e9b67e78f4e731c0a2f9e52ba6f91eccd,2026-09-19,1,2026-09-20,index_models-1,
https://www.onsemi.com/download/models/lib/bul146f.lib,,,downloaded,989,fe0881d4045cbdf1b4ee0347701c9283108633ce7b0cc43731728339a80069b3,2026-09-19,1,2026-09-20,index_models-1,
https://www.onsemi.com/download/models/lib/bul44.lib,,,downloaded,968,f824a89a8a69c2f0a767c12ba45e6fcc73f77e29fa1826bd38aa616a6dcbbd3e,2026-09-19,1,2026-09-20,index_models-1,
https://www.onsemi.com/download/models/lib/bul45.lib,,,downloaded,954,40dfa5edfb6c97ab448889d768efc3f6e2b6a634dbcc184ae074d3f71bc00822,2026-09-19,1,2026-09-20,index_models-1,
https://www.onsemi.com/download/models/lib/bul45d2.lib,,,downloaded,977,535fb60fcd2ce90f6a587fabd032a7c1e4e1eae0e27cdd592a91035a5a5354f9,2026-09-19,1,2026-09-20,index_models-1,
https://www.onsemi.com/download/models/lib/buv21.lib,,,downloaded,961,15ffe1f2f333cb5667f96c88d13dfab263657e40c0f664e2296e4db8d22bd5ce,2026-09-19,1,2026-09-20,index_models-1,
https://www.onsemi.com/download/models/lib/buv22.lib,,,downloaded,969,15814460b06d1daddce7c20d55b4ad51759ce4989b9d65cfaa2762196ced3e10,2026-09-19,1,2026-09-20,index_models-1,
https://www.onsemi.com/download/models/lib/buv26.lib,,,downloaded,968,20fdc7b147cae6f088810f4148f06633141a206d78f2a340414c9cd18e0eed39,2026-09-19,1,2026-09-20,index_models-1,
https://www.onsemi.com/download/models/lib/bux85.lib,,,downloaded,968,62577ddde8c14555514d51010746e64a293443cf3ffae67068c0a56c5ef1f2fb,2026-09-19,1,2026-09-20,index_models-1,
https://www.onsemi.com/download/models/lib/bvss123lt1g.lib,,,downloaded,3235,36a9830e8a338e614746a08027f5c6ac08d14eb512d09ce12f2c22f35c24011f,2026-09-19,18,2026-09-20,index_models-1,
https://www.onsemi.com/download/models/lib/bvss84l.lib,,,downloaded,2587,bdcf2ab49d1557aa99ac6eddab24263c7ffc4804a07708592dd5121bc36cb185,2026-09-19,17,2026-09-20,index_models-1,
https://www.onsemi.com/download/models/lib/byv32-200.lib,,,downloaded,674,1084d67c4c13c725007e10a8e7fade7d85008541dac9c56104fe2cbba1ce2722,2026-09-19,1,2026-09-20,index_models-1,
https://www.onsemi.com/download/models/lib/byw29-200.lib,,,downloaded,663,c293c1bc6e3764f4a9b9b90bee5711fed633505f66688666c230b17e07348f18,2026-09-19,1,2026-09-20,index_models-1,
https://www.onsemi.com/download/models/lib/byw51-200.lib,,,downloaded,675,d32d7c12407ad65a46a5615863adceacf930f3c634881fee0edbee04fe391a09,2026-09-19,1,2026-09-20,index_models-1,
https://www.onsemi.com/download/models/lib/byw80-200.lib,,,downloaded,666,a15adc06c3eadb428cf3ecef3f69ec9cb74178a83ba23230883ec563d771c954,2026-09-19,1,2026-09-20,index_models-1,
https://www.onsemi.com/download/models/lib/bzx84%20(spice%20model).lib,,,downloaded,43000,ea1439e667d657a8b9f9b7b86feb4f3d2d100a1b7b61bf212d64ecc8a8f88f95,2026-09-19,324,2026-09-20,index_models-1,
https://www.onsemi.com/download/models/lib/bzx84b16lt1.lib,,,downloaded,1187,4abcf97f02899295dd77af81592f31d97c10d399ad334261fc47024ea13d5efb,2026-09-19,6,2026-09-20,index_models-1,
https://www.onsemi.com/download/models/lib/bzx84b5v1l.lib.lib,,,downloaded,1181,0d9504ec7eee1d78f7bae7a0237a97d4e70baefdd4a75fce08e440899d1172fe,2026-09-19,6,2026-09-20,index_models-1,
https://www.onsemi.com/download/models/lib/bzx84b5v1lt1.lib,,,downloaded,1187,98198c176486d6fe9416c9009de04bc74e43f59be16820ebca7169cc7acdb7fd,2026-09-19,6,2026-09-20,index_models-1,
https://www.onsemi.com/download/models/lib/bzx84b5v6lt1.lib,,,downloaded,1167,034c2fc5194f5d22201c634d241fee23a6d093ec6b0149e9d90c17148a667999,2026-09-19,6,2026-09-20,index_models-1,
https://www.onsemi.com/download/models/lib/bzx84b6v2lt1.lib,,,downloaded,1168,bb8fbfd4b47e2e275fda3358ef9d8cc1091a31df8dc6e52ad073029e70546efc,2026-09-19,6,2026-09-20,index_models-1,
https://www.onsemi.com/download/models/lib/bzx84b6v8lt1.lib,,,downloaded,1178,b1a8b5d75907eded38fdcf5a179bce2227b74120b32df556bc51baf94d1e396a,2026-09-19,6,2026-09-20,index_models-1,
https://www.onsemi.com/download/models/lib/bzx84b7v5.lib,,,downloaded,1176,830c438c411c10d4b7e86cf582ffa2a4dbb022e0c903acb9623ced739424a0ad,2026-09-19,6,2026-09-20,index_models-1,
https://www.onsemi.com/download/models/lib/bzx84b7v5lt1.lib,,,downloaded,1183,b7cedd75338fa5b7b61375a8b6f2ac7785953140508884166a0a31b8f0c44399,2026-09-19,6,2026-09-20,index_models-1,
https://www.onsemi.com/download/models/lib/bzx84b8v2lt1.lib,,,downloaded,1191,03906c335282fec5ddc9e4243827e02048cf266282cc6811a79803c94699fe52,2026-09-19,6,2026-09-20,index_models-1,
https://www.onsemi.com/download/models/lib/bzx84b9v1lt1.lib,,,downloaded,1195,aecca4680086d9817ea70f115172f1e7961f40a98cde36e098202cd81aba6de5,2026-09-19,6,2026-09-20,index_models-1,
https://www.onsemi.com/download/models/lib/bzx84c12lt1g.lib,,,downloaded,1196,508cb42609d79a6ea27c2ae9a61821695b1d120a27875d65cb073729f12c1e81,2026-09-19,6,2026-09-20,index_models-1,
https://www.onsemi.com/download/models/lib/bzx84c15.lib,,,downloaded,490,d925601ace660061518cd38a5b7efc1c187833f1ad3fb759908c3c6729c7a914,2026-09-14,3,2026-09-20,index_models-1,
https://www.onsemi.com/download/models/lib/bzx84c15lt1.lib,,,downloaded,1188,a5d819826f2b9754be8b5c646059b62fe03a9b7c9991049fbb362437ae810dc9,2026-09-19,6,2026-09-20,index_models-1,
https://www.onsemi.com/download/models/lib/bzx84c18.lib,,,downloaded,542,74fedbf6e24e94675b5477f393c124bd83768a50402957bf7f452883b63969e7,2026-09-19,1,2026-09-20,index_models-1,
https://www.onsemi.com/download/models/lib/bzx84c24lt1g.lib,,,downloaded,1201,d5a3a05bd57b5c5a67a6ccfb7259a52a2bd1d73d4869d54ec45718cc20de654b,2026-09-19,6,2026-09-20,index_models-1,
https://www.onsemi.com/download/models/lib/bzx84c36lt1g.lib,,,downloaded,1201,dad35335f187346e8eb9fea9b6d8bf61fd6f75e8072a6babdd8c103bfe9a0cc4,2026-09-19,6,2026-09-20,index_models-1,
https://www.onsemi.com/download/models/lib/bzx84c3v0l.lib,,,downloaded,1192,e1292f35999ea428afb942f5139bb867e27ad986051c16acc2ea273d999e9790,2026-09-19,6,2026-09-20,index_models-1,
https://www.onsemi.com/download/models/lib/bzx84c4v7.lib,,,downloaded,1176,4fe7f4b4ae7b73745cbd27bd32ac3622b9f934cfe127f6d0f331eec5e9b2736b,2026-09-19,6,2026-09-20,index_models-1,
https://www.onsemi.com/download/models/lib/bzx84c4v7l.lib,,,downloaded,1196,7519a2380a7617bb71e78c7a56834162c1124831d000d82e50a1c08c3ca67b2b,2026-09-19,6,2026-09-20,index_models-1,
https://www.onsemi.com/download/models/lib/bzx84c5v1l.lib.lib,,,downloaded,1181,5303f8ddf207bf8b360e3d127d256860661b3d0cf0b294d2849153c20798de92,2026-09-19,6,2026-09-20,index_models-1,
https://www.onsemi.com/download/models/lib/bzx84c5v6et1g.lib,,,downloaded,1194,2b376076082565d4cd5473b0c27a859ea66e0f235bf3af897187b5e5ea6e1387,2026-09-19,6,2026-09-20,index_models-1,
https://www.onsemi.com/download/models/lib/bzx84c5v6lt1.lib,,,downloaded,1179,ea384a1e44090bdd4253634b0fd4ae2a1dff7d5ea4de34c17c4a04eaff2eb6f5,2026-09-19,6,2026-09-20,index_models-1,
https://www.onsemi.com/download/models/lib/bzx84c75lt1g.lib,,,downloaded,1212,503c5ff5f459779950ef2f28585e32f16928c413ab382b72ade600ca66c78dd5,2026-09-19,6,2026-09-20,index_models-1,
https://www.onsemi.com/download/models/lib/bzx84c7v5.lib,,,downloaded,1205,446c97442499c402c3689b843b15bc5423f4bbfca115c7c6ca67fdf0d1633dd0,2026-09-19,6,2026-09-20,index_models-1,
https://www.onsemi.com/download/models/lib/cm1213a-02sr.lib,,,downloaded,1354,c7f6f470cbd086fcd12c846ac273164cf9068fbdf61e67e8a26c215749b78611,2026-09-19,7,2026-09-20,index_models-1,
https://www.onsemi.com/download/models/lib/cm1624.lib,,,downloaded,4150,3da81dee15444f98dd96332850f8af1e06f70664c6a1911d79baf009c3ec6278,2026-09-19,2,2026-09-20,index_models-1,
https://www.onsemi.com/download/models/lib/cm2030_tmds_pspice.lib,,,downloaded,3265,f2e267974ae57975b32cdf494e315d6081f003145bc8c732cc2b4fe5078ab90b,2026-09-19,4,2026-09-20,index_models-1,
https://www.onsemi.com/download/models/lib/cph3216%20(spice%20model).lib,,,downloaded,754,e5963be71308d8f3e826d1bb1ccd75087dafdcb0d6afbe67d31d6a595a474711,2026-09-19,1,2026-09-20,index_models-1,
https://www.onsemi.com/download/models/lib/cs51411.lib,,,downloaded,4269,0adc349490d57f182baddb9ef2a69a3ac6ed0ac621a97057b2ed1a9b30f61352,2026-09-19,9,2026-09-20,index_models-1,
https://www.onsemi.com/download/models/lib/d44c12.lib,,,downloaded,984,31b56d326faa067d11e4f17102f86e2bdb75e457003d97d8d7951daa16ad8ced,2026-09-19,1,2026-09-20,index_models-1,
https://www.onsemi.com/download/models/lib/d44h11.lib,,,downloaded,966,2b81959f6e18be2ed4c9ba2b0150a5ecdac6a85e06b98cb9cd859a382eae9ede,2026-09-14,1,2026-09-20,index_models-1,
https://www.onsemi.com/download/models/lib/d44h8.lib,,,downloaded,965,d4daa8c616c492a3078ad8d1980d1603e373ee4ec9a570d246a157a05ea4ade1,2026-09-14,1,2026-09-20,index_models-1,
https://www.onsemi.com/download/models/lib/d44vh10.lib,,,downloaded,980,e9c272e6592a552a5b062ae446219e66c4f9ec748e55fe35ba2f9b7597384ec6,2026-09-19,1,2026-09-20,index_models-1,
https://www.onsemi.com/download/models/lib/d45c12.lib,,,downloaded,984,b8158b473e3df35d33a2e9f2af53bd9d3c1dde601293905707de9ab73c2fc74e,2026-09-19,1,2026-09-20,index_models-1,
https://www.onsemi.com/download/models/lib/d45h11.lib,,,downloaded,997,9c4c4bba6e27355775961e9e06c80e0f35556a1c9df19b727960be2adaa3cf92,2026-09-14,1,2026-09-20,index_models-1,
https://www.onsemi.com/download/models/lib/d45h8.lib,,,downloaded,995,d8d739442daf47280d2f64a8a7beb340051c659cad69e55deec3f21b626a94bc,2026-09-14,1,2026-09-20,index_models-1,
https://www.onsemi.com/download/models/lib/d45vh10.lib,,,downloaded,967,6fa1a133937ad24515c2c4571db149e246bdbb67c6012c9b6715087975c89bfd,2026-09-19,1,2026-09-20,index_models-1,
https://www.onsemi.com/download/models/lib/dan222m3t5g.lib,,,downloaded,667,5bcde66a6edda2e110788605ecb87b2539ab3a3eb73d7f50c9f74fe43e50c38c,2026-09-19,1,2026-09-20,index_models-1,
https://www.onsemi.com/download/models/lib/dap222m3t5g.lib,,,downloaded,674,8ff0241ebfa90d1bac207c5904cd4462eaa06e90adeb369dfb9eaa2a0b15e056,2026-09-19,1,2026-09-20,index_models-1,
https://www.onsemi.com/download/models/lib/df10s2.lib,,,downloaded,852,bdd1055c03ec8e004f6dbc5b4f9cf26d04a744fca64de09873e5365c3478d67d,2026-09-19,2,2026-09-20,index_models-1,
https://www.onsemi.com/download/models/lib/df3a6v8fut1.lib,,,downloaded,1052,30af0f1ad1f67c20d33d1b3550cf79797eab1ab18fd7a4516fc9393cd9e22146,2026-09-19,6,2026-09-20,index_models-1,
https://www.onsemi.com/download/models/lib/dta113ee.lib,,,downloaded,1047,6eeda6f73a8554fa013cc8e97f9ba08b396cf80e8456a48b190cc1410e2c4d06,2026-09-19,2,2026-09-20,index_models-1,
https://www.onsemi.com/download/models/lib/dta113em3.lib,,,downloaded,1048,503bc9cfdf1429f01d3e4f5503e975f524ad24e562a80312e5bac6abeca409a6,2026-09-19,2,2026-09-20,index_models-1,
https://www.onsemi.com/download/models/lib/dta114eet1.lib,,,downloaded,1058,480b8f4a3e168aa3b79112281cd0300099b92218ca288bb9d7f9bd6711b1722d,2026-09-19,2,2026-09-20,index_models-1,
https://www.onsemi.com/download/models/lib/dta114em3.lib,,,downloaded,1068,7884b9e1d08d2cbc68d6d51b0a6d7bc388a97609d17230f4e4afc81a7eb4a56f,2026-09-19,2,2026-09-20,index_models-1,
https://www.onsemi.com/download/models/lib/dta114erlra.lib,,,downloaded,1059,a87865dc207d1092f4562956f070023c7173d3dd42da3d91c0c2cfd4c9f9d608,2026-09-19,2,2026-09-20,index_models-1,
https://www.onsemi.com/download/models/lib/dta114tet1.lib,,,downloaded,1055,be44fb9b27fca7b1d9734ef5981b5ccf2afcc1313e95ba732866355fcd9bbce9,2026-09-19,2,2026-09-20,index_models-1,
https://www.onsemi.com/download/models/lib/dta114tm3.lib,,,downloaded,1054,511fe041c24a1fd8c14916f6bd2c0d551369e56f7479d1be7f95f3647516a425,2026-09-19,2,2026-09-20,index_models-1,
https://www.onsemi.com/download/models/lib/dta114trlra.lib,,,downloaded,1058,50421f0a2f5ace6c41b1230436898613a088d0c9fbc1c38570b7956dd3906323,2026-09-19,2,2026-09-20,index_models-1,
https://www.onsemi.com/download/models/lib/dta114yet1.lib,,,downloaded,1048,7f90f741e98f98d1a19453cc21d8b82b263b05b35b4dd24aa0d568355c22712a,2026-09-19,2,2026-09-20,index_models-1,
https://www.onsemi.com/download/models/lib/dta114ym3.lib,,,downloaded,1068,2bc6f577c3a373a7009071b89d18699cc82f17f3effb12c29a36606b218a73ed,2026-09-19,2,2026-09-20,index_models-1,
https://www.onsemi.com/download/models/lib/dta114yrlra.lib,,,downloaded,1049,5609c26e25123d11cb19331142daf8553d51bdbd493c33f65042388c778733d3,2026-09-19,2,2026-09-20,index_models-1,
https://www.onsemi.com/download/models/lib/dta115em3.lib,,,downloaded,1070,52747fd0394152a087013a83a32af56afc95f7995749b1affe9b1fd778a2b847,2026-09-19,2,2026-09-20,index_models-1,
https://www.onsemi.com/download/models/lib/dta115te.lib,,,downloaded,1034,e634fc95d12a4b90343e1b50f5afc8a0c2941e9f77ac20506b6354c339631ca6,2026-09-19,2,2026-09-20,index_models-1,
https://www.onsemi.com/download/models/lib/dta115tm3.lib,,,downloaded,1035,68fd0887dbdec7e74b910872be596e05fd97a61040a57561efba145700a92ff7,2026-09-19,2,2026-09-20,index_models-1,
https://www.onsemi.com/download/models/lib/dta123em3.lib,,,downloaded,1066,2b24bf6af8a3ca8c7e94e2c1a82086fd85b2b9732f271d8d44f3467cd87250d8,2026-09-19,2,2026-09-20,index_models-1,
https://www.onsemi.com/download/models/lib/dta123te.lib,,,downloaded,1032,14856246808b609fdeb8ba6cced0e33af5401ca04d87ba5047d7435ff8369f7d,2026-09-19,2,2026-09-20,index_models-1,
https://www.onsemi.com/download/models/lib/dta123tm3.lib,,,downloaded,1033,481fcc0fd077527182d9ee39877945619a2d6554a42715ad5a64e15ee910621c,2026-09-19,2,2026-09-20,index_models-1,
https://www.onsemi.com/download/models/lib/dta124eet1.lib,,,downloaded,1058,8c065113b090cc5eb3a0866dd3121e84a7db37ba43d7f082697492c7abfbeda1,2026-09-19,2,2026-09-20,index_models-1,
https://www.onsemi.com/download/models/lib/dta124erlra.lib,,,downloaded,1059,83ccdaceaba7bad8f43be520eba90cba22870884075797a2604dabddceba610d,2026-09-19,2,2026-09-20,index_models-1,
https://www.onsemi.com/download/models/lib/dta124xm3.lib,,,downloaded,1068,d8b996efa967b312c0dd8c21ab075b0da977aa1631a46ea1dbe297ba45ee8378,2026-09-19,2,2026-09-20,index_models-1,
https://www.onsemi.com/download/models/lib/dta143ze.lib,,,downloaded,1066,c2b492d5240409b9d8773aa238d78368ef9672ba307de979757724b459ffb560,2026-09-19,2,2026-09-20,index_models-1,
https://www.onsemi.com/download/models/lib/dta143zm3.lib,,,downloaded,1067,269271f578934faec55a0eb234c6841f6e95c6edd8a7bc2aea34ac30b54de47e,2026-09-19,2,2026-09-20,index_models-1,
https://www.onsemi.com/download/models/lib/dta144ee.lib,,,downloaded,1067,1803922cdb0cd626a157c16c327a602a6736ca2e6c6bdb74c70dea5bbe1a403a,2026-09-19,2,2026-09-20,index_models-1,
https://www.onsemi.com/download/models/lib/dta144erlra.lib,,,downloaded,1054,96152787722b81cd8a2c6cd1217ffc21a9acaacd6516b01d4a9c1c782a8430b7,2026-09-19,2,2026-09-20,index_models-1,
https://www.onsemi.com/download/models/lib/dta144te.lib,,,downloaded,1033,5ef6ecb817a44f23f8817a3d851702e24bb6356dc173751340bc59a932296ff4,2026-09-19,2,2026-09-20,index_models-1,
https://www.onsemi.com/download/models/lib/dta144tm3.lib,,,downloaded,1054,2d8706ea58d3c2246b39e83861b7ccfad57036fd650bfe38a869946a3c080798,2026-09-19,2,2026-09-20,index_models-1,
https://www.onsemi.com/download/models/lib/dta144wm3.lib,,,downloaded,1068,6b02169dc544a6cc73448c47876fbe614cb733e75a23659946f75957fc46f60b,2026-09-19,2,2026-09-20,index_models-1,
https://www.onsemi.com/download/models/lib/dtc113ee.lib,,,downloaded,1027,a995ef293bc272bd78b1e49d1485f253cb28e3dc8b9da9b77b3e4aba86a9d65e,2026-09-19,2,2026-09-20,index_models-1,
https://www.onsemi.com/download/models/lib/dtc114eet1.lib,,,downloaded,1065,72126fc7ddaba48e034395cd467a53e7e7808345fb0c411b5e57e2e4a28cca72,2026-09-19,2,2026-09-20,index_models-1,
https://www.onsemi.com/download/models/lib/dtc114em3.lib,,,downloaded,1048,4fd305d8fa64257d70e99ad6c029e94f29abacb8e3c2226eca9f5ab1d1b84d7a,2026-09-19,2,2026-09-20,index_models-1,
https://www.onsemi.com/download/models/lib/dtc114erlra.lib,,,downloaded,1040,f148d7c8de2dfe32dc65676b10da74760a45d79a34bef3cb0a94179871c8c411,2026-09-19,2,2026-09-20,index_models-1,
https://www.onsemi.com/download/models/lib/dtc114te.lib,,,downloaded,1033,fa98071a925d9810bc4e50c7f8989f098d5ba4de9197d5e32f9a608fa9f4e579,2026-09-19,2,2026-09-20,index_models-1,
https://www.onsemi.com/download/models/lib/dtc114tm3t5g.lib,,,downloaded,1056,3007d50e8476c8dc59d2300875f2c6e271b57ebcc442d1b95c322a28266f5d85,2026-09-19,2,2026-09-20,index_models-1,
https://www.onsemi.com/download/models/lib/dtc114yet1.lib,,,downloaded,1034,f39044d1655bc0b9ea910449f972bdbf759d48caf117cca40b6fda1f4e2f09f2,2026-09-19,2,2026-09-20,index_models-1,
https://www.onsemi.com/download/models/lib/dtc115ee.lib,,,downloaded,1049,0c70e35b234444e3ecc509f99c2d08f2f37a502cb487ee471220cb49aab133ed,2026-09-19,2,2026-09-20,index_models-1,
https://www.onsemi.com/download/models/lib/dtc115em3.lib,,,downloaded,1050,f956ecd3d3377a0424a0cb303c0710dad0bb37ad7b5fa8ab40227360ff6ef214,2026-09-19,2,2026-09-20,index_models-1,
https://www.onsemi.com/download/models/lib/dtc115te.lib,,,downloaded,1014,a549cb7cc6ed3cee4ffcbcb00a2f8a96aa89561f8451d87a47b4b648ad05c58d,2026-09-19,2,2026-09-20,index_models-1,
https://www.onsemi.com/download/models/lib/dtc115tm3.lib,,,downloaded,1015,754eb667cae0c3b3d827596e0d3509c105a247a110e33d82a80a3c3c3b94f4a5,2026-09-19,2,2026-09-20,index_models-1,
https://www.onsemi.com/download/models/lib/dtc123em3.lib,,,downloaded,1046,05932c487f121a9c238422d65a11cb688971fdfd6405a24e9c47ee8da8b9a802,2026-09-19,2,2026-09-20,index_models-1,
https://www.onsemi.com/download/models/lib/dtc123je.lib,,,downloaded,1046,1d4c8ed4e2b65e987a394a4760f8deb860635edd69e804ee68c6fea1d8baf56b,2026-09-19,2,2026-09-20,index_models-1,
https://www.onsemi.com/download/models/lib/dtc123jm3.lib,,,downloaded,1047,d046b7297c29f01920a38c343253951bec6ffc5f7d6c73e21ab691d863873509,2026-09-19,2,2026-09-20,index_models-1,
https://www.onsemi.com/download/models/lib/dtc123te.lib,,,downloaded,1012,3eeb291aadb50c2f95beeb24a8ef6070ce8d6301482dae1e82e7f8ded9ed03ed,2026-09-19,2,2026-09-20,index_models-1,
https://www.onsemi.com/download/models/lib/dtc123tm3.lib,,,downloaded,1013,617ddce2d4aaf77cea0ce28726edb902236ae0fed9e3b75950aa3a3a77c19493,2026-09-19,2,2026-09-20,index_models-1,
https://www.onsemi.com/download/models/lib/dtc124ee.lib,,,downloaded,1047,c25b6f9f05442fe869a37c8713f91c7510200a0e3af71ca72de1b9817838ba52,2026-09-19,2,2026-09-20,index_models-1,
https://www.onsemi.com/download/models/lib/dtc124em3.lib,,,downloaded,1048,d76a31cb70a1daa62aa68645e152a8c4412540b80c3cf8e9d54927c66f735456,2026-09-19,2,2026-09-20,index_models-1,
https://www.onsemi.com/download/models/lib/dtc124erlra.lib,,,downloaded,1057,ce53b4357bb9521a44dd53f11a5f5b462639a79d65f96d682ced85cc1c94f751,2026-09-19,2,2026-09-20,index_models-1,
https://www.onsemi.com/download/models/lib/dtc124xe.lib,,,downloaded,1047,e9845753996aac58b1108b28f6c08a812dcf6f5c837abc516072405af92ac1ea,2026-09-19,2,2026-09-20,index_models-1,
https://www.onsemi.com/download/models/lib/dtc124xm3.lib,,,downloaded,1048,66aa4edbcc0c96697fce5e771947657f3b5e2d4233963405bd7276db6cf7d85d,2026-09-19,2,2026-09-20,index_models-1,
https://www.onsemi.com/download/models/lib/dtc143ee.lib,,,downloaded,1045,d69223a3aba96919b9a7f3642778005d2fbfee45cc9f05560c5c83c64a4e6a7b,2026-09-19,2,2026-09-20,index_models-1,
https://www.onsemi.com/download/models/lib/dtc143tm3.lib,,,downloaded,1033,fe55f7e2639ab62c476b88505f36a35b445506381604f83092645bbaab48b8c0,2026-09-19,2,2026-09-20,index_models-1,
https://www.onsemi.com/download/models/lib/dtc143ze.lib,,,downloaded,1046,4c367e0fd8f4c0a7bdf4cf6a9c1d617e15a7947f3f0fa0889a09663bfd7ae24e,2026-09-19,2,2026-09-20,index_models-1,
https://www.onsemi.com/download/models/lib/dtc143zm3.lib,,,downloaded,1047,824411e67779de49922ed951fb0db3dff18626b45cd5a491f33e89f8b4d1256d,2026-09-19,2,2026-09-20,index_models-1,
https://www.onsemi.com/download/models/lib/dtc144eet1.lib,,,downloaded,1021,8c1259180f19c2bcc436df7da2342c03ae50f71fb99db903732ce18452aef2c6,2026-09-19,2,2026-09-20,index_models-1,
https://www.onsemi.com/download/models/lib/dtc144em3.lib,,,downloaded,1048,60a3a2315ad85f137e5849c4d66a7b5a7211780dc25c69c6c5e46ec5067c318f,2026-09-19,2,2026-09-20,index_models-1,
https://www.onsemi.com/download/models/lib/dtc144tm3.lib,,,downloaded,1034,389a5a7e4afdc70e4f0ba7baea8b9d97f244466d61a342e6c5f104b8f833d612,2026-09-19,2,2026-09-20,index_models-1,
https://www.onsemi.com/download/models/lib/efc3j018nuz-spice%20model-d.lib,,,downloaded,2198,d6db6f79518e39a0c0db8eba6ae4fd2ed9aa296f4e8ac94215b47f5d00d5d9a6,2026-09-19,7,2026-09-20,index_models-1,
https://www.onsemi.com/download/models/lib/efc4c002nl-spice%20model-d.lib,,,downloaded,2156,a0b112f233b44f105069d18358822ae07e2740a08bee50d7aa2241387cfda683,2026-09-19,7,2026-09-20,index_models-1,
https://www.onsemi.com/download/models/lib/efc4c012nl-spice%20model-d.lib,,,downloaded,2130,fcb7a75b384c098d958db3ea7e3621eed288469877eb328f0dd7cb391e31e5ad,2026-09-19,7,2026-09-20,index_models-1,
https://www.onsemi.com/download/models/lib/efc6604r-spice-d.lib,,,downloaded,2101,7425e4a84d9d9ba7d9e81d5621dd38e1274cf8467c227ecdac6be8d1b1732d8a,2026-09-19,7,2026-09-20,index_models-1,
https://www.onsemi.com/download/models/lib/emi1051%20spice%20model%20lib.lib,,,downloaded,1082,e8f1ac4330054c6807c57e0bb351569bc846ff648e70b251884b40ba85f980c1,2026-09-19,6,2026-09-20,index_models-1,
https://www.onsemi.com/download/models/lib/emx1dxv6t1g.lib,,,downloaded,1010,32c94c66db9d22b72593b60d92d851d2dc9c24fc9bebbb7ec7f17f804b1bf543,2026-09-19,1,2026-09-20,index_models-1,
https://www.onsemi.com/download/models/lib/es1g.lib,,,downloaded,513,4060c7f0304fe42c01033b050d9c4f3f6b255c2ec1345026fbde88fca0f7296c,2026-09-19,1,2026-09-20,index_models-1,
https://www.onsemi.com/download/models/lib/es1j%20(spice%20model).lib,,,downloaded,527,7961481c48021041ebcc388c63766abf5cc579f90fdcf5b8b5b7ad9a806cf99b,2026-09-19,1,2026-09-20,index_models-1,
https://www.onsemi.com/download/models/lib/es1jfl(pspice%20model).lib,,,downloaded,541,3b0df1743ea8c51e06ff6302201763cfebabd2b839d1e8483b0bd3ab09d0afdd,2026-09-19,1,2026-09-20,index_models-1,
https://www.onsemi.com/download/models/lib/es2a.lib,,,downloaded,516,56830a3d0e03b9bc00806b4cf2f7c4ba952b119e7c9b9dbec8d8c08e8ad62984,2026-09-19,1,2026-09-20,index_models-1,
https://www.onsemi.com/download/models/lib/es2b.lib,,,downloaded,518,9a5ba3c49ef051526cd1cfd1b31500d1fe97e8c549a5d72ec8cf121434f99bf5,2026-09-19,1,2026-09-20,index_models-1,
https://www.onsemi.com/download/models/lib/es2c.lib,,,downloaded,518,1c03a451a93edbcb61e8332538ea84724c229cdf4e25660a5d1de85f0f8be4fb,2026-09-19,1,2026-09-20,index_models-1,
https://www.onsemi.com/download/models/lib/es2daf(pspice%20model).lib,,,downloaded,1634,43e09efb9e5abb3c7e4061fa55e225b76bcd025981507e659ace925329bb4202,2026-09-19,3,2026-09-20,index_models-1,
https://www.onsemi.com/download/models/lib/es3a.lib,,,downloaded,517,bd9cc631c221703a26c2d5fb6ffa5eb9b100b61b9fd702a00a57a274e948a6c1,2026-09-19,1,2026-09-20,index_models-1,
https://www.onsemi.com/download/models/lib/es3b.lib,,,downloaded,516,0b15c9dede09019e73f56972db4d0d8586567cca2707cb574ddbf6436ba8612a,2026-09-19,1,2026-09-20,index_models-1,
https://www.onsemi.com/download/models/lib/es3c.lib,,,downloaded,518,cace1803881e3c172133e436f8ef6806a2a206d50417f2e31d27ade031e550f2,2026-09-19,1,2026-09-20,index_models-1,
https://www.onsemi.com/download/models/lib/es3d.lib,,,downloaded,518,9ec487aecf91fc183bd96f1450fceafaebef4b434ce598e5d9f44344c9d713e4,2026-09-19,1,2026-09-20,index_models-1,
https://www.onsemi.com/download/models/lib/es3j.lib,,,downloaded,518,71b9718df4be7ba284f80c3765f0c2b48286c8957d9bdd141852b10ffb3906b5,2026-09-19,1,2026-09-20,index_models-1,
https://www.onsemi.com/download/models/lib/esd1l001w1t2g.lib,,,downloaded,1103,e21f135a91b164c0b00e732f899e9c1912811581531bda6ea2f11b3cef0b34e5,2026-09-19,6,2026-09-20,index_models-1,
https://www.onsemi.com/download/models/lib/esd5004%20spice%20models.lib,,,downloaded,1171,abe89b5371cbd1a3c2d4666427f1754d732697d741a3fd8bcb08ba38555cb7a2,2026-09-19,6,2026-09-20,index_models-1,
https://www.onsemi.com/download/models/lib/esd5101fct5g%20models.lib,,,downloaded,1052,cda776175569c77e1bbae1ce1d3fa892479bd926783c63cc9193afecc711466c,2026-09-19,6,2026-09-20,index_models-1,
https://www.onsemi.com/download/models/lib/esd5111fct5g%20models.lib,,,downloaded,1052,ece845153bdfc5e9dee03c6023220701210d9d6549ef19ec8231eeffd1dc1c04,2026-09-19,6,2026-09-20,index_models-1,
https://www.onsemi.com/download/models/lib/esd5371%20.lib,,,downloaded,1056,94d168c7cf823b0ede814a7b5476d8d99106e48443bb6b87dce9bc29480541ff,2026-09-19,6,2026-09-20,index_models-1,
https://www.onsemi.com/download/models/lib/esd5581mx.lib.lib,,,downloaded,1056,2d58b2b23413ac32ebb302734617bbd90f5efe200b833ea19be521ace3878b5f,2026-09-19,6,2026-09-20,index_models-1,
https://www.onsemi.com/download/models/lib/esd5b50st1g.lib,,,downloaded,1571,b36a891d288dfebbc0053123e3d5e4de7a32ed562bb6355676cc95b85e0ad835,2026-09-19,6,2026-09-20,index_models-1,
https://www.onsemi.com/download/models/lib/esd5z12.lib,,,downloaded,952,815a9d4d5a8f064669f7937a63eed51f00d655c70fbf855e73e4838a880fbb31,2026-09-19,5,2026-09-20,index_models-1,
https://www.onsemi.com/download/models/lib/esd7004mutag.lib,,,downloaded,966,ca17b731f79c06eb2facbb9d608e3a5ca259ac4a12c0f488da4c3e39f400472b,2026-09-19,5,2026-09-20,index_models-1,
https://www.onsemi.com/download/models/lib/esd7016mutag.lib,,,downloaded,1519,8df2ecdf6fab0027db6cbafd7c141375c2340eecc0bb443c5bb5c4ceba83509e,2026-09-19,6,2026-09-20,index_models-1,
https://www.onsemi.com/download/models/lib/esd7181%20model.lib,,,downloaded,1046,87e5039300a211a3bb91ba6ebec52f498da1efb82bc69a663e56a112b33653b8,2026-09-19,6,2026-09-20,index_models-1,
https://www.onsemi.com/download/models/lib/esd7205.lib,,,downloaded,1045,ba8bc158f09ac9674f81dec2d1259277c525fa7c452cfe1a85faf7e07b36d0ee,2026-09-19,6,2026-09-20,index_models-1,
https://www.onsemi.com/download/models/lib/esd7351ht1g.lib,,,downloaded,968,92d16da1375b8446ccd7d8f1b854289725f451365e66e352bbb3d1f751d64d81,2026-09-19,5,2026-09-20,index_models-1,
https://www.onsemi.com/download/models/lib/esd7361ht1g.lib.lib,,,downloaded,967,179253d2eaf9ab4fe15bd2ee52f564409e80ad73c02d06e44af654ddbcb737ee,2026-09-19,5,2026-09-20,index_models-1,
https://www.onsemi.com/download/models/lib/esd7371ht1g.lib,,,downloaded,969,72ec2b444f599a0b80ae3f0f5a75ee82c7aee094681b704681801842594bf725,2026-09-19,5,2026-09-20,index_models-1,
https://www.onsemi.com/download/models/lib/esd7381mut5g%20models.lib,,,downloaded,970,f591fd2db4b62858ded6fa03f5161083d777a99f13855ee0715c8fbd3840adae,2026-09-19,5,2026-09-20,index_models-1,
https://www.onsemi.com/download/models/lib/esd7410.lib.lib,,,downloaded,1053,0e62bd0cbf2ee5a9e04041301ecbff6b59eaf17d9e023c2605321e59d6eb0727,2026-09-19,6,2026-09-20,index_models-1,
https://www.onsemi.com/download/models/lib/esd7451n2t5g.lib,,,downloaded,1080,049aa681d7cea2bc9e1455519c9ad92380e4fb9465137bbb3944cb7dcc4a5d74,2026-09-19,6,2026-09-20,index_models-1,
https://www.onsemi.com/download/models/lib/esd7462.lib.lib,,,downloaded,1061,6946b55ffa3b33674a65bd5dc98bfb6d15806668d0a38ea6dfb76af0870b5763,2026-09-19,6,2026-09-20,index_models-1,
https://www.onsemi.com/download/models/lib/esd7481%20(spice%20model).lib,,,downloaded,943,be1705bcb74d87da423e42f0960d3ebd2f9cf0cdc37e5481be4674bcc355975a,2026-09-19,6,2026-09-20,index_models-1,
https://www.onsemi.com/download/models/lib/esd7951st5g-lib.lib,,,downloaded,1091,96f3ee92f5a2db1f47a3e7019cbefc6ec5f6bdc5c97f3c3579a3a7de28e68822,2026-09-19,6,2026-09-20,index_models-1,
https://www.onsemi.com/download/models/lib/esd7c3.3dt5g.lib,,,downloaded,964,92673b7e5f98d1765f63b03235ce3bf1469ccad0973735afdcc09363a943c80c,2026-09-19,5,2026-09-20,index_models-1,
https://www.onsemi.com/download/models/lib/esd7c5.0dt5g.lib,,,downloaded,955,13bfeeabf527546a8c7a591d2d66e701e76dbf8cbd03a6c6bca640f0779a0286,2026-09-19,5,2026-09-20,index_models-1,
https://www.onsemi.com/download/models/lib/esd8006mutag.lib,,,downloaded,1242,a9f046ae356b0c16a9899b657c49b1ab540aa01dc15bc3029998b2901cea51ed,2026-09-19,6,2026-09-20,index_models-1,
https://www.onsemi.com/download/models/lib/esd8008mutag.lib,,,downloaded,1354,4807e8b903ae0a6e057bc41e0ce51557e83f48f6e6790cb01322b51550a5f62b,2026-09-19,6,2026-09-20,index_models-1,
https://www.onsemi.com/download/models/lib/esd8011.lib.lib,,,downloaded,3286,2146e4480d02431c7914006b929ee5fe532f9b58c12df69f9848ff784c8db970,2026-09-19,9,2026-09-20,index_models-1,
https://www.onsemi.com/download/models/lib/esd8040_spice.lib,,,downloaded,2299,555665708c2d31e0927cf30d6c607152d903bc2a1f96a55b2bc8e9cb5e19571f,2026-09-19,8,2026-09-20,index_models-1,
https://www.onsemi.com/download/models/lib/esd8101fct5g%20models.lib,,,downloaded,1051,6f59188bbeaaa4967395e7e567ae2f36a7d950292884183cd9d780a92ed9c5cc,2026-09-19,6,2026-09-20,index_models-1,
https://www.onsemi.com/download/models/lib/esd8111fct5g%20models.lib,,,downloaded,1051,482330115bd01806bdb79c3c0d02e13e2dcb08685dcc2358cd77b798a561d622,2026-09-19,6,2026-09-20,index_models-1,
https://www.onsemi.com/download/models/lib/esd8351ht1g.lib.lib,,,downloaded,968,f57b2f324de429496e7b732b9f2b7e0db179587a3140fe3cf0341cce01634fee,2026-09-19,5,2026-09-20,index_models-1,
https://www.onsemi.com/download/models/lib/esd8472mut5g%20spice%20model%20lib.lib,,,downloaded,1054,4e395f51ecabda17ee622e62d51a83aca036039c16ff2015333244beac5dd61f,2026-09-19,6,2026-09-20,index_models-1,
https://www.onsemi.com/download/models/lib/esd8551%20spice%20model.lib,,,downloaded,1482,c717414264c1e2ffe4f6074239e26e0447458019e339082712ea5a5e1fac3eeb,2026-09-19,6,2026-09-20,index_models-1,
https://www.onsemi.com/download/models/lib/esd8704.lib,,,downloaded,1488,56a8617c0819ad9a66c3073eeec8c07990f77c2ed2181dd6509a4cbe94f05058,2026-09-19,6,2026-09-20,index_models-1,
https://www.onsemi.com/download/models/lib/esd8708%20spice%20model.lib,,,downloaded,1667,4360e66beb95bec6d8a6c615eb12f5faadba4487a98ec852a9d9f4bacce2ba76,2026-09-19,6,2026-09-20,index_models-1,
https://www.onsemi.com/download/models/lib/esd9101.lib,,,downloaded,963,b9be35e3051bf9a876d54fe55d73a670aea39ff209a723793d4ee20e6ed6f5ed,2026-09-19,5,2026-09-20,index_models-1,
https://www.onsemi.com/download/models/lib/esd9b5_0st5g.rev0.lib,,,downloaded,1060,f00f7f67834d1422664d596d9969513a012af11c20ca254af34f8ac2bc4be98e,2026-09-19,6,2026-09-20,index_models-1,
https://www.onsemi.com/download/models/lib/esd9c3.3st5g.lib,,,downloaded,960,81316ef1f265cf3d519c12c530a38c03bf65e595bf9d995d416d3a46b7e42b27,2026-09-19,5,2026-09-20,index_models-1,
https://www.onsemi.com/download/models/lib/esd9c5.0st5g.lib,,,downloaded,966,115c282ce9dec9c07f8db49c48f20538ba820c3f39f613916b0030e6cfd68f3c,2026-09-19,5,2026-09-20,index_models-1,
https://www.onsemi.com/download/models/lib/esd9l5-0st5g-lib.lib,,,downloaded,957,2845ffb1efa15326310ca748f4dfaf52a9287e70e89499d32ccb712dc8ae26de,2026-09-19,5,2026-09-20,index_models-1,
https://www.onsemi.com/download/models/lib/esd9r3.3st5g.lib,,,downloaded,967,09d42c4c7a8b452e8d8c8d112ac2b08513df6eaaa4a255c6b953f1151afb3f60,2026-09-19,5,2026-09-20,index_models-1,
https://www.onsemi.com/download/models/lib/esd9x12st5g.lib,,,downloaded,967,d7c6f4b46b684e6bd8ea007b4b9078557c2358196c1e2be823458fa9b33c29e9,2026-09-19,5,2026-09-20,index_models-1,
https://www.onsemi.com/download/models/lib/esd9x5.0st5g.lib,,,downloaded,972,14419f246024c28ef832dc315c58d249cde4cb015062484faf25ca11d951af07,2026-09-19,5,2026-09-20,index_models-1,
https://www.onsemi.com/download/models/lib/esdl1012%20spice%20model.lib,,,downloaded,1068,dc2558d290bd70cd828d732e5b0042e5dab88d6d03d6ea2333be246852112aff,2026-09-19,6,2026-09-20,index_models-1,
https://www.onsemi.com/download/models/lib/esdl2011_spicemodel_lib.lib,,,downloaded,1048,2d5071491f45911541ee51be55bacb2f195baac5d296d6d56923181cfae350b5,2026-09-19,6,2026-09-20,index_models-1,
https://www.onsemi.com/download/models/lib/esdl3141%20spice%20model%20lib.lib,,,downloaded,1542,c0d16614fb1d1e2c4ba75b9a257fb8762d2e953b858923af5f7f44f5c9723144,2026-09-19,11,2026-09-20,index_models-1,
https://www.onsemi.com/download/models/lib/esdl4151_spice_model_lib.lib,,,downloaded,1056,04f403e460fd1ee2dd2b0f605db3c87474038f965483eb89f255e69d5fcc0b72,2026-09-19,6,2026-09-20,index_models-1,
https://www.onsemi.com/download/models/lib/esdm1021mx4%20tlp%20model.lib,,,downloaded,1813,31a87e45259c89b8cdbd27da041d9694a8b9758d0f37548e0f18be017e35c52f,2026-09-19,6,2026-09-20,index_models-1,
https://www.onsemi.com/download/models/lib/esdm1053%20spice%20model%20lib.lib,,,downloaded,676,c503afe118ce08065b453524fd4b74b8be2ae269047c75339e5095475932d782,2026-09-19,2,2026-09-20,index_models-1,
https://www.onsemi.com/download/models/lib/esdm1132%20dc%20model%20lib.lib,,,downloaded,969,cbb93c7d5b0081d7d70e95308332e4e06f89fd07e2dad82b312419945d7992ed,2026-09-19,6,2026-09-20,index_models-1,
https://www.onsemi.com/download/models/lib/esdm1132%20tlp%20model.lib,,,downloaded,1984,7596975e7fd95b631a046e6142fc446851ff1f85727a8f7a164040c1817ab2c7,2026-09-19,6,2026-09-20,index_models-1,
https://www.onsemi.com/download/models/lib/esdm2032%20lib.lib,,,downloaded,1056,ae27855b0758ce675fa04bf5666c2229d271d390e212d2cffdcfc096f1981346,2026-09-19,6,2026-09-20,index_models-1,
https://www.onsemi.com/download/models/lib/esdm2033%20spice%20model%20lib.lib,,,downloaded,1054,97e141f256a87a6acdf43676f879f0b05b44156ec2468a7ef015e448e18705d6,2026-09-19,6,2026-09-20,index_models-1,
https://www.onsemi.com/download/models/lib/esdm3031mxt5g%20lib.lib,,,downloaded,1057,4cb3fb946cec752575934e2c1cf5211a3d94bcd3525da186e1cc121d22af5012,2026-09-19,6,2026-09-20,index_models-1,
https://www.onsemi.com/download/models/lib/esdm3033mxt5g%20lib.lib,,,downloaded,1064,4dd745d4cf88b208c1c0d2dff72daccf6e16dfa769278784d7172263ddb87e21,2026-09-19,6,2026-09-20,index_models-1,
https://www.onsemi.com/download/models/lib/esdm3051mxt5g%20lib.lib,,,downloaded,1064,4dd745d4cf88b208c1c0d2dff72daccf6e16dfa769278784d7172263ddb87e21,2026-09-19,6,2026-09-20,index_models-1,
https://www.onsemi.com/download/models/lib/esdr0502b.lib,,,downloaded,1016,92c8747ad0c557a918f0cb4cc6e66050123ac59fa738f3aab081d7604a9ba1e4,2026-09-19,6,2026-09-20,index_models-1,
https://www.onsemi.com/download/models/lib/esdr0502n.lib,,,downloaded,1495,6e1964a6b361ef16572edc420a750b6969c0fc8f1a8b1a6c2ce9acf3e27f4bfc,2026-09-19,7,2026-09-20,index_models-1,
https://www.onsemi.com/download/models/lib/esdr0524p%20lib.lib,,,downloaded,2565,6e62788aab282a82f1dfc281f5292eded7e65c88d477848a688e19c88c597386,2026-09-19,7,2026-09-20,index_models-1,
https://www.onsemi.com/download/models/lib/esdu1052fc%20spice%20model%20lib.lib,,,downloaded,636,2ec60f9b3ad801a0abc768c58124c26675cc9bd49c0da53c865f6079206cafec,2026-09-19,1,2026-09-20,index_models-1,
https://www.onsemi.com/download/models/lib/fca16n60n.lib,,,downloaded,2079,946c08401f0b1aeb88e8b3211cfe76b4500a1d7115718221636756638af68647,2026-09-19,7,2026-09-20,index_models-1,
https://www.onsemi.com/download/models/lib/fca35n60.lib,,,downloaded,2082,a7684c9827a8b4df460135bc4485c6276f4d1e3a23d6fe20853928166d526303,2026-09-19,7,2026-09-20,index_models-1,
https://www.onsemi.com/download/models/lib/fca47n60.lib,,,downloaded,2072,9b6ccc7372d55b7af02f31dad595cad029346341a124a33e518f6c5b4d5d73cd,2026-09-19,7,2026-09-20,index_models-1,
https://www.onsemi.com/download/models/lib/fca47n60f.lib,,,downloaded,2082,675b38eb54f8e200f6c812e2cf344fa3c11dbd910859e2814bdb293bf751ceb1,2026-09-19,7,2026-09-20,index_models-1,
https://www.onsemi.com/download/models/lib/fca76n60n.lib,,,downloaded,2070,c2c29dc680fdba46386b7a86e737fbd859272624e3d2897fd5f4613b38f22634,2026-09-19,7,2026-09-20,index_models-1,
https://www.onsemi.com/download/models/lib/fcb11n60.lib,,,downloaded,2071,73c6270ec6c3048130ede4e5eef2d917323ff67ffeffc8a1cae53b634f29d9f5,2026-09-19,7,2026-09-20,index_models-1,
https://www.onsemi.com/download/models/lib/fcb20n60.lib,,,downloaded,2070,d7873a0e4504b78a99295239e0863355c8099c3d39b4d218a84c02cdfdd2e155,2026-09-19,7,2026-09-20,index_models-1,
https://www.onsemi.com/download/models/lib/fcb36n60n.lib,,,downloaded,1957,40a1c9d4869b4e25de0b01ba1b021a808e73685b1cef2936f0adf4cf39c9c9df,2026-09-19,7,2026-09-20,index_models-1,
https://www.onsemi.com/download/models/lib/fcd5n60.lib,,,downloaded,2075,26067848cee6f6afd76cd3b776d2815677eac52ea13bb3021440a8c6b77d8829,2026-09-19,7,2026-09-20,index_models-1,
https://www.onsemi.com/download/models/lib/fcd7n60.lib,,,downloaded,1481,e1a8aea17d66945ba63f9a4e5685abfe2f8a6ecc10ee565b648af5cef9d13931,2026-09-19,7,2026-09-20,index_models-1,
https://www.onsemi.com/download/models/lib/fcd9n60ntm.lib,,,downloaded,2078,ea61f7701961e86d41ea5894e1e53af9a02f5fb9b0f093e00c12e292a5c75250,2026-09-19,7,2026-09-20,index_models-1,
https://www.onsemi.com/download/models/lib/fch47n60n.lib,,,downloaded,2069,cc0a03b9159a136f44c4b7bf24a895ef845b08b14f7e649419410bfa085e2a72,2026-09-19,7,2026-09-20,index_models-1,
https://www.onsemi.com/download/models/lib/fch76n60nf.lib,,,downloaded,2070,2f8f3a68b44694fe13387df97e2e78b67a8a3c2a56f7425226217b7077948178,2026-09-19,7,2026-09-20,index_models-1,
https://www.onsemi.com/download/models/lib/fcp20n60.lib,,,downloaded,2074,c4102dc78eed66f6e4b47cda9ae1cefa8474fe6b9cac421577f5c6bf9e90b05c,2026-09-19,7,2026-09-20,index_models-1,
https://www.onsemi.com/download/models/lib/fcp22n60n.lib,,,downloaded,2079,b5fb146cf2b610d33a46f7e8e0104f8601b3c29f447e0b717f35279a10d24900,2026-09-19,7,2026-09-20,index_models-1,
https://www.onsemi.com/download/models/lib/fcp7n60.lib,,,downloaded,2072,ff6e94495a6ffc2fad0c56abfadfd96996d8e09514dbcd51440dfc35d28a815c,2026-09-19,7,2026-09-20,index_models-1,
https://www.onsemi.com/download/models/lib/fcpf11n60.lib,,,downloaded,1482,2978b1e0a38cfa0b0a888a216eaee781c0dc4e2e8f47c3b2e4ed06f51c856316,2026-09-19,7,2026-09-20,index_models-1,
https://www.onsemi.com/download/models/lib/fcpf20n60.lib,,,downloaded,1428,df044abd3ca7dc8328de1612ca3f6e08b8aec1d2fe55e83451c0cfa75b9dda31,2026-09-19,7,2026-09-20,index_models-1,
https://www.onsemi.com/download/models/lib/fda032n08.lib,,,downloaded,2108,f94b5da288b2aefec5368fe5a8f21d58b1d2690636c3b2f0bafef9a1140e3d36,2026-09-19,6,2026-09-20,index_models-1,
https://www.onsemi.com/download/models/lib/fda18n50.lib,,,downloaded,1574,028a09e027a7b7ed8591f0839c9895102231134bd5f1a20020f4cfabef7756b0,2026-09-19,7,2026-09-20,index_models-1,
https://www.onsemi.com/download/models/lib/fda24n40f.lib,,,downloaded,2140,81ea622e62eabf219ead355117342cd206e2a19f1003b3c2633646d3d4f31953,2026-09-19,7,2026-09-20,index_models-1,
https://www.onsemi.com/download/models/lib/fda59n30.lib,,,downloaded,2035,4d61d92f397d5f86ccd2d164faf4e28f010a623d0181430de346b4cd5f8e60bf,2026-09-19,7,2026-09-20,index_models-1,
https://www.onsemi.com/download/models/lib/fda69n25%20(spice%20model).lib,,,downloaded,2010,16038e42f3c992e6e7990c607f77dab5bea1ecad7755c73c50c5689ad04ed1ff,2026-09-19,7,2026-09-20,index_models-1,
https://www.onsemi.com/download/models/lib/fda70n20.lib,,,downloaded,2002,2ddc416a137aa443540704c6b844ad4ec95105dbde3ff46989c7f6025cf3cd2f,2026-09-19,7,2026-09-20,index_models-1,
https://www.onsemi.com/download/models/lib/fda8440.lib,,,downloaded,1509,914fbcc1049482abdffa0271ed7d3ca0ecaeee8a9ca8d303760e3e29d12fe55a,2026-09-19,7,2026-09-20,index_models-1,
https://www.onsemi.com/download/models/lib/fdb024n06.lib,,,downloaded,2101,7aae8a36b3f858f9633ab121339b9b8b534bef83f19817d71027dbae793eb320,2026-09-19,6,2026-09-20,index_models-1,
https://www.onsemi.com/download/models/lib/fdb029n06.lib,,,downloaded,2126,9c86bb3f5d22565b6b25bec2d00830bd5a99f1e9e332e73194774cad3c666f31,2026-09-19,6,2026-09-20,index_models-1,
https://www.onsemi.com/download/models/lib/fdb0300n1007l.lib,,,downloaded,2117,5cb9a3363953a13ae9c7c3860963b604ee20d33a837a14aa4d762da9cf528657,2026-09-19,7,2026-09-20,index_models-1,
https://www.onsemi.com/download/models/lib/fdb031n08.lib,,,downloaded,2112,71b3d57d8eee3a1b9c2752861eae5d9885236bd5b2d8e6227f33ce2e407f596f,2026-09-19,6,2026-09-20,index_models-1,
https://www.onsemi.com/download/models/lib/fdb035an06a0.lib,,,downloaded,2245,91b73ceee46184add296658c82e7618589f8a5d0abdae3e89b96e25ff66a3744,2026-09-19,18,2026-09-20,index_models-1,
https://www.onsemi.com/download/models/lib/fdb045an08a0.lib,,,downloaded,2241,7c2fbab160fca5ed237fe519a845119a3e6033840081eff6f3ccf135ef82dbd2,2026-09-19,18,2026-09-20,index_models-1,
https://www.onsemi.com/download/models/lib/fdb047n10%20spice%20model.lib,,,downloaded,2025,68c81b85a3c1bbb12248e045b51f5f0824700a46d72cf5be7fdd9cbbe394b3dd,2026-09-19,7,2026-09-20,index_models-1,
https://www.onsemi.com/download/models/lib/fdb050an06a0.lib,,,downloaded,2223,c9a594673b70664add1237ae4f3994cdb72791f1a6a36117bdfccef972c85adb,2026-09-19,18,2026-09-20,index_models-1,
https://www.onsemi.com/download/models/lib/fdb070an06a0.lib,,,downloaded,2218,a72bd574fcd1e2d38610cb4590fd9f66b9014aae380401aeba18f4a67171e9c6,2026-09-19,18,2026-09-20,index_models-1,
https://www.onsemi.com/download/models/lib/fdb075n15a.lib,,,downloaded,2074,46fcbe10138afaf9f4e9fe36e0c7c57d97ed0892c6a0387b4aad7270b1f25fab,2026-09-19,7,2026-09-20,index_models-1,
https://www.onsemi.com/download/models/lib/fdb075n15a_f085_simetrix.lib,,,downloaded,50495,697a0d9153ffd49ac91e1832fa6b4255ef673cf9445bc8d3956a240fb0f4c788,2026-09-19,4,2026-09-20,index_models-1,
https://www.onsemi.com/download/models/lib/fdb082n15a.lib,,,downloaded,1934,31c84c110b92a193ba4c910939f3709626815065178c845ceda48fadef7eca07,2026-09-19,7,2026-09-20,index_models-1,
https://www.onsemi.com/download/models/lib/fdb088n08.lib,,,downloaded,2094,e3680f81bae5b19f5739b9227a97ead57a12e7caa32aa8b9544023c120567c39,2026-09-19,6,2026-09-20,index_models-1,
https://www.onsemi.com/download/models/lib/fdb110n15a.lib,,,downloaded,1952,03e8fe1b088c8138e7d69f8892bd77dbe5e54761b89bfbec9564c20518941539,2026-09-19,7,2026-09-20,index_models-1,
https://www.onsemi.com/download/models/lib/fdb120n10.lib,,,downloaded,2155,9b89393dce32f3327672b90502582a723753c7f979ee4631752e60e302daaa8a,2026-09-19,6,2026-09-20,index_models-1,
https://www.onsemi.com/download/models/lib/fdb20an06a0.lib,,,downloaded,2240,6dab6054ebb7cf4148b85150aeb4563dc15be1b2ee568fa5a69ccbd33ad00e82,2026-09-19,18,2026-09-20,index_models-1,
https://www.onsemi.com/download/models/lib/fdb2614.lib,,,downloaded,1149,f1a2e9bef11ba6aca576173b6d3643fa059069151c814058c5535d6c6b90c911,2026-09-19,6,2026-09-20,index_models-1,
https://www.onsemi.com/download/models/lib/fdb2710.lib,,,downloaded,1204,eb53c07e7f9d6b9bd888928bcfee49a336f2e799d3601c3444717ada5a6d2c6e,2026-09-19,6,2026-09-20,index_models-1,
https://www.onsemi.com/download/models/lib/fdb28n30.lib,,,downloaded,2018,d7a0973820ca165dce0951ee8e2eb1eb7483fdf7afd8ddd03c9ef65e5b7ea503,2026-09-19,7,2026-09-20,index_models-1,
https://www.onsemi.com/download/models/lib/fdb3502.lib,,,downloaded,1227,b9e7975d23ef5b21922e70ad936b50b2ea9fcd06e63d3c0a12043c614b13c87a,2026-09-19,6,2026-09-20,index_models-1,
https://www.onsemi.com/download/models/lib/fdb3860.lib,,,downloaded,2086,fd773e754796750baaa7d691da7aa36117d694858ee8c19ddc6864d4ec0d832e,2026-09-19,6,2026-09-20,index_models-1,
https://www.onsemi.com/download/models/lib/fdb38n30u.lib,,,downloaded,2020,f4676594719eed8beeebe6116d144ba655c3cbc1e3c9bffc4985713fd1f707ca,2026-09-19,7,2026-09-20,index_models-1,
https://www.onsemi.com/download/models/lib/fdb390n15a.lib,,,downloaded,2132,38e52b4246ae9057c087fc1130b981e46e86a6ac0da4071edb649a4970eb3700,2026-09-19,7,2026-09-20,index_models-1,
https://www.onsemi.com/download/models/lib/fdb44n25.lib,,,downloaded,1943,1244b0fe7eb0ce3224599dda73d29bf62cd361328c489ad385364aa293a258b5,2026-09-19,7,2026-09-20,index_models-1,
https://www.onsemi.com/download/models/lib/fdb52n20.lib,,,downloaded,1987,b750d278b2658991602c48ff352b69a949865711730a1a610799e7e036d52925,2026-09-19,7,2026-09-20,index_models-1,
https://www.onsemi.com/download/models/lib/fdb5800.lib,,,downloaded,1202,adc6b33570e05a84a1bae5b0b5ae616dbc371c147a793e437df3633805be3c1a,2026-09-19,6,2026-09-20,index_models-1,
https://www.onsemi.com/download/models/lib/fdb8441.lib,,,downloaded,1186,6ea63fc4c46300b6809759fd070b2c284eba7c9f436dfc336f7276f442f6a4a8,2026-09-19,6,2026-09-20,index_models-1,
https://www.onsemi.com/download/models/lib/fdb8442.lib,,,downloaded,1182,1795b8a44b0c9e8088d37e16772001f1adb677f8bca07900d3a6a84a7327dd13,2026-09-19,6,2026-09-20,index_models-1,
https://www.onsemi.com/download/models/lib/fdb8443.lib,,,downloaded,1203,cd5899bd2197d1fe200e16c46be7810b4ec423c755f1a2f5a724ce117791df20,2026-09-19,6,2026-09-20,index_models-1,
https://www.onsemi.com/download/models/lib/fdb8444.lib,,,downloaded,1540,96428efee5c9d736ec56692f665723b9de689ee326bda9221e92c44e9d9a23a3,2026-09-19,7,2026-09-20,index_models-1,
https://www.onsemi.com/download/models/lib/fdb8447l.lib,,,downloaded,1185,2fef7b389aabef5a0cc3e5c8db1b434b93ece6291bba936fb2a22335c6ffb003,2026-09-19,6,2026-09-20,index_models-1,
https://www.onsemi.com/download/models/lib/fdb8453lz.lib,,,downloaded,1196,60051c73ee6bae8f42a0de09c4ac39f31831e29d3a406371729e159392ef4cf8,2026-09-19,6,2026-09-20,index_models-1,
https://www.onsemi.com/download/models/lib/fdb86102lz.lib,,,downloaded,2782,3e3976fc42644f574e34081ebf67e6e0bf8aa607871056910088537a935a2e8d,2026-09-19,10,2026-09-20,index_models-1,
https://www.onsemi.com/download/models/lib/fdb86363_f085.lib,,,downloaded,2030,c66b8e537e3673745552854bb642461bf51fa80f12de33021682894ef23e3d26,2026-09-19,7,2026-09-20,index_models-1,
https://www.onsemi.com/download/models/lib/fdb8832.lib,,,downloaded,1221,acc9b1b6a24951da3a7f24f898c939fb52c2278ef15ec0da861ac19ddbbab0c0,2026-09-19,6,2026-09-20,index_models-1,
https://www.onsemi.com/download/models/lib/fdb8860.lib,,,downloaded,1559,032dc94d1a3835aa7a996e59a8c23f8a4e929f5da3242c8ffdd8d604f18d3c5e,2026-09-19,7,2026-09-20,index_models-1,
https://www.onsemi.com/download/models/lib/fdb8870.lib,,,downloaded,2236,dfb412c146361047e6e00db97773e712b7855a031705c22e80188838cc13cd9d,2026-09-19,18,2026-09-20,index_models-1,
https://www.onsemi.com/download/models/lib/fdb8896.lib,,,downloaded,2243,b6e3784852e67742d168f2baa39067ea439faac4165cc790a5d7c9b1cf295680,2026-09-19,18,2026-09-20,index_models-1,
https://www.onsemi.com/download/models/lib/fdb9403_f085.lib,,,downloaded,1935,c005502e1ee67080f3d9e3b944b75d35f8e52cd87ae35e73a0d14159ce92f069,2026-09-19,7,2026-09-20,index_models-1,
https://www.onsemi.com/download/models/lib/fdb9406_f085.lib,,,downloaded,1937,0d033610463d7cd1fe43d71d4711329e4666ecc003c9e1ed5b42d1f9e50b8dd4,2026-09-19,7,2026-09-20,index_models-1,
https://www.onsemi.com/download/models/lib/fdbl0630n150_simetrix_encrypted.lib,,,downloaded,50507,e284a9cd06a600180d7af4d4312f674a82189e3331744dec61301f72c1adff1a,2026-09-19,4,2026-09-20,index_models-1,
https://www.onsemi.com/download/models/lib/fdbl86210_f085.lib,,,downloaded,3399,fe67f721383836a9987e07c205572a0714ddd5545ed9f9d969aac99df1ee6512,2026-09-19,7,2026-09-20,index_models-1,
https://www.onsemi.com/download/models/lib/fdbl86210_f085_simetrix_encrypted.lib,,,downloaded,50520,f9d3cca50c9171522f332eddec402061d9bf927c6ae25a5601cd57edeae444b9,2026-09-19,4,2026-09-20,index_models-1,
https://www.onsemi.com/download/models/lib/fdc2512.lib,,,downloaded,1132,499978539f07ca834271024b8030aa8910d970fb09274c098d378bef0ec339db,2026-09-19,7,2026-09-20,index_models-1,
https://www.onsemi.com/download/models/lib/fdc3535.lib,,,downloaded,2051,7f90abee3bf9669dfcb676b1238cc9060b0481114144991268efde7a439d84d2,2026-09-19,6,2026-09-20,index_models-1,
https://www.onsemi.com/download/models/lib/fdc365p.lib,,,downloaded,1241,88608f3808cc0f6a92a336742947aae9018075481d68f70be39c6b4a3bbc949f,2026-09-19,6,2026-09-20,index_models-1,
https://www.onsemi.com/download/models/lib/fdc5661n.lib,,,downloaded,1876,18bc51cfbcb4c2fef95a30a1012d5d40bc51271aabee98ce1634456e90fb6b77,2026-09-19,6,2026-09-20,index_models-1,
https://www.onsemi.com/download/models/lib/fdc606p%20spice%20model.lib,,,downloaded,2131,a932b9be723fb7e74938cd7d9873d35f90b2f4f2574787c873e9acb54f2bf270,2026-09-19,7,2026-09-20,index_models-1,
https://www.onsemi.com/download/models/lib/fdc608pz.lib,,,downloaded,1209,d9acf0fc0d04b63689fad46fbbc1f6b07634f545c4e3919845b4f705677a5c87,2026-09-19,6,2026-09-20,index_models-1,
https://www.onsemi.com/download/models/lib/fdc6302p.lib,,,downloaded,1148,c565e32d49a7e715a790d3463031b38ba2071a30130974ccb73652a7e1390263,2026-09-19,7,2026-09-20,index_models-1,
https://www.onsemi.com/download/models/lib/fdc6305n.lib,,,downloaded,1952,f632ce1dfa981c7ff0573fb9f257f71728f9da58d6f1f436a19c2267275e025b,2026-09-19,6,2026-09-20,index_models-1,
https://www.onsemi.com/download/models/lib/fdc6326l.lib,,,downloaded,2420,da8f757791eb0692addffc3f78169505522063d4b282ac5904f45046534690f0,2026-09-19,14,2026-09-20,index_models-1,
https://www.onsemi.com/download/models/lib/fdc637bnz.lib,,,downloaded,1194,ca3805620283aeb3f3659d6dbb18263465e2405ab548e3982d1b755bc2b87e34,2026-09-19,6,2026-09-20,index_models-1,
https://www.onsemi.com/download/models/lib/fdc638apz.lib,,,downloaded,1925,270bfe31a56c94b7dcebca33f470d16676525fa89d5ec16a7df449ca694c63d0,2026-09-19,6,2026-09-20,index_models-1,
https://www.onsemi.com/download/models/lib/fdc6392s.lib,,,downloaded,1410,dda9b2266be789dd4a8b15c1885e178014d5a5a9dfd2e71ecaf9c102189d96c3,2026-09-19,8,2026-09-20,index_models-1,
https://www.onsemi.com/download/models/lib/fdc6401n.lib,,,downloaded,1979,816c06a67596b066ddd2d0eb761d67f0bb87268048159c21d47e283feffff007,2026-09-19,6,2026-09-20,index_models-1,
https://www.onsemi.com/download/models/lib/fdc6420c.lib,,,downloaded,2484,ed6ce09c78223a9ab3f675394886e895d2172697844785fe4a0ac4616658a18a,2026-09-19,14,2026-09-20,index_models-1,
https://www.onsemi.com/download/models/lib/fdc655bn.lib,,,downloaded,1172,96cb89f95116fbc461b3db9372bdb3666d512e0f0d1f4691232baab73bcc9320,2026-09-19,7,2026-09-20,index_models-1,
https://www.onsemi.com/download/models/lib/fdc658ap.lib,,,downloaded,1234,f7330edd979054bc3f661bffdd81efb4c9899fb487ede49362648bfd4aa2f2f9,2026-09-19,6,2026-09-20,index_models-1,
https://www.onsemi.com/download/models/lib/fdc855n.lib,,,downloaded,1187,92bdc7c92fa4fb62a10c776b3b06518f49e4b1b3a4dcb63d21ea92d0077074f7,2026-09-19,6,2026-09-20,index_models-1,
https://www.onsemi.com/download/models/lib/fdc8601.lib,,,downloaded,2155,906b009a8552a61405e557d80d2e4a721999451b5f44bdee07ddc6e3558cdb7d,2026-09-19,7,2026-09-20,index_models-1,
https://www.onsemi.com/download/models/lib/fdc8602.lib,,,downloaded,2338,58ed5344e4d1c44976b36004d3a612fa9862637ce52de6cae25c21de43125eb6,2026-09-19,8,2026-09-20,index_models-1,
https://www.onsemi.com/download/models/lib/fdc86244.lib,,,downloaded,2137,be12eefa2932a227c77a833a76f77c9492f890b5f6ac1961e94bf54b6e664620,2026-09-19,7,2026-09-20,index_models-1,
https://www.onsemi.com/download/models/lib/fdc8884.lib,,,downloaded,1916,e5141ccd820910b8c8fcf892ab6e5d88094988c24a7956368dfb3d2f4b8242ec,2026-09-19,7,2026-09-20,index_models-1,
https://www.onsemi.com/download/models/lib/fdd10n20lz(pspice%20model).lib,,,downloaded,2185,cd85beac90d4fea4e3def124ef59c2b94341eb49442b5460efd400bea119531c,2026-09-19,8,2026-09-20,index_models-1,
https://www.onsemi.com/download/models/lib/fdd120an15a0%20-%20fdp120an15a0%20spice%20model.lib,,,downloaded,2710,372c1b02cecee72ce098c0f9db74a629a09c50b59df9cfac54115fee0243763e,2026-09-19,18,2026-09-20,index_models-1,
https://www.onsemi.com/download/models/lib/fdd14an06la0.lib,,,downloaded,2261,9012f95d8a6f6381c5a28594b5ab070c0b8557b32da44032277f133be6968f91,2026-09-19,18,2026-09-20,index_models-1,
https://www.onsemi.com/download/models/lib/fdd1600n10alz.lib,,,downloaded,2114,491a0afa96bd8ab7820143001d0bfaf83a55436fc6b2b4a30aae024208009f85,2026-09-19,7,2026-09-20,index_models-1,
https://www.onsemi.com/download/models/lib/fdd18n20lz%20(spice%20model).lib,,,downloaded,2170,3d3e9461689a7120ae934b96264e1c19c6af871d405e870e0aaf7c07362d6e57,2026-09-19,8,2026-09-20,index_models-1,
https://www.onsemi.com/download/models/lib/fdd20an06a0.lib,,,downloaded,2222,ae1bbdd129e2b0c1a9bad9aeacb55d300c6ad688e252f0c7cb9e043d8ded72bf,2026-09-19,18,2026-09-20,index_models-1,
https://www.onsemi.com/download/models/lib/fdd24an06la0%20spice.lib,,,downloaded,2711,b46dba5a4d96f81cf9bc00869e7020fb77d7bdd723dc348b5b2fb2c505d68caf,2026-09-19,19,2026-09-20,index_models-1,
https://www.onsemi.com/download/models/lib/fdd3510h.lib,,,downloaded,2586,3b32c2094fc4878c9ad005e8782cb728c072884b3a461bf438549d9013e9e88a,2026-09-19,12,2026-09-20,index_models-1,
https://www.onsemi.com/download/models/lib/fdd3670.lib,,,downloaded,1152,2eed4fbacd5b50486bb173b7dd39aeefc0579787fe7feaa519ee38643f4d7067,2026-09-19,7,2026-09-20,index_models-1,
https://www.onsemi.com/download/models/lib/fdd3690.lib,,,downloaded,1142,8e2904a66ffcd91896eef6e216d42991c27e1497db5eaab07ac39b5d126e015e,2026-09-19,7,2026-09-20,index_models-1,
https://www.onsemi.com/download/models/lib/fdd3860.lib,,,downloaded,1215,26b9473cdccbef313c2f502febbb919ca6bfb71200baa0a091ff1421e69fa12b,2026-09-19,6,2026-09-20,index_models-1,
https://www.onsemi.com/download/models/lib/fdd390n15a.lib,,,downloaded,1898,03cf2ec6ff650aadcb03a6118139b3eb1b6c51eb14bf3fc2118c6132b00944cd,2026-09-19,7,2026-09-20,index_models-1,
https://www.onsemi.com/download/models/lib/fdd3n40.lib,,,downloaded,2090,7977ced14eb1d738b2542bf5a210d41c980593f7f1a55b81fbe85e48bbe1018e,2026-09-19,7,2026-09-20,index_models-1,
https://www.onsemi.com/download/models/lib/fdd3n50nz%20(spice%20model).lib,,,downloaded,2161,b62d1d0042c8385eb1e6d789a6b1e4ab06214d58e89cde97ae29c1640a124fc4,2026-09-19,8,2026-09-20,index_models-1,
https://www.onsemi.com/download/models/lib/fdd4141.lib,,,downloaded,1206,055665db04ccb5cdffa11bc76b77197a7984708a71b07018fde14f9229aa45d1,2026-09-19,6,2026-09-20,index_models-1,
https://www.onsemi.com/download/models/lib/fdd4141_f085.lib,,,downloaded,1322,76baabb7e1af769873b56bd406b535769541ae7029814a5ee75450ed9ff89340,2026-09-19,7,2026-09-20,index_models-1,
https://www.onsemi.com/download/models/lib/fdd4243.lib,,,downloaded,1374,e27822ceeeb33b1bf282f1b861d068d4bd5407beefb3383f70d9001ea20749b8,2026-09-19,7,2026-09-20,index_models-1,
https://www.onsemi.com/download/models/lib/fdd4685.lib,,,downloaded,1120,4de4d096d3c95d32c69d93d33e93e6312caed4b1ceec4ac006d5c669f52905b8,2026-09-19,7,2026-09-20,index_models-1,
https://www.onsemi.com/download/models/lib/fdd5353.lib,,,downloaded,1173,6e1be7d63bb2fe95c5d64e9fdb339227020fb657c4e0729faa55715be06837d7,2026-09-19,6,2026-09-20,index_models-1,
https://www.onsemi.com/download/models/lib/fdd5810.lib,,,downloaded,1575,169f53cba51efece490d356dfd87be7fd57845cfa5d05bd7de572b8bfea6e351,2026-09-19,7,2026-09-20,index_models-1,
https://www.onsemi.com/download/models/lib/fdd5n60nz.lib,,,downloaded,2571,95af46ebdd357fa194bdf676c844afbc312ab468a92b93b9c01d943e8667d7a3,2026-09-19,17,2026-09-20,index_models-1,
https://www.onsemi.com/download/models/lib/fdd6637.lib,,,downloaded,1148,0cdc7059c082539de6cb1ffd7b755508da1afab202519f4ede1b9ad0447c56f2,2026-09-19,7,2026-09-20,index_models-1,
https://www.onsemi.com/download/models/lib/fdd6670a.lib,,,downloaded,1185,257f1c38ef23557c5657d36210d6f143c0f9023c1906df9ffe02ff7aec3a0e7d,2026-09-19,7,2026-09-20,index_models-1,
https://www.onsemi.com/download/models/lib/fdd6680as.lib,,,downloaded,1189,afc9447e367d4720f5f5c764d69dfa192b130fee631b4af56363a52c0016663e,2026-09-19,7,2026-09-20,index_models-1,
https://www.onsemi.com/download/models/lib/fdd6685.lib,,,downloaded,1153,659a526a18ae22f2d67b97e1a6b7febb4dfb89b256c646c9fae07516fc5f18d9,2026-09-19,7,2026-09-20,index_models-1,
https://www.onsemi.com/download/models/lib/fdd6778a.lib,,,downloaded,2093,290a9fe04601d4f6a2b51d9eb13984af0ba71e41c9d145b1e4a48bf25d336701,2026-09-19,6,2026-09-20,index_models-1,
https://www.onsemi.com/download/models/lib/fdd6n50(pspice%20model).lib,,,downloaded,2018,8586002cb261c56f9bc51a49363327a22322fa313b59e5d26d04c3766aeea34f,2026-09-19,7,2026-09-20,index_models-1,
https://www.onsemi.com/download/models/lib/fdd770n15a.lib,,,downloaded,2412,294a2a3a623c58bde38c5c2ac3e5814fc19d5599b0027d6d68ea828f1f0a0ac2,2026-09-19,7,2026-09-20,index_models-1,
https://www.onsemi.com/download/models/lib/fdd7n20tm%20(spice%20model).lib,,,downloaded,2035,aa9ad977d5f3fca50ef4ae92647a0dd0d92b4ed7cc29196bdd47c7bb0fdb95c8,2026-09-19,7,2026-09-20,index_models-1,
https://www.onsemi.com/download/models/lib/fdd7n25lz%20(spice%20model).lib,,,downloaded,2157,fc26b201ee9f20fbf107700acc327a766fc2bea9cf73544a569c861c90fb5275,2026-09-19,8,2026-09-20,index_models-1,
https://www.onsemi.com/download/models/lib/fdd8424h.lib,,,downloaded,2582,13092d29b3980d7c5ba16a33d403811f3572b68871d89144241f409a59181183,2026-09-19,12,2026-09-20,index_models-1,
https://www.onsemi.com/download/models/lib/fdd8426h.lib,,,downloaded,4234,a33de542f6d8e0c10637e52b2ac84ef9d442257d2b3e9c9b33efa96767c57bdc,2026-09-19,12,2026-09-20,index_models-1,
https://www.onsemi.com/download/models/lib/fdd8444.lib,,,downloaded,1551,5650631087c2e529deb892a2c367e7243848929e281424806b4532f0c780f21a,2026-09-19,7,2026-09-20,index_models-1,
https://www.onsemi.com/download/models/lib/fdd8445.lib,,,downloaded,1243,78f4555aeb3161af618c7f2f2cd4e641f5e4d7170344d81c93b437931b73d87d,2026-09-19,6,2026-09-20,index_models-1,
https://www.onsemi.com/download/models/lib/fdd8447l.lib,,,downloaded,1189,ea4fb219d6321b1d8750561e7054bb9a4989728cb1e6a8d78ee76beef0e76f58,2026-09-19,6,2026-09-20,index_models-1,
https://www.onsemi.com/download/models/lib/fdd8451%20pspice%20model.lib,,,downloaded,2289,a5ab6723d876d28d302c4fcfa6796398bb25d16994d868ae21867926a977b2c2,2026-09-19,7,2026-09-20,index_models-1,
https://www.onsemi.com/download/models/lib/fdd8453lz.lib,,,downloaded,1197,6cfb8cc9f3e54de78b025fc347f56c66a65599faa4435f1aa27a7fc7706709a5,2026-09-19,6,2026-09-20,index_models-1,
https://www.onsemi.com/download/models/lib/fdd86102.lib,,,downloaded,2174,d53d414592c0a63531160a77aa820e6844daf6ebd3d1d3dc502b977b63356d62,2026-09-19,7,2026-09-20,index_models-1,
https://www.onsemi.com/download/models/lib/fdd86110.lib,,,downloaded,2304,8c4ac8a4ecb3567b0fa4d4bc4dd37fdf1f4365a02f7b2b025682607afeec38d3,2026-09-19,8,2026-09-20,index_models-1,
https://www.onsemi.com/download/models/lib/fdd86113lz.lib,,,downloaded,2307,535851beb701365b6d82afa5947459a7fea09b98b03289accf3fd74e0853fea4,2026-09-19,8,2026-09-20,index_models-1,
https://www.onsemi.com/download/models/lib/fdd86250.lib,,,downloaded,2236,9c8d0bb798f6b0b68f5d713c576d49ac75e80f8e60a4fae81213eb029133d701,2026-09-19,7,2026-09-20,index_models-1,
https://www.onsemi.com/download/models/lib/fdd86252.lib,,,downloaded,2222,4b2ac3192ad5e69d2f430dacd9830f96960e6a8c3d4a559dc9c87b6e570a4688,2026-09-19,7,2026-09-20,index_models-1,
https://www.onsemi.com/download/models/lib/fdd86326.lib,,,downloaded,2180,62e136164aa72781d89c35d5442e63430e4a8143b2b3078f873449e75d6ea355,2026-09-19,7,2026-09-20,index_models-1,
https://www.onsemi.com/download/models/lib/fdd8647l.lib,,,downloaded,1255,339e046587a98f42ab38f3b6ad357b10172b4a012047d8ea404a7c75aee1f43d,2026-09-19,6,2026-09-20,index_models-1,
https://www.onsemi.com/download/models/lib/fdd86540.lib,,,downloaded,1915,5f8483e257e4bec8cba05f612ec10685db209ad9764a0280b3c9ddc7deab607d,2026-09-19,7,2026-09-20,index_models-1,
https://www.onsemi.com/download/models/lib/fdd8770.lib,,,downloaded,1212,fddaa1e426a0100fe6c26fd28017f025a6893c649d8e4afdaa05f05c7a5dfd1d,2026-09-19,6,2026-09-20,index_models-1,
https://www.onsemi.com/download/models/lib/fdd8778.lib,,,downloaded,1197,a9c878a185c298d1cf48dc9701c601a04ef68ab3e6909cb3a46301d020473490,2026-09-19,6,2026-09-20,index_models-1,
https://www.onsemi.com/download/models/lib/fdd8780.lib,,,downloaded,1213,293b7946caeaf93cfdcae643ec9aa3712fa043cff28f22bb44a933022fd0f1cc,2026-09-19,6,2026-09-20,index_models-1,
https://www.onsemi.com/download/models/lib/fdd8782.lib,,,downloaded,1212,2df211afa79cb874ed094add28fb1a4f711f9a1f2e2df0ef25f873ca499397ab,2026-09-19,6,2026-09-20,index_models-1,
https://www.onsemi.com/download/models/lib/fdd8796.lib,,,downloaded,1209,d2dcc63c7b4cfa9455e3303437258f6428067f86d5fdbd157939219add312109,2026-09-19,6,2026-09-20,index_models-1,
https://www.onsemi.com/download/models/lib/fdd8870.lib,,,downloaded,2230,6c19e7f8725a130071035faa45eb68588cd51b550d11f673fc61ea5f9c4d6f9d,2026-09-19,18,2026-09-20,index_models-1,
https://www.onsemi.com/download/models/lib/fdd8874.lib,,,downloaded,2222,795f2b99babc340cc8b95c8b2fa8f0f66ce8777862ebd5aecbc7890a0c5917dd,2026-09-19,18,2026-09-20,index_models-1,
https://www.onsemi.com/download/models/lib/fdd8876.lib,,,downloaded,2250,70bc2e3112a24c4927cc1df080d9628c7272b7f003fbbcc1a89e25dd5d7ac3d7,2026-09-19,18,2026-09-20,index_models-1,
https://www.onsemi.com/download/models/lib/fdd8878.lib,,,downloaded,2248,292778623d78c141b9972e40a733fcadddc2993c3873dbbe7cb799977e9e7a3a,2026-09-19,18,2026-09-20,index_models-1,
https://www.onsemi.com/download/models/lib/fdd8880.lib,,,downloaded,2232,5e553664e505b7e5a544fcd992f821b22fa3dbba91dc507999fca9206fd3ecea,2026-09-19,18,2026-09-20,index_models-1,
https://www.onsemi.com/download/models/lib/fdd8882.lib,,,downloaded,2240,006b0fe5977bf49e68f1f100f6afe3ab71f6b46f65b19d5fec252961b5298d7b,2026-09-19,18,2026-09-20,index_models-1,
https://www.onsemi.com/download/models/lib/fdd8896.lib,,,downloaded,2244,c1dba7d6a581004acd5acf2281f87edfe1c22a946575eb26b1d60f6a6df7e92d,2026-09-19,18,2026-09-20,index_models-1,
https://www.onsemi.com/download/models/lib/fdd8n50nz.lib,,,downloaded,1940,e9315a5d1aa9dcd2509fa34501de6caac055b949d965f095b25c46db140ffdc8,2026-09-19,7,2026-09-20,index_models-1,
https://www.onsemi.com/download/models/lib/fdfm2n111.lib,,,downloaded,1435,5eb553bcbe8b2704ebf2f6024be613573d55da25aac5449383224cdee9b8188c,2026-09-19,8,2026-09-20,index_models-1,
https://www.onsemi.com/download/models/lib/fdfma2n028z.lib,,,downloaded,1367,a7d10b0d0a1e5ed2ffe17e3d03e24233ff5b39e86124fff54b187a393ef919ad,2026-09-19,7,2026-09-20,index_models-1,
https://www.onsemi.com/download/models/lib/fdfma2p029z.lib,,,downloaded,1405,af6b956574c604847143961ddbc7a9c2a45a7efe544860067b9e21a69e076145,2026-09-19,7,2026-09-20,index_models-1,
https://www.onsemi.com/download/models/lib/fdfma2p859t.lib,,,downloaded,2178,422c4f2c15cd13314c9569269fadc15eeb82d5b8a59866fcf98889190da878b3,2026-09-19,7,2026-09-20,index_models-1,
https://www.onsemi.com/download/models/lib/fdfma3n109.lib,,,downloaded,2073,2d22c5fa3109e8bc431272120bfefad364c8051f7b5332166f6ece0523b96e8b,2026-09-19,7,2026-09-20,index_models-1,
https://www.onsemi.com/download/models/lib/fdfme3n311zt.lib,,,downloaded,2195,bec9cb004fb577cf2de6dfbc78cc37573de083896fc1d969c6435056f238173f,2026-09-19,7,2026-09-20,index_models-1,
https://www.onsemi.com/download/models/lib/fdfs2p106a.lib,,,downloaded,1461,d8d229e41cf300c051faa430fd751a21edd4bfd82ae0c4e24c32585d9c7ae14e,2026-09-19,8,2026-09-20,index_models-1,
https://www.onsemi.com/download/models/lib/fdfs2p753z.lib,,,downloaded,1370,32dee250b7e0162bc167515bb279d3a9cba19b6f9096958e8c73a482867345c4,2026-09-19,7,2026-09-20,index_models-1,
https://www.onsemi.com/download/models/lib/fdfs6n548.lib,,,downloaded,1346,78a94f6a5f5452fe30e09edc162ceca23eaab990753e16b239dbdb01000e9c8b,2026-09-19,7,2026-09-20,index_models-1,
https://www.onsemi.com/download/models/lib/fdfs6n754.lib,,,downloaded,1377,c92c758b6068ce22b31aa4fee6ba9d9a3883a93f7c0993916c8ae3b805faca54,2026-09-19,7,2026-09-20,index_models-1,
https://www.onsemi.com/download/models/lib/fdg1024nz.lib,,,downloaded,2103,fe1bb2d8d64da1962f85f7c0c032952d7c65b2a4c22d0325c95a6e359d97e6b5,2026-09-19,6,2026-09-20,index_models-1,
https://www.onsemi.com/download/models/lib/fdg327nz.lib,,,downloaded,1130,2ee21483607ab0dc12f967f4d42458ca77e598c5349d6705ed27d82ce3a16606,2026-09-19,7,2026-09-20,index_models-1,
https://www.onsemi.com/download/models/lib/fdg330p.lib,,,downloaded,1115,abe8c938134ccb100e367e0ce8c789bba4fe9a4d0cc2c1993ce4207800c21195,2026-09-19,7,2026-09-20,index_models-1,
https://www.onsemi.com/download/models/lib/fdg332pz.lib,,,downloaded,1238,5305f1fe95c950ae130cacb15de196e899da452088cc1496114c87b30540f8c3,2026-09-19,6,2026-09-20,index_models-1,
https://www.onsemi.com/download/models/lib/fdg410nz.lib,,,downloaded,2078,6cdecc2c6a43fb52b3df6439e7fa9a4e2a3ad2e7bbe3ce822ab622785c59ea82,2026-09-19,6,2026-09-20,index_models-1,
https://www.onsemi.com/download/models/lib/fdg6318pz.lib,,,downloaded,2351,982fce494a155695a6f526671b8004b775f636de323d920fb3e7c16ef98ccd29,2026-09-19,18,2026-09-20,index_models-1,
https://www.onsemi.com/download/models/lib/fdg6321c.lib,,,downloaded,2416,26abbcff7934acea95150229dd716304bff7286febdf08e4adf7e05c33db7d61,2026-09-19,14,2026-09-20,index_models-1,
https://www.onsemi.com/download/models/lib/fdg6331l.lib,,,downloaded,1485,afa120af842c726b9076c0593683976682d1277db0a7f2bb44ce57a30da1cbcc,2026-09-19,12,2026-09-20,index_models-1,
https://www.onsemi.com/download/models/lib/fdg6342l.lib,,,downloaded,2489,543734f16eba5c36a0f1eed68a7b6e329471967d2ff18fd0ef7441d772d652f0,2026-09-19,25,2026-09-20,index_models-1,
https://www.onsemi.com/download/models/lib/fdg8842cz.lib,,,downloaded,2668,5c7c3258e14789f850ae6bc7b9f5abadfe60ed0461f805c172b8806e8aa0f00f,2026-09-19,12,2026-09-20,index_models-1,
https://www.onsemi.com/download/models/lib/fdg8850nz.lib,,,downloaded,1214,4e0fc42eafd629f7223e873458bd5e723548049047ab971989579f5a048d45a0,2026-09-19,6,2026-09-20,index_models-1,
https://www.onsemi.com/download/models/lib/fdh038an08a1.lib,,,downloaded,2270,618d837a7ea5b1a9231776a942c2722ac9c6783feef05d0211b9c9655e3a4a72,2026-09-19,18,2026-09-20,index_models-1,
https://www.onsemi.com/download/models/lib/fdh15n50.lib,,,downloaded,1896,0b14438b9d21ecf068f25aeb513e6a27f248f7f61f540b58bc78d06a9b6f27c4,2026-09-19,17,2026-09-20,index_models-1,
https://www.onsemi.com/download/models/lib/fdh210n08(pspice%20model).lib,,,downloaded,2050,d2d76a61159e75fe322a69fc9d8b6357ba1ffa6a8b25e184c265988ab540269d,2026-09-19,7,2026-09-20,index_models-1,
https://www.onsemi.com/download/models/lib/fdh44n50.lib,,,downloaded,1525,a31c86339a52c3ef7c5086dc1ab7c76ad5d229dc8eeec75721a0eaabae76de13,2026-09-19,7,2026-09-20,index_models-1,
https://www.onsemi.com/download/models/lib/fdh50n50(pspice%20model).lib,,,downloaded,2038,8f5942e0c99ccafa5ce52e8dfe4e652ae393462488b859f3259d01d8eff31e2a,2026-09-19,7,2026-09-20,index_models-1,
https://www.onsemi.com/download/models/lib/fdi025n06.lib,,,downloaded,2057,cf0ee6158f5dadda5eb546608effa428a0ac0c220499179fb3e387b9f517e2d9,2026-09-19,6,2026-09-20,index_models-1,
https://www.onsemi.com/download/models/lib/fdi030n06.lib,,,downloaded,2115,f20f1a83dd62a95480ef9e4c61e4b60aedf46b6549135bfe2ef8a5864d94e4a6,2026-09-19,6,2026-09-20,index_models-1,
https://www.onsemi.com/download/models/lib/fdi040n06.lib,,,downloaded,2019,0c42234a4536918e104ee6c0bd9e4bbbf36d3aeac5424c1e9e9d4db72182dce8,2026-09-19,6,2026-09-20,index_models-1,
https://www.onsemi.com/download/models/lib/fdi045n10a_f102.lib,,,downloaded,2160,f443388b40b280556968d306422d326d370ea5ff56e7d4c163b26590c2850aeb,2026-09-19,7,2026-09-20,index_models-1,
https://www.onsemi.com/download/models/lib/fdi8441.lib,,,downloaded,1230,39bea15f98b385fc2fb0b37138a476dd755576efe01ee2ab224e31f6d2ecd37b,2026-09-19,6,2026-09-20,index_models-1,
https://www.onsemi.com/download/models/lib/fdi9406_f085.lib,,,downloaded,1933,dcb75ea424a021e76066d35575b6935855c00c5c4e7db459bb5cf1feea9e55da,2026-09-19,7,2026-09-20,index_models-1,
https://www.onsemi.com/download/models/lib/fdj1032c.lib,,,downloaded,2507,d6a060eed9df436fdef09153ff2faa48613572ec2a96ddb97e5d002836279c6f,2026-09-19,14,2026-09-20,index_models-1,
https://www.onsemi.com/download/models/lib/fdl100n50f(pspice%20model).lib,,,downloaded,2100,7eaff53a628a8031c90e77bca2cfb6237e16ce5090582768f3c713870e0ee3f9,2026-09-19,7,2026-09-20,index_models-1,
https://www.onsemi.com/download/models/lib/fdll3595%20(spice%20model).lib,,,downloaded,492,f9cc38ae58ecdae04ac9a7761966d3d9b86e0acaacda269fa63e8d37a1f6ee8c,2026-09-19,1,2026-09-20,index_models-1,
https://www.onsemi.com/download/models/lib/fdll4150.lib,,,downloaded,477,b1beaee80ea69f48424668e4d087d0463121cba5310b7a516a642c1ae7d8d4ef,2026-09-19,1,2026-09-20,index_models-1,
https://www.onsemi.com/download/models/lib/fdm3622.lib,,,downloaded,2314,d93ff96287832e2f9715e2e32e5d8c7f2b8485688dbbcab7bbe33d4d20527fef,2026-09-19,7,2026-09-20,index_models-1,
https://www.onsemi.com/download/models/lib/fdma0104.lib,,,downloaded,1909,a2fb331e4163d549b82f01521adc9a001f3bbcbf542dbd937555ce2d8bcbdc38,2026-09-19,6,2026-09-20,index_models-1,
https://www.onsemi.com/download/models/lib/fdma1023pz.lib,,,downloaded,1174,83c5b43d6dce7a215e5ecfb62d4b03ac18806a1da9e8271cc29d51baf96ff5b9,2026-09-19,6,2026-09-20,index_models-1,
https://www.onsemi.com/download/models/lib/fdma1024nz.lib,,,downloaded,1319,05e75e193990c2afd3abb9575c4a4330896541cf876f6b7a450fdaceb89057c0,2026-09-19,6,2026-09-20,index_models-1,
https://www.onsemi.com/download/models/lib/fdma1025p.lib,,,downloaded,1212,5e7c0869d5ca602cb5ae21a4c89291791c1b16f32c5a76892def1e7eb0f401c8,2026-09-19,6,2026-09-20,index_models-1,
https://www.onsemi.com/download/models/lib/fdma1028nz.lib,,,downloaded,1177,f2461988f24312c8a89c39d28fe8828cee0f38d1020c82b87b531386adc6c5c8,2026-09-19,6,2026-09-20,index_models-1,
https://www.onsemi.com/download/models/lib/fdma1029pz.lib,,,downloaded,1220,74af377055ee1d743d327b6c6c64f548fe8c4c74fa366b202fbd84ca061d11ae,2026-09-19,6,2026-09-20,index_models-1,
https://www.onsemi.com/download/models/lib/fdma1032cz.lib,,,downloaded,2601,67fc0f129b71e6be08b9940e91094af39299270170dc99090e3285d222106b8c,2026-09-19,12,2026-09-20,index_models-1,
https://www.onsemi.com/download/models/lib/fdma2002nz.lib,,,downloaded,1187,02337d070d02cd2a1bd59c7c97f6154e312a56f156e752c0bbc0efb06cc92f40,2026-09-19,6,2026-09-20,index_models-1,
https://www.onsemi.com/download/models/lib/fdma291p.lib,,,downloaded,1213,31f72f37f914c20e402bccbf86f6511f5b7335f7baa5247eaaa534f8a1805989,2026-09-19,6,2026-09-20,index_models-1,
https://www.onsemi.com/download/models/lib/fdma3023pz.lib,,,downloaded,1256,961784d3eda3b1a02779e6fcb52b9156d1bf2ff64008d3762a4ce61c3969b4ac,2026-09-19,6,2026-09-20,index_models-1,
https://www.onsemi.com/download/models/lib/fdma3028n.lib,,,downloaded,2050,2847a8f4dd02fbf0b4a9df2f17ea67b6d5a7a81756f45c98860dce4462530950,2026-09-19,6,2026-09-20,index_models-1,
https://www.onsemi.com/download/models/lib/fdma410nz.lib,,,downloaded,1263,bfa072f4c05816acfaf9ec9a1af3a906631716b4b6032c275b6bc4916e66c3a7,2026-09-19,6,2026-09-20,index_models-1,
https://www.onsemi.com/download/models/lib/fdma410nzt%20pspice.lib,,,downloaded,1168,603158423aa8a15713e8f463b6125cbd5f467f3036367d5844f5a451e11132c8,2026-09-19,6,2026-09-20,index_models-1,
https://www.onsemi.com/download/models/lib/fdma420nz.lib,,,downloaded,1222,6f2c072429bfc5ca61f987e75f8695a0d4c8b9c9a14b23f93f270ceef3dda83e,2026-09-19,6,2026-09-20,index_models-1,
https://www.onsemi.com/download/models/lib/fdma430nz.lib,,,downloaded,1244,428b3144c252710332e934875a5f5e566cd5e67715b4c7d62ffd1ad6dbcb2e7f,2026-09-19,6,2026-09-20,index_models-1,
https://www.onsemi.com/download/models/lib/fdma507pz.lib,,,downloaded,1973,55e3784aa7661a18745c36b4c444a01953bf5f51dc78c9f3f419f33ed95e07ee,2026-09-19,6,2026-09-20,index_models-1,
https://www.onsemi.com/download/models/lib/fdma510pz.lib,,,downloaded,1217,f1e48e6ef2ac9b3d28885e10e7df36c13061e849bcbebb937a8674a035f36e48,2026-09-19,6,2026-09-20,index_models-1,
https://www.onsemi.com/download/models/lib/fdma520pz.lib,,,downloaded,1191,566a6aa6efc241b856a48745f4601d467ed4dce1395f75b8f426a80c69a436e3,2026-09-19,6,2026-09-20,index_models-1,
https://www.onsemi.com/download/models/lib/fdma530pz.lib,,,downloaded,1230,c1b9df7d6046a8bbff00ee621aa67e6212f872be13a3c74f12aeb3eddf4fda86,2026-09-19,6,2026-09-20,index_models-1,
https://www.onsemi.com/download/models/lib/fdma6023pzt.lib,,,downloaded,1310,e4ab0fee3cde40e221c8d982e23e16f7c1d09725f4689d61e9f15413f8d69557,2026-09-19,6,2026-09-20,index_models-1,
https://www.onsemi.com/download/models/lib/fdma7628.lib,,,downloaded,1972,83241307dfd3edb0faa0930fffd8b5a332780a548e4f0fc61065a69ea6f20b8e,2026-09-19,6,2026-09-20,index_models-1,
https://www.onsemi.com/download/models/lib/fdma7630.lib,,,downloaded,2262,83c879e9eb8bda5df44f68ff5075f7948542d94be3101479073e092035004270,2026-09-19,7,2026-09-20,index_models-1,
https://www.onsemi.com/download/models/lib/fdma7632.lib,,,downloaded,2152,9ce7ce51e3e726d520e444b1afdad1a51983b7686172045dabc5329b6d61f681,2026-09-19,7,2026-09-20,index_models-1,
https://www.onsemi.com/download/models/lib/fdma8051l.lib,,,downloaded,2108,a93dda5647ae0e91240244db45738a2e02818e81b4c02a509d95fc39071e5c8b,2026-09-19,7,2026-09-20,index_models-1,
https://www.onsemi.com/download/models/lib/fdma86265p.lib,,,downloaded,3685,1ba5b8e339c5b648974c539df4af93a0e14d73b799916a0d1a53c34131b27762,2026-09-19,7,2026-09-20,index_models-1,
https://www.onsemi.com/download/models/lib/fdma86551l.lib,,,downloaded,2087,08123c4e2f3f2c7bde146375038c3459e97fffc4e6d90c8db4a649f8dbb6293c,2026-09-19,7,2026-09-20,index_models-1,
https://www.onsemi.com/download/models/lib/fdma8878.lib,,,downloaded,1949,e29a032abcdd88f37942e3d84351eb8c1492a5902bb76e75f45844e8b25e3aa9,2026-09-19,7,2026-09-20,index_models-1,
https://www.onsemi.com/download/models/lib/fdma8884.lib,,,downloaded,2135,eab212c4cfcf8e9cb41d954a9808cba6094310bb831bfe1d2fa71ec8e4b7ee2f,2026-09-19,7,2026-09-20,index_models-1,
https://www.onsemi.com/download/models/lib/fdma905p.lib,,,downloaded,1792,d42493aa002559a42c676466b8d8d3837746327c8f196c08eee4b46253d4e492,2026-09-19,6,2026-09-20,index_models-1,
https://www.onsemi.com/download/models/lib/fdma908pz.lib,,,downloaded,1780,39c565921c203cc67fbd2785746dea77933d372810df19a56526244608274815,2026-09-19,6,2026-09-20,index_models-1,
https://www.onsemi.com/download/models/lib/fdma910pz.lib,,,downloaded,1983,9558ca2d7b44823238e7a6531f76b817e1684305ca903946b24a033670edf8d0,2026-09-19,6,2026-09-20,index_models-1,
https://www.onsemi.com/download/models/lib/fdmb2307nz.lib,,,downloaded,2306,02d4cdd5867396ef88e359020a6e151cb92458369343cda1e6fdbabe77fc137b,2026-09-19,8,2026-09-20,index_models-1,
https://www.onsemi.com/download/models/lib/fdmb2308pz.lib,,,downloaded,2065,774c706367d3b747298a6fceaa80e10d6299bdd691e0d266df4faf066414b5c8,2026-09-19,8,2026-09-20,index_models-1,
https://www.onsemi.com/download/models/lib/fdmb3800n.lib,,,downloaded,1952,b0cdfdb9c6ec6137cd2ed2cc09cadeceb38c574098e9dcabe9e49a7ba0495fea,2026-09-19,6,2026-09-20,index_models-1,
https://www.onsemi.com/download/models/lib/fdmb668p.lib,,,downloaded,1198,00574e438858d82598899c460ff2bb2eaf6f90d5f08a106becf66a2e3e406442,2026-09-19,6,2026-09-20,index_models-1,
https://www.onsemi.com/download/models/lib/fdmc0310as.lib,,,downloaded,2354,fe123005abf443602ccdae42546334a37b6f500a07f01601360a9b99ac1f0efd,2026-09-19,8,2026-09-20,index_models-1,
https://www.onsemi.com/download/models/lib/fdmc2512sdc.lib,,,downloaded,2299,f7830bd46b0970b2ae109cca217c73777ba211256028f2c42604b6fb23c01406,2026-09-19,8,2026-09-20,index_models-1,
https://www.onsemi.com/download/models/lib/fdmc2514sdc.lib,,,downloaded,2299,5ffb0b8eee99c27d43f6a1b3e37c1473afe5fe07c2f78080900344f293734d57,2026-09-19,8,2026-09-20,index_models-1,
https://www.onsemi.com/download/models/lib/fdmc2523p.lib,,,downloaded,2077,eb8458adfcfc58e6648bbbe14d4a8887cb7ce6c0cddb4233e7b39add088d17b0,2026-09-19,7,2026-09-20,index_models-1,
https://www.onsemi.com/download/models/lib/fdmc2610.lib,,,downloaded,1600,35f4d6075452190e753b2522ede83b4934092a29b6327a96abffd908162f69f1,2026-09-19,7,2026-09-20,index_models-1,
https://www.onsemi.com/download/models/lib/fdmc2674.lib,,,downloaded,1181,780cb9893f9f0d61546a28bbf878bbc6666a4e8018829a2e95c51bb8ff478a8f,2026-09-19,6,2026-09-20,index_models-1,
https://www.onsemi.com/download/models/lib/fdmc3020dc.lib,,,downloaded,2172,254135559072a4876251999d0b544cd085c09fd780ba9eaa6828f121d7306a02,2026-09-19,6,2026-09-20,index_models-1,
https://www.onsemi.com/download/models/lib/fdmc3612.lib,,,downloaded,1906,c74c0dad12751ca170db0ad5ec667593da032c3464556a0c80fe4d5498de8796,2026-09-19,6,2026-09-20,index_models-1,
https://www.onsemi.com/download/models/lib/fdmc4435bz.lib,,,downloaded,1395,ac16938cedc8acfaa38a2c556d11d0b5086293b4d473e887a307b1dfe8f89d17,2026-09-19,7,2026-09-20,index_models-1,
https://www.onsemi.com/download/models/lib/fdmc510p.lib,,,downloaded,1961,7f4f23aefaf87b9ab486287660ebc26a3898b9230c223cce3b8d9331f69cb6f5,2026-09-19,6,2026-09-20,index_models-1,
https://www.onsemi.com/download/models/lib/fdmc612pz.lib,,,downloaded,1924,74c62919866c489b21d98b1eeb0e4c8002d795b252a328e203312beb1e4e6027,2026-09-19,7,2026-09-20,index_models-1,
https://www.onsemi.com/download/models/lib/fdmc6679az.lib,,,downloaded,1269,385ced56a20d748af819a06f9bac2b09036a3c1e466c9f1912735e690b0a7914,2026-09-19,6,2026-09-20,index_models-1,
https://www.onsemi.com/download/models/lib/fdmc6890nz.lib,,,downloaded,2548,da1780e69cabdf4bdcb6185cb47d218238af4cc0bc661da98ee89ca321d90d95,2026-09-19,12,2026-09-20,index_models-1,
https://www.onsemi.com/download/models/lib/fdmc7200.lib,,,downloaded,4255,acfcc95620755e2956ec5f3ba4759bf9fad2e8ca0c60769cbba4462183b377b5,2026-09-19,12,2026-09-20,index_models-1,
https://www.onsemi.com/download/models/lib/fdmc7200s.lib,,,downloaded,4864,21732d90a7405aa1cfda704c5ebc53f198a7853b13d146087c9e60462258efb4,2026-09-19,17,2026-09-20,index_models-1,
https://www.onsemi.com/download/models/lib/fdmc7208s.lib,,,downloaded,3312,3dc56e5bd06e257fa67d9c38f94adae44777969eabb95d363f724f530c644cbb,2026-09-19,15,2026-09-20,index_models-1,
https://www.onsemi.com/download/models/lib/fdmc7570s.lib,,,downloaded,2147,ef2f460575e7b447140ee8028167461fad1f3f23a87435949b63b3693df54f5f,2026-09-19,8,2026-09-20,index_models-1,
https://www.onsemi.com/download/models/lib/fdmc7572s.lib,,,downloaded,2292,5c5e99d12d1b2f8f7d71787598468d6a59f2307b8d235969c64a13588ad48c9e,2026-09-19,8,2026-09-20,index_models-1,
https://www.onsemi.com/download/models/lib/fdmc7582.lib,,,downloaded,1918,39dd8ef045635e658b75ab3f900dbd12f40ab7aabf55143c812dcf3bcd693727,2026-09-19,7,2026-09-20,index_models-1,
https://www.onsemi.com/download/models/lib/fdmc7660.lib,,,downloaded,2246,f754077022d665767a819d704253ea428fffd6a4e971fc63d19b2bf289d24212,2026-09-19,7,2026-09-20,index_models-1,
https://www.onsemi.com/download/models/lib/fdmc7660dc.lib,,,downloaded,2044,24c3f138c7aac48b494a4e8a2b82f4aabb7f4bb450192d6e2410dbb442f9f8d1,2026-09-19,7,2026-09-20,index_models-1,
https://www.onsemi.com/download/models/lib/fdmc7660s.lib,,,downloaded,2308,9b1030803ae0f8b06560bd808acc523460187d95fb5f81aff6a68a86658cd9c8,2026-09-19,8,2026-09-20,index_models-1,
https://www.onsemi.com/download/models/lib/fdmc7664.lib,,,downloaded,2291,2c59c9b575d468d1bcfdf819cbf03d2e2fb948623ebf2fc33f306c15ce3e7b09,2026-09-19,7,2026-09-20,index_models-1,
https://www.onsemi.com/download/models/lib/fdmc7672.lib,,,downloaded,2271,aba232d21c551f33b7881a703ff77671dcbf5117180990dc9a2fdd4de1af7992,2026-09-19,7,2026-09-20,index_models-1,
https://www.onsemi.com/download/models/lib/fdmc7672s.lib,,,downloaded,2440,19617b600534c41a8e364a869ede8443a616d9f9f102a8b5f0af541e1bd87aae,2026-09-19,8,2026-09-20,index_models-1,
https://www.onsemi.com/download/models/lib/fdmc7678_simetrix.lib,,,downloaded,3078,8d2e885e99163625f719432a30c1ea705bc9d82e9760a6fcd84f884d9c296ea5,2026-09-19,1,2026-09-20,index_models-1,
https://www.onsemi.com/download/models/lib/fdmc7680.lib,,,downloaded,2282,2f0da28bc1ee70c488545505657d220f71ae2dd277c719c1ddd81339ad4197ff,2026-09-19,7,2026-09-20,index_models-1,
https://www.onsemi.com/download/models/lib/fdmc7692.lib,,,downloaded,2292,85ba4ef6b9499e312dfb068f004d06d904d2ddeead0571529dc2827854532663,2026-09-19,7,2026-09-20,index_models-1,
https://www.onsemi.com/download/models/lib/fdmc7692s.lib,,,downloaded,2288,929738f2795279d1e7864fcd87071079b2b4d608286728e28410514b063638c6,2026-09-19,8,2026-09-20,index_models-1,
https://www.onsemi.com/download/models/lib/fdmc7696.lib,,,downloaded,2067,16f75420a82836d350a44ffc5014557b7152fd78fd67473c8dcf7a9a53478801,2026-09-19,7,2026-09-20,index_models-1,
https://www.onsemi.com/download/models/lib/fdmc8010.lib,,,downloaded,1925,af0755097d647d4af1ad943eaaf82c357bcff28aba8a4f0112222e1a113db7c4,2026-09-19,7,2026-09-20,index_models-1,
https://www.onsemi.com/download/models/lib/fdmc8015l_spice.lib,,,downloaded,1045,d9839e0c709cca598454b170f16bd3df31531c4562409f709a506c21a2352a92,2026-09-19,6,2026-09-20,index_models-1,
https://www.onsemi.com/download/models/lib/fdmc8026s.lib,,,downloaded,2270,c991d2cf52a8a08702c6f1a535f79699804caaa22972f89af8a734bfdb326da3,2026-09-19,8,2026-09-20,index_models-1,
https://www.onsemi.com/download/models/lib/fdmc8030.lib,,,downloaded,2156,15c57154bf882f951448eb6151710fda4fe704844807b195cca818c8b56110dd,2026-09-19,7,2026-09-20,index_models-1,
https://www.onsemi.com/download/models/lib/fdmc8032l.lib,,,downloaded,2138,7d63259c30a606d34399416dd888707a8810cb0824d167ec4299bec79537f4ef,2026-09-19,7,2026-09-20,index_models-1,
https://www.onsemi.com/download/models/lib/fdmc8200.lib,,,downloaded,4255,27237a45d0e2599c64e0113c47abf2e0c7026cad22d31750f362bec1c28602fb,2026-09-19,12,2026-09-20,index_models-1,
https://www.onsemi.com/download/models/lib/fdmc8200s.lib,,,downloaded,4730,cd073ffc8151bbe9eafa8475185fcdf1aec6d43c32ce378580d8a493559f9d0b,2026-09-19,17,2026-09-20,index_models-1,
https://www.onsemi.com/download/models/lib/fdmc8296.lib,,,downloaded,1183,1ff1613ead5284a39ceaa20e612363bfb37713d4fa2d3bf58725a95998a9de8f,2026-09-19,6,2026-09-20,index_models-1,
https://www.onsemi.com/download/models/lib/fdmc8321l.lib,,,downloaded,1607,3f5b5ca117de40e7096556aecefd1cb9a410a340b4034684d1d8277b6566f257,2026-09-19,7,2026-09-20,index_models-1,
https://www.onsemi.com/download/models/lib/fdmc8360l.lib,,,downloaded,1932,02855489b6cd6e0861bbdaa7bcf68adfd9d4c6c9926b303faaca54f90513ce43,2026-09-19,7,2026-09-20,index_models-1,
https://www.onsemi.com/download/models/lib/fdmc8554.lib,,,downloaded,1186,5c319e07c8fc147ce8c234860ec061cb098c0bd5886e2489f9760bb52d0cf51c,2026-09-19,6,2026-09-20,index_models-1,
https://www.onsemi.com/download/models/lib/fdmc8588.lib,,,downloaded,1778,0e9aecbd1bbf78b557d89aa39899a0910290372f6244290ba5137e1474ebdb9b,2026-09-19,6,2026-09-20,index_models-1,
https://www.onsemi.com/download/models/lib/fdmc8588dc.lib,,,downloaded,1780,70245af174a40aad6928f324a65ba8b3a3fae3783e902487cadedd9fc0ac2d33,2026-09-19,5,2026-09-20,index_models-1,
https://www.onsemi.com/download/models/lib/fdmc86012.lib,,,downloaded,1951,863dd27c19d1bdf72ae328c70c30005633c6e7c66a8f7db26b735431f6cf882e,2026-09-19,7,2026-09-20,index_models-1,
https://www.onsemi.com/download/models/lib/fdmc86102.lib,,,downloaded,2114,e6e169e9f9da0cf7806e2d307b9cc1d885f1578c876ca41d977a8a98869ed928,2026-09-19,6,2026-09-20,index_models-1,
https://www.onsemi.com/download/models/lib/fdmc86102l.lib,,,downloaded,2236,9c35297d096c348511752e6a8be389a0a7f53b97df8d6ba7fc63cbc56b3d3faa,2026-09-19,7,2026-09-20,index_models-1,
https://www.onsemi.com/download/models/lib/fdmc86102lz.lib,,,downloaded,2328,7491ec6aa6ad701b1f1346ee00d4205db097f187bb1604731ea32d234ac13bd9,2026-09-19,8,2026-09-20,index_models-1,
https://www.onsemi.com/download/models/lib/fdmc86116lz.lib,,,downloaded,1928,f8713ffa7c8d14779c59c6008c766b0639a1577d42327e9f33cc568fa9acbe67,2026-09-19,7,2026-09-20,index_models-1,
https://www.onsemi.com/download/models/lib/fdmc86160.lib,,,downloaded,2096,3f31bd8ea393cc2ba0f5f39318ed9fc9be3c5f1714fd00abeed75302648323f5,2026-09-19,7,2026-09-20,index_models-1,
https://www.onsemi.com/download/models/lib/fdmc8622.lib,,,downloaded,1956,ad332559fa2e8a590a92f3844b4ba128d271031031f54561e9bd009c4c15beda,2026-09-19,7,2026-09-20,index_models-1,
https://www.onsemi.com/download/models/lib/fdmc86240.lib,,,downloaded,1979,e61f73d292ab4db086c5e3bb3dc193318b4f52953efe26752d61cc71d48b9354,2026-09-19,7,2026-09-20,index_models-1,
https://www.onsemi.com/download/models/lib/fdmc86244.lib,,,downloaded,2242,9505c6b8b779b347d80551df662b1f8443704b49f5a802fe8ba8d17ff3bcbd7d,2026-09-19,7,2026-09-20,index_models-1,
https://www.onsemi.com/download/models/lib/fdmc86248.lib,,,downloaded,1938,d7870b2298199ff6451d421a740f997e4a09078f08331e5bc06432367ace4794,2026-09-19,7,2026-09-20,index_models-1,
https://www.onsemi.com/download/models/lib/fdmc86260.lib,,,downloaded,3851,13da515347fceb5db1858562814d7781664e3da37d3b001b1765ce81efc3276f,2026-09-19,7,2026-09-20,index_models-1,
https://www.onsemi.com/download/models/lib/fdmc86261p.lib,,,downloaded,3687,a0ce4924d8c43635c5394223517210a5508414ccd4104e86a36eabef4449311c,2026-09-19,7,2026-09-20,index_models-1,
https://www.onsemi.com/download/models/lib/fdmc86265p.lib,,,downloaded,3685,56e146bcbe67c2154855accc4c9d5c1ed7a4982eeb24fc128592d479294beb53,2026-09-19,7,2026-09-20,index_models-1,
https://www.onsemi.com/download/models/lib/fdmc86320.lib,,,downloaded,2309,0ac8011ff850fa215a3bbebd71c72358e1c15df6250f8173010539499c848ac4,2026-09-19,8,2026-09-20,index_models-1,
https://www.onsemi.com/download/models/lib/fdmc86324.lib,,,downloaded,1982,482c1cb3e117da9f4d48816df44ea2039582d5e6ea4ca74e6dfdf37f929a5790,2026-09-19,6,2026-09-20,index_models-1,
https://www.onsemi.com/download/models/lib/fdmc8651.lib,,,downloaded,1229,eabb8da17a73e3fb9613e12d5c5c70382a49d3c3fed0954e4b2be45eb29de9ad,2026-09-19,6,2026-09-20,index_models-1,
https://www.onsemi.com/download/models/lib/fdmc86520dc.lib,,,downloaded,1934,156a8635a4215a3b01412128b74ef7f87a24136e813ec94362fb9a77a1fbc0c1,2026-09-19,7,2026-09-20,index_models-1,
https://www.onsemi.com/download/models/lib/fdmc86520l.lib,,,downloaded,2136,6cc7e2f8e1dc64707d393982f5a4f16912e2c2ad7ae309e4646ba6a5a6ee2a2a,2026-09-19,7,2026-09-20,index_models-1,
https://www.onsemi.com/download/models/lib/fdmc86570l.lib,,,downloaded,2008,36ac599d9a92fb8a00855db126e83f390993d0b1db41f5107482e8d6e1c2d2fb,2026-09-19,7,2026-09-20,index_models-1,
https://www.onsemi.com/download/models/lib/fdmc8676.lib,,,downloaded,1214,09bbdac76d446d823e29bd3ca052a7e9012cd1854b1f52543f6aa18eade9be94,2026-09-19,6,2026-09-20,index_models-1,
https://www.onsemi.com/download/models/lib/fdmc8678s.lib,,,downloaded,1354,2a1afee299204b9e9c6acbff5be972bff62d1184fbe2b38a9281459213c6ec42,2026-09-19,7,2026-09-20,index_models-1,
https://www.onsemi.com/download/models/lib/fdmc8854.lib,,,downloaded,1216,5292c5eab7881c3f86fba5de59cf2379cfe35b814f09ceb7282a950a6e24a4e9,2026-09-19,6,2026-09-20,index_models-1,
https://www.onsemi.com/download/models/lib/fdmc8878.lib,,,downloaded,1211,4f720407431f07c75b301ac06ec74e3c86c81a66bcaa4507cc494fde64883d62,2026-09-19,6,2026-09-20,index_models-1,
https://www.onsemi.com/download/models/lib/fdmc8882.lib,,,downloaded,2114,155df419157b659817cd8759459b3913bc894c0eea9bf007727ecd427531aae4,2026-09-19,6,2026-09-20,index_models-1,
https://www.onsemi.com/download/models/lib/fdmc89521l.lib,,,downloaded,1925,8d10f2bda80fd018362e5490eab4799bc81456b653e61747e12f800f9ad80f9a,2026-09-19,7,2026-09-20,index_models-1,
https://www.onsemi.com/download/models/lib/fdmc9430l_f085_simetrix_encrypted.lib,,,downloaded,2877,6be4abb6615cb9bbcb09606ab2d87df2cf0f016a7e886202e117dcd779ae2d2c,2026-09-19,1,2026-09-20,index_models-1,
https://www.onsemi.com/download/models/lib/fdmd84100.lib,,,downloaded,2138,150b91fac318db27c29e241a67ecb168c9ee011d39fa412e998aad5d8287feec,2026-09-19,7,2026-09-20,index_models-1,
https://www.onsemi.com/download/models/lib/fdmd85100_simetrix_encrypted.lib,,,downloaded,52478,ea45e11d589d825469a060f33c47a124e097861e8846066e024b78b56329a71b,2026-09-19,6,2026-09-20,index_models-1,
https://www.onsemi.com/download/models/lib/fdme1023pzt.lib,,,downloaded,1982,2b5bbfaaf80d13e0aaa51bc310eeccc3feabcd8696343a60fb9e034d1a2774a7,2026-09-19,6,2026-09-20,index_models-1,
https://www.onsemi.com/download/models/lib/fdme1024nzt.lib,,,downloaded,2120,1a2ec1172ea3d4c16759c7cea84746bd61f2c57a79299334d029c017bf0ecca6,2026-09-19,7,2026-09-20,index_models-1,
https://www.onsemi.com/download/models/lib/fdme1034czt.lib,,,downloaded,3253,6e9d6650ef35d62be744e36afaaa4dfbf7a3ce0feb15ac84bfda57a67a6d00b0,2026-09-19,12,2026-09-20,index_models-1,
https://www.onsemi.com/download/models/lib/fdme410nzt.lib,,,downloaded,2060,26c35d0d79aa12ced62452c0b7dab5107f8a02ba4f3d302ffe99acafe7e45d31,2026-09-19,6,2026-09-20,index_models-1,
https://www.onsemi.com/download/models/lib/fdme510pzt.lib,,,downloaded,2139,28ce403eeed7107328afec0f4dc8894b616164675bd3b43cc0f8726918a9eccd,2026-09-19,6,2026-09-20,index_models-1,
https://www.onsemi.com/download/models/lib/fdme820nzt%20spice.lib,,,downloaded,2142,bf4a54e5d0053e50132d4faa37ef95df833b0cf3002b625c8b45a790579a80d0,2026-09-19,8,2026-09-20,index_models-1,
https://www.onsemi.com/download/models/lib/fdmf6700.lib,,,downloaded,33593,b6f1dacc8fda2852102ac72861d2bd3780d23b60cde961201ba17125c50a316f,2026-09-19,91,2026-09-20,index_models-1,
https://www.onsemi.com/download/models/lib/fdmf8704.lib,,,downloaded,25798,af6a912242a36fe8e74b7249cf4102cec36e1be020cffd63b0889a3ba297f38d,2026-09-19,75,2026-09-20,index_models-1,
https://www.onsemi.com/download/models/lib/fdmf8704v.lib,,,downloaded,26300,fea1b72f869bcb5516fe12e1fc3867f63e8edb4a511d7c82f1cfba6b0ac0b338,2026-09-19,75,2026-09-20,index_models-1,
https://www.onsemi.com/download/models/lib/fdmj1023pz.lib,,,downloaded,1180,93d0e8e1d2deb417e061e5bfb6ed58dab37bba981554dfcbbae1337b5b9e2006,2026-09-19,6,2026-09-20,index_models-1,
https://www.onsemi.com/download/models/lib/fdml7610s.lib,,,downloaded,4603,324d886fd8d7262ab29e7da6860d888240ff4a48a60e8304758d4f951f0fa683,2026-09-19,15,2026-09-20,index_models-1,
https://www.onsemi.com/download/models/lib/fdmq8203.lib,,,downloaded,3367,573854b42b311a6cea0d6de794ca8eb495c08d2902c867efde8a3851896103d2,2026-09-19,13,2026-09-20,index_models-1,
https://www.onsemi.com/download/models/lib/fdmq8403.lib,,,downloaded,1927,961a885de2c853109c030167f9db1a6b5071f5d70ef0c61992b49fbbc86061d9,2026-09-19,7,2026-09-20,index_models-1,
https://www.onsemi.com/download/models/lib/fdmq86530l.lib,,,downloaded,1920,60d6449aa6ae63b4bb177fa03f2788091fd8c4fa86c175ef2b292f4979e7e48d,2026-09-19,7,2026-09-20,index_models-1,
https://www.onsemi.com/download/models/lib/fdms015n04b.lib,,,downloaded,2023,324de330e2d15b25d4ff78957259630aca96b26f9a980a664c37a014e45ff386,2026-09-19,7,2026-09-20,index_models-1,
https://www.onsemi.com/download/models/lib/fdms0302s.lib,,,downloaded,2582,fe60bfd9184b6812b7374fe39716395ec3b3183942257ecd9872f28bfdd42ffe,2026-09-19,8,2026-09-20,index_models-1,
https://www.onsemi.com/download/models/lib/fdms0306as.lib,,,downloaded,2619,b11ef6d238ccf238feca1b6db9cc2c9d357cb5242335e0264f36069e5e26dfc3,2026-09-19,17,2026-09-20,index_models-1,
https://www.onsemi.com/download/models/lib/fdms0308cs.lib,,,downloaded,2400,dbb1928cd6c2aa34577f78072edbad862af0c6334a1588f0560b4fd0d62df7fc,2026-09-19,8,2026-09-20,index_models-1,
https://www.onsemi.com/download/models/lib/fdms0309as.lib,,,downloaded,2315,f5e9835475fee48caed29f6c9b3185d8f59812a0b448b6c6ee4dc4c727afd888,2026-09-19,8,2026-09-20,index_models-1,
https://www.onsemi.com/download/models/lib/fdms030n06b.lib,,,downloaded,1937,ca3ce2e7257f7eb6c75e399d56911a48df2124f2c6f786c6e8957a0d01cb674c,2026-09-19,7,2026-09-20,index_models-1,
https://www.onsemi.com/download/models/lib/fdms0310as.lib,,,downloaded,2259,230dd0787225afd10271fd96a2054750bdccdd3d87739402377dae63864f96ad,2026-09-19,8,2026-09-20,index_models-1,
https://www.onsemi.com/download/models/lib/fdms0312s.lib,,,downloaded,2393,cede27c5164253179932515b39ae4d7e19c72704516fd1e12dd20c3249cfd3bc,2026-09-19,8,2026-09-20,index_models-1,
https://www.onsemi.com/download/models/lib/fdms037n08b.lib,,,downloaded,1962,14116b8c078165ba615823a73a98658b550a1d6948d47d1173c2f463c9cb747c,2026-09-19,7,2026-09-20,index_models-1,
https://www.onsemi.com/download/models/lib/fdms039n08b.lib,,,downloaded,1853,5b3f5b3b22c3da962699db7b9d2e23b8c6783b3c9932bbf4b4ac14c448e83086,2026-09-19,7,2026-09-20,index_models-1,
https://www.onsemi.com/download/models/lib/fdms2504sdc.lib,,,downloaded,2398,9be165b1f72ba4773c633d29a336402bc719f67facef8798b2e01c7216b64b9c,2026-09-19,8,2026-09-20,index_models-1,
https://www.onsemi.com/download/models/lib/fdms2506sdc.lib,,,downloaded,2483,644c20fd5f1ba804a255cef354e3c6bc78e83caedfb1a3e95b51840ff745d07b,2026-09-19,8,2026-09-20,index_models-1,
https://www.onsemi.com/download/models/lib/fdms2508sdc.lib,,,downloaded,2383,f0ae81d342f785d762313fc9a3c6052d1750c38544af81c1bc895c6a6f1cd721,2026-09-19,8,2026-09-20,index_models-1,
https://www.onsemi.com/download/models/lib/fdms2510sdc.lib,,,downloaded,2385,db0f599d6edb13d703cc7c4a9f8d2ac083eb778b15c73d4a143cf3e82df0bc39,2026-09-19,8,2026-09-20,index_models-1,
https://www.onsemi.com/download/models/lib/fdms2572.lib,,,downloaded,1189,604104e09f680aa7c6d2104bdda8707cfbbf7ac6525f94794fd40c78c563ffe1,2026-09-19,6,2026-09-20,index_models-1,
https://www.onsemi.com/download/models/lib/fdms2734.lib,,,downloaded,1189,ff354bd8c7d25fdd8774d88f42d2d05a6965105415f90a670864681d1fd8131a,2026-09-19,6,2026-09-20,index_models-1,
https://www.onsemi.com/download/models/lib/fdms3006sdc.lib,,,downloaded,2272,73841b09dbc90bfc52be8fd898584f048ac28e9abcfc514ba9cb8564a73c3f9e,2026-09-19,8,2026-09-20,index_models-1,
https://www.onsemi.com/download/models/lib/fdms3008sdc.lib,,,downloaded,2287,c0208da5b30f646b67f425fcc1bb3cd15c097563ca985276b41a9b3a8f9746b9,2026-09-19,8,2026-09-20,index_models-1,
https://www.onsemi.com/download/models/lib/fdms3016dc.lib,,,downloaded,1987,f80aeb66087eb51c1031ac2c38ca1bdcb890e2ffbc26a9b2a1fb22ec6a45f0d1,2026-09-19,6,2026-09-20,index_models-1,
https://www.onsemi.com/download/models/lib/fdms3500.lib,,,downloaded,1228,792622807b04e79309746479969df024939b1d4af572c471caca1823e8ccdf84,2026-09-19,6,2026-09-20,index_models-1,
https://www.onsemi.com/download/models/lib/fdms3572.lib,,,downloaded,1174,c4c12b5061ae7d0e7138f874eda170e3e76a42e7994625af1bf3132a589570ce,2026-09-19,6,2026-09-20,index_models-1,
https://www.onsemi.com/download/models/lib/fdms3600as.lib,,,downloaded,3730,f80070d17f77b77543cc63342be5af35bd606a3a0a0ac64d8c2e86e047b6065b,2026-09-19,15,2026-09-20,index_models-1,
https://www.onsemi.com/download/models/lib/fdms3602s.lib,,,downloaded,4580,376b9c3c1478c20fcbf23727ea8b150ff7ebdda69953d79b565234148ffaf935,2026-09-19,15,2026-09-20,index_models-1,
https://www.onsemi.com/download/models/lib/fdms3604s.lib,,,downloaded,4591,b048fcd15afcc86f5513985ed4378b3b2b7e4eb45e1a8275072b646643fc7db4,2026-09-19,15,2026-09-20,index_models-1,
https://www.onsemi.com/download/models/lib/fdms3606as.lib,,,downloaded,4726,6038fdb8b82f74ad4fae96e0ffc86c3f5c913f2a3dd2e5d8bc2f70f45e375cb1,2026-09-19,15,2026-09-20,index_models-1,
https://www.onsemi.com/download/models/lib/fdms3606s.lib,,,downloaded,4594,500904d077d2cee510f071db9666599f1b49851ee7a91c526231763eb0bdaea6,2026-09-19,15,2026-09-20,index_models-1,
https://www.onsemi.com/download/models/lib/fdms3615s.lib,,,downloaded,4217,99443995d044fced00a33ec557a23b26ec15997477960bd7cdfe999cace933dd,2026-09-19,16,2026-09-20,index_models-1,
https://www.onsemi.com/download/models/lib/fdms3620s.lib,,,downloaded,4719,f85197079b79e537865f37c5a8a67ac67488d034595dc4bb8c285487b0564005,2026-09-19,17,2026-09-20,index_models-1,
https://www.onsemi.com/download/models/lib/fdms3622s_revb.lib,,,downloaded,4777,3d4711330bc06f6d671a0c73d5ec6ec517bd3447b5bc3f5816f856a0a79adced,2026-09-19,17,2026-09-20,index_models-1,
https://www.onsemi.com/download/models/lib/fdms3624s.lib,,,downloaded,3791,eb5a8cee154c6482ebc101785f0e75082e68d452543f8a2553d5c87512b9fa94,2026-09-19,16,2026-09-20,index_models-1,
https://www.onsemi.com/download/models/lib/fdms3626s.lib,,,downloaded,4604,a0d5581ce11566dbc91c65d893c21fb2ea85be233e9531b6e68993d39fe639a2,2026-09-19,17,2026-09-20,index_models-1,
https://www.onsemi.com/download/models/lib/fdms3660as.lib,,,downloaded,3425,32e58ccfe8402415a2aac5a96fb5b30cba4208ed130e608395ee213fada702e2,2026-09-19,15,2026-09-20,index_models-1,
https://www.onsemi.com/download/models/lib/fdms3660s.lib,,,downloaded,3564,cdebf4bcd078aa8d481fc63f38a4b99e3fc570da330391f79dcd4a4032d1ce04,2026-09-19,15,2026-09-20,index_models-1,
https://www.onsemi.com/download/models/lib/fdms3662.lib,,,downloaded,1223,7e7bc7e762f23ad53de9899a5627ddf80b5b7329ddf50c97cb747ea416639cbf,2026-09-19,6,2026-09-20,index_models-1,
https://www.onsemi.com/download/models/lib/fdms3664s_revb.lib,,,downloaded,3228,1ca689bc8aa0e2854bbff4ab2e399629af05aa8a34d0cffdb43417afbf637cd0,2026-09-19,15,2026-09-20,index_models-1,
https://www.onsemi.com/download/models/lib/fdms3668s_revb.lib,,,downloaded,4128,f6dbc312817929eaaf0ff09ffe64315e6f361997143749357f661a4c21c1604b,2026-09-19,15,2026-09-20,index_models-1,
https://www.onsemi.com/download/models/lib/fdms3669s.lib,,,downloaded,3531,50f6cdf3ae57731d42800768364437fa38cd7cd20f5a2fb3128b27a6ea569f3f,2026-09-19,15,2026-09-20,index_models-1,
https://www.onsemi.com/download/models/lib/fdms3672.lib,,,downloaded,1195,212606607d32d05abc5d7c99ecd2f9842826ce1269678d3359796e97415a72db,2026-09-19,6,2026-09-20,index_models-1,
https://www.onsemi.com/download/models/lib/fdms3686s.lib,,,downloaded,3253,b1f662b31f6c78e77c917bc3e8e6583070e362a755f58d0f0b5298c31355cb52,2026-09-19,15,2026-09-20,index_models-1,
https://www.onsemi.com/download/models/lib/fdms4435bz.lib,,,downloaded,1985,e99de679fa00f63beab3562f3e1bfac8c4d0a4ae5b1d858e3223410e766f8719,2026-09-19,6,2026-09-20,index_models-1,
https://www.onsemi.com/download/models/lib/fdms5352.lib,,,downloaded,1185,5dab7558114399903674c7940d29878ac2ceffd947af38aa92a8e8189350d125,2026-09-19,6,2026-09-20,index_models-1,
https://www.onsemi.com/download/models/lib/fdms5672.lib,,,downloaded,1210,0ed434aa504abec710e4d5e4c3ef6c754bcd506ef1f34a0b66148c2810427b6a,2026-09-19,6,2026-09-20,index_models-1,
https://www.onsemi.com/download/models/lib/fdms6673bz.lib,,,downloaded,1270,f11817342e9e4e15c2919f21ad299907e70530ef1f7a0a40cf4ad0bca2f30c3a,2026-09-19,6,2026-09-20,index_models-1,
https://www.onsemi.com/download/models/lib/fdms6681z.lib,,,downloaded,1252,45ccebe07c8ed6030fef1345431d7b8514355a60ef2d981cc366e989dc952c0d,2026-09-19,6,2026-09-20,index_models-1,
https://www.onsemi.com/download/models/lib/fdms7556s.lib,,,downloaded,2274,f6e89c62528b8af7869e2ffd29d547975b680b6b70e2a66bef2d31882fbc48e2,2026-09-19,8,2026-09-20,index_models-1,
https://www.onsemi.com/download/models/lib/fdms7558s.lib,,,downloaded,2293,d4742d07cea0cd297e6eb7cea6737478db774371aa913b3b5c653e1cc4b21c94,2026-09-19,8,2026-09-20,index_models-1,
https://www.onsemi.com/download/models/lib/fdms7560s.lib,,,downloaded,2305,53ef138883c9a8df7a367f471724ce87e7ffff1bba9769582f13311490c5b416,2026-09-19,8,2026-09-20,index_models-1,
https://www.onsemi.com/download/models/lib/fdms7570s.lib,,,downloaded,2293,96b3b7386a7d0676f20fe87288c79133941e9659ef2f60f7eb4f46bfe87d0726,2026-09-19,8,2026-09-20,index_models-1,
https://www.onsemi.com/download/models/lib/fdms7572s.lib,,,downloaded,2291,606e8b47e5247f3eca2f2693a62004e755794ddd696adc9f54d11fbd7264eea4,2026-09-19,8,2026-09-20,index_models-1,
https://www.onsemi.com/download/models/lib/fdms7578.lib,,,downloaded,2235,59c41d10065b503c9989859720a60861e9f4539c2c41867aaaa30ad25794fc7b,2026-09-19,7,2026-09-20,index_models-1,
https://www.onsemi.com/download/models/lib/fdms7580.lib,,,downloaded,2219,d2b19dd048de3e6b5fa595c7fab47c046f78b25efc16ebcb87e31ec6e5323ba3,2026-09-19,7,2026-09-20,index_models-1,
https://www.onsemi.com/download/models/lib/fdms7600as.lib,,,downloaded,4769,42e5376b0747d49f2b3a3d0d65a1b948cdd12c9a47924d42ea3e831781ed9971,2026-09-19,15,2026-09-20,index_models-1,
https://www.onsemi.com/download/models/lib/fdms7602s.lib,,,downloaded,3610,86c9ce804a88dba06d5f77d3b1508df9c61e9592349b0d88a5c188ab0b15fc85,2026-09-19,15,2026-09-20,index_models-1,
https://www.onsemi.com/download/models/lib/fdms7608s.lib,,,downloaded,5410,9b4a2a860f6374c4af57723643a8f9ee94c21939c9ca965a87f2163f303f6740,2026-09-19,19,2026-09-20,index_models-1,
https://www.onsemi.com/download/models/lib/fdms7620s.lib,,,downloaded,3737,e4dec94a095581d06eb92b51e79c64593946d043c62d0e81100bd415308ea764,2026-09-19,15,2026-09-20,index_models-1,
https://www.onsemi.com/download/models/lib/fdms7650.lib,,,downloaded,2354,03fcf25f73463e26a278090bb118261cacf11ce2a6963405ab0bc9cb777ba513,2026-09-19,7,2026-09-20,index_models-1,
https://www.onsemi.com/download/models/lib/fdms7650dc.lib,,,downloaded,2341,ee1a06aaf00d44b8f7e06ebccd5c66db7b59ef431ac646e19df9e999db484e0f,2026-09-19,7,2026-09-20,index_models-1,
https://www.onsemi.com/download/models/lib/fdms7656as.lib,,,downloaded,2477,62e8f0ce9715e5ccb1f2719740ed96aebe4de602d1e993863f02c1dd31df2d51,2026-09-19,8,2026-09-20,index_models-1,
https://www.onsemi.com/download/models/lib/fdms7658as.lib,,,downloaded,2583,e1e8bd2c0b271516ea79e9afe57e56076b905f888ade675ddb64fccf4e8fe6bc,2026-09-19,8,2026-09-20,index_models-1,
https://www.onsemi.com/download/models/lib/fdms7660.lib,,,downloaded,1473,c37f4bc3495ce128e72059a9737fb8958c60ffbf7dc2bdcf4a0dc80d14f21aed,2026-09-19,7,2026-09-20,index_models-1,
https://www.onsemi.com/download/models/lib/fdms7660as.lib,,,downloaded,2608,2994e65797eea3ef3a3ec167382d47500378451255b6a637db179409b4ee143b,2026-09-19,8,2026-09-20,index_models-1,
https://www.onsemi.com/download/models/lib/fdms7670.lib,,,downloaded,1259,ae5f3bd0c938597961fa37dbaa730ce78d51b3fb7d4ba58c092a247364ba2cd8,2026-09-19,6,2026-09-20,index_models-1,
https://www.onsemi.com/download/models/lib/fdms7670as.lib,,,downloaded,2519,859b8193ba8f342c0c9bf1a2924ecc47000d558c0d5ba7daebbb2bc8a24f5512,2026-09-19,8,2026-09-20,index_models-1,
https://www.onsemi.com/download/models/lib/fdms7672.lib,,,downloaded,1258,52cef94ad0447ef0983595d6d8badf0068d8ea8158f3fdc6b72c5be7dd8b20b1,2026-09-19,6,2026-09-20,index_models-1,
https://www.onsemi.com/download/models/lib/fdms7672as.lib,,,downloaded,2458,2d67205f0021fe61b8dc47c458309940a08946b21fa807c74cabcc67d65a0611,2026-09-19,8,2026-09-20,index_models-1,
https://www.onsemi.com/download/models/lib/fdms7676.lib,,,downloaded,2284,c5dca62a727e56177cf948149e0db1fa0880dc496c3e0dbb862981bb4f8d1c9c,2026-09-19,7,2026-09-20,index_models-1,
https://www.onsemi.com/download/models/lib/fdms7678.lib,,,downloaded,2314,eef1f6463e9b9dbb7fb2f4add449df05171b8b8de6fe088924ea45baf3f14d30,2026-09-19,8,2026-09-20,index_models-1,
https://www.onsemi.com/download/models/lib/fdms7680.lib,,,downloaded,2291,67d8dcce3afa92ef6180b3ac026ab143c4667bde835beba156807f83eaec2713,2026-09-19,7,2026-09-20,index_models-1,
https://www.onsemi.com/download/models/lib/fdms7682.lib,,,downloaded,2256,e7ed3212bded9147b851ea0aa573a9b16a3f5948d4e5f51aa578aac3e0522563,2026-09-19,7,2026-09-20,index_models-1,
https://www.onsemi.com/download/models/lib/fdms7692.lib,,,downloaded,2324,7af6bb99a8b69e9079688fd2fc44de49cd9619e67cfc922ff73ca7fcafa74891,2026-09-19,7,2026-09-20,index_models-1,
https://www.onsemi.com/download/models/lib/fdms7692a.lib,,,downloaded,2261,2597d71f1bcb2893bf14b6f8cae01f0fbda9fbbe83023ff94527d9a7ccc0a025,2026-09-19,7,2026-09-20,index_models-1,
https://www.onsemi.com/download/models/lib/fdms7694.lib,,,downloaded,2164,fb68c61d7a45504393e198397fb5cb7da0fb0f32a353bb9d9a295cc78b74c7c7,2026-09-19,7,2026-09-20,index_models-1,
https://www.onsemi.com/download/models/lib/fdms7698.lib,,,downloaded,2247,7b1f3e316af402647492c66f2aefa730d06eeee7289359dd1875085ea04c61b3,2026-09-19,7,2026-09-20,index_models-1,
https://www.onsemi.com/download/models/lib/fdms7700s.lib,,,downloaded,3625,05fb9a1410b1b0c344f4f4132bd7f1a364f0ef7899fb135ad44a4980e28b88cc,2026-09-19,15,2026-09-20,index_models-1,
https://www.onsemi.com/download/models/lib/fdms8018.lib,,,downloaded,2307,cc54d5861dfe25da25450cb8de440f9d3e203aab6b8da45a9f2c20259f46d0fb,2026-09-19,8,2026-09-20,index_models-1,
https://www.onsemi.com/download/models/lib/fdms8023s.lib,,,downloaded,2306,963e8ec690bf913f603cfbb20e7948ad9f13e4a822d0c0fb0ce3b967318eeb2c,2026-09-19,8,2026-09-20,index_models-1,
https://www.onsemi.com/download/models/lib/fdms8025s.lib,,,downloaded,2309,239538d3400c47532e8e9d646b41ba9ae8a195a230b812d2ddd3c31e0aacadd0,2026-09-19,8,2026-09-20,index_models-1,
https://www.onsemi.com/download/models/lib/fdms8026s.lib,,,downloaded,2297,9f917ca1eab7036520ab55548ca207ea6420ae50cf82ce70bf0b4ae45790540b,2026-09-19,8,2026-09-20,index_models-1,
https://www.onsemi.com/download/models/lib/fdms8027s.lib,,,downloaded,2304,57ebea2d0c76f9187e2cf113e67392c26f1441121bdcc6bc9986d9208611ced5,2026-09-19,8,2026-09-20,index_models-1,
https://www.onsemi.com/download/models/lib/fdms8050.lib,,,downloaded,1942,44d5b44c4e32e7ce27718a48f80d75c5d03a4b20b5ab6b92b3a4d7c0c2125d21,2026-09-19,7,2026-09-20,index_models-1,
https://www.onsemi.com/download/models/lib/fdms8090.lib,,,downloaded,1977,02bb7d956f8c06d18d7b3b4f18f0da18660bedf4780ba558435d88ac33ce7a60,2026-09-19,7,2026-09-20,index_models-1,
https://www.onsemi.com/download/models/lib/fdms8095ac_simetrix_encrypted.lib,,,downloaded,96776,dde4b81acd6d3defd7a3b543dd7b62814776b8b2d91c79985634b2aa446ef3b6,2026-09-19,7,2026-09-20,index_models-1,
https://www.onsemi.com/download/models/lib/fdms8320l.lib,,,downloaded,1960,cf47db62396d9e4e15063a5c9460be6140a2f931ebf6c36ef73331b30d8cf327,2026-09-19,7,2026-09-20,index_models-1,
https://www.onsemi.com/download/models/lib/fdms8320ldc.lib,,,downloaded,1940,6c7de2619624ae0a8ee601d8fb56e71c111ac0322a10b94b37889624113c375a,2026-09-19,7,2026-09-20,index_models-1,
https://www.onsemi.com/download/models/lib/fdms8333l.lib,,,downloaded,1916,5e2df4a4fa85944ec51ded75c1ae5447cce0129c0b69b429b5ff0bb9fe49c4a3,2026-09-19,7,2026-09-20,index_models-1,
https://www.onsemi.com/download/models/lib/fdms8350l.lib,,,downloaded,2735,2488d3bec48f7155861dbbde754ea2b6b6197acb0a0997dc98a707c45e79088d,2026-09-19,9,2026-09-20,index_models-1,
https://www.onsemi.com/download/models/lib/fdms8460.lib,,,downloaded,1229,1e12afac27dd54736fc3ecfe43fff039e5aeb8238388c9a4568b64bab32e8f10,2026-09-19,6,2026-09-20,index_models-1,
https://www.onsemi.com/download/models/lib/fdms8558s.lib,,,downloaded,2445,8e48bd42e660a3f5f2e27d10d22cf37b9f9a28ca3013716521bad5b3dd54a233,2026-09-19,9,2026-09-20,index_models-1,
https://www.onsemi.com/download/models/lib/fdms8558sdc.lib,,,downloaded,3228,27c5aeba0869e7b417f58a23c7849cfc4ce36d3eef1beee8b29ad38772f0fffb,2026-09-19,9,2026-09-20,index_models-1,
https://www.onsemi.com/download/models/lib/fdms8560s.lib,,,downloaded,1264,9b4cb7b266f932aa54fa7e9e4d1db1749cffcae9ca0666fa90c767e04f38d1a6,2026-09-19,6,2026-09-20,index_models-1,
https://www.onsemi.com/download/models/lib/fdms8570sdc.lib,,,downloaded,2077,bfa5f65604678ac0279cedbcf9f713668e8dd76f393baf62e077a3d541122dc8,2026-09-19,8,2026-09-20,index_models-1,
https://www.onsemi.com/download/models/lib/fdms86101.lib,,,downloaded,2213,8d816c251e3cef87bcf4e182b2c1a09906f3c024bcf654ae2e65b5839da7ab9a,2026-09-19,8,2026-09-20,index_models-1,
https://www.onsemi.com/download/models/lib/fdms86101a.lib,,,downloaded,1938,9c346160b27f481e3f97758c7781327df29b74192973a804f21108bd2f95b2f7,2026-09-19,7,2026-09-20,index_models-1,
https://www.onsemi.com/download/models/lib/fdms86101dc.lib,,,downloaded,1936,ec67f469cf891bd3f0902d3609d649591fe0e8b833060488ea81476c5e67a193,2026-09-19,7,2026-09-20,index_models-1,
https://www.onsemi.com/download/models/lib/fdms86102lz.lib,,,downloaded,2107,7c0d9622b07fdf2db123fecd19117dee0f6f8e77af3b45551d594b37798d8aaa,2026-09-19,8,2026-09-20,index_models-1,
https://www.onsemi.com/download/models/lib/fdms86104.lib,,,downloaded,1939,947db37b3021c53ae5362c4b41299cc4ffa6306e811a32fb511e78b2b713fb73,2026-09-19,7,2026-09-20,index_models-1,
https://www.onsemi.com/download/models/lib/fdms86150.lib,,,downloaded,3185,bc71d09b9850585c1e55565143ea5655b885869d61f3a0967ee4f1e3ef663b74,2026-09-19,10,2026-09-20,index_models-1,
https://www.onsemi.com/download/models/lib/fdms86152.lib,,,downloaded,1953,89a703decac858770530d47fd40e73e13233d8209b5855c39d4bef4b5ba5fcde,2026-09-19,6,2026-09-20,index_models-1,
https://www.onsemi.com/download/models/lib/fdms86200.lib,,,downloaded,2361,f70ce78e29906fb002725163b533813fa17b4d48e5eb4e141d19a681ea67805b,2026-09-19,8,2026-09-20,index_models-1,
https://www.onsemi.com/download/models/lib/fdms86201.lib,,,downloaded,2148,e4bddfdd8314cef5a46bd1083fc32affedcf4115e6494ac85f9c5de36b269dc1,2026-09-19,7,2026-09-20,index_models-1,
https://www.onsemi.com/download/models/lib/fdms86202.lib,,,downloaded,1933,b8352aa044d4583bc048af6d8dd58632baa0a10c2c0e410fa4e3045a4fa1cc58,2026-09-19,7,2026-09-20,index_models-1,
https://www.onsemi.com/download/models/lib/fdms8622.lib,,,downloaded,1956,b4398d6d7f84b1c0cec33397fc07a3621a9f9a2e8a0e7aefeb3268af47b6e73a,2026-09-19,7,2026-09-20,index_models-1,
https://www.onsemi.com/download/models/lib/fdms86250_simetrix_encrypted.lib,,,downloaded,50930,c358c2ceb9804f1aebedfabedfccc989b93b0e8054486ebafabb399e2fe0a08f,2026-09-19,4,2026-09-20,index_models-1,
https://www.onsemi.com/download/models/lib/fdms86252.lib,,,downloaded,2215,c22d5bee8eed09c8e35ce7bc30588f0235cc9b9a76ad371226d7ffcbe1fa5f57,2026-09-19,7,2026-09-20,index_models-1,
https://www.onsemi.com/download/models/lib/fdms86255.lib,,,downloaded,2412,cbddf3ddb9216056cc95e554ede13a2eed559e57e00146b282d55bfb41978b64,2026-09-19,7,2026-09-20,index_models-1,
https://www.onsemi.com/download/models/lib/fdms86263p.lib,,,downloaded,3681,9559a39e820b0eefe694c99ed8e98d82b9bee4b488f0519eb2b5fce61837d089,2026-09-19,7,2026-09-20,index_models-1,
https://www.onsemi.com/download/models/lib/fdms86300.lib,,,downloaded,2334,a55ea092b1360679e276979c4e17b1f5be887e3fc0e66024fd13a2d97a41afbd,2026-09-19,7,2026-09-20,index_models-1,
https://www.onsemi.com/download/models/lib/fdms86310.lib,,,downloaded,2310,77a2ac4f3deeb066010e944041ac9c4ee3f22fca59c0971e6bdd3aee6fa12528,2026-09-19,8,2026-09-20,index_models-1,
https://www.onsemi.com/download/models/lib/fdms86320.lib,,,downloaded,2157,1641e7c46f377e30b311b285088467cd09d19ca51a82e4c94499de3d437ee1ec,2026-09-19,8,2026-09-20,index_models-1,
https://www.onsemi.com/download/models/lib/fdms86322.lib,,,downloaded,1987,152a2344a5aa7ef0051b59f07b82d0eefde3e162cbe32f42edb5cde59e38e583,2026-09-19,6,2026-09-20,index_models-1,
https://www.onsemi.com/download/models/lib/fdms86350.lib,,,downloaded,1929,c75a8793fcf83edef5418122f1c9134b10853856d4cbcafa6d08130bb2c7d2a8,2026-09-19,7,2026-09-20,index_models-1,
https://www.onsemi.com/download/models/lib/fdms86520.lib,,,downloaded,2309,b6e56b8301dbfa5c6af6dfd0ca1bd86850e4c6f9f5dfa70afb458ec38faed9b5,2026-09-19,8,2026-09-20,index_models-1,
https://www.onsemi.com/download/models/lib/fdms86520l.lib,,,downloaded,2145,76407ec55160aa895d91419f6cb9a5de84ed4fb17546990c8b37365842d29469,2026-09-19,7,2026-09-20,index_models-1,
https://www.onsemi.com/download/models/lib/fdms86540.lib,,,downloaded,1917,247f541eedbda4cce6a711121ead3f6ba736898ec0aefd85ee6b8220b145c9ab,2026-09-19,7,2026-09-20,index_models-1,
https://www.onsemi.com/download/models/lib/fdms86550_simetrix.lib,,,downloaded,53567,b239ba3c2c127919789e9b42f2f946ae06b60e1dc3cc51c26fb81e1084985751,2026-09-19,4,2026-09-20,index_models-1,
https://www.onsemi.com/download/models/lib/fdms8660as.lib,,,downloaded,1773,beae99bb81cec5d45a3da8e5a498bf8ed23b1b6eaf745896100732a57d644ee9,2026-09-19,8,2026-09-20,index_models-1,
https://www.onsemi.com/download/models/lib/fdms8662.lib,,,downloaded,1231,67e8a90ff5ce1a28aa93fb50639e4dc28269720f3c2576835689fba0c5329b1c,2026-09-19,6,2026-09-20,index_models-1,
https://www.onsemi.com/download/models/lib/fdms8670.lib,,,downloaded,1210,d2ea44288df02355996ba4e665815ea1f5ebd06136af7550281f3ffdc5c6ca08,2026-09-19,6,2026-09-20,index_models-1,
https://www.onsemi.com/download/models/lib/fdms8670s.lib,,,downloaded,1232,7ef3bae178900648d7903fed534337c60aa0bfe9b141b59c6403eed69b89f03e,2026-09-19,6,2026-09-20,index_models-1,
https://www.onsemi.com/download/models/lib/fdms8672as.lib,,,downloaded,1366,7cdbb0ad6b56c4997b366d7a79a24a1e0b8f92d7115e25eaf9ec23d0195ffa3c,2026-09-19,7,2026-09-20,index_models-1,
https://www.onsemi.com/download/models/lib/fdms8674.lib,,,downloaded,1220,29fa599aa19080a48dffa8e135c09b4b292ac5260e9742e9654a065aab29ba85,2026-09-19,6,2026-09-20,index_models-1,
https://www.onsemi.com/download/models/lib/fdms8680.lib,,,downloaded,1594,d6fc0faf060e59feb21a45517865d03bc715204b864fe095a32b718c3064edb7,2026-09-19,7,2026-09-20,index_models-1,
https://www.onsemi.com/download/models/lib/fdms8690.lib,,,downloaded,1211,610bd795a2a6cd9202767637ea471de08a87909c7a85bb40b5540ab558669ad3,2026-09-19,6,2026-09-20,index_models-1,
https://www.onsemi.com/download/models/lib/fdms8692.lib,,,downloaded,1222,51c1f48db88a3b98fb1df56c6020f0d708338ad07ff3ab33450c9ef289ebec5d,2026-09-19,6,2026-09-20,index_models-1,
https://www.onsemi.com/download/models/lib/fdms8820.lib,,,downloaded,1914,26bf973f32e2ac4648c5823a5a961db40dfc679a6e916a61f63dffe5982b2271,2026-09-19,7,2026-09-20,index_models-1,
https://www.onsemi.com/download/models/lib/fdms8848nz.lib,,,downloaded,1261,081e3cd372dc0d9c8fa8137764fc60cb359a69b25b4a9b760bbceaf82c1732ed,2026-09-19,6,2026-09-20,index_models-1,
https://www.onsemi.com/download/models/lib/fdms8880.lib,,,downloaded,1251,e9c76de6c963dc30135d5294947021b3a04a53169cea91baa44ef71711623f26,2026-09-19,6,2026-09-20,index_models-1,
https://www.onsemi.com/download/models/lib/fdms9600s.lib,,,downloaded,2621,26b3e3f11aa2e69b1e17af2a8accc252aa49f35bf061ea3e17d27927e0507655,2026-09-19,13,2026-09-20,index_models-1,
https://www.onsemi.com/download/models/lib/fdms9620s.lib,,,downloaded,2483,048bdb3d32de3ddb4767b38d2b6606a6ba99be24aa469e54a43d1c5d9c5e0845,2026-09-19,12,2026-09-20,index_models-1,
https://www.onsemi.com/download/models/lib/fdn306p.lib,,FDN306P,downloaded,1200,9cdc783f653e02c8a578f06bc479f992b34f9f95a0342f93c144bf66624f1554,2026-09-19,6,2026-09-20,index_models-1,
https://www.onsemi.com/download/models/lib/fdn337n.lib,,FDN337N,downloaded,1146,5a08b0d4c14a8a32d598850e9a2d90ed4dab5e3950406835dfbf9bb34d4f9889,2026-09-19,7,2026-09-20,index_models-1,
https://www.onsemi.com/download/models/lib/fdn352ap.lib,,,downloaded,1158,07fa9888ca9bc9b6bb1dc9815a2bea2094eace770ccfe56a6083ab3d3a6a56bf,2026-09-19,7,2026-09-20,index_models-1,
https://www.onsemi.com/download/models/lib/fdn358p.lib,,,downloaded,1842,a37f7494ead1fd261236fe1b28fe512950bebc525ce4425fe102ab6a66e89784,2026-09-19,6,2026-09-20,index_models-1,
https://www.onsemi.com/download/models/lib/fdn359bn.lib,,,downloaded,1228,19ade4962d66d1873592274f7b0e1ef1691b2f5a0a80fd76fe073a74ea677cef,2026-09-19,6,2026-09-20,index_models-1,
https://www.onsemi.com/download/models/lib/fdn361bn.lib,,,downloaded,1112,7290f049ef3c623adc661ff791f0e5ccee6792b022931a5ecf9310ad76eacb1c,2026-09-19,7,2026-09-20,index_models-1,
https://www.onsemi.com/download/models/lib/fdn537n.lib,,,downloaded,1916,dfddd9b99bcd6b414adcc775d1e75edd2817030ae5e2a9bcd70e980e04d0f473,2026-09-19,7,2026-09-20,index_models-1,
https://www.onsemi.com/download/models/lib/fdn5630(pspice%20model).lib,,,downloaded,2042,0e26478402e690e1cf04896261eb94587c9258512bcdaa3052f0d63f612ca32e,2026-09-19,7,2026-09-20,index_models-1,
https://www.onsemi.com/download/models/lib/fdn5632n-f085.lib,,,downloaded,2541,46754ff3ff79d456ab31e3ead6e1e42f49b9b1e7bc1b240fb2a89dd9193b0ed9,2026-09-19,17,2026-09-20,index_models-1,
https://www.onsemi.com/download/models/lib/fdn8601.lib,,,downloaded,2155,91f3e275a114eab5264591e84b732b7693b658c250cd790b71e41f07ec8efa04,2026-09-19,7,2026-09-20,index_models-1,
https://www.onsemi.com/download/models/lib/fdn86246%20pspice%20model(rev1).lib,,,downloaded,1762,1eb4014fbe4bb682a05833c3cf1e4800185b27f96f2f7534d303c60638b3ccea,2026-09-19,7,2026-09-20,index_models-1,
https://www.onsemi.com/download/models/lib/fdp020n06b_f102.lib,,,downloaded,1944,47b87ac4aa770fbbdc8dd3c4570dc6cd1136adbcecf0fbc853345eca5efc03e5,2026-09-19,7,2026-09-20,index_models-1,
https://www.onsemi.com/download/models/lib/fdp025n06.lib,,,downloaded,2101,cd8f4e3ccc24c38f2bd5b74d2dd2c98c06acb894f27365921fdab43c462d96fd,2026-09-19,6,2026-09-20,index_models-1,
https://www.onsemi.com/download/models/lib/fdp030n06.lib,,,downloaded,2115,1ad703c9b778d30c057ae51a771561f590dd8e85ae8dcf704d1d63471f3f0dd3,2026-09-19,6,2026-09-20,index_models-1,
https://www.onsemi.com/download/models/lib/fdp030n06b_f102.lib,,,downloaded,1959,205a495d777c5ad6404ed29bf5867dcba2818885cc3289b328865ab151d1bfef,2026-09-19,7,2026-09-20,index_models-1,
https://www.onsemi.com/download/models/lib/fdp032n08.lib,,,downloaded,2108,26dd0858e974df64ce13b637f1c89923dddc5a25f9a72d202e9ff6bd9b6dedcb,2026-09-19,6,2026-09-20,index_models-1,
https://www.onsemi.com/download/models/lib/fdp032n08b_f102.lib,,,downloaded,1865,5cb8e6a0cdb486ba998dd2182dcfaab59ef6a87cdc14e60fdb60fe996fb3a332,2026-09-19,6,2026-09-20,index_models-1,
https://www.onsemi.com/download/models/lib/fdp036n10a.lib,,,downloaded,2094,d7cfd8fcfb45911d6a6f09b661c7ac46bcd104097c6fd03fc4842ab623248452,2026-09-19,7,2026-09-20,index_models-1,
https://www.onsemi.com/download/models/lib/fdp038an06a0.lib,,,downloaded,2256,81eb31331750f2b8173f8bae1643f0658e94d97b2ade997d972f453136e1a84b,2026-09-19,18,2026-09-20,index_models-1,
https://www.onsemi.com/download/models/lib/fdp039n08b_f102.lib,,,downloaded,1959,3f674c95a5c663078bc9861648e5a1a19736e49a82b6f618dfeaeeaff05e167e,2026-09-19,7,2026-09-20,index_models-1,
https://www.onsemi.com/download/models/lib/fdp045n10a_f102.lib,,,downloaded,1957,8fdda2763126e2aa5d7155df39720786f4a9f30ac1af8a5d6d55737ea43f0591,2026-09-19,7,2026-09-20,index_models-1,
https://www.onsemi.com/download/models/lib/fdp047n08.lib,,,downloaded,2146,9e170223829625960d231ff4a0c259efa60bb3a47809cb8f09aa70bb4654295c,2026-09-19,6,2026-09-20,index_models-1,
https://www.onsemi.com/download/models/lib/fdp047n10.lib,,,downloaded,1252,87346fe67b80501153d964e1214b5c75628d5a6580ca000ea6083ce10b658370,2026-09-19,6,2026-09-20,index_models-1,
https://www.onsemi.com/download/models/lib/fdp054n10.lib,,,downloaded,1257,31cae4d175dd0337524482384e0c54e0f4c437a64bf44623fde7fe4b397798bd,2026-09-19,6,2026-09-20,index_models-1,
https://www.onsemi.com/download/models/lib/fdp075n15a_f102.lib,,,downloaded,2109,df0294b4dd86ac2f8ed997d7a29395072e9fdd05fb3f76aefc9ada2338186056,2026-09-19,7,2026-09-20,index_models-1,
https://www.onsemi.com/download/models/lib/fdp083n15a_f102.lib,,,downloaded,2008,1afe7cc1fd0ff6d78c4eb4284a227fe434c40b572d36a2f7f0dc0cf8d0843419,2026-09-19,7,2026-09-20,index_models-1,
https://www.onsemi.com/download/models/lib/fdp085n10a_f102.lib,,,downloaded,2159,13e281561645d65898db2c1898ef97ac0a178befbaf73833797b295b0cdf30da,2026-09-19,7,2026-09-20,index_models-1,
https://www.onsemi.com/download/models/lib/fdp090n10.lib,,,downloaded,2099,70e8ec264fbc7a87ee858b4289adedd357e8fe86dcd7810dfc7050e24f831f3b,2026-09-19,6,2026-09-20,index_models-1,
https://www.onsemi.com/download/models/lib/fdp10n60nz(pspice).lib,,,downloaded,2155,c30e342bcda8d7eabaa24bf286c4431e79d429ee4263689e9256d5cd9f74f57f,2026-09-19,8,2026-09-20,index_models-1,
https://www.onsemi.com/download/models/lib/fdp120n10.lib,,,downloaded,2091,ef435b6a0ad818f55440f663cdd15153bf215506d6aece56bd632aa3ac35ef81,2026-09-19,6,2026-09-20,index_models-1,
https://www.onsemi.com/download/models/lib/fdp150n10.lib,,,downloaded,2095,72b2781e0dbc59f09561bf432d326bb0345a2738a99979c0ea88560f3124bbc5,2026-09-19,6,2026-09-20,index_models-1,
https://www.onsemi.com/download/models/lib/fdp150n10a_f102.lib,,,downloaded,2166,4ae0e68e799db55648154ea1e24f62f16e6e9f01300c7d46ae5f0759de0dc14c,2026-09-19,7,2026-09-20,index_models-1,
https://www.onsemi.com/download/models/lib/fdp19n40.lib,,,downloaded,2176,f42f61d817b7c6ca450ac9dcd2b92aff0780f5fd29b5d70798e9f826a9dda17b,2026-09-19,7,2026-09-20,index_models-1,
https://www.onsemi.com/download/models/lib/fdp22n50n.lib,,,downloaded,2093,98ad2b8c53f67c15f019d78117e3edcc135f46e55b5c28af24087126351c5ee6,2026-09-19,7,2026-09-20,index_models-1,
https://www.onsemi.com/download/models/lib/fdp26n40(pspice%20model).lib,,,downloaded,2087,d8ab2fa02f29a99ee1c6fc278d6e9ad5331938b9509dccd46f2790983e6a0cdd,2026-09-19,7,2026-09-20,index_models-1,
https://www.onsemi.com/download/models/lib/fdp2710.lib,,,downloaded,2021,c62603c640d7bbff4cd28139f9299d3233e4f736472e8e93512af038604e9a8b,2026-09-19,7,2026-09-20,index_models-1,
https://www.onsemi.com/download/models/lib/fdp3651u.lib,,,downloaded,1180,80fc3a69e567bd4429d6c7901b0d27dae6ce8f35d1894016bc253665a8756ed5,2026-09-19,6,2026-09-20,index_models-1,
https://www.onsemi.com/download/models/lib/fdp3672.lib,,,downloaded,2228,8576ba6b3b125ce4bac315217f186d161d4fe57746c32d7fa12a963edf7f9e79,2026-09-19,18,2026-09-20,index_models-1,
https://www.onsemi.com/download/models/lib/fdp51n25(pspice%20model).lib,,,downloaded,2649,e96cd10cba59da4f3e6e71c7b2e14db57f9d9b926eb057e78dcacd41d0c427ea,2026-09-19,8,2026-09-20,index_models-1,
https://www.onsemi.com/download/models/lib/fdp52n20.lib,,,downloaded,1499,fb702ea3eaae46dbe4dac4a9df015423d9d16ebf72f008450ea19a227800e549,2026-09-19,7,2026-09-20,index_models-1,
https://www.onsemi.com/download/models/lib/fdp55n06(pspice%20model).lib,,,downloaded,2591,fd44ebb95eddf41c891a81095363b0e9e1cc99794c4ca7c4bc185616c2a82115,2026-09-19,8,2026-09-20,index_models-1,
https://www.onsemi.com/download/models/lib/fdp5n50nz.lib,,,downloaded,2130,e69508443155ace68b09721132115806215c6a8232d9e9942eee4809de419e4a,2026-09-19,8,2026-09-20,index_models-1,
https://www.onsemi.com/download/models/lib/fdp6030l.lib,,,downloaded,1176,74a0194e604a7fdb4a0fa286ec5ee8584340750c27c234293adf849ee7e77095,2026-09-19,7,2026-09-20,index_models-1,
https://www.onsemi.com/download/models/lib/fdp61n20.lib,,,downloaded,1487,da430e78b1550026df6ea9e4cf4fa9084b3442e9ecc72eb986bca19cd22421e9,2026-09-19,7,2026-09-20,index_models-1,
https://www.onsemi.com/download/models/lib/fdp65n06(pspice%20model).lib,,,downloaded,2065,9da83a2221e3ebdde1e5ea12a68f428fbb139878fc7fd820a8a68ebc97bcad65,2026-09-19,7,2026-09-20,index_models-1,
https://www.onsemi.com/download/models/lib/fdp8440.lib,,,downloaded,2068,2bc5c9f9638ea3d198d3801d2eb2c8f3ddf1b53eead2af15b84204473badedb6,2026-09-19,6,2026-09-20,index_models-1,
https://www.onsemi.com/download/models/lib/fdp8441.lib,,,downloaded,1193,32925d2ccc5bdd16050e90b27760705003a612f82f73053da83bb57f06d3d510,2026-09-19,6,2026-09-20,index_models-1,
https://www.onsemi.com/download/models/lib/fdp8447l.lib,,,downloaded,1185,707b79508afed0f55f6d633fc4949d07a3f41c3d25f72e9755a7014200bff614,2026-09-19,6,2026-09-20,index_models-1,
https://www.onsemi.com/download/models/lib/fdp8860.lib,,,downloaded,1554,c70de11f6d92ea268130a79d673eecfdde8bae2e3e3ee59234343aa60a30a3de,2026-09-19,7,2026-09-20,index_models-1,
https://www.onsemi.com/download/models/lib/fdp8870.lib,,,downloaded,2234,52585e7fa48ebe02949b88beedbc6b6c6d8f41d7d398967b05546170cf9c2872,2026-09-19,18,2026-09-20,index_models-1,
https://www.onsemi.com/download/models/lib/fdp8874.lib,,,downloaded,2226,88ee05c1828affe8e40308a1b7e0dc6d825e9247479e744e92b62e122f408dd2,2026-09-19,18,2026-09-20,index_models-1,
https://www.onsemi.com/download/models/lib/fdp8876.lib,,,downloaded,1197,a210da66bf47e7bad0344c9532bdff1e7c05a725a7c8681dd68f6046d326ae90,2026-09-19,6,2026-09-20,index_models-1,
https://www.onsemi.com/download/models/lib/fdp8878.lib,,,downloaded,1200,e0ea7f5955d52d9fd6891d1e44fa05be1a3c5307f915a45c5857b6214239c582,2026-09-19,6,2026-09-20,index_models-1,
https://www.onsemi.com/download/models/lib/fdp8880.lib,,,downloaded,2227,4be10dae9cd3765fbff697b4677b6d0a21baff3d51034ec2617baed895b8e89c,2026-09-19,18,2026-09-20,index_models-1,
https://www.onsemi.com/download/models/lib/fdp8896.lib,,,downloaded,2241,13ba4077aa868d49a3f6705aef7ff0c5b73cc62c921b82af6c0a34b323fef1e3,2026-09-19,18,2026-09-20,index_models-1,
https://www.onsemi.com/download/models/lib/fdpc8011s.lib,,,downloaded,3724,ea97e022a223a552d4bac02fd697531dc83d8bfd18d2326188e4d9a76f77307b,2026-09-19,15,2026-09-20,index_models-1,
https://www.onsemi.com/download/models/lib/fdpc8013s.lib,,,downloaded,3451,3e3d553534ad4de1351bb4f61d2595f827c1f70b631ee5c53134e17ee78ee64d,2026-09-19,15,2026-09-20,index_models-1,
https://www.onsemi.com/download/models/lib/fdpc8014s.lib,,,downloaded,3587,8ebdff092ba41819ceafb5954baa0eccd255ed59e8494155f539f526b93d6827,2026-09-19,15,2026-09-20,index_models-1,
https://www.onsemi.com/download/models/lib/fdpf045n10a.lib,,,downloaded,1948,4c819678fd89963ac53b3ccab256a2231919a62dda5e581f150472329548c7ba,2026-09-19,7,2026-09-20,index_models-1,
https://www.onsemi.com/download/models/lib/fdpf12n50ft.lib,,,downloaded,2088,952ab063ffc9c20889f91be3bbe4244e90c121e083ff532f53e85553eefe781f,2026-09-19,7,2026-09-20,index_models-1,
https://www.onsemi.com/download/models/lib/fdpf190n15a.lib,,,downloaded,1950,4933ab64713fdaa7d05a1001e9eab26b876d4265bb83818e0c60d6a744fe4ac7,2026-09-19,7,2026-09-20,index_models-1,
https://www.onsemi.com/download/models/lib/fdpf33n25t.lib,,,downloaded,2051,8571c15ec0d4aad7c23ff6d754294be7644453b12d071f9880ad7eeb82ec1d0b,2026-09-19,7,2026-09-20,index_models-1,
https://www.onsemi.com/download/models/lib/fdpf3860t.lib,,,downloaded,1257,55066d362545346661e1211c589f749f0cb2360651a524ae92bcbc64d300a5af,2026-09-19,6,2026-09-20,index_models-1,
https://www.onsemi.com/download/models/lib/fdpf390n15a.lib,,,downloaded,1932,ef79df34662ad191e4f07f787f12412835bf7d178a53f7c51052851851f38c89,2026-09-19,7,2026-09-20,index_models-1,
https://www.onsemi.com/download/models/lib/fdpf3n50nz.lib,,,downloaded,2186,c37066207940d119824e793d835095b95b52ec278db25c5059c8c84fb5825906,2026-09-19,8,2026-09-20,index_models-1,
https://www.onsemi.com/download/models/lib/fdpf5n50nz.lib,,,downloaded,2151,bd2b89bbb7129de0b036a62f71466e477166dced9e4dd480a50a36ed012772fb,2026-09-19,8,2026-09-20,index_models-1,
https://www.onsemi.com/download/models/lib/fdpf680n10t.lib,,,downloaded,2095,7f3e7dcb3cb376ec9d8ce72d66f619667b96f2f6df3b3b8f53d16461dad4e5cb,2026-09-19,6,2026-09-20,index_models-1,
https://www.onsemi.com/download/models/lib/fdpf770n15a.lib,,,downloaded,2414,b231efa849162c202db0beb978a7676e7b024ca4f586e91851472d2cca5bb33a,2026-09-19,7,2026-09-20,index_models-1,
https://www.onsemi.com/download/models/lib/fdq7238as.lib,,,downloaded,2394,390ed868354a084a1927c7bf4d247d1f6dc4324fb10c5e52451af6c7061d75b8,2026-09-19,14,2026-09-20,index_models-1,
https://www.onsemi.com/download/models/lib/fds2672.lib,,,downloaded,1186,8370e71eefa2ee34b6f674d0122b11c247f89331d6e0cc4645ef3bcc86c4f6db,2026-09-19,6,2026-09-20,index_models-1,
https://www.onsemi.com/download/models/lib/fds2734.lib,,,downloaded,1186,2bc23012d984416d50b0d99b1517fa39a9b18ea87b72573723c838eee41b56e8,2026-09-19,6,2026-09-20,index_models-1,
https://www.onsemi.com/download/models/lib/fds3572.lib,,,downloaded,2274,5895f5eee9035a7aa5fa57304cd77d6c2786e8dfadf23308998962c7859f3d0b,2026-09-19,18,2026-09-20,index_models-1,
https://www.onsemi.com/download/models/lib/fds3590.lib,,,downloaded,1128,37eb465df89ec4368ddb5ef1330d5d0d927668332039f657a4e94f35630df409,2026-09-19,7,2026-09-20,index_models-1,
https://www.onsemi.com/download/models/lib/fds3890.lib,,,downloaded,1128,3d47446526357e7ca3ca9fecad2221e2698663428c0fd31d8adf10729260e6be,2026-09-19,7,2026-09-20,index_models-1,
https://www.onsemi.com/download/models/lib/fds4141.lib,,,downloaded,1215,d206ba539aa2dc147998f54f31339b7cf3e75782dc478e4c1da3478092991691,2026-09-19,6,2026-09-20,index_models-1,
https://www.onsemi.com/download/models/lib/fds4141_f085.lib,,,downloaded,2158,6ed44af3812ea9f9dbc6f5b05bd800a58ad8edf150ff7488b1373d45a365387b,2026-09-19,8,2026-09-20,index_models-1,
https://www.onsemi.com/download/models/lib/fds4435bz.lib,,,downloaded,1179,74a320bfa533ca2e55c4610fec353f653029a121eb53436cdc8c499bfdf59eed,2026-09-19,7,2026-09-20,index_models-1,
https://www.onsemi.com/download/models/lib/fds4480.lib,,,downloaded,1142,27602cb1c89c08a32e19f7903e8397af3dbb076586039ee85e61dc3a8133c04c,2026-09-19,7,2026-09-20,index_models-1,
https://www.onsemi.com/download/models/lib/fds4672a.lib,,,downloaded,1156,680cf0495deeeece7dc7d180e041166516e18015933264aeab0b0f7e199103bc,2026-09-19,7,2026-09-20,index_models-1,
https://www.onsemi.com/download/models/lib/fds4685.lib,,,downloaded,1162,9bdca8520b5abe1e8b1f12e01b11ac4ae857c4e3fc70f6e70aff803880313525,2026-09-19,7,2026-09-20,index_models-1,
https://www.onsemi.com/download/models/lib/fds4897ac.lib,,,downloaded,2446,c1212900f2b47c985b61ab4c8a5630a2d016d152ed083a832a3ee4946f688f6c,2026-09-19,12,2026-09-20,index_models-1,
https://www.onsemi.com/download/models/lib/fds4897c.lib,,,downloaded,2620,e0a95afb3ad5929497819c577d5ee17557cce855904a87f89f494e260d1464a0,2026-09-19,12,2026-09-20,index_models-1,
https://www.onsemi.com/download/models/lib/fds4935bz.lib,,,downloaded,1193,ed60ed944936472efaf332c782d7198f3fbd1940d9502e5dff41b6fa6f112ed8,2026-09-19,6,2026-09-20,index_models-1,
https://www.onsemi.com/download/models/lib/fds5351.lib,,,downloaded,1231,ed310d818a7d56127eb940e1358941c2bdc53d2d7810b677487328b0bf98dc1d,2026-09-19,6,2026-09-20,index_models-1,
https://www.onsemi.com/download/models/lib/fds6298.lib,,,downloaded,1112,4f2d5f6bb35b805fda8a21fabf0c8e5fee2c19f1a5f8666ac0e1d2abd78c41be,2026-09-19,7,2026-09-20,index_models-1,
https://www.onsemi.com/download/models/lib/fds6575.lib,,,downloaded,1107,6bf580879580afafe6406179e0879b7361d71a75552a1df14a6e929ffe7e2e4c,2026-09-19,7,2026-09-20,index_models-1,
https://www.onsemi.com/download/models/lib/fds6612a.lib,,,downloaded,1156,b028e4ad0c5684b802757fcde8409b8380296541e6ebcd6b94b22465710e0a06,2026-09-19,7,2026-09-20,index_models-1,
https://www.onsemi.com/download/models/lib/fds6670as.lib,,,downloaded,1181,918f8ff6f4f3fd95299e043c03753f0a5ae8bfc78fb3a13f988cd62eecb855b7,2026-09-19,7,2026-09-20,index_models-1,
https://www.onsemi.com/download/models/lib/fds6673bz.lib,,,downloaded,1233,e1d3c70c0e94b277ea88fd20e1982cce41a3d049206e36fc1254f98b688ab1e8,2026-09-19,6,2026-09-20,index_models-1,
https://www.onsemi.com/download/models/lib/fds6675bz.lib,,,downloaded,1168,3d5b49fa34dce63430d7c522c3df4a87e1afbf5d0aa96623ad9cf665900bedbd,2026-09-19,6,2026-09-20,index_models-1,
https://www.onsemi.com/download/models/lib/fds6676as.lib,,,downloaded,1180,b0d764821231b414e77502785539c73671fdd5f1728d0fc9fe0d73b51abcd5ad,2026-09-19,7,2026-09-20,index_models-1,
https://www.onsemi.com/download/models/lib/fds6679az.lib,,,downloaded,1171,76ae35e2908aa1cc4501c721ef083aa75bf7ea9077e28c8a7b343af657bf8798,2026-09-19,6,2026-09-20,index_models-1,
https://www.onsemi.com/download/models/lib/fds6679z.lib,,,downloaded,1162,2b8aa9df5b1f1b853458588b0e783840dc03dbcd4a15f304f2ae95b4acd014e6,2026-09-19,7,2026-09-20,index_models-1,
https://www.onsemi.com/download/models/lib/fds6680as.lib,,,downloaded,1190,9642e8215a89b5398fd13a01d9527c1032bf6362d4a950441e175fb0afbb22cd,2026-09-19,7,2026-09-20,index_models-1,
https://www.onsemi.com/download/models/lib/fds6681z.lib,,,downloaded,1246,de1e4c87607148ca4da49c0e514b5317d7b43a02fd1df0cfed7c155fdb2bbeea,2026-09-19,6,2026-09-20,index_models-1,
https://www.onsemi.com/download/models/lib/fds6690as.lib,,,downloaded,1175,d30e206fe77e28c88c3bd93e774ed606eddf6b7c591b1bc7545094ef2f855155,2026-09-19,7,2026-09-20,index_models-1,
https://www.onsemi.com/download/models/lib/fds6692a.lib,,,downloaded,1165,cca7485f35f6caa6893acc71112ecebcae0b92be7c5ce8028e33202b4612e809,2026-09-19,6,2026-09-20,index_models-1,
https://www.onsemi.com/download/models/lib/fds6699s.lib,,,downloaded,1148,5e85bcfa0ca41867a9be7cacdaae6ec0c23067707954b2976f21a14861a9bfea,2026-09-19,7,2026-09-20,index_models-1,
https://www.onsemi.com/download/models/lib/fds6892a.lib,,FDS6892A,downloaded,1171,15d80c5e0dc93cd1cb183a752ccf8012a45b56a0f23585c764430d96d6aaf663,2026-09-19,7,2026-09-20,index_models-1,
https://www.onsemi.com/download/models/lib/fds6894a.lib,,,downloaded,1173,2e49199857ae35d965bacd07ef0b65bead798ac7ab1d6be8062dfc917091c92a,2026-09-19,7,2026-09-20,index_models-1,
https://www.onsemi.com/download/models/lib/fds6894az.lib,,,downloaded,1175,9f32776626bbe365d11a49119bd6c732270dad7f6729328d9207d2cd58f18e9f,2026-09-19,7,2026-09-20,index_models-1,
https://www.onsemi.com/download/models/lib/fds6898az.lib,,,downloaded,1179,ea85db2d7a0c00c579d39a206bc8e9065ba9662fd81f318030d4dabe81f36eba,2026-09-19,7,2026-09-20,index_models-1,
https://www.onsemi.com/download/models/lib/fds6900as.lib,,,downloaded,2430,b7dbca29ce11e1474502182539f4a9b776006059d7ab6c04c4b77e43c58f3b67,2026-09-19,14,2026-09-20,index_models-1,
https://www.onsemi.com/download/models/lib/fds6910.lib,,,downloaded,1142,2402735d70c612a5d3df596ac9bcbf65d4915ddc64ea02fc37ccbfd867f1a0d7,2026-09-19,7,2026-09-20,index_models-1,
https://www.onsemi.com/download/models/lib/fds6911.lib,,,downloaded,1095,083e29aa97172a5c5143af58e20095a061c68380657ad299a1419a7637ecbd1b,2026-09-19,7,2026-09-20,index_models-1,
https://www.onsemi.com/download/models/lib/fds6930b.lib,,,downloaded,1163,cabe0b4a3e6c5cd04c59716b065b54e30d3bc694329860b0a5900b3ef2aba49b,2026-09-19,7,2026-09-20,index_models-1,
https://www.onsemi.com/download/models/lib/fds6982as.lib,,,downloaded,2441,0714828a8f1778135d2f26992effc36187c48d112225df08615783b51e303873,2026-09-19,14,2026-09-20,index_models-1,
https://www.onsemi.com/download/models/lib/fds6984as.lib,,,downloaded,2383,556718dda5a557d527a222baedb1232e015d71609c7baf483a3e590d893b46a8,2026-09-19,14,2026-09-20,index_models-1,
https://www.onsemi.com/download/models/lib/fds6986as.lib,,,downloaded,2417,86f9c871403ff7b4d5dcb226d88c140cb82b5802a44757d6dccf53e667eae566,2026-09-19,14,2026-09-20,index_models-1,
https://www.onsemi.com/download/models/lib/fds6990as.lib,,,downloaded,1170,b1b777767a0e687edaa958c572bb0c78d42ac3728d9b481103774d7951ae0f8d,2026-09-19,7,2026-09-20,index_models-1,
https://www.onsemi.com/download/models/lib/fds8333c.lib,,,downloaded,2410,78ef74a00339b2505bb8971692e7910fa7ca2898f74b4146fde2bbbc19e44927,2026-09-19,14,2026-09-20,index_models-1,
https://www.onsemi.com/download/models/lib/fds8447.lib,,,downloaded,1185,7292a64b3d8b0e7857fe79e2df41784f2fc040f38a9712743264b87080141553,2026-09-19,6,2026-09-20,index_models-1,
https://www.onsemi.com/download/models/lib/fds8449.lib,,FDS8449,downloaded,1191,288b909e856fd2b3336bcf121fbd5bea6776f01cf863f940188a3969b786082c,2026-09-19,6,2026-09-20,index_models-1,
https://www.onsemi.com/download/models/lib/fds86106.lib,,,downloaded,2036,f2b1081b4ae1980da2032fac3f7f98c18aa30fb3ef4372c45e00077187a56f7e,2026-09-19,7,2026-09-20,index_models-1,
https://www.onsemi.com/download/models/lib/fds86140.lib,,,downloaded,2294,4060ab00781796a20aef1582ea2453fa16cb66ed07692fe230a64237a7d8ca37,2026-09-19,8,2026-09-20,index_models-1,
https://www.onsemi.com/download/models/lib/fds86141_simetrix.lib,,,downloaded,47195,f681c4b0559c02bf73110c123bcb619dea2071e50767f46c9d6ba9fa0ebcc439,2026-09-19,4,2026-09-20,index_models-1,
https://www.onsemi.com/download/models/lib/fds86240_simetrix_encrypted.lib,,,downloaded,51092,e2b6ba5dd7b1e6c4ded428b90e3089066c3e1f68b0640377096e8ca9700ade24,2026-09-19,4,2026-09-20,index_models-1,
https://www.onsemi.com/download/models/lib/fds86242.lib,,,downloaded,2053,6ca3a07b8e97d5516b092adff73cd40966bb76017981ea409f6be954382478ef,2026-09-19,6,2026-09-20,index_models-1,
https://www.onsemi.com/download/models/lib/fds86252.lib,,,downloaded,2215,6ea307646b4705d628412e80ad04c873b8a3c30acd4738759881ee00fea38437,2026-09-19,7,2026-09-20,index_models-1,
https://www.onsemi.com/download/models/lib/fds8638.lib,,,downloaded,1248,26e211147b60065c4ce332150afdb4ff4147b10447fdfad8e5ac49061a2b6338,2026-09-19,6,2026-09-20,index_models-1,
https://www.onsemi.com/download/models/lib/fds86540.lib,,,downloaded,1915,686beffcc4cb5899118e3c5851931ede526f511b45f11dd726ca3d0a6ac1f726,2026-09-19,7,2026-09-20,index_models-1,
https://www.onsemi.com/download/models/lib/fds8672s.lib,,,downloaded,1305,755d9b3d23f065bd931dc416ec9670a297a9cc8677c298b1691fc64d549086bf,2026-09-19,7,2026-09-20,index_models-1,
https://www.onsemi.com/download/models/lib/fds8690.lib,,,downloaded,1207,773fec660540efd123db2ebf12006408be4de7eb2713b68c951cb8ff2c9cc495,2026-09-19,6,2026-09-20,index_models-1,
https://www.onsemi.com/download/models/lib/fds8812nz.lib,,,downloaded,1224,51d20c30eb93d3d599447d18928e40fb026de7a5014ca197991295d84fb09362,2026-09-19,6,2026-09-20,index_models-1,
https://www.onsemi.com/download/models/lib/fds8813nz.lib,,,downloaded,1226,ddb541e61c56a24d4bda188b2356db77eec351498aaf261d05a4c8602ab8801d,2026-09-19,6,2026-09-20,index_models-1,
https://www.onsemi.com/download/models/lib/fds8817nz.lib,,,downloaded,1223,9418ca8b56bd58e41965eaed99a377152ba0c79d53951d0407cfc977f168bf56,2026-09-19,6,2026-09-20,index_models-1,
https://www.onsemi.com/download/models/lib/fds8840nz.lib,,,downloaded,2119,3a9aab38cfdf4c1c4782d5e18d8b1f3eda596414e176771fb9a06216d2a31aa4,2026-09-19,6,2026-09-20,index_models-1,
https://www.onsemi.com/download/models/lib/fds8842nz.lib,,,downloaded,1266,af6a89a0426b8b4ae0b69cd0246c738cfd5c6fb317b7675b27e99f29305c0e5f,2026-09-19,6,2026-09-20,index_models-1,
https://www.onsemi.com/download/models/lib/fds8858cz.lib,,,downloaded,2505,6de81fda5ee9c42d0d8d05e32e01da6b4dd0316594baeec7aae98d48ad4a41a5,2026-09-19,12,2026-09-20,index_models-1,
https://www.onsemi.com/download/models/lib/fds8870.lib,,,downloaded,2222,b90ae3f2512a0c89baa1dd6dc570778c31b4c6b9dc4d7551d0bf709aced42b31,2026-09-19,18,2026-09-20,index_models-1,
https://www.onsemi.com/download/models/lib/fds8876.lib,,,downloaded,2266,8f3f3e0f2785dd534b74080d87dd549f68ada26eaa15c7544a02cd6f646d13fc,2026-09-19,18,2026-09-20,index_models-1,
https://www.onsemi.com/download/models/lib/fds8878.lib,,,downloaded,2266,278af691febdc044925647a9e24b78f12709f113158ae693429a9a57acabc6d7,2026-09-19,18,2026-09-20,index_models-1,
https://www.onsemi.com/download/models/lib/fds8880.lib,,,downloaded,2254,1e0b9a163e432f5b694ddb565a6356ef61215ef343dc396671264d157af6a598,2026-09-19,18,2026-09-20,index_models-1,
https://www.onsemi.com/download/models/lib/fds8882.lib,,,downloaded,1243,edadf024f56eef66e31e11c1ab3e791c2cc79cb0b3dccccf949bd13c8f232031,2026-09-19,6,2026-09-20,index_models-1,
https://www.onsemi.com/download/models/lib/fds8884.lib,,,downloaded,1237,0448b7085e7efc08c06c8281bba537dcc0e4695d97f951261b5c65e51ded5113,2026-09-19,6,2026-09-20,index_models-1,
https://www.onsemi.com/download/models/lib/fds8896.lib,,,downloaded,2243,cf64e61585fa7cace18a724fbc898474817eb628203bc21488ef4b7140bb5dd1,2026-09-19,18,2026-09-20,index_models-1,
https://www.onsemi.com/download/models/lib/fds89141.lib,,,downloaded,2229,2d8064f9124962a92b3ab2d2e6e4cf5da5f46d1ae67f2a8866371800712cea63,2026-09-19,8,2026-09-20,index_models-1,
https://www.onsemi.com/download/models/lib/fds89161.lib,,,downloaded,2036,f2e656b87d0b4349769f66e97485b987503377a3eff958ab63b8b7fa3fda1b4b,2026-09-19,7,2026-09-20,index_models-1,
https://www.onsemi.com/download/models/lib/fds8935.lib,,,downloaded,2050,b643037549b9d25fb283d2f4c05e417c89e4fa8d2d7c22190c8eb94777b7b55f,2026-09-19,6,2026-09-20,index_models-1,
https://www.onsemi.com/download/models/lib/fds8949.lib,,,downloaded,1192,4c29d7cca2845dff0aa6abc29d9392c9e6e97c2ae250fb5eea7c6cbb1eb5f986,2026-09-19,6,2026-09-20,index_models-1,
https://www.onsemi.com/download/models/lib/fds8958a_f085.lib,,,downloaded,4701,bd0e2b7ad3161e3f3e5181dd0604863b22a06059a1dc2c4e0b3d29e1aefd6b38,2026-09-19,34,2026-09-20,index_models-1,
https://www.onsemi.com/download/models/lib/fds8958b.lib,,,downloaded,2447,6205adfa66fc983d3fe8a26a9bd354e700893c44bd8c7f2552e5401afb3de52c,2026-09-19,12,2026-09-20,index_models-1,
https://www.onsemi.com/download/models/lib/fds8960c.lib,,,downloaded,2501,4c5e0c1159d63307bf0fc0f6691b2028864a8f2ea65e1c785b088edb4a757a01,2026-09-19,14,2026-09-20,index_models-1,
https://www.onsemi.com/download/models/lib/fds8984.lib,,,downloaded,1213,cd94a7b3ad30f05caa7a0db1c9fe5328d53eeb7b2bff69ac3187517e714e1d6f,2026-09-19,6,2026-09-20,index_models-1,
https://www.onsemi.com/download/models/lib/fds9933.lib,,,downloaded,1153,e057ada89f0560fc9b91c41cb9db08ebb34594e664911ba485b78bbab92200cf,2026-09-19,7,2026-09-20,index_models-1,
https://www.onsemi.com/download/models/lib/fds9933bz.lib,,,downloaded,1211,9095feeab31e6a75c24f6c6551cb1bbf6a8c1798322bedb8d5de249cf4f5409f,2026-09-19,6,2026-09-20,index_models-1,
https://www.onsemi.com/download/models/lib/fds9934c.lib,,,downloaded,1971,57fd7b6943bc9a14f9afa7b0d1a0de310d61199d702dd6959138ffa308fec7c8,2026-09-19,12,2026-09-20,index_models-1,
https://www.onsemi.com/download/models/lib/fds9958.lib,,,downloaded,1230,686e20b9f4f066c86816cc781bae34ac15369c798f3809ade398f0fb65c819f4,2026-09-19,6,2026-09-20,index_models-1,
https://www.onsemi.com/download/models/lib/fdt1600n10alz%20(pspice%20model).lib,,,downloaded,2177,12d7fbee2c36174b50c54007cca8a949088dddca31a562ceaf96273f23288040,2026-09-19,8,2026-09-20,index_models-1,
https://www.onsemi.com/download/models/lib/fdt3612.lib,,,downloaded,1904,46ce5bda1e2dd9b1bf1be9a35e05ecfb370527655c639afd406a7a3ddd1acae0,2026-09-19,6,2026-09-20,index_models-1,
https://www.onsemi.com/download/models/lib/fdt4n50nzu%20(pspice%20model).lib,,,downloaded,2126,1d1729bf272926fa74bad94dc09cdf4d8088cd76314c32785c38e488563cbd6f,2026-09-19,8,2026-09-20,index_models-1,
https://www.onsemi.com/download/models/lib/fdt86106lz.lib,,,downloaded,2475,237bd38077205470c20bb8671f0d63cd27fddef1a71b3dbc6260898fa8ef2204,2026-09-19,11,2026-09-20,index_models-1,
https://www.onsemi.com/download/models/lib/fdt86246.lib,,,downloaded,2237,d7cec25bdd15fee00ddd44f143da35e3e5740e71ee04c556c5310dcc34fcf5b6,2026-09-19,7,2026-09-20,index_models-1,
https://www.onsemi.com/download/models/lib/fdt86256.lib,,,downloaded,2156,b2602dfb3e439eff9c70879a5696630e0c636d0638ff2fa7ececec7c257a2e16,2026-09-19,7,2026-09-20,index_models-1,
https://www.onsemi.com/download/models/lib/fdu3n40.lib,,,downloaded,2090,b9b221de8ec6e7c6af249dffdc11749ba1db889f164e61a95edfed739579bfc7,2026-09-19,7,2026-09-20,index_models-1,
https://www.onsemi.com/download/models/lib/fdu6n25.lib,,,downloaded,2013,cdcb98ce3fd3b702799b3d4f67a7ff85f3ce396ba9a4f32f5afc4084fbdec5a7,2026-09-19,7,2026-09-20,index_models-1,
https://www.onsemi.com/download/models/lib/fdu6n50.lib,,,downloaded,1479,1bc6420fa110caf2fa917fe4b7bc0667cbe6a0bcc835aab8b1f4889d75033088,2026-09-19,7,2026-09-20,index_models-1,
https://www.onsemi.com/download/models/lib/fdy1002pz.lib,,,downloaded,1234,e9bce172a52f9b96aa02fe260a09501b716b63ddb58f51f2a4ed3af028304be8,2026-09-19,6,2026-09-20,index_models-1,
https://www.onsemi.com/download/models/lib/fdy100pz.lib,,,downloaded,1199,024dd634a212b64cb44d6610d48c398ac37c68f6d115597464a01448444b1ddf,2026-09-19,6,2026-09-20,index_models-1,
https://www.onsemi.com/download/models/lib/fdy101pz.lib,,,downloaded,1198,7d7bcc62ec6752d9c222586f853b8aa668f6a2f005a86ac472958c7cc3e00e18,2026-09-19,6,2026-09-20,index_models-1,
https://www.onsemi.com/download/models/lib/fdy102pz.lib,,,downloaded,1233,362a0be25390edb746071ee6a194f7ebe76683f198af1c0050a631c74c144a28,2026-09-19,6,2026-09-20,index_models-1,
https://www.onsemi.com/download/models/lib/fdy2000pz.lib,,,downloaded,1202,5394034ebe87bd8abc7caac32b699e8e6ba4e00ba108d8d85f1850c03ac2f7b9,2026-09-19,6,2026-09-20,index_models-1,
https://www.onsemi.com/download/models/lib/fdy3000nz.lib,,,downloaded,1192,6f17b67234d688af591ed7b639f206725fe89037501c680fa2c89bd799fdb3c9,2026-09-19,6,2026-09-20,index_models-1,
https://www.onsemi.com/download/models/lib/fdy300nz.lib,,,downloaded,1189,e6c5c852b309ef7fe04fb7545c5206c73b67fe5436058c4f830ae8408ca5d306,2026-09-19,6,2026-09-20,index_models-1,
https://www.onsemi.com/download/models/lib/fdy301nz.lib,,,downloaded,1201,a676fb11ffd0fb787fd29026c7595de7c08ecec54fd5090fce0ab2c8403f5d9b,2026-09-19,6,2026-09-20,index_models-1,
https://www.onsemi.com/download/models/lib/fdy4000cz.lib,,,downloaded,2583,849c469e8258792bf12b0b3dd4743382fa01f482de5a7498d40ec58e3898507c,2026-09-19,12,2026-09-20,index_models-1,
https://www.onsemi.com/download/models/lib/fdz1323nz.lib,,,downloaded,2049,db74d2a44caf451b980c38f3fa8d66d38eeaeef17a3cc09968e6edc2aa04fbd5,2026-09-19,8,2026-09-20,index_models-1,
https://www.onsemi.com/download/models/lib/fdz1905pz.lib,,,downloaded,1622,2bc20fddc79c78411298d2faa00e3bd523a2a0ea6a286f38396ba2ba4c990394,2026-09-19,7,2026-09-20,index_models-1,
https://www.onsemi.com/download/models/lib/fdz191p.lib,,,downloaded,1683,f0f3028cdfb73e761adb3dba5bf53be3bbe6b72276abffa86ef5a1e7055f4607,2026-09-19,6,2026-09-20,index_models-1,
https://www.onsemi.com/download/models/lib/fdz192nz.lib,,,downloaded,1976,89d8c1cd733dbc3773ac8af21d47dfbe356590b70d8936d83d3c122cf05073c0,2026-09-19,6,2026-09-20,index_models-1,
https://www.onsemi.com/download/models/lib/fdz193p.lib,,,downloaded,1956,888f66f942c0dd7698b49993a62892f81f90d74995331dd7581798f92066fed0,2026-09-19,17,2026-09-20,index_models-1,
https://www.onsemi.com/download/models/lib/fdz197pz.lib,,,downloaded,2148,785f42b1b08692fc71219e5ce10c7ac84a8b440fcb8214af3716504e8f74c175,2026-09-19,7,2026-09-20,index_models-1,
https://www.onsemi.com/download/models/lib/fdz371pz.lib,,,downloaded,2292,3bbd438bb25b7e6310349df1474536d8b93c7c2fb8960a3049950479c1affcb0,2026-09-19,6,2026-09-20,index_models-1,
https://www.onsemi.com/download/models/lib/fdz375p.lib,,,downloaded,1799,26e9f28832a8320a220070ff72e019e3446a9252f8632861f55e8a2947d223c9,2026-09-19,6,2026-09-20,index_models-1,
https://www.onsemi.com/download/models/lib/fdz391p.lib,,,downloaded,1209,ce90c53cf92058ed7169b62c4a2f068897c624f02328b008df6f6c1a48cc4c6d,2026-09-19,6,2026-09-20,index_models-1,
https://www.onsemi.com/download/models/lib/fdz661pz.lib,,,downloaded,1993,1f641c689c1373458c9ece557b4496a5542ec25dfdf352c7ba1602380ab77e2a,2026-09-19,6,2026-09-20,index_models-1,
https://www.onsemi.com/download/models/lib/fep16bt.lib,,,downloaded,546,61350a6023ac82f95d81df002d541c5394a76c70ddc7899e6a02e4be279a428a,2026-09-19,1,2026-09-20,index_models-1,
https://www.onsemi.com/download/models/lib/fep16ct.lib,,,downloaded,546,afdf67f07080f76c5c0a65d495e506461c9c88fd1eca55eb7e75ee13b934569a,2026-09-19,1,2026-09-20,index_models-1,
https://www.onsemi.com/download/models/lib/fep16dt.lib,,,downloaded,546,1f74b885e533ea19414b1618997a3dc06b5f68e35686c038a285bca9c17abfff,2026-09-19,1,2026-09-20,index_models-1,
https://www.onsemi.com/download/models/lib/fep16ft.lib,,,downloaded,546,68abad25df514ae1a732aad24ee3bfadba22e6f3db028703f8392affdd9184d0,2026-09-19,1,2026-09-20,index_models-1,
https://www.onsemi.com/download/models/lib/fep16gt.lib,,,downloaded,544,fc42ca44398d5e27ad7e9196e30d67698e0574016b6b88d8e8ba8aee64b1b61b,2026-09-19,1,2026-09-20,index_models-1,
https://www.onsemi.com/download/models/lib/fep16ht.lib,,,downloaded,546,6240e805107ed5bba947b81a5dd214a9b412cd3849813f33f10cf1e0919059d1,2026-09-19,1,2026-09-20,index_models-1,
https://www.onsemi.com/download/models/lib/fep16jt.lib,,,downloaded,546,79373352e875ebf8654da933295d193ab7392f46ff13aa3319941c9a62233423,2026-09-19,1,2026-09-20,index_models-1,
https://www.onsemi.com/download/models/lib/fes16ct.lib,,,downloaded,555,9f4deaf08b81bc19c4f817e24d0bbc62e7f268d103c81e2d1451f8c75db42f00,2026-09-19,1,2026-09-20,index_models-1,
https://www.onsemi.com/download/models/lib/fes16dt.lib,,,downloaded,553,0c330e82ecc36f1be1c1248446c569cb16d9bc0c2ab6d00581f22882bdfcf9ee,2026-09-19,1,2026-09-20,index_models-1,
https://www.onsemi.com/download/models/lib/fes16ft.lib,,,downloaded,555,fcf28ce413980d2dd3447c818b9d616048ab01207c99bcb8565b9d7ffca5de6d,2026-09-19,1,2026-09-20,index_models-1,
https://www.onsemi.com/download/models/lib/fes16gt.lib,,,downloaded,555,f5e3fe405bffcd08b3defb80e6c7e023fc800750eb935a8209df9d0e80102f52,2026-09-19,1,2026-09-20,index_models-1,
https://www.onsemi.com/download/models/lib/fes16jt.lib,,,downloaded,555,7b07fa5d2f2767e5bbbb529818903cfc5d2a5b1b748a6defb25b28bddd03d7d9,2026-09-19,1,2026-09-20,index_models-1,
https://www.onsemi.com/download/models/lib/ffb2222a.lib,,,downloaded,1194,03b0f8d6f749011ff8de48e6b9ae34cf62eeabd548f887a3dd889b30be8da638,2026-09-19,1,2026-09-20,index_models-1,
https://www.onsemi.com/download/models/lib/ffb3904.lib,,,downloaded,1463,dd69b7e6535901016c31a57cba99de4af1bba3db546a9748a10cb12c600e938b,2026-09-19,1,2026-09-20,index_models-1,
https://www.onsemi.com/download/models/lib/ffb3906.lib,,,downloaded,1397,4beccf4ae8c1906ce359740ef06a7ae541a34d24f453dadc837e99b3e9832186,2026-09-19,1,2026-09-20,index_models-1,
https://www.onsemi.com/download/models/lib/ffb3946.lib,,,downloaded,2350,5388f52b20225f4da2d29958c0a56a190db6d1ff6f3c52f8c91fbb2598de4079,2026-09-19,2,2026-09-20,index_models-1,
https://www.onsemi.com/download/models/lib/ffb5551.lib,,,downloaded,1018,3aec63d83dae116c92d9ea79f969173a62a00bc880e1ce34d9db55d687877f39,2026-09-19,1,2026-09-20,index_models-1,
https://www.onsemi.com/download/models/lib/ffd08s60s_f085%20(spice%20model).lib,,,downloaded,623,fe32ee06ddb5dd8ecab580ec84f20e999b50547795158c8c3c450b1509fbd320,2026-09-19,1,2026-09-20,index_models-1,
https://www.onsemi.com/download/models/lib/ffd10up20s(pspice).lib,,,downloaded,556,c6c35bcc82cb0b0a5181211f6050ac919807f9137c0dd1d8e74fea5bfc9613f5,2026-09-19,1,2026-09-20,index_models-1,
https://www.onsemi.com/download/models/lib/ffh30s60s(pspice%20model).lib,,,downloaded,585,cc547608a19d8dfd07e8292654f60888358780478cdf12cd5f9eb3778ed1a991,2026-09-19,1,2026-09-20,index_models-1,
https://www.onsemi.com/download/models/lib/ffh50us60s.lib,,,downloaded,1096,dd817b450e9339700ef772108116ce4dedec4e9dc6ebb0c4d298d8e69e19c828,2026-09-19,3,2026-09-20,index_models-1,
https://www.onsemi.com/download/models/lib/ffp08s60s.lib,,,downloaded,588,77e5f5ac7bb2045b0d7e6f5221e4b9ce9810667720376e51b999267c0142e209,2026-09-19,1,2026-09-20,index_models-1,
https://www.onsemi.com/download/models/lib/ffp15s60s.lib,,,downloaded,524,4f306fd8f05072a283ae68eeaa55af7f6c0236aca72dae7f35ee31d721cf2d35,2026-09-19,1,2026-09-20,index_models-1,
https://www.onsemi.com/download/models/lib/ffpf04s60s.lib,,,downloaded,526,cf9d276e97fba65a325d6e0c6d0554fd007b25160d6cfa16cf75f9d35588a84d,2026-09-19,1,2026-09-20,index_models-1,
https://www.onsemi.com/download/models/lib/ffpf10up60s.lib,,,downloaded,515,4a5da088f8c42090f12e55d810ac60a304c169198823a4184ed43bfe65ab9061,2026-09-19,1,2026-09-20,index_models-1,
https://www.onsemi.com/download/models/lib/ffpf20up40s.lib,,,downloaded,587,c6253332d34d6925e9618cf06653a03f031120461421ab9a8efca26660511330,2026-09-19,1,2026-09-20,index_models-1,
https://www.onsemi.com/download/models/lib/fga20n120ftd.lib,,,downloaded,2165,0a811df67eb03618687e6059d10bd6816316b75bd01af28105f7b6e4e7d3aad1,2026-09-19,10,2026-09-20,index_models-1,
https://www.onsemi.com/download/models/lib/fga20s125p(pspice%20model).lib,,,downloaded,2046,c69c14f406f4dd0b58ae1c44d34e53fce22a943df47db7c5da9db420076a8274,2026-09-19,7,2026-09-20,index_models-1,
https://www.onsemi.com/download/models/lib/fga40n65smd.lib,,,downloaded,2072,6700a35b5638c42623d1b9ff644606d7495f7868b8e425cad22962fc74d72d5e,2026-09-19,10,2026-09-20,index_models-1,
https://www.onsemi.com/download/models/lib/fga6540wdf.lib,,,downloaded,2178,428642f5d99489a0efa83bb71eda1ae928480ffdc5c510e8aa17a2520497facf,2026-09-19,10,2026-09-20,index_models-1,
https://www.onsemi.com/download/models/lib/fgb20n60sfd_f085.lib,,,downloaded,2235,ab0dc57a285be99fc38c5ef32cf7835ed4a3b1b0ca3bdff8fedcb5d25d8a89bf,2026-09-19,10,2026-09-20,index_models-1,
https://www.onsemi.com/download/models/lib/fgb3056_f085%20(pspice%20model).lib,,,downloaded,2617,0bf5b1493d5b76d739e17816e56f1939e9596ee6265d12637131214448964608,2026-09-19,8,2026-09-20,index_models-1,
https://www.onsemi.com/download/models/lib/fgb40n60sm.lib,,,downloaded,2004,b639cb8fb330c0728a4860f026b268f44346627d6a9f9fca7ea7e458b6657b34,2026-09-19,9,2026-09-20,index_models-1,
https://www.onsemi.com/download/models/lib/fgb5065g2_f085%20(spice%20model).lib,,,downloaded,2999,ee83c977333b1e5906bc6dc11da35a749750adb8f5aa89cde86ab94cbaada445,2026-09-19,8,2026-09-20,index_models-1,
https://www.onsemi.com/download/models/lib/fgb5n60undf.lib,,,downloaded,2270,1866778f104f1e4f3ccadb482dcb67e847dd3a17d232b381c4296fa6337003fa,2026-09-19,10,2026-09-20,index_models-1,
https://www.onsemi.com/download/models/lib/fgd2040g3_f085%20spice%20model.lib,,,downloaded,3091,5bc9a0205a9dac2430645418ab2f7b45f61ce36bec570e24fe8aafff4046d8e0,2026-09-19,8,2026-09-20,index_models-1,
https://www.onsemi.com/download/models/lib/fgd3040g2(pspice%20model).lib,,,downloaded,2694,fc2be5b4f51ef2a88b1115c3f4d95ae4976b99c6a01a75ef30d5cc8a601837ab,2026-09-19,8,2026-09-20,index_models-1,
https://www.onsemi.com/download/models/lib/fgd3245g2-f085(spice%20model).lib,,,downloaded,3163,61e00e026e44efc8e01a64c6f3b13dd213e60ab950bf8746fa86950cc4b7e493,2026-09-19,8,2026-09-20,index_models-1,
https://www.onsemi.com/download/models/lib/fgd3n60lsd.lib,,,downloaded,2150,8bc5aaaa68f44dcdee5d0e747c31ddf483db36b73a4898bd74722a40bcbdf3ab,2026-09-19,8,2026-09-20,index_models-1,
https://www.onsemi.com/download/models/lib/fgd3n60undf(pspice%20model).lib,,,downloaded,2671,1888cd391c7f3b6d8440c9ffb13241f5220233f283eba303797f8bd4452dd5dc,2026-09-19,8,2026-09-20,index_models-1,
https://www.onsemi.com/download/models/lib/fgd5t120sh(pspice%20model).lib,,,downloaded,1982,966aeb72450a0cd67a472ab218cc5aeef8216a938e13f8edf7b53e1489b8971c,2026-09-19,6,2026-09-20,index_models-1,
https://www.onsemi.com/download/models/lib/fgh20n60sfd.lib,,,downloaded,2125,1e592a7c79dc713ffd1e4c580cce376862063199e465abdd52044c8e42dc0535,2026-09-19,10,2026-09-20,index_models-1,
https://www.onsemi.com/download/models/lib/fgh20n60ufd.lib,,,downloaded,2123,6aae3a15408c7d0a31f43999c1eac112382267751a83d498ef02447fc455e32b,2026-09-19,10,2026-09-20,index_models-1,
https://www.onsemi.com/download/models/lib/fgh25n120ftds.lib,,,downloaded,2245,3965751826bbbdc6bbf6c50be8f3a9f040eb02c6c543e7ee79521e5556d7ee65,2026-09-19,10,2026-09-20,index_models-1,
https://www.onsemi.com/download/models/lib/fgh30s130p%20(pspice%20model).lib,,,downloaded,3037,669dd75d52300ee1912616f247722d44acb4858cf084edd3b7c3f8ef28cd89f1,2026-09-19,8,2026-09-20,index_models-1,
https://www.onsemi.com/download/models/lib/fgh30s150p.lib,,,downloaded,2003,d3ccb828bd33485181f23b43269677521a8c5f61f04852f1ac1f8d71f41557a8,2026-09-19,10,2026-09-20,index_models-1,
https://www.onsemi.com/download/models/lib/fgh40n60sfd.lib,,,downloaded,2138,a7c06bf2b564fa3267e4c7b8a95872e35cbadcff45f309948edac807db44ccdf,2026-09-19,10,2026-09-20,index_models-1,
https://www.onsemi.com/download/models/lib/fgh40n60sfdtu_f085(pspice%20model).lib,,,downloaded,2213,b8d06fa79fc242b700e6edf2141a82482023aca47d70a3d07c00d4e020f7e342,2026-09-19,7,2026-09-20,index_models-1,
https://www.onsemi.com/download/models/lib/fgh40n60smd%20(spice%20model).lib,,,downloaded,2233,9c261f62563af3a72a44f5f10074d7e3eebaf4d1ef8880df245d42cc8a4f1d43,2026-09-19,7,2026-09-20,index_models-1,
https://www.onsemi.com/download/models/lib/fgh40n60smdf.lib,,,downloaded,2026,c5d93cc25563e6df92116f98ed817cf9a01840740ddbd24fd556815494955c33,2026-09-19,10,2026-09-20,index_models-1,
https://www.onsemi.com/download/models/lib/fgh40n60ufd.lib,,,downloaded,2140,bde7e9dac1feff530f3a09d4071283753fdc514321ea04b77888a9500f403f0d,2026-09-19,10,2026-09-20,index_models-1,
https://www.onsemi.com/download/models/lib/fgh40n65udf_f085.lib,,,downloaded,2203,c02d5dc35808743e79ee762c8d760a7d56160f7c2bd271c00ad1cf6c38f1998a,2026-09-19,10,2026-09-20,index_models-1,
https://www.onsemi.com/download/models/lib/fgh40t100smd.lib,,,downloaded,2505,2441c20abc0bbc70357e8017906ca1268b004821dbbe2a951ff805bb9338779f,2026-09-19,11,2026-09-20,index_models-1,
https://www.onsemi.com/download/models/lib/fgh40t120smd.lib,,,downloaded,2098,e0ee739d9f4b49b7402508e61c70e9f41cada9ad1c40c044be5b3a5aba739bb0,2026-09-19,10,2026-09-20,index_models-1,
https://www.onsemi.com/download/models/lib/fgh60n60smd.lib,,,downloaded,2031,0a9cd5d0ecdd072026653c970fc15203a7072570ef145fd135db052335165391,2026-09-19,10,2026-09-20,index_models-1,
https://www.onsemi.com/download/models/lib/fgh60n60ufd.lib,,,downloaded,2016,38bbec86af950f552532584c4ad44ef98eff2ef4c1a226805cc533e357652b9d,2026-09-19,10,2026-09-20,index_models-1,
https://www.onsemi.com/download/models/lib/fgh75n60sf.lib,,,downloaded,2030,91254079e2a107f93a575a1733fb9c0930e11d204875d5a4ff082154f50fb4a5,2026-09-19,9,2026-09-20,index_models-1,
https://www.onsemi.com/download/models/lib/fgh75n60uf.lib,,,downloaded,2027,392abfa9674c7e84b7156e3847e4ac92e5050d5e9d45652c33af3b526459bbbc,2026-09-19,9,2026-09-20,index_models-1,
https://www.onsemi.com/download/models/lib/fgh80n60fd.lib,,,downloaded,1997,228163942f8644bb37e78f66aa2df8b960fc68c344a602319f1e0846f346bd16,2026-09-19,10,2026-09-20,index_models-1,
https://www.onsemi.com/download/models/lib/fgl12040wd(pspice%20model).lib,,,downloaded,2579,94b9da8cb125fb40245817db2f93f04693d09518fe87d72de04fd52a97a90317,2026-09-19,8,2026-09-20,index_models-1,
https://www.onsemi.com/download/models/lib/fgl40n120and.lib,,,downloaded,2152,5c32e45aa00c766d147c1aeed19eae43fabbb5d9338405061635f64b981cc2ab,2026-09-19,10,2026-09-20,index_models-1,
https://www.onsemi.com/download/models/lib/fgl60n100bntd.lib,,,downloaded,769,bc9afacb474ba9855902e63ab2a6f520ce3dfe5355e87a8908c2ed4805ca9d61,2026-09-19,3,2026-09-20,index_models-1,
https://www.onsemi.com/download/models/lib/fgy75n60smd.lib,,,downloaded,2232,392991294a361f81ee74f3d7989d0d8dfd81ac67b9803a761ccfb2e722d281ce,2026-09-19,10,2026-09-20,index_models-1,
https://www.onsemi.com/download/models/lib/fja4210.lib,,,downloaded,1187,8cf50653a19040bf776d123a95ff011bcbb9a070e72d47b705251e3fbdc3e0f5,2026-09-19,1,2026-09-20,index_models-1,
https://www.onsemi.com/download/models/lib/fja4213.lib,,,downloaded,1342,8bbb093f2e02acd71730c4d1a9bb38860ee24d2f39067ce1dff7996a2886c034,2026-09-19,3,2026-09-20,index_models-1,
https://www.onsemi.com/download/models/lib/fja4313.lib,,,downloaded,1425,ee74ba076d7a0893fd229bf38f4a90634f13bb3f3a5f61a173379e80bd13e1e4,2026-09-14,3,2026-09-20,index_models-1,
https://www.onsemi.com/download/models/lib/fjb102.lib,,,downloaded,1559,1308675577b22f63a26b0c2f54ecac12ab68e5031c925ef7f05cf3b1d856f07e,2026-09-19,4,2026-09-20,index_models-1,
https://www.onsemi.com/download/models/lib/fjb3307d.lib,,,downloaded,867,d545d7eec81b2f507752adffb8a036133b5c3c94a3b10361492922993aa3e206,2026-09-19,1,2026-09-20,index_models-1,
https://www.onsemi.com/download/models/lib/fjb5555.lib,,,downloaded,796,13c987884bf128d3c316fce857827f757be6d15ea39835d061f8ba3f0edad403,2026-09-19,1,2026-09-20,index_models-1,
https://www.onsemi.com/download/models/lib/fjbe2150d.lib,,,downloaded,930,88483585e4082c0cb35f2b178fc4f2a2ac2bc14fbcf8183d92abf40fdf6c8489,2026-09-19,1,2026-09-20,index_models-1,
https://www.onsemi.com/download/models/lib/fjc1963.lib,,,downloaded,1169,8cbedd49099454dcd99f2518e23078f686ca151990459b85adf6893e032f33e5,2026-09-19,1,2026-09-20,index_models-1,
https://www.onsemi.com/download/models/lib/fjc2383.lib,,,downloaded,1139,5e099a1f9c31b33a6b3fdebb0b45c8b32d9236c43ff2d9a5d191e1778646088c,2026-09-19,1,2026-09-20,index_models-1,
https://www.onsemi.com/download/models/lib/fjd3076.lib,,,downloaded,1068,256ddedee63e5192c176d1a5c72a0fae1e5d79f76728769e54b990a0e39c7118,2026-09-19,1,2026-09-20,index_models-1,
https://www.onsemi.com/download/models/lib/fjd5304d%20(spice%20model).lib,,,downloaded,1028,1234fe6bcdda6c884a6ce5556a006bbf2d43ec6ae9de0eb23da1c7dbbe00a024,2026-09-19,3,2026-09-20,index_models-1,
https://www.onsemi.com/download/models/lib/fjd5553.lib,,,downloaded,894,ac943d29dfcf277c4ca57bec01e0a2982c6a57d05cbbfd83e002ef744aa5bf28,2026-09-19,1,2026-09-20,index_models-1,
https://www.onsemi.com/download/models/lib/fjd5555.lib,,,downloaded,894,480c5d267b248f27569a63524f292ca232c19c73ffb62b5ffa7e16723caf152a,2026-09-19,1,2026-09-20,index_models-1,
https://www.onsemi.com/download/models/lib/fje3303.lib,,,downloaded,1013,5b407a157526f0b2cde1377c756a6134e6a57b20f7633a61c7cc9bbcb581c1c8,2026-09-19,1,2026-09-20,index_models-1,
https://www.onsemi.com/download/models/lib/fjl4215.lib,,,downloaded,1342,df9ab2a11029df761cc2140bdd564cf5caf82c6a134b66e83f5b13837b284c8c,2026-09-14,3,2026-09-20,index_models-1,
https://www.onsemi.com/download/models/lib/fjl4315.lib,,,downloaded,1417,295dbabf5e33e12b68ae1f1531e1f3d04ab33706b2a4ccfbfe126c542b04ca69,2026-09-14,3,2026-09-20,index_models-1,
https://www.onsemi.com/download/models/lib/fjl6920.lib,,,downloaded,1146,cf551823b92bc5364af2a7200f5e1fd10c4cf5e983f517478921eec4de68c91e,2026-09-19,1,2026-09-20,index_models-1,
https://www.onsemi.com/download/models/lib/fjma790.lib,,,downloaded,1316,b34b23796b109a1d502dc5b48cb6bc1c99559599147ba3ee153d97b63fd5bc47,2026-09-19,2,2026-09-20,index_models-1,
https://www.onsemi.com/download/models/lib/fjn3301r.lib,,,downloaded,907,983b72e0499b0f24272c9cbf38c6cc3cabfc7f8b8140bf82e172216585b89992,2026-09-19,2,2026-09-20,index_models-1,
https://www.onsemi.com/download/models/lib/fjn3302r.lib,,,downloaded,1017,080a3b6106ee6f04226186462f9fa223f50e17871752b681283c9ade65868d3a,2026-09-19,2,2026-09-20,index_models-1,
https://www.onsemi.com/download/models/lib/fjn3303r.lib,,,downloaded,1029,170ff4c8667787ef2a16cd3e6e67517a5c24e43fd6fa9c681ea3d88731b9afc1,2026-09-19,2,2026-09-20,index_models-1,
https://www.onsemi.com/download/models/lib/fjn4301r.lib,,,downloaded,908,b1dbf7da9303d813e001b1028b4bda25303558e09e0329209d57c057e239d459,2026-09-19,2,2026-09-20,index_models-1,
https://www.onsemi.com/download/models/lib/fjn4302r.lib,,,downloaded,905,92ad2a5a45192f21ec96b97f663553006b8d2d51b3813e52ac12fa649ca91b18,2026-09-19,2,2026-09-20,index_models-1,
https://www.onsemi.com/download/models/lib/fjn4303r.lib,,,downloaded,905,d274d2e2d6f3f6e770184a11b864fa110a9991ef6090c963705354343d1e0e81,2026-09-19,2,2026-09-20,index_models-1,
https://www.onsemi.com/download/models/lib/fjp13009.lib,,,downloaded,769,9e6c3b676cdc6421f621bf024c58ec03901f6f637d7f46578ddbf0c49c401b7a,2026-09-19,1,2026-09-20,index_models-1,
https://www.onsemi.com/download/models/lib/fjp1943.lib,,,downloaded,1668,ee42e03e3ba358ded150acb5123ffc1ae6f47ea97417970b6c90edf2582867bd,2026-09-19,3,2026-09-20,index_models-1,
https://www.onsemi.com/download/models/lib/fjp5027.lib,,,downloaded,1216,2ab8dde2c54a762eeb139c41368e487f0058876df597ecd7a5a2a0077d55bec7,2026-09-19,1,2026-09-20,index_models-1,
https://www.onsemi.com/download/models/lib/fjp5200.lib,,,downloaded,1661,fb1ad33ced347ca1197a3616921b218930481b02fc5cfbacec48405ed974bdc6,2026-09-14,3,2026-09-20,index_models-1,
https://www.onsemi.com/download/models/lib/fjp5554(pspice%20model).lib,,,downloaded,1072,86faa7da94dafb46d0dcd86386cfe5a7843b10618a0805ae1c29203466e16b5b,2026-09-19,1,2026-09-20,index_models-1,
https://www.onsemi.com/download/models/lib/fjpf1943.lib,,,downloaded,1674,60a7a978de5538820b3374eaa75ce351d57c96272b17bb0447e473a59768d509,2026-09-19,3,2026-09-20,index_models-1,
https://www.onsemi.com/download/models/lib/fjpf2145%20(spice%20model).lib,,,downloaded,857,1ea7b6d445f790f2c90df4db6ece757db8a84534d5957b787188ddb10321a514,2026-09-19,1,2026-09-20,index_models-1,
https://www.onsemi.com/download/models/lib/fjpf5021(pspice%20model).lib,,,downloaded,1088,bed1feb54ee56281ff371ae2853417556c7f86f102ae401aeaf4072bc0c2fc82,2026-09-19,1,2026-09-20,index_models-1,
https://www.onsemi.com/download/models/lib/fjpf5200.lib,,,downloaded,1667,4ea05bfddbc5c07e0eb6b0a37ec1ce5f1d09993f4bbfe64540cfb4ee4ba7e51f,2026-09-19,3,2026-09-20,index_models-1,
https://www.onsemi.com/download/models/lib/fjt44.lib,,,downloaded,807,5e5c1f32f029eacd75ad04e8cfe214f2bbe41a11938a47d95934d14fcc68a6cd,2026-09-19,1,2026-09-20,index_models-1,
https://www.onsemi.com/download/models/lib/fjv1845.lib,,,downloaded,1051,4da50e8a7cbad91de1b0167e04b0f5e6897ed2d96c582d1bf6893f86157d83c2,2026-09-19,1,2026-09-20,index_models-1,
https://www.onsemi.com/download/models/lib/fjv3101r.lib,,,downloaded,884,1a533b6bc77c9f9c72a9764c8c1ff431fd1a8c0d90b494295c803ea79b0e4248,2026-09-19,2,2026-09-20,index_models-1,
https://www.onsemi.com/download/models/lib/fjv3102r.lib,,,downloaded,995,c84f371c79a2afdd50110291f8df8b0c9e896ccfa02be978454db6647561d7e7,2026-09-19,2,2026-09-20,index_models-1,
https://www.onsemi.com/download/models/lib/fjv3103r.lib,,,downloaded,1007,247b38e96f8c2014834de4f755d5e9edbe96456cf933aa431f4026661f8a663e,2026-09-19,2,2026-09-20,index_models-1,
https://www.onsemi.com/download/models/lib/fjv3105r.lib,,,downloaded,1032,3c377f5286566ea08b57e058ffbb6040c994772f246166b4f123e930764e1b43,2026-09-19,2,2026-09-20,index_models-1,
https://www.onsemi.com/download/models/lib/fjv4102r.lib,,,downloaded,883,2f662bee3aecdd146af593bb38ff241d09decd93bde720d13843e98dd2e2949b,2026-09-19,2,2026-09-20,index_models-1,
https://www.onsemi.com/download/models/lib/fjv4103r.lib,,,downloaded,883,d55b1ec494d1a0f9274a71d6a4c464c2a8f56dd5c4d52be21a6cd0651b0b3183,2026-09-19,2,2026-09-20,index_models-1,
https://www.onsemi.com/download/models/lib/fjv4104r.lib,,,downloaded,883,4d316c32381f36703d52c3126ea986372946f6980ee39db569602d523eb4633f,2026-09-19,2,2026-09-20,index_models-1,
https://www.onsemi.com/download/models/lib/fjx4003r.lib,,,downloaded,884,ff44abe8a17d91b344bc90a1d37941ee79fe3b452b5a9f49459a548319320d34,2026-09-19,2,2026-09-20,index_models-1,
https://www.onsemi.com/download/models/lib/fjx945.lib,,,downloaded,1148,01fd1c0278c154f4f700caeb563c669fb0a71607d01b861f859a335e23159dc2,2026-09-19,1,2026-09-20,index_models-1,
https://www.onsemi.com/download/models/lib/flz15va.lib,,,downloaded,766,78edff327d351bfc393fb6da9d358796429325c8e105f67213057fc81f96777e,2026-09-19,6,2026-09-20,index_models-1,
https://www.onsemi.com/download/models/lib/flz2v2a.lib,,,downloaded,747,1e766809396b572a847fec11c08b7c20f7e62ae57c19990e9eac154490dec76c,2026-09-19,6,2026-09-20,index_models-1,
https://www.onsemi.com/download/models/lib/flz2v2b.lib,,,downloaded,748,8eb31168672957e57e70af3fa95c6766fa97a22d237465bdc5ea599175e9be0d,2026-09-19,6,2026-09-20,index_models-1,
https://www.onsemi.com/download/models/lib/flz2v4a.lib,,,downloaded,748,6893b6f7b03a6035e78cd3e6e640998dc72ff61206555c52449f816918d4f194,2026-09-19,6,2026-09-20,index_models-1,
https://www.onsemi.com/download/models/lib/flz2v4b.lib,,,downloaded,748,a5c9915af3432007b9bb7346a54509c2a3a32524cad1fd5fee52766cfeb8183f,2026-09-19,6,2026-09-20,index_models-1,
https://www.onsemi.com/download/models/lib/fmb100.lib,,,downloaded,839,6cf22586b4a1fb54bc5b9cfa8a63c4c55e24885f7e3e04935fc585d39eb099ec,2026-09-19,1,2026-09-20,index_models-1,
https://www.onsemi.com/download/models/lib/fmb2222a.lib,,,downloaded,1195,c642c21650926cad4700abd31d13bf0b695bcebf0b0927018a02330b6fce4d9e,2026-09-19,1,2026-09-20,index_models-1,
https://www.onsemi.com/download/models/lib/fmb3904.lib,,,downloaded,1467,b8123e3c139f030da4c7ce684522ec3b216aab85ba4ff8e75e66f581de71d8cd,2026-09-19,1,2026-09-20,index_models-1,
https://www.onsemi.com/download/models/lib/fmb3906.lib,,,downloaded,1403,0244ec31f41dce763f4f38a252970913c5566f31c0a7fa6844f0ea895e561609,2026-09-19,1,2026-09-20,index_models-1,
https://www.onsemi.com/download/models/lib/fmb3946.lib,,,downloaded,2356,4cb6046fd04643e62f0157282ae2503681baadff0a6fc8fde6931bc202d72329,2026-09-19,2,2026-09-20,index_models-1,
https://www.onsemi.com/download/models/lib/fmb5551.lib,,,downloaded,831,c9ec085920146a636bc3c2b1d163699a56ada12083f2b36c9f2bd7355f2372cd,2026-09-19,1,2026-09-20,index_models-1,
https://www.onsemi.com/download/models/lib/fmba06.lib,,,downloaded,826,e2bdb6aa36d626868293be2f711673f746f46d001fe68f63f16ddc5920447229,2026-09-19,1,2026-09-20,index_models-1,
https://www.onsemi.com/download/models/lib/fmba14.lib,,,downloaded,811,7a679a4555585ce88799153fcc1daedc65b3afc35df6ded42cada1e2d53d3407,2026-09-19,1,2026-09-20,index_models-1,
https://www.onsemi.com/download/models/lib/fmba56.lib,,,downloaded,823,76219dfbe0e877bc0ed187dafa0fb3d549dd8827f33cfae3b8a6b71306b57ee2,2026-09-19,1,2026-09-20,index_models-1,
https://www.onsemi.com/download/models/lib/fmbm5401.lib,,,downloaded,1169,2e196c83a0f997628cad380240e081a2fb59ca4dc3a8e89a4a4945b76365f14a,2026-09-19,1,2026-09-20,index_models-1,
https://www.onsemi.com/download/models/lib/fmbm5551.lib,,,downloaded,1257,e96019a4a6a6b2c331a6189c06becbbd00b369a98fe9aa0116c3fd1e0dfd7738,2026-09-19,1,2026-09-20,index_models-1,
https://www.onsemi.com/download/models/lib/fod353a-q%20spice.lib,,,downloaded,2498,a8eab1e35efec1d72ac9113417af9688a9beaca69621013668849f262928f12d,2026-09-19,7,2026-09-20,index_models-1,
https://www.onsemi.com/download/models/lib/fqa11n90_f109.lib,,,downloaded,2044,4c4056e4971c0808b743cd5a7622257cf742fbaf43f6b955068579e8397145bb,2026-09-19,7,2026-09-20,index_models-1,
https://www.onsemi.com/download/models/lib/fqa11n90c_f109.lib,,,downloaded,2051,cf817af7961c31b784b2c9889f8c4e0c0c0b2d48368c8a780f1038a208463df0,2026-09-19,7,2026-09-20,index_models-1,
https://www.onsemi.com/download/models/lib/fqa13n80_f109.lib,,,downloaded,2046,260c2c90dc2967b7c6846b90059370e0bd8e115ad42fc3c74a6437e0387b92ef,2026-09-19,7,2026-09-20,index_models-1,
https://www.onsemi.com/download/models/lib/fqa140n10.lib,,,downloaded,2024,b860b62c353653f1016664f82c63a73ee79bf6c9d84968e56da7e040fff58f0e,2026-09-19,7,2026-09-20,index_models-1,
https://www.onsemi.com/download/models/lib/fqa19n60.lib,,,downloaded,1631,50af6201e2240667a9c8e48aa319a14cf8131478ed5d69a82cf328bdcd6e268a,2026-09-19,6,2026-09-20,index_models-1,
https://www.onsemi.com/download/models/lib/fqa24n50.lib,,,downloaded,1515,52b04c6171172e16fed8b7c30159f4d522cbfc5a6ac3dae9d16cc35390a93ccb,2026-09-19,6,2026-09-20,index_models-1,
https://www.onsemi.com/download/models/lib/fqa24n60(pspice%20model).lib,,,downloaded,2077,22199635ed49e7dc796787c4f08071f02a2a1322013b56dada8f8c0873102b0f,2026-09-19,7,2026-09-20,index_models-1,
https://www.onsemi.com/download/models/lib/fqa28n15.lib,,,downloaded,1053,4f12202bd317f7cd349c78b5036d484d074eb4712a4b034f751db3cc2c1dfb99,2026-09-19,6,2026-09-20,index_models-1,
https://www.onsemi.com/download/models/lib/fqa28n50.lib,,,downloaded,1530,d7e225cff528e4f524f04d7b821b41f817e9e47354e0377d8a1e9bc6ba126c1a,2026-09-19,6,2026-09-20,index_models-1,
https://www.onsemi.com/download/models/lib/fqa28n50f.lib,,,downloaded,1256,14d14e96abc41f93463eee5d497fb5e9daf32f263851aebcb9a9da717795c495,2026-09-19,6,2026-09-20,index_models-1,
https://www.onsemi.com/download/models/lib/fqa36p15.lib,,,downloaded,1086,af7af0ae43ccc3c60ce8c86b2de37ca7309c3bd30dd933e516e2feb47086d145,2026-09-19,6,2026-09-20,index_models-1,
https://www.onsemi.com/download/models/lib/fqa44n30%20(spice%20model).lib,,,downloaded,2020,4f0be1552f25b79494313bf9e61f319745f2cd1928340a863a831e060240aa73,2026-09-19,7,2026-09-20,index_models-1,
https://www.onsemi.com/download/models/lib/fqa46n15.lib,,,downloaded,1256,dd39dae6fbc7079495effd834a72c4caf67550575193012b687d0546a09094ea,2026-09-19,6,2026-09-20,index_models-1,
https://www.onsemi.com/download/models/lib/fqa55n25.lib,,,downloaded,1277,91e874aa7ec20e973f788f4837e52b3187de4823b67f2602aa58e0f48494238e,2026-09-19,6,2026-09-20,index_models-1,
https://www.onsemi.com/download/models/lib/fqa62n25c.lib,,,downloaded,2019,ddda52733ac2da7bcd0998b8c976ff8c7ba7b324658bd1cc4172ac0872d50fe4,2026-09-19,7,2026-09-20,index_models-1,
https://www.onsemi.com/download/models/lib/fqa65n20.lib,,,downloaded,2000,16371be0843aaab1bda8d6f0edbc1aa579e42126eefdee551f372e0c93baf5ac,2026-09-19,7,2026-09-20,index_models-1,
https://www.onsemi.com/download/models/lib/fqa70n10(pspice%20model).lib,,,downloaded,2029,b90bd8831bfee64dfe014fb3ceaa211823d33bdacd8205cb39dc7d5065acaeb7,2026-09-19,7,2026-09-20,index_models-1,
https://www.onsemi.com/download/models/lib/fqa70n15.lib,,,downloaded,1252,ad737064fca0df4b5db08019815db5ebbfd6755c52a4cf0d65cd7a101a478769,2026-09-19,6,2026-09-20,index_models-1,
https://www.onsemi.com/download/models/lib/fqa90n15.lib,,,downloaded,1243,08a1c87fb503be41aaa87341aa264664d0d7f7f31df9b62c8554353e86b8283b,2026-09-19,6,2026-09-20,index_models-1,
https://www.onsemi.com/download/models/lib/fqaf13n80.lib,,,downloaded,1033,2145de1a0d36ef8276fbf32b8988e7ed821c251d3e484010fca40d15f8e42b85,2026-09-19,6,2026-09-20,index_models-1,
https://www.onsemi.com/download/models/lib/fqb11p06.lib,,,downloaded,1062,6d17b19f288981bb106a4da462c22ef086be827d7c4106a3cf4a216c8e21a859,2026-09-19,6,2026-09-20,index_models-1,
https://www.onsemi.com/download/models/lib/fqb12p20.lib,,,downloaded,2004,9462477d3eb0f5eaebb2fae2602c548af1e98e3991ad0a02c73309652f96b0b1,2026-09-19,7,2026-09-20,index_models-1,
https://www.onsemi.com/download/models/lib/fqb19n20.lib,,,downloaded,1245,1595c04421c7eec6a852aa06d02b0f1e033a92df026e6ce038af0688a33e889d,2026-09-19,6,2026-09-20,index_models-1,
https://www.onsemi.com/download/models/lib/fqb19n20c.lib,,,downloaded,2083,104cc627157aa951c446c1f33c772e35eb7abc38f32a36c578e63d6db1890080,2026-09-19,7,2026-09-20,index_models-1,
https://www.onsemi.com/download/models/lib/fqb19n20l.lib,,,downloaded,1259,2bdc984d9b33b4392ff10ca97e1129e7262a39b777c450ff86250e1f6e9df97a,2026-09-19,6,2026-09-20,index_models-1,
https://www.onsemi.com/download/models/lib/fqb1p50.lib,,,downloaded,2099,3fca75678b61f641198500046d13c0e3dfa677491f8e189fc5ccf762cf0cddfa,2026-09-19,7,2026-09-20,index_models-1,
https://www.onsemi.com/download/models/lib/fqb22p10.lib,,,downloaded,1251,391c8bf938d69c01ec48f91cf88be79d7e1022c51e503161c9d8f853e904068a,2026-09-19,6,2026-09-20,index_models-1,
https://www.onsemi.com/download/models/lib/fqb27p06.lib,,,downloaded,1030,fa101ab44d2abe92db84a528fa815d23c1cb0d72caf643d407629c77a25bfc67,2026-09-19,6,2026-09-20,index_models-1,
https://www.onsemi.com/download/models/lib/fqb30n06l(pspice%20model).lib,,,downloaded,2068,39958c793de6c2678dcad2b87d6c6b00c1aa429d81d3207609ebb4b416e6a1b1,2026-09-19,7,2026-09-20,index_models-1,
https://www.onsemi.com/download/models/lib/fqb33n10l(pspice%20model).lib,,,downloaded,2020,014a6a9a3797b7ed083f2bbcb83aa1f1700ba4afb53025ee88ce162b9b81eeee,2026-09-19,7,2026-09-20,index_models-1,
https://www.onsemi.com/download/models/lib/fqb34n20(pspice%20model).lib,,,downloaded,2051,21bbfcba177a91708ece83ae2870918605fb326e8812b28a52585bcf11d1516a,2026-09-19,7,2026-09-20,index_models-1,
https://www.onsemi.com/download/models/lib/fqb34n20l.lib,,,downloaded,1260,29d03310ae94433105d8b13f194be8449d7b4d8f40238024c73a414ababc0a89,2026-09-19,6,2026-09-20,index_models-1,
https://www.onsemi.com/download/models/lib/fqb34p10.lib,,,downloaded,2061,78043e0fdebec4fc3d7ef1b4f26a6d377bdf4905772cecb9c5e10781c1910717,2026-09-19,7,2026-09-20,index_models-1,
https://www.onsemi.com/download/models/lib/fqb34p10tm_f085.lib,,,downloaded,2065,95c848e3aeef488b76f7ed1539ea8b27be661cae6894096576cf0dc61cf414db,2026-09-19,7,2026-09-20,index_models-1,
https://www.onsemi.com/download/models/lib/fqb44n10%20pspice%20model.lib,,,downloaded,2014,10d2125c88c89abce1d51023e12a274331e32f1c5a34259edac69267d15c788b,2026-09-19,7,2026-09-20,index_models-1,
https://www.onsemi.com/download/models/lib/fqb47p06.lib,,,downloaded,1032,33a0bb49bedcf8804e0426103e4fdf4f2410bfa71226acaf877e141495b3e0bb,2026-09-19,6,2026-09-20,index_models-1,
https://www.onsemi.com/download/models/lib/fqb50n06.lib,,,downloaded,1067,a24e8a34e9fa0677f3a4d829bcb3c8db3e096784acbb258c93e26bcdabedde27,2026-09-19,6,2026-09-20,index_models-1,
https://www.onsemi.com/download/models/lib/fqb50n06l(pspice%20model).lib,,,downloaded,2062,e9826d87f4f4d2f0fd9af49c845bdf2327fafee46901407c66243d14c2f601c7,2026-09-19,7,2026-09-20,index_models-1,
https://www.onsemi.com/download/models/lib/fqb55n10.lib,,,downloaded,2003,82395263fe2a2bbb019c169b1f7ffa32dedf01fee1a44fa157bdbe7116444eeb,2026-09-19,7,2026-09-20,index_models-1,
https://www.onsemi.com/download/models/lib/fqb5n90.lib,,,downloaded,2001,7f1f5ef54abf70d7db9b24f62953c1f89d714709be26a7a39cf7241bdf846267,2026-09-19,7,2026-09-20,index_models-1,
https://www.onsemi.com/download/models/lib/fqb6n40c.lib,,,downloaded,1567,c8aa1200887b1c0146bbc9df9e5ba5560e1490d569842e0c36a7bde03a9b38a2,2026-09-19,7,2026-09-20,index_models-1,
https://www.onsemi.com/download/models/lib/fqb6n80(pspice).lib,,,downloaded,2099,dd3c0a0053c313486a39888ef2dc5a07371e9631a913d2871ba7f85073570b84,2026-09-19,7,2026-09-20,index_models-1,
https://www.onsemi.com/download/models/lib/fqb7n60.lib,,,downloaded,1490,05d87a914e882cee76696e1ede9481fb33a76d29de7e5c18fa94a105aaff8009,2026-09-19,7,2026-09-20,index_models-1,
https://www.onsemi.com/download/models/lib/fqb7p20.lib,,,downloaded,1159,25a09c70ab3d44594ca15f31be82222618a77a5baa038a73e872b4bc72c13310,2026-09-19,6,2026-09-20,index_models-1,
https://www.onsemi.com/download/models/lib/fqb8n60c.lib,,,downloaded,1501,caa82b8031ced3188e8247b252b5969f97f6f74598e3782b4653f203530c344f,2026-09-19,7,2026-09-20,index_models-1,
https://www.onsemi.com/download/models/lib/fqb8n90c%20%20(spice%20model).lib,,,downloaded,2067,a4591331aa2c4655009ee3e5e89b604b280fe0d1f4735db4535a93526af25c92,2026-09-19,7,2026-09-20,index_models-1,
https://www.onsemi.com/download/models/lib/fqb8p10.lib,,,downloaded,2066,d08c0fd24dc6851d8b7b6e2d2f0cfaa71b426160ec984ee158d9a62c28c6c8ff,2026-09-19,7,2026-09-20,index_models-1,
https://www.onsemi.com/download/models/lib/fqb9p25.lib,,,downloaded,1577,c959f2bbb095cacfae94afbe1820dd78e9ccc41bc6aa47da0b402eedaaea94d9,2026-09-19,7,2026-09-20,index_models-1,
https://www.onsemi.com/download/models/lib/fqd10n20.lib,,,downloaded,1236,1558bd7a8e88817763c821703e1f131bfdd5fd7556639def2ed628d0f7066601,2026-09-19,6,2026-09-20,index_models-1,
https://www.onsemi.com/download/models/lib/fqd10n20l(pspice).lib,,,downloaded,2083,51095aeec30f846f5a5aed61870b2594dd8186d287365ca0f92064ad8c3e94f4,2026-09-19,7,2026-09-20,index_models-1,
https://www.onsemi.com/download/models/lib/fqd11p06%20(spice%20model).lib,,,downloaded,2061,5635ccc143081324d8317fdc3be33b3e1296fcf62efb779a8e37b19122104abc,2026-09-19,7,2026-09-20,index_models-1,
https://www.onsemi.com/download/models/lib/fqd12n20.lib,,,downloaded,2080,48e56a4d74c7d07bdd7b4ca2898ed1ca2aff632ac20b075ae0183f7438d2f6ae,2026-09-19,7,2026-09-20,index_models-1,
https://www.onsemi.com/download/models/lib/fqd12n20l(pspice%20model).lib,,,downloaded,2087,fdca42f4467b07ee8e03f84687a9e18798cc565165aaf3d0a0a62732ec106c7a,2026-09-19,7,2026-09-20,index_models-1,
https://www.onsemi.com/download/models/lib/fqd12p10tm_f085%20(pspice%20model).lib,,,downloaded,2091,804de78607a71f3cd26744e9c4889fbec48943d40c16eec9b217e70f992b990a,2026-09-19,7,2026-09-20,index_models-1,
https://www.onsemi.com/download/models/lib/fqd13n06(pspice%20model).lib,,,downloaded,2075,bc2d63ea0ad6a8ca73f8b9c52b16792d3baf2e1ee13b0d96ade584962e67bc57,2026-09-19,7,2026-09-20,index_models-1,
https://www.onsemi.com/download/models/lib/fqd13n06l.lib,,,downloaded,1232,6da8ee1ce215931f4040778e1adc010bf7a57297ef1b0b90c5a69175d2912ca2,2026-09-19,6,2026-09-20,index_models-1,
https://www.onsemi.com/download/models/lib/fqd13n10l.lib,,,downloaded,1052,a15d6519ea7648bf08be9a13d84a76f30d0eeb728e716e7d4d19007e5f42217a,2026-09-19,6,2026-09-20,index_models-1,
https://www.onsemi.com/download/models/lib/fqd16n25c(pspice%20model).lib,,,downloaded,2095,9dc9921660c98f5dd08fd718cf62f5c08a67ecb9cd840a25ca65abe5afa5036c,2026-09-19,7,2026-09-20,index_models-1,
https://www.onsemi.com/download/models/lib/fqd17p06.lib,,,downloaded,1168,0450e42aeb0bb53b5ef09dd6b6c5deb8f53465a5ea560c8d661b9e33022624bf,2026-09-19,6,2026-09-20,index_models-1,
https://www.onsemi.com/download/models/lib/fqd19n10l(pspice%20model).lib,,,downloaded,2099,5919f485c4b308f15aba3f55c25da4eee82d97123e5a480c644bdfe05dbc8af2,2026-09-19,7,2026-09-20,index_models-1,
https://www.onsemi.com/download/models/lib/fqd1n60c%20(spice%20model).lib,,,downloaded,2072,e9eb393d40ffa6e479d942fd73f12f5f58dd21cbe91186bc25c64d6fa5d4f970,2026-09-19,7,2026-09-20,index_models-1,
https://www.onsemi.com/download/models/lib/fqd1n80.lib,,,downloaded,2115,6c43faefcaf79315613ad40785db892be7632cd11853d2a3741624ab38164958,2026-09-19,7,2026-09-20,index_models-1,
https://www.onsemi.com/download/models/lib/fqd20n06.lib,,,downloaded,1245,c9d935ab00fb82fdc5ca43f78be63ef3deccd25c0ddb4010c09b8ee5733a27ed,2026-09-19,6,2026-09-20,index_models-1,
https://www.onsemi.com/download/models/lib/fqd2n100(pspice%20model).lib,,,downloaded,2070,b851bba8c4838d5d9c1bdb9fb0a8365756aa52f89c321febd7d1c8578e18c080,2026-09-19,7,2026-09-20,index_models-1,
https://www.onsemi.com/download/models/lib/fqd2n60c.lib,,,downloaded,2063,1b81615fa55528439051f4180b5503c251196d940b7df60d98c9dc15d99e4c31,2026-09-19,7,2026-09-20,index_models-1,
https://www.onsemi.com/download/models/lib/fqd2n80.lib,,,downloaded,992,682b99d83727f8df6b29e7da8005bd72c4694b76ca957924488221e3bcc3ea71,2026-09-19,6,2026-09-20,index_models-1,
https://www.onsemi.com/download/models/lib/fqd2n90%20(spice%20model).lib,,,downloaded,2039,98730958c96e76e221a12887ac4c305c7d34a40bda2a24667642ebec1f59ac85,2026-09-19,7,2026-09-20,index_models-1,
https://www.onsemi.com/download/models/lib/fqd2p40.lib,,,downloaded,1524,5456004184e762c2adb1ba1da21e0f0120f3a0bdd5f11df3577c05f226ddab39,2026-09-19,6,2026-09-20,index_models-1,
https://www.onsemi.com/download/models/lib/fqd30n06(pspice%20model).lib,,,downloaded,2076,3fd18b580927b0077254743a21e5cb9b6d362779f6174b8b5bd3d220687f37e9,2026-09-19,7,2026-09-20,index_models-1,
https://www.onsemi.com/download/models/lib/fqd3n60ctm%20(pspice%20model).lib,,,downloaded,2072,01628479572b11b0e70b08d652a03711643a8dc89c8c7813770d44c2652781b1,2026-09-19,7,2026-09-20,index_models-1,
https://www.onsemi.com/download/models/lib/fqd4n20%20(spice%20model).lib,,,downloaded,2059,ee314bc7665a6596502375a78aa2646312ddbc29b460dc36d1667f94a0215ca8,2026-09-19,7,2026-09-20,index_models-1,
https://www.onsemi.com/download/models/lib/fqd4n25.lib,,,downloaded,2052,f0d671806c53f27beda5e0a60a55f79d6c09c62ad9801b147cc31b344471dc1e,2026-09-19,7,2026-09-20,index_models-1,
https://www.onsemi.com/download/models/lib/fqd4n50.lib,,,downloaded,1568,a00739da26b79d2e702052876a0c2effaece170a7c780fcdddeaa7d9dc7af92c,2026-09-19,7,2026-09-20,index_models-1,
https://www.onsemi.com/download/models/lib/fqd4p25tm_ws.lib,,,downloaded,2103,196ceb9482200411f4bf25212aca7c47b504743a8f4350b643fd3d49cd5b3c26,2026-09-19,7,2026-09-20,index_models-1,
https://www.onsemi.com/download/models/lib/fqd4p40.lib,,,downloaded,1575,bd3bd0f705354a95b32cc7ec2a9d1a69dd1317191960898e19831b3aa71066bb,2026-09-19,7,2026-09-20,index_models-1,
https://www.onsemi.com/download/models/lib/fqd5n15(pspice%20model).lib,,,downloaded,2033,38c729cb08a1f60b007cbd9f731126e80814215302c5c1d6fbbe1f5f38de397a,2026-09-19,7,2026-09-20,index_models-1,
https://www.onsemi.com/download/models/lib/fqd5n20l(pspice).lib,,,downloaded,2073,6aa2b8cc5c873f07c04400f4cd8681ac707988e2aa0fcdac7f3b8414109846f8,2026-09-19,7,2026-09-20,index_models-1,
https://www.onsemi.com/download/models/lib/fqd5n60ctm.lib,,,downloaded,2573,e39a070375e5fd5309851985593ad14b9897f50cbc16ca163c174ac465291277,2026-09-19,17,2026-09-20,index_models-1,
https://www.onsemi.com/download/models/lib/fqd5p20.lib,,,downloaded,2085,13767ed3175b9290b12b3a81a6fd23a3489387051e1fc068c8ef8066a51c58f8,2026-09-19,7,2026-09-20,index_models-1,
https://www.onsemi.com/download/models/lib/fqd6n40c.lib,,,downloaded,1566,12cccf3cc1d883b70ae284e801261bcfe5879650ee46fe56b5659e84610c81bd,2026-09-19,7,2026-09-20,index_models-1,
https://www.onsemi.com/download/models/lib/fqd7n10l.lib,,,downloaded,1231,f9fde27aa7a6d67b762ade167f180828c0444deabd2a5964b3fa91856411d958,2026-09-19,6,2026-09-20,index_models-1,
https://www.onsemi.com/download/models/lib/fqd7n30%20(spice%20model).lib,,,downloaded,1981,3744f9151dd1c8cc887368937996561cb02af653f78b919f56fd16db31a9cfc8,2026-09-19,7,2026-09-20,index_models-1,
https://www.onsemi.com/download/models/lib/fqd7p20.lib,,,downloaded,1159,9e7d8f20904c4e0157f54047dafa992b3d4f9a21db3f0dda8c90170c2e92c30e,2026-09-19,6,2026-09-20,index_models-1,
https://www.onsemi.com/download/models/lib/fqd8p10(pspice%20model).lib,,,downloaded,2069,9d05bb4cd59622951192b59b95899c0c8bd49362d842b4c7889c647f307165bc,2026-09-19,7,2026-09-20,index_models-1,
https://www.onsemi.com/download/models/lib/fqd9n25.lib,,,downloaded,1975,04ae006b3cb02d8ea05d45f2029ada092fb0447750c7a53d6280af23fabc22de,2026-09-19,7,2026-09-20,index_models-1,
https://www.onsemi.com/download/models/lib/fqi50n06.lib,,,downloaded,1068,b4a50ebcccbb3ca5396b31cb55db8ec1cdb998dd99c7415258563ddb68c4d580,2026-09-19,6,2026-09-20,index_models-1,
https://www.onsemi.com/download/models/lib/fqi8n60c.lib,,,downloaded,1501,ab2e019c1eb888805e65459d2f5d0f0c9d974a48cc2839c83f0e3bf153e056e5,2026-09-19,7,2026-09-20,index_models-1,
https://www.onsemi.com/download/models/lib/fql40n50(pspice%20model).lib,,,downloaded,2081,ba7e1c0faeeda14b9b1abec0233ab6c50101b3bc6190aa733b85eba4a6869bba,2026-09-19,7,2026-09-20,index_models-1,
https://www.onsemi.com/download/models/lib/fql40n50f.lib,,,downloaded,1257,04278495b829d1e6030284142edfde387935c19001fd516fb1486de6d90b0058,2026-09-19,6,2026-09-20,index_models-1,
https://www.onsemi.com/download/models/lib/fqn1n60c.lib,,,downloaded,1482,e079c1a59c900e396e93549eb4330e3941cc54c5838ad3bb4e6e5e952e7ea562,2026-09-19,7,2026-09-20,index_models-1,
https://www.onsemi.com/download/models/lib/fqp10n20c.lib,,,downloaded,2091,899c934189dd100d5aeee4a8ff0e972c324fd02b88283818c246103b9a98cf7f,2026-09-19,7,2026-09-20,index_models-1,
https://www.onsemi.com/download/models/lib/fqp10n60c.lib,,,downloaded,2062,e686d7331b99f20b7d9b4cf42073e2b813882a4832d0f73adf6b09c4f91de2a1,2026-09-19,7,2026-09-20,index_models-1,
https://www.onsemi.com/download/models/lib/fqp11n40c.lib,,,downloaded,2063,f807092c19aada5f2333fd237933df6d4acd87c286b2e24b65d793bf858fbae5,2026-09-19,7,2026-09-20,index_models-1,
https://www.onsemi.com/download/models/lib/fqp13n10(pspice%20model).lib,,,downloaded,2059,2569078816d8d413278605dc35a54043be4a5d7c0d953ca88da1bd0785fbc358,2026-09-19,7,2026-09-20,index_models-1,
https://www.onsemi.com/download/models/lib/fqp13n10l.lib,,,downloaded,2036,7cbdf8985df44d582876b0f7dad889d8d5f288235eb2490fac3be90ead07ff92,2026-09-19,7,2026-09-20,index_models-1,
https://www.onsemi.com/download/models/lib/fqp16n25.lib,,,downloaded,1520,316ffaab21ed12ae34d47c87c03d270fdcf6349b1d8655884ad824705df45a65,2026-09-19,6,2026-09-20,index_models-1,
https://www.onsemi.com/download/models/lib/fqp17n40.lib,,,downloaded,1056,aba749b760fb6aa9d637421b1c664b603b9c276be5abf3282936b8e2a5e19a78,2026-09-19,6,2026-09-20,index_models-1,
https://www.onsemi.com/download/models/lib/fqp17p06.lib,,,downloaded,1166,e57398fa9bb2358b3ad704787f21c7a7339ab1fc3efb0b15c37a295b0a86e3fe,2026-09-19,6,2026-09-20,index_models-1,
https://www.onsemi.com/download/models/lib/fqp17p10(pspice%20model).lib,,,downloaded,2068,5d6d7dba4a0f67b81d088400b5d7ce824f89c470e78007529f3af1b67d398dac,2026-09-19,7,2026-09-20,index_models-1,
https://www.onsemi.com/download/models/lib/fqp19n20.lib,,,downloaded,1245,1b19e0109049e092336946ac1ed492de17e11ab28bc1520ef7a446547ed7f1f0,2026-09-19,6,2026-09-20,index_models-1,
https://www.onsemi.com/download/models/lib/fqp20n06.lib,,,downloaded,1243,39160feea4b88130e12cc16cc2a5b1f77953441ba2c2d66170d6573d2d6b46f5,2026-09-19,6,2026-09-20,index_models-1,
https://www.onsemi.com/download/models/lib/fqp22n30.lib,,,downloaded,2010,c97bf71e9cb4551a260c6dd86d1477935751e4e9e8e6bc2d3aa5cb6dde752177,2026-09-19,7,2026-09-20,index_models-1,
https://www.onsemi.com/download/models/lib/fqp27n25(pspice%20model).lib,,,downloaded,2096,39103855bb16c65ced9f729db3958695f5182df9aed130cc946be6c9848c7ac0,2026-09-19,7,2026-09-20,index_models-1,
https://www.onsemi.com/download/models/lib/fqp27p06.lib,,FQP27P06,downloaded,1571,c4d1359e6da25820f03897dc267dee433e324607538251b6da8e7013b806644b,2026-09-19,7,2026-09-20,index_models-1,
https://www.onsemi.com/download/models/lib/fqp30n06.lib,,,downloaded,2057,de192f3495f8edec21cabb717163506d6e374a9a020880947b98ccd0d1cac76c,2026-09-19,7,2026-09-20,index_models-1,
https://www.onsemi.com/download/models/lib/fqp30n06l.lib,,FQP30N06L,downloaded,2604,50c0f383f91f0b84057c6ba7be7dac5440bf355fdf3d30608c0b23378d3741f3,2026-09-19,17,2026-09-20,index_models-1,
https://www.onsemi.com/download/models/lib/fqp33n10.lib,,,downloaded,1267,7e2023d42ab9af222d3554adf4b000511e9ce3f19b29ee9d9bdd024ea4ac7359,2026-09-19,6,2026-09-20,index_models-1,
https://www.onsemi.com/download/models/lib/fqp3n30.lib,,,downloaded,2005,d8ed9c6c4bc3ef69004cad41fe8e0b46ba6292eac7202197b68c8f5ae0be5707,2026-09-19,7,2026-09-20,index_models-1,
https://www.onsemi.com/download/models/lib/fqp3n80c.lib,,,downloaded,1607,04547bbf97a7525c5a36b8f65f5eff5f401247d4048c0e49a80a66b34a45caad,2026-09-19,7,2026-09-20,index_models-1,
https://www.onsemi.com/download/models/lib/fqp3p20.lib,,,downloaded,1257,c6f86ba6bee1e68621355f4cc54dd27a6ff1649c773fff86d851bdd0b5ee6aec,2026-09-19,6,2026-09-20,index_models-1,
https://www.onsemi.com/download/models/lib/fqp3p50.lib,,,downloaded,2069,79c0b8f4b534bafd2d2113468a3f47b67e6f90b28cb5942c193d4ffdf9a274f7,2026-09-19,7,2026-09-20,index_models-1,
https://www.onsemi.com/download/models/lib/fqp46n15.lib,,,downloaded,1257,df821bac9e13072f0db31585d53d149451d27fa9496051a5ecd2914af51f83d3,2026-09-19,6,2026-09-20,index_models-1,
https://www.onsemi.com/download/models/lib/fqp4n90c.lib,,,downloaded,2125,aeb140f880272ccde08dc52518a7f1f5ab969ea46ba76673155c57f9d21d5ed0,2026-09-19,7,2026-09-20,index_models-1,
https://www.onsemi.com/download/models/lib/fqp50n06.lib,,,downloaded,1070,ba8edca322d7d70c2ab950275ed048cad25d7a3eb7e10ef07f74aa89892832a4,2026-09-19,6,2026-09-20,index_models-1,
https://www.onsemi.com/download/models/lib/fqp55n10.lib,,,downloaded,2003,21115be10ffa1c371d45f3fb3e708ee2d7aa9d073f8f13937748527b78b1da25,2026-09-19,7,2026-09-20,index_models-1,
https://www.onsemi.com/download/models/lib/fqp5n50c.lib,,,downloaded,2054,b8439b608b4ba68dd119f884492fc527afffbc65beab7a43090d965606abf66e,2026-09-19,7,2026-09-20,index_models-1,
https://www.onsemi.com/download/models/lib/fqp6n80c.lib,,,downloaded,2130,f0db1118f0ec91982ff87a9157464aebd651d6561a404ec044e283ba1c3b976a,2026-09-19,7,2026-09-20,index_models-1,
https://www.onsemi.com/download/models/lib/fqp6n90c.lib,,,downloaded,2128,82a52c46f894aca2c6cdab5ae01e6d50161f31991075578c31e1c3b896adbcfa,2026-09-19,7,2026-09-20,index_models-1,
https://www.onsemi.com/download/models/lib/fqp7n20(pspice%20model).lib,,,downloaded,2012,854e7c95a4b1cb8d6e826e0a2ff5bb97fb0a7dc5fb54c83ef76010da001c70e0,2026-09-19,7,2026-09-20,index_models-1,
https://www.onsemi.com/download/models/lib/fqp7n80c.lib,,,downloaded,2127,6dc14a88746ec0ecc9cdc474676f79a23799a112e30e31c8f383e51b4c664b4c,2026-09-19,7,2026-09-20,index_models-1,
https://www.onsemi.com/download/models/lib/fqp7p06.lib,,,downloaded,1046,cedd6daaeba3ca7498c6bae659dafbda67f3add6a7b6520e388e16916acb70f4,2026-09-19,6,2026-09-20,index_models-1,
https://www.onsemi.com/download/models/lib/fqp85n06.lib,,,downloaded,1073,2cdfbc2801379dd10298b8e4e92802515cc1a65a5a3ff6c95bfaab2d62684273,2026-09-19,6,2026-09-20,index_models-1,
https://www.onsemi.com/download/models/lib/fqp8n60c.lib,,,downloaded,1491,46e3359ea40b69911bcd244604c15a28f678a2718b71ab1600ff24344bc541df,2026-09-19,7,2026-09-20,index_models-1,
https://www.onsemi.com/download/models/lib/fqp9n50c.lib,,,downloaded,1590,af8f4b79ae418db8add966eafd9125c0db36dfae238ec491f882c53b407490c3,2026-09-19,7,2026-09-20,index_models-1,
https://www.onsemi.com/download/models/lib/fqp9n90c.lib,,,downloaded,1594,8ee8b6318dc00a67ea7dc53dc41ad12262c77a57631bc7299575375a72e56573,2026-09-19,7,2026-09-20,index_models-1,
https://www.onsemi.com/download/models/lib/fqp9p25.lib,,,downloaded,1217,fb60803f26689a93f8bfb4ea735a3a50dd0b87500abfe5be531001fbb6d14157,2026-09-19,6,2026-09-20,index_models-1,
https://www.onsemi.com/download/models/lib/fqpf10n60c.lib,,,downloaded,2068,4e8f0918f8950d22fa3e73c4e5b72dab5ca38e52052d2f70aedaeff867599f88,2026-09-19,7,2026-09-20,index_models-1,
https://www.onsemi.com/download/models/lib/fqpf11n40c.lib,,,downloaded,2069,5a1a7e6d48072fc6899b83203eb808c7eecbf037ecd16d09274836413d3c3f35,2026-09-19,7,2026-09-20,index_models-1,
https://www.onsemi.com/download/models/lib/fqpf13n06l.lib,,,downloaded,1238,f8b1d2227ac8bcf685690a4cd96f3deca03290095c10a670cdf95b4b0ed0b596,2026-09-19,6,2026-09-20,index_models-1,
https://www.onsemi.com/download/models/lib/fqpf16n15.lib,,,downloaded,1269,0cc1621602c342a956d300917c8228b353a81f9d2cecc0f08578042cfd5d11a6,2026-09-19,6,2026-09-20,index_models-1,
https://www.onsemi.com/download/models/lib/fqpf19n20.lib,,,downloaded,1250,2016623278a8e4fc115771581dd9c07de0e899902752c4b40707c94dc898ab45,2026-09-19,6,2026-09-20,index_models-1,
https://www.onsemi.com/download/models/lib/fqpf20n06.lib,,,downloaded,1247,2b2f5ad3f7afd04346b886bff403cedcb3ddf737baaa3b59bb6e3bb3bf75aed4,2026-09-19,6,2026-09-20,index_models-1,
https://www.onsemi.com/download/models/lib/fqpf22p10.lib,,,downloaded,1254,e24daee21266c44f01f6dc1f35218d90d4e1ad8f15863d888e9aed56709b172d,2026-09-19,6,2026-09-20,index_models-1,
https://www.onsemi.com/download/models/lib/fqpf27p06(pspice%20model).lib,,,downloaded,2074,18b007e8892bfe5e17b2f1e6774ff71001967d8f58d80ccf5258aea34a5f8273,2026-09-19,7,2026-09-20,index_models-1,
https://www.onsemi.com/download/models/lib/fqpf2n70(pspice%20model).lib,,,downloaded,2091,a7c28afdac640cbae3fdcd735204c8a1a3e593943003ea79e846e43efb460d75,2026-09-19,7,2026-09-20,index_models-1,
https://www.onsemi.com/download/models/lib/fqpf2n80(pspice%20model).lib,,,downloaded,2079,1b076678eb4e23facaf8afadbb4d8b0c04b08f69736135e3c30116edbf0620f4,2026-09-19,7,2026-09-20,index_models-1,
https://www.onsemi.com/download/models/lib/fqpf33n10.lib,,,downloaded,1273,06289b29411fee386dce77bbcb637a4b4ec45bf219a8f97a921dd3d763983545,2026-09-19,6,2026-09-20,index_models-1,
https://www.onsemi.com/download/models/lib/fqpf3n25.lib,,,downloaded,2119,10257b5dc1283df1ae3b8ecf7123b0bc0e24fd662a554872341309387a16006d,2026-09-19,7,2026-09-20,index_models-1,
https://www.onsemi.com/download/models/lib/fqpf3n80c.lib,,,downloaded,1612,c6e43fe3d93126a696b0ab27eabc8ae11be5ccb49dded6f33edcba47b87569b0,2026-09-19,7,2026-09-20,index_models-1,
https://www.onsemi.com/download/models/lib/fqpf47p06.lib,,,downloaded,1507,e10fe3a2d3de1479564169baa0a3f0a957268e2bc46d7915b95708e28d48f35c,2026-09-19,7,2026-09-20,index_models-1,
https://www.onsemi.com/download/models/lib/fqpf4n90c.lib,,,downloaded,2131,16d361cc28c184c299f0ee4cff164a983ec93a9a041f87e9b198831f71132cd8,2026-09-19,7,2026-09-20,index_models-1,
https://www.onsemi.com/download/models/lib/fqpf50n06.lib,,,downloaded,1072,ec4dfef3af04fb533d6913fe7f1951d040df33cdda323ae76d8f0c303e40c160,2026-09-19,6,2026-09-20,index_models-1,
https://www.onsemi.com/download/models/lib/fqpf5n50c.lib,,,downloaded,2073,7d14aa4541ee724aa93e13309f6e228f0f842a52e2ab372b574abb687435fefc,2026-09-19,7,2026-09-20,index_models-1,
https://www.onsemi.com/download/models/lib/fqpf6n80c.lib,,,downloaded,2136,904af75d9c708ca614f54755809edbeaab8a9a3ae6fb498dc4fff69bf1fb16bb,2026-09-19,7,2026-09-20,index_models-1,
https://www.onsemi.com/download/models/lib/fqpf6n90c.lib,,,downloaded,2133,1f9ed5a503324d8f08b47d1dc163572c27295fb5bd0422777dcab30acaf026b4,2026-09-19,7,2026-09-20,index_models-1,
https://www.onsemi.com/download/models/lib/fqpf7n80c.lib,,,downloaded,2133,c6ef33190ebd480596080b38f49ed1d4e9ec5d3107491c7ec974709190b94570,2026-09-19,7,2026-09-20,index_models-1,
https://www.onsemi.com/download/models/lib/fqpf7p20.lib,,,downloaded,1167,1f142778481151a240cf16ea4b32148d1f3d857c45ebfb1d0aaf1f67595309ef,2026-09-19,6,2026-09-20,index_models-1,
https://www.onsemi.com/download/models/lib/fqpf85n06.lib,,,downloaded,1077,30e13f336fd1ccad58b416f24256d5fb065607d04efb7b4d8ade78b11b2bfe99,2026-09-19,6,2026-09-20,index_models-1,
https://www.onsemi.com/download/models/lib/fqpf8n60c.lib,,,downloaded,1495,c8f3e24a387ac003914b2fcbd3121b0129ca52989f00cd5aa009e97563a3dcfb,2026-09-19,7,2026-09-20,index_models-1,
https://www.onsemi.com/download/models/lib/fqpf8n90c.lib,,,downloaded,2031,b383aa5225fc38d1dd7d4415ec15295278ba5239f682b6880a40f16178eea0d1,2026-09-19,7,2026-09-20,index_models-1,
https://www.onsemi.com/download/models/lib/fqpf9p25(pspice%20model).lib,,,downloaded,2048,4ee0ae10046be8c8b09589fecfd35629e8f1e0b0e686ffa92aac0145228f6fd6,2026-09-19,7,2026-09-20,index_models-1,
https://www.onsemi.com/download/models/lib/fqs4900.lib,,,downloaded,4213,0e39872a4d98b9f6cc4066c70bcf985498545cc4c04cc53f01c011b9f50b8f24,2026-09-19,14,2026-09-20,index_models-1,
https://www.onsemi.com/download/models/lib/fqs4900n.lib,,,downloaded,1051,b9f60ac2aafef1f6f9d26026671a236b1b40cbaedbca730a97496799ff43546e,2026-09-19,6,2026-09-20,index_models-1,
https://www.onsemi.com/download/models/lib/fqs4900p.lib,,,downloaded,1070,c94a820cd1ef05ea3b348bce2bd7f49f422ad50235575a47787563fcef297190,2026-09-19,6,2026-09-20,index_models-1,
https://www.onsemi.com/download/models/lib/fqs4901.lib,,,downloaded,1610,eccfba5910509a6558331083dae22c9ef106c6f4f1ae51600bc61c8bcfa711ef,2026-09-19,6,2026-09-20,index_models-1,
https://www.onsemi.com/download/models/lib/fqs4903%20pspice.lib,,,downloaded,2258,b13ccbc5405dfe760ca25b7790191828734522bb6527bef2ba9292044aec8877,2026-09-19,7,2026-09-20,index_models-1,
https://www.onsemi.com/download/models/lib/fqt13n06(spice%20model).lib,,,downloaded,2078,581d2983d620c3a1ae812c68f84b333c66f086ec9c8d82861d6cd27230c49327,2026-09-19,7,2026-09-20,index_models-1,
https://www.onsemi.com/download/models/lib/fqt13n06l.lib,,,downloaded,1233,e65bf6f731f73a2ac91927aa6bdf4124cbc2a7a2d1da38cf1412705556f4d855,2026-09-19,6,2026-09-20,index_models-1,
https://www.onsemi.com/download/models/lib/fqt1n60c.lib,,,downloaded,2089,84d7ba89daf2862890af0b6aeac87c2619e1d86ef3e4a617c76ecc70ba5369ce,2026-09-19,7,2026-09-20,index_models-1,
https://www.onsemi.com/download/models/lib/fqt1n80.lib,,,downloaded,2106,bc4f303f9821caa0036b875e8b3afd336097a17b25cccfab249e0d9513602c7f,2026-09-19,7,2026-09-20,index_models-1,
https://www.onsemi.com/download/models/lib/fqt2p25%20(pspice%20model).lib,,,downloaded,2097,dad79a361c922c47bee8f8b0c568cbbb1ab350faf5c15c059fded6d39b9b084a,2026-09-19,7,2026-09-20,index_models-1,
https://www.onsemi.com/download/models/lib/fqt3p20.lib,,,downloaded,1591,c081baad2d80ae75434d589a6c60b8414758ed72d0bc56e1344b9ed4ba91a3c8,2026-09-19,7,2026-09-20,index_models-1,
https://www.onsemi.com/download/models/lib/fqt4n20l.lib,,,downloaded,1447,57b71dc0725ac3ee0b1f50a0c10107820c6909439d169266fb075a29ae07f1f1,2026-09-19,7,2026-09-20,index_models-1,
https://www.onsemi.com/download/models/lib/fqt4n25.lib,,,downloaded,2060,7c2527833dc98dd652c32bd70ca665d25cb3b47ca1991a3973bb9d619b9e6236,2026-09-19,7,2026-09-20,index_models-1,
https://www.onsemi.com/download/models/lib/fqt5p10.lib,,,downloaded,1035,338acdfe88a56241b12ed8fd00623540b6eba49ad793eaf819c03e4e981dc983,2026-09-19,6,2026-09-20,index_models-1,
https://www.onsemi.com/download/models/lib/fqt7n10.lib,,,downloaded,2095,7db4f12c0dea2c25302f69edf0332b1528b7cdf9de5ab770b1bdfaa14dee3e94,2026-09-19,7,2026-09-20,index_models-1,
https://www.onsemi.com/download/models/lib/fqt7n10l.lib,,,downloaded,1235,bcc2534ff35ab1007fb013aa458419364938335d9513164f9a6e26081bda56f1,2026-09-19,6,2026-09-20,index_models-1,
https://www.onsemi.com/download/models/lib/fqu11p06(pspice%20model).lib,,,downloaded,2088,9dfc763cd41dc8851a37a178bbcc3c7457f4892b3c60bb0a429a430cd6dc3238,2026-09-19,7,2026-09-20,index_models-1,
https://www.onsemi.com/download/models/lib/fqu13n06l.lib,,,downloaded,1235,5f4d60cc288932c6979b8a963824aacbbb6e24100237b0449af6dc0757994a89,2026-09-19,6,2026-09-20,index_models-1,
https://www.onsemi.com/download/models/lib/fqu13n10l.lib,,,downloaded,1052,ba4c7c36405d0b72c07842d2704499687c5f27797d7fc1fc5daad52317ea087c,2026-09-19,6,2026-09-20,index_models-1,
https://www.onsemi.com/download/models/lib/fqu17p06.lib,,,downloaded,1164,b375f6a9cd587668c0dab6b40b10719709225e815255a6f6dc3c95073718e46b,2026-09-19,6,2026-09-20,index_models-1,
https://www.onsemi.com/download/models/lib/fqu1n60c.lib,,,downloaded,1602,cbd495dfb8f7526d8a76c4a59a7cbd7bc0189ac2ed3ebab6eb94a44b9d746187,2026-09-19,7,2026-09-20,index_models-1,
https://www.onsemi.com/download/models/lib/fqu20n06.lib,,,downloaded,1244,f2e065868dae623fcb4bb744c5e5636ce17897026b1ec4ff04d3c0b07411613c,2026-09-19,6,2026-09-20,index_models-1,
https://www.onsemi.com/download/models/lib/fqu2n100.lib,,,downloaded,909,995cea28997efb5e52e351ba798003d163791f63cbf59210cf00fead7e3c4ef7,2026-09-19,6,2026-09-20,index_models-1,
https://www.onsemi.com/download/models/lib/fqu2n90tu%20(spice%20model).lib,,,downloaded,2049,14a4c1fe2bd941722690596178251bc367acbf36d03ca37d44337e2c9d940d57,2026-09-19,7,2026-09-20,index_models-1,
https://www.onsemi.com/download/models/lib/fqu5n40.lib,,,downloaded,1572,e75b3ffd624196ef0a4978bbc865102078e0f45c7119a73a7f30785d2d74a814,2026-09-19,7,2026-09-20,index_models-1,
https://www.onsemi.com/download/models/lib/fqu9n25.lib,,,downloaded,1975,7a97bf3da4ae57d3236860150a3c037558bee6aa20de563cfb1b8217ee55c7c3,2026-09-19,7,2026-09-20,index_models-1,
https://www.onsemi.com/download/models/lib/fs8g.lib,,,downloaded,766,1da9c1bd297bc42d7377dc2eb2f12de88482f5cc6cba0ffc8c106f91e67ce88d,2026-09-19,2,2026-09-20,index_models-1,
https://www.onsemi.com/download/models/lib/fs8j.lib,,,downloaded,762,01277a0e2593893502c3530dbbcc07c85fc049207207241fc6a536cf18b644c4,2026-09-19,2,2026-09-20,index_models-1,
https://www.onsemi.com/download/models/lib/fs8k.lib,,,downloaded,768,f0ddc6c37cb7906111e3140433dd67632dc176760002e32d720a55b75a475f4a,2026-09-19,2,2026-09-20,index_models-1,
https://www.onsemi.com/download/models/lib/fs8m%20(pspice%20model).lib,,,downloaded,716,5430389ac3a5364e849dce69200d86d5936a3925e461448807042b90d7498131,2026-09-19,1,2026-09-20,index_models-1,
https://www.onsemi.com/download/models/lib/fsb560(pspice%20model).lib,,,downloaded,1649,79a7551e844d0a3917d636e632c912d9c00e4ac35a2fa2110eb41755bbb2758c,2026-09-19,2,2026-09-20,index_models-1,
https://www.onsemi.com/download/models/lib/fsb619.lib,,,downloaded,711,68af114abefa9f037ef2a04decbea0eb2497314a22fdc37888642d503d7bc4c7,2026-09-19,1,2026-09-20,index_models-1,
https://www.onsemi.com/download/models/lib/fsb660a.lib,,,downloaded,1038,99a61179700646c0196af659bd6cae6b68a665b31f69954498a0d173227ffb7f,2026-09-19,1,2026-09-20,index_models-1,
https://www.onsemi.com/download/models/lib/fsv10100v%20pspice.lib,,,downloaded,1030,87032b8fbf80a0fcf1ac07d3dbb190e680822d7cd0a3a11a99b2a0cab4fde301,2026-09-19,2,2026-09-20,index_models-1,
https://www.onsemi.com/download/models/lib/fsv10120v%20pspice.lib,,,downloaded,1046,9c0ab6bce2b2a68ae7998d3940a6904c881949ca60f372c6c194acd9e34cd981,2026-09-19,2,2026-09-20,index_models-1,
https://www.onsemi.com/download/models/lib/fsv10150v%20pspice.lib,,,downloaded,1043,95c7a66505a21fee45e32f12fe0aa087bcbf50a4e1fae9a7158a9c18235021d1,2026-09-19,2,2026-09-20,index_models-1,
https://www.onsemi.com/download/models/lib/fsv1045v%20pspice.lib,,,downloaded,874,3230128a3b9d843cf2f37fc70c1eb2752fc3de35beb5f2a7d99c95748a95301f,2026-09-19,2,2026-09-20,index_models-1,
https://www.onsemi.com/download/models/lib/fsv1060v(pspice).lib,,,downloaded,873,36606e766d5992d5b88a73840b829a3386ec2ecaeba91f364f80b35e5b53b954,2026-09-19,2,2026-09-20,index_models-1,
https://www.onsemi.com/download/models/lib/fsv12100v%20pspice.lib,,,downloaded,1037,d74850976cf2becd7549ee851ba4aff0f8b80b341ea5988af38bcba9427169fe,2026-09-19,2,2026-09-20,index_models-1,
https://www.onsemi.com/download/models/lib/fsv12150v%20(spice%20model).lib,,,downloaded,600,2023e0aad8106b909a1cc49ad0c99a243fb4f47d942b59825ff0e646e11601d3,2026-09-19,1,2026-09-20,index_models-1,
https://www.onsemi.com/download/models/lib/fsv15100v%20pspice.lib,,,downloaded,1038,a33ef5fe02b18ba0843af3595a01c73a5397f98f28f14f4c8cb7ad8dd6ddfa49,2026-09-19,2,2026-09-20,index_models-1,
https://www.onsemi.com/download/models/lib/fsv15150v%20pspice.lib,,,downloaded,1037,7c1a5fab3330bcc9bf271421c7c9ba96406046c53747aad4dc252ea8973a770c,2026-09-19,2,2026-09-20,index_models-1,
https://www.onsemi.com/download/models/lib/fsv1550v%20pspice.lib,,,downloaded,1036,42682d733695c10121eff4f3220474dfff933a0c2d8a884fb319264fd98bc54d,2026-09-19,2,2026-09-20,index_models-1,
https://www.onsemi.com/download/models/lib/fsv20100v%20(spice%20model).lib,,,downloaded,745,d2b718e8b40404e48f91ef6348037f454b9e3e958a69e692b007434d33d55db5,2026-09-19,2,2026-09-20,index_models-1,
https://www.onsemi.com/download/models/lib/fsv20150v%20(spice%20model).lib,,,downloaded,745,985c06e3863043f366428c34e350497c57d37984b1f71aa4207687cfe770e631,2026-09-19,2,2026-09-20,index_models-1,
https://www.onsemi.com/download/models/lib/fsv2050v%20pspice.lib,,,downloaded,1034,9e529faf8af39f7847461634b2fdd7c82f34ae9057431734665757199c17e429,2026-09-19,2,2026-09-20,index_models-1,
https://www.onsemi.com/download/models/lib/fsv2060l%20pspice.lib,,,downloaded,1038,5cbc882bf78b197a6f7e125833a678ab188659a96600b47a0266c8436677563d,2026-09-19,2,2026-09-20,index_models-1,
https://www.onsemi.com/download/models/lib/fsv240af.lib,,,downloaded,626,268f59e3575dd690d12c946d216b1bb0eba8a905c17dd23e201bf047695320fb,2026-09-19,1,2026-09-20,index_models-1,
https://www.onsemi.com/download/models/lib/fsv540%20pspice.lib,,,downloaded,1031,53c3ce331eada9eb8cc8ec988ab23b73a61144e0a101fafe9aca72a30c1f00cc,2026-09-19,2,2026-09-20,index_models-1,
https://www.onsemi.com/download/models/lib/fsv560%20pspice.lib,,,downloaded,1032,eb406c2eb30c3de12801f5dd7a7c80692a2a68950a4ad0b713818f57410788a6,2026-09-19,2,2026-09-20,index_models-1,
https://www.onsemi.com/download/models/lib/fsv8100v%20pspice.lib,,,downloaded,1032,e82bae47b64f94b32bf1f986b053b28402f3da5cf0b4f7b87e162c357dfe00e2,2026-09-19,2,2026-09-20,index_models-1,
https://www.onsemi.com/download/models/lib/fyp2010dn.lib,,,downloaded,404,a39e5ff6a5da5b2a896a87fd4ea250bb2bf6508781d46cdf6b3937c8ffc365b2,2026-09-19,2,2026-09-20,index_models-1,
https://www.onsemi.com/download/models/lib/fzt749.lib,,,downloaded,1094,be8b9ea563895c9d1adc39cba652e2c70ee27b8d7307ab4abc86623a181962b1,2026-09-19,1,2026-09-20,index_models-1,
https://www.onsemi.com/download/models/lib/fzt790a.lib,,,downloaded,808,746c241076b0e7d31cc8b1a3c9efd0c6cdb2dce016f36e1a6172af8bd04d0e5b,2026-09-19,1,2026-09-20,index_models-1,
https://www.onsemi.com/download/models/lib/gbu4j.lib,,,downloaded,814,3e56c0f4c3b7431a1ea52342064141c3a9bb27b024ac43154f35b728d7db7ae8,2026-09-19,2,2026-09-20,index_models-1,
https://www.onsemi.com/download/models/lib/gbu6j.lib,,,downloaded,462,094f81735402fabdb7a80494fb03cb3a4da401a79dc28583ed38a96da0233358,2026-09-19,1,2026-09-20,index_models-1,
https://www.onsemi.com/download/models/lib/hgt1s10n120bns(pspice%20model).lib,,,downloaded,2042,03bca851b9340995b065a83adee83ceb1b5de0ab4fbad8f71735a3052c511455,2026-09-19,6,2026-09-20,index_models-1,
https://www.onsemi.com/download/models/lib/hgtd1n120bns(pspice%20model).lib,,,downloaded,2010,423020593dc012c097e918f37ae22aee869a754d1daa9f433bc46c1df2455633,2026-09-19,6,2026-09-20,index_models-1,
https://www.onsemi.com/download/models/lib/hgtg20n60a4%20(spice%20model).lib,,,downloaded,2311,d81c55a8b32f9e4d0f985c2c2c86a97f04b689f355822f8c7f9b5a272d8e7f6a,2026-09-19,6,2026-09-20,index_models-1,
https://www.onsemi.com/download/models/lib/hgtg20n60a4d_rev1.lib,,,downloaded,2082,5f9a719e337343b23aae145ff9fca2de0e4379cd34272e07b6a0107d054930f7,2026-09-19,12,2026-09-20,index_models-1,
https://www.onsemi.com/download/models/lib/hgtg40n60a4.lib,,,downloaded,1791,339716e67fb72fddc360c035c6d099af56b07eb3b94e0621c6651f17d4a4e2e3,2026-09-19,9,2026-09-20,index_models-1,
https://www.onsemi.com/download/models/lib/hgtp3n60a4.lib,,,downloaded,1758,fdd9a7717f657314d9753cd2216fc03091e48cacfcb2c4c3a36df6374e889afe,2026-09-19,9,2026-09-20,index_models-1,
https://www.onsemi.com/download/models/lib/hgtp7n60b3d.lib,,,downloaded,2159,192d05e99515fd4e277101c559733a8e103177098bb48ba2e24270d0536253cf,2026-09-19,10,2026-09-20,index_models-1,
https://www.onsemi.com/download/models/lib/hn1b01fdw1.lib.lib,,,downloaded,2332,5d9284454b9c6de9ac46b3d6e0991780573c3031ca54f31e4f7e9b3b24d5830a,2026-09-19,3,2026-09-20,index_models-1,
https://www.onsemi.com/download/models/lib/huf75645s3st(pspice).lib,,,downloaded,2046,863f33934532f551a566c5f7b9dab1ce31839fa9d67aa90d8d67106cadc87ca8,2026-09-19,7,2026-09-20,index_models-1,
https://www.onsemi.com/download/models/lib/hufa75639s3.lib,,,downloaded,2240,0b4cfd1cf4b7e9e5cc3aee358378b9ce2b436c5ae443fc16874cb33b46383a80,2026-09-19,18,2026-09-20,index_models-1,
https://www.onsemi.com/download/models/lib/hufa76419d3.lib,,,downloaded,2268,ea94bc52eb26dfe3b205b0fc97abc65f1a7b73a32a597c877ecfde788ddf09f7,2026-09-19,18,2026-09-20,index_models-1,
https://www.onsemi.com/download/models/lib/hufa76429d3.lib,,,downloaded,2291,f03300304652eb981e90c7c07b9d7f944b486e88e6849832a5721dab81c996c3,2026-09-19,18,2026-09-20,index_models-1,
https://www.onsemi.com/download/models/lib/imd10amt1g.lib,,,downloaded,2484,945a728c0446bac81084e9696044c5409996ff107cab0b241ba9a0d7f5dd8a32,2026-09-19,5,2026-09-20,index_models-1,
https://www.onsemi.com/download/models/lib/irfm120a.lib,,,downloaded,1048,8a1adb4e3a317c633ccef907c848a5fa48d892be172ebc1164317f0cd861f465,2026-09-19,6,2026-09-20,index_models-1,
https://www.onsemi.com/download/models/lib/isl9r1560p2-g2-s3s%20(spice%20model).lib,,,downloaded,576,f0eda5d9b4f21258cad98e9f69e0e010d7fbd76ff2414136c92cf6e41c97583e,2026-09-19,1,2026-09-20,index_models-1,
https://www.onsemi.com/download/models/lib/isl9r1560p2_f085%20(spice%20model).lib,,,downloaded,549,f2ad53a4fead72872be6f80fea527057b6a3c4abb52306b1478b72fb9759173f,2026-09-19,1,2026-09-20,index_models-1,
https://www.onsemi.com/download/models/lib/isl9r3060p2.lib,,,downloaded,1169,a948f6591bbf4a1ff17d551ef9369b9480a2a6a6292e19b39f530be1b41e33a9,2026-09-19,2,2026-09-20,index_models-1,
https://www.onsemi.com/download/models/lib/isl9v3040d3s(pspice%20model).lib,,,downloaded,2742,0a21e4b7b6969b386793972e409b853f73ae3296c507391bec044a3d27be690f,2026-09-19,8,2026-09-20,index_models-1,
https://www.onsemi.com/download/models/lib/isl9v5036s3st(spice%20model).lib,,,downloaded,3394,e8eac574cfcd7ccbdf4be178da29fd18e601339a5e428dcfec415e611a7da4cf,2026-09-19,8,2026-09-20,index_models-1,
https://www.onsemi.com/download/models/lib/isl9v5045s3st(spice%20model).lib,,,downloaded,3137,fee9a8f864fabf7ca8ba24ed496278619271f6380bef223f7edc385fd8c8313c,2026-09-19,8,2026-09-20,index_models-1,
https://www.onsemi.com/download/models/lib/j201.lib,,,downloaded,579,0e377355688d02ff5f942bacd8805c1408bc547266375f4617963ad64733b44f,2026-09-14,1,2026-09-20,index_models-1,
https://www.onsemi.com/download/models/lib/j202.lib,,,downloaded,579,575b730afce93bf6241a45e54dbe18c98332c9f7edab60b721e95941e1f22dad,2026-09-14,1,2026-09-20,index_models-1,
https://www.onsemi.com/download/models/lib/ksa1013.lib,,,downloaded,1407,40b317ef949ee9057b7b9865d852cd65352795635d836f5df8dcdede8bbfc066,2026-09-14,1,2026-09-20,index_models-1,
https://www.onsemi.com/download/models/lib/ksa1015.lib,,,downloaded,1196,b751bc8f86b864b2daf537a140a6025a3ec08ec0defff78cfc50eab1c0e24e35,2026-09-14,1,2026-09-20,index_models-1,
https://www.onsemi.com/download/models/lib/ksa1142.lib,,,downloaded,1299,dda77a9e3de1747cfa1b6208de66b2dc57bc0fa600054c07b11ac2ce7101833b,2026-09-19,1,2026-09-20,index_models-1,
https://www.onsemi.com/download/models/lib/ksa1156.lib,,,downloaded,1148,5295fd137969698374276da7d22c79f04868543c2b0042a92ee6580387c7459a,2026-09-19,1,2026-09-20,index_models-1,
https://www.onsemi.com/download/models/lib/ksa1182.lib,,,downloaded,1097,8518780a8123fc8aaf0a179ab26d82f6b1704d04ebe10f44e982f592f11e49dc,2026-09-19,1,2026-09-20,index_models-1,
https://www.onsemi.com/download/models/lib/ksa1201.lib,,,downloaded,1031,6bdbccb7935db121395eceaf4254e8c51e9fba3d2734c9629d8ce61e4018531e,2026-09-19,1,2026-09-20,index_models-1,
https://www.onsemi.com/download/models/lib/ksa1220_ksa1220a.lib,,,downloaded,1442,894bed04170a638beb5ba376bba8ac9b4d589723ab714cb29058e4ed7d47cffe,2026-09-19,1,2026-09-20,index_models-1,
https://www.onsemi.com/download/models/lib/ksa1381.lib,,,downloaded,926,6ed8eaf6e9bdb6eebd81482c6796edc05e9ce1bd3c89c0c0fd15a17b965ae746,2026-09-14,1,2026-09-20,index_models-1,
https://www.onsemi.com/download/models/lib/ksa1381_rev1.lib,,,downloaded,913,ee84c102fccec5abd7d2cff929b7d614928459542f08a444a7e208c586e0b20d,2026-09-19,1,2026-09-20,index_models-1,
https://www.onsemi.com/download/models/lib/ksa473.lib,,,downloaded,1053,a6b04759f3b6163474731d2706a62ecdb7fad840a5559c27f8dfb55f2dbf6503,2026-09-19,1,2026-09-20,index_models-1,
https://www.onsemi.com/download/models/lib/ksa733.lib,,,downloaded,1216,b0325e5b7e1996d2e889bf5610dc6eed4e6bea26d6e8314b82f07778e15d5456,2026-09-14,1,2026-09-20,index_models-1,
https://www.onsemi.com/download/models/lib/ksa812.lib,,,downloaded,1101,4218d892016e23a84e12e89b64f61d6e79d131427f320445b16f853bbd676358,2026-09-19,1,2026-09-20,index_models-1,
https://www.onsemi.com/download/models/lib/ksa916.lib,,,downloaded,995,6e68fb0e61262da1440b08888cd3bc78d584a4189a9f7cf982250d500eb95829,2026-09-19,1,2026-09-20,index_models-1,
https://www.onsemi.com/download/models/lib/ksa992.lib,,,downloaded,977,16a8757b1d065745968e5a37295fe8214e015cdc4e03d33d901f1d18b1cb12a5,2026-09-14,1,2026-09-20,index_models-1,
https://www.onsemi.com/download/models/lib/ksc1173.lib,,,downloaded,1204,5b7ebeceb2ebffb65d87fac63a41e82ed4409bb2006b1c898076cd4ba173e551,2026-09-19,1,2026-09-20,index_models-1,
https://www.onsemi.com/download/models/lib/ksc1623.lib,,,downloaded,1153,53a6d5799169b033ee24d4cca697e05ff43623bfe4b0b50a30a5bc0fccfdccea,2026-09-19,1,2026-09-20,index_models-1,
https://www.onsemi.com/download/models/lib/ksc1730.lib,,,downloaded,1071,f8022eefa01ff23b7b7c408f663cb6530ab9c5d3cf20d400c42f7e80bd55ff54,2026-09-19,1,2026-09-20,index_models-1,
https://www.onsemi.com/download/models/lib/ksc1815.lib,,,downloaded,1115,8ee56dfcf58a448c1fd704fa8ea9e5a88d08091d87daad58f8b289433172b63d,2026-09-14,1,2026-09-20,index_models-1,
https://www.onsemi.com/download/models/lib/ksc1845.lib,,,downloaded,1082,392f9cba623eb8781377a7ef87194165d852269dcd9ae8745c3d95a6b88921b7,2026-09-14,1,2026-09-20,index_models-1,
https://www.onsemi.com/download/models/lib/ksc2223.lib,,,downloaded,1096,6f060d83e8623360f2611c56e00d2014e1e04ab70140e8928ae0bb27eb57ed5b,2026-09-19,1,2026-09-20,index_models-1,
https://www.onsemi.com/download/models/lib/ksc2316.lib,,,downloaded,1169,0af40099e9854679bc38624f9a07c63968b39221a0426a82d373042a16373bf7,2026-09-19,1,2026-09-20,index_models-1,
https://www.onsemi.com/download/models/lib/ksc2328a.lib,,,downloaded,1394,f6e6789d93006492bf71a7c1dfb55ea823691f677a2cf4ae2fd834360559acf7,2026-09-19,1,2026-09-20,index_models-1,
https://www.onsemi.com/download/models/lib/ksc2383.lib,,,downloaded,1141,e31dda6fb56119c40b838fd255284a20d716a581030aae605309e8e317638368,2026-09-14,1,2026-09-20,index_models-1,
https://www.onsemi.com/download/models/lib/ksc2690_ksc2690a.lib,,,downloaded,1424,21a75c1a41f4cb8ca919660d9063a6b5532626060ee9a5c5c581a423d5b1826a,2026-09-19,1,2026-09-20,index_models-1,
https://www.onsemi.com/download/models/lib/ksc2881.lib,,,downloaded,1368,b6acabb062a3149259a1d522b0df3db1e7659291297c81fa6989834ebf3e1f99,2026-09-19,1,2026-09-20,index_models-1,
https://www.onsemi.com/download/models/lib/ksc2883.lib,,,downloaded,833,7212fac456285502cba98adcf7f04f9c8ebc68bc3d9f42ccf1c987585faf4f08,2026-09-19,1,2026-09-20,index_models-1,
https://www.onsemi.com/download/models/lib/ksc3503ds.lib,,,downloaded,922,edf8c87b5b6406af6836e0dda7d44fd846deb6bc17d6758461eb51a6d8c73950,2026-09-19,1,2026-09-20,index_models-1,
https://www.onsemi.com/download/models/lib/ksc5027.lib,,,downloaded,1272,4aff19ba6c819a9930ca512e8f0c393849a1eece1b0531bb964568c20a5432f7,2026-09-19,1,2026-09-20,index_models-1,
https://www.onsemi.com/download/models/lib/ksc5305d.lib,,,downloaded,1812,5ccaac544eacf2aba7f4def9b23b079af6cdfc2c7287fbfe0d9d127330494fa4,2026-09-19,4,2026-09-20,index_models-1,
https://www.onsemi.com/download/models/lib/ksc5305f.lib,,,downloaded,1828,39d1c0cbdfba3e1fb60802117e1e6f5e168a4a08a75d967df011f5183fa98249,2026-09-19,4,2026-09-20,index_models-1,
https://www.onsemi.com/download/models/lib/ksc5338d_dw.lib,,,downloaded,1307,310dd2a1db754caf9c1fdec160935b292254384ea23e50f4d08cdad3d0c71cac,2026-09-19,3,2026-09-20,index_models-1,
https://www.onsemi.com/download/models/lib/ksc5402d.lib,,,downloaded,1294,62ee269798c73f29c56f536bb8fa4fed2a54c9a073f6ebdac2c8d364d65ac7db,2026-09-19,3,2026-09-20,index_models-1,
https://www.onsemi.com/download/models/lib/ksc5502.lib,,,downloaded,1088,b9527e85535ef06aa2f4dd835c5145acbb1fd4efae4722d22241048119c8f6be,2026-09-19,1,2026-09-20,index_models-1,
https://www.onsemi.com/download/models/lib/ksc5502d.lib,,,downloaded,1246,d233d9d1019dad7e3340679975bee660a044c24cd964a40172495230220117e2,2026-09-19,3,2026-09-20,index_models-1,
https://www.onsemi.com/download/models/lib/ksc5603d.lib,,,downloaded,826,732d4f3a07ec5c03dd83f0869dfbd8f217e2d43d004d7b1ee6d93cb524a69ca2,2026-09-19,3,2026-09-20,index_models-1,
https://www.onsemi.com/download/models/lib/ksd363%20(spice%20model).lib,,,downloaded,954,c04c5feb83cab93af27ded4af6ffb775a4b5f9f1c641751815e7d7e41d126844,2026-09-19,1,2026-09-20,index_models-1,
https://www.onsemi.com/download/models/lib/kse44h.lib,,,downloaded,1088,b6b1101327f2712ffbcb4abf71ab14eed138acf6836352c13b0286a07a669a35,2026-09-19,1,2026-09-20,index_models-1,
https://www.onsemi.com/download/models/lib/kse45h.lib,,,downloaded,1081,7167d72b93ef4a034f07c90ca02d2fe4524d4c90c60dbb903582ae3d67bc4f4d,2026-09-19,1,2026-09-20,index_models-1,
https://www.onsemi.com/download/models/lib/ksh200.lib,,,downloaded,839,1c21749deec1f8952687587aab1df2fcf70c437c2301cd32d1fd281a06a13087,2026-09-19,1,2026-09-20,index_models-1,
https://www.onsemi.com/download/models/lib/ksh210.lib,,,downloaded,1032,23a3d02125d31c49f39cf80323e24f94ec80fd9965534def4bb950f7f2ba0705,2026-09-19,1,2026-09-20,index_models-1,
https://www.onsemi.com/download/models/lib/ksh41c(pspice%20model).lib,,,downloaded,934,7b04177bf6a2c0ead39ccd480c8a32c0beceb5c4172db4e99afdfa23a11c31a6,2026-09-19,1,2026-09-20,index_models-1,
https://www.onsemi.com/download/models/lib/ksh42c(pspice%20model).lib,,,downloaded,903,fa84b0675db63f37fd5c007d7c7265c33a3135acccdcf42606ea091b39ccb1cd,2026-09-19,1,2026-09-20,index_models-1,
https://www.onsemi.com/download/models/lib/ksh45h11.lib,,,downloaded,1178,8a5dcd237433e1d20fa68d0ab032b7b524bd920eafbbd6a4df59e1b0e40e2f0a,2026-09-19,1,2026-09-20,index_models-1,
https://www.onsemi.com/download/models/lib/ksp44.lib,,,downloaded,830,0a9582aba8f51615a43bd372c6b09bbea7a3999ee726bc85657beb1f0f2f4fce,2026-09-19,1,2026-09-20,index_models-1,
https://www.onsemi.com/download/models/lib/ksp92.lib,,,downloaded,1052,9380b1fed90e1afc04eb845e4421ca0ea843e9ffe3fdeea8547fcf22f75681fe,2026-09-19,1,2026-09-20,index_models-1,
https://www.onsemi.com/download/models/lib/ksp94.lib,,,downloaded,1104,26ccf5c627933455db0805fb4546e2bfb0fea1d715cb4e08ffcfd62c6f0d080d,2026-09-19,1,2026-09-20,index_models-1,
https://www.onsemi.com/download/models/lib/kst10%20(spice%20model).lib,,,downloaded,945,4e852a79e1fa48c62f8a9c91893d971809bf800cb06c34be8c3dd499fcda7468,2026-09-19,1,2026-09-20,index_models-1,
https://www.onsemi.com/download/models/lib/kst42.lib,,,downloaded,1228,20f94ad14bdf7bd7ac608276456817c6286e005578cc72cf56561dffc6cf7652,2026-09-19,1,2026-09-20,index_models-1,
https://www.onsemi.com/download/models/lib/kst4401.lib,,,downloaded,1107,2aa950ceaf31d4e6d2c212e1082b547fd80b4f04c5b6b82b29a6a941daeee2eb,2026-09-19,2,2026-09-20,index_models-1,
https://www.onsemi.com/download/models/lib/kst5087.lib,,,downloaded,985,89af4b53525f526dee58f18b798894389f323b1ad8116b4cd841f121f9241752,2026-09-19,1,2026-09-20,index_models-1,
https://www.onsemi.com/download/models/lib/kst5551.lib,,,downloaded,1016,91e74179fc14c4ef9e7cd2cc4e536dd64f7f8e15d92c458f9a5b929cbada06c7,2026-09-19,1,2026-09-20,index_models-1,
https://www.onsemi.com/download/models/lib/kst92.lib,,,downloaded,1056,8bf6ead8acbae687f96d018a6aabed27cb7f800b1e6e3cc4fc6428cbb1813c0a,2026-09-19,1,2026-09-20,index_models-1,
https://www.onsemi.com/download/models/lib/lib%20model%20for%20ntsb40200ctg.lib,,,downloaded,767,cb201e882d10537136208cc4bdb3ed5f21960a7b8270368409af16a8cc0bc7e1,2026-09-19,2,2026-09-20,index_models-1,
https://www.onsemi.com/download/models/lib/lib%20model%20for%20tlv431a%20(orcad).lib,,,downloaded,1440,ce7ce37dbab17035b4a7dba16dc9e39360ef9af64dfbadb6e469687e71764956,2026-09-19,3,2026-09-20,index_models-1,
https://www.onsemi.com/download/models/lib/lib%20model%20mbrs3201t3.lib,,,downloaded,669,1e835f0aa750f3acefe7ad10e3decebbbda58491cc221752322913d42fe7c011,2026-09-19,1,2026-09-20,index_models-1,
https://www.onsemi.com/download/models/lib/lib%20model%20mbrs4201t3.lib,,,downloaded,665,d9b8df60d1b3ca94fb4a038cc1be735276f9f45d7bf6095002a8ae270a91574a,2026-09-19,1,2026-09-20,index_models-1,
https://www.onsemi.com/download/models/lib/ll4148.lib,,LL4148,downloaded,505,7912e714d4ae881dee847f106018594b7afd0b8c1bac5a3b5567f9ea3676f854,2026-09-19,1,2026-09-20,index_models-1,
https://www.onsemi.com/download/models/lib/lmv931%20pspice%20library.lib,,,downloaded,5439,ad0c55d41f6439805de993e2dc827602708f2ca8667268bfbe4eb62a91bab0fd,2026-09-19,5,2026-09-20,index_models-1,
https://www.onsemi.com/download/models/lib/mb1s%20(spice%20model).lib,,,downloaded,693,431892ed65698dc43eed897bb610c79c662e64fff9f14b1241fb301716a6b5da,2026-09-19,2,2026-09-20,index_models-1,
https://www.onsemi.com/download/models/lib/mb1s.lib,,,downloaded,521,1e1c896d5efbb14b110c6d620be1eb660220ec84b6bafc9cc15c4bad8be89dd7,2026-09-19,1,2026-09-20,index_models-1,
https://www.onsemi.com/download/models/lib/mb2s.lib,,MB2S,downloaded,519,066a3988d51126c1644f1d9b3714fe12c66501deb700b866f57f4920ece3d5f9,2026-09-19,1,2026-09-20,index_models-1,
https://www.onsemi.com/download/models/lib/mb4s.lib,,MB4S,downloaded,519,bec7212ab9ce20a7fcce34bce6b5410d6f7e844291e80d80c61be4c66a202379,2026-09-19,1,2026-09-20,index_models-1,
https://www.onsemi.com/download/models/lib/mb6s.lib,,MB6S,downloaded,519,fa39ec7968015d35bad968cc3ed9e2f1b3d08b6f6af43ed572a075488eb33492,2026-09-19,1,2026-09-20,index_models-1,
https://www.onsemi.com/download/models/lib/mbd770dwt1.lib,,,downloaded,662,0dfc941d7b38b5afb43c94df679b3df91dd48a235e8bda1814e3e990ce6e2334,2026-09-19,1,2026-09-20,index_models-1,
https://www.onsemi.com/download/models/lib/mbr0520lt1.lib,,,downloaded,662,e6f2dc66dfa56ffcebb06155e1019fc9d309ceb4f73f43c7f7eb8024a4cb9c3b,2026-09-19,1,2026-09-20,index_models-1,
https://www.onsemi.com/download/models/lib/mbr0530t1.rev0.lib,,,downloaded,666,e993d894ab5a862f9fd7191db7224973dbb875b46ce045f309ca52da8f28279f,2026-09-19,1,2026-09-20,index_models-1,
https://www.onsemi.com/download/models/lib/mbr0540t3.lib,,,downloaded,649,86665493233d036474fee8fc81f6829c6e622c6689853f5672649280919a32ec,2026-09-19,1,2026-09-20,index_models-1,
https://www.onsemi.com/download/models/lib/mbr10100.lib,,,downloaded,646,788b0b97d4489fe8e7f2106a10bcb76bba9689988bc7916acd068194415af641,2026-09-19,1,2026-09-20,index_models-1,
https://www.onsemi.com/download/models/lib/mbr1045.lib,,MBR1045,downloaded,659,b1f0340e6603fad242a9db01e2009b0cf40d2f4b4a369a688d1bbef467ced9b8,2026-09-19,1,2026-09-20,index_models-1,
https://www.onsemi.com/download/models/lib/mbr1060.lib,,,downloaded,644,ea01a802c88312984779ef8a4082ec7afb7f7e63e9f07b4b6db47b31bd48241e,2026-09-19,1,2026-09-20,index_models-1,
https://www.onsemi.com/download/models/lib/mbr1080.rev0.lib,,,downloaded,644,9d55ec8af31b9e97a6382989d186019c3a3b27e0b2352afe9cc59afe08450d9f,2026-09-19,1,2026-09-20,index_models-1,
https://www.onsemi.com/download/models/lib/mbr1090.rev0.lib,,,downloaded,644,2d29af4d0f39ffc3a07380ddf49f08145b6128d1f6a427a849df280a7fdf3b14,2026-09-19,1,2026-09-20,index_models-1,
https://www.onsemi.com/download/models/lib/mbr10l60%20pspice%20model.lib,,,downloaded,672,704623ae576b7d5980427faa4ae7c3ec6a41781f9d9d894c259d5a63c7b2c125,2026-09-19,1,2026-09-20,index_models-1,
https://www.onsemi.com/download/models/lib/mbr1100rl.lib,,,downloaded,650,c67587ae47be68dcb95006bbcc766ff14eb5b7bee95910224b0eb748755ddcfc,2026-09-19,1,2026-09-20,index_models-1,
https://www.onsemi.com/download/models/lib/mbr120esft1.lib,,,downloaded,675,ea51732574190b73257a8f1cc6551f6700e1b3525cdf32e20506134572ca554d,2026-09-19,1,2026-09-20,index_models-1,
https://www.onsemi.com/download/models/lib/mbr120lsft1.lib,,,downloaded,671,b198ecccd8335da9897f2529325abab021d1471ee3e546b92e1d95cedb17ec82,2026-09-19,1,2026-09-20,index_models-1,
https://www.onsemi.com/download/models/lib/mbr120vlsft1.lib,,,downloaded,646,f63bedb034f7c4f22205077f0783936cb8eeaaf5c10fbed86971d4ccca9a3722,2026-09-19,1,2026-09-20,index_models-1,
https://www.onsemi.com/download/models/lib/mbr130lsft1.rev0.lib,,,downloaded,668,d11734d26205a98eaa18c30c5f237adfcbca9e976bc2da0df4b58a194c7f4980,2026-09-19,1,2026-09-20,index_models-1,
https://www.onsemi.com/download/models/lib/mbr130prl.lib,,,downloaded,654,ee29aaa598c8ba64888a8478adafe0f59a8e20d0f2f6deea0dda0af7ab86bf26,2026-09-19,1,2026-09-20,index_models-1,
https://www.onsemi.com/download/models/lib/mbr140sft1.lib,,,downloaded,677,2ee1ad24d457238c42bfc24b12e50812de77f1410d4595195ffd6bb6e737bb9f,2026-09-19,1,2026-09-20,index_models-1,
https://www.onsemi.com/download/models/lib/mbr150rl.lib,,,downloaded,662,b4b96780a73c54edff2940a8b0e63713405f7ba0559ebb320dde9d0b1618e974,2026-09-19,1,2026-09-20,index_models-1,
https://www.onsemi.com/download/models/lib/mbr1535ct.lib,,,downloaded,645,aabc62d3cdbc974372ad318e2d1463acf9bc8997299b4284c94e739f18a0760f,2026-09-19,1,2026-09-20,index_models-1,
https://www.onsemi.com/download/models/lib/mbr1545ct.lib,,,downloaded,645,69d8c3241a1100599fc9a6563c9f74ce0528efede4c48de510a705df7abc9549,2026-09-19,1,2026-09-20,index_models-1,
https://www.onsemi.com/download/models/lib/mbr160rl.lib,,,downloaded,662,5ab59b2716b8effac87667e35ce38ef66ec608e237422292ffbcd2cc4f002e48,2026-09-19,1,2026-09-20,index_models-1,
https://www.onsemi.com/download/models/lib/mbr16100ct.rev0.lib,,,downloaded,662,4c7b732a47ce092539142baf75110bc92bde784ac852824ea2766940f3a4ad76,2026-09-19,1,2026-09-20,index_models-1,
https://www.onsemi.com/download/models/lib/mbr1635.lib,,,downloaded,646,f37c2983c3f9f9b4f521b93ff383e5abe31cd2bc1867b54dd96226bb20d6e6c4,2026-09-19,1,2026-09-20,index_models-1,
https://www.onsemi.com/download/models/lib/mbr1645.lib,,,downloaded,648,e184294785f8ca1127fac6a4f833ef2beb862042efc3d5c197e39f5d842a454b,2026-09-19,1,2026-09-20,index_models-1,
https://www.onsemi.com/download/models/lib/mbr1h100sft3g%20spice%20model.lib,,,downloaded,661,286f0290c672435e7d87c6961f416f345841539a5f16c7ba3007763525abe1ff,2026-09-19,1,2026-09-20,index_models-1,
https://www.onsemi.com/download/models/lib/mbr20100ct.lib,,,downloaded,649,fc3dad3c09662f7186b48f0d2d0107f4a8a14c605e8f62a9cc98186301fe7d3a,2026-09-19,1,2026-09-20,index_models-1,
https://www.onsemi.com/download/models/lib/mbr20200ct.lib,,,downloaded,645,23b87985873bb74127949935f536a42eb838f250dbb90ff09a6149278d329bc5,2026-09-19,1,2026-09-20,index_models-1,
https://www.onsemi.com/download/models/lib/mbr2030ctl.rev0.lib,,,downloaded,659,3b2d239ee2d61c8523bde17526618395d4a85076ce03bb56120a1426abfe94af,2026-09-19,1,2026-09-20,index_models-1,
https://www.onsemi.com/download/models/lib/mbr2045ct.rev0.lib,,,downloaded,661,164e5e93fc4487c76f5f9e4aa5233d7a8bcd7c1cb04b0208825ca61e8a02db3b,2026-09-19,1,2026-09-20,index_models-1,
https://www.onsemi.com/download/models/lib/mbr2060ct.rev0.lib,,,downloaded,659,49d1c10fd648db7e31f8d217b5c0392a95ded807cd3777a091b8a0b74bb47035,2026-09-19,1,2026-09-20,index_models-1,
https://www.onsemi.com/download/models/lib/mbr2080ct.lib,,,downloaded,645,277465c7ee1c110953cd7c48384fe41b54763765f50e5bb399900dd98fc74071,2026-09-19,1,2026-09-20,index_models-1,
https://www.onsemi.com/download/models/lib/mbr2090ct.lib,,,downloaded,645,24a724407ee67def69767da0345dce54894d427f8c87c64ffbd34fedb7bc7cb6,2026-09-19,1,2026-09-20,index_models-1,
https://www.onsemi.com/download/models/lib/mbr20h100ct.lib,,,downloaded,660,98a0fce3bb148c3929ac389b812ea250f40a900269b633cff9852316742fda68,2026-09-19,1,2026-09-20,index_models-1,
https://www.onsemi.com/download/models/lib/mbr230lsft1g.lib,,MBR230LSFT1G,downloaded,671,14ff56cf601ce64fa173ad068ab03dd10ccc63bb4926453f351b2a63f47b8e68,2026-09-19,1,2026-09-20,index_models-1,
https://www.onsemi.com/download/models/lib/mbr2535ct.lib,,,downloaded,647,847296eeb50f1be294248562dcdd65dc6343018d92e113aabfb41ad0b9934d01,2026-09-19,1,2026-09-20,index_models-1,
https://www.onsemi.com/download/models/lib/mbr2535ctl.lib,,,downloaded,644,0a1f4f39b2a0bf443a6623298ea69d1b046e370f30aff8e7e016d8e6e4ccf802,2026-09-19,1,2026-09-20,index_models-1,
https://www.onsemi.com/download/models/lib/mbr2545.lib,,,downloaded,3159,d88b396fc1fb0be375ab951a735d3d0a75a3721de6708325104d43e93ae4340d,2026-09-19,1,2026-09-20,index_models-1,
https://www.onsemi.com/download/models/lib/mbr2545ct.lib,,,downloaded,625,8432f81fad37c21ae657f879b176ec8cb2bb356cdf51a14ebc15fe12b021b686,2026-09-19,1,2026-09-20,index_models-1,
https://www.onsemi.com/download/models/lib/mbr2h200sf_lib.lib,,,downloaded,668,b20a8049fd061144094f2e0f941771852789d9a9fbbee648cee19e0a9c513f8f,2026-09-19,1,2026-09-20,index_models-1,
https://www.onsemi.com/download/models/lib/mbr3035pt.lib,,,downloaded,696,b776287411ca8908509b9f1dea144f108139024edb61b92a5db49291cbcacc7d,2026-09-19,2,2026-09-20,index_models-1,
https://www.onsemi.com/download/models/lib/mbr3045pt.lib,,,downloaded,666,4c7e39e8462497d6aa70475c7e82f8fc26ba081a1e8d0643b126c39f59642a1b,2026-09-19,1,2026-09-20,index_models-1,
https://www.onsemi.com/download/models/lib/mbr3045wt.lib,,,downloaded,662,a5778561f2072cc72648a560e0084e9cb8a3316405f449feb074a491bd118e8c,2026-09-19,1,2026-09-20,index_models-1,
https://www.onsemi.com/download/models/lib/mbr3060pt.lib,,,downloaded,704,713c0ae1fec6e66b893b76071e3b29eb5eae94cf0efce90624e6b4cf79d0a90b,2026-09-19,2,2026-09-20,index_models-1,
https://www.onsemi.com/download/models/lib/mbr30h100ct.lib,,,downloaded,658,297023855ed354dddc65f74182b73f57557fa9b6401e8add751c94287b164e11,2026-09-19,1,2026-09-20,index_models-1,
https://www.onsemi.com/download/models/lib/mbr30h30ctg.lib,,,downloaded,673,efe772a4a8aa8f8fd72ff0809e2cd827339594a4b14cc4e1843ccd22b84dbbd3,2026-09-19,1,2026-09-20,index_models-1,
https://www.onsemi.com/download/models/lib/mbr30h60ctg.lib,,,downloaded,681,09f41fd987eaa3ed89154e2a25ac6f4085fd631d99527520d47089dc5dedebba,2026-09-19,1,2026-09-20,index_models-1,
https://www.onsemi.com/download/models/lib/mbr30h80ct%20spice%20model.lib,,,downloaded,670,6837c72f0b2549789cbb4525e4056ccd4cb153e54fd1adec8596edd61001cd50,2026-09-19,1,2026-09-20,index_models-1,
https://www.onsemi.com/download/models/lib/mbr3100rl.rev0.lib,,,downloaded,664,cf614d0f47316cc38a58ed15650f03b37f4a5c1a5eca0d8f11726f406254a264,2026-09-19,1,2026-09-20,index_models-1,
https://www.onsemi.com/download/models/lib/mbr350rl.lib,,,downloaded,654,28740659a92dd6f6e4af886a072339859a0833ad989c9e1151c2e86e714ad15b,2026-09-19,1,2026-09-20,index_models-1,
https://www.onsemi.com/download/models/lib/mbr360rl.lib,,,downloaded,655,91cddcde6d757ca1b25798c3f5e8830be3e1103f2b81309710ad22419f4a2bbb,2026-09-19,1,2026-09-20,index_models-1,
https://www.onsemi.com/download/models/lib/mbr4015ctl.lib,,,downloaded,668,cd79bc42c0dcdf01958b59379d6f753c3a3b898ba81bbb30470bbb4402bb27f7,2026-09-19,1,2026-09-20,index_models-1,
https://www.onsemi.com/download/models/lib/mbr4015lwt.lib,,,downloaded,671,2067f3a7dd62031f9ebc7b5df00d09d2255c44b0549f094fa56a903d852d795e,2026-09-19,1,2026-09-20,index_models-1,
https://www.onsemi.com/download/models/lib/mbr40250.lib,,,downloaded,670,8c41f2d2c253c4e4a61f504233cd36a65b4a554abc41d6e9e9271d08dd6ccc57,2026-09-19,1,2026-09-20,index_models-1,
https://www.onsemi.com/download/models/lib/mbr40250t.lib,,,downloaded,671,b445c379328280f0f79266e581923050486e5dc1077276f4d907e0776d984c45,2026-09-19,1,2026-09-20,index_models-1,
https://www.onsemi.com/download/models/lib/mbr4045pt.lib,,,downloaded,745,53be7f29604a21ce1604cf58330dca61d84df8b188e73faf6b234792c9b6bff2,2026-09-19,2,2026-09-20,index_models-1,
https://www.onsemi.com/download/models/lib/mbr4045wt.lib,,,downloaded,661,8d639c58ff11320fa1e0ea0adbcde21377176464ae91245db6ce7e4af7cfd78e,2026-09-19,1,2026-09-20,index_models-1,
https://www.onsemi.com/download/models/lib/mbr40h100wtg.lib,,,downloaded,655,93569f0882affc45d70515cdf5e91c3ffa983fa40abd7af8db055bd246defe9c,2026-09-19,1,2026-09-20,index_models-1,
https://www.onsemi.com/download/models/lib/mbr40l60%20pspice%20model.lib,,,downloaded,667,c0432024bc1f4522605a0246a038c666cc65793db0b659da9f18af628b28b2fe,2026-09-19,1,2026-09-20,index_models-1,
https://www.onsemi.com/download/models/lib/mbr41h100ct.lib,,,downloaded,660,24ce635f69e555bda8e5d0b6bc790f692c5ca305bdedf03a5588b25c046bbc4c,2026-09-19,1,2026-09-20,index_models-1,
https://www.onsemi.com/download/models/lib/mbr440mfs.lib,,,downloaded,675,ddc2bee0632c830ca9be99ef912a7bdc6b7467f5d0d0933d327ebe6498813531,2026-09-19,1,2026-09-20,index_models-1,
https://www.onsemi.com/download/models/lib/mbr540mfs.lib,,,downloaded,671,006731114dfb1551e60fc9afe20b69d940ca61bc33820ea28866374342d68ca5,2026-09-19,1,2026-09-20,index_models-1,
https://www.onsemi.com/download/models/lib/mbr560mfs.lib,,,downloaded,673,b1a8584fbc52d561887491f974a9a65fe629b6bcad6f843a12169bda93b042fb,2026-09-19,1,2026-09-20,index_models-1,
https://www.onsemi.com/download/models/lib/mbr6045pt.lib,,,downloaded,658,b6d0675b75cc92f01dc8713ccf1b0ef217edac6f29fcff20e3dba316e9df191b,2026-09-19,1,2026-09-20,index_models-1,
https://www.onsemi.com/download/models/lib/mbr6045wt.lib,,,downloaded,652,bf54f82b56f523a4ac458cae349959f7ced30f308da1fe105f4bf5ecb8dd6de8,2026-09-19,1,2026-09-20,index_models-1,
https://www.onsemi.com/download/models/lib/mbr60h100ct.lib,,,downloaded,660,e97e5dbb6c8dbc6c2760d33890a8d7c5b0cabb6d716afced20b033336d156862,2026-09-19,1,2026-09-20,index_models-1,
https://www.onsemi.com/download/models/lib/mbr60l45wtg.lib,,,downloaded,665,c7ea02c14ba2fb36640c43495efcac84430d0cd58b2816c33b1cd3a78257899f,2026-09-19,1,2026-09-20,index_models-1,
https://www.onsemi.com/download/models/lib/mbr735.lib,,,downloaded,648,395fa662b7ca68dbda02cd29dd687ad6aed8c9f2c0785915c71079b50dffbf98,2026-09-19,1,2026-09-20,index_models-1,
https://www.onsemi.com/download/models/lib/mbr745.lib,,,downloaded,648,61e988dcaa1ad01bedec76c1ac131e33d46a08dd6e2bfd090825f8d777268612,2026-09-19,1,2026-09-20,index_models-1,
https://www.onsemi.com/download/models/lib/mbr8170tfs%20spice%20model.lib,,,downloaded,938,245ad699954ab1a958ebf30e993910ebcd1f6c3cea73f3f91f85730950660a3e,2026-09-19,2,2026-09-20,index_models-1,
https://www.onsemi.com/download/models/lib/mbra120et3.lib,,,downloaded,668,b03951c8ebb5d25396eabd5532078dfff450a23471d6890ab48bbc1b75addda9,2026-09-19,1,2026-09-20,index_models-1,
https://www.onsemi.com/download/models/lib/mbra130lt3.rev0.lib,,,downloaded,671,4fcd6d4c672d041e08450ba3306b3ef8b5801de06b40a6717234f1b416dfeb46,2026-09-19,1,2026-09-20,index_models-1,
https://www.onsemi.com/download/models/lib/mbra140t3.lib,,MBRA140,downloaded,669,5b120a09207d7d8e04a34d9462b8f305eb29d15d76e92bc06f9656534d514c8d,2026-09-19,1,2026-09-20,index_models-1,
https://www.onsemi.com/download/models/lib/mbra160t3.lib,,,downloaded,640,62ce10dc4db7858a92a935712ebb12973637bad1f786b0fe7f8a05bab573adbf,2026-09-19,1,2026-09-20,index_models-1,
https://www.onsemi.com/download/models/lib/mbra1h100t3g%20spice%20model.lib,,,downloaded,660,3bea0a52a56a98bfd9016ac08aa74b8348947068cbdf8fe588b8752e4621d111,2026-09-19,1,2026-09-20,index_models-1,
https://www.onsemi.com/download/models/lib/mbra210et3.lib,,,downloaded,637,a7b439f912f8824db02d965676a0da3247ff6c0b66b038c40e0d6820e4019378,2026-09-19,1,2026-09-20,index_models-1,
https://www.onsemi.com/download/models/lib/mbra210lt3.lib,,,downloaded,638,03ad3b441f98e3cfa2d0ccf7434dbd5e78c35b995a62b4f4fe4a4bb808100a65,2026-09-19,1,2026-09-20,index_models-1,
https://www.onsemi.com/download/models/lib/mbra2h100t3g.lib,,,downloaded,635,567f2f3dca758389ef80ba1ca0dcccfcc188b93ced9a9f3b73a62ac8e9ab83c6,2026-09-19,1,2026-09-20,index_models-1,
https://www.onsemi.com/download/models/lib/mbra340t3g.lib.lib,,,downloaded,665,0dc35aa6f16b0bb032398a133d748766e619fc350b39b7ead712493a5999f6a0,2026-09-19,1,2026-09-20,index_models-1,
https://www.onsemi.com/download/models/lib/mbraf1100t3g.lib,,,downloaded,664,045a1fc464bd96872b92c1460dd656b1d9dbd3f23140ee9014c0c5b2de793103,2026-09-19,1,2026-09-20,index_models-1,
https://www.onsemi.com/download/models/lib/mbraf1540t3g.lib,,,downloaded,661,f5f39887ea6091fcbd58c355b3ccdeffc48eb5a816bd89f8b6bd321ec359c1f3,2026-09-19,1,2026-09-20,index_models-1,
https://www.onsemi.com/download/models/lib/mbraf260t3g.lib,,,downloaded,664,045a1fc464bd96872b92c1460dd656b1d9dbd3f23140ee9014c0c5b2de793103,2026-09-19,1,2026-09-20,index_models-1,
https://www.onsemi.com/download/models/lib/mbraf2h100t3g.lib,,,downloaded,660,7a0ac54f520b5decfe64170356b137469f67876bab250dc1766a0b25284583cc,2026-09-19,1,2026-09-20,index_models-1,
https://www.onsemi.com/download/models/lib/mbraf3200t3g.lib,,,downloaded,674,58e6435e10bf40cade1ba1b6e2e5211bc0e97a0869a4a526b08f8d7dc239e431,2026-09-19,1,2026-09-20,index_models-1,
https://www.onsemi.com/download/models/lib/mbraf440t3g.lib,,,downloaded,668,a92f0b6dea36f2905fa5d3d2bfc49294bf5e287e546465db3e1b43cf2c855847,2026-09-19,1,2026-09-20,index_models-1,
https://www.onsemi.com/download/models/lib/mbrb1045.lib,,,downloaded,664,8e8b86c33d029d4c8dd757d5cd6a754074f3c33d87a8a9b49c94123d72d62ac0,2026-09-19,1,2026-09-20,index_models-1,
https://www.onsemi.com/download/models/lib/mbrb1545ctt4.lib,,,downloaded,649,142f1ccf8e64083ba92ef725a6016964d4e9feced2b1d94beb2967ccfb7834f8,2026-09-19,1,2026-09-20,index_models-1,
https://www.onsemi.com/download/models/lib/mbrb1645t4g.lib,,,downloaded,650,733529f58c4bc6c06e33385864899841bf3576cf8c86196f44b267c14778efa0,2026-09-19,1,2026-09-20,index_models-1,
https://www.onsemi.com/download/models/lib/mbrb20100ct.lib,,,downloaded,644,c99d797d659bd59272768d6a2261308ca280244369c0d1ce8e0f38ec319efc06,2026-09-19,1,2026-09-20,index_models-1,
https://www.onsemi.com/download/models/lib/mbrb20200ctt4.lib,,,downloaded,642,d3765995a1258e1e65efd96c961133c6312938ee47fd15f9e404d7aee8a9b56a,2026-09-19,1,2026-09-20,index_models-1,
https://www.onsemi.com/download/models/lib/mbrb2060ctt4.rev0.lib,,,downloaded,650,6ac6fd43d9de01489241b64c6a9efa42f27cde78799b1478cf95b0c67dd496e7,2026-09-19,1,2026-09-20,index_models-1,
https://www.onsemi.com/download/models/lib/mbrb20h100ct.lib,,,downloaded,664,871d815df12afdb81b507c301a4e110b0cba5601349272c12d4a3e491cbe11de,2026-09-19,1,2026-09-20,index_models-1,
https://www.onsemi.com/download/models/lib/mbrb2515lt4.lib,,,downloaded,648,c16302314e1b6b9b8c4609ad74ea984b73bf9f9424f616dec2651ebe1ddec3fb,2026-09-19,1,2026-09-20,index_models-1,
https://www.onsemi.com/download/models/lib/mbrb2535ctlt4.lib,,,downloaded,653,1eb1a0a04fe05ac1a7b59d2ab1da1da2e6aba9a4b7beb1d404da611fee848575,2026-09-19,1,2026-09-20,index_models-1,
https://www.onsemi.com/download/models/lib/mbrb2545ct.lib,,,downloaded,639,4cf2899915f876b1cbfd8eedf4f4215181044269d0c18c72f2832a82122379a5,2026-09-19,1,2026-09-20,index_models-1,
https://www.onsemi.com/download/models/lib/mbrb3030ctl.lib,,,downloaded,665,60fe71b0ee89e9150a17b5cb079ab0aae74edf6f8d4d13bf74c0086bf0f26085,2026-09-19,1,2026-09-20,index_models-1,
https://www.onsemi.com/download/models/lib/mbrb3030ctt4.lib,,,downloaded,664,e18bb1e5ee53e69e8ee29ff65b2cff13de32cca4eb06e7b8bc78b506f5dd8416,2026-09-19,1,2026-09-20,index_models-1,
https://www.onsemi.com/download/models/lib/mbrb3045ct-1g.lib,,,downloaded,1311,24d4155f9934b602fd8e536a15e444ca174ae8610bc9999bc70d7045b098df2c,2026-09-19,2,2026-09-20,index_models-1,
https://www.onsemi.com/download/models/lib/mbrb30h60ctt4g.lib,,,downloaded,690,cf2c196184ef4bbf424ee21137e4950796c3c288f87f80f35a2c047280a9af20,2026-09-19,1,2026-09-20,index_models-1,
https://www.onsemi.com/download/models/lib/mbrb4030.lib,,,downloaded,664,e18bb1e5ee53e69e8ee29ff65b2cff13de32cca4eb06e7b8bc78b506f5dd8416,2026-09-19,1,2026-09-20,index_models-1,
https://www.onsemi.com/download/models/lib/mbrb41h100c.lib,,,downloaded,664,1a57e2ffcce6fa1632c2b95dcdba11c6bc000d9c331612ac62eee9dfc5755cc7,2026-09-19,1,2026-09-20,index_models-1,
https://www.onsemi.com/download/models/lib/mbrd1035ctlt4.rev0.lib,,,downloaded,662,30e975c3d699f4de4fd2a7b863c59a0ec9b5460c0a91b8b5fbd1a7ac70c0f38d,2026-09-19,1,2026-09-20,index_models-1,
https://www.onsemi.com/download/models/lib/mbrd320.lib,,,downloaded,640,9b2b714d6c51e42aaf51d4f8903251f7645c4c27ed0ba9bdaece676b276eca70,2026-09-19,1,2026-09-20,index_models-1,
https://www.onsemi.com/download/models/lib/mbrd330t4.rev0.lib,,,downloaded,664,5b66034ad2803e371e6f0ff4b79875fb4cb1963933c0c3270f33affc3a893585,2026-09-19,1,2026-09-20,index_models-1,
https://www.onsemi.com/download/models/lib/mbrd340t4.rev0.lib,,,downloaded,663,683c70dd6de43797c020d98e4bce3701d90ef02d4049b0c8d9442138177231e5,2026-09-19,1,2026-09-20,index_models-1,
https://www.onsemi.com/download/models/lib/mbrd350.lib,,,downloaded,654,69ede38a1f1e1a77e3cd940cf3aa079254366bf5e3c8891d6321af56b9cc444c,2026-09-19,1,2026-09-20,index_models-1,
https://www.onsemi.com/download/models/lib/mbrd360t4.rev0.lib,,,downloaded,663,750d0d19c4dd3ba67a500b50367efcaf0c052fa55aab5e958fa3d275b48caf4f,2026-09-19,1,2026-09-20,index_models-1,
https://www.onsemi.com/download/models/lib/mbrd620ctt4.lib,,,downloaded,670,b28c4c108eb8a78cb3d08705a8b8e45628582dc0145bb61655aea44338648d55,2026-09-19,1,2026-09-20,index_models-1,
https://www.onsemi.com/download/models/lib/mbrd630ctt4.lib,,,downloaded,670,e3d293a7de556b631e40ef6bc5312bb5b155d81cde5fe62946a7ed6a1a09b863,2026-09-19,1,2026-09-20,index_models-1,
https://www.onsemi.com/download/models/lib/mbrd640ct.lib,,,downloaded,736,ae803541ab4024b4b56a1b6c492b7b70f26f5c028913cd875cc685fe39e4a14d,2026-09-19,2,2026-09-20,index_models-1,
https://www.onsemi.com/download/models/lib/mbrd650ct.lib,,,downloaded,670,16f9454f1f700889f6996795fdc727afce1e1a49658781cd455647f462169b1b,2026-09-19,1,2026-09-20,index_models-1,
https://www.onsemi.com/download/models/lib/mbrd660ct.lib,,,downloaded,756,4f9f168dd9b7770ea16533861ad548b8bb983f722c4f2b965481ea7a43ce92cc,2026-09-19,2,2026-09-20,index_models-1,
https://www.onsemi.com/download/models/lib/mbrd835l.lib,,,downloaded,661,716005a0b14b33db11d0c6a263c0f87c99b5faf4d65b976e2b96d0dbab5fc607,2026-09-19,1,2026-09-20,index_models-1,
https://www.onsemi.com/download/models/lib/mbrf10l60%20pspice%20model.lib,,,downloaded,673,fe8dad99b9b6b0e2eb48f6a41af820a11b823c32eed15cb2a42d3542ea3e3eb0,2026-09-19,1,2026-09-20,index_models-1,
https://www.onsemi.com/download/models/lib/mbrf20100ct.lib,,,downloaded,643,c7c171f05f18707db0f09ecb4057ea08ccd7c586f9cc547e95c2478d3224e75b,2026-09-19,1,2026-09-20,index_models-1,
https://www.onsemi.com/download/models/lib/mbrf20200ct.lib,,,downloaded,654,5060ecbc793499faa67362532260672a688a367e105b78cb8eab5bc810922e87,2026-09-19,1,2026-09-20,index_models-1,
https://www.onsemi.com/download/models/lib/mbrf2045ctg.lib,,,downloaded,661,164e5e93fc4487c76f5f9e4aa5233d7a8bcd7c1cb04b0208825ca61e8a02db3b,2026-09-19,1,2026-09-20,index_models-1,
https://www.onsemi.com/download/models/lib/mbrf2060ct.lib,,,downloaded,648,cf34cac973f321cea19285182f6136e257efa1921a66625517e0a934e90221bd,2026-09-19,1,2026-09-20,index_models-1,
https://www.onsemi.com/download/models/lib/mbrf20h100ctg.lib,,,downloaded,662,e9f0536f05811024d069e94d3fc341346c6902f8817b05cf718b6b15d4ab6f7a,2026-09-19,1,2026-09-20,index_models-1,
https://www.onsemi.com/download/models/lib/mbrf20h150ctg.lib,,,downloaded,645,a0240ce523d72a4dcfd477eea05f6a7e10e3f1aa81507a38b7f569259605f7a0,2026-09-19,1,2026-09-20,index_models-1,
https://www.onsemi.com/download/models/lib/mbrf20l45ctg.lib,,,downloaded,679,c312da803411fd6ab64118ae806a7729c0c3fbcee9204b247a0316cf28a0f2f5,2026-09-19,1,2026-09-20,index_models-1,
https://www.onsemi.com/download/models/lib/mbrf20l60%20pspice%20model.lib,,,downloaded,673,bf772937772e7d26b7edd27923eb2580b74d4e35a4422ac91a8f9fed04fc7b10,2026-09-19,1,2026-09-20,index_models-1,
https://www.onsemi.com/download/models/lib/mbrf2545ct.rev1.lib,,,downloaded,655,94918a6cefe4e8ddd5ba0c01ad884d1d6a6aaf82d0372fce568ae80901d47206,2026-09-19,1,2026-09-20,index_models-1,
https://www.onsemi.com/download/models/lib/mbrf30h100ctg.lib,,,downloaded,672,fff65b95967bd9348d699074935b64416a46a07c6b45d4435aaf8013cd0ec5a0,2026-09-19,1,2026-09-20,index_models-1,
https://www.onsemi.com/download/models/lib/mbrf30l60%20pspice%20model.lib,,,downloaded,670,405a62be314fb12f215b4a5171060968e2868698de082022e364b48a6fe0b63c,2026-09-19,1,2026-09-20,index_models-1,
https://www.onsemi.com/download/models/lib/mbrf40250t.lib,,,downloaded,672,0e5c643f45e6d10f2a682fb3d75e29c0ab402992c1cf899d1ba3499fc12117bf,2026-09-19,1,2026-09-20,index_models-1,
https://www.onsemi.com/download/models/lib/mbrm110et1.lib,,,downloaded,664,18a295a5d1a7ed65c5718743a0e70f2af5bfde1e2bf50a68a3f3419c4bc23375,2026-09-19,1,2026-09-20,index_models-1,
https://www.onsemi.com/download/models/lib/mbrm110lt3.lib,,,downloaded,666,d7a7dd2949f25b30c3ace86fe17fef731c5f76bf692e2288699508af5bcb6d7b,2026-09-19,1,2026-09-20,index_models-1,
https://www.onsemi.com/download/models/lib/mbrm120e.rev1.lib,,,downloaded,657,c608a78d671949cf11fe3dcc99bc377d132a2da2adaf318e6a717757e09b111c,2026-09-19,1,2026-09-20,index_models-1,
https://www.onsemi.com/download/models/lib/mbrm120lt3.lib,,,downloaded,652,4b8e6c151f67155e82c701c8fdfb6c83fc68a49ef0743473778ae5c5b467868f,2026-09-19,1,2026-09-20,index_models-1,
https://www.onsemi.com/download/models/lib/mbrm130lt3.lib,,,downloaded,660,a3d6457dd63770e6a469626eceb5c44c83864ed6199db306cb198ffdc8e084bc,2026-09-19,1,2026-09-20,index_models-1,
https://www.onsemi.com/download/models/lib/mbrm140t3.lib,,,downloaded,663,686460231d0b0b89136c78c68ea12d82fce4f174e220c41ae329e5e6a8d62ed7,2026-09-19,1,2026-09-20,index_models-1,
https://www.onsemi.com/download/models/lib/mbrm1h100t3g%20spice%20model.lib,,,downloaded,660,f2a342a2932cfa8c24fa62ed9448398cf6b291d5bec14c3d517fa7f874cb51ae,2026-09-19,1,2026-09-20,index_models-1,
https://www.onsemi.com/download/models/lib/mbrm2h100t3g%20spice%20model.lib,,,downloaded,660,9853268df4e8d1dc034c7ca6e0294b5efb5d7c2d9fabe78067dba2e2887f93a1,2026-09-19,1,2026-09-20,index_models-1,
https://www.onsemi.com/download/models/lib/mbrs1100t3.rev0.lib,,,downloaded,641,2945d3b424a0e4b88fff25a6490c3f95652929fe8315cbb1d14d058d7c750585,2026-09-19,1,2026-09-20,index_models-1,
https://www.onsemi.com/download/models/lib/mbrs120t3.lib,,,downloaded,654,d4bec8490249fc6dd0aedaf77199475c98277dfd47a0f2af5c70b0c776e4df83,2026-09-19,1,2026-09-20,index_models-1,
https://www.onsemi.com/download/models/lib/mbrs130.lib,,,downloaded,3146,42bc82462cc5d4ebd6ad7b7e9913140b7d8369dadcbdaf9c215f47378fcec251,2026-09-14,1,2026-09-20,index_models-1,
https://www.onsemi.com/download/models/lib/mbrs130lt3.lib,,,downloaded,664,c55ae8393326c99cbc74966d0321485b42bc83aa467c50b3fd8a41d49f7c3193,2026-09-19,1,2026-09-20,index_models-1,
https://www.onsemi.com/download/models/lib/mbrs130t3.lib,,,downloaded,660,5d7dd05fbcfa0b438092d6f79b1feb085f10473dad17bb2ec83170fe4ebd18ae,2026-09-19,1,2026-09-20,index_models-1,
https://www.onsemi.com/download/models/lib/mbrs140.lib,,,downloaded,3153,142696ab7ef543ced8de3647aec33c44c121109aad8bd6494b648c4df7104c21,2026-09-14,1,2026-09-20,index_models-1,
https://www.onsemi.com/download/models/lib/mbrs140lt3.lib,,,downloaded,663,db14b88d60bc10362e60be71419cf5902c316b99822834b649ffd22f00aee2cc,2026-09-19,1,2026-09-20,index_models-1,
https://www.onsemi.com/download/models/lib/mbrs140t3.lib,,,downloaded,673,d4c09171f1b935a0b02e9fd81f24faee93f1dcc4e2fc71e8a973ccd80c07117f,2026-09-19,1,2026-09-20,index_models-1,
https://www.onsemi.com/download/models/lib/mbrs1540t3.rev0.lib,,,downloaded,656,225d5469c955cef7446ce887ae0c55cb0793af96a593027e68e5272b7d09928f,2026-09-19,1,2026-09-20,index_models-1,
https://www.onsemi.com/download/models/lib/mbrs190t3.lib,,,downloaded,663,fcdcc3bc85137cc9dba5b9f111f2503f2a9c2d8d8a947614defc4da60fd97800,2026-09-19,1,2026-09-20,index_models-1,
https://www.onsemi.com/download/models/lib/mbrs2040lt3.lib,,,downloaded,650,f83f5673c1d6c09b1f62f8238f0be69592c45771facc4117e29cd6aa8852f75b,2026-09-19,1,2026-09-20,index_models-1,
https://www.onsemi.com/download/models/lib/mbrs230lt3.lib,,,downloaded,652,8bdd1f7af26d9a10b3bfa6d11455c93c63207f6275a3d7f0933aaeae19031266,2026-09-19,1,2026-09-20,index_models-1,
https://www.onsemi.com/download/models/lib/mbrs240lt3.lib,,,downloaded,658,c46e0647987d083594b343420940c9d1a5b7dd48151cfbbf38ed782fc76d8e89,2026-09-19,1,2026-09-20,index_models-1,
https://www.onsemi.com/download/models/lib/mbrs260t3.lib,,,downloaded,638,bb80a3e335d550468f8e66bba9572cb06f434daaf97c6093280e0affb752f422,2026-09-19,1,2026-09-20,index_models-1,
https://www.onsemi.com/download/models/lib/mbrs2h100t3g.lib,,,downloaded,635,567f2f3dca758389ef80ba1ca0dcccfcc188b93ced9a9f3b73a62ac8e9ab83c6,2026-09-19,1,2026-09-20,index_models-1,
https://www.onsemi.com/download/models/lib/mbrs3100t3.lib,,,downloaded,664,127190c9bf624057a85b668d65cd256247aade1c49a5906576593b01620962c3,2026-09-19,1,2026-09-20,index_models-1,
https://www.onsemi.com/download/models/lib/mbrs3200t3g%20(spice%20model).lib,,,downloaded,577,e13c249eb6f0ef8e99c2f9d3e8a5e3dcb96aa39bb208cbf24813777137bf29fd,2026-09-19,1,2026-09-20,index_models-1,
https://www.onsemi.com/download/models/lib/mbrs320t3.lib,,,downloaded,655,512145a175163ccdc2e531f9c2103d87f993470346c661ec23bdd77da712f9f1,2026-09-19,1,2026-09-20,index_models-1,
https://www.onsemi.com/download/models/lib/mbrs330t3.lib,,,downloaded,661,d65238e86941c793d4db005d6e415a80e9158461be53fc8d9100c80ffc86584b,2026-09-19,1,2026-09-20,index_models-1,
https://www.onsemi.com/download/models/lib/mbrs340t3.lib,,,downloaded,660,f57f3050e0af53911379345f39a1a760a0e4dce3922b903b8abed363eacb9f1b,2026-09-19,1,2026-09-20,index_models-1,
https://www.onsemi.com/download/models/lib/mbrs360t3.lib,,,downloaded,674,a75a42feeb3178e7cff2a82cf2af1413fcfc0cf44db71b0f7235db8ed0dd64a7,2026-09-19,1,2026-09-20,index_models-1,
https://www.onsemi.com/download/models/lib/mbrs410et3.lib,,,downloaded,639,340394c09f92c036bd8c1716cb2f9f9f234643e6511ef44a74425363ca5019a6,2026-09-19,1,2026-09-20,index_models-1,
https://www.onsemi.com/download/models/lib/mbrs410lt3.lib,,,downloaded,633,587ad67978e4fa84f2c17db01405f0108ddc728bc04dde81a8b93894e5e32e4c,2026-09-19,1,2026-09-20,index_models-1,
https://www.onsemi.com/download/models/lib/mbrs540t3.rev0.lib,,,downloaded,666,6269839d34d223bd286debe342580db16c69f06c79b61fd5ac2c26d332ef4822,2026-09-19,1,2026-09-20,index_models-1,
https://www.onsemi.com/download/models/lib/mbt35200%20(pspice%20model).lib,,,downloaded,864,104d6947bbdd254086b76a9669bdf42690b2f58a2ba30e2dbb3af7a364fc1172,2026-09-19,1,2026-09-20,index_models-1,
https://www.onsemi.com/download/models/lib/mbt3904dw1.lib.lib,,,downloaded,962,51802705454bd0fa4d5d822af8cb5f3b27ad228fb1ee19744d0ac43887dafaa0,2026-09-19,1,2026-09-20,index_models-1,
https://www.onsemi.com/download/models/lib/mbt3946dw1t1.lib,,,downloaded,1673,e07a3a1a04b5b94c288c0ab5105cd3159d6f53dad18e9f8c3602883e99838954,2026-09-19,3,2026-09-20,index_models-1,
https://www.onsemi.com/download/models/lib/mc1496%20spice%20model.lib,,,downloaded,873,3588b508c83d05b054ced7f39662259f644af0d4b79e5899fe95b7e579166278,2026-09-19,2,2026-09-20,index_models-1,
https://www.onsemi.com/download/models/lib/mdb8s%20series%20(spice%20model).lib,,,downloaded,2087,4a71650b5ac8e51a29069b5d2fd1511b8e6d9d0b4cab2a1e33e6f64a77502857,2026-09-19,6,2026-09-20,index_models-1,
https://www.onsemi.com/download/models/lib/mg2040mutag.lib.lib,,,downloaded,1463,9930a96b8942a09b650a229b778132c8f8ef27ac53a0ba8fd79c176a8ee58fe6,2026-09-19,6,2026-09-20,index_models-1,
https://www.onsemi.com/download/models/lib/mgsf1n02lt1.rev0.lib,,,downloaded,1750,2b91a94a3d32646e3b1b9dd59d3efec44c96e9ae744d439627677e70cc9bd6d5,2026-09-19,6,2026-09-20,index_models-1,
https://www.onsemi.com/download/models/lib/mgsf1n03lt1.lib,,,downloaded,1680,40c17f60ce236ee755bf9231236bfc9d34600b88d2f8df941363deeb1c61c1b3,2026-09-19,6,2026-09-20,index_models-1,
https://www.onsemi.com/download/models/lib/mgsf2n02elt1.lib,,,downloaded,1726,76b48a4bd8b2e065086469a39ff4ca543dc8bceb6ec4b98464570a295cd590b1,2026-09-19,6,2026-09-20,index_models-1,
https://www.onsemi.com/download/models/lib/mj11012.lib,,,downloaded,1702,21bcbb3b188f15c6784c2d756c52991dc63181d2bdf385b152815429398c0f24,2026-09-19,4,2026-09-20,index_models-1,
https://www.onsemi.com/download/models/lib/mj11015.lib,,,downloaded,1702,25996d54b72175185e8b9ec816980ddf7833b807bec788108f8f637e10b1f281,2026-09-14,4,2026-09-20,index_models-1,
https://www.onsemi.com/download/models/lib/mj11016.lib,,,downloaded,1707,b4ecbca7ec6199df85c1fafe37e3df8e2e0a660222b005e4be1f48b7774508e7,2026-09-14,4,2026-09-20,index_models-1,
https://www.onsemi.com/download/models/lib/mj11028.lib,,,downloaded,1731,dbfe74f8af7c5f6d56a08280d944f297b132d7be1f7992a8a2a64e5c0c045abf,2026-09-19,4,2026-09-20,index_models-1,
https://www.onsemi.com/download/models/lib/mj11029.lib,,,downloaded,1685,e6c45a99777ecf6a283452bd0a8eeea2535d377eb7e50abfe4c00e7468233343,2026-09-19,4,2026-09-20,index_models-1,
https://www.onsemi.com/download/models/lib/mj11032.lib,,,downloaded,1731,ccabb685da272a15e1d0fccef5ad5defcbb78ce19dc204c3c1dc9ac465e7e6c9,2026-09-14,4,2026-09-20,index_models-1,
https://www.onsemi.com/download/models/lib/mj11033.lib,,,downloaded,1685,0d586d0de0b0038c583630f56c4de43d964b909198d65e6b36b4083fe9bd312b,2026-09-14,4,2026-09-20,index_models-1,
https://www.onsemi.com/download/models/lib/mj14001.lib,,,downloaded,949,850b9bfd7546933924c255f18dbc92befea5cf0e5510796573d37fca54d0752d,2026-09-19,1,2026-09-20,index_models-1,
https://www.onsemi.com/download/models/lib/mj14002.lib,,,downloaded,961,d30b763ace783c8eca485abba880a1067220b96b6b61b8bb673bb9d4bc096d6b,2026-09-19,1,2026-09-20,index_models-1,
https://www.onsemi.com/download/models/lib/mj14003.lib,,,downloaded,949,16327fd1431b9fc580d12ce8a9ee2fdc2c1958196cf528fb8121917cab7279a3,2026-09-19,1,2026-09-20,index_models-1,
https://www.onsemi.com/download/models/lib/mj15001.lib,,,downloaded,953,211b81e8cee3db7cf5727a028b934b3d714a789d4c5494da8250a16af3c4bb6c,2026-09-14,1,2026-09-20,index_models-1,
https://www.onsemi.com/download/models/lib/mj15002.lib,,,downloaded,959,62e88e3956e1e604f5086b9957e628fd41a4caeaebe298687bee66a0fabe39ae,2026-09-14,1,2026-09-20,index_models-1,
https://www.onsemi.com/download/models/lib/mj15003.lib,,,downloaded,954,1d8cbd14caf13944ba1d73529129b2e79a50e06c23551ca6e36d69e4bbfaec01,2026-09-14,1,2026-09-20,index_models-1,
https://www.onsemi.com/download/models/lib/mj15004.lib,,,downloaded,947,001f65b7bd88b01f6e184f9dc6fa0d07294a576dc79b7eed191953d1cc57cb6c,2026-09-14,1,2026-09-20,index_models-1,
https://www.onsemi.com/download/models/lib/mj15011.lib,,,downloaded,971,3a8aa164734f2b8ad958c1d1b64c4afab997e7e8ef04353a327049554d4126b6,2026-09-19,1,2026-09-20,index_models-1,
https://www.onsemi.com/download/models/lib/mj15012.lib,,,downloaded,947,bb0d60c27067d4eb1c1253d53f7b8b649c098d007afe0825b67afe3bcdf66bbc,2026-09-19,1,2026-09-20,index_models-1,
https://www.onsemi.com/download/models/lib/mj15015.lib,,,downloaded,981,17496e649516ba2b31c9dbc09d09dac44facebb685fcbdc45655e275bca21c97,2026-09-19,1,2026-09-20,index_models-1,
https://www.onsemi.com/download/models/lib/mj15016.lib,,,downloaded,981,00ec9d43afc601ed273f1d3c32ea5b1e6e361051b2f02f065fb1972f512f346e,2026-09-19,1,2026-09-20,index_models-1,
https://www.onsemi.com/download/models/lib/mj15022.lib,,,downloaded,934,5ae31656cff5fa42b8b9b9dc54e918b538297bf2c119f521ab6176fcabf82ece,2026-09-14,1,2026-09-20,index_models-1,
https://www.onsemi.com/download/models/lib/mj15023.lib,,,downloaded,951,7086c953a889b188287e50342a14f23f619915cc08ddda12c37789cc9f9e8786,2026-09-14,1,2026-09-20,index_models-1,
https://www.onsemi.com/download/models/lib/mj15024.lib,,,downloaded,936,7924647fb9db974b3b5d6c02f8b0e46309f2383a232e28f61faddf9b14ef46b9,2026-09-14,1,2026-09-20,index_models-1,
https://www.onsemi.com/download/models/lib/mj21193.lib,,,downloaded,983,0febdd6d992eb7cd929f7ead18e25f232dbe5a50fdf487f70276eeb83dcdc112,2026-09-14,1,2026-09-20,index_models-1,
https://www.onsemi.com/download/models/lib/mj21194.lib,,,downloaded,965,aea2e64f4cc98b5d70933f93d5d15289445ac18486924541e873cf76fc5fd7e4,2026-09-14,1,2026-09-20,index_models-1,
https://www.onsemi.com/download/models/lib/mj21195.lib,,,downloaded,971,d28a123394451210236e9cc6d84c8d7f64c81d9b669b143999e274931afeb213,2026-09-14,1,2026-09-20,index_models-1,
https://www.onsemi.com/download/models/lib/mj21196.lib,,,downloaded,969,73fcd2b522fe37759d29f358eec9d6753f2e9fad6a2e7f71f7243d6df039dde1,2026-09-14,1,2026-09-20,index_models-1,
https://www.onsemi.com/download/models/lib/mj2955.lib,,,downloaded,962,4b3a9c91bc30ac04d6df4221a3e83697a3f6775ec5bbb71b23886ee00f36477e,2026-09-14,1,2026-09-20,index_models-1,
https://www.onsemi.com/download/models/lib/mj4502.lib,,,downloaded,957,a62c698807a7add83609780ff29aa7b4b123bbb345083bc080fddf7e2b3689d7,2026-09-14,1,2026-09-20,index_models-1,
https://www.onsemi.com/download/models/lib/mj802.lib,,,downloaded,961,87d2ffcb7f2e0d422153c4081fd6a51b2908ec5532927930484722bbb25bb6a9,2026-09-14,1,2026-09-20,index_models-1,
https://www.onsemi.com/download/models/lib/mjb41c.lib,,,downloaded,987,e78b2cf292f5660c592135169ce33f05d74fb3e04fc436c4e2b843e0d5579f24,2026-09-19,1,2026-09-20,index_models-1,
https://www.onsemi.com/download/models/lib/mjb42c.lib,,,downloaded,987,2b0494476fcf058edb428f317f105a9fd538959336f402d39c6b9828fc2f0326,2026-09-19,1,2026-09-20,index_models-1,
https://www.onsemi.com/download/models/lib/mjb44h11.rev0.lib,,,downloaded,977,bbf50e028f15c1d6eac900bedb0e71d44dac4c77968064e11fa99286888cad26,2026-09-19,1,2026-09-20,index_models-1,
https://www.onsemi.com/download/models/lib/mjb45h11.rev0.lib,,,downloaded,963,7f399afe2afb0776865370c00726f1a6cd4e3204e76da94f97900fa7bff97793,2026-09-19,1,2026-09-20,index_models-1,
https://www.onsemi.com/download/models/lib/mjd112.lib,,,downloaded,1553,7c1f07b1397b630a1b316ab08bb4dd5f79a4d930ec393991297b873aa423ba6a,2026-09-19,4,2026-09-20,index_models-1,
https://www.onsemi.com/download/models/lib/mjd117t4.lib,,,downloaded,1763,87632275378e989bfc96483ed4ad271c862ab31fc7417b379c06f2b23a1f9c11,2026-09-19,4,2026-09-20,index_models-1,
https://www.onsemi.com/download/models/lib/mjd122.rev0.lib,,,downloaded,1717,0009678023ab89cd3552472321a586f0bc46c668d58cadb0d2a8f19569171894,2026-09-19,4,2026-09-20,index_models-1,
https://www.onsemi.com/download/models/lib/mjd127.rev0.lib,,,downloaded,1699,52abeca1a398daabd9ade535ab0f6c13345889d86e2c7e471de50a82bd31cbf5,2026-09-19,4,2026-09-20,index_models-1,
https://www.onsemi.com/download/models/lib/mjd148t4.lib,,,downloaded,977,440b8d906d2b3cb2359798a2ea92587189dc027e9e707cdc6c761b461e48b0c7,2026-09-19,1,2026-09-20,index_models-1,
https://www.onsemi.com/download/models/lib/mjd18002d2t4.lib,,,downloaded,961,f4502d107a587762e9b4376793b1efe9a3a360ad4993175e8b3a426005f62aea,2026-09-19,1,2026-09-20,index_models-1,
https://www.onsemi.com/download/models/lib/mjd200t4.lib,,,downloaded,966,abf746677241ad8aa5d4dc06ac5cde40762e21d0ad9719d9b3b5fb1f2fb6dad1,2026-09-19,1,2026-09-20,index_models-1,
https://www.onsemi.com/download/models/lib/mjd210.lib,,,downloaded,937,9f2cbdac8ee5996f5db4d1b35f40abb6f3b64d01aed602be5ec7cc730196fa5d,2026-09-19,1,2026-09-20,index_models-1,
https://www.onsemi.com/download/models/lib/mjd243.lib,,,downloaded,972,f8e8faf1b397cdcf9d06fd04ebe0e6ac27f57efe1c26e31eeb501caa8ec0d194,2026-09-19,1,2026-09-20,index_models-1,
https://www.onsemi.com/download/models/lib/mjd253t4.lib,,,downloaded,933,b02db6e2d1dd70b2b3903a36dc164392883f6ed481c3e4bc930d38e9267b16ab,2026-09-19,1,2026-09-20,index_models-1,
https://www.onsemi.com/download/models/lib/mjd2955.lib,,,downloaded,945,2a18743fe461ec00488cf167a971991c36e216458e51e00e94d3e9c2e1adee4e,2026-09-19,1,2026-09-20,index_models-1,
https://www.onsemi.com/download/models/lib/mjd3055.lib,,,downloaded,972,9a59b77c0fb08be45e4d172c6c3a2e59572a0bb92322c86868d42f2cdd8ea9a6,2026-09-19,1,2026-09-20,index_models-1,
https://www.onsemi.com/download/models/lib/mjd31t4.lib,,,downloaded,991,4f3c87f2f61669935bc79cc3242cc482db21c8f66e8817718338955c7432484e,2026-09-19,1,2026-09-20,index_models-1,
https://www.onsemi.com/download/models/lib/mjd32c.lib,,,downloaded,1018,05440e4dbcf241faed7fc8d099243fa1cd06c9968c9e4b0cf36576b16df63f18,2026-09-19,1,2026-09-20,index_models-1,
https://www.onsemi.com/download/models/lib/mjd340t4.lib,,,downloaded,947,b504b0dd133e000552597ded4b5913d24722af5e0ce1a6e7820b1f3e6e6ab785,2026-09-19,1,2026-09-20,index_models-1,
https://www.onsemi.com/download/models/lib/mjd350.lib,,,downloaded,906,5df16be4105ba053293b8445e05c959df4282537e8ee7ba5947bc67f51108974,2026-09-19,1,2026-09-20,index_models-1,
https://www.onsemi.com/download/models/lib/mjd350t4.lib,,,downloaded,909,6bf581c5d8aeb43fef53470f19c724e18f70357415628b1be98efed54f9ec36c,2026-09-19,1,2026-09-20,index_models-1,
https://www.onsemi.com/download/models/lib/mjd41ct4.lib,,,downloaded,938,980a00e63e7f2e651f95a17b4f192d0e24c47a9169c952892a93c8ae9dc66930,2026-09-19,1,2026-09-20,index_models-1,
https://www.onsemi.com/download/models/lib/mjd42ct4.lib,,,downloaded,947,0c0b0d436e9d24d98964c153eb6c64dbb5e9c005000fce9bcb2cfef499277a6b,2026-09-19,1,2026-09-20,index_models-1,
https://www.onsemi.com/download/models/lib/mjd44h11.lib,,,downloaded,950,1f469195caa23404785f27a1386d8be4067148f54ef9049bcc944707e955909c,2026-09-14,1,2026-09-20,index_models-1,
https://www.onsemi.com/download/models/lib/mjd45h11.lib,,,downloaded,1045,c5c2a0edc3b7145c4c32216479ca7e8284457ec6c43e644c967aee1434d7b2e2,2026-09-14,1,2026-09-20,index_models-1,
https://www.onsemi.com/download/models/lib/mje13007.lib,,,downloaded,977,309745e0845cae3a5cca1407760c63394070a07d0e1c8f31198a77f29db718e5,2026-09-14,1,2026-09-20,index_models-1,
https://www.onsemi.com/download/models/lib/mje13009.lib,,,downloaded,955,8ea1c7724b4586485f22118e85d5b521178e60aebf8477609938c7b25d12a666,2026-09-19,1,2026-09-20,index_models-1,
https://www.onsemi.com/download/models/lib/mje15028.lib,,,downloaded,965,708bc1866bfd81c212ce27581f02b9b566e80267474ebe9d66c406de95b9770e,2026-09-14,1,2026-09-20,index_models-1,
https://www.onsemi.com/download/models/lib/mje15029.lib,,,downloaded,945,6abb59939acb016cee5f26ba93d6bd61dabd079162848351ab8f0e13c58bfec3,2026-09-14,1,2026-09-20,index_models-1,
https://www.onsemi.com/download/models/lib/mje15030.lib,,,downloaded,999,7d3ab5b7648d35ee5b6c39504a9b53baf963e69521bd89f44635470c951371b7,2026-09-14,1,2026-09-20,index_models-1,
https://www.onsemi.com/download/models/lib/mje15031.lib,,,downloaded,995,53b9a6b8cf003fe00303ea7e1ad2eca176eb6787fda9b0b80cbba7bf62258504,2026-09-14,1,2026-09-20,index_models-1,
https://www.onsemi.com/download/models/lib/mje15032.lib,,,downloaded,978,9b18bc38828c9f8d7f53af75e1f9d4009640d767bb9b3ba17dfa761f6660152d,2026-09-14,1,2026-09-20,index_models-1,
https://www.onsemi.com/download/models/lib/mje15033.lib,,,downloaded,976,0b17869b05c7a4d004753960c4d4eecb21501f674ec80ceb72bc52935491d56c,2026-09-14,1,2026-09-20,index_models-1,
https://www.onsemi.com/download/models/lib/mje15034.lib,,,downloaded,969,9894620ba8cfad889fbd3d9832a5f5e05ef1970f3d1a10d64aa9c4fc956a8690,2026-09-14,1,2026-09-20,index_models-1,
https://www.onsemi.com/download/models/lib/mje15035.lib,,,downloaded,980,b6a35c7790d8644122d635bee70fc462eaf473c438172700d8c7622a48234460,2026-09-14,1,2026-09-20,index_models-1,
https://www.onsemi.com/download/models/lib/mje172.lib,,,downloaded,996,10ef9ce231ee218a9d8537ce17ef25890e3b2ff4b4eb72480106357f31e35575,2026-09-14,1,2026-09-20,index_models-1,
https://www.onsemi.com/download/models/lib/mje18004.lib,,,downloaded,975,ae726603ee66173eb8d934871fae39b75a8f4d0dcc342f84866308aa3898be24,2026-09-19,1,2026-09-20,index_models-1,
https://www.onsemi.com/download/models/lib/mje18004d2.lib,,,downloaded,962,679f819425f0bcc331d1fa004b93c9d2c48c857739031734ae242bf5f3321924,2026-09-19,1,2026-09-20,index_models-1,
https://www.onsemi.com/download/models/lib/mje182.lib,,,downloaded,967,435d1731c643e8f3dd5c8ccdc5a11cf3b6baca19498e8a8aa15419802151c08b,2026-09-14,1,2026-09-20,index_models-1,
https://www.onsemi.com/download/models/lib/mje200.lib,,,downloaded,979,e84362790a4c659ce45aaf49d8312d409d38e3e17196cd76dc3f9dcb516bcef4,2026-09-19,1,2026-09-20,index_models-1,
https://www.onsemi.com/download/models/lib/mje243.lib,,,downloaded,994,b1aeaa297930d7579c598984705a190f9b2f8e2445fd94e0afac8cd77cda8d1c,2026-09-14,1,2026-09-20,index_models-1,
https://www.onsemi.com/download/models/lib/mje253.lib,,,downloaded,996,c8d9964157d8352dd0624aa4aa8b9a6f518fb8efa37253e568f2ce9dcfc20ed3,2026-09-14,1,2026-09-20,index_models-1,
https://www.onsemi.com/download/models/lib/mje271.lib,,,downloaded,1488,dbc7346c6596c58d7bf04f5f33c278fab0c1ea2cebcc750602f192c51ac2a065,2026-09-19,4,2026-09-20,index_models-1,
https://www.onsemi.com/download/models/lib/mje2955t.lib,,,downloaded,981,8d7faf0d602a354f17cdcde8464461c0bb150f0e7d5c116018dcec5c8f60f7a7,2026-09-14,1,2026-09-20,index_models-1,
https://www.onsemi.com/download/models/lib/mje3055t.lib,,,downloaded,988,4ee8ccf0cc09a0fc46e5046056f34f793dd6f655a5b3ddbf45573f1ca1fff837,2026-09-14,1,2026-09-20,index_models-1,
https://www.onsemi.com/download/models/lib/mje340.lib,,,downloaded,934,335c6295058acd6d90d9ad226658be0604bcc5a268e155e719d01d90a3c5febf,2026-09-14,1,2026-09-20,index_models-1,
https://www.onsemi.com/download/models/lib/mje350.lib,,,downloaded,936,6c283d54a9d8e26adbed9d634842a28609eee67362ed1d2bf62bb3462316a53c,2026-09-14,1,2026-09-20,index_models-1,
https://www.onsemi.com/download/models/lib/mje371.lib,,,downloaded,923,33ab7ece0fff5bc8b9af96a27b57a2c3796a7061686a997f706c3a162b839635,2026-09-19,1,2026-09-20,index_models-1,
https://www.onsemi.com/download/models/lib/mje4353.lib,,,downloaded,966,4be03c2e37fa138ae329a8d7a132cea45a818901ba3a72776f18017316b77bdd,2026-09-19,1,2026-09-20,index_models-1,
https://www.onsemi.com/download/models/lib/mje521.lib,,,downloaded,926,005fb6f15e7518b2f7f07b80462976c725ee75fdcc9973525033d30e0b3282ed,2026-09-19,1,2026-09-20,index_models-1,
https://www.onsemi.com/download/models/lib/mje5730.lib,,,downloaded,972,65e174a45a87db39042ce435d95b7dc6e004529eb9899234458b3564b36940f5,2026-09-19,1,2026-09-20,index_models-1,
https://www.onsemi.com/download/models/lib/mje5731.lib,,,downloaded,980,34702acd9c359c4a2c6b4b2139a9fab712175dabec00b57bf88e91c423df85a0,2026-09-19,1,2026-09-20,index_models-1,
https://www.onsemi.com/download/models/lib/mje5731a.lib,,,downloaded,981,0f104fc4c50522ff0c29bdbcd28c32ffe566a028f4b952deb8b865864dad608d,2026-09-19,1,2026-09-20,index_models-1,
https://www.onsemi.com/download/models/lib/mje5742.lib,,,downloaded,1592,4bd0796e84f2660982c51627883cfd77b1ed4893fbfcbefa6bada4fcd87c035d,2026-09-19,4,2026-09-20,index_models-1,
https://www.onsemi.com/download/models/lib/mje5851.lib,,,downloaded,932,dfd5a66b39858da7e8bc34dafbd904dfe12d258afa731e4c8ca931a89acd89a6,2026-09-19,1,2026-09-20,index_models-1,
https://www.onsemi.com/download/models/lib/mje5852.lib,,,downloaded,932,85618964b0e3ca19e790b93f738582d1592ecb94d61ea820c85d928ede6012a7,2026-09-19,1,2026-09-20,index_models-1,
https://www.onsemi.com/download/models/lib/mje700.lib,,,downloaded,1510,ae620abb22f8c58c254a5c679ceaca288501e6bcd8bb80478818fc3e1745d072,2026-09-14,4,2026-09-20,index_models-1,
https://www.onsemi.com/download/models/lib/mje702.lib,,,downloaded,1661,de2a0e56b1ee722f8679a615484d408ec0b7e3b2ddc9051fa86498761b626eb0,2026-09-19,4,2026-09-20,index_models-1,
https://www.onsemi.com/download/models/lib/mje703.lib,,,downloaded,1661,78179997c04a80874cffe080d8231eb320237bf69ca70acb7bc30840d7d99ce4,2026-09-19,4,2026-09-20,index_models-1,
https://www.onsemi.com/download/models/lib/mje800.lib,,,downloaded,1510,fbe7f8474bc3f6917c8e1b89cf87f074db2ca72516134d40d2cdbe3da4f7e478,2026-09-14,4,2026-09-20,index_models-1,
https://www.onsemi.com/download/models/lib/mje802.lib,,,downloaded,1510,0e1800b4a1a5ce4f922dde8e908d99aa08b691c4db399f7669adcddac0988e3e,2026-09-19,4,2026-09-20,index_models-1,
https://www.onsemi.com/download/models/lib/mje803.lib,,,downloaded,1510,a2f080717cf74844f46fdb89c471d709850d6cc90dab758365bf6935a70dac94,2026-09-19,4,2026-09-20,index_models-1,
https://www.onsemi.com/download/models/lib/mjf122.lib,,,downloaded,1729,ea3f5aa4012912076ae2bba27c2d0aca8744abddecd0d88f24ff859952b31e2b,2026-09-19,4,2026-09-20,index_models-1,
https://www.onsemi.com/download/models/lib/mjf127.lib,,,downloaded,1708,dd2010d2d7f8ff39b6dc77d9e734677c9857531d2efb8bac54cb87cdb56c864b,2026-09-19,4,2026-09-20,index_models-1,
https://www.onsemi.com/download/models/lib/mjf15030.lib,,,downloaded,980,af222ff877f9e636a3e58e92597567029519632f2ecabb97a1d9e0a56134e838,2026-09-14,1,2026-09-20,index_models-1,
https://www.onsemi.com/download/models/lib/mjf15031.lib,,,downloaded,980,56a336a81294fc01c7279f41e2127aa528a4ab51bd08bf54666ecbfc25df0535,2026-09-14,1,2026-09-20,index_models-1,
https://www.onsemi.com/download/models/lib/mjf18004.lib,,,downloaded,948,5eb816a542f0f90a069f85fb9e9ec53e8cdfc77e8e6dc9552dd154b42ea07289,2026-09-19,1,2026-09-20,index_models-1,
https://www.onsemi.com/download/models/lib/mjf3055.lib,,,downloaded,980,aa962f7e9a8780e7f131c68ea3bd6377c424f2316b04ed7a45fa5eb91f2a7991,2026-09-19,1,2026-09-20,index_models-1,
https://www.onsemi.com/download/models/lib/mjf32c.lib,,,downloaded,974,21b849a7f9572c7ab460cc8d9667d5be1f6ec854f347f570b64919dd64b09f57,2026-09-19,1,2026-09-20,index_models-1,
https://www.onsemi.com/download/models/lib/mjf45h11.lib,,,downloaded,992,c85b78145eb1f6e958db49aafc10fd877898bd3f7dd126f800dba1e9dc485def,2026-09-19,1,2026-09-20,index_models-1,
https://www.onsemi.com/download/models/lib/mjh11022.lib,,,downloaded,1651,a7b1f7b478ca6750fb59889c656edf4aebef8fd0df69ed959b8ff757ed486170,2026-09-19,4,2026-09-20,index_models-1,
https://www.onsemi.com/download/models/lib/mjh6284.lib,,,downloaded,1636,7efa81b03cc4b034153b6c198aeb3eb22b91db7f1e69503a981ccf33e62e583a,2026-09-19,4,2026-09-20,index_models-1,
https://www.onsemi.com/download/models/lib/mjk31c%20(spice%20model).lib,,,downloaded,1001,8bb384d229757fb4dc2c68d0fc5a24ae2bd48dd935bcd0e96167dfc4403fcfdf,2026-09-19,1,2026-09-20,index_models-1,
https://www.onsemi.com/download/models/lib/mjl0281a.lib,,,downloaded,978,d8485f2e70c40895fcc04fe26be575da3db2855105879f31e2020f45e56051cc,2026-09-14,1,2026-09-20,index_models-1,
https://www.onsemi.com/download/models/lib/mjl0302a.lib,,,downloaded,963,a91b5f821a067fe985d0c63ce7a3a55d3ce2e8194c500cc7e8b19b45e21d98d8,2026-09-14,1,2026-09-20,index_models-1,
https://www.onsemi.com/download/models/lib/mjl1302a.lib,,,downloaded,955,523abc25cc4e1a8884c542e2c82d47a14459c47e9c4665c326609a1c438a188d,2026-09-14,1,2026-09-20,index_models-1,
https://www.onsemi.com/download/models/lib/mjl21193.lib,,,downloaded,976,2dc6fd6ce2746291135c6017fc24030f9485b02b121749ddde2a462d523b68e1,2026-09-14,1,2026-09-20,index_models-1,
https://www.onsemi.com/download/models/lib/mjl21194.lib,,,downloaded,969,0f89b5b96829bc5f6dea8c39f5e3205dcfc866a49312fad9a49e2ae090f86e0b,2026-09-14,1,2026-09-20,index_models-1,
https://www.onsemi.com/download/models/lib/mjl21195.lib,,,downloaded,986,c64486c49ae0e3dfe6240b9d01722624eae469ae919b4135ad7cddbf4717b7af,2026-09-19,1,2026-09-20,index_models-1,
https://www.onsemi.com/download/models/lib/mjl21196.lib,,,downloaded,961,ecf5e955dd1755d593cb10215a6e663eeec045bb5eb74cf8890991ced6054b26,2026-09-19,1,2026-09-20,index_models-1,
https://www.onsemi.com/download/models/lib/mjl3281a.lib,,,downloaded,953,bbecfe5cda95de7cc309b9664cd63445cf786f0479bb1e045c51bd05420dde47,2026-09-14,1,2026-09-20,index_models-1,
https://www.onsemi.com/download/models/lib/mjl4281a.rev0.lib,,,downloaded,983,86a6756464944a814fac7e2cafaeb2478ff7605bced68e4665972cf553396b34,2026-09-19,1,2026-09-20,index_models-1,
https://www.onsemi.com/download/models/lib/mjl4302a.lib,,,downloaded,994,dd24998ada9ef4699d94cb03cd13c8fc7511a9cbf5c07029ecc9919ceb418a37,2026-09-14,1,2026-09-20,index_models-1,
https://www.onsemi.com/download/models/lib/mjl4302a.rev0.lib,,,downloaded,994,dd24998ada9ef4699d94cb03cd13c8fc7511a9cbf5c07029ecc9919ceb418a37,2026-09-19,1,2026-09-20,index_models-1,
https://www.onsemi.com/download/models/lib/mjw1302a.lib,,,downloaded,961,ad9affa49fa15774489eb2d8afcbbc69efc9fbbc6d21257a77e5378357e0c809,2026-09-14,1,2026-09-20,index_models-1,
https://www.onsemi.com/download/models/lib/mjw21196.lib,,,downloaded,969,73fcd2b522fe37759d29f358eec9d6753f2e9fad6a2e7f71f7243d6df039dde1,2026-09-19,1,2026-09-20,index_models-1,
https://www.onsemi.com/download/models/lib/mjw3281a.lib,,,downloaded,967,2ea0d69412e63ce5d7d5cdcf5780434ef353dc8c4e7b77b76126abbd58ac64b4,2026-09-14,1,2026-09-20,index_models-1,
https://www.onsemi.com/download/models/lib/mm3z10vt1.lib,,,downloaded,1190,6e387536d02e242c4630a847529919c43e4c7a10c05b01945ea654ba3631be67,2026-09-19,6,2026-09-20,index_models-1,
https://www.onsemi.com/download/models/lib/mm3z12vst1g.lib,,,downloaded,1195,e63ea80517d41ba996898e77d984066f8fc2455d9362a7367b1a05d6daa8a44e,2026-09-19,6,2026-09-20,index_models-1,
https://www.onsemi.com/download/models/lib/mm3z12vt1g.lib,,,downloaded,1191,23608865d4627d9c08477c0fcf7ad2eeeaf824a2a3cdec3fffc8c438579e295f,2026-09-19,6,2026-09-20,index_models-1,
https://www.onsemi.com/download/models/lib/mm3z15t1g.lib,,,downloaded,1187,7bd8ae68e2c4e0c43846c32ec4f8c4619baa89b266ff030479339574fbb1967f,2026-09-19,6,2026-09-20,index_models-1,
https://www.onsemi.com/download/models/lib/mm3z16vt1g.lib,,,downloaded,1208,f8fc865248829fe1a9e7f821d05339023c43e928843f262eab1d19ede35662a7,2026-09-19,6,2026-09-20,index_models-1,
https://www.onsemi.com/download/models/lib/mm3z18vst1g.lib.lib,,,downloaded,1187,87e8a6e21547bfeb156442d002b90c6b84fd3fff66ad08eff92a390bb1bec3cc,2026-09-19,6,2026-09-20,index_models-1,
https://www.onsemi.com/download/models/lib/mm3z18vt1.lib,,,downloaded,1169,087e06ff2514fb3a9ac8cb9594f35f893e0d13628d982213fe7687a4d2b93dfb,2026-09-19,6,2026-09-20,index_models-1,
https://www.onsemi.com/download/models/lib/mm3z20vt1g.lib,,,downloaded,1213,9a94b7bfa4f0b376c67b7a5322035058a2894b06e102c326a3e64e123d83509d,2026-09-19,6,2026-09-20,index_models-1,
https://www.onsemi.com/download/models/lib/mm3z27vst1g%20(spice%20model).lib,,,downloaded,698,58582981f42d721c3b87946e8c8203a58f06727950fd9fa070ffcc7922580490,2026-09-19,5,2026-09-20,index_models-1,
https://www.onsemi.com/download/models/lib/mm3z2v4t1.lib,,,downloaded,1183,eb75dbba4f061f648e4198356dcec494fc775a7671bdbfe19316d77215874f2b,2026-09-19,6,2026-09-20,index_models-1,
https://www.onsemi.com/download/models/lib/mm3z30v.lib.lib,,,downloaded,1190,e9ada5987043f667408f4d2e78c78f27acaf88cbc5fed8ddc111206cde076419,2026-09-19,6,2026-09-20,index_models-1,
https://www.onsemi.com/download/models/lib/mm3z30vs.lib.lib,,,downloaded,1192,268b5373692b86855bb9b8a266bbfac7f06a83aba59691c082d3ea449e63f7c1,2026-09-19,6,2026-09-20,index_models-1,
https://www.onsemi.com/download/models/lib/mm3z33v.lib.lib,,,downloaded,1185,0a355556b73cd521a57340c9086be6c0201ca861e531e0827eaf16ad0ce85439,2026-09-19,6,2026-09-20,index_models-1,
https://www.onsemi.com/download/models/lib/mm3z33vs.lib.lib,,,downloaded,1185,0a355556b73cd521a57340c9086be6c0201ca861e531e0827eaf16ad0ce85439,2026-09-19,6,2026-09-20,index_models-1,
https://www.onsemi.com/download/models/lib/mm3z36vt1g.lib,,,downloaded,1193,4f34cc454b5ba2f27dbf9f7fbbf3f981e0f9b1b69b8c2a53e88d01ec5da97908,2026-09-19,6,2026-09-20,index_models-1,
https://www.onsemi.com/download/models/lib/mm3z3v3st1g.lib,,,downloaded,1177,22e0e1ff480ca475e2381f7b47398219473854409acd7e9c1ccceac2d0108d71,2026-09-19,6,2026-09-20,index_models-1,
https://www.onsemi.com/download/models/lib/mm3z3v3t1g.lib,,,downloaded,1201,57ab7588e7e61cbb2f7b1fa1bacc797bf5f9703e6edddcce1a86acdd2457e51d,2026-09-19,6,2026-09-20,index_models-1,
https://www.onsemi.com/download/models/lib/mm3z3v9st1g.lib,,,downloaded,1202,9363dff3ae7ce5f0d7384bf6fb3f871347e29968cc314b1665703013a333742e,2026-09-19,6,2026-09-20,index_models-1,
https://www.onsemi.com/download/models/lib/mm3z3v9t1g.lib,,,downloaded,1202,9363dff3ae7ce5f0d7384bf6fb3f871347e29968cc314b1665703013a333742e,2026-09-19,6,2026-09-20,index_models-1,
https://www.onsemi.com/download/models/lib/mm3z4v7b.lib,,,downloaded,769,07775a216748fb49d84f638ba63ecf8d0ea622a1f8fd5ad6666c20c208b7e65a,2026-09-19,6,2026-09-20,index_models-1,
https://www.onsemi.com/download/models/lib/mm3z5v6t1g.lib,,,downloaded,1196,00b3aa6cf5f491881971869a3325c0a31356086d39ea939726c6f531c0b74871,2026-09-19,6,2026-09-20,index_models-1,
https://www.onsemi.com/download/models/lib/mm3z6v8s.lib,,,downloaded,1192,ce53b23401d784a73a8ffe8936c91b5efde7e5837498e2a029455c33a9a8a887,2026-09-19,6,2026-09-20,index_models-1,
https://www.onsemi.com/download/models/lib/mm3z8v2st1g_rev0.lib,,,downloaded,1194,2cb81ff0f1cc07bc0fe222aa234176beb12a3854a5d35cf97b67a05c90e99546,2026-09-19,6,2026-09-20,index_models-1,
https://www.onsemi.com/download/models/lib/mm3z8v2t1g.lib,,,downloaded,1208,cdf3f60907c2100c5c23b00b8f8568a1ff9f99a773adbffdccbd7d6cf82abdc2,2026-09-19,6,2026-09-20,index_models-1,
https://www.onsemi.com/download/models/lib/mm3z9v1t1g.lib,,,downloaded,1206,a4ef57051a46e0ec6450e34713e8c2f15db335a91eec82b5dfce83646d2a594d,2026-09-19,6,2026-09-20,index_models-1,
https://www.onsemi.com/download/models/lib/mm3zxxxt1g%20(spice%20model).lib,,,downloaded,35711,84e70e932882db54f7f52ec9ee41d3869d701a5d196266cd41751d996acf5d10,2026-09-19,228,2026-09-20,index_models-1,
https://www.onsemi.com/download/models/lib/mm5z12vt1.lib,,,downloaded,1194,8f60626cd5f6849ba533ba4fc894ddf7ae1bdcdde1aee382ffbff5be73616405,2026-09-19,6,2026-09-20,index_models-1,
https://www.onsemi.com/download/models/lib/mm5z13vt1.lib,,,downloaded,1194,4a120fe6b273c4961038dfceb0b8c126391ef3675ea7e93c033b433083d51476,2026-09-19,6,2026-09-20,index_models-1,
https://www.onsemi.com/download/models/lib/mm5z15vt1(spice%20model).lib,,,downloaded,758,f45cc36f46dab347c89fa25ea939c10cc72e559744b32c0a3eafed1b7094cb44,2026-09-19,4,2026-09-20,index_models-1,
https://www.onsemi.com/download/models/lib/mm5z16vt1.lib,,,downloaded,1175,7eeebde7646dc95c931a7c46f1d1693baa59edb07e5ccb4a393fd08eb197900a,2026-09-19,6,2026-09-20,index_models-1,
https://www.onsemi.com/download/models/lib/mm5z20vt1.lib,,,downloaded,1191,2884365f66f35545eecfdbd07f95f7f7695d9c07e2a0694af3787df142b230ef,2026-09-19,6,2026-09-20,index_models-1,
https://www.onsemi.com/download/models/lib/mm5z22vt1.lib,,,downloaded,1192,5485f95f8be257ee9d033c04edf28d319efbee1a8ba51817ca32ec85ee096371,2026-09-19,6,2026-09-20,index_models-1,
https://www.onsemi.com/download/models/lib/mm5z24vt1.lib,,,downloaded,1187,64f790dfdd4d67b5366256d04ef5daaad3510277091c519ced5700ac0b7855d4,2026-09-19,6,2026-09-20,index_models-1,
https://www.onsemi.com/download/models/lib/mm5z2v4st1.lib,,,downloaded,1190,dbdf392773f94b9de4a2499eb6b93bff79b81a72c054658e44af049222543a90,2026-09-19,6,2026-09-20,index_models-1,
https://www.onsemi.com/download/models/lib/mm5z2v4t1.lib,,,downloaded,1189,7a6f66d3e3ebca5dfe8bbf3279cd01574d4d391743af89016d8fadbf203af77d,2026-09-19,6,2026-09-20,index_models-1,
https://www.onsemi.com/download/models/lib/mm5z2v7t1.lib,,,downloaded,1187,5c04ad11b5b1a9e45af689d52210560249aa45272bdb164661be3a46d8d4d20a,2026-09-19,6,2026-09-20,index_models-1,
https://www.onsemi.com/download/models/lib/mm5z30vt1.lib,,,downloaded,1171,8fbbe304cf6cbe26bf915c4dd9b16bc90f76014cdc6e21c1ee41a1748d52bf41,2026-09-19,6,2026-09-20,index_models-1,
https://www.onsemi.com/download/models/lib/mm5z33vt1.lib,,,downloaded,1171,c574038b4c6a66931f820fc93c0b1f0ad4ea3619253d07adc8723bb9181b001e,2026-09-19,6,2026-09-20,index_models-1,
https://www.onsemi.com/download/models/lib/mm5z39vt1.lib,,,downloaded,1171,1853ec1b622625da11a5c9c65d71182bab6f6fa5c1e46f976b1e0c054b8e7859,2026-09-19,6,2026-09-20,index_models-1,
https://www.onsemi.com/download/models/lib/mm5z3v0t1.lib,,,downloaded,1188,b27c5dbaecd6569efb9b1e07edb579bdad3c9013bd7d5b3d1f9f56e96da84ffb,2026-09-19,6,2026-09-20,index_models-1,
https://www.onsemi.com/download/models/lib/mm5z3v3st1.lib,,,downloaded,1188,7d1436f71e152bf691f6e66b55a1686589ddbe9e01797d123d964ff80eecb2a0,2026-09-19,6,2026-09-20,index_models-1,
https://www.onsemi.com/download/models/lib/mm5z3v3t1.lib,,,downloaded,1186,18adf15ad8500e7ef85ff0091d46c2654ebabf231936603705e4480f3eac048f,2026-09-19,6,2026-09-20,index_models-1,
https://www.onsemi.com/download/models/lib/mm5z3v6st1.lib,,,downloaded,1187,fea967fa9fc5cf27ae4ac69cd3e9132132f83f3c177639cd17ceebf63ec83e19,2026-09-19,6,2026-09-20,index_models-1,
https://www.onsemi.com/download/models/lib/mm5z3v9t1.lib,,,downloaded,1188,d5c8c57aa3e9675290486b9eb7d8cfac2ec77174acf2ce385938cc08f2a2bc61,2026-09-19,6,2026-09-20,index_models-1,
https://www.onsemi.com/download/models/lib/mm5z43v.lib,,,downloaded,764,1a1d431b6265121018040919bd735a961f73223a6d0c6dc799b957fe4760f1cf,2026-09-19,6,2026-09-20,index_models-1,
https://www.onsemi.com/download/models/lib/mm5z43vt1.lib,,,downloaded,1188,edb5ae014e40eedd8ed77682f70ec68ce9e18c6c863d6b3ecf7bfabbff51fcee,2026-09-19,6,2026-09-20,index_models-1,
https://www.onsemi.com/download/models/lib/mm5z47vt1.lib,,,downloaded,1172,535aa7e83cac1344d9e7b108378d8676603e7d283d75de50e8ba162c653aaf75,2026-09-19,6,2026-09-20,index_models-1,
https://www.onsemi.com/download/models/lib/mm5z4v3st1.lib,,,downloaded,1187,07a770419bc002cdb2ea35a2f008afc1da0fdaf3211d5ff2d1968b6f4f9328da,2026-09-19,6,2026-09-20,index_models-1,
https://www.onsemi.com/download/models/lib/mm5z4v3t1.lib,,,downloaded,1188,33221b01b92692c813cebf8d26caf0722e539cce798e9aa11e2fcdff0d899bc6,2026-09-19,6,2026-09-20,index_models-1,
https://www.onsemi.com/download/models/lib/mm5z4v7st1.lib,,,downloaded,1189,8efee382cfa350df2cf0a5335c8af97ae5e0527abda18a9393a2087f68e92bfa,2026-09-19,6,2026-09-20,index_models-1,
https://www.onsemi.com/download/models/lib/mm5z4v7t1.lib,,,downloaded,1186,f3f39f650799b396b0887091c776dfe8598b379e77cd12a7aea745dbb64ae5d3,2026-09-19,6,2026-09-20,index_models-1,
https://www.onsemi.com/download/models/lib/mm5z51v.lib,,,downloaded,764,f915ab87e0a4853b67ea2a5e4e6f6fe8ff79ca7b9e0d5c14a210b65416623dad,2026-09-19,6,2026-09-20,index_models-1,
https://www.onsemi.com/download/models/lib/mm5z56v.lib,,,downloaded,764,5fc544d0a4c179e368c7e1c1e9cfa82653b43dd52303490131b080f6765789dc,2026-09-19,6,2026-09-20,index_models-1,
https://www.onsemi.com/download/models/lib/mm5z5v1st1.lib,,,downloaded,1186,215a9c7944646674adfea47c5cab00d7d7fe12e0cb05526c35237340ac169c40,2026-09-19,6,2026-09-20,index_models-1,
https://www.onsemi.com/download/models/lib/mm5z5v1t1.lib,,,downloaded,1186,cccbd02bc24e087ce2f20b4b88b8286960822dc43de212810aa71bbba3ecf3ec,2026-09-19,6,2026-09-20,index_models-1,
https://www.onsemi.com/download/models/lib/mm5z5v6t1.lib,,,downloaded,1188,b5d16af4edb999153dd7db9d9c1348f86cc2bddc25338ada2d0a44e2454c5291,2026-09-19,6,2026-09-20,index_models-1,
https://www.onsemi.com/download/models/lib/mm5z62v.lib,,,downloaded,745,f1d1e89667212c111d303b1626fb76f1fda22afb7d99a943e285fe0a4d5bd048,2026-09-19,6,2026-09-20,index_models-1,
https://www.onsemi.com/download/models/lib/mm5z62vt1.lib,,,downloaded,1188,edd4c53f13251529ea3eee877371f36fe10ed63dc37259c0da46fb97036f399c,2026-09-19,6,2026-09-20,index_models-1,
https://www.onsemi.com/download/models/lib/mm5z68v.lib,,,downloaded,764,aaea377a4534f475b05a07cf4f42982006cd4eb277d85d802c35e4e6251b7869,2026-09-19,6,2026-09-20,index_models-1,
https://www.onsemi.com/download/models/lib/mm5z6v2st1.lib,,,downloaded,1189,99bf0b83ca3bffc09cbeaf0f5b10eb71ba6029156f9aad2f9123ff70b1229e8d,2026-09-19,6,2026-09-20,index_models-1,
https://www.onsemi.com/download/models/lib/mm5z6v2t1.lib,,,downloaded,1186,44b7d7ee97f841918e5db8f83158553cabcb7af8f6e61c982abaf6b2f53eb795,2026-09-19,6,2026-09-20,index_models-1,
https://www.onsemi.com/download/models/lib/mm5z6v8st1.lib,,,downloaded,1197,449388b6b40db474d366a1041050ced6931531809ccfc0835ada62e16e13babb,2026-09-19,6,2026-09-20,index_models-1,
https://www.onsemi.com/download/models/lib/mm5z6v8t1.lib,,,downloaded,1195,e19552907fa751689512abc059c4ec71dec7f659ebcd59559bf43a6abeaa114b,2026-09-19,6,2026-09-20,index_models-1,
https://www.onsemi.com/download/models/lib/mm5z75v.lib,,,downloaded,764,92b1aa03ac2ae36e5ea8c5e9585a6eef5d739e1915d8becf540923ff72d2c2d3,2026-09-19,6,2026-09-20,index_models-1,
https://www.onsemi.com/download/models/lib/mm5z75vt1.lib,,,downloaded,1189,65d31476682f81c52cdfe4293f29168ea9aefcf72e7c353ae265befb8ac19134,2026-09-19,6,2026-09-20,index_models-1,
https://www.onsemi.com/download/models/lib/mm5z7v5st1.lib,,,downloaded,1199,8c0389f3b73263078d7c7b27acd5a6441d4b60c78d13b4a40eb92c3830a543bd,2026-09-19,6,2026-09-20,index_models-1,
https://www.onsemi.com/download/models/lib/mm5z8v2st1.lib,,,downloaded,1196,4dbcf08db01fa8daa83d5816e904af7cc3576a37cd59f895b58a0481039e6a82,2026-09-19,6,2026-09-20,index_models-1,
https://www.onsemi.com/download/models/lib/mm5z8v2t1.lib,,,downloaded,1193,626a8cc8d05f208c3e01ef3c6a77a990c2cd396e0a9ee71a5a6e1bcaa8317e25,2026-09-19,6,2026-09-20,index_models-1,
https://www.onsemi.com/download/models/lib/mm5z9v1st1.lib,,,downloaded,1189,abf599809fdba3369595d2a36456374dd1f43cc4134b0f4cd6302aeffaa65e16,2026-09-19,6,2026-09-20,index_models-1,
https://www.onsemi.com/download/models/lib/mmbd101lt1g%20(pspice%20model).lib,,,downloaded,580,2ab48bd5ce85a1e5833687c3f28a954a001e020d3699144a000d533700670fb0,2026-09-19,1,2026-09-20,index_models-1,
https://www.onsemi.com/download/models/lib/mmbd1705a.lib,,,downloaded,554,23139e508f2ec69fc4c89c96f5558e48e0c65630d0838c4743d890333e103096,2026-09-19,2,2026-09-20,index_models-1,
https://www.onsemi.com/download/models/lib/mmbd2835lt1g.lib,,,downloaded,676,eeee4c063492432b2f3f9eaa253da97fb8c1017d836728da8be9f4ab700c61d3,2026-09-19,1,2026-09-20,index_models-1,
https://www.onsemi.com/download/models/lib/mmbd2838lt1.lib,,,downloaded,666,600cfc1b7b04ccefa2db2051af4118993cd9fb509e5e8a4bed28f6920e06792e,2026-09-19,1,2026-09-20,index_models-1,
https://www.onsemi.com/download/models/lib/mmbd301lt1g.lib,,,downloaded,657,52dfeb09b9ad5c9dae93ffdfd1a04fa5a4d3bbe39a0cebbc7c0e9b94c1e715de,2026-09-19,1,2026-09-20,index_models-1,
https://www.onsemi.com/download/models/lib/mmbd330t1g%20(spice%20model).lib,,,downloaded,546,1eb3b7b2176ff91bcdaf6b075ee452b4cc1fe895f3840cdc7af7ae898f07f0eb,2026-09-19,1,2026-09-20,index_models-1,
https://www.onsemi.com/download/models/lib/mmbd353lt1.lib,,,downloaded,632,426fcd7ca19ba30d3762b4b58c470095750b8d42a0f9932f887a3ee9e981eeb2,2026-09-19,1,2026-09-20,index_models-1,
https://www.onsemi.com/download/models/lib/mmbd4148se.lib,,,downloaded,714,a31a14b89e45556eecaa2718f2ee229b6c6344db06c01e9b287e9e4e8110d394,2026-09-19,2,2026-09-20,index_models-1,
https://www.onsemi.com/download/models/lib/mmbd770t1g.lib,,,downloaded,655,65b38d2f4b3a5205f8c6274cc7bf0842c94c3708eb1020c082acb44cda8fe1ac,2026-09-19,1,2026-09-20,index_models-1,
https://www.onsemi.com/download/models/lib/mmbd914lt1.lib,,,downloaded,676,1fac0a6eec525e02fca27c5ed010c3a0fcc2c8e71fdbffad4141c5a5f104bd6b,2026-09-19,1,2026-09-20,index_models-1,
https://www.onsemi.com/download/models/lib/mmbf170lt1.lib,,MMBF170,downloaded,1635,4ed394d0401f9bcc6cfc46130f49f1f2c4e2e8d81a43295b969dc87f0dc959f0,2026-09-19,6,2026-09-20,index_models-1,
https://www.onsemi.com/download/models/lib/mmbf4091.lib,,,downloaded,533,db8135d5bba55151222c57eb933966cd14c8cf9033fc8e97a6fe69377d177d9f,2026-09-19,1,2026-09-20,index_models-1,
https://www.onsemi.com/download/models/lib/mmbf4092.lib,,,downloaded,534,19cddbe58d8f852193a607f83a15fabbd5409c10e9f1f012fb2de6fed1258de6,2026-09-19,1,2026-09-20,index_models-1,
https://www.onsemi.com/download/models/lib/mmbf4093.lib,,,downloaded,534,4ecc56a5481491162ce4f252c9a6ea3a8a9f42360c3350b006490e51711dc47c,2026-09-19,1,2026-09-20,index_models-1,
https://www.onsemi.com/download/models/lib/mmbf4117.lib,,,downloaded,529,c6e61cd1b62e7f66daf82838a9c73374f1dc7bc032b4d56e683766b98dce8e4f,2026-09-19,1,2026-09-20,index_models-1,
https://www.onsemi.com/download/models/lib/mmbf4391.lib,,MMBF4391,downloaded,654,32c1548f032670708c8e567aa14ecb542483b0922051bc9eb924bd677da813f4,2026-09-19,1,2026-09-20,index_models-1,
https://www.onsemi.com/download/models/lib/mmbf4393lt1.lib,,,downloaded,688,e90bd026815cc48339a1ac565f6cd16883d631623ab2f0cfbb77ee058ba459d8,2026-09-19,1,2026-09-20,index_models-1,
https://www.onsemi.com/download/models/lib/mmbf4416.lib,,,downloaded,665,329cad2d6ab9f092352b48c0f213019c5aa9a8b19e0ceb68fd7a7946bd96d32a,2026-09-14,1,2026-09-20,index_models-1,
https://www.onsemi.com/download/models/lib/mmbf4416lt1.lib,,,downloaded,679,32ef5c55b621a9a6e040851309a577a2553528ade38b636fe83c443a646f5c1b,2026-09-19,1,2026-09-20,index_models-1,
https://www.onsemi.com/download/models/lib/mmbf5103.lib,,,downloaded,514,8d146d987e158b6d7b468e545c7dd5a1d5f3ca4680838b24ddeeb30b62474d21,2026-09-19,1,2026-09-20,index_models-1,
https://www.onsemi.com/download/models/lib/mmbf5460.lib,,,downloaded,601,3aa8ca10bc9d34b85b921002135af938d7f8459c121e09072e7856047ca2a08d,2026-09-19,1,2026-09-20,index_models-1,
https://www.onsemi.com/download/models/lib/mmbf5461.lib,,,downloaded,601,c7fdc2d210eb9e374e9ad0fca2a79eef5301f8e6b7c160f816ee75905183b891,2026-09-19,1,2026-09-20,index_models-1,
https://www.onsemi.com/download/models/lib/mmbf5462.lib,,,downloaded,601,3f3049c3272cb9b6df0ab0f668a63fccf87e376fb730d9f8e6c5106cfc68df4f,2026-09-19,1,2026-09-20,index_models-1,
https://www.onsemi.com/download/models/lib/mmbf5484lt1.lib,,,downloaded,653,2e7cded40eff67193a40bbd7b8c488c4d45fe294614c5c81795691ae200a77bd,2026-09-19,1,2026-09-20,index_models-1,
https://www.onsemi.com/download/models/lib/mmbf5486(pspice%20model).lib,,,downloaded,660,f2a9fb6eb3ca90b4e6687d50ac7b8002dec13355c066e2683f944bfa1c4ed607,2026-09-19,1,2026-09-20,index_models-1,
https://www.onsemi.com/download/models/lib/mmbfj111_mmbfj112_mmbfj113%20(pspice%20model).lib,,,downloaded,1609,6a8f76d5ab85a55290e002e0524bb62e0b781e14a23e7e2e10396d3294eb829d,2026-09-19,3,2026-09-20,index_models-1,
https://www.onsemi.com/download/models/lib/mmbfj175lt1.lib,,,downloaded,662,e410bb321278fe805918c41fb8db4aecd04d453a48a9cb214d4e32f0a915792e,2026-09-19,1,2026-09-20,index_models-1,
https://www.onsemi.com/download/models/lib/mmbfj177lt1g_lib.lib,,,downloaded,679,fb824e32003cdb00239fb0e6545851bebf3e347f0d89fb49affb11f55d130fa9,2026-09-19,1,2026-09-20,index_models-1,
https://www.onsemi.com/download/models/lib/mmbfj201%20(spice%20model).lib,,,downloaded,687,b2e67a7f7a7a8140d2a2eeea7b5742ba24c32b651572d071d1ef94397f68dd56,2026-09-19,1,2026-09-20,index_models-1,
https://www.onsemi.com/download/models/lib/mmbfj201.lib,,,downloaded,588,6981cd5a66dcd919f01657c50585bc23eb8e41623611307232caa542fd092fd2,2026-09-14,1,2026-09-20,index_models-1,
https://www.onsemi.com/download/models/lib/mmbfj202%20(spice%20model).lib,,,downloaded,660,d0eb23d5f580339fab319b6bcaed5ccd3f9eaf03ee031dc507e2dbb8c0531862,2026-09-19,1,2026-09-20,index_models-1,
https://www.onsemi.com/download/models/lib/mmbfj270(pspice%20model).lib,,,downloaded,611,938d537e89bbe962322093c7913c52ff3f3d247281742bd8b3bd55caf6536f9c,2026-09-19,1,2026-09-20,index_models-1,
https://www.onsemi.com/download/models/lib/mmbfj309lt1.lib,,,downloaded,656,c724ab91963eb279cc5f34ac28b47254c0b84cd4a271e379ca1f00beb7c5dab9,2026-09-19,1,2026-09-20,index_models-1,
https://www.onsemi.com/download/models/lib/mmbfj310.lib,,,downloaded,645,16c9efccf79c4574a675f2210b9496ae8e6f32388bfd374f58b2f1a81135ec46,2026-09-14,1,2026-09-20,index_models-1,
https://www.onsemi.com/download/models/lib/mmbt100.lib,,,downloaded,797,5ba54c5057f93c996cf6ba97864be137791104a548089a74f3c3c3fd27a45638,2026-09-19,1,2026-09-20,index_models-1,
https://www.onsemi.com/download/models/lib/mmbt2222a.lib,,,downloaded,1240,17e5418ed2608a2b158facf30e3dc2a4d187d5a6aa23e51bdb41d24cc82a363b,2026-09-14,1,2026-09-20,index_models-1,
https://www.onsemi.com/download/models/lib/mmbt2222alt1.lib,,,downloaded,1006,c871fadcc42fedc0e7a811745ad96f36cafd5e425c83442f24bb87d2f41716e3,2026-09-19,1,2026-09-20,index_models-1,
https://www.onsemi.com/download/models/lib/mmbt2222att.lib,,,downloaded,992,73ed75eceb333a895cccb97737572052917692d50e25265511e7612efccc2dd6,2026-09-19,1,2026-09-20,index_models-1,
https://www.onsemi.com/download/models/lib/mmbt2369.lib,,,downloaded,815,dd6d2b9cba22336a3c012452855f9870a46bff896eace4eba5552500141a0177,2026-09-19,1,2026-09-20,index_models-1,
https://www.onsemi.com/download/models/lib/mmbt2907a.lib,,,downloaded,784,7594a7074432da2b001eff9fceba3287c3b43ab0fece304169a3ca9efb98255a,2026-09-14,1,2026-09-20,index_models-1,
https://www.onsemi.com/download/models/lib/mmbt2907alt1.lib,,,downloaded,946,f7949e153b4614b1aba21eb8458b9cfad5bff271408bb4724cb33a51db9e7d73,2026-09-19,1,2026-09-20,index_models-1,
https://www.onsemi.com/download/models/lib/mmbt2907am3t5g.lib,,,downloaded,965,81fa491928670a2a726a1b279f96088952647cc00941a0ad121b8943f2d03ece,2026-09-19,1,2026-09-20,index_models-1,
https://www.onsemi.com/download/models/lib/mmbt2907awt1g.lib.lib,,,downloaded,985,645b37045ca78afe258668e141ea9d37bcc73f4e979927ed96ab8ca28f8f7910,2026-09-19,1,2026-09-20,index_models-1,
https://www.onsemi.com/download/models/lib/mmbt3904.lib,,MMBT3904,downloaded,1187,b9e1ef9492f37fd7ad3afeb01b8d101dfe9899db20c1f32ebcf9f18f026f862f,2026-09-14,,,,
https://www.onsemi.com/download/models/lib/mmbt3904lt1.lib,,,downloaded,979,54d73dc1f1a992206f89873105f3ac4fc2e9a631353fbc138867f3087fc4c1e8,2026-09-19,1,2026-09-20,index_models-1,
https://www.onsemi.com/download/models/lib/mmbt3904sl.lib,,,downloaded,1340,a03bdeb53a27ec760b700b92bc56c0e6ff19cbd33c21703e7649023184f874a6,2026-09-19,1,2026-09-20,index_models-1,
https://www.onsemi.com/download/models/lib/mmbt3904tt1.lib,,,downloaded,979,b99b4b2e5751bebb8af4afa591192940eb7c245c0999b9f97201c0b5e9d74c9c,2026-09-19,1,2026-09-20,index_models-1,
https://www.onsemi.com/download/models/lib/mmbt3906.lib,,,downloaded,1301,f365f07ae7a2d4cc5631e871b3011a31ad519fca764b0f2eb9ecc7888e25f17f,2026-09-14,1,2026-09-20,index_models-1,
https://www.onsemi.com/download/models/lib/mmbt3906sl.lib,,,downloaded,1299,2463fa59b05c297152f2a709550e6b06458c3c81c0c78c8fe907171db583d72f,2026-09-19,1,2026-09-20,index_models-1,
https://www.onsemi.com/download/models/lib/mmbt3906tt1.lib,,,downloaded,973,bcf1a4a1da31cbdc187fd56e51f20a4d12a2673a92b01867b7b46de0cc5b75d9,2026-09-19,1,2026-09-20,index_models-1,
https://www.onsemi.com/download/models/lib/mmbt4401lt1.lib,,,downloaded,1006,975c1390f9593ed524f4c4b7aef4e0fd24ef8787c14edd62d96777fa9be5375b,2026-09-19,1,2026-09-20,index_models-1,
https://www.onsemi.com/download/models/lib/mmbt4401m3t5g.lib,,,downloaded,996,be6acb18d2fab7c5e9602f50f6955150e2b0ec2571cf54a4cb49e8422ab1cd2e,2026-09-19,1,2026-09-20,index_models-1,
https://www.onsemi.com/download/models/lib/mmbt4403.lib,,,downloaded,799,4002f2e08cfee487f47a23f47222eb737ecf990bfefe639d04ac0c31ee57756f,2026-09-14,1,2026-09-20,index_models-1,
https://www.onsemi.com/download/models/lib/mmbt4403m3t5g.lib,,,downloaded,994,f496b30567043bee7bb262ec1f488a8bf7b6fd5be1c225a885f33e435046202b,2026-09-19,1,2026-09-20,index_models-1,
https://www.onsemi.com/download/models/lib/mmbt489lt1.lib,,,downloaded,977,4e241bdde322f21fe21fd9fbb9abd238ed0421c62da6c58f1abf683ef5a32ba8,2026-09-19,1,2026-09-20,index_models-1,
https://www.onsemi.com/download/models/lib/mmbt5087.lib,,,downloaded,951,6a87ecfe41fc5f4ba48581a01e5203c8867dc917c0580d22d92dbe0a198be01b,2026-09-14,1,2026-09-20,index_models-1,
https://www.onsemi.com/download/models/lib/mmbt5088l.lib,,,downloaded,986,e2abda189c1849086d204fcc021500bbe915900101bf9f1fdeaba02e53b9f39f,2026-09-19,1,2026-09-20,index_models-1,
https://www.onsemi.com/download/models/lib/mmbt5089l.lib,,,downloaded,983,f6ef38dc86901cb421902edd9f565fa7ef1eb29b4dbb77510803adc9b7940a5e,2026-09-19,1,2026-09-20,index_models-1,
https://www.onsemi.com/download/models/lib/mmbt5401lt1.lib,,,downloaded,992,50770a74b8f840a6e7d9ae47bc09364e5c9db2e72f3487a3784ff9800e2271fd,2026-09-19,1,2026-09-20,index_models-1,
https://www.onsemi.com/download/models/lib/mmbt5401m3t5g.lib,,,downloaded,972,4df1f712a2badfae7e2a450ca801abb969bd8b53bfaa46b144a3edd250120019,2026-09-19,1,2026-09-20,index_models-1,
https://www.onsemi.com/download/models/lib/mmbt5401wt1.lib,,,downloaded,992,dae5a70373cd4aac068a73bd57d5fece7e856dc0b53e19a4a40be8018f2007e6,2026-09-19,1,2026-09-20,index_models-1,
https://www.onsemi.com/download/models/lib/mmbt5550lt1g.lib.lib,,,downloaded,969,f1db44b645596f2dacdfd0f414c9321594cdd10471ca084083335c841cc9fa92,2026-09-19,1,2026-09-20,index_models-1,
https://www.onsemi.com/download/models/lib/mmbt5551.lib,,,downloaded,644,f344a300c96fae8f338e725f2278ce7c1e23aca40b407a1bd84e9c29f83fc543,2026-09-14,1,2026-09-20,index_models-1,
https://www.onsemi.com/download/models/lib/mmbt5551lt1.lib,,,downloaded,978,6c2ecc752bccb8ef92bfdd75836d340d2f50586da74e4550f1ac58316ebd7c42,2026-09-19,1,2026-09-20,index_models-1,
https://www.onsemi.com/download/models/lib/mmbt5551m3t5g.lib,,,downloaded,952,5105182f41b381d2fd10f766ca20cb1d03c7d11dd1e591dc31b451ab3c49b2cc,2026-09-19,1,2026-09-20,index_models-1,
https://www.onsemi.com/download/models/lib/mmbt6428.lib,,,downloaded,1232,c93ec7abd5310957cd5f4defa001b2e61748c49c8ab082453f2c3ab6abdb8611,2026-09-14,1,2026-09-20,index_models-1,
https://www.onsemi.com/download/models/lib/mmbt6428lt1g_rev0.lib.lib,,,downloaded,980,9b870ac6eb657a31efc3fcdf838f7ed4cbe9ded753d716f533fdd1d878dcb763,2026-09-19,1,2026-09-20,index_models-1,
https://www.onsemi.com/download/models/lib/mmbt6429lt1.rev0.lib,,,downloaded,1006,89bdf8b5c571181a938f36ccfd172f2d0e511b6383941f4908f0fc8c53077aa4,2026-09-19,1,2026-09-20,index_models-1,
https://www.onsemi.com/download/models/lib/mmbt6517l.lib,,,downloaded,963,fdc928f8f85ab690d7dcdb5eb29d6ddf37bf6d367291bd1fca34b84b7fe672bd,2026-09-19,1,2026-09-20,index_models-1,
https://www.onsemi.com/download/models/lib/mmbt918lt1g.lib.lib,,,downloaded,980,b83c6766ad4e0790df5fac38d03cebb7b4b67852370cd80f36bb2314acdb8a0f,2026-09-19,1,2026-09-20,index_models-1,
https://www.onsemi.com/download/models/lib/mmbt_2n5962.lib,,,downloaded,1359,75c04f1e5971d3654ebcc824f695d473aaa837931818893da82143fe306d8b42,2026-09-19,1,2026-09-20,index_models-1,
https://www.onsemi.com/download/models/lib/mmbta05lt1g.lib,,,downloaded,974,6fbda825ecf02de597ddaa535687854505451a8014b68f464b029595670ed80b,2026-09-19,1,2026-09-20,index_models-1,
https://www.onsemi.com/download/models/lib/mmbta06lt1.lib,,MMBTA06,downloaded,973,4617987ad8d2df0a9042d270cdd7f4c9776e0689125c97d64daf5e949f13449e,2026-09-19,1,2026-09-20,index_models-1,
https://www.onsemi.com/download/models/lib/mmbta14.lib,,,downloaded,1599,378fc15ef2b8f9de0ff4d86fdc400c2d01be16d1f40b8d09edb626603dbd2446,2026-09-14,4,2026-09-20,index_models-1,
https://www.onsemi.com/download/models/lib/mmbta14lt1.lib,,,downloaded,1690,7f5a4efac3d9508ea4032a44083cc9b5b4b8b24c4a858ed79cb35c673b6668ac,2026-09-19,4,2026-09-20,index_models-1,
https://www.onsemi.com/download/models/lib/mmbta42lt1.lib,,MMBTA42,downloaded,980,5ffb737aac31f1d3e876b9b28590c476d771e705957742d15b85c8716e2a6ef4,2026-09-19,1,2026-09-20,index_models-1,
https://www.onsemi.com/download/models/lib/mmbta56lt1.lib,,,downloaded,983,bc905e32908d7ea1605959973d9b12519cc84e80ecae23b5255e3d53e3135126,2026-09-19,1,2026-09-20,index_models-1,
https://www.onsemi.com/download/models/lib/mmbta56w.lib.lib,,,downloaded,960,6bb3b2e8dbc32db961282f994733df81b2244d63736ba35eb48c12d82d8502e0,2026-09-19,1,2026-09-20,index_models-1,
https://www.onsemi.com/download/models/lib/mmbta64lt1g.lib.lib,,,downloaded,1715,3c782be7d3fca0f280ad5c5575999b0d49b64f5411220ff33b775f4d6868b17d,2026-09-19,4,2026-09-20,index_models-1,
https://www.onsemi.com/download/models/lib/mmbta92.lib,,,downloaded,998,7bfb8598c2730d4df39f5fd3bc0a16a86ee36cd4635bfc95840cecd8dc60e10d,2026-09-14,1,2026-09-20,index_models-1,
https://www.onsemi.com/download/models/lib/mmbta92lt1.lib,,,downloaded,964,9eb1f7f88a2dadc7ede2fbdb4bcbe2827059c86abe350489a5586b081fc17e3a,2026-09-19,1,2026-09-20,index_models-1,
https://www.onsemi.com/download/models/lib/mmbth10.lib,,,downloaded,659,60d1bc34cd3cc206f6e0b249ef4dcc74e65f5014ef0be6ead8ad3eefa1bb47aa,2026-09-19,1,2026-09-20,index_models-1,
https://www.onsemi.com/download/models/lib/mmbth10m3t5g%20(spice%20model).lib,,,downloaded,914,db0f914c462496119fd4021ddae8bdabcbf397206ae54f5cd750edc8b3b56a5e,2026-09-19,1,2026-09-20,index_models-1,
https://www.onsemi.com/download/models/lib/mmbth11.lib,,,downloaded,1141,7309fe569c383c8faa9c4b491ca0f944e046c864caa0548b550656f0b40cfee9,2026-09-19,1,2026-09-20,index_models-1,
https://www.onsemi.com/download/models/lib/mmbth34.lib,,,downloaded,1151,f8c7d13c1c52b2a43752681b2e93b4b155d848637da26cd6ff9eac30c302413d,2026-09-19,1,2026-09-20,index_models-1,
https://www.onsemi.com/download/models/lib/mmbth81.lib,,,downloaded,883,5267df2cc389b441228f8191f2489841b95611a59ad610180254a400434ffa6d,2026-09-19,1,2026-09-20,index_models-1,
https://www.onsemi.com/download/models/lib/mmbz15vawt1g.lib,,,downloaded,981,f6eb4a227e11713dc348706dfd3a15ea52bb3b485b6314780c240d4166da2b29,2026-09-19,5,2026-09-20,index_models-1,
https://www.onsemi.com/download/models/lib/mmbz20valt1.lib,,,downloaded,958,c0027d585e6686d2a47c002ed4fbf9a17d9dece783a15940d1e0ace824ca2ac1,2026-09-19,5,2026-09-20,index_models-1,
https://www.onsemi.com/download/models/lib/mmbz20vawt1g.lib,,,downloaded,978,e641d0bd823ab7f2efa1d221c80545aaa1a19cc9cff0a9278f053b02a1cf3213,2026-09-19,5,2026-09-20,index_models-1,
https://www.onsemi.com/download/models/lib/mmbz27valt1.lib,,,downloaded,1056,b86d8eca3f4938b705977677315149d5ad645651c9bf9546c93f5ccec9a754b6,2026-09-19,6,2026-09-20,index_models-1,
https://www.onsemi.com/download/models/lib/mmbz27vawt1g.lib,,,downloaded,977,aa2ee2ec69ca75c0edcd80005ffc2f63812215d8bb9a939d8b7f38879f1ca742,2026-09-19,5,2026-09-20,index_models-1,
https://www.onsemi.com/download/models/lib/mmbz27vclt1%20spice%20model.lib,,,downloaded,892,153591d633411fced493e1a2e7df167b34d6f6759cf4a32496d590e827642919,2026-09-19,6,2026-09-20,index_models-1,
https://www.onsemi.com/download/models/lib/mmbz33vawt1g.lib,,,downloaded,981,d51981b1efe80f74bd34c678074bd1d9befb0dcc56ef7e7ec3f875c8bfb408eb,2026-09-19,5,2026-09-20,index_models-1,
https://www.onsemi.com/download/models/lib/mmbz47v-m5.lib,,,downloaded,1081,fc9759778e32ac63b532061f382313f6d2a220859c74a4ff13b1cd70f780f7d4,2026-09-19,6,2026-09-20,index_models-1,
https://www.onsemi.com/download/models/lib/mmbz47vta-p2.lib,,,downloaded,1087,ea2cae3775dd333db1757043ecd574aba4e4008018960c8e66dd89c94efb956d,2026-09-19,6,2026-09-20,index_models-1,
https://www.onsemi.com/download/models/lib/mmbz5221blt1g.lib,,,downloaded,1210,793b6ff9925394dc87ec059dfbe90972c3d02080e9b3942ec745fdc0110df7e3,2026-09-19,6,2026-09-20,index_models-1,
https://www.onsemi.com/download/models/lib/mmbz5226blt1g.lib.lib,,,downloaded,1213,984a1cf2bc9e64d4b167c627c55698e2b55e87bfa64ea4184019a9190d36533d,2026-09-19,6,2026-09-20,index_models-1,
https://www.onsemi.com/download/models/lib/mmbz5231bl-lib.lib,,,downloaded,1163,aa2163da863fb4413d272de226bcabb0824b3c32f0994e455df87deff0c1debb,2026-09-19,6,2026-09-20,index_models-1,
https://www.onsemi.com/download/models/lib/mmbz5232bl.lib,,,downloaded,1199,4340e6b0073bae3b647704a185ea8227dff3404ea258232800afc087fcb38f7d,2026-09-19,6,2026-09-20,index_models-1,
https://www.onsemi.com/download/models/lib/mmbz5235bl.lib,,,downloaded,1190,a77b07b85b3bd917460a87eb109d409adb2d48268b42248266eb08c420a1232d,2026-09-19,6,2026-09-20,index_models-1,
https://www.onsemi.com/download/models/lib/mmbz5237b%20(spice%20model).lib,,,downloaded,794,ab2ac2160cf197adfe46e127d6a4a7340c080fe4ab82126708e31e13ee149ff9,2026-09-19,6,2026-09-20,index_models-1,
https://www.onsemi.com/download/models/lib/mmbz5242elt1g.lib,,,downloaded,1212,9e5acc213d50a0b452188509ceab102f3ae3c87afd475f42fb98f4cec8a31e6a,2026-09-19,6,2026-09-20,index_models-1,
https://www.onsemi.com/download/models/lib/mmbz5245bl.lib,,,downloaded,1174,ac41a873d14993a299cf1e068e22cce2a1dbc06024df59c144d004d6d227398f,2026-09-19,6,2026-09-20,index_models-1,
https://www.onsemi.com/download/models/lib/mmbz5248bl.lib,,,downloaded,1173,d8b494d95cdf56585e236578186e4085a8865268cd58e595b81630247544f715,2026-09-19,6,2026-09-20,index_models-1,
https://www.onsemi.com/download/models/lib/mmbz5249blt1%20(spice%20model).lib,,,downloaded,807,2f6b32779b295af027fd3a7b75e9d1737a05745c524d3ace008bdc8534debbde,2026-09-19,6,2026-09-20,index_models-1,
https://www.onsemi.com/download/models/lib/mmbz5252bl.lib,,,downloaded,1200,76b3565f8a80d7bc2718f7681c59c3d8b9847c851e97a6156b5d050e1f77e35f,2026-09-19,6,2026-09-20,index_models-1,
https://www.onsemi.com/download/models/lib/mmbz5254bl.lib,,,downloaded,1193,9dd234f403ae26bda7f2b04694818c99c4450fe210e09e2897255e194c8ab894,2026-09-19,6,2026-09-20,index_models-1,
https://www.onsemi.com/download/models/lib/mmbz5257bl.lib,,,downloaded,1202,bdccbbe47ce49ead0ebbff3333b53e77fcc17aba08ade3b6334c169605174881,2026-09-19,6,2026-09-20,index_models-1,
https://www.onsemi.com/download/models/lib/mmbz5v6alt1.lib,,,downloaded,1065,328ed2dde241f57cfc5d9f404e4b0b81b84f18f8cf68500f443552ef3c18c885,2026-09-19,6,2026-09-20,index_models-1,
https://www.onsemi.com/download/models/lib/mmbz6v8alt1g.lib,,,downloaded,978,0095f6b606d05de4188887b6a404105cfa474477561f7af80472389ee7cab530,2026-09-19,5,2026-09-20,index_models-1,
https://www.onsemi.com/download/models/lib/mmbzh12vawt1g.lib,,,downloaded,983,f9f405ea260488e4d531bf094569991e1eb7e202aefafbfa8fbb7008b158b044,2026-09-19,5,2026-09-20,index_models-1,
https://www.onsemi.com/download/models/lib/mmg05n60d.lib,,,downloaded,1751,c207ae2814c0bbb97f33efc3380ad81f09886fbe2a68f1ea4b1911b39b19f51a,2026-09-19,5,2026-09-20,index_models-1,
https://www.onsemi.com/download/models/lib/mmjt350t1.lib,,,downloaded,934,50ee9679f32c7136d4c8b4ea7fa4e49ec16d9894ad6d60b9d9a0702f4e00076e,2026-09-19,1,2026-09-20,index_models-1,
https://www.onsemi.com/download/models/lib/mmjt9410t1.lib,,,downloaded,984,4148fd45f25e6b32643841b50799185541dcab6e450ec9cdcb7e015244889104,2026-09-19,1,2026-09-20,index_models-1,
https://www.onsemi.com/download/models/lib/mmjt9435.lib,,,downloaded,988,d431a858291150df827a5bc453bcadf2426b3b1c2e94005de9c9cfe710662d83,2026-09-19,1,2026-09-20,index_models-1,
https://www.onsemi.com/download/models/lib/mmqa15vt1.lib,,,downloaded,936,0cd45399baa8618c0f6193872ba7c37abf97954c6746f72e03580fc18bce57a9,2026-09-19,5,2026-09-20,index_models-1,
https://www.onsemi.com/download/models/lib/mmqa20vt1.lib,,,downloaded,1184,99c5bbb0d60d7e150790116010d6b565c46400a9d34cae453d1a56e7e27c6d31,2026-09-19,6,2026-09-20,index_models-1,
https://www.onsemi.com/download/models/lib/mmqa5v6t1.lib,,,downloaded,938,2ecb1e70d663655cb04206427fcbad57cc7a65f58995c117a89788fd12629e14,2026-09-19,5,2026-09-20,index_models-1,
https://www.onsemi.com/download/models/lib/mmqa6v2.lib,,,downloaded,934,a2a3b911ad427b32d4d3cc47c89bb374e6eb53edf326cc1c8e4aeceb89fc4395,2026-09-19,5,2026-09-20,index_models-1,
https://www.onsemi.com/download/models/lib/mmsd103t1%20(spice%20model).lib,,,downloaded,607,5e464b9dec8496ae4b7b86b82cc8a77a8d8e20879ab85f6535f838fc9193d1db,2026-09-19,1,2026-09-20,index_models-1,
https://www.onsemi.com/download/models/lib/mmsd301t1.lib,,,downloaded,666,0e26ff6888e9da914d1720d73692840dba4667a8a23906a86c2528ea0e0ffbcc,2026-09-19,1,2026-09-20,index_models-1,
https://www.onsemi.com/download/models/lib/mmsd4148t1.lib,,,downloaded,671,7f3d1d94077b88d8c982ba1a766b9f51e969186ef612e1f82dc4e80321db2cb3,2026-09-19,1,2026-09-20,index_models-1,
https://www.onsemi.com/download/models/lib/mmsz10t1.lib,,,downloaded,1185,049837b75b6e459d9bdc32963b9341f5bdff588aa14be62a2d49dbe6fecd7191,2026-09-19,6,2026-09-20,index_models-1,
https://www.onsemi.com/download/models/lib/mmsz12t3g.lib,,,downloaded,1182,0c063e8b9dc86462d09df2bf5309cffc1fef32041c934a1797fae38184c4802d,2026-09-19,6,2026-09-20,index_models-1,
https://www.onsemi.com/download/models/lib/mmsz3v3t1.rev0.lib,,,downloaded,1186,b1c0c17061009c54dcf9e00a43cc01ae3cafeddbdfbc1ef54122bd70767031e0,2026-09-19,6,2026-09-20,index_models-1,
https://www.onsemi.com/download/models/lib/mmsz4678t1g.lib,,,downloaded,1184,1e6c5374ed216b3a4584d884756a95f7fac2de590e97e54cc04016811aae797b,2026-09-19,6,2026-09-20,index_models-1,
https://www.onsemi.com/download/models/lib/mmsz4679t1g.lib,,,downloaded,1172,0df67e591e38de37b0dd6a018dc5d48dc91c69c06b722113566a627562eaca29,2026-09-19,6,2026-09-20,index_models-1,
https://www.onsemi.com/download/models/lib/mmsz4681t1g.lib,,,downloaded,1186,ece4455f9c0d3c3077ec5aafc2574c0d07f98b2d9e637d1bb1f0b19ec6dc7add,2026-09-19,6,2026-09-20,index_models-1,
https://www.onsemi.com/download/models/lib/mmsz4683t1g.lib,,,downloaded,1187,2f8e5dc63d79d2f31992c27cea7c662999df0ec3826f00c878a27597897c2208,2026-09-19,6,2026-09-20,index_models-1,
https://www.onsemi.com/download/models/lib/mmsz4688t1.lib,,,downloaded,1204,0d5b887c9ba3c6fdb0ef7df5025a981766e4d6257e1c3f6da7ae647fd5a3655b,2026-09-19,6,2026-09-20,index_models-1,
https://www.onsemi.com/download/models/lib/mmsz4689t1.lib,,,downloaded,1175,1cd7058efa0874c08f165ff024b069b04a1f55b8a7a047e7076c33c3eede0c4d,2026-09-19,6,2026-09-20,index_models-1,
https://www.onsemi.com/download/models/lib/mmsz4690t1.lib,,,downloaded,1182,f341f3bd01a38c0792d9f4ef6598ebed1e1a1ce769a339b14635c05e198e4a70,2026-09-19,6,2026-09-20,index_models-1,
https://www.onsemi.com/download/models/lib/mmsz4691t1.lib,,,downloaded,1191,61a0a815b1407158c6573307848e52b580daee38643c21387ae7d7fedca9341c,2026-09-19,6,2026-09-20,index_models-1,
https://www.onsemi.com/download/models/lib/mmsz4692.lib,,,downloaded,1191,9b403463bb5cbc7aba89d812a7fb4df7e67278eb6865466c47a1ef1c75aeb2c5,2026-09-19,6,2026-09-20,index_models-1,
https://www.onsemi.com/download/models/lib/mmsz4693t1.lib.lib,,,downloaded,1209,9f2c7b1fb903d20ec3eef40d2c693b93404397eb266474b512d11fd43191f0ea,2026-09-19,6,2026-09-20,index_models-1,
https://www.onsemi.com/download/models/lib/mmsz4696t1g.lib,,,downloaded,1190,efd53c849450600d4f9fb406d75d7b13df984783b09b15d00f83eabefc37ffef,2026-09-19,6,2026-09-20,index_models-1,
https://www.onsemi.com/download/models/lib/mmsz4699t1%20spice%20model.lib,,,downloaded,1166,64ee76deeadfa3ccc9b20d567cc096fd54c30e3a3c67d455121067cac759a28c,2026-09-19,6,2026-09-20,index_models-1,
https://www.onsemi.com/download/models/lib/mmsz4702.lib,,,downloaded,810,8cd1a56ec0ded9c3caa1c6ef7a698ef1cb7118d438c0fdf73bd637a2ef0feb1a,2026-09-19,6,2026-09-20,index_models-1,
https://www.onsemi.com/download/models/lib/mmsz4703.lib,,,downloaded,1208,4b931ef6c0ce3e3a9288e78d1ae0694a20f5c692f5acb71ff5ce2581cd69f55f,2026-09-19,6,2026-09-20,index_models-1,
https://www.onsemi.com/download/models/lib/mmsz4704t1g.lib,,,downloaded,1208,1633e79e92df11e0ff07f7f2b6eaa2a1850a6279f145736860c7a5300465bc0b,2026-09-19,6,2026-09-20,index_models-1,
https://www.onsemi.com/download/models/lib/mmsz4705t1g.lib,,,downloaded,1189,ce4944cb4a391ecf2fba7f642763929118ffe029685b5727f81df443e1c1a434,2026-09-19,6,2026-09-20,index_models-1,
https://www.onsemi.com/download/models/lib/mmsz4706t1g.lib,,,downloaded,1194,83870eec2754b3c80030334525b048ad6b1034705ff1c7b8fbc53b9221a22e31,2026-09-19,6,2026-09-20,index_models-1,
https://www.onsemi.com/download/models/lib/mmsz4707t1.lib,,,downloaded,1201,c9cb6a5e0183ff403f0ac3af33b1935fd0e8e25f0519bae2babf47ff0e3d99a9,2026-09-19,6,2026-09-20,index_models-1,
https://www.onsemi.com/download/models/lib/mmsz4711t1g.lib,,,downloaded,1214,2f5bab0d7c5597196f3bec45bd477e65c02fa4a3f8526693390827c1ae970639,2026-09-19,6,2026-09-20,index_models-1,
https://www.onsemi.com/download/models/lib/mmsz47xxxt1g%20(spice%20model).lib,,,downloaded,5016,7d8e95fc55f7541d2db7b6cfae72e3a415c9176598b9d7734d51a1927ec96b35,2026-09-19,40,2026-09-20,index_models-1,
https://www.onsemi.com/download/models/lib/mmsz4xxxt1g%20(spice%20model).lib,,,downloaded,5016,7d8e95fc55f7541d2db7b6cfae72e3a415c9176598b9d7734d51a1927ec96b35,2026-09-19,40,2026-09-20,index_models-1,
https://www.onsemi.com/download/models/lib/mmsz5231ct1g%20(spice%20model).lib,,,downloaded,773,c21cea84fd470f7fa4953502a1d2f97dd5a076d30892331f5ac3523c1ae12de8,2026-09-19,6,2026-09-20,index_models-1,
https://www.onsemi.com/download/models/lib/mmsz5232bt1g.lib,,,downloaded,1188,2299fe099e1ff5bfcada637ac0e14f4f38392300f3dab32e7181aaf413d36afe,2026-09-19,6,2026-09-20,index_models-1,
https://www.onsemi.com/download/models/lib/mmsz5233bt1g.lib,,,downloaded,1217,175effb736312f2607c433bee65c0eb6d2ae51a1845762e016afbdc8d8fad674,2026-09-19,6,2026-09-20,index_models-1,
https://www.onsemi.com/download/models/lib/mmsz5239bt1.lib,,,downloaded,1199,d9aefb659ce59363059f380ed38808c6a7a395664962a0fcf771ac2f8d9b6cb3,2026-09-19,6,2026-09-20,index_models-1,
https://www.onsemi.com/download/models/lib/mmsz5242bt1g%20(spice%20model).lib,,,downloaded,756,46f95e328a82d6dac32a7aad9149d67ad7848ed0a66491c0cb2c10447ceecf7d,2026-09-19,6,2026-09-20,index_models-1,
https://www.onsemi.com/download/models/lib/mmsz5243bt1.lib,,,downloaded,1195,701e8097e4b9ab067427610a7148ad45cf44829af0ac25ad55eb9e70e362f75e,2026-09-19,6,2026-09-20,index_models-1,
https://www.onsemi.com/download/models/lib/mmsz5245bt1g.lib,,,downloaded,1188,0cc08ebc3abfa7194b8ef4aa9fc904644bf189d8d46dde1d26fb40ad2979aca7,2026-09-19,6,2026-09-20,index_models-1,
https://www.onsemi.com/download/models/lib/mmsz5246bt1g.lib,,,downloaded,1194,ca9bda887361180e1a0b57228352b03672773e5722055e9f644f679058c20276,2026-09-19,6,2026-09-20,index_models-1,
https://www.onsemi.com/download/models/lib/mmsz5254bt1.lib,,,downloaded,1189,fe3a94f0ab0fa0000975b710d7d72f2d666ae5ae2c03ac734c07ba674976ba53,2026-09-19,6,2026-09-20,index_models-1,
https://www.onsemi.com/download/models/lib/mmsz5258bt1g.lib,,,downloaded,1189,3c20c37dc2688d516566f9058bcacab0f711bd18666e8e701bc82ad31a6aa387,2026-09-19,6,2026-09-20,index_models-1,
https://www.onsemi.com/download/models/lib/mmsz5260bt1.lib,,,downloaded,1193,e7cbafa88fe74d4e6e8b83ea0cec500c5dc886a7f81c0365f0b5d704fb8b7901,2026-09-19,6,2026-09-20,index_models-1,
https://www.onsemi.com/download/models/lib/mmsz5262bt1.lib,,,downloaded,1193,2f515aaedee7137332ad6bacff5074df25b8fafa759e8f5e567fb202393158c0,2026-09-19,6,2026-09-20,index_models-1,
https://www.onsemi.com/download/models/lib/mmsz5266bt1g%20(spice%20model).lib,,,downloaded,759,b24be0cdeea50f6189f2d7abbddb78c795df7003956ad55e0e28601a0621771a,2026-09-19,6,2026-09-20,index_models-1,
https://www.onsemi.com/download/models/lib/mmsz52xxxt1g%20(spice%20model).lib,,,downloaded,39638,f5a758aa9937e157e4007dc0cdd27f41d42bb541dd96cd44ac95ac8aa18ca624,2026-09-19,360,2026-09-20,index_models-1,
https://www.onsemi.com/download/models/lib/mmszxxxt1g%20(spice%20model).lib,,,downloaded,32175,84b634dfa4fdc960ec0bae2e54872e3cbdf3b922887d5f080be4ccf54e94fbed,2026-09-19,204,2026-09-20,index_models-1,
https://www.onsemi.com/download/models/lib/mmt08b310t3.lib,,,downloaded,4101,eaf476eed2254b9c76f8677f60e625e83f85e7b201146c2721ffb5bbb3302e8b,2026-09-19,5,2026-09-20,index_models-1,
https://www.onsemi.com/download/models/lib/mmun2111lt1.lib,,,downloaded,1059,47e723b31541b8fd48c29451920efebc9db8b7e1c13f011c03387c430f0e72eb,2026-09-19,2,2026-09-20,index_models-1,
https://www.onsemi.com/download/models/lib/mmun2112lt1.lib,,,downloaded,1059,74c420879738d34eeda33a26917aba4595e291fe848c6ab9b6328f07a5261ffc,2026-09-19,2,2026-09-20,index_models-1,
https://www.onsemi.com/download/models/lib/mmun2113lt1.lib,,,downloaded,1054,051dc444695743e9ee4b2975bf101b00eeaeb70cae1411111b45248487ba5e54,2026-09-19,2,2026-09-20,index_models-1,
https://www.onsemi.com/download/models/lib/mmun2114lt1.lib,,,downloaded,1049,6aa039a1c3f4e2b498711648f426841292f9962271877a76b3be2fcea30235d8,2026-09-19,2,2026-09-20,index_models-1,
https://www.onsemi.com/download/models/lib/mmun2115lt1.lib,,,downloaded,1058,4301b823d533f387b68d0b18447554a97a5091cd9f628dc6c968bb7796f8b49b,2026-09-19,2,2026-09-20,index_models-1,
https://www.onsemi.com/download/models/lib/mmun2116l.lib,,,downloaded,1053,edd912d341a94d3c3eda165d0456d1ec6d36de3ecedbb86b5b27257647e37e09,2026-09-19,2,2026-09-20,index_models-1,
https://www.onsemi.com/download/models/lib/mmun2130lt1g_rev0.lib.lib,,,downloaded,1018,e4d01c128f063d7c634e3064220d44992d3c9a0de543b48d1db0b5b8420d84d2,2026-09-19,2,2026-09-20,index_models-1,
https://www.onsemi.com/download/models/lib/mmun2131lt1g_rev0.lib.lib,,,downloaded,996,d50da3abea5644fd1442f817c4ee8f9183dea4141cc078eee798bdb13ed14cff,2026-09-19,2,2026-09-20,index_models-1,
https://www.onsemi.com/download/models/lib/mmun2132l.lib,,,downloaded,1066,930a22d08f8ea36fa57fda545cf332904fe2ee0ce075583956c0b9c94f0db6e8,2026-09-19,2,2026-09-20,index_models-1,
https://www.onsemi.com/download/models/lib/mmun2133l.lib,,,downloaded,979,808c14e16e4b1eb29d104da5d318561eebf08fe99645fd7a730de21e7965d74b,2026-09-19,2,2026-09-20,index_models-1,
https://www.onsemi.com/download/models/lib/mmun2134l.lib,,,downloaded,1068,f0e7891809b4aa4987474d64857afed4742411dd1750ebe288c45b2ea8c49bef,2026-09-19,2,2026-09-20,index_models-1,
https://www.onsemi.com/download/models/lib/mmun2135l.lib,,,downloaded,1049,f13f328552f3a695106842bc570aad664b6a1f85783596f7e41d5d6e274c508c,2026-09-19,2,2026-09-20,index_models-1,
https://www.onsemi.com/download/models/lib/mmun2136l.lib,,,downloaded,1052,e07c8e1bcafa12b3beaa0eb173bebe5fa931de5f7f6bd1dd967c71efb9deb149,2026-09-19,2,2026-09-20,index_models-1,
https://www.onsemi.com/download/models/lib/mmun2137l.lib,,,downloaded,1050,4beacaa6fff82fe80bbbe89137e7996abc1cf2fa0603e38e345edb46ffb37560,2026-09-19,2,2026-09-20,index_models-1,
https://www.onsemi.com/download/models/lib/mmun2140l.lib,,,downloaded,1034,b5e3e1455ccfe34dbca4dbc34848c6723633d54a78170976a36ca227a181e1d9,2026-09-19,2,2026-09-20,index_models-1,
https://www.onsemi.com/download/models/lib/mmun2141l.lib,,,downloaded,1035,5c678b2014fcf47be03bc679734165972d458741d66a92645fbfc49db3531c8e,2026-09-19,2,2026-09-20,index_models-1,
https://www.onsemi.com/download/models/lib/mmun2211l%20spice%20model.lib,,,downloaded,980,9e9dd531075ad308d765f3c6ecd0e34f1d924f70f37e2c9244ed6e243b8f3630,2026-09-19,2,2026-09-20,index_models-1,
https://www.onsemi.com/download/models/lib/mmun2212lt1.lib,,,downloaded,1057,ac15c6a43d48f365963e84af9a99cd91e90ebb1869e9699f3cfcf386c6aa8e6f,2026-09-19,2,2026-09-20,index_models-1,
https://www.onsemi.com/download/models/lib/mmun2213lt1.lib,,,downloaded,1041,03113ec442aa339adaadaba21f4e7dc0875be550f713daf16813b9eeb4feba45,2026-09-19,2,2026-09-20,index_models-1,
https://www.onsemi.com/download/models/lib/mmun2214lt1.lib,,,downloaded,1035,b13d625d6bfffd4813f7cd4e8e96264bc46e9ae6129aaf3299948d0822002968,2026-09-19,2,2026-09-20,index_models-1,
https://www.onsemi.com/download/models/lib/mmun2215l.lib,,,downloaded,1030,d06b40d78a25320742f4d659528977c521b7b38204f0997b49600bf21909df10,2026-09-19,2,2026-09-20,index_models-1,
https://www.onsemi.com/download/models/lib/mmun2216lt1.lib,,,downloaded,1051,9372cc6926ce20bd6eafb1ec0bba46c23caf42a9bc661a887869437d451316c0,2026-09-19,2,2026-09-20,index_models-1,
https://www.onsemi.com/download/models/lib/mmun2231l.lib,,,downloaded,1042,e309886c678ba7c98601afcb31986826b26c71b6e865006c249449a017e0adbe,2026-09-19,2,2026-09-20,index_models-1,
https://www.onsemi.com/download/models/lib/mmun2232lt1.lib,,,downloaded,1046,cc9a3243f76393eb643606e1d7af2411449b0848f6de3fb34f521e3bf792055d,2026-09-19,2,2026-09-20,index_models-1,
https://www.onsemi.com/download/models/lib/mmun2233l.lib,,,downloaded,1043,6961173fb76b07c79fe85a33412526018c47657dfe1c235fee067caee4a1c86b,2026-09-19,2,2026-09-20,index_models-1,
https://www.onsemi.com/download/models/lib/mmun2234l.lib,,,downloaded,1044,6af044db6d8c2487f2b1662123327d574a528a0988816246209978ad48a8591a,2026-09-19,2,2026-09-20,index_models-1,
https://www.onsemi.com/download/models/lib/mmun2235l.lib,,,downloaded,1029,20e6a064ecbdbd7c7672e925fde02d112c36a87c1de942c87e5a18e33a79e677,2026-09-19,2,2026-09-20,index_models-1,
https://www.onsemi.com/download/models/lib/mmun2236l.lib,,,downloaded,1032,b72b4f6b749ce9c2bd6a842875114d51a85f1ddc15699155879b47d881a5c64d,2026-09-19,2,2026-09-20,index_models-1,
https://www.onsemi.com/download/models/lib/mmun2237l.lib,,,downloaded,1030,01696bf6241a6a0ea153a23bf5f597174341f1dab56c1de3b801c7aa5e212952,2026-09-19,2,2026-09-20,index_models-1,
https://www.onsemi.com/download/models/lib/mmun2238lt1g%20%20rev0%20%20lib.lib,,,downloaded,1008,bf7db5c772635f0074e8ca585bf47f63d7e19bc176eb9ed97a857a6476c60edd,2026-09-19,2,2026-09-20,index_models-1,
https://www.onsemi.com/download/models/lib/mmun2240l.lib,,,downloaded,1014,a4d90e89e7cb0883e5e71ad029e61763d1048d790f02f924b1e58ebfdd5fe8ec,2026-09-19,2,2026-09-20,index_models-1,
https://www.onsemi.com/download/models/lib/mmvl3401lt1g.lib,,,downloaded,664,5f471bf07af2e48a9f696d91f890f7529752fae4fc80d1dc5a82fda4c7bf90c0,2026-09-19,1,2026-09-20,index_models-1,
https://www.onsemi.com/download/models/lib/moc303x%20(spice%20model).lib,,,downloaded,10811,7278cae6b6ba464176c62b9178564799cdbd5fcc2ecd3ef1a2e89cd4b66966ad,2026-09-19,30,2026-09-20,index_models-1,
https://www.onsemi.com/download/models/lib/mps2907a.lib,,,downloaded,946,f7949e153b4614b1aba21eb8458b9cfad5bff271408bb4724cb33a51db9e7d73,2026-09-19,1,2026-09-20,index_models-1,
https://www.onsemi.com/download/models/lib/mpsa06.lib,,,downloaded,952,4eb2201e3b735a1df5e1727faaa84c2aaa5275580fcab2017732c0ca1d8f4561,2026-09-14,1,2026-09-20,index_models-1,
https://www.onsemi.com/download/models/lib/mpsa29%20(spice%20model).lib,,,downloaded,1742,10d990812f4a5f686adfa2e57755a085a3afdc45d93aa9946c6de8118ffd6e90,2026-09-19,4,2026-09-20,index_models-1,
https://www.onsemi.com/download/models/lib/mpsa56.lib,,,downloaded,989,b576bdb59858feebf4beb92915cc3556245a76880e737a7b4cbdca6cb0488935,2026-09-14,1,2026-09-20,index_models-1,
https://www.onsemi.com/download/models/lib/mpsa92.lib,,,downloaded,960,ada4a3a639a8e802bdc0f94a7dc085f35558bb4e7e58d07adf2d77517a0b5671,2026-09-14,1,2026-09-20,index_models-1,
https://www.onsemi.com/download/models/lib/mpsh11.lib,,,downloaded,1138,3641778619ae4e6998020fd181f079d51512acc4ca3e7927c4336034a206df0d,2026-09-19,1,2026-09-20,index_models-1,
https://www.onsemi.com/download/models/lib/mpsw06.rev0.lib,,,downloaded,954,b1a40a431c473302c4828edb2e3d101244c0d1c9ec8112e3fa26476179db32c3,2026-09-19,1,2026-09-20,index_models-1,
https://www.onsemi.com/download/models/lib/mpsw45.lib,,,downloaded,1644,7da40d7d2b50e3b168dfe8d8994014fbdb14b0e51f9316c47729da4716b20655,2026-09-19,4,2026-09-20,index_models-1,
https://www.onsemi.com/download/models/lib/mpsw51.rev0.lib,,,downloaded,968,7b665ef75078d1c89baad1112a6f1b8dc276599dbdbcc0e201efc142ab5c230e,2026-09-19,1,2026-09-20,index_models-1,
https://www.onsemi.com/download/models/lib/mr2502.lib,,,downloaded,667,ce8be325282fe01b903bf6f60b4e7c9d3f2b915f6de9978cffd3ec57bc2f5273,2026-09-19,1,2026-09-20,index_models-1,
https://www.onsemi.com/download/models/lib/mr2504.rev0.lib,,,downloaded,674,59b7b1bab7cdff5e583abee1e33f67c3857ba456c4bf5aa7973be9f9167ab308,2026-09-19,1,2026-09-20,index_models-1,
https://www.onsemi.com/download/models/lib/mr2520lrl.rev0.lib,,,downloaded,672,b490df11a4bb9166b56cb66e4d714295b91027cbfcc177ae0b63164ad50a0a1e,2026-09-19,1,2026-09-20,index_models-1,
https://www.onsemi.com/download/models/lib/mr3025.lib,,,downloaded,660,ff1727369b45b10f0426f9715cb856df98bcc8f7b8dc6aa2d29c95f1a0641b66,2026-09-19,1,2026-09-20,index_models-1,
https://www.onsemi.com/download/models/lib/mr750rl.rev0.lib,,,downloaded,670,8437f85559fb0beae301c211d5bc8eb43d6b25d1bf4efa8bd4517c1c69eeb1e3,2026-09-19,1,2026-09-20,index_models-1,
https://www.onsemi.com/download/models/lib/mr751rl.rev0.lib,,,downloaded,670,9458c198aa8e131e8518a4d5c0acbe7b10ba92f6743698dbfee2e744bba23c44,2026-09-19,1,2026-09-20,index_models-1,
https://www.onsemi.com/download/models/lib/mr752rl.rev0.lib,,,downloaded,671,e552edaa9cdc257df8ee2c00724c8a9d03a66a3229589c00778cafa5a802e9dd,2026-09-19,1,2026-09-20,index_models-1,
https://www.onsemi.com/download/models/lib/mr754rl.rev0.lib,,,downloaded,670,9f5d0dad47bdc6e9d9234f08ec14e64ace7a8afabb237903a41e10945cd729ff,2026-09-19,1,2026-09-20,index_models-1,
https://www.onsemi.com/download/models/lib/mr756rl.rev0.lib,,,downloaded,671,3f7a7b5bbb87ef4808484f27a2a85baa498a3a879c284b09c6a802931e3b58a0,2026-09-19,1,2026-09-20,index_models-1,
https://www.onsemi.com/download/models/lib/mra4003t3.lib,,,downloaded,670,9b68ecbe49e1beb63ed85dbb0cb3b69c274ef6a656338dd09a01b5fbadeab466,2026-09-19,1,2026-09-20,index_models-1,
https://www.onsemi.com/download/models/lib/mra4004t3.lib,,,downloaded,664,4430d75310740538ffaabd94ed5add5cada6cf83c008006034c94e6890ef2979,2026-09-19,1,2026-09-20,index_models-1,
https://www.onsemi.com/download/models/lib/mra4005t3.lib,,,downloaded,664,176f3d3fe2e6fe36bec7fb88b2884afb9e524416d0dfaff9728a8498c136907a,2026-09-19,1,2026-09-20,index_models-1,
https://www.onsemi.com/download/models/lib/mra4006t3.lib,,,downloaded,664,4b154dd67e4bf608d257a391af6d2d492dd2267ef42f172067d074d79b119ad7,2026-09-19,1,2026-09-20,index_models-1,
https://www.onsemi.com/download/models/lib/mra4007t3.lib,,,downloaded,665,3d82d380940c2f2c520c40aa8783fd5ad8bb120d3a271f48c65335aa54054b1d,2026-09-19,1,2026-09-20,index_models-1,
https://www.onsemi.com/download/models/lib/mrs1504t3.lib,,,downloaded,661,eb6ec7fade50249634d77a6775693ea807e2e5b77def9b2ecc899dbfab89379b,2026-09-19,1,2026-09-20,index_models-1,
https://www.onsemi.com/download/models/lib/msd1328-rt1.lib,,,downloaded,965,a449b7bc0abfca7896be49fd99a2f4c8408c2a60a99011197bff84d16915a0c7,2026-09-19,1,2026-09-20,index_models-1,
https://www.onsemi.com/download/models/lib/msd1819a-rt1g.lib.lib,,,downloaded,963,f40ebc6613e7abbec8e3f398c40a2deebe083a1f3c4739833793922d44880afa,2026-09-19,1,2026-09-20,index_models-1,
https://www.onsemi.com/download/models/lib/msd42t1g.lib,,,downloaded,978,2fa59e844e5760399c9e2af990329f9eaf9119af82c17c58e7c9d8a9c9d35f16,2026-09-19,1,2026-09-20,index_models-1,
https://www.onsemi.com/download/models/lib/msd42wt1g.lib,,,downloaded,979,c5aa92ccb8973be542c8d2b0e2c7465788c6660bcc26a0b30771a473b7909528,2026-09-19,1,2026-09-20,index_models-1,
https://www.onsemi.com/download/models/lib/msr1560.lib,,,downloaded,669,bac894fc7a9eab8743197ace691913bdba5b999a5380dbe4f180248074f70b62,2026-09-19,1,2026-09-20,index_models-1,
https://www.onsemi.com/download/models/lib/msr860.lib,,,downloaded,648,758e5fdfeed17ba40aec0be366b06a69ed67e637adf9f3858af7c6dd6e16e70b,2026-09-19,1,2026-09-20,index_models-1,
https://www.onsemi.com/download/models/lib/msrd620ctt4.rev0.lib,,,downloaded,670,bdb8bab770124abee8c5f0ed2129f675a758928049a266156ccb4de8ef1bb823,2026-09-19,1,2026-09-20,index_models-1,
https://www.onsemi.com/download/models/lib/msrf860g.lib,,,downloaded,648,6f254520761bd2c9e06ae325dd277204f9d9ab54cd7edde124a9a9c07462e17f,2026-09-19,1,2026-09-20,index_models-1,
https://www.onsemi.com/download/models/lib/mtd10n10el.lib,,,downloaded,1725,3119dd4517ff8bad496bd8315367f17fec645ed1157b40c451cb537f9758b1e1,2026-09-19,6,2026-09-20,index_models-1,
https://www.onsemi.com/download/models/lib/mtd20n03hdl.lib,,,downloaded,1672,919663ad1ef2843a8dacd53b1089d4cd18a5cf29709115950245339ae7665d13,2026-09-19,6,2026-09-20,index_models-1,
https://www.onsemi.com/download/models/lib/mtd20p03hdl.lib,,,downloaded,1699,61684291952996748939ef5a464280ecb9a3fd5511ba6ee8e0216f8d2c9daa13,2026-09-19,6,2026-09-20,index_models-1,
https://www.onsemi.com/download/models/lib/mtd20p06hdl.lib,,,downloaded,1769,b7efa1f687f55b3865dd72ca4d0eb264548eef96e8eddbb79952279d58ac2f34,2026-09-19,6,2026-09-20,index_models-1,
https://www.onsemi.com/download/models/lib/mtx2955.lib,,,downloaded,1770,4cf537d977bc20ac122071c4b1357460e5be2dea84cd9a8f2eb8eb412ffa0c24,2026-09-19,6,2026-09-20,index_models-1,
https://www.onsemi.com/download/models/lib/mun2111t1.lib,,,downloaded,1057,dc6d6b41d299bc99096f0ac47f876f01f18cf932e78ba3d7c84bc2b2599b96fa,2026-09-19,2,2026-09-20,index_models-1,
https://www.onsemi.com/download/models/lib/mun2112t1.lib,,,downloaded,1057,a0335bedbcf20e66aa21385cb761aaac1278ebb08391cf71a6aa87396693ae00,2026-09-19,2,2026-09-20,index_models-1,
https://www.onsemi.com/download/models/lib/mun2113t1.lib,,,downloaded,1052,c67f3a9f44a34990aa3e35791ccecfde4729f1793934b3ec89eb43ff6d1a7613,2026-09-19,2,2026-09-20,index_models-1,
https://www.onsemi.com/download/models/lib/mun2114t1.lib,,,downloaded,1047,95f324d524524dbf21b36fdcfb0a7c2fb9e43624ca32caf10b86d9cb61bade07,2026-09-19,2,2026-09-20,index_models-1,
https://www.onsemi.com/download/models/lib/mun2115t1.lib,,,downloaded,1056,6fe4bbd7b6bb4b1ee652cfa163e2771ec976456ae980bdc51171eab481a8057a,2026-09-19,2,2026-09-20,index_models-1,
https://www.onsemi.com/download/models/lib/mun2131t1g_rev0.lib.lib,,,downloaded,996,d50da3abea5644fd1442f817c4ee8f9183dea4141cc078eee798bdb13ed14cff,2026-09-19,2,2026-09-20,index_models-1,
https://www.onsemi.com/download/models/lib/mun2133t1.lib,,,downloaded,1337,120c3f7896cf5b71bd2bd32848b1dcf9345417458533bc11add745b26373917c,2026-09-19,3,2026-09-20,index_models-1,
https://www.onsemi.com/download/models/lib/mun2138.lib,,,downloaded,1031,81f3b63aa682e1ce81df4aead68805c94c40a9122b612aae8e1532b0446afa38,2026-09-19,2,2026-09-20,index_models-1,
https://www.onsemi.com/download/models/lib/mun2141.lib,,,downloaded,1033,b820fdd3781035b64a05b76e518a830c9534eb0371f0ff6d4ff8c287f4779e76,2026-09-19,2,2026-09-20,index_models-1,
https://www.onsemi.com/download/models/lib/mun2211t1.lib,,,downloaded,1040,f148d7c8de2dfe32dc65676b10da74760a45d79a34bef3cb0a94179871c8c411,2026-09-19,2,2026-09-20,index_models-1,
https://www.onsemi.com/download/models/lib/mun2212t1.lib,,,downloaded,1055,6f3d8579296ba8508653da5cf1ed2325a74255a5ba6eaacfecb7a4ac9569445a,2026-09-19,2,2026-09-20,index_models-1,
https://www.onsemi.com/download/models/lib/mun2213t1.lib,,,downloaded,1039,c05646157d853e287623196741cc585f5d951c771d106b1b7b9e851a2f9e078c,2026-09-19,2,2026-09-20,index_models-1,
https://www.onsemi.com/download/models/lib/mun2214t1.lib,,,downloaded,1033,7238f1aaa9d43910ea9bb96875c4d58591804e23800d6cb8ed4bf43f02edaea5,2026-09-19,2,2026-09-20,index_models-1,
https://www.onsemi.com/download/models/lib/mun2215t1g.lib,,,downloaded,1038,f88012caa7c008aa02c3877d7f365da1c5ee868349a15b60e9b8f62bb9492ac2,2026-09-19,2,2026-09-20,index_models-1,
https://www.onsemi.com/download/models/lib/mun2216t1g.lib,,,downloaded,1042,27a6f175dc421d2665b88bd2fa1df4bdd907265c0c9070f570f92a3db4161b5c,2026-09-19,2,2026-09-20,index_models-1,
https://www.onsemi.com/download/models/lib/mun2230.lib,,,downloaded,1040,5ff3211eec9a22ee438d7ee85d29741d36d5db91778b47fe855f1eaace58d0c7,2026-09-19,2,2026-09-20,index_models-1,
https://www.onsemi.com/download/models/lib/mun2232t1g.lib,,,downloaded,1052,2a022dce73a1aca8173a165534659f6b6b7797744d18d7c5d3462c00b9c5e6d9,2026-09-19,2,2026-09-20,index_models-1,
https://www.onsemi.com/download/models/lib/mun2233t1.lib,,,downloaded,1056,026bb00be4a8c6db2eaa90dc16d570ced4efdb33a476941c2599438524952082,2026-09-19,2,2026-09-20,index_models-1,
https://www.onsemi.com/download/models/lib/mun2234.lib,,,downloaded,1042,6efcce4b3664d7288e6b71702f783cbcc671a2f179de85ebecd6c121e722ad30,2026-09-19,2,2026-09-20,index_models-1,
https://www.onsemi.com/download/models/lib/mun2235.lib,,,downloaded,1027,9f6314960d2abdaed6c76b71c7c415b26b0fed3333d75edc4928a669d482c823,2026-09-19,2,2026-09-20,index_models-1,
https://www.onsemi.com/download/models/lib/mun2236t1g.lib,,,downloaded,1055,2d01f22bff886eba3e448d47b4c7b4685a9389ee7e04290b6ab1b2391f332785,2026-09-19,2,2026-09-20,index_models-1,
https://www.onsemi.com/download/models/lib/mun2237t1g.lib,,,downloaded,1046,00c6ebe921392c71b9ec1a622907ae9848cbba57832d80b0aa1f02cd29691f05,2026-09-19,2,2026-09-20,index_models-1,
https://www.onsemi.com/download/models/lib/mun2238.lib,,,downloaded,1011,08a2fa07c94d6ada175ee3651566fcd4e58bdf9c82409129bfd99c52cfa772e3,2026-09-19,2,2026-09-20,index_models-1,
https://www.onsemi.com/download/models/lib/mun2240.lib,,,downloaded,1028,5feecf24db80f3ff3729ab082cb5275464315efc564417681e808231f5304c4c,2026-09-19,2,2026-09-20,index_models-1,
https://www.onsemi.com/download/models/lib/mun5111dw1t1.lib,,,downloaded,1060,a893bcbdbf92ab530605050991bc0608bf5b5fe5ec2eb30202f383ffb5946552,2026-09-19,2,2026-09-20,index_models-1,
https://www.onsemi.com/download/models/lib/mun5111t1.lib,,,downloaded,1056,ea337efecef935d39ceb641b734fc3fa5fa1bfd87c3f069b1c80319ab11ec5f8,2026-09-19,2,2026-09-20,index_models-1,
https://www.onsemi.com/download/models/lib/mun5112dw1t1.lib,,,downloaded,1060,40fb896ec1926e15f447635a46697a48b410a8fe71ba35aadf888995d9613a81,2026-09-19,2,2026-09-20,index_models-1,
https://www.onsemi.com/download/models/lib/mun5112t1.lib,,,downloaded,1057,eca7a82bc7837010fe4df8293ad2edf79c45cbdc930c53ba29a73028af24c26c,2026-09-19,2,2026-09-20,index_models-1,
https://www.onsemi.com/download/models/lib/mun5113dw1t1.lib,,,downloaded,1055,4e03fdf5d72edad59814f8f06c1373334025b62f19aaff544ddd83890ad4e7b5,2026-09-19,2,2026-09-20,index_models-1,
https://www.onsemi.com/download/models/lib/mun5113t1.lib,,,downloaded,1052,f67dbe5aa526408b32cc9854ae8fad2aab4cb17df65831a4a2514b485c3dd9f5,2026-09-19,2,2026-09-20,index_models-1,
https://www.onsemi.com/download/models/lib/mun5114dw1t1.lib,,,downloaded,1050,f00527cafebea196f4b333aee189bdd96a1b5edfcd81c6bbd89d067736585de4,2026-09-19,2,2026-09-20,index_models-1,
https://www.onsemi.com/download/models/lib/mun5114t1.lib,,,downloaded,1047,2965a8071618d91a6385417a00667333834e23997e5f3f2ca47783fdc1dce2cc,2026-09-19,2,2026-09-20,index_models-1,
https://www.onsemi.com/download/models/lib/mun5115dw1t1.lib,,,downloaded,1059,a0663a858a968024ec99a96e16f783fe6febfce99d538b54627b6e7386742df2,2026-09-19,2,2026-09-20,index_models-1,
https://www.onsemi.com/download/models/lib/mun5115t1.lib,,,downloaded,1057,89d6d447dca7151566661ebe3f898cc117ab124ac1355b98f30c524d8ae5f88a,2026-09-19,2,2026-09-20,index_models-1,
https://www.onsemi.com/download/models/lib/mun5116dw1.lib,,,downloaded,1053,317ae54b9c3618d0c4ca3342309cac45c883a50b94fcd9575f0d01b9d56c6b01,2026-09-19,2,2026-09-20,index_models-1,
https://www.onsemi.com/download/models/lib/mun5131.lib,,,downloaded,1064,82e7217f3bcc73aebc28bcbd1788447a7fa2f1e6b16d4bcb2abf5e092c8daf47,2026-09-19,2,2026-09-20,index_models-1,
https://www.onsemi.com/download/models/lib/mun5133.lib,,,downloaded,1065,ebfa4e16293a8f1ddbf4814211bbe84b860e391e779a1ec7afd6660697362d3d,2026-09-19,2,2026-09-20,index_models-1,
https://www.onsemi.com/download/models/lib/mun5133dw1t1.lib,,,downloaded,1349,5c4500ace1b6ca8b83eb7e4935f904579deab339455b439ff90542ebd3b0ce5a,2026-09-19,3,2026-09-20,index_models-1,
https://www.onsemi.com/download/models/lib/mun5135.lib,,,downloaded,1065,cdd36d3514531e2c05952788e74b2c60b7dffd61850f7f2742997cafb9586bb3,2026-09-19,2,2026-09-20,index_models-1,
https://www.onsemi.com/download/models/lib/mun5135dw1.lib,,,downloaded,1068,36c8fd1e26a9b370074a785649f31ea6ae982f7ac75d2bc6d690a16df8aaebfc,2026-09-19,2,2026-09-20,index_models-1,
https://www.onsemi.com/download/models/lib/mun5138.lib,,,downloaded,1031,81f3b63aa682e1ce81df4aead68805c94c40a9122b612aae8e1532b0446afa38,2026-09-19,2,2026-09-20,index_models-1,
https://www.onsemi.com/download/models/lib/mun5141.lib,,,downloaded,1033,b820fdd3781035b64a05b76e518a830c9534eb0371f0ff6d4ff8c287f4779e76,2026-09-19,2,2026-09-20,index_models-1,
https://www.onsemi.com/download/models/lib/mun5211dw1t1.lib,,,downloaded,1040,f148d7c8de2dfe32dc65676b10da74760a45d79a34bef3cb0a94179871c8c411,2026-09-19,2,2026-09-20,index_models-1,
https://www.onsemi.com/download/models/lib/mun5211t1.lib,,,downloaded,1040,f148d7c8de2dfe32dc65676b10da74760a45d79a34bef3cb0a94179871c8c411,2026-09-19,2,2026-09-20,index_models-1,
https://www.onsemi.com/download/models/lib/mun5212dw1t1.lib,,,downloaded,1058,185128da05b2dc436781bbf23fa0ecd64d270fbef30a44b830ed3a9e28854f2c,2026-09-19,2,2026-09-20,index_models-1,
https://www.onsemi.com/download/models/lib/mun5212t1.lib,,,downloaded,1055,23f917ecd1a6bea194590ba03cc03306edac562566ff4845b6028f7ba1163e8d,2026-09-19,2,2026-09-20,index_models-1,
https://www.onsemi.com/download/models/lib/mun5213dw1t1.lib,,,downloaded,1042,920f965de64c51888ba3219b65d5cd5ba65b968ae5486757c3b9447d775d0c9b,2026-09-19,2,2026-09-20,index_models-1,
https://www.onsemi.com/download/models/lib/mun5213t1.lib,,,downloaded,1039,a0be55f9e4a5cc4e24a8dc1ca9a8318825dbc22e97dca6c11888eb2c1be68698,2026-09-19,2,2026-09-20,index_models-1,
https://www.onsemi.com/download/models/lib/mun5214dw1t1.lib,,,downloaded,1036,b94a0497502639668eb9bf55b706cbeaf0cd4fffb9b14a13225513634c792993,2026-09-19,2,2026-09-20,index_models-1,
https://www.onsemi.com/download/models/lib/mun5214t1.lib,,,downloaded,1033,c52ff21a9ce42a9731bca273ba901cda8d72639143c8b643955bc70840456b55,2026-09-19,2,2026-09-20,index_models-1,
https://www.onsemi.com/download/models/lib/mun5230dw1.lib,,,downloaded,1049,c24e6a2c97b61832424dbc6aaa39b3ad9765a654d2484469351b9fe0bf797474,2026-09-19,2,2026-09-20,index_models-1,
https://www.onsemi.com/download/models/lib/mun5232.lib,,,downloaded,1040,caf0b13cf8565190f1984f66b79e065336c42915da80b13220b1c0ca4774fd79,2026-09-19,2,2026-09-20,index_models-1,
https://www.onsemi.com/download/models/lib/mun5232dw1.lib,,,downloaded,1049,1838ae93152dc9b1a834e8aedd9f5438aac9270688e18d698b34ef85a197190e,2026-09-19,2,2026-09-20,index_models-1,
https://www.onsemi.com/download/models/lib/mun5233.lib,,,downloaded,1041,90ca229c8c9955833bc913861da7451fbbd865718eb2ce9f331da689e2d83240,2026-09-19,2,2026-09-20,index_models-1,
https://www.onsemi.com/download/models/lib/mun5233dw1t1.lib,,,downloaded,1351,fc2dbfe076ae217c26618fb3ebebe205a48d16ddff30b878b5d4774d891d4fc9,2026-09-19,3,2026-09-20,index_models-1,
https://www.onsemi.com/download/models/lib/mun5235dw1.lib,,,downloaded,1050,097348032d9d8c2b583b0cfc5718083dd2d7af0ba4ceecae094b62476960624a,2026-09-19,2,2026-09-20,index_models-1,
https://www.onsemi.com/download/models/lib/mun5235t1g.lib,,,downloaded,1041,c432510fe6970643ed8e001bf99f35a4132c34a33c90a60a72a03f1e1b2b311c,2026-09-19,2,2026-09-20,index_models-1,
https://www.onsemi.com/download/models/lib/mun5237dw1.lib,,,downloaded,1051,b18bc32835c2f2cf4369598daab93fb62cae2aad0af3282e1c8e232656a0cb60,2026-09-19,2,2026-09-20,index_models-1,
https://www.onsemi.com/download/models/lib/mun5238.lib,,,downloaded,1011,8ef89773b80cb400ca3465d951800a16b0c63fcd17158f7fc56ef823ae6e7187,2026-09-19,2,2026-09-20,index_models-1,
https://www.onsemi.com/download/models/lib/mun5240.lib,,,downloaded,1012,0a934923e9a91615501cee2add5fa42323f14494b3e3d74af4d78341dcda597d,2026-09-19,2,2026-09-20,index_models-1,
https://www.onsemi.com/download/models/lib/mun5311dw1t1_pnp.lib,,,downloaded,1059,7edaae9f736162f2004db4ce8842a6d8eba5214fc9bc43078ef00ab22d7c3d1b,2026-09-19,2,2026-09-20,index_models-1,
https://www.onsemi.com/download/models/lib/mun5311dw1t1g.lib.lib,,,downloaded,2519,d0b46f76c7d63087b7ba9e64da9afa03f441b51fd26becdc9ba7da3c47574a97,2026-09-19,5,2026-09-20,index_models-1,
https://www.onsemi.com/download/models/lib/mun5311dwitw_npn.lib,,,downloaded,1039,fa24d417d7cd60edffd712d10837694d29bc91d78d734c94c45d5e6db36f7fa2,2026-09-19,2,2026-09-20,index_models-1,
https://www.onsemi.com/download/models/lib/mun5312dw1g.lib,,,downloaded,2517,546c575e706c6812dfb68f589a34131a55602b527f4119d1c90e8081912d5480,2026-09-19,5,2026-09-20,index_models-1,
https://www.onsemi.com/download/models/lib/mun5313dw1_npn.lib,,,downloaded,1052,b213e4702bf27c49297d138f7e94b079d3acc28ed135ef64cf3e554008272915,2026-09-19,2,2026-09-20,index_models-1,
https://www.onsemi.com/download/models/lib/mun5313dw1_pnp.lib,,,downloaded,1070,d8083c8864c6be7b0018fbb716d7cca51e0c4a7c6c64b826727e5fce2b1ef129,2026-09-19,2,2026-09-20,index_models-1,
https://www.onsemi.com/download/models/lib/mun5314dw1.lib.lib,,,downloaded,2252,e6ac67ad7d499358d313d9f5155024b618ca160e20c844f11616732f6d30cf8d,2026-09-19,5,2026-09-20,index_models-1,
https://www.onsemi.com/download/models/lib/mun5315dw1_npn.lib,,,downloaded,1038,c096eaa97ea593409953fab22ba3ac6f6bda324287ad629f1f4a698a08d9f0a4,2026-09-19,2,2026-09-20,index_models-1,
https://www.onsemi.com/download/models/lib/mun5316dw1_npn.lib,,,downloaded,1037,0fcaa61f320f3231496c24573c1efbfeefbc1d825b475719440da1c5aa3c57f4,2026-09-19,2,2026-09-20,index_models-1,
https://www.onsemi.com/download/models/lib/mun5316dw1_pnp.lib,,,downloaded,1055,78b57a8b37c409e677addc15b1bc408a2a78127f53de1b5bea9e04f7bb4ed4fa,2026-09-19,2,2026-09-20,index_models-1,
https://www.onsemi.com/download/models/lib/mun5330dw1_npn.lib,,,downloaded,1049,3819ea8ea96c92e8b8a0396f4c0b3f149282af4bd14d19f1abe5ce8aa53b3937,2026-09-19,2,2026-09-20,index_models-1,
https://www.onsemi.com/download/models/lib/mun5330dw1_pnp.lib,,,downloaded,1067,d95e01eafd4302c8099db959688cef02d9f10d08f490ddc6c2e36243f1c00466,2026-09-19,2,2026-09-20,index_models-1,
https://www.onsemi.com/download/models/lib/mun5332dw.lib,,,downloaded,2226,e4859a478905abd1eaf33e71ec651aaa53106a61e2da07e1667369e4f5f8ce36,2026-09-19,5,2026-09-20,index_models-1,
https://www.onsemi.com/download/models/lib/mun5333dw1_npn.lib,,,downloaded,1050,254e4f554e38d92d46b804b2a5543f1ac0450830c8b1d09f30a6203bf78a95e1,2026-09-19,2,2026-09-20,index_models-1,
https://www.onsemi.com/download/models/lib/mun5334dw1_npn.lib,,,downloaded,1051,6a484586d80aaf30d2e673307f6929728ea4ca24e5fde171a898d80f125558b8,2026-09-19,2,2026-09-20,index_models-1,
https://www.onsemi.com/download/models/lib/mun5334dw1_pnp.lib,,,downloaded,1069,51ea3f8fae3d428d9e802c8b18b72488aa1ce64fc6e7c011dcb2302206d435cf,2026-09-19,2,2026-09-20,index_models-1,
https://www.onsemi.com/download/models/lib/mun5335dw1.lib,,,downloaded,2215,7b61ed9d9f164ddc9ccd3585dfd7c53161f870a8607750d24564de8a5c53b097,2026-09-19,5,2026-09-20,index_models-1,
https://www.onsemi.com/download/models/lib/mun5336dw1t1g.lib.lib,,,downloaded,2231,1c3e802575b3b18654f12e02be930e3a9401b12a3537fc749531ed097ae32862,2026-09-19,5,2026-09-20,index_models-1,
https://www.onsemi.com/download/models/lib/mur105rl.rev0.lib,,,downloaded,677,f018f5abdd313ec729afc7e8496d1f354566b90d89c25d3c387d2cbb57e696e7,2026-09-19,1,2026-09-20,index_models-1,
https://www.onsemi.com/download/models/lib/mur1100e.lib,,,downloaded,1220,1ac319cb5682881f0296f5420e59fec9cc531d86a00cfa341ab11479eda34449,2026-09-19,5,2026-09-20,index_models-1,
https://www.onsemi.com/download/models/lib/mur110rl.rev0.lib,,,downloaded,678,10daf54f45ac26452e97c67bf0cc0bfff5ea7cb70f79a21b403d89da96c35b30,2026-09-19,1,2026-09-20,index_models-1,
https://www.onsemi.com/download/models/lib/mur120rl.rev0.lib,,,downloaded,678,4eec77a0219a71900375480251208573690639bf042d48ab0baf37749879ec30,2026-09-19,1,2026-09-20,index_models-1,
https://www.onsemi.com/download/models/lib/mur130rl.lib,,,downloaded,668,f92335edfb5b44f63b4cc16adb824417984bc78aa12aa4cb8ffd57fba140463e,2026-09-19,1,2026-09-20,index_models-1,
https://www.onsemi.com/download/models/lib/mur140rl.lib,,,downloaded,668,023d5b5ef2b14cfeb3960420dae68fd2880c06dda8bcc6bebdb32dca04cb59e4,2026-09-19,1,2026-09-20,index_models-1,
https://www.onsemi.com/download/models/lib/mur1510.rev0.lib,,,downloaded,669,a1bdd43d9253ad13212dd73934e0cdc299105f30c954d1bf9e18add01219088b,2026-09-19,1,2026-09-20,index_models-1,
https://www.onsemi.com/download/models/lib/mur1540.lib,,,downloaded,673,c0d997a70b8236764574ba85cbf39cf2b72cc19e4e0b8e66ebbd96025248b1c5,2026-09-19,1,2026-09-20,index_models-1,
https://www.onsemi.com/download/models/lib/mur1560.rev0.lib,,,downloaded,659,2d1d25531cb1b2c2026cd73c0ed013a3bed4adab9ef015a289b8137ac727332c,2026-09-19,1,2026-09-20,index_models-1,
https://www.onsemi.com/download/models/lib/mur160rl.lib,,,downloaded,669,a3cf4a7e15db0628125fb3aa5ddc67b90384005bbcb7a098b428d64cfbe56e19,2026-09-14,1,2026-09-20,index_models-1,
https://www.onsemi.com/download/models/lib/mur1610ct.lib,,,downloaded,670,334b4951c16a24bc911ca611ef7f672d4f88270f22a3602a31545663652d5fc8,2026-09-19,1,2026-09-20,index_models-1,
https://www.onsemi.com/download/models/lib/mur1615ct.lib,,,downloaded,668,1de1d10bdd0e36262103014c5bae3c9b22a017c520a82d90c39d7abd77ac8288,2026-09-19,1,2026-09-20,index_models-1,
https://www.onsemi.com/download/models/lib/mur1620ct.lib,,,downloaded,670,8d09c1f32127356e6adff92be7bcd8db645051eb19cf799c4740fad46ba75efc,2026-09-19,1,2026-09-20,index_models-1,
https://www.onsemi.com/download/models/lib/mur1620ctr.lib,,,downloaded,651,ce67bb30f82e1ab9c42c0104c61d6aa3bddea64c2cede6fdad49553b5c292575,2026-09-19,1,2026-09-20,index_models-1,
https://www.onsemi.com/download/models/lib/mur1660ct.rev0.lib,,,downloaded,674,54ec1e7abfec3006b3c9d5d824273240b79679955bc3dab735c98beb70420b0e,2026-09-19,1,2026-09-20,index_models-1,
https://www.onsemi.com/download/models/lib/mur2020r.lib,,,downloaded,1261,93f5ed770e9a9bd33819501f311bd2354ac7f8708d6e2e310df444eb1c5445f8,2026-09-19,5,2026-09-20,index_models-1,
https://www.onsemi.com/download/models/lib/mur210.lib,,,downloaded,668,a85480e5253548fcbef83e180e987386f80e62486da56cf4fa8e272db5ae35e3,2026-09-19,1,2026-09-20,index_models-1,
https://www.onsemi.com/download/models/lib/mur2100e.lib,,,downloaded,1252,b7d4e1d588f3062d55d26ad7ec57a02942cc65972a95b511ad4d4143ca8db2cf,2026-09-19,5,2026-09-20,index_models-1,
https://www.onsemi.com/download/models/lib/mur220.lib,,,downloaded,1256,a401b1dc7cf4a52c01c302ee8c23a2db3070dcc19084c3aca18f45ebac0ec006,2026-09-19,5,2026-09-20,index_models-1,
https://www.onsemi.com/download/models/lib/mur260.lib,,,downloaded,1259,1cc0d55e973dd119ec921fb277f9a2fb4a374ae3fc862735365302017520f17c,2026-09-19,5,2026-09-20,index_models-1,
https://www.onsemi.com/download/models/lib/mur3020pt.lib,,,downloaded,659,0dc4a3dfdc8fa779096e0a64865040503426394405e109c80d44162e2e11e2d5,2026-09-19,1,2026-09-20,index_models-1,
https://www.onsemi.com/download/models/lib/mur3020wt.rev0.lib,,,downloaded,668,63e92f8988d90d154016f42c5193786d2ffa21981104f78abecf3c71169183b3,2026-09-19,1,2026-09-20,index_models-1,
https://www.onsemi.com/download/models/lib/mur3040pt.lib,,,downloaded,671,9b93aa4245b1c47fa4ac3b42b625904b8ac9de53721725d9abc2ba0005ec8ce6,2026-09-19,1,2026-09-20,index_models-1,
https://www.onsemi.com/download/models/lib/mur3060pt.lib,,,downloaded,637,385065abd555b3c2362ca307b35d43819ec231eac43c5bfb4f9e689a240e0a20,2026-09-19,1,2026-09-20,index_models-1,
https://www.onsemi.com/download/models/lib/mur3060wt.rev0.lib,,,downloaded,668,9c13a12f09e2993793a4fd6f6b66f9345b0fe8c2f9a8ee32d3a8afc687d8a53d,2026-09-19,1,2026-09-20,index_models-1,
https://www.onsemi.com/download/models/lib/mur340rl.lib,,,downloaded,657,49dbe8e03a17d552e0c2b24e9a2e1e53616f2bc518baa9b66b78d91f40898998,2026-09-19,1,2026-09-20,index_models-1,
https://www.onsemi.com/download/models/lib/mur405.rev0.lib,,,downloaded,663,a4577ca0e102f5765a482eb39f427e65683178a53c54607ef658b16e23762c9f,2026-09-19,1,2026-09-20,index_models-1,
https://www.onsemi.com/download/models/lib/mur4100erl.rev0.lib,,,downloaded,675,62eb7e27da9e25d3b8214f0fe39393ebfa8945696f073300b098c9ebcdeff0a5,2026-09-19,1,2026-09-20,index_models-1,
https://www.onsemi.com/download/models/lib/mur415rl.rev0.lib,,,downloaded,668,0c56412cd7939036b69dbaddb90630efea92af3f14673a3f9d20f182ade22e2b,2026-09-19,1,2026-09-20,index_models-1,
https://www.onsemi.com/download/models/lib/mur420rl.lib,,,downloaded,661,0c8a549e228eecf27ba389b4f977c10410501e63f968b8cd4659064226c5b165,2026-09-19,1,2026-09-20,index_models-1,
https://www.onsemi.com/download/models/lib/mur440rl.lib,,,downloaded,678,5054dab43fe2ba4cc82f79def09bd3d37847016694ffb9c073906b2eb5b8ac6d,2026-09-19,1,2026-09-20,index_models-1,
https://www.onsemi.com/download/models/lib/mur450pf.lib,,,downloaded,660,34c8a2f5c1ea70d0dacf9ff77721e9aabd7c4f795e99a9fe906bf99565af34b8,2026-09-19,1,2026-09-20,index_models-1,
https://www.onsemi.com/download/models/lib/mur460.lib,,,downloaded,665,6104457c0668f9b511cc70a62c1ae937ff28fa64ace2f80d40faa96f0ea3c9e3,2026-09-14,1,2026-09-20,index_models-1,
https://www.onsemi.com/download/models/lib/mur550pf.lib,,,downloaded,660,e831360a094fc0f3d5d1e75af7bf0498b7b7f075307a791cacf66aa9cae2232d,2026-09-19,1,2026-09-20,index_models-1,
https://www.onsemi.com/download/models/lib/mur620ct.lib,,,downloaded,666,b9bf215f5e45c13bf177b2ecf2f4585b2ffcae1e2d184d17bd842858475f4b7b,2026-09-19,1,2026-09-20,index_models-1,
https://www.onsemi.com/download/models/lib/mur805.rev0.lib,,,downloaded,667,8a3d33050c2a6778362a78e39539374b3cca0f36827f02004aa3b304f759dd5d,2026-09-19,1,2026-09-20,index_models-1,
https://www.onsemi.com/download/models/lib/mur810.rev0.lib,,,downloaded,667,d80ac3c73bf3e7ed705febb400770e8cdbbacc8b07e768653c11eb5450bbee35,2026-09-19,1,2026-09-20,index_models-1,
https://www.onsemi.com/download/models/lib/mur8100e.rev0.lib,,,downloaded,681,c92400382cadd054fa072c92fe90542a7e6102e0811c5b9e38eed3d18862c56b,2026-09-19,1,2026-09-20,index_models-1,
https://www.onsemi.com/download/models/lib/mur815.rev0.lib,,,downloaded,671,29df45cdd8bd27af2aef1866714ff51244728bb78ba4ee99369701c123f5ab2f,2026-09-19,1,2026-09-20,index_models-1,
https://www.onsemi.com/download/models/lib/mur820.rev0.lib,,,downloaded,667,5f23447a69de65590068dda2a9332dbbcb1a5651309b6895b1ad9461dc297771,2026-09-19,1,2026-09-20,index_models-1,
https://www.onsemi.com/download/models/lib/mur860.rev0.lib,,,downloaded,658,b1608fbbf5ca03a119c592c14d0cd6d9c9e5b2d5e6609b8249512df216d593a2,2026-09-19,1,2026-09-20,index_models-1,
https://www.onsemi.com/download/models/lib/mur880e.rev0.lib,,,downloaded,679,8726ff570d14ef1689be5c10ebe1abf85df387da1e8e832a37aaf8ad8ee0b665,2026-09-19,1,2026-09-20,index_models-1,
https://www.onsemi.com/download/models/lib/mura105t3.rev0.lib,,,downloaded,671,560853e3f0917fb08403467fbcc55ded419335970fd34e5e55a05b63f8d5b0e6,2026-09-19,1,2026-09-20,index_models-1,
https://www.onsemi.com/download/models/lib/mura110t3.rev0.lib,,,downloaded,677,87f41a3ee8dada22f3db014e4204446fe8c955cf333395b0333bdc734fee7a6a,2026-09-19,1,2026-09-20,index_models-1,
https://www.onsemi.com/download/models/lib/mura115.rev0.lib,,,downloaded,670,959942564aa66200a16f36b01cf7423cfc1331c81ef2e0b1f2fb638e26984bf5,2026-09-19,1,2026-09-20,index_models-1,
https://www.onsemi.com/download/models/lib/mura115t3.rev0.lib,,,downloaded,670,959942564aa66200a16f36b01cf7423cfc1331c81ef2e0b1f2fb638e26984bf5,2026-09-19,1,2026-09-20,index_models-1,
https://www.onsemi.com/download/models/lib/mura140t3.rev0.lib,,,downloaded,673,23d045bed911f1af120eae0a2e839979d7004020029b4de1b926347057bb445e,2026-09-19,1,2026-09-20,index_models-1,
https://www.onsemi.com/download/models/lib/mura160t3.lib,,,downloaded,671,757cba3f3c190054f8283d4b524cdf212772da738bd040fe67f2f2023e5b7895,2026-09-19,1,2026-09-20,index_models-1,
https://www.onsemi.com/download/models/lib/mura205t3.rev0.lib,,,downloaded,675,83eba480440bf163b092783ac56403d32d3a605f50e85160948095d6d8e3c086,2026-09-19,1,2026-09-20,index_models-1,
https://www.onsemi.com/download/models/lib/mura210t3.rev0.lib,,,downloaded,676,d1982a1fde639dad0eaa113c05326d342f7245a47c3245e23a51914b8a221870,2026-09-19,1,2026-09-20,index_models-1,
https://www.onsemi.com/download/models/lib/mura215t3.rev0.lib,,,downloaded,670,1465de49423ec323beb91e299b21064fd667ee038649a0abcc964bb4cb5743be,2026-09-19,1,2026-09-20,index_models-1,
https://www.onsemi.com/download/models/lib/mura220t3.rev0.lib,,,downloaded,666,714fa142f0dfb356157f84477c31b239d82a62a7fda37bf9387ba1041e229b07,2026-09-19,1,2026-09-20,index_models-1,
https://www.onsemi.com/download/models/lib/mura230t3.rev0.lib,,,downloaded,665,d7648fae18e3b733c76e67a028a91e54cd88eb31463942f9ec4b2c3f56aeeaf6,2026-09-19,1,2026-09-20,index_models-1,
https://www.onsemi.com/download/models/lib/mura240t3.rev0.lib,,,downloaded,665,3310aae4744fc1f2c2f335b5b1cac3de27d6922d02495122d13277b0aa937157,2026-09-19,1,2026-09-20,index_models-1,
https://www.onsemi.com/download/models/lib/murb1660ct.lib,,,downloaded,761,ddfb038887ea4acd9a92583f376fff09fc56a53d339f084911149dc18593149e,2026-09-19,2,2026-09-20,index_models-1,
https://www.onsemi.com/download/models/lib/murd320t4.rev0.lib,,,downloaded,660,70cfa8563142207f499acf6b6d30f5b6dc143ddc57dd26a43b10845087a968ab,2026-09-19,1,2026-09-20,index_models-1,
https://www.onsemi.com/download/models/lib/murd530t4g.lib,,,downloaded,1229,a09efb19007654de37fd3c8fa79affb9f96f567104da4ad43f0022555c6abf5e,2026-09-19,5,2026-09-20,index_models-1,
https://www.onsemi.com/download/models/lib/murd550pf.lib,,,downloaded,661,1193521e1c3dd488b689664df0c88da8934c60914e6e1d758eca077d5eaafa39,2026-09-19,1,2026-09-20,index_models-1,
https://www.onsemi.com/download/models/lib/murd620ctt4.rev0.lib,,,downloaded,671,b44fb58078b15c399ec780105e35c32132925496c7795da8c4958a0adaf48c6f,2026-09-19,1,2026-09-20,index_models-1,
https://www.onsemi.com/download/models/lib/murf1620ct.lib,,,downloaded,671,a4b49b926e7ba4830e1eedd13ebeb6de80efa1a5d230f4e4a69ca9408a5f1ae7,2026-09-19,1,2026-09-20,index_models-1,
https://www.onsemi.com/download/models/lib/murf1660ct.rev0.lib,,,downloaded,676,876af73dabf7e507e23be8912cbec291934e06caf473ce2a635fe7d4e80afeaa,2026-09-19,1,2026-09-20,index_models-1,
https://www.onsemi.com/download/models/lib/murf860g.lib,,,downloaded,655,3fce2f3f6cfb5582a43c622f648a13ce36088b4ee32b6027f919324aa3512f62,2026-09-19,1,2026-09-20,index_models-1,
https://www.onsemi.com/download/models/lib/murh840ct.rev0.lib,,,downloaded,674,f64e9ef72fe6777737f2aaa9e7a5aa3f458cf5a862115c855c9ea0dfff9f0cdb,2026-09-19,1,2026-09-20,index_models-1,
https://www.onsemi.com/download/models/lib/murhb840ctt4.rev0.lib,,,downloaded,670,6f10ad91c18562c83b33a6d12a3168a2da68f93a0732004cbf8194348ddc2f23,2026-09-19,1,2026-09-20,index_models-1,
https://www.onsemi.com/download/models/lib/murhd560.lib,,,downloaded,668,e97eccda77e04f80472b298568416446b226a2c25c4aceb1e071fd63603cfa95,2026-09-19,1,2026-09-20,index_models-1,
https://www.onsemi.com/download/models/lib/murhf860ct.lib,,,downloaded,674,b6f295ba418ec218e824d044b41eb54b4d6ec5e66d9478fd0245669657eca491,2026-09-19,1,2026-09-20,index_models-1,
https://www.onsemi.com/download/models/lib/murs105t3.rev0.lib,,,downloaded,667,f97c988f57df569ea10f5bb9e4460747fc1a3237a5e5936ebb9fb0ca177bbc27,2026-09-19,1,2026-09-20,index_models-1,
https://www.onsemi.com/download/models/lib/murs110t3.rev0.lib,,,downloaded,669,bc3a145fb4020a4c69cc2e190b415a6bcb34e903b233ee985ce276d99f6943e7,2026-09-19,1,2026-09-20,index_models-1,
https://www.onsemi.com/download/models/lib/murs120t3.lib,,,downloaded,651,605987a06a9753b40c85b416bca9ba152d7328f578c679570f659892fb0ec351,2026-09-19,1,2026-09-20,index_models-1,
https://www.onsemi.com/download/models/lib/murs140t3.lib,,,downloaded,669,e990e7786fd453cff65dab6f1f452f82167f8fb45e00a1e39fdac6f1040a2dbe,2026-09-19,1,2026-09-20,index_models-1,
https://www.onsemi.com/download/models/lib/murs160t3.rev0.lib,,,downloaded,672,3e4b9df8a64681b953cab80271171690c04de9ebad94f5a449f06362582bdbd7,2026-09-19,1,2026-09-20,index_models-1,
https://www.onsemi.com/download/models/lib/murs205t3.lib,,,downloaded,1265,621f1d088f99fceef08e3814854a3acf5743952c3c9ace7202af201a62064c0f,2026-09-19,5,2026-09-20,index_models-1,
https://www.onsemi.com/download/models/lib/murs210t3.lib,,,downloaded,1265,b5790c0afd144b8dd0ac7617d0af03b926e6787ccd140c16d5900213cefbc9fe,2026-09-19,5,2026-09-20,index_models-1,
https://www.onsemi.com/download/models/lib/murs220t3.rev0.lib,,,downloaded,671,65d496ff622761641bc8f0a2892bbe6296d88206be4ca4e83fba0dfefbada7a6,2026-09-19,1,2026-09-20,index_models-1,
https://www.onsemi.com/download/models/lib/murs230t3.lib,,,downloaded,671,11470b1519dbfe3d8156c7bb768334fbf15b62c8954abf2931e7d42776224f8e,2026-09-19,1,2026-09-20,index_models-1,
https://www.onsemi.com/download/models/lib/murs320t3.rev0.lib,,,downloaded,677,6fb18576bf40c63fbef40bde6c46c034d0dc4b5592d67c6b37fbd68a18e07596,2026-09-19,1,2026-09-20,index_models-1,
https://www.onsemi.com/download/models/lib/murs340t3.lib,,,downloaded,672,38aef44540761a290d4092187c5909f2b4e8df0a05874e1cd73b2ecc28a4789c,2026-09-19,1,2026-09-20,index_models-1,
https://www.onsemi.com/download/models/lib/murs360bt3g%20(spice%20model).lib,,,downloaded,587,901c4a11a73c9db47a65db3c80db56fd3387027ad8842f23d2d9b8f1b5eac0a4,2026-09-19,1,2026-09-20,index_models-1,
https://www.onsemi.com/download/models/lib/murs360t3.lib,,MURS360,downloaded,661,afc0c8a7623f90d48107f70fc9ae09895d5463a12df133e4c5ea3acd0e2a4885,2026-09-19,1,2026-09-20,index_models-1,
https://www.onsemi.com/download/models/lib/murs480et3g.lib,,,downloaded,659,f83955434d1e06daf723eaa2b324039007541df84f227f1251001b92903bafa6,2026-09-19,1,2026-09-20,index_models-1,
https://www.onsemi.com/download/models/lib/mv104.lib,,,downloaded,1063,3e659dc33bc4b8acc86939e7c35243a0b7c94e7b8afd53b5f613a93210ba55af,2026-09-19,4,2026-09-20,index_models-1,
https://www.onsemi.com/download/models/lib/ncp431%20spice2%20model.lib,,,downloaded,1035,9dc74c9f6b3947042f77c2e396f8dbfc51b3f626f71543f758d5d0e1ab19c870,2026-09-19,5,2026-09-20,index_models-1,
https://www.onsemi.com/download/models/lib/ncs2001%20lib.lib,,,downloaded,4741,f14a6c24892f529c1d7c5a2f6bc9559577376250a6fc21376d8b7765c604fa1a,2026-09-19,5,2026-09-20,index_models-1,
https://www.onsemi.com/download/models/lib/ncs2003_pspice_model.lib,,,downloaded,5965,1375667988137af67849d48530c3c737adfa4c6090c4866d9a4bca324e9016e8,2026-09-19,6,2026-09-20,index_models-1,
https://www.onsemi.com/download/models/lib/ncs2004%20pspice.lib,,,downloaded,5686,db3a92aae6b9b42357cf401076e621f14f24422418eae5f86521c74e7b23c87f,2026-09-19,5,2026-09-20,index_models-1,
https://www.onsemi.com/download/models/lib/ncs2006%20spice%20model.lib,,,downloaded,6021,b0feab3645d1923e39fba9c19cf814fa8138e89391c6f7b939087c3b0aeb8d65,2026-09-19,17,2026-09-20,index_models-1,
https://www.onsemi.com/download/models/lib/ncs210r%20spice%20model.lib,,,downloaded,7080,74ce6e60481aeaeb408f9b44ff0cdf64eb29fa7567b4d877b01e66ecef6f6984,2026-09-19,20,2026-09-20,index_models-1,
https://www.onsemi.com/download/models/lib/ncs211r%20spice%20model.lib,,,downloaded,7082,5e1467a7dc4710dda7cceda122782e46e819c8424ffdab045fbe7d72cf97f463,2026-09-19,20,2026-09-20,index_models-1,
https://www.onsemi.com/download/models/lib/ncs213r%20spice%20model.lib,,,downloaded,7084,e7bbe01c3a256268a54b09a89cbb2fa4db35dbf6c1908d96219c1e721028ad6c,2026-09-19,20,2026-09-20,index_models-1,
https://www.onsemi.com/download/models/lib/ncs214r%20spice%20model.lib,,,downloaded,7084,dc892444e4cfd3f7f9994691f6ff5308fd888622b7cda940331cdf4da0de748a,2026-09-19,20,2026-09-20,index_models-1,
https://www.onsemi.com/download/models/lib/ncs325%20pspice%20model.lib,,,downloaded,5930,afb21307bcd3a8f0d58b8cd99ea12d0301eaa430ae7517f0abdfa963a4f2a558,2026-09-19,6,2026-09-20,index_models-1,
https://www.onsemi.com/download/models/lib/ncs5652%20pspice%20model.lib,,,downloaded,11007,85e5a05e228be06222fb574e6b3b81d5ca03190a5284ee77a9ed49048df0849d,2026-09-19,14,2026-09-20,index_models-1,
https://www.onsemi.com/download/models/lib/ncv4274c%20pspice%20model.lib,,,downloaded,17591,f9d6ede6ab9069cbed11af3c5975653fb978c3861e946d73e54e2b3288c3f44b,2026-09-19,19,2026-09-20,index_models-1,
https://www.onsemi.com/download/models/lib/ncv952%2024v%20pspice%20model%20lib.lib,,,downloaded,7109,2c3f5f2eda92bbdcca8e067979fbce6815a4e111df2b54b8862c88090193c2f2,2026-09-19,6,2026-09-20,index_models-1,
https://www.onsemi.com/download/models/lib/ncv952_pspice_model_lib.lib,,,downloaded,6647,799221fdb4945d03b6f6038ef421d81f2dcfacbd1203aab71054bcb6596a8b65,2026-09-19,6,2026-09-20,index_models-1,
https://www.onsemi.com/download/models/lib/ndb6030pl.lib,,,downloaded,2101,aaa8a48003b812a2f5abe4dd04606b435780f3c1520d38692999b28b38899619,2026-09-19,7,2026-09-20,index_models-1,
https://www.onsemi.com/download/models/lib/ndp6020p.lib,,,downloaded,1094,9a2cae4a50bebdb427e87b0f819edb61bb2ede6d081c9810596d81cb61290e3a,2026-09-19,7,2026-09-20,index_models-1,
https://www.onsemi.com/download/models/lib/ndt3055l.lib,,,downloaded,1100,79ca949a54a1275cea0b8def38af12eb91626f8c33db74d76fd276899575f1c6,2026-09-19,7,2026-09-20,index_models-1,
https://www.onsemi.com/download/models/lib/ndt451an.lib,,,downloaded,1114,fb9f4dac3508428f63a89e1b957f5d17e3e725f3f4fee1d11a085033067f598b,2026-09-19,7,2026-09-20,index_models-1,
https://www.onsemi.com/download/models/lib/ne5517%20spice%20model.lib,,,downloaded,1799,c16a531900e120840a2c59885ebd14c3bf347c024738e548653042dbd1091911,2026-09-19,3,2026-09-20,index_models-1,
https://www.onsemi.com/download/models/lib/ngtb40n120fl2wg(pspice%20model).lib,,,downloaded,3028,e0a568bd084185e8963ac2e0036d73519a7c3ff6054f2c4baca1ae1298886003,2026-09-19,8,2026-09-20,index_models-1,
https://www.onsemi.com/download/models/lib/nhpv08s600g.lib,,,downloaded,665,6e04296841c04a051ffbf4fe89d245d8b0f74f985386f91e468e89a254f90835,2026-09-19,1,2026-09-20,index_models-1,
https://www.onsemi.com/download/models/lib/nhpv15s600g.lib,,,downloaded,666,c7823aaedb82df9f154bbde4638e8d8d4797dda61a292e534676a0a54ebdca0c,2026-09-19,1,2026-09-20,index_models-1,
https://www.onsemi.com/download/models/lib/nis3071%20spice%20model.lib,,,downloaded,7023,129a81c51b3dc9bb70701907bec5fe3485b341c94f8b286fdfa99c7e4eeb3031,2026-09-19,26,2026-09-20,index_models-1,
https://www.onsemi.com/download/models/lib/niv1161.lib,,,downloaded,2851,f5b1aae66c5d0371732f454a310089351010ed53ea43b69f274ea06e578e2cb7,2026-09-19,12,2026-09-20,index_models-1,
https://www.onsemi.com/download/models/lib/niv1241.lib,,,downloaded,5294,a0378bf8619a7ee3bf0602da90bb3aaf452e9a0b7951195be262d659ea7feafd,2026-09-19,20,2026-09-20,index_models-1,
https://www.onsemi.com/download/models/lib/niv2161.lib,,,downloaded,4155,6dba8d1f34d4f971411db4f03e51a597ec04f7e2dc7da9d385ff14a602769e1e,2026-09-19,20,2026-09-20,index_models-1,
https://www.onsemi.com/download/models/lib/njd2873t4.lib,,,downloaded,977,20011cebd9f0a752b98661f904e2e69c04385e7471cbe9916d7faa93ef790877,2026-09-19,1,2026-09-20,index_models-1,
https://www.onsemi.com/download/models/lib/njd35n04.lib,,,downloaded,1627,c3182afeae882caa8b5f332c6a66105c2af59e282455a607e57dea4da2a2cd34,2026-09-19,4,2026-09-20,index_models-1,
https://www.onsemi.com/download/models/lib/njl0281d.lib,,,downloaded,2330,f7c2e4d3b8f139b13fcfa0fa7c7b58b822c94c16be3e6d204c4781be3061cb64,2026-09-19,3,2026-09-20,index_models-1,
https://www.onsemi.com/download/models/lib/njl0302d.lib,,,downloaded,2315,6079d1105f1902c1ca78af2fc470955a1d4d64403f1f60ee2a1c81014ecd42f1,2026-09-19,3,2026-09-20,index_models-1,
https://www.onsemi.com/download/models/lib/njl1302d.lib,,,downloaded,959,59f96084edc226a4d7f75b24e56280bd46e91457a4653bab1141502d9a6c9d7f,2026-09-19,1,2026-09-20,index_models-1,
https://www.onsemi.com/download/models/lib/njl21193d.lib,,,downloaded,2338,ca6453cec23a3954b389b93ae6cbdfda033e88b4830c5ceb52f6708e148b9a9d,2026-09-19,3,2026-09-20,index_models-1,
https://www.onsemi.com/download/models/lib/njl21194d.lib,,,downloaded,2329,edf8a625f726c09d2b35b452c21e28cb48d0843b2645907ce29da47e923a7b08,2026-09-19,3,2026-09-20,index_models-1,
https://www.onsemi.com/download/models/lib/njl3281d.lib,,,downloaded,947,196d48e9ab8772ddb6ff627a461ec54a766ce8f56448d415885b9ebed1e3849a,2026-09-19,1,2026-09-20,index_models-1,
https://www.onsemi.com/download/models/lib/njl3281dg.lib,,,downloaded,676,c130a5de3104671532ba76d8529f44f6f312b1c9e56808c8d56c39c5a9d1f2c1,2026-09-19,1,2026-09-20,index_models-1,
https://www.onsemi.com/download/models/lib/njl4281dg.lib,,,downloaded,2308,14ff4e605bba6d7b83c796e910f7d2a948de86fcb362dbd2ab6cedf9b61af20f,2026-09-19,3,2026-09-20,index_models-1,
https://www.onsemi.com/download/models/lib/njl4302dg.lib,,,downloaded,2299,c244d2b62cac6496df9d538354f490cb78b30c672bcf93abc9ed84bfa9947d27,2026-09-19,3,2026-09-20,index_models-1,
https://www.onsemi.com/download/models/lib/njw0281g.lib,,,downloaded,971,5f0670fcaa50c9f97375d77d75ff251ccff5b5e72baf0d6f8853e280d95fadaf,2026-09-14,1,2026-09-20,index_models-1,
https://www.onsemi.com/download/models/lib/njw0302g.lib,,,downloaded,961,c6f6f9d6d10e91944f2bb7b76437961f06b7758901adee27e4fb2854e6d6d17c,2026-09-14,1,2026-09-20,index_models-1,
https://www.onsemi.com/download/models/lib/njw1302g.lib,,,downloaded,969,407edd3467ee3b9e05965ba104009e6768780a6fb32008a0c935717dbbfddd8a,2026-09-14,1,2026-09-20,index_models-1,
https://www.onsemi.com/download/models/lib/njw21193g.lib,,,downloaded,948,08e76214570772e18103309fcbdfae8875129baa6855d6cc832dfab4da5e22cd,2026-09-14,1,2026-09-20,index_models-1,
https://www.onsemi.com/download/models/lib/njw21194g.lib,,,downloaded,959,c87ed9235e09385c5c6de87972956e2fe611de3cc3ced269c6ef204ac8731c1b,2026-09-14,1,2026-09-20,index_models-1,
https://www.onsemi.com/download/models/lib/njw3281g.lib,,,downloaded,935,4774f08ec60cd008fa6bc0e0b09970618c6fe9ed33c065f4b7ef88239db66082,2026-09-14,1,2026-09-20,index_models-1,
https://www.onsemi.com/download/models/lib/njx1675p_lib.lib,,,downloaded,2423,ee66cd312c22a0fd59a7097fcc66df5f44b5653f08cc977045687987a48eddad,2026-09-19,3,2026-09-20,index_models-1,
https://www.onsemi.com/download/models/lib/nrvbb1060t4g.lib,,,downloaded,684,26a63a6cf757e0bf9b83e016fea45b80b5bae2d5aeff1c4c3f9be5b2cbdbab9c,2026-09-19,1,2026-09-20,index_models-1,
https://www.onsemi.com/download/models/lib/nrvbs215fa(spice%20model).lib,,,downloaded,614,6999870afbfa3bce370b054d38451551e9aba4b9dc5d46050799446f274d48e3,2026-09-19,1,2026-09-20,index_models-1,
https://www.onsemi.com/download/models/lib/nrvbs3200n%20spice%20model.lib,,,downloaded,604,bf4f8af365b1b45a0c07cf07a6ac6cc40241b34a3af0c8d463f1d43a124447f3,2026-09-19,1,2026-09-20,index_models-1,
https://www.onsemi.com/download/models/lib/nrvhp120sf%20(spice%20model).lib,,,downloaded,566,e273e29cd889d961a38e1b35d8dfb850fa7c829507472381f0f48e828fe08e9d,2026-09-19,1,2026-09-20,index_models-1,
https://www.onsemi.com/download/models/lib/nrvhp160sf%20(spice%20model).lib,,,downloaded,617,17ffc251c31ba2757ea9d310e1bebba013bcaf00be5fdf26617c823e2a589adf,2026-09-19,1,2026-09-20,index_models-1,
https://www.onsemi.com/download/models/lib/nrvhp820lfst1g_lib.lib,,,downloaded,675,277264236ea63b0427a85e67e69be5108535649e77addd297bf2efce57910791,2026-09-19,1,2026-09-20,index_models-1,
https://www.onsemi.com/download/models/lib/nrvhp8h200mfd_lib.lib,,,downloaded,1269,bd3956885ce82073ce2aa8a0fb2e552d5c06dd10c0f01e12b609bf280e62eb2b,2026-09-19,5,2026-09-20,index_models-1,
https://www.onsemi.com/download/models/lib/nrvs1gfl%20(pspice%20model).lib,,,downloaded,591,f59d3537056997c06fe7191538f6bd2b86e489adc0553d0fb60515b5e10d8357,2026-09-19,1,2026-09-20,index_models-1,
https://www.onsemi.com/download/models/lib/nrvts10100pfs_lib.lib,,,downloaded,675,a14edba918d490e100d0e61ba2995a4921fe4ad7e2bc041e95db62e005756631,2026-09-19,1,2026-09-20,index_models-1,
https://www.onsemi.com/download/models/lib/nrvts1045emfs_lib.lib,,,downloaded,673,89b3221e992adceb77b03cf77363db399d1270de1413e8ef3594c5dc75f082ab,2026-09-19,1,2026-09-20,index_models-1,
https://www.onsemi.com/download/models/lib/nrvts1260emfs_lib.lib,,,downloaded,674,07ca24fcb779ef748b4c884642e03e7b0482f4e11e3a7eb59e39597189282fe6,2026-09-19,1,2026-09-20,index_models-1,
https://www.onsemi.com/download/models/lib/nrvts15100pfs_lib.lib,,,downloaded,675,a14edba918d490e100d0e61ba2995a4921fe4ad7e2bc041e95db62e005756631,2026-09-19,1,2026-09-20,index_models-1,
https://www.onsemi.com/download/models/lib/nrvts1545emfs_lib.lib,,,downloaded,666,ec83e060530799168b4eb42d2cec33ac8a7a69c6aaa02e1b1fa1b4022cf40a5d,2026-09-19,1,2026-09-20,index_models-1,
https://www.onsemi.com/download/models/lib/nrvts1560pfs%20(spice%20model).lib,,,downloaded,778,6651ccebe6dae667a4639c5854e47623578982a3d8494715912dd5dc86d1bcf1,2026-09-19,2,2026-09-20,index_models-1,
https://www.onsemi.com/download/models/lib/nrvts245esf_lib.lib,,,downloaded,669,681b853820cc791d02e081a272d969ce633dfe6b954aa57baa5be34f75f341cb,2026-09-19,1,2026-09-20,index_models-1,
https://www.onsemi.com/download/models/lib/nrvts260esf_lib.lib,,,downloaded,670,676fe4ddea8f140572ca9c54ece3a4792a93f53021435697ef571c84146f9388,2026-09-19,1,2026-09-20,index_models-1,
https://www.onsemi.com/download/models/lib/nrvts2h60esf%20(spice%20model).lib,,,downloaded,1116,7bcd73be9a3f6254101db95300456724f421c648e722ce34691a36891810fc95,2026-09-19,2,2026-09-20,index_models-1,
https://www.onsemi.com/download/models/lib/nrvts30100mfs%20spice%20model.lib,,,downloaded,1097,a9edab0fbd05b2cbe6f5d789a4b13b561ac1d064d9705416ce22d1599e1a0c01,2026-09-19,2,2026-09-20,index_models-1,
https://www.onsemi.com/download/models/lib/nrvts5100e_lib.lib,,,downloaded,678,558f497b920c69e59b61f8e5612950cb3ed87b1f8c4e6fd39f0c6468e66f0232,2026-09-19,1,2026-09-20,index_models-1,
https://www.onsemi.com/download/models/lib/nrvts560emfs_lib.lib,,,downloaded,673,10e0f10a57215a3734597a208afacc70c2fe6f475bb0995ac5f02fc06bf74983,2026-09-19,1,2026-09-20,index_models-1,
https://www.onsemi.com/download/models/lib/nrvts860emfs_lib.lib,,,downloaded,669,300ba440a466109de184e69abc135660c51a2010f6b70fdfad5be50b2ce8494a,2026-09-19,1,2026-09-20,index_models-1,
https://www.onsemi.com/download/models/lib/nrvts8h120emfs_lib.lib,,,downloaded,675,d7b6259ac17ec26b0fb5d5999eac9a0ebd76accd02b4138e8087f9711e733a11,2026-09-19,1,2026-09-20,index_models-1,
https://www.onsemi.com/download/models/lib/nrvtsa3100e%20(spice%20model).lib,,,downloaded,1065,8e25ff5236c8b0a0204870fadddc0693d4ff3b041a23a5e9643d2b419e5e1eb1,2026-09-19,2,2026-09-20,index_models-1,
https://www.onsemi.com/download/models/lib/nrvtsa4100e_lib.lib,,,downloaded,667,fc0c9a1c5fcd5740b83a20b532ec1251a3c32e9fdd80bc0c5dd2f7e3d0595b51,2026-09-19,1,2026-09-20,index_models-1,
https://www.onsemi.com/download/models/lib/nrvtsaf5100e_lib.lib,,,downloaded,666,6f0619d669f0d170b57f18e88526e793757bbe3d199096ef8a3f539b5948a514,2026-09-19,1,2026-09-20,index_models-1,
https://www.onsemi.com/download/models/lib/nrvtsm260e_lib.lib,,,downloaded,669,b044616680faa3111ecaec8308d27baef7a695f1191192a051ceb90232f82406,2026-09-19,1,2026-09-20,index_models-1,
https://www.onsemi.com/download/models/lib/nrvtsm260ev2_lib.lib,,,downloaded,678,4e754c1c83f9c5eb446811e1fed55ded4b8b08e4fe40d866936162dcae68adbb,2026-09-19,1,2026-09-20,index_models-1,
https://www.onsemi.com/download/models/lib/nrvtss3100e_lib.lib,,,downloaded,658,39235a88a9064134c5bdc54b8b9aa91c30f3d7c2afd7b22651dba5b33531af2f,2026-09-19,1,2026-09-20,index_models-1,
https://www.onsemi.com/download/models/lib/nrvtss5100e_lib.lib,,,downloaded,665,ab28300c6ac54c242c4d1f7d6e91057c0a743aa6b4ad695735193cd3d264b8b5,2026-09-19,1,2026-09-20,index_models-1,
https://www.onsemi.com/download/models/lib/nsb1011_q1.lib,,,downloaded,1048,bcea894bcbee5a0cb51ce5cf83afb06dc60de5988bb4fcb9c2fdefb83c614226,2026-09-19,2,2026-09-20,index_models-1,
https://www.onsemi.com/download/models/lib/nsb4904dw1_npn.lib,,,downloaded,1049,755e46f28cd85caf43a46dccaf07949707d73aefabb7624e0c48b24c8b4bec72,2026-09-19,2,2026-09-20,index_models-1,
https://www.onsemi.com/download/models/lib/nsb4904dw1_pnp.lib,,,downloaded,1065,c560bdd9441f8d6ff53719c0f62491d9ba32e1cbf1069e898f5ff14dbca36b12,2026-09-19,2,2026-09-20,index_models-1,
https://www.onsemi.com/download/models/lib/nsb9435t1.lib,,,downloaded,985,0a04569628e615c2bb1514eaa955c405d64312999591bef8afd3d6b1ebfae674,2026-09-19,1,2026-09-20,index_models-1,
https://www.onsemi.com/download/models/lib/nsba113ef3.lib,,,downloaded,1049,7daf8e2ad49f1f34dce6d7b259a415f1ef09d76b2032f0f0276804e635400d5e,2026-09-19,2,2026-09-20,index_models-1,
https://www.onsemi.com/download/models/lib/nsba114edp6.lib,,,downloaded,1070,5219dc8c023a601e5912221914e338e5e7907f588ede80ac9ebe6f5a584de0da,2026-09-19,2,2026-09-20,index_models-1,
https://www.onsemi.com/download/models/lib/nsba114edxv6.lib,,,downloaded,1071,5ab1e54bbf8df0759fe5620417d5de68a4aaf78d0e2d26dc39eeafdc24f285b3,2026-09-19,2,2026-09-20,index_models-1,
https://www.onsemi.com/download/models/lib/nsba114ef3.lib,,,downloaded,1069,bb1f7c6908aaa1314e1d3164e2497a747cc1996f9fe89c041e5d229869d436dd,2026-09-19,2,2026-09-20,index_models-1,
https://www.onsemi.com/download/models/lib/nsba114tdp6.lib,,,downloaded,1056,47f5d8784c9cb419ba9f8ea4c3f38d0adc84ba8757bfb9410ea189040e9e301d,2026-09-19,2,2026-09-20,index_models-1,
https://www.onsemi.com/download/models/lib/nsba114tdxv6.lib,,,downloaded,1094,8c354cfd9155575323887f4a48d73fc7c18ac1e051038f8b80f316311b96acd8,2026-09-19,2,2026-09-20,index_models-1,
https://www.onsemi.com/download/models/lib/nsba114tf3.lib,,,downloaded,1055,066baff1a201c202ff6533725afda945a5719af6fadda87ad61718ba9e98e903,2026-09-19,2,2026-09-20,index_models-1,
https://www.onsemi.com/download/models/lib/nsba114ydp6.lib,,,downloaded,1070,e9e1e2746e17e298789277c179778666edab8f15ac429c8830e13cd36a42f22d,2026-09-19,2,2026-09-20,index_models-1,
https://www.onsemi.com/download/models/lib/nsba114ydxv6.lib,,,downloaded,1071,00e15d6e9c0bf507de0b63ac19ba9ae647ec808702653c3258160ef23df96e85,2026-09-19,2,2026-09-20,index_models-1,
https://www.onsemi.com/download/models/lib/nsba115edxv6.lib,,,downloaded,1073,cb2071b66e27cbf4092e910a4191ab3d5145c652bda5a8e0843860b9defb170d,2026-09-19,2,2026-09-20,index_models-1,
https://www.onsemi.com/download/models/lib/nsba115tdp6.lib,,,downloaded,1057,f0627460834b3c59554875ae6b8cf8817b4b31fbb300eeb944516a7f086178df,2026-09-19,2,2026-09-20,index_models-1,
https://www.onsemi.com/download/models/lib/nsba115tf3.lib,,,downloaded,1056,a6a50229f688dd744f577f23d37f7e3fbfdaf2375fff970ad77773218fa61880,2026-09-19,2,2026-09-20,index_models-1,
https://www.onsemi.com/download/models/lib/nsba123ef3.lib,,,downloaded,1049,79c75d9bbe25eb6a54923d00673b6f660d046a8e4f3969fbef5657b14dd86f64,2026-09-19,2,2026-09-20,index_models-1,
https://www.onsemi.com/download/models/lib/nsba123jdp6.lib,,,downloaded,1069,90ffe40cfc83d0a570661049aeee83ecaf0539e337534fee73d56080a21075ee,2026-09-19,2,2026-09-20,index_models-1,
https://www.onsemi.com/download/models/lib/nsba123jdxv6.lib,,,downloaded,1070,aec2291db58f3b19b9989295a529d4061b5083abd7bdc5e9fc187254c4805db2,2026-09-19,2,2026-09-20,index_models-1,
https://www.onsemi.com/download/models/lib/nsba123jf3.lib,,,downloaded,1068,31b15d3fe0e2aa3995112c24ca24aee379b330026093edd51a9420ddc38b81a5,2026-09-19,2,2026-09-20,index_models-1,
https://www.onsemi.com/download/models/lib/nsba123tdp6.lib,,,downloaded,1055,80048c7743d7321c6bbd48b869d9161f36bfb428587a100f43c450e453da1209,2026-09-19,2,2026-09-20,index_models-1,
https://www.onsemi.com/download/models/lib/nsba123tf3.lib,,,downloaded,1054,5289c76f83de82876c85ae94db28d0ccdfc92947ce8f5dc492cb1ce149c52315,2026-09-19,2,2026-09-20,index_models-1,
https://www.onsemi.com/download/models/lib/nsba124edp6.lib,,,downloaded,1070,ff39aab031efd6ce9135c6d4b151a316ce9ffcb98481078921444800f297f312,2026-09-19,2,2026-09-20,index_models-1,
https://www.onsemi.com/download/models/lib/nsba124ef3.lib,,,downloaded,1069,e802dff00000e3b83e569bb6397b6d3f775b0d732fea685ce3a840aaec5f7b5d,2026-09-19,2,2026-09-20,index_models-1,
https://www.onsemi.com/download/models/lib/nsba124xf3.lib,,,downloaded,1051,1ac3d9b70aaf3e320b3ef99da5289fa4d5f99d3a18f3115db9ec974dc651b7ce,2026-09-19,2,2026-09-20,index_models-1,
https://www.onsemi.com/download/models/lib/nsba143ef3.lib,,,downloaded,1067,0a68aa40ca4f8f8b42784b657410a1f1405f60651dce52219764d1fcc9c11b1f,2026-09-19,2,2026-09-20,index_models-1,
https://www.onsemi.com/download/models/lib/nsba143tf3.lib,,,downloaded,1034,001316c6a45c00634b016a306eadef0322aaa0d2344b8f6b37112fbdbfb42505,2026-09-19,2,2026-09-20,index_models-1,
https://www.onsemi.com/download/models/lib/nsba143zf3.lib,,,downloaded,1068,eb7d6a7e6c130588e6a4bf1eaae0b7abbc9ffcd24d3a6fa12f86e6f56302adcd,2026-09-19,2,2026-09-20,index_models-1,
https://www.onsemi.com/download/models/lib/nsba144edp6.lib,,,downloaded,1070,dc36b17150b2e24d62f84a6818c27ade8e8171981c5e07cc0fcae74401b35d84,2026-09-19,2,2026-09-20,index_models-1,
https://www.onsemi.com/download/models/lib/nsba144edxv6.lib,,,downloaded,1071,7d18f5ba85f478eeaa16e6edde267298edc9eb071f541e971b06836afc6be73f,2026-09-19,2,2026-09-20,index_models-1,
https://www.onsemi.com/download/models/lib/nsba144ef3.lib,,,downloaded,1069,4ac0ae9e7a699bde524cdb917b8474db55d8a45c64608f5cbfe0377006b2bf52,2026-09-19,2,2026-09-20,index_models-1,
https://www.onsemi.com/download/models/lib/nsba144tf3.lib,,,downloaded,1035,8024c3327c0feeb1d0dee5f783efe48b37658e25f1a730e97576e67a2d870960,2026-09-19,2,2026-09-20,index_models-1,
https://www.onsemi.com/download/models/lib/nsba144wdp6.lib,,,downloaded,1070,f3f311ee082cb534ca58479d7a055f16573c9eacfbfe6fce6e803dd1c324d826,2026-09-19,2,2026-09-20,index_models-1,
https://www.onsemi.com/download/models/lib/nsba144wf3.lib,,,downloaded,1069,6c2f8d9a45c4de192ced9d6bdfce309bbc0472278f3de9427b7aedb58477dc47,2026-09-19,2,2026-09-20,index_models-1,
https://www.onsemi.com/download/models/lib/nsbc113ef3.lib,,,downloaded,1029,4427b4b127677fe00c3c274406ebe09ab3873ac3249a488060dd1299c3354d8b,2026-09-19,2,2026-09-20,index_models-1,
https://www.onsemi.com/download/models/lib/nsbc114edp6.lib,,,downloaded,1050,6166ad0e628a6c15ece01bb295573bce3f9d56a7bca68c3c8a8f007364edb910,2026-09-19,2,2026-09-20,index_models-1,
https://www.onsemi.com/download/models/lib/nsbc114edxv6t1.rev0.lib,,,downloaded,1104,2dd04089c3d6f04d24b8e5df370408e1ce16c61dc0829f61af9afa1c43cf90b7,2026-09-19,2,2026-09-20,index_models-1,
https://www.onsemi.com/download/models/lib/nsbc114ef3.lib,,,downloaded,1045,415146d878e24ec64e35d80db00a914a0996fe3a0800183b0679059fe7fea9b5,2026-09-19,2,2026-09-20,index_models-1,
https://www.onsemi.com/download/models/lib/nsbc114epdp6_pnp.lib,,,downloaded,1070,a117e9eaf54d2bc767ad358eaaa88a82634908840000de72a87273f14afcf09c,2026-09-19,2,2026-09-20,index_models-1,
https://www.onsemi.com/download/models/lib/nsbc114epdxv6t1.lib,,,downloaded,2031,4014f064e9d9b65bba3b4c69cfc74ff8ffab2ff228ab065c469dd69e889ff110,2026-09-19,5,2026-09-20,index_models-1,
https://www.onsemi.com/download/models/lib/nsbc114tdp6.lib,,,downloaded,1036,56804ea9e7af58cd485e0b56ab2aba2a52d05b5c0d01aaefeb16276c1ee5035a,2026-09-19,2,2026-09-20,index_models-1,
https://www.onsemi.com/download/models/lib/nsbc114tdxv6.lib,,,downloaded,1037,7cec1ed8f4d3387d6291e99fc46a0743576cca96e892770946dfb160397bc321,2026-09-19,2,2026-09-20,index_models-1,
https://www.onsemi.com/download/models/lib/nsbc114tf3.lib,,,downloaded,1031,5458928ea19f398a63b2f8da568de4099d68b155929b2a62ed3778de075b32ac,2026-09-19,2,2026-09-20,index_models-1,
https://www.onsemi.com/download/models/lib/nsbc114ydxv6t1.lib,,,downloaded,1072,342ac02e5342374ad6b3c2ec1da52690d94cf84583de27d9f2c3d59fc5652750,2026-09-19,2,2026-09-20,index_models-1,
https://www.onsemi.com/download/models/lib/nsbc114yf3.lib,,,downloaded,1045,15405f67893d589f3184ba3094eea17be9345f8670643c3a4c82ee7a05816f4f,2026-09-19,2,2026-09-20,index_models-1,
https://www.onsemi.com/download/models/lib/nsbc114ypdp6_npn.lib,,,downloaded,1052,14a5a4869fd3b3e0d3974c79c5a42c0fedb652f2c0e9ac52607350ab3b044361,2026-09-19,2,2026-09-20,index_models-1,
https://www.onsemi.com/download/models/lib/nsbc114ypdp6_pnp.lib,,,downloaded,1071,4824f5c1c3b393ad0bdd5f153b3b8672187e38972166a3805bbae9702ee798a3,2026-09-19,2,2026-09-20,index_models-1,
https://www.onsemi.com/download/models/lib/nsbc114ypdxv6t1.lib,,,downloaded,1989,99b12e1213ac2f76a93b84674d26bd2661443c977e6a39f247d0483cd7699e73,2026-09-19,5,2026-09-20,index_models-1,
https://www.onsemi.com/download/models/lib/nsbc115edxv6.lib,,,downloaded,1053,7c12eb5cbd72d07103bad8b62a38a3e06e5cfbc6734c6110cbec93b2964bd54e,2026-09-19,2,2026-09-20,index_models-1,
https://www.onsemi.com/download/models/lib/nsbc115tf3.lib,,,downloaded,1032,b43549a9fe4cf19a0bc29d8f294e6652bbbb03261d6358e0c926a9ce952435cf,2026-09-19,2,2026-09-20,index_models-1,
https://www.onsemi.com/download/models/lib/nsbc115tpdp6_npn.lib,,,downloaded,1038,fc406370b7569519d014c955e4334de1193f2750c8f9b6899c621332f58fd2df,2026-09-19,2,2026-09-20,index_models-1,
https://www.onsemi.com/download/models/lib/nsbc115tpdp6_pnp.lib,,,downloaded,1058,71477ccdb075c36fd3ea178a234c63a635e6a0199ab77d35c9f882e862ce8c3f,2026-09-19,2,2026-09-20,index_models-1,
https://www.onsemi.com/download/models/lib/nsbc123ef3.lib,,,downloaded,1029,9ac22a2eeaf3e30dd131a3bbbb1edfb3767f6e6f0c016853efe1c508df7428e3,2026-09-19,2,2026-09-20,index_models-1,
https://www.onsemi.com/download/models/lib/nsbc123jf3.lib,,,downloaded,1044,d888b1347c3badee2bfc3db35359b2619e04c916242d8db6e19968c4d8f762ad,2026-09-19,2,2026-09-20,index_models-1,
https://www.onsemi.com/download/models/lib/nsbc123jpdp6_npn.lib,,,downloaded,1049,0f9a7727fc53933b8b72ae8b690cd376c5023ae3c3c56d88fad90c4a4b9d9107,2026-09-19,2,2026-09-20,index_models-1,
https://www.onsemi.com/download/models/lib/nsbc123jpdp6_pnp.lib,,,downloaded,1070,53576ad6aa6ccf3ee9a58bbbf7a4d9831458b802434ade0793ca3a26dd60e877,2026-09-19,2,2026-09-20,index_models-1,
https://www.onsemi.com/download/models/lib/nsbc123jpdxv6_npn.lib,,,downloaded,1051,9ac06c278d9418c38320af07afb63331c5e6ace4c3f60040f8e45d4c5b377a32,2026-09-19,2,2026-09-20,index_models-1,
https://www.onsemi.com/download/models/lib/nsbc123jpdxv6_pnp.lib,,,downloaded,1071,1fa490442be1cf9266bf3638bceb9c44653f65506f4dcc212af65c3d0f9245dc,2026-09-19,2,2026-09-20,index_models-1,
https://www.onsemi.com/download/models/lib/nsbc123tdp6.lib,,,downloaded,1034,31824e380e4e1beccacd54484ac53ca59ae38203592d90b5125c9b75301f7abb,2026-09-19,2,2026-09-20,index_models-1,
https://www.onsemi.com/download/models/lib/nsbc123tf3.lib,,,downloaded,1030,08753bf393284fb52667dec4d24dfa66171060662108fd7714556e08a6e1d82a,2026-09-19,2,2026-09-20,index_models-1,
https://www.onsemi.com/download/models/lib/nsbc124edp6.lib,,,downloaded,1050,faba54987e34c316d92bd930ff1f1dfc0bb648ccb938e52c6f39ec64b7d596b4,2026-09-19,2,2026-09-20,index_models-1,
https://www.onsemi.com/download/models/lib/nsbc124edxv6.lib,,,downloaded,1051,0e20642fb7bd1290a4a73e4e48b35e68b2e85866f5cb3305de178e666046a618,2026-09-19,2,2026-09-20,index_models-1,
https://www.onsemi.com/download/models/lib/nsbc124epdxv6_npn.lib,,,downloaded,1052,36f01c5fa2d44436fd255070a9a8e19d0793e1910b49cc3d4d1e5929f2047683,2026-09-19,2,2026-09-20,index_models-1,
https://www.onsemi.com/download/models/lib/nsbc124epdxv6_pnp.lib,,,downloaded,1072,ef65809dc12bda783dc65a03963b66f548dd1ef8243abe4ce82ef002826e6470,2026-09-19,2,2026-09-20,index_models-1,
https://www.onsemi.com/download/models/lib/nsbc124xf3.lib,,,downloaded,1031,f26a87c0bfad6b766913fa3c829aa702069e0e80807c6fb46c880e3c256c75d6,2026-09-19,2,2026-09-20,index_models-1,
https://www.onsemi.com/download/models/lib/nsbc143ef3.lib,,,downloaded,1043,2345868b3b587dcd0a84184f1b4a3e446fa7130916b6d1814814ec74cd9d687b,2026-09-19,2,2026-09-20,index_models-1,
https://www.onsemi.com/download/models/lib/nsbc143jpdxv6.lib.lib,,,downloaded,2147,1f3ba95517159b09d0494c3f2d3cd191e513464d976f1ecabf77905521c81e37,2026-09-19,5,2026-09-20,index_models-1,
https://www.onsemi.com/download/models/lib/nsbc143tf3.lib,,,downloaded,1014,e168bf96ae7ed1e92bd4ce8f2720c55306163dbebb5254aa31f22a0110082182,2026-09-19,2,2026-09-20,index_models-1,
https://www.onsemi.com/download/models/lib/nsbc143tpdxv6_npn.lib,,,downloaded,1037,ff425cfbf510a5f0ac2f30689565e2473bdbf57f56e9b9039f5b2b248805ef7a,2026-09-19,2,2026-09-20,index_models-1,
https://www.onsemi.com/download/models/lib/nsbc143tpdxv6_pnp.lib,,,downloaded,1057,2f0a9aaa8e483e8057f19071973d86cd506fe56c9af0b4831578ae5b51768abf,2026-09-19,2,2026-09-20,index_models-1,
https://www.onsemi.com/download/models/lib/nsbc143zdxv6.lib,,,downloaded,1050,fa92252a3ef84494c834279d71064f00a504343d19071129f8424422ef4384eb,2026-09-19,2,2026-09-20,index_models-1,
https://www.onsemi.com/download/models/lib/nsbc143zpdp6_npn.lib,,,downloaded,1050,ba98ef1cb447e3106382970dd4c6c5222309cf9d00fe09a7ed8c8752f3e3f535,2026-09-19,2,2026-09-20,index_models-1,
https://www.onsemi.com/download/models/lib/nsbc143zpdp6_pnp.lib,,,downloaded,1070,4297b450354ee531abc8b4b1597556ad33090b05c434458ec5f3624b99701342,2026-09-19,2,2026-09-20,index_models-1,
https://www.onsemi.com/download/models/lib/nsbc143zpdxv6_npn.lib,,,downloaded,1051,54150093a22350e052714bd6346a9b407e7be8e5d5b5798d1570e73d29ffbc9f,2026-09-19,2,2026-09-20,index_models-1,
https://www.onsemi.com/download/models/lib/nsbc143zpdxv6_pnp.lib,,,downloaded,1071,e74564d59b81a8ab356bd6a8050e632a63d8ca041031f7eae4f6d0baeb32e03f,2026-09-19,2,2026-09-20,index_models-1,
https://www.onsemi.com/download/models/lib/nsbc144edp6.lib,,,downloaded,1050,7814ab11ad43342ffdfc174679fb2dbad5d05d0acc69909543afad6d7ab80269,2026-09-19,2,2026-09-20,index_models-1,
https://www.onsemi.com/download/models/lib/nsbc144edxv6t1.lib,,,downloaded,1060,601183f2d2ef624d46a1c2fe8ecdcc5a3a0406674143cd5737b0a451fac068d9,2026-09-19,2,2026-09-20,index_models-1,
https://www.onsemi.com/download/models/lib/nsbc144ef3.lib,,,downloaded,1045,5394c263b8535952bfa47f3e43f31a71fe9d53b183c16354c18d7cbab297b7f5,2026-09-19,2,2026-09-20,index_models-1,
https://www.onsemi.com/download/models/lib/nsbc144epdp6_npn.lib,,,downloaded,1051,7fdebaef1cf006d3b78a10dc9b5ea1f796498ffc8f84e1dc24e27078d49a26bf,2026-09-19,2,2026-09-20,index_models-1,
https://www.onsemi.com/download/models/lib/nsbc144epdxv6_npn.lib,,,downloaded,1052,86c0bd2e434a7f4db3f33ddabe79dc4e149b69ea187bf5f88f068c9d571c85bc,2026-09-19,2,2026-09-20,index_models-1,
https://www.onsemi.com/download/models/lib/nsbc144epdxv6_pnp.lib,,,downloaded,1072,cedbdbddcbd08e6f3abd2c3e049b30d8ae407d8e11690bb4581b336ef1d7f4b2,2026-09-19,2,2026-09-20,index_models-1,
https://www.onsemi.com/download/models/lib/nsbc144tf3.lib,,,downloaded,1015,449f208a5919355937459ab838607a22bfb657dc0eacc68a4722694c88d16a56,2026-09-19,2,2026-09-20,index_models-1,
https://www.onsemi.com/download/models/lib/nsbc144wdp6.lib,,,downloaded,1050,f3242e9fb4a38bdf61d11cccc4dc4f9e3b422847718bee5ac6ec02fddf5b528a,2026-09-19,2,2026-09-20,index_models-1,
https://www.onsemi.com/download/models/lib/nsd914f3t5g.lib,,,downloaded,676,0bf986ef172e0d0d3bb8d33875620c76a486dfb314cb32efd41253fba42e2115,2026-09-19,1,2026-09-20,index_models-1,
https://www.onsemi.com/download/models/lib/nsdemn11dxv6t1.lib,,,downloaded,1277,f9bd176dcf9478eb8c3852b1bb6bfdba25ddf78b5dd17f53dda26898ada1a1b0,2026-09-19,5,2026-09-20,index_models-1,
https://www.onsemi.com/download/models/lib/nsdemp11dxv6t1.lib,,,downloaded,1276,9f2fdcf10e1c828d8b4b40060d368627175f710c2ebaef7bc1eca228134f46a1,2026-09-19,5,2026-09-20,index_models-1,
https://www.onsemi.com/download/models/lib/nsf2250wt1.lib,,,downloaded,960,e16fd15e5a6652042ee3121de0a6d0dd103f0abdc16d7d935b8e405bd18d53e0,2026-09-19,1,2026-09-20,index_models-1,
https://www.onsemi.com/download/models/lib/nsi45060ddt4g_100ma_dc.lib,,,downloaded,1027,37f7fcac6352b340c01c792bf2329bbdf6b74a4c945e1ff7ab5f651b847a3856,2026-09-19,2,2026-09-20,index_models-1,
https://www.onsemi.com/download/models/lib/nsi45060ddt4g_60ma_dc.lib,,,downloaded,1023,eb51378d940cd1501d405bf3fcb659a7982d094ba5f54fd1bc019689b7499144,2026-09-19,2,2026-09-20,index_models-1,
https://www.onsemi.com/download/models/lib/nsi45090ddt4g_160ma_dc.lib,,,downloaded,1027,e4d17baa98b118db6b60fd66730dc32e8153e25a1fe93a62e59526a81aa4c33e,2026-09-19,2,2026-09-20,index_models-1,
https://www.onsemi.com/download/models/lib/nsi45090ddt4g_90ma_dc.lib,,,downloaded,1025,2e03c4bba4ae0197c7e3bd83ff955585b265ac4ec5589426aff683184e2ad01b,2026-09-19,2,2026-09-20,index_models-1,
https://www.onsemi.com/download/models/lib/nsl12awt1.lib,,,downloaded,955,7c491f53183e26a80c4d1be3942706c8066475d5c2241fdb75a6410265bb519f,2026-09-19,1,2026-09-20,index_models-1,
https://www.onsemi.com/download/models/lib/nsl12tt1.lib,,,downloaded,983,c08c348179e35a9482123df101f36df346cf868397022c6997399a76b95d9743,2026-09-19,1,2026-09-20,index_models-1,
https://www.onsemi.com/download/models/lib/nsm4002mr6_lib%20model.lib,,,downloaded,1543,0180ad938de1055b50af4c1f40d92ca600288e2d627b31022251e2ec820e9d48,2026-09-19,3,2026-09-20,index_models-1,
https://www.onsemi.com/download/models/lib/nsm80100mt1g.lib,,,downloaded,1368,7c020f81d41c869bcae97d5c1734e62c0f52ea5ebeca2c738a83b4a040b4db0c,2026-09-19,3,2026-09-20,index_models-1,
https://www.onsemi.com/download/models/lib/nsm80101mt1g.lib,,,downloaded,1381,8807318bc5ef7b972f31beeac3dff59a0539d91209657c7451e3013b391b4c1c,2026-09-19,3,2026-09-20,index_models-1,
https://www.onsemi.com/download/models/lib/nsp2201mr6t1g.lib,,,downloaded,1666,8101acad21f7a6702efe1752f0d3cf1f3cc395c6e16a648cab7041ef36edc038,2026-09-19,7,2026-09-20,index_models-1,
https://www.onsemi.com/download/models/lib/nspm1041%20spice%20model.lib,,,downloaded,1050,3057f00f9ac22b5ef9fe5e93623cb362dfbd7ed27987e5aaf9159dac25efc3db,2026-09-19,6,2026-09-20,index_models-1,
https://www.onsemi.com/download/models/lib/nspm1042%20spice%20model.lib,,,downloaded,2032,42487914dc4a74c284f30dc9ffc530ef8d61f2c07d0c677b5acc877fd3d7d0de,2026-09-19,11,2026-09-20,index_models-1,
https://www.onsemi.com/download/models/lib/nspm2051%20spice%20model.lib,,,downloaded,959,cb83c917d53729203e710a6b5948a03a2bac50114244a714a9c9fb4fa138a363,2026-09-19,5,2026-09-20,index_models-1,
https://www.onsemi.com/download/models/lib/nspm3041%20spice%20models.lib,,,downloaded,1063,987d67446d7533de86d087b8752ad55745ca1c307e4cae19e9ae9175da2d73af,2026-09-19,6,2026-09-20,index_models-1,
https://www.onsemi.com/download/models/lib/nspm3042%20spice%20models.lib,,,downloaded,1051,03a5187b456cb371b4af70d759446524b388c86925b128fc99faddbefec818f8,2026-09-19,6,2026-09-20,index_models-1,
https://www.onsemi.com/download/models/lib/nspm5131%20spice%20model%20lib.lib,,,downloaded,976,32780fc3d00f9fe77a9b287dad44f8c6a3916f37f66259ac94ccd4b54c2f8ee6,2026-09-19,5,2026-09-20,index_models-1,
https://www.onsemi.com/download/models/lib/nspm6201_spice_model_lib_file.lib,,,downloaded,1070,340804de5e7de96c80b947a4347d3d5152c5ae7259e853ab643163009563efcf,2026-09-19,6,2026-09-20,index_models-1,
https://www.onsemi.com/download/models/lib/nspu2101%20(pspice%20model).lib,,,downloaded,775,59f9c7a453d4f7cd67384c9d4a4bb82ef24fa6f1b409ac5dfc9a7c5e5a6cd32a,2026-09-19,5,2026-09-20,index_models-1,
https://www.onsemi.com/download/models/lib/nspu2131%20(pspice%20model).lib,,,downloaded,774,cdc27e645eda8b5389d22f03aec5e054ed449c663823098d05fd9869f98cb536,2026-09-19,5,2026-09-20,index_models-1,
https://www.onsemi.com/download/models/lib/nspu3051n2.lib.lib,,,downloaded,968,0aa40fc3894941bc094624fa78cc111bf4b4291d4cd800e01f873a20f657e063,2026-09-19,5,2026-09-20,index_models-1,
https://www.onsemi.com/download/models/lib/nspu3061n2.lib.lib,,,downloaded,965,d29a3543a0816e78f93f1852047c8785101ff9fc59238114803b64930a219129,2026-09-19,5,2026-09-20,index_models-1,
https://www.onsemi.com/download/models/lib/nspu3062n2.lib.lib,,,downloaded,965,cd9d7d1f636f21536182369ffff766cd2dad902810a68782c4b6c5d9e61f3f9e,2026-09-19,5,2026-09-20,index_models-1,
https://www.onsemi.com/download/models/lib/nsr0115cqp6_lib.lib,,,downloaded,373,f79525392cd786530ac6d1cf5b156946b8930f94eb1555a356cb0f39df0cc074,2026-09-19,2,2026-09-20,index_models-1,
https://www.onsemi.com/download/models/lib/nsr0130p2t5g.lib,,,downloaded,653,6bcfadaff7bbe2db36d24ff645aa5b0dffb8743beaba4a984ceec650b21c8e37,2026-09-19,1,2026-09-20,index_models-1,
https://www.onsemi.com/download/models/lib/nsr0140p2t5g.lib,,,downloaded,657,cf40b6a4cb5e731cc91996212472c450867c5649b48890579bf3ac98d4140236,2026-09-19,1,2026-09-20,index_models-1,
https://www.onsemi.com/download/models/lib/nsr0170.lib,,,downloaded,668,a60568b81647a20728d8bcbc53bb119f8d374ea27cb0b8fd59bcb63e218ec312,2026-09-19,1,2026-09-20,index_models-1,
https://www.onsemi.com/download/models/lib/nsr0170p2.lib,,,downloaded,667,5ae558525492e61008a47c66ecb29488667909e0b3f1d8391495795d0fa7598f,2026-09-19,1,2026-09-20,index_models-1,
https://www.onsemi.com/download/models/lib/nsr01f30mx_rev0.lib.lib,,,downloaded,657,c6210fe97a95dce1bae2d737cc804ed794577a15d9b7d130bd968f2136b056bc,2026-09-19,1,2026-09-20,index_models-1,
https://www.onsemi.com/download/models/lib/nsr01f30nxt5g.lib,,,downloaded,662,109cb7fb331d842901874da3166e90535f0890eafc6076d8df7f73a69c3ea60a,2026-09-19,1,2026-09-20,index_models-1,
https://www.onsemi.com/download/models/lib/nsr01l30mxt5g.rev0.lib.lib,,,downloaded,665,11aef1ec4650fbfb779f3131b252f56d8d6969ac13c968e27f00217a661844fb,2026-09-19,1,2026-09-20,index_models-1,
https://www.onsemi.com/download/models/lib/nsr01l30nxt5g.lib,,,downloaded,660,ab67f7eb90dc5ace9a0ccf1d3fe32d72ab5f24873e0f29964862800fad9b49c9,2026-09-19,1,2026-09-20,index_models-1,
https://www.onsemi.com/download/models/lib/nsr02100ht.lib,,,downloaded,654,189cdf43843905330dd7e6fac5653d31dd1d454a13917862316ff896369061f1,2026-09-19,1,2026-09-20,index_models-1,
https://www.onsemi.com/download/models/lib/nsr0230m2.lib,,,downloaded,660,a074c81b6e2c5a947c9974b394eb31d9e3b8ef5adf11b87700671c8d1dc73b8b,2026-09-19,1,2026-09-20,index_models-1,
https://www.onsemi.com/download/models/lib/nsr0230p2t5g.lib,,,downloaded,659,4d5162e54972928aec9e58e138df82d64f08ffcd18285ff5aab0213b0a3ad029,2026-09-19,1,2026-09-20,index_models-1,
https://www.onsemi.com/download/models/lib/nsr0240mx%20pspice%20model.lib,,,downloaded,675,5b58fcaf722fececcafeaa055b6e1889ed0287db66ec65fa664e39aa5b837876,2026-09-19,1,2026-09-20,index_models-1,
https://www.onsemi.com/download/models/lib/nsr0240p2_lib.lib,,,downloaded,667,55cec65badf4ba17efbe836108f84499a9da1ec523f7377329e1b9cbabdbcaf8,2026-09-19,1,2026-09-20,index_models-1,
https://www.onsemi.com/download/models/lib/nsr02f30mx.lib.lib,,,downloaded,670,6ea616ffa7fae7713b2824fc106ad0f07ee43acbf83d572d6c0fc3fb92a682f5,2026-09-19,1,2026-09-20,index_models-1,
https://www.onsemi.com/download/models/lib/nsr0320mw2t1.lib,,NSR0320MW2,downloaded,664,636264f3697992a5d4dbd2a343ce55479fc6d3fc98edfad5d324f5a58c2ceca5,2026-09-19,1,2026-09-20,index_models-1,
https://www.onsemi.com/download/models/lib/nsr0320xv6t1.lib,,,downloaded,664,1869043b06953f825edc2abbf859f7498cb9ebba6498ef55bd1e7669b5f8ad55,2026-09-19,1,2026-09-20,index_models-1,
https://www.onsemi.com/download/models/lib/nsr0340ht1g%20(spice%20model).lib,,,downloaded,580,f304543e6bab452113f575337720cc2dcb5c11ce88f1c90dea7c442c8ac2c4bc,2026-09-19,1,2026-09-20,index_models-1,
https://www.onsemi.com/download/models/lib/nsr0340p2t5g.lib,,,downloaded,673,adfa96c7cf12265932660900f55da3be936cb7368c100bcc0543e2b93ad06e72,2026-09-19,1,2026-09-20,index_models-1,
https://www.onsemi.com/download/models/lib/nsr05301%20spice%20model.lib,,,downloaded,670,7c74e10ce25232df810b2afdb4a0c46e23de5edf6d94a4c55a224a6936f8380b,2026-09-19,1,2026-09-20,index_models-1,
https://www.onsemi.com/download/models/lib/nsr0530h.lib.lib,,,downloaded,673,483df54faaf746ce6d0f045d124fe3ccb03db37cb6dc16c1f79982809a4caef5,2026-09-19,1,2026-09-20,index_models-1,
https://www.onsemi.com/download/models/lib/nsr05f30nxt%20rev0%20lib.lib,,,downloaded,670,464524c1f20de2429bfe42e0e03ac3d39a60b8f6fe554f8d2b11de0cd7a74420,2026-09-19,1,2026-09-20,index_models-1,
https://www.onsemi.com/download/models/lib/nsr05f40nxt%20rev0%20lib.lib,,,downloaded,672,8f5d5694e393ad949233aa63b3935984fd05c44bd8562af15b003c10f3e4ca76,2026-09-19,1,2026-09-20,index_models-1,
https://www.onsemi.com/download/models/lib/nsr05t304mx%20spice%20lib.lib,,,downloaded,672,c897759fcc5b4e770832a25fa78f21a4adbfbab8fdc44674850e9d386ed594b2,2026-09-19,1,2026-09-20,index_models-1,
https://www.onsemi.com/download/models/lib/nsr05t30p2.lib.lib,,,downloaded,666,99a639df278e6460df91e2da285fa1a0e2b566b32dad270dcf28e87c91eac867,2026-09-19,1,2026-09-20,index_models-1,
https://www.onsemi.com/download/models/lib/nsr05t404mx%20spice%20lib.lib,,,downloaded,671,25314d119d155e49c55434aedd7bbff9b025dbd963c10a857501cd6cdc864c01,2026-09-19,1,2026-09-20,index_models-1,
https://www.onsemi.com/download/models/lib/nsr05t40p2.lib.lib,,,downloaded,673,fb6921be60a33f19ec64f1002fe5e732db03ce31e11c1ef3185c8a5e182a80c9,2026-09-19,1,2026-09-20,index_models-1,
https://www.onsemi.com/download/models/lib/nsr05t40xv2.lib.lib,,,downloaded,677,8afdd9ece36d2254b61ccf0c98b5ed8cab5631d201c1b82eadc98385a924d0ed,2026-09-19,1,2026-09-20,index_models-1,
https://www.onsemi.com/download/models/lib/nsr0620p2t5g.lib,,,downloaded,673,f07fcc2fac756684df2cc0ff0811eeafb17b6b05f3a2790c8e988e3e168f2dc0,2026-09-19,1,2026-09-20,index_models-1,
https://www.onsemi.com/download/models/lib/nsr1020mw2t1g.lib,,,downloaded,665,3cc9679afc8f19fd3a7755eb07c29e74bea1fabfbea01caa6b5ccd63e1dbf9be,2026-09-19,1,2026-09-20,index_models-1,
https://www.onsemi.com/download/models/lib/nsr10404nxt5g.lib.lib,,,downloaded,672,fecd527a3ddacd3c073cc9e431a6f0f4ba48963411691ff99bb800e6954221bd,2026-09-19,1,2026-09-20,index_models-1,
https://www.onsemi.com/download/models/lib/nsr10f20nxt5g%20lib_rev0.lib,,,downloaded,660,4c54036e3b805535a596750d582f37d61885cced37c7af887f5c74a4859aa3d8,2026-09-19,1,2026-09-20,index_models-1,
https://www.onsemi.com/download/models/lib/nsr10f40%20spice%20model.lib,,,downloaded,666,011217ff1684417f0649df73dfe16517829155487ce54228348d79223b86d3a1,2026-09-19,1,2026-09-20,index_models-1,
https://www.onsemi.com/download/models/lib/nsr15304nxt5g.lib.lib,,,downloaded,677,c1786f5fa93841998012fa6a1a5bdafc73268b0d28959b4bb1a2180b76c3c746,2026-09-19,1,2026-09-20,index_models-1,
https://www.onsemi.com/download/models/lib/nsr15405nxt5g.lib.lib,,,downloaded,679,f411d53732930cad291c8f026d13be5eb7e7d3ca0239f67d757a3b90b4813f8b,2026-09-19,1,2026-09-20,index_models-1,
https://www.onsemi.com/download/models/lib/nsr15406nxt5g.lib.lib,,,downloaded,680,c79c288671d1fd0eedad7b54834b7077b5b341746029d1c51a21918c958bed99,2026-09-19,1,2026-09-20,index_models-1,
https://www.onsemi.com/download/models/lib/nsr20204nxt5g.lib.lib,,,downloaded,682,4e579b30e9a8a7efeca386c2de906133596254c0ba888b4618bb641a5833a233,2026-09-19,1,2026-09-20,index_models-1,
https://www.onsemi.com/download/models/lib/nsr20206nxt5g.lib.lib,,,downloaded,685,5c593a8aa9192dca8b8987b1377f28c59f125c71b6e05b22cf6c5644bfbfa1fa,2026-09-19,1,2026-09-20,index_models-1,
https://www.onsemi.com/download/models/lib/nsr20305nxt5g.lib.lib,,,downloaded,684,c97527715f8bc35be67964803ef54aefc7fe7597484de8174ca6f3e5ca702773,2026-09-19,1,2026-09-20,index_models-1,
https://www.onsemi.com/download/models/lib/nsr20306nxt5g.lib.lib,,,downloaded,685,effd02fe174186b2fced1206647276c8d3002422a6db74f61724bb79143be384,2026-09-19,1,2026-09-20,index_models-1,
https://www.onsemi.com/download/models/lib/nsr2030dmxtag.lib,,,downloaded,669,fc8db5c2c51d17507c262c0e577833e045c2fdec26f6c28d2b384178d1cd59d1,2026-09-19,1,2026-09-20,index_models-1,
https://www.onsemi.com/download/models/lib/nsr20406nxt5g.lib.lib,,,downloaded,676,b3b9261ffb2551afd3be43e52fd022f951c4aac031a05bbbd7e5cab6923f0151,2026-09-19,1,2026-09-20,index_models-1,
https://www.onsemi.com/download/models/lib/nsr20f20nxt5g%20lib_rev0.lib,,,downloaded,660,59804c3da1f5180aab0a49de247499e7d4b14cdff8fb4cbf3b6ce9c5b305b835,2026-09-19,1,2026-09-20,index_models-1,
https://www.onsemi.com/download/models/lib/nsr20f30%20lib%20file.lib,,,downloaded,664,1caa1a8194e4d3716bfe0a98e5b8ff8dfcb40988891825c6c6da1e5c2bf5d739,2026-09-19,1,2026-09-20,index_models-1,
https://www.onsemi.com/download/models/lib/nsr30cm3_lib.lib,,,downloaded,674,327f1ab3810437e1a70320b2486a8399036b1d9281a849389428a14c12ebeb38,2026-09-19,1,2026-09-20,index_models-1,
https://www.onsemi.com/download/models/lib/nss12100m3t5g.lib,,,downloaded,970,a0df39128849de90a7eb90747bed2016c552e3942486d4b40229c160f0fd1ff0,2026-09-19,1,2026-09-20,index_models-1,
https://www.onsemi.com/download/models/lib/nss12100uw3tcg.lib,,,downloaded,991,619f455143b9a98d39071998cf4e443d4f06a959ceb2f82bf1a5dfc5b1762211,2026-09-19,1,2026-09-20,index_models-1,
https://www.onsemi.com/download/models/lib/nss12100xv6t1g.lib,,,downloaded,989,2add9ced51df32b494f054ecbfd223377b4c55ab7b0c69b75efc037b94a98b85,2026-09-19,1,2026-09-20,index_models-1,
https://www.onsemi.com/download/models/lib/nss12200wt1g.lib,,,downloaded,985,92166667334f6325ad9d05a3e2aa08da390af1c66b81f30b59906cc9ca38c9a9,2026-09-19,1,2026-09-20,index_models-1,
https://www.onsemi.com/download/models/lib/nss12201lt1g.lib,,,downloaded,957,54c43fe731efccf258764840c20e9bdf1a35e8dd301c14141d359b16b8edf61a,2026-09-19,1,2026-09-20,index_models-1,
https://www.onsemi.com/download/models/lib/nss12500uw3t2g.lib,,,downloaded,968,acdf487e0e801c4a2405b29b977abc444473ff8ed6da01d0ca927b1c8cbdec3d,2026-09-19,1,2026-09-20,index_models-1,
https://www.onsemi.com/download/models/lib/nss12600cf8t1g.lib,,,downloaded,1015,0ce6c95755073823d59afcb14d7fe6882f2d8a8b4e26da00cb735942516d81ce,2026-09-19,1,2026-09-20,index_models-1,
https://www.onsemi.com/download/models/lib/nss1c200lt1g.lib,,,downloaded,983,082445629cfb15501233f4766d9b52f7ca2d4e5d2895730cfeb87c099ee0672c,2026-09-19,1,2026-09-20,index_models-1,
https://www.onsemi.com/download/models/lib/nss1c201mz4.lib,,,downloaded,963,dfc7b4c3167195c7adbaf7ee900174b422667cbfef9c1fad6af4892bb8e83bdb,2026-09-19,1,2026-09-20,index_models-1,
https://www.onsemi.com/download/models/lib/nss20200lt1g.lib,,,downloaded,980,fcb6abd23a9900c7bbc2023a6fb9d59a81d7c49213479ff8e31da3d70bfc728c,2026-09-19,1,2026-09-20,index_models-1,
https://www.onsemi.com/download/models/lib/nss20201lt1g.lib,,,downloaded,956,5d6793d17cf5a8db0bc3b00faece32b79dc2cfec0f7566d9ac8eb78ced7dbc1d,2026-09-19,1,2026-09-20,index_models-1,
https://www.onsemi.com/download/models/lib/nss20501uw3t2g.lib,,,downloaded,955,f6cca921a91b3eae84cfe80bfc5ca8fee191eaf8e1143b1e35ac9ad0a8c88e4f,2026-09-19,1,2026-09-20,index_models-1,
https://www.onsemi.com/download/models/lib/nss20600cf8t1g.lib,,,downloaded,1011,95e2ab3717f8fca41093487a60244176a2ada0fe81eee581930a7bc6cbbd95c0,2026-09-19,1,2026-09-20,index_models-1,
https://www.onsemi.com/download/models/lib/nss20601cf8t1g.lib,,,downloaded,945,01ee01d0495c677172195f5c3a41bdc2d0992c0ad73b3379e3de26bd61dcde62,2026-09-19,1,2026-09-20,index_models-1,
https://www.onsemi.com/download/models/lib/nss30101lt1g.lib,,,downloaded,979,3d64dbb14733f6dfb6c6dd03095c86de2c7da810da4f56aebb50d59374eed926,2026-09-19,1,2026-09-20,index_models-1,
https://www.onsemi.com/download/models/lib/nss30201mr6.lib,,,downloaded,982,475fda7ad9f9f13a9388bf3017c9dc3bfa78209b938f70821b0494987cb1df61,2026-09-19,1,2026-09-20,index_models-1,
https://www.onsemi.com/download/models/lib/nss35200cf8.lib,,,downloaded,996,ad6725177b4f0c377f94ecb85e89868388ca5c2232e698b6f810d52e1f2ea0e4,2026-09-19,1,2026-09-20,index_models-1,
https://www.onsemi.com/download/models/lib/nss40200lt1g.lib,,,downloaded,1022,42c3b75f429fa19f8622c76b1b97f731eb13e9929d655ab29be7b117dcef65c6,2026-09-19,1,2026-09-20,index_models-1,
https://www.onsemi.com/download/models/lib/nss40200uw6t1g.lib,,,downloaded,988,13ca318734f88e1229be28e87f2abf4786296ced0a4aa4874fc199338f9a6876,2026-09-19,1,2026-09-20,index_models-1,
https://www.onsemi.com/download/models/lib/nss40300mdr2g.lib,,,downloaded,1012,8efc63c8549070e619fa44b3c9cf5ebc99ba8c7dbdbd0c9d87505eab9357cc04,2026-09-19,1,2026-09-20,index_models-1,
https://www.onsemi.com/download/models/lib/nss40301mdr2g.lib,,,downloaded,1002,0bdf6db7f5c48fb45213dbd99fa15a37984b59193f957f274d77fc7695835630,2026-09-19,1,2026-09-20,index_models-1,
https://www.onsemi.com/download/models/lib/nss40301mz4.lib,,,downloaded,967,4f88e13a87fdd116f48d99e292bdfa6822ecf7215742662f6a1506bcb47b4b9b,2026-09-19,1,2026-09-20,index_models-1,
https://www.onsemi.com/download/models/lib/nss40302pdr2g.lib,,,downloaded,1653,cfb17185033a63471d9bb6f0b2f4989509c74f95507f598253e88efe87b23062,2026-09-19,3,2026-09-20,index_models-1,
https://www.onsemi.com/download/models/lib/nss40500uw3t2g.lib,,,downloaded,993,f8b2ce04cb2944de74cbeddf59fd8774eaf39c4b6d2598a7a78390b448fb8bb7,2026-09-19,1,2026-09-20,index_models-1,
https://www.onsemi.com/download/models/lib/nss40501uw3t2g.lib,,,downloaded,951,aee2d815120c7dc408bc4f31ce80fc88003b03687a073b9ac0e0b2e1e60947cf,2026-09-19,1,2026-09-20,index_models-1,
https://www.onsemi.com/download/models/lib/nss40600cf8t1g.lib,,,downloaded,1004,f688df28aaa9ecd33baf22e9e9ecc3d97f15bfba769ece28aff5e2a191e586de,2026-09-19,1,2026-09-20,index_models-1,
https://www.onsemi.com/download/models/lib/nss60100dmt.lib,,,downloaded,985,dc45b33e42ff1b03913bffb9b0e9efd1c4bdcaee01f88a53c2f42ba4ebe6c812,2026-09-19,1,2026-09-20,index_models-1,
https://www.onsemi.com/download/models/lib/nss60101dmt.lib,,,downloaded,988,3ee6c1c4f75985eae24c17aba70c1df09391bdf1093756655b2f55b01917d6ac,2026-09-19,1,2026-09-20,index_models-1,
https://www.onsemi.com/download/models/lib/nss60200dmt.lib,,,downloaded,985,dc45b33e42ff1b03913bffb9b0e9efd1c4bdcaee01f88a53c2f42ba4ebe6c812,2026-09-19,1,2026-09-20,index_models-1,
https://www.onsemi.com/download/models/lib/nss60200lt1g.lib,,,downloaded,943,d81695ecb9d6a5bcee0bc8ca78e49db713eb449da28338da7a11f41032a38468,2026-09-19,1,2026-09-20,index_models-1,
https://www.onsemi.com/download/models/lib/nss60600mz4t1g.lib,,,downloaded,978,b2a6b826ff39b0960e8b29b508ea1dd5f7cc043b10126f737082572e976ca47c,2026-09-19,1,2026-09-20,index_models-1,
https://www.onsemi.com/download/models/lib/nss60601.lib,,,downloaded,974,334bc48123e3beadc7d3c3279a7b642f059e0f208d909a1dd58df8a8a983129d,2026-09-19,1,2026-09-20,index_models-1,
https://www.onsemi.com/download/models/lib/nst1602cl%20spice%20model.lib,,,downloaded,1019,e8472fca52e2168aa663d4158c47ea5d0f6c68376df9b82e8e4c022d88423ecf,2026-09-19,1,2026-09-20,index_models-1,
https://www.onsemi.com/download/models/lib/nst30010mxv6t1g.lib,,,downloaded,976,e337b69230f5d01b033edcfa2f08b014598047b1bb5f2921edef00f70b0097d0,2026-09-19,1,2026-09-20,index_models-1,
https://www.onsemi.com/download/models/lib/nst3904dxv6t1.lib,,,downloaded,981,8c9fa71b531556a7e38ae723e676141521f2a9496b9aa877905f8e6ba5d94ae8,2026-09-19,1,2026-09-20,index_models-1,
https://www.onsemi.com/download/models/lib/nst3904f3t5g.lib,,,downloaded,983,9777ea0a13c7573517e0d557821ebceb2982a5a4ff022b0545906e4a45a4e876,2026-09-19,1,2026-09-20,index_models-1,
https://www.onsemi.com/download/models/lib/nst3906dxv6t1.lib,,,downloaded,975,ec151835e418f8290b7301eca06d2ea74f868424f172094f5f6eddd061c7624e,2026-09-19,1,2026-09-20,index_models-1,
https://www.onsemi.com/download/models/lib/nst3906f3t5g.lib,,,downloaded,987,c003de8e627d941293cff8989b7ae059f1e9de8edf9804ec7e1eaf780807b980,2026-09-19,1,2026-09-20,index_models-1,
https://www.onsemi.com/download/models/lib/nst3946dxv6t1.lib,,,downloaded,1670,6550ec004c157dcb20eef3d0a1796c16323774f15d018f256750fa497b0f6c95,2026-09-19,3,2026-09-20,index_models-1,
https://www.onsemi.com/download/models/lib/nst45010mw.lib,,,downloaded,963,607159b892daa48e2b9a4ed47a9a748c3ffd5b73189a4f8659b642ac1887a971,2026-09-19,1,2026-09-20,index_models-1,
https://www.onsemi.com/download/models/lib/nst45011mw.lib.lib,,,downloaded,969,d97008d701a08c8d9ba72ce5c629fef15db4fc7339b1fe69ff55fb4fe712a693,2026-09-19,1,2026-09-20,index_models-1,
https://www.onsemi.com/download/models/lib/nst846bf3t5g.lib,,,downloaded,995,054264f5eba1ab1a15f8f115ab9c6a6b7da306058b66bb39d7a6092f620761bd,2026-09-19,1,2026-09-20,index_models-1,
https://www.onsemi.com/download/models/lib/nst846mtwft_model.lib,,,downloaded,922,d63b19ee15786f7825dcd75cf490da6701837a1aafe4042099917db41ecffae2,2026-09-19,1,2026-09-20,index_models-1,
https://www.onsemi.com/download/models/lib/nst848bf3t5g.lib,,,downloaded,985,1725307e1167c7cccf0ddc128012d24eeafb669c2c64119a83c16a92c3c7fc54,2026-09-19,1,2026-09-20,index_models-1,
https://www.onsemi.com/download/models/lib/nst856mtwft_model.lib,,,downloaded,927,07e4651a17ad7834be9bcb65a6a58cb1db10fb59130f41126279611aa8777179,2026-09-19,1,2026-09-20,index_models-1,
https://www.onsemi.com/download/models/lib/nstb1005dxv5t1_npn.lib,,,downloaded,1054,6b01d770c59e34b32842867a39ff9509fa92d42b10d95616a5a813a01c23fdf0,2026-09-19,2,2026-09-20,index_models-1,
https://www.onsemi.com/download/models/lib/nstb1005dxv5t1_pnp.lib,,,downloaded,1059,658e73689c797bcd9e567bf28b5f1ffbfb33fd33b5aac596621c1ef4633e105c,2026-09-19,2,2026-09-20,index_models-1,
https://www.onsemi.com/download/models/lib/nsv60101dmr6t1g.lib,,,downloaded,1005,824ba3f9792e8c0c961bd712db6f5e36ad4d2b25dd5521943853bbc6f0a544de,2026-09-19,1,2026-09-20,index_models-1,
https://www.onsemi.com/download/models/lib/nsvba114em.lib,,,downloaded,1458,271151ef2e16fddb7c95ad3d9481197e4294012b01973c95bb6569f13c147ac9,2026-09-19,2,2026-09-20,index_models-1,
https://www.onsemi.com/download/models/lib/nsvba123ym.lib,,,downloaded,1554,35f3b5ad7569142641ad9ef78cfe66cc0b3782e3831e660011de0f87c980c1e1,2026-09-19,2,2026-09-20,index_models-1,
https://www.onsemi.com/download/models/lib/nsvba124em.lib,,,downloaded,1694,be3aa40ede69f42b87c1e3f71110ccf31d323197199b647fa1e73aff30cbf3e1,2026-09-19,2,2026-09-20,index_models-1,
https://www.onsemi.com/download/models/lib/nsvba143em.lib,,,downloaded,1456,e1ed9c036b588e44f232ffe617c43e26433a7180a1ea133c634b3928ea9c11a5,2026-09-19,2,2026-09-20,index_models-1,
https://www.onsemi.com/download/models/lib/nsvba144em.lib,,,downloaded,1591,53e47222fafec1781c3cb8f781d0fddf0fad0151c8201c4d01694e48e4b14c54,2026-09-19,2,2026-09-20,index_models-1,
https://www.onsemi.com/download/models/lib/nsvbc114em.lib,,,downloaded,1460,672d6cd002cc516442f323589b5af6737538c24aeb22b9a30da330021ba6c315,2026-09-19,2,2026-09-20,index_models-1,
https://www.onsemi.com/download/models/lib/nsvbc124em.lib,,,downloaded,1694,e103dbe02abb50b7f4d78519db47098f88c5489c84fba9c1199c028b902a4a11,2026-09-19,2,2026-09-20,index_models-1,
https://www.onsemi.com/download/models/lib/nsvbc143xm.lib,,,downloaded,1589,e435305abd40b791da5625722cb920da4a32de9d366c90e632edc2e041272f37,2026-09-19,2,2026-09-20,index_models-1,
https://www.onsemi.com/download/models/lib/nsvbc143zm.lib,,,downloaded,1598,42c4e52f248432b19948bdf5b69bd9ba09b705525ac3bfd5cfcece4e82849cf7,2026-09-19,2,2026-09-20,index_models-1,
https://www.onsemi.com/download/models/lib/nsvbc144em.lib,,,downloaded,1597,cb314618ef2f812a38f6160c9415808ea701e548ae8da296279688a5ad87cd3b,2026-09-19,2,2026-09-20,index_models-1,
https://www.onsemi.com/download/models/lib/nsvf4015sg4.lib,,,downloaded,1049,c10f0b40f3f1190206694ec93cd747f7d6f08de99e5c7c765ddb0bdcdc622998,2026-09-19,2,2026-09-20,index_models-1,
https://www.onsemi.com/download/models/lib/nsvj3557sa3%20(spice%20model).lib,,,downloaded,948,8bfb9e4deec7f903cdfda93567ab168f02ec84a2e91e29c13a9b2d274a892fe8,2026-09-19,2,2026-09-20,index_models-1,
https://www.onsemi.com/download/models/lib/nsvr0170mx2w.lib,,,downloaded,705,a2025ef55359a4aec5743a9cdc075365961999b01f6d300377059e74d85b96b5,2026-09-19,1,2026-09-20,index_models-1,
https://www.onsemi.com/download/models/lib/nsvr0240mx2w.lib,,,downloaded,698,f0d288d4bbdef2ac125739cbb4f3e0c67b9ec3a7869582936a2977024b9c446d,2026-09-19,1,2026-09-20,index_models-1,
https://www.onsemi.com/download/models/lib/nsvr02hl40mx2%20pspice%20model.lib,,,downloaded,597,2de28cac6674d00c5ad5a75b01db9b4972fe19b640b6742b13b6d071a48ed741,2026-09-19,1,2026-09-20,index_models-1,
https://www.onsemi.com/download/models/lib/nsvs50030sb3-spice-d.lib,,,downloaded,1726,895a422c5c008f11e10035f87b7ac6090bc0bc66415b58b471962151a46bb911,2026-09-19,1,2026-09-20,index_models-1,
https://www.onsemi.com/download/models/lib/nsvt65010mw.lib,,,downloaded,972,02376a44573499174c988efb349619033d1d63ed673b69d77609d9b18e5ed4e9,2026-09-19,1,2026-09-20,index_models-1,
https://www.onsemi.com/download/models/lib/nsvt65011mw.lib.lib,,,downloaded,976,944a6704669f62a9fdbc23c59a8e5d36d0e6ecc18b4250c2cfac45abd8b519b4,2026-09-19,1,2026-09-20,index_models-1,
https://www.onsemi.com/download/models/lib/nsvtb60bdw1t1g.lib,,,downloaded,1889,4d0ad6ca61947dbd249e720d800d824ac01fb3dd64529648cefd4df768ba7f61,2026-09-19,5,2026-09-20,index_models-1,
https://www.onsemi.com/download/models/lib/nta4001nt1.lib,,,downloaded,1736,464d0ca6ebf3a3bb6fa551306f8857b861e575d0e8e4195d0b22a8e48b8f4cdc,2026-09-19,6,2026-09-20,index_models-1,
https://www.onsemi.com/download/models/lib/nta4151p.lib,,,downloaded,1749,0d80fcd95d9b8821f18d41ec2ee1ad75d751d1f47b76ba9e7690fb1219123aea,2026-09-19,6,2026-09-20,index_models-1,
https://www.onsemi.com/download/models/lib/nta7002n.rev0.lib,,,downloaded,1736,c55af4a773aa68a613008c75fec960a3103c166364d67188e58638b77a01c791,2026-09-19,6,2026-09-20,index_models-1,
https://www.onsemi.com/download/models/lib/ntb25p06.rev0.lib,,,downloaded,1735,99fecc8b01c5d539cc7fcb7eb7ba7769c7cf5778641cfa901587de7b5c693428,2026-09-19,6,2026-09-20,index_models-1,
https://www.onsemi.com/download/models/lib/ntb35n15_rev0.lib.lib,,,downloaded,1727,7964d34d76c63bebca5b35f5ea159c7e034cb6f85d764b38d3c5cd30fa8df4da,2026-09-19,6,2026-09-20,index_models-1,
https://www.onsemi.com/download/models/lib/ntb45n06.rev0.lib,,,downloaded,1750,f404d3864472bd17c0c58ab3aa55a570723d74ee14d3290b0115abf1e0913d7a,2026-09-19,6,2026-09-20,index_models-1,
https://www.onsemi.com/download/models/lib/ntb45n06l.rev0.lib,,,downloaded,1741,97f35488ff833e3bbd0a2d6c16b3db4e773985b44f2d8ba569127d8438933a48,2026-09-19,6,2026-09-20,index_models-1,
https://www.onsemi.com/download/models/lib/ntb5405n.lib,,,downloaded,1738,0b30c9c4fda22dddc59ee257767c01da77d84f97530402f27fa57673c39e5f8c,2026-09-19,6,2026-09-20,index_models-1,
https://www.onsemi.com/download/models/lib/ntb5605p.lib,,,downloaded,1752,c5fe88fb5d59d80426bcdba23aa7056c6d46dd0067c3f71d71f11a03c67dee7c,2026-09-19,6,2026-09-20,index_models-1,
https://www.onsemi.com/download/models/lib/ntb6413an.lib,,,downloaded,1736,81aaaf55c4ca738119d9091244776ed6540635ff49cad5a4786b8c841c71f20e,2026-09-19,6,2026-09-20,index_models-1,
https://www.onsemi.com/download/models/lib/ntd110n02r.rev0.lib,,,downloaded,1768,651563fc8d71496591e8149edbc605aab07d1a4c66fefa1614dfcfa5480c8d2c,2026-09-19,6,2026-09-20,index_models-1,
https://www.onsemi.com/download/models/lib/ntd14n03r.lib,,,downloaded,1739,d9caabbd0d8f42799a6d8fec192f4b0ef321d4bbf420887a75b03923d4156cbf,2026-09-19,6,2026-09-20,index_models-1,
https://www.onsemi.com/download/models/lib/ntd18n06l.rev0.lib,,,downloaded,1750,52c5d298a569ab3e48d7d7b215dd7bdd3df4e1d67d929a994441a2d785039fe0,2026-09-19,6,2026-09-20,index_models-1,
https://www.onsemi.com/download/models/lib/ntd20n03l27.rev0.lib,,,downloaded,1767,4781fc6590e3e79e892320b9526e749014f0ab574113239f9a5844ed136ef3d3,2026-09-19,6,2026-09-20,index_models-1,
https://www.onsemi.com/download/models/lib/ntd20n06.lib,,,downloaded,1752,8d3250ab32ff277cda8a35446f9920dce14195e607e6d1ed61847040dd1d673d,2026-09-19,6,2026-09-20,index_models-1,
https://www.onsemi.com/download/models/lib/ntd20p06l.rev0.lib,,,downloaded,1738,d6c9c3013d01a65ef3ab8fd9e37e5e4b9d84433f0ec266e4b12f4942818ab69c,2026-09-19,6,2026-09-20,index_models-1,
https://www.onsemi.com/download/models/lib/ntd24n06.lib,,,downloaded,1691,b9c6bd9941f8213249df9b83a8a5d28efaaf182c4bbcef1c3bec66d46b380d56,2026-09-19,6,2026-09-20,index_models-1,
https://www.onsemi.com/download/models/lib/ntd24n06l.lib,,,downloaded,1689,71ff10b29eac47b2b961ec8eab9822e88c7955f9d7d8b379b359a8a0ecb8f9d6,2026-09-19,6,2026-09-20,index_models-1,
https://www.onsemi.com/download/models/lib/ntd3055-094.lib,,,downloaded,1761,944904424f711987e09e9ab0b402da651295fc150fc54ec8ce9af07e6c2c76be,2026-09-19,6,2026-09-20,index_models-1,
https://www.onsemi.com/download/models/lib/ntd3055-150.rev0.lib,,,downloaded,1759,429b2719defce2622370575687782ec8b0ecd2fa1ff99ba46e981d0a55fbde84,2026-09-19,6,2026-09-20,index_models-1,
https://www.onsemi.com/download/models/lib/ntd3055l104.rev0.lib,,,downloaded,1745,e574b27f72a27b2aa8c08c13a0edf9b082f90aee0d556d3aa3720aebb50ed0fe,2026-09-19,6,2026-09-20,index_models-1,
https://www.onsemi.com/download/models/lib/ntd3055l170.rev0.lib,,,downloaded,1778,7b2b389bde478da44cc0b76e568ee10cae370a731221a50d51ca98fe08ba8817,2026-09-19,6,2026-09-20,index_models-1,
https://www.onsemi.com/download/models/lib/ntd4804n.lib,,,downloaded,1844,80d95206e758987ea6c6bd9f325f807cb2b62b355ab734fcbcf53546b3f89c34,2026-09-19,6,2026-09-20,index_models-1,
https://www.onsemi.com/download/models/lib/ntd4805n.lib,,,downloaded,1826,46a01bc222d6b81a20ed9fd363ac18f796cf3e5a751e9f7ecb943064762cf887,2026-09-19,6,2026-09-20,index_models-1,
https://www.onsemi.com/download/models/lib/ntd4806n.lib,,,downloaded,1827,01f2e3a63fe516c19e6a3770ba4e345dd6f79049d913e9b52b24c4acbce07f49,2026-09-19,6,2026-09-20,index_models-1,
https://www.onsemi.com/download/models/lib/ntd4808n.lib,,,downloaded,1832,619d2169812ee26eae5004c5b4954c05b73b7ebc13880ba174539790d3fb9523,2026-09-19,6,2026-09-20,index_models-1,
https://www.onsemi.com/download/models/lib/ntd4809nh.lib,,,downloaded,1832,b041a6c9261ad240134c40d2ebf1f26307792502ff40f878ff5f6c21414ac286,2026-09-19,6,2026-09-20,index_models-1,
https://www.onsemi.com/download/models/lib/ntd4810n.lib,,,downloaded,1845,95b885d8ce032ddea38bc07528e78d7507af3c4534e3297933eab252a20d1d39,2026-09-19,6,2026-09-20,index_models-1,
https://www.onsemi.com/download/models/lib/ntd4810nh.lib,,,downloaded,1835,a26aa27b7084137e9b569ba2ca64e5d13ec2f22a2437f46792deaa67ab7f2a7b,2026-09-19,6,2026-09-20,index_models-1,
https://www.onsemi.com/download/models/lib/ntd4815n.lib,,,downloaded,1836,e855db151eeaa23f38f18f6bbc7f1d7956e6c089eebda472a1648e9f9a64d7cb,2026-09-19,6,2026-09-20,index_models-1,
https://www.onsemi.com/download/models/lib/ntd4854n.lib,,,downloaded,1842,48d26673dfd232949d751c73ba92046f38b6667bd92f9e947fa794da6560aef7,2026-09-19,6,2026-09-20,index_models-1,
https://www.onsemi.com/download/models/lib/ntd4855n.lib,,,downloaded,1799,d5f0284c3f0b447bba1a17ddd8e78af42580701c4ef547344fc65daa4ecd0a20,2026-09-19,6,2026-09-20,index_models-1,
https://www.onsemi.com/download/models/lib/ntd4857n.lib,,,downloaded,1823,32633bcf623e35047d6cffc0927a14bde8c5bc98cedcf4b48df4366095094bc5,2026-09-19,6,2026-09-20,index_models-1,
https://www.onsemi.com/download/models/lib/ntd4863n.lib,,,downloaded,1813,d5074d5e836ebea4e21825fad5f89bd57132d8d8c4b2e9c492849b9c74cf763c,2026-09-19,6,2026-09-20,index_models-1,
https://www.onsemi.com/download/models/lib/ntd4910n.lib,,,downloaded,1748,b4ffacefb50ff6215a34db60277cf369c8e229e24f9f061594ea63e323b5ef56,2026-09-19,6,2026-09-20,index_models-1,
https://www.onsemi.com/download/models/lib/ntd4960n.lib,,,downloaded,1744,f7dfbd30ac7b51c9f72907413e0bf713d94f30c98361ee4abfb79535808f40f0,2026-09-19,6,2026-09-20,index_models-1,
https://www.onsemi.com/download/models/lib/ntd4965n.lib,,,downloaded,1756,91a6ccd6636b755b4f15cf8d3b458179c562ed236e4a6df86e16424200ec0647,2026-09-19,6,2026-09-20,index_models-1,
https://www.onsemi.com/download/models/lib/ntd4969n.lib,,,downloaded,1747,c8232ca30c39c5023f569081cc93eedbd797728d5ee7e822e5a6ebaa75f9a3fa,2026-09-19,6,2026-09-20,index_models-1,
https://www.onsemi.com/download/models/lib/ntd4970n.lib,,,downloaded,1767,d05591644f3fcf670976d3a8dc4eb96cd7c9232dd96693bfaff6100f24521af9,2026-09-19,6,2026-09-20,index_models-1,
https://www.onsemi.com/download/models/lib/ntd50n03r.rev0.lib,,,downloaded,1742,aa53836988086becf4470e366c4bdc3d33dc59613e3649b49299fb43b5d0cd3c,2026-09-19,6,2026-09-20,index_models-1,
https://www.onsemi.com/download/models/lib/ntd5406n.lib,,,downloaded,1731,58acfce4cb91e53832e80043778897f2f03249cb986db8895d1fe00b20d56fff,2026-09-19,6,2026-09-20,index_models-1,
https://www.onsemi.com/download/models/lib/ntd5407n.lib,,,downloaded,1744,d6bea55e2d6c5d87c3b5e21cd09253042a0cdf5754095ccd62116a0b9d6794e6,2026-09-19,6,2026-09-20,index_models-1,
https://www.onsemi.com/download/models/lib/ntd5867nl.lib,,NTD5867NL,downloaded,2012,c428a8620de47a7e81cb9c1aa7638f20fd98c362943c92fd1bd63636acba078a,2026-09-19,7,2026-09-20,index_models-1,
https://www.onsemi.com/download/models/lib/ntd5c434nt4g_rev0_lib.lib,,,downloaded,1740,1b17ba292f3ffac1645cb8b884954afafc754e9a5f82c310342ad9f73db1026a,2026-09-19,6,2026-09-20,index_models-1,
https://www.onsemi.com/download/models/lib/ntd5c464nt4g_rev0.lib.lib,,,downloaded,1752,6aaece93a82bd9fd953ee3ece5e5db616abfe4515e7c057d74e93377fde3819d,2026-09-19,6,2026-09-20,index_models-1,
https://www.onsemi.com/download/models/lib/ntd5c632nlt4g_rev0.lib,,,downloaded,1752,a3602170da075a9f10afb82e04e98374bd7aa39293301f5032e38cbb102780b9,2026-09-19,6,2026-09-20,index_models-1,
https://www.onsemi.com/download/models/lib/ntd5c668nlt4g_rev0_lib.lib,,,downloaded,1745,66876a7806f9fb5b4d0c13fe4b5bb4c2fb91e192aa665922dbd07295c7dd0ced,2026-09-19,6,2026-09-20,index_models-1,
https://www.onsemi.com/download/models/lib/ntd60n02r.lib,,,downloaded,1761,ce302fd9c4dd3ff3ac2e343f0ec841c10c2ef174b095fa5010ac01da94d4b4c3,2026-09-19,6,2026-09-20,index_models-1,
https://www.onsemi.com/download/models/lib/ntd6415anl.lib,,,downloaded,1762,c1ee5e2295fa2bba07d67599361b2553c2285c08983b1be6209ceb070c178011,2026-09-19,6,2026-09-20,index_models-1,
https://www.onsemi.com/download/models/lib/ntd6416anl.lib,,,downloaded,1745,f5b4610433fbd3f9a7b6bf15026873ad2583d757efe565f1f280500074964126,2026-09-19,6,2026-09-20,index_models-1,
https://www.onsemi.com/download/models/lib/ntd80n02.lib,,,downloaded,1707,0a49ea0c2279488e8d8d5fd789d55f0355d29d4d6cf950a5335760849a6bf5d6,2026-09-19,6,2026-09-20,index_models-1,
https://www.onsemi.com/download/models/lib/ntd85n02r.rev0.lib,,,downloaded,1767,698994bfeac2e6d21e87d7cacfa26aaa3fd4e598c7e74f9e6803ce1d2e10b7dc,2026-09-19,6,2026-09-20,index_models-1,
https://www.onsemi.com/download/models/lib/ntd95n02r.rev0.lib,,,downloaded,1737,4856414b70d8939d608a708f3b5cf802f27246f470dcb1b95f4e5b1f511d3b71,2026-09-19,6,2026-09-20,index_models-1,
https://www.onsemi.com/download/models/lib/nte4151p.lib,,,downloaded,1749,74583e340899f53fcfa642c969f981ef539d84d1f442fc728995f698637fb9fd,2026-09-19,6,2026-09-20,index_models-1,
https://www.onsemi.com/download/models/lib/ntf3055-100.lib,,,downloaded,1701,ecf0bb59c57da2479d832ef0b56cc7e59e8135e4b6f0a4058634a0d51c218b14,2026-09-19,6,2026-09-20,index_models-1,
https://www.onsemi.com/download/models/lib/ntf3055-160.lib,,,downloaded,1687,155ea27b91f4535b49b75d382bbc7b76f465e20aa1b84da5af7a33156df94eb9,2026-09-19,6,2026-09-20,index_models-1,
https://www.onsemi.com/download/models/lib/ntf3055l108.lib,,,downloaded,1704,154ebd21f061bbd2cea3da41ceeb4a010aeaaf86e3cd76fba24478b96c09e2a0,2026-09-19,6,2026-09-20,index_models-1,
https://www.onsemi.com/download/models/lib/ntf6p02.lib,,,downloaded,1729,710bc0a518998b2214de4d8f522dc6e536a5afe8cc0e04a9c3e1878bd6e937ce,2026-09-19,6,2026-09-20,index_models-1,
https://www.onsemi.com/download/models/lib/ntgd3147f.lib,,,downloaded,3187,4fef39970873a8b9711ff632d75e62a9e122596d207679275ee52fc6aef58e79,2026-09-19,8,2026-09-20,index_models-1,
https://www.onsemi.com/download/models/lib/ntgs3130n.lib,,,downloaded,1693,0d7f7852f59f31658b9b89962c166bae738f000263d19bebcb5616fd42109eb0,2026-09-19,6,2026-09-20,index_models-1,
https://www.onsemi.com/download/models/lib/ntgs3136pt1g.lib,,,downloaded,1663,f73730901bbe0c20acf2aa2f2dba870d7ae94aff34c282e7db15b57482b01264,2026-09-19,6,2026-09-20,index_models-1,
https://www.onsemi.com/download/models/lib/ntgs3441b.lib,,,downloaded,1759,b30a8954603a04a7aa42ff2d54f86edacb911258ee4e91b6a2bc4d88f10ab2a8,2026-09-19,6,2026-09-20,index_models-1,
https://www.onsemi.com/download/models/lib/ntgs3441pt1g.lib,,,downloaded,1754,a64a086f6432098651c966e7c706cf881b005af133e5d8798e8925c786292087,2026-09-19,6,2026-09-20,index_models-1,
https://www.onsemi.com/download/models/lib/ntgs3441t1.lib,,,downloaded,1768,7d47b6177b38b6272ff39f04651d732b36dd4bb32b55e92ba91797b27fd3b268,2026-09-19,6,2026-09-20,index_models-1,
https://www.onsemi.com/download/models/lib/ntgs3443t1.lib,,,downloaded,3496,f3f4a3c83e726b68990be570d8601712bfc2039383d5b12687798b0afa01d62c,2026-09-19,12,2026-09-20,index_models-1,
https://www.onsemi.com/download/models/lib/ntgs3455t1%20pspice.lib,,,downloaded,1908,704f55e4b3721e3f8a43e72e06ea035211eae09201a42ac1315ebd5c1c55092f,2026-09-19,17,2026-09-20,index_models-1,
https://www.onsemi.com/download/models/lib/ntgs3a033pz.lib.lib,,,downloaded,1737,168c7bfb61b2faf787dd6b1cb2b8a8260a1f6c2172ffafc413519e6cf979dedc,2026-09-19,6,2026-09-20,index_models-1,
https://www.onsemi.com/download/models/lib/nthc5513t1.lib,,,downloaded,4316,f799028a22cf6544bc636ace1460afd69bc7e28730c381837eb8f9d68a495026,2026-09-19,13,2026-09-20,index_models-1,
https://www.onsemi.com/download/models/lib/nthd2102pt1.rev0.lib,,,downloaded,1740,f94f4421e2a632d8f61fce6e487a0631b52675b4c17b6a599569438c7a38c7c5,2026-09-19,6,2026-09-20,index_models-1,
https://www.onsemi.com/download/models/lib/nthd3100c-n.rev0.lib,,,downloaded,1764,938e42cc6574f9633be67fb64924b3ac540af485a112886bea187b450618d105,2026-09-19,6,2026-09-20,index_models-1,
https://www.onsemi.com/download/models/lib/nthd3133pf.lib,,,downloaded,3053,9883e9a09e9456334e649e9b226229fc6f10e987fc72141f7f392f4c8ba684dd,2026-09-19,8,2026-09-20,index_models-1,
https://www.onsemi.com/download/models/lib/nthd4102pt1.rev0.lib,,,downloaded,1771,45574498ea827f8a83e8c0b14e2a839f5b687e63b68881d9b3d96ae925719d6f,2026-09-19,6,2026-09-20,index_models-1,
https://www.onsemi.com/download/models/lib/nthd4502n.rev0.lib,,,downloaded,1755,d9bd432f3e5a4045f6e664a163811ddc271d61109b75108ec3f7061707802f77,2026-09-19,6,2026-09-20,index_models-1,
https://www.onsemi.com/download/models/lib/nthd4508n.rev0.lib,,,downloaded,1748,ea9187bae66910b4ec9cc0d115d58d8b323e5aa47107094d53dc4a41abb4fc24,2026-09-19,6,2026-09-20,index_models-1,
https://www.onsemi.com/download/models/lib/nthd4p02f.lib,,,downloaded,3285,796c1d934f96e16f8227a2b1b3594d692f2ed169fb6168c87f9e3bbed93f7c39,2026-09-19,8,2026-09-20,index_models-1,
https://www.onsemi.com/download/models/lib/nthd5903t1.lib,,,downloaded,1777,124bfdc6df61d142924316e886554e009f049e6d9bd286f6b6caf729f14251d8,2026-09-19,6,2026-09-20,index_models-1,
https://www.onsemi.com/download/models/lib/nthd5904n.rev0.lib,,,downloaded,1757,c61020705b34f86a03fae4498793092b0f2ac918cd749e459cfc787de0bb8b14,2026-09-19,6,2026-09-20,index_models-1,
https://www.onsemi.com/download/models/lib/nths2101pt1.rev0.lib,,,downloaded,1743,fc44942430ebbf12588b72b3b00c8d5f3b5461220e361db5a66971249cbb8c2b,2026-09-19,6,2026-09-20,index_models-1,
https://www.onsemi.com/download/models/lib/nths4101pt1.rev0.lib,,,downloaded,1758,07fe8765076f850cad012dcc20d9ee1dbc40806c91108d8dda516d46770d7eaf,2026-09-19,6,2026-09-20,index_models-1,
https://www.onsemi.com/download/models/lib/nths5441t1.lib,,,downloaded,1782,a4e9195a04830579f6550cd62338238da3473289c7faff303cd11110f9140fa8,2026-09-19,6,2026-09-20,index_models-1,
https://www.onsemi.com/download/models/lib/nths5443t1.lib,,,downloaded,1762,e0d75eee478a2d2d2973a5d26e896e78217a31cc390419e46ab2b839e34d8b31,2026-09-19,6,2026-09-20,index_models-1,
https://www.onsemi.com/download/models/lib/ntjd1155l.rev0.lib,,,downloaded,4264,f32e77d656551b46217593504f140b226ba956a73559433486ceee78fe6ccbe8,2026-09-19,13,2026-09-20,index_models-1,
https://www.onsemi.com/download/models/lib/ntjd4105ct1.rev0.lib,,,downloaded,4308,eda21aa623e5a67e8740ffe590948af491a5e019b01512707301078916649f23,2026-09-19,13,2026-09-20,index_models-1,
https://www.onsemi.com/download/models/lib/ntjd4152p.rev0.lib,,,downloaded,1736,24779a03a29ac5ed0fc80d386ceacb4297713d735c7a1a4f1b835c4c4dd193f0,2026-09-19,6,2026-09-20,index_models-1,
https://www.onsemi.com/download/models/lib/ntjd4185c.lib,,,downloaded,4366,18911f1df1536a0761f623d8137f9e2a15c0d6ced2fc68428d8f3e8633d587a6,2026-09-19,13,2026-09-20,index_models-1,
https://www.onsemi.com/download/models/lib/ntjd5121.lib,,,downloaded,1746,0ac70760fe2c2ef56e081f96bf33efedaa8661f3e6a4e4b812ff18e4c5542eb8,2026-09-19,6,2026-09-20,index_models-1,
https://www.onsemi.com/download/models/lib/ntjs3151p.rev0.lib,,,downloaded,1732,4db36d07a3daede8d01d21e8a1b024351c87cbc615e9a3b7ad1ccef59a25f3e1,2026-09-19,6,2026-09-20,index_models-1,
https://www.onsemi.com/download/models/lib/ntjs3157n.rev0.lib,,,downloaded,1742,b2cdee47b2cde0ed0942fe619c7ff177d38852273d9c37e305d351098aeaa6ff,2026-09-19,6,2026-09-20,index_models-1,
https://www.onsemi.com/download/models/lib/ntjs4405n.rev0.lib,,,downloaded,1746,97678c1678766e4a2ad397371f7456fb09f2131174ed15b890811eb45f35783a,2026-09-19,6,2026-09-20,index_models-1,
https://www.onsemi.com/download/models/lib/ntk3134n.lib,,,downloaded,1686,5d3d3f1cde011e0069af98a073bfb270154e4dd6487c227d9ffb1141b0ae6ea3,2026-09-19,6,2026-09-20,index_models-1,
https://www.onsemi.com/download/models/lib/ntk3139p.lib,,,downloaded,1662,0dfd70de646fecef7f448432eba933d975ec63902a88f4becc03fb41eb7512d5,2026-09-19,6,2026-09-20,index_models-1,
https://www.onsemi.com/download/models/lib/ntljd2104p.lib,,,downloaded,1776,24124b39922cb868212071e59bd9ef098bf2291b636be67420b6966591cfa4c0,2026-09-19,6,2026-09-20,index_models-1,
https://www.onsemi.com/download/models/lib/ntljd3115p.lib,,,downloaded,1724,8ea4dab9a62c9b89ab597ffb325c593ba09cf04e5d7d8498426c09a0f89806f4,2026-09-19,6,2026-09-20,index_models-1,
https://www.onsemi.com/download/models/lib/ntljf4156n.lib,,,downloaded,3130,68c127429d476ba5ffdc82578ed39675cf24df185426695815334412db89b041,2026-09-19,8,2026-09-20,index_models-1,
https://www.onsemi.com/download/models/lib/ntlld4901nf.lib,,,downloaded,4029,d7ffe47ceef384d79c86aa916ac2f4fd89cf0b1b15ae4d94b7f958158f93b4c6,2026-09-19,13,2026-09-20,index_models-1,
https://www.onsemi.com/download/models/lib/ntlts3107p.lib,,,downloaded,1736,e83a0b30e1e17809bcf728c6850ca429a12a5f52b797dec3c56c9b77d65fae12,2026-09-19,6,2026-09-20,index_models-1,
https://www.onsemi.com/download/models/lib/ntlud4c26n.lib.lib,,,downloaded,1735,7c01c0b8be5524f127336ca0c6b74b8dbff7ed0dbb74e544dbf5e84070567681,2026-09-19,6,2026-09-20,index_models-1,
https://www.onsemi.com/download/models/lib/ntlus020n03c.lib.lib,,,downloaded,1731,9a8e73843fbf5d81bffc18be364fe1d428f705296e0aa21103ce7894f5c18e27,2026-09-19,6,2026-09-20,index_models-1,
https://www.onsemi.com/download/models/lib/ntlus030n03c.lib.lib,,,downloaded,1731,af52213e0a443e82404e2ed02db7d921e6564c604b28a4292680b0acdbe84d36,2026-09-19,6,2026-09-20,index_models-1,
https://www.onsemi.com/download/models/lib/ntlus3192pz.lib,,,downloaded,1731,73705e6d392d04303ae2a46f16e19f8bc72bda2cadd3565694e12ba62c462ef4,2026-09-19,6,2026-09-20,index_models-1,
https://www.onsemi.com/download/models/lib/ntlus3a40pz-lib.lib,,,downloaded,1729,647380bf8282ebd15226ea92ac10136a1c8a03d1f5786e18879da15fa527bdfe,2026-09-19,6,2026-09-20,index_models-1,
https://www.onsemi.com/download/models/lib/ntlus3a90pz-lib.lib,,,downloaded,1730,67c94120be5618be0f9b91fad0f44200db73fb56ca0988a22753368e83606b8e,2026-09-19,6,2026-09-20,index_models-1,
https://www.onsemi.com/download/models/lib/ntlus4195pz.lib,,,downloaded,1746,6bf4ad0a186d6bf7b0a67fd6892fa0218c728f4e69b4d3a345f362efcaf589dd,2026-09-19,6,2026-09-20,index_models-1,
https://www.onsemi.com/download/models/lib/ntlus4930n.lib,,,downloaded,1747,4219ff0d83dea2152e043d09aab1dd438693a8b29b1d5ba533665fc7dc2ba6cc,2026-09-19,6,2026-09-20,index_models-1,
https://www.onsemi.com/download/models/lib/ntlus4c12n.lib,,,downloaded,1732,3580d0feffead50dd0ee8fc0b0be4e4d45f7fe456c4779af04c134176b7c4074,2026-09-19,6,2026-09-20,index_models-1,
https://www.onsemi.com/download/models/lib/ntlus4c16n.lib.lib,,,downloaded,1754,cf3c3d118b82ac99ada829cffc6dd62ceab7c696ba61dfabd7386cb8856da758,2026-09-19,6,2026-09-20,index_models-1,
https://www.onsemi.com/download/models/lib/ntmd2c02r2.lib,,,downloaded,4135,bbd8cac2f539d2e765d77f61a44ce4f676b613561a0d79b27d892481cd7091aa,2026-09-19,13,2026-09-20,index_models-1,
https://www.onsemi.com/download/models/lib/ntmd2p01.rev0.lib,,,downloaded,1755,e42ca946dac54fbffefa1c69061c44dfc80dfcc27dd6877dce4f4b893d17f468,2026-09-19,6,2026-09-20,index_models-1,
https://www.onsemi.com/download/models/lib/ntmd3n08r2.lib,,,downloaded,1771,6333d2c19364aa8e1ccb1410fc319b4f79599542fda090fcf43d28dbabdef5ba,2026-09-19,6,2026-09-20,index_models-1,
https://www.onsemi.com/download/models/lib/ntmd4184pf.lib,,,downloaded,3501,25e1b9bfea34bcbf683ab72713ee1fa382fd972cfdbf645b80745deb5f3badba,2026-09-19,12,2026-09-20,index_models-1,
https://www.onsemi.com/download/models/lib/ntmd4884nf.lib,,,downloaded,2900,eacc3889809cc57e1b0745720de58769b682408dccf4842fe4a962f1d9c1cd58,2026-09-19,8,2026-09-20,index_models-1,
https://www.onsemi.com/download/models/lib/ntmd4n03r.rev0.lib,,,downloaded,1731,8caadbfcfe59f17ee639815bd4cd9321b01de4894c939763132892b4a2f7b46e,2026-09-19,6,2026-09-20,index_models-1,
https://www.onsemi.com/download/models/lib/ntmd5838nl.lib,,,downloaded,1753,2c870f7dda04f87abe769ee827571246635713e0b11db090b8f6b523e62aaf48,2026-09-19,6,2026-09-20,index_models-1,
https://www.onsemi.com/download/models/lib/ntmd6n02.rev0.lib,,,downloaded,1734,14eccbf9a73654438174fd056d49937b81a8d817dc53e8b30a1008d638439e46,2026-09-19,6,2026-09-20,index_models-1,
https://www.onsemi.com/download/models/lib/ntmd6p02r2.lib,,,downloaded,1763,a24e6e4c6dac994c4e3d3acac12422d99e9fd11b6ea78d0e38bcf2838a011237,2026-09-19,6,2026-09-20,index_models-1,
https://www.onsemi.com/download/models/lib/ntmfd4901nf.lib,,,downloaded,3977,ed2a5c4c0715e6d32cdfbfb4018e809f08e6b6781147b5692cc578f8b5187b6e,2026-09-19,13,2026-09-20,index_models-1,
https://www.onsemi.com/download/models/lib/ntmfd4902nf.lib,,,downloaded,4001,dd233feb7f1ad72132025954dedd1cc04c410ea02f57a98d0eb5b7b094c3bb4a,2026-09-19,13,2026-09-20,index_models-1,
https://www.onsemi.com/download/models/lib/ntmfd4c20.lib,,,downloaded,3066,5f532de208a953d26423ebf89d1f96fc32a6a63f1df823d5fdc34cb6b9dd03a0,2026-09-19,13,2026-09-20,index_models-1,
https://www.onsemi.com/download/models/lib/ntmfd5c446nl.lib.lib,,,downloaded,1742,db3e445f155d7f8c7d1ee290586984a4366ab9090a7f0500e7375acb2e253e17,2026-09-19,6,2026-09-20,index_models-1,
https://www.onsemi.com/download/models/lib/ntmfd5c462nl.lib.lib,,,downloaded,1737,e223efee71ad6f480182ee837531240113cca5d78c5a140c2031c9006a082094,2026-09-19,6,2026-09-20,index_models-1,
https://www.onsemi.com/download/models/lib/ntmfd5c466nl.lib.lib,,,downloaded,1742,db3e445f155d7f8c7d1ee290586984a4366ab9090a7f0500e7375acb2e253e17,2026-09-19,6,2026-09-20,index_models-1,
https://www.onsemi.com/download/models/lib/ntmfd5c650nl.lib.lib,,,downloaded,1749,842dc1b15371548343b07d3eb5b2ae075c33ddd45f96779e8446e2430feef261,2026-09-19,6,2026-09-20,index_models-1,
https://www.onsemi.com/download/models/lib/ntmfd5c672nl.lib.lib,,,downloaded,1743,84e4d68ae77f0aeba4666e22384f600d5e24637661501f480fe9f6a5f054167e,2026-09-19,6,2026-09-20,index_models-1,
https://www.onsemi.com/download/models/lib/ntmfd5c674nl.lib.lib,,,downloaded,1762,2e0d98717c723fcd479945615959d4217d94cca12d3a534744a5f1a68d18d95f,2026-09-19,6,2026-09-20,index_models-1,
https://www.onsemi.com/download/models/lib/ntmfs4122n.lib,,,downloaded,1722,11fdd6c4bd0d5d57d47b759b97d36f44a6f7d408bccec7ad1bf8417c72f275bc,2026-09-19,6,2026-09-20,index_models-1,
https://www.onsemi.com/download/models/lib/ntmfs4701n.rev0.lib,,,downloaded,1744,98569b1101f58177a623374a713fc1bffd9a7c96f03852f00bb6b507e109a5a1,2026-09-19,6,2026-09-20,index_models-1,
https://www.onsemi.com/download/models/lib/ntmfs4707n.rev0.lib,,,downloaded,1746,feabd85e0020aab827770d79030bb48b34566fcc8203e19191089a9d9215ed84,2026-09-19,6,2026-09-20,index_models-1,
https://www.onsemi.com/download/models/lib/ntmfs4708n.rev0.lib,,,downloaded,1747,e8d28201b150d8df21c52bb261306876c720ee951c0742b4677a420fe0d4da99,2026-09-19,6,2026-09-20,index_models-1,
https://www.onsemi.com/download/models/lib/ntmfs4741n.lib,,,downloaded,1768,438755d8ec41d408eba6289303c53c6752c2cf8e8029c1cbdfffb7c7fc2c57c9,2026-09-19,6,2026-09-20,index_models-1,
https://www.onsemi.com/download/models/lib/ntmfs4744n.lib,,,downloaded,1773,7ba0967eecdf91c2d02c967bb99d0397c1a94f699bb242eba33faf94c981f7f1,2026-09-19,6,2026-09-20,index_models-1,
https://www.onsemi.com/download/models/lib/ntmfs4823nt1g.lib,,,downloaded,1738,37aa53e3671b13236ebf0622934e089e6c7ce30420aec3548c83a333c0461ab3,2026-09-19,6,2026-09-20,index_models-1,
https://www.onsemi.com/download/models/lib/ntmfs4825nfe.lib,,,downloaded,1736,5e41f10d04bd7a1077d8a1286c3419c62467978105868608d2070db300775ebd,2026-09-19,6,2026-09-20,index_models-1,
https://www.onsemi.com/download/models/lib/ntmfs4833nt1g.lib,,,downloaded,1831,f0a026b22565cff511091f82f523cfa911a59de6b8fb7d32de224e800642ef61,2026-09-19,6,2026-09-20,index_models-1,
https://www.onsemi.com/download/models/lib/ntmfs4834n.lib,,,downloaded,1799,9f3f80d36700ab51427f1861b7a10495c9d48a1cde725583e49bf924b0524b14,2026-09-19,6,2026-09-20,index_models-1,
https://www.onsemi.com/download/models/lib/ntmfs4836n.lib,,,downloaded,1850,0c6b46ca6c62430d26eb1a8ecb9692d9198603bb3087e3cda22a5a13d7f1b0a1,2026-09-19,6,2026-09-20,index_models-1,
https://www.onsemi.com/download/models/lib/ntmfs4837nh.lib,,,downloaded,1858,4606c85286b62d99bfda1f5a74cd1f48555300a5391990508156d9ec37357f31,2026-09-19,6,2026-09-20,index_models-1,
https://www.onsemi.com/download/models/lib/ntmfs4839n.lib,,,downloaded,1801,2a3588e8245f2bd0008cfa8519ab7706e1816a24ac49ce1484893b61d1787122,2026-09-19,6,2026-09-20,index_models-1,
https://www.onsemi.com/download/models/lib/ntmfs4841n.lib,,,downloaded,1797,8d21a49d3a7e093aeaccd489ea1afe9b6dc2f82f1e14202bf197380b0b11884b,2026-09-19,6,2026-09-20,index_models-1,
https://www.onsemi.com/download/models/lib/ntmfs4845.lib,,,downloaded,1796,3fb55d1dc1a58e9c7d54508bd9863772e4968ed32e9eb59950105962e9a6dfe9,2026-09-19,6,2026-09-20,index_models-1,
https://www.onsemi.com/download/models/lib/ntmfs4846n.lib,,,downloaded,1800,ff09c8952e2afaf18248cf61acbb578f324c62f3d835011943ec5052442c557c,2026-09-19,6,2026-09-20,index_models-1,
https://www.onsemi.com/download/models/lib/ntmfs4847n.lib,,,downloaded,1809,3c456cc3a922caf58330f13fa1d8cec4933ee1577383193a61d971de3aab0fe7,2026-09-19,6,2026-09-20,index_models-1,
https://www.onsemi.com/download/models/lib/ntmfs4852n.lib,,,downloaded,1749,25cdf011b14eb32c7368441959fcae0179ed1d09bab3c0d19516f857706776df,2026-09-19,6,2026-09-20,index_models-1,
https://www.onsemi.com/download/models/lib/ntmfs4897n.lib,,,downloaded,1729,47be8af286076c1fa25946d5d846565974e8da5bd00a06ffb1ee3a638a3511fc,2026-09-19,6,2026-09-20,index_models-1,
https://www.onsemi.com/download/models/lib/ntmfs4898nf.lib,,,downloaded,1738,2e2fc8bf37a11670c175e14e1051e91e2837a393c28d9165f396d891b074cad7,2026-09-19,6,2026-09-20,index_models-1,
https://www.onsemi.com/download/models/lib/ntmfs4899nf.lib,,,downloaded,1730,7886a9d918a04df1143665edec98622a8d5bc76c665d9e764876d61289558317,2026-09-19,6,2026-09-20,index_models-1,
https://www.onsemi.com/download/models/lib/ntmfs4921n.lib,,,downloaded,1713,0112c3709422b9e246909ea88847ec374d9888d9e60722a440e362ac90f65812,2026-09-19,6,2026-09-20,index_models-1,
https://www.onsemi.com/download/models/lib/ntmfs4922ne.lib,,,downloaded,1751,9e7a13f2839f5c2eb1d27073f617016bda6d911dfd14e81bd47605eac47daee1,2026-09-19,6,2026-09-20,index_models-1,
https://www.onsemi.com/download/models/lib/ntmfs4925n.lib,,,downloaded,1744,c26aac245823d49d14a26108c9a2605ff8632f645cf842088b827fa28ffadc36,2026-09-19,6,2026-09-20,index_models-1,
https://www.onsemi.com/download/models/lib/ntmfs4925ne.lib,,,downloaded,1749,9b1edb94befac804336d4cf470a6a0fe765bdb468607ce07e291dfb81e31ca1e,2026-09-19,6,2026-09-20,index_models-1,
https://www.onsemi.com/download/models/lib/ntmfs4926n.lib,,,downloaded,1744,08da383e62be28aa9ecf30f393b9883865ce9373230712cd1bfe8d7d13ff4dda,2026-09-19,6,2026-09-20,index_models-1,
https://www.onsemi.com/download/models/lib/ntmfs4926ne.lib,,,downloaded,1749,c552d606320665b355a2d53f5fd87499033912dde3d41475d61cc202887a5277,2026-09-19,6,2026-09-20,index_models-1,
https://www.onsemi.com/download/models/lib/ntmfs4927n.lib,,,downloaded,1749,edb45d3ee4e07b2c421879ae34800ae541878014f12ee6e1a43d201167185861,2026-09-19,6,2026-09-20,index_models-1,
https://www.onsemi.com/download/models/lib/ntmfs4931n-lib.lib,,,downloaded,1761,76d426dfb8f55c5bc3cd0285b759ff7a760851e28a09b30ef38f92906f0a545d,2026-09-19,6,2026-09-20,index_models-1,
https://www.onsemi.com/download/models/lib/ntmfs4934n.lib,,,downloaded,1757,9fb017e09667df47e67bf381fa3c3a85ab3eabcaeac00a99ed30fa9ca7f7fc7a,2026-09-19,6,2026-09-20,index_models-1,
https://www.onsemi.com/download/models/lib/ntmfs4935n.lib,,,downloaded,1764,f88ab25b0bfbf71415542853d1dfd24436900421b171a7f99a03123f2e19b0fa,2026-09-19,6,2026-09-20,index_models-1,
https://www.onsemi.com/download/models/lib/ntmfs4937n.lib,,,downloaded,1739,fa40a3dd1191ed7cbe39b9000a8097be5b2b05e7ea72f6aeab1bd6b20a4f9bd0,2026-09-19,6,2026-09-20,index_models-1,
https://www.onsemi.com/download/models/lib/ntmfs4939n.lib,,,downloaded,1740,4aa3f4dba31e3013e09153eb7777b3f3ed7de2f7e5d94c51aaef55fd50d8e23f,2026-09-19,6,2026-09-20,index_models-1,
https://www.onsemi.com/download/models/lib/ntmfs4943n.lib,,,downloaded,1742,9e2b71dddd54915d94524183802355e9c2995fc40727fa2e2ba918ae9f4da52c,2026-09-19,6,2026-09-20,index_models-1,
https://www.onsemi.com/download/models/lib/ntmfs4945n.lib,,,downloaded,1742,ccc21f614b79d90a69b7c0d1001b41a6c591e3ce381d2eec31a92fb7a1b2238f,2026-09-19,6,2026-09-20,index_models-1,
https://www.onsemi.com/download/models/lib/ntmfs4985nf.lib,,,downloaded,1767,2ffc657e20c02556c8048c0aaaa74c4c24508d1d93099126b832f97b233e4abe,2026-09-19,6,2026-09-20,index_models-1,
https://www.onsemi.com/download/models/lib/ntmfs4c03n.lib.lib,,,downloaded,1734,30481a2a4db6b86a5efb22ef7e50b01d1523759607da04e64af7fb8914fcf0bd,2026-09-19,6,2026-09-20,index_models-1,
https://www.onsemi.com/download/models/lib/ntmfs4c08n.lib,,,downloaded,1762,078315de7058634415b19217feea2119a53830408c4a8d865425e5624769f476,2026-09-19,6,2026-09-20,index_models-1,
https://www.onsemi.com/download/models/lib/ntmfs4c09n.lib,,,downloaded,1743,5a0cf1835fef397ddba93e7705b4ecba7c0440a170d9824680f4dd2d9f53aa6e,2026-09-19,6,2026-09-20,index_models-1,
https://www.onsemi.com/download/models/lib/ntmfs4c10n.lib,,,downloaded,1760,becdfda197de16a6f27a990cdafd23662aedd3d6c3ec211301546e80e21f97fc,2026-09-19,6,2026-09-20,index_models-1,
https://www.onsemi.com/download/models/lib/ntmfs4c302n.lib.lib,,,downloaded,1741,05bc9fd826fd81af2f13e9fd4d7fe18a4cade30f701d2c4d9c8e14861c08b464,2026-09-19,6,2026-09-20,index_models-1,
https://www.onsemi.com/download/models/lib/ntmfs4c35.lib,,,downloaded,1735,71e8a4313bf9729b1b17b94d5be7b66b6f95a9cd7b2b338a1a5128f357956e38,2026-09-19,6,2026-09-20,index_models-1,
https://www.onsemi.com/download/models/lib/ntmfs4h013nf.lib.lib,,,downloaded,1763,bf297de5ca90d9aec7fecf5a44bdde8a621b088724e45d8ed8e8a28e126d0d9c,2026-09-19,6,2026-09-20,index_models-1,
https://www.onsemi.com/download/models/lib/ntmfs4h01n.rev0.lib.lib,,,downloaded,1740,69d34614e77726eedae095d774686116593e30d13a4688fde4055ba0e8fe2aa3,2026-09-19,6,2026-09-20,index_models-1,
https://www.onsemi.com/download/models/lib/ntmfs4h01nf.rev0.lib.lib,,,downloaded,1735,585867ce89d51362a8df25643b24c193f886e1853b04c3c89b2427a068c39757,2026-09-19,6,2026-09-20,index_models-1,
https://www.onsemi.com/download/models/lib/ntmfs4h02n.rev0.lib.lib,,,downloaded,1747,8e72c23e9eef0c6a47d89ee6721479942882c8c9ab125c5f7f2c0abdbc09bb3f,2026-09-19,6,2026-09-20,index_models-1,
https://www.onsemi.com/download/models/lib/ntmfs4h02nf.rev0.lib.lib,,,downloaded,1743,a2727a16ee4792b96dbdf12b71695722f01295225f27a308fe14a6bea5ecebf4,2026-09-19,6,2026-09-20,index_models-1,
https://www.onsemi.com/download/models/lib/ntmfs5830nl.lib,,,downloaded,1740,b292010773aef24fb38dd552b3448277a0bf7b7e586270f5be6b8572d4b812fa,2026-09-19,6,2026-09-20,index_models-1,
https://www.onsemi.com/download/models/lib/ntmfs5832nl.lib,,,downloaded,1751,62b64a3e3086511c0ebf87ff978f1cf35838340b9ddf9cde1ba46057f5f31c76,2026-09-19,6,2026-09-20,index_models-1,
https://www.onsemi.com/download/models/lib/ntmfs5c423nl.lib.lib,,,downloaded,1735,8fa53bf24267c79a4674d0ff1f7fc31a8077b9c6c625675356cd907347b0d186,2026-09-19,6,2026-09-20,index_models-1,
https://www.onsemi.com/download/models/lib/ntmfs5c456nl.lib.lib,,,downloaded,1741,0ee766dce72000c407cf7b083fd82694e311e8aaf1cc08d6d240ca74583aec07,2026-09-19,6,2026-09-20,index_models-1,
https://www.onsemi.com/download/models/lib/ntmfs5c460nl.lib%20.lib,,,downloaded,1742,95909a7a360b208b2d1be7a776bda1608f63501dbd31fa976ee6a6d624d4146b,2026-09-19,6,2026-09-20,index_models-1,
https://www.onsemi.com/download/models/lib/ntmfs5c468nl.lib.lib,,,downloaded,1754,0ac763c24fc79250ed7c697933b9fe8e21719fc17bf41e9474f33e95de709775,2026-09-19,6,2026-09-20,index_models-1,
https://www.onsemi.com/download/models/lib/ntmfs5c645nlt1g.lib.lib,,,downloaded,1740,227812b280b9280132c0d0dd113e8a564361d22bfe634ee6d07ffaffe161e95d,2026-09-19,6,2026-09-20,index_models-1,
https://www.onsemi.com/download/models/lib/ntmfs5c670nl.lib.lib,,,downloaded,1737,ddabf2f8c973b12b2ada3c3894d5019b3bbfba399d8a6b24b43a34f7f4f7b460,2026-09-19,6,2026-09-20,index_models-1,
https://www.onsemi.com/download/models/lib/ntmfs5c673nlt1g.lib.lib,,,downloaded,1743,90dfa5875c0268582aa6ab662578137863ecebd6f1b6d5e5265be3d27eb5aae1,2026-09-19,6,2026-09-20,index_models-1,
https://www.onsemi.com/download/models/lib/ntmfs5c682nl.lib.lib,,,downloaded,1737,cee51b4e22b7ed9a0da63f8a420cdd2a7328a5799f72a166b793efabadd70d27,2026-09-19,6,2026-09-20,index_models-1,
https://www.onsemi.com/download/models/lib/ntmfs5h630nl.lib.lib,,,downloaded,1756,e7742dd9a7a660b89d08ba8d80bd891d8cd219769c174201011f9e91c189d89d,2026-09-19,6,2026-09-20,index_models-1,
https://www.onsemi.com/download/models/lib/ntmfs5h663nl.lib.lib,,,downloaded,1753,06f2c477ee4b2d09fbfe0227d9db882fd906b5cc1d14e12fed2a178fbfc9d728,2026-09-19,6,2026-09-20,index_models-1,
https://www.onsemi.com/download/models/lib/ntmfs6b03n%20pspice.lib,,,downloaded,1735,0167ed640c7d31121cca2a411ad6affff7099e8ce5e6d435858577e66c808d2e,2026-09-19,6,2026-09-20,index_models-1,
https://www.onsemi.com/download/models/lib/ntmfs6b05n%20pspice.lib,,,downloaded,1737,871c69fd3e827d16155ceea290651301633a640778da0d5acade38418345526d,2026-09-19,6,2026-09-20,index_models-1,
https://www.onsemi.com/download/models/lib/ntmfs6b14n%20pspice.lib,,,downloaded,1728,497975881b8d69ab476dc7d6aa8ff30ef673c33db78077731ea2e0db1015a9fa,2026-09-19,6,2026-09-20,index_models-1,
https://www.onsemi.com/download/models/lib/ntms10p02.rev0.lib,,,downloaded,1751,cf61e714ff772cb38030a9502f400f1e887ba563344a8a53790e451e4ca16e86,2026-09-19,6,2026-09-20,index_models-1,
https://www.onsemi.com/download/models/lib/ntms4503n.rev0.lib,,,downloaded,1731,2cedfe7ae8a8fc0106a2475f5348a507a162e8b869bb9b4aa84d72511bb113bc,2026-09-19,6,2026-09-20,index_models-1,
https://www.onsemi.com/download/models/lib/ntms4705n.rev0.lib,,,downloaded,1745,e867331e2b9b8a6539a323034cb20b4475b3b2f0e65ddeeafa7b49031571802e,2026-09-19,6,2026-09-20,index_models-1,
https://www.onsemi.com/download/models/lib/ntms4800n.lib,,,downloaded,1729,395d1bf1b1c24659bf4efa57a03a1c96b9c28b99c18f30ba8dfd51ac38fcdd9e,2026-09-19,6,2026-09-20,index_models-1,
https://www.onsemi.com/download/models/lib/ntms4801n.lib,,,downloaded,1748,6c4b4ffed12074cf07d03855c84c484cea038d5fa0f95f4c381dbc63b96acd0b,2026-09-19,6,2026-09-20,index_models-1,
https://www.onsemi.com/download/models/lib/ntms4802n.lib,,,downloaded,1738,562defec00242f3774164fc211e794ac1b1cebbb47c6de66b2e0d79ff672ad45,2026-09-19,6,2026-09-20,index_models-1,
https://www.onsemi.com/download/models/lib/ntms4816nr2g.lib,,,downloaded,1683,438fdd0adf60b45460137e29af2a76d9046e5ec0b88cc8c82104e3778a5321f5,2026-09-19,6,2026-09-20,index_models-1,
https://www.onsemi.com/download/models/lib/ntms4840n.lib,,,downloaded,1767,91a263ad84215131baab1ad01fd7b95f095152ca723e7f237001b32694371f55,2026-09-19,6,2026-09-20,index_models-1,
https://www.onsemi.com/download/models/lib/ntms4916n.lib,,,downloaded,1750,f4258f9c350e85939d50693b02cb046ef92d77399550f2029e53fe9a2bdd7058,2026-09-19,6,2026-09-20,index_models-1,
https://www.onsemi.com/download/models/lib/ntms4920n.lib,,,downloaded,1723,222defaffa7d226b8e2a86cdc05a912fd0f93f65a64909c2f13b100886f4c9b7,2026-09-19,6,2026-09-20,index_models-1,
https://www.onsemi.com/download/models/lib/ntms4935n.lib,,,downloaded,1741,6e5a3d2d89b10540e0f2786d8003f2c0331f9803a00a2cfc7fe77fa894f289be,2026-09-19,6,2026-09-20,index_models-1,
https://www.onsemi.com/download/models/lib/ntms4937n.lib,,,downloaded,1724,3d3206b6af84aa3bc36152e7b9b49a02793fd9f4c5f4b7bb4385efa368ec2f48,2026-09-19,6,2026-09-20,index_models-1,
https://www.onsemi.com/download/models/lib/ntms4939n.lib,,,downloaded,1749,d3372da9a17e5cc8ebb77fe7ef41e4ed9e65899dbed2810d7c403f8edf660e9f,2026-09-19,6,2026-09-20,index_models-1,
https://www.onsemi.com/download/models/lib/ntms4n01r2.lib,,,downloaded,1763,121f5d786d5341fa10a90a1f0dcd08bb2a7d09e4fe3a3738ad17d86b2cd2c9dc,2026-09-19,6,2026-09-20,index_models-1,
https://www.onsemi.com/download/models/lib/ntms5p02.rev0.lib,,,downloaded,1768,52518fd35ecdea8042d8aac1992383ea73c6968efc72e0465f0624b8537763c6,2026-09-19,6,2026-09-20,index_models-1,
https://www.onsemi.com/download/models/lib/ntmsd3p303r2.rev0.lib,,,downloaded,3275,070e51e56e7259faff8d171ebdab0f1f5e75b9b1ecb0579c12dcc4c6e6b96ea2,2026-09-19,8,2026-09-20,index_models-1,
https://www.onsemi.com/download/models/lib/ntnd31015nz%20spice.lib,,,downloaded,1730,d3676fd6dcff157cbca3cdcc471b89cbbf551f5936ddd165cbe84acde276d316,2026-09-19,6,2026-09-20,index_models-1,
https://www.onsemi.com/download/models/lib/ntnd31200pz.lib.lib,,,downloaded,2156,5b544a66ac3382844b31d0be09880694a55146b4bceefe282fde891a1cfba169,2026-09-19,7,2026-09-20,index_models-1,
https://www.onsemi.com/download/models/lib/ntnd31211pz.lib,,,downloaded,2156,a2af61c943c0899ab65b497010356eaeefcb815d502a8d2c5a1226e4ccbca0aa,2026-09-19,7,2026-09-20,index_models-1,
https://www.onsemi.com/download/models/lib/ntnd31225cz.lib,,,downloaded,4697,6c2d68483566cc9ed9e84860e2c6b3443818dbe3ef949e670db08f1803cd4c86,2026-09-19,34,2026-09-20,index_models-1,
https://www.onsemi.com/download/models/lib/ntnd3184nz.lib.lib,,,downloaded,1728,2df0f1c8a8b788fe349c82855cd1a3f824dded45ff66dd73a56560be59874ca0,2026-09-19,6,2026-09-20,index_models-1,
https://www.onsemi.com/download/models/lib/ntns0k8n021z.lib,,,downloaded,2564,904ca8c148ec93b4d0addf4c11b9216449d82eb44390c6a3f486bb3211e04bc7,2026-09-19,17,2026-09-20,index_models-1,
https://www.onsemi.com/download/models/lib/ntns1k5n021z.lib.lib,,,downloaded,1733,47e11abe8baffe9258e952a48cd701f8dcc380be188b955b22c4d88ff43ee04d,2026-09-19,6,2026-09-20,index_models-1,
https://www.onsemi.com/download/models/lib/ntns41006pztcg_rev0.lib.lib,,,downloaded,1741,b44492d58c2c7019cda7b94b8b7d14cf81dc190f7f8c4bed38bad70128bbe673,2026-09-19,6,2026-09-20,index_models-1,
https://www.onsemi.com/download/models/lib/ntns5k0p021z.lib.lib,,,downloaded,1730,f69a5d307bc504d181c7955aea4a0a552541bac0f65d2351a9f5a84f78707b4b,2026-09-19,6,2026-09-20,index_models-1,
https://www.onsemi.com/download/models/lib/ntnus3171pz.lib,,,downloaded,1755,6a347f8b8894c61fd84a37731707a78e651f1a20336d5c23899107e4778bded7,2026-09-19,6,2026-09-20,index_models-1,
https://www.onsemi.com/download/models/lib/ntp27n06.lib,,,downloaded,1791,96bcae535d60d1be5c7890c92a0ca4584f9f5949e940f7a7df5467e91069538b,2026-09-19,7,2026-09-20,index_models-1,
https://www.onsemi.com/download/models/lib/ntp2955.rev0.lib,,,downloaded,1744,afbcb5605f919731f7dae544b274caee9e85af2e7fe9dd7bc6dd4a2fb9eff0bb,2026-09-19,6,2026-09-20,index_models-1,
https://www.onsemi.com/download/models/lib/ntp4302.rev0.lib,,,downloaded,1726,a13e3c1e8fbd5828972dec43d0c02f65513576b4bc751faa5b8e0c5c461c67c1,2026-09-19,6,2026-09-20,index_models-1,
https://www.onsemi.com/download/models/lib/ntp45n06.lib,,,downloaded,1690,c8d6cc106e66bd63a657d540f7ba1ce00ff25cc2c368e0aaf7045dc0e9b38a32,2026-09-19,6,2026-09-20,index_models-1,
https://www.onsemi.com/download/models/lib/ntp60n06.lib,,,downloaded,1671,53861dad296aefde8d943070303473dd227caddad347d60c4196e6fab5dd2827,2026-09-19,6,2026-09-20,index_models-1,
https://www.onsemi.com/download/models/lib/ntp65n02r.rev0.lib,,,downloaded,1747,5e10c0e2aa20a5aa2ce3e8f4fd7d46e14e37e77a5fc81ab0505c1d9690c74904,2026-09-19,6,2026-09-20,index_models-1,
https://www.onsemi.com/download/models/lib/ntp75n03-06.lib,,,downloaded,1742,86aab034683982cbbba2407be589a25f1aec60955026a00d74db1ee023607744,2026-09-19,6,2026-09-20,index_models-1,
https://www.onsemi.com/download/models/lib/ntp75n03l09.lib,,,downloaded,1742,86aab034683982cbbba2407be589a25f1aec60955026a00d74db1ee023607744,2026-09-19,6,2026-09-20,index_models-1,
https://www.onsemi.com/download/models/lib/ntp85n03.rev0.lib,,,downloaded,1748,a6e6dc6c90dc86e4238e669ff8f196a443525681e75b9095a8494a1447421463,2026-09-19,6,2026-09-20,index_models-1,
https://www.onsemi.com/download/models/lib/ntqd6866r.rev0.lib,,,downloaded,1732,5e98f00d6b1e6a9230b602f473d6a01af4dabc540574b64233da30d4f71d6b77,2026-09-19,6,2026-09-20,index_models-1,
https://www.onsemi.com/download/models/lib/ntqs6463.lib,,,downloaded,1747,254888dd9227b844108bea654e3ca5ba207ac40f9ae0258bf119e24e38195507,2026-09-19,6,2026-09-20,index_models-1,
https://www.onsemi.com/download/models/lib/ntr0202pl.rev0.lib,,,downloaded,1736,89b05107587df806d2a4e11aff8df168476f790c99e92316a288406bcbac2021,2026-09-19,6,2026-09-20,index_models-1,
https://www.onsemi.com/download/models/lib/ntr2101p.rev0.lib,,,downloaded,1752,f5ac4249c1b28d3595b8a051ed27e509be850a96864f70ce0a5e61dcf04c12ac,2026-09-19,6,2026-09-20,index_models-1,
https://www.onsemi.com/download/models/lib/ntr3162p.lib,,,downloaded,1727,cc554f43d3f98a627f7f1e008f1ba8a2143c6c2c08b733c5149f21e3f7f5868d,2026-09-19,6,2026-09-20,index_models-1,
https://www.onsemi.com/download/models/lib/ntr4003n.lib,,,downloaded,1756,948fa27f5ed00a690da4371ca2783f448f862dcee58a4b6fb9b3c942de41bf71,2026-09-19,6,2026-09-20,index_models-1,
https://www.onsemi.com/download/models/lib/ntr4101pt1.lib,,,downloaded,1750,5bc61825fb190004205cbfb96852cae822d1eda4fb985bad9ee247e5e174f57e,2026-09-19,6,2026-09-20,index_models-1,
https://www.onsemi.com/download/models/lib/ntr4171p.lib,,,downloaded,1761,6eb99420babd71e16e5e7120bdf614092b28ac61685111e36369f5af976d6b3b,2026-09-19,6,2026-09-20,index_models-1,
https://www.onsemi.com/download/models/lib/ntr4501n.rev0.lib,,,downloaded,1756,13398f56ff1b2d660f3284034dcf3d412f93c90bc8996b9f8fad7eb64b810789,2026-09-19,6,2026-09-20,index_models-1,
https://www.onsemi.com/download/models/lib/ntr4503n.rev0.lib,,,downloaded,1750,2c6ebcac889452668365fc88b8de78b37b7dcc411ebb1847d4d768c95a8d3690,2026-09-19,6,2026-09-20,index_models-1,
https://www.onsemi.com/download/models/lib/ntr5105p.lib,,,downloaded,2542,f73c51feade7ef0824510f34d27b17320699767cd62cff0cebed9cfc6f421485,2026-09-19,17,2026-09-20,index_models-1,
https://www.onsemi.com/download/models/lib/ntr5198nl.lib,,,downloaded,2622,f224f32c1ff0c4852bf076f7b955cfbd31b97eb85bc337c7bf2fd36b7a4eec60,2026-09-19,17,2026-09-20,index_models-1,
https://www.onsemi.com/download/models/lib/nts10100mfs_rev0.lib.lib,,,downloaded,667,b26b5b0e4bd42d559ca0aee2815dacc51bc84a514162a6106867d908b8f799ea,2026-09-19,1,2026-09-20,index_models-1,
https://www.onsemi.com/download/models/lib/nts1045mfs_lib.lib,,,downloaded,662,472a37b82766ce1a7eec1b3e6c4c450287763ba0e87609cb705684be0ccd7619,2026-09-19,1,2026-09-20,index_models-1,
https://www.onsemi.com/download/models/lib/nts1260mfs_lib.lib,,,downloaded,669,aaf3d2e8e3f6bb2417ffa252392cc27bb542860e7377d1f5fceb45d052db6992,2026-09-19,1,2026-09-20,index_models-1,
https://www.onsemi.com/download/models/lib/nts1545mfs_lib.lib,,,downloaded,662,9db5c294ddaf2d3ea049fba7527f6676025a924f2ddec5ac7a07bceb09ad6566,2026-09-19,1,2026-09-20,index_models-1,
https://www.onsemi.com/download/models/lib/nts2101p.rev0.lib,,,downloaded,1732,0505e53a2b0e7315d466930eb68e451a5fe94f295d05f8f219c38a9a3e5c6238,2026-09-19,6,2026-09-20,index_models-1,
https://www.onsemi.com/download/models/lib/nts245sf.lib.lib,,,downloaded,666,69143b05dda96c02fc989f6317332b90a0a9d852f655c0480f026bf94baaf3dc,2026-09-19,1,2026-09-20,index_models-1,
https://www.onsemi.com/download/models/lib/nts260sf_lib.lib,,,downloaded,661,2e5c87dce2a89958582b613bfe238c2cd5b908121bb677d7d41e9773aeb7d78b,2026-09-19,1,2026-09-20,index_models-1,
https://www.onsemi.com/download/models/lib/nts4001nt1.lib,,,downloaded,1734,0cacf477a50038c25017a1bbb1e26cfbeb94f07a5e733eb163819a295a38824d,2026-09-19,6,2026-09-20,index_models-1,
https://www.onsemi.com/download/models/lib/nts4409n.lib,,,downloaded,1738,f4f121265f824b73f4adaa690bcb715e98f887e05b67c1b239802b61cd2c7c14,2026-09-19,6,2026-09-20,index_models-1,
https://www.onsemi.com/download/models/lib/nts560mfs_lib.lib,,,downloaded,667,e48357219659687829f85f6eb4aa16ee1b29efa1f0bd17bdec33d1400763bd52,2026-09-19,1,2026-09-20,index_models-1,
https://www.onsemi.com/download/models/lib/nts860mfs_lib.lib,,,downloaded,663,aca46babb6e127922e9ca56390a6e2039c16c3011d68606cc3c3858f65214e40,2026-09-19,1,2026-09-20,index_models-1,
https://www.onsemi.com/download/models/lib/ntsa4100_lib.lib,,,downloaded,662,f88952d8af6172b750786cc143c396b3eb45defe1d4efab9177ed526df1934db,2026-09-19,1,2026-09-20,index_models-1,
https://www.onsemi.com/download/models/lib/ntsaf345_lib.lib,,,downloaded,662,b1a08e26e48fc0cefd99cf995c781dd7fe07c6585997b7c8b6aa0896995bc1d9,2026-09-19,1,2026-09-20,index_models-1,
https://www.onsemi.com/download/models/lib/ntsaf5100_lib.lib,,,downloaded,665,c17b202139e2410b3a9de0873815590a371a2e9ea6fa7952fd0192de49e34cd4,2026-09-19,1,2026-09-20,index_models-1,
https://www.onsemi.com/download/models/lib/ntsaf545_lib.lib,,,downloaded,668,a32b3817a40a41e6528613fdf309d46c284d4135a4f1ae1a70640007cebdb253,2026-09-19,1,2026-09-20,index_models-1,
https://www.onsemi.com/download/models/lib/ntss3100_lib.lib,,,downloaded,659,067a825cad466a9f6c6534266758bbd07beab60ae929cac797719a3ee35820fc,2026-09-19,1,2026-09-20,index_models-1,
https://www.onsemi.com/download/models/lib/ntss5100_lib.lib,,,downloaded,664,894579f6cfe2e023b7140c33c8f4ee1b09d4cb68c5a396de6c167e003eb5e814,2026-09-19,1,2026-09-20,index_models-1,
https://www.onsemi.com/download/models/lib/ntst30100sg.lib,,,downloaded,663,7154d82be2bd2b44f1984b1617cb9008b0b9301124452479fb968ceb05c15a1d,2026-09-19,1,2026-09-20,index_models-1,
https://www.onsemi.com/download/models/lib/nttd1p02.rev0.lib,,,downloaded,1740,0f2580372859e7f9527584a3f01ed7b4b0c12563698b460afa207940121af597,2026-09-19,6,2026-09-20,index_models-1,
https://www.onsemi.com/download/models/lib/nttd4401f.rev0.lib,,,downloaded,3265,2391346cc65b0dd23cf41ad37aa8deedd0b17999792653831815dac8fb19ae2a,2026-09-19,8,2026-09-20,index_models-1,
https://www.onsemi.com/download/models/lib/nttfs4821n.lib,,,downloaded,1739,e25d6f36abd5003f05693d54592ab99dcb10f940584b19753d384cbdfaf846b7,2026-09-19,6,2026-09-20,index_models-1,
https://www.onsemi.com/download/models/lib/nttfs4824n.lib,,,downloaded,1729,ecd7ee7e923b385391c7f48774d0f748190685114b25ff681283fc164647c8e2,2026-09-19,6,2026-09-20,index_models-1,
https://www.onsemi.com/download/models/lib/nttfs4840n.lib,,,downloaded,1735,c0ab64bc74cd419b17f9d032dd5630272d8ee6ec252a3eaa9baf73fe7a0debab,2026-09-19,6,2026-09-20,index_models-1,
https://www.onsemi.com/download/models/lib/nttfs4928n.lib.lib,,,downloaded,1736,74bfb86304c5882c2cda9e221286679d41dc20e4d384cc5365e0e8db73b6a3e6,2026-09-19,6,2026-09-20,index_models-1,
https://www.onsemi.com/download/models/lib/nttfs4929n.lib,,,downloaded,1754,7c981ecb69e8d0d573116d4b7e4b23fa13c8ccc23b46debcb9d18f16dcb66de0,2026-09-19,6,2026-09-20,index_models-1,
https://www.onsemi.com/download/models/lib/nttfs4937n.lib,,,downloaded,1748,29f09929f1b66455514088cfde7902705896eb6a74c5caa2bdecc4854e730012,2026-09-19,6,2026-09-20,index_models-1,
https://www.onsemi.com/download/models/lib/nttfs4943n.lib,,,downloaded,1740,baddee81b55fd7261f7086b19830cebad85d6c09c6b76a824a36a82ff1592897,2026-09-19,6,2026-09-20,index_models-1,
https://www.onsemi.com/download/models/lib/nttfs4985nf.lib,,,downloaded,1767,0b22c2d765e3e497e54ef9e66d6818e86c322b3eb44379724346d4ffd88fd525,2026-09-19,6,2026-09-20,index_models-1,
https://www.onsemi.com/download/models/lib/nttfs4c02n.lib.lib,,,downloaded,1729,bfeb6ec499e0672d432ca44eec3ebf9228d7935fc756a30f50d1b40693e95b5e,2026-09-19,6,2026-09-20,index_models-1,
https://www.onsemi.com/download/models/lib/nttfs4c05n.lib,,,downloaded,2183,fe38816fd5d495c9d8d91e11d56bca717068b4d60687b39718bdd9c7ba281b99,2026-09-19,7,2026-09-20,index_models-1,
https://www.onsemi.com/download/models/lib/nttfs4c06.lib,,,downloaded,1733,dfb5075da354e839a8f14f8005f680aec1b563403d63c09d659a6711adec933b,2026-09-19,6,2026-09-20,index_models-1,
https://www.onsemi.com/download/models/lib/nttfs4c08.lib,,,downloaded,1729,b62ea8d34d8b4d99f7be84b729fcbf37ece08270e08c0bbc2a1b41b4679c34cd,2026-09-19,6,2026-09-20,index_models-1,
https://www.onsemi.com/download/models/lib/nttfs4c13.lib,,,downloaded,1754,1cde6fccc9960d8250e79cb8bc4e7e2d2de1e795f83214eb1d27578ba2a28d05,2026-09-19,6,2026-09-20,index_models-1,
https://www.onsemi.com/download/models/lib/nttfs4h05n.rev0.lib.lib,,,downloaded,1750,0b6119ab660038e30fdbb937907501998dad941ad00abe04bb42a13f6bd88462,2026-09-19,6,2026-09-20,index_models-1,
https://www.onsemi.com/download/models/lib/nttfs5116pl.lib,,,downloaded,2561,87b9ba5d410a41819621f61e344885c95554bfbb9aea47bb91add8df72592350,2026-09-19,17,2026-09-20,index_models-1,
https://www.onsemi.com/download/models/lib/nttfs5811nl.lib,,,downloaded,1744,9b8b4330f4ee69c5c077d6deefb8e42dd10255c587fac2dd8dbf6ca7edc69b61,2026-09-19,6,2026-09-20,index_models-1,
https://www.onsemi.com/download/models/lib/nttfs5820nl.lib,,,downloaded,1757,563dab95453a92e1c4621694dd6a2f7b1b78e7a38b831e8d19d2c65bbe4561d2,2026-09-19,6,2026-09-20,index_models-1,
https://www.onsemi.com/download/models/lib/nttfs5826nl.lib.lib,,,downloaded,1759,753b6ea05ade6c23b74ba98e769ac3d204b3213aa2ff3abc611d5174a6e0f27a,2026-09-19,6,2026-09-20,index_models-1,
https://www.onsemi.com/download/models/lib/nttfs5c471nl.lib%20.lib,,,downloaded,1732,a3348d64594fe9265d490c4585ee1c88692623bb8fb29a8ca205c17860396445,2026-09-19,6,2026-09-20,index_models-1,
https://www.onsemi.com/download/models/lib/nttfs5c478nl.lib.lib,,,downloaded,1749,b14733921e25e71e140992f77b2081068c6efac099dd4eff2604ff9c402bef9f,2026-09-19,6,2026-09-20,index_models-1,
https://www.onsemi.com/download/models/lib/nttfs5c658nl.lib.lib,,,downloaded,1741,dc5df36a1b08cb44649290d309b5f79e557bcb6388e79144f9834a7624f2abbf,2026-09-19,6,2026-09-20,index_models-1,
https://www.onsemi.com/download/models/lib/nttfs5c670nl.lib.lib,,,downloaded,1733,cbf1f07ad63e238d5117542cc77ef3bcc14fc89030bc58d455f0e14ee379dc53,2026-09-19,6,2026-09-20,index_models-1,
https://www.onsemi.com/download/models/lib/nttfs5c673nl.lib.lib,,,downloaded,1748,645d21959a89d112b8554fdcddb114230282864c86a40633fd1438ff2fa54f70,2026-09-19,6,2026-09-20,index_models-1,
https://www.onsemi.com/download/models/lib/ntts2p03.rev0.lib,,,downloaded,1728,28adc77bd36d2acba9e84044c8d60168e5c59f1c36763f84a8abaab571d608ff,2026-09-19,6,2026-09-20,index_models-1,
https://www.onsemi.com/download/models/lib/ntud3129.lib,,,downloaded,3086,43c4168b2aa1d409127cd4738b60d862815b7d83fbe8aac9b07fe42e33a5e0b4,2026-09-19,13,2026-09-20,index_models-1,
https://www.onsemi.com/download/models/lib/ntud3169cz.lib,,,downloaded,4047,430ffb7b3559c838aecd9e7a42eb9df90be3771ca1ab81364853b678c55706f5,2026-09-19,13,2026-09-20,index_models-1,
https://www.onsemi.com/download/models/lib/ntud3170nz.lib,,,downloaded,1732,6eeea8d234998282e186a3e8360226060484f23af78f020cee05b49c5c594d56,2026-09-19,6,2026-09-20,index_models-1,
https://www.onsemi.com/download/models/lib/ntud3171pz.lib,,,downloaded,1740,ab272d2b9470b6a1e6c8eac423e4332737b4080e4340d5362db12780ca753628,2026-09-19,6,2026-09-20,index_models-1,
https://www.onsemi.com/download/models/lib/ntzd3154n.rev0.lib,,,downloaded,1728,118816977f312d5db94f125af4ab5b27d302e8c62662a3e22743776cfbe37b97,2026-09-19,6,2026-09-20,index_models-1,
https://www.onsemi.com/download/models/lib/ntzd3155c-p.rev0.lib,,,downloaded,1760,a0c4689ec87ede58026723d839a9d3b00023ad21d9da438225af8e332ccadf92,2026-09-19,6,2026-09-20,index_models-1,
https://www.onsemi.com/download/models/lib/ntzd5110.lib,,,downloaded,1746,76f0004a79569784cb0615e43f20947a5737c712afaab41254bf390c3e572806,2026-09-19,6,2026-09-20,index_models-1,
https://www.onsemi.com/download/models/lib/nud3105dmt1.lib,,,downloaded,3036,46e1518b42f4b5abe231479d74670f7779317d80749eba6b8ed43b29b664a682,2026-09-19,9,2026-09-20,index_models-1,
https://www.onsemi.com/download/models/lib/nud3112dmt1.rev0.lib,,,downloaded,3177,20c7adfc253e37f4631925e3ba0cfc98e3390a643feea4cfb50d4b59fbf8761a,2026-09-19,9,2026-09-20,index_models-1,
https://www.onsemi.com/download/models/lib/nud3124dmt1g%20(spice%20model).lib,,,downloaded,2978,09db1bd9927a820dc3db9a33958677b08216c5a86d47210f1e744ec71e39175b,2026-09-19,9,2026-09-20,index_models-1,
https://www.onsemi.com/download/models/lib/nud3124lt1g%20(spice%20model).lib,,,downloaded,2011,7d7f852a97c1ee8dc20dc6b6ba0194b204ed8e1e350bad74a6c6bf1f41aa7684,2026-09-19,9,2026-09-20,index_models-1,
https://www.onsemi.com/download/models/lib/nuf2015w1.rev0.lib,,,downloaded,1811,cb23dfaab3dd0fad677ccf2e772cd9c33cf4200d0351d95aef507590224ac629,2026-09-19,6,2026-09-20,index_models-1,
https://www.onsemi.com/download/models/lib/nuf2030xv6.rev0.lib,,,downloaded,1889,9c9164d340515dd98b3fc2b5ff4ffb3ff23c9fb1d5acc64a0dbee81f30c01a8b,2026-09-19,6,2026-09-20,index_models-1,
https://www.onsemi.com/download/models/lib/nuf2042xv6.rev0.lib,,,downloaded,1889,7dd4d108e44b5fc77bf194bc64aaad2759d86f716afb676cb96e0554cf58c1dd,2026-09-19,6,2026-09-20,index_models-1,
https://www.onsemi.com/download/models/lib/nuf2114mn.lib,,,downloaded,2289,2f0f546d00c8312585c47afc0bb17b832b7b0ab1a69d95e3e3ddf061922c9177,2026-09-19,7,2026-09-20,index_models-1,
https://www.onsemi.com/download/models/lib/nuf2220xv6.rev0.lib,,,downloaded,1836,301a596e9bbd6e170a5b0280f5b3390a17f41d2e9d7768112340cef0b8067ab4,2026-09-19,6,2026-09-20,index_models-1,
https://www.onsemi.com/download/models/lib/nuf2221w1t1.lib,,,downloaded,1787,1961c61fb71c5104d8588ebac81b954d963d3e0f0a8b6447a68bf9013af4780b,2026-09-19,6,2026-09-20,index_models-1,
https://www.onsemi.com/download/models/lib/nuf2230xv6.rev0.lib,,,downloaded,1812,7035abdb083457db3fd4f8cf0149ccdcd70958349d760254fe184e62c3946c4a,2026-09-19,6,2026-09-20,index_models-1,
https://www.onsemi.com/download/models/lib/nuf2240w1.rev0.lib,,,downloaded,1877,ba14b725caa109469fff97581fabdc672e1794e991ac44e85c4a60b38423607d,2026-09-19,6,2026-09-20,index_models-1,
https://www.onsemi.com/download/models/lib/nuf2450mu.lib,,,downloaded,2277,91f59e9e94c0a0126bf030f98cb43b356cd2df3af0841e254776041aa4cf34bc,2026-09-19,6,2026-09-20,index_models-1,
https://www.onsemi.com/download/models/lib/nuf3101fc.rev0.lib,,,downloaded,1920,bd7ce7d6cd8452ff9a605ff381d7000656ec00800be832752058703882ab9529,2026-09-19,6,2026-09-20,index_models-1,
https://www.onsemi.com/download/models/lib/nuf4210mn.lib,,,downloaded,1664,aa22b203e2c395a1a36352bc6e652ca1997b7a7e8da861662a3414fc7d8dade3,2026-09-19,6,2026-09-20,index_models-1,
https://www.onsemi.com/download/models/lib/nuf4220mn.lib,,,downloaded,2280,8eda698768149abab2b844b436951464d46a68db599625619ca33be0d647429e,2026-09-19,6,2026-09-20,index_models-1,
https://www.onsemi.com/download/models/lib/nuf4401mn.lib,,,downloaded,1662,c7086c5b2cfa095f75e5367e9676c127e39909fa03ee550d5279f3695e499ffa,2026-09-19,6,2026-09-20,index_models-1,
https://www.onsemi.com/download/models/lib/nuf4403mn.lib,,,downloaded,1640,fee4f5715071a31ccb03d81948fb9120c62aabe1d46017cf4138308305cba515,2026-09-19,6,2026-09-20,index_models-1,
https://www.onsemi.com/download/models/lib/nuf6001mut2g.lib,,,downloaded,961,84f53cfa28fed5c1012f77c38b49614efb6a2d13d60b0ccffaf0bfd80a67c8bf,2026-09-19,2,2026-09-20,index_models-1,
https://www.onsemi.com/download/models/lib/nuf6105fct1.lib,,,downloaded,1644,293ccc5479811ce64c492746f4365db8784472d7835c1d23857d6bd3fa03dafd,2026-09-19,6,2026-09-20,index_models-1,
https://www.onsemi.com/download/models/lib/nuf6401mn.rev0.lib,,,downloaded,1647,9af7059bd38cd4dba4d940796688a97ba5a6f36f0f85e36865bce79a9479dd8a,2026-09-19,6,2026-09-20,index_models-1,
https://www.onsemi.com/download/models/lib/nuf6402mn.rev0.lib,,,downloaded,2324,bb2d46a1302dfef063b324e3b03e1ba8170fcc80c2c1354470cf1e0a6c8f4f0a,2026-09-19,6,2026-09-20,index_models-1,
https://www.onsemi.com/download/models/lib/nuf8001mut2g.lib,,,downloaded,1643,4563c5cef3e4e0130b97e4a794133c2ecbe739dcb4340856fdf7b5badd927d8c,2026-09-19,6,2026-09-20,index_models-1,
https://www.onsemi.com/download/models/lib/nuf8401mn.rev0.lib,,,downloaded,1640,07c67385e6d488eac2dcdab5aeb562147e9b75ee31306f4de8214c3e827362bc,2026-09-19,6,2026-09-20,index_models-1,
https://www.onsemi.com/download/models/lib/nuf8402mn.rev0.lib,,,downloaded,1640,5e3b1200a5c5f41b00c1f973e2813b6f24f2aa05d6b8c93b885d5283ceb406f1,2026-09-19,6,2026-09-20,index_models-1,
https://www.onsemi.com/download/models/lib/nuf8410mn.lib,,,downloaded,1664,e6cbab4d2e4fbba1585eef1b0f9359f57fe1961039f372f50761738a6874a9ee,2026-09-19,6,2026-09-20,index_models-1,
https://www.onsemi.com/download/models/lib/nup1105lt1.lib,,,downloaded,1107,026e387b920d8e6dc42e89af86ceac6021ab344e65e8c7d9a29c4701c3e5fe53,2026-09-19,6,2026-09-20,index_models-1,
https://www.onsemi.com/download/models/lib/nup1128ht1g.lib,,,downloaded,978,cb98adde1d9b9ef40803645fd3d8e48dd21218ff08ec67a10b48f774582a1caf,2026-09-19,5,2026-09-20,index_models-1,
https://www.onsemi.com/download/models/lib/nup1301.lib,,,downloaded,767,c919171383a23843f01d88d220e5e39645cd0e2e71b56ae0608834eab3e4b3e7,2026-09-19,2,2026-09-20,index_models-1,
https://www.onsemi.com/download/models/lib/nup2105l.lib,,NUP2105L,downloaded,1106,a94d6f1c5b718de016cdf5a83c0959a98776720666091e2a14198ba1c5f86135,2026-09-19,6,2026-09-20,index_models-1,
https://www.onsemi.com/download/models/lib/nup2114ucmr6t1g.lib,,,downloaded,1926,0bd8663dbbee55779bb714f634999121f0c4046bf5e090fe6d8b65049f733db9,2026-09-19,7,2026-09-20,index_models-1,
https://www.onsemi.com/download/models/lib/nup2115l.lib,,,downloaded,1059,f355d21f22ec0c08df8847b859be69bbcd644b3c40a7d823d374e6e1da209bd6,2026-09-19,6,2026-09-20,index_models-1,
https://www.onsemi.com/download/models/lib/nup2125.lib.lib,,,downloaded,1103,5aa9904b92aa5a25306f06f993659e1f38dba4615d0a2975ca4c8faacd54e879,2026-09-19,6,2026-09-20,index_models-1,
https://www.onsemi.com/download/models/lib/nup2202w1t1g.lib,,,downloaded,4187,70d82cd5bda2bc330a2b1acf7f6917c5e7b79013b4b03fa21454bdf074d698f8,2026-09-19,18,2026-09-20,index_models-1,
https://www.onsemi.com/download/models/lib/nup3105l.lib.lib,,,downloaded,1094,df8aecc5510b45800c37975be8303b0b89d080d9d03aca53cdf8843214fdf185,2026-09-19,6,2026-09-20,index_models-1,
https://www.onsemi.com/download/models/lib/nup4114hmr6_rev0.lib,,,downloaded,3458,ef316b0922cb612d6790dd4122978ed7b4c431e576d0427fe81674633f1ecb32,2026-09-19,8,2026-09-20,index_models-1,
https://www.onsemi.com/download/models/lib/nup4114hmr6t1g.lib,,,downloaded,2054,a43b719892e3fe4e568ec9976ecf08a52f321843bbce3bf49ba7d93aaddb61ce,2026-09-19,7,2026-09-20,index_models-1,
https://www.onsemi.com/download/models/lib/nup4114uclw1t2g.lib,,,downloaded,2055,4df0631b69765ee299de8f6a32f284edcfa91186873a4b45d6ee5a0bd1d59e26,2026-09-19,7,2026-09-20,index_models-1,
https://www.onsemi.com/download/models/lib/nup4201dr2g.lib,,,downloaded,3097,76a476b058088afb846b77bb064cd2f1957290df617d528673f10d5e8e392274,2026-09-19,8,2026-09-20,index_models-1,
https://www.onsemi.com/download/models/lib/nup4202w1t1g.lib,,,downloaded,4358,ed6ad82b19cabb01f434de1c342c00fe18aeb281c0c832b977e99a34508a3056,2026-09-19,18,2026-09-20,index_models-1,
https://www.onsemi.com/download/models/lib/nup4301mr6t1.rev0.lib,,,downloaded,1642,849b6459358307ff02d0c46719fb8017085c5cb4544b82f0c15d8d73c4c19067,2026-09-19,2,2026-09-20,index_models-1,
https://www.onsemi.com/download/models/lib/nup4302mr6t1.lib,,,downloaded,1673,57885d29af626c3fc11b5fc7ddf3360f21b6ddf93ceca345157914fe678ffc12,2026-09-19,2,2026-09-20,index_models-1,
https://www.onsemi.com/download/models/lib/nup4304mr6t1.lib,,,downloaded,1675,4c7515a254f173ff649b7e59cb5bc0f8e8958d16b1f7764ad2c64688ef63a689,2026-09-19,2,2026-09-20,index_models-1,
https://www.onsemi.com/download/models/lib/nup45v6p5t5g.lib,,,downloaded,1718,e2ec6094709fb4f46f2269b13e63fbe95cde933806eed89c56ee1c75381f4f81,2026-09-19,6,2026-09-20,index_models-1,
https://www.onsemi.com/download/models/lib/nvd5117pl.lib,,,downloaded,1760,17bde6cc78d6abe94ba5acb63da6d801d1dbbca06ae097b3e0e6923f7bc06585,2026-09-19,6,2026-09-20,index_models-1,
https://www.onsemi.com/download/models/lib/nvd5484nl.lib,,,downloaded,1742,efb4890c385281d541fa2f0a4a4959f95718b334f3bab963689284e29a1da535,2026-09-19,6,2026-09-20,index_models-1,
https://www.onsemi.com/download/models/lib/nvd5490nl.lib,,,downloaded,1738,bdc6e31a1c5ab8eda91bec529e4d0e97cdeaf068de402069c133a909543f9f90,2026-09-19,6,2026-09-20,index_models-1,
https://www.onsemi.com/download/models/lib/nvd5803n.lib,,,downloaded,1753,8f3f3add4e4e7617b90ea40c11dff761e6c9ba615ffaa4c66f63bd464e98f515,2026-09-19,6,2026-09-20,index_models-1,
https://www.onsemi.com/download/models/lib/nvd5862.lib.lib,,,downloaded,1759,0baefce6914a72669ae7e09695882a55375a9b4f23d012bd4863f51fec66e1d3,2026-09-19,6,2026-09-20,index_models-1,
https://www.onsemi.com/download/models/lib/nvd5863nl.lib.lib,,,downloaded,1743,74906f271525352b6dfd19876f006b85d96f76f65a9d471bada57feb7311b14c,2026-09-19,6,2026-09-20,index_models-1,
https://www.onsemi.com/download/models/lib/nvd5865nl.lib,,,downloaded,1741,326765223bc5e980a9fc9bf25096a0555f4c14a738e778dc47b457a4e2238f42,2026-09-19,6,2026-09-20,index_models-1,
https://www.onsemi.com/download/models/lib/nvd5890nl.lib,,,downloaded,1751,bcfbb5e115df86f9d6be1ff5bd54aed755b0faff23f1b084ec03b83b4fcd7dab,2026-09-19,6,2026-09-20,index_models-1,
https://www.onsemi.com/download/models/lib/nvd5c464nt4g_rev0.lib.lib,,,downloaded,1752,77a17d3ec837cc7c8cab7fddeae1d84c9b190187ac02a459ba47043cade9b8d8,2026-09-19,6,2026-09-20,index_models-1,
https://www.onsemi.com/download/models/lib/nvd5c632nlt4g_rev0.lib.lib,,,downloaded,1752,017206f760269be29a44ebfe63b76d147919c1577d1f39598ae7c3b7b599ad69,2026-09-19,6,2026-09-20,index_models-1,
https://www.onsemi.com/download/models/lib/nvd5c648nlt4g_rev0_lib.lib,,,downloaded,1775,45946f76a9b2860c7b768288c39c468baf48fe6f86773df5a3757016c01eb2ef,2026-09-19,6,2026-09-20,index_models-1,
https://www.onsemi.com/download/models/lib/nvd5c668nlt4g_rev0_lib.lib,,,downloaded,1745,28e649b4a43fda78ea000459234fa7b2385f9d479a9cd8d7908b0ed09e1f3ec7,2026-09-19,6,2026-09-20,index_models-1,
https://www.onsemi.com/download/models/lib/nvd5c688nlt4g_rev0.lib,,,downloaded,1751,42915ad36b7ca4aa80ff1bf034992084b321c25fac9d7710bf66737d5fe94396,2026-09-19,6,2026-09-20,index_models-1,
https://www.onsemi.com/download/models/lib/nvd6495nl.lib.lib,,,downloaded,1762,c1ee5e2295fa2bba07d67599361b2553c2285c08983b1be6209ceb070c178011,2026-09-19,6,2026-09-20,index_models-1,
https://www.onsemi.com/download/models/lib/nvd6824nl%20pspice%20model.lib,,,downloaded,1759,69eb96f15ebdca536edb7dbcd3879711c7183297aa7029871fc25b58f8a79974,2026-09-19,6,2026-09-20,index_models-1,
https://www.onsemi.com/download/models/lib/nvdd5894nl.lib.lib,,,downloaded,1753,9ee15b71b8cd000fdc66006e24f393021c6a61a0a0bf11798b18535235603baa,2026-09-19,6,2026-09-20,index_models-1,
https://www.onsemi.com/download/models/lib/nve4153n.lib,,,downloaded,2669,90ba6088543a2419cb19d7fd142b5a1f5cf5dad3bb869c003b52e1ff64789d38,2026-09-19,17,2026-09-20,index_models-1,
https://www.onsemi.com/download/models/lib/nvf2955.lib,,,downloaded,2648,f428eb3c63a24641048bbb4b35dca2f8a55510adc1a4946f79bbf4a1a4ab6147,2026-09-19,17,2026-09-20,index_models-1,
https://www.onsemi.com/download/models/lib/nvjd4401n.lib,,,downloaded,2637,f0a673a59e6b117c8047eef944741ff2d20303dced0278f9fbdc456c770334d2,2026-09-19,17,2026-09-20,index_models-1,
https://www.onsemi.com/download/models/lib/nvjs4151p.lib.lib,,,downloaded,1732,2da5ec614586539e7e7f5f7748dc204f95cb7b591cee883461d3dabaa75976b4,2026-09-19,6,2026-09-20,index_models-1,
https://www.onsemi.com/download/models/lib/nvmfd5852nl.lib,,,downloaded,1753,b025f5d24afd69358bb3fa4076af866ea6eb4e38a401266141857b977a16ed1f,2026-09-19,6,2026-09-20,index_models-1,
https://www.onsemi.com/download/models/lib/nvmfd5853nl_lib.lib,,,downloaded,1748,0cfb3cd2cb4d4207d2a163ee9af996e5bcb246d82b371f6c7116bffe1d7c4426,2026-09-19,6,2026-09-20,index_models-1,
https://www.onsemi.com/download/models/lib/nvmfd5873nl.lib,,,downloaded,2614,2275680b7e952e6368034aa0cf81b9754afa08a2ee3be9051b695a8754b01265,2026-09-19,17,2026-09-20,index_models-1,
https://www.onsemi.com/download/models/lib/nvmfd5877nl%20pspice%20model.lib,,,downloaded,1748,a3ba79c94641858584e1d187289a9490836d2c4dab7c04764f318e04c1a37da2,2026-09-19,6,2026-09-20,index_models-1,
https://www.onsemi.com/download/models/lib/nvmfd5877nl%20saber%20model.lib,,,downloaded,1748,a3ba79c94641858584e1d187289a9490836d2c4dab7c04764f318e04c1a37da2,2026-09-19,6,2026-09-20,index_models-1,
https://www.onsemi.com/download/models/lib/nvmfs4c03n.lib.lib,,,downloaded,1734,58632ff653c384b30105d3def8aa0e94e1c0f1c8d1b12aeb859083f66270674f,2026-09-19,6,2026-09-20,index_models-1,
https://www.onsemi.com/download/models/lib/nvmfs4c302n.lib.lib,,,downloaded,1741,05bc9fd826fd81af2f13e9fd4d7fe18a4cade30f701d2c4d9c8e14861c08b464,2026-09-19,6,2026-09-20,index_models-1,
https://www.onsemi.com/download/models/lib/nvmfs5113pl.lib.lib,,,downloaded,1758,37312b190ae9ad5af7cc12337b2dd8aa7f86638dd7860c21e11999b7d04b9ea0,2026-09-19,6,2026-09-20,index_models-1,
https://www.onsemi.com/download/models/lib/nvmfs5830nl.lib,,,downloaded,1740,04ed308b848018d9da72b39ee953f4ee00bb3b4d9a29696ab6864100bc4e3cf1,2026-09-19,6,2026-09-20,index_models-1,
https://www.onsemi.com/download/models/lib/nvmfs5832nl.lib,,,downloaded,2583,c9bc9de92aa9db31411bc827b44449a59136ddf30032512bad6cb6821490df81,2026-09-19,18,2026-09-20,index_models-1,
https://www.onsemi.com/download/models/lib/nvmfs5c423nl.lib.lib,,,downloaded,1746,1edf892ca6017a15c72e538d33fe9300b60ede8c48d039d4341b577ea7013036,2026-09-19,6,2026-09-20,index_models-1,
https://www.onsemi.com/download/models/lib/nvmfs5h663nl.lib.lib,,,downloaded,1753,cf695cd31867ce5bc1ecaffefb4c361c38f12b0bc65deced0d9f69f4237588bf,2026-09-19,6,2026-09-20,index_models-1,
https://www.onsemi.com/download/models/lib/nvmfs6b25nl%20pspice%20model.lib,,,downloaded,1755,2ab4b33f83f9c13d131ba143851c2e94e3432a172ea98ba6b206063a39d903e6,2026-09-19,6,2026-09-20,index_models-1,
https://www.onsemi.com/download/models/lib/nvmfs6b75nl%20pspice%20model.lib,,,downloaded,1759,5b18eb15f5b8668e88608d9481a45e250dce38dbe7d45632151fb331f71123ff,2026-09-19,6,2026-09-20,index_models-1,
https://www.onsemi.com/download/models/lib/nvmfs6b85nl%20pspice%20model.lib,,,downloaded,1755,2ab4b33f83f9c13d131ba143851c2e94e3432a172ea98ba6b206063a39d903e6,2026-09-19,6,2026-09-20,index_models-1,
https://www.onsemi.com/download/models/lib/nvnjws1k6n061l.lib,,,downloaded,2591,e710ade4615dce65bcf1b3d33b1dbd94e1e9fc49f49c8b4c21bffe8a533510ce,2026-09-19,17,2026-09-20,index_models-1,
https://www.onsemi.com/download/models/lib/nvnjws200n031l.lib,,,downloaded,2574,55e7849b227d28672d65f2c001faeae2fb7243dcb51d53bbea61f70012047ae5,2026-09-19,17,2026-09-20,index_models-1,
https://www.onsemi.com/download/models/lib/nvnjws5k0p061l.lib,,,downloaded,2553,e89ad6ca80aa25278a5e5c3c91a69003e69b3599f09d8005c5f1abcf76fc1d74,2026-09-19,17,2026-09-20,index_models-1,
https://www.onsemi.com/download/models/lib/nvr5124pl.lib,,,downloaded,2575,04685fe8f4400c7fb0a793340d0a6f240ee5b2f638f15aa614c194968141833f,2026-09-19,17,2026-09-20,index_models-1,
https://www.onsemi.com/download/models/lib/nvr5198nl.lib,,,downloaded,2622,0d1dcdfd39cf055ad4ad8224a02faac49f6dd47879571744a5be0328a700a422,2026-09-19,17,2026-09-20,index_models-1,
https://www.onsemi.com/download/models/lib/nvtfs4c05%20pspice%20model.lib,,,downloaded,1747,c025ddacbf5c389268fb6419a0f69e747e0e3af67fd25526602622374f878686,2026-09-19,6,2026-09-20,index_models-1,
https://www.onsemi.com/download/models/lib/nvtfs4c10n%20pspice%20model.lib,,,downloaded,1740,60f993c81d7c1f5d6ac7246ac7d8956cdef19d10c436d30c40821b998329bd89,2026-09-19,6,2026-09-20,index_models-1,
https://www.onsemi.com/download/models/lib/nvtfs5124pl.lib,,,downloaded,1752,42470bd70eb1f97cc2007fcaac56f53128d5d124a339ac59b39edc0aa5111cfa,2026-09-19,6,2026-09-20,index_models-1,
https://www.onsemi.com/download/models/lib/nvtfs5826nl.lib,,,downloaded,1748,9716b7385eef7e9078de8a31c52fb1f290c2b5bd24c4029f0ea84e6c9c69d65a,2026-09-19,6,2026-09-20,index_models-1,
https://www.onsemi.com/download/models/lib/nvtfs5c466nl.lib.lib,,,downloaded,1734,33568d4ac273653dba7b4c19fa13c0855cc0ce894b07273da3e368f76db86290,2026-09-19,6,2026-09-20,index_models-1,
https://www.onsemi.com/download/models/lib/nz8f10vmx2w.lib,,,downloaded,278,3de9412d6a48480d6dc231d8acacd9c6336f5e00f5dbf5459012736a43571f6f,2026-09-19,1,2026-09-20,index_models-1,
https://www.onsemi.com/download/models/lib/nz8f12vmx2w.lib,,,downloaded,276,b21aa1c10636cf55b37edcf62928fe5ae13dc12d6c025543ceb64b41d6418414,2026-09-19,1,2026-09-20,index_models-1,
https://www.onsemi.com/download/models/lib/nz8f15vmx2w.lib,,,downloaded,276,3f28d1c54c203f9b153106ff42cd0842300eb72991bc69c49466a566cbcd0852,2026-09-19,1,2026-09-20,index_models-1,
https://www.onsemi.com/download/models/lib/nz8f16vmx2w.lib,,,downloaded,276,c8e161971e82e13130a6a308157fb76a698afea7ef5806ef3b52288b8d7fb824,2026-09-19,1,2026-09-20,index_models-1,
https://www.onsemi.com/download/models/lib/nz8f18vmx2w.lib,,,downloaded,276,e21892df1811ff19dffa5e2280224d469a6b257dc6c2cdc3733695bd57fb608a,2026-09-19,1,2026-09-20,index_models-1,
https://www.onsemi.com/download/models/lib/nz8f22vmx2w.lib,,,downloaded,277,049bef2daa2357b0e731eeae2a86ff87344e386a9303825326e23b18bdfa873f,2026-09-19,1,2026-09-20,index_models-1,
https://www.onsemi.com/download/models/lib/nz8f24vmx2w.lib,,,downloaded,277,afc453d83e11946a159011893f12b61ba3f3f59bf0574228bb12b21508037c10,2026-09-19,1,2026-09-20,index_models-1,
https://www.onsemi.com/download/models/lib/nz8f27vmx2w.lib,,,downloaded,278,18d5e90ad2abee03e3c77438e2ddcd683fe4fe6d4bccb2c81e10f49685ffa495,2026-09-19,1,2026-09-20,index_models-1,
https://www.onsemi.com/download/models/lib/nz8f33vmx2w.lib,,,downloaded,275,fa7395441dcb4ad334af31bf79de8199a577a07aa56031f2d30e13cc08305403,2026-09-19,1,2026-09-20,index_models-1,
https://www.onsemi.com/download/models/lib/nz8f3v3mx2w.lib,,,downloaded,555,1cfdc4fa68cbaeb8d3d93d8340d7a96600006db9fb51dece0a320b9c5ac63dbc,2026-09-19,1,2026-09-20,index_models-1,
https://www.onsemi.com/download/models/lib/nz8f4v7smx2wt5g%20(spice%20model).lib,,,downloaded,803,63c772e49c81b422c9459d23b9cab3491d8c0959b4b239a20d3d4f6713c3a13c,2026-09-19,6,2026-09-20,index_models-1,
https://www.onsemi.com/download/models/lib/nz8f5v1mx2w.lib,,,downloaded,554,49cdb977e5e9fa30521e4fc7a633732101c29db48b0963e0a63c4b2a2c973c19,2026-09-19,1,2026-09-20,index_models-1,
https://www.onsemi.com/download/models/lib/nz8f5v6mx2w.lib,,,downloaded,554,536b989a1e1111e2e92622d158932e126b892d0bbdd5efd5444ca70b6a159574,2026-09-19,1,2026-09-20,index_models-1,
https://www.onsemi.com/download/models/lib/nz8f6v2mx2w.lib,,,downloaded,274,f86db604799b4e7ebd48c21b3d8128309c89d416e946221dcd2bca8065fa1676,2026-09-19,1,2026-09-20,index_models-1,
https://www.onsemi.com/download/models/lib/nz8f6v8mx2w.lib,,,downloaded,276,eaaf8c404e256557f73ebe8f38944b7705d0113b2a033917ea2f19081d0171cc,2026-09-19,1,2026-09-20,index_models-1,
https://www.onsemi.com/download/models/lib/nz8f9v1mx2w.lib,,,downloaded,275,2e6ad830292c1f3dbaf0fe5944c62825d281d74fe497a7be5e20e221ecc1fa01,2026-09-19,1,2026-09-20,index_models-1,
https://www.onsemi.com/download/models/lib/nz8p12v0.lib,,,downloaded,1067,3f17109a9d4a80c0c3b75801cb839ff86d009039a75c23785d9b94f8830bbdc4,2026-09-19,6,2026-09-20,index_models-1,
https://www.onsemi.com/download/models/lib/nz8p15v0.lib,,,downloaded,1067,8bfe8c5ac01439f7c653d0a294f1f8cbebd6f2810f76dcfcde0807fed0b530d0,2026-09-19,6,2026-09-20,index_models-1,
https://www.onsemi.com/download/models/lib/nz8p24vmx2.lib,,,downloaded,278,bd6e57abd9440f99f7b0b054434f740f1176eecbf54b8942202d7f9e7e91ab17,2026-09-19,1,2026-09-20,index_models-1,
https://www.onsemi.com/download/models/lib/nz8p26vmx2.lib,,,downloaded,279,a27e2858dc4e3184721e4d6491c290134d1539149408831693d0b9ae681ffda0,2026-09-19,1,2026-09-20,index_models-1,
https://www.onsemi.com/download/models/lib/nz8p5v0.lib,,,downloaded,1067,b1a8a72601bcf6bdfaf104e0f87bed43c047b6d25390943a65af1357bf94e706,2026-09-19,6,2026-09-20,index_models-1,
https://www.onsemi.com/download/models/lib/nz9f2v4st5g-lib.lib,,,downloaded,1169,b172b11351258f4632924da1e8ad0f82e629306ed1fa61746a517b1736c1569d,2026-09-19,6,2026-09-20,index_models-1,
https://www.onsemi.com/download/models/lib/nz9f2v4t5g-lib.lib,,,downloaded,1181,105cce81bf48f82407476b588b3ac5b43ab093c1e2da45b0bc0ada9527b0b635,2026-09-19,6,2026-09-20,index_models-1,
https://www.onsemi.com/download/models/lib/nz9f5v1t5g.lib,,,downloaded,1214,de88fec8fd5e0c2c2e63970610e52c8acf823cc8eb12f1b279bd7756393b5052,2026-09-19,6,2026-09-20,index_models-1,
https://www.onsemi.com/download/models/lib/nz9f6v2st5g.lib,,,downloaded,1214,0de7f0ab2c9c8eb8115550ec02a961a5491ebeaec17b3cd4b574c46c98681009,2026-09-19,6,2026-09-20,index_models-1,
https://www.onsemi.com/download/models/lib/nzd2v4mut5g%20(spice%20model).lib,,,downloaded,696,c8db786b88aa564b67c7980f2af8e945c907991b90c533c406de16f729eaf323,2026-09-19,5,2026-09-20,index_models-1,
https://www.onsemi.com/download/models/lib/nzd2v7mut5g%20(spice%20model).lib,,,downloaded,697,e86b2f06fd622e88f4146f8b47f5663d21d2fad97847bf2b40e7df38c5ca3eb0,2026-09-19,5,2026-09-20,index_models-1,
https://www.onsemi.com/download/models/lib/nzd5v6mu.lib.lib,,,downloaded,1203,ffd15f90d4bf3f0e1556944c3d5ef8a1ffaa3fe9f84abd06dc43b0b99cba6302,2026-09-19,6,2026-09-20,index_models-1,
https://www.onsemi.com/download/models/lib/nzl5v6axv3t1.lib,,,downloaded,1178,266f5b2e748ef29c99068a8c149e37a90ee95865e6aa47a436eb5ecd28783a7d,2026-09-19,6,2026-09-20,index_models-1,
https://www.onsemi.com/download/models/lib/nzl6v8axv3t1.lib,,,downloaded,1180,081bb9e97298d21187512230b26457120a9fd9617b131f85090594f3fab06f6e,2026-09-19,6,2026-09-20,index_models-1,
https://www.onsemi.com/download/models/lib/nzl7v5axv3t1.lib,,,downloaded,1184,e9e88930324c66ac720335f44300a611508b6813efe5bb90253aec68707060ce,2026-09-19,6,2026-09-20,index_models-1,
https://www.onsemi.com/download/models/lib/nzqa5v6xv5t1.lib,,,downloaded,1677,fea3e8a6ed9f732277b43c2003c2839ece6e57bd905ccf079289f19bb6d77ea9,2026-09-19,6,2026-09-20,index_models-1,
https://www.onsemi.com/download/models/lib/nzqa6v8axv5t1g.lib,,,downloaded,1732,3ee701fdef88b6d8acf3faf556d446c318c31c66de8c6a8f341e8785ffe1acaa,2026-09-19,6,2026-09-20,index_models-1,
https://www.onsemi.com/download/models/lib/nzt651.lib,,,downloaded,985,2a3af2a6ce331583be43638a7bcf08befdc53e705a469c8014fb8f185c23517e,2026-09-19,1,2026-09-20,index_models-1,
https://www.onsemi.com/download/models/lib/nzt660.lib,,,downloaded,1024,2e58df0b95512ac2a074454de43699d7fd2f34128a6e4e3c1c80f99002563b1c,2026-09-19,1,2026-09-20,index_models-1,
https://www.onsemi.com/download/models/lib/nzt660a%20(spice%20model).lib,,,downloaded,999,d22b948bb4bc6d46b0991cc251773f5e956d0ed18263aa36253113741049df54,2026-09-19,1,2026-09-20,index_models-1,
https://www.onsemi.com/download/models/lib/nzt7053.lib,,,downloaded,792,70e46f75e588b3b51dd8ef5c46e1c0a53fbc24d7a1885ee061493013bb291736,2026-09-19,1,2026-09-20,index_models-1,
https://www.onsemi.com/download/models/lib/p6smb100at3g.lib,,,downloaded,980,e6c5dd2f0361a556ea7a0201e31652dd67fa93005b42b7634a6a2645db73c2e0,2026-09-19,5,2026-09-20,index_models-1,
https://www.onsemi.com/download/models/lib/p6smb13at3.lib,,,downloaded,943,e4f01d2dfee4e8d6ffa541d929c573e0a0e301bc70ee2dd6eefb7a31892ad52b,2026-09-19,5,2026-09-20,index_models-1,
https://www.onsemi.com/download/models/lib/p6smb24at3g.lib,,,downloaded,959,2d3a2bc429d259729563a3ba66f535dca0c27ad8dca5317f56a5d56872df20b7,2026-09-19,5,2026-09-20,index_models-1,
https://www.onsemi.com/download/models/lib/pcfg40t120smw.lib,,,downloaded,1440,46decf02dafa28f76ee461fb5a20abd11bd31823643fbd7991f7e85ba97f3657,2026-09-19,8,2026-09-20,index_models-1,
https://www.onsemi.com/download/models/lib/pspice%20model%20lib%20file.lib,,,downloaded,979,16ab7d5006d8506b2b7a4f28a33657dced8ed0efaf984c0dcfc2f7dfc83ed48f,2026-09-19,1,2026-09-20,index_models-1,
https://www.onsemi.com/download/models/lib/pspice%20model%20lib.lib,,,downloaded,1007,31f8a608bc474b60498f6b985b80949dfb88d65eb1495e74c40fb4f956b3fd09,2026-09-19,1,2026-09-20,index_models-1,
https://www.onsemi.com/download/models/lib/pspice%20model%20mmsz5235bt1.lib,,,downloaded,1199,566786d20707f0ebc2e682131a72158dd591d179cc3efe81181d18a4846df4f5,2026-09-19,6,2026-09-20,index_models-1,
https://www.onsemi.com/download/models/lib/pspice%20model.lib,,,downloaded,1747,c7875bffef598c7ff8a9d38c8d4565b2a21f3a087a11daadbcf9f556778c0347,2026-09-19,6,2026-09-20,index_models-1,
https://www.onsemi.com/download/models/lib/pzt2907at1.lib,,,downloaded,946,f7949e153b4614b1aba21eb8458b9cfad5bff271408bb4724cb33a51db9e7d73,2026-09-19,1,2026-09-20,index_models-1,
https://www.onsemi.com/download/models/lib/pzt3906.lib,,,downloaded,1282,f89a4bcc3971a5982be6a2be8ffb100f10ff0872c7bb62d876e3fdeb7d5fd699,2026-09-19,1,2026-09-20,index_models-1,
https://www.onsemi.com/download/models/lib/pzt651lt1.lib,,,downloaded,1000,32900c0ef7399ad406632424330c2a5b0c3b580a729be396e8643684935e0d9f,2026-09-19,1,2026-09-20,index_models-1,
https://www.onsemi.com/download/models/lib/pzt751t1g.lib,,,downloaded,904,f83f099cbbc50acfa7c42a2db5b840d079ca585064376177e30a4265bf4dbbe6,2026-09-19,1,2026-09-20,index_models-1,
https://www.onsemi.com/download/models/lib/pzta14.lib,,,downloaded,1645,27ef7e1093d8b6f068b6a9a83bdfcf7b0da29bd266bffd80d6ac1efc449c7ea4,2026-09-19,4,2026-09-20,index_models-1,
https://www.onsemi.com/download/models/lib/pzta42t.lib,,,downloaded,957,8ad0be8796a170d343ac75cd4e0b705182dddad394412da9979aff844048b5e4,2026-09-19,1,2026-09-20,index_models-1,
https://www.onsemi.com/download/models/lib/pzta92t1.lib,,,downloaded,964,da7aca83301dbeb259a65d7dab3d1306ab2d1aa27159e3b5aa94954f038d6025,2026-09-19,1,2026-09-20,index_models-1,
https://www.onsemi.com/download/models/lib/rb521s30.lib,,RB521S30,downloaded,550,2198638a8fd6710c7adc4f48967883c62be488fe9e229701e029f388d003da9d,2026-09-19,1,2026-09-20,index_models-1,
https://www.onsemi.com/download/models/lib/rb521s30t1.lib,,,downloaded,660,b08a251e865a691dac630d1cbde7964c4d296020975db036a628b7200f84531e,2026-09-19,1,2026-09-20,index_models-1,
https://www.onsemi.com/download/models/lib/rb751s40.lib,,,downloaded,673,74017d5d863afa9c2d1b4351bbc07a5a4e7a0a5c5966690cf1254368ff556334,2026-09-19,1,2026-09-20,index_models-1,
https://www.onsemi.com/download/models/lib/rb751v40t1g.lib,,,downloaded,669,038e3f7a85809596fe24004654812e1df8b29d41c4582795ff0dea9b6cae081a,2026-09-19,1,2026-09-20,index_models-1,
https://www.onsemi.com/download/models/lib/rgf1a.lib,,,downloaded,514,90bf75ec7faf1a0118f7b4a61d11e57e6dc5d353c7fc0bc464f93b26eb57bfc5,2026-09-19,1,2026-09-20,index_models-1,
https://www.onsemi.com/download/models/lib/rgf1b.lib,,,downloaded,512,e3c007071ba04bfcc62e69da5ff7754a0a05b75bd4ccd321b3e69694578c6249,2026-09-19,1,2026-09-20,index_models-1,
https://www.onsemi.com/download/models/lib/rgf1d.lib,,,downloaded,512,e265f512a6d61396b4e7d58c168a51483543232ab83383a674a0cc3e1d0816cc,2026-09-19,1,2026-09-20,index_models-1,
https://www.onsemi.com/download/models/lib/rgf1g.lib,,,downloaded,512,5a3c94cc027f67840b7d98499a4e45e4a3c14c843d08d226150d9036296d1983,2026-09-19,1,2026-09-20,index_models-1,
https://www.onsemi.com/download/models/lib/rgf1j.lib,,,downloaded,512,82f473cd5d6f45c590ca365711993dcf96722a28794533c02ee938b16e9acf02,2026-09-19,1,2026-09-20,index_models-1,
https://www.onsemi.com/download/models/lib/rgf1k.lib,,,downloaded,512,c963d8760543ed04c835306ee7fb312e5ee980a417966c49f303eaa19b705e95,2026-09-19,1,2026-09-20,index_models-1,
https://www.onsemi.com/download/models/lib/rgf1m.lib,,,downloaded,512,8fc64f3e8003b373ac9ea3b81ed17b90e10fb31567ea494c0488b07850c4ccd1,2026-09-19,1,2026-09-20,index_models-1,
https://www.onsemi.com/download/models/lib/rhrg30120.lib,,,downloaded,615,c5c149d565dafb7a666b4671b3106eb0e1798501c32afd85e27e4c84cf649423,2026-09-19,1,2026-09-20,index_models-1,
https://www.onsemi.com/download/models/lib/rhrg75120.lib,,,downloaded,635,d47c7c903697da71418bf053577fc8aa0ef86a6abc7eff6b5d4923b61ebe883c,2026-09-19,1,2026-09-20,index_models-1,
https://www.onsemi.com/download/models/lib/rhrp3060.lib,,,downloaded,1035,2b6b7e5105224d5b09b1777728e82e6950bf80ed1f0e7e5ea2d01a15c26b54b8,2026-09-19,3,2026-09-20,index_models-1,
https://www.onsemi.com/download/models/lib/rs1a_rs1m%20spice%20model.lib,,,downloaded,3586,42f955dbd58b053a4b22d1715928d4c58ef0ae3526acbdf30ae7ec6093a5688c,2026-09-19,7,2026-09-20,index_models-1,
https://www.onsemi.com/download/models/lib/rs1afa(pspice%20model).lib,,,downloaded,570,22b9e8eb4fa55bf63f6e0c69442fe7d008825b48b99a502826cedf6435129e19,2026-09-19,1,2026-09-20,index_models-1,
https://www.onsemi.com/download/models/lib/rs1k.lib,,,downloaded,475,a0f2b8c9c12a1c94287060995f7ef0b950a4457e3c78e19863d98806d62cfac5,2026-09-19,1,2026-09-20,index_models-1,
https://www.onsemi.com/download/models/lib/rs1mfa(pspice%20model).lib,,,downloaded,638,71380b9a7f59ff7dda96b214bcdde40b31af4948806c8b037c77129e84b1a006,2026-09-19,1,2026-09-20,index_models-1,
https://www.onsemi.com/download/models/lib/rurd4120s9a_f085(pspice).lib,,,downloaded,626,a69d281bc8ca7cc27318c6d82e9b57b75e6a05bc16e7a61b6646c50c63e1d483,2026-09-19,1,2026-09-20,index_models-1,
https://www.onsemi.com/download/models/lib/rurd620ccs9a%20(spice%20model).lib,,,downloaded,642,19413c3f157f17809e802954921e72465e7890a3d749930444716c3edd841bb7,2026-09-19,2,2026-09-20,index_models-1,
https://www.onsemi.com/download/models/lib/rurg5060(pspice%20model).lib,,,downloaded,576,74545eb2e53ee5c0dd40e2a5ee84147dada538f6f70f2772b63451eb6f71baeb,2026-09-19,1,2026-09-20,index_models-1,
https://www.onsemi.com/download/models/lib/rurg5060_f085%20(spice%20model).lib,,,downloaded,602,b9ce8c8e8ff6328c735773bec1b9f5f9050c6639b0ee344bcf334def1fa8bf23,2026-09-19,1,2026-09-20,index_models-1,
https://www.onsemi.com/download/models/lib/rurg80100.lib,,,downloaded,660,8ed8ebee3895f8ddedbb4b38113012ab3b98b3a1c50af96be7a7c358a43890ac,2026-09-19,1,2026-09-20,index_models-1,
https://www.onsemi.com/download/models/lib/rurg8060.lib,,,downloaded,636,22e33acdbe390ea4cdce2ff76f55263588f30ca70991ce40ff3990c4d4658084,2026-09-19,1,2026-09-20,index_models-1,
https://www.onsemi.com/download/models/lib/rurp1560.lib,,,downloaded,633,f9cf042ab837687c956351c04ce8c89e0da1d8630133903acb06f6578bb34c9e,2026-09-19,1,2026-09-20,index_models-1,
https://www.onsemi.com/download/models/lib/s100.lib,,,downloaded,511,4b00fa19955d083f04d0291f6914fc95c5f98bd5a62704a4eb7b5f0421970f03,2026-09-19,1,2026-09-20,index_models-1,
https://www.onsemi.com/download/models/lib/s115fa(pspice%20model).lib,,,downloaded,600,2e09850684f5bfba31bec7a218ab7d54fd1665f7f6ec590a528bbef803bd2a67,2026-09-19,1,2026-09-20,index_models-1,
https://www.onsemi.com/download/models/lib/s1a.lib,,,downloaded,565,898f2476575dc356b9874dd1f9911f6b903e49a2834d9aa1db83fba884a88caf,2026-09-19,1,2026-09-20,index_models-1,
https://www.onsemi.com/download/models/lib/s1b.lib,,,downloaded,567,7bdc6e7932d95f4cd83b66180a248505a42a43e4cbcfdd4acd98b5e9770964ca,2026-09-19,1,2026-09-20,index_models-1,
https://www.onsemi.com/download/models/lib/s1ghe(pspice%20model).lib,,,downloaded,557,78f519407e7775f5ea7d34a75e211b5f321c584dc48e2960a276e2c28dd78ff1,2026-09-19,1,2026-09-20,index_models-1,
https://www.onsemi.com/download/models/lib/s2g.lib,,,downloaded,489,79942c62ade963ee70cc35b6f3326c2ff8154f42adff5d1aa97b46bfdcfda92f,2026-09-19,1,2026-09-20,index_models-1,
https://www.onsemi.com/download/models/lib/s2j.lib,,,downloaded,490,4fe2f342e89cc800de1171ab59f6a8a56275608d279203dbb9456e8c6a9bcafa,2026-09-19,1,2026-09-20,index_models-1,
https://www.onsemi.com/download/models/lib/s310.lib,,S310,downloaded,467,41ed78e725ec48f911b75cd127b8d130ad9c1e327afde42371f65d12b774be35,2026-09-19,1,2026-09-20,index_models-1,
https://www.onsemi.com/download/models/lib/s310fa(pspice%20model).lib,,,downloaded,605,4874ba1bcfddf8d1ee1a4f4e89da75a113c5e72587bf9872ba0a2814e8492490,2026-09-19,1,2026-09-20,index_models-1,
https://www.onsemi.com/download/models/lib/s320.lib,,,downloaded,657,4e1ad13a945900d23542dc560db071b3369148547b80377285bacaf48ffc71e6,2026-09-19,1,2026-09-20,index_models-1,
https://www.onsemi.com/download/models/lib/s3n(pspice%20model).lib,,,downloaded,954,a54a11b1001e36c26b75053237a7c1dd9919f2ea50665e9cd5c729c0a23e20c1,2026-09-19,2,2026-09-20,index_models-1,
https://www.onsemi.com/download/models/lib/sa15a.lib,,,downloaded,944,213916597a8f68ac0f1771de40d57c5c0fdd201495e30f0d55a524368c4ced39,2026-09-19,5,2026-09-20,index_models-1,
https://www.onsemi.com/download/models/lib/sa48a.lib,,,downloaded,944,da2f6dadf8e8da42291b24fb36dea6dfbb257488bfdd92590b288d77ff7f8894,2026-09-19,5,2026-09-20,index_models-1,
https://www.onsemi.com/download/models/lib/sa5v0a.lib,,,downloaded,685,2760fe9c1fa8d440cb66a01211f376cf92d0264538817e7550009ff9986f8696,2026-09-19,5,2026-09-20,index_models-1,
https://www.onsemi.com/download/models/lib/sa6v0a.lib,,,downloaded,685,ebc441e3c40255511311a0066487f851e850d72ee6abdb2b9d954d21dae6389f,2026-09-19,5,2026-09-20,index_models-1,
https://www.onsemi.com/download/models/lib/sb1245.lib,,,downloaded,561,563b7e7c1a6147472d63d567fd39d501ef0f7033370fd8459fb89bebf78b22d8,2026-09-19,1,2026-09-20,index_models-1,
https://www.onsemi.com/download/models/lib/sb520.lib,,,downloaded,465,8e3286f1a91ed61d38046444e2cca5820b371c87fbd2d15a318eddc3a39f6e13,2026-09-19,3,2026-09-20,index_models-1,
https://www.onsemi.com/download/models/lib/sbat54xv2t1g.lib,,,downloaded,678,a4ef6bf5247cb903e29cd4b789434317379a78541b14ab0a8d4532c223719df6,2026-09-19,1,2026-09-20,index_models-1,
https://www.onsemi.com/download/models/lib/sbc817-40l.lib.lib,,,downloaded,985,4f3b88a4e2bfc32489b2847219b11b16a36c54d9b37c82e57cf2ef9d633a8210,2026-09-19,1,2026-09-20,index_models-1,
https://www.onsemi.com/download/models/lib/sd05t1.lib,,,downloaded,941,c134057ea6968342c2b30256232145a59d456b23bb45a84dba8c4e105fed4716,2026-09-19,5,2026-09-20,index_models-1,
https://www.onsemi.com/download/models/lib/sd12t1.lib,,,downloaded,938,d7ebe347d144168dd6b7daf198b938d7b2d7aacfde80fc40dda8a6ebaf0dd79d,2026-09-19,5,2026-09-20,index_models-1,
https://www.onsemi.com/download/models/lib/sesdoncan1.lib,,,downloaded,1083,6372a8f4224f90e45a87c71e7c16d4167746012ededce77fbc44534ee7c877e1,2026-09-19,6,2026-09-20,index_models-1,
https://www.onsemi.com/download/models/lib/sgl160n60ufd.lib,,,downloaded,2053,4a413dda74d156368c4206adc4a2ffceec7ce57b45d78bb45692362d8644a825,2026-09-19,10,2026-09-20,index_models-1,
https://www.onsemi.com/download/models/lib/sgp10n60rufd.lib,,,downloaded,2038,09941564973ef5e881186d9d409bec6bee2c8e7789ce5052498112b1de0e0d4f,2026-09-19,10,2026-09-20,index_models-1,
https://www.onsemi.com/download/models/lib/sgs10n60rufd.lib,,,downloaded,2155,5f12782ea2d8af184d3adc4dea012a492c0c75c0f147ed36a73b58df7f147d3b,2026-09-19,10,2026-09-20,index_models-1,
https://www.onsemi.com/download/models/lib/sl05t1.lib,,,downloaded,1686,9ec0f57d21d2e802032b0dc021d2b230dc671e697162148a51c67e7a9e669f09,2026-09-19,7,2026-09-20,index_models-1,
https://www.onsemi.com/download/models/lib/sm05t1.lib,,,downloaded,1029,01613e9d96551dfc6cc8cdbf5d99a4966fd32c4b4cb96f246785c0ade59c12dd,2026-09-19,6,2026-09-20,index_models-1,
https://www.onsemi.com/download/models/lib/sm12t1.lib,,,downloaded,1023,a371c77872ad1579528de5bed4580ba68165c80e4ed9576f6157e105efc71d62,2026-09-19,6,2026-09-20,index_models-1,
https://www.onsemi.com/download/models/lib/sma5913bt3.lib,,,downloaded,1182,3c46fcc00adf5bb0d884b6a6f5aadd332fe1178f50da7843c1111fab23495730,2026-09-19,6,2026-09-20,index_models-1,
https://www.onsemi.com/download/models/lib/smf05ct1g.lib,,,downloaded,946,396f9cda964c3ea5622fd6b49590bd5684fe20c2928f251569ef07c6300e610b,2026-09-19,5,2026-09-20,index_models-1,
https://www.onsemi.com/download/models/lib/smf22a.lib,,,downloaded,952,f00c9abb725ff12b5a8013aec1a59df0e2e8790e29635115e110427ddfe756fd,2026-09-19,5,2026-09-20,index_models-1,
https://www.onsemi.com/download/models/lib/smf24at1.lib,,,downloaded,947,d06aa133de3114ddc45eaaf1d9afdf3432cc4ef2d0667919b0c0636b4612002c,2026-09-19,5,2026-09-20,index_models-1,
https://www.onsemi.com/download/models/lib/smf28a.lib,,,downloaded,951,2ea687e53dddf99ebc73f74c8eed47d6653c13c5e23bc170958e3ffa3a66dbd1,2026-09-19,5,2026-09-20,index_models-1,
https://www.onsemi.com/download/models/lib/smf33a.lib,,,downloaded,952,ef8e5d3d7236541dab8b86bb77cbe05a116ec39c529f93030dcee6a8628874e9,2026-09-19,5,2026-09-20,index_models-1,
https://www.onsemi.com/download/models/lib/smf6.0a.lib,,,downloaded,952,2c9eba7a6ec65d53fde7e4c83ba6f23e0ac8bef273ff3547ac9fb9eb4cd19cdf,2026-09-19,5,2026-09-20,index_models-1,
https://www.onsemi.com/download/models/lib/smf6.5a.lib,,,downloaded,952,47a7633fa8ed4dd62d59eedaff677574136210d67bf4aaed652c34d148db23b3,2026-09-19,5,2026-09-20,index_models-1,
https://www.onsemi.com/download/models/lib/smmdl6050t1g.lib,,,downloaded,671,53bdf4509191511dcae7a46936f4f1d9034dc1863f3b9b6b9fecb4d9b7d741b7,2026-09-19,1,2026-09-20,index_models-1,
https://www.onsemi.com/download/models/lib/smsd602rt1g_rev0.lib.lib,,,downloaded,988,753d3628debf8a44aa78408a538a2e796390f189a700c46e793e7c901c59b024,2026-09-19,1,2026-09-20,index_models-1,
https://www.onsemi.com/download/models/lib/ss12fp.lib,,,downloaded,720,5cf28a3d5a70d3d32aa6e599d1e919c840be291c961b1ff81ce014a405abbcb8,2026-09-19,2,2026-09-20,index_models-1,
https://www.onsemi.com/download/models/lib/ss12t3.lib,,SS12,downloaded,661,0806a0b29710934673098947704e5d29255d1c839305fd88f71f944c62bf86e5,2026-09-19,1,2026-09-20,index_models-1,
https://www.onsemi.com/download/models/lib/ss13.lib,,,downloaded,511,b0ef834820e13813fcbae6eab461be25c7ceef1428f83d01f97542e1a708785b,2026-09-19,1,2026-09-20,index_models-1,
https://www.onsemi.com/download/models/lib/ss14he.lib,,,downloaded,698,085cfcc1861f052ec0ec82205249b002cfd6708ef9f18c157b7ea86e3d3a7cb6,2026-09-19,2,2026-09-20,index_models-1,
https://www.onsemi.com/download/models/lib/ss14t3.lib,,SS14,downloaded,666,a07b5ab11eb33385c137eb64f84f10f3cfe590d2fee9e606ca31d256accc68b8,2026-09-19,1,2026-09-20,index_models-1,
https://www.onsemi.com/download/models/lib/ss15.lib,,,downloaded,511,0e056642100a627a09926100fa67cc6e33ed1866742214b0521a3fe0e70d39f1,2026-09-19,1,2026-09-20,index_models-1,
https://www.onsemi.com/download/models/lib/ss16.lib,,SS16,downloaded,633,ff38b3f2e16c89381bfd702b4f6f71ccb92af423d60ec119a5df2de404518e96,2026-09-19,1,2026-09-20,index_models-1,
https://www.onsemi.com/download/models/lib/ss18.lib,,,downloaded,511,3988d7f4aeaa3aac15bca62b430a6afd99bf3a82bb4009f71e708c333a2fbb8c,2026-09-19,1,2026-09-20,index_models-1,
https://www.onsemi.com/download/models/lib/ss19.lib,,,downloaded,511,791ec925e67d9ac6bc717a522d60c18b839d45b2e7fba0446e4e3d095cdaa8f9,2026-09-19,1,2026-09-20,index_models-1,
https://www.onsemi.com/download/models/lib/ss22t3.rev0.lib,,,downloaded,656,fa048e21c5e5d9c903bf7be5712e797911f82c42327c81abfc3976220985284d,2026-09-19,1,2026-09-20,index_models-1,
https://www.onsemi.com/download/models/lib/ss24fl.lib,,,downloaded,572,25ca4dd4a931907b110ee295870cddd57f324dd40e02a25b37ccb1b258818f37,2026-09-19,1,2026-09-20,index_models-1,
https://www.onsemi.com/download/models/lib/ss24t3.rev0.lib,,,downloaded,656,83af78e8004accb222b053c5261521af2e4363fddb789a35c7da3c3172197654,2026-09-19,1,2026-09-20,index_models-1,
https://www.onsemi.com/download/models/lib/ss26.lib,,SS26,downloaded,633,ea602767da4112ed2c696d1cd3c732566de265c564bb9c23a4b88fdfd13fe716,2026-09-19,1,2026-09-20,index_models-1,
https://www.onsemi.com/download/models/lib/ss26fl.lib,,,downloaded,573,175189ba7c0035523b525bb7c40ec12865b1ff296f95680613a3727dbc4500e5,2026-09-19,1,2026-09-20,index_models-1,
https://www.onsemi.com/download/models/lib/ss28.lib,,,downloaded,534,8152d2b587330f31134a38cb70f6a66e83f0e716a58bb4e4e3418cef457a45c2,2026-09-19,1,2026-09-20,index_models-1,
https://www.onsemi.com/download/models/lib/ss32.lib,,,downloaded,474,4cf77264929727e397a52eced7cafca9164d4b2d6d013ebf5cb0c4ff042f2a02,2026-09-19,1,2026-09-20,index_models-1,
https://www.onsemi.com/download/models/lib/ss33.lib,,,downloaded,474,ce16e2c378e1a94c61b9eeec6c6333186dde91c889fcf45f8381f010a0a95cda,2026-09-19,1,2026-09-20,index_models-1,
https://www.onsemi.com/download/models/lib/ss34.lib,,SS34,downloaded,474,67e7ae2b231baa4e7e2bb1d0d6d9bb90451c8132f379b9f956f8a3011f754434,2026-09-19,1,2026-09-20,index_models-1,
https://www.onsemi.com/download/models/lib/ss34fa(pspice%20model).lib,,,downloaded,604,4de92e9ca840022b77ff9efb8519b1e599b24fc5384a8026c2bfbce3d7e61a16,2026-09-19,1,2026-09-20,index_models-1,
https://www.onsemi.com/download/models/lib/ss35.lib,,,downloaded,474,cb79434b1448ff6126a36c9cd917c675558980418336c36059a92b248cc17c36,2026-09-19,1,2026-09-20,index_models-1,
https://www.onsemi.com/download/models/lib/ss36.lib,,SS36,downloaded,474,4308851c0d840ed0f99f023996079971023a2eb4d0fffe5ab7ad852cefffce0e,2026-09-19,1,2026-09-20,index_models-1,
https://www.onsemi.com/download/models/lib/ss36fa(pspice%20model).lib,,,downloaded,605,cf08e12f5848543f790fe397d1390aa51e8aa6261d5169cb486434d74614278e,2026-09-19,1,2026-09-20,index_models-1,
https://www.onsemi.com/download/models/lib/ss38.lib,,,downloaded,474,ef5bfe9571acf2bfe23e81553122a070e57222859130c8ac98f256b1d43f9b9a,2026-09-19,1,2026-09-20,index_models-1,
https://www.onsemi.com/download/models/lib/ss39.lib,,SS39,downloaded,472,619074f95abb80380716fab95c58549ded1cfe5abd57131c412cae8483584c3c,2026-09-19,1,2026-09-20,index_models-1,
https://www.onsemi.com/download/models/lib/ss8050.lib,,SS8050,downloaded,1087,c829b0a08038171e0031cc70273f7f469c39aa9d472eb648910e3240bbc8c735,2026-09-19,1,2026-09-20,index_models-1,
https://www.onsemi.com/download/models/lib/ss8550.lib,,SS8550,downloaded,1436,c663079bb2e6a66c08ec4e33ad0c33b42995fd2ece04ac63c1066755f12391c2,2026-09-19,1,2026-09-20,index_models-1,
https://www.onsemi.com/download/models/lib/ss9012.lib,,,downloaded,1149,fe9df90e9a91d426705f223fc401b19eed00deb466c3425517cd98327ea02e70,2026-09-19,1,2026-09-20,index_models-1,
https://www.onsemi.com/download/models/lib/ss9013.lib,,,downloaded,1139,5aa7d4e79ec1a75ed6f0a090a11172892810b5bb17d56b32c75d8d6195cf1b93,2026-09-19,1,2026-09-20,index_models-1,
https://www.onsemi.com/download/models/lib/ss9014.lib,,,downloaded,1115,4c184ccd603ea9f5dbf8e68e92e08b6147a68fd4e0f6a62bd632a6430bc8e67a,2026-09-19,1,2026-09-20,index_models-1,
https://www.onsemi.com/download/models/lib/ssa210%20(spice%20model).lib,,,downloaded,522,9ec5187e05c8b1474045df2b370bedb9c8b71b50d02152bc1388c6475bed0109,2026-09-19,1,2026-09-20,index_models-1,
https://www.onsemi.com/download/models/lib/stf202-22.lib,,,downloaded,1076,d4c24eb58ec9e8b6e525750821d0d76ef7af511ecc1bd6c48a34098de229b74c,2026-09-19,2,2026-09-20,index_models-1,
https://www.onsemi.com/download/models/lib/sz1sma30cat3g.lib,,,downloaded,1061,4925fcb145af9dbb9a02ec2928abba9a594a36b114b97e78334d23ad806fd7da,2026-09-19,6,2026-09-20,index_models-1,
https://www.onsemi.com/download/models/lib/sz1sma5937bt3g.lib,,,downloaded,1215,3b63d521b1f0732be04c3d0952779a25fbb873aaac6af7a6ded4826bc61f34b0,2026-09-19,6,2026-09-20,index_models-1,
https://www.onsemi.com/download/models/lib/szbzx84c10.lib,,,downloaded,1198,a3462fc0ae56cf7939d2196e6c4f40cf313991bb0eeb314c1c645b8fb9c96b37,2026-09-19,6,2026-09-20,index_models-1,
https://www.onsemi.com/download/models/lib/szbzx84c11lt1g.lib,,,downloaded,1213,aa3ed02707dda4dad486f02cdcb8e95c0d68bbffe3a5e6a3322eff773704a010,2026-09-19,6,2026-09-20,index_models-1,
https://www.onsemi.com/download/models/lib/szbzx84c15et1g.lib,,,downloaded,1198,1be331112412c212ddf67ec1d65282b94b4a3d6296e22cc9924c7e85e7978808,2026-09-19,6,2026-09-20,index_models-1,
https://www.onsemi.com/download/models/lib/szbzx84c18t1g.lib.lib,,,downloaded,1197,059c49321b3fe79a70f8a140e20d542ba4dc96b87b838db651c078722215e8b6,2026-09-19,6,2026-09-20,index_models-1,
https://www.onsemi.com/download/models/lib/szbzx84c22t1g.lib.lib,,,downloaded,1215,2419a0d07637b6660f96e110b045fe49622d3823b9d3c743280dbe18852cdeaf,2026-09-19,6,2026-09-20,index_models-1,
https://www.onsemi.com/download/models/lib/szbzx84c2v4lt1g.lib,,,downloaded,1213,094484e5ff2d6e861d698759400c60186995ef93b87c48119470b630d7759126,2026-09-19,6,2026-09-20,index_models-1,
https://www.onsemi.com/download/models/lib/szbzx84c33t1g.lib.lib,,,downloaded,1217,3691cdbfb2f4c84e96bce5d798003e5ea548786c2b9282488ed639e3bf24b269,2026-09-19,6,2026-09-20,index_models-1,
https://www.onsemi.com/download/models/lib/szbzx84c3v3et1g%20(spice%20model).lib,,,downloaded,774,2cb32f341e5b73a82bcca8dc7cd0769de5f52b7c322e2f5c546f5b8da58f38c7,2026-09-19,6,2026-09-20,index_models-1,
https://www.onsemi.com/download/models/lib/szbzx84c47t1g.lib.lib,,,downloaded,1218,9e16ea0e1ca7b573456e7f9862e209bb5707a78c83ebc205d524cadadd87a6c6,2026-09-19,6,2026-09-20,index_models-1,
https://www.onsemi.com/download/models/lib/szbzx84c4v7et1g%20(spice%20model).lib,,,downloaded,799,71fb0e4f8a93e242ab2385f8c8180a7f3d5695fb991cde0bbabfbcf21ea044d2,2026-09-19,6,2026-09-20,index_models-1,
https://www.onsemi.com/download/models/lib/szbzx84c8v2et1g.lib.lib,,,downloaded,1199,b7fcf59d53d527d68c6f3c8b37182dbc881d708644d146abef78b5dbc4d3bb3f,2026-09-19,6,2026-09-20,index_models-1,
https://www.onsemi.com/download/models/lib/szesd7272lt1g.lib,,,downloaded,977,f10d7d26f2cb00ee4c838becb3952a2a359cd96d3dc38c10d64a1e314310cc5f,2026-09-19,5,2026-09-20,index_models-1,
https://www.onsemi.com/download/models/lib/szesd9901%20spice%20model%20library.lib,,,downloaded,731,08731ed6d41cb4f9576bb515c929f8ba6ce7c2957fc3becfd220fc3f86cda4d6,2026-09-19,2,2026-09-20,index_models-1,
https://www.onsemi.com/download/models/lib/szesd9902%20spice%20model%20library.lib,,,downloaded,767,a4b72e85a93a47f4d60af975e756f91627d62c7f339ea63e4457108f34aeff31,2026-09-19,2,2026-09-20,index_models-1,
https://www.onsemi.com/download/models/lib/szmm3z27vt1g.lib,,,downloaded,1213,0ffedcd162ec26053a2640131956dc376b8d2e0df261d30db0512d83be21effc,2026-09-19,6,2026-09-20,index_models-1,
https://www.onsemi.com/download/models/lib/szmm3z5v1st1g.lib,,,downloaded,1219,3a5889ba08e44a2a2d7ecc36585cf5b525981d4c7107b510221324656fc8ea98,2026-09-19,6,2026-09-20,index_models-1,
https://www.onsemi.com/download/models/lib/szmm3z5v6st1g.lib,,,downloaded,1189,fcc5ce4b1e0daf464cd5346f603130ec92936c9ac20a20a4c6e514738da82238,2026-09-19,6,2026-09-20,index_models-1,
https://www.onsemi.com/download/models/lib/szmm5z4702t5g%20(spice%20model).lib,,,downloaded,790,4f858214923f1dec1cf8981144e26b8960a4f57983c06addf42a30f9566fbdf4,2026-09-19,6,2026-09-20,index_models-1,
https://www.onsemi.com/download/models/lib/szmm5z4703t5g%20(spice%20model).lib,,,downloaded,790,7c6e38c28b653374054cc2c521f4a7feab54d0d76a94300843fcdc36ff433f12,2026-09-19,6,2026-09-20,index_models-1,
https://www.onsemi.com/download/models/lib/szmm5z4704t5g%20(spice%20model).lib,,,downloaded,790,2c4233847303d87bcc94f3fefec6f3ce66ff30e6321965f4c3041f34233bd187,2026-09-19,6,2026-09-20,index_models-1,
https://www.onsemi.com/download/models/lib/szmm5z4705t5g%20(spice%20model).lib,,,downloaded,790,bb985d8c0b4d654392cc2d3a19a12115ec22786af4200d0989094e33743f0a87,2026-09-19,6,2026-09-20,index_models-1,
https://www.onsemi.com/download/models/lib/szmmbz18valt1g_rev0.lib,,,downloaded,982,0567476b3944cdc5564b272cddc21116b82b292b84ca321346857c2b7f5a68c4,2026-09-19,5,2026-09-20,index_models-1,
https://www.onsemi.com/download/models/lib/szmmbz27vcwt1g%20(pspice%20model).lib,,,downloaded,811,64bfafe5d07b419bd3d708799faade3ad8b2be3e846b7f64c0575010dc9fddf0,2026-09-19,6,2026-09-20,index_models-1,
https://www.onsemi.com/download/models/lib/szmmsz3v6t1g.lib,,,downloaded,1211,501ac46033ebf26e1931b7440b91ac06b290f20385a7256ff0f23845bc514f2d,2026-09-19,6,2026-09-20,index_models-1,
https://www.onsemi.com/download/models/lib/szmmsz4684t1g.lib,,,downloaded,1212,73bded593332878ee68dec33697cf400e9a56503fb7c92d966144a3413c3d492,2026-09-19,6,2026-09-20,index_models-1,
https://www.onsemi.com/download/models/lib/sznsp8814%20spice%20model%20library.lib,,,downloaded,1002,e51b2ddc9f12a4c87e6cfc0434c4d59a64ac16c654a05b6057cd79763ef12ba5,2026-09-19,4,2026-09-20,index_models-1,
https://www.onsemi.com/download/models/lib/sznup2124_spice_model.lib,,,downloaded,1485,640d568ae638ed422e71d3c6957c9a99b7b63eb277ebe725cf8a20043a666c77,2026-09-19,6,2026-09-20,index_models-1,
https://www.onsemi.com/download/models/lib/sznup2128wtt1g.lib,,,downloaded,1122,9b2d1fdfc155e13343e5fd9fabd7e98472bc820cc889b8c61ae397902f8d97e5,2026-09-19,6,2026-09-20,index_models-1,
https://www.onsemi.com/download/models/lib/sznz3f10vt1g.lib,,,downloaded,1213,d140bc1685b7d3154f48d60928575b49027104121389d04c02e1a583251d148e,2026-09-19,6,2026-09-20,index_models-1,
https://www.onsemi.com/download/models/lib/sznz3f18vt1g.lib,,,downloaded,1209,df5c42539b610af29e5967024961f7ef86233ce253d653b5818f26aed21c7c8d,2026-09-19,6,2026-09-20,index_models-1,
https://www.onsemi.com/download/models/lib/sznz3f33vt1g.lib,,,downloaded,1214,8391ba3885aaefb907484d50752eac5082fcf00625dee3b30839823dfa278de1,2026-09-19,6,2026-09-20,index_models-1,
https://www.onsemi.com/download/models/lib/sznz8f%20(spcie%20model).lib,,,downloaded,44595,3d42cd8cf915609e8ace838b4215d7982e4d5c991e541e9ddd998c9b5a250b7a,2026-09-19,336,2026-09-20,index_models-1,
https://www.onsemi.com/download/models/lib/sznz9f18vst5g%20(spice%20model).lib,,,downloaded,804,82d6e10a4445bd97a680a585e39ad464bda8f7e92193b4204afc5e764321eab8,2026-09-19,6,2026-09-20,index_models-1,
https://www.onsemi.com/download/models/lib/tip100.lib,,,downloaded,1558,93f89f3c6b8e7b2fecd01bdfcf7ca4c6b2b2efff851596818633c9c5f1e8eacd,2026-09-19,4,2026-09-20,index_models-1,
https://www.onsemi.com/download/models/lib/tip101.lib,,,downloaded,1558,7776b5d3fa6f39fdd8e1565713c5623fb5eceb25f86a062125c6343a6b898536,2026-09-19,4,2026-09-20,index_models-1,
https://www.onsemi.com/download/models/lib/tip102.lib,,,downloaded,1682,fe8bdd76f256b74b1ba31aedfdebca7483e2e388ca81f433bc5b01455e011291,2026-09-14,4,2026-09-20,index_models-1,
https://www.onsemi.com/download/models/lib/tip105.lib,,,downloaded,1730,fdb13c04b655bff8609250bebc2bc0384300bda7a68d9d215562223635f9fc33,2026-09-19,4,2026-09-20,index_models-1,
https://www.onsemi.com/download/models/lib/tip106.lib,,,downloaded,1730,c83168c89dd8ab331f4f6f262b3bec0b1b09239ccf4ab0c33104cf6eb1e0a21d,2026-09-19,4,2026-09-20,index_models-1,
https://www.onsemi.com/download/models/lib/tip107.lib,,,downloaded,1728,54268fb9267c6c303c783d18c4ad53464c1a5c595413fd97fd81aeb7fc847979,2026-09-14,4,2026-09-20,index_models-1,
https://www.onsemi.com/download/models/lib/tip110.lib,,,downloaded,1681,119960796fe49954a560fce9b192a1f0a2e7aceb029aa3acfc6859a833a6c87d,2026-09-19,4,2026-09-20,index_models-1,
https://www.onsemi.com/download/models/lib/tip111.lib,,,downloaded,2003,3eb8529b8e61dca8f0a2667500b47f9d0775fb1695312cae0a39a0cb198d5956,2026-09-19,4,2026-09-20,index_models-1,
https://www.onsemi.com/download/models/lib/tip112.lib,,,downloaded,1681,4e7a7148bad79f95921105a9585fe916443df4a434954b536a532b1b3bb00a1f,2026-09-19,4,2026-09-20,index_models-1,
https://www.onsemi.com/download/models/lib/tip115.lib,,,downloaded,1679,edd1ea37788b3a458397ec9d7b196dd3d43672484e1d1c3791961d6dd42ecda9,2026-09-19,4,2026-09-20,index_models-1,
https://www.onsemi.com/download/models/lib/tip116.lib,,,downloaded,1679,dae54a0794cb7de680adb9c6964d7ccfd128a0a9fd342e2d9d5d0f2b1ffad5fc,2026-09-19,4,2026-09-20,index_models-1,
https://www.onsemi.com/download/models/lib/tip117.lib,,,downloaded,1679,ecd09e0342fe5e489ab0812ab504b03f1b8748851e3e7167681aaad54fd46491,2026-09-19,4,2026-09-20,index_models-1,
https://www.onsemi.com/download/models/lib/tip120.lib,,,downloaded,1717,94017247134066826999d2b663d2518f46ad535b676d6b23695c5dffc8f68c6a,2026-09-14,4,2026-09-20,index_models-1,
https://www.onsemi.com/download/models/lib/tip121.lib,,,downloaded,1717,be795e3a385b163f602fd5a618bac8d47def7ef15b3b1e09219c00c547179448,2026-09-19,4,2026-09-20,index_models-1,
https://www.onsemi.com/download/models/lib/tip122.lib,,TIP122,downloaded,1720,afc5e16e6b3e65314a665c4ca54acd98c0b9a0701c2f99458b04ab674c9a7e47,2026-09-19,4,2026-09-20,index_models-1,
https://www.onsemi.com/download/models/lib/tip125.lib,,,downloaded,1693,f3b277f6eeff0b692789d349c1e0ff026c5372666786c1601beaa367624a8b22,2026-09-14,4,2026-09-20,index_models-1,
https://www.onsemi.com/download/models/lib/tip126.lib,,,downloaded,1693,5ea0402c253538c0590666aafd45b8ab99f369fc10a18f894312a597598e914b,2026-09-19,4,2026-09-20,index_models-1,
https://www.onsemi.com/download/models/lib/tip127.lib,,,downloaded,1715,5fd969eaeffc488f38726138cb32fb27e262ec7fa29eecb8c774b9ca05583255,2026-09-14,4,2026-09-20,index_models-1,
https://www.onsemi.com/download/models/lib/tip131.lib,,,downloaded,1730,c83168c89dd8ab331f4f6f262b3bec0b1b09239ccf4ab0c33104cf6eb1e0a21d,2026-09-19,4,2026-09-20,index_models-1,
https://www.onsemi.com/download/models/lib/tip140.lib,,,downloaded,1676,4223c78a44f93fe0a7cee50334d7147ab7774686c3938ea3f5c028102f03b28a,2026-09-19,4,2026-09-20,index_models-1,
https://www.onsemi.com/download/models/lib/tip140_141_142.lib,,,downloaded,1991,a9211d9b1ffff951b1a36ceb1bfde63716b74955a5070bd3611191c1a341fc5c,2026-09-19,4,2026-09-20,index_models-1,
https://www.onsemi.com/download/models/lib/tip141.lib,,,downloaded,1676,1a6d01e452d17fe6f7e9ab32576a4f90c4d8045c1f7435031fe5b9453664f70f,2026-09-19,4,2026-09-20,index_models-1,
https://www.onsemi.com/download/models/lib/tip142.lib,,,downloaded,1676,2906ce78af5d575f9107280b0b53219426dc36d929716e377dc11f7deff5f95b,2026-09-14,4,2026-09-20,index_models-1,
https://www.onsemi.com/download/models/lib/tip145.lib,,,downloaded,1678,193b3bbdeaf01de8784a1fcfcb3d9991f94bd47003962b122addb42660b896a7,2026-09-19,4,2026-09-20,index_models-1,
https://www.onsemi.com/download/models/lib/tip145_146_147.lib,,,downloaded,2059,ffe541a5a9bd55e2d5c649da0262920e56d0a4de561fa863ba87b1efe74b3fac,2026-09-19,4,2026-09-20,index_models-1,
https://www.onsemi.com/download/models/lib/tip146.lib,,,downloaded,1678,f523aaa6f710c7cb00dc3bf44a515c9d0184871e2cd729729e9eca2b3aae9ac5,2026-09-19,4,2026-09-20,index_models-1,
https://www.onsemi.com/download/models/lib/tip147.lib,,,downloaded,1678,b3fdf55671ae9eccf1e301fcf9ea04490f026b74d25febcd78ae4358f4955cbc,2026-09-14,4,2026-09-20,index_models-1,
https://www.onsemi.com/download/models/lib/tip29.lib,,,downloaded,982,2fc541fcaae859dc6e7c11824485bf3c612737ae4a8c6dd7bfa6b596cfd3bd85,2026-09-19,1,2026-09-20,index_models-1,
https://www.onsemi.com/download/models/lib/tip2955.lib,,,downloaded,976,732713970c14678d01d16862e49003a19a41fcebfe0a102b6535c25409a41b9e,2026-09-14,1,2026-09-20,index_models-1,
https://www.onsemi.com/download/models/lib/tip29a.lib,,,downloaded,983,4c5d296c6d9f8c0b10f63d2b6ab06f2f377d9a54a67705b838026ee4d49a9a1f,2026-09-19,1,2026-09-20,index_models-1,
https://www.onsemi.com/download/models/lib/tip29b.lib,,,downloaded,983,7e429cfa904e7bf84c35dce5bec1386767fbdc84b99ef0d0f2c800d3ff869f64,2026-09-19,1,2026-09-20,index_models-1,
https://www.onsemi.com/download/models/lib/tip29c.lib,,,downloaded,983,ece2d26b79c213abc5df11ca2f542d26ad0a54f25e41322ea7c4e7b36a6cd0e9,2026-09-19,1,2026-09-20,index_models-1,
https://www.onsemi.com/download/models/lib/tip30.lib,,,downloaded,971,9c30f02f4eebd083f4dba3b5badf5e2c58176ddaa23ab02bf64826beb5141aaa,2026-09-19,1,2026-09-20,index_models-1,
https://www.onsemi.com/download/models/lib/tip3055.lib,,,downloaded,961,def6344bb210a894a087f163aadb20397b5a6d72d20ef24471c449dbc88d9f8f,2026-09-14,1,2026-09-20,index_models-1,
https://www.onsemi.com/download/models/lib/tip30a.lib,,,downloaded,972,e261c98ce393cc3ef93d31317d6dab37eccfd395802d6d02dc79e6fe26df4c6e,2026-09-19,1,2026-09-20,index_models-1,
https://www.onsemi.com/download/models/lib/tip30b.lib,,,downloaded,972,dd075a65db41362917740899d4f6414cfe66d65934675ad7ab887e5a9a659a76,2026-09-19,1,2026-09-20,index_models-1,
https://www.onsemi.com/download/models/lib/tip30c.lib,,,downloaded,972,60920eaf37e14df045ce301c9bd033f047323a4c36b9abf279357661585ab143,2026-09-19,1,2026-09-20,index_models-1,
https://www.onsemi.com/download/models/lib/tip31.lib,,,downloaded,958,d216b4c52e3ec665f0af9d5b34649560638655df5c280f84078dac43b43c3df4,2026-09-19,1,2026-09-20,index_models-1,
https://www.onsemi.com/download/models/lib/tip31a.lib,,,downloaded,959,2c860cd94c96f6dcf6017aa7054da50a8c7e624d791968b1bb88004912569a19,2026-09-19,1,2026-09-20,index_models-1,
https://www.onsemi.com/download/models/lib/tip31b.lib,,,downloaded,959,cd0fbb962cc89bce9e276a9621d399823ccca3709bb9f5d1a18f21a3681af7b6,2026-09-19,1,2026-09-20,index_models-1,
https://www.onsemi.com/download/models/lib/tip31c.lib,,,downloaded,965,df97566b7c68d9458131672a7db52ef24516a70521fe0c5c74e74e3ea9e77faa,2026-09-14,1,2026-09-20,index_models-1,
https://www.onsemi.com/download/models/lib/tip32.lib,,,downloaded,957,1ed11a85f82e28ceaa3914910970377e3f312d61f1e9e25a4ec6a723673b7879,2026-09-19,1,2026-09-20,index_models-1,
https://www.onsemi.com/download/models/lib/tip32a.lib,,,downloaded,958,61474549d41410ab9e0947b1050470c9b9afe9e9eaf5158b5813631baffa7051,2026-09-19,1,2026-09-20,index_models-1,
https://www.onsemi.com/download/models/lib/tip32b.lib,,,downloaded,958,059c9aec7eaf5151218eeb81cd6adf1ab2f24171bcaaf1d4769278071ea7ed52,2026-09-19,1,2026-09-20,index_models-1,
https://www.onsemi.com/download/models/lib/tip32c.lib,,,downloaded,952,77c4a7ba9bf779b18f1d4a3b25c334a868b805090161b3bc706c2599071fe512,2026-09-14,1,2026-09-20,index_models-1,
https://www.onsemi.com/download/models/lib/tip33c.lib,,,downloaded,982,1eaee640fbde164436a7b478648b91f846e707687e0799e301967d740a3dc125,2026-09-19,1,2026-09-20,index_models-1,
https://www.onsemi.com/download/models/lib/tip35a.lib,,,downloaded,966,d2de0665736f448e7c7066a08f5e8121d39367f23dfb73b69f281b5c6e137129,2026-09-19,1,2026-09-20,index_models-1,
https://www.onsemi.com/download/models/lib/tip35c.lib,,,downloaded,966,9d64dc047220f7416a52cea2cf122104c709604f58e2a724143ca07e98101c6b,2026-09-14,1,2026-09-20,index_models-1,
https://www.onsemi.com/download/models/lib/tip36a.lib,,,downloaded,955,4a77cd4e05ef0d9cef12bb89b80c1f6a2dd530759e854c3bdbad2c4b4e8d2b9f,2026-09-19,1,2026-09-20,index_models-1,
https://www.onsemi.com/download/models/lib/tip36c.lib,,,downloaded,955,43f11df144866a073f67e5ee56001b73324c61f92522536c5e60afeb49cd65c1,2026-09-14,1,2026-09-20,index_models-1,
https://www.onsemi.com/download/models/lib/tip41c.lib,,,downloaded,946,9647cc37f2e874f7e1a7498b4d0f22b751dcc49c1a0fc7d5c9653bdc66a65991,2026-09-14,1,2026-09-20,index_models-1,
https://www.onsemi.com/download/models/lib/tip42c.lib,,,downloaded,976,dd35ad1a3ca311574c8013217c604b3bd142d44248a09bb23e19da64f12b818d,2026-09-14,1,2026-09-20,index_models-1,
https://www.onsemi.com/download/models/lib/tip47.lib,,,downloaded,993,56b834ed01bf3c99ce8830d3374f3886e6b969e2cff06fe7a0aeca919f56f3b9,2026-09-19,1,2026-09-20,index_models-1,
https://www.onsemi.com/download/models/lib/tip47_48_49_50.lib,,,downloaded,1250,e8a4d8d68dd159017151c2d8c2c317ae7509227f3df4cdf6610b801d0a38c295,2026-09-19,1,2026-09-20,index_models-1,
https://www.onsemi.com/download/models/lib/tip48.lib,,,downloaded,984,e054afecf17cf2eb5e96e7164fb3f14108b8f0f1d75d3c9942f17ea37d71b945,2026-09-19,1,2026-09-20,index_models-1,
https://www.onsemi.com/download/models/lib/tip50.lib,,,downloaded,978,224a6f45af058977d62deaa57ef451464d9cf0768d338a0010b68fede8827a93,2026-09-19,1,2026-09-20,index_models-1,
https://www.onsemi.com/download/models/lib/tlv431a.lib,,,downloaded,2989,486a3c15b7c2aec1b96511e3ac9443bbb394a20f7981db8063135885ccc5576d,2026-09-19,17,2026-09-20,index_models-1,
https://www.onsemi.com/download/models/lib/tra2525.lib,,,downloaded,674,8a12c11936316ba37a7cac0e37df086be0fb54860dc2d070483972e7a2016a12,2026-09-19,1,2026-09-20,index_models-1,
https://www.onsemi.com/download/models/lib/tra2532.lib,,,downloaded,672,a0d56c0ee5a60009068f50917b0c636fbd935e6688fbef938c3c7ae52599dac6,2026-09-19,1,2026-09-20,index_models-1,
https://www.onsemi.com/download/models/lib/tra3225.lib,,,downloaded,670,98a4cfafb2a72bb64f2a22302329b1320e2442801cbaa9c20300eb8dc78bc12a,2026-09-19,1,2026-09-20,index_models-1,
https://www.onsemi.com/download/models/lib/ts391%20spice%20model.lib,,,downloaded,1952,7977463958fe9b04440acde2e8a73011e06775809250b05f22c9d1543dd90ab2,2026-09-19,4,2026-09-20,index_models-1,
https://www.onsemi.com/download/models/lib/umz1nt1.lib,,,downloaded,2322,ec9fbea2d7e2188e34333a2362f8e110e6f306d9a3efaab6fa723605aa942eeb,2026-09-19,3,2026-09-20,index_models-1,
https://www.onsemi.com/download/models/lib/us1gfa(pspice%20model).lib,,,downloaded,626,2f9dad681e181568eb971ca4f48d14f79b96424740b2e85c2df2289a6dd0114c,2026-09-19,1,2026-09-20,index_models-1,
https://www.onsemi.com/download/models/lib/us1jfa%20(spice%20model).lib,,,downloaded,638,adea09eef6f77f335dadfde8b14543ae5b7b528a6dd4e2ffb7ebd952c416b5f3,2026-09-19,1,2026-09-20,index_models-1,
https://www.onsemi.com/download/models/mod/1n3064.mod,,,downloaded,101,cb1c65fa2bd260de8327424bd279ef82cd297b60371bcbd48657ee855c448923,2026-09-19,1,2026-09-20,index_models-1,
https://www.onsemi.com/download/models/mod/1n3595.mod,,,downloaded,300,540aac5db94e6f11bd439c9499fbc5f79973d65c3e4fd0749f861b5e0eb538e5,2026-09-19,1,2026-09-20,index_models-1,
https://www.onsemi.com/download/models/mod/1n4148.mod,,,downloaded,168,1058b126a4cf19193c5d643543897b541c186d2146668907ede767fe24fd5414,2026-09-19,1,2026-09-20,index_models-1,
https://www.onsemi.com/download/models/mod/1n4447.mod,,,downloaded,102,cb01276fd9aa1e966c94d41a064cda6cdb8ee97d6c2cc11d73d42163bbf915dd,2026-09-19,1,2026-09-20,index_models-1,
https://www.onsemi.com/download/models/mod/1n4448.mod,,,downloaded,102,f8faabdc6afdff963698ad7d2ebbc11dd11758238768d4dbed24d2eea30a0d02,2026-09-19,1,2026-09-20,index_models-1,
https://www.onsemi.com/download/models/mod/1n4454.mod,,,downloaded,101,a187b24655d4405db014ee77dc9c776ba081a1b1c00e6a9378f2967fe0fdc96b,2026-09-19,1,2026-09-20,index_models-1,
https://www.onsemi.com/download/models/mod/1n458a.mod,,,downloaded,341,f2116392bafa8b27d7e8daa274c989130c3557be971cd28c0d4f351e9a1c2826,2026-09-19,1,2026-09-20,index_models-1,
https://www.onsemi.com/download/models/mod/1n914.mod,,,downloaded,508,69c0282cde88e095d985de3d77be27eefbe77c34676e1e062822f9ac770aaddd,2026-09-19,1,2026-09-20,index_models-1,
https://www.onsemi.com/download/models/mod/1n914b.mod,,,downloaded,508,69c0282cde88e095d985de3d77be27eefbe77c34676e1e062822f9ac770aaddd,2026-09-19,1,2026-09-20,index_models-1,
https://www.onsemi.com/download/models/mod/1n916.mod,,,downloaded,102,844334d5d207ea12c4483eddab6811a0fe970ccf7bdd27be492beb48930251f1,2026-09-19,1,2026-09-20,index_models-1,
https://www.onsemi.com/download/models/mod/1n916b.mod,,,downloaded,102,94b36757c35887c78c5858866d5de8a746804b8730f9ea7899118ff371ee7b0e,2026-09-19,1,2026-09-20,index_models-1,
https://www.onsemi.com/download/models/mod/2n3415.mod,,,downloaded,402,be6ff7f6aba4651fc0ca330ac2d9c15ab6c0918cd023ddb298821c719202d887,2026-09-19,1,2026-09-20,index_models-1,
https://www.onsemi.com/download/models/mod/2n3417.mod,,,downloaded,402,e44bddf566814dbad4a7486b9cb1ed94906925af12bdf9b7be179159397c6c5d,2026-09-19,1,2026-09-20,index_models-1,
https://www.onsemi.com/download/models/mod/2n4400.mod,,,downloaded,398,d952333da169acfb5cd296869cf41c8d8f403606797adc6e75fc15eb5865962b,2026-09-19,1,2026-09-20,index_models-1,
https://www.onsemi.com/download/models/mod/2n4402.mod,,,downloaded,407,007c5157e856707a7a1f6b94be5f5347a5b78fd63e28e039594e3ed86fcd570d,2026-09-19,1,2026-09-20,index_models-1,
https://www.onsemi.com/download/models/mod/2n4403.mod,,,downloaded,411,6f3bbe843e595c94d412d83a65ec4e217b546957e6032814f56dd796d60b4edf,2026-09-19,1,2026-09-20,index_models-1,
https://www.onsemi.com/download/models/mod/2n5769.mod,,,downloaded,400,e97f5d85a5aba16cd5d13fa4851f8de97ce5c8377df9b1e4894f3586ac09913f,2026-09-19,1,2026-09-20,index_models-1,
https://www.onsemi.com/download/models/mod/2n5771.mod,,,downloaded,396,e50cb841746733b238db2542e19148122df9a404bc2cf35c3c2a52433b2cb4c3,2026-09-19,1,2026-09-20,index_models-1,
https://www.onsemi.com/download/models/mod/2n5830.mod,,,downloaded,401,a24ee152fd23158aa79da6c7a23fd01331f0970003de40ebc413bfe457dc0efe,2026-09-19,1,2026-09-20,index_models-1,
https://www.onsemi.com/download/models/mod/2n7000.mod,,,downloaded,1176,fb0ff026f156aa35d8146ba657610ed8611f4729d9fdb95fba44e3fbe5583571,2026-09-19,7,2026-09-20,index_models-1,
https://www.onsemi.com/download/models/mod/bat54.mod,,,downloaded,212,d5d3480299157af42488ca4a371eefec85c7cf58c7c321cc24f6a44fb53fb0f0,2026-09-19,1,2026-09-20,index_models-1,
https://www.onsemi.com/download/models/mod/bav99.mod,,,downloaded,327,12818b2e136d82723bd12002796e5c1c1e7c5c549ede4335a4206186d5f2eaf2,2026-09-19,1,2026-09-20,index_models-1,
https://www.onsemi.com/download/models/mod/bc548c.mod,,,downloaded,386,ea9cf38b0bbf6911d35e3672a2d806679e303aecbab6271f0a89fcf379dcce8c,2026-09-19,1,2026-09-20,index_models-1,
https://www.onsemi.com/download/models/mod/bs170.mod,,,downloaded,1162,95de171e966aa6a0e9a69e2d08c0dcbf508f0661fcd988624e17486dfcbf6fc6,2026-09-19,7,2026-09-20,index_models-1,
https://www.onsemi.com/download/models/mod/bs270.mod,,,downloaded,1164,2d9a0ac255b67e884bd0d16565bca12c1e1a913cf067f46e60790249149cf1a0,2026-09-19,7,2026-09-20,index_models-1,
https://www.onsemi.com/download/models/mod/bss84.mod,,,downloaded,1141,9a7bd2e0442defc53f3e599b39d153b11ccd64e415cc426449a46b54f61a2334,2026-09-19,7,2026-09-20,index_models-1,
https://www.onsemi.com/download/models/mod/es1b.mod,,,downloaded,312,eea414ac9275d8ccc28ff7070bfda650630a34405d110874b3fcebd2f39b0d96,2026-09-19,1,2026-09-20,index_models-1,
https://www.onsemi.com/download/models/mod/es2d.mod,,,downloaded,287,3d54ffd067cadff0b9d6acf159a0c42034b2636a458b58a1143e983b9d0f9347,2026-09-19,1,2026-09-20,index_models-1,
https://www.onsemi.com/download/models/mod/es3d.mod,,,downloaded,280,3da6762226214f4b2b7f5532cbe3d1b41f0f983725c71a6fbf93e8392fdd97e3,2026-09-19,1,2026-09-20,index_models-1,
https://www.onsemi.com/download/models/mod/fdb060an08a0.mod,,,downloaded,2224,e81f720f7e88d7d911e7f9653739f6a9cc127768b6a6d8226df738cb19ac0d69,2026-09-19,18,2026-09-20,index_models-1,
https://www.onsemi.com/download/models/mod/fdb2532.mod,,,downloaded,2259,0574c4fdc7369fd3fd0385ce51a23bd10fd10cba86e00c7db3f63d29a4de187f,2026-09-19,18,2026-09-20,index_models-1,
https://www.onsemi.com/download/models/mod/fdb2572.mod,,,downloaded,2276,ed7baa8b3ce0ae6b9589bcb90d29a757f914d10fe343e701945afd895e036d55,2026-09-19,18,2026-09-20,index_models-1,
https://www.onsemi.com/download/models/mod/fdb3632.mod,,,downloaded,2249,3e7bca565c4eede8c1168fe8a270ec0f96b5290e609432e153f1df158316a58e,2026-09-19,18,2026-09-20,index_models-1,
https://www.onsemi.com/download/models/mod/fdb3652.mod,,,downloaded,2221,d6434fb96727e1ec4b4b306513a09ac9854d83d8feaceb1097feee899efbba60,2026-09-19,18,2026-09-20,index_models-1,
https://www.onsemi.com/download/models/mod/fdb3682.mod,,,downloaded,2275,b140b77bc9993bf02e3a7b1f92a0ba01df1b657092550c46fe6c2304fa10f510,2026-09-19,18,2026-09-20,index_models-1,
https://www.onsemi.com/download/models/mod/fdb42an15a0.mod,,,downloaded,2249,4e3b410afe60f03b480201c049dac54ef9af40a1be9a78a47713b40856c16cf2,2026-09-19,18,2026-09-20,index_models-1,
https://www.onsemi.com/download/models/mod/fdc2612.mod,,,downloaded,1148,c0caebbd444d5c6d544ce5bf681eb526f3891d1c80e9ec2ce0534f7b48442caa,2026-09-19,7,2026-09-20,index_models-1,
https://www.onsemi.com/download/models/mod/fdc3512.mod,,,downloaded,1141,1f81e3c464fb7001f0bc77e61dd20f515c77c49ea05fa4b323e542d9a49b60b5,2026-09-19,7,2026-09-20,index_models-1,
https://www.onsemi.com/download/models/mod/fdc3601n.mod,,,downloaded,1132,eeec48c5244f422cd8fa317041c259f7d9e9b1db491e5696e5c0c680a4e0ad91,2026-09-19,7,2026-09-20,index_models-1,
https://www.onsemi.com/download/models/mod/fdc3612.mod,,,downloaded,1144,d39e803d82230f36ae28d43f35aab21b152a7cc76a8dc10819a29fab8074be1a,2026-09-19,7,2026-09-20,index_models-1,
https://www.onsemi.com/download/models/mod/fdc5612.mod,,,downloaded,1161,49c7303d9761cfd3a7235471b8e643ceeeab6fcd9df1cf7c656245c5185e4a21,2026-09-19,7,2026-09-20,index_models-1,
https://www.onsemi.com/download/models/mod/fdc5614p.mod,,,downloaded,1153,4c3398b5e9544bda6a4ec4ef722df1aba705b2cf8697d13a89d5381d666a1a38,2026-09-19,7,2026-09-20,index_models-1,
https://www.onsemi.com/download/models/mod/fdc602p.mod,,,downloaded,1153,6fe8b7fe19c3bb5eab69e5e98668d7b7ce0bbfbc8b4bc44c22b885ec0df59288,2026-09-19,7,2026-09-20,index_models-1,
https://www.onsemi.com/download/models/mod/fdc604p.mod,,,downloaded,1155,6a970559548e800d3ed6d4574426a4bda7cd6c2587332954187a812f7f6eb158,2026-09-19,7,2026-09-20,index_models-1,
https://www.onsemi.com/download/models/mod/fdc6301n.mod,,,downloaded,1144,eb7ab4ce381a1269b030113b40961d077b4ee696b62ae6fb672285807056a942,2026-09-19,7,2026-09-20,index_models-1,
https://www.onsemi.com/download/models/mod/fdc6303n.mod,,,downloaded,1143,3cc6ded036baa0aa7c7ef0d2e7ef2bb5cfb37fa7538e55267e6fda7ef2497ff3,2026-09-19,7,2026-09-20,index_models-1,
https://www.onsemi.com/download/models/mod/fdc6304p.mod,,,downloaded,1158,0fdc685308e6ae08d6ca04f2dce852f1c40fbea31f17b0c8b9ec1dd08067f76a,2026-09-19,7,2026-09-20,index_models-1,
https://www.onsemi.com/download/models/mod/fdc6306p.mod,,,downloaded,1147,6c9618f44a49414bb67bae3916264edc924b00495a377d72f7cd648c2a3a0a78,2026-09-19,7,2026-09-20,index_models-1,
https://www.onsemi.com/download/models/mod/fdc6310p.mod,,,downloaded,1146,e6201253e18cd2c2e5f722ea77a8ebfd1e136b817709623f30ccbd3a01ba609c,2026-09-19,7,2026-09-20,index_models-1,
https://www.onsemi.com/download/models/mod/fdc6312p.mod,,,downloaded,1145,169733334c3e4b55a92fa5eb401c6f2f18fd4ccff98cabff64719e500faed7ad,2026-09-19,7,2026-09-20,index_models-1,
https://www.onsemi.com/download/models/mod/fdc6318p.mod,,,downloaded,1153,d1f74ab9307599b260404e2b046ea2bfb5e1d3faf6279c2e15d809405bd059d9,2026-09-19,7,2026-09-20,index_models-1,
https://www.onsemi.com/download/models/mod/fdc6320c.mod,,,downloaded,2404,0cd4d2e06b20d8aaec6528fe25f4753dc1ba37b2e90b1e593d3c86060f0d649b,2026-09-19,14,2026-09-20,index_models-1,
https://www.onsemi.com/download/models/mod/fdc6321c.mod,,,downloaded,1538,5a3845aafd18a37c38adf15051e56238a643bea6542c486d5d57bc98b020b742,2026-09-19,12,2026-09-20,index_models-1,
https://www.onsemi.com/download/models/mod/fdc6323l.mod,,,downloaded,2388,c0ac517d5a9b41305ac9c13c977a1bd4f6ae8a9be36ada7b97e8bdb132789048,2026-09-19,14,2026-09-20,index_models-1,
https://www.onsemi.com/download/models/mod/fdc6324l.mod,,,downloaded,2421,d3a24d31b4d54880cb8d2b69fec4cfb9cc75910b9bdf30d5eebd29e32be9e72b,2026-09-19,14,2026-09-20,index_models-1,
https://www.onsemi.com/download/models/mod/fdc6325l.mod,,,downloaded,2405,504075505ed794f8cec8d19897af0d528ab6787dac5d343ac22790fb363d0403,2026-09-19,14,2026-09-20,index_models-1,
https://www.onsemi.com/download/models/mod/fdc6327c.mod,,,downloaded,2413,3d1a79c254d584ca91330f8b34c32fdf6bfdb3b8465418e5943c06f38c88ef4c,2026-09-19,14,2026-09-20,index_models-1,
https://www.onsemi.com/download/models/mod/fdc6329l.mod,,,downloaded,2409,ac3ca7763c1f1c90703c5cdf714cd3e7127018210901fbb8f7b021ef7f48752c,2026-09-19,14,2026-09-20,index_models-1,
https://www.onsemi.com/download/models/mod/fdc6330l.mod,,,downloaded,2421,920b00cfd01064c20b1964e5f351805c188a64c34daeb0dfc07c480f9bcfe714,2026-09-19,14,2026-09-20,index_models-1,
https://www.onsemi.com/download/models/mod/fdc6331l.mod,,,downloaded,1533,1122b10523211719fbd54f5bf0cbb9faab467281c628c86558398b9c01b0fc7a,2026-09-19,12,2026-09-20,index_models-1,
https://www.onsemi.com/download/models/mod/fdc6333c.mod,,,downloaded,2419,b414f7ec60538c49c51b29135581c6d09b5504d6e698fcf47f44710c3611014a,2026-09-19,14,2026-09-20,index_models-1,
https://www.onsemi.com/download/models/mod/fdc634p.mod,,,downloaded,1143,cc15e31d43ff7486f05ee4066559359947026cd5d5cb5ab6c52cbb2b77acc167,2026-09-19,7,2026-09-20,index_models-1,
https://www.onsemi.com/download/models/mod/fdc637an.mod,,,downloaded,1163,e274b3941f4ce4b4b1b0d19af2d9c7fad34fc2f0ddb7544e8ded79bb7319bcfb,2026-09-19,7,2026-09-20,index_models-1,
https://www.onsemi.com/download/models/mod/fdc6401n.mod,,,downloaded,1158,c08d85e8a48013fc277b5b02b50819b1a111bf7a69f4d030f6c229b7193512aa,2026-09-19,7,2026-09-20,index_models-1,
https://www.onsemi.com/download/models/mod/fdc640p.mod,,,downloaded,1149,bc5c2387d0bb2ecb91d7c9014e0dcef36e79a1b7aadf93c8b33ac9c1094ac833,2026-09-19,7,2026-09-20,index_models-1,
https://www.onsemi.com/download/models/mod/fdc642p.mod,,,downloaded,1145,fa4cf93d7e0b8c698e37dee5d7656382b8c73a68d13a5d84d833f20550b6cd78,2026-09-19,7,2026-09-20,index_models-1,
https://www.onsemi.com/download/models/mod/fdc645n.mod,,,downloaded,1150,26603d3ee6f1dd522a4cbcf0468ac288d4145bc7b695dfe6e099d18c7c7c446f,2026-09-19,7,2026-09-20,index_models-1,
https://www.onsemi.com/download/models/mod/fdc6506p.mod,,,downloaded,1139,dd0f71c1acb43b7d1c2837ca6a43dda71078cb2c74dcd4ba8fa20355b655af08,2026-09-19,7,2026-09-20,index_models-1,
https://www.onsemi.com/download/models/mod/fdc653n.mod,,,downloaded,1178,2e55464fa175ecee924bc08dbf8114d9e3e538d49b58c8f603b059b0ef85e27b,2026-09-19,7,2026-09-20,index_models-1,
https://www.onsemi.com/download/models/mod/fdc6561an.mod,,,downloaded,1185,cec952fb523597a9066a0285e4fd87fbb3f86640e349cee4c9addacc3d2733f4,2026-09-19,7,2026-09-20,index_models-1,
https://www.onsemi.com/download/models/mod/fdc658p.mod,,,downloaded,1148,e0fb899def74cd54538ef2e55dc2614f3080799e4358e490ebf48ad7cf2a08da,2026-09-19,7,2026-09-20,index_models-1,
https://www.onsemi.com/download/models/mod/fdd13an06a0.mod,,,downloaded,2239,d73511f348e778e88e0f20b9f0faafe12921389e4173f3338d1de21e51a9f2f0,2026-09-19,18,2026-09-20,index_models-1,
https://www.onsemi.com/download/models/mod/fdd16an08a0.mod,,,downloaded,2220,a227a0a646427496674e68eaf8729a5cf161ebbd3b8cca789c8bab24772c83bb,2026-09-19,18,2026-09-20,index_models-1,
https://www.onsemi.com/download/models/mod/fdd2572.mod,,,downloaded,2274,0db794ad9562908a7b1c03609e62a1da130c30be849e19e7c237ea55a7261219,2026-09-19,18,2026-09-20,index_models-1,
https://www.onsemi.com/download/models/mod/fdd2582.mod,,,downloaded,2267,28ee78408c74d04a6d40d2ced5d4425feeeda5198d92c42361b42cb13f9c6801,2026-09-19,18,2026-09-20,index_models-1,
https://www.onsemi.com/download/models/mod/fdd2670.mod,,,downloaded,1144,4dcf137a86659d87f5d0582047477af345a6b8be2d2cf52ef39108500b9bc174,2026-09-19,7,2026-09-20,index_models-1,
https://www.onsemi.com/download/models/mod/fdd3672.mod,,,downloaded,2237,9c7fe9a6e87c328e4738bdac5174425e7fadc7a6038eb0024f23b88ecd5ea333,2026-09-19,18,2026-09-20,index_models-1,
https://www.onsemi.com/download/models/mod/fdd3680.mod,,,downloaded,1150,96c923c1d08caed617c7dd209a4c06baea46b7a4216d444fe3023568d775e4b9,2026-09-19,7,2026-09-20,index_models-1,
https://www.onsemi.com/download/models/mod/fdd3682.mod,,,downloaded,2263,29caa7e20081165517b7a602f049efae85ff186d4ad163c85c693a6b71068009,2026-09-19,18,2026-09-20,index_models-1,
https://www.onsemi.com/download/models/mod/fdd3706.mod,,,downloaded,1181,56e2aab433347c7d0a231e8805d33e9fe27cb5fe675f38e3b54ca7033034353a,2026-09-19,7,2026-09-20,index_models-1,
https://www.onsemi.com/download/models/mod/fdd5612.mod,,,downloaded,1160,f10d06824ec67614dff8a5f732bf1d779fa343bd99087526c50fc1936e2b4f2a,2026-09-19,7,2026-09-20,index_models-1,
https://www.onsemi.com/download/models/mod/fdd5614p.mod,,,downloaded,1153,2cbf6aed7c68072683c655f933fbf6c49b9b3b37986619044a3ed82165911c5b,2026-09-19,7,2026-09-20,index_models-1,
https://www.onsemi.com/download/models/mod/fdd5670.mod,,,downloaded,814,68177584b9d93dff23b5ebe727b498f87db9343bbf1f59f99924c15063f706a5,2026-09-19,6,2026-09-20,index_models-1,
https://www.onsemi.com/download/models/mod/fdd5680.mod,,,downloaded,1154,73c574e23322cebb08745cba276ba9c1f79001cab6a812958b930661907d1087,2026-09-19,7,2026-09-20,index_models-1,
https://www.onsemi.com/download/models/mod/fdd5690.mod,,,downloaded,1152,5be71346fc2d8b31fcbe43f56614a9a24647441a7719eeb0bb5e60d847c23c52,2026-09-19,7,2026-09-20,index_models-1,
https://www.onsemi.com/download/models/mod/fdd6030l.mod,,,downloaded,1142,fbf175a3372c7bb351666b8138e9d4cd0fff0f7fd4a53d9f22908f63bcb648da,2026-09-19,7,2026-09-20,index_models-1,
https://www.onsemi.com/download/models/mod/fdd6296.mod,,,downloaded,1175,57fc7307e350318995bb8c79b3449d1105360c44e085691dc870ef822c8777e1,2026-09-19,7,2026-09-20,index_models-1,
https://www.onsemi.com/download/models/mod/fdd6530a.mod,,,downloaded,1166,9888e79823fadd954ba0e2a05f388265aaf426513d4d3ce12f07724444dff20c,2026-09-19,7,2026-09-20,index_models-1,
https://www.onsemi.com/download/models/mod/fdd6612a.mod,,,downloaded,1177,47d6df4c0aba1d9e5138400012082c744e29daeba7adf51ac7df70edc1506141,2026-09-19,7,2026-09-20,index_models-1,
https://www.onsemi.com/download/models/mod/fdd6630a.mod,,,downloaded,1143,5cba5e269e353d09a12de1ee475c285da3de6e5ced04d79ffe5a51355a982225,2026-09-19,7,2026-09-20,index_models-1,
https://www.onsemi.com/download/models/mod/fdd6682.mod,,,downloaded,1176,70509fde7549ca007eda27d96be2bea640c2290f763a65cfc072d8441020515d,2026-09-19,7,2026-09-20,index_models-1,
https://www.onsemi.com/download/models/mod/fdd6690a.mod,,,downloaded,1152,5081fa66689663d09aff866b5fe6e8a909359fd531e812b7dfff5b54078ff5ae,2026-09-19,7,2026-09-20,index_models-1,
https://www.onsemi.com/download/models/mod/fdg311n.mod,,,downloaded,1146,dcbae06431418dd7a819cfc4f7c071e11d65ebaf5af3275e466ab0ec95a4ae83,2026-09-19,7,2026-09-20,index_models-1,
https://www.onsemi.com/download/models/mod/fdg312p.mod,,,downloaded,1145,60add038f8f4a98077547acb3510da2abfbf224196d37c700cd3cc762e39ad6c,2026-09-19,7,2026-09-20,index_models-1,
https://www.onsemi.com/download/models/mod/fdg313n.mod,,,downloaded,1136,593611903c2810877518619178db57ebec506f2b19c5d424697d077f9a50987e,2026-09-19,7,2026-09-20,index_models-1,
https://www.onsemi.com/download/models/mod/fdg316p.mod,,,downloaded,1138,fc998d49ee56f2b549ff5d1ddbc8ec05fab695fe1cf18ec8c468cc4dab579cf0,2026-09-19,7,2026-09-20,index_models-1,
https://www.onsemi.com/download/models/mod/fdg327n.mod,,,downloaded,1141,17089bd30f06e1a486efd53ed74c9cf4024a41903a4142014a81f0253f6526c4,2026-09-19,7,2026-09-20,index_models-1,
https://www.onsemi.com/download/models/mod/fdg328p.mod,,,downloaded,1142,31441ff662dc36b34924fcd3ea71a4f05c06353d24e612b9a7bf2dad6b60daeb,2026-09-19,7,2026-09-20,index_models-1,
https://www.onsemi.com/download/models/mod/fdg6301n.mod,,,downloaded,1136,56c6947c2f5d3ed0c484527ee928e06fe7d7a8dafa552966fbc1c230aab6d7a1,2026-09-19,7,2026-09-20,index_models-1,
https://www.onsemi.com/download/models/mod/fdg6303n.mod,,,downloaded,1143,889154b8f57fb66df9c5789726dfa27131d23b297076037e481e3fd348c06826,2026-09-19,7,2026-09-20,index_models-1,
https://www.onsemi.com/download/models/mod/fdg6304p.mod,,,downloaded,1157,722234983906151685b2e327bd7d0b515ba5437ce6f65b6015d2060a2e307afd,2026-09-19,7,2026-09-20,index_models-1,
https://www.onsemi.com/download/models/mod/fdg6306p.mod,,,downloaded,1149,c978078ac7dfd67d2573c9915c134c594ca2314c66970798f765236b5fe3e7ca,2026-09-19,7,2026-09-20,index_models-1,
https://www.onsemi.com/download/models/mod/fdg6308p.mod,,,downloaded,1144,ecd83e99dc880155330f05816445ae3c44fbd1fb2c8997a0e897f57b654947a9,2026-09-19,7,2026-09-20,index_models-1,
https://www.onsemi.com/download/models/mod/fdg6316p.mod,,,downloaded,1149,b0db1afd1483243f2ccac0cb6d7b21df2c0031a27bbf5c637f3de98587267a2c,2026-09-19,7,2026-09-20,index_models-1,
https://www.onsemi.com/download/models/mod/fdg6317nz.mod,,,downloaded,1148,118b39de431f9543135c2038afeac240e71539968410196d562448803712d9f2,2026-09-19,7,2026-09-20,index_models-1,
https://www.onsemi.com/download/models/mod/fdg6318p.mod,,,downloaded,1147,1598a8521e485dbb45e1b15615a9d89246635a01e79394382ad46b620a53b3b1,2026-09-19,7,2026-09-20,index_models-1,
https://www.onsemi.com/download/models/mod/fdg6320c.mod,,,downloaded,2406,2b2010af56aaa82a98440b29e1d1918a05d180809c9d0d1844121602708e9dee,2026-09-19,14,2026-09-20,index_models-1,
https://www.onsemi.com/download/models/mod/fdg6322c.mod,,,downloaded,2410,abba90910b10cbd6769be45abc87e5d168970443cc3d8ee88dcb42c834ca6f77,2026-09-19,14,2026-09-20,index_models-1,
https://www.onsemi.com/download/models/mod/fdg6323l.mod,,,downloaded,2414,47ec3092a6b772335098a1efe00452af8fdbf6b385881acd127438104bf21abf,2026-09-19,14,2026-09-20,index_models-1,
https://www.onsemi.com/download/models/mod/fdg6324l.mod,,,downloaded,2022,221e317e46edab063ac1fba3a6f377e84f251b7773242a819b3a824d5e8d96b2,2026-09-19,13,2026-09-20,index_models-1,
https://www.onsemi.com/download/models/mod/fdn302p.mod,,,downloaded,1155,826c52e0cf09b799990e4ee5380558dbb123417a6d80e0479311643014be3080,2026-09-19,7,2026-09-20,index_models-1,
https://www.onsemi.com/download/models/mod/fdn304p.mod,,,downloaded,1148,50d5031b5df4e309b1e2649efd0d669bacde7c2bdfe6d3afda8d203fd9b0bc0a,2026-09-19,7,2026-09-20,index_models-1,
https://www.onsemi.com/download/models/mod/fdn304pz.mod,,,downloaded,1171,d64dccf05cee873554a0245368fd7e22924f15bb2910f4bbceb8d7509875013e,2026-09-19,7,2026-09-20,index_models-1,
https://www.onsemi.com/download/models/mod/fdn327n.mod,,,downloaded,1141,a2d3bba8eeb164f57bba914748b3027b5edde67ca465b073b5a4af9603a1fd83,2026-09-19,7,2026-09-20,index_models-1,
https://www.onsemi.com/download/models/mod/fdn335n.mod,,,downloaded,1147,e816b22a06412b0b330f3f311ab5f8144bc164a38d0234082def768748afdcca,2026-09-19,7,2026-09-20,index_models-1,
https://www.onsemi.com/download/models/mod/fdn336p.mod,,,downloaded,1141,4687322cb1e1d3a4077f23836345b25defb7ad189e4a65b5d81bb5c577fe06d2,2026-09-19,7,2026-09-20,index_models-1,
https://www.onsemi.com/download/models/mod/fdn338p.mod,,,downloaded,1145,4998c1792126578c411834e1c6494bb39fbacce9a4918011c319018a451f57f7,2026-09-19,7,2026-09-20,index_models-1,
https://www.onsemi.com/download/models/mod/fdn339an.mod,,,downloaded,1150,83164bf06d2576bad3f9e8e28e74f7876feb808bfce82b009ee33f4e3035647b,2026-09-19,7,2026-09-20,index_models-1,
https://www.onsemi.com/download/models/mod/fdn340p.mod,,,downloaded,1143,5a5dbfc4f6c7b6e806a3f4b4c7b441e932d768c1318d974cba38143e00b6f94f,2026-09-19,7,2026-09-20,index_models-1,
https://www.onsemi.com/download/models/mod/fdn342p.mod,,,downloaded,1145,5f96fea151058a392b722d85add7ada21b6019a2c207c75d1985d85216884bb0,2026-09-19,7,2026-09-20,index_models-1,
https://www.onsemi.com/download/models/mod/fdn359an.mod,,,downloaded,1150,d8fadb67b893469b7ef42f9f5d2586470035b723ec6804d38991879f789a9c36,2026-09-19,7,2026-09-20,index_models-1,
https://www.onsemi.com/download/models/mod/fdn360p.mod,,,downloaded,1153,610dced94b1f8c682ce3436e79b8f3e1efb6009afffc20f9277f45b50e96873d,2026-09-19,7,2026-09-20,index_models-1,
https://www.onsemi.com/download/models/mod/fdn372s.mod,,,downloaded,1143,b0daa4e2d8a3b984189c157c4b71996c8546b4989c4c569c8b9f11d3d5e665b9,2026-09-19,7,2026-09-20,index_models-1,
https://www.onsemi.com/download/models/mod/fdn5618p.mod,,,downloaded,1099,78c8624dc029c19d1b178f1f8c253f791970114d1bd6de07a0b503682060cf0f,2026-09-19,7,2026-09-20,index_models-1,
https://www.onsemi.com/download/models/mod/fdp047an08a0.mod,,,downloaded,2241,c460fa20a654b6fa9730de6e56df912b85d41826034bbf7596e3393a92993d34,2026-09-19,18,2026-09-20,index_models-1,
https://www.onsemi.com/download/models/mod/fdp2552.mod,,,downloaded,2247,b71dff57f209b070bfac31434b1b5590f09d89b9aff3fdf504561f087ae29555,2026-09-19,18,2026-09-20,index_models-1,
https://www.onsemi.com/download/models/mod/fdp6030bl.mod,,,downloaded,1169,8f7c6ddc54e40de1b63993368b8a8578e160eb2cde80f8890ea5c6223f6862c8,2026-09-19,7,2026-09-20,index_models-1,
https://www.onsemi.com/download/models/mod/fdp6035al.mod,,,downloaded,1175,7b79e05ec9741b7ed1bfaceabaeca743be1bf650bad083cff3747451e5e74bec,2026-09-19,7,2026-09-20,index_models-1,
https://www.onsemi.com/download/models/mod/fdp6670al.mod,,,downloaded,1182,29af4bc708b72fda8b42ab77dacab6c0d693e72698a47738318ddb703b507135,2026-09-19,7,2026-09-20,index_models-1,
https://www.onsemi.com/download/models/mod/fdp7030bl.mod,,,downloaded,1181,d4154aeaf57d64ab3b5500280fdde70f4cc2a857c8dff9d6fd4c2776a465a38a,2026-09-19,7,2026-09-20,index_models-1,
https://www.onsemi.com/download/models/mod/fds2572.mod,,,downloaded,2246,73b69bf8aa84a2c1f711007d0b9c67289d5e47b5ac8ef5c89bb3517cd5615c1d,2026-09-19,18,2026-09-20,index_models-1,
https://www.onsemi.com/download/models/mod/fds2582.mod,,,downloaded,2316,a048ad7fe1517c4652005c99ff947a4ed1ffe874a3584798033c11b238d08566,2026-09-19,18,2026-09-20,index_models-1,
https://www.onsemi.com/download/models/mod/fds2670.mod,,,downloaded,1143,ea8f0879a717ee18d244d53aa9a75795444f0d1ed24586404787e6537a86be3c,2026-09-19,7,2026-09-20,index_models-1,
https://www.onsemi.com/download/models/mod/fds3512.mod,,,downloaded,1141,d9b43b3191a949567980b8c78513d6f8e6eed34df7eefe5229cb115f715b2c65,2026-09-19,7,2026-09-20,index_models-1,
https://www.onsemi.com/download/models/mod/fds3580.mod,,,downloaded,1150,68823db684ad0b2bdebe2e5814f6bbdb3072fffca07acf259a1176cae331f319,2026-09-19,7,2026-09-20,index_models-1,
https://www.onsemi.com/download/models/mod/fds3601.mod,,,downloaded,1128,7cf6a36b68aca5ec46a12b619fc034b0aa4d4ab458ba786a9cd58a1caa375a27,2026-09-19,7,2026-09-20,index_models-1,
https://www.onsemi.com/download/models/mod/fds3672.mod,,,downloaded,2311,1f3a8d5aa14e78674c8f250979d6cd5443e83abf4fc8b7529611e8edd6f8ba94,2026-09-19,18,2026-09-20,index_models-1,
https://www.onsemi.com/download/models/mod/fds3692.mod,,,downloaded,2294,14151e2fdbdb2c58f62e8382bc3c6de77f3d2750eac9407a87364df382c80e91,2026-09-19,18,2026-09-20,index_models-1,
https://www.onsemi.com/download/models/mod/fds3912.mod,,,downloaded,1143,626d30ce664292be33b34f8f5022f417d14fdde337aed12e05a0796096d5750c,2026-09-19,7,2026-09-20,index_models-1,
https://www.onsemi.com/download/models/mod/fds3992.mod,,,downloaded,2329,e15dc092b825478ea45918f500aefdd1036da0c5363df40bc0371c77863435ef,2026-09-19,18,2026-09-20,index_models-1,
https://www.onsemi.com/download/models/mod/fds4410.mod,,,downloaded,1132,b5e54f7adebbbafc329128d945d8711ca05524c8e6bf59bc0adb727f50a0c99a,2026-09-19,7,2026-09-20,index_models-1,
https://www.onsemi.com/download/models/mod/fds4435.mod,,,downloaded,1152,62a7da110b09d340d52aee68e5a8c12450cda0665759de4c0cae8f5bcc9a95b1,2026-09-19,7,2026-09-20,index_models-1,
https://www.onsemi.com/download/models/mod/fds4465.mod,,,downloaded,1188,d2c7e8f17a86cc4b73e02c13703d1d935f0f2a1bd841a495193469cae0774f64,2026-09-19,7,2026-09-20,index_models-1,
https://www.onsemi.com/download/models/mod/fds4501h.mod,,,downloaded,2408,69a3c9979a4637408f27e66afd2c4eb05472c8ec013d4d362d0d7e872ebb3aa3,2026-09-19,14,2026-09-20,index_models-1,
https://www.onsemi.com/download/models/mod/fds4559.mod,,,downloaded,2403,cd31c362781a10d6cf03b65431cb8b22d540bb41cf4aa001d9322bf71c7ea50d,2026-09-19,14,2026-09-20,index_models-1,
https://www.onsemi.com/download/models/mod/fds4675.mod,,,downloaded,1150,7a4c8c345d3a8dc94648621f3e20aa380077192793413672f31c38717dafb28c,2026-09-19,7,2026-09-20,index_models-1,
https://www.onsemi.com/download/models/mod/fds4935a.mod,,,downloaded,1151,c3ac88ca538104458f479acdc3c8a9cde230c71789693243d313c431ea2726a7,2026-09-19,7,2026-09-20,index_models-1,
https://www.onsemi.com/download/models/mod/fds4953.mod,,,downloaded,1143,2f2ac099a480cf331b0263b578df835547db82c7a96c0a6dbd14c90b2cf86c57,2026-09-19,7,2026-09-20,index_models-1,
https://www.onsemi.com/download/models/mod/fds5670.mod,,,downloaded,1153,a9a4380270e4eb08a62a3decfcdc9b520c24a974d856886ec3f5ed1f4dcc034a,2026-09-19,7,2026-09-20,index_models-1,
https://www.onsemi.com/download/models/mod/fds5680.mod,,,downloaded,1154,5087bdbc8eed27f161ec31df1550d241ef2f9cd27318d8d259a1e757454930e7,2026-09-19,7,2026-09-20,index_models-1,
https://www.onsemi.com/download/models/mod/fds5690.mod,,,downloaded,1152,a7b2d4e081b96607254494ad0f81a2ae5f77cb7b5a7c2c26ac62c56a3c49da9f,2026-09-19,7,2026-09-20,index_models-1,
https://www.onsemi.com/download/models/mod/fds6294.mod,,,downloaded,1183,066b023d0d76bb0a8eaa4775ac12aaa4da5df1262b18649283e238b5be80f1d7,2026-09-19,7,2026-09-20,index_models-1,
https://www.onsemi.com/download/models/mod/fds6375.mod,,,downloaded,1146,97b4f818235a7ad523cbfd88da803e58bf19975fc025a0e26c205d9f79e170aa,2026-09-19,7,2026-09-20,index_models-1,
https://www.onsemi.com/download/models/mod/fds6570a.mod,,,downloaded,1154,ba3a24c8b7bf84c4ed6b6071137b41b1211d98a5fc58592906a71c2fc1c2ae85,2026-09-19,7,2026-09-20,index_models-1,
https://www.onsemi.com/download/models/mod/fds6574a.mod,,,downloaded,1155,290e4619319b1d08c7cdc832589efdacff6ace82e545eb0240c25f7581dd86f8,2026-09-19,7,2026-09-20,index_models-1,
https://www.onsemi.com/download/models/mod/fds6576.mod,,,downloaded,1151,08abb06d4271cfecdd7f9e73a3ca13475cfa1980233c0d19f9dfe4665b5ef89b,2026-09-19,7,2026-09-20,index_models-1,
https://www.onsemi.com/download/models/mod/fds6614a.mod,,,downloaded,1146,7680aa146551b5264df49e3bd70cc078dc950d4491275d09edf77dcb58be9595,2026-09-19,7,2026-09-20,index_models-1,
https://www.onsemi.com/download/models/mod/fds6630a.mod,,,downloaded,1140,e9caed666e74ad8b6c95aeb01230fb8660f861abf2374b3b8da178b3ae4f0f69,2026-09-19,7,2026-09-20,index_models-1,
https://www.onsemi.com/download/models/mod/fds6670a.mod,,,downloaded,1161,e53c8e20b991dc770f5103e79a75a98ccee544637e058adbdb9a77befb8eb7b5,2026-09-19,7,2026-09-20,index_models-1,
https://www.onsemi.com/download/models/mod/fds6675.mod,,,downloaded,1118,31e7e5c83ac2932f2dc41215675a97377b50872251ebf9b10f7c098954ede40d,2026-09-19,7,2026-09-20,index_models-1,
https://www.onsemi.com/download/models/mod/fds6679.mod,,,downloaded,1152,34c4d713fe468790949bf99a3c32fe7c7f844a4e296d29f7643042c46eb2449e,2026-09-19,7,2026-09-20,index_models-1,
https://www.onsemi.com/download/models/mod/fds6680.mod,,,downloaded,1149,5b91677c25a82a0c343a174fc5d2ad887ed24e94f1dec78c003247488e056dd3,2026-09-19,7,2026-09-20,index_models-1,
https://www.onsemi.com/download/models/mod/fds6680a.mod,,,downloaded,1186,feaae3339e308c574ac3311de7b7839fdb00d9aa9d6a3bdac4183487b3be1b5c,2026-09-19,7,2026-09-20,index_models-1,
https://www.onsemi.com/download/models/mod/fds6682.mod,,,downloaded,1187,c376d3ede1f9c3ad18727ad04cf9a7b6a96f6198cd87a24e83ba870298c47900,2026-09-19,7,2026-09-20,index_models-1,
https://www.onsemi.com/download/models/mod/fds6690a.mod,,,downloaded,1153,2d8b2724773815970a58aaa6157c2bda0ecbe62da7b3ee6169e3fdc58dcb32d3,2026-09-19,7,2026-09-20,index_models-1,
https://www.onsemi.com/download/models/mod/fds6694.mod,,,downloaded,1148,2bbbeb8d730d78bde4e3eae15fe37a1712d02b0ee4d7e22e8536f8c2c7f3777f,2026-09-19,7,2026-09-20,index_models-1,
https://www.onsemi.com/download/models/mod/fds6812a.mod,,,downloaded,1155,c356648c7ee0821b650437e1c1687136a2d6722a6aeb3d67d598825b89cac6f0,2026-09-19,7,2026-09-20,index_models-1,
https://www.onsemi.com/download/models/mod/fds6875.mod,,,downloaded,1146,cffbdf4ba7bb2a6ca90d242788f8e99a9f330df9e8e541b00cc1542b9c76ca44,2026-09-19,7,2026-09-20,index_models-1,
https://www.onsemi.com/download/models/mod/fds6890a.mod,,,downloaded,1159,05873e444e71f1969492071b5c4c2cc8bfc7341e522e12b3c32f9789b182a352,2026-09-19,7,2026-09-20,index_models-1,
https://www.onsemi.com/download/models/mod/fds6898a.mod,,,downloaded,1155,8d5ef23d39e64bacb1d6c6d396520a00600c370c7e00b37afb36d401651ad95c,2026-09-19,7,2026-09-20,index_models-1,
https://www.onsemi.com/download/models/mod/fds6912.mod,,,downloaded,1148,75e94d75233c90a5533347664c5eb8d980ff76ccaade57ca63c8593a331bb2eb,2026-09-19,7,2026-09-20,index_models-1,
https://www.onsemi.com/download/models/mod/fds6912a.mod,,,downloaded,1146,c8c5da4647b178d596c414e05cb22d00d42c5c5795e9dfec59e556058b51a4b0,2026-09-19,7,2026-09-20,index_models-1,
https://www.onsemi.com/download/models/mod/fds6930a.mod,,,downloaded,1146,352b280ed72677570affc0f667e72462c9d15bccd9dab3e945cff77a617cbd30,2026-09-19,7,2026-09-20,index_models-1,
https://www.onsemi.com/download/models/mod/fds6961a.mod,,,downloaded,1146,0a0e71bbe230bdb281f863f4c4b4fa8f7efff82a2122c6513744a37fab65c235,2026-09-19,7,2026-09-20,index_models-1,
https://www.onsemi.com/download/models/mod/fds6975.mod,,,downloaded,1144,3d16cb5bcb248eaa7fa6c04e404f20e7645e025dbd4634479060900d9cfd7478,2026-09-19,7,2026-09-20,index_models-1,
https://www.onsemi.com/download/models/mod/fds6982.mod,,,downloaded,2378,9052b3f9edbb5e595a4a1f6e78851e12815c66962c202dbd6c8e2d0feb549ab1,2026-09-19,14,2026-09-20,index_models-1,
https://www.onsemi.com/download/models/mod/fds6990a.mod,,,downloaded,1153,3b709195195eb032246bbaf7dc9b8aa9afcacc285521cf8e2d7d44b20fc58035,2026-09-19,7,2026-09-20,index_models-1,
https://www.onsemi.com/download/models/mod/fds8433a.mod,,,downloaded,1159,bbdd81c07658ff6451b91eb45e90927a3061e2f72018f8c86580b0ee2e375a7a,2026-09-19,7,2026-09-20,index_models-1,
https://www.onsemi.com/download/models/mod/fds8926a.mod,,,downloaded,1150,5b51a196c4412fa103d61f5205cb987410d9966c9e0cd0678936456a78155495,2026-09-19,7,2026-09-20,index_models-1,
https://www.onsemi.com/download/models/mod/fds8928a.mod,,,downloaded,2424,74021ec0cab3aae8502d3b30c9a5e27c8e99bdb310a98f1d78e2fd975751cf90,2026-09-19,14,2026-09-20,index_models-1,
https://www.onsemi.com/download/models/mod/fds8934a.mod,,,downloaded,1159,c5195c9097b32891e0caf45266b236214780f17e14caaba2d271debacb24ec3c,2026-09-19,7,2026-09-20,index_models-1,
https://www.onsemi.com/download/models/mod/fds9400a.mod,,,downloaded,1150,7c21d3117109a6c332755b7b0db971a182f578a9e81b8ba53792ba7c33cacc5a,2026-09-19,7,2026-09-20,index_models-1,
https://www.onsemi.com/download/models/mod/fds9412.mod,,,downloaded,1136,c362adf8121bd894ecf0615c0261f1d5e6fb42f966c196b74e5999cce0068fad,2026-09-19,7,2026-09-20,index_models-1,
https://www.onsemi.com/download/models/mod/fds9431a.mod,,,downloaded,1148,a4cc126a517e45925d2b0ea7b51543673c9454a9bcbf86baeb35dae9df1756d7,2026-09-19,7,2026-09-20,index_models-1,
https://www.onsemi.com/download/models/mod/fds9435a.mod,,,downloaded,1144,ff74c5892c17ad5cdbcc67aa1fa298d116bad8215da7823617c79cd2f5c3d96f,2026-09-19,7,2026-09-20,index_models-1,
https://www.onsemi.com/download/models/mod/fds9926a.mod,,,downloaded,1149,f0ca0d507bb3b1738bb2e15e2de45673fe3acd9a1301ff67d7f2f9eaf85064e1,2026-09-19,7,2026-09-20,index_models-1,
https://www.onsemi.com/download/models/mod/fds9933a.mod,,,downloaded,1143,74b19f03f765ee81b972445ecd9cf9af3f656f871bf2363afa1255acd0f05056,2026-09-19,7,2026-09-20,index_models-1,
https://www.onsemi.com/download/models/mod/fds9945.mod,,,downloaded,1140,46d8ac6d6fbe2ca4bc57a436f50c091cf83da39aa916e4ebd8a62d625a9e7350,2026-09-19,7,2026-09-20,index_models-1,
https://www.onsemi.com/download/models/mod/fds9953a.mod,,,downloaded,1150,e31ba13240e3cf8d92654f43b36fa5c909457a30fd68bb677e3a126b04244744,2026-09-19,7,2026-09-20,index_models-1,
https://www.onsemi.com/download/models/mod/fdt434p.mod,,,downloaded,1153,9fe0980c50764ebf4762e59b912fb7c7cda3ae190ef124bb970855e5aabd7ad0,2026-09-19,7,2026-09-20,index_models-1,
https://www.onsemi.com/download/models/mod/fdt439n.mod,,,downloaded,1150,75e68055feea4cbd768afe6889ec73da52a1299f539256830b00959e7caa48ff,2026-09-19,7,2026-09-20,index_models-1,
https://www.onsemi.com/download/models/mod/fdt457n.mod,,,downloaded,1147,1f10534c6be97b9c4fe4d7b6e7ec136c7f0cc3cf5901ede97443c1ca06ae88f7,2026-09-19,7,2026-09-20,index_models-1,
https://www.onsemi.com/download/models/mod/fdt458p.mod,,,downloaded,1145,5f19a4623f5c8526f3c9c4e42c7e7d429efeca7288c6a1b71c9dcd40b269b8ff,2026-09-19,7,2026-09-20,index_models-1,
https://www.onsemi.com/download/models/mod/fdt459n.mod,,,downloaded,1130,4a5a34079c79675015b66b319bc9d8dbf8cc40d40cc6c912fcda9821f8205274,2026-09-19,7,2026-09-20,index_models-1,
https://www.onsemi.com/download/models/mod/fdv301n.mod,,,downloaded,1172,e2249a5e3a3f435952f7a8037686ba646009ce5e075bdedb1cdeb0e3b6ab230c,2026-09-19,7,2026-09-20,index_models-1,
https://www.onsemi.com/download/models/mod/fdv302p.mod,,,downloaded,1145,ae988ff3efc4a9b4b871a192034bb139b5c293905642460776d3894febe1c72e,2026-09-19,7,2026-09-20,index_models-1,
https://www.onsemi.com/download/models/mod/fdv303n.mod,,,downloaded,1005,3bcc57a7e305680290c40998434898484e9f673c4870f10bf6eed57def76aca0,2026-09-19,6,2026-09-20,index_models-1,
https://www.onsemi.com/download/models/mod/fdv304p.mod,,,downloaded,1153,f043973f1052122d02c82ce7dfb16c0842305100a9a2acefb35c86a60e4a7038,2026-09-19,7,2026-09-20,index_models-1,
https://www.onsemi.com/download/models/mod/fdv305n.mod,,,downloaded,1138,698379a82602c4ee50777ec9525233ec6a07f5c6d2618ed1bf2e4f4ff5d217f1,2026-09-19,7,2026-09-20,index_models-1,
https://www.onsemi.com/download/models/mod/huf75344p3.mod,,,downloaded,2254,ff169b1e4ca580e0af2f07f5d2e435c41ce5a5d97fde8c49de5a9cb53ebc8e6f,2026-09-19,18,2026-09-20,index_models-1,
https://www.onsemi.com/download/models/mod/huf75542p3.mod,,,downloaded,2234,f26d91964384c21e23f81cbb74b6e8165db757cb36a04a5f1c2aea00026682f9,2026-09-19,18,2026-09-20,index_models-1,
https://www.onsemi.com/download/models/mod/huf75545.mod,,,downloaded,2209,9988a05c094f9fded91a425260fe1c62fef993f520a8b330233d4e610fa1fd33,2026-09-19,18,2026-09-20,index_models-1,
https://www.onsemi.com/download/models/mod/huf75639p3.mod,,,downloaded,2247,dd96082ebeef7f0bc521900dcdd4d711907dc66fc6412c80031f67a210dad4b8,2026-09-19,18,2026-09-20,index_models-1,
https://www.onsemi.com/download/models/mod/huf75645.mod,,,downloaded,2242,07bdf09eede5ccb20e0a4de27ea56d6935decc1144944655f54534688b7e2579,2026-09-19,18,2026-09-20,index_models-1,
https://www.onsemi.com/download/models/mod/huf75842.mod,,,downloaded,2238,c4e07bf7fad155cb13db2c6dabed92434c786addd65b901b525b42db2f02cfbd,2026-09-19,18,2026-09-20,index_models-1,
https://www.onsemi.com/download/models/mod/huf76423p3.mod,,,downloaded,2209,f180e95426e2a20132ab6899570903cc264a03d35dacb1d8ccac7dba25b43682,2026-09-19,18,2026-09-20,index_models-1,
https://www.onsemi.com/download/models/mod/lm224%20spice%20model%20.mod,,,downloaded,2488,f41fe132367387fdfbe4feeb1cfd0bcc0b3252ddd564da9081e42b9bbd583574,2026-09-19,5,2026-09-20,index_models-1,
https://www.onsemi.com/download/models/mod/lm258%20spice%20model%20.mod,,,downloaded,2489,6918bd3fb9a547d803b6c6da8a6675bb1cae1ecb4ed4ce5ec01ed2c546fea1d2,2026-09-19,5,2026-09-20,index_models-1,
https://www.onsemi.com/download/models/mod/lm2902%20spice%20model%20.mod,,,downloaded,2492,a052c2ad5a45d0e60de1fdd0f7c1ea99930ddce1e0df15a63bbbf0b07a520d28,2026-09-19,5,2026-09-20,index_models-1,
https://www.onsemi.com/download/models/mod/lm2904%20spice%20model%20.mod,,,downloaded,2492,f4e6f9a8012e0e63190caead23c7f8c946c2bbc56ffce9b2ba9a4d8a47a92f4d,2026-09-19,5,2026-09-20,index_models-1,
https://www.onsemi.com/download/models/mod/lm321%20spice%20model.mod,,,downloaded,2489,3c94c6bd1e24fd920559c26b6f9b14b6b2330f6fdcb54df54986237ee1fc12b2,2026-09-19,5,2026-09-20,index_models-1,
https://www.onsemi.com/download/models/mod/lm324%20spice%20model%20.mod,,,downloaded,2489,40966c2d653fe897ff642fbd95f264eddee3ed737692ff08fc031163d5802e50,2026-09-19,5,2026-09-20,index_models-1,
https://www.onsemi.com/download/models/mod/lm358%20spice%20model.mod,,,downloaded,2489,a49cd8a91f18cf171c8cf8dc7f17b9460d6f5fac463abf9edb4bde8f780a605c,2026-09-19,5,2026-09-20,index_models-1,
https://www.onsemi.com/download/models/mod/mmbd1201.mod,,,downloaded,109,52eb3d0f86386b033c1539fd1673d573877155c4693cdf2685af8f13ec66d668,2026-09-19,1,2026-09-20,index_models-1,
https://www.onsemi.com/download/models/mod/mmbd1202.mod,,,downloaded,109,d6433f3b29fb413cb81a42942eb4172b5d0aa8e3b61ba88ac8c35b1ad6a6cf0c,2026-09-19,1,2026-09-20,index_models-1,
https://www.onsemi.com/download/models/mod/mmbd1203.mod,,,downloaded,109,203c9c21a4ee079c1f7ecc043c51db81f411c36818c3d790350d8a06a81cc492,2026-09-19,1,2026-09-20,index_models-1,
https://www.onsemi.com/download/models/mod/mmbd1204.mod,,,downloaded,109,dd8d1405d5455b8ad88c6acbbe7b91fb43152786c0f7bf36ae2a099b54379097,2026-09-19,1,2026-09-20,index_models-1,
https://www.onsemi.com/download/models/mod/mmbd1205.mod,,,downloaded,109,ddbe462e3affc7a0172f2b69a11d2dcdd41bb38c039fdcc456e6d9dbc4870aa4,2026-09-19,1,2026-09-20,index_models-1,
https://www.onsemi.com/download/models/mod/mmbd1501a.mod,,,downloaded,218,4120fb6f8d51a6a304eb5dec613153ad8e438a72f15f35c26ce5b5d79277a924,2026-09-19,1,2026-09-20,index_models-1,
https://www.onsemi.com/download/models/mod/mps6513.mod,,,downloaded,403,46145c7f2573720e5d3c776de4cfda1c45218331baa801afd4320a60b72a2775,2026-09-19,1,2026-09-20,index_models-1,
https://www.onsemi.com/download/models/mod/mps6531.mod,,,downloaded,402,177ba6a024915ce983e5a6a2def3d1b9869dc1af7d0cb8ff163bc5166d43360c,2026-09-19,1,2026-09-20,index_models-1,
https://www.onsemi.com/download/models/mod/mps6534.mod,,,downloaded,411,c0c7dc351baa4dc037a7017647746ce571d0a9df321e91ebec7175eb822ccb29,2026-09-19,1,2026-09-20,index_models-1,
https://www.onsemi.com/download/models/mod/mps6562.mod,,,downloaded,397,4fc9c6c28cc3dbc01a6b70e579db4f7389b8c200c317c6b10efde33506c54f5d,2026-09-19,1,2026-09-20,index_models-1,
https://www.onsemi.com/download/models/mod/ncs2007x%20spice%20model.mod,,,downloaded,7093,a15a71e8156a39d6d542c2703e1338d62f91999fdd9a08febabf47338db4fc4d,2026-09-19,18,2026-09-20,index_models-1,
https://www.onsemi.com/download/models/mod/ncs2008%20pspice%20model.mod,,,downloaded,6948,4cb9a06b2c6e803bdfefbdd142cd1b8c0f33993284f0f51942fe1356eee6f8d2,2026-09-19,17,2026-09-20,index_models-1,
https://www.onsemi.com/download/models/mod/ncs2009%20pspice%20model.mod,,,downloaded,6958,737a967f740bfc8fdf68fd59561aef0220b744cd20a40a00013b4f186c7ba3e7,2026-09-19,17,2026-09-20,index_models-1,
https://www.onsemi.com/download/models/mod/ncs20161%20spice%20model.mod,,,downloaded,11679,551d80a8c8299d0e73454393bd573cf489447b653471673c93036c183eb70c77,2026-09-19,22,2026-09-20,index_models-1,
https://www.onsemi.com/download/models/mod/ncs20166%20spice%20model.mod,,,downloaded,6201,a8490d1d17c3532f64ae4e24367cdf04567965df54c3529afd721082701b521c,2026-09-19,17,2026-09-20,index_models-1,
https://www.onsemi.com/download/models/mod/ncs20231%20spice%20model.mod,,,downloaded,11661,b1d1c788752a426d15e6a3f8741ae63db2736536e2d5a68c32f16c24bd21c48d,2026-09-19,22,2026-09-20,index_models-1,
https://www.onsemi.com/download/models/mod/ncs21803%20spice%20model.mod,,,downloaded,8412,3574316edeefe935b7451e06348aca2255abfc7ee34778cea4f9a96cec7687d1,2026-09-19,21,2026-09-20,index_models-1,
https://www.onsemi.com/download/models/mod/ncs2180x%20spice%20model.mod,,,downloaded,8419,53266a62715b8ce8c563e57a4b085d847fb4b8f98b5a374c03516e96b7b8b1e0,2026-09-19,21,2026-09-20,index_models-1,
https://www.onsemi.com/download/models/mod/ncs2191x%20spice%20model.mod,,,downloaded,6824,1ec01a8cab2acf02477e9169eb0a33daa0176c4a33116a7428e13c8a51f62eac,2026-09-19,17,2026-09-20,index_models-1,
https://www.onsemi.com/download/models/mod/ncs2250%20spice%20model.mod,,,downloaded,4923,a5beac785b071882252cd406031c2d5758643631c2567bbe94ceb504cfdfee0f,2026-09-19,14,2026-09-20,index_models-1,
https://www.onsemi.com/download/models/mod/ncs2252%20spice%20model.mod,,,downloaded,4871,b85b36b06bb5007570e9f77750ed26c2163735c518c91cbcef0e7b1ee2c10be3,2026-09-19,14,2026-09-20,index_models-1,
https://www.onsemi.com/download/models/mod/ncs333%20spice%20model.mod,,,downloaded,6910,ea23f7e6e9057193ea43d3e34cad047bf5399e30418f7e5c172fc9a4babfeda5,2026-09-19,17,2026-09-20,index_models-1,
https://www.onsemi.com/download/models/mod/ndc7001c.mod,,,downloaded,2418,1e4066958f79dd7fb25d30b36c36353c63933b24360be81a2a967a874801f6a8,2026-09-19,14,2026-09-20,index_models-1,
https://www.onsemi.com/download/models/mod/ndc7002n.mod,,,downloaded,2507,eb57f75938368d80a96d8aadfbe451b2bdda553815d28adaf580f164284f574d,2026-09-19,7,2026-09-20,index_models-1,
https://www.onsemi.com/download/models/mod/ndc7003p.mod,,,downloaded,1169,d9bc5113612615b8a933994eec877b09394f69cb08b565dd18c6457106fc0cff,2026-09-19,7,2026-09-20,index_models-1,
https://www.onsemi.com/download/models/mod/ndp6030pl.mod,,,downloaded,1206,a00cdb55f4d8fe3204e25c219a68b7ece47fbafc0afa934f8fed6cc7596c11b3,2026-09-19,7,2026-09-20,index_models-1,
https://www.onsemi.com/download/models/mod/nds0605.mod,,,downloaded,1160,608ea911e4c622b2ae231083e108c1678b5200d6e8f870622d62d61f4b9befef,2026-09-19,7,2026-09-20,index_models-1,
https://www.onsemi.com/download/models/mod/nds0610.mod,,,downloaded,1172,ec5f2c64107d48a72fd7314abb2a432b880c2d9d90557c3a050b2570814a41cf,2026-09-19,7,2026-09-20,index_models-1,
https://www.onsemi.com/download/models/mod/nds331n.mod,,,downloaded,985,9da0c47bebfa385b2ec317b9e2f3dea22b856fe452a0ab11b158b0fafe66f738,2026-09-19,6,2026-09-20,index_models-1,
https://www.onsemi.com/download/models/mod/nds332p.mod,,,downloaded,1871,9bbb66eb8bbe36e288471a11b91e09634582d19d795f422d20be556394949631,2026-09-19,7,2026-09-20,index_models-1,
https://www.onsemi.com/download/models/mod/nds351an.mod,,,downloaded,1159,86b95a653c8ccf635f12077ee621fbb52dc0048eac7586cb3f1d4142e77c4248,2026-09-19,7,2026-09-20,index_models-1,
https://www.onsemi.com/download/models/mod/nds355an.mod,,,downloaded,1147,250f73c8273440b2c0c0289a6efdaa8abe43ed4124eba5fee9342b98de61879b,2026-09-19,7,2026-09-20,index_models-1,
https://www.onsemi.com/download/models/mod/nds355n.mod,,,downloaded,1142,bb2164157ae0b28d2b8dfaee5ecfa7c0dae27016395ac9f2f0abb9e1f85d5b24,2026-09-19,7,2026-09-20,index_models-1,
https://www.onsemi.com/download/models/mod/nds356ap.mod,,,downloaded,710,83a3860e65cebb0889ea4cb5278a8b552395b6b6955c08cdab3f643bc9252253,2026-09-19,6,2026-09-20,index_models-1,
https://www.onsemi.com/download/models/mod/nds8410a.mod,,,downloaded,1172,1eb04ad950beaeb60336a41c16742f8b26f99e3806954e92248815dd718b26f0,2026-09-19,7,2026-09-20,index_models-1,
https://www.onsemi.com/download/models/mod/nds8425.mod,,,downloaded,1142,ac8ad5c0f85f739785acb265d85e01a3ee45f0fcd2484066700970131bf33882,2026-09-19,7,2026-09-20,index_models-1,
https://www.onsemi.com/download/models/mod/nds8434.mod,,,downloaded,1151,ba79527f1926a061b8f076b8bbec11d70adc9efc708bf1b588c91931b80061cf,2026-09-19,7,2026-09-20,index_models-1,
https://www.onsemi.com/download/models/mod/nds8435a.mod,,,downloaded,1158,0dd22e5743a3c2c629ba63572968cf64e670921bd338c43d629f9d14c9d65f68,2026-09-19,7,2026-09-20,index_models-1,
https://www.onsemi.com/download/models/mod/nds8858h.mod,,,downloaded,2419,79742ae6315ca58c8a5360ed6caecb7eb99557bc813e4e9b5e22a849edb5c0de,2026-09-19,14,2026-09-20,index_models-1,
https://www.onsemi.com/download/models/mod/nds8936.mod,,,downloaded,1148,24c39d13070f2d7ae86fa3aa01f130664dbc670a1988b0663c8405657b77b073,2026-09-19,7,2026-09-20,index_models-1,
https://www.onsemi.com/download/models/mod/nds8947.mod,,,downloaded,1147,75fad06cd8de1c22958452ed99d3a793e7fc126e793f908e072e592f3a68b0ff,2026-09-19,7,2026-09-20,index_models-1,
https://www.onsemi.com/download/models/mod/nds9407.mod,,,downloaded,1142,41831379d90f51a656527fc8ab5bf0338244345867aa4c4f60645f3f3255c78f,2026-09-19,7,2026-09-20,index_models-1,
https://www.onsemi.com/download/models/mod/nds9430.mod,,,downloaded,1146,e6cd05f7283d833632cc9a5ec211d48430d57c7724b387a066c420743e4f19fa,2026-09-19,7,2026-09-20,index_models-1,
https://www.onsemi.com/download/models/mod/nds9435a.mod,,,downloaded,1147,744b383cde10b30a1b0f4eaa8b9d6b42f95cb7da654e6b772a5c95210b795d80,2026-09-19,7,2026-09-20,index_models-1,
https://www.onsemi.com/download/models/mod/nds9948.mod,,,downloaded,2101,c8aae856044aa7db02ad7670695a10572878a40afbc95094e365caba3c1c3ee6,2026-09-19,7,2026-09-20,index_models-1,
https://www.onsemi.com/download/models/mod/nds9952a.mod,,,downloaded,3017,97d645139b59049bf5edf1c0477c300352535e4058f9ae07ecac7533584724fe,2026-09-19,13,2026-09-20,index_models-1,
https://www.onsemi.com/download/models/mod/nds9956a.mod,,,downloaded,1150,51a510c50dbe8c38ccfa548da8a06e70de020db1656ef4b79756b5e0a70d1744,2026-09-19,7,2026-09-20,index_models-1,
https://www.onsemi.com/download/models/mod/nds9959.mod,,,downloaded,1142,4a644dc3cff273d4545388483196186d994b3564d3430d6c710875b23dc1b50d,2026-09-19,7,2026-09-20,index_models-1,
https://www.onsemi.com/download/models/mod/ndt014.mod,,,downloaded,2046,4520cf793d8352db18cc17c3d9d8548c1841b30acceecf84d56882cd44c8ab22,2026-09-19,7,2026-09-20,index_models-1,
https://www.onsemi.com/download/models/mod/ndt014l.mod,,,downloaded,2049,12e527b5dc95db9a9c65d30fad87e8a24586b69f949f0f48d4acaad39ae773f6,2026-09-19,7,2026-09-20,index_models-1,
https://www.onsemi.com/download/models/mod/ndt2955.mod,,,downloaded,1149,7071b517753b83ca5d196ac3f6b57887b68f788d02543a7cb317888e85b8e1ca,2026-09-19,7,2026-09-20,index_models-1,
https://www.onsemi.com/download/models/mod/ndt3055.mod,,,downloaded,1138,bc321f3e8b01560b797a26fc21a403d2aa654681dd0795641fdd71e3fca02f73,2026-09-19,7,2026-09-20,index_models-1,
https://www.onsemi.com/download/models/mod/ndt452ap.mod,,,downloaded,1151,3437bba52b54bcbcca885877da449af4b186d0d4e62453dafe2b8879a0c9c6f5,2026-09-19,7,2026-09-20,index_models-1,
https://www.onsemi.com/download/models/mod/ndt454p.mod,,,downloaded,2178,73b424be29b5bd22f927c471ad47f37588a413c603a1a17dc1c9ca222c024f8e,2026-09-19,7,2026-09-20,index_models-1,
https://www.onsemi.com/download/models/mod/pn2369.mod,,,downloaded,400,5a63155b6b54f12bd51f6411e577b1614bd085fa13713a036ce2af255c369b11,2026-09-19,1,2026-09-20,index_models-1,
https://www.onsemi.com/download/models/mod/pn2369a.mod,,,downloaded,400,774f38a9b8c4de714c7822770c3721cc1fa8c34261ee9e12ecb7cbfba33fafcd,2026-09-19,1,2026-09-20,index_models-1,
https://www.onsemi.com/download/models/mod/pn2484.mod,,,downloaded,407,65889b959153678a5f1f25ace1b33d84377385788e9387e2979b7d037283d5d3,2026-09-19,1,2026-09-20,index_models-1,
https://www.onsemi.com/download/models/mod/pn2907.mod,,,downloaded,411,c1cc52b4358306521d71638784edd7d077fa99525092e7e3d3b5bb0329c487a0,2026-09-19,1,2026-09-20,index_models-1,
https://www.onsemi.com/download/models/mod/pn3565.mod,,,downloaded,407,18f334120a7043dac4a1136bdeebf3871823cf002ebf10c4f796676f9d24ccd9,2026-09-19,1,2026-09-20,index_models-1,
https://www.onsemi.com/download/models/mod/pn3638a.mod,,,downloaded,411,56b663eb627c690b1ef72d8cfd7e8e752fe89f1463a927366861d5a7865afba7,2026-09-19,1,2026-09-20,index_models-1,
https://www.onsemi.com/download/models/mod/pn3640.mod,,,downloaded,395,c3b248a7a60a78a429b19ba4f84187e602984da7ba08bb79bac0f89a29969b30,2026-09-19,1,2026-09-20,index_models-1,
https://www.onsemi.com/download/models/mod/pn3642.mod,,,downloaded,403,2fb7fdda2c51c8d699a12131696d43f08b28a6e70484a40949a1ab21e0b44c1a,2026-09-19,1,2026-09-20,index_models-1,
https://www.onsemi.com/download/models/mod/pn3643.mod,,,downloaded,403,128d86f2a5f66919f65f7118fb009be4f4365d23578df5276ad43e1afba3ee4d,2026-09-19,1,2026-09-20,index_models-1,
https://www.onsemi.com/download/models/mod/pn3644.mod,,,downloaded,411,ec1a27144a9a0bc62cf789dc1f4acbb6e75dcc50753bd6b504878afa6241719b,2026-09-19,1,2026-09-20,index_models-1,
https://www.onsemi.com/download/models/mod/pn3645.mod,,,downloaded,411,38251ea75ab181c6d4a86f450a6e105e414c64ae999e612d55b176bd5776c4c5,2026-09-19,1,2026-09-20,index_models-1,
https://www.onsemi.com/download/models/mod/pn3646.mod,,,downloaded,403,f85be2003bd32be9a98aeb89a1c49cada2d6bb28a014b3a15db2e57b5c60e12e,2026-09-19,1,2026-09-20,index_models-1,
https://www.onsemi.com/download/models/mod/pn4249.mod,,,downloaded,400,268792d8d2d5fe0b4ca0408f1b5f71be074d4690b648858e77fb404471023b12,2026-09-19,1,2026-09-20,index_models-1,
https://www.onsemi.com/download/models/mod/pn4250.mod,,,downloaded,399,0cb71cd8d62591ae562eb1d98441dc7b04b53f96db21b2be7fa4ce16252397b1,2026-09-19,1,2026-09-20,index_models-1,
https://www.onsemi.com/download/models/mod/pn4250a.mod,,,downloaded,399,cbbbbf6c5ecc7cea64fb97673a63f14ae036d0eb8f5e7625b1badcd7508403d8,2026-09-19,1,2026-09-20,index_models-1,
https://www.onsemi.com/download/models/mod/pn4275.mod,,,downloaded,400,7c1abd400b68a4c5798afd9ba09098b76f5b243e2eb6c947d9f25d46a5deb8c1,2026-09-19,1,2026-09-20,index_models-1,
https://www.onsemi.com/download/models/mod/pn4917.mod,,,downloaded,393,6118bfb74911db1cb9b58f8746dfc20d6e869bd5e5890edf5c406dc73078392b,2026-09-19,1,2026-09-20,index_models-1,
https://www.onsemi.com/download/models/mod/pn5134.mod,,,downloaded,400,d79f6c1eab88c940c10f513064224b36d916d830234fbf147223640448cf20e8,2026-09-19,1,2026-09-20,index_models-1,
https://www.onsemi.com/download/models/mod/prna.mod,,,downloaded,408,b04c3809f45ae022d5ef20f09dbcf8b1bcb1a2fc360cbca17a1e4456c70ccb68,2026-09-19,1,2026-09-20,index_models-1,
https://www.onsemi.com/download/models/mod/rfd14n05.mod,,,downloaded,3950,825b5e5cbcabcb63370535650aba866f820a18e548fec45fa3f026a47c268308,2026-09-19,26,2026-09-20,index_models-1,
https://www.onsemi.com/download/models/mod/rfd16n05.mod,,,downloaded,2001,2b32d009b4248ea72f9238831999c7e90161f25f86543b40f79bfaf7e0063507,2026-09-19,13,2026-09-20,index_models-1,
https://www.onsemi.com/download/models/mod/rfd16n05l.mod,,,downloaded,1825,559686dba2ddaedf28611453d26f7d2e931a305d4e0d2d85aa9122488ceb69e6,2026-09-19,12,2026-09-20,index_models-1,
https://www.onsemi.com/download/models/mod/rs1b.mod,,,downloaded,303,318c7e5b6b1ecf348eebe289506dc629939d8dbd328167c4d414d6a153e385b2,2026-09-19,1,2026-09-20,index_models-1,
https://www.onsemi.com/download/models/mod/s310.mod,,,downloaded,309,bda744d5c5508d3df4babe9fbd8ad67f9025626d5411d6ce6bf1af50f676848a,2026-09-19,1,2026-09-20,index_models-1,
https://www.onsemi.com/download/models/mod/si3443dv.mod,,,downloaded,1149,39d2924e4544ba2434d56a730a67b619796d1fdf1c6910e549e502659ccfb311,2026-09-19,7,2026-09-20,index_models-1,
https://www.onsemi.com/download/models/mod/si3457dv.mod,,,downloaded,1147,f4c08e95ec13fc6b47d2e3b89fb44d710c58663fa3899f280b4b464100d3e939,2026-09-19,7,2026-09-20,index_models-1,
https://www.onsemi.com/download/models/mod/thnpt4.mod,,,downloaded,606,2caadf9eb3cea533fb6ecedfcaf65e98e0be6f47b5d4e336f2a40666d84ae9b7,2026-09-19,1,2026-09-20,index_models-1,
https://www.onsemi.com/download/models/mod/tis97.mod,,,downloaded,400,8802f4b66a8150ee38cff9c5a56f6e45340aaf9163ddfc16193772b1e279fbaa,2026-09-19,1,2026-09-20,index_models-1,
https://www.onsemi.com/download/models/mod/tlv271%20spice%20model.mod,,,downloaded,7090,03ab481de8e4a3ded21580ecfd24c315236a84e21839eea70c3102d78729fe70,2026-09-19,18,2026-09-20,index_models-1,
https://www.onsemi.com/download/models/mod/tn2219a.mod,,,downloaded,404,d766a231c84de51d3783885bed48451e662d9caec0ba9886c5d52ad2a8dc07de,2026-09-19,1,2026-09-20,index_models-1,
https://www.onsemi.com/download/models/sp3/1.5smc6.8a.sp3,,,downloaded,970,92ced904db10bef6fdde131e355021e814b0cee8a3ef739c13a01a44d3004516,2026-09-19,5,2026-09-20,index_models-1,
https://www.onsemi.com/download/models/sp3/1.5smc91a.sp3,,,downloaded,975,63a5a04c96fa081c4dd01121c7aed0ef266c52f05142d79e84d8c89c6057a8b0,2026-09-19,5,2026-09-20,index_models-1,
https://www.onsemi.com/download/models/sp3/1n4683.sp3,,,downloaded,1198,0878a8694191f7ce3873172c2084480fc1d584932f28a5965d1df7ad7373ef0b,2026-09-19,6,2026-09-20,index_models-1,
https://www.onsemi.com/download/models/sp3/1n4684.sp3,,,downloaded,1164,350d4abd409660f7376b785be6981685c6bfac7df5cebb243f2d864021a2efca,2026-09-19,6,2026-09-20,index_models-1,
https://www.onsemi.com/download/models/sp3/1n4750a.sp3,,,downloaded,1200,f44dd63077838ee47034697b6a5e41179af65c6b826586005eb024bc34e76685,2026-09-19,6,2026-09-20,index_models-1,
https://www.onsemi.com/download/models/sp3/1n4763a.sp3,,,downloaded,1193,45ab00fff29c0ab2a5e0873901086a4aaea5936eac2e8129445e7997a6cf94b2,2026-09-19,6,2026-09-20,index_models-1,
https://www.onsemi.com/download/models/sp3/1sma12cat3.sp3,,,downloaded,1081,e826859340d7ea31961b606abd162c4a27a293c77f3e83bfef7a550369e33b10,2026-09-19,6,2026-09-20,index_models-1,
https://www.onsemi.com/download/models/sp3/1sma40cat3g.sp3,,,downloaded,1073,1272c9b27118a29272fe66116594eecd0e6027dceeb77cf0f6c5a93791dd772e,2026-09-19,6,2026-09-20,index_models-1,
https://www.onsemi.com/download/models/sp3/1sma5914bt3g.sp3,,,downloaded,1228,7444849d9fcf53425e3f4b28d44a135aeae44679bc10da961a96985d80ff005d,2026-09-19,6,2026-09-20,index_models-1,
https://www.onsemi.com/download/models/sp3/1smb170at3.sp3,,,downloaded,976,934ba0fca82bb4a0a1712a184f071b4484fee9920de543c80ccef9879fc7316a,2026-09-19,5,2026-09-20,index_models-1,
https://www.onsemi.com/download/models/sp3/1smb5918bt3.sp3,,,downloaded,1206,7b74a07a5ea6ffed0a4424b70018e092e9167dd41fae7d9f5f2779156626c35c,2026-09-19,6,2026-09-20,index_models-1,
https://www.onsemi.com/download/models/sp3/1ss400t1.sp3.sp3,,,downloaded,668,e7edd708cfa87e26e45965ca4f0d46f323a43df775a7d836c991a52e2bb96221,2026-09-19,1,2026-09-20,index_models-1,
https://www.onsemi.com/download/models/sp3/2n6109.sp3,,,downloaded,978,158f567a7b8d7dc2bdcc0b32b37dfa157e1893eadcad48adcf67621ffe1470e0,2026-09-19,1,2026-09-20,index_models-1,
https://www.onsemi.com/download/models/sp3/2n6286.sp3,,,downloaded,1747,a4ba5d0e07faa11dc81787dc1680f234eca3aaeb4d28a6d94d380acbbb2f7b84,2026-09-19,4,2026-09-20,index_models-1,
https://www.onsemi.com/download/models/sp3/2n6287.sp3,,,downloaded,1747,472c54958ddc72153c4b0158719fa5e99b42f58f91553e547a51360b24c7586e,2026-09-19,4,2026-09-20,index_models-1,
https://www.onsemi.com/download/models/sp3/2sa2039%20sp3.sp3,,,downloaded,995,ca4716c7d2829085d557c1a4222df5f277d7b0a30ee62f99b207de3effdf6ba6,2026-09-19,1,2026-09-20,index_models-1,
https://www.onsemi.com/download/models/sp3/2sa5658m3t5g.sp3,,,downloaded,978,cf0ebcd14f46fe1c4946dabcacd157317970fa80e3446ab1bcbad72a05df7ee2,2026-09-19,1,2026-09-20,index_models-1,
https://www.onsemi.com/download/models/sp3/bas116lt%20pspice%20model%20sp3%20file.sp3,,,downloaded,665,ee36e733860ee12319382ec5f5b1b21df5fe7b37b83c87c3533be795be06fe1f,2026-09-19,1,2026-09-20,index_models-1,
https://www.onsemi.com/download/models/sp3/bas16lt1g.sp3,,,downloaded,675,d6e78e3f81363ec64d4093d9260aa394a9d4537b3210912be355b1d8f2a8ab32,2026-09-19,1,2026-09-20,index_models-1,
https://www.onsemi.com/download/models/sp3/bas16m3.sp3,,,downloaded,671,4027e9d94aa51810b8e174bfa8c1c9a5bf0f50da2708aaab1e3d8991e1b45eea,2026-09-19,1,2026-09-20,index_models-1,
https://www.onsemi.com/download/models/sp3/bas20ht1g.sp3.sp3,,,downloaded,667,0fb743b543aedf2a93cdd7bd125b3031541731cc72c3f76a2fa3cc4fe47f6b32,2026-09-19,1,2026-09-20,index_models-1,
https://www.onsemi.com/download/models/sp3/bas21ht1g_rev0.sp3.sp3,,,downloaded,669,670c165a6a45edaf2e585a6fde49df7fae26c66416df598e6dda4d526aed8a4e,2026-09-19,1,2026-09-20,index_models-1,
https://www.onsemi.com/download/models/sp3/bas21tmr6_rev0.sp3.sp3,,,downloaded,669,856218644fc4b6a327d8bfd7b8f21faa0b5070060e07c7c94bc193187e1560d8,2026-09-19,1,2026-09-20,index_models-1,
https://www.onsemi.com/download/models/sp3/bas70-04lt1g.sp3,,,downloaded,672,64dfd75bd7eff4f06ebe374da376f682730ba55a12607a7037b4fd11e40bba6e,2026-09-19,1,2026-09-20,index_models-1,
https://www.onsemi.com/download/models/sp3/bash21lt1g.sp3,,,downloaded,676,f36d391189cf0f08078511a722b84561769b3f57d8f6a394b592c70ff7c16420,2026-09-19,1,2026-09-20,index_models-1,
https://www.onsemi.com/download/models/sp3/bat54lt1g_rev0.sp3.sp3,,,downloaded,666,fa63e12cd333705b9a9487c67f5715a86a158bd0c5f9467468f800b2a7f6627b,2026-09-19,1,2026-09-20,index_models-1,
https://www.onsemi.com/download/models/sp3/bat54m3t5g.sp3,,,downloaded,674,f6acde9060768748300bc32b62b4976b2f03a9d28e1597cb9f19ecb533cfc617,2026-09-19,1,2026-09-20,index_models-1,
https://www.onsemi.com/download/models/sp3/baw56m3t5g.sp3,,,downloaded,672,61bc363cb10304df3b9a75af64d7422507ac44a35c93778de1ea183957382ed2,2026-09-19,1,2026-09-20,index_models-1,
https://www.onsemi.com/download/models/sp3/bc547b%20sp3.sp3,,,downloaded,961,387ff056e251c627228c42964b6729cf7b06ec380e998adbb2fd0d1838fd1ee7,2026-09-19,1,2026-09-20,index_models-1,
https://www.onsemi.com/download/models/sp3/bc557b.sp3,,,downloaded,962,5af1ca08876e82787f2568edc6b44703e851e631fa7bbe658bb5d21ece048dad,2026-09-19,1,2026-09-20,index_models-1,
https://www.onsemi.com/download/models/sp3/bc807-25l_sp3.sp3,,,downloaded,1007,e774f1ef7b95cd91c7b9251b168bd59e2c557d638fd2aa0143a0f6c09119266f,2026-09-19,1,2026-09-20,index_models-1,
https://www.onsemi.com/download/models/sp3/bc807-40l_sp3.sp3,,,downloaded,1013,34816ca01ef2bb355c4967687433e0da30a7f08199c5a436146f8542569ec47b,2026-09-19,1,2026-09-20,index_models-1,
https://www.onsemi.com/download/models/sp3/bc846alt1g%20sp3%20file.sp3,,,downloaded,983,5b511a43feba55a0ce3292049cf35fb376baed30a8c8f8e1aa83f885c413fe24,2026-09-19,1,2026-09-20,index_models-1,
https://www.onsemi.com/download/models/sp3/bc846bm3t5g.sp3.sp3,,,downloaded,963,df67563c40837157fecaf383aa94084a75c00120a042845b19b4ce6610ac0e56,2026-09-19,1,2026-09-20,index_models-1,
https://www.onsemi.com/download/models/sp3/bc847bl.sp3.sp3,,,downloaded,985,1f41202d37dec851a82617c9b2e4e7141c59ac52d4d442cd8b4156bfbe2001cc,2026-09-19,1,2026-09-20,index_models-1,
https://www.onsemi.com/download/models/sp3/bc856alt1g%20sp3.sp3,,,downloaded,980,cc524aab5f6c28e03a450f911b9d0749a3d1f35f6077d4c48c4f3877fe105aa0,2026-09-19,1,2026-09-20,index_models-1,
https://www.onsemi.com/download/models/sp3/bc856bl.sp3,,,downloaded,965,abe386f3e256355a3b92f683d9839f97a4719a3c70648f17f904d1426a2bce63,2026-09-19,1,2026-09-20,index_models-1,
https://www.onsemi.com/download/models/sp3/bc856bwt1.sp3,,,downloaded,949,dc22a9d6829da1b1ac0afd3f133bf2d4c77cb029c36ea1a8a9bd585f317e2d00,2026-09-19,1,2026-09-20,index_models-1,
https://www.onsemi.com/download/models/sp3/bc858cdxv6t1g_rev0.sp3.sp3,,,downloaded,966,38f1dd4b92301bf86eddbd2fbc43b83b1e41f2d092e7c44befb6fbd0dba37a4f,2026-09-19,1,2026-09-20,index_models-1,
https://www.onsemi.com/download/models/sp3/bc858clt1g_rev0.sp3.sp3,,,downloaded,963,67723fa5a89b525b984f107e7ebd1f5ffcb33ae98f970b42d9c91d9f2f2f2ea5,2026-09-19,1,2026-09-20,index_models-1,
https://www.onsemi.com/download/models/sp3/bcp53-16.sp3.sp3,,,downloaded,973,5aa33787960b6f6d71be62180bba8d7c625e6bdf23121bfc46e6d09431f5ce6f,2026-09-19,1,2026-09-20,index_models-1,
https://www.onsemi.com/download/models/sp3/bcp56-16t1g.sp3.sp3,,,downloaded,956,9ae805257f06a80bf1391a6c1a80e864ab66cf6784ba07fc488c4fd2c5b2cca0,2026-09-19,1,2026-09-20,index_models-1,
https://www.onsemi.com/download/models/sp3/bcw30lt.sp3,,,downloaded,969,48de5ad65f22bdfbf39b396820cac8ec33e8d82da7d57fef594cb412a113a037,2026-09-19,1,2026-09-20,index_models-1,
https://www.onsemi.com/download/models/sp3/bcw66glt1g.sp3.sp3,,,downloaded,978,3aaf1464eb43753aabdf2715ad1bb4a2771ad51bc721f7d6933567fa550146a2,2026-09-19,1,2026-09-20,index_models-1,
https://www.onsemi.com/download/models/sp3/bsp52_sp3.sp3,,,downloaded,1796,49867730539b29d6ac3974e8ad1f144afa42ebc1e725bc21ef4533aa6b03847c,2026-09-19,4,2026-09-20,index_models-1,
https://www.onsemi.com/download/models/sp3/bzx84b5v1l.sp3.sp3,,,downloaded,1201,8c1497f754474f267c83c9cd366b1c40874aa47e0fa0cc52489eb635cd106b7a,2026-09-19,6,2026-09-20,index_models-1,
https://www.onsemi.com/download/models/sp3/bzx84c33lt1.sp3,,,downloaded,1200,31e9e95e22be58f16375240a565aced6559a19d1cf5ad3f7b4d31ad48211114e,2026-09-19,6,2026-09-20,index_models-1,
https://www.onsemi.com/download/models/sp3/bzx84c3v9lt1g.sp3,,,downloaded,1226,cc702ce382069821e22f86278bbce8b7cb13711a513b2fe7770fe92c28320c16,2026-09-19,6,2026-09-20,index_models-1,
https://www.onsemi.com/download/models/sp3/bzx84c5v1l.sp3.sp3,,,downloaded,1201,802e4ab43829f96d91b005c10a0b1d48b1b5d0ffdc9a201ad386ffbc2c4f3a36,2026-09-19,6,2026-09-20,index_models-1,
https://www.onsemi.com/download/models/sp3/df6a6.8fut1g.sp3,,,downloaded,966,4561f1cb1d74aa29b4478862a6559fa489eaf076d3cada7e4b8597ce96a01821,2026-09-19,5,2026-09-20,index_models-1,
https://www.onsemi.com/download/models/sp3/dta114em3t5g.rev0.sp3,,,downloaded,1036,8388a70ddaf895df7e18064f9fac538da5745ded8a797a71eff8517051060306,2026-09-19,2,2026-09-20,index_models-1,
https://www.onsemi.com/download/models/sp3/dtc113em3.sp3,,,downloaded,1006,db0bc40855a3e524a746f53089d96da8475621b36bdc1a53f56360385419f5ce,2026-09-19,2,2026-09-20,index_models-1,
https://www.onsemi.com/download/models/sp3/dtc114em3t5g.rev0.sp3,,,downloaded,1043,15ad22a17e0376f31dcf1043ffc8d922df3bfbbabd28554000070668a18f7fa3,2026-09-19,2,2026-09-20,index_models-1,
https://www.onsemi.com/download/models/sp3/dtc144erlra.sp3,,,downloaded,1017,2f3002540641ce1a97ce55ad9b559e48dfadd1d7261b4ad440b8bb5160ebe65c,2026-09-19,2,2026-09-20,index_models-1,
https://www.onsemi.com/download/models/sp3/dtc144te.sp3,,,downloaded,991,31b49f322c43513bb0a413455fd2b1602695e7fc670d71787449d697c2dff51c,2026-09-19,2,2026-09-20,index_models-1,
https://www.onsemi.com/download/models/sp3/ech8690-spice-d.sp3,,,downloaded,3926,8157c8a40f3da5993504af048452848b87ac58e3cdb98701a1554fe146c07175,2026-09-19,13,2026-09-20,index_models-1,
https://www.onsemi.com/download/models/sp3/emc5dxv5t1.rev2.sp3,,,downloaded,1933,9520057ec93ccceec9d224b943dd417be9cb9c29988de45b81a04bc6cc278de9,2026-09-19,5,2026-09-20,index_models-1,
https://www.onsemi.com/download/models/sp3/esd5371%20spice3.sp3,,,downloaded,1076,3cc1ce65c24ceb2c0b6b6adfe95b082d3936236badd5216e100d2fbe0a3c323a,2026-09-19,6,2026-09-20,index_models-1,
https://www.onsemi.com/download/models/sp3/esd5581mx.sp3.sp3,,,downloaded,1076,dd76ed6392dccd197c6b9f90a0ebaf80523746220a329bf3427fad7200a90e1e,2026-09-19,6,2026-09-20,index_models-1,
https://www.onsemi.com/download/models/sp3/esd7008mutag.sp3,,,downloaded,994,dde4c9e012634c3a72c30ac6e900fada9b09af10308a43072f42dc59c96b9984,2026-09-19,5,2026-09-20,index_models-1,
https://www.onsemi.com/download/models/sp3/esd7104mutag.sp3,,,downloaded,995,3711d019aa080031d95846cfa2890f796c54587089523815935f834db66f56bb,2026-09-19,5,2026-09-20,index_models-1,
https://www.onsemi.com/download/models/sp3/esd7181.sp3.sp3,,,downloaded,1046,87e5039300a211a3bb91ba6ebec52f498da1efb82bc69a663e56a112b33653b8,2026-09-19,6,2026-09-20,index_models-1,
https://www.onsemi.com/download/models/sp3/esd7361ht1g.sp3.sp3,,,downloaded,987,e89c61d720e7d64ffcc5961eccba584b1329ca2b769fd99552468f2a4c1f6691,2026-09-19,5,2026-09-20,index_models-1,
https://www.onsemi.com/download/models/sp3/esd7371ht1g.sp3.sp3,,,downloaded,989,c64877115ccb548f9ffa72811d41a4fae830040bc6e69f758b66f3f09b93099a,2026-09-19,5,2026-09-20,index_models-1,
https://www.onsemi.com/download/models/sp3/esd7410.sp3.sp3,,,downloaded,1073,07a1fd18dbf602b17aa0e224ea84b612a04c4d46feaf7ac0a4b39e8e484cbed3,2026-09-19,6,2026-09-20,index_models-1,
https://www.onsemi.com/download/models/sp3/esd7462.sp3.sp3,,,downloaded,1081,f247b1fb75c11554cfefd3d3f7b0a68d61a9c05d4e9e9089cb4cbad2397ded8a,2026-09-19,6,2026-09-20,index_models-1,
https://www.onsemi.com/download/models/sp3/esd7951st5g-sp3.sp3,,,downloaded,1111,cc80969637a4c595b18fb6b2b6e164801908d4eb15c616e42f04b961fa0ccf61,2026-09-19,6,2026-09-20,index_models-1,
https://www.onsemi.com/download/models/sp3/esd8351ht1g.sp3.sp3,,,downloaded,988,d9e687e2a416fba30913250e091a5e4e0e43ff10419f4660b81dc1cdb0416601,2026-09-19,5,2026-09-20,index_models-1,
https://www.onsemi.com/download/models/sp3/esd8472mut5g%20spice%20model%20sp3.sp3,,,downloaded,1074,d77fece153ea56102742dc3d5d246958bbb90f7721f512ec1cb2c6bef06646d0,2026-09-19,6,2026-09-20,index_models-1,
https://www.onsemi.com/download/models/sp3/esd9x3.3st5g.sp3,,,downloaded,990,418b8899b1fcf6a694bc801dc02140a4bbb04b53473da359290682ba105fb066,2026-09-19,5,2026-09-20,index_models-1,
https://www.onsemi.com/download/models/sp3/esdl2011_spicemodel.sp3,,,downloaded,1068,e0e3afb209a00887e6636c52c54158829c14f62a92d7d60e96cb321799df15ee,2026-09-19,6,2026-09-20,index_models-1,
https://www.onsemi.com/download/models/sp3/esdl4151_spice_model_sp3.sp3,,,downloaded,1076,756422aa8cbedaf9b1b90ce06aa25b50a5330ca63b23842121d713bec78296ee,2026-09-19,6,2026-09-20,index_models-1,
https://www.onsemi.com/download/models/sp3/esdm1132%20dc%20model%20sp3.sp3,,,downloaded,989,cd8ed410ff41a2c83a388fb11c4c6842d417d833813a62fa437236da079520e7,2026-09-19,6,2026-09-20,index_models-1,
https://www.onsemi.com/download/models/sp3/esdm2032%20sp3.sp3,,,downloaded,1076,31c71af4bfb738ce1eed0667453fd2c84f23f67fa66686c2c1c3024acedb14f4,2026-09-19,6,2026-09-20,index_models-1,
https://www.onsemi.com/download/models/sp3/esdm2033%20spice%20model%20sp3.sp3,,,downloaded,1074,c0e66b6ddb416adc1f9ee9c7a1439a3a98b56a27f4393a8e314132c78dbdd6a3,2026-09-19,6,2026-09-20,index_models-1,
https://www.onsemi.com/download/models/sp3/esdm3031mxt5g%20sp3.sp3,,,downloaded,1077,78bf2f46b7383647be3da5d334fcddd344691fc283253d8360b488b0d59109af,2026-09-19,6,2026-09-20,index_models-1,
https://www.onsemi.com/download/models/sp3/esdm3033mxt5g%20sp3.sp3,,,downloaded,1084,597957a18743912544bafb35a877c206578c89809cb3067580cfc10df61d47d3,2026-09-19,6,2026-09-20,index_models-1,
https://www.onsemi.com/download/models/sp3/esdm3051mxt5g%20sp3.sp3,,,downloaded,1084,597957a18743912544bafb35a877c206578c89809cb3067580cfc10df61d47d3,2026-09-19,6,2026-09-20,index_models-1,
https://www.onsemi.com/download/models/sp3/esdr0524p%20sp3.sp3,,,downloaded,2585,d219e834c3425095ff6bb96c1e727ec248b008840e6cf15a8518f053d0ea8434,2026-09-19,7,2026-09-20,index_models-1,
https://www.onsemi.com/download/models/sp3/hn1b01fdw1.sp3.sp3,,,downloaded,2332,7b50a5c7e909597a5dd64219be06facedf9d4d87b3f407370f8d66c604a0f9a0,2026-09-19,3,2026-09-20,index_models-1,
https://www.onsemi.com/download/models/sp3/lc03-6r2g.sp3,,,downloaded,3075,7760ac9c9f8d6007b0ede9a10980b649160211f52a472f65149c160de4982e43,2026-09-19,8,2026-09-20,index_models-1,
https://www.onsemi.com/download/models/sp3/mbr1035.sp3,,,downloaded,658,8f150349e0d247d32070795bb5d509483d50f0a20974c556303d067efdf2d283,2026-09-19,1,2026-09-20,index_models-1,
https://www.onsemi.com/download/models/sp3/mbr10h100ct.sp3,,,downloaded,659,3f6b44c03c14ad222b6df07d31735a6f4c36196924d3dd00069bf6fdb1cd00dc,2026-09-19,1,2026-09-20,index_models-1,
https://www.onsemi.com/download/models/sp3/mbr1h100sft3g%20spice3%20model.sp3,,,downloaded,660,c668982fdbf57352833501ea9059923740c44c11bab0980817b9d4707798bedb,2026-09-19,1,2026-09-20,index_models-1,
https://www.onsemi.com/download/models/sp3/mbr20l45ctg.sp3,,,downloaded,656,425906a5e53e473ff579af1fd2c34f960a495db41d595ddd1e3b00fddfffbece,2026-09-19,1,2026-09-20,index_models-1,
https://www.onsemi.com/download/models/sp3/mbr20l60%20pspice3%20model.sp3,,,downloaded,671,54e09eab84db2ee9c08a79017216798865e5bc47e1f8bc11926a86c2c1452da6,2026-09-19,1,2026-09-20,index_models-1,
https://www.onsemi.com/download/models/sp3/mbr3045st.sp3,,,downloaded,1302,6a776d2b4d1bcecd331bb060ec3632c14604ccf686fc1b8afdae383d40cea139,2026-09-19,2,2026-09-20,index_models-1,
https://www.onsemi.com/download/models/sp3/mbr30h150ctg.sp3,,,downloaded,672,67ab8506cbf71ce69ea612b6625f7bc9b04ed642f828207b3f6c64869922e691,2026-09-19,1,2026-09-20,index_models-1,
https://www.onsemi.com/download/models/sp3/mbr30h80ct%20spice3%20model.sp3,,,downloaded,669,30f9f414604b6fc2e406d8cb0d1d091f2822165a295edb1256286b49062fc8c7,2026-09-19,1,2026-09-20,index_models-1,
https://www.onsemi.com/download/models/sp3/mbr30l60%20pspice3%20model.sp3,,,downloaded,668,5f31ecbb02042efdb2a38e490beae5d448bd78a3230aa3502ff02123b274a3a0,2026-09-19,1,2026-09-20,index_models-1,
https://www.onsemi.com/download/models/sp3/mbr340rl.sp3,,,downloaded,656,9ce1518d7d1f6c050fd80a56617ae320311f93055c7e61c7e30fd9940aa3c40a,2026-09-19,1,2026-09-20,index_models-1,
https://www.onsemi.com/download/models/sp3/mbr460mfs.sp3,,,downloaded,676,8614240983496d86d8709c2d24a3bf945a5f2a632834530a48d5041ef28a5123,2026-09-19,1,2026-09-20,index_models-1,
https://www.onsemi.com/download/models/sp3/mbr60l45ctg.sp3,,,downloaded,643,c4fdd7156701de719df26350de0065dea8144a484386a4ab9ce2b8cc1606d3ee,2026-09-19,1,2026-09-20,index_models-1,
https://www.onsemi.com/download/models/sp3/mbra1h100t3g%20spice3%20model.sp3,,,downloaded,659,9fa45247c8ea9c173a58bcf7efa8cf70ef4b4a9cd37dfb95e3ae49a94345de80,2026-09-19,1,2026-09-20,index_models-1,
https://www.onsemi.com/download/models/sp3/mbra340t3g.sp3.sp3,,,downloaded,664,62eb53aa65cfb2d2bbd5625b6d9bb207b7760e10a23876f2e8a18fad55f027a0,2026-09-19,1,2026-09-20,index_models-1,
https://www.onsemi.com/download/models/sp3/mbrf10h150ctg.sp3,,,downloaded,651,4f07f41229624ce4c12838785ed6a2313c50632848211e38a324db26f145d6d5,2026-09-19,1,2026-09-20,index_models-1,
https://www.onsemi.com/download/models/sp3/mbrf10l60%20pspice3%20model.sp3,,,downloaded,672,d764990b3f2b93d7ec35818f2db2f106979723f0144b1b775c52be8a2dd14157,2026-09-19,1,2026-09-20,index_models-1,
https://www.onsemi.com/download/models/sp3/mbrf20l60%20pspice3%20model.sp3,,,downloaded,672,03955f2e252f0263e8ef5c1acd459bbbb9749e0b55e5298fc8bf0cb13097add5,2026-09-19,1,2026-09-20,index_models-1,
https://www.onsemi.com/download/models/sp3/mbrf20l80ct%20spice3%20model.sp3,,,downloaded,667,0cbe2f6792a978b034fd440faeb33c41aed9713ac12b98ef9cd476ea86d54c76,2026-09-19,1,2026-09-20,index_models-1,
https://www.onsemi.com/download/models/sp3/mbrf2545ct.sp3,,,downloaded,654,d0309ed4ae9f5d2051fc9b0b25acb874d6abd787feefc80d9efe0d44b98be208,2026-09-19,1,2026-09-20,index_models-1,
https://www.onsemi.com/download/models/sp3/mbrm120et3.sp3,,,downloaded,656,a57e9e33198dad1d6da651f0ee212d21c1c0d593806586434236ee6a23886b77,2026-09-19,1,2026-09-20,index_models-1,
https://www.onsemi.com/download/models/sp3/mg2040mutag.sp3.sp3,,,downloaded,1483,87bdec16dce0e2f5274c5886b76e9529829e28030e630d1321edb1af981939a9,2026-09-19,6,2026-09-20,index_models-1,
https://www.onsemi.com/download/models/sp3/mj15025.sp3,,,downloaded,953,c31fe2aac0ed74bddf1b21e9c528a451aced0b24d0750b7fdffac49ed4a54f4a,2026-09-19,1,2026-09-20,index_models-1,
https://www.onsemi.com/download/models/sp3/mjd32t4.sp3,,,downloaded,983,482f326940d64e6501dfe44855fa2a2b8d6dbdacf6f6959085ba79860e6c1fd6,2026-09-19,1,2026-09-20,index_models-1,
https://www.onsemi.com/download/models/sp3/mjd44e3t4.sp3,,,downloaded,1696,2a06c2ec90e0c640a361ad60c3dfa640958524afd84d8beb618f6a11e19871bc,2026-09-19,4,2026-09-20,index_models-1,
https://www.onsemi.com/download/models/sp3/mje13007.sp3,,,downloaded,976,d1dd962c51f05a07c058af32815de229b679c3326fc5d9b7bf1d5fa47077e0c9,2026-09-19,1,2026-09-20,index_models-1,
https://www.onsemi.com/download/models/sp3/mje15032.sp3,,,downloaded,977,78fb522848d2fb2781fb3fa1268e06903f3c081d130ae104f237cdcbe2fdd18c,2026-09-19,1,2026-09-20,index_models-1,
https://www.onsemi.com/download/models/sp3/mje170.sp3,,,downloaded,995,5edeb04a1f0adce86433373b43e9990af490be1311f6d99e057c91d55733b1a2,2026-09-19,1,2026-09-20,index_models-1,
https://www.onsemi.com/download/models/sp3/mje171.sp3,,,downloaded,995,59bdd84978b00c52abbacd1bfa0bceb8d63b92730c41b87aff05f20a68d95fdb,2026-09-19,1,2026-09-20,index_models-1,
https://www.onsemi.com/download/models/sp3/mje18002.sp3,,,downloaded,979,f109209cdab82240d907764a5de48f5b06c73d1882c14f3d4c01fecb75ba5dd7,2026-09-19,1,2026-09-20,index_models-1,
https://www.onsemi.com/download/models/sp3/mje18006.sp3,,,downloaded,969,ff0c9db1be72c3f72579dbc69c6ed7292fe5b83a3a53177e3985222bd41d54f8,2026-09-19,1,2026-09-20,index_models-1,
https://www.onsemi.com/download/models/sp3/mje210.sp3,,,downloaded,999,27bd6774286f769384f17bcbb5e02344d35d2bbafeabb7121f79285145df3f1c,2026-09-19,1,2026-09-20,index_models-1,
https://www.onsemi.com/download/models/sp3/mje270.sp3,,,downloaded,1493,b8e160ab1cd4e3085cf5ac454445e9fc4d7fc819bb559e6a091a3ae53728242e,2026-09-19,4,2026-09-20,index_models-1,
https://www.onsemi.com/download/models/sp3/mje3055t.sp3,,,downloaded,987,e899a30d02cd37466abd46afbfc042019aaa7a75bb486281d6f233340dcaaef2,2026-09-19,1,2026-09-20,index_models-1,
https://www.onsemi.com/download/models/sp3/mje340.sp3,,,downloaded,933,339fee968b60a1cba4af93b897f6c437e307ca68634dca7b8ed9b91f9e7cc028,2026-09-19,1,2026-09-20,index_models-1,
https://www.onsemi.com/download/models/sp3/mje3439.sp3,,,downloaded,950,601dc072c98c85eac017f4eb330d2e1f38ec0c30ac3547355dfb12d2c459a020,2026-09-19,1,2026-09-20,index_models-1,
https://www.onsemi.com/download/models/sp3/mje344.sp3,,,downloaded,970,951baec4a512cdb501f906c87934e58b93b85e13286b4f1eb8b5c4f299e1f48c,2026-09-19,1,2026-09-20,index_models-1,
https://www.onsemi.com/download/models/sp3/mje4343.sp3,,,downloaded,977,604003ac148e898f51f3016964593cfeb8fcb9c1df6cae168c977beff3f99ae4,2026-09-19,1,2026-09-20,index_models-1,
https://www.onsemi.com/download/models/sp3/mje5850.sp3,,,downloaded,931,b077fa42eab87ffb81569d96ec883a6447a949822c194c0fbdd24e0926fef1e4,2026-09-19,1,2026-09-20,index_models-1,
https://www.onsemi.com/download/models/sp3/mjf15030.sp3,,,downloaded,979,5c6b2adff54add8d4addbc206667d8971accd4006b95588bc55a70cd8136ed33,2026-09-19,1,2026-09-20,index_models-1,
https://www.onsemi.com/download/models/sp3/mjf18008.sp3,,,downloaded,968,01e1749b15630087d35d54e228d46733d011c9ddc0a3ca42a31842923cb96e0a,2026-09-19,1,2026-09-20,index_models-1,
https://www.onsemi.com/download/models/sp3/mjf2955.sp3,,,downloaded,986,2d00443df478b811365fbddb6c4f16c87b24bed232f596d9cf0bd4d232d68906,2026-09-19,1,2026-09-20,index_models-1,
https://www.onsemi.com/download/models/sp3/mjf44h11.sp3,,,downloaded,993,14d3f7fa01e76eb51944d831c1f87969f769155f065e23599f217afcbcee5525,2026-09-19,1,2026-09-20,index_models-1,
https://www.onsemi.com/download/models/sp3/mjh11021.sp3,,,downloaded,1687,0d69f16eb79c04c7cd787c464d384766217c70d96c2d5ae8751eebb96723abe3,2026-09-19,4,2026-09-20,index_models-1,
https://www.onsemi.com/download/models/sp3/mjh6287.sp3,,,downloaded,1681,a230b0598c79be5f8f76a2f29d1c200ff2e5df7b33a881e38444aaf338adcea2,2026-09-19,4,2026-09-20,index_models-1,
https://www.onsemi.com/download/models/sp3/mjl0281a.sp3,,,downloaded,977,d5fee67967840bcb3fb59224f45dfb1c9ec001e909b2a8d982a0ca35f3340712,2026-09-19,1,2026-09-20,index_models-1,
https://www.onsemi.com/download/models/sp3/mjl21193.sp3,,,downloaded,975,af4f6af15f9b75a6d1c2c1c9e18b6b2c393e34ccded5a1670e3550ba85f9e552,2026-09-19,1,2026-09-20,index_models-1,
https://www.onsemi.com/download/models/sp3/mjl4302a.sp3,,,downloaded,993,06dea6c8c738d2696445c2ef17fb11d2081f182031dad038a5eb60199b7f3b4b,2026-09-19,1,2026-09-20,index_models-1,
https://www.onsemi.com/download/models/sp3/mm3z15vst1g.sp3,,,downloaded,1163,fe78de15b8e3dd8457ee84d7e0681fd17d8307b9ffdda01bfee889c80e287e60,2026-09-19,6,2026-09-20,index_models-1,
https://www.onsemi.com/download/models/sp3/mm3z18vst1g.sp3.sp3,,,downloaded,1207,31264028dd030373aa9618aa91b6dedbf23df399a5e131b412d8bce877a53eab,2026-09-19,6,2026-09-20,index_models-1,
https://www.onsemi.com/download/models/sp3/mm3z30v.sp3.sp3,,,downloaded,1210,66e0aea729f791cfcca3a159d529ea7db1a9f0dce330558419be064b95b04e09,2026-09-19,6,2026-09-20,index_models-1,
https://www.onsemi.com/download/models/sp3/mm3z30vs.sp3.sp3,,,downloaded,1212,583f7d6bdd90fa58e56cde11cec3ecc62497ea7dd9621be73d03cac27a95cc10,2026-09-19,6,2026-09-20,index_models-1,
https://www.onsemi.com/download/models/sp3/mm3z33v.sp3.sp3,,,downloaded,1205,7aad3d9e39d4b7cd5e5b1bead5680c96565fc47e70b745590c807703a4919351,2026-09-19,6,2026-09-20,index_models-1,
https://www.onsemi.com/download/models/sp3/mm3z36vt1.sp3,,,downloaded,1195,a1a6e06c2d99a69e04ea8ab3ce4b2b67e4a63fd8ab75492ba190bb914652e90c,2026-09-19,6,2026-09-20,index_models-1,
https://www.onsemi.com/download/models/sp3/mm3z39vt1.sp3,,,downloaded,1194,8dca4c7991634c09a813d2aa62d11ffca0c041c66d4a7963aa3f8d9d0456b1b8,2026-09-19,6,2026-09-20,index_models-1,
https://www.onsemi.com/download/models/sp3/mm3z3v0t1g.sp3,,,downloaded,1226,6437eec6c4f35e6c9d69b51a54a4495058892b53bba14c71e9627b83f508d73f,2026-09-19,6,2026-09-20,index_models-1,
https://www.onsemi.com/download/models/sp3/mm3z3v6t1g.sp3,,,downloaded,1222,9b99fd49e319d33acd6ec9c4b3b7ff4a50cae064c942425f6ee32f1b918c1803,2026-09-19,6,2026-09-20,index_models-1,
https://www.onsemi.com/download/models/sp3/mm3z4v7t1g.sp3,,,downloaded,1163,0dc178ec92c43b0d4b6dac3a9d0a2222304acc52cb880560b8a2f59cee25f240,2026-09-19,6,2026-09-20,index_models-1,
https://www.onsemi.com/download/models/sp3/mm3z68vt1.sp3,,,downloaded,1197,6022b37e68c91d0be79f18fcd7a9e0819cf15d789b2b81fd26f8179009173ff7,2026-09-19,6,2026-09-20,index_models-1,
https://www.onsemi.com/download/models/sp3/mm5z11vt1.sp3,,,downloaded,1197,29950e331945a7acf00787f634538e8d3a61f56ecfc0aec78200ca9a283f593f,2026-09-19,6,2026-09-20,index_models-1,
https://www.onsemi.com/download/models/sp3/mm5z18vt1.sp3,,,downloaded,1208,97a1cf0632447eec71e5e741a9bd2f87a97f2fe169e820da8e90e1ee52f03765,2026-09-19,6,2026-09-20,index_models-1,
https://www.onsemi.com/download/models/sp3/mm5z36vt1.sp3,,,downloaded,1192,b759cc666844efc1de65360a530570ddc7c82c27ce718792715ae07285c19c0a,2026-09-19,6,2026-09-20,index_models-1,
https://www.onsemi.com/download/models/sp3/mm5z3v6t1.sp3,,,downloaded,1208,fe69cbc22a96bfbe13257d3313023b1dea3d6a5a3ef93f39142f16017de58677,2026-09-19,6,2026-09-20,index_models-1,
https://www.onsemi.com/download/models/sp3/mm5z56vt1.sp3,,,downloaded,1208,789042bac2b1cf3cc44decba0984b1e0b70bf5ad109b7307c051716e25e46707,2026-09-19,6,2026-09-20,index_models-1,
https://www.onsemi.com/download/models/sp3/mm5z5v6st1.sp3,,,downloaded,1209,657095c3ed592b13aa01de4235ce8d1a207a13f85af7a91b7bf057354cc62829,2026-09-19,6,2026-09-20,index_models-1,
https://www.onsemi.com/download/models/sp3/mm5z7v5t1.sp3,,,downloaded,1215,d2b235b676b57b8d8b181f49dd161073a740e81df688464d139d471bf160d2d7,2026-09-19,6,2026-09-20,index_models-1,
https://www.onsemi.com/download/models/sp3/mmbd2837lt1g.sp3,,,downloaded,663,aa198022beeeeacc74132b9b5b78d86f9f890fe082e5d4ee9abade403a849e53,2026-09-19,1,2026-09-20,index_models-1,
https://www.onsemi.com/download/models/sp3/mmbd7000lt1.sp3,,,downloaded,635,99d281e9d0e86320657aa8cc8a8a5e5a412a1dbafb7127e22f2b284d94d1d188,2026-09-19,1,2026-09-20,index_models-1,
https://www.onsemi.com/download/models/sp3/mmbfj177lt1g_sp3.sp3,,,downloaded,678,56838166ae0e85c53ce9ee7640d40a5cb8bb2ddd7fd06f5f11c122fc9f89de4b,2026-09-19,1,2026-09-20,index_models-1,
https://www.onsemi.com/download/models/sp3/mmbt2484lt1_quasi.sp3,,,downloaded,1742,44058e640cb74e83c11ca7f8fbc77ac4efb4e7e78d87c048f5d8ebda5f5d44c0,2026-09-19,3,2026-09-20,index_models-1,
https://www.onsemi.com/download/models/sp3/mmbt2907awt1g.sp3.sp3,,,downloaded,984,c8d5417d42e8c6e95e67acba633be6b53f0139e61c7eda862c547009bcebdc2d,2026-09-19,1,2026-09-20,index_models-1,
https://www.onsemi.com/download/models/sp3/mmbt3906lt1.sp3,,,downloaded,978,eb275a5f0784944d1c26f123db96da092b98e8592c25a7a926dc27c9ac053630,2026-09-19,1,2026-09-20,index_models-1,
https://www.onsemi.com/download/models/sp3/mmbt5550lt1g.sp3.sp3,,,downloaded,968,bce0b9b83c55f0dd75c537d85c2786f29b93ef6cdf62b64df022d7b4c8d73954,2026-09-19,1,2026-09-20,index_models-1,
https://www.onsemi.com/download/models/sp3/mmbt589lt1.sp3,,,downloaded,979,dee5a65105785b2aef4a32132ec409e4d8213f4f6b51c58b44991b829b150526,2026-09-19,1,2026-09-20,index_models-1,
https://www.onsemi.com/download/models/sp3/mmbt6428lt1g_rev0.sp3,,,downloaded,979,8932c2dfd20bb3d7706bd8886a67a5f78eed9fefe1bfa9d4258dbfd95292273f,2026-09-19,1,2026-09-20,index_models-1,
https://www.onsemi.com/download/models/sp3/mmbt6520lt1.sp3,,,downloaded,964,82dcbdbc9b4599f83b812edfd96a2202de796fdf651a1a36b5f082dcb865f511,2026-09-19,1,2026-09-20,index_models-1,
https://www.onsemi.com/download/models/sp3/mmbt918lt1g.sp3.sp3,,,downloaded,979,eb2c07425a909942fe1d747dee5f097932a3c3b8837223d169171eb85b371196,2026-09-19,1,2026-09-20,index_models-1,
https://www.onsemi.com/download/models/sp3/mmbta56w.sp3.sp3,,,downloaded,959,03db3ee32cbf3cf500962ba0ae45ce9a143081e2bb43236d5a5d58d5b8564116,2026-09-19,1,2026-09-20,index_models-1,
https://www.onsemi.com/download/models/sp3/mmbta63lt1.sp3,,,downloaded,1575,65ee079add81c245427055eae32ce6f05dc3960c81f54ebad42f908c8af0ffe0,2026-09-19,4,2026-09-20,index_models-1,
https://www.onsemi.com/download/models/sp3/mmbta64lt1g.sp3.sp3,,,downloaded,1720,13622fe09c99b9e8820e76f5a94c25e2ea0658b181c8c77017771fdc0b3d5671,2026-09-19,4,2026-09-20,index_models-1,
https://www.onsemi.com/download/models/sp3/mmbv105glt1g.sp3,,,downloaded,664,b16fe529ce6662c1d591ec1b15822924a211ef135e9e9a55d5005bf1176cfea3,2026-09-19,1,2026-09-20,index_models-1,
https://www.onsemi.com/download/models/sp3/mmbv109lt1.sp3,,,downloaded,851,3a2faaf9bab6e501b75a6ec4d8a31dab4c55072975c58a1d0a434fdc50aaa3b5,2026-09-19,3,2026-09-20,index_models-1,
https://www.onsemi.com/download/models/sp3/mmbv3401lt1.sp3,,,downloaded,640,acdb460fce78b2b28fe9cb10595f0ada15a4b5a0d58de51b6d9d05d0f1d9137d,2026-09-19,1,2026-09-20,index_models-1,
https://www.onsemi.com/download/models/sp3/mmbz5226blt1g.sp3.sp3,,,downloaded,1233,76c2cf1e9dcbaf29db6c5d6d526ef3a7647e468064eb475769472ef3eaf44b3a,2026-09-19,6,2026-09-20,index_models-1,
https://www.onsemi.com/download/models/sp3/mmbz5230blt1.rev0.sp3,,,downloaded,1209,87f28d9efb49ff43d476461cb6c0fcc12d72e107ba00e5419d4256d12389945e,2026-09-19,6,2026-09-20,index_models-1,
https://www.onsemi.com/download/models/sp3/mmbz5230blt1_10ma.sp3,,,downloaded,1196,25d1726c876095f0c6317b003ec52823a0647fd912daac5777d3b0afd1c088fc,2026-09-19,6,2026-09-20,index_models-1,
https://www.onsemi.com/download/models/sp3/mmbz5240bl.sp3,,,downloaded,1214,c41f7be7161b11f4d7b55d8c4e9fc8f1890ee548b4196a9e346a6d1b59fbcadb,2026-09-19,6,2026-09-20,index_models-1,
https://www.onsemi.com/download/models/sp3/mmbz5242blt1g.sp3,,,downloaded,1170,9ca320b1dc91d380bba2a496fc4eadb7d9b73a1afe24351628a8cc7f9c9e8691,2026-09-19,6,2026-09-20,index_models-1,
https://www.onsemi.com/download/models/sp3/mmbz5247blt1.sp3,,,downloaded,1194,0c0e2ead14b4f2bcc57354743cb19ed7f4cf58f1d1496464a9f23e9a2de85715,2026-09-19,6,2026-09-20,index_models-1,
https://www.onsemi.com/download/models/sp3/mmbz5256bl.sp3,,,downloaded,1219,54ed9c3eff1a8a5f96409df1b17bad51eca170000cedaa0e78c1f5caa426e2e3,2026-09-19,6,2026-09-20,index_models-1,
https://www.onsemi.com/download/models/sp3/mmbz5270blt1g.sp3,,,downloaded,1149,1edd01f5960331652dd68a2799d6f0870adac9516d289757cc0fc71b91dbe2fd,2026-09-19,6,2026-09-20,index_models-1,
https://www.onsemi.com/download/models/sp3/mmdl770t1g.sp3,,,downloaded,648,d69ce1ea06f7620e1e1c0d7f374ef9e88381f060c81b8fc481e636fa5cf43b92,2026-09-19,1,2026-09-20,index_models-1,
https://www.onsemi.com/download/models/sp3/mmdl914t1.sp3,,,downloaded,652,a9769e6515312f89e213ca8d87b1cb16fc6cb900480ace798ee564dc67545dac,2026-09-19,1,2026-09-20,index_models-1,
https://www.onsemi.com/download/models/sp3/mmsz2v7t1g.sp3,,,downloaded,1204,8248391dc823a9fe2a3bc6d25c248847e4497da19ec92f2378d29cdee48aac60,2026-09-19,6,2026-09-20,index_models-1,
https://www.onsemi.com/download/models/sp3/mmsz4680t1g.sp3,,,downloaded,1241,447214ee4dc0875b5abb54d96696e6b7f8a56949d63be3da753af7b53db4c148,2026-09-19,6,2026-09-20,index_models-1,
https://www.onsemi.com/download/models/sp3/mmsz4687t1g.sp3,,,downloaded,1212,5ce5cedf3e1fb04919384ab56185b098e18c159d174cea174ae1e367f7f6c624,2026-09-19,6,2026-09-20,index_models-1,
https://www.onsemi.com/download/models/sp3/mmsz4693t1.sp3,,,downloaded,1229,01f0f008c740c81b4a6d2025a96f363335968e9b597cdf7132376db178351730,2026-09-19,6,2026-09-20,index_models-1,
https://www.onsemi.com/download/models/sp3/mmsz4715t1g.sp3,,,downloaded,1213,722719a9d72f7601f66ca566c575d73ed91b80737ff0567b3a13e49ef0a93443,2026-09-19,6,2026-09-20,index_models-1,
https://www.onsemi.com/download/models/sp3/mmsz4716t1g.sp3,,,downloaded,1210,3f03a478db70f26b3cc3c47d7a99d94d895fc493bf2da6441d018e13564539e7,2026-09-19,6,2026-09-20,index_models-1,
https://www.onsemi.com/download/models/sp3/mmsz5221bt1.sp3,,,downloaded,1219,92c24a0232cf04fce4067c7a6bf88333d4cee8bc015c4cba9f2765a288232fca,2026-09-19,6,2026-09-20,index_models-1,
https://www.onsemi.com/download/models/sp3/mmsz5236bt1.sp3,,,downloaded,1177,1651b153d861337251946d1009d5b8bb2b507df41e49b456cedeb03febb23451,2026-09-19,6,2026-09-20,index_models-1,
https://www.onsemi.com/download/models/sp3/mmsz5259b.sp3,,,downloaded,1227,524fabc24a361a740fe9c8d8f0e5851995827e1502def1529388d8b973f8641d,2026-09-19,6,2026-09-20,index_models-1,
https://www.onsemi.com/download/models/sp3/mmsz5263bt1.sp3,,,downloaded,1213,9efa17f3ed550dbf8f707bcc2cc74ca3437d95cf86fd5ef8283b85e020008fd2,2026-09-19,6,2026-09-20,index_models-1,
https://www.onsemi.com/download/models/sp3/mmun2130lt1g.rev0.sp3.sp3,,,downloaded,995,b7c00149e11b9c3e092beb26d1c29953815861885aa7393311e63ba031ea03cc,2026-09-19,2,2026-09-20,index_models-1,
https://www.onsemi.com/download/models/sp3/mmun2131lt1g_rev0.sp3.sp3,,,downloaded,973,fabdcad204190579d3e5b6d6ace43b1f05aabc8c61aedd9b98de301210a58b0e,2026-09-19,2,2026-09-20,index_models-1,
https://www.onsemi.com/download/models/sp3/mmun2138l.sp3,,,downloaded,1013,651a107b368edc8658f5df5a856012573687a3ea374b052ab4ad752edab092f7,2026-09-19,2,2026-09-20,index_models-1,
https://www.onsemi.com/download/models/sp3/mmun2238lt1g%20%20sp3.sp3,,,downloaded,984,7d79a5409083f00dbfd07342d0503bba033ab0a08d2148e63152d73b96eb7a97,2026-09-19,2,2026-09-20,index_models-1,
https://www.onsemi.com/download/models/sp3/mpsw51_rev0.sp3.sp3,,,downloaded,967,35ee0ce562adbc1b8f05aafad172c3399125dba201cb3aae17a0626cd522c58f,2026-09-19,1,2026-09-20,index_models-1,
https://www.onsemi.com/download/models/sp3/mr2535l.sp3,,,downloaded,660,aba63c275ca6fcfb0e37de14c3b2998f3b22a1b3281a202df1e92a086395eea5,2026-09-19,1,2026-09-20,index_models-1,
https://www.onsemi.com/download/models/sp3/msb92wt1g.sp3,,,downloaded,959,893f1aa2c94f3b129aea0dfdedb740606a6fccffa7586765cd436194d2caef5a,2026-09-19,1,2026-09-20,index_models-1,
https://www.onsemi.com/download/models/sp3/msd1819a-rt1g.sp3.sp3,,,downloaded,962,899f7ad45e823307a3eb9643b1b03b31167b4819c38f9e52656555ad8f556da5,2026-09-19,1,2026-09-20,index_models-1,
https://www.onsemi.com/download/models/sp3/msd42swt1g.sp3,,,downloaded,977,5a9157c2e3a369c37f307a1872d7274a6a4057e528f25a3d132691333bfa44c7,2026-09-19,1,2026-09-20,index_models-1,
https://www.onsemi.com/download/models/sp3/msqa6v1w5.sp3,,,downloaded,1200,a4e5f76ab15e7ebff0a6c49bfa498d29e37e62463ecb47c233b884f8e5a8c485,2026-09-19,6,2026-09-20,index_models-1,
https://www.onsemi.com/download/models/sp3/msrf1560g.sp3,,,downloaded,670,866be049d65b2a67948f60d39f2b22fc708c5837620efe6cb791df723a13de5b,2026-09-19,1,2026-09-20,index_models-1,
https://www.onsemi.com/download/models/sp3/mun2131t1g_rev0.sp3.sp3,,,downloaded,973,fabdcad204190579d3e5b6d6ace43b1f05aabc8c61aedd9b98de301210a58b0e,2026-09-19,2,2026-09-20,index_models-1,
https://www.onsemi.com/download/models/sp3/mun5140.sp3,,,downloaded,1012,dc924dbd792c922b5d77fec81d8d600675e42415584a9476a82d6cacdea66ace,2026-09-19,2,2026-09-20,index_models-1,
https://www.onsemi.com/download/models/sp3/mun5241.sp3,,,downloaded,991,1fe21d0a36e954b2eaa9bcab90c5bf44acef825415b3d64e4a2058e10c766d8c,2026-09-19,2,2026-09-20,index_models-1,
https://www.onsemi.com/download/models/sp3/mun5311dw1t1_npn.sp3,,,downloaded,1013,30e441c770a7b4aeeb869b726828efed3d380758b5c817809e62d5e77beba9fe,2026-09-19,2,2026-09-20,index_models-1,
https://www.onsemi.com/download/models/sp3/mun5311dw1t1g.sp3.sp3,,,downloaded,2469,7f7d711210474325aff200f3a08cc7f6abc97e5d5ea7abb5c7195dfccd7948f3,2026-09-19,5,2026-09-20,index_models-1,
https://www.onsemi.com/download/models/sp3/mun5314dw1.sp3.sp3,,,downloaded,2206,fa8d3d52854c7fe25fdc2529437c71623f007f8e60c89bfb5aafb70d1c28f992,2026-09-19,5,2026-09-20,index_models-1,
https://www.onsemi.com/download/models/sp3/mun5336dw1t1g.sp3.sp3,,,downloaded,2231,e71f015ecb6f017f2310f826483b81019c4b132b2a1ac0156ad7cd94b41ce70b,2026-09-19,5,2026-09-20,index_models-1,
https://www.onsemi.com/download/models/sp3/mur115rl.rev0.sp3,,,downloaded,681,f7150ade741da1b92ee324a60a8964d1fff2d5372113a265235bdc4bf01462b7,2026-09-19,1,2026-09-20,index_models-1,
https://www.onsemi.com/download/models/sp3/mur1520.rev0.sp3,,,downloaded,668,eb2edf078239c24d3f2d0385e95efc31b0dbf71ad428c2dadbb7f48f35125075,2026-09-19,1,2026-09-20,index_models-1,
https://www.onsemi.com/download/models/sp3/mur1640ct.sp3,,,downloaded,670,ff684a0b2d548179b7d36755fdc3da776e8052ff8b3e666b2ad3840747bbfefa,2026-09-19,1,2026-09-20,index_models-1,
https://www.onsemi.com/download/models/sp3/mur240.sp3,,,downloaded,671,3c592be4fd4088517c4836b4b66ffa442bec2a419f23e113c38339f9acde9011,2026-09-19,1,2026-09-20,index_models-1,
https://www.onsemi.com/download/models/sp3/mur3020pt.rev1.sp3,,,downloaded,658,58ed11bf5d2561a5b204a7234ba8808f99eb75996723779c4a0570d893e5ab3a,2026-09-19,1,2026-09-20,index_models-1,
https://www.onsemi.com/download/models/sp3/mur410rl.rev0.sp3,,,downloaded,665,a7e2aaae10f095becc0622808b37cf9587ac8f2e976f12005487a414c56396d2,2026-09-19,1,2026-09-20,index_models-1,
https://www.onsemi.com/download/models/sp3/mur480erl.rev0.sp3,,,downloaded,679,91b11b8b5046a23935cc7e49c17fa2e47b908f05cc0cdbcdd10f9079e10aac50,2026-09-19,1,2026-09-20,index_models-1,
https://www.onsemi.com/download/models/sp3/mur840.sp3,,,downloaded,667,c9f03b0d8b358e7e5d4e6e50a7c83dbd7ec0728fe701dcd6f605b0f8308d189a,2026-09-19,1,2026-09-20,index_models-1,
https://www.onsemi.com/download/models/sp3/mura120t3.rev0.sp3,,,downloaded,670,6f63a86da677b88ce4698c43ac051071ab24efc0a384885680250cb951a9358f,2026-09-19,1,2026-09-20,index_models-1,
https://www.onsemi.com/download/models/sp3/murb1620ctt4.sp3,,,downloaded,668,5cefa2961c746a76ffbc303166dfabe5d4a7ae6a7f87bc67348ea3b0eb9aea8f,2026-09-19,1,2026-09-20,index_models-1,
https://www.onsemi.com/download/models/sp3/murf1560g.sp3,,,downloaded,655,8c61415818598bafed597c57bd332cb0368b3e3258b28a71bc97f2ea0dd15e13,2026-09-19,1,2026-09-20,index_models-1,
https://www.onsemi.com/download/models/sp3/murh860ct.sp3,,,downloaded,630,5cc76ff70407c0e725703d664f07d1a895876a6f1b1ceece5c92737916553d4a,2026-09-19,1,2026-09-20,index_models-1,
https://www.onsemi.com/download/models/sp3/murhb860ctt4.sp3,,,downloaded,675,2045e1dd276acec7c2250ed4e4f68cf1b57ba1e14c505faaeb2507b9dda732da,2026-09-19,1,2026-09-20,index_models-1,
https://www.onsemi.com/download/models/sp3/murhs160t3.sp3,,,downloaded,659,b7feffb12562e713eee2e65099a40cd9f3c33793478d4f832b2459b801346de3,2026-09-19,1,2026-09-20,index_models-1,
https://www.onsemi.com/download/models/sp3/murs115t3.rev0.sp3,,,downloaded,672,1869539dc35f442fd889b6d5a76c2033fc5506cb051422b75e1518f28c56560d,2026-09-19,1,2026-09-20,index_models-1,
https://www.onsemi.com/download/models/sp3/murs120t3.rev1.sp3,,,downloaded,671,627a2196a1a8506295dec20f242127cb386519d825e139bb4203fe9f78085104,2026-09-19,1,2026-09-20,index_models-1,
https://www.onsemi.com/download/models/sp3/njd1718%20sp3.sp3,,,downloaded,994,a084d88366daa4adeea84d8c8b61e4c8733c219209ba2bdce94790181c56ac66,2026-09-19,1,2026-09-20,index_models-1,
https://www.onsemi.com/download/models/sp3/njw0302g.sp3,,,downloaded,960,236e0186288b5b64f99bb05bae0f363c72946e8b510969495b0ff253646c2cef,2026-09-19,1,2026-09-20,index_models-1,
https://www.onsemi.com/download/models/sp3/njw3281g.sp3,,,downloaded,934,29371567c71a8c1e7fde4118545e35f613b8778fc7956697d7562b1b75001779,2026-09-19,1,2026-09-20,index_models-1,
https://www.onsemi.com/download/models/sp3/njx1675p_sp3.sp3,,,downloaded,2423,f99567ff09ae403c1c8331e4c68815d034ed1c4dce6b0c0313f64b08598c44c5,2026-09-19,3,2026-09-20,index_models-1,
https://www.onsemi.com/download/models/sp3/nrvhp8h200mfd_sp3.sp3,,,downloaded,1239,8296a2984f4164b4eac416fe4afcd194f9cc8a7ab13284a93ec743259bb999ae,2026-09-19,5,2026-09-20,index_models-1,
https://www.onsemi.com/download/models/sp3/nrvts1045emfs_sp3.sp3,,,downloaded,672,15325099afe4353b97a3a73a36edaba1ec986fdf8e943219dd0462487e45d8b7,2026-09-19,1,2026-09-20,index_models-1,
https://www.onsemi.com/download/models/sp3/nrvts1260emfs_sp3.sp3,,,downloaded,673,2a3a29193887c98c06bfe563566459634fa37513f55a29fcc17cd143d13827de,2026-09-19,1,2026-09-20,index_models-1,
https://www.onsemi.com/download/models/sp3/nrvts1545emfs_sp3.sp3,,,downloaded,665,43588acd9189e44fcc274af90f60592215ef375024a8095dd0419834113c9a48,2026-09-19,1,2026-09-20,index_models-1,
https://www.onsemi.com/download/models/sp3/nrvts245esf_sp3.sp3,,,downloaded,668,4b12fac7970a484c23d33adbc3c2088f21d11755ff44068943bc1fa27c9ca1c2,2026-09-19,1,2026-09-20,index_models-1,
https://www.onsemi.com/download/models/sp3/nrvts260esf_sp3.sp3,,,downloaded,669,9d4838a01059f09f7134325f7f14b6ba38919ce95358031db2e72edfb325b1b4,2026-09-19,1,2026-09-20,index_models-1,
https://www.onsemi.com/download/models/sp3/nrvts560emfs_sp3.sp3,,,downloaded,672,d80cee056fb9fb98390fef74ba1e0dfa4a57662025901cbd9f620113bcc7891f,2026-09-19,1,2026-09-20,index_models-1,
https://www.onsemi.com/download/models/sp3/nrvts860emfs_sp3.sp3,,,downloaded,668,de95ea0ca407636170b03432c2ac59c69e373cb9b4ce2ff8968300f4d82b53e6,2026-09-19,1,2026-09-20,index_models-1,
https://www.onsemi.com/download/models/sp3/nrvtsa4100e_sp3.sp3,,,downloaded,666,8769d79a2b8bf1fd704d999d36e70a02e0b0492156ff5f6fc2f3a3d4ffdfce00,2026-09-19,1,2026-09-20,index_models-1,
https://www.onsemi.com/download/models/sp3/nrvtsaf260et3g_sp3.sp3,,,downloaded,675,f828e0f14f53d6616a814bbdba2720ebd78004a5e4504de0d6eed06ed39551c3,2026-09-19,1,2026-09-20,index_models-1,
https://www.onsemi.com/download/models/sp3/nrvtsaf5100e_sp3.sp3,,,downloaded,665,25b9422787a68b7726e9887783e3dae510d9d4c48477ebdecee68b385e89c394,2026-09-19,1,2026-09-20,index_models-1,
https://www.onsemi.com/download/models/sp3/nrvtsm260e_sp3.sp3,,,downloaded,668,0ab1ddb17cf587b133a3889772a0a298077aa6e8286addb852fc52ba17b7f9b5,2026-09-19,1,2026-09-20,index_models-1,
https://www.onsemi.com/download/models/sp3/nrvtss3100e_sp3.sp3,,,downloaded,657,97f64a02ce526e09275ea9d639f3d8a7db9a47ee19a7b2670bd2982813cf0e0e,2026-09-19,1,2026-09-20,index_models-1,
https://www.onsemi.com/download/models/sp3/nrvtss5100e_sp3.sp3,,,downloaded,664,e69c8d2d987271c4518ef27032406657daad869a3fad0e926f56b6f92aaed7bf,2026-09-19,1,2026-09-20,index_models-1,
https://www.onsemi.com/download/models/sp3/nsbc114edxv6t1.sp3,,,downloaded,1104,665766cff0e7b1dbad58e137661902e88e1b1da9eb2fa72d19dbcf1976d16fbd,2026-09-19,2,2026-09-20,index_models-1,
https://www.onsemi.com/download/models/sp3/nspm2051%20spice3%20model.sp3,,,downloaded,979,9ed41f347043ec5948f990cd8545f97fc07a6d61acf792a8a732c3c9e67f5612,2026-09-19,5,2026-09-20,index_models-1,
https://www.onsemi.com/download/models/sp3/nspm5131%20spice%20model%20sp3.sp3,,,downloaded,996,315c8293785466b27093f5e4e7f246e95e97c40e244a9f2cb3e2ec4e9cabe577,2026-09-19,5,2026-09-20,index_models-1,
https://www.onsemi.com/download/models/sp3/nspm6201_spice_model_sp_file.sp3,,,downloaded,1090,2455a97f54de01e93619e05ca07f0e904dfb63fb0b6c03c2aedafaabd2a11b8c,2026-09-19,6,2026-09-20,index_models-1,
https://www.onsemi.com/download/models/sp3/nspu3051n2.sp3.sp3,,,downloaded,988,5f7a1d2abeba74baba95939b52757ba675bb42a6733163bf4fb0304b617723b1,2026-09-19,5,2026-09-20,index_models-1,
https://www.onsemi.com/download/models/sp3/nspu3061n2.sp3.sp3,,,downloaded,985,8445179b1bd486270c5e30da1d35dcc12b0effa89bef5658b695d9cd812dae3a,2026-09-19,5,2026-09-20,index_models-1,
https://www.onsemi.com/download/models/sp3/nspu3062n2.sp3.sp3,,,downloaded,985,33f14e3687bb4dd9bc3ba4c448c113bf43f40e68353738214d4253c528ba6f1b,2026-09-19,5,2026-09-20,index_models-1,
https://www.onsemi.com/download/models/sp3/nsr0115cqp6_sp3.sp3,,,downloaded,373,e4d4f423a99e893222be3300db7e133405bea7f4d19c37eec08252b5bc9fbebb,2026-09-19,2,2026-09-20,index_models-1,
https://www.onsemi.com/download/models/sp3/nsr01f30mx_rev0.sp3.sp3,,,downloaded,656,cdf448bb39a380768749337b3b5afdb2f48365a264524e9ee28e0336d08c4779,2026-09-19,1,2026-09-20,index_models-1,
https://www.onsemi.com/download/models/sp3/nsr01l30mxt5g.rev0.sp3.sp3,,,downloaded,664,e95ef8dad7fb9e7d6fbed7db3f414ca8d3138ddf1b6323ce6cd09e0d6b51bd11,2026-09-19,1,2026-09-20,index_models-1,
https://www.onsemi.com/download/models/sp3/nsr0240ht1g.sp3,,,downloaded,673,9e3bc7f756a028efa38569cd0a32f762f2ad0d68e6f5770c206fd677e7904ba9,2026-09-19,1,2026-09-20,index_models-1,
https://www.onsemi.com/download/models/sp3/nsr0240p2_sp3.sp3,,,downloaded,666,56bc331ade83a50711fb24a06cb10a36812e1fa602527a27098afa7a01ef673c,2026-09-19,1,2026-09-20,index_models-1,
https://www.onsemi.com/download/models/sp3/nsr0240v2t1g.sp3,,,downloaded,674,b3652c4d5d6889b27a6093fe7175106cbd24539ddfea9d54a45f1910d1b31d9b,2026-09-19,1,2026-09-20,index_models-1,
https://www.onsemi.com/download/models/sp3/nsr02f30mx.sp3.sp3,,,downloaded,669,03c967ea51f888abaf36e6b191dba70320dc839f7cb803fe0d78d803fc129c02,2026-09-19,1,2026-09-20,index_models-1,
https://www.onsemi.com/download/models/sp3/nsr02f30nxt5g.sp3,,,downloaded,659,b4ce7ce1c7351266125e70b9956d422d0fb5926d4965961068c115839c1282a0,2026-09-19,1,2026-09-20,index_models-1,
https://www.onsemi.com/download/models/sp3/nsr0340ht1g.sp3,,,downloaded,677,c860d9c652fb7a6f9c3a93b39c69c98e25efdf2ceed6730da2cf9de4c63910b4,2026-09-19,1,2026-09-20,index_models-1,
https://www.onsemi.com/download/models/sp3/nsr0340v2t1g.sp3,,,downloaded,674,9f90269b939bb144d6ddcb2bf72d893861a81f580ff2c41c6f4477eb2334641c,2026-09-19,1,2026-09-20,index_models-1,
https://www.onsemi.com/download/models/sp3/nsr0520v2t1g.sp3,,,downloaded,673,6d85a7b92ff3e79bd92f2cec611578564abfa4c65b950d9a81dcf762ac5a15df,2026-09-19,1,2026-09-20,index_models-1,
https://www.onsemi.com/download/models/sp3/nsr05301%20spice%20model%20sp3.sp3,,,downloaded,669,bd70038b7eac8c99ec7da79d1d52e792f9fe2bb82f880cb3e16aa31bbadbb0a4,2026-09-19,1,2026-09-20,index_models-1,
https://www.onsemi.com/download/models/sp3/nsr0530h.sp3.sp3,,,downloaded,672,006268368e5f54fe09b2197d23b78a63177c78d95179847e03cc876a4ec2b9a5,2026-09-19,1,2026-09-20,index_models-1,
https://www.onsemi.com/download/models/sp3/nsr05f20nxt%20rev0%20sp3.sp3,,,downloaded,671,79bc5d3dcd2b911c4ca73274fe4ce8df73ea6ec39e40b271b3c0badbb7228596,2026-09-19,1,2026-09-20,index_models-1,
https://www.onsemi.com/download/models/sp3/nsr05f30nxt%20rev0%20sp3.sp3,,,downloaded,669,7bfedfb3fdcc5a692b5cdc90543cc0a91aff9c049eedfa495bec7fc39d42a964,2026-09-19,1,2026-09-20,index_models-1,
https://www.onsemi.com/download/models/sp3/nsr05f40nxt%20rev0%20sp3.sp3,,,downloaded,671,8d1f7ee159deeea7d3ac5c660fef7d877bda0b41a9add7fca6aaab0de9da0727,2026-09-19,1,2026-09-20,index_models-1,
https://www.onsemi.com/download/models/sp3/nsr05t304mx%20spice%20sp3.sp3,,,downloaded,671,98cd1a76f5c7e0b3e89ef96aef91519b80eba729f229d1eda7681b4c0fab3327,2026-09-19,1,2026-09-20,index_models-1,
https://www.onsemi.com/download/models/sp3/nsr05t30p2.sp3.sp3,,,downloaded,665,312f853262cd6bb90716555052ded26b0a8e317d27b277c6fe1e6dd3d75ac9b8,2026-09-19,1,2026-09-20,index_models-1,
https://www.onsemi.com/download/models/sp3/nsr05t404mx%20spice%20sp3.sp3,,,downloaded,670,58f0aef61ef440a5127098ca6c75931b33efeee07635ac8d69e7721585c281a2,2026-09-19,1,2026-09-20,index_models-1,
https://www.onsemi.com/download/models/sp3/nsr05t40p2.sp3.sp3,,,downloaded,672,bcfb16847d1964a20727eb78572c86d7a134dcb3657e4517dc25176447da7f4e,2026-09-19,1,2026-09-20,index_models-1,
https://www.onsemi.com/download/models/sp3/nsr05t40xv2.sp3.sp3,,,downloaded,676,4e6e3d47994d02e4de68cc28b871d3d7f5d71ff8a0b6f9a1fa3430b0d87190bf,2026-09-19,1,2026-09-20,index_models-1,
https://www.onsemi.com/download/models/sp3/nsr10404nxt5g.sp3.sp3,,,downloaded,671,524974c7a2498746cb9f7f6c655533864a35174d96d2ae07dd055efa8e3a2096,2026-09-19,1,2026-09-20,index_models-1,
https://www.onsemi.com/download/models/sp3/nsr10f20nxt5g%20sp3_rev0.sp3,,,downloaded,659,2fad8751cdbbc27de2b3274f15afc3b9fe57cf0e5aeb67c2eda5fdd643bea08a,2026-09-19,1,2026-09-20,index_models-1,
https://www.onsemi.com/download/models/sp3/nsr10f40nxt%20spice3%20model.sp3,,,downloaded,665,b1b3ad4031872d7e6176c9bab74e1464f77c41e59f9750467a9a1f973744ec63,2026-09-19,1,2026-09-20,index_models-1,
https://www.onsemi.com/download/models/sp3/nsr15304nxt5g.sp3.sp3,,,downloaded,676,2ab67afa1798abdd1865bd7a3892edae3f3af753cb9e77c64168cb20d1c5c5fb,2026-09-19,1,2026-09-20,index_models-1,
https://www.onsemi.com/download/models/sp3/nsr15405nxt5g.sp3.sp3,,,downloaded,678,94e12ddef014d246f916ecc9479ed3d3b9dffb06f14f9038b9565a101a9b2fed,2026-09-19,1,2026-09-20,index_models-1,
https://www.onsemi.com/download/models/sp3/nsr15406nxt5g.sp3.sp3,,,downloaded,679,b5898a3cf7ec4f59dcf27d6093995a91e0f64f9377c66930bf3c26498d8066d9,2026-09-19,1,2026-09-20,index_models-1,
https://www.onsemi.com/download/models/sp3/nsr20204nxt5g.sp3.sp3,,,downloaded,681,1b43f42cb9b3c105dea4f504e81fcdc3f9d5bd81dc3e39dab24bc6d552996629,2026-09-19,1,2026-09-20,index_models-1,
https://www.onsemi.com/download/models/sp3/nsr20206nxt5g.sp3.sp3,,,downloaded,684,71ed399811d861210ddde6e0488a644583305e539e294b1803e16af10f325454,2026-09-19,1,2026-09-20,index_models-1,
https://www.onsemi.com/download/models/sp3/nsr20305nxt5g.sp3.sp3,,,downloaded,683,57422e190d9adfdfbe0d36421ddace3e8676a21b9d53535455fdafcf77aca58d,2026-09-19,1,2026-09-20,index_models-1,
https://www.onsemi.com/download/models/sp3/nsr20306nxt5g.sp3.sp3,,,downloaded,684,d1730d93fdf5c4c3c3e0c2fa979e758e845c33743047cd72ea5fe6bfa546156a,2026-09-19,1,2026-09-20,index_models-1,
https://www.onsemi.com/download/models/sp3/nsr2030dmxtag.sp3.sp3,,,downloaded,668,ecc07b40e13665186926fd630db9206a50f76322b7da63558802c9281d5ef6d8,2026-09-19,1,2026-09-20,index_models-1,
https://www.onsemi.com/download/models/sp3/nsr20406nxt5g.sp3.sp3,,,downloaded,675,f2a8fbc1d733d73d0bd102b69e3242cd64c962d548f27c9933d1c760c437f23e,2026-09-19,1,2026-09-20,index_models-1,
https://www.onsemi.com/download/models/sp3/nsr20f20nxt5g%20sp3%20rev0.sp3,,,downloaded,659,532183619398ad62d548fa22a4e336747f7d4149e0ccd5d60e0315f9222c9518,2026-09-19,1,2026-09-20,index_models-1,
https://www.onsemi.com/download/models/sp3/nsr30cm3_sp3.sp3,,,downloaded,673,0146c4bce57d8b50ca0b6bddde2cd512ebeac61e47f25c185ecbb560c62f7307,2026-09-19,1,2026-09-20,index_models-1,
https://www.onsemi.com/download/models/sp3/nss12501uw3t2g.sp3,,,downloaded,944,039a5e17879dc1c8f1233cec28088c089d484340c8029efa4bb946fc38e3288f,2026-09-19,1,2026-09-20,index_models-1,
https://www.onsemi.com/download/models/sp3/nss1c201lt1g.sp3,,,downloaded,1005,b8a8acea9bebfbfe23d88c44ea9b22aed23b8e70630bd06c1ea0b0976a947e03,2026-09-19,1,2026-09-20,index_models-1,
https://www.onsemi.com/download/models/sp3/nss1c300e_sp3.sp3,,,downloaded,1014,748bc09a80749ace2b1f5c0426d7c900f3d57602a17ef239af3048bb69272053,2026-09-19,1,2026-09-20,index_models-1,
https://www.onsemi.com/download/models/sp3/nss1c301et4g_sp3.sp3,,,downloaded,978,993907ee852fe2b4aad8affde39716922a713b98cbfcbfd063157b708cdf1127,2026-09-19,1,2026-09-20,index_models-1,
https://www.onsemi.com/download/models/sp3/nss20300mr6t1g.sp3,,,downloaded,967,cbfb52334b5c1a49e63400144ac1c6e58c1a87d2a6c109807f3c3006aa8976c7,2026-09-19,1,2026-09-20,index_models-1,
https://www.onsemi.com/download/models/sp3/nss20500uw3t2g.sp3,,,downloaded,985,fa7edc8fb736db0fc5ffe3588c74334db16b8530bb10ad6e1760ba58c60c4574,2026-09-19,1,2026-09-20,index_models-1,
https://www.onsemi.com/download/models/sp3/nss30100lt1g.sp3,,,downloaded,1004,0f04d3b5e6b99193c11f787ec3b3d2fc2e77a69021e5502a3d87feb342cc576a,2026-09-19,1,2026-09-20,index_models-1,
https://www.onsemi.com/download/models/sp3/nss40201lt1g.sp3,,,downloaded,974,4a1c78b289e971b1e752baccb835f748dea9523f72a5fcbda023e42bf07ab38b,2026-09-19,1,2026-09-20,index_models-1,
https://www.onsemi.com/download/models/sp3/nss40300mz4.sp3,,,downloaded,980,1ab0d013e8731b2f15d4dbcd67f9ce8f3bce167544fbf510eb6ade6894e96a0c,2026-09-19,1,2026-09-20,index_models-1,
https://www.onsemi.com/download/models/sp3/nss60201lt1g.sp3,,,downloaded,940,a9c18c559070c6a482f023ba5ac50a2f2a1dd7e013294e95d74551d87edb4f3a,2026-09-19,1,2026-09-20,index_models-1,
https://www.onsemi.com/download/models/sp3/nst3946dxv6t1.rev1.sp3,,,downloaded,1666,d2aa2631aad8525df0aca8c58394aebb13bf4c10fa37c4e4bf96a67bb7df8f1a,2026-09-19,3,2026-09-20,index_models-1,
https://www.onsemi.com/download/models/sp3/nst45010mw.sp3.sp3,,,downloaded,962,605b5e8b19f62f4967bc9bd3f2e827022eb1351c621327a1b43d97dd1adcabf2,2026-09-19,1,2026-09-20,index_models-1,
https://www.onsemi.com/download/models/sp3/nst45011mw.sp3.sp3,,,downloaded,968,d6b4e4c73f1f147ed697d1008692c871ce3efa2263d028db16041325952b937f,2026-09-19,1,2026-09-20,index_models-1,
https://www.onsemi.com/download/models/sp3/nst847bf3t5g.sp3,,,downloaded,973,5c1cecb83de547da2fab3de64c277679069ffa94ed33970129e0cdec6da1b365,2026-09-19,1,2026-09-20,index_models-1,
https://www.onsemi.com/download/models/sp3/nsvemc2dxv5t1g.sp3,,,downloaded,2442,8e6d47e684f010837876371910d79af8df62736dd8d023bfa34a08c142f7cbfa,2026-09-19,5,2026-09-20,index_models-1,
https://www.onsemi.com/download/models/sp3/ntb35n15_rev0.sp3.sp3,,,downloaded,1727,4b2ea349c50f34c17ee4901365c8d516149c9669e44f003082d00072442e5f67,2026-09-19,6,2026-09-20,index_models-1,
https://www.onsemi.com/download/models/sp3/ntd2955.sp3,,,downloaded,1748,652409059e4d9a00ddb9001c7698d95bab261cb0285d62f71762ae93fd1e5f29,2026-09-19,6,2026-09-20,index_models-1,
https://www.onsemi.com/download/models/sp3/ntd4302.sp3,,,downloaded,1728,d60fca91f66b3775327b0377baae14fcededc0ce1a0f70826f1b87c9c4e05d26,2026-09-19,6,2026-09-20,index_models-1,
https://www.onsemi.com/download/models/sp3/ntd4856n.sp3,,,downloaded,1797,3b4936847fe21755375483c4fb5fabc33310dfe2c173c6cf6448c20aabdfbefb,2026-09-19,6,2026-09-20,index_models-1,
https://www.onsemi.com/download/models/sp3/ntd4858n.sp3,,,downloaded,1787,0943739b6c24b7c279dd0a68d197dc07c977662081a9f369aa41edc8c3122a5f,2026-09-19,6,2026-09-20,index_models-1,
https://www.onsemi.com/download/models/sp3/ntd4904n.sp3,,,downloaded,1757,9071620eaabe51f1f9e94e06b05c50bc53a293e5a287779fa4e9b3d1f98d4e56,2026-09-19,6,2026-09-20,index_models-1,
https://www.onsemi.com/download/models/sp3/ntd4906n.sp3,,,downloaded,1749,27326f78503cc317cf77a033e20c21b10ef173b7912bc6e35d93d331b418fca2,2026-09-19,6,2026-09-20,index_models-1,
https://www.onsemi.com/download/models/sp3/ntd4909n.sp3,,,downloaded,1773,4393477ebf48825816f74208e8b4c22ceba101217af012fc9ee340e7af3ef034,2026-09-19,6,2026-09-20,index_models-1,
https://www.onsemi.com/download/models/sp3/ntd4963n.sp3,,,downloaded,1735,408a3f888046cfdd23efa5ace8129f390ecd44f8e9b8f665978d22cbd4899521,2026-09-19,6,2026-09-20,index_models-1,
https://www.onsemi.com/download/models/sp3/ntd5c446nt4g_rev0_sp3.sp3,,,downloaded,1743,180ed8bbd663be18453aad86e7707b3a754f55bde639a96f95d61ea970c22294,2026-09-19,6,2026-09-20,index_models-1,
https://www.onsemi.com/download/models/sp3/ntd5c464nt4g_rev0.sp3.sp3,,,downloaded,1752,bc79d0785a436bd35be71d77e4597dfd50bdc871d86cb09785f5eb231087b00d,2026-09-19,6,2026-09-20,index_models-1,
https://www.onsemi.com/download/models/sp3/ntd5c632nlt4g_rev0_sp3.sp3,,,downloaded,1752,8235bafc8d5dbebc06f1821e411511f606baa4502e5052ea36080ff438ea0e95,2026-09-19,6,2026-09-20,index_models-1,
https://www.onsemi.com/download/models/sp3/ntd5c648nlt4g_rev0_sp3.sp3,,,downloaded,1775,c1a20b5fa855f899add7c8074ac539d8debd1eaea6df78df1ad6673b83dbfa56,2026-09-19,6,2026-09-20,index_models-1,
https://www.onsemi.com/download/models/sp3/ntd5c668nlt4g_rev0_sp3.sp3,,,downloaded,1745,3600d9539959b3f033591a08e1fab2fe185c5230f6f83be59b2f5108ce8b6b2e,2026-09-19,6,2026-09-20,index_models-1,
https://www.onsemi.com/download/models/sp3/ntd5c684nlt4g_rev0_sp3.sp3,,,downloaded,1748,d4ef56f6da420fbe313b2f8c32a422bc1b66e7a6bca08ee5003ab8059c7616e6,2026-09-19,6,2026-09-20,index_models-1,
https://www.onsemi.com/download/models/sp3/ntd5c688nlt4g_rev0_sp3.sp3,,,downloaded,1751,774e054b3207e341fea4322b9a23bc4570d7bb400064d847e3cb0f0c83550d61,2026-09-19,6,2026-09-20,index_models-1,
https://www.onsemi.com/download/models/sp3/ntd6416an.sp3,,,downloaded,1745,72872fe1310962b5cdd1e36c0af2fa0a8484628093b451f0c02ef78584533a12,2026-09-19,6,2026-09-20,index_models-1,
https://www.onsemi.com/download/models/sp3/ntd78n03.rev0.sp3,,,downloaded,1745,5a50f410bb9a284a974ccca185aaf06432eb57eae812bca3177ca98154e0ab98,2026-09-19,6,2026-09-20,index_models-1,
https://www.onsemi.com/download/models/sp3/ntgd1100l.rev0.sp3,,,downloaded,4309,5c3f4c9b9cf0312837c07d67e477ccf660fd44bf4ec0a3a0ab8755fa4f382608,2026-09-19,13,2026-09-20,index_models-1,
https://www.onsemi.com/download/models/sp3/ntgd3148n.sp3,,,downloaded,1753,6fc5764669fd880862466072917d8dd4e59111d31cc8616d978659bd1c9f2b07,2026-09-19,6,2026-09-20,index_models-1,
https://www.onsemi.com/download/models/sp3/ntgd4161pt1g.sp3,,,downloaded,1760,5577710c22c758929fef6b14b2c5af43ef8974e3f19fc3016bc6e2b302899cd2,2026-09-19,6,2026-09-20,index_models-1,
https://www.onsemi.com/download/models/sp3/ntgd4169f.sp3,,,downloaded,3212,8a42863503b99062c7c37d09228c522e3a65c1eebf67ddf4a3ae5f05c5d7d80a,2026-09-19,8,2026-09-20,index_models-1,
https://www.onsemi.com/download/models/sp3/ntgs3443b.sp3,,,downloaded,1714,3c6fcdba81428ae6bd91f52399978f9e5202766e71ceb385580714c14458f50d,2026-09-19,6,2026-09-20,index_models-1,
https://www.onsemi.com/download/models/sp3/ntgs3447pt1g.sp3,,,downloaded,1666,765245883ecb929065d0482de1099c370b672c10a09a814851d686d463140cfe,2026-09-19,6,2026-09-20,index_models-1,
https://www.onsemi.com/download/models/sp3/ntgs3a033pz.sp3.sp3,,,downloaded,1737,09b36c497bc153caa21ff106dc6abf79c3937e3f21d0862dac5f1b16aeef8b91,2026-09-19,6,2026-09-20,index_models-1,
https://www.onsemi.com/download/models/sp3/ntgs4111p.rev0.sp3,,,downloaded,1751,8745fbb127b9c6c344bb23a5965ef0bc5c08e2625a1df0e1a8f6c11ee3d75735,2026-09-19,6,2026-09-20,index_models-1,
https://www.onsemi.com/download/models/sp3/ntgs4141n.rev0.sp3,,,downloaded,1752,03cf5f919491c9cdd13ca983eb13247a1122588311c29131de380e81d663d4b4,2026-09-19,6,2026-09-20,index_models-1,
https://www.onsemi.com/download/models/sp3/nthd3102c.rev0.sp3,,,downloaded,4304,fa02981ef002f9ff98c11b768d4d09b37b4a551ada599f325d3423edc7db1d54,2026-09-19,13,2026-09-20,index_models-1,
https://www.onsemi.com/download/models/sp3/nthd4401p.rev0.sp3,,,downloaded,1738,5b4260474e77fa0c092cd7914b2ef6a89f714d0411ce052cb8f068ce159202a4,2026-09-19,6,2026-09-20,index_models-1,
https://www.onsemi.com/download/models/sp3/nthd4n02f.sp3,,,downloaded,3273,a270b24cdef2b635a09d23cd37ce1b24478511069caf06234f8210674eab5c65,2026-09-19,7,2026-09-20,index_models-1,
https://www.onsemi.com/download/models/sp3/nths4501n.rev0.sp3,,,downloaded,1743,955487ced840ccf6056620ed5d79a620b82377ef5b951561c0f9e409cbcb3c97,2026-09-19,6,2026-09-20,index_models-1,
https://www.onsemi.com/download/models/sp3/ntjd4001nt1.sp3,,,downloaded,1736,04583894da2ea7ef7e0359bfba2b05f5b437f64f82919b2a8d861080d44c1d5b,2026-09-19,6,2026-09-20,index_models-1,
https://www.onsemi.com/download/models/sp3/ntjs3157n.revo.sp3,,,downloaded,1742,0b3a8a7704ac44143749b52486523005219126b8acbb81e29dc1758a919355fd,2026-09-19,6,2026-09-20,index_models-1,
https://www.onsemi.com/download/models/sp3/ntjs4160n.sp3,,,downloaded,1761,9a343fb4ca1c33d1ea1e72c847ef3d42ac43b0842a8e98fe32a091b388196452,2026-09-19,6,2026-09-20,index_models-1,
https://www.onsemi.com/download/models/sp3/ntk3142p.sp3,,,downloaded,1746,9af494a083b0cf08a5b477066414dbcfc39661380c3a8ffda63e5afce1df396c,2026-09-19,6,2026-09-20,index_models-1,
https://www.onsemi.com/download/models/sp3/ntljd3119c.sp3,,,downloaded,4060,d33a855bb373612274a1dedc8865d51d623e3c3961b35d751e8cf1901ff8c2d0,2026-09-19,13,2026-09-20,index_models-1,
https://www.onsemi.com/download/models/sp3/ntljd3181pz.sp3,,,downloaded,2138,e99a7874d709534c6a13b9ea81cdd574804f043f926a38f6d27d64f1b12e1545,2026-09-19,7,2026-09-20,index_models-1,
https://www.onsemi.com/download/models/sp3/ntljd3182fz.sp3,,,downloaded,2825,a6be4c5e1288e541ddc5bf1184a7cb6d9cd19fcf1546f61dbda9fddec7f5c7f4,2026-09-19,8,2026-09-20,index_models-1,
https://www.onsemi.com/download/models/sp3/ntljs3113p.sp3,,,downloaded,1752,080b72cc99c2524b2850412287cc06e56b05b17c2f1a50dfb88641622eac35c9,2026-09-19,6,2026-09-20,index_models-1,
https://www.onsemi.com/download/models/sp3/ntljs4114n.sp3,,,downloaded,1679,970713e66b425b2b1eda382bf073e6463e058cf7cd03525234d54a381871ebd8,2026-09-19,6,2026-09-20,index_models-1,
https://www.onsemi.com/download/models/sp3/ntljs4159n.sp3,,,downloaded,1740,abb995f9458c37b140b701d1d14c08d3bed82096e93f8ca78bee6c7630b74733,2026-09-19,6,2026-09-20,index_models-1,
https://www.onsemi.com/download/models/sp3/ntltd7900z.rev0.sp3,,,downloaded,1837,7f48a9c5af66a4a5ad0ea070a72cffdae0a261cd9719e555b88f5ca40dde5606,2026-09-19,7,2026-09-20,index_models-1,
https://www.onsemi.com/download/models/sp3/ntlud4c26n.sp3.sp3,,,downloaded,1735,26a0ea964a323accbc6bb1d1ccf9a7a92fd1d1cf9484b48b9d1efc3bf90870fd,2026-09-19,6,2026-09-20,index_models-1,
https://www.onsemi.com/download/models/sp3/ntlus020n03c.sp3.sp3,,,downloaded,1731,750262cd56a54f7e5c2cb833fc4118d426773b361ed22986589812ade749070c,2026-09-19,6,2026-09-20,index_models-1,
https://www.onsemi.com/download/models/sp3/ntlus3a40pz-sp3.sp3,,,downloaded,1729,17cb8cf37b715ca28a9c12cbbc2e776bbba23487b6354e581eb509ea4caacee7,2026-09-19,6,2026-09-20,index_models-1,
https://www.onsemi.com/download/models/sp3/ntlus3a90pz-sp3.sp3,,,downloaded,1730,76ebf8dd7395ff042bb767d7f480d83b06b56a1f9d2257f6c78a7bf8f6c25fb5,2026-09-19,6,2026-09-20,index_models-1,
https://www.onsemi.com/download/models/sp3/ntlus4c16n.sp3.sp3,,,downloaded,1754,e6d67845d09f1b49f0702f3fcb85fdb7d8a07db80a56df8758289d09352ebbca,2026-09-19,6,2026-09-20,index_models-1,
https://www.onsemi.com/download/models/sp3/ntmd4840nr2g.sp3,,,downloaded,1690,6577135b81cb20643083e0d3b4820b511507eaa2409705a5f6fd40ac08d15b85,2026-09-19,6,2026-09-20,index_models-1,
https://www.onsemi.com/download/models/sp3/ntmfd5c446nl.sp3.sp3,,,downloaded,1742,feb69f5915beff404bdf49f3bd349eab70a7e8a25690c5bfdbe24a86cfa677c9,2026-09-19,6,2026-09-20,index_models-1,
https://www.onsemi.com/download/models/sp3/ntmfd5c462nl.sp3.sp3,,,downloaded,1737,b9499a290bdcba855272b7d7620508f0b32fd22a64cc97309f03209d004f76d4,2026-09-19,6,2026-09-20,index_models-1,
https://www.onsemi.com/download/models/sp3/ntmfd5c470nl.sp3.sp3,,,downloaded,1724,2f3c09162ebe99c95380f414c81a4d6f75d9c08a1d1dad9db186f017648e49b8,2026-09-19,6,2026-09-20,index_models-1,
https://www.onsemi.com/download/models/sp3/ntmfd5c650nl.sp3.sp3,,,downloaded,1749,d27639770fc758dc8bf95a01788a58c6508058ca5a6d98a190955a20b3978747,2026-09-19,6,2026-09-20,index_models-1,
https://www.onsemi.com/download/models/sp3/ntmfd5c672nl.sp3.sp3,,,downloaded,1743,c389e32051c6706eb314e638f97e38bd7e86bba782bb842fd675d78308e5ea72,2026-09-19,6,2026-09-20,index_models-1,
https://www.onsemi.com/download/models/sp3/ntmfd5c674nl.sp3.sp3,,,downloaded,1762,5383d1ef1164b29d5bef6c858a67ee025ed11b976b18076dd010948e5036ea02,2026-09-19,6,2026-09-20,index_models-1,
https://www.onsemi.com/download/models/sp3/ntmfd5c680nl.sp3.sp3,,,downloaded,1746,993581b56e87accd8d7666afc4855673bda2aa90f6dd962e847191367b8bf408,2026-09-19,6,2026-09-20,index_models-1,
https://www.onsemi.com/download/models/sp3/ntmfs4119n.sp3,,,downloaded,1751,486dd482cbb67dada8865439cfb151db1b82cb0ca410f840c882ee0d754d0970,2026-09-19,6,2026-09-20,index_models-1,
https://www.onsemi.com/download/models/sp3/ntmfs4121n.sp3,,,downloaded,1744,203d3e291b81a86246654c144aa9c3608df836ed5e701d5747bc54ddb960be87,2026-09-19,6,2026-09-20,index_models-1,
https://www.onsemi.com/download/models/sp3/ntmfs4707n.revo.sp3,,,downloaded,1746,3c6e3601a93b0bd6594983d47e49fe6a773b34db60ad3ec1875e0850cb09eab0,2026-09-19,6,2026-09-20,index_models-1,
https://www.onsemi.com/download/models/sp3/ntmfs4821.sp3,,,downloaded,1817,e6da9753513a6ddb4183c63273968894cd84b55242b4df77ca6fb61c4247abf1,2026-09-19,6,2026-09-20,index_models-1,
https://www.onsemi.com/download/models/sp3/ntmfs4835n.sp3,,,downloaded,1800,a16c70e5bf8769bf65903f332222c32d3d9efd77a3f64a85ff89462c2b0d3616,2026-09-19,6,2026-09-20,index_models-1,
https://www.onsemi.com/download/models/sp3/ntmfs4837n.sp3,,,downloaded,1789,e23470b3975abd58b6adcaf16426ed3d7414f0c399e35119a1f474ce21752acc,2026-09-19,6,2026-09-20,index_models-1,
https://www.onsemi.com/download/models/sp3/ntmfs4841nh.sp3,,,downloaded,1805,31382a0a30c05af85967b0228bb893171caec2b7290f630f1892d5bb08502521,2026-09-19,6,2026-09-20,index_models-1,
https://www.onsemi.com/download/models/sp3/ntmfs4849n.sp3,,,downloaded,1815,6bc8fa7859de4fb6aa0e9e13c9d6477c5201444b8bbbe2a2ce92d1a8ebc716a7,2026-09-19,6,2026-09-20,index_models-1,
https://www.onsemi.com/download/models/sp3/ntmfs4851n.sp3,,,downloaded,1839,d097d7abe6b250704a1addeae8ecc8b1c61412f36c9424201ac5e2a67a115333,2026-09-19,6,2026-09-20,index_models-1,
https://www.onsemi.com/download/models/sp3/ntmfs4923ne.sp3,,,downloaded,1762,8c712fac430209b442548eafd3f1231817fd8bfc34cbe6ab4d5dfb8aed075c75,2026-09-19,6,2026-09-20,index_models-1,
https://www.onsemi.com/download/models/sp3/ntmfs4931n.sp3,,,downloaded,1761,ae131322e0b9dbf3b71cf8f8f9bf6d230b8710636f351517bf792dbab3cf121f,2026-09-19,6,2026-09-20,index_models-1,
https://www.onsemi.com/download/models/sp3/ntmfs4936n.sp3,,,downloaded,1744,17b1044d44e49baded796e4e0389210d3841bb1b923111192375f273cb053940,2026-09-19,6,2026-09-20,index_models-1,
https://www.onsemi.com/download/models/sp3/ntmfs4983nf.sp3,,,downloaded,1736,176ee1f9ff3e944cdf160b1b027d7e3453c84313e0d602ab28bda40cc7e22960,2026-09-19,6,2026-09-20,index_models-1,
https://www.onsemi.com/download/models/sp3/ntmfs4c03n.sp3.sp3,,,downloaded,1734,edeb6e021d730336be402bc2c6520c4d76ea30334b08222dd1c9e958a77d963a,2026-09-19,6,2026-09-20,index_models-1,
https://www.onsemi.com/download/models/sp3/ntmfs4c13n.sp3,,,downloaded,1755,0561613e1e67a5c64c04bfe2ebce37be966c3af4a4230b1e280fdcce8c0862c6,2026-09-19,6,2026-09-20,index_models-1,
https://www.onsemi.com/download/models/sp3/ntmfs4h01n.rev0.sp3.sp3,,,downloaded,1740,674606d90dd5ca2b41e541216b76b03e5c206bff9d348b670d5dc4191e88b5ff,2026-09-19,6,2026-09-20,index_models-1,
https://www.onsemi.com/download/models/sp3/ntmfs4h01nf.rev0.sp3.sp3,,,downloaded,1735,62aa8aa3fb83df92ad27a6b83e0ec2eaa6652739d18758171b51f5e63b572d55,2026-09-19,6,2026-09-20,index_models-1,
https://www.onsemi.com/download/models/sp3/ntmfs4h02n.rev0.sp3.sp3,,,downloaded,1747,9e1aad69c3b4b1e03902c842045c5c5dbd607f02e3e5b66fe72129806394e323,2026-09-19,6,2026-09-20,index_models-1,
https://www.onsemi.com/download/models/sp3/ntmfs4h02nf.rev0.sp3.sp3,,,downloaded,1743,6e7e4ee9a349ed6f5c05524f519d9f26b7e47975092be3486a491da5d43eec5d,2026-09-19,6,2026-09-20,index_models-1,
https://www.onsemi.com/download/models/sp3/ntmfs5c450nl.sp3.sp3,,,downloaded,1740,0dc5654523a522d7d78c26748c3da30e292c9ba6d6f6450184b12822a637ab34,2026-09-19,6,2026-09-20,index_models-1,
https://www.onsemi.com/download/models/sp3/ntmfs5c456nl.sp3.sp3,,,downloaded,1741,4edefda38ad2fc44a86adfcd93060f74f6287c22fc8d897d7ff7eeb97ee77a9f,2026-09-19,6,2026-09-20,index_models-1,
https://www.onsemi.com/download/models/sp3/ntmfs5c460nl.sp3%20.sp3,,,downloaded,1742,b056d54f69b5bbca46cc748dd6771d2594babca6fcbb6094b20ab36d0be0c940,2026-09-19,6,2026-09-20,index_models-1,
https://www.onsemi.com/download/models/sp3/ntmfs5c468nl.sp3.sp3,,,downloaded,1754,db2236e44a7bc9ebe43a13460632667a94eec106cd86aa58f9d792bc9972501f,2026-09-19,6,2026-09-20,index_models-1,
https://www.onsemi.com/download/models/sp3/ntmfs5c645nlt1g.sp3.sp3,,,downloaded,1740,c90bcacc93123912c503ce9d292d66ecf3037a818a5ff0026afc99a0e9a5b330,2026-09-19,6,2026-09-20,index_models-1,
https://www.onsemi.com/download/models/sp3/ntmfs5c670nl.sp3.sp3,,,downloaded,1737,4e353fe78bd5f5a8b9cfc2da9b4f732b1b9f4c91920096b2580c1fc8f9b051eb,2026-09-19,6,2026-09-20,index_models-1,
https://www.onsemi.com/download/models/sp3/ntmfs5c673nlt1g.sp3.sp3,,,downloaded,1743,95dddd91351dcdb1ea7d83b602f9695df88ea7149e17a22fb69f545802a43751,2026-09-19,6,2026-09-20,index_models-1,
https://www.onsemi.com/download/models/sp3/ntmfs5c682nl.sp3.sp3,,,downloaded,1737,fef20a778ae3b0e08da9ed87f25f49c106ec06de78576db9d06b3b9ad0d0c710,2026-09-19,6,2026-09-20,index_models-1,
https://www.onsemi.com/download/models/sp3/ntmfs5h630nl.sp3.sp3,,,downloaded,1756,b48d7b3ae8991f7520e7f6f22dfc51728fcd463c8887fb5d9f1a4655e6d6b7d4,2026-09-19,6,2026-09-20,index_models-1,
https://www.onsemi.com/download/models/sp3/ntmfs5h663nl.sp3.sp3,,,downloaded,1753,9f72cce04af677514366a26d63c13b5dc59185266b547bcba04c4f26ad9cfb82,2026-09-19,6,2026-09-20,index_models-1,
https://www.onsemi.com/download/models/sp3/ntmfs6b03n%20spice3.sp3,,,downloaded,1735,ec471ea38f92b3f57a35118785a72115893326dc3418d2f536a9d359242c0fe9,2026-09-19,6,2026-09-20,index_models-1,
https://www.onsemi.com/download/models/sp3/ntmfs6b05n%20spice3.sp3,,,downloaded,1737,cb9465e3c1269b39f9758d5f58ccdd85969ded83ff693ef167b0d87eabf5984d,2026-09-19,6,2026-09-20,index_models-1,
https://www.onsemi.com/download/models/sp3/ntmfs6b14n%20spice3.sp3,,,downloaded,1728,583ab349e534bffd742ca8ebbac7e920296490b2fac6acaec6a03122181f1b8d,2026-09-19,6,2026-09-20,index_models-1,
https://www.onsemi.com/download/models/sp3/ntms4177p.sp3,,,downloaded,1758,0cd5eeb1ee5f6aef65dd4c395b7a2826f4841b67ef9870b03cd62b0b197fa9ee,2026-09-19,6,2026-09-20,index_models-1,
https://www.onsemi.com/download/models/sp3/ntms4807nr2g.sp3,,,downloaded,1680,43d247ecf8f782311841902cf7f7dbdd734b7d013e50d2b1101393be8bf5c10e,2026-09-19,6,2026-09-20,index_models-1,
https://www.onsemi.com/download/models/sp3/ntms4872nr2g.sp3,,,downloaded,1756,4bb65a1c0dee4d6c5d733cfccdbe83673d571ca54258c1eb62bd86816dc3cd15,2026-09-19,6,2026-09-20,index_models-1,
https://www.onsemi.com/download/models/sp3/ntms4917n.sp3,,,downloaded,1742,94e7e3a954bb1184f6f03ada2413d6077eb41c3e908009429b882a8d92b9c4b7,2026-09-19,6,2026-09-20,index_models-1,
https://www.onsemi.com/download/models/sp3/ntmsd2p102l.rev0.sp3,,,downloaded,3291,be20a1f2481d1201ae3387624b196e0c583edd0c4368fcb1202318674a8ea3bf,2026-09-19,8,2026-09-20,index_models-1,
https://www.onsemi.com/download/models/sp3/ntmsd3p102r2.rev0.sp3,,,downloaded,3282,28ba64cb10a3580ac19f833f17fff5c065a395ee66faa53824dfc3200273eba6,2026-09-19,8,2026-09-20,index_models-1,
https://www.onsemi.com/download/models/sp3/ntnd31200pz.sp3.sp3,,,downloaded,2156,d42f6d09a59f692cb1b3bea169d0ba8a036389a0e7ceffaa18a1904433a09c15,2026-09-19,7,2026-09-20,index_models-1,
https://www.onsemi.com/download/models/sp3/ntnd31215cz.sp3.sp3,,,downloaded,3899,234f6b01377078d410b448c37b906c9259ab7895471bdd55f954930db53984b3,2026-09-19,13,2026-09-20,index_models-1,
https://www.onsemi.com/download/models/sp3/ntnd3184nz.sp3.sp3,,,downloaded,1728,56f9867206809f4b141a1e86832206500c63cdcb25db7db35b67fc1e01a500de,2026-09-19,6,2026-09-20,index_models-1,
https://www.onsemi.com/download/models/sp3/ntns1k5n021z.sp3.sp3,,,downloaded,1733,1f0a60d7efc380d26005a7bb30cd97fd6014405704acfbf64b5a5caf614ac234,2026-09-19,6,2026-09-20,index_models-1,
https://www.onsemi.com/download/models/sp3/ntns41006pztcg_rev0.sp3.sp3,,,downloaded,1741,5b44d5fdeb87c015ca1ca542859d63cad830916060b36b6e6c8ecfcee17931ed,2026-09-19,6,2026-09-20,index_models-1,
https://www.onsemi.com/download/models/sp3/ntns5k0p021z.sp3.sp3,,,downloaded,1730,169f5da6ee88252c3d05ec2eb90ba300d9fdc3060cdbb7adc9d27dcdc4345c72,2026-09-19,6,2026-09-20,index_models-1,
https://www.onsemi.com/download/models/sp3/ntp18n06l.sp3,,,downloaded,1696,6960e952b8f66fa1c63bd0f819fb36c6832cfc59e8c3ba7e8eb462bf28a103c3,2026-09-19,6,2026-09-20,index_models-1,
https://www.onsemi.com/download/models/sp3/ntp30n06.sp3,,,downloaded,1694,3d58d472684b664bd0780e863ada68388b4c751a8322d693eed5d1a8323ec828,2026-09-19,6,2026-09-20,index_models-1,
https://www.onsemi.com/download/models/sp3/ntqd6968n.rev0.sp3,,,downloaded,1755,2684b5c5a3241b04245f9ea11ec86934027c140996bc19e8d130ceb3c445dcef,2026-09-19,6,2026-09-20,index_models-1,
https://www.onsemi.com/download/models/sp3/ntr1p02lt1.sp3,,,downloaded,1741,885a2fd50adb32e57507df1de72ea233f480c7f1f06b34ad09ceb9e2cbf29e16,2026-09-19,6,2026-09-20,index_models-1,
https://www.onsemi.com/download/models/sp3/ntr3a052pz.sp3.sp3,,,downloaded,1739,5e1b29428e449bdbd249492de97df0842e1ded1944b5cbe9a35e84676b1d2176,2026-09-19,6,2026-09-20,index_models-1,
https://www.onsemi.com/download/models/sp3/ntr3a085pz.sp3.sp3,,,downloaded,1735,0310bb4bfb456d7fe6050035583b4052f368309dbbb1b681d5564191ec0f61db,2026-09-19,6,2026-09-20,index_models-1,
https://www.onsemi.com/download/models/sp3/ntr4502p.rev0.sp3,,,downloaded,1750,a290160d5db87c818bb33d9dbb96466e0659797ca1540e465ea9811d3a6de416,2026-09-19,6,2026-09-20,index_models-1,
https://www.onsemi.com/download/models/sp3/nts1045mfs_sp3.sp3,,,downloaded,661,37fd136ca3fed4458bc6e9449b96cf3d0b5cccb8d2c145648d35666cc5225f29,2026-09-19,1,2026-09-20,index_models-1,
https://www.onsemi.com/download/models/sp3/nts1260mfs_sp3.sp3,,,downloaded,668,68fcf95fb725a360b389588b86a5937bb5f4b8ef45a8f62b15eb8ff97d7d6d70,2026-09-19,1,2026-09-20,index_models-1,
https://www.onsemi.com/download/models/sp3/nts1545mfs_sp3.sp3,,,downloaded,661,c0e37b537e61479eaf6961eac3a9b7c69d4a7a2a7ecda92f7581062bc94a13dd,2026-09-19,1,2026-09-20,index_models-1,
https://www.onsemi.com/download/models/sp3/nts245sf.sp3.sp3,,,downloaded,665,3e7211e94754465a4a25458559257319356455985fc0c8fea6c72d0994b66ac8,2026-09-19,1,2026-09-20,index_models-1,
https://www.onsemi.com/download/models/sp3/nts260sf_sp3.sp3,,,downloaded,660,96750000d79335c29c2eee25947827518410656d23c44364f277e0eb8b0e0a3e,2026-09-19,1,2026-09-20,index_models-1,
https://www.onsemi.com/download/models/sp3/nts560mfs_sp3.sp3,,,downloaded,666,654d65c3e7a55bb919f671611daaecb0cffbc629f99750bad257412ddbaa8ef5,2026-09-19,1,2026-09-20,index_models-1,
https://www.onsemi.com/download/models/sp3/nts860mfs_sp3.sp3,,,downloaded,662,ff6c6fcb3e6e0fddb75f29b97d687b8b5e201d447670206eb4ea77f7368149a2,2026-09-19,1,2026-09-20,index_models-1,
https://www.onsemi.com/download/models/sp3/ntsa4100_sp3.sp3,,,downloaded,661,1266c61f0335c8d40a1d95842655aeecb925a6627f17772a052b5d0194b4e52c,2026-09-19,1,2026-09-20,index_models-1,
https://www.onsemi.com/download/models/sp3/ntsaf345_sp3.sp3,,,downloaded,661,20d7202789ae80cb016ba16632557f952914fc7a648180e14aedd3895a05ba19,2026-09-19,1,2026-09-20,index_models-1,
https://www.onsemi.com/download/models/sp3/ntsaf5100_sp3.sp3,,,downloaded,664,19cef035cf3ed2b5884817f2c2b4c259fd5742d002bcb66fc1b55123a7582dd4,2026-09-19,1,2026-09-20,index_models-1,
https://www.onsemi.com/download/models/sp3/ntsaf545_sp3.sp3,,,downloaded,667,91a8284979093f7929c8f5b3c565ff3c5001003613dc9434733cb6d9b4a921de,2026-09-19,1,2026-09-20,index_models-1,
https://www.onsemi.com/download/models/sp3/ntss3100_sp3.sp3,,,downloaded,658,150dc7475bb6ab970b00f9bbf1a9187bd57cf458785db4992f8854c1e575c1a3,2026-09-19,1,2026-09-20,index_models-1,
https://www.onsemi.com/download/models/sp3/ntss5100_sp3.sp3,,,downloaded,663,ea3a93f5ec8e18c9c66871209c7371405b72967329620adc10977f04eb035af4,2026-09-19,1,2026-09-20,index_models-1,
https://www.onsemi.com/download/models/sp3/nttfs4928n.sp3.sp3,,,downloaded,1736,f5dff1ee5e584eafa9303f8020c945f8518515f9f2e4ac0c509839563b8644bc,2026-09-19,6,2026-09-20,index_models-1,
https://www.onsemi.com/download/models/sp3/nttfs4939n.sp3,,,downloaded,1745,180f8afd9cd080d884f20009dfe31b53c6606367dc2b79b5570135b9a9d5cfbb,2026-09-19,6,2026-09-20,index_models-1,
https://www.onsemi.com/download/models/sp3/nttfs4941n.sp3,,,downloaded,1748,fbeb723a88d653e75921cec883f3546eb4542ae3a093aa945d21eb300e666d80,2026-09-19,6,2026-09-20,index_models-1,
https://www.onsemi.com/download/models/sp3/nttfs4945n.sp3,,,downloaded,1752,0690b602c3ddc0f76f0b88d3e3243edddd0a775a2f2e738f456f9a1b4210092c,2026-09-19,6,2026-09-20,index_models-1,
https://www.onsemi.com/download/models/sp3/nttfs4c02n.sp3.sp3,,,downloaded,1729,ad0e0d3fd3e6dd265d2fa03d63801ac9aa969708fb0b27a74ff8d9aa28f3c63c,2026-09-19,6,2026-09-20,index_models-1,
https://www.onsemi.com/download/models/sp3/nttfs4c10n.sp3,,,downloaded,1740,3efdf29e123d7f852baa5ae979926a1cfb1afc30ed1d2398d14e43c20c173b01,2026-09-19,6,2026-09-20,index_models-1,
https://www.onsemi.com/download/models/sp3/nttfs4h05n.rev0.sp3.sp3,,,downloaded,1750,d5cac6d0e5e9b3e549b31560b7ff5987560193a4ba617813cada7c7033612762,2026-09-19,6,2026-09-20,index_models-1,
https://www.onsemi.com/download/models/sp3/nttfs5826nl.sp3.sp3,,,downloaded,1759,4f92c3cc1717b0c64781d151986ba5a2def9d7c56890967d19c188eeddf25868,2026-09-19,6,2026-09-20,index_models-1,
https://www.onsemi.com/download/models/sp3/nttfs5c471nl.sp3.sp3,,,downloaded,1732,05703c2181555cb4470bf14cf149c5693b856a3ad3a5d7c4a5090b030e286383,2026-09-19,6,2026-09-20,index_models-1,
https://www.onsemi.com/download/models/sp3/nttfs5c478nl.sp3.sp3,,,downloaded,1749,5e3e41f2bd98112d94b66e3f702f06519d92a69abc2f979f36606484a1914700,2026-09-19,6,2026-09-20,index_models-1,
https://www.onsemi.com/download/models/sp3/nttfs5c658nl.sp3.sp3,,,downloaded,1741,0b1f7f3f4b330da197351162631f6f28a8c881ba94cb0c0b9962988973ad7989,2026-09-19,6,2026-09-20,index_models-1,
https://www.onsemi.com/download/models/sp3/nttfs5c670nl.sp3.sp3,,,downloaded,1733,1bb570a42aca7821e48b21f5333e0fc58aa12d96b8c48951da29dabfe0083bbf,2026-09-19,6,2026-09-20,index_models-1,
https://www.onsemi.com/download/models/sp3/nttfs5c673nl.sp3.sp3,,,downloaded,1748,46b5444f4bb633fa4f3865c801fffccea13e79fce6d3764d3842c4d1d4bb3709,2026-09-19,6,2026-09-20,index_models-1,
https://www.onsemi.com/download/models/sp3/ntud3127c.sp3,,,downloaded,4843,d38b074746695112181e125b925a31461816f69cd98081f91bd998f1b282090e,2026-09-19,19,2026-09-20,index_models-1,
https://www.onsemi.com/download/models/sp3/ntzd3152p.rev0.sp3,,,downloaded,1744,0004b0e5790ab4dfacb305e3e309134f147b2efcd676a6da6a4835215a18c3d2,2026-09-19,6,2026-09-20,index_models-1,
https://www.onsemi.com/download/models/sp3/ntzd3155c-n.rev0.sp3,,,downloaded,1740,33d81dc5ca8065181f88f6e2ac3e9634d9b3b07d3d8adf1945e93cc137e3ff12,2026-09-19,6,2026-09-20,index_models-1,
https://www.onsemi.com/download/models/sp3/nud3105lt1.rev0.sp3,,,downloaded,2800,6d0d3b66b84a5db05b2a8d948db024d81a59bdb4e07880395395ec776441362c,2026-09-19,9,2026-09-20,index_models-1,
https://www.onsemi.com/download/models/sp3/nud3112lt1.rev0.sp3,,,downloaded,2800,6d0d3b66b84a5db05b2a8d948db024d81a59bdb4e07880395395ec776441362c,2026-09-19,9,2026-09-20,index_models-1,
https://www.onsemi.com/download/models/sp3/nud3160dmt1rev0.sp3,,,downloaded,3266,0cac5f7eb4a0e472ef45d2eecefd5d0b24d2d002319723cabfd1458906b50ead,2026-09-19,9,2026-09-20,index_models-1,
https://www.onsemi.com/download/models/sp3/nuf3102sm2.sp3,,,downloaded,2137,92037fb81642280e392ac0f654acafab320d11e071fd4c1461cd4cc12a34f83d,2026-09-19,6,2026-09-20,index_models-1,
https://www.onsemi.com/download/models/sp3/nuf4001mut2g.sp3,,,downloaded,1662,5474a1e9a02bc4e7617e2fec67e5dea582c2cf691c58f1df6eea3b6d1426b532,2026-09-19,6,2026-09-20,index_models-1,
https://www.onsemi.com/download/models/sp3/nup2114upxv5t1g.sp3,,,downloaded,1946,991a03e51f40d49717efde823f2c75172324134a890cecc8e9ffacd2f72e20a3,2026-09-19,7,2026-09-20,index_models-1,
https://www.onsemi.com/download/models/sp3/nup2115.sp3,,,downloaded,1079,585f6dbe7601392a4f66136f33a2726997f5e685ae9838f6926909f69b8dff6e,2026-09-19,6,2026-09-20,index_models-1,
https://www.onsemi.com/download/models/sp3/nup2125.sp3.sp3,,,downloaded,1123,5e02c6c90acb3b3322066c57d8517eec777b5baaf3441c1c0f2edc1ae8761130,2026-09-19,6,2026-09-20,index_models-1,
https://www.onsemi.com/download/models/sp3/nup3105l.sp3.sp3,,,downloaded,1114,c53eca722fdf566d15efe27997400034fca19c8a2337c3904aec9cab38d611d0,2026-09-19,6,2026-09-20,index_models-1,
https://www.onsemi.com/download/models/sp3/nup4114ucw1t2g.sp3,,,downloaded,2073,94faaa031d5d3e5faa914a42d8ee1628d2c9d337e8e6cc56ef13f5d64c7669d5,2026-09-19,7,2026-09-20,index_models-1,
https://www.onsemi.com/download/models/sp3/nup4114upxv6t1g.sp3,,,downloaded,2075,afdb2deedbb54fba3f3915b72f58d88e057a2b1f086854bef12bc8f84f985e7e,2026-09-19,7,2026-09-20,index_models-1,
https://www.onsemi.com/download/models/sp3/nvd5c434nt4g_rev0_sp3.sp3,,,downloaded,1740,d242d7c8f66aac97b20d0d60738862a706279c20e32d70d391c1cb064b5092e9,2026-09-19,6,2026-09-20,index_models-1,
https://www.onsemi.com/download/models/sp3/nvd5c464nt4g_rev0.sp3.sp3,,,downloaded,1752,47141260b2bf68fefe06371a88437eafe3b91f2a3720acb71dae76ce3f9b9b48,2026-09-19,6,2026-09-20,index_models-1,
https://www.onsemi.com/download/models/sp3/nvd5c632nlt4g_rev0.sp3.sp3,,,downloaded,1752,e8f0057a6cd75aba058fdff9936638d37972d17d2fbdebc93ef58bdddbf2e6d6,2026-09-19,6,2026-09-20,index_models-1,
https://www.onsemi.com/download/models/sp3/nvd5c668nlt4g_rev0_sp3.sp3,,,downloaded,1745,c17b004b79e6c6c2d588ab69f9c16d2d75b019b5a49508719f72de2e96149834,2026-09-19,6,2026-09-20,index_models-1,
https://www.onsemi.com/download/models/sp3/nvd5c688nlt4g_rev0_sp3.sp3,,,downloaded,1751,81e842105d9d55cd2fd2a8da5ba9c88204af157469da0268f451f459495c9a02,2026-09-19,6,2026-09-20,index_models-1,
https://www.onsemi.com/download/models/sp3/nvd6495nl.sp3.sp3,,,downloaded,1762,37ea70dc79dfc18abfaa2b27d3e7a2ad8309d98e1e4919c316e04dac38094143,2026-09-19,6,2026-09-20,index_models-1,
https://www.onsemi.com/download/models/sp3/nvd6828nl%20spice3%20model.sp3,,,downloaded,1747,cbdf2fc37259ab610a4607fae056c281ced1115c0c6200c8b8aaf5b72cfb2579,2026-09-19,6,2026-09-20,index_models-1,
https://www.onsemi.com/download/models/sp3/nvdd5894nl.sp3.sp3,,,downloaded,1753,c0e6c07de7113e69d0678c0167fc0136ad0fdfb0aba742156676af789d4a03e8,2026-09-19,6,2026-09-20,index_models-1,
https://www.onsemi.com/download/models/sp3/nvmfd5489nl%20spice3%20model.sp3,,,downloaded,1738,66f2067e0dba739ad334f4db811ae6dfc9f2af88a254e5ae63a174f25f4aab80,2026-09-19,6,2026-09-20,index_models-1,
https://www.onsemi.com/download/models/sp3/nvmfd5853nl_spice3.sp3,,,downloaded,1748,f0e0dc65451c6de1c7318765f0e97266b31b0ed2f293764fa6f3d83b9f0c37b1,2026-09-19,6,2026-09-20,index_models-1,
https://www.onsemi.com/download/models/sp3/nvmfd5877nl%20spice3%20model.sp3,,,downloaded,1748,88fa3bb66368ab4f108e692fa7857b3bb421fc1eedb48ebd20ecf289288f434f,2026-09-19,6,2026-09-20,index_models-1,
https://www.onsemi.com/download/models/sp3/nvmfs4c03n.sp3.sp3,,,downloaded,1734,26708457d6fbc2d61e0d06f1e5057ea5be3edbb9398347aafe6b25eb6b6e2697,2026-09-19,6,2026-09-20,index_models-1,
https://www.onsemi.com/download/models/sp3/nvmfs4c302n.sp3.sp3,,,downloaded,1741,64bc5789ee50ddf1fff3494e2860227b211a2fe7c5c379068d6179aef58bb43d,2026-09-19,6,2026-09-20,index_models-1,
https://www.onsemi.com/download/models/sp3/nvmfs5113pl.sp3.sp3,,,downloaded,1758,591b9295520513491d956c31564269f172b092eb55a63c552b0836a34505ad63,2026-09-19,6,2026-09-20,index_models-1,
https://www.onsemi.com/download/models/sp3/nvmfs5826nl.sp3,,,downloaded,1785,f471c27449b1ba68615327998dfe603041c5819f32ab6b4e7a7dbfdf18b1ee6d,2026-09-19,6,2026-09-20,index_models-1,
https://www.onsemi.com/download/models/sp3/nvmfs5c410n.sp3.sp3,,,downloaded,1732,0c7c02096b192172efbe69550425a20472b52e426982add69b60f4390d5c14a2,2026-09-19,6,2026-09-20,index_models-1,
https://www.onsemi.com/download/models/sp3/nvmfs5c442.sp3.sp3,,,downloaded,1754,b93494a129ecaa10b66011b9835dee012452ee94b2b11fcb2b1962dab53c6b4e,2026-09-19,6,2026-09-20,index_models-1,
https://www.onsemi.com/download/models/sp3/nvmfs5h663nl.sp3.sp3,,,downloaded,1753,9334529c5deb1012150643d43f26774688a27dc427a7d60b3208ad42471e584c,2026-09-19,6,2026-09-20,index_models-1,
https://www.onsemi.com/download/models/sp3/nvmfs6b14nl%20pspice%20model%203.sp3,,,downloaded,1747,095c373d19a19e3c244f3ead77979b6e42eaf77a716f0bd61462da704df490a6,2026-09-19,6,2026-09-20,index_models-1,
https://www.onsemi.com/download/models/sp3/nvmfs6b25nl%20spice3%20model.sp3,,,downloaded,1755,22b0eee39dbabeafcc337f582785d5c2ae0d7b3b925f01f7e4081f11ab6b811f,2026-09-19,6,2026-09-20,index_models-1,
https://www.onsemi.com/download/models/sp3/nvmfs6b75nl%20spice3%20model.sp3,,,downloaded,1759,bdccabc8c3a13c39f9950141c2cb61bbe4dcab19d3a85c66e06be652db6cdd45,2026-09-19,6,2026-09-20,index_models-1,
https://www.onsemi.com/download/models/sp3/nvmfs6b85nl%20spice3%20model.sp3,,,downloaded,1755,22b0eee39dbabeafcc337f582785d5c2ae0d7b3b925f01f7e4081f11ab6b811f,2026-09-19,6,2026-09-20,index_models-1,
https://www.onsemi.com/download/models/sp3/nvtfs4c05n%20spice3%20model.sp3,,,downloaded,1747,e3e49aaface25f19e7d37bfa513a877dd7782132547a49c73ae3cc54d9ca9934,2026-09-19,6,2026-09-20,index_models-1,
https://www.onsemi.com/download/models/sp3/nvtfs4c10n%20spice3%20model.sp3,,,downloaded,1740,3efdf29e123d7f852baa5ae979926a1cfb1afc30ed1d2398d14e43c20c173b01,2026-09-19,6,2026-09-20,index_models-1,
https://www.onsemi.com/download/models/sp3/nvtfs4c25n.sp3,,,downloaded,1737,1d66c8b4528ef53af6c6f5efd0435cf3a9151a11bd42a440dbbf70ae8bf31d92,2026-09-19,6,2026-09-20,index_models-1,
https://www.onsemi.com/download/models/sp3/nvtfs5c466nl.sp3.sp3,,,downloaded,1734,2fa432217f47c0f827c1a6241d5e9fa8d62ba8ebdd16be7f3a2be8d883c6d09c,2026-09-19,6,2026-09-20,index_models-1,
https://www.onsemi.com/download/models/sp3/nz9f2v4st5g-sp3.sp3,,,downloaded,1187,942bd0a63bab5125ecde6abe63616ac4b5459c79841fc9600bc50ddbe240ad3d,2026-09-19,6,2026-09-20,index_models-1,
https://www.onsemi.com/download/models/sp3/nz9f2v4t5g-sp3.sp3,,,downloaded,1199,bc762fc4d2ef5e9e6a3fcfb6ba06405951428ae2688087155d397a6c73e94169,2026-09-19,6,2026-09-20,index_models-1,
https://www.onsemi.com/download/models/sp3/nz9f2v7st5g.sp3,,,downloaded,1233,2a629c74710e422a9978a033929eb4b965c7386eda3fe2bca7b072b5a3255aac,2026-09-19,6,2026-09-20,index_models-1,
https://www.onsemi.com/download/models/sp3/nz9f3v6st5g.sp3,,,downloaded,1199,0cd471a53025c985dff2d1e871bf17943fc52d7f3cf8459d996db608bca444df,2026-09-19,6,2026-09-20,index_models-1,
https://www.onsemi.com/download/models/sp3/nzd5v6mu.sp3.sp3,,,downloaded,1223,1f3d9fc410ef6f65bd4cc0774c20b35076682b98ec6889d9d66d782f3b733215,2026-09-19,6,2026-09-20,index_models-1,
https://www.onsemi.com/download/models/sp3/pspice%20model%20sp3%20file.sp3,,,downloaded,978,eb275a5f0784944d1c26f123db96da092b98e8592c25a7a926dc27c9ac053630,2026-09-19,1,2026-09-20,index_models-1,
https://www.onsemi.com/download/models/sp3/pspice%20model%20sp3.sp3,,,downloaded,1006,69a102f38739bd20a561d79ba1066bb0dfa115e6329bf1fef960ab2926a0d3ee,2026-09-19,1,2026-09-20,index_models-1,
https://www.onsemi.com/download/models/sp3/pspice%20sp3%20file.sp3,,,downloaded,2343,952df313c4d7814d8b681708711bd0ba245a3678d85b06a3759278aa48220c25,2026-09-19,3,2026-09-20,index_models-1,
https://www.onsemi.com/download/models/sp3/pspice3%20model.sp3,,,downloaded,1243,236460f3a0cf128c8955328b9d49b9e860fd271da92223be4e8256f06122c65d,2026-09-19,6,2026-09-20,index_models-1,
https://www.onsemi.com/download/models/sp3/sb01-15c_sp3_model.sp3,,,downloaded,649,5bc42067d4efb642aa19d7ffb361f3946b18a6911004d421878e0ce87eca12db,2026-09-19,1,2026-09-20,index_models-1,
https://www.onsemi.com/download/models/sp3/sbas16xv2t1g.sp3,,,downloaded,669,c28fa156d8de16387a770f1dfb918599c0fd51d916dcf149c54066d58d90c924,2026-09-19,1,2026-09-20,index_models-1,
https://www.onsemi.com/download/models/sp3/sbc817-40l.sp3.sp3,,,downloaded,984,70f60f4a20de0f43fdccbc430fac77db518115eb872d7d5b82922ccac5a053dc,2026-09-19,1,2026-09-20,index_models-1,
https://www.onsemi.com/download/models/sp3/sms05t1.sp3,,,downloaded,957,b026e449cbd77df3f2dce01802681cd06cf9056df74306eff76780fda8754aec,2026-09-19,5,2026-09-20,index_models-1,
https://www.onsemi.com/download/models/sp3/smsd602rt1g_rev0.sp3.sp3,,,downloaded,987,cd320ecdf25996c27371255d13bc7bf302b6a24a2bc56646586799488fbcae3a,2026-09-19,1,2026-09-20,index_models-1,
https://www.onsemi.com/download/models/sp3/sp3%20model%20for%20mbrs3201t3.sp3,,,downloaded,668,61b0d4033363ae327b0653be0149515e7e88891df4f3fc3a5df25eabdb96fe8c,2026-09-19,1,2026-09-20,index_models-1,
https://www.onsemi.com/download/models/sp3/sp3%20model%20for%20murd340t4.sp3,,,downloaded,683,4f0c18bc4e0672dd9d58f758f5cd402fee4324f51b81d3beadec036b4d363302,2026-09-19,1,2026-09-20,index_models-1,
https://www.onsemi.com/download/models/sp3/sp3%20model%20mbrs4201t3.sp3,,,downloaded,664,1e380dc2392d0138443516e0c2589a45894e87092f75769c81dc1ad658049b7c,2026-09-19,1,2026-09-20,index_models-1,
https://www.onsemi.com/download/models/sp3/sp3%20model%20murd330t4.sp3,,,downloaded,676,232aa07afa94ae539a494521872589b3b644f20289d9843b602e1dffbe2b0c6e,2026-09-19,1,2026-09-20,index_models-1,
https://www.onsemi.com/download/models/sp3/sp3%20model.sp3,,,downloaded,966,c17cab11692c044ba50835cea07ec039d3721bfa9b6cdad1e85ee084a9fd5c70,2026-09-19,5,2026-09-20,index_models-1,
https://www.onsemi.com/download/models/sp3/spice%203%20model.sp3,,,downloaded,1235,3a03f28293f648f94d1fb671830df87226a583dce962cab3f13c11f1f7f9d0d1,2026-09-19,6,2026-09-20,index_models-1,
https://www.onsemi.com/download/models/sp3/spice%20model%20sp3.sp3,,,downloaded,1753,edbf409cd2a0156da7e071f7e7f11c94cb09083291ac49d079170ddc83dc42d1,2026-09-19,6,2026-09-20,index_models-1,
https://www.onsemi.com/download/models/sp3/spice3%20model.sp3,,,downloaded,1747,cbdf2fc37259ab610a4607fae056c281ced1115c0c6200c8b8aaf5b72cfb2579,2026-09-19,6,2026-09-20,index_models-1,
https://www.onsemi.com/download/models/sp3/szbzx84c18t1g.sp3.sp3,,,downloaded,1217,2f20399affbab2f2ffacfbb5c179f332195b517fac02e5d6572359a129d60324,2026-09-19,6,2026-09-20,index_models-1,
https://www.onsemi.com/download/models/sp3/szbzx84c22t1g.sp3.sp3,,,downloaded,1235,2144b02066a632d723ac8546087d65e64319e464ccffe9b83f14010f2c64fa69,2026-09-19,6,2026-09-20,index_models-1,
https://www.onsemi.com/download/models/sp3/szbzx84c33t1g.sp3.sp3,,,downloaded,1237,97f84875532bef041fc72fce0a09d3a42859dc1830c7f25ad3cbe9211a1310d9,2026-09-19,6,2026-09-20,index_models-1,
https://www.onsemi.com/download/models/sp3/szbzx84c47t1g.sp3.sp3,,,downloaded,1238,53163c48feed9e1f4351ca2586a20c6eec0950ef8a052f9264f36eee5bfeb8c7,2026-09-19,6,2026-09-20,index_models-1,
https://www.onsemi.com/download/models/sp3/szbzx84c5v1et1g.sp3.sp3,,,downloaded,1211,b231cc1a54555288908fbb4b071c3601484d836e0953e24c67477a3c6b359dfe,2026-09-19,6,2026-09-20,index_models-1,
https://www.onsemi.com/download/models/sp3/szbzx84c8v2t3g.sp3.sp3,,,downloaded,1219,9be6d3f6aee4111a8b1678806b004d32786316deb0b68b0dec788805c4e978fb,2026-09-19,6,2026-09-20,index_models-1,
https://www.onsemi.com/download/models/sp3/sznz3f4v7t1g.sp3,,,downloaded,1232,142125af6a82f857b48f4e3704e395f606358ecc8d2219c9fc66251e6c97cda7,2026-09-19,6,2026-09-20,index_models-1,
https://www.onsemi.com/download/models/txt/1smb26cat3g%20spice3%20model.txt,,,downloaded,1078,4551e1dfb932ff3424af86cd87470c7fa22cc6714ccb44a6e63e1f83d5adac47,2026-09-19,6,2026-09-20,index_models-1,
https://www.onsemi.com/download/models/txt/2n2222a.lib.txt,,,downloaded,960,19cfa15ba4ce4fe30ec48bab784c326153c0dfa13f17d3a520c82154f188389b,2026-09-19,1,2026-09-20,index_models-1,
https://www.onsemi.com/download/models/txt/2n2222a.sp2.txt,,,downloaded,960,cf76a65f8a0b3998d537bf9e5bce58fdc9527791b6c87db70f284a8a4715c902,2026-09-19,1,2026-09-20,index_models-1,
https://www.onsemi.com/download/models/txt/2n2222a.sp3.txt,,,downloaded,959,ec0badcfc4d5d07d43ef08a324d6bcc3f8f0e43ebe1311bf76d5427b49d383ea,2026-09-19,1,2026-09-20,index_models-1,
https://www.onsemi.com/download/models/txt/2n2907a.sp2.txt,,,downloaded,978,cbd628b13600b162e7dadf595130a961ba9dfec22f886e2b5a8e05fb23b5fbd1,2026-09-19,1,2026-09-20,index_models-1,
https://www.onsemi.com/download/models/txt/2n7002e.lib.txt,,,downloaded,1757,274596f914278f7eaeae6b80a7a7b78753bbce82aba606742e0a3404c3deaeec,2026-09-19,6,2026-09-20,index_models-1,
https://www.onsemi.com/download/models/txt/2n7002e.sp2.txt,,,downloaded,1758,9432368cf5423bbaf2a99447e67c5354247292611686a4626f639a3f8ba76420,2026-09-19,6,2026-09-20,index_models-1,
https://www.onsemi.com/download/models/txt/2n7002e.sp3.txt,,,downloaded,1757,3cf75559db3fe02b4d8809af102e09933f31869d0ffae3dd0dfb42244cfd8548,2026-09-19,6,2026-09-20,index_models-1,
https://www.onsemi.com/download/models/txt/2n7002k.lib.txt,,,downloaded,1757,274596f914278f7eaeae6b80a7a7b78753bbce82aba606742e0a3404c3deaeec,2026-09-19,6,2026-09-20,index_models-1,
https://www.onsemi.com/download/models/txt/2n7002k.sp3.txt,,,downloaded,1757,3cf75559db3fe02b4d8809af102e09933f31869d0ffae3dd0dfb42244cfd8548,2026-09-19,6,2026-09-20,index_models-1,
https://www.onsemi.com/download/models/txt/2sk3666-3_models.txt,,,downloaded,1302,bf54cc06598b6e45cf869e4577db45ea7be087ba3e50eff6b88c653653f5cae6,2026-09-19,2,2026-09-20,index_models-1,
https://www.onsemi.com/download/models/txt/2sk545-11_model_rev0.txt,,,downloaded,1303,0abf8868eb98e01f86b019a7526d611dce19985686f6b4d19aedb77400544ef6,2026-09-19,2,2026-09-20,index_models-1,
https://www.onsemi.com/download/models/txt/2sk932-23%20model_rev0.txt,,,downloaded,1319,e90e320d485817cd0aecb98d5e16ebc6179241ed0513e14f35b07d8186129c0a,2026-09-19,2,2026-09-20,index_models-1,
https://www.onsemi.com/download/models/txt/bas16ht.sp2.txt,,,downloaded,664,a05a5d22f2018966f66760e48adc8bce76a0ca45867c09532837e28de2844f81,2026-09-19,1,2026-09-20,index_models-1,
https://www.onsemi.com/download/models/txt/bas16w.lib.txt,,,downloaded,674,2d850cd4f244446a59851277724389ffcae3d47573e2e090446408c895e5e0ac,2026-09-19,1,2026-09-20,index_models-1,
https://www.onsemi.com/download/models/txt/bas16w.sp3.txt,,,downloaded,673,6638896f15f0e1d7f48be5d0c9431d7acc68e35763a5d445dc10a5c4a53e3d09,2026-09-19,1,2026-09-20,index_models-1,
https://www.onsemi.com/download/models/txt/bc846bdw1t1g_rev0.sp2.txt,,,downloaded,977,b2957eda05119ef09b7996573a5d02fee541d9ccec90decb5b61ae1ec2f04643,2026-09-19,1,2026-09-20,index_models-1,
https://www.onsemi.com/download/models/txt/bc846blt1g_rev0.sp2.txt,,,downloaded,975,700d7cde2ab2ac648cfaf86a5597d2a53245c841ed4f2e9ca01951d4f5048dc0,2026-09-19,1,2026-09-20,index_models-1,
https://www.onsemi.com/download/models/txt/bc846blt1g_rev0.sp3.txt,,,downloaded,974,2e17944b2b1f3952ffebd33418757f2d33a2e33906e0107f197cea5cbeff29e2,2026-09-19,1,2026-09-20,index_models-1,
https://www.onsemi.com/download/models/txt/efc4626r-spice-d.txt,,,downloaded,2598,e63f50e2f61544b8fe7101b5ab7d432de86d15a9d01ff0dc88c2cdf6173a25f3,2026-09-19,18,2026-09-20,index_models-1,
https://www.onsemi.com/download/models/txt/esd7002%20pspice%20model.txt,,,downloaded,1267,6ca4f7278bfb602408f08ae9beb21efdbb2cf3dff3232190166db6c039611c78,2026-09-19,6,2026-09-20,index_models-1,
https://www.onsemi.com/download/models/txt/esd9b3.3%20spice3%20model.txt,,,downloaded,1075,ec156a4f45d6a126446b583ff1f43a985177bdf160d9930f68b15a71232a2346,2026-09-19,6,2026-09-20,index_models-1,
https://www.onsemi.com/download/models/txt/fcd2250n80z_simetrix_encrypted.txt,,,downloaded,22811,d7a55532eae0219643b48e33dfda292bcd0be59298df323fde5bb2e4254d2623,2026-09-19,5,2026-09-20,index_models-1,
https://www.onsemi.com/download/models/txt/fdb0170n607l%20simetrix.txt,,,downloaded,55438,efdc8797b73e33f2dc582e7df275fc42845260d52acaabcb5d4393924d857498,2026-09-19,4,2026-09-20,index_models-1,
https://www.onsemi.com/download/models/txt/fdb035n10a_simetrix.txt,,,downloaded,47785,991f7b8fec9c8bf987ade9c4f0470fbc48d7ac2c0d28f402fe688fd247ac69da,2026-09-19,4,2026-09-20,index_models-1,
https://www.onsemi.com/download/models/txt/fdb86366_f085_simetrix.txt,,,downloaded,53240,4232eacae5752b287360d5c595d49105a7dbce5c5de8b0aefd34d01cd94e74b4,2026-09-19,4,2026-09-20,index_models-1,
https://www.onsemi.com/download/models/txt/fdbl0110n60_simetrix.txt,,,downloaded,52543,00fec8707d7d894722fc25d214ced12b84bd99b9054b292709e3d0cee9ef36b8,2026-09-19,4,2026-09-20,index_models-1,
https://www.onsemi.com/download/models/txt/fdbl0240n100_simetrix.txt,,,downloaded,48619,8980df7cd6a8ec03ae900d3755c942fd10825d41109589c22b9c21dd96ec05c2,2026-09-19,4,2026-09-20,index_models-1,
https://www.onsemi.com/download/models/txt/fdbl0260n100_simetrix.txt,,,downloaded,48618,20f91b6afd2d070b93502601ad75fc9355fbf857f409df2cd30632e34209dcfe,2026-09-19,4,2026-09-20,index_models-1,
https://www.onsemi.com/download/models/txt/fdbl86563_f085_simetrix_encrypted.txt,,,downloaded,52970,eb4da1bcd045a1a6dde512fbdb3672a49b3c38b299b6d0f9a368d3f89f97ea42,2026-09-19,4,2026-09-20,index_models-1,
https://www.onsemi.com/download/models/txt/fdbl9403_f085_simetrix.txt,,,downloaded,56269,55c015968349b63e5a689caf2ce97675317e0a99744a8806b90dd745748cad04,2026-09-19,4,2026-09-20,index_models-1,
https://www.onsemi.com/download/models/txt/fdbl9406_f085_simetrix.txt,,,downloaded,55025,eb1aaa6af78108bfcb6d8d06d7113727595e30d799f5d24fb8fe7dd3bd88e6d5,2026-09-19,4,2026-09-20,index_models-1,
https://www.onsemi.com/download/models/txt/fdc30n20dz_simetrix.txt,,,downloaded,69287,55039cc0dda974a8330468df4959d573f45ad0f095f84a1f62b33092fce4e882,2026-09-19,4,2026-09-20,index_models-1,
https://www.onsemi.com/download/models/txt/fdc8878_simetrix.txt,,,downloaded,69488,19d542ef37d1c458faa3f67c086238cd6294dd84d28fd01c933b67db1c81ee8c,2026-09-19,4,2026-09-20,index_models-1,
https://www.onsemi.com/download/models/txt/fdd86250_f085_simetrix.txt,,,downloaded,50992,5fde8f7bea170235ed22b18222d4f4c53cb94541b28ade53dba668f32eeb73c3,2026-09-19,4,2026-09-20,index_models-1,
https://www.onsemi.com/download/models/txt/fdd86367%20simetrix.txt,,,downloaded,53220,bfc317fa26ac78077d4cee6907883aaf605d713e5c1f102ce81b3a498c3eacd2,2026-09-19,4,2026-09-20,index_models-1,
https://www.onsemi.com/download/models/txt/fdd86369_f085%20simetrix%20model.txt,,,downloaded,5532,373c5a7275b78e4c92dbf12031b2e571d7ee3cff478eef50e3400602ce9f4edd,2026-09-19,2,2026-09-20,index_models-1,
https://www.onsemi.com/download/models/txt/fdma008p20lz_simetrix.txt,,,downloaded,54021,50f201e8ae5b181ba8bcdd100e4a4050a9cb3ceab5875ceeb5123b1bed4b1a23,2026-09-19,4,2026-09-20,index_models-1,
https://www.onsemi.com/download/models/txt/fdma6676pz_simetrix.txt,,,downloaded,52855,c114df9aeccacb4f89ce41fa2e2a2fc1529c4acbdeb125ade83449e4982ebe58,2026-09-19,4,2026-09-20,index_models-1,
https://www.onsemi.com/download/models/txt/fdma86151l_simetrix.txt,,,downloaded,47872,c47332f544571174e09682d92a13a96e89404594e04343ab53fa60367f9b1eea,2026-09-19,4,2026-09-20,index_models-1,
https://www.onsemi.com/download/models/txt/fdmc012n03_simetrix.txt,,,downloaded,60628,a97f9dd4b0fc7b5bf2eacf84a9e471bd95fd59b5b9af9b67391154e3f70b6d88,2026-09-19,4,2026-09-20,index_models-1,
https://www.onsemi.com/download/models/txt/fdmc013p030z%20simetrix.txt,,,downloaded,54231,0132b94b6442a29075dd752cc5eb616ca3ce9dd8a5c83866677e4ebf50a88e25,2026-09-19,4,2026-09-20,index_models-1,
https://www.onsemi.com/download/models/txt/fdmc035n10x_simetrix.txt,,,downloaded,3165,d4601247ade3957a01b4e9dc6ea8fd7d923d76aced213a8368c20248b31723dc,2026-09-19,2,2026-09-20,index_models-1,
https://www.onsemi.com/download/models/txt/fdmc4d9p20x8_simetrix.txt,,,downloaded,52992,c85be909bec4358ef4ac9468b79b84454b17ae1b0b7c7abc71a12df6974853fe,2026-09-19,4,2026-09-20,index_models-1,
https://www.onsemi.com/download/models/txt/fdmc6688p_simetrix_encrypted.txt,,,downloaded,54658,9aac17659a578d1a41b4cbfb412d4e194c3d42b12323ca7f1429a2bc867b1d9f,2026-09-19,4,2026-09-20,index_models-1,
https://www.onsemi.com/download/models/txt/fdmc6696p%20simetrix.txt,,,downloaded,53009,34356c5d5545075065fca9d5e02d65fa4bfa2374f9934b03ce022f561fb1b691,2026-09-19,4,2026-09-20,index_models-1,
https://www.onsemi.com/download/models/txt/fdmc8010dc_simetrix.txt,,,downloaded,69481,74569d1100efbbff80cf80409579b97d9b6a9e4119aad4e027c9e16cbdb35521,2026-09-19,4,2026-09-20,index_models-1,
https://www.onsemi.com/download/models/txt/fdmd8280_simetrix_encrypt.txt,,,downloaded,58239,ac938ca3e8da7079327507558f09a559f4534f68f95e0c609c18e5133e417412,2026-09-19,6,2026-09-20,index_models-1,
https://www.onsemi.com/download/models/txt/fdms003n08c_simetrix.txt,,,downloaded,96375,5b2c9f5f74b3716419193e253a0d362bf3b9479184dcfeb40a0f2b2ca7a91015,2026-09-19,17,2026-09-20,index_models-1,
https://www.onsemi.com/download/models/txt/fdms004n08c_simetrix.txt,,,downloaded,96375,5b2c9f5f74b3716419193e253a0d362bf3b9479184dcfeb40a0f2b2ca7a91015,2026-09-19,17,2026-09-20,index_models-1,
https://www.onsemi.com/download/models/txt/fdms0300s%20simetrix.txt,,,downloaded,67783,ac86b8c10643edae25e0751ced623f3e3c0dff7e314ef5a0292f6bc064de4a24,2026-09-19,4,2026-09-20,index_models-1,
https://www.onsemi.com/download/models/txt/fdms10c4d2n%20simetrix.txt,,,downloaded,54342,827169d4970927360f426defcac998ab1eff908cbed73224bbb815c4b8c7115a,2026-09-19,4,2026-09-20,index_models-1,
https://www.onsemi.com/download/models/txt/fdms86105_simetrix.txt,,,downloaded,48373,068dff26e36ebb5a4127d801af2cc6aacdcc4a3d566dfa15a63c1f2b08121c62,2026-09-19,4,2026-09-20,index_models-1,
https://www.onsemi.com/download/models/txt/fdms86252l_simetrix.txt,,,downloaded,53418,80c1aae35f681823fc235a59d400525c217ed56442c67ff6180d67c90035e4aa,2026-09-19,5,2026-09-20,index_models-1,
https://www.onsemi.com/download/models/txt/fdms86500dc%20simetrix.txt,,,downloaded,53430,c3260672f38ad941d7960d152cc848b8e698c36741daeb66a5bed1674e81dfdb,2026-09-19,4,2026-09-20,index_models-1,
https://www.onsemi.com/download/models/txt/fdms86580_f085%20simetrix.txt,,,downloaded,53200,c07cb720518aab90c188b959846105855b3ceb84ba25f2421b8b1f7573715a11,2026-09-19,4,2026-09-20,index_models-1,
https://www.onsemi.com/download/models/txt/fdmt800150dc_simetrix.txt,,,downloaded,50174,8aca87f115530742454a2736c979ed68c545eb1c68310e2e72d25723400665f6,2026-09-19,4,2026-09-20,index_models-1,
https://www.onsemi.com/download/models/txt/fdmt80060dc_simetrix.txt,,,downloaded,52646,6495865339b438599a2167e853536fa8ac7dd000442aba30fcfba122852d43c6,2026-09-19,4,2026-09-20,index_models-1,
https://www.onsemi.com/download/models/txt/fdn028n20%20simetrix.txt,,,downloaded,52982,f085197324168715b89f6ba861779974e253244bd9a05cd2e163a29535fe974d,2026-09-19,4,2026-09-20,index_models-1,
https://www.onsemi.com/download/models/txt/fdpc8014(hspice%20model).txt,,,downloaded,3519,eefd15d3ef377d2cf32656bd58a81bc2fa9251502b5a33ec4702fd65cbf813d6,2026-09-19,15,2026-09-20,index_models-1,
https://www.onsemi.com/download/models/txt/fdt86246l_simetrix.txt,,,downloaded,53543,6c7d281c94fdf27e85a7af6bc34b97d7eb0c5a43fc782bdd24682cfb90b56905,2026-09-19,5,2026-09-20,index_models-1,
https://www.onsemi.com/download/models/txt/fgb40n60sm_simetrix.txt,,,downloaded,2203,70809d6328ad04425ca2a590b8124519e2446bf33bdd69e2d671dfdf8d960fa8,2026-09-19,9,2026-09-20,index_models-1,
https://www.onsemi.com/download/models/txt/fgd3040g2(eldo%20model).txt,,,downloaded,2611,974b39a4a10aed7d6ec3f2eb34baf170c7125a6c10da2b64d623ba5717533e92,2026-09-19,8,2026-09-20,index_models-1,
https://www.onsemi.com/download/models/txt/fgh30s130p%20(simetrix%20model).txt,,,downloaded,3084,868838c5ce8d46ca82468d38d99cdc5a46110ac0f9c3006d1d7fda5bb1c85aef,2026-09-19,8,2026-09-20,index_models-1,
https://www.onsemi.com/download/models/txt/fgh60n60sm_f085_simetrix.txt,,,downloaded,2064,602dd21032815cab0afc3087bb8ac51fed1c0a0c5adb61ca45fb46ecd9eb369f,2026-09-19,10,2026-09-20,index_models-1,
https://www.onsemi.com/download/models/txt/fjpf5021(ltspice%20model).txt,,,downloaded,1097,b8a09c69321e133dc1bcdf28c9752d441ddaecd2f51bb397a74966d0d2a8b6c5,2026-09-19,1,2026-09-20,index_models-1,
https://www.onsemi.com/download/models/txt/fsc_superfet2_800_simetrix.txt,,,downloaded,18961,09544b27e1046d9fa666fd3211b1773047e62354f111e56e1baf8e70a16064ee,2026-09-19,4,2026-09-20,index_models-1,
https://www.onsemi.com/download/models/txt/mbr10100mfs_rev0.lib%20.txt,,,downloaded,661,5c25a4e0ba7ada3883ad90f53fd75f1a7afe3b5dadac92db2016e4f20cd887a4,2026-09-19,1,2026-09-20,index_models-1,
https://www.onsemi.com/download/models/txt/mbr10100mfs_rev0.sp3%20.txt,,,downloaded,660,ae5547819af0da4bac1da8312cb25aaa0094fc43d26d91d38fb1d0529440b7e7,2026-09-19,1,2026-09-20,index_models-1,
https://www.onsemi.com/download/models/txt/mbr1045mfs_rev0.sp2%20.txt,,,downloaded,664,2ac375e172df1bc1d61c148e6a73953db9154a7f492f9b50e9548d7d1dd729a6,2026-09-19,1,2026-09-20,index_models-1,
https://www.onsemi.com/download/models/txt/mbr1045mfs_rev0.sp3%20.txt,,,downloaded,663,6c0ec05e986fe1659dcd7d4395f06515d3a842864b0370e5450595f7514405e4,2026-09-19,1,2026-09-20,index_models-1,
https://www.onsemi.com/download/models/txt/mbr1240mfs_rev0.lib%20.txt,,,downloaded,657,d5848e49d064a521c9800ed6f033db8c7296829cf7aa00e6ac1f77c68ae672ba,2026-09-19,1,2026-09-20,index_models-1,
https://www.onsemi.com/download/models/txt/mbr1240mfs_rev0.sp3%20.txt,,,downloaded,656,2c8adb555da6e7c192a5c6a5b177fd01aa67ed52b596f265c67e4f47ad9a623f,2026-09-19,1,2026-09-20,index_models-1,
https://www.onsemi.com/download/models/txt/mbr140esf.lib.txt,,,downloaded,662,66a54dabea43b965241c3f97f3f3e01ed442f9dc585edd248220b2f4083378fa,2026-09-19,1,2026-09-20,index_models-1,
https://www.onsemi.com/download/models/txt/mbr140esf.sp2.txt,,,downloaded,662,aa0ce393405253c0edeeb6e7e077cecbbbf81856f67bb6f4d4c0adfca644e9ad,2026-09-19,1,2026-09-20,index_models-1,
https://www.onsemi.com/download/models/txt/mbr140esf.sp3.txt,,,downloaded,661,d36a8718b285ec19fec98c0ed5203626d8d732ee306cc2c4abf0cd25a7ef4870,2026-09-19,1,2026-09-20,index_models-1,
https://www.onsemi.com/download/models/txt/mbr2045emfs_rev0.sp2%20.txt,,,downloaded,656,63d056217f853d81ebd1badf019890ad1f79722ef47198a94b3142802bbe21af,2026-09-19,1,2026-09-20,index_models-1,
https://www.onsemi.com/download/models/txt/mbr2045emfs_rev0.sp3%20.txt,,,downloaded,655,4e0a057ea5a35866169017ee060a6c528e606028b5c24a4621f0790287fb9813,2026-09-19,1,2026-09-20,index_models-1,
https://www.onsemi.com/download/models/txt/mbr2045mfs_rev0.lib%20.txt,,,downloaded,656,bfce28b57e5dae606a9cbc7b78a46742da1eace66a2863ac4e36685ef0a644bc,2026-09-19,1,2026-09-20,index_models-1,
https://www.onsemi.com/download/models/txt/mbr2045mfs_rev0.sp2%20.txt,,,downloaded,656,1df83332edc08a0538bbb1b0f09c7f7a7b7f8bfa1f84333698c2d9bd7b2cf221,2026-09-19,1,2026-09-20,index_models-1,
https://www.onsemi.com/download/models/txt/mbr2045mfs_rev0.sp3%20.txt,,,downloaded,655,66aa1f853f571924a9316d8a33a8fb55a6b1bf3fe107e5c41a1cd7a318671bd5,2026-09-19,1,2026-09-20,index_models-1,
https://www.onsemi.com/download/models/txt/mbr30h100mfs_rev0.lib%20.txt,,,downloaded,658,27140bb74a5c535a2f6682e21feaf5779da7bd7aea70e8a61ec179ceb9cd87eb,2026-09-19,1,2026-09-20,index_models-1,
https://www.onsemi.com/download/models/txt/mbr30h100mfs_rev0.sp2%20.txt,,,downloaded,658,2194c5e56de4fdf9ca128fbfff431e609d118ebee980c3b1737a66c712f93120,2026-09-19,1,2026-09-20,index_models-1,
https://www.onsemi.com/download/models/txt/mbr30h100mfs_rev0.sp3%20.txt,,,downloaded,657,529ace989e2b0094c8cce82a208e9e7f4a98687b97e7f91df77868b3479fc82c,2026-09-19,1,2026-09-20,index_models-1,
https://www.onsemi.com/download/models/txt/mbr40l45ctg.lib.txt,,,downloaded,664,54973e1fbb41d5fd6f04237ad037c5c4bc766938758bc622150f5566f42bbb67,2026-09-19,1,2026-09-20,index_models-1,
https://www.onsemi.com/download/models/txt/mbr40l45ctg.sp2.txt,,,downloaded,644,b4837a2f03ed3ba8127c602363c9d384246fe6654dcd42b14a0184b064b2ccfc,2026-09-19,1,2026-09-20,index_models-1,
https://www.onsemi.com/download/models/txt/mbr40l45ctg.sp3.txt,,,downloaded,643,c4fdd7156701de719df26350de0065dea8144a484386a4ab9ce2b8cc1606d3ee,2026-09-19,1,2026-09-20,index_models-1,
https://www.onsemi.com/download/models/txt/mbr5h100mfs.lib.txt,,,downloaded,669,5b248965fe34d8500ca040aca9d9727af505f5bb50cf0ee033d48faf4ba65cd5,2026-09-19,1,2026-09-20,index_models-1,
https://www.onsemi.com/download/models/txt/mbr5h100mfs.sp2.txt,,,downloaded,669,a72a96ff9fcfb0093dabb3f034f0eff4b49a95f6634bac1f73b8865f6ce1160f,2026-09-19,1,2026-09-20,index_models-1,
https://www.onsemi.com/download/models/txt/mbr5h100mfs.sp3.txt,,,downloaded,668,326ee557914f142c8a152b7580bf761d8456d0a0ca7be1969ac53dcebdb750e1,2026-09-19,1,2026-09-20,index_models-1,
https://www.onsemi.com/download/models/txt/mbr830mfs_rev0.lib%20.txt,,,downloaded,661,d1f5b5f6b0876ec48d4b334ca5af391af3463266d0b83f81250c48955be9bd08,2026-09-19,1,2026-09-20,index_models-1,
https://www.onsemi.com/download/models/txt/mbr830mfs_rev0.sp2%20.txt,,,downloaded,661,da8fec8888668f4479373cb94beac614b84a6e2b6ed64b403442c299e17009ea,2026-09-19,1,2026-09-20,index_models-1,
https://www.onsemi.com/download/models/txt/mbr830mfs_rev0.sp3%20.txt,,,downloaded,660,534fcc49086334e975f709f188b6d57bdd5ba5055f28def15728739d10868520,2026-09-19,1,2026-09-20,index_models-1,
https://www.onsemi.com/download/models/txt/mbr860mfs_rev0.sp2%20.txt,,,downloaded,666,3cb7527813d3f0d1efbcd3ef8acee11a68bc8da5b88bd9c9812b19658f2a097e,2026-09-19,1,2026-09-20,index_models-1,
https://www.onsemi.com/download/models/txt/mbr8h100mfs_rev0.sp2%20.txt,,,downloaded,660,97b82e29aeb5580a601ae8a91025c3bcf5c7324d98d1fc250c215ef4ea00a2b4,2026-09-19,1,2026-09-20,index_models-1,
https://www.onsemi.com/download/models/txt/mbr8h100mfs_rev0.sp3%20.txt,,,downloaded,659,21259d8bab0046d2602d1020e48ca689fd5f3f8797cbc96c9010491caade77be,2026-09-19,1,2026-09-20,index_models-1,
https://www.onsemi.com/download/models/txt/mbrb20h100ct.sp3.txt,,,downloaded,663,2f1908477f2827945a3f98b57c24497b395562d3dbff6f0f41d26b228e2b7f33,2026-09-19,1,2026-09-20,index_models-1,
https://www.onsemi.com/download/models/txt/mbrb30h30ct.sp3.txt,,,downloaded,686,29ae61206fc6ae79447b308da5ebb67d51224e081ee7e37308e71267ea91e814,2026-09-19,1,2026-09-20,index_models-1,
https://www.onsemi.com/download/models/txt/mbrb30h60ct.sp2.txt,,,downloaded,681,b85672fb90929ca3b73f52dff32eecfb46376f23644d5bc5dc45644faaf0b4b5,2026-09-19,1,2026-09-20,index_models-1,
https://www.onsemi.com/download/models/txt/mc33364ilib.txt,,,downloaded,6357,49917a4ca1991a8024a717d34aca7b42768f1db05aaec49a3a4114ac771091b2,2026-09-19,25,2026-09-20,index_models-1,
https://www.onsemi.com/download/models/txt/mc33364plib.txt,,,downloaded,6263,a852dc7406db1e5d6bb931f56369e129db2c3b8f62981b0aa55250cdcf5117e3,2026-09-19,24,2026-09-20,index_models-1,
https://www.onsemi.com/download/models/txt/mgsf1n03lt1.txt,,,downloaded,1742,5b5efcddd77295661467dcbcd149f8db021b6afebbf5c3ca6777de175e4e0db2,2026-09-19,6,2026-09-20,index_models-1,
https://www.onsemi.com/download/models/txt/mmbzxxx%20(simetrix%20model).txt,,,downloaded,12390,5fdc7defd4c03a9ce6cbdf8365cd86199d47d6322ee92eb462e367fd1c8ce793,2026-09-19,98,2026-09-20,index_models-1,
https://www.onsemi.com/download/models/txt/mtd20n03hdl.txt,,,downloaded,1734,981faec36ab5dfe999a234c608892af7ed12e18fb4e321b54d7111382565ca48,2026-09-19,6,2026-09-20,index_models-1,
https://www.onsemi.com/download/models/txt/mtd20p03hdl.txt,,,downloaded,1761,a750211001af22f12667df2a85163ffe159049eb241386fb944d6fa48fc2e6a3,2026-09-19,6,2026-09-20,index_models-1,
https://www.onsemi.com/download/models/txt/mur3040wt_lib.txt,,,downloaded,1629,14392ee778d5ed7050c6ee0b474587a7b33703b43822de31ef4d23d2087a9962,2026-09-19,6,2026-09-20,index_models-1,
https://www.onsemi.com/download/models/txt/mur3040wt_sp3.txt,,,downloaded,1599,2752c0b8c7fb7f71cf0431c9b371a0ca092bd6da1487f3adf567f2ffe6e621df,2026-09-19,6,2026-09-20,index_models-1,
https://www.onsemi.com/download/models/txt/n57m5114_50_spice_model.txt,,,downloaded,1431,4681275273948a8f8e340df920db6c2a83ede0469f482c62718c1304c398dd4e,2026-09-19,1,2026-09-20,index_models-1,
https://www.onsemi.com/download/models/txt/ncv97200%20boost%20small%20signal.txt,,,downloaded,2308,f8bccdd4e4bb7358a8210ab1ddbd3d250543b2d7e48c6b5239007da0418d0085,2026-09-19,8,2026-09-20,index_models-1,
https://www.onsemi.com/download/models/txt/ncv97200%20buck%20small%20signal.txt,,,downloaded,2166,241e0a50009be0e7b4debb9f76819db0a167aaf4cbae53ca9a1327d9ca4de37f,2026-09-19,8,2026-09-20,index_models-1,
https://www.onsemi.com/download/models/txt/ngtb30n135ihrwg%20pspice%20model.txt,,,downloaded,1700,f1bd5665d658b92faa893d2242b52182ea879f8c7f4e8bf04760b7308cc7282d,2026-09-19,6,2026-09-20,index_models-1,
https://www.onsemi.com/download/models/txt/nrvhp140sft3g_rev0.lib.txt,,,downloaded,1235,16f2c35630dadac4f64aed7d2ec02127b07efb760c894a7e15e1092f13d4a1c9,2026-09-19,5,2026-09-20,index_models-1,
https://www.onsemi.com/download/models/txt/nrvhp220sft3g_rev0.lib.txt,,,downloaded,1261,09d9b9bbeaa06c244a262fe6d7d7472c1aaa83e9e3cd38cef4bf71b31fd29309,2026-09-19,5,2026-09-20,index_models-1,
https://www.onsemi.com/download/models/txt/nrvhp220sft3g_rev0.sp2.txt,,,downloaded,1231,2c17e6cdcd72b8085314981c60a0ccf19cc099176dbd0bf6d2836db50aecde8a,2026-09-19,5,2026-09-20,index_models-1,
https://www.onsemi.com/download/models/txt/nrvhp220sft3g_rev0.sp3.txt,,,downloaded,1231,2c17e6cdcd72b8085314981c60a0ccf19cc099176dbd0bf6d2836db50aecde8a,2026-09-19,5,2026-09-20,index_models-1,
https://www.onsemi.com/download/models/txt/nrvhp420mfd_lib.txt,,,downloaded,1257,62befc7937866fc6f9a11c61ca30f8d055ed5cd148552bf2eb55c330445c49f1,2026-09-19,5,2026-09-20,index_models-1,
https://www.onsemi.com/download/models/txt/nrvhp420mfd_sp3.txt,,,downloaded,1227,03dfe304505260a0ea26281952a89e424d78e39e92546d7d1ca3ba0ef66297d1,2026-09-19,5,2026-09-20,index_models-1,
https://www.onsemi.com/download/models/txt/nrvhp620mfd_rev0.lib.txt,,,downloaded,1227,1c0eb3031e49f8f170cff552e8104fe9285cf3e9cd189144078e998be3f25335,2026-09-19,5,2026-09-20,index_models-1,
https://www.onsemi.com/download/models/txt/nrvhp620mfd_rev0.sp3.txt,,,downloaded,1227,76a04b0b7f8ad8cb4dccf155f0c839c6276e6b88b86f1d2dd71437fdbd53b745,2026-09-19,5,2026-09-20,index_models-1,
https://www.onsemi.com/download/models/txt/nrvhp820mfd_lib.txt,,,downloaded,1253,d239bfc08478d75ab3728e0c3df690e44a490bd1e68c9ea42b8947a052508c8f,2026-09-19,5,2026-09-20,index_models-1,
https://www.onsemi.com/download/models/txt/nrvhp820mfd_sp3.txt,,,downloaded,1223,f3772b5e36d9241db26769277b86a0d9011472d9cd5e78d89e169215b9f0a866,2026-09-19,5,2026-09-20,index_models-1,
https://www.onsemi.com/download/models/txt/nrvhpaf220_rev0.lib.txt,,,downloaded,1255,208bfac41c4ed99a5b9eff334246743bb698ca0e3c852414eef2575eb548da1c,2026-09-19,5,2026-09-20,index_models-1,
https://www.onsemi.com/download/models/txt/nrvhpaf220_rev0.sp3.txt,,,downloaded,1225,da1fe2d577877ba5981774e6b727f3c7c944576ecc3dd589c1b2c2e68e5bfd39,2026-09-19,5,2026-09-20,index_models-1,
https://www.onsemi.com/download/models/txt/nrvhpaf320_rev0.lib.txt,,,downloaded,1231,817b53bfa96656c7f7ca07bc48365b8324bf839480ec2e7079ae413f407dd057,2026-09-19,5,2026-09-20,index_models-1,
https://www.onsemi.com/download/models/txt/nrvhpaf320_rev0.sp3.txt,,,downloaded,1231,3fad0962de066e90aac7f188b4675f9b20065e5edcca0683b4318144b43d4b8e,2026-09-19,5,2026-09-20,index_models-1,
https://www.onsemi.com/download/models/txt/nrvhpd660t4g_rev0.lib.txt,,,downloaded,1213,01980c813526b7b84a609dc7ac8a709bf048a767f53fb2c60647b766892ea7a5,2026-09-19,5,2026-09-20,index_models-1,
https://www.onsemi.com/download/models/txt/nrvhpm120_rev0.lib.txt,,,downloaded,1220,f39e05825b31064e756b3a786a049c4b7a4266950821ffcf794c9bdfe7b83a73,2026-09-19,5,2026-09-20,index_models-1,
https://www.onsemi.com/download/models/txt/nrvhpm120_rev0.sp3.txt,,,downloaded,1220,56e6dabf49dfd9199f70abfe3b7955fe2ba6de34828c9912eaa1fe8c72202c58,2026-09-19,5,2026-09-20,index_models-1,
https://www.onsemi.com/download/models/txt/nrvhpm220t3g_rev0.lib.txt,,,downloaded,1259,73b06bf1a842b53b36fce0e3d345bc79ee8020d8f17250704b436b1606d08a96,2026-09-19,5,2026-09-20,index_models-1,
https://www.onsemi.com/download/models/txt/nrvhpm220t3g_rev0.sp2.txt,,,downloaded,1229,764d075f1f9d2e7e40b9a1b0f694b2b158e943ff1825b9e97c2c40ebfd3a444c,2026-09-19,5,2026-09-20,index_models-1,
https://www.onsemi.com/download/models/txt/nrvhpm220t3g_rev0.sp3.txt,,,downloaded,1229,764d075f1f9d2e7e40b9a1b0f694b2b158e943ff1825b9e97c2c40ebfd3a444c,2026-09-19,5,2026-09-20,index_models-1,
https://www.onsemi.com/download/models/txt/nrvhpm260t3g_rev0.lib.txt,,,downloaded,1230,4e5dc3312e9a9143fda0e434ae2426c7b7467ee30835e369a2ab310d2dda8fcd,2026-09-19,5,2026-09-20,index_models-1,
https://www.onsemi.com/download/models/txt/nrvts360etfs_lib.txt,,,downloaded,662,6d44bc23062f9ac1e9f43fa078409026abc908232e34226527af642da76a8918,2026-09-19,1,2026-09-20,index_models-1,
https://www.onsemi.com/download/models/txt/nrvts360etfs_sp2.txt,,,downloaded,662,5760b94a248217a6c350ca8f2db962e60fece88ecba1f142075c9425740f85c2,2026-09-19,1,2026-09-20,index_models-1,
https://www.onsemi.com/download/models/txt/nrvts360etfs_sp3.txt,,,downloaded,661,bb73251f2fc8d2de17ad8f5e09c623ba720dfafe0390f55a18ecda62797ea5d2,2026-09-19,1,2026-09-20,index_models-1,
https://www.onsemi.com/download/models/txt/nrvts560etfs_lib.txt,,,downloaded,664,f1f5b90d8b5fa27a1eaab1fb12b246a5ded53379ff4f4c7d8315b316e34cc5c9,2026-09-19,1,2026-09-20,index_models-1,
https://www.onsemi.com/download/models/txt/nrvts560etfs_sp2.txt,,,downloaded,664,7b495acaf6176e3511af453e5181c1e4e8dc07e2455c7a3b8d7d3daab3fd4c5c,2026-09-19,1,2026-09-20,index_models-1,
https://www.onsemi.com/download/models/txt/nrvts560etfs_sp3.txt,,,downloaded,663,39290bfa5e8c0b1e58e8d29e2520329f525f1073717a54c0e2b79067946fdcf6,2026-09-19,1,2026-09-20,index_models-1,
https://www.onsemi.com/download/models/txt/nrvts660mfd_lib.txt,,,downloaded,669,609253edc373d5575827374b5a3f3f3835fed24a118334cc82020297714b7831,2026-09-19,1,2026-09-20,index_models-1,
https://www.onsemi.com/download/models/txt/nrvts660mfd_sp2.txt,,,downloaded,669,9bbab8ac03b0206c29408a66790df3c739038d7dcf2a3296c09e0876acca9299,2026-09-19,1,2026-09-20,index_models-1,
https://www.onsemi.com/download/models/txt/nrvts660mfd_sp3.txt,,,downloaded,668,75488b8e65fb073cf7a3491859ec359025a4048b23f6893a171250ef56f8833d,2026-09-19,1,2026-09-20,index_models-1,
https://www.onsemi.com/download/models/txt/nrvts8120emfs_lib.txt,,,downloaded,672,b900f1b04891bf6082434d31a83e33105def76dec355857b93e16723aa3be5fa,2026-09-19,1,2026-09-20,index_models-1,
https://www.onsemi.com/download/models/txt/nrvts8120emfs_sp2.txt,,,downloaded,672,332390bdc37847cc0b322aa51da73557af846abbf4256701b68af2c3eaf12b9f,2026-09-19,1,2026-09-20,index_models-1,
https://www.onsemi.com/download/models/txt/nrvts8120emfs_sp3.txt,,,downloaded,671,540029d548e6ea37fce8b4906d86f42c207ded440838942ebfebcb163fa3c44f,2026-09-19,1,2026-09-20,index_models-1,
https://www.onsemi.com/download/models/txt/nrvtsaf360_lib.txt,,,downloaded,671,37364df60da3866f82e109d7185074af759daf431275d1a5b70b0d7c3e87b05f,2026-09-19,1,2026-09-20,index_models-1,
https://www.onsemi.com/download/models/txt/nrvtsaf360_sp2.txt,,,downloaded,671,94cff85c3aec5c100031488e80569a27f4e02c060bc606d4d161558edcde8371,2026-09-19,1,2026-09-20,index_models-1,
https://www.onsemi.com/download/models/txt/nrvtsaf360_sp3.txt,,,downloaded,670,7036280301f9affe27411df8c14ad576bd01344f74bedd981420b6c7f5c1fb9f,2026-09-19,1,2026-09-20,index_models-1,
https://www.onsemi.com/download/models/txt/nsdp301mx3%20spice%20model.txt,,,downloaded,1135,1830ed7b6bfe893fffb6cff3040c56615a7dbaf7f8575e60733be0992ba1d2b6,2026-09-19,2,2026-09-20,index_models-1,
https://www.onsemi.com/download/models/txt/nss20200w6.sp2.txt,,,downloaded,990,6c0a615b3d161cc646ee110e19b34b82fe55b520e293f0a9d93765dc0f428bf5,2026-09-19,1,2026-09-20,index_models-1,
https://www.onsemi.com/download/models/txt/nss40300ddr2g.sp3.txt,,,downloaded,1010,bdbd98b51a99f5f4b656970e7bfc49be0884270043ce10fec8364aea64243b79,2026-09-19,1,2026-09-20,index_models-1,
https://www.onsemi.com/download/models/txt/nss40300mdr2g.sp3.txt,,,downloaded,1010,fc640113b6a45f1212344a52c293815826913c14a375ebb740d9ad35a43f1e7c,2026-09-19,1,2026-09-20,index_models-1,
https://www.onsemi.com/download/models/txt/nss40301mdr2g.sp2.txt,,,downloaded,1002,7835d7ca2a28fbb48dc98c9d690a25994c914a4f40cb4860a7e02bdbe8a6c080,2026-09-19,1,2026-09-20,index_models-1,
https://www.onsemi.com/download/models/txt/nss40301mdr2g.sp3.txt,,,downloaded,1001,a494e75cb70c330e662784640b3f54c649f7ea5838150ff2e40b53368b69089b,2026-09-19,1,2026-09-20,index_models-1,
https://www.onsemi.com/download/models/txt/nss40302pdr2g.sp3.txt,,,downloaded,1653,d4ee3785f4aeb195e9019186da41f9f48e069de3a896e972c14f0c77032fc7bf,2026-09-19,3,2026-09-20,index_models-1,
https://www.onsemi.com/download/models/txt/nsvj3910sb3-spice-d.txt,,,downloaded,1259,d0955aae5ed754da43205b32dbf7e0e80df4c91450e3a376b436e998fd587d1a,2026-09-19,2,2026-09-20,index_models-1,
https://www.onsemi.com/download/models/txt/nsvs50031sb3-spice-d.txt,,,downloaded,1987,7e806282e35072a292d0367951b2d155712f306526347e9ffcbbe70cb7fc9cdb,2026-09-19,1,2026-09-20,index_models-1,
https://www.onsemi.com/download/models/txt/ntd4809n.sp3.txt,,,downloaded,1814,b593eea30eeaaf0a7e70fb5b6e67a45624ad3879e9955df34c499112330ab1ea,2026-09-19,6,2026-09-20,index_models-1,
https://www.onsemi.com/download/models/txt/ntgs5120p.lib.txt,,,downloaded,1755,5db57c039abf0ec47e25a72d554270b859726bcc974d4686a42d0c02b56d6389,2026-09-19,6,2026-09-20,index_models-1,
https://www.onsemi.com/download/models/txt/ntgs5120p.sp3.txt,,,downloaded,1755,dac5b23878683b6050a8d37f24e802e5c62dd23d976a45e16ca2e1edc1499cf3,2026-09-19,6,2026-09-20,index_models-1,
https://www.onsemi.com/download/models/txt/nthd2110t.lib.txt,,,downloaded,3222,d28215b314025cb1c84ff6d0c2fbbb33267564b9556125bd0c28b55ad116efb5,2026-09-19,12,2026-09-20,index_models-1,
https://www.onsemi.com/download/models/txt/nths4166n.lib.txt,,,downloaded,1758,ab0d4b5c06307c5de1c924e3deec4a996928fa7e3545849c0e4dff81757f6408,2026-09-19,6,2026-09-20,index_models-1,
https://www.onsemi.com/download/models/txt/nths4166n.sp2.txt,,,downloaded,1759,75141e5030e137e4d9dd6784e63d8cabbf0776424146fde0419e4694ecc63f4b,2026-09-19,6,2026-09-20,index_models-1,
https://www.onsemi.com/download/models/txt/nths4166n.sp3.txt,,,downloaded,1758,71b4b8fc9d102b3606572546728bb838fcca3a11eb50fdead64e9345d5486cbb,2026-09-19,6,2026-09-20,index_models-1,
https://www.onsemi.com/download/models/txt/nths5404.lib.txt,,,downloaded,1750,e68dfd11148a95584b35fc4f432347b8f28ef24db4f4596de9b6a3e6ef47694d,2026-09-19,6,2026-09-20,index_models-1,
https://www.onsemi.com/download/models/txt/nths5404.sp2.txt,,,downloaded,1751,67b3cf493d2882ad4544287950b67f2131448f70d83ebb28aae85ba0a3e87386,2026-09-19,6,2026-09-20,index_models-1,
https://www.onsemi.com/download/models/txt/nths5404.sp3.txt,,,downloaded,1750,49a674695c713c07ce0cd9f1f6ea77cda7545a6b9044cfece11a38c04746adf0,2026-09-19,6,2026-09-20,index_models-1,
https://www.onsemi.com/download/models/txt/ntljd4150p.lib.txt,,,downloaded,1752,a414507b5c5d060d54cb5394b1309e06ac37fcc9bb9ec39f98aa995094fea2d6,2026-09-19,6,2026-09-20,index_models-1,
https://www.onsemi.com/download/models/txt/ntljd4150p.sp2.txt,,,downloaded,1751,58901973b820793c0b827609d57031d7505e372533e4f998ccbff5a4b4465621,2026-09-19,6,2026-09-20,index_models-1,
https://www.onsemi.com/download/models/txt/ntljd4150p.sp3.txt,,,downloaded,1750,b81ba346708d0b673db909de24345594cbd4be095222c21dcf0bdc58b7e87f15,2026-09-19,6,2026-09-20,index_models-1,
https://www.onsemi.com/download/models/txt/ntljs1102p.lib.txt,,,downloaded,1730,103cbba6099b9d22f9acf56773030083bf8a21384362d37515cacf0a8447e9c5,2026-09-19,6,2026-09-20,index_models-1,
https://www.onsemi.com/download/models/txt/ntljs3a18pz.lib.txt,,,downloaded,3045,f646b614658325af5298efeb515e3706c1df6ee7338bab1999c438dba4cbf8e4,2026-09-19,13,2026-09-20,index_models-1,
https://www.onsemi.com/download/models/txt/ntljs3a18pz.sp3.txt,,,downloaded,3063,ce33b5e0b3fe296a83e064f6cc252790f6b9e0d3509fce48513d49d223e27795,2026-09-19,13,2026-09-20,index_models-1,
https://www.onsemi.com/download/models/txt/ntljs3d0n02p8z_simetrix.txt,,,downloaded,54818,f6906b55a8bce677bf6558f779d8f618be5739f8d0589bcbd0af4560aabf1801,2026-09-19,4,2026-09-20,index_models-1,
https://www.onsemi.com/download/models/txt/ntljs4149p.lib.txt,,,downloaded,1763,d0d4afa299154cf6b068d1c984f516f1042b6f0b63c6a7b0b29dbfabbcf51c58,2026-09-19,6,2026-09-20,index_models-1,
https://www.onsemi.com/download/models/txt/ntljs4149p.sp2.txt,,,downloaded,1762,b1cab7211b75a73ce5f89b13555c8920d9b1ee2f479f3b11fc96aca884844ab2,2026-09-19,6,2026-09-20,index_models-1,
https://www.onsemi.com/download/models/txt/ntljs7d2p02p8z_simetrix.txt,,,downloaded,56104,f80b2dd7f13895aabb800c62a95d9cb4ef29b988b3c98df204f37294b5eb1530,2026-09-19,4,2026-09-20,index_models-1,
https://www.onsemi.com/download/models/txt/ntlud3191pz.lib.txt,,,downloaded,1724,14c91108c6ae96103aab6ea33a0894f3645ffaf997294887e22abaa9c364d378,2026-09-19,6,2026-09-20,index_models-1,
https://www.onsemi.com/download/models/txt/ntlud3191pz.sp2.txt,,,downloaded,1725,8c97e5f2436f6c2a6764410248441b383abe8a7a24a5dafa011857aa334aac38,2026-09-19,6,2026-09-20,index_models-1,
https://www.onsemi.com/download/models/txt/ntlud3191pz.sp3.txt,,,downloaded,1724,f395591a1d1c34accdfd23f91028153c6bfe4d8d602c6006014f403daa36d5a0,2026-09-19,6,2026-09-20,index_models-1,
https://www.onsemi.com/download/models/txt/ntluf4189nz.sp2.txt,,,downloaded,3210,03f6f6e77ea62de3b4c830d88c0f668a49ca0d37c98d7cae87a034b436fe6f71,2026-09-19,8,2026-09-20,index_models-1,
https://www.onsemi.com/download/models/txt/ntluf4189nz.sp3.txt,,,downloaded,2349,ec0abf32f83096b9f0e3f572009f8f0c02eca3a95c4bc109a870d2007a814834,2026-09-19,8,2026-09-20,index_models-1,
https://www.onsemi.com/download/models/txt/ntmfs5h400nl.sp2.txt.txt,,,downloaded,1728,d94a32d3c90d2ad7eab716e2c06717335fdc6db22a7d5a887c96fd2d759825f0,2026-09-19,6,2026-09-20,index_models-1,
https://www.onsemi.com/download/models/txt/ntmfs5h400nl.sp3.txt.txt,,,downloaded,1727,c847a315a443a56a82c344dabdaf2a0cb955a9275b06e6b6157beb461fc14bdc,2026-09-19,6,2026-09-20,index_models-1,
https://www.onsemi.com/download/models/txt/ntmfs5h409nl.lib.txt,,,downloaded,1733,0e43e0edb92530b3a21658c885d6f6eb5ee0337a32711aff6adb42e2122d2915,2026-09-19,6,2026-09-20,index_models-1,
https://www.onsemi.com/download/models/txt/ntmfs5h409nl.sp2.txt,,,downloaded,1734,83c9bb95fef267174dfdbd95b475724bc03a83c5f151ed03864722349b470e9a,2026-09-19,6,2026-09-20,index_models-1,
https://www.onsemi.com/download/models/txt/ntmfs5h409nl.sp3.txt,,,downloaded,1733,83d5135d644535b64828c2a8844e7701098a2be0b75df16ca729945a6545c7d9,2026-09-19,6,2026-09-20,index_models-1,
https://www.onsemi.com/download/models/txt/ntms4873nfr2g.lib.txt,,,downloaded,1851,d0b5648cff0be335adc58d0cbd47554255c03388676d998c82b2cf147932301f,2026-09-19,6,2026-09-20,index_models-1,
https://www.onsemi.com/download/models/txt/ntms4873nfr2g.sp2.txt,,,downloaded,1851,c7970a549a06b22814ad17f26d9914211d10f510e9bf1d4fd442eb06ab2154d6,2026-09-19,6,2026-09-20,index_models-1,
https://www.onsemi.com/download/models/txt/ntms4873nfr2g.sp3.txt,,,downloaded,1851,ce4ff54fde303753ec42809a6a599acad9947e4834b02dabf010979d7724bbd7,2026-09-19,6,2026-09-20,index_models-1,
https://www.onsemi.com/download/models/txt/ntns3164nz.lib.txt,,,downloaded,2589,ab311cc1c75028b8e76e3a9c686f0fa28e21ee5e6a36ce5c44a269eadd5f4d75,2026-09-19,13,2026-09-20,index_models-1,
https://www.onsemi.com/download/models/txt/ntns3164nz.sp3.txt,,,downloaded,2610,d5822f35591d9ef105eb6e9d5615de9dd7ad6f50daa8193af7bc7985a245de6a,2026-09-19,13,2026-09-20,index_models-1,
https://www.onsemi.com/download/models/txt/ntns3193nz.lib.txt,,,downloaded,3084,b435d6803b212f00f562f86cf841421be2f23089908bb7d279c85e5a1e4712b5,2026-09-19,13,2026-09-20,index_models-1,
https://www.onsemi.com/download/models/txt/ntns3a65pz.lib.txt,,,downloaded,2615,c86a71e427cafbcb61f08223ecd239e3176407d0906d78d9fb9ee89e031fe786,2026-09-19,13,2026-09-20,index_models-1,
https://www.onsemi.com/download/models/txt/ntns3a65pz.sp3.txt,,,downloaded,2633,6de34c40813fea59bf330a9920cd86c2b071ef634e04fe54cd9b4567f83e338b,2026-09-19,13,2026-09-20,index_models-1,
https://www.onsemi.com/download/models/txt/ntns3a91pz.lib.txt,,,downloaded,3098,301091c56ab7c38b7051450d9bdae8a935c0b3e5d515de6b69bafba1146aa742,2026-09-19,13,2026-09-20,index_models-1,
https://www.onsemi.com/download/models/txt/ntns3a91pz.sp3.txt,,,downloaded,3128,900d4c78cfd3c39d0eef02ea16d5224351c9554bd7bbc5a08f0f37b14692fb60,2026-09-19,13,2026-09-20,index_models-1,
https://www.onsemi.com/download/models/txt/ntns3c68nz%20spice%20model.txt,,,downloaded,1826,908e93e7312b6d21cd35d66bfd2874d31249a9109c909d32cc9ccb1d43ec7a8a,2026-09-19,16,2026-09-20,index_models-1,
https://www.onsemi.com/download/models/txt/ntr3161n.sp2.txt,,,downloaded,1752,c9950c48b6b97ac5fd4116aa56c8749c7a9e636abd6148719f3a5a461031fb28,2026-09-19,6,2026-09-20,index_models-1,
https://www.onsemi.com/download/models/txt/ntr3a30pz.lib.text.txt,,,downloaded,2594,384eaf95e7a97646fc6d6fc212bbd41b36ccc4f8d5a58d80eed131a3e31b909c,2026-09-19,13,2026-09-20,index_models-1,
https://www.onsemi.com/download/models/txt/ntr3a30pz.sp3.txt,,,downloaded,2614,28cc6acd4b50370f59416528470a85dcdb6cbe291b04e648e38c25413b9811eb,2026-09-19,13,2026-09-20,index_models-1,
https://www.onsemi.com/download/models/txt/ntr4170n.lib.txt,,,downloaded,1765,0d7d01f52ddfbede2e07326bb793bc6b532eeb6dc8569724f6d460549496f372,2026-09-19,6,2026-09-20,index_models-1,
https://www.onsemi.com/download/models/txt/ntr4170n.sp3.txt,,,downloaded,1765,deb380bede8c5d832856b43e6412ccb6c4d5346973f6d5a27a47b5b184a414d5,2026-09-19,6,2026-09-20,index_models-1,
https://www.onsemi.com/download/models/txt/nts10100emfs.lib.txt,,,downloaded,658,c53b6147e0c0b537049b96ec69d930b95a5f86f6690f8268a72a6491fe4f0495,2026-09-19,1,2026-09-20,index_models-1,
https://www.onsemi.com/download/models/txt/nts10100emfs.sin.txt,,,downloaded,658,c53b6147e0c0b537049b96ec69d930b95a5f86f6690f8268a72a6491fe4f0495,2026-09-19,1,2026-09-20,index_models-1,
https://www.onsemi.com/download/models/txt/nts10100emfs.sp2.txt,,,downloaded,658,a852e107b992bbfc2f3950e8698011a6e75fa0f7e727188dcc0e94b745b36f37,2026-09-19,1,2026-09-20,index_models-1,
https://www.onsemi.com/download/models/txt/nts10100emfs.sp3.txt,,,downloaded,657,7287c164c8c213d54a34688562b06432bcaa46368428bf7871728a468bc7e83e,2026-09-19,1,2026-09-20,index_models-1,
https://www.onsemi.com/download/models/txt/nts12120emfs_lib.txt,,,downloaded,659,ec93ce8bcc7cd102c1812d93f9af59a1382b92ca6de78e2b7479853ed5e82cef,2026-09-19,1,2026-09-20,index_models-1,
https://www.onsemi.com/download/models/txt/nts12120emfs_sp2.txt,,,downloaded,659,67cb8b28f65b5af1a905d45cc32efc004433ffbfa919beb5302d49de97e33561,2026-09-19,1,2026-09-20,index_models-1,
https://www.onsemi.com/download/models/txt/nts12120mfs_lib.txt,,,downloaded,660,9580b98de204ee99444a9ffae2712e4c1dadff4d5183f50474bc65d1d6e1ec70,2026-09-19,1,2026-09-20,index_models-1,
https://www.onsemi.com/download/models/txt/nts12120mfs_sp2.txt,,,downloaded,660,76dde07735bbede956cbc48ef26514eb1722d917b53ce1fc9ce8a3b2a5670746,2026-09-19,1,2026-09-20,index_models-1,
https://www.onsemi.com/download/models/txt/nts12120mfs_sp3.txt,,,downloaded,659,860b7c4f5113b1cd00f9011cbd31bf7cf975b485c779fea69633c7f6629d1fe5,2026-09-19,1,2026-09-20,index_models-1,
https://www.onsemi.com/download/models/txt/nts4172n.sp3.txt,,,downloaded,1757,ee834eb2bc9d84d2b9fc571c5a830a7eafda9e0deed81b6fc74bca3c2bf086c8,2026-09-19,6,2026-09-20,index_models-1,
https://www.onsemi.com/download/models/txt/nts4173p.sp2.txt,,,downloaded,1753,2bf236d3176fa86e20fcc4a1151e4ec14050f806fe844c8b39195e62e8d79e00,2026-09-19,6,2026-09-20,index_models-1,
https://www.onsemi.com/download/models/txt/nts8100mfs.lib.txt,,,downloaded,665,56b81492c87c73971e00518e02d5b29d96c781002532fbd8b4133cb6f89f0d37,2026-09-19,1,2026-09-20,index_models-1,
https://www.onsemi.com/download/models/txt/nts8100mfs.sp3.txt,,,downloaded,664,23dd4c902b1a3ac927306843502d1db8557983da0d39e556318318360474d112,2026-09-19,1,2026-09-20,index_models-1,
https://www.onsemi.com/download/models/txt/ntsj2080ctg.lib.txt,,,downloaded,667,9a3f2ab772c0c11b6b4b64f05ddf268956c6f2c67202b17ea5d8276799a96b5f,2026-09-19,1,2026-09-20,index_models-1,
https://www.onsemi.com/download/models/txt/ntsj2080ctg.sp2.txt,,,downloaded,667,3cfeb11b312fa0674fb5821427b59928f8102af7a858b8886333b2b51331c36f,2026-09-19,1,2026-09-20,index_models-1,
https://www.onsemi.com/download/models/txt/ntsj2080ctg.sp3.txt,,,downloaded,666,93ffa6ef962ec1ac8c346ac6b5bfd8ab3c54950418e38a4cc6b665b2606ca96a,2026-09-19,1,2026-09-20,index_models-1,
https://www.onsemi.com/download/models/txt/ntsj3080ctg.lib.txt,,,downloaded,666,18dcbe9d98df856e37f8e68a6c08e98de046a054370621e3d622267746b05fbc,2026-09-19,1,2026-09-20,index_models-1,
https://www.onsemi.com/download/models/txt/ntsj3080ctg.sp2.txt,,,downloaded,666,478d26a9da049c63b47b11162b42781688c923bf1a6c5e79d71dcd11f30459ff,2026-09-19,1,2026-09-20,index_models-1,
https://www.onsemi.com/download/models/txt/ntsj30u80ctg.lib.txt,,,downloaded,660,4258dea89d50b67a6ef88c21cc6f2cf4a78e74a268eb198e0e5cfce33c6ee427,2026-09-19,1,2026-09-20,index_models-1,
https://www.onsemi.com/download/models/txt/ntsj30u80ctg.sp2.txt,,,downloaded,660,a83a9e69150e85cc6fe0077c36e5b02f63327a54c5780adc569d0dd0928807de,2026-09-19,1,2026-09-20,index_models-1,
https://www.onsemi.com/download/models/txt/ntst20100ctg.sp2.txt,,,downloaded,668,80df5f765ec624705ff3062abd454a99dae6c0f61fab4b6abf6f6b1dff0789c4,2026-09-19,1,2026-09-20,index_models-1,
https://www.onsemi.com/download/models/txt/ntst20100ctg.sp3.txt,,,downloaded,667,93bef4cea19dfd3cd57f5229ff2663d5702b873fc5a02f3094c7944345fc1f1b,2026-09-19,1,2026-09-20,index_models-1,
https://www.onsemi.com/download/models/txt/ntst20120ctg.sp2.txt,,,downloaded,664,d92fccba97167669628641754b848693292d48028e2a0fc06f2a22aab4989189,2026-09-19,1,2026-09-20,index_models-1,
https://www.onsemi.com/download/models/txt/ntst20u100ctg.sp2.txt,,,downloaded,666,558adf3110d2b42b15826c4741e976e90764fc39d203f5d6b311691f1b2ddc1f,2026-09-19,1,2026-09-20,index_models-1,
https://www.onsemi.com/download/models/txt/ntst30100ctg.sp2.txt,,,downloaded,667,822f352577dd94f65bf9674f83ed60e73c683423a8f705f83af4306b42689d53,2026-09-19,1,2026-09-20,index_models-1,
https://www.onsemi.com/download/models/txt/ntst30100ctg.sp3.txt,,,downloaded,666,e4ca3ef91a9419a82ef5606dcc1da185d8c5aa8a387d0cfa58181b078bbf0853,2026-09-19,1,2026-09-20,index_models-1,
https://www.onsemi.com/download/models/txt/ntst30120ctg.lib.txt,,,downloaded,666,f96d2dd91d71fbefcf88d01d6575fe1bc5226e44574d1ed0c4082fb91be7efbd,2026-09-19,1,2026-09-20,index_models-1,
https://www.onsemi.com/download/models/txt/ntst30120ctg.sp3.txt,,,downloaded,665,2e00e1589ad6f4f1c60603357f2861a4499be69ca476829b75166d792d157681,2026-09-19,1,2026-09-20,index_models-1,
https://www.onsemi.com/download/models/txt/ntst30u100ctg.lib.txt,,,downloaded,661,9eef066710117bc9827520e31dd7d76acfee1e3e3ef47b96ac8d8cb9c60fdfa5,2026-09-19,1,2026-09-20,index_models-1,
https://www.onsemi.com/download/models/txt/ntst30u100ctg.sp2.txt,,,downloaded,661,0bd93d778e93c93d55859ba28b95897a101029c0835518962429a5a6b84362eb,2026-09-19,1,2026-09-20,index_models-1,
https://www.onsemi.com/download/models/txt/ntst30u100ctg.sp3.txt,,,downloaded,660,c1fccae7d81523eea32f540caf81751584f5d5dc455129707aecc56816c06901,2026-09-19,1,2026-09-20,index_models-1,
https://www.onsemi.com/download/models/txt/ntst40100ctg.sp2.txt,,,downloaded,662,e7cffb5b451f08d9a66799737e409c9d80ed5236ab69e043951cfcfe7d19020e,2026-09-19,1,2026-09-20,index_models-1,
https://www.onsemi.com/download/models/txt/ntst40100ctg.sp3.txt,,,downloaded,661,cb17caa0a90603106324ee9cd3b965f7e06a64541384dc088ac829470565fb8b,2026-09-19,1,2026-09-20,index_models-1,
https://www.onsemi.com/download/models/txt/ntst40120ctg.lib.txt,,,downloaded,666,07f65cb8ad4ab49101ec6012f35520f47ad40aeb49e63f028ad4fd905ccb24e9,2026-09-19,1,2026-09-20,index_models-1,
https://www.onsemi.com/download/models/txt/ntst40120ctg.sp3.txt,,,downloaded,665,c9d214e1e56c2e884824a1ce1ead482f24b15d845318003a5db523d509321bd0,2026-09-19,1,2026-09-20,index_models-1,
https://www.onsemi.com/download/models/txt/ntst40h120e_lib.txt,,,downloaded,669,6a9bec7da4d26015d53a65a5245e7809d12cf5c08581ed8c61f3b921619676c0,2026-09-19,1,2026-09-20,index_models-1,
https://www.onsemi.com/download/models/txt/ntst40h120ectg_sp2.txt,,,downloaded,669,e7a8f2218a70f731f28bddadab3e75123bc962084168ca550d6d03e1c7aca62a,2026-09-19,1,2026-09-20,index_models-1,
https://www.onsemi.com/download/models/txt/ntst40h120ectg_sp3.txt,,,downloaded,668,c3f272d3ba1e344eda4ec05d0edc7b8b6a9a20a8ece47a78b7f1bd18bb9b0004,2026-09-19,1,2026-09-20,index_models-1,
https://www.onsemi.com/download/models/txt/ntst60100ct.lib.txt,,,downloaded,661,6e446b874c84328716d0deb81ccb730f1676f34efcb48c240c2b9987ac784f89,2026-09-19,1,2026-09-20,index_models-1,
https://www.onsemi.com/download/models/txt/ntst60100ct.sp2.txt,,,downloaded,661,51e36399d134d20d7ba0d4664762b007433ea3ac1654300116ca66f96cdf7d51,2026-09-19,1,2026-09-20,index_models-1,
https://www.onsemi.com/download/models/txt/ntst60100ct.sp3.txt,,,downloaded,660,0a111edaed165ab157a6748074ee98774f38a839a2b40248a6f404076e9a89c3,2026-09-19,1,2026-09-20,index_models-1,
https://www.onsemi.com/download/models/txt/ntsv20100ctg.lib.txt,,,downloaded,668,7df499d23f97370f95a22ac75cce0411b95f647294774969610191069b936ca4,2026-09-19,1,2026-09-20,index_models-1,
https://www.onsemi.com/download/models/txt/ntsv20100ctg.sp2.txt,,,downloaded,668,8cf5ba66e849b1d6411b70d8b264ae3190f8a082fdccc853d7ee6b6b71261bc0,2026-09-19,1,2026-09-20,index_models-1,
https://www.onsemi.com/download/models/txt/ntsv20100ctg.sp3.txt,,,downloaded,667,e66facac6cd7a0c102685c87f310c3ab7aafd43c6f8e5f37eae2ba12ec075097,2026-09-19,1,2026-09-20,index_models-1,
https://www.onsemi.com/download/models/txt/ntsv20120ctg.sp2.txt,,,downloaded,666,daa877498939ea3e746e878d15c1c1b2067b783cfa19ccd732b54aad442f7a72,2026-09-19,1,2026-09-20,index_models-1,
https://www.onsemi.com/download/models/txt/ntsv20120ctg.sp3.txt,,,downloaded,665,effd0e48208dba8a7a5caa0933681fa26355c5848517595cd1b675335362d48d,2026-09-19,1,2026-09-20,index_models-1,
https://www.onsemi.com/download/models/txt/ntsv20u100ctg.lib.txt,,,downloaded,662,57b70838c5c6e9db828eb865d2bde49b9ec6592a3631a5f36407076438c74e9d,2026-09-19,1,2026-09-20,index_models-1,
https://www.onsemi.com/download/models/txt/ntsv20u100ctg.sp3.txt,,,downloaded,661,3288ccd01f15c517881cd480d2de95d1bf4fc79a4eb421cc3dcf57e51be1d466,2026-09-19,1,2026-09-20,index_models-1,
https://www.onsemi.com/download/models/txt/ntsv30120ctg.sp2.txt,,,downloaded,665,b2c1ef1de478383aa5d1a29d9c3edb16b4d01b164f426f42f77bc793536f940c,2026-09-19,1,2026-09-20,index_models-1,
https://www.onsemi.com/download/models/txt/ntsv30120ctg.sp3.txt,,,downloaded,664,4a2fcaa1c99434b2919542fffc8614d284e636013941022ec9b10c312543e882,2026-09-19,1,2026-09-20,index_models-1,
https://www.onsemi.com/download/models/txt/nttfs115p10m5_simetrix.txt,,,downloaded,48486,7b5433f5f85950a348605151b0171f76ec641c411fe32362f9c1b33d049a91fb,2026-09-19,4,2026-09-20,index_models-1,
https://www.onsemi.com/download/models/txt/nttfs5c453nl.lib.txt.txt,,,downloaded,1751,91fab1fa0e879dd14ebb4f31e8d0681fd6b26f16d658eda4a60c81d32100afc3,2026-09-19,6,2026-09-20,index_models-1,
https://www.onsemi.com/download/models/txt/nttfs5c453nl.sp2.txt.txt,,,downloaded,1752,c49b9ea1e9cb40deaae9e922602cb5d4b2df2439edc20c358f32e4ad262dec73,2026-09-19,6,2026-09-20,index_models-1,
https://www.onsemi.com/download/models/txt/nttfs5c453nl.sp3.txt.txt,,,downloaded,1751,5ce193c09743c7378780a87aea76089faf3edb687609f49929e9b42c73351fe9,2026-09-19,6,2026-09-20,index_models-1,
https://www.onsemi.com/download/models/txt/nttfs5c454nl.lib.txt.txt,,,downloaded,1753,75380addd2f60eb1890b30ac3272bfa415e3da0f0fe706851464e2ed53adcbbd,2026-09-19,6,2026-09-20,index_models-1,
https://www.onsemi.com/download/models/txt/nttfs5c454nl.sp2.txt.txt,,,downloaded,1754,0e8b20dd3c0f690e218d2138d62850ab66791bcc21f21c358d32e7dc6f7f4e7d,2026-09-19,6,2026-09-20,index_models-1,
https://www.onsemi.com/download/models/txt/nttfs5c454nl.sp3.txt.txt,,,downloaded,1753,90280c582e4c6f539697821656ba842c627519d5efbed0e7596366a16c804f5f,2026-09-19,6,2026-09-20,index_models-1,
https://www.onsemi.com/download/models/txt/nttfs5c466nl.lib.txt.txt,,,downloaded,1734,33568d4ac273653dba7b4c19fa13c0855cc0ce894b07273da3e368f76db86290,2026-09-19,6,2026-09-20,index_models-1,
https://www.onsemi.com/download/models/txt/nttfs5c466nl.sp2.txt.txt,,,downloaded,1735,93690fff55db0a2749bcb5074232d99f8aba1472c6e3fd18e8068080ab5eb260,2026-09-19,6,2026-09-20,index_models-1,
https://www.onsemi.com/download/models/txt/nttfs5c466nl.sp3.txt.txt,,,downloaded,1734,2fa432217f47c0f827c1a6241d5e9fa8d62ba8ebdd16be7f3a2be8d883c6d09c,2026-09-19,6,2026-09-20,index_models-1,
https://www.onsemi.com/download/models/txt/nuf4403mn.sp3.txt,,,downloaded,1660,331083c4282f0a46ec07a6bfff38a36e9ca2cff6d1c9ae1b761a93f1681c38b7,2026-09-19,6,2026-09-20,index_models-1,
https://www.onsemi.com/download/models/txt/nvbls0d5n04m8_simetrix.txt,,,downloaded,56872,622a220f5680895868389417fe747ee03e22b98b6d478004f04813d8893931c7,2026-09-19,4,2026-09-20,index_models-1,
https://www.onsemi.com/download/models/txt/nvd5890n.lib.txt,,,downloaded,1751,fb889e55267202e4b686ca9bb2929f4e357e77ddb1df2ef621db793d8005e0fb,2026-09-19,6,2026-09-20,index_models-1,
https://www.onsemi.com/download/models/txt/nvd5890n.sp2.txt,,,downloaded,1752,acf629e085adcd79a4579b9d77fcc65d26ad3d0148f64b3d3e69f4d704ae1623,2026-09-19,6,2026-09-20,index_models-1,
https://www.onsemi.com/download/models/txt/nvtfs5116pl.lib.txt,,,downloaded,1771,37f8ca30f0671d8e381fd9626af8c4599f59e4b50e2b891f948182d1f7922834,2026-09-19,6,2026-09-20,index_models-1,
https://www.onsemi.com/download/models/txt/nvtfs5116pl.sp2.txt,,,downloaded,1772,eb01726a312d68b99817f9d2cf6f038eb387fef8efff5d659498f1945d079b2a,2026-09-19,6,2026-09-20,index_models-1,
https://www.onsemi.com/download/models/txt/nzqa5v6xv5t1.sp3.txt,,,downloaded,1697,484453da330b7634378e372d93565b3afe3a0cc711f2d9bf3bcddc48f00f2005,2026-09-19,6,2026-09-20,index_models-1,
https://www.onsemi.com/download/models/txt/onsemi_superfet2_650f_simetrix_encrypted.txt,,,downloaded,81810,47adb178962641b313f31295023b5be3bdd92ea7d7b4ef4c2949320c72d1e5b9,2026-09-19,34,2026-09-20,index_models-1,
https://www.onsemi.com/download/models/txt/onsemi_superfet2_800_simetrix.txt,,,downloaded,87439,cde048440f38a52e8ce41f694341577599fa36877194ae16563cf97e6ccd732c,2026-09-19,53,2026-09-20,index_models-1,
https://www.onsemi.com/download/models/txt/p6smb62at3%20spice3%20model.txt,,,downloaded,977,a27d76a1690fb3e1a2fc4017e3c3e8837437cd76ea0c25f2705186fdc73e0ac4,2026-09-19,5,2026-09-20,index_models-1,
https://www.onsemi.com/download/models/txt/pcp1403%20spice%20model.txt,,,downloaded,1916,c9a4c59489e57384041bb504bea2f03962d2dc96e681e4f8102d33f44ec40d5c,2026-09-19,17,2026-09-20,index_models-1,
https://www.onsemi.com/download/models/txt/rurd4120s9a_f085(simetrix).txt,,,downloaded,678,306dc6d250164dd900e130ef6176a24615f5252f5c883e08f181326f798e2b1a,2026-09-19,1,2026-09-20,index_models-1,
https://www.onsemi.com/download/models/txt/s115fp_pspice.txt,,,downloaded,538,05192beeb38d0f4690e732d229c4d8f4d7aea853842316f170e2026a674ddba1,2026-09-19,1,2026-09-20,index_models-1,
https://www.onsemi.com/download/models/txt/spice%20model%20of%202sk3557-6.txt,,,downloaded,1406,4db1fabaab045a82fed603c3f904f2ac4aa96a6172f62ecc29d0925831b4e9a8,2026-09-19,2,2026-09-20,index_models-1,
https://www.onsemi.com/download/models/txt/spice%20model%20of%202sk3557-7.txt,,,downloaded,1406,91a12a1ff0566ef756ee21b301a115b4029253643f6587dea41f984ab11b52b6,2026-09-19,2,2026-09-20,index_models-1,
https://www.onsemi.com/download/models/txt/szesd7241%20spice%20model%20library.txt,,,downloaded,1036,5cee57dddcd297ab239129e49102ebf66c3311c1cd4c54975d9da2a10e79e44a,2026-09-19,6,2026-09-20,index_models-1,
https://www.onsemi.com/download/models/txt/szesd7241%20spice3%20model%20.txt,,,downloaded,1056,dc0fd881129607fecde8a224dccf4cc3bb283a45e1df7e75e78c1add22da0dc9,2026-09-19,6,2026-09-20,index_models-1,
https://www.onsemi.com/download/models/zip/12a02mh-spice-d.zip,,,downloaded,52408,223bde7c2d74d47540d1a3e77b211f0e0796df4a57ab4a46dedd4611cebfd9ef,2026-09-19,1,2026-09-20,index_models-1,
https://www.onsemi.com/download/models/zip/15c02mh-spice-d.zip,,,downloaded,49834,c15c8c5404c88b09774378daec5b4598152c7bdfb7941ad01045d55c52714368,2026-09-19,1,2026-09-20,index_models-1,
https://www.onsemi.com/download/models/zip/1hn04ch-spice-d.zip,,,downloaded,4702,9e86788c71e0a2df18de4941cea146328afd80543827e8976c6b6955365e8bcc,2026-09-19,18,2026-09-20,index_models-1,
https://www.onsemi.com/download/models/zip/1sv233-spice-d.zip,,,downloaded,3511,46843005c81317fdb35013666529dc3539b61b1f4e27a0d54425928112c3d84c,2026-09-19,12,2026-09-20,index_models-1,
https://www.onsemi.com/download/models/zip/1sv234-spice-d.zip,,,downloaded,3510,1a55c276699114e9954eea3ac0e5019f9c788b5a6c1f37ff5a9183a4e2534abb,2026-09-19,12,2026-09-20,index_models-1,
https://www.onsemi.com/download/models/zip/2sa1416-spice-d.zip,,,downloaded,770,5af7df60bff03eb72e461d740e2148925b17942fbf1e2f0e62db4d60186297df,2026-09-19,1,2026-09-20,index_models-1,
https://www.onsemi.com/download/models/zip/2sa2125-spice-d.zip,,,downloaded,757,3d42eacc9c1f59c45560046b7a85a7e92e94fbe5a1ed6ad07f851ea803369e92,2026-09-19,1,2026-09-20,index_models-1,
https://www.onsemi.com/download/models/zip/2sa2205-spice-d.zip,,,downloaded,55968,2fc0d770582f8a81da00270f08fd19c0d5e8b435a6664fb934997c4d5b63b00c,2026-09-19,1,2026-09-20,index_models-1,
https://www.onsemi.com/download/models/zip/2sa2222sg-spice-d.zip,,,downloaded,16530,ab05135cc3926f0caf04c75a0e5cebcc168c523dff3afd3fb54904087ec15aef,2026-09-19,1,2026-09-20,index_models-1,
https://www.onsemi.com/download/models/zip/2sb1204s-spice-d.zip,,,downloaded,17999,dbcb2ed97d8ebfb0d3d1014010bcef93f395f4afdab285b89177ce577059c8c9,2026-09-19,2,2026-09-20,index_models-1,
https://www.onsemi.com/download/models/zip/2sb1205-spice-d.zip,,,downloaded,51134,de8296e40c2a27b6b5c7e3ceb9020af59306f7a96a968b3e9aa1d0f36b2903a1,2026-09-19,1,2026-09-20,index_models-1,
https://www.onsemi.com/download/models/zip/2sc5566-spice-d.zip,,,downloaded,52757,6cd19708d3bf5fa687def7445aed02cdb97a2897875ce33feb83e9880696de5b,2026-09-19,1,2026-09-20,index_models-1,
https://www.onsemi.com/download/models/zip/2sc5964-spice-d.zip,,,downloaded,55960,7b80a6374731f0b73da4029daaf0a9cc53ed767ec8304a99ae7bf9a61f62ddfb,2026-09-19,1,2026-09-20,index_models-1,
https://www.onsemi.com/download/models/zip/2sc5994-spice-d.zip,,,downloaded,18029,ecdd427bba6495f92fdbcd83adfba9ecf308a46e013d03b350c432915f0b7ea4,2026-09-19,2,2026-09-20,index_models-1,
https://www.onsemi.com/download/models/zip/2sc6097-spice-d.zip,,,downloaded,17903,addc67bd39b50f56145ac3d9b2b47011710a229ad687dd7bc50638e0f884aa4e,2026-09-19,2,2026-09-20,index_models-1,
https://www.onsemi.com/download/models/zip/2sc6144sg-spice-d.zip,,,downloaded,25321,2c74c9fd9bd0348a7b523a90fcd0872e7fe48eb35879b15585aed20cc3249a43,2026-09-19,2,2026-09-20,index_models-1,
https://www.onsemi.com/download/models/zip/2sd1623-spice-d.zip,,,downloaded,31075,21d1c3e825304aad6710e089d2d3cd69b4decfba2e0ad2bdc86530f375207a19,2026-09-19,1,2026-09-20,index_models-1,
https://www.onsemi.com/download/models/zip/2sd1628-spice-d.zip,,,downloaded,31347,db2fa111267d308a6e310fa39b12b7ade1c0ca149acd9cdb332deb39ea16a28a,2026-09-19,1,2026-09-20,index_models-1,
https://www.onsemi.com/download/models/zip/2sd1805-spice-d.zip,,,downloaded,111023,e2eed9cd368699a96f403dd5f8dd6c85658b81b5d7a6fa46197fdaec5c3b8387,2026-09-19,1,2026-09-20,index_models-1,
https://www.onsemi.com/download/models/zip/2sd1815-spice-d.zip,,,downloaded,52720,ec762377dc6a01d7e267db86394d2947b4334468b272659a48799aa1cf183473,2026-09-19,1,2026-09-20,index_models-1,
https://www.onsemi.com/download/models/zip/2sj652-spice-d.zip,,,downloaded,56292,a85ef6f82d23899e7ae010d8bae4f90b83e083badf33554e45e20a7355cef1b6,2026-09-19,1,2026-09-20,index_models-1,
https://www.onsemi.com/download/models/zip/2sk3703-spice-d.zip,,,downloaded,59523,f48dce3644d395dcf3a9651764f35b56c0321ec8fd4a056af504426d9096f8a3,2026-09-19,1,2026-09-20,index_models-1,
https://www.onsemi.com/download/models/zip/2sk3746-spice-d.zip,,,downloaded,56553,149f8ecac1b698c2a47fd1b35c9c54ed73d6f8b52e97a276a7253c06e03f476e,2026-09-19,1,2026-09-20,index_models-1,
https://www.onsemi.com/download/models/zip/2sk3747-spice-d.zip,,,downloaded,1167,17aba3bc59a189d9bc4ae6d0a858a773422bc926f37b0bad0d739c2b22de05cf,2026-09-19,2,2026-09-20,index_models-1,
https://www.onsemi.com/download/models/zip/2sk3748-spice-d.zip,,,downloaded,56559,2c8c271920751ee2d16a563f4af636afccc0513f08e4caca8cd533147f549c6c,2026-09-19,1,2026-09-20,index_models-1,
https://www.onsemi.com/download/models/zip/2sk3820-spice-d.zip,,,downloaded,62072,26831d74cc14cd9bb654546074ad7e8ee0020bf5df77951312c2836ab8db209f,2026-09-19,1,2026-09-20,index_models-1,
https://www.onsemi.com/download/models/zip/2sk4177-spice-d.zip,,,downloaded,21962,c8a5841acc6a3f7cdf1611cd1832579f4f4d283d402206395d950a002f89f90e,2026-09-19,1,2026-09-20,index_models-1,
https://www.onsemi.com/download/models/zip/2sk536-spice-d.zip,,,downloaded,4473,1336f6eee4615d85081f0c7b40771d50a6e4b34025bd5092b2544a8f0a1f8227,2026-09-19,18,2026-09-20,index_models-1,
https://www.onsemi.com/download/models/zip/3ln01c-spice-d.zip,,,downloaded,21969,ffa62dc8d280c9a7748ae04517172c5069a941e5af39470f05e5fd8c0c60ad7b,2026-09-19,1,2026-09-20,index_models-1,
https://www.onsemi.com/download/models/zip/3ln01m-spice-d.zip,,,downloaded,21978,b8461f5c27f42fd2fe019cf9192872eb54471eef08b7f02bb5f69e86180be3ac,2026-09-19,1,2026-09-20,index_models-1,
https://www.onsemi.com/download/models/zip/3lp01m-spice-d.zip,,,downloaded,22105,b01b19849500dae5741f474df5d1f9aab10289b6d464ee3112d28a91de72a6e5,2026-09-19,1,2026-09-20,index_models-1,
https://www.onsemi.com/download/models/zip/3lp01s-spice-d.zip,,,downloaded,56353,6a2d6786f63a97becfacc9a6a0271ce03d31a1a6288d336111a240f5a0316824,2026-09-19,1,2026-09-20,index_models-1,
https://www.onsemi.com/download/models/zip/5lp01c-spice-d.zip,,,downloaded,4548,61b4ed062289d44bdb1dba4192323587a7ae196ab174663264a49261a3c253c8,2026-09-19,18,2026-09-20,index_models-1,
https://www.onsemi.com/download/models/zip/5lp01m-spice-d.zip,,,downloaded,4550,6be22cc22a080658edf7508c6ab5b8c4ebc7111bddd9260e2abffbf2099c1ddc,2026-09-19,18,2026-09-20,index_models-1,
https://www.onsemi.com/download/models/zip/5lp01s-spice-d.zip,,,downloaded,4548,e580d42e732563b6f56b07a6bdc5488e3cc7952bdff6f964fdd59cf961d25314,2026-09-19,18,2026-09-20,index_models-1,
https://www.onsemi.com/download/models/zip/6hp04ch-spice-d.zip,,,downloaded,4645,8a202a8f87f12e46047f7c4b03d44f865954c3c1ecf2878b3483a181d316f791,2026-09-19,18,2026-09-20,index_models-1,
https://www.onsemi.com/download/models/zip/atp101-spice-d.zip,,,downloaded,4662,343e6627aa7218b6b11208ac3fc0036e20832da51ebc1a401751ee15437a16dc,2026-09-19,18,2026-09-20,index_models-1,
https://www.onsemi.com/download/models/zip/atp102-spice-d.zip,,,downloaded,4619,a5eb9c8cfd46aa415d18d1d41d7cd5358dce36c8f322adcefc1f0dafd6ad4473,2026-09-19,18,2026-09-20,index_models-1,
https://www.onsemi.com/download/models/zip/atp103-spice-d.zip,,,downloaded,4656,003f9f080dd941c63807b660e5aab4f6bea8837f1c03e56d6cc50bcba8daae1a,2026-09-19,18,2026-09-20,index_models-1,
https://www.onsemi.com/download/models/zip/atp104-spice-d.zip,,,downloaded,4629,43fa9ea2d228315711bec0311559fd0b5fccd1f7bb10dfac88f4459c8a4fd2d6,2026-09-19,18,2026-09-20,index_models-1,
https://www.onsemi.com/download/models/zip/atp106-spice-d.zip,,,downloaded,4646,02918185faeee8782de120df3a36d691e8c5adabfd5e9ddf9f550217c50c4296,2026-09-19,18,2026-09-20,index_models-1,
https://www.onsemi.com/download/models/zip/atp108-spice-d.zip,,,downloaded,4655,77ba08ac22fd089284087271cded42612dfca9a06fe584f113f34745b796e739,2026-09-19,18,2026-09-20,index_models-1,
https://www.onsemi.com/download/models/zip/atp112-spice-d.zip,,,downloaded,4585,8b77cf034beb330db4493b6764ace364e967ea2f9747d1877479afc211f83e3e,2026-09-19,18,2026-09-20,index_models-1,
https://www.onsemi.com/download/models/zip/atp113-spice-d.zip,,,downloaded,4557,ca4522c36de7dafb456fafffeb2afadb7a79fd268a65812538369cce7f507769,2026-09-19,18,2026-09-20,index_models-1,
https://www.onsemi.com/download/models/zip/atp114-spice-d.zip,,,downloaded,4594,9dbfd90dab5e2c9b4e06abfcf4e8e0f6f1fb191e1ed85cf346fff66b638d54bb,2026-09-19,18,2026-09-20,index_models-1,
https://www.onsemi.com/download/models/zip/atp202-spice-d.zip,,,downloaded,4560,c825288ad45bf0314fd54f7f48b20ab24f6bac940e3599010422514a69a1e578,2026-09-19,18,2026-09-20,index_models-1,
https://www.onsemi.com/download/models/zip/atp207-spice-d.zip,,,downloaded,4452,8665f436e48948d9442577b89216ddabe4b3ebaa6b7f68201ddcc0e13532c3d7,2026-09-19,18,2026-09-20,index_models-1,
https://www.onsemi.com/download/models/zip/atp212-spice-d.zip,,,downloaded,1170,0deeae8c8f3c50d8e9d59d946d529d10c6a330ca37ed7d99d8b116324615db12,2026-09-19,2,2026-09-20,index_models-1,
https://www.onsemi.com/download/models/zip/atp301-spice-d.zip,,,downloaded,1168,87716b2ce9c0ee0c75ab081e45becb3a0c056b1f9ef3f3f3db9c743810f61831,2026-09-19,2,2026-09-20,index_models-1,
https://www.onsemi.com/download/models/zip/atp302-spice-d.zip,,,downloaded,4630,2f2183a70ea13eb577e4fee658bf504770a48b09684cc30226189a104723c441,2026-09-19,18,2026-09-20,index_models-1,
https://www.onsemi.com/download/models/zip/atp304-spice-d.zip,,,downloaded,4571,96e89767c89ab4b229fab448342672f88c211239f3e66685fad5750dc786f595,2026-09-19,18,2026-09-20,index_models-1,
https://www.onsemi.com/download/models/zip/atp405-spice-d.zip,,,downloaded,1173,cf209dab7889f5fcc2c43262af8c61ea2a6535a5f3b3118fe690102a50d3dc50,2026-09-19,1,2026-09-20,index_models-1,
https://www.onsemi.com/download/models/zip/average%20model%20for%20ac%20simulation%20on%20pspice.zip,,,downloaded,106804,9df1bb2b2413d31360d5238e0559a9825b106710c5d1e4f28fd570575f13542e,2026-09-19,8,2026-09-20,index_models-1,
https://www.onsemi.com/download/models/zip/bbs3002-spice-d.zip,,,downloaded,1156,2812a31172b89a465566979341fc2abeb95f3d44bf90203ab5f3b4a22d14b018,2026-09-19,2,2026-09-20,index_models-1,
https://www.onsemi.com/download/models/zip/bms3003-spice-d.zip,,,downloaded,4615,81219c722a47a3f213889fd19da9134184a86a5ebe16971e36b2ec54cd474066,2026-09-19,18,2026-09-20,index_models-1,
https://www.onsemi.com/download/models/zip/cat102.zip,,,downloaded,31620,64d90e849a95a295fa8754ff0b06ffdb8334bba1b06fed1a711965bb48ca8004,2026-09-19,2,2026-09-20,index_models-1,
https://www.onsemi.com/download/models/zip/cph3105-spice-d.zip,,,downloaded,765,372a69df2c49d5212f5e4afd230638f0be9f927eb8756d9630677d6ce32881a5,2026-09-19,1,2026-09-20,index_models-1,
https://www.onsemi.com/download/models/zip/cph3122-spice-d.zip,,,downloaded,17839,8ae7b261b0001fec65d375571e752c7ce6a13af310511f9d5b70d430f4370d47,2026-09-19,2,2026-09-20,index_models-1,
https://www.onsemi.com/download/models/zip/cph3123-spice-d.zip,,,downloaded,54273,8672bf2dcb0128f7d6e0fbd4ff663d8fac3b7a06f61d5e2b46ccdcc065776925,2026-09-19,1,2026-09-20,index_models-1,
https://www.onsemi.com/download/models/zip/cph3140-spice-d.zip,,,downloaded,774,891f2ddcc7a367d517f465dd898ef69dc38bcfe00685f0b16d3c8403cc0ef171,2026-09-19,1,2026-09-20,index_models-1,
https://www.onsemi.com/download/models/zip/cph3145-spice-d.zip,,,downloaded,18243,077847fbf528ae0f67163b634aaf2c0c48d9ffff8cd6388784135ffc4ab00461,2026-09-19,2,2026-09-20,index_models-1,
https://www.onsemi.com/download/models/zip/cph3223-spice-d.zip,,,downloaded,54258,03edc72df2676f510d2bfa39466ed39541e13fc6eddffdda713851b19393d5b8,2026-09-19,1,2026-09-20,index_models-1,
https://www.onsemi.com/download/models/zip/cph3348-spice-d.zip,,,downloaded,21996,b3c0090673626b2e5c5fe866a324c97752ee64e9add64606d0bf1eb96845627a,2026-09-19,1,2026-09-20,index_models-1,
https://www.onsemi.com/download/models/zip/cph3362-spice-d.zip,,,downloaded,4622,fd97e534ea0c1b52cdd63a571d1390d1e03cac88cbd848bb2c213ffc7399bb24,2026-09-19,18,2026-09-20,index_models-1,
https://www.onsemi.com/download/models/zip/cph3448-spice-d.zip,,,downloaded,62055,15a4aeb9ecee6589b9e60827b3e6c007e09a7af65a9234d357765ed94bf10720,2026-09-19,1,2026-09-20,index_models-1,
https://www.onsemi.com/download/models/zip/cph3456-spice-d.zip,,,downloaded,22008,462f7720ca47a489a3646a255599b87a46410d7ac667af26e2732bdc94fe73a6,2026-09-19,1,2026-09-20,index_models-1,
https://www.onsemi.com/download/models/zip/cph3457-spice-d.zip,,,downloaded,22001,bbab8e8f797acea25f053a773714a362030ee7e9473d480b83f8519022cdb0e0,2026-09-19,1,2026-09-20,index_models-1,
https://www.onsemi.com/download/models/zip/cph3459-spice-d.zip,,,downloaded,4703,6fa3a85ec9877af1ad41d712d9058f39c8009e90611e8b3230485409ee0e9e61,2026-09-19,18,2026-09-20,index_models-1,
https://www.onsemi.com/download/models/zip/cph3461-spice-d.zip,,,downloaded,4604,3426ff5e90f9653b7965160c7c09a2658165ae16ce550ee404e6c83126d3c65f,2026-09-19,18,2026-09-20,index_models-1,
https://www.onsemi.com/download/models/zip/cph3910-spice-d.zip,,,downloaded,550,677aee7a2bbe11899ac1122a50be76b6134e42b548361b5664cb66482ea2ab25,2026-09-19,2,2026-09-20,index_models-1,
https://www.onsemi.com/download/models/zip/cph5506-spice-d.zip,,,downloaded,56687,4347741741c0e110a1d0d95300755e52c098c9d4788fe1d5bbb6eea7217377f7,2026-09-19,3,2026-09-20,index_models-1,
https://www.onsemi.com/download/models/zip/cph5617-spice-d.zip,,,downloaded,22005,df1fbf16df07c232b497bf055a7996101d1bd0dd4fbe73cd1cd4700f815f9070,2026-09-19,1,2026-09-20,index_models-1,
https://www.onsemi.com/download/models/zip/cph5871-spice-d.zip,,,downloaded,33056,dc11f46aebb974a27f66d229b7f381142f06f8a3f52843a2787d9fc059004e8d,2026-09-19,2,2026-09-20,index_models-1,
https://www.onsemi.com/download/models/zip/cph5905g-spice-d.zip,,,downloaded,122879,8b843d79d1d8607b35810ba51236ce79514a57d4da3211cd1d81f01a5fba3823,2026-09-19,3,2026-09-20,index_models-1,
https://www.onsemi.com/download/models/zip/cph6223-spice-d.zip,,,downloaded,56095,1b83dfe14f665f2fe82a520cd96c34285400e74c24163b430fa161c7be879a87,2026-09-19,1,2026-09-20,index_models-1,
https://www.onsemi.com/download/models/zip/cph6341-spice-d.zip,,,downloaded,59456,57dfe27d8bccc24ba8331c07d2b2d246b9f9c2800fac104f85fd3584f867c2b0,2026-09-19,1,2026-09-20,index_models-1,
https://www.onsemi.com/download/models/zip/cph6347-spice-d.zip,,,downloaded,22987,a52bbaf4262942df76fa085a87c36c7271088754e954ddc1534dbd101356ab66,2026-09-19,1,2026-09-20,index_models-1,
https://www.onsemi.com/download/models/zip/cph6354-spice-d.zip,,,downloaded,4680,f957f944c7f8c087680c814ba83dc1b0b922042b3d88d393c1721a10a2a7cfc9,2026-09-19,18,2026-09-20,index_models-1,
https://www.onsemi.com/download/models/zip/cph6442-spice-d.zip,,,downloaded,4649,9d7fa0b0d0d509e53d3421269cd230fed0dc30393de61c24f1eab31994f9d018,2026-09-19,18,2026-09-20,index_models-1,
https://www.onsemi.com/download/models/zip/cph6443-spice-d.zip,,,downloaded,22105,8d14e4beb7ece05430221c4729501b41b9829b9623651090060d14279085c520,2026-09-19,1,2026-09-20,index_models-1,
https://www.onsemi.com/download/models/zip/cph6444-spice-d.zip,,,downloaded,1154,40951647943ec6f88017048595e6b895fd03c22827b5bc1b4291c6041328009b,2026-09-19,2,2026-09-20,index_models-1,
https://www.onsemi.com/download/models/zip/cph6445-spice-d.zip,,,downloaded,61997,10c503d06effd96ecce0307c1e357ca88ca1a178ab1b93ca4ea129cfd513f770,2026-09-19,1,2026-09-20,index_models-1,
https://www.onsemi.com/download/models/zip/cph6531-spice-d.zip,,,downloaded,54001,3cb3a8e803ffd221549333f287ad6761a42e0452b9e919469ff92d888deae527,2026-09-19,1,2026-09-20,index_models-1,
https://www.onsemi.com/download/models/zip/ech8310-spice-d.zip,,,downloaded,22096,58615b45959d60e29118c078b8216a85e3691b7fb3be58594e9daea7a5eb829e,2026-09-19,1,2026-09-20,index_models-1,
https://www.onsemi.com/download/models/zip/ech8315-spice-d.zip,,,downloaded,22128,b5cc517feb6483a800e35b87a2a319d656e59cefa8c40e95fec9e81e6dfbbaec,2026-09-19,1,2026-09-20,index_models-1,
https://www.onsemi.com/download/models/zip/ech8420-spice-d.zip,,,downloaded,21994,a20ee41537de93db4b08f2141ccabff70357ef64ca7438f88624b34f175fcd2d,2026-09-19,1,2026-09-20,index_models-1,
https://www.onsemi.com/download/models/zip/ech8651r-spice-d.zip,,,downloaded,59465,b898c181623a4b6a9ded83f84527acb7bdd4edf8d49a470658fc0dd7ae7e727d,2026-09-19,1,2026-09-20,index_models-1,
https://www.onsemi.com/download/models/zip/ech8654-spice-d.zip,,,downloaded,56554,3fbf61086cdc52ec3ad12c8be04d36491fa11f13c394146f0cd25ed440796afb,2026-09-19,1,2026-09-20,index_models-1,
https://www.onsemi.com/download/models/zip/ech8655r-spice-d.zip,,,downloaded,21979,c6835bd614ccafa3934e237cd27323127a43e8e36c42709bb16a96b17ace5c4f,2026-09-19,1,2026-09-20,index_models-1,
https://www.onsemi.com/download/models/zip/ech8659-spice-d.zip,,,downloaded,2450,4ca96bbe1bce75edeb77e084286ec51aa61c4afe096d7b298999d9c64de2fde1,2026-09-19,14,2026-09-20,index_models-1,
https://www.onsemi.com/download/models/zip/ech8660-spice-d.zip,,,downloaded,93559,7f316e908dbf087b307366828fdbd9a8f15a0793424bd7809dd5189179774d48,2026-09-19,2,2026-09-20,index_models-1,
https://www.onsemi.com/download/models/zip/ech8661-spice-d.zip,,,downloaded,36987,edc98b336dc4f6312e116b5baccee21182f4531e1abedc52230ff56c17986370,2026-09-19,2,2026-09-20,index_models-1,
https://www.onsemi.com/download/models/zip/ech8667-spice-d.zip,,,downloaded,22011,9614384117410a0f66037967ed67ae1256652e83b5a362c770821b46ba972937,2026-09-19,1,2026-09-20,index_models-1,
https://www.onsemi.com/download/models/zip/ech8693r-spice-d.zip,,,downloaded,22208,b6c6972904dadcf2cf898a79cf5a1445c32e6722dda747d7eed30e100a38c576,2026-09-19,1,2026-09-20,index_models-1,
https://www.onsemi.com/download/models/zip/ech8697r-spice-d.zip,,,downloaded,22529,1f17755409799ee8f0131c51d7f51731b84d1ea6109c7132e0c9e39fe0648b2b,2026-09-19,1,2026-09-20,index_models-1,
https://www.onsemi.com/download/models/zip/efc2j022n-spice-d.zip,,,downloaded,2516,0bb66cec9e3c1e7684e9286c0b116fedec8e2794cebb59816c706ea8ef6f95e0,2026-09-19,14,2026-09-20,index_models-1,
https://www.onsemi.com/download/models/zip/efc2k103nuz-spice-d.zip,,,downloaded,1106,1a356c9835e1eb0f25372f0b66ed778d75f75570f98ba184ce5b055fcea905db,2026-09-19,7,2026-09-20,index_models-1,
https://www.onsemi.com/download/models/zip/efc4k110nuz-spice-d.zip,,,downloaded,1125,7b34b1d607282badef98a49ee3e950ace934aacf300adafd2a7370b5dbe6d6eb,2026-09-19,7,2026-09-20,index_models-1,
https://www.onsemi.com/download/models/zip/emd4dxv6%20(pspice%20model).zip,,,downloaded,2668,8dee9a20c928a7230bbd26a3c8f765d5b6af5a8e3cbad0fd4f88c42f1f641c05,2026-09-19,5,2026-09-20,index_models-1,
https://www.onsemi.com/download/models/zip/emh2408-spice-d.zip,,,downloaded,22001,369ef7546a81975eaaedaf4930e90117e0d7cff757aea877af75b7bd74ce850d,2026-09-19,1,2026-09-20,index_models-1,
https://www.onsemi.com/download/models/zip/esd5481%20(spice%20model).zip,,,downloaded,1965,4accbb207b29fb6cb16e1eea8b958d32f4086e5f79fea18b6fecd837f9770229,2026-09-19,6,2026-09-20,index_models-1,
https://www.onsemi.com/download/models/zip/esdl3552%20(pspice%20model).zip,,,downloaded,1926,975621bef3657723ec65b8b67d17249bf223b886487b17079251a80aa8e5da73,2026-09-19,6,2026-09-20,index_models-1,
https://www.onsemi.com/download/models/zip/fdb86135%20simtrix.zip,,,downloaded,33163,e27f4735ded03e86ea7fb18571844267629a2a5eae1c4f076e3fbdeefadbc103,2026-09-19,4,2026-09-20,index_models-1,
https://www.onsemi.com/download/models/zip/fdg6342l.zip,,,downloaded,2711,be77502f6622e98370c171348c4e43381eb875cd8dc51a560c49b692fb5cf97e,2026-09-19,,,,
https://www.onsemi.com/download/models/zip/fdmf6707b.zip,,,downloaded,7067,e1a9baca403f4cfd5c8b486ab158cce91af9cb607fa1eaaad2bea25965d2b6ae,2026-09-19,36,2026-09-20,index_models-1,
https://www.onsemi.com/download/models/zip/fdmf6823a.zip,,,downloaded,7099,f0c7724fdabd84393130061f15c13490254921683bde46b2cf9ff4363c28e8a1,2026-09-19,38,2026-09-20,index_models-1,
https://www.onsemi.com/download/models/zip/fdy6342l.zip,,,downloaded,2881,09dd435290768a1cc87f686e970c14b20e3f096f7d06178a78885e7057084a43,2026-09-19,13,2026-09-20,index_models-1,
https://www.onsemi.com/download/models/zip/fodm302x%20(spice%20model).zip,,,downloaded,2501,33450ef8015627478e3849d4afed6cfe5d79b2ebf720cf843b4472db4ec689d0,2026-09-19,10,2026-09-20,index_models-1,
https://www.onsemi.com/download/models/zip/fodm305x%20(spice%20model).zip,,,downloaded,2556,96137ab34505b6ea299152a780d9c5b5750bd65cbf219ae8d9a891bee0e26e42,2026-09-19,10,2026-09-20,index_models-1,
https://www.onsemi.com/download/models/zip/fodm308x%20(spice%20model).zip,,,downloaded,2418,8945a99311d9287a5ef4c97555d28651013619b835f6b6db9bf9fb2a0bfc1c91,2026-09-19,10,2026-09-20,index_models-1,
https://www.onsemi.com/download/models/zip/freerun%20isspice.zip,,,downloaded,32515,1f31a322a79cc052cb8a78d0de266cf6ad41dde83cbd480d1dc973c49bf58fe8,2026-09-19,23,2026-09-20,index_models-1,
https://www.onsemi.com/download/models/zip/fw389-spice-d.zip,,,downloaded,36898,4e36b1779489dd31683b51dce79c00b33e42630c3ea734bc4a336a4ab3e85b1f,2026-09-19,2,2026-09-20,index_models-1,
https://www.onsemi.com/download/models/zip/fw4604-spice-d.zip,,,downloaded,36969,57dab46bba088d20f6598ddba5e6be20eb172ffbfe40cf8656d1655fcc5d4a25,2026-09-19,2,2026-09-20,index_models-1,
https://www.onsemi.com/download/models/zip/isl9r30120g2.zip,,,downloaded,6481,37755ccb67be7f3596090c3c07a2177177f86289e4e1d999c6e7268235d511ce,2026-09-19,1,2026-09-20,index_models-1,
https://www.onsemi.com/download/models/zip/lm833%20spice%20model.zip,,,downloaded,7021,af3bc8c727c321f1e84d0ae3f2b790b1281dbe518e81913ba38a7fb55225bc7e,2026-09-19,4,2026-09-20,index_models-1,
https://www.onsemi.com/download/models/zip/mc33071-2-4%20spice%20model.zip,,,downloaded,7061,a9ba3cec28973d39696866079071a5ce707cc4ab5792dc40362ebfc6684cee39,2026-09-19,3,2026-09-20,index_models-1,
https://www.onsemi.com/download/models/zip/mc33077%20spice%20model.zip,,,downloaded,8666,eb5cf2c78f558aabc68d96ae0ced32ef43cdd862650605a2db98584766f22771,2026-09-19,5,2026-09-20,index_models-1,
https://www.onsemi.com/download/models/zip/mc33152.zip,,,downloaded,39583,059e854edc9a7841120d7e5c129e330181925b1ec43481d2dc8383538c0ae73f,2026-09-19,2,2026-09-20,index_models-1,
https://www.onsemi.com/download/models/zip/mc33161_pspice.zip,,,downloaded,7228,7a9f40ccc115ee04e1ae83df618625bd5f7fb3c4d76e302cfed1cde650358c3c,2026-09-19,7,2026-09-20,index_models-1,
https://www.onsemi.com/download/models/zip/mc33163_model.zip,,,downloaded,79432,9a2c3d4e5fd4cac8c077696b7589a4f75e12ab29049cbdad1da48101e6ea1d95,2026-09-19,629,2026-09-20,index_models-1,
https://www.onsemi.com/download/models/zip/mc33171%20spice%20model.zip,,,downloaded,8578,7f9792e07199eac7f893c357553bf6ff563760ab4b9e44173a1eeb5980af5098,2026-09-19,4,2026-09-20,index_models-1,
https://www.onsemi.com/download/models/zip/mc33178-9%20spice%20model.zip,,,downloaded,60971,ec342ad08f60a8606d1e877167cfee634d32e71f73239a081991d1c305d3795d,2026-09-19,22,2026-09-20,index_models-1,
https://www.onsemi.com/download/models/zip/mc33201-2-4%20spice%20model.zip,,,downloaded,6510,a15ea7583e36317c867c0f5ae7680530e3a80d8efb1a85460a5c5d73f3d7dc2e,2026-09-19,10,2026-09-20,index_models-1,
https://www.onsemi.com/download/models/zip/mc3403%20spice%20model.zip,,,downloaded,5768,11fd3ac66ae726ce0f2208797ec99f0b29c49a6c7d5bb054535f5003fa0e20a1,2026-09-19,3,2026-09-20,index_models-1,
https://www.onsemi.com/download/models/zip/mc34063a%20orcad%20models.zip,,,downloaded,26947,312469dc34b8d04ffcdef6d5909591458ae2976dc107a7b9f1910a50d18fe2c4,2026-09-19,11,2026-09-20,index_models-1,
https://www.onsemi.com/download/models/zip/mc34063a%20pspice%20models.zip,,,downloaded,72540,9c5d0b22c9837eeebbd1351465bcd05ea8d0cf47bc8751ea4675654e3c29477a,2026-09-19,11,2026-09-20,index_models-1,
https://www.onsemi.com/download/models/zip/mc34063a%20spice%20model.zip,,,downloaded,72540,9c5d0b22c9837eeebbd1351465bcd05ea8d0cf47bc8751ea4675654e3c29477a,2026-09-19,11,2026-09-20,index_models-1,
https://www.onsemi.com/download/models/zip/mch3105-spice-d.zip,,,downloaded,765,00ae853852eac55a45f6a9343af0ca810fdbf154c1fd8d4009876d00a895f8c9,2026-09-19,1,2026-09-20,index_models-1,
https://www.onsemi.com/download/models/zip/mch3209-spice-d.zip,,,downloaded,48832,fbf4c543df7b4bac4ee1ef71944c7f120b3195958fe7101ae531b04694b815a1,2026-09-19,1,2026-09-20,index_models-1,
https://www.onsemi.com/download/models/zip/mch3333a-spice-d.zip,,,downloaded,4599,45fbe3af024a587fb3a45385865a4a37a0b2a089478d24e46866110088a6910b,2026-09-19,18,2026-09-20,index_models-1,
https://www.onsemi.com/download/models/zip/mch3374-spice-d.zip,,,downloaded,22143,df68cf92048ae4520a488837c7af1db8d6774840ce37d34e747e97fc6de17185,2026-09-19,1,2026-09-20,index_models-1,
https://www.onsemi.com/download/models/zip/mch3377-spice-d.zip,,,downloaded,54411,c5906c804fb666eafa3fe3e1f860b52a23bd80e72c938e4d88d0ce6490f6a3d3,2026-09-19,1,2026-09-20,index_models-1,
https://www.onsemi.com/download/models/zip/mch3383-spice-d.zip,,,downloaded,61892,4dd9820ba453b9a73afc35f774a9a256c3d135ef89d4ccd0ab47cd2a326109ee,2026-09-19,1,2026-09-20,index_models-1,
https://www.onsemi.com/download/models/zip/mch3474-spice-d.zip,,,downloaded,61958,12b58929932861cc6c9836366292e4192d9919ce436b3bdd75e66be33a2915c3,2026-09-19,1,2026-09-20,index_models-1,
https://www.onsemi.com/download/models/zip/mch3479-spice-d.zip,,,downloaded,22002,fc1ad1b32c4c7f4e4fcc8052b841bacafa6959c8b3df695e28474b5a4403bf9d,2026-09-19,1,2026-09-20,index_models-1,
https://www.onsemi.com/download/models/zip/mch3484-spice-d.zip,,,downloaded,61963,d376e62898dfdd238e4a39b390f24bc4f71e4b390b5f5e9132e3454c3ab7b9e7,2026-09-19,1,2026-09-20,index_models-1,
https://www.onsemi.com/download/models/zip/mch6321-spice-d.zip,,,downloaded,104591,cbc26391301b8d7e7fd132755233e7c9b170ea4b6d738ec491ae4268482f49b4,2026-09-19,1,2026-09-20,index_models-1,
https://www.onsemi.com/download/models/zip/mch6336-spice-d.zip,,,downloaded,104427,8fb5a9deaa3e0cd81af05422ea77935ac1443196393366f4af2fb199a4dba95a,2026-09-19,1,2026-09-20,index_models-1,
https://www.onsemi.com/download/models/zip/mch6337-spice-d.zip,,,downloaded,104585,a1b95493759b616e902d0a37767c2f734c6aef086ee94109623428ad486a258e,2026-09-19,1,2026-09-20,index_models-1,
https://www.onsemi.com/download/models/zip/mch6342-spice-d.zip,,,downloaded,4562,b4c1f69de618390a33d77c9bccffa033a2dcbb7579d3455036f7da1e49782f06,2026-09-19,18,2026-09-20,index_models-1,
https://www.onsemi.com/download/models/zip/mch6421-spice-d.zip,,,downloaded,61956,66b513a060a68373ed81d51a7e0fd45fa48ba2e73a9b280ebec2e0d29e7226b8,2026-09-19,1,2026-09-20,index_models-1,
https://www.onsemi.com/download/models/zip/mch6436-spice-d.zip,,,downloaded,62024,01c2f9cbf4e02f1cd358415af38ba29905bdf378f262a8bec863c82e75bfc70d,2026-09-19,1,2026-09-20,index_models-1,
https://www.onsemi.com/download/models/zip/mch6445-spice-d.zip,,,downloaded,1154,1ac15e0a38d762667b3a23cb69493f8f4ddf8adbb871ddbb69ef627f3be91efa,2026-09-19,2,2026-09-20,index_models-1,
https://www.onsemi.com/download/models/zip/mch6541-spice-d.zip,,,downloaded,91958,1f6e2a709b4fa47966751100ea6a1d366744a61fe6dbc526eb7313001c813e6d,2026-09-19,3,2026-09-20,index_models-1,
https://www.onsemi.com/download/models/zip/mch6601-spice-d.zip,,,downloaded,21968,54588778ab67e5515d4968a94d83f0011bc717d34b98669dbb9c557290c8f8ab,2026-09-19,1,2026-09-20,index_models-1,
https://www.onsemi.com/download/models/zip/mch6602-spice-d.zip,,,downloaded,21984,271a07052e29d8dc92a1ca68301405c1ec38d848483f438ffb90a12b2c2cdb21,2026-09-19,1,2026-09-20,index_models-1,
https://www.onsemi.com/download/models/zip/mch6604-spice-d.zip,,,downloaded,56441,75864d4121dab7964de69cc51d121ae06de2ae3cc7bc32a60f6f8e72895d4af2,2026-09-19,1,2026-09-20,index_models-1,
https://www.onsemi.com/download/models/zip/mch6613-spice-d.zip,,,downloaded,37195,da6cacbb27c097561cc13c0e6e40ab3e34e0e39baf3f688718af36dd1a935c6f,2026-09-19,2,2026-09-20,index_models-1,
https://www.onsemi.com/download/models/zip/mch6661-spice-d.zip,,,downloaded,2281,74c0fa58e1e7328c8f424deed48fe86335388e62525b9bb046a7fe2173a52dfa,2026-09-19,13,2026-09-20,index_models-1,
https://www.onsemi.com/download/models/zip/mch6663-spice-d.zip,,,downloaded,2786,185e9361bae1cbc8d0d7ee8c4115e3433c4477db63ec05c0e7f4674f630efb9e,2026-09-19,26,2026-09-20,index_models-1,
https://www.onsemi.com/download/models/zip/mch6664-spice-d.zip,,,downloaded,2280,214b5ffbd8e8d4911baf704e7c3ea5ef3b459bbf01a9c423370a2d205ced5864,2026-09-19,12,2026-09-20,index_models-1,
https://www.onsemi.com/download/models/zip/mmbzxxx%20(ltspice%20model).zip,,,downloaded,7522,d2f87cf6e034352e8cbf352a55c291c9b4351489720b64bfb646dc9f30ae6519,2026-09-19,98,2026-09-20,index_models-1,
https://www.onsemi.com/download/models/zip/mmbzxxx%20(spice%20model).zip,,,downloaded,5751,50031669157abfb0e0e5649f2183988c6e20c830e91b05859a6a11a913aa8e8e,2026-09-19,98,2026-09-20,index_models-1,
https://www.onsemi.com/download/models/zip/moc223m%20(pspice%20model).zip,,,downloaded,5641,71d31dfb0f7bf824fd71fb2e02e40ad8f2168f33fa3348e6735f246049097d90,2026-09-19,16,2026-09-20,index_models-1,
https://www.onsemi.com/download/models/zip/moc302x%20(spice%20model).zip,,,downloaded,2888,790a790ddc520a5d495713438cdf8aa1e5035403506bc60ee52debb6f79cb892,2026-09-19,20,2026-09-20,index_models-1,
https://www.onsemi.com/download/models/zip/moc305x%20(spice%20model).zip,,,downloaded,2697,59dd50a2dd9543345d7b22cec872108fa5167c28faa1cf4bfccf10460d1c5721,2026-09-19,15,2026-09-20,index_models-1,
https://www.onsemi.com/download/models/zip/moc306x%20(spice%20model).zip,,,downloaded,3226,9dc84c9886cad48cd54786bf8028a36a4fac4d0bb88cbec859ae78d5df108b7d,2026-09-19,25,2026-09-20,index_models-1,
https://www.onsemi.com/download/models/zip/moc307x%20(spice%20model).zip,,,downloaded,2757,34fcd3ca866a0bd915d37c323ddd333fe0b0e66b75c613d86dc09c7dff2b8885,2026-09-19,15,2026-09-20,index_models-1,
https://www.onsemi.com/download/models/zip/moc308x%20(spice%20model).zip,,,downloaded,2849,ea8596b6c657b56e7c0c41fa6f5fd5d5bb414b4d2e8e24da061c84b80b207ab3,2026-09-19,15,2026-09-20,index_models-1,
https://www.onsemi.com/download/models/zip/moc30xx%20(spice%20model).zip,,,downloaded,4002,efb4b800ffd5cfb3dcde3eb2f980b2271ebff7761b30fd936a0eabbd292072b1,2026-09-19,50,2026-09-20,index_models-1,
https://www.onsemi.com/download/models/zip/nc7wb3125f.zip.zip,,,downloaded,20028,8e6e243ef44ab7e6dc9451685d38dc12c4b361611835d91ceafd4e4773e6c1e0,2026-09-19,4,2026-09-20,index_models-1,
https://www.onsemi.com/download/models/zip/nc7wb3125s.zip.zip,,,downloaded,20052,66e68c774ea11ebe5480a3d207092318d4866b2a0eb9050547e3d5aca3d50b2c,2026-09-19,4,2026-09-20,index_models-1,
https://www.onsemi.com/download/models/zip/nc7wb3125t.zip.zip,,,downloaded,20069,874d256f56f0ac9b263611044b78b3f2198c057af1cf245f6a33303d7b773a33,2026-09-19,4,2026-09-20,index_models-1,
https://www.onsemi.com/download/models/zip/ncd57090a%20spice%20model.zip,,,downloaded,10133,d6b19575a352ba292619fa474be91389bc6791bddd6d72d88085fd9b59e38c12,2026-09-19,5,2026-09-20,index_models-1,
https://www.onsemi.com/download/models/zip/ncd57090a.zip,,,downloaded,47638,6dd68ed4ca71e845546d49b90c9bc097ca4eeecc87f9c58099bc70730f978c3c,2026-09-19,16,2026-09-20,index_models-1,
https://www.onsemi.com/download/models/zip/ncd57090d.zip,,,downloaded,12801,a1c6f0b4642565ea97bd2c9418374e38d0605ef2a94176cffbdc451bda387c84,2026-09-19,9,2026-09-20,index_models-1,
https://www.onsemi.com/download/models/zip/ncd57090f.zip,,,downloaded,48989,06e4f5d6bac79d79b6aa9a2df44ed8d72d087167ba84d0b0c839bc69d443f337,2026-09-19,19,2026-09-20,index_models-1,
https://www.onsemi.com/download/models/zip/ncd57100.zip,,,downloaded,31526,ff21ec0766ee8570e68bfce0a6b76b2cf818e4dff92d19f794401046c52966e6,2026-09-19,4,2026-09-20,index_models-1,
https://www.onsemi.com/download/models/zip/ncp101x_isspice.zip,,,downloaded,164106,ce0a7c791a59c07b4f51dbc47e26695a7409dd3222c1008ef7cba577db156e57,2026-09-19,764,2026-09-20,index_models-1,
https://www.onsemi.com/download/models/zip/ncp101x_orcad.zip,,,downloaded,27607,b3da9c86bc1c88acb93f742903c134013e2a6c5549863bf03be6f03e6f401e46,2026-09-19,61,2026-09-20,index_models-1,
https://www.onsemi.com/download/models/zip/ncp105x_orcad.zip,,,downloaded,37018,07bc5595abbb3701cc125963f1325bb9dda971a2860b61a2b6be333c1f769155,2026-09-19,55,2026-09-20,index_models-1,
https://www.onsemi.com/download/models/zip/ncp1117%20pspice%20models.zip,,,downloaded,6145,78a0be9bb2eec04e7d2cffc803764d518ba12bbbb6037fbb0b373de33e0394fe,2026-09-19,45,2026-09-20,index_models-1,
https://www.onsemi.com/download/models/zip/ncp1205i.zip,,,downloaded,89069,f8d7c5d47184f96275050f1a520ead7e74b5824bbee9d5a9774a66370a70427f,2026-09-19,409,2026-09-20,index_models-1,
https://www.onsemi.com/download/models/zip/ncp1205is.zip,,,downloaded,32515,1f31a322a79cc052cb8a78d0de266cf6ad41dde83cbd480d1dc973c49bf58fe8,2026-09-19,23,2026-09-20,index_models-1,
https://www.onsemi.com/download/models/zip/ncp1205p.zip,,,downloaded,54133,788113b1bf06764facfde4b6bced0cee74d9fed84de6eeb9b5fab778aa0d17ff,2026-09-19,54,2026-09-20,index_models-1,
https://www.onsemi.com/download/models/zip/ncp1205ps.zip,,,downloaded,18733,ee37be089d30b0f4e339e7486d72e91d8bf477a53eaf90e05861fb58a28ce72e,2026-09-19,35,2026-09-20,index_models-1,
https://www.onsemi.com/download/models/zip/ncp1207acis.zip,,,downloaded,240877,1b7f99ff9aacc6f64a7f111d78d12efc900ca35979ab24246424751b35ee525c,2026-09-19,27,2026-09-20,index_models-1,
https://www.onsemi.com/download/models/zip/ncp1207acps.zip,,,downloaded,39827,5d83ab03f6bb8efc159cd8b0320afde8c99a5e0ee7e33e5896430485b11a1b6e,2026-09-19,42,2026-09-20,index_models-1,
https://www.onsemi.com/download/models/zip/ncp1207ps.zip,,,downloaded,18733,ee37be089d30b0f4e339e7486d72e91d8bf477a53eaf90e05861fb58a28ce72e,2026-09-19,35,2026-09-20,index_models-1,
https://www.onsemi.com/download/models/zip/ncp1250_orcad_model.zip,,,downloaded,107918,611312bf76b0e852e2a8857ec2de0edc73caa329392af775311b7e3857cbbd29,2026-09-19,136,2026-09-20,index_models-1,
https://www.onsemi.com/download/models/zip/ncp1252%20spice%20model.zip,,,downloaded,137765,4a8068fae80ce1238bf3787d68385b58794ccb98c2595d9f2239b71dfa3ec491,2026-09-19,38,2026-09-20,index_models-1,
https://www.onsemi.com/download/models/zip/ncp1351%20ispice%20model.zip,,,downloaded,52308,4f84f97146fa9445283da5346a8227ea5cef9ebded59a54a3398483f22fb6c86,2026-09-19,25,2026-09-20,index_models-1,
https://www.onsemi.com/download/models/zip/ncp1351%20pspice%20model.zip,,,downloaded,43129,41cb75a7b8ed10158e01fbbddf0f1cc283833d94d5d08a3a2ec1dc84c3a05028,2026-09-19,60,2026-09-20,index_models-1,
https://www.onsemi.com/download/models/zip/ncp1360%20pspice%20model.zip,,,downloaded,113010,302ee0f624e8860cd2dd9f6524515a88160d61b50268d3836f9b8c04adde943a,2026-09-19,73,2026-09-20,index_models-1,
https://www.onsemi.com/download/models/zip/ncp1395%20isspice%20model.zip,,,downloaded,20565,d3f6b332275a51748eee039e46f04ae27a328dc0eee2bb9635255f06d1a381b5,2026-09-19,,,,
https://www.onsemi.com/download/models/zip/ncp1395%20orcad%20model.zip,,,downloaded,25049,cf63785017c870aa28f45daf29956e8d075ad5a2afd5756e686e5239ef194370,2026-09-19,24,2026-09-20,index_models-1,
https://www.onsemi.com/download/models/zip/ncp1521b%20simulation%20model.zip,,,downloaded,10936,fcf7ab6028e6bec8537e49dd5d3ba88e145fe71a7c377609e2d0b18293800ba5,2026-09-19,9,2026-09-20,index_models-1,
https://www.onsemi.com/download/models/zip/ncp1608%20pspice%20model.zip,,,downloaded,562976,7b4c7877889b22dde859d3f90ecbfd00aff2c88a3c101e838ffb75f8d2e8548e,2026-09-19,49,2026-09-20,index_models-1,
https://www.onsemi.com/download/models/zip/ncp2809orcad.zip,,,downloaded,16827,d16dca8eb3eb923f1030c00893d1ce50a8f349ac98864aa9554fa3fab7faba28,2026-09-19,23,2026-09-20,index_models-1,
https://www.onsemi.com/download/models/zip/ncp2820orcad.zip,,,downloaded,12599,b9268ade073bdf356689ed029c484ba4083ffde302a287219f098ea09fd6f80c,2026-09-19,40,2026-09-20,index_models-1,
https://www.onsemi.com/download/models/zip/ncp2890orcad.zip,,,downloaded,17823,bf028a4bf75fc6fb16ea590a615c5c64a1096211fa02ca2466bfcd5b189f2781,2026-09-19,38,2026-09-20,index_models-1,
https://www.onsemi.com/download/models/zip/ncp4307%20active%20clamp%20flyback.zip,,,downloaded,312994,e7d646e57d5a686f963f6824b59b7b58d6c36e7395c2ddbfa9d76994622a2f68,2026-09-19,2,2026-09-20,index_models-1,
https://www.onsemi.com/download/models/zip/ncp4307%20active%20clamp%20forward.zip,,,downloaded,181096,e9bd4cbd0da5a7805631facd2cedbe5bdbc406bae5fbf6a75fdbefd1c11c2abd,2026-09-19,2,2026-09-20,index_models-1,
https://www.onsemi.com/download/models/zip/ncp4307%20flyback.zip,,,downloaded,139109,cea615d201d26b182e72ef66097c32db1cfad8c446526385c9941aba7d32fc89,2026-09-19,1,2026-09-20,index_models-1,
https://www.onsemi.com/download/models/zip/ncp4326%20demo%20board%20simulation%20(pspice).zip,,,downloaded,54526,6818c6e2e3e5b61b9d860e1a231f1932825f77ff8b0d66903bea3e65b70781a8,2026-09-19,65,2026-09-20,index_models-1,
https://www.onsemi.com/download/models/zip/ncp5007_sim.zip,,,downloaded,29351,b33ae16f85a69e4315f73eaee2c1ec0a356f52f269bfc71779f4aa128092ddbc,2026-09-19,88,2026-09-20,index_models-1,
https://www.onsemi.com/download/models/zip/ncp5104.zip,,,downloaded,42511,cfc4e83572868f544de45ba60471b3d6f19cfe6e936ae4fe467d2a0c96e1fd87,2026-09-19,4,2026-09-20,index_models-1,
https://www.onsemi.com/download/models/zip/ncp511%20isspice%20model.zip,,,downloaded,84823,3de5a641772bc94726f43fa91cbed085a7376e72ea290d6c4771084406783aba,2026-09-19,72,2026-09-20,index_models-1,
https://www.onsemi.com/download/models/zip/ncp511%20pspice%20model.zip,,,downloaded,19750,63af4d99c87667df3322abbec3689a6f9a0ea913c994ed6ef16371364721aefa,2026-09-19,51,2026-09-20,index_models-1,
https://www.onsemi.com/download/models/zip/ncp51152_pspice%20models.zip,,,downloaded,139004,7678da17b5f4cea0fab0c5ce135cd0e2366bb256cd8e9b208914529c98152acd,2026-09-19,19,2026-09-20,index_models-1,
https://www.onsemi.com/download/models/zip/ncp51560%20(pspice).zip,,,downloaded,238638,ba27cf2847a592b52eaf9edb88616194484e51a4a925e99ad2b7b9fa32ad139b,2026-09-19,13,2026-09-20,index_models-1,
https://www.onsemi.com/download/models/zip/ncp51561%20pspice.zip,,,downloaded,213467,fb3649d52d885414521342ac864690365c503e2fedf7c36295502ece39befee6,2026-09-19,13,2026-09-20,index_models-1,
https://www.onsemi.com/download/models/zip/ncp51561%20simetix.zip,,,downloaded,198019,6a8792411e16bb8bafc26048b6ccebfb76b487ec35a527cd802292943188363a,2026-09-19,73,2026-09-20,index_models-1,
https://www.onsemi.com/download/models/zip/ncp51563%20(pspice).zip,,,downloaded,222404,851e1c616c8646e499f78af1c91fb9cfcdf2a7d37edee08ecf2ada9d95f9bdb9,2026-09-19,13,2026-09-20,index_models-1,
https://www.onsemi.com/download/models/zip/ncp51752_pspice%20models.zip,,,downloaded,144645,dbafa28d5ff719f5852c8a432d01063f4ebb470c8fc51509db4f3396c2f6eb4d,2026-09-19,19,2026-09-20,index_models-1,
https://www.onsemi.com/download/models/zip/ncp5181%20spice%20model.zip,,,downloaded,25852,71fca9e0d0d6095dde04bfad3c9898769bf0572f3387bd61067a75b862be697d,2026-09-19,15,2026-09-20,index_models-1,
https://www.onsemi.com/download/models/zip/ncp51820%20sim%20model.zip,,,downloaded,77459,0c5b4518c082cde37b259361f803e0ecd91b74eab553e16c67632bb8f79cf97b,2026-09-19,1,2026-09-20,index_models-1,
https://www.onsemi.com/download/models/zip/ncp5183%20pspice%20model.zip,,,downloaded,3053,97709a7e1980e541e914a586c01243bf4118040f609f49edca9e3c3a79bede82,2026-09-19,33,2026-09-20,index_models-1,
https://www.onsemi.com/download/models/zip/ncp5623-pspice.zip,,,downloaded,63631,220f94897dff7a7cd6ac2a19de894a8362f73a3c0a298d611360d224c3e55fcc,2026-09-19,25,2026-09-20,index_models-1,
https://www.onsemi.com/download/models/zip/ncp702-1.8v%20pspice%20model.zip,,,downloaded,97667,1205fa43a50c5ad1c8452af53a0a72d940342a2f44e364106422a6a6405e10aa,2026-09-19,9,2026-09-20,index_models-1,
https://www.onsemi.com/download/models/zip/ncp702-2.8v%20pspice%20model.zip,,,downloaded,89353,a11f700fc12ef0f58be37414a01e6cfbde181131a7e8e56ed9235f042eb68b78,2026-09-19,9,2026-09-20,index_models-1,
https://www.onsemi.com/download/models/zip/ncp702-3.0v%20pspice%20model.zip,,,downloaded,89994,cc4a3c3ea971b5e486a4a9a042de09037c3b2645b2ad1691b7d1c2cb67a3761e,2026-09-19,9,2026-09-20,index_models-1,
https://www.onsemi.com/download/models/zip/ncp702-3.3v%20pspice%20model.zip,,,downloaded,576644,168a86a7411a27efeb130ce22db8d9a37c3cbec6672b0d5a3c7a8ee20d21c10a,2026-09-19,8,2026-09-20,index_models-1,
https://www.onsemi.com/download/models/zip/ncp729-1.8v%20pspice%20model.zip,,,downloaded,82007,9aa13d79cbfece984086745ef989fa40568ed86f12a6a1061dbaa2209c17517b,2026-09-19,8,2026-09-20,index_models-1,
https://www.onsemi.com/download/models/zip/ncp729-2.6v%20pspice%20model.zip,,,downloaded,80173,5e14d636f0ff0259ae9390cd286fd06f2cfc592a26616752dd33783d687b5e00,2026-09-19,8,2026-09-20,index_models-1,
https://www.onsemi.com/download/models/zip/ncp729-2.85v%20pspice%20model.zip,,,downloaded,91727,b49ac12a949c999c1f60588b726dfa61a9ac3084da50d10c3c6909ec441aea9c,2026-09-19,10,2026-09-20,index_models-1,
https://www.onsemi.com/download/models/zip/ncp729-2.8v%20pspice%20model.zip,,,downloaded,81909,d6a09ec20b7b58db9c3addb083945c5c75545195ff1e58ad093ecfc1697b71c3,2026-09-19,8,2026-09-20,index_models-1,
https://www.onsemi.com/download/models/zip/ncp729-3.3v%20pspice%20model.zip,,,downloaded,91242,90faa83d7e2046861451c369db3b663ea2586392399bf9f277e86e46c740ffa4,2026-09-19,10,2026-09-20,index_models-1,
https://www.onsemi.com/download/models/zip/ncs2200_series_sim_isspice.zip,,,downloaded,2389,cc275e63c64a133004e3e1f650f662faea598b82ecc2a83f0de7fae080cbce97,2026-09-19,30,2026-09-20,index_models-1,
https://www.onsemi.com/download/models/zip/ncs2200_series_sim_pspice.zip,,,downloaded,14057,70ffbea3a3ccd2073723c6f9b1a474ab57c1adce980eb4058cad274319f31664,2026-09-19,29,2026-09-20,index_models-1,
https://www.onsemi.com/download/models/zip/ncv12711%20pspice%20model.zip,,,downloaded,549386,3f4b2f25405acf9ee7d5bc7ac2e22c1b9387a0085b25fd5a66e644b6a6499d56,2026-09-19,71,2026-09-20,index_models-1,
https://www.onsemi.com/download/models/zip/ncv51153%20spice%20model.zip,,,downloaded,7812,4a184c371136efdff104e07f470fc729eba6f0dc120ceae8f75586ae3be4b3a3,2026-09-19,5,2026-09-20,index_models-1,
https://www.onsemi.com/download/models/zip/ncv51153b.zip,,,downloaded,43917,4b06c87801c431c6ac5ac62046fe92e3fa0a13de5951c3bf56164b3383698cf7,2026-09-19,16,2026-09-20,index_models-1,
https://www.onsemi.com/download/models/zip/ncv51313.zip,,,downloaded,55597,b40d484ea5f7310e266378d257b4bf181cea155db04c59777571c6eb96a99470,2026-09-19,1,2026-09-20,index_models-1,
https://www.onsemi.com/download/models/zip/ncv8161%20spice%20model.zip,,,downloaded,9469,3d2f2de13ee17110376b226e2ba6621320e3f6ca4375b70967f3576b7971575b,2026-09-19,7,2026-09-20,index_models-1,
https://www.onsemi.com/download/models/zip/ncv8164%20spice%20model.zip,,,downloaded,7905,5a48f324661d42f4e436d6dd4b262da6b7b0f2ea61898db53fa19677c88ff66d,2026-09-19,6,2026-09-20,index_models-1,
https://www.onsemi.com/download/models/zip/ncv8702-1.8v%20pspice%20model.zip,,,downloaded,81087,1b2fff7c5420ccf75ac5dab34a54837eedd8101a2b4b70061526974c1f5cdac1,2026-09-19,7,2026-09-20,index_models-1,
https://www.onsemi.com/download/models/zip/ncv8702-2.8v%20pspice%20model.zip,,,downloaded,79482,bd6f0fdb24fb1b5978df433192556b3bba55dfb98761d5f98f5f271ad296fac1,2026-09-19,7,2026-09-20,index_models-1,
https://www.onsemi.com/download/models/zip/ncv8702-3.0v%20pspice%20model.zip,,,downloaded,82824,745fb037f4b31f633800d3e6a9098e4db3a10fa02d6c8c985e0451e23e53a597,2026-09-19,7,2026-09-20,index_models-1,
https://www.onsemi.com/download/models/zip/ncv8702-3.3%20pspice%20model.zip,,,downloaded,86728,87b34c78190e706c069ad88c61e025a538c5bf01c40d9069711415ead629b0a0,2026-09-19,6,2026-09-20,index_models-1,
https://www.onsemi.com/download/models/zip/ncv881930_ncv891930%20pspice%20small%20signal%20model.zip,,,downloaded,1081037,7d4be73f1c0d45f5dc99a0672d74142ef22b7f6cdd527532e43c7b93563d5342,2026-09-19,63,2026-09-20,index_models-1,
https://www.onsemi.com/download/models/zip/ncv8870%20pspice%20small-signal%20model%20(modeling%20example%20included).zip,,,downloaded,1837198,09d9ad961729090a1471436c772b81bf4e90a466232d3d95c0a60fb42540dd5a,2026-09-19,2274,2026-09-20,index_models-1,
https://www.onsemi.com/download/models/zip/ncv8871%20pspice%20small-signal%20model%20(modeling%20examples%20included).zip,,,downloaded,1837198,09d9ad961729090a1471436c772b81bf4e90a466232d3d95c0a60fb42540dd5a,2026-09-19,2274,2026-09-20,index_models-1,
https://www.onsemi.com/download/models/zip/ncv8873%20pspice%20boost%20and%20sepic%20small%20signal%20simulation%20examples.zip,,,downloaded,1358692,8c62a1a6e1f75740764309f19cf985fd3069fdf7e1dae60a5223a1d9550245d9,2026-09-19,7,2026-09-20,index_models-1,
https://www.onsemi.com/download/models/zip/ncv8876%20pspice%20small-signal%20model%20(modeling%20example%20included).zip,,,downloaded,528943,b5993dbd8ce1de8c024f0474fc5b1326354dd1dddc8dc7329fca0297d26be714,2026-09-19,21,2026-09-20,index_models-1,
https://www.onsemi.com/download/models/zip/ncv8877%20pspice%20model%20small-signal.zip,,,downloaded,988231,08f32d8a7d376a289a3ac88deb25c166ecd3bb0d073c08e964c246852f8e99a2,2026-09-19,21,2026-09-20,index_models-1,
https://www.onsemi.com/download/models/zip/ncv890100_spice.zip,,,downloaded,11445,5aeca6c3b14d2b3f9e36d1209e79cfde2792927aedcea3ee0ec6cc4788b88a10,2026-09-19,2,2026-09-20,index_models-1,
https://www.onsemi.com/download/models/zip/ncv890103_04_ac_pspice%20.zip,,,downloaded,227351,8eb02604b488e207e225fc4b7896538e1d5d6f479991601abe943f57ae61f376,2026-09-19,7,2026-09-20,index_models-1,
https://www.onsemi.com/download/models/zip/ncv890103_04_tranavg_pspice.zip,,,downloaded,297623,c55a559c4f7b25a004c2bcead2a2f47f9a211e5d177e70f985b1e40a850b1789,2026-09-19,6,2026-09-20,index_models-1,
https://www.onsemi.com/download/models/zip/ncv8901xx_ac_pspice.zip,,,downloaded,226160,70859b1ace0b903fb4264db309906ade6614672efb166e4e71f4910ed6b5306a,2026-09-19,8,2026-09-20,index_models-1,
https://www.onsemi.com/download/models/zip/ncv8901xx_spice_ac_avg.zip,,,downloaded,199588,8c96245fff10121a6568373e49aeedb2f7b1c725f2e38f36ea1a1d45bb4f4833,2026-09-19,2,2026-09-20,index_models-1,
https://www.onsemi.com/download/models/zip/ncv8901xx_tranavg_pspice.zip,,,downloaded,252726,10775e52595c2593d043f15f41036fe37e4953cd5d16d70625caa940a832908d,2026-09-19,7,2026-09-20,index_models-1,
https://www.onsemi.com/download/models/zip/ncv890203-04_tranavg_pspice.zip,,,downloaded,362513,e732cf92f63b119ae8a3257462e73d1a435bb50256f2162ec9d44c6c3917169e,2026-09-19,6,2026-09-20,index_models-1,
https://www.onsemi.com/download/models/zip/ncv890203_04_ac_pspice.zip,,,downloaded,109089,e3c9e5863452c4f2755631592600f715a2fa61bd1974aafe1e4300a9088fb833,2026-09-19,7,2026-09-20,index_models-1,
https://www.onsemi.com/download/models/zip/ncv890430%20pspice%20model.zip,,,downloaded,508932,11fdaa24cdc6f1dea4975af83dfb258caa7b1b8ee70b9901f353a87191f16ff9,2026-09-19,21,2026-09-20,index_models-1,
https://www.onsemi.com/download/models/zip/ncv896530_ac_pspice.zip,,,downloaded,253652,bd51529377bde1bdf586d7f028da1eda8d4d69a8dba945fcf72a3b4513413893,2026-09-19,9,2026-09-20,index_models-1,
https://www.onsemi.com/download/models/zip/ncv898031%20pspice%20small-signal%20model%20(sepic%20demo%20board%20modeling%20example%20included).zip,,,downloaded,597103,46f4442a6a70cf3c6142d298883eeb3a8cb857b9ea906803ef8fff6ff2317971,2026-09-19,21,2026-09-20,index_models-1,
https://www.onsemi.com/download/models/zip/nddp010n25az-spice-d.zip,,,downloaded,4721,ce4dac40fd39684d90815e45f2765cc2ea746bb530203217d374cac7bcc6e076,2026-09-19,18,2026-09-20,index_models-1,
https://www.onsemi.com/download/models/zip/ndfp03n150c-spice-d.zip,,,downloaded,4707,52a645cc9f54822f0ae6d5459c5f38cb5082c24f703408ebee7366decea59b7a,2026-09-19,18,2026-09-20,index_models-1,
https://www.onsemi.com/download/models/zip/ndfpd1n150c-spice-d.zip,,,downloaded,22452,0ec90b1da35d11f4125928eef3e58bcbc81bfd9d36c2e7a6dd359be7c6367e32,2026-09-19,1,2026-09-20,index_models-1,
https://www.onsemi.com/download/models/zip/ndtl03n150c-spice-d.zip,,,downloaded,4708,8b34992bae83637ebbf23ef4dcdead4fdec8efb047ebb671405febf2dc00e3cf,2026-09-19,18,2026-09-20,index_models-1,
https://www.onsemi.com/download/models/zip/ndul03n150c-spice-d.zip,,,downloaded,4707,23cfcbe7d33abc79bf7baad6d0f29cc0c7f7e4e8226eac681f72a9dffbb687c8,2026-09-19,18,2026-09-20,index_models-1,
https://www.onsemi.com/download/models/zip/ndul09n150c-spice-d.zip,,,downloaded,4674,66ca6115da2261bf068d750a2e93c95336159e45b0d506285394861e82532b77,2026-09-19,18,2026-09-20,index_models-1,
https://www.onsemi.com/download/models/zip/ngtb03n60r2dt4g-spice-d.zip,,,downloaded,2711,ac0efc191e7dbd51643585c0bf0d1de2ffc475fe1d3a27b0afcb9827dbf1a94d,2026-09-19,12,2026-09-20,index_models-1,
https://www.onsemi.com/download/models/zip/ngtb05n60r2dt4g-spice-d.zip,,,downloaded,2774,267e0b1336f81cdc39d9126720bdf0ec43d4c361ad65d8399f4825cb86cd735e,2026-09-19,12,2026-09-20,index_models-1,
https://www.onsemi.com/download/models/zip/ngtb10n60r2dt4g-spice-d.zip,,,downloaded,2704,0156b6398e0627d009fac862be02129e9ca7e9268a39fa0e34a17a42c004551c,2026-09-19,12,2026-09-20,index_models-1,
https://www.onsemi.com/download/models/zip/ngtb15n60r2fg-spice-d.zip,,,downloaded,2716,a918f1fa654c0590599a1d90bda77069efb61b603964f6741571df114f8efc42,2026-09-19,12,2026-09-20,index_models-1,
https://www.onsemi.com/download/models/zip/ngtb20n60l2tf1g-spice-d.zip,,,downloaded,1134,fcc9139a6d6fb26fe492782e3dccf19576b5bbf3959e14d9da434ff8e68e4a28,2026-09-19,6,2026-09-20,index_models-1,
https://www.onsemi.com/download/models/zip/ngtb30n60l2wg-spice-d.zip,,,downloaded,2603,9bc2bbce08d74279ebfc82748ef9f1cd8000ede85b3d1abcda8069d9afea600a,2026-09-19,12,2026-09-20,index_models-1,
https://www.onsemi.com/download/models/zip/ngtb40n60ihlwg.zip,,,downloaded,4494,967910c60e438093f2950cc2c78a422dcbff1fb4e7cbedbf8a821a3e7b0c1700,2026-09-19,15,2026-09-20,index_models-1,
https://www.onsemi.com/download/models/zip/ngtb50n60flwg%20spice%20model.zip,,,downloaded,4514,667b8a2dea956368df00bedc0673d6a7931c37e36f7f88d3f52111dbf35c97af,2026-09-19,15,2026-09-20,index_models-1,
https://www.onsemi.com/download/models/zip/ngtg20n60l2tf1g-spice-d.zip,,,downloaded,1133,88fc8b426b7177228887b0800c0ab90c9766ddcc4c66d9084d36fc767e11be2e,2026-09-19,6,2026-09-20,index_models-1,
https://www.onsemi.com/download/models/zip/nsdp301mx2w_model.zip,,,downloaded,15664,e616efa95a09d0ba7a6ba26b7d4253c9f6e347fe472d585830596ee2907415a5,2026-09-19,2,2026-09-20,index_models-1,
https://www.onsemi.com/download/models/zip/nsr201mx_model-d.rev0.zip,,,downloaded,20873,09aece3e4987682e29050d616658fb90221437f3e70897209b4d7b4e49b6f96c,2026-09-19,2,2026-09-20,index_models-1,
https://www.onsemi.com/download/models/zip/nsvf249sdsf3_model-d.rev0.zip,,,downloaded,41677,66d06848c9d1e5eda20ee8637daf6c21fb9f11fcae811e0db848e43fac61d0cb,2026-09-19,2,2026-09-20,index_models-1,
https://www.onsemi.com/download/models/zip/nsvf264sdsf3_model-d.rev0.zip,,,downloaded,39146,2d241080e1d73f078fc88f424e3a3757f99b891015a1afdf142a33e284ed042c,2026-09-19,2,2026-09-20,index_models-1,
https://www.onsemi.com/download/models/zip/nsvj2394sa3%20model-d.zip,,,downloaded,9102,f809aa5e4e94ad5e577cdcc590eb03e0b9a665d8753b71e8fc7c06e2105ca846,2026-09-19,2,2026-09-20,index_models-1,
https://www.onsemi.com/download/models/zip/nsvj6904dsb6%20pspice%20model.zip,,,downloaded,2012,24c28b4244f204b18af8bcec073a5d01c1a2c891382f830de7cb913864dfe2ba,2026-09-19,2,2026-09-20,index_models-1,
https://www.onsemi.com/download/models/zip/nsvr201mx_model-d.rev0.zip,,,downloaded,71699,885b16ebdaa436a1b4ce653e11207ef36f67ada9aecb644edde50cbff16ea781,2026-09-19,2,2026-09-20,index_models-1,
https://www.onsemi.com/download/models/zip/nsvr351sdsa3_model-d-rev0.zip,,,downloaded,61830,a809983a13f6d9effda8ce9b84f6ad2b6f035d965b17cefd6c1ec80456c845f1,2026-09-19,2,2026-09-20,index_models-1,
https://www.onsemi.com/download/models/zip/nsvt1418l-spice-d.zip,,,downloaded,2966,1e5f303e6f88cff2c23af08605d999dd751fa662788abd376a49d4b02085ec14,2026-09-19,3,2026-09-20,index_models-1,
https://www.onsemi.com/download/models/zip/nud4001.models.zip,,,downloaded,80317,31a7f1aeea7036a735053b6565f2c2cb65895fbe1a972826cb0f693fb6dfe648,2026-09-19,10,2026-09-20,index_models-1,
https://www.onsemi.com/download/models/zip/nvats4a102pz-spice-d.zip,,,downloaded,4180,ee55cf2f4496140d8a8cbc58b8a808c7f6d71e5786294667393234407171b1cd,2026-09-19,18,2026-09-20,index_models-1,
https://www.onsemi.com/download/models/zip/nvats4a103pz-spice-d.zip,,,downloaded,4216,145a9807aaaac1ccec48f2430ffefdfeaa92bd63694a8b1ba67abacd1154dd14,2026-09-19,18,2026-09-20,index_models-1,
https://www.onsemi.com/download/models/zip/nvats4a104pz-spice-d.zip,,,downloaded,4247,8c0d86dbc2e67a17ddedba4cc0f120e3d813e804a6be1ca98ed8ed10c6e7d6ed,2026-09-19,18,2026-09-20,index_models-1,
https://www.onsemi.com/download/models/zip/nvats5a106plz-spice-d.zip,,,downloaded,4736,eed327d543595df01a24dca7f4748e775e548d1ccc60477618ba4454000a11fe,2026-09-19,18,2026-09-20,index_models-1,
https://www.onsemi.com/download/models/zip/nvats5a107plz-spice-d.zip,,,downloaded,4199,a5ee2a1d7b7d31d69cb4cf328c35801b0a5b7c94a08c9629345f6bcc1a2fa6de,2026-09-19,18,2026-09-20,index_models-1,
https://www.onsemi.com/download/models/zip/nvats5a108plz-spice-d.zip,,,downloaded,4279,4f1f9dfa4fc57c2864b2b38b638c66ad279cb759994191de4ce6c7a813393d83,2026-09-19,18,2026-09-20,index_models-1,
https://www.onsemi.com/download/models/zip/nvats5a112plz-spice-d.zip,,,downloaded,4709,f07d995f626b852d25ace8cd8e99303789df36f7cb7d3002d13838606e90743f,2026-09-19,18,2026-09-20,index_models-1,
https://www.onsemi.com/download/models/zip/nvats5a113plz-spice-d.zip,,,downloaded,4705,16f23b3cd454d0d3569f7b3196b36306e6a57c0bdefb756879c9ecd90db30d64,2026-09-19,18,2026-09-20,index_models-1,
https://www.onsemi.com/download/models/zip/nvats5a114plz-spice-d.zip,,,downloaded,4225,f5e6837076cacfa543b8c90ccd5352d5e7382eba4eac796dfb7b8deac190b3d7,2026-09-19,18,2026-09-20,index_models-1,
https://www.onsemi.com/download/models/zip/nvats5a302plz-spice-d.zip,,,downloaded,4257,d8daab0826b6831c32ab51e05500fa96f86429757898cb2311ebd55b95eb3836,2026-09-19,18,2026-09-20,index_models-1,
https://www.onsemi.com/download/models/zip/nvats5a304plz-spice-d.zip,,,downloaded,4709,4d052cd7767c30b3afe9efb8a073109ee72e5e12e26f2ce3e40196469bc09c6b,2026-09-19,18,2026-09-20,index_models-1,
https://www.onsemi.com/download/models/zip/nvats68301pz-spice-d.zip,,,downloaded,4785,659ed784f5bc5bcb45cf3f52c7ceb922525ced33e557225316cc6d6cf3af0419,2026-09-19,18,2026-09-20,index_models-1,
https://www.onsemi.com/download/models/zip/nvc3s5a51plz-spice-d.zip,,,downloaded,4259,c7c94636964b9efc26cfb46a10e8fb441b36b0d0eba1764d525e486312cbc2de,2026-09-19,18,2026-09-20,index_models-1,
https://www.onsemi.com/download/models/zip/nvc6s5a354plz-spice-d.zip,,,downloaded,4799,0fc8a001899d89db0dea9efd9d6dcfb7470d95fd168327de350820c566185c09,2026-09-19,18,2026-09-20,index_models-1,
https://www.onsemi.com/download/models/zip/nvc6s5a444nlz%20spice-d.zip,,,downloaded,4230,4132e887ed106c51f787cfccd1bc50de9b528457490992ac62a1a272eed5ebb3,2026-09-19,18,2026-09-20,index_models-1,
https://www.onsemi.com/download/models/zip/nvjd4158ct1g%20(pspice%20model).zip,,,downloaded,3177,b335e33dfb8e11b0be34502e48e06ada852a746e9916b05b5276f0cc82cb7a8a,2026-09-19,15,2026-09-20,index_models-1,
https://www.onsemi.com/download/models/zip/nvmfs5a140plz-spice-d.zip,,,downloaded,4218,5954dde8e37217282dbd1f4c795761b46d0137e5fb992ff7aa34d589a9481f9e,2026-09-19,18,2026-09-20,index_models-1,
https://www.onsemi.com/download/models/zip/nvmfs5a160plz-spice-d.zip,,,downloaded,4245,0c05ae8db3b65b60b0da9279ef4a7c74c08792827f35e55bee0450cece76829d,2026-09-19,18,2026-09-20,index_models-1,
https://www.onsemi.com/download/models/zip/onsemi_diode_ultrafast_pspice.zip,,,downloaded,11896,aae7d23c8eda55f485e0cc1eae1995eee54c9a77c5ea4d72d45428607066d897,2026-09-19,3,2026-09-20,index_models-1,
https://www.onsemi.com/download/models/zip/onsemi_sicdiode_1200v_gen1%20(pspice%20model).zip,,,downloaded,27102,95ea24a23c7deb159455218df5a56acc2334b85e00ad7c57f6af36e173773396,2026-09-19,65,2026-09-20,index_models-1,
https://www.onsemi.com/download/models/zip/onsemi_ssdc_module_spice.zip,,,downloaded,67087,713048e6d871256490e8e85b3ae5a62aa0d2c498bcec5a9f434fb6e447bbfd46,2026-09-19,30,2026-09-20,index_models-1,
https://www.onsemi.com/download/models/zip/pcp1208-spice-d.zip,,,downloaded,55977,031595bc5eda082d340b06bb96d3b18af24d4317242816519d1334468a3f4e96,2026-09-19,1,2026-09-20,index_models-1,
https://www.onsemi.com/download/models/zip/pcp1302-spice-d.zip,,,downloaded,4595,f3cdb4ff75d11f8511e3fbb2cde0aebf842d23333a2f5e0d5a58450aa9bf449e,2026-09-19,18,2026-09-20,index_models-1,
https://www.onsemi.com/download/models/zip/ptng_lowq_100v_std_simtrix.zip,,,downloaded,53240,ed4afe6c76b3f2e09b6d54e6081de0874bec274921dcbf2502b81e08627f5f7f,2026-09-19,9,2026-09-20,index_models-1,
https://www.onsemi.com/download/models/zip/sb05-03q-spice-d.zip,,,downloaded,51161,8af4895bc6473c12be9cf804c6de237cd6fb27d77c4041856084e712a34fdd19,2026-09-19,1,2026-09-20,index_models-1,
https://www.onsemi.com/download/models/zip/sb3003ch-spice-d.zip,,,downloaded,12247,bc115837a751ab3dde84ddc7c5ff47574f63e8cfebc779b57bcd411c4d3b75f0,2026-09-19,1,2026-09-20,index_models-1,
https://www.onsemi.com/download/models/zip/sbe002-spice-d.zip,,,downloaded,49713,17b11503a6e83d1bf27597299f665db08d64705e201c6617e2304335bdb6eb7f,2026-09-19,1,2026-09-20,index_models-1,
https://www.onsemi.com/download/models/zip/sft1345-spice-d.zip,,,downloaded,61859,4ab393d31c8161373d3aa4ffe05ca10e92f910505b0dbf549f01de87a25403c2,2026-09-19,1,2026-09-20,index_models-1,
https://www.onsemi.com/download/models/zip/smmbfj310lt1g_model-d.rev0.zip,,,downloaded,15120,f7e94529559a058de300545a5f0b7a71ab4c757d5d201914b92426b7c996dae9,2026-09-19,2,2026-09-20,index_models-1,
https://www.onsemi.com/download/models/zip/smp3003-spice-d.zip,,,downloaded,22431,b1ad9f1bc839b0e24dafcbd15378ee134058f4a2a628657eeccd78bf7c8567e0,2026-09-19,1,2026-09-20,index_models-1,
https://www.onsemi.com/download/models/zip/spice%20model%20of%202sk2394-6.zip,,,downloaded,13450,d3d1101e0084111ed88ecb0aca10fde08b73013f3d85274df5172b5635d0ca93,2026-09-19,2,2026-09-20,index_models-1,
https://www.onsemi.com/download/models/zip/spice%20model%20of%202sk2394-7.zip,,,downloaded,13449,6abd5101e6fe37061cbe33a120a9e1edc7eabee5869ea85124dbb2a58f3eaead,2026-09-19,2,2026-09-20,index_models-1,
https://www.onsemi.com/download/models/zip/tf412-spice-d.zip,,,downloaded,558,b353b9804fe45b62806d9dcc5bfbdbf54c10797c5643efbce166fe5fb6bed467,2026-09-19,2,2026-09-20,index_models-1,
https://www.onsemi.com/download/models/zip/tf412s-spice-d.zip,,,downloaded,562,7212d468411e5af6487278799f6f0bcb21536f379d038832299ca2c51973dbc0,2026-09-19,2,2026-09-20,index_models-1,
https://www.onsemi.com/download/models/zip/tf414-spice-d.zip,,,downloaded,559,e896482348246a62193ee4a254d2f48ee45607c2e7c1ef2fd864788803128e61,2026-09-19,2,2026-09-20,index_models-1,
https://www.onsemi.com/download/models/zip/uf3c065030k3s%20(spice%20model).zip,,,downloaded,2828,9bfab84cf277ac23f452bd14b0a571233470693297d61f59bd92f7379f1f4b86,2026-09-19,14,2026-09-20,index_models-1,
https://www.onsemi.com/download/models/zip/uf3c065030k4s%20(spice%20model).zip,,,downloaded,2822,1e0cc31a8423023985f38949f850d8843c3293c3e9aaaa641c877effbfb5e79f,2026-09-19,14,2026-09-20,index_models-1,
https://www.onsemi.com/download/models/zip/uf3c065030t3s%20(spice%20model).zip,,,downloaded,2825,251f18f4df32027814d84152ddfd8a943baba004960c8b4d6cfb6e8630220292,2026-09-19,14,2026-09-20,index_models-1,
https://www.onsemi.com/download/models/zip/uf3c065040b3%20(spice%20model).zip,,,downloaded,2816,55bec6b5502ea77485f1d207e0a8bd1dd42f226d26d6a29da0ee057de1649b21,2026-09-19,14,2026-09-20,index_models-1,
https://www.onsemi.com/download/models/zip/uf3c065040k3s%20(spice%20model).zip,,,downloaded,2827,bfa1436478a62a16cc6705fba1761babdadd2bdcce5d92a4d0dfd7947e84518a,2026-09-19,14,2026-09-20,index_models-1,
https://www.onsemi.com/download/models/zip/uf3c065040k4s%20(spice%20model).zip,,,downloaded,2820,04d93009c7148d57def0110014a036ccf90530a5c7a43280ace35a942b31f3e5,2026-09-19,14,2026-09-20,index_models-1,
https://www.onsemi.com/download/models/zip/uf3c065040t3s%20(spice%20model).zip,,,downloaded,2826,d8015571974885d8fc7f475b7f3f22ab57d538c3e0868876f7949ede4cb759ac,2026-09-19,14,2026-09-20,index_models-1,
https://www.onsemi.com/download/models/zip/uf3c065080b3%20(spice%20model).zip,,,downloaded,2814,25f9292061e05e76473381b74ee77836a6aa8cb83aac96cbb6e02a51c1d332ab,2026-09-19,14,2026-09-20,index_models-1,
https://www.onsemi.com/download/models/zip/uf3c065080b7s%20(spice%20model).zip,,,downloaded,2836,ce2c3ac859eb4b794582d4d5c0b5ee2bc7ee6072bbb35d994301815ea3b81aca,2026-09-19,14,2026-09-20,index_models-1,
https://www.onsemi.com/download/models/zip/uf3c065080k3s%20(spice%20model).zip,,,downloaded,2823,d26cfe1a7179b474c66a7aed94593b7ecaa372f6d762efcd2d94bb6ae5b52816,2026-09-19,14,2026-09-20,index_models-1,
https://www.onsemi.com/download/models/zip/uf3c065080k4s%20(spice%20model).zip,,,downloaded,2824,0e3e08ff5ecd215efcc927596f288850dc3d22581de98f32b5ecd6b7e69105b8,2026-09-19,14,2026-09-20,index_models-1,
https://www.onsemi.com/download/models/zip/uf3c065080t3s%20(spice%20model).zip,,,downloaded,2824,3d0e98c76b46237b3b5806ebcebfb4079ac2c65e336c65350dd2b12e965a6a2e,2026-09-19,14,2026-09-20,index_models-1,
https://www.onsemi.com/download/models/zip/uf3c120040k4s%20(spice%20model).zip,,,downloaded,2831,6139cd9adee23ad7699a07970a365c387528806b8037e07b8e75d53048794f8b,2026-09-19,14,2026-09-20,index_models-1,
https://www.onsemi.com/download/models/zip/uf3c120080b7s%20(spice%20model).zip,,,downloaded,2817,647594de4ef8c8579c371699df0cb9d5655e0a12cd3fde26da9d6e6a17f6b7f2,2026-09-19,14,2026-09-20,index_models-1,
https://www.onsemi.com/download/models/zip/uf3c120080k3s%20(spice%20model).zip,,,downloaded,2830,298ca4e03a6a9e571cf96867d94b514c40b9016a93caf7c2da9ed37b055344e2,2026-09-19,14,2026-09-20,index_models-1,
https://www.onsemi.com/download/models/zip/uf3c120080k4s%20(spice%20model).zip,,,downloaded,2818,98e8d4c04b73112cd8294245c9681581ed4b4ddcd4ab06ee1cc96130b741f8f1,2026-09-19,14,2026-09-20,index_models-1,
https://www.onsemi.com/download/models/zip/uf3c120150b7s%20(spice%20model).zip,,,downloaded,2803,d055b725a356fe8983d8d077cbbf0388ac54dbd97e6a0c44a2310eb52d80115a,2026-09-19,14,2026-09-20,index_models-1,
https://www.onsemi.com/download/models/zip/uf3c120150k4s%20(spice%20model).zip,,,downloaded,2469,8863def914225ba5a473c31489fc3c2dbe8a0ed30263420f11c7b7f352f90308,2026-09-19,14,2026-09-20,index_models-1,
https://www.onsemi.com/download/models/zip/uf3c120400b7s%20(spice%20model).zip,,,downloaded,2826,93f88612f1db92dea40ce92602c9369d178aea652194c50d017ef5c9a58d2eb1,2026-09-19,14,2026-09-20,index_models-1,
https://www.onsemi.com/download/models/zip/uf3c120400k3s%20(spice%20model).zip,,,downloaded,2743,34162d2a093960af415d53cae8b13fe82dd1eb7def4a8fa6efbf30e6b52da8ca,2026-09-19,14,2026-09-20,index_models-1,
https://www.onsemi.com/download/models/zip/uf3c170400b7s%20(spice%20model).zip,,,downloaded,2827,3585e9aba9d53d570eb0b95d996d3e9661ccba544160ef44216c272e126c836f,2026-09-19,14,2026-09-20,index_models-1,
https://www.onsemi.com/download/models/zip/uf3c170400k3s%20(spice%20model).zip,,,downloaded,2747,377929f8ccda3e4ec6229cca3e648b66a493ab1f64befaebe36ed9d35bb3cf55,2026-09-19,14,2026-09-20,index_models-1,
https://www.onsemi.com/download/models/zip/uf3n120007k4s%20(spice%20model).zip,,,downloaded,2114,60e317244efd6743965aeda1033ead69e9a8ce232e35f89982ca441898e42442,2026-09-19,9,2026-09-20,index_models-1,
https://www.onsemi.com/download/models/zip/uf3n170400b7s%20(spice%20model).zip,,,downloaded,2288,b66782a98d2fc59b682f3d59e393dfb4d77cfdeda0226c28ff1fc6ccaeb1be31,2026-09-19,9,2026-09-20,index_models-1,
https://www.onsemi.com/download/models/zip/uf3sc065007k4s%20(spice%20model).zip,,,downloaded,2743,18b97772d23c15d80b54aef63b1ae4b1a5472a53ac9b275c92bea8d26f1d23a2,2026-09-19,14,2026-09-20,index_models-1,
https://www.onsemi.com/download/models/zip/uf3sc065030b7s%20(spice%20model).zip,,,downloaded,2481,fea5fea329c97c06630becb848ac84be03e529996a74fd32d1f3e418a91204de,2026-09-19,14,2026-09-20,index_models-1,
https://www.onsemi.com/download/models/zip/uf3sc120009k4s%20(spice%20model).zip,,,downloaded,2738,288ff8427f03501a706e38020542d17788023fb723242833b18cf9c20b4cfb3a,2026-09-19,14,2026-09-20,index_models-1,
https://www.onsemi.com/download/models/zip/uf3sc120016k3s%20(spice%20model).zip,,,downloaded,2721,c43812edde2d4edd7901648d7344f46491dceaa091e0200f1ffe6f5bbed7ce9b,2026-09-19,14,2026-09-20,index_models-1,
https://www.onsemi.com/download/models/zip/uf3sc120016k4s%20(spice%20model).zip,,,downloaded,2727,a0550be87e24712611c94b6333f097cb4895956f86f23fbb1f9558d8425954ef,2026-09-19,14,2026-09-20,index_models-1,
https://www.onsemi.com/download/models/zip/uf4c120053b7s%20(spice%20model).zip,,,downloaded,2768,0352c00187aae435dec55511b47e1dd5343ea504cd397412fbea7d8f48d277c5,2026-09-19,14,2026-09-20,index_models-1,
https://www.onsemi.com/download/models/zip/uf4c120053k4s%20(spice%20model).zip,,,downloaded,2422,239dfdb1c0930e1e201882a5c1e0ee6e51f77edf896440ea6ed98621e22cae3a,2026-09-19,14,2026-09-20,index_models-1,
https://www.onsemi.com/download/models/zip/uf4c120070k3s%20(spice%20model).zip,,,downloaded,2449,aee141d0acda54cea4115bf30ead36b960871acd3d2da60417fb2b6315b24ea4,2026-09-19,14,2026-09-20,index_models-1,
https://www.onsemi.com/download/models/zip/uf4c120070k4s%20(spice%20model).zip,,,downloaded,2422,82d176a0ddaa0c134708806d85184481b400ca4f73211610a1603e5c1924ac03,2026-09-19,14,2026-09-20,index_models-1,
https://www.onsemi.com/download/models/zip/uf4sc120009k4sh%20(spice%20model).zip,,,downloaded,2408,bede87fd3e3758a606d10a117f2e40cfa931cd4962cc12c3e0939a7ba0c9d6ea,2026-09-19,14,2026-09-20,index_models-1,
https://www.onsemi.com/download/models/zip/uf4sc120023k4s%20(spice%20model).zip,,,downloaded,2706,0c1ce03a8f9750fb3f2fb5dfc462b97b7464544532f8ad36a6776947dbcc10c8,2026-09-19,14,2026-09-20,index_models-1,
https://www.onsemi.com/download/models/zip/uf4sc120030b7s%20(spice%20model).zip,,,downloaded,2746,ed0ec0b3524b4feb3b96d7c9b8f68d6575b4c5c45f6d0146d2afde2f7cbeae2a,2026-09-19,14,2026-09-20,index_models-1,
https://www.onsemi.com/download/models/zip/ufb25sc12e1bc3n%20(spice%20model).zip,,,downloaded,3387,f3c487ad98604ae443f112834151df62d8d709a17c08037195e364455777ba86,2026-09-19,14,2026-09-20,index_models-1,
https://www.onsemi.com/download/models/zip/ug3sc120009k4s%20(spice%20model).zip,,,downloaded,2598,0f95d2df0d2b73259c125e18dd735aa28f1c8f24e54586da3d68fd66bde2b68a,2026-09-19,14,2026-09-20,index_models-1,
https://www.onsemi.com/download/models/zip/ug4sc075005l8s%20(spice%20model).zip,,,downloaded,4102,5883234350ea517e1a40ed9cfffcc6c3a98700d45f39169c90e03226e2a9e425,2026-09-19,28,2026-09-20,index_models-1,
https://www.onsemi.com/download/models/zip/ug4sc075011k4s%20(spice%20model).zip,,,downloaded,2567,cb440eb9b3b3a5d995e4fa56de1933388e84c19d0dad9692e9cda18da1793426,2026-09-19,14,2026-09-20,index_models-1,
https://www.onsemi.com/download/models/zip/uj3c065030b3%20(spice%20model).zip,,,downloaded,2487,ef13c1541e09150f2fc676e2736b5cb21966a2dc2988cd44ddbff2bb882a255b,2026-09-19,14,2026-09-20,index_models-1,
https://www.onsemi.com/download/models/zip/uj3c065030k3s%20(spice%20model).zip,,,downloaded,2479,7f93faff08e24532bdab8c946336a58aa107505825a623e28f5c5e7d570f50c4,2026-09-19,14,2026-09-20,index_models-1,
https://www.onsemi.com/download/models/zip/uj3c065030t3s%20(spice%20model).zip,,,downloaded,2488,d67a4c57221e89bd8fe46fb5faa8bdbdcd4c581b1e24fafeef488715ec21f13d,2026-09-19,14,2026-09-20,index_models-1,
https://www.onsemi.com/download/models/zip/uj3c065080b3%20(spice%20model).zip,,,downloaded,2479,463fb7176a4aa111a53c750dcce7f04e2ac2f0464907197577cc06221bebf8a9,2026-09-19,14,2026-09-20,index_models-1,
https://www.onsemi.com/download/models/zip/uj3c065080t3s%20(spice%20model).zip,,,downloaded,2486,46a8eed216be430fac81a75ec25f4410833bde8769c28c6fed8cbe2e1b5d25c0,2026-09-19,14,2026-09-20,index_models-1,
https://www.onsemi.com/download/models/zip/uj3c120040k3s%20(spice%20model).zip,,,downloaded,2470,eee2e13818e51a5eec451281787b96b8b9ed025718e4edb16100b145e5eb6cc6,2026-09-19,14,2026-09-20,index_models-1,
https://www.onsemi.com/download/models/zip/uj3c120070k3s%20(spice%20model).zip,,,downloaded,2480,5637299862bd26173dbe4888388e8a38208b19c45346736da58ab999e43012c5,2026-09-19,14,2026-09-20,index_models-1,
https://www.onsemi.com/download/models/zip/uj3c120070k4s%20(spice%20model).zip,,,downloaded,2717,ec6d488d40ecb8926a90a661bd3f04e8c2e3a2fc0c833bacf97a4e8c5d319a91,2026-09-19,14,2026-09-20,index_models-1,
https://www.onsemi.com/download/models/zip/uj3c120080k3s%20(spice%20model).zip,,,downloaded,2481,91b56e9e8d38d8c8349127aed101f330c32fc556dcba1efbf36d7d0869e505b4,2026-09-19,14,2026-09-20,index_models-1,
https://www.onsemi.com/download/models/zip/uj3c120150k3s%20(spice%20model).zip,,,downloaded,6490,02cebff186609aa0720c21ac274faaa447a98ddc84516d9889f123e89bff2f5d,2026-09-19,14,2026-09-20,index_models-1,
https://www.onsemi.com/download/models/zip/uj3d06520ksd%20(spice%20model).zip,,,downloaded,1661,9e01408967994c045593d886a22f9bcd2b09e86410229bdaf16b28831376fce6,2026-09-19,3,2026-09-20,index_models-1,
https://www.onsemi.com/download/models/zip/uj3d06560ksd%20(spice%20model).zip,,,downloaded,1668,ff57abb22291f8ec1ee27b46ae439a825e51043033cced475a2debcddef16b3f,2026-09-19,3,2026-09-20,index_models-1,
https://www.onsemi.com/download/models/zip/uj3d1210ks%20(spice%20model).zip,,,downloaded,1654,2b6f642a39bced4b029888e2fd7d4ce09055439d6b921d212ad05ea2034dc67c,2026-09-19,2,2026-09-20,index_models-1,
https://www.onsemi.com/download/models/zip/uj3d1210ksd%20(spice%20model).zip,,,downloaded,1682,8e2dc416e5ebf94a597006de3d8d44194b8dd80e4388f4b74d00877283fa70ad,2026-09-19,3,2026-09-20,index_models-1,
https://www.onsemi.com/download/models/zip/uj3d1220k2%20(spice%20model).zip,,,downloaded,1640,60be3a8730c1f2c7824bbe494b2f41189c035142a892a1666b3d37a5a1434577,2026-09-19,2,2026-09-20,index_models-1,
https://www.onsemi.com/download/models/zip/uj3d1250k2%20(spice%20model).zip,,,downloaded,1663,7ef742d95e283520b907d589f9883bee357d3b62c4d523362674ffc4b18d5caf,2026-09-19,2,2026-09-20,index_models-1,
https://www.onsemi.com/download/models/zip/uj3d1725k2%20(spice%20model).zip,,,downloaded,1653,93d63226bb3620cb5a64bcf45c84525709915953f8d450f9d854b86f1b4dfa63,2026-09-19,2,2026-09-20,index_models-1,
https://www.onsemi.com/download/models/zip/uj3n065080k3s%20(spice%20model).zip,,,downloaded,2209,5566ef97a5e1671d35bab00683c99f9ddee6b8d14c4a5b90609f0175a520a302,2026-09-19,9,2026-09-20,index_models-1,
https://www.onsemi.com/download/models/zip/uj3n120035k3s%20(spice%20model).zip,,,downloaded,2201,58038486d27c3c39f63e3721e772f2bfd8b3b5354120c0ddfb701c3b11928eab,2026-09-19,9,2026-09-20,index_models-1,
https://www.onsemi.com/download/models/zip/uj3n120070k3s%20(spice%20model).zip,,,downloaded,2348,0337c3d2508a5ad62625d5ada3585c005b51db7d1c2a636c8aa4a5df87b62a38,2026-09-19,9,2026-09-20,index_models-1,
https://www.onsemi.com/download/models/zip/uj4c075018k3s%20(spice%20model).zip,,,downloaded,2439,a9ff9dfbdfa8331e74cce1664d78be4460d1e3340f441cac74d915b15574e8b3,2026-09-19,14,2026-09-20,index_models-1,
https://www.onsemi.com/download/models/zip/uj4c075023k4s%20(spice%20model).zip,,,downloaded,2770,ce386981fcc7b05778ab5bbd33d513d15be28dec368c1efcd40bbd96d863c2e1,2026-09-19,14,2026-09-20,index_models-1,
https://www.onsemi.com/download/models/zip/uj4c075033b7s%20(spice%20model).zip,,,downloaded,2757,be70cad93680a0b7e3d703181faf7bb2c8f1c023ae2ed86fdfa9da914ca4d80d,2026-09-19,14,2026-09-20,index_models-1,
https://www.onsemi.com/download/models/zip/uj4c075033k3s%20(spice%20model).zip,,,downloaded,2785,4bd6aed26e0d3609ab8820ff8722d60e59af32f23899496825ea9ee3cfac7330,2026-09-19,14,2026-09-20,index_models-1,
https://www.onsemi.com/download/models/zip/uj4c075033k4s%20(spice%20model).zip,,,downloaded,2772,ce933642dae3ef8e5bff22144815aff2e0a56e246a1a32c9adb91d6681b22f50,2026-09-19,14,2026-09-20,index_models-1,
https://www.onsemi.com/download/models/zip/uj4c075044b7s%20(spice%20model).zip,,,downloaded,2753,d1b24c113779e5df3a3182faa02cba5954d975e97e5bc3486b432707c7d239ab,2026-09-19,14,2026-09-20,index_models-1,
https://www.onsemi.com/download/models/zip/uj4c075044k4s%20(spice%20model).zip,,,downloaded,2761,02a869bcd3cbafe855b0086df7b5e50596b7ce8d0b1fbdcf7bae7cc40f2d2798,2026-09-19,14,2026-09-20,index_models-1,
https://www.onsemi.com/download/models/zip/uj4c075044l8s%20(spice%20model).zip,,,downloaded,2752,49c3085fd128bf389c8b5c139c38b7a72ba72684c61cc6c26cb8f2f6e0c35582,2026-09-19,14,2026-09-20,index_models-1,
https://www.onsemi.com/download/models/zip/uj4c075060b7s%20(spice%20model).zip,,,downloaded,2780,ce019b48916d3ba9c845ea67da78a87ae282eb4e40cafc4296074f3434495185,2026-09-19,14,2026-09-20,index_models-1,
https://www.onsemi.com/download/models/zip/uj4c075060k3s%20(spice%20model).zip,,,downloaded,2787,eb7f803371354ebbc49c123b78cc6f9ca1f7973b783c06b04f97240912fbc755,2026-09-19,14,2026-09-20,index_models-1,
https://www.onsemi.com/download/models/zip/uj4c075060k4s%20(spice%20model).zip,,,downloaded,2801,27f1369c0620acc69e5ddb292e8a221a8b77aaef73735f32480645dc58bbf5a7,2026-09-19,14,2026-09-20,index_models-1,
https://www.onsemi.com/download/models/zip/uj4c075060l8s%20(spice%20model).zip,,,downloaded,2767,4636967d082b83d12e4520782fdc6ef547d368ca5a77078320c6c5190b25e1f3,2026-09-19,14,2026-09-20,index_models-1,
https://www.onsemi.com/download/models/zip/uj4n075004l8s%20(spice%20model).zip,,,downloaded,2202,4ca0a6017d8116f95f18c32fab613965f78108f6d3ad625a68b8a12a8fe9607f,2026-09-19,9,2026-09-20,index_models-1,
https://www.onsemi.com/download/models/zip/uj4n075005k4s%20(spice%20model).zip,,,downloaded,2145,e21d20a36c1f51203b16499de0f47309a15ae1d2df382abb670e497bcd6baf4b,2026-09-19,9,2026-09-20,index_models-1,
https://www.onsemi.com/download/models/zip/uj4sc075005l8s%20(spice%20model).zip,,,downloaded,2741,7721af342c28fcd4fdf92e92b5f1d9b46652ace2208db90cd3412dbfc2ec4619,2026-09-19,14,2026-09-20,index_models-1,
https://www.onsemi.com/download/models/zip/uj4sc075006k4s%20(spice%20model).zip,,,downloaded,2693,ecdc0294f27159b44ff7bec171deba07c05ebdb307e5c6c498b5735f04093947,2026-09-19,14,2026-09-20,index_models-1,
https://www.onsemi.com/download/models/zip/uj4sc075009b7s%20(spice%20model).zip,,,downloaded,2746,190f1cf341e1a9c8414f93a67e95252afef30566cacacfde4e433c1d3c15013c,2026-09-19,14,2026-09-20,index_models-1,
https://www.onsemi.com/download/models/zip/uj4sc075009k4s%20(spice%20model).zip,,,downloaded,2762,1dd5597936edff4f5143a7b7d290513a5e51b0f17ee233b58b818159cccf4dd4,2026-09-19,14,2026-09-20,index_models-1,
https://www.onsemi.com/download/models/zip/uj4sc075010l8s%20(spice%20model).zip,,,downloaded,2744,5e299f3ab401a351660cf5a361a2d7ca81ef6478e9c7ee69792fa58facc0d2f5,2026-09-19,14,2026-09-20,index_models-1,
https://www.onsemi.com/download/models/zip/uj4sc075011b7s%20(spice%20model).zip,,,downloaded,2745,d39cd2bf95ae195292b870e35fe57c7642f443196251e9fc73bd0a4be1ff96f3,2026-09-19,14,2026-09-20,index_models-1,
https://www.onsemi.com/download/models/zip/uj4sc075011k4s%20(spice%20model).zip,,,downloaded,2768,38dbe315d202fa116a80a038a3cccf4d886a90daf3e6bd4edde9d3b6a1a04f51,2026-09-19,14,2026-09-20,index_models-1,
https://www.onsemi.com/download/models/zip/uj4sc075018b7s%20(spice%20model).zip,,,downloaded,2761,160598f647ecf3a50b1b5195fe0ba3dd231ccc3d511927f09cde259c75b0eff2,2026-09-19,14,2026-09-20,index_models-1,
https://www.onsemi.com/download/models/zip/vec2315-spice-d.zip,,,downloaded,22135,8893135f81e4b865645758389b6e0e3ed979e4f3756bce1a868930c134589488,2026-09-19,1,2026-09-20,index_models-1,
https://www.onsemi.com/download/models/zip/wph4003-spice-d.zip,,,downloaded,1127,d7333ecbabb8959791dd8170235920d4deac3b1e70587d30f36ff950e105faa1,2026-09-19,2,2026-09-20,index_models-1,
part:10A10,https://www.onsemi.com/products/search?q=10A10,10A10,not_published,,,2026-09-19,,,,not_published
part:1N400X,https://www.onsemi.com/products/search?q=1N400X,1N400X,not_published,,,2026-09-19,,,,not_published
part:1N4149,https://www.onsemi.com/products/search?q=1N4149,1N4149,not_published,,,2026-09-19,,,,not_published
part:1N4150,https://www.onsemi.com/products/search?q=1N4150,1N4150,not_published,,,2026-09-19,,,,not_published
part:1N4151,https://www.onsemi.com/products/search?q=1N4151,1N4151,not_published,,,2026-09-19,,,,not_published
part:1N4151WS,https://www.onsemi.com/products/search?q=1N4151WS,1N4151WS,not_published,,,2026-09-19,,,,not_published
part:1N4446,https://www.onsemi.com/products/search?q=1N4446,1N4446,not_published,,,2026-09-19,,,,not_published
part:1N4729,https://www.onsemi.com/products/search?q=1N4729,1N4729,not_published,,,2026-09-19,,,,not_published
part:1N4735,https://www.onsemi.com/products/search?q=1N4735,1N4735,not_published,,,2026-09-19,,,,not_published
part:1N47XXA,https://www.onsemi.com/products/search?q=1N47XXA,1N47XXA,not_published,,,2026-09-19,,,,not_published
part:1N4942,https://www.onsemi.com/products/search?q=1N4942,1N4942,not_published,,,2026-09-19,,,,not_published
part:1N5333,https://www.onsemi.com/products/search?q=1N5333,1N5333,not_published,,,2026-09-19,,,,not_published
part:1N53XXB,https://www.onsemi.com/products/search?q=1N53XXB,1N53XXB,not_published,,,2026-09-19,,,,not_published
part:1N5712,https://www.onsemi.com/products/search?q=1N5712,1N5712,not_published,,,2026-09-19,,,,not_published
part:1N5824,https://www.onsemi.com/products/search?q=1N5824,1N5824,not_published,,,2026-09-19,,,,not_published
part:1N5919BG,https://www.onsemi.com/products/search?q=1N5919BG,1N5919BG,not_published,,,2026-09-19,,,,not_published
part:1N6263,https://www.onsemi.com/products/search?q=1N6263,1N6263,not_published,,,2026-09-19,,,,not_published
part:1N750,https://www.onsemi.com/products/search?q=1N750,1N750,not_tried,,,,,,,
part:1N821,https://www.onsemi.com/products/search?q=1N821,1N821,not_published,,,2026-09-19,,,,not_published
part:1SMA5918BT3G,https://www.onsemi.com/products/search?q=1SMA5918BT3G,1SMA5918BT3G,not_published,,,2026-09-19,,,,not_published
part:1SS178,https://www.onsemi.com/products/search?q=1SS178,1SS178,not_published,,,2026-09-19,,,,not_published
part:1SS355,https://www.onsemi.com/products/search?q=1SS355,1SS355,not_tried,,,,,,,
part:2N2219,https://www.onsemi.com/products/search?q=2N2219,2N2219,not_tried,,,,,,,
part:2N2369,https://www.onsemi.com/products/search?q=2N2369,2N2369,not_tried,,,,,,,
part:2N2635,https://www.onsemi.com/products/search?q=2N2635,2N2635,not_tried,,,,,,,
part:2N3053,https://www.onsemi.com/products/search?q=2N3053,2N3053,not_tried,,,,,,,
part:2N3903,https://www.onsemi.com/products/search?q=2N3903,2N3903,not_published,,,2026-09-19,,,,not_published
part:2N3905,https://www.onsemi.com/products/search?q=2N3905,2N3905,not_published,,,2026-09-19,,,,not_published
part:2N7002KT1G,https://www.onsemi.com/products/search?q=2N7002KT1G,2N7002KT1G,not_published,,,2026-09-19,,,,not_published
part:3.0SMI30CA,https://www.onsemi.com/products/search?q=3.0SMI30CA,3.0SMI30CA,not_published,,,2026-09-19,,,,not_published
part:AC108,https://www.onsemi.com/products/search?q=AC108,AC108,not_tried,,,,,,,
part:B2100,https://www.onsemi.com/products/search?q=B2100,B2100,not_published,,,2026-09-19,,,,not_published
part:B340LA,https://www.onsemi.com/products/search?q=B340L,B340LA,not_published,,,2026-09-19,,,,not_published
part:B40C800,https://www.onsemi.com/products/search?q=B40C800,B40C800,not_published,,,2026-09-19,,,,not_published
part:B5817,https://www.onsemi.com/products/search?q=B5817,B5817,not_published,,,2026-09-19,,,,not_published
part:B5817W,https://www.onsemi.com/products/search?q=B5817,B5817W,not_published,,,2026-09-19,,,,not_published
part:B5817WS,https://www.onsemi.com/products/search?q=B5817W,B5817WS,not_published,,,2026-09-19,,,,not_published
part:B5819W,https://www.onsemi.com/products/search?q=B5819,B5819W,not_tried,,,,,,,
part:B5819WS,https://www.onsemi.com/products/search?q=B5819W,B5819WS,not_tried,,,,,,,
part:BAS170,https://www.onsemi.com/products/search?q=BAS170,BAS170,not_published,,,2026-09-19,,,,not_published
part:BAS19,https://www.onsemi.com/products/search?q=BAS19,BAS19,not_published,,,2026-09-19,,,,not_published
part:BAS20HT1G,https://www.onsemi.com/products/search?q=BAS20HT1G,BAS20HT1G,not_published,,,2026-09-19,,,,not_published
part:BAS21,https://www.onsemi.com/products/search?q=BAS21,BAS21,not_tried,,,,,,,
part:BAS316,https://www.onsemi.com/products/search?q=BAS316,BAS316,not_tried,,,,,,,
part:BAS321,https://www.onsemi.com/products/search?q=BAS321,BAS321,not_published,,,2026-09-19,,,,not_published
part:BAS40,https://www.onsemi.com/products/search?q=BAS40,BAS40,not_tried,,,,,,,
part:BAS40-04,https://www.onsemi.com/products/search?q=BAS40,BAS40-04,not_tried,,,,,,,
part:BAS40-05,https://www.onsemi.com/products/search?q=BAS40,BAS40-05,not_tried,,,,,,,
part:BAS516,https://www.onsemi.com/products/search?q=BAS516,BAS516,not_published,,,2026-09-19,,,,not_published
part:BAS70,https://www.onsemi.com/products/search?q=BAS70,BAS70,not_published,,,2026-09-19,,,,not_published
part:BAS70-04,https://www.onsemi.com/products/search?q=BAS70,BAS70-04,not_published,,,2026-09-19,,,,not_published
part:BAS70-05,https://www.onsemi.com/products/search?q=BAS70,BAS70-05,not_published,,,2026-09-19,,,,not_published
part:BAS85,https://www.onsemi.com/products/search?q=BAS85,BAS85,not_published,,,2026-09-19,,,,not_published
part:BAT20J,https://www.onsemi.com/products/search?q=BAT20J,BAT20J,not_published,,,2026-09-19,,,,not_published
part:BAT30,https://www.onsemi.com/products/search?q=BAT30,BAT30,not_published,,,2026-09-19,,,,not_published
part:BAT42,https://www.onsemi.com/products/search?q=BAT42,BAT42,not_published,,,2026-09-19,,,,not_published
part:BAT48,https://www.onsemi.com/products/search?q=BAT48,BAT48,not_published,,,2026-09-19,,,,not_published
part:BAT54HT1G,https://www.onsemi.com/products/search?q=BAT54HT1G,BAT54HT1G,not_published,,,2026-09-19,,,,not_published
part:BAT54T1G,https://www.onsemi.com/products/search?q=BAT54T1G,BAT54T1G,not_published,,,2026-09-19,,,,not_published
part:BAT54XV2T1G,https://www.onsemi.com/products/search?q=BAT54XV2T1G,BAT54XV2T1G,not_published,,,2026-09-19,,,,not_published
part:BAT60,https://www.onsemi.com/products/search?q=BAT60,BAT60,not_published,,,2026-09-19,,,,not_published
part:BAT60A,https://www.onsemi.com/products/search?q=BAT60A,BAT60A,not_published,,,2026-09-19,,,,not_published
part:BAT60J,https://www.onsemi.com/products/search?q=BAT60J,BAT60J,not_published,,,2026-09-19,,,,not_published
part:BAT760,https://www.onsemi.com/products/search?q=BAT760,BAT760,not_published,,,2026-09-19,,,,not_published
part:BAT760-115,https://www.onsemi.com/products/search?q=BAT760,BAT760-115,not_tried,,,,,,,
part:BAV16,https://www.onsemi.com/products/search?q=BAV16,BAV16,not_published,,,2026-09-19,,,,not_published
part:BAV199,https://www.onsemi.com/products/search?q=BAV199,BAV199,not_tried,,,,,,,
part:BAV70,https://www.onsemi.com/products/search?q=BAV70,BAV70,not_tried,,,,,,,
part:BAW56,https://www.onsemi.com/products/search?q=BAW56,BAW56,not_tried,,,,,,,
part:BC107,https://www.onsemi.com/products/search?q=BC107,BC107,not_published,,,2026-09-19,,,,not_published
part:BC141,https://www.onsemi.com/products/search?q=BC141,BC141,not_published,,,2026-09-19,,,,not_published
part:BC182,https://www.onsemi.com/products/search?q=BC182,BC182,not_tried,,,,,,,
part:BC237,https://www.onsemi.com/products/search?q=BC237,BC237,not_published,,,2026-09-19,,,,not_published
part:BC239,https://www.onsemi.com/products/search?q=BC239,BC239,not_published,,,2026-09-19,,,,not_published
part:BC307,https://www.onsemi.com/products/search?q=BC307,BC307,not_published,,,2026-09-19,,,,not_published
part:BC328,https://www.onsemi.com/products/search?q=BC328,BC328,not_tried,,,,,,,
part:BC338,https://www.onsemi.com/products/search?q=BC338,BC338,not_published,,,2026-09-19,,,,not_published
part:BC517,https://www.onsemi.com/products/search?q=BC517,BC517,not_published,,,2026-09-19,,,,not_published
part:BC635,https://www.onsemi.com/products/search?q=BC635,BC635,not_tried,,,,,,,
part:BC636,https://www.onsemi.com/products/search?q=BC636,BC636,not_tried,,,,,,,
part:BC660,https://www.onsemi.com/products/search?q=BC660,BC660,not_tried,,,,,,,
part:BC807,https://www.onsemi.com/products/search?q=BC807,BC807,not_published,,,2026-09-19,,,,not_published
part:BC816,https://www.onsemi.com/products/search?q=BC816,BC816,not_tried,,,,,,,
part:BC817,https://www.onsemi.com/products/search?q=BC817,BC817,not_tried,,,,,,,
part:BC817-25,https://www.onsemi.com/products/search?q=BC817,BC817-25,not_tried,,,,,,,
part:BC817W,https://www.onsemi.com/products/search?q=BC817,BC817W,not_tried,,,,,,,
part:BC818,https://www.onsemi.com/products/search?q=BC818,BC818,not_published,,,2026-09-19,,,,not_published
part:BC846,https://www.onsemi.com/products/search?q=BC846,BC846,not_tried,,,,,,,
part:BC846A,https://www.onsemi.com/products/search?q=BC846,BC846A,not_tried,,,,,,,
part:BC846B,https://www.onsemi.com/products/search?q=BC846,BC846B,not_tried,,,,,,,
part:BC847,https://www.onsemi.com/products/search?q=BC847,BC847,not_tried,,,,,,,
part:BC847B,https://www.onsemi.com/products/search?q=BC847,BC847B,not_tried,,,,,,,
part:BC847BDW1,https://www.onsemi.com/products/search?q=BC847B,BC847BDW1,not_tried,,,,,,,
part:BC847BDW1T1G,https://www.onsemi.com/products/search?q=BC847BDW1T1G,BC847BDW1T1G,not_tried,,,,,,,
part:BC847CW,https://www.onsemi.com/products/search?q=BC847C,BC847CW,not_tried,,,,,,,
part:BC847W,https://www.onsemi.com/products/search?q=BC847,BC847W,not_tried,,,,,,,
part:BC848,https://www.onsemi.com/products/search?q=BC848,BC848,not_tried,,,,,,,
part:BC848C,https://www.onsemi.com/products/search?q=BC848,BC848C,not_tried,,,,,,,
part:BC849,https://www.onsemi.com/products/search?q=BC849,BC849,not_tried,,,,,,,
part:BC849B,https://www.onsemi.com/products/search?q=BC849,BC849B,not_tried,,,,,,,
part:BC850,https://www.onsemi.com/products/search?q=BC850,BC850,not_tried,,,,,,,
part:BC850C,https://www.onsemi.com/products/search?q=BC850,BC850C,not_tried,,,,,,,
part:BC856,https://www.onsemi.com/products/search?q=BC856,BC856,not_tried,,,,,,,
part:BC856B,https://www.onsemi.com/products/search?q=BC856,BC856B,not_tried,,,,,,,
part:BC856BS,https://www.onsemi.com/products/search?q=BC856B,BC856BS,not_tried,,,,,,,
part:BC857,https://www.onsemi.com/products/search?q=BC857,BC857,not_tried,,,,,,,
part:BC857B,https://www.onsemi.com/products/search?q=BC857,BC857B,not_tried,,,,,,,
part:BC858,https://www.onsemi.com/products/search?q=BC858,BC858,not_tried,,,,,,,
part:BC859,https://www.onsemi.com/products/search?q=BC859,BC859,not_tried,,,,,,,
part:BC860,https://www.onsemi.com/products/search?q=BC860,BC860,not_tried,,,,,,,
part:BCP56,https://www.onsemi.com/products/search?q=BCP56,BCP56,not_tried,,,,,,,
part:BCX56,https://www.onsemi.com/products/search?q=BCX56,BCX56,not_published,,,2026-09-19,,,,not_published
part:BD239,https://www.onsemi.com/products/search?q=BD239,BD239,not_published,,,2026-09-19,,,,not_published
part:BF244A,https://www.onsemi.com/products/search?q=BF244,BF244A,not_tried,,,,,,,
part:BS108,https://www.onsemi.com/products/search?q=BS108,BS108,not_published,,,2026-09-19,,,,not_published
part:BSS123,https://www.onsemi.com/products/search?q=BSS123,BSS123,not_tried,,,,,,,
part:BSS223,https://www.onsemi.com/products/search?q=BSS223,BSS223,not_published,,,2026-09-19,,,,not_published
part:BSS308P,https://www.onsemi.com/products/search?q=BSS308,BSS308P,not_published,,,2026-09-19,,,,not_published
part:BSS806,https://www.onsemi.com/products/search?q=BSS806,BSS806,not_published,,,2026-09-19,,,,not_published
part:BSS83P,https://www.onsemi.com/products/search?q=BSS83P,BSS83P,not_published,,,2026-09-19,,,,not_published
part:BUZ10,https://www.onsemi.com/products/search?q=BUZ10,BUZ10,not_published,,,2026-09-19,,,,not_published
part:BUZ11,https://www.onsemi.com/products/search?q=BUZ11,BUZ11,not_published,,,2026-09-19,,,,not_published
part:BYG23,https://www.onsemi.com/products/search?q=BYG23,BYG23,not_published,,,2026-09-19,,,,not_published
part:BZD27C,https://www.onsemi.com/products/search?q=BZD27C,BZD27C,not_published,,,2026-09-19,,,,not_published
part:BZX384-B24,https://www.onsemi.com/products/search?q=BZX384,BZX384-B24,not_tried,,,,,,,
part:BZX384-B30,https://www.onsemi.com/products/search?q=BZX384,BZX384-B30,not_tried,,,,,,,
part:BZX384B5V1,https://www.onsemi.com/products/search?q=BZX384B5V1,BZX384B5V1,not_tried,,,,,,,
part:BZX55C2V0,https://www.onsemi.com/products/search?q=BZX55C2V0,BZX55C2V0,not_tried,,,,,,,
part:BZX55C3V9,https://www.onsemi.com/products/search?q=BZX55C3V9,BZX55C3V9,not_tried,,,,,,,
part:BZX585-B5V6,https://www.onsemi.com/products/search?q=BZX585,BZX585-B5V6,not_published,,,2026-09-19,,,,not_published
part:BZX84,https://www.onsemi.com/products/search?q=BZX84,BZX84,not_tried,,,,,,,
part:BZX84C10,https://www.onsemi.com/products/search?q=BZX84C10,BZX84C10,not_tried,,,,,,,
part:BZX84C13,https://www.onsemi.com/products/search?q=BZX84C13,BZX84C13,not_tried,,,,,,,
part:BZX84C15,https://www.onsemi.com/products/search?q=BZX84C15,BZX84C15,not_tried,,,,,,,
part:BZX84C16,https://www.onsemi.com/products/search?q=BZX84C16,BZX84C16,not_tried,,,,,,,
part:BZX84C18,https://www.onsemi.com/products/search?q=BZX84C18,BZX84C18,not_tried,,,,,,,
part:BZX84C3V3,https://www.onsemi.com/products/search?q=BZX84C3V3,BZX84C3V3,not_tried,,,,,,,
part:BZX84C3V6,https://www.onsemi.com/products/search?q=BZX84C3V6,BZX84C3V6,not_tried,,,,,,,
part:BZX84C3V9,https://www.onsemi.com/products/search?q=BZX84C3V9,BZX84C3V9,not_tried,,,,,,,
part:BZX84C4V7,https://www.onsemi.com/products/search?q=BZX84C4V7,BZX84C4V7,not_tried,,,,,,,
part:BZX84C5V1,https://www.onsemi.com/products/search?q=BZX84C5V1,BZX84C5V1,not_tried,,,,,,,
part:BZX85,https://www.onsemi.com/products/search?q=BZX85,BZX85,not_tried,,,,,,,
part:C1815,https://www.onsemi.com/products/search?q=C1815,C1815,not_published,,,2026-09-19,,,,not_published
part:CD4148W,https://www.onsemi.com/products/search?q=CD4148,CD4148W,not_tried,,,,,,,
part:CJ2301,https://www.onsemi.com/products/search?q=CJ2301,CJ2301,not_published,,,2026-09-19,,,,not_published
part:CJ2302,https://www.onsemi.com/products/search?q=CJ2302,CJ2302,not_published,,,2026-09-19,,,,not_published
part:CJ2305,https://www.onsemi.com/products/search?q=CJ2305,CJ2305,not_published,,,2026-09-19,,,,not_published
part:CSD16322Q5,https://www.onsemi.com/products/search?q=CSD16322,CSD16322Q5,not_published,,,2026-09-19,,,,not_published
part:DF01S,https://www.onsemi.com/products/search?q=DF01S,DF01S,not_published,,,2026-09-19,,,,not_published
part:DMMT3904,https://www.onsemi.com/products/search?q=DMMT3904,DMMT3904,not_published,,,2026-09-19,,,,not_published
part:DMMT5401,https://www.onsemi.com/products/search?q=DMMT5401,DMMT5401,not_published,,,2026-09-19,,,,not_published
part:DMMT5551,https://www.onsemi.com/products/search?q=DMMT5551,DMMT5551,not_published,,,2026-09-19,,,,not_published
part:DTC144E,https://www.onsemi.com/products/search?q=DTC144,DTC144E,not_published,,,2026-09-19,,,,not_published
part:ES1D,https://www.onsemi.com/products/search?q=ES1D,ES1D,not_tried,,,,,,,
part:ES1J,https://www.onsemi.com/products/search?q=ES1J,ES1J,not_published,,,2026-09-19,,,,not_published
part:ES2D,https://www.onsemi.com/products/search?q=ES2D,ES2D,not_published,,,2026-09-19,,,,not_published
part:ES2F,https://www.onsemi.com/products/search?q=ES2F,ES2F,not_published,,,2026-09-19,,,,not_published
part:FDN304P,https://www.onsemi.com/products/search?q=FDN304,FDN304P,not_published,,,2026-09-19,,,,not_published
part:FDN338P,https://www.onsemi.com/products/search?q=FDN338,FDN338P,not_published,,,2026-09-19,,,,not_published
part:FDN340P,https://www.onsemi.com/products/search?q=FDN340,FDN340P,not_published,,,2026-09-19,,,,not_published
part:FDN360P,https://www.onsemi.com/products/search?q=FDN360,FDN360P,not_published,,,2026-09-19,,,,not_published
part:FDS6898A,https://www.onsemi.com/products/search?q=FDS6898,FDS6898A,not_published,,,2026-09-19,,,,not_published
part:FDS9435A,https://www.onsemi.com/products/search?q=FDS9435,FDS9435A,not_published,,,2026-09-19,,,,not_published
part:FDV303N,https://www.onsemi.com/products/search?q=FDV303,FDV303N,not_published,,,2026-09-19,,,,not_published
part:FM4004-W,https://www.onsemi.com/products/search?q=FM4004,FM4004-W,not_published,,,2026-09-19,,,,not_published
part:FQD11P06,https://www.onsemi.com/products/search?q=FQD11P06,FQD11P06,not_published,,,2026-09-19,,,,not_published
part:FQD50N06,https://www.onsemi.com/products/search?q=FQD50N06,FQD50N06,not_tried,,,,,,,
part:FQP47P06,https://www.onsemi.com/products/search?q=FQP47P06,FQP47P06,not_published,,,2026-09-19,,,,not_published
part:FS8205A,https://www.onsemi.com/products/search?q=FS8205,FS8205A,not_published,,,2026-09-19,,,,not_published
part:FZT1049A,https://www.onsemi.com/products/search?q=FZT1049,FZT1049A,not_published,,,2026-09-19,,,,not_published
part:GBU8A,https://www.onsemi.com/products/search?q=GBU8A,GBU8A,not_published,,,2026-09-19,,,,not_published
part:ISL9V3040,https://www.onsemi.com/products/search?q=ISL9V3040,ISL9V3040,not_tried,,,,,,,
part:ISL9V3040D3S,https://www.onsemi.com/products/search?q=ISL9V3040D3S,ISL9V3040D3S,not_published,,,2026-09-19,,,,not_published
part:ISL9V5045S3S,https://www.onsemi.com/products/search?q=ISL9V5045S3S,ISL9V5045S3S,not_tried,,,,,,,
part:J109,https://www.onsemi.com/products/search?q=J109,J109,not_tried,,,,,,,
part:KBP04G,https://www.onsemi.com/products/search?q=KBP04G,KBP04G,not_tried,,,,,,,
part:L8050,https://www.onsemi.com/products/search?q=L8050,L8050,not_published,,,2026-09-19,,,,not_published
part:LM285Z-1.2,https://www.onsemi.com/products/search?q=LM285Z,LM285Z-1.2,not_tried,,,,,,,
part:LM385BZ-2.5,https://www.onsemi.com/products/search?q=LM385BZ,LM385BZ-2.5,not_tried,,,,,,,
part:LM4030,https://www.onsemi.com/products/search?q=LM4030,LM4030,not_tried,,,,,,,
part:LM4040-10.0,https://www.onsemi.com/products/search?q=LM4040,LM4040-10.0,not_tried,,,,,,,
part:LMUN2211,https://www.onsemi.com/products/search?q=LMUN2211,LMUN2211,not_tried,,,,,,,
part:LXES15AAA1-153,https://www.onsemi.com/products/search?q=LXES15AAA1,LXES15AAA1-153,not_published,,,2026-09-19,,,,not_published
part:MB10S,https://www.onsemi.com/products/search?q=MB10S,MB10S,not_published,,,2026-09-19,,,,not_published
part:MBR0520,https://www.onsemi.com/products/search?q=MBR0520,MBR0520,not_tried,,,,,,,
part:MBR0520L,https://www.onsemi.com/products/search?q=MBR0520,MBR0520L,not_tried,,,,,,,
part:MBR0520LT,https://www.onsemi.com/products/search?q=MBR0520L,MBR0520LT,not_tried,,,,,,,
part:MBR0530,https://www.onsemi.com/products/search?q=MBR0530,MBR0530,not_tried,,,,,,,
part:MBR0540,https://www.onsemi.com/products/search?q=MBR0540,MBR0540,not_tried,,,,,,,
part:MBR0560,https://www.onsemi.com/products/search?q=MBR0560,MBR0560,not_published,,,2026-09-19,,,,not_published
part:MBR1020,https://www.onsemi.com/products/search?q=MBR1020,MBR1020,not_published,,,2026-09-19,,,,not_published
part:MBR120,https://www.onsemi.com/products/search?q=MBR120,MBR120,not_published,,,2026-09-19,,,,not_published
part:MBR120VLSFT1G,https://www.onsemi.com/products/search?q=MBR120VLSFT1G,MBR120VLSFT1G,not_published,,,2026-09-19,,,,not_published
part:MBR130,https://www.onsemi.com/products/search?q=MBR130,MBR130,not_published,,,2026-09-19,,,,not_published
part:MBR340,https://www.onsemi.com/products/search?q=MBR340,MBR340,not_published,,,2026-09-19,,,,not_published
part:MBR540,https://www.onsemi.com/products/search?q=MBR540,MBR540,not_tried,,,,,,,
part:MBR745,https://www.onsemi.com/products/search?q=MBR745,MBR745,not_tried,,,,,,,
part:MBRA340,https://www.onsemi.com/products/search?q=MBRA340,MBRA340,not_published,,,2026-09-19,,,,not_published
part:MBRA340T3G,https://www.onsemi.com/products/search?q=MBRA340T3G,MBRA340T3G,not_published,,,2026-09-19,,,,not_published
part:MBRD20100,https://www.onsemi.com/products/search?q=MBRD20100,MBRD20100,not_tried,,,,,,,
part:MBRS1100,https://www.onsemi.com/products/search?q=MBRS1100,MBRS1100,not_tried,,,,,,,
part:MBRS130,https://www.onsemi.com/products/search?q=MBRS130,MBRS130,not_tried,,,,,,,
part:MBRS130LT3,https://www.onsemi.com/products/search?q=MBRS130L,MBRS130LT3,not_tried,,,,,,,
part:MBRS340,https://www.onsemi.com/products/search?q=MBRS340,MBRS340,not_tried,,,,,,,
part:MBRS360,https://www.onsemi.com/products/search?q=MBRS360,MBRS360,not_tried,,,,,,,
part:MJD122,https://www.onsemi.com/products/search?q=MJD122,MJD122,not_published,,,2026-09-19,,,,not_published
part:MM3Z3V0,https://www.onsemi.com/products/search?q=MM3Z3V0,MM3Z3V0,not_published,,,2026-09-19,,,,not_published
part:MM3Z4V7,https://www.onsemi.com/products/search?q=MM3Z4V7,MM3Z4V7,not_tried,,,,,,,
part:MMBD4148,https://www.onsemi.com/products/search?q=MMBD4148,MMBD4148,not_tried,,,,,,,
part:MMBF5484,https://www.onsemi.com/products/search?q=MMBF5484,MMBF5484,not_tried,,,,,,,
part:MMBFJ112,https://www.onsemi.com/products/search?q=MMBFJ112,MMBFJ112,not_tried,,,,,,,
part:MMBFJ113,https://www.onsemi.com/products/search?q=MMBFJ113,MMBFJ113,not_published,,,2026-09-19,,,,not_published
part:MMBFJ310,https://www.onsemi.com/products/search?q=MMBFJ310,MMBFJ310,not_tried,,,,,,,
part:MMBT2222,https://www.onsemi.com/products/search?q=MMBT2222,MMBT2222,not_tried,,,,,,,
part:MMBT2222A,https://www.onsemi.com/products/search?q=MMBT2222,MMBT2222A,not_tried,,,,,,,
part:MMBT2907,https://www.onsemi.com/products/search?q=MMBT2907,MMBT2907,not_tried,,,,,,,
part:MMBT2907A,https://www.onsemi.com/products/search?q=MMBT2907,MMBT2907A,not_tried,,,,,,,
part:MMBT3906,https://www.onsemi.com/products/search?q=MMBT3906,MMBT3906,not_tried,,,,,,,
part:MMBT3906DW1,https://www.onsemi.com/products/search?q=MMBT3906D,MMBT3906DW1,not_tried,,,,,,,
part:MMBT4401,https://www.onsemi.com/products/search?q=MMBT4401,MMBT4401,not_tried,,,,,,,
part:MMBT4403,https://www.onsemi.com/products/search?q=MMBT4403,MMBT4403,not_tried,,,,,,,
part:MMBT5088,https://www.onsemi.com/products/search?q=MMBT5088,MMBT5088,not_published,,,2026-09-19,,,,not_published
part:MMBT5401,https://www.onsemi.com/products/search?q=MMBT5401,MMBT5401,not_tried,,,,,,,
part:MMBT5550,https://www.onsemi.com/products/search?q=MMBT5550,MMBT5550,not_published,,,2026-09-19,,,,not_published
part:MMBT5551,https://www.onsemi.com/products/search?q=MMBT5551,MMBT5551,not_tried,,,,,,,
part:MMBT7002,https://www.onsemi.com/products/search?q=MMBT7002,MMBT7002,not_tried,,,,,,,
part:MMBTA92,https://www.onsemi.com/products/search?q=MMBTA92,MMBTA92,not_tried,,,,,,,
part:MMBZ5242B,https://www.onsemi.com/products/search?q=MMBZ5242,MMBZ5242B,not_published,,,2026-09-19,,,,not_published
part:MMDT2222A,https://www.onsemi.com/products/search?q=MMDT2222,MMDT2222A,not_published,,,2026-09-19,,,,not_published
part:MMDT3904,https://www.onsemi.com/products/search?q=MMDT3904,MMDT3904,not_published,,,2026-09-19,,,,not_published
part:MMDT3906,https://www.onsemi.com/products/search?q=MMDT3906,MMDT3906,not_published,,,2026-09-19,,,,not_published
part:MMSD4148,https://www.onsemi.com/products/search?q=MMSD4148,MMSD4148,not_tried,,,,,,,
part:MMST3904,https://www.onsemi.com/products/search?q=MMST3904,MMST3904,not_tried,,,,,,,
part:MMSZ4684,https://www.onsemi.com/products/search?q=MMSZ4684,MMSZ4684,not_tried,,,,,,,
part:MMSZ5222B,https://www.onsemi.com/products/search?q=MMSZ5222,MMSZ5222B,not_published,,,2026-09-19,,,,not_published
part:MMSZ5231B,https://www.onsemi.com/products/search?q=MMSZ5231,MMSZ5231B,not_published,,,2026-09-19,,,,not_published
part:MMSZ5232B,https://www.onsemi.com/products/search?q=MMSZ5232,MMSZ5232B,not_published,,,2026-09-19,,,,not_published
part:MMUN2133,https://www.onsemi.com/products/search?q=MMUN2133,MMUN2133,not_published,,,2026-09-19,,,,not_published
part:MMUN2233,https://www.onsemi.com/products/search?q=MMUN2233,MMUN2233,not_tried,,,,,,,
part:MPAS42,https://www.onsemi.com/products/search?q=MPAS42,MPAS42,not_published,,,2026-09-19,,,,not_published
part:MPAS92,https://www.onsemi.com/products/search?q=MPAS92,MPAS92,not_published,,,2026-09-19,,,,not_published
part:MRA4004,https://www.onsemi.com/products/search?q=MRA4004,MRA4004,not_tried,,,,,,,
part:MRA4007T3G,https://www.onsemi.com/products/search?q=MRA4007T3G,MRA4007T3G,not_published,,,2026-09-19,,,,not_published
part:MUN5211DW1,https://www.onsemi.com/products/search?q=MUN5211D,MUN5211DW1,not_tried,,,,,,,
part:MUR460,https://www.onsemi.com/products/search?q=MUR460,MUR460,not_tried,,,,,,,
part:NCE0110K,https://www.onsemi.com/products/search?q=NCE0110,NCE0110K,not_tried,,,,,,,
part:NCE3407A,https://www.onsemi.com/products/search?q=NCE3407,NCE3407A,not_published,,,2026-09-19,,,,not_published
part:NDS332P,https://www.onsemi.com/products/search?q=NDS332,NDS332P,not_tried,,,,,,,
part:NDS351AN,https://www.onsemi.com/products/search?q=NDS351A,NDS351AN,not_tried,,,,,,,
part:NDS8434,https://www.onsemi.com/products/search?q=NDS8434,NDS8434,not_published,,,2026-09-19,,,,not_published
part:NRVTS260ESF,https://www.onsemi.com/products/search?q=NRVTS260ESF,NRVTS260ESF,not_published,,,2026-09-19,,,,not_published
part:NSR0320,https://www.onsemi.com/products/search?q=NSR0320,NSR0320,not_published,,,2026-09-19,,,,not_published
part:NSR0340H,https://www.onsemi.com/products/search?q=NSR0340,NSR0340H,not_published,,,2026-09-19,,,,not_published
part:NSR0530HT1G,https://www.onsemi.com/products/search?q=NSR0530HT1G,NSR0530HT1G,not_published,,,2026-09-19,,,,not_published
part:NSS1C201,https://www.onsemi.com/products/search?q=NSS1C201,NSS1C201,not_tried,,,,,,,
part:NTA4151P,https://www.onsemi.com/products/search?q=NTA4151,NTA4151P,not_tried,,,,,,,
part:NTR1P02T1G,https://www.onsemi.com/products/search?q=NTR1P02T1G,NTR1P02T1G,not_tried,,,,,,,
part:NTR4003NT1G,https://www.onsemi.com/products/search?q=NTR4003NT1G,NTR4003NT1G,not_published,,,2026-09-19,,,,not_published
part:NTR4101P,https://www.onsemi.com/products/search?q=NTR4101,NTR4101P,not_tried,,,,,,,
part:NUP2105,https://www.onsemi.com/products/search?q=NUP2105,NUP2105,not_tried,,,,,,,
part:P2N2222A,https://www.onsemi.com/products/search?q=P2N2222A,P2N2222A,not_published,,,2026-09-19,,,,not_published
part:P4SMAJ5.0A,https://www.onsemi.com/products/search?q=P4SMAJ5.0A,P4SMAJ5.0A,not_tried,,,,,,,
part:P6SMB33CA,https://www.onsemi.com/products/search?q=P6SMB33CA,P6SMB33CA,not_published,,,2026-09-19,,,,not_published
part:P6SMB6.8CA,https://www.onsemi.com/products/search?q=P6SMB6.8CA,P6SMB6.8CA,not_published,,,2026-09-19,,,,not_published
part:PESD3V3L4UG,https://www.onsemi.com/products/search?q=PESD3V3L4UG,PESD3V3L4UG,not_tried,,,,,,,
part:PSM712,https://www.onsemi.com/products/search?q=PSM712,PSM712,not_published,,,2026-09-19,,,,not_published
part:PZT2222A,https://www.onsemi.com/products/search?q=PZT2222,PZT2222A,not_published,,,2026-09-19,,,,not_published
part:PZT3904,https://www.onsemi.com/products/search?q=PZT3904,PZT3904,not_tried,,,,,,,
part:RCLAMP0582B,https://www.onsemi.com/products/search?q=RCLAMP0582B,RCLAMP0582B,not_tried,,,,,,,
part:RCLAMP3346P,https://www.onsemi.com/products/search?q=RCLAMP3346P,RCLAMP3346P,not_published,,,2026-09-19,,,,not_published
part:RFP30N06LE,https://www.onsemi.com/products/search?q=RFP30N06LE,RFP30N06LE,not_published,,,2026-09-19,,,,not_published
part:RMB4S,https://www.onsemi.com/products/search?q=RMB4S,RMB4S,not_tried,,,,,,,
part:RS1J,https://www.onsemi.com/products/search?q=RS1J,RS1J,not_published,,,2026-09-19,,,,not_published
part:RS1M,https://www.onsemi.com/products/search?q=RS1M,RS1M,not_published,,,2026-09-19,,,,not_published
part:S1A,https://www.onsemi.com/products/search?q=S1A,S1A,not_published,,,2026-09-19,,,,not_published
part:S1A-13-F,https://www.onsemi.com/products/search?q=S1A-13,S1A-13-F,not_tried,,,,,,,
part:S1B,https://www.onsemi.com/products/search?q=S1B,S1B,not_published,,,2026-09-19,,,,not_published
part:S1D,https://www.onsemi.com/products/search?q=S1D,S1D,not_published,,,2026-09-19,,,,not_published
part:S1G,https://www.onsemi.com/products/search?q=S1G,S1G,not_published,,,2026-09-19,,,,not_published
part:S1M,https://www.onsemi.com/products/search?q=S1M,S1M,not_tried,,,,,,,
part:S2A,https://www.onsemi.com/products/search?q=S2A,S2A,not_published,,,2026-09-19,,,,not_published
part:S310FA,https://www.onsemi.com/products/search?q=S310F,S310FA,not_published,,,2026-09-19,,,,not_published
part:S8050,https://www.onsemi.com/products/search?q=S8050,S8050,not_published,,,2026-09-19,,,,not_published
part:S8550,https://www.onsemi.com/products/search?q=S8550,S8550,not_published,,,2026-09-19,,,,not_published
part:S9012,https://www.onsemi.com/products/search?q=S9012,S9012,not_tried,,,,,,,
part:S9013,https://www.onsemi.com/products/search?q=S9013,S9013,not_tried,,,,,,,
part:S9014,https://www.onsemi.com/products/search?q=S9014,S9014,not_published,,,2026-09-19,,,,not_published
part:S9015,https://www.onsemi.com/products/search?q=S9015,S9015,not_published,,,2026-09-19,,,,not_published
part:SB1240,https://www.onsemi.com/products/search?q=SB1240,SB1240,not_tried,,,,,,,
part:SB140,https://www.onsemi.com/products/search?q=SB140,SB140,not_published,,,2026-09-19,,,,not_published
part:SB160,https://www.onsemi.com/products/search?q=SB160,SB160,not_published,,,2026-09-19,,,,not_published
part:SB540,https://www.onsemi.com/products/search?q=SB540,SB540,not_tried,,,,,,,
part:SB560,https://www.onsemi.com/products/search?q=SB560,SB560,not_tried,,,,,,,
part:SD103AW,https://www.onsemi.com/products/search?q=SD103A,SD103AW,not_published,,,2026-09-19,,,,not_published
part:SK14,https://www.onsemi.com/products/search?q=SK14,SK14,not_tried,,,,,,,
part:SK24,https://www.onsemi.com/products/search?q=SK24,SK24,not_tried,,,,,,,
part:SK310A,https://www.onsemi.com/products/search?q=SK310,SK310A,not_published,,,2026-09-19,,,,not_published
part:SK32,https://www.onsemi.com/products/search?q=SK32,SK32,not_tried,,,,,,,
part:SK34,https://www.onsemi.com/products/search?q=SK34,SK34,not_tried,,,,,,,
part:SK36A,https://www.onsemi.com/products/search?q=SK36A,SK36A,not_published,,,2026-09-19,,,,not_published
part:SK54,https://www.onsemi.com/products/search?q=SK54,SK54,not_tried,,,,,,,
part:SM4001,https://www.onsemi.com/products/search?q=SM4001,SM4001,not_tried,,,,,,,
part:SM4007,https://www.onsemi.com/products/search?q=SM4007,SM4007,not_tried,,,,,,,
part:SM6T15A,https://www.onsemi.com/products/search?q=SM6T15A,SM6T15A,not_tried,,,,,,,
part:SM6T6V8A,https://www.onsemi.com/products/search?q=SM6T6V8A,SM6T6V8A,not_published,,,2026-09-19,,,,not_published
part:SMM4F5.0A,https://www.onsemi.com/products/search?q=SMM4F5.0A,SMM4F5.0A,not_published,,,2026-09-19,,,,not_published
part:SR360,https://www.onsemi.com/products/search?q=SR360,SR360,not_tried,,,,,,,
part:SR560,https://www.onsemi.com/products/search?q=SR560,SR560,not_tried,,,,,,,
part:SS110,https://www.onsemi.com/products/search?q=SS110,SS110,not_published,,,2026-09-19,,,,not_published
part:SS13FL,https://www.onsemi.com/products/search?q=SS13FL,SS13FL,not_tried,,,,,,,
part:SS1P3L,https://www.onsemi.com/products/search?q=SS1P3L,SS1P3L,not_tried,,,,,,,
part:SS2040FL,https://www.onsemi.com/products/search?q=SS2040F,SS2040FL,not_published,,,2026-09-19,,,,not_published
part:SS210,https://www.onsemi.com/products/search?q=SS210,SS210,not_published,,,2026-09-19,,,,not_published
part:SS24,https://www.onsemi.com/products/search?q=SS24,SS24,not_tried,,,,,,,
part:SS310,https://www.onsemi.com/products/search?q=SS310,SS310,not_published,,,2026-09-19,,,,not_published
part:SS32,https://www.onsemi.com/products/search?q=SS32,SS32,not_tried,,,,,,,
part:SS510,https://www.onsemi.com/products/search?q=SS510,SS510,not_published,,,2026-09-19,,,,not_published
part:SS54,https://www.onsemi.com/products/search?q=SS54,SS54,not_tried,,,,,,,
part:SS54B,https://www.onsemi.com/products/search?q=SS54B,SS54B,not_published,,,2026-09-19,,,,not_published
part:SS56,https://www.onsemi.com/products/search?q=SS56,SS56,not_published,,,2026-09-19,,,,not_published
part:SSB43L,https://www.onsemi.com/products/search?q=SSB43L,SSB43L,not_published,,,2026-09-19,,,,not_published
part:SUP75N06,https://www.onsemi.com/products/search?q=SUP75N06,SUP75N06,not_tried,,,,,,,
part:TIP102,https://www.onsemi.com/products/search?q=TIP102,TIP102,not_tried,,,,,,,
part:TIP110,https://www.onsemi.com/products/search?q=TIP110,TIP110,not_tried,,,,,,,
part:TIP120,https://www.onsemi.com/products/search?q=TIP120,TIP120,not_tried,,,,,,,
part:TIP127,https://www.onsemi.com/products/search?q=TIP127,TIP127,not_tried,,,,,,,
part:UF4004,https://www.onsemi.com/products/search?q=UF4004,UF4004,not_tried,,,,,,,
part:US1A,https://www.onsemi.com/products/search?q=US1A,US1A,not_published,,,2026-09-19,,,,not_published
part:US1G,https://www.onsemi.com/products/search?q=US1G,US1G,not_tried,,,,,,,
part:US1M,https://www.onsemi.com/products/search?q=US1M,US1M,not_published,,,2026-09-19,,,,not_published
part:W01G,https://www.onsemi.com/products/search?q=W01G,W01G,not_published,,,2026-09-19,,,,not_published
part:W04G,https://www.onsemi.com/products/search?q=W04G,W04G,not_tried,,,,,,,
part:W10G,https://www.onsemi.com/products/search?q=W10G,W10G,not_tried,,,,,,,
part:WPM2015-3,https://www.onsemi.com/products/search?q=WPM2015,WPM2015-3,not_published,,,2026-09-19,,,,not_published
part:ZMM5V6,https://www.onsemi.com/products/search?q=ZMM5V6,ZMM5V6,not_published,,,2026-09-19,,,,not_published
part:ZVN4306A,https://www.onsemi.com/products/search?q=ZVN4306,ZVN4306A,not_tried,,,,,,,
part:ZVP3310F,https://www.onsemi.com/products/search?q=ZVP3310,ZVP3310F,not_tried,,,,,,,
