part,doc,page,times,near
0A2,1d8,2,1,
0A2,m1,1,1,IC3 IC4 R2
0B2,m1,1,1,IC3 IC4 R2
0D3,16s,1,2,
0D3,fa,1,1,
0D3,fb,1,1,
12AT7,1d2,1,2,V103 R109 C105A
12AT7,1d3,1,2,V103 R109 C105A
12AT7,1i8,1,2,C3 V2 R12
12AT7,1i9,1,2,C3 V2 R12
12AT7,1ia,1,1,C102 C106 C101
12AT7,1ib,1,1,C102 C106 C101
12AT7,1ic,1,1,C102 C106 C101
12AT7,1id,1,1,C102 C106 C101
12AT7,1ie,1,2,C3 V2 R12
12AT7,3t,1,2,V2 R3 R1
12AT7,3u,1,2,V2 R7 R3
12AT7,3v,1,2,V2 R20 R1
12AT7,40,1,1,
12AT7,g1,3,1,
12AT7,yw,1,2,V103 R109 C105A
12AT7,yx,1,2,V103 R109 C105A
12AT7,zg,1,2,
12AU7,16e,1,1,
12AU7,179,1,1,R5 U4 R6
12AU7,1d2,1,2,R110a R110 C105
12AU7,1d3,1,2,R110a R110 C105
12AU7,1ha,1,1,
12AU7,1jg,1,1,V2 R6 V1
12AU7,83,1,1,
12AU7,8d,1,2,
12AU7,a6,1,1,
12AU7,a8,1,1,
12AU7,g0,1,1,
12AU7,g1,3,1,
12AU7,lv,1,3,V1A R10 R5
12AU7,lw,1,2,R6 R9 R5
12AU7,lx,1,2,R6 R9 R5
12AU7,rz,1,1,R13 C4 C5
12AU7,sn,22,1,
12AU7,yw,1,2,R110a R110 C105
12AU7,yx,1,2,R110a R110 C105
12AU7,zg,1,1,C20
12AU7A,1go,1,2,V1A V1B R31
12AU7A,1gp,1,2,V1A V1B R31
12AU7A,h,1,2,V1A R31 V1B
12AU7A,q4,1,4,V2A C1 C2
12AU7A,q5,1,4,V2A C1 C2
12AU7A,q6,1,4,V2A C2 C1
12AU7A,q7,1,4,V2A C2 C1
12AU7A,q8,1,4,V2A C1 C2
12AV7,or,1,4,C19 R27 U11
12AX7,179,1,1,D1 U3 C2
12AX7,17o,1,2,R2 R9
12AX7,1bw,1,1,
12AX7,1d2,1,1,R102 V101 C103
12AX7,1d3,1,1,R102 V101 C103
12AX7,1hf,1,2,R1 R3 R2
12AX7,1i2,3,1,
12AX7,1jg,1,1,V1 V2 R3
12AX7,1k,1,3,R3 C2 U1
12AX7,1l,1,3,R4 C3 R5
12AX7,2x,1,4,V1 V2 V3
12AX7,2y,1,4,V1 V2 V3
12AX7,3l,1,1,R19
12AX7,72,4,1,
12AX7,72,6,1,
12AX7,79,1,2,
12AX7,7a,2,1,
12AX7,8d,1,4,
12AX7,8z,1,1,
12AX7,90,2,1,
12AX7,9m,6,1,
12AX7,a6,1,1,
12AX7,ke,2,1,
12AX7,or,1,4,U9 C11 U7
12AX7,qa,1,1,
12AX7,rz,1,2,C3 R8 R10
12AX7,sn,22,1,
12AX7,yx,1,1,R102 V101 C103
12AX7,zg,1,1,C20 R40 R2
12AX7A,1d2,1,1,R105 V102 V103
12AX7A,1d3,1,1,R105 V102 R104
12AX7A,g0,1,1,V2 V1 V3
12AX7A,yw,1,1,R105 V102 V103
12AX7A,yx,1,1,R105 V102 V103
12AX7LPS,g0,1,1,
12AX7LPS,yw,1,1,R102 C103 V101
12AX7N,151,1,4,C5 U8 R8
12AX7N,152,1,4,C5 U8 R8
12AX7N,153,1,4,C5 U8 R8
12AY7,ii,1,2,U1A R3 J17
12B4A,1m,1,1,V1 Q1
12BH7,1i8,1,1,V1 R7 R6
12BH7,1i9,1,1,V1 R7 R2
12BH7,1ia,1,1,C101 C105 C106
12BH7,1ib,1,1,C101 C105 C106
12BH7,1ic,1,1,C101 C105 C106
12BH7,1id,1,1,C101 C105 C106
12BH7,1ie,1,1,V1 D1 R7
12BH7,79,1,3,
12BH7,vh,5,1,
12K4,ea,1,1,R27a R27b IC1B
12SN7,vh,4,1,
12SN7,vh,8,4,
1603,pa,1,1,R33 V2 L1
1603,pb,1,1,L2 R34 C13
1603,pc,1,1,R33 V2 L1
1F1,180,2,1,S6 U3
1N007,v9,1,1,C4 Q13 R30
1N014,ok,1,1,D11 R27 Q16
1N0811,l,1,1,D7 Q12 Q13
1N1007,jt,1,2,C19 C18 C21
1N148,qk,1,1,D4 R15 C4
1N148,ql,1,1,D4 R15 C4
1N148,qm,1,1,D4 R15 C4
1N2834,hj,1,1,
1N2834,hk,1,1,
1N2834,hl,1,1,
1N2834,hm,1,1,
1N2834,hn,1,1,
1N2834,ho,1,1,
1N34A,18a,1,2,D2 D1 R26
1N4001,10d,2,2,C24 IC1 S2
1N4001,11e,2,3,D4 R23 Q1
1N4001,11e,3,4,
1N4001,143,1,2,D2 D3 R14
1N4001,16f,1,1,
1N4001,181,1,3,D1 IC109 C13
1N4001,182,1,1,D1 J4 P1
1N4001,183,1,2,D1 U2 R12
1N4001,1bj,1,3,D3 C5 D4
1N4001,1bl,2,1,D7 U33 C68
1N4001,1fd,1,1,D1 U1 C7
1N4001,1gu,1,2,D10 Q5 R10
1N4001,42,1,1,D2 Q2 Q3
1N4001,53,1,1,
1N4001,54,1,4,D4 D3 C7
1N4001,8t,1,3,D4 C15 R17
1N4001,e8,1,2,D6 SW2 D7
1N4001,fh,1,3,D4 C15 R17
1N4001,fh,4,1,
1N4001,fi,1,3,D4 C15 R17
1N4001,fn,1,1,
1N4001,fo,1,3,D4 C15 R17
1N4001,go,1,1,D1 R15 L1
1N4001,gz,1,1,
1N4001,hj,1,2,
1N4001,hk,1,2,
1N4001,hl,1,2,
1N4001,hm,1,2,
1N4001,hn,1,2,
1N4001,ho,1,2,
1N4001,i,1,4,D4 D3 R3
1N4001,l6,1,1,D3 D2 C11
1N4001,p8,1,2,D5 U1
1N4001,q3,5,1,
1N4001,q9,1,2,D5 C3 D2
1N4001,r4,22,2,
1N4001,so,1,1,TR5 R8 R11
1N4001,ta,1,1,D1 D2
1N4001,tt,2,3,D2 R16 Q2
1N4001,tw,1,3,C16 C15 D4
1N4001,tx,1,2,
1N4001,ty,1,3,
1N4001,tz,1,1,D4 R23 Q1
1N4001,u0,1,1,D4 R23 C14
1N4001,ui,1,1,D1 Q1 R4
1N4001,uj,1,1,D1 Q1 R4
1N4001,vg,1,2,D1 C3 R1
1N4001,z9,9,2,D22 LED2 LED1
1N4001,za,15,4,D2 D3 D4
1N4001,zb,15,4,D2 D3 D4
1N4001F,189,1,1,D6 C40 R15
1N4002,0,1,2,D5 C17 R9
1N4002,130,1,3,D1 U1 R2
1N4002,140,1,2,C4
1N4002,14e,1,4,D5 R29 U5
1N4002,14j,1,4,D5 R35 U6
1N4002,15i,1,1,R4
1N4002,18s,2,2,
1N4002,18s,4,1,
1N4002,81,1,2,D1 U1 RV2
1N4002,8n,1,1,D1
1N4002,8p,1,1,V111 V173
1N4002,bc,1,2,C11 D2 R8
1N4002,bd,1,2,D1 R7 C12
1N4002,bu,1,2,D1 D2 C2
1N4002,bv,1,2,D1 D2 C2
1N4002,dq,1,2,Q13
1N4002,il,8,2,
1N4002,io,8,2,
1N4002,j0,1,2,D15 Q14 Q16
1N4002,k0,1,1,
1N4002,k1,1,1,
1N4002,k2,1,1,
1N4002,k3,1,1,
1N4002,kc,1,1,
1N4002,lh,2,1,
1N4002,p2,1,5,D1 C1 D2
1N4002,q3,5,1,
1N4002,si,1,2,D2
1N4002,sj,1,2,D1
1N4003,10z,1,2,D2 R8 R9
1N4003,17q,1,4,D3 D1
1N4003,1c6,1,2,D4 R4 Q3
1N4003,1c7,1,1,
1N4003,1c8,1,2,
1N4003,1j0,1,2,D1 Q29 V1
1N4003,1j1,1,2,D1 Q29 V1
1N4003,98,1,1,R10
1N4003,98,2,1,
1N4003,99,1,1,R10
1N4003,99,2,1,
1N4003,de,1,2,D1 Q18 R38
1N4003,df,1,2,D1 Q18 R38
1N4003,dg,1,2,D1 Q19 R38
1N4003,dh,1,2,D1 Q19 R38
1N4003,di,1,1,
1N4003,h,1,2,D1 L1 U1
1N4003,l,1,2,D1 L1 U1
1N4003,m,1,2,D2 R8
1N4003,m2,2,1,
1N4003,n,1,2,D2 R8
1N4003,q,1,2,D1 L1 U1
1N4003,q6,1,2,D3 Q13 R3
1N4003,q7,1,1,D3 Q13 R36
1N4003,r,1,2,R8 D2
1N4003,rc,1,6,D1 C1 C5
1N4003,s,1,2,D2 R8
1N4003,u,1,2,D15 R28 R78
1N4003,v,1,2,D15 R28 R78
1N4003,v7,1,1,R3
1N4003,w,1,2,D1 L1 U2
1N4003,yy,1,2,D2 R41 C20
1N4003,zf,1,3,D6 Q6 R12
1N4003,zf,2,3,D4 Q6 R12
1N4004,101,1,2,D9 Q2 C4
1N4004,104,1,1,D5 R11 R10
1N4004,105,1,1,D5 C7
1N4004,106,1,1,D5 R11 C7
1N4004,107,3,1,D4 D3 R19
1N4004,107,7,1,
1N4004,112,1,1,D3
1N4004,11h,1,1,D4 Q1 R23
1N4004,11r,7,2,C35 D6 C28
1N4004,15s,1,3,D7 R11 Q2
1N4004,15z,1,1,D15 R4 C1
1N4004,165,1,1,D1 C1 R2
1N4004,17l,2,4,D1 R11 D139
1N4004,17l,3,1,D13 J2 U5
1N4004,17l,6,2,D5 Q5 Q6
1N4004,180,3,16,D213 D214 C211
1N4004,18v,1,2,D6 R8 R35
1N4004,18w,1,2,D6 C15 R35
1N4004,195,1,1,D101 R101 D102
1N4004,19d,1,2,R1 D1 D2
1N4004,1a8,1,4,VR1 C23 C21
1N4004,1ao,1,1,V111 R111 R112
1N4004,1at,1,2,D2 C8 C10
1N4004,1b4,1,2,D1 C9 C11
1N4004,1b6,1,2,D3 Q10 R13
1N4004,1bg,1,6,D7 Q1 R9
1N4004,1bh,1,6,D5 D6 J7
1N4004,1bi,1,6,D5 D6 J7
1N4004,1bs,1,4,D7 Q5 D8
1N4004,1bu,1,7,D3 Q1 C2
1N4004,1bx,1,4,D8 D7 D6
1N4004,1dj,2,6,D24 Q22 R76
1N4004,1dq,1,2,D10 C50 IC5
1N4004,1e2,1,2,D4 IC5 C44
1N4004,1eb,1,2,D10 IC5 C50
1N4004,1el,1,2,D3 IC5 C42
1N4004,1f1,1,1,U2
1N4004,1f2,1,4,U2 D4 C20
1N4004,1f3,1,4,U2 D4 C20
1N4004,1ff,1,2,D1 C1 R53
1N4004,1fq,1,1,D3 IC1 C6
1N4004,1fr,1,2,D2 C8 C10
1N4004,1fs,1,1,D3 IC1 C6
1N4004,1gb,1,1,D1 T2 T1
1N4004,1gc,1,1,D1 IC1B P1B
1N4004,1hi,1,2,D1 C1 R1
1N4004,1ip,1,1,D4 R23 Q1
1N4004,1j5,1,2,D1 IC2 R22
1N4004,1j6,1,2,D1 IC2 R25
1N4004,1j7,1,2,D1 IC2 R25
1N4004,1j8,1,4,D1 IC2 R25
1N4004,1jx,2,2,D1
1N4004,2w,1,4,Q1 Q1 D1
1N4004,3,1,2,
1N4004,3h,1,4,D116 Q106 C111
1N4004,49,1,2,D19 C7 R17
1N4004,69,1,3,D74 D73 Q72
1N4004,6a,1,2,D94 D95 D92
1N4004,6e,1,4,C15 D7 R32
1N4004,6f,1,2,U5
1N4004,6q,1,1,
1N4004,8,1,2,D19 C7 R4
1N4004,8q,1,1,D3 C14 IC5
1N4004,8w,3,1,D13 J2 U5
1N4004,9k,6,2,D94 D95 D92
1N4004,9t,1,2,R11 C1
1N4004,9t,2,2,R11 C1
1N4004,9t,3,4,D6 R14 R4
1N4004,9t,4,1,C1
1N4004,ai,1,4,D1 IC2 R25
1N4004,b,1,4,D4 D5 R7
1N4004,c2,1,4,C21 C22 VR1
1N4004,c4,1,4,C23 VR1 C18
1N4004,cg,1,2,D21 C1 D15
1N4004,iz,1,1,D1 R24
1N4004,j6,1,1,R5 R8
1N4004,j7,1,1,D1 R5 R8
1N4004,jo,1,2,
1N4004,k4,1,3,C11 C13 C12
1N4004,k5,1,3,C11 C13 C12
1N4004,k6,1,6,D6 D7 R29
1N4004,k7,1,6,C10 D6 D7
1N4004,k8,1,6,D9 C20 C21
1N4004,kl,1,2,D1 C17 V1
1N4004,lm,1,6,D24 D23 R76
1N4004,lv,1,6,D1 D2 D3
1N4004,mp,1,2,D1 J1 IC1
1N4004,ms,1,4,D1 C1 R1
1N4004,mt,1,4,D1 D2 C1
1N4004,mv,1,3,D1 D2 C1
1N4004,n5,1,3,D1 D2 C1
1N4004,nu,1,4,D1 D3 TR1
1N4004,oz,1,1,D2 C2 R11
1N4004,p5,1,4,ZD1 R10 C1
1N4004,qn,1,1,J309 D205 J101
1N4004,rg,1,4,V101 R101 R103
1N4004,sb,1,4,D1 D2 D3
1N4004,t7,1,1,Q1 C639 D4
1N4004,t8,1,1,Q1 C639 D4
1N4004,u5,1,6,D9 C20 C21
1N4004,v2,1,6,D24 D23 R76
1N4004,w1,1,1,D7 R16 R19
1N4004,w2,1,1,C17 D6
1N4004,w3,1,1,D7 R14 R15
1N4004,w4,1,1,D7 C7 IC3
1N4004,wy,1,1,
1N4004,x0,1,2,D101 R104b R104
1N4004,z9,9,3,D21 Q12 C143
1N4004,zs,1,4,R2 C1 R1
1N4004,zt,1,2,
1N4004C,10v,1,2,D1 Q15 R33
1N4004C,10w,1,2,D1 Q15 R33
1N4004C,8h,1,6,D15 R50 L1
1N4004C,au,1,1,D3 C4 R3
1N4004RLG,2d,1,6,D113 R101 Q101
1N4004RLG,2d,3,6,D113 R101 Q101
1N4004RLG,2e,1,6,D113 R101 Q101
1N4004RLG,2e,3,6,D113 R101 Q101
1N4005,0,1,4,C1
1N4005,1ab,12,2,D1 Q1 R3
1N4005,1ab,23,3,D8 Q12 Q11
1N4005,5n,1,2,D11 C13 R13
1N4005,9x,1,2,
1N4005,9y,2,3,
1N4005,dn,1,1,
1N4005,u9,1,2,TR9
1N4005GP,ly,1,4,D3 J2 D4
1N4006,11g,1,1,
1N4007,1,1,6,D36 T33 R22
1N4007,101,1,2,D6 Q1 D7
1N4007,102,1,1,D2 J5 J3
1N4007,103,1,1,D2 J5 J3
1N4007,10d,2,1,R31 C16 R32
1N4007,10v,1,1,D2 V2 Q16
1N4007,10w,1,1,D2 V2 Q16
1N4007,120,1,4,U3 D5 C28
1N4007,12w,1,2,D11 Q12
1N4007,12y,1,2,D11 R43 R39
1N4007,135,1,4,D1 U7 R32
1N4007,136,1,4,D1 U1 R3
1N4007,137,1,4,D3 R32 C24
1N4007,138,1,4,D8 U15 R28
1N4007,139,1,2,D8 R32 D6
1N4007,13a,1,1,D4 R9 C5
1N4007,13b,1,4,D2 U15 R9
1N4007,13e,1,1,D1 U4 R18
1N4007,13g,1,3,D2 U15 R9
1N4007,13h,1,3,D2 U15 R9
1N4007,13i,1,4,D2 R18 C24
1N4007,13k,1,3,D2 U4 R23
1N4007,13m,1,3,D2 U4 R27
1N4007,14q,1,2,D7 D8 C9
1N4007,150,1,1,C11
1N4007,168,1,1,D5 P6 R33
1N4007,16m,1,1,R22 T9 R28
1N4007,17m,1,3,D5 T1 R1
1N4007,18u,1,3,D1 L90 R13
1N4007,19r,1,2,D1 D2 C15
1N4007,1b8,1,2,D8 C6 C15
1N4007,1b9,1,2,D8 C16 LED1
1N4007,1c9,1,4,D13 U1 R21
1N4007,1ci,1,1,D1 R5 J1
1N4007,1cy,1,2,
1N4007,1d8,5,2,
1N4007,1d8,6,1,
1N4007,1da,1,1,
1N4007,1db,1,1,
1N4007,1di,1,2,
1N4007,1dk,1,5,D245 R245 C247
1N4007,1es,1,1,
1N4007,1et,1,2,D1 D2 R1
1N4007,1ew,5,3,D49 D50 R144
1N4007,1ex,4,3,D49 D50 R144
1N4007,1gh,1,2,D1 C6 R10
1N4007,1hf,1,1,R16 R17
1N4007,1hg,2,6,
1N4007,1i2,4,1,
1N4007,1i5,1,5,D101 C183
1N4007,1is,1,2,
1N4007,1jh,3,2,D7 C6 C9
1N4007,1jy,1,2,
1N4007,1jz,1,4,X2 R141 C141
1N4007,2,1,3,D71 D72 C71
1N4007,2t,1,7,D1 D4 R4
1N4007,2v,3,2,D1 D1 C22
1N4007,2x,2,4,C25 C23 C24
1N4007,2y,2,4,C25 C23 C24
1N4007,35,1,2,D3 R5 C7
1N4007,36,1,2,D3 C7 R6
1N4007,38,1,1,
1N4007,49,1,8,D1 D4 D2
1N4007,4d,1,2,D9 R13 D10
1N4007,4e,1,2,D9 R13 D10
1N4007,4m,6,4,D9 R110 R111
1N4007,4m,10,2,D13 R128 R129
1N4007,5z,1,1,D4 D3 Q4
1N4007,6,1,8,D5 D10 C22
1N4007,6i,1,1,C9
1N4007,6n,1,7,D2 R9 R8
1N4007,6r,1,2,
1N4007,6s,1,2,
1N4007,6t,1,2,
1N4007,6u,1,2,
1N4007,6x,1,2,D13 Q14 R35
1N4007,6y,1,2,D13 Q14 R35
1N4007,7,1,8,D5 D10 C22
1N4007,70,1,1,D1 R5 J1
1N4007,7k,1,2,D5 Q14 R24
1N4007,8,1,8,D1 D4 D2
1N4007,8d,1,1,
1N4007,8z,1,2,
1N4007,9,1,4,D1
1N4007,97,2,1,
1N4007,9l,27,4,D1 D2 C2
1N4007,9v,1,2,R25 D2 Q14
1N4007,9z,1,1,D4 R9 R14
1N4007,9z,6,1,
1N4007,au,1,1,D1 R1
1N4007,b0,4,2,
1N4007,b1,2,3,
1N4007,dj,1,1,
1N4007,eb,1,2,D7 SW2 D6
1N4007,fj,2,1,
1N4007,fk,1,4,
1N4007,fl,1,4,
1N4007,fm,1,4,
1N4007,ih,1,2,D1 D2 C15
1N4007,ii,1,4,D1 D2 D3
1N4007,jr,1,4,D4 R11 LED2
1N4007,js,1,4,D4 R11 LED2
1N4007,jt,1,2,D4 R11 LED2
1N4007,ju,1,4,D4 R11 LED2
1N4007,k9,1,2,
1N4007,ke,2,1,
1N4007,kh,1,5,D3 D4 R31
1N4007,ki,1,5,D3 D4 R31
1N4007,kw,1,2,D14 Q12 Q11
1N4007,l6,1,1,R5 R3
1N4007,l8,1,4,D5 R6 J2
1N4007,ls,1,1,D1 D8 L2
1N4007,nz,1,1,
1N4007,o1,5,11,
1N4007,o1,6,1,
1N4007,o2,1,4,
1N4007,o2,2,6,D10 D9 D11
1N4007,o3,1,1,D9 C20 R53
1N4007,o4,1,10,
1N4007,o6,1,1,D9 C20 R27
1N4007,o9,1,8,D1 R22 D7
1N4007,oa,1,8,D1 R22 D7
1N4007,ob,1,3,D101 D103 C13
1N4007,ow,1,1,D11 Q2
1N4007,pp,1,2,D11 R43 R39
1N4007,qa,1,2,
1N4007,rj,1,2,D3 R1
1N4007,s8,1,3,D1 D2 R2
1N4007,sn,8,13,
1N4007,sn,26,13,D17 T3 D15
1N4007,sx,1,2,X2 R141 C141
1N4007,t,1,5,D2 D272 C272
1N4007,x,1,6,D101 J104 J103
1N4007,x7,1,4,D5 D5 D6
1N4007,x8,1,2,D5 D6 R2
1N4007,xu,1,1,
1N4007,z0,1,1,D2 R12 U3
1N4007,z1,1,1,D2 R12 U3
1N4007,z9,2,1,D12 Q5 D11
1N4007,zu,1,1,
1N4007D,g2,2,1,D207 Q211 R242
1N4007G,fj,2,1,
1N4007G,ov,5,1,
1N4007W,r3,1,2,D2 R12 R7
1N401,gn,1,1,D1 R15 C21
1N4037,cm,1,1,
1N4048,187,1,1,D3 R17 C18
1N4063,q7,1,1,D4 Q14 R21
1N407,13a,1,2,D2 U15 R9
1N407,13e,1,1,D2 R18 C24
1N407,13g,1,1,D3 R8 C8
1N407,13h,1,1,D3 R8 C8
1N407,ob,1,1,D104 D106 C107
1N41,168,1,1,D2 R14 Q14
1N41,e2,1,1,D1 R14 Q3
1N414,7d,1,1,D2 R20
1N414,zs,1,1,D9 R11 C9
1N4140,by,1,1,D6 T4 D6
1N4143,178,1,1,Q8 D2 C13
1N4143,1af,1,1,D1 Q1 R4
1N4143,1ag,1,1,D1 Q1 R4
1N4143,1ah,1,1,D1 Q1 R4
1N4143,1f,1,2,V7 C18 C19
1N4143,1g,1,1,V7 C13 C19
1N4143,23,1,5,D14 Q17 Q15
1N4143C,og,1,5,Q20 D11 D21
1N4145,v3,1,1,D11 C4 V5
1N4145,wn,1,1,C3 D16 R8
1N4148,107,3,1,R26 R25 T7
1N4148,107,7,1,
1N4148,10d,2,2,D6 D5 T1
1N4148,10i,1,9,D2 Q19 Q17
1N4148,10j,1,8,D10 R33 D11
1N4148,10k,1,6,D6 R14 R24
1N4148,10m,1,4,D8 D9 D2
1N4148,10n,1,8,D10 R33 D11
1N4148,10o,1,4,D6 R14 R24
1N4148,10p,1,3,D13 D14 C29
1N4148,10q,1,3,D11 D12 D7
1N4148,10r,1,8,D6 R14 D11
1N4148,10s,1,4,D6 R14 D11
1N4148,10w,1,2,D5 C3 R20
1N4148,110,3,1,
1N4148,110,5,1,
1N4148,11n,1,4,D1 D2 C3
1N4148,11o,1,4,D1 D2 C3
1N4148,11r,7,1,C38 D7 D6
1N4148,11s,2,7,D1 D2 IC17B
1N4148,11v,1,3,D3 C6 R14
1N4148,11w,1,2,Q32 D30 R43
1N4148,11x,1,2,Q32 D30 R43
1N4148,11y,1,4,R53 D5 R54
1N4148,11z,1,2,D2 R25 R2
1N4148,12,1,6,D2
1N4148,121,1,1,D1
1N4148,125,1,4,D1 R55 R57
1N4148,127,1,2,D1 R13 R38
1N4148,128,1,3,D3 R68 Q2
1N4148,12f,1,8,D7 D27 R82
1N4148,12g,1,2,D2 D1 Q2
1N4148,12h,1,2,D2 R7 C5
1N4148,12i,1,9,D3 D4 R11
1N4148,12j,1,8,R2 D3 D5
1N4148,12l,1,2,D1 R13 D2
1N4148,12m,1,2,D1 R13 D2
1N4148,12w,1,4,D6 R5 Q1
1N4148,12y,1,5,D7 T10 D5
1N4148,12z,1,6,R2 D37 D5
1N4148,13,1,6,R23 C21 C34
1N4148,130,1,1,D3 R9 R7
1N4148,136,1,4,D8 D9 R22
1N4148,138,1,4,D1 R10 D4
1N4148,139,1,4,D1 R12 D5
1N4148,13c,1,2,D1 C12
1N4148,13d,1,2,D1 C12
1N4148,13o,1,2,D1
1N4148,13v,1,4,D1 D3 U3A
1N4148,13w,1,8,D4 D3 R8
1N4148,13x,1,8,D3 D4 R8
1N4148,13y,1,7,D5 Q9 R8
1N4148,13z,1,5,R10 D77 D8
1N4148,14,1,4,D14 D11 Q1
1N4148,142,1,1,
1N4148,14a,1,1,C10
1N4148,14b,1,8,R2 D3 D5
1N4148,14c,1,1,D1 R7 L1
1N4148,14d,1,1,D1 R7 L1
1N4148,14e,1,4,D4 D3 C22
1N4148,14j,1,4,D4 D3 C25
1N4148,14u,1,1,R5A
1N4148,14w,1,1,R21 R43 R42
1N4148,15,1,5,D14 D11 Q12
1N4148,15d,1,3,D2 Q15 R30
1N4148,15m,1,2,Q2 Q1 R63
1N4148,168,1,2,D3 D1 C4
1N4148,16a,1,7,D10 D11 D9
1N4148,16c,1,1,D3 T7 R4
1N4148,16l,1,3,D1 D2 T6
1N4148,178,1,1,V1
1N4148,17h,1,5,D32 C48 R69
1N4148,17r,1,2,D2 ZD5 ZD4
1N4148,180,1,7,D103 Q101 R145
1N4148,180,2,3,D303 R307 Q302
1N4148,181,1,10,D103 Q102 R145
1N4148,187,1,1,D3 R17 C18
1N4148,18e,2,2,D13 D14 R16
1N4148,18r,1,4,D906 U902 R720
1N4148,18r,2,9,D315 R328 C301
1N4148,18r,3,4,D501 D503 C513
1N4148,18r,4,11,
1N4148,19g,1,1,D101 R101 C102
1N4148,1a0,1,1,D2 R9 C3
1N4148,1a2,1,2,R9 D2 R7
1N4148,1a6,1,1,D1 Q3B Q3A
1N4148,1a8,1,2,R16 R11 C5
1N4148,1a9,1,4,D302 R304 C206
1N4148,1ab,6,2,D2 ZD3 ZD2
1N4148,1ab,14,1,D4 Q1 R10
1N4148,1ac,1,2,D1 R3 D3
1N4148,1ad,1,2,D1 R3 D3
1N4148,1af,1,4,D7 D1 Q1
1N4148,1ag,1,4,D7 D1 Q1
1N4148,1ah,1,4,D7 D1 Q1
1N4148,1am,1,2,D1 R14 U3
1N4148,1aq,1,1,D1 D2 D3
1N4148,1au,1,5,D3 D4 R16
1N4148,1av,1,5,D4 D3 R16
1N4148,1b1,1,1,C10
1N4148,1b8,1,2,R10 D2 C22
1N4148,1b9,1,2,D1 R9 C6
1N4148,1bq,1,13,D8 D5 D28
1N4148,1br,1,14,D4 D27 D3
1N4148,1bv,3,1,
1N4148,1c6,1,6,D5 C11 Q9
1N4148,1c7,1,1,
1N4148,1c8,1,6,
1N4148,1cp,1,1,D1 C24 R46
1N4148,1cq,6,1,C24 R46 R28
1N4148,1ct,1,2,D4 D5 R20
1N4148,1cu,1,2,D4 D5 R20
1N4148,1cv,1,9,C10 R11 D1
1N4148,1cy,1,2,
1N4148,1cz,1,1,V111 C112 R108
1N4148,1d,1,2,U1 C19 R28
1N4148,1dq,1,1,D14
1N4148,1du,1,1,
1N4148,1e,1,1,U1 C24 C7
1N4148,1eb,1,1,
1N4148,1ee,1,1,
1N4148,1el,1,4,IC5 C44 C42
1N4148,1eu,1,1,Q1 R14 C9
1N4148,1ev,1,1,
1N4148,1ew,1,8,D11 R24 R27
1N4148,1ew,2,4,D34 Q43 C50
1N4148,1ew,3,4,Q34 D37 C10
1N4148,1ew,4,4,D38 D36 D37
1N4148,1ew,5,9,D48 R145 Q45
1N4148,1ex,1,8,D11 R24 R27
1N4148,1ex,2,4,D34 Q43 C50
1N4148,1ex,3,4,D38 D36 D37
1N4148,1ex,4,9,D48 R145 Q45
1N4148,1f1,1,3,D3 C7 R10
1N4148,1f3,1,3,D3 C7 R10
1N4148,1f4,1,1,D1 C36 ZD1
1N4148,1f5,1,1,D1 C36 ZD1
1N4148,1f6,1,1,D1 C36 ZD1
1N4148,1f7,1,1,D1 C36 ZD1
1N4148,1fa,2,7,D1 IC11B R58
1N4148,1fb,2,7,D1 IC11B R58
1N4148,1fc,2,7,D1 IC11B R58
1N4148,1fm,2,1,
1N4148,1fq,1,2,C3 D1 C2
1N4148,1fs,1,2,C3 D1 C2
1N4148,1g,1,1,C13 V7 C19
1N4148,1gh,1,1,D3 R9 R4
1N4148,1gi,1,2,D3 Q4 Q6
1N4148,1gz,1,8,D3 Q2 Q1
1N4148,1gz,2,9,D5 D7 R2
1N4148,1h,1,4,D18 Q1 Q17
1N4148,1h0,1,8,D3 Q2 Q1
1N4148,1h0,2,9,D5 D7 R2
1N4148,1h1,1,8,D3 R27 Q2
1N4148,1h1,2,12,D26 D21 D25
1N4148,1h2,1,4,R2 D8 Q2
1N4148,1h3,1,4,R2 D8 Q2
1N4148,1he,1,1,C715 R12 VT8
1N4148,1hg,3,5,
1N4148,1hp,2,2,D1 R1 R2
1N4148,1hz,1,10,D14 R33 Q3
1N4148,1i,1,4,D2 R31 D1
1N4148,1io,1,18,D1 T1 T2
1N4148,1is,1,2,
1N4148,1j,1,5,D13 C20 Q6
1N4148,1j3,1,1,D1 R17 Q7
1N4148,1jb,1,2,D13 R13 C43
1N4148,1jh,3,5,D4 Q8 R23
1N4148,1k1,1,3,D3 TR12 TR10
1N4148,1k2,1,2,R0
1N4148,1n,1,4,U14 U15 U13
1N4148,1o,1,3,D2 Q12 R22
1N4148,1p,1,3,D2 Q12 R22
1N4148,1q,1,3,D2 Q12 R22
1N4148,1r,1,3,D2 Q12 R22
1N4148,1s,1,3,D2 Q12 R22
1N4148,22,1,2,D5 D6 R9
1N4148,23,1,1,D13 D12 Q16
1N4148,2c,1,2,
1N4148,2z,1,2,D3 Q1 R1
1N4148,3,1,2,Q20 Q17
1N4148,35,1,2,D11 R13 R12
1N4148,36,1,2,D10 R16 R15
1N4148,39,1,11,D5 R12 D6
1N4148,3a,1,11,D5 R12 D6
1N4148,3b,1,11,D5 R12 D6
1N4148,3c,1,10,D2 C3
1N4148,3d,1,7,D8 R16 D9
1N4148,49,1,2,D7 C3 R15
1N4148,4a,1,14,R28
1N4148,4b,1,3,D3 R17 R16
1N4148,4c,4,1,
1N4148,4g,1,1,C4 C2 R7
1N4148,4h,1,1,D1 T4 T2
1N4148,4i,1,1,D1 T4 T2
1N4148,4l,1,2,R4 R7 D4
1N4148,4z,1,4,R9 D2 D3
1N4148,5m,16,1,
1N4148,5n,1,2,D16 Q13 R19
1N4148,5r,1,5,D3 D2 C5
1N4148,5s,1,4,D2 D3 C10
1N4148,5t,1,4,D2 D3 C10
1N4148,5u,1,5,D3 D2 C5
1N4148,5v,1,1,Q3 D1 R4
1N4148,5w,1,3,D3 C8 R6
1N4148,5x,1,1,D1 R4 Q3
1N4148,5y,1,4,V121 R121 R122
1N4148,67,1,12,D4 R22 C12
1N4148,6e,1,2,D5 R21 R23
1N4148,6f,1,2,Q20 Q17
1N4148,6i,1,1,C9 VT4
1N4148,6j,1,17,D5 D6 U5A
1N4148,6k,1,11,
1N4148,6l,1,5,
1N4148,6m,1,6,D6 D5 R14
1N4148,6r,1,4,
1N4148,6s,1,6,
1N4148,6t,1,6,
1N4148,6u,1,6,
1N4148,6v,1,2,D3 T22 C5
1N4148,6w,1,2,D3 T22 C5
1N4148,6x,1,1,D7 C9 R25
1N4148,6y,1,1,D7 C9 R25
1N4148,71,1,1,D1 R5 J1
1N4148,73,1,2,R19 D8 D9
1N4148,76,1,3,D3 R9 T4
1N4148,77,1,3,D3 R9 T4
1N4148,7b,1,4,D4 D3 C7
1N4148,7d,1,1,R17 D2
1N4148,7e,1,4,D035 D2 D4
1N4148,7s,1,1,
1N4148,7t,1,1,
1N4148,7y,1,1,D1 R13 Q5
1N4148,8,1,2,D7 C3 R6
1N4148,85,1,1,D1 C5 LED5
1N4148,8r,1,2,D12
1N4148,8t,1,1,D1 D2 C6
1N4148,9i,1,8,D3 D1 R1
1N4148,9s,1,3,D1 C9 C8
1N4148,9t,1,5,D16 D17 R43
1N4148,9t,2,5,D16 D17 R43
1N4148,9t,3,2,D7 C11 C12
1N4148,9t,4,3,D1 D2 Q1
1N4148,9x,1,2,
1N4148,9z,1,1,D2 D7 R7
1N4148,9z,5,1,D2 R17 R6
1N4148,9z,6,1,
1N4148,a1,1,2,R42 C10 C9
1N4148,aa,1,2,D8 R13 R28
1N4148,ab,1,2,D8 R13 R28
1N4148,av,1,1,D4 Q2 R4
1N4148,b7,1,2,D2 R6 Q1
1N4148,b8,7,4,T6
1N4148,b8,8,2,
1N4148,b9,12,4,D37 D38 D39
1N4148,b9,14,6,D5 Q4 Q3
1N4148,b9,16,19,D40 U4 D41
1N4148,by,1,2,D6 D6 R204
1N4148,c,1,1,D2 Q7 Q8
1N4148,c1,1,2,
1N4148,c2,1,2,D4 D3 R16
1N4148,c4,1,2,R16 D3 R11
1N4148,c5,1,2,D3 U3 D4
1N4148,cn,1,12,
1N4148,co,1,12,
1N4148,cq,1,5,D20 R39 C40
1N4148,cr,1,6,D20 R39 C40
1N4148,d,1,1,D2 Q7 Q8
1N4148,d0,1,1,D4 C21 C3
1N4148,d1,1,9,R24 D5 D6
1N4148,d2,1,2,D2 R17 R19
1N4148,d3,1,7,D13 Q19 R24
1N4148,d4,1,1,D11 R3 R2
1N4148,d5,1,1,D11 R3 R2
1N4148,d6,1,1,D11 R3 R2
1N4148,d7,1,1,C10 V7 R7
1N4148,d9,1,1,D3 J2 R15
1N4148,dd,1,9,D5 R10 D7
1N4148,de,1,6,D3 R24 R21
1N4148,df,1,6,D3 R24 R21
1N4148,dg,1,6,D10 D9 R41
1N4148,dh,1,6,D10 D9 R41
1N4148,dm,1,2,D6 D12 R42
1N4148,ds,1,5,D1 IC1 R1
1N4148,dt,1,4,D1 IC1 R1
1N4148,du,1,5,D1 IC1 R1
1N4148,dv,1,5,D1 IC1 R1
1N4148,dy,1,4,
1N4148,dz,1,4,
1N4148,e2,1,1,D1 R14 Q3
1N4148,e3,1,2,D3 Q1
1N4148,e4,1,6,D2 R27 Q18
1N4148,e8,1,8,D1 U1 C16
1N4148,e9,1,1,C17
1N4148,ea,1,5,D2 U1 C20
1N4148,eb,1,8,D1 D2 U1B
1N4148,ei,1,2,D1 R44
1N4148,ev,9,4,D7 Q3 R17
1N4148,f2,1,1,
1N4148,fh,1,1,D1 D2 C6
1N4148,fh,4,1,
1N4148,fi,1,1,D1 D2 C6
1N4148,fn,1,1,
1N4148,fo,1,1,D1 D2 C6
1N4148,fx,1,10,D3 Q2 Q1
1N4148,fy,1,1,
1N4148,g3,1,1,D2 R19 LED2
1N4148,ga,1,3,D2 R27 Q18
1N4148,gj,34,4,D1 D2 R2
1N4148,h,1,3,D12 D9 R23
1N4148,hr,1,4,C1 C1
1N4148,hz,1,1,D4
1N4148,i3,1,5,V102 R106 V103
1N4148,id,1,2,D2 Q6
1N4148,j,1,1,D2 Q8 Q7
1N4148,j5,1,16,D5 D6 U5A
1N4148,ji,1,2,D4 D1 R75
1N4148,jk,1,2,D7 R24 V1
1N4148,jp,1,4,
1N4148,jv,1,2,D2
1N4148,jz,3,1,
1N4148,k,1,1,D2 Q7 Q8
1N4148,k0,1,4,
1N4148,k1,1,4,
1N4148,k4,1,2,R20 D3 D2
1N4148,k5,1,2,R20 D3 D2
1N4148,k6,1,6,D3 R22 R24
1N4148,k7,1,6,D3 R22 R24
1N4148,k8,1,6,D3 R24 R23
1N4148,k9,1,2,
1N4148,kf,1,4,D5 D6 D7
1N4148,kn,1,1,D1 R16 R14
1N4148,kw,1,5,D5 D6 IC1
1N4148,l,1,3,D12 D9 R23
1N4148,l1,4,1,D404 R430 R431
1N4148,l9,1,10,D4 C6 R510
1N4148,lf,1,3,D5 R16 C8
1N4148,lg,1,3,D5 R16 C8
1N4148,lh,1,1,
1N4148,ly,1,2,D7 U1A R7
1N4148,n9,1,4,D101
1N4148,nc,1,3,D201
1N4148,ny,1,1,D1 R7 C3
1N4148,ob,1,6,D5 C1 T1
1N4148,oe,1,1,D2 R17 C9
1N4148,oi,1,2,D1 C13 R23
1N4148,oj,1,2,D6 R26 D4
1N4148,on,1,6,
1N4148,on,2,10,
1N4148,on,4,2,
1N4148,oo,1,8,D8 D9 D7
1N4148,oz,1,1,D6 R10 R10
1N4148,p0,1,1,D5 R19 R17
1N4148,p1,1,1,D4 R20 R18
1N4148,p2,1,2,D7 R5 R1
1N4148,p7,1,40,D123 D123 R206
1N4148,pa,1,2,D3 R24 Q15
1N4148,pb,1,2,D3 R24 Q15
1N4148,pc,1,2,D3 R24 Q15
1N4148,pe,1,3,D1 R8 C14
1N4148,pp,1,6,D7 T10 D5
1N4148,pv,1,1,D1 R7 Q3
1N4148,q,1,3,D12 D9 R23
1N4148,q3,5,2,
1N4148,q3,6,1,U4 R24
1N4148,qf,1,2,D103 R102 R104
1N4148,qg,1,1,
1N4148,qh,1,4,D5 D6 R12
1N4148,qi,1,4,D5 D6 R12
1N4148,qj,1,1,D3 C6 R11
1N4148,qk,1,1,D3 C6 R11
1N4148,ql,1,1,D3 C6 R11
1N4148,qm,1,1,D3 C6 R11
1N4148,r5,1,3,D5 R15 R21
1N4148,rb,3,2,D4 D6 R43
1N4148,rg,1,1,V104 R107 R111
1N4148,rr,1,2,R8 R15 D3
1N4148,ry,1,3,D1 D2
1N4148,s2,1,8,
1N4148,s3,1,8,
1N4148,s4,1,6,
1N4148,s5,1,6,
1N4148,s7,1,1,
1N4148,sc,1,6,D1 D2 C5
1N4148,sd,1,6,D1 D2 C5
1N4148,se,1,6,D1 D2 R11
1N4148,sg,1,13,D1 R14 R13
1N4148,sh,1,13,D12 C5 C7
1N4148,sn,8,9,
1N4148,sn,26,9,D22 SW2 C34
1N4148,su,1,5,D1 R13
1N4148,sy,1,1,V115 R115 V116
1N4148,t0,1,13,D27 D3 D4
1N4148,tn,1,3,D3 R17 R15
1N4148,ts,1,2,D1 D2 R3
1N4148,u1,1,4,D1 D2 Q1
1N4148,u5,1,6,D3 R22 R24
1N4148,u9,1,3,
1N4148,ub,1,3,D3 R20 R19
1N4148,uq,1,1,D1 T1 Q1
1N4148,uv,2,2,D5 D6
1N4148,v1,1,2,
1N4148,v4,1,1,D11 C4 V6
1N4148,w,1,3,D12 D9 R23
1N4148,wb,1,4,D6 T23 C16
1N4148,wc,1,9,D3 R12 T6
1N4148,wc,7,2,
1N4148,wd,1,9,D3 R12 T6
1N4148,wd,7,2,
1N4148,we,1,4,D6 T23 C16
1N4148,wf,1,5,D4 D3 R10
1N4148,wg,1,10,D4 D3 R6
1N4148,wg,7,1,C39 C19
1N4148,wh,1,11,D5 R7 D1
1N4148,wh,7,1,
1N4148,wi,1,8,D2 D1 R9
1N4148,wj,1,4,D2
1N4148,wk,1,11,D5 R7 D1
1N4148,wk,7,1,
1N4148,wl,1,3,D2 R9
1N4148,wn,1,2,D8 R13 R12
1N4148,wo,1,6,D14 Q17 Q15
1N4148,xb,1,3,V111 V112 C114
1N4148,y0,1,1,D1 R1 R2
1N4148,y1,1,2,D3 R23 Q12
1N4148,yk,1,1,D1 R13 C3
1N4148,z9,2,4,D11 R39 D13
1N4148,z9,3,2,D16 R71 R70
1N4148,z9,5,1,D18 C87 R81
1N4148,z9,7,1,D19 C109 IC23
1N4148,ze,1,1,
1N4148,zf,1,5,D5 R7 Q1
1N4148,zf,2,4,D202 R7 R8
1N4148,zl,1,4,D4 D5 D5
1N4148,zs,1,1,C9 D9 R11
1N4148,zv,1,1,
1N4148C,10v,1,1,D3 C6 Q5
1N4148C,11,1,6,Q13 D5 Q4
1N4148C,1ax,1,3,R42 R33 R53
1N4148C,7k,1,3,D2 D3 R10
1N4148C,ap,1,1,R21 C1 R25
1N4148C,da,1,2,D3 Q3 R4
1N4148C,hq,1,2,D8 Q1 Q3
1N4148C,l4,1,4,D4 D2 C11
1N4148C,oc,1,2,D1 R14 R23
1N4148C,od,1,2,D1 R14 R23
1N4148C,og,1,6,R18 D14 D21
1N4148C,pw,1,14,R18 D14 R7
1N4148C,px,1,15,R18 D13 D14
1N4148C,py,1,2,D1 X1 Q3
1N4148C,pz,1,6,R3 D1 D2
1N4148C,tj,1,1,C11 R5 D7
1N4148C,wv,1,2,R7 D1
1N4148FS,2c,1,1,
1N4148K,o0,1,1,D2 D1 R9
1N4148TA,38,1,1,
1N4148TR,wg,7,1,
1N4148W,100,1,1,D2 R18 C24
1N4148W,4d,1,2,D3 R21 Q5
1N4148W,4e,1,2,D3 R21 Q5
1N4148W,j3,1,10,D11 IC1 C9
1N4148W,j4,1,8,IC1 C9 C6
1N4148WS,lr,1,1,D4 Q2 R4
1N4148WS,qg,1,1,
1N4148WT,8m,1,1,V151 R151 V152
1N4149,10i,1,1,D2 Q19 R11
1N4149,1ab,19,6,D4 R12 U2
1N4149,1e,1,1,U1 C24 C7
1N4149,3h,1,10,D113 R101 Q101
1N4149,6a,1,2,D90 D91 R6
1N4149,9k,6,2,D90 D91 R6
1N4149,i7,1,6,D101 D102 Q103
1N4149,i8,1,6,D101 D102 Q103
1N4149,i9,1,8,D101 D102 Q103
1N4149,ia,1,8,D101 D102 Q103
1N4149,ib,1,8,D101 D102 Q103
1N4149C,8h,1,10,D7 D8 R30
1N4149C,og,1,2,R18 D14 D21
1N414B,e2,1,1,D6 R32 R31
1N414B,lj,1,3,D2 Q12 R11
1N4151,10g,1,1,D2 Q6 Q8
1N4151,1k0,1,1,D2 Q6 Q8
1N4448,1bf,30,1,
1N4448,1cm,1,1,
1N4448,1gy,6,2,
1N4448,9l,27,1,D9 D6 D7
1N4448,9n,1,2,D5 D6 C8
1N4448,f4,1,1,D11 R12 C7
1N4448,f7,1,1,D11 R12 C7
1N4448,gb,2,2,
1N4448,gb,3,1,
1N4449,1cm,1,1,C1 C0
1N448,ko,1,2,D7 R24 R22
1N448,u9,1,1,
1N457,qr,1,1,D1
1N4720,39,1,2,D14
1N4720,3a,1,2,D14
1N4720,3b,1,2,D14
1N4720,3d,1,2,D14
1N4728,pt,1,1,
1N4728,pu,1,1,
1N4731,11n,1,2,R20 Q11 R16
1N4731,11o,1,2,R20 Q11 R16
1N4734A,9x,1,2,
1N4735,zf,1,1,R11 R12 Q6
1N4735,zf,2,1,R11 R12 Q6
1N4735A,rg,1,1,V113 V116 V112
1N4739,1cb,1,1,D5 D2 D1
1N4739,eo,7,1,
1N4739,h6,1,1,C2
1N4739,iz,1,5,
1N4739,xl,1,1,D1 R9 C5
1N4739,xp,7,1,
1N4739,xq,1,1,D1 R9 C5
1N4739,xr,1,1,D1 R9 C5
1N4739,xs,1,1,D1 R9 C5
1N4739,xt,1,1,D1 R9 C5
1N4739A,ls,1,1,
1N4742,18b,1,1,
1N4742,1fp,1,1,
1N4742,1ip,1,2,ZD1 R26 Q4
1N4742,6v,1,2,D13 R56 D14
1N4742,6w,1,2,D13 R54 D14
1N4742,7b,1,1,C27 C28 C35
1N4742,a9,1,1,R3 D1 C1
1N4742,wb,1,1,R60 T34 C28
1N4742,wc,1,2,R65 T35 R63
1N4742,wc,7,2,
1N4742,wd,1,2,R65 T35 R63
1N4742,wd,7,2,
1N4742,we,1,2,R65 R22 R1
1N4742,wf,1,1,T29
1N4742,wg,1,2,R51 R49 R52
1N4742,wg,7,1,
1N4742,wh,1,2,R56 R54 R57
1N4742,wh,7,2,
1N4742,wi,1,2,R54 R59 D13
1N4742,wj,1,1,R55 R54 C28
1N4742,wk,1,2,R56 R54 R57
1N4742,wk,7,2,
1N4742,wl,1,1,R54 R53 C27
1N4742A,15s,1,1,C5 D8 Q1
1N4742A,15t,1,2,D6 Q7 R31
1N4742A,15v,1,2,D6 R31 Q7
1N4742A,161,1,6,D1 R13 R14
1N4742A,162,1,6,D1 R14 R15
1N4742A,163,1,6,D1 R14 R15
1N4742A,164,1,4,D1 R9 R12
1N4742A,8z,1,2,
1N4742A,90,2,2,
1N4742A,9y,1,2,
1N4742A,h,1,2,D5 R18 D9
1N4742A,ke,2,2,
1N4742A,l,1,2,D5 R18 D9
1N4742A,q,1,2,D5 R18 D9
1N4742A,qa,1,2,
1N4742A,w,1,2,D5 R18 D9
1N4744,p7,1,2,D121 D121 IC111
1N4744A,c,1,2,D1 R1 R4
1N4744A,d,1,2,D1 R1 R4
1N4744A,de,1,2,D7 R28 C18
1N4744A,df,1,2,D7 R28 C19
1N4744A,dg,1,2,D8 R31 R54
1N4744A,dh,1,2,D8 R31 R54
1N4744A,j,1,2,D1 R1 R4
1N4744A,k,1,2,D1 R1 R4
1N4744A,ls,1,1,
1N4744A,q6,1,1,D5 R34 R13
1N4744A,q7,1,2,D5 R34 R19
1N4746,2u,2,1,
1N4746,2w,1,2,C5 C5
1N4746,g2,1,7,ZD2 Q2 R17
1N4746,g2,2,1,D204 R229 R219
1N4748A,17u,1,1,C7 R12
1N4748A,va,1,1,D6 R15 R16
1N4753,9y,1,2,
1N4753,p7,1,4,D316 D316 D315
1N4754A,sf,1,2,D1
1N4756A,2u,4,2,C14 C14 R25
1N4759A,1ae,1,2,D1 C2 D2
1N4759A,1go,1,2,D2 R13 R2
1N4759A,1gp,1,2,D2 R13 R10
1N4759A,h,1,2,D2 C28 R13
1N4759A,l,1,2,D2 C28 R13
1N4759A,q,1,2,D2 C28 R13
1N4759A,w,1,2,D2 C28 Q5
1N4935,cm,1,2,
1N4936,13s,1,2,
1N4936,13t,1,2,
1N4936,14g,1,2,
1N4936,14k,1,2,
1N4937,cm,1,1,
1N5059,1f2,1,2,D2 D1 C3
1N5059,1f3,1,2,D2 D1 C3
1N5060,d4,1,1,D6 C15 R32
1N5060,d5,1,1,D6 C15 R32
1N5060,d6,1,1,D6 C15 R32
1N5225,14f,1,1,
1N5225,bw,1,1,
1N5226B,1b,1,1,
1N5226B,1hs,12,1,
1N5226BTR,2c,1,1,
1N5230B,19,1,2,
1N5230B,1hs,11,2,
1N5231B,53,1,1,
1N5231B,54,1,1,D5 D6 R6
1N5232B,p7,1,2,D114 D114 R175
1N5233,g2,2,1,R213 IC201A R214
1N5233B,g2,1,1,D8 C8 R123
1N5233B,k6,1,1,D1 C104 R108
1N5233B,k7,1,1,D1 C104 R108
1N5233B,k8,1,1,D1 C104 R108
1N5233B,u5,1,1,D1 C104 R108
1N5234BC,1ax,1,2,R42 R33 R40
1N5234BC,ap,1,1,R38 IC46 R42
1N5235B,1cr,1,1,ZD3 Q2 Q14
1N5235B,uo,1,1,ZD3 Q2 Q4
1N5235B,v6,1,1,ZD3 Q2 Q4
1N5239B,7l,1,3,D1 R17 R20
1N5239B,98,2,1,
1N5239B,99,2,1,
1N5239B,bf,16,1,
1N5239B,bg,10,1,
1N5239B,bh,11,1,
1N5239B,bi,11,1,
1N5239B,bj,12,1,
1N5239B,bl,9,1,
1N5240B,1bf,30,1,
1N5242,1bj,1,1,C7 D5 Q1
1N5242B,1hq,14,1,
1N5242B,1hq,15,2,
1N5242B,1hq,16,1,
1N5242B,a,1,1,D1 Q1
1N5242BC,aj,1,1,R60 R37 R44
1N5242BC,ak,1,1,R43 R41 C51
1N5244B,tw,1,2,
1N5244B,tx,1,1,
1N5244B,ty,1,2,
1N5245,13p,1,1,
1N5245,1hu,4,2,R407 D401 Q404
1N5245,1hv,4,2,R407 D401 Q404
1N5245,49,1,4,D5 R15 R3
1N5245,8,1,4,D5 R15 D7
1N5245,ck,1,2,D1 C9 R9
1N5245B,13p,1,2,D6 C11 R10
1N5245B,1ac,1,2,D2 R6 R2
1N5245B,1ad,1,2,D2 R6 R2
1N5245B,1cr,1,2,Q13 R31 R21
1N5245B,6,1,2,R15 C22 C20
1N5245B,7,1,2,R15 C22 C20
1N5245B,i7,1,2,D701 R701 R701
1N5245B,i8,1,2,D701 R701 R701
1N5245B,uo,1,2,Q13 R31 C20
1N5245B,v6,1,2,Q13 R31 C20
1N5245BC,1ax,1,2,R24 R102 R27
1N5245BC,ak,1,1,R19 R102 R27
1N5246,12w,1,2,D3 D6 C2
1N5248B,13p,1,3,D2 R40 R1
1N5248B,1hr,4,1,R406 C402 R407
1N5248B,1hr,5,1,R506 C502 R507
1N5248B,1ht,4,1,R406 C402 R407
1N5248B,1ht,5,1,R506 C502 R507
1N5250B,2s,1,6,U1 U1 Q4
1N5256,g2,2,1,R208 C201 D206
1N5256B,1hs,10,2,
1N5260B,ly,1,1,VR1 R3 J7
1N5314,19,1,2,
1N5314,1b,1,1,
1N5314,1hq,14,1,
1N5314,1hq,15,2,
1N5314,1hq,16,1,
1N5314,1hr,4,1,D401 R406 Q403
1N5314,1hr,5,1,D501 R506 Q503
1N5314,1hs,10,2,
1N5314,1hs,11,2,
1N5314,1hs,12,1,
1N5314,1ht,4,1,D401 R406 Q403
1N5314,1ht,5,1,D501 R506 Q503
1N5314,g5,1,1,
1N5341,175,1,1,D6 IC1 R6
1N5341,2r,1,1,D7 D6 IC1
1N5352,2x,3,1,V5 V6
1N5352,2x,4,1,V9 V10
1N5352,2y,3,1,V5 V6
1N5352,2y,4,1,V9 V10
1N5373B,dm,1,2,C19 R17 C20
1N5378B,sa,1,1,R6 C3 D2
1N5383,1es,1,1,
1N5388,1es,1,1,
1N5400,197,1,2,
1N5400,198,1,2,
1N5400,1k4,1,2,C23 D1 D5
1N5400,4t,1,2,C22 D1 C21
1N5400,9l,6,4,C3 D1 D2
1N5401,4f,1,2,D7 D8 R20
1N5401,g2,1,1,D207 Q211 R242
1N5401,p0,1,2,D1 D3 C1
1N5401,p1,1,2,D1 D2 C1
1N5402,fs,1,12,
1N5404,1ca,1,2,
1N5404,sb,1,1,D7 C10 P3
1N5408,132,1,4,D2 D4 R5
1N5408,133,1,4,D2 D3 D4
1N5408,134,1,4,D2 D3 D4
1N5408,1d0,1,4,
1N5408,4t,1,2,C22 D1 D2
1N5408,qu,1,1,
1N5408,qv,1,1,
1N5408,s0,1,3,D4 R3 C6
1N5408,sn,8,4,
1N5408,sn,26,4,D12 R81 D14
1N5408,zx,1,2,D2 U9 R5
1N5408RLG,qu,1,1,
1N5408RLG,qv,1,1,
1N5621,1k1,1,2,TR11 R25 R78
1N5621,1k2,1,2,
1N5711,de,1,1,D12 LED1 D11
1N5711,df,1,1,D12 LED1 D11
1N5711,dg,1,2,D11 LED1 Q10
1N5711,dh,1,2,D11 LED1 Q10
1N5711,h,1,1,V1A V1B D7
1N5711,hz,1,2,D6 D5 R7
1N5711,l,1,1,Q12 Q13 D7
1N5711,q,1,1,Q12 Q13 D7
1N5711,w,1,1,D7 Q12 Q13
1N5811,h,1,1,D7 V1A V1B
1N5811,q,1,1,D7 Q12 Q13
1N5811,w,1,1,D7 Q12 Q13
1N5817,1gu,1,2,D7 D8 R5
1N5817,1gv,1,2,D7 D8 Q101
1N5817,1v,1,1,R12 R16
1N5817,1v,2,1,R16
1N5817,y9,1,1,D2 D1
1N5818,p7,1,4,D332 D332 R315
1N5819,104,1,1,D1
1N5819,105,1,1,
1N5819,106,1,1,
1N5819,108,1,2,D1 Q1 R1
1N5819,109,1,2,D1 Q1 R1
1N5819,12w,1,2,D9 R4
1N5819,1aj,1,7,
1N5819,1ak,1,6,
1N5819,1gt,1,1,
1N5819,1gz,1,4,D7 R11 Q5
1N5819,1h0,1,4,D7 R11 Q5
1N5819,1h1,1,10,D7 R11 Q5
1N5819,b9,14,4,D8 R16 C39
1N5819,b9,16,2,D7 R11 Q5
1N5819,cn,1,6,
1N5819,co,1,6,
1N5819,cq,1,5,D10 R1 Q3
1N5819,cr,1,5,D10 R1 Q3
1N5819,fx,1,4,R15 D7 Q6
1N5819,mp,1,3,D4 C10 S2
1N5819,p7,1,2,D311 D311 R338
1N5819,pa,1,2,D1 C8 Q10
1N5819,pb,1,2,D1 C10 Q10
1N5819,pc,1,2,D1 C8 Q10
1N5819,w1,1,1,D1 IC1 D3
1N5819,w2,1,1,P2
1N5819,w3,1,1,D1 IC1 D5
1N5819,w4,1,1,D1
1N5819,wb,1,2,C29 C31 C33
1N5819,wc,1,2,D12 C29 R56
1N5819,wc,7,1,
1N5819,wd,1,2,D12 C29 R56
1N5819,wd,7,1,
1N5819,wg,1,2,D13 C29 C31
1N5819,wg,7,2,C39
1N5819,wh,1,2,D14 C29 C31
1N5819,wh,7,1,
1N5819,wk,1,2,D14 C29 C31
1N5819,wk,7,1,
1N5819,z9,1,1,D8 IC2 L5
1N5822,18l,1,1,
1N5822,18m,1,1,
1N5822,18n,1,1,
1N5822,18o,1,1,
1N6013B,38,1,1,
1N6401,oz,1,2,D1 D3 C1
1N6711,de,1,1,D11 LED1 Q10
1N6711,df,1,1,D11 LED1 Q10
1N750,1c3,1,1,D1 Q19 Q14
1N750,if,1,1,D1 C8 R5
1N750A,5y,1,1,V122 R123 C122
1N9004,1fx,1,1,
1N914,10m,1,1,D11 R47 V1
1N914,10r,1,1,D18 Q17 Q5
1N914,1a9,1,2,D101 D102 R102
1N914,1b7,1,2,D101 Q101 C103
1N914,1ca,1,2,
1N914,1cb,1,1,D1 D2 R9
1N914,1es,1,2,
1N914,1fx,1,1,
1N914,1fy,1,2,D1 R16 D2
1N914,1iw,1,6,D5 R5 D6
1N914,1ix,1,6,D5 R5 D6
1N914,2d,1,12,D113 R101 D111
1N914,2d,2,8,D2 Q5 D1
1N914,2d,3,4,D113 R101 D111
1N914,2e,1,12,D113 R101 D111
1N914,2e,2,8,D2 Q5 D1
1N914,2e,3,4,D113 R101 D111
1N914,ac,1,2,D7 R8 Q1
1N914,b0,4,2,
1N914,dm,1,2,R3 R30 C21
1N914,eq,2,1,D1 Q2 Q1
1N914,fy,1,1,
1N914,jo,1,2,
1N914,kl,1,4,D5 D6 D3
1N914,y9,1,1,D1
1N916A,j0,1,9,D7 R24 R26
1N917,1bg,1,3,D2 D3 U2B
1N917,1bh,1,4,D8 R9 U4
1N917,1bi,1,4,D8 R9 U4
1PS70SB84,57,1,4,D3 R23 R33
1PS70SB84,58,1,3,D3 R23 R33
1PS70SB84,gm,1,4,D5 R20 D6
1U5,10i,1,1,L1 R22 C22
1U5,10j,1,1,L1 R29 R26
1U5,10k,1,1,L1 R22 C22
1U5,10n,1,1,L1 R29 C2
1U5,10s,1,1,L1 R22 C22
1U5,14w,1,2,C14 C16 VT15
1U5,2d,1,1,L1 R127 R126B
1U5,2d,3,1,L1 R127 R126B
1U5,2e,1,1,L1 R127 R126B
1U5,2e,3,1,L1 R127 R126B
1U5,3h,1,1,L1 R133 R132B
1U5,7e,1,2,C10 R25 R29
1U5,wo,1,1,L1 R31 C35
1X2,2v,2,8,R2 R2 C2
212E,1d6,4,1,
24C02,1a4,1,1,
24C02,1a5,1,1,T1 T0
2A3,1an,1,2,
2A3,1d6,4,1,
2A3,1gr,1,1,R23
2A3,28,1,2,
2A3,29,1,4,
2A3,2a,1,1,
2A3,2a,2,2,
2A3,2b,1,3,
2A3,vo,1,1,
2C50,vh,8,1,
2K26,1j2,1,2,R1 C3 C1
2N104,q1,2,1,R2
2N104,q1,3,1,
2N109,q1,2,3,R12 R10 Q7
2N109,q1,3,1,
2N1711,1gy,3,1,C4
2N2222,14j,1,2,Q3 Q4 C28
2N2222,18m,1,2,
2N2222,18n,1,2,
2N2222,18o,1,2,
2N2222,1io,1,18,T1 D1 T2
2N2222,3o,1,2,
2N2222,aw,1,1,Q1 R4 R5
2N2222,e9,1,3,Q1 C21 R40
2N2222,ea,1,3,Q3 R42 R43
2N2222,eb,1,2,Q1 C21 R18
2N2222,ev,9,1,Q5 Q1 R6
2N2222,ht,1,1,Q3 R12 R17
2N2222,ig,1,1,Q3 D13 R6
2N2222,u1,1,3,Q7 R14 R12
2N2222,ze,1,1,U6
2N2222A,1cl,1,4,
2N2222A,e8,1,2,Q1 R12 R13
2N2608,v1,2,1,
2N2907,4k,1,1,Q2
2N2907,aw,1,1,Q2 Q3
2N2907,e9,1,3,Q2 C21 R39
2N2907,ea,1,3,Q4 R61 R63
2N2907,eb,1,1,Q2 U2A C20
2N2907,ev,9,1,Q6 R5 Q4
2N2907,ht,1,1,Q2 R11 R16
2N2907,u1,1,5,Q6 R13 R11
2N2907A,15m,1,4,Q4 R42 R38
2N2907A,1cl,1,5,
2N2907A,e8,1,1,Q2 R13 R18
2N2926,8e,2,1,
2N3053,4k,1,1,Q1 Q2
2N3055,14q,1,1,Q11 C6 R18
2N3055,18r,4,2,Q615 C631 R993
2N3055,1gy,1,1,R26 R27
2N3055,1gy,3,2,C6
2N3055,4k,1,1,Q3 C3 R1
2N3055,9y,1,2,
2N3055,aw,1,1,Q3
2N3055,ug,2,1,
2N306C,5p,1,1,Q1 R15 Q2
2N3306C,5q,1,1,Q1
2N3369,cl,1,1,
2N3369,us,2,2,
2N3369,v1,2,1,
2N3439,12y,1,2,T14 D5 R30
2N3439,pp,1,2,T14 D5 R30
2N3440,9y,1,2,
2N3440,ol,2,1,
2N3616,185,1,2,Q5 R5
2N3705,41,1,1,
2N3705,42,1,2,
2N3773,15k,1,2,
2N3773,6p,1,8,
2N3773,9s,1,2,T8 L1 C12
2N3773,ub,1,2,L1 C11 R37
2N3818,v4,1,1,J3 R12 Q6
2N3819,ca,1,4,Q2 Q1 R5
2N3819,v3,1,1,J3 Q5 R39
2N3853,4k,1,1,R5 C4
2N3903,41,1,1,
2N3903,42,1,1,
2N3904,11,1,1,Q13 C2 Q4
2N3904,11a,1,1,Q1 R9
2N3904,12f,1,11,Q3 R33 D11
2N3904,12i,1,6,Q16 D4 D3
2N3904,12j,1,8,Q14 R4 Q8
2N3904,12z,1,8,Q14 R4 Q8
2N3904,13z,1,7,Q14 R4 R6
2N3904,14b,1,8,Q14 R4 Q4
2N3904,14c,1,6,Q4 R6 R8
2N3904,14d,1,6,Q4 R6 R8
2N3904,17d,1,1,Q1 Q2 U4A
2N3904,19q,1,5,Q1 R16
2N3904,1bq,1,11,Q15 R91 C33
2N3904,1br,1,9,Q3 D14 R33
2N3904,1gt,1,1,Q1 R3 R6
2N3904,1hz,1,9,Q3 D14 R33
2N3904,1o,1,6,Q12 Q9 D2
2N3904,1p,1,6,Q12 Q9 D2
2N3904,1q,1,6,Q12 Q9 D2
2N3904,1r,1,6,Q12 Q9 D2
2N3904,1s,1,6,Q12 Q9 D2
2N3904,23,1,1,Q18 C23 R55
2N3904,4z,1,4,Q1 R18 R22
2N3904,6i,1,5,VT8 VT7 R16
2N3904,6j,1,8,Q3 D14 R34
2N3904,8q,1,1,Q1 R20 VR1
2N3904,9x,1,6,
2N3904,ah,1,1,Q1 R3 R6
2N3904,av,1,1,Q3 R24 Q2
2N3904,e3,1,3,Q1 SW2 C2
2N3904,fd,1,3,R14 R13 C4
2N3904,fy,1,5,Q5 C5 Q4
2N3904,j5,1,10,Q3 D14 R33
2N3904,m8,1,5,Q1 R16 D1
2N3904,m9,1,5,Q6 R40
2N3904,rl,1,3,Q1 R2 R1
2N3904,t0,1,10,Q4 R73 C11
2N3904C,5p,1,2,Q14
2N3904C,5q,1,1,Q15 R18 Q13
2N3906,11,1,1,Q14 D6 R35
2N3906,12i,1,11,Q3 R13 R17
2N3906,12j,1,8,Q3 R10 R5
2N3906,12z,1,9,Q3 R5 R17
2N3906,13z,1,9,Q3 R13 R17
2N3906,14b,1,9,Q3 R5 R17
2N3906,15s,1,1,LED1 Q2 D7
2N3906,17d,1,1,Q2 Q1
2N3906,1ab,16,1,C2 R5 R3
2N3906,1gt,1,1,Q2 R4 R6
2N3906,1o,1,4,Q6 R4 C7
2N3906,1p,1,4,Q6 R4 C7
2N3906,1q,1,4,Q6 R4 C7
2N3906,1r,1,4,Q6 R4 C7
2N3906,1s,1,4,Q6 R4 C7
2N3906,6i,1,2,C11 R20 VT10
2N3906,ah,1,1,Q2 R4 R6
2N3906,av,1,1,Q2 R24 Q3
2N3906,b3,1,1,Q5
2N3906,fd,1,1,Q5 R23 R24
2N3906C,5p,1,1,Q2 R16 Q1
2N3906C,5q,1,1,Q2
2N3955,65,1,1,Q1 R32 C1
2N4058,1fl,5,1,
2N4123,41,1,1,
2N4123,42,1,1,
2N4124,fy,1,1,
2N4126,17d,1,1,
2N4250,1k7,1,2,Q6 Q7 C1
2N4250,72,5,1,
2N4250,72,6,1,
2N4250,ie,1,1,Q2
2N4302,1fl,2,6,R1 R1
2N4302,1fl,4,1,
2N4393,10j,1,2,R5 J1 Q21
2N4393,10n,1,2,R5 J1 Q21
2N4393,ht,1,1,J4 R16 Q2
2N4393,u1,1,2,J2 R2 J1
2N4401,157,1,2,Q12 R23 Q13
2N4401,17w,1,1,Q16 R76 R78
2N4401,17x,1,1,Q19 R98 R96
2N4401,18a,1,1,Q2 R28 R25
2N4401,8y,13,1,Q1 J1 R3
2N4401,bf,1,1,
2N4401,bf,7,2,
2N4401,bh,1,1,
2N4401,bh,5,2,
2N4401,bh,11,1,
2N4401,bj,1,1,
2N4401,bj,6,2,
2N4401,bl,1,1,
2N4401,bl,5,2,
2N4401,eh,1,1,
2N4401,gn,1,1,R1 C12 R3
2N4401,go,1,1,Q2 R1 J1
2N4401,l1,2,2,Q5 Q4 Q6
2N4401,ut,1,4,
2N4401,uu,1,4,
2N4401,uw,1,3,
2N4403,110,5,1,
2N4403,157,1,2,Q10 D1 R19
2N4403,17w,1,1,Q17 R80 R82
2N4403,17x,1,1,Q18 R94 R92
2N4403,17y,1,2,Q2 R7 R9
2N4403,18a,1,1,Q1 R24 R25
2N4403,8y,13,1,Q2 R6 R5
2N4403,eh,1,1,
2N4403,hx,1,2,Q6
2N4403,hy,1,2,Q6
2N4403,l1,2,1,Q12 Q13 Q10
2N4403,ut,1,4,
2N4403,uu,1,4,
2N4403,uw,1,3,
2N4403TA,110,5,1,
2N4403TA,180,1,1,R25 R24 C21
2N4403TA,181,1,1,C22 C21 R25
2N4918,4k,1,1,
2N4921,4k,1,1,
2N5087,l1,2,1,Q8 R19 Q7
2N5088,fy,1,1,
2N5114,ht,1,1,J5 R9 Q3
2N5195,lv,1,1,Q3 D6 R36
2N5210,10v,1,1,Q6 R10 Q5
2N5210,10w,1,1,Q6 R10 D4
2N5210,km,1,5,Q5 R34 R29
2N5210,kn,1,5,Q5 R37 R32
2N5210,l1,2,1,Q15 R24 Q141
2N5210C,10v,1,3,Q10 Q9 C6
2N5210C,10w,1,3,Q10 Q9 C6
2N540,14f,1,1,
2N540,8g,1,2,
2N5400,oy,1,2,R2 Q1
2N5400,p0,1,2,R14 Q3 Q4
2N5400,p1,1,2,Q3 R15 R7
2N5400,p2,1,2,R15 Q3 Q4
2N5400,xe,1,2,Q6 R2 Q5
2N5401,1,1,2,R33 T32 D35
2N5401,10u,3,1,
2N5401,11n,1,5,Q13 R24 Q14
2N5401,11o,1,5,Q13 R24 Q14
2N5401,11v,1,4,Q1 R7 R10
2N5401,11w,1,1,Q31 R39 D31
2N5401,11x,1,1,Q31 R39 D31
2N5401,12e,1,10,Q1 R1 D1
2N5401,12q,1,6,
2N5401,12w,1,1,Q3 C1 R9
2N5401,13s,1,5,
2N5401,13t,1,6,
2N5401,13u,1,7,
2N5401,14f,1,6,
2N5401,14g,1,7,
2N5401,14h,1,6,
2N5401,14i,1,5,
2N5401,14k,1,7,
2N5401,14v,1,3,T2 R28 R9
2N5401,15d,1,5,Q4 R7 R8
2N5401,15h,1,1,
2N5401,16g,1,4,R28 Q2
2N5401,16h,1,4,R28 Q2
2N5401,16m,1,3,T5 R10 C18
2N5401,174,1,11,Q7 Q9 VR1
2N5401,18b,1,1,
2N5401,1ar,1,3,Q8 R6 R10
2N5401,1bp,2,2,Q22 R213 Q23
2N5401,1cl,1,5,
2N5401,1cm,1,2,
2N5401,1cp,1,6,R29 R30 R33
2N5401,1cq,6,6,C19 C18 C16
2N5401,1cr,1,4,R33 Q10 C22
2N5401,1f9,1,1,
2N5401,1fi,1,3,T8 T6 R17
2N5401,1fp,1,1,
2N5401,1gi,1,3,C10 C11 Q1
2N5401,1go,1,3,R18 Q10 C4
2N5401,1gp,1,3,R18 Q10 C4
2N5401,1i,1,1,Q6 C7 R12
2N5401,1i0,1,1,
2N5401,1jh,3,2,Q8 C17 D4
2N5401,22,1,3,Q11 R2
2N5401,2c,1,1,
2N5401,3,1,5,Q21
2N5401,4a,1,3,LED1
2N5401,4b,1,3,Q7
2N5401,4t,1,1,Q8 Q7 Q9
2N5401,6f,1,6,Q18
2N5401,6k,1,2,
2N5401,6q,1,1,
2N5401,6r,1,2,
2N5401,6x,1,2,Q4 R18 C7
2N5401,6y,1,2,Q4 R18 C7
2N5401,7y,1,1,Q2 Q1 C2
2N5401,8g,1,1,
2N5401,8y,14,1,J2 J1 R8
2N5401,8y,15,1,Q12 R18 Q10
2N5401,9s,1,2,T1 D1 C9
2N5401,a4,3,2,Q8 Q7 C2
2N5401,ae,1,2,Q3 R15 C8
2N5401,af,1,2,Q4 C6 C28
2N5401,ag,1,2,Q3 R15 C8
2N5401,b8,1,1,
2N5401,b9,4,1,
2N5401,bw,1,7,
2N5401,c,1,1,Q3 C6 Q4
2N5401,cq,1,1,Q1 R26 D9
2N5401,cr,1,1,Q1 R26 R28
2N5401,d,1,1,Q3 C6 Q4
2N5401,d1,1,1,Q33 R125 R68
2N5401,d3,1,1,Q33 R125 R68
2N5401,dy,1,2,
2N5401,dz,1,2,
2N5401,e2,1,3,Q3 C4 R7
2N5401,fd,2,8,Q36 R29 R32
2N5401,fd,3,8,Q21 R61 R64
2N5401,fj,2,1,R30 R29
2N5401,fk,1,4,
2N5401,fl,1,4,
2N5401,fm,1,4,
2N5401,fu,1,1,
2N5401,fw,1,2,Q2 R7 R12
2N5401,gg,1,2,T1 R3 R7
2N5401,i7,1,12,Q301 R301 R302
2N5401,i8,1,12,Q301 R301 R302
2N5401,i9,1,11,Q301 R301 C102
2N5401,ia,1,11,Q301 R301 C102
2N5401,ib,1,11,Q301 R301 C102
2N5401,iy,1,3,Q22 R41 R43
2N5401,j,1,1,Q3 C6 Q4
2N5401,j0,1,3,Q7 R20 R24
2N5401,j6,1,1,Q10 Q9 R5
2N5401,j7,1,1,Q10 Q9 R5
2N5401,jp,1,2,
2N5401,k,1,1,Q3 C6 Q4
2N5401,kd,1,2,
2N5401,l3,1,2,Q4 R13 Q3
2N5401,l9,1,2,Q1 R10 D7
2N5401,m3,1,1,C16 C2
2N5401,no,1,4,Q1 R3 R7
2N5401,np,1,3,Q1 R3 R4
2N5401,pe,1,3,Q10 R20 C15
2N5401,q7,1,1,R2 Q7 R19
2N5401,qc,1,2,
2N5401,qd,1,2,
2N5401,s9,1,1,Q1 R4
2N5401,sd,1,1,Q3 Q26 D6
2N5401,se,1,6,Q11 R11 R8
2N5401,u8,1,2,Q5 R12 R29
2N5401,uo,1,7,Q10 R29 Q9
2N5401,v6,1,7,Q10 R29 Q9
2N5401,wb,1,2,T1 R8 R10
2N5401,wc,1,5,T1 R8 R1
2N5401,wc,7,1,
2N5401,wk,1,2,T7 C14 R15
2N5401,wk,7,1,
2N5401,z,1,2,Q1 Q2 C14
2N5401,zs,1,3,T4 R5 R6
2N5401C,178,1,1,Q14 R18 R35
2N5401C,1ew,2,1,Q43 D34 C55
2N5401C,1ex,2,1,Q43 D34 C55
2N5401C,1gz,1,12,Q1 R10 Q5
2N5401C,1gz,2,1,Q9 R4 R3
2N5401C,1h0,1,12,Q1 R10 Q5
2N5401C,1h0,2,1,Q9 R4 R3
2N5401C,1h1,1,15,Q25 R9 R64
2N5401C,1h1,2,1,Q9 R4 R3
2N5401C,1j,1,1,Q41 R40 C19
2N5401C,5p,1,4,Q6 R10 R9
2N5401C,5q,1,1,Q10
2N5401C,5x,1,3,Q1 R1 Q3
2N5401C,7k,1,3,Q3 C4 R3
2N5401C,8h,1,5,Q11 R18 C8
2N5401C,b9,14,8,Q1 R10 D3
2N5401C,b9,16,12,Q27 R85 R83
2N5401C,ck,1,1,Q10 Q8 Q12
2N5401C,cq,1,2,Q6 R52 C36
2N5401C,cr,1,2,Q6 R52 C36
2N5401C,dd,1,1,Q9 R4 R3
2N5401C,dm,1,1,Q5 C14 R34
2N5401C,fx,1,9,Q19 Q20 R9
2N5401G,fj,2,1,
2N5415,1fx,1,1,
2N5416,12y,1,1,T15 R31 T17
2N5416,pp,1,2,T12 R23 R17
2N543,1cm,1,1,
2N5457,1af,1,2,R2 J2 R5
2N5457,1ag,1,2,R2 J2 R5
2N5457,1fl,2,2,R1
2N5457,1fl,3,1,
2N5458,hw,1,2,
2N5461,1hg,2,2,
2N5462,qh,1,1,J1 R4 C5
2N5462,qi,1,1,J1 R4 C5
2N5486,1ah,1,2,R2 J2 R5
2N551,190,1,1,R4 R72 L10
2N551,191,1,1,D4 R72
2N555,1cm,1,1,V4 C2
2N555,j0,1,1,Q9 R28 R20
2N5550,107,3,1,C16 C15 T8
2N5550,107,7,1,
2N5550,12e,1,10,Q14 C2 Q15
2N5550,1fi,1,2,T4 T9 R14
2N5550,a4,3,2,Q5 Q6 R5
2N5550,a4,4,1,Q1 C3 C1
2N5550,c6,1,2,Q7 Q3 R12
2N5550,fd,2,8,R30 R27 C34
2N5550,fd,3,8,R62 R59 C66
2N5550,m3,1,1,C15
2N5550,no,1,2,Q9 Q8 R21
2N5550,oy,1,1,Q3
2N5550,p0,1,2,Q5 R11 C5
2N5550,p1,1,2,Q5 R11 C5
2N5550,p2,1,2,Q5 R11 R16
2N5550,q3,7,1,Q9 C2 C15
2N5550,u8,1,1,Q7 R1 R21
2N5550,xe,1,1,Q4 Q3 Q2
2N5551,10u,3,1,
2N5551,11n,1,5,Q16 R27 R25
2N5551,11o,1,5,Q16 R27 R25
2N5551,11v,1,2,Q2 ZD1 R3
2N5551,11w,1,1,Q32 R38 D30
2N5551,11x,1,1,Q32 R38 D30
2N5551,12q,1,4,
2N5551,12w,1,1,Q4 R10 C5
2N5551,13s,1,3,R330
2N5551,13t,1,4,
2N5551,13u,1,4,
2N5551,14f,1,5,C100
2N5551,14g,1,5,
2N5551,14h,1,4,
2N5551,14i,1,4,
2N5551,14k,1,5,
2N5551,14v,1,2,T4 T5 IC1
2N5551,15d,1,4,Q15 D2 Q7
2N5551,15h,1,2,
2N5551,15t,1,6,Q7 R31 D6
2N5551,15v,1,6,Q7 R31 R33
2N5551,16g,1,3,R18 Q6 Q8
2N5551,16h,1,3,R18 Q6 Q8
2N5551,16m,1,3,T1 T2 R1
2N5551,174,1,11,Q1 R9 C3
2N5551,1c3,1,2,Q10
2N5551,1cl,1,1,
2N5551,1cm,1,1,
2N5551,1cp,1,7,Q18 R40 R12
2N5551,1cq,6,7,R22 R27 R26
2N5551,1cr,1,5,Q13 R21 R24
2N5551,1di,1,1,
2N5551,1f9,1,1,
2N5551,1gi,1,1,R6 Q6 R35
2N5551,1go,1,8,R88 Q5 R9
2N5551,1gp,1,8,R8 Q5 R9
2N5551,1h1,2,2,Q4 R13 R19
2N5551,1hi,1,3,Q3 R18 D4
2N5551,1i0,1,1,
2N5551,1jh,3,2,Q5 C15 C22
2N5551,22,1,1,Q13 R10 R15
2N5551,2c,1,1,
2N5551,3,1,4,Q17
2N5551,4a,1,3,
2N5551,4b,1,5,Q1 R2 R2
2N5551,4t,1,1,Q7 Q6 Q8
2N5551,5n,1,5,Q12 R14 D14
2N5551,6f,1,4,Q17 U1
2N5551,6k,1,1,
2N5551,6s,1,2,
2N5551,6t,1,2,
2N5551,6u,1,2,
2N5551,8g,1,2,
2N5551,8y,14,1,J2 J1 R8
2N5551,8y,15,1,Q12 R18 Q10
2N5551,8z,1,1,
2N5551,90,2,2,
2N5551,9s,1,1,R3 D2 D3
2N5551,ae,1,3,Q18 VR1 R35
2N5551,af,1,3,Q5 C27 Q11
2N5551,ag,1,3,Q18 VR1 Q11
2N5551,ar,1,2,Q1 Q6
2N5551,as,1,2,Q1 Q6
2N5551,ax,1,1,C1 R4 U4
2N5551,b9,4,1,
2N5551,bw,1,4,
2N5551,c,1,1,Q12 C18 R22
2N5551,d,1,1,Q12 C18 R22
2N5551,d1,1,1,Q30 R59 R108
2N5551,d2,1,1,P59 P109 R116
2N5551,d3,1,1,Q30 R59 R108
2N5551,dy,1,2,
2N5551,dz,1,2,
2N5551,e2,1,2,Q16 R31 D6
2N5551,fj,2,1,T4
2N5551,fk,1,3,
2N5551,fl,1,3,
2N5551,fm,1,3,
2N5551,fv,1,2,Q3 R8 C6
2N5551,fw,1,3,Q5 Q4 C14
2N5551,gg,1,2,R12 T3 R7
2N5551,i7,1,9,Q104 Q106A D102
2N5551,i8,1,9,Q104 Q106A D102
2N5551,i9,1,9,Q104 Q106A D102
2N5551,ia,1,9,Q104 Q106A D102
2N5551,ib,1,10,Q104 Q106A D102
2N5551,iy,1,3,Q21 R40 C25
2N5551,j0,1,3,Q12 Q14 R26
2N5551,ja,1,1,Q2 C3
2N5551,jb,1,1,Q2 C3
2N5551,jp,1,2,
2N5551,kd,1,1,
2N5551,ke,2,2,
2N5551,l3,1,2,Q7 R26 R16
2N5551,np,1,1,Q5 R18 C8
2N5551,pe,1,3,Q4 C8 C7
2N5551,q3,5,1,
2N5551,q7,1,1,R2 R29 Q9
2N5551,qa,1,1,
2N5551,qc,1,2,
2N5551,qd,1,2,
2N5551,sd,1,1,Q4 Q25 R24
2N5551,se,1,6,Q4 Q25 R24
2N5551,uo,1,7,Q13 R21 R24
2N5551,v6,1,7,Q13 R21 R24
2N5551,wc,1,3,T2 T5 R10
2N5551,wc,7,1,
2N5551,wk,1,3,T1 D2 C1
2N5551,wk,7,1,
2N5551C,178,1,1,Q15 R33 R39
2N5551C,1ew,2,4,Q44 D33 C54
2N5551C,1ew,3,1,Q4 D29 R13
2N5551C,1ew,5,3,Q45 D47 D48
2N5551C,1ex,2,1,Q44 D33 C54
2N5551C,1ex,4,3,Q45 D47 D48
2N5551C,1gz,1,4,Q9 R4 R34
2N5551C,1gz,2,5,Q2 R5 Q1
2N5551C,1h0,1,4,Q9 R4 R34
2N5551C,1h0,2,5,Q2 R5 Q1
2N5551C,1h1,1,5,Q12 R5 R1
2N5551C,1h1,2,5,Q8 R3 R23
2N5551C,1j,1,1,C20 R79 D13
2N5551C,5p,1,5,Q9 R23 D4
2N5551C,5q,1,4,Q9 D4
2N5551C,8h,1,5,Q7 C5 C9
2N5551C,au,1,1,Q1
2N5551C,b9,12,2,Q28 R79 D33
2N5551C,b9,14,2,Q9 Q11 D21
2N5551C,b9,16,10,Q32 Q31 R90
2N5551C,ck,1,1,Q9 Q11 Q7
2N5551C,cq,1,1,Q7 R57 D22
2N5551C,cr,1,1,Q7 R57 D22
2N5551C,dd,1,5,Q2 R5 Q1
2N5551C,fx,1,3,Q16 Q14 R5
2N5551C,l4,1,1,T3 R15 C9
2N5551C,qh,1,1,Q1 D8 R3
2N5551C,qi,1,1,Q1 D8 R3
2N5551G,fj,2,1,
2N5554,lj,1,1,R19 R9 R35
2N5564,12l,1,1,T1 VR2 R21
2N5564,12m,1,1,T1 VR2 R21
2N5564,lj,1,1,
2N5565,12l,1,1,T1 VR2 R21
2N5565,12m,1,1,T1 VR2 R21
2N5565,1aq,1,2,R3 J1 R20
2N5565,1ar,1,2,J1 S2 D2
2N5565,6e,1,1,T1 R6 R4
2N5565,ar,1,1,R43 Q1
2N5565,as,1,1,R43 Q1
2N5565,k4,1,1,T1 R4 R3
2N5565,k5,1,1,T1 R4 R3
2N5565,k6,1,1,T1 R5 C1
2N5565,k7,1,1,T1 R3 R4
2N5565,k8,1,1,T1 R3 R5
2N5565,u5,1,1,T1 R3 R5
2N5566,1a9,1,2,J201 R203 R220
2N5566,1k7,1,1,Q1 Q2 Q11
2N5651,1cl,1,3,
2N5661,1cl,1,1,
2N5771,17d,1,1,
2N5876,1fx,1,1,
2N5878,1fx,1,1,
2N6121,r4,19,1,
2N6400,oz,1,2,R14 Q3 Q4
2N6401,p9,1,1,
2N6426,2x,2,2,Q2 Q1
2N6426,2y,2,2,Q2 Q1
2N6426,zf,1,1,Q12 R18 R20
2N6426,zf,2,1,Q12 R18 R20
2N6517,2w,1,4,Q2 Q2 Q1
2N6520,2w,1,4,Q5 Q5 Q4
2N7000,101,1,1,Q4 R13 R14
2N7000,17r,1,1,Q1 ZD6 R12
2N7000,18s,2,2,SW3
2N7000,18s,4,1,
2N7000,1a3,1,1,
2N7000,1a4,1,1,
2N7000,1a5,1,4,Q1 Q2 Q3
2N7000,1ab,6,1,Q1 ZD4 R15
2N7000,1ab,25,2,Q6 R14 RV1
2N7000,1gt,1,1,
2N7000,ah,1,1,
2N7000,kv,1,2,T2 C3
2N7000,r7,1,1,C11 R14 R24
2N7000,xv,1,1,
2N7000,z9,3,2,Q8 C76 R68
2N7000,z9,5,1,Q10 R85 R83
2N7000,z9,7,1,Q11 R92 R94
2N7000,z9,9,1,Q14 R109 D24
2N7000G,13p,1,1,
2N7000G,16y,1,2,Q2 R14 C10
2N7000G,17c,1,1,Q2 C10 C9
2N7002,189,1,1,Q1 D3 R1
2N7002,18f,1,1,Q1 D3 R1
2N7002,1e7,1,3,Q1 D2 R18
2N7002,1g6,2,2,V271 V272 R273
2N7002,1gt,1,3,
2N7002,3e,3,2,Q3 R2 C2
2N7002,4m,6,3,Q20 R117 R122
2N7002,ah,1,3,
2N7002,cv,1,1,Q8 D3 C4
2N7002,j3,1,5,Q9 R70 R71
2N7002,j3,2,1,Q13 R85 R86
2N7002,j4,1,4,Q9 R70 R71
2N7002P,117,1,2,
2N7002P,118,1,1,Q1 C6 C5
2SA070,1fn,1,4,
2SA1011,xe,1,1,Q8 R9 C5
2SA1015,us,1,1,
2SA1020,1ew,1,2,Q2 R3 R6
2SA1020,1ex,1,2,Q2 R3 R6
2SA1020,1gz,1,4,Q5 Q1 R11
2SA1020,1h0,1,4,Q5 Q1 R11
2SA1020,1h1,1,4,Q5 Q1 D7
2SA1020,b9,14,2,Q7 Q3 R46
2SA1020,b9,16,2,Q7 Q3 D22
2SA1085,84,1,1,T4 R12
2SA1145,2f,1,2,
2SA1145,2f,2,1,
2SA1145,2f,3,1,
2SA1145,2j,1,1,
2SA1145,o9,1,1,T102 C112 R104
2SA1145,oa,1,2,T1 C3 T2
2SA1145,ob,1,2,T1 T2 C99
2SA1145,od,1,1,Q4 C6 C7
2SA1162,j4,1,2,Q4 D10 R21
2SA1175,1he,1,5,VT14 R19 R24
2SA1186,2g,1,1,
2SA1186,2k,1,1,
2SA1209,16a,1,1,Q7 R15 R17
2SA1209,1ct,1,2,Q7 R43 Q8
2SA1209,1cu,1,1,R27 Q8 Q7
2SA1209,1cv,1,1,Q7 R15 R17
2SA1209,1hg,1,4,Q8 Q2 Q6
2SA1209,la,4,1,
2SA1209,rb,3,1,Q29 C8 C12
2SA1216,12a,1,2,
2SA1216,12b,1,3,
2SA1216,1ax,1,2,V6 C1 R10
2SA1216,84,1,1,T4 C1 R2
2SA1216,8t,1,1,Q12 C21 R25
2SA1216,ak,1,2,R57 R56 R58
2SA1216,ap,1,1,C47
2SA1216,fh,1,1,Q12 C21 R25
2SA1216,fh,4,1,
2SA1216,fi,1,1,Q12 C21 R25
2SA1216,fn,1,1,
2SA1216,fo,1,1,Q12 C21 R25
2SA1216,rb,1,1,
2SA1216,rb,3,3,Q30 Q13 R71
2SA1216TEM,aj,1,1,Q30 R74 R38
2SA1220,16m,1,1,T9 R22 R28
2SA124,j0,1,1,R17 Q1 Q3
2SA1249,4c,4,1,Q2 R3 R11
2SA1295,3z,1,1,
2SA1302,15d,1,1,Q12 Q11 R30
2SA1302,39,1,1,X13 Q15 R21
2SA1302,3a,1,1,X13 Q15 R21
2SA1302,3b,1,1,X13 Q15 R21
2SA1302,3d,1,1,X13 Q15 R21
2SA1302,ae,1,1,Q14 C18 Q9
2SA1302,af,1,1,Q14 C18 Q9
2SA1302,jp,1,2,
2SA1302,sc,1,1,Q27 R32 R29
2SA1302,sd,1,1,Q27 R32 R29
2SA1302,se,1,1,Q27 R32 R27
2SA1306B,39,1,5,Q15 X13 Q12
2SA1306B,3a,1,5,Q15 X13 Q12
2SA1306B,3b,1,5,Q15 X13 Q12
2SA1306B,3d,1,4,Q9 Q13 R16
2SA1312,g5,2,1,
2SA1312,g6,3,1,
2SA1312,g7,1,2,
2SA1349,16a,1,2,C4 R16 D6
2SA1349,1cu,1,2,C4 R4 R3
2SA1349,1cv,1,2,Q6 R13 D5
2SA1349,bn,1,1,
2SA1360,18x,1,2,Q2 R14 R12
2SA1360,lb,1,2,Q7 Q20 R12
2SA138,c,1,1,Q4 C4 R6
2SA138,dm,1,1,Q14 Q4 D8
2SA138,j,1,1,Q4 C4 R6
2SA1380,o9,1,3,T1 C3 T2
2SA1380,oa,1,2,T10 R14 R16
2SA1380,ob,1,1,T101 J5 R107
2SA1381,10i,1,1,Q9 Q16 R23
2SA1381,10k,1,1,Q18 R15 C7
2SA1381,10m,1,3,Q6 R12 C26
2SA1381,10o,1,1,Q9 R63 D2
2SA1381,10s,1,1,Q18 R15 C7
2SA1381,10v,1,2,Q12 Q13 Q16
2SA1381,10w,1,2,Q12 Q13 Q16
2SA1381,10x,1,1,Q11 Q13 R24
2SA1381,12h,1,2,Q7 Q5 C12
2SA1381,13,1,3,R1 C12 C28
2SA1381,14,1,2,R19 R14 C12
2SA1381,15,1,2,Q6 R19 R14
2SA1381,176,1,2,Q1 R21 Q9
2SA1381,1a9,1,2,Q204 C206 R215
2SA1381,1cb,1,1,Q7 R20 R12
2SA1381,1d,1,1,Q1 C16 Q2
2SA1381,1ew,2,1,Q28 C48 R64
2SA1381,1ex,2,1,Q28 C48 R64
2SA1381,1g,1,1,Q1 C16 C9
2SA1381,1h,1,2,Q6 R3 R1
2SA1381,1j,1,1,Q6 R26 D13
2SA1381,1j0,1,1,Q22 R16 R14
2SA1381,1j1,1,2,Q13 R41 R19
2SA1381,23,1,1,R14 C21 C12
2SA1381,2d,1,1,R9 R21A R6
2SA1381,2e,1,1,R9 R21A R6
2SA1381,30,1,1,Q3 C2 Q12
2SA1381,4j,1,1,
2SA1381,6a,1,1,Q5 C3 R10
2SA1381,6b,1,5,Q5 C6 Q6
2SA1381,73,1,4,Q5 R11 Q6
2SA1381,8h,1,3,Q16 R35 C12
2SA1381,8y,15,1,Q9 Q11 R16
2SA1381,9k,4,1,
2SA1381,9k,6,1,Q5 C3 R10
2SA1381,9k,9,1,
2SA1381,9k,14,2,
2SA1381,aa,1,2,C12 Q1 C76
2SA1381,ab,1,2,C12 Q1 Q5
2SA1381,c9,1,2,Q1 R13 R6
2SA1381,d,1,1,Q4 C4 R6
2SA1381,d1,1,2,Q15 R15 R50
2SA1381,d3,1,2,Q12 R29 R50
2SA1381,d4,1,1,Q12 R50 R24
2SA1381,d5,1,1,Q12 R50 R24
2SA1381,d6,1,1,Q12 R50 R24
2SA1381,dg,1,1,Q1 R7 C10
2SA1381,dh,1,1,Q1 R7 C10
2SA1381,e4,1,2,Q19 Q18 Q20
2SA1381,ff,1,1,R9 R7 C6
2SA1381,ga,1,2,Q19 Q18 Q20
2SA1381,h,1,1,U3 Q10 R23
2SA1381,hq,1,2,Q30 R71 C18
2SA1381,i3,1,1,V124 R131 V125
2SA1381,ja,1,1,Q5 P222 Q4
2SA1381,jb,1,1,Q5 P222 Q4
2SA1381,ji,1,3,Q33 R7 R4
2SA1381,k,1,1,Q4 C4 R6
2SA1381,l,1,1,U3 Q10 R23
2SA1381,oc,1,3,Q3 R38 R28
2SA1381,od,1,3,Q3 R38 R28
2SA1381,pr,1,5,U7 C8 R13
2SA1381,ps,1,5,U7 C8 U6
2SA1381,pw,1,3,Q3 R5 R6
2SA1381,px,1,3,Q3 R5 R6
2SA1381,py,1,1,Q6 C3 R5
2SA1381,pz,1,1,C3 Q6 C12
2SA1381,q,1,1,U3 R23 Q10
2SA1381,r7,1,1,Q2 R10 C9
2SA1381,u4,1,3,U2 R2 Q4
2SA1381,w,1,1,U3 Q10 R23
2SA1381,wo,1,1,Q6 R14 C7
2SA1381,y,1,1,D16 C16 D14
2SA1386,ak,1,1,R58 R57 R59
2SA1386,ap,1,1,
2SA1407,12a,1,2,
2SA1407,12b,1,2,
2SA1837,11y,1,1,Q20 R60 C24
2SA1837,12,1,5,Q4 R78 R2
2SA1837,12e,1,1,Q15 R21 R20
2SA1837,1cr,1,1,Q20 R12 Q18
2SA1837,1ew,2,1,Q34 C53 R84
2SA1837,1ew,3,1,Q31 D9 R7
2SA1837,1ex,2,1,Q34 C53 R84
2SA1837,1fi,1,1,R14 T9 T3
2SA1837,30,1,1,Q12 D4 R6
2SA1837,38,1,1,
2SA1837,4,1,2,
2SA1837,4a,1,1,
2SA1837,4h,1,1,T15 R23 Q1
2SA1837,4i,1,1,T15 R23 Q1
2SA1837,4j,1,1,
2SA1837,5,1,2,
2SA1837,6b,1,1,Q13 R24 D5
2SA1837,6k,1,1,
2SA1837,6n,1,1,Q5 R10 C13
2SA1837,6r,1,1,
2SA1837,6x,1,1,Q12 Q15 C11
2SA1837,6y,1,1,Q12 Q15 C11
2SA1837,7k,1,1,Q11 R21 Q12
2SA1837,97,2,1,
2SA1837,da,1,1,Q3 D2 Q1
2SA1837,fv,1,1,Q11 C19 R26
2SA1837,fw,1,1,Q11 C19 R26
2SA1837,hi,1,1,V104 R104 V102
2SA1837,hq,1,1,Q9 R17 Q7
2SA1837,lo,1,1,Q11 R24 R22
2SA1837,ny,1,1,R11
2SA1837,o9,1,2,T102 R104 R108
2SA1837,oa,1,2,T102 R104 R108
2SA1837,ob,1,2,T101 R107 R109
2SA1837,oc,1,1,Q15 R37 C12
2SA1837,od,1,1,Q15 R18 D2
2SA1837,pr,1,1,U12 R24 R87
2SA1837,ps,1,1,U12 R24 R21
2SA1837,pw,1,1,Q18 C15 D2
2SA1837,px,1,1,Q18 C15 D2
2SA1837,py,1,1,D7 Q3 R1
2SA1837,uo,1,1,Q20 R12 Q18
2SA1837,v6,1,1,Q20 R12 R40
2SA1859,12a,1,1,
2SA1859,12b,1,1,
2SA1859A,10u,3,1,
2SA1859A,1a9,1,1,Q305 R311 C305
2SA1859A,gg,1,1,T8 C12 R24
2SA1930,11v,1,1,Q11 R21 R19
2SA1930,11w,1,2,Q34 R47 R50
2SA1930,11x,1,2,Q34 R47 R50
2SA1930,11z,1,2,Q10 C4
2SA1930,3,1,1,U2 U6 Q22
2SA1930,6f,1,1,U2 U6 Q22
2SA1930,o9,1,2,T12 R30 R29
2SA1930,oa,1,2,T12 R30 R21
2SA1930,ob,1,2,T12 R44 R53
2SA1930,qc,1,1,Q2 Q3
2SA1930,qd,1,1,Q2 Q3
2SA1930,qf,1,1,Q2 R108 C104
2SA1930,qg,1,1,
2SA1943,11,1,2,U4 U2 R34
2SA1943,11w,1,8,Q38 R52 R56
2SA1943,11x,1,8,Q38 R52 R56
2SA1943,12,1,3,Q16 Q20 Q15
2SA1943,13s,1,1,
2SA1943,13t,1,1,
2SA1943,14g,1,2,
2SA1943,14h,1,3,
2SA1943,14k,1,3,
2SA1943,15g,1,1,R34
2SA1943,18b,1,1,
2SA1943,1cr,1,1,Q23 C9 R9
2SA1943,1ew,3,3,Q41 R106 Q40
2SA1943,1fi,1,1,C6 T2 R11
2SA1943,1fp,1,1,
2SA1943,3,1,2,U6 U2
2SA1943,3c,1,2,Q16 D260 Q15
2SA1943,4,1,1,
2SA1943,43,1,1,
2SA1943,44,1,1,Q3 J4 D2
2SA1943,45,1,1,
2SA1943,46,1,1,Q3 D2 Q4
2SA1943,4a,1,3,
2SA1943,4j,1,2,
2SA1943,5,1,1,
2SA1943,6f,1,2,U6 U7 U2
2SA1943,6k,1,3,
2SA1943,6n,1,10,Q10 R16 C10
2SA1943,6r,1,1,
2SA1943,6w,1,1,T38 T40 R53
2SA1943,6x,1,1,Q15 Q12 D12
2SA1943,6y,1,1,Q15 Q12 D12
2SA1943,7y,1,1,Q8 R22 C9
2SA1943,8t,1,1,Q12 R25 C21
2SA1943,97,2,1,
2SA1943,dq,1,2,Q24 Q25 Q21
2SA1943,fh,1,1,Q12 R25 C21
2SA1943,fh,2,1,Q12 Q8 R20
2SA1943,fh,4,1,
2SA1943,fi,1,1,Q12 R25 C21
2SA1943,fn,1,1,
2SA1943,fo,1,1,Q12 R25 C21
2SA1943,fr,1,1,Q13 R24 C27
2SA1943,fv,1,3,Q15 R26 R32
2SA1943,fw,1,3,Q17 R28 R34
2SA1943,if,1,5,Q11 R12 Q12
2SA1943,la,2,1,
2SA1943,la,4,2,
2SA1943,lo,1,1,Q13 R26 R27
2SA1943,m4,1,1,R12 R125 R124
2SA1943,m5,1,1,R127 R124
2SA1943,ov,5,1,
2SA1943,uo,1,1,Q23 C9 R9
2SA1943,v6,1,2,Q25 R43 R9
2SA1943,vn,1,1,
2SA1943,y9,1,1,Q10
2SA1943OTU,38,1,1,
2SA1943OTU,wg,7,1,
2SA2039,p6,1,3,Q16 R29 D2
2SA22,gg,1,1,T18
2SA2223A,1jg,1,1,T12 R40 T10
2SA2238,9t,1,1,Q2 D12 R17
2SA2238,9t,2,1,Q2 D12 R17
2SA381,146,1,1,Q9 R28 D11
2SA634,1gy,2,1,
2SA639,1bm,1,3,Q304
2SA677,1bm,1,1,R308 Q309
2SA705,1bm,1,3,Q301 R308
2SA733,9y,2,1,
2SA872,6g,1,1,
2SA872,g6,3,1,
2SA872,kc,1,1,
2SA872,ld,5,1,
2SA872,le,1,2,Q1 Q2
2SA872A,1ct,1,2,Q6 R3 R12
2SA872A,1cu,1,1,Q7 C3 R18
2SA872A,ld,8,1,
2SA968,9t,1,1,Q3 D9 R15
2SA968,9t,2,1,Q3 D9 R15
2SA968,9t,3,1,Q1 TR1 R1
2SA970,15,1,2,Q14 R20 Q6
2SA970,1di,1,1,
2SA970,67,1,2,Q11 R4 R27
2SA970,d1,1,3,Q6 Q7 Q5
2SA970,d3,1,4,Q6 Q7 Q5
2SA970,d4,1,6,Q5 R12 R42
2SA970,d5,1,6,Q5 R12 R42
2SA970,d6,1,6,Q5 R12 R42
2SA970,dq,1,2,Q5 Q7 Q6
2SA970,fv,1,2,Q2 R7 R12
2SA970,g6,1,1,
2SA970,g6,3,1,
2SA970,la,2,2,
2SA970,oj,1,2,
2SA970B,39,1,1,Q6 R9 Q5
2SA970B,3a,1,1,Q6 R9 Q5
2SA970B,3b,1,1,Q6 R9 Q5
2SA978,14,1,1,R20 R16 R34
2SA992,12,1,1,Q5 R11 Q6
2SA992,12a,1,3,
2SA992,12b,1,3,
2SA992,6g,1,1,
2SA992,d1,1,1,Q12 R50 Q15
2SA992,d3,1,1,Q15 Q12 C22
2SA992,iy,1,4,Q6 R13 LED3
2SA992,s4,1,2,
2SA992,zf,1,2,Q4 D4 R8
2SA992,zf,2,2,Q4 D3 R8
2SB1560,1fm,6,1,
2SB631,1ck,3,2,
2SB646A,ld,8,1,
2SB649,15d,1,1,Q8 R21 R23
2SB649,18r,4,2,Q613 Q617 C629
2SB649,1o,1,1,Q15 Q17 R27
2SB649,1p,1,1,Q15 Q17 R27
2SB649,1q,1,1,Q15 Q17 R27
2SB649,1r,1,1,Q15 Q17 R27
2SB649,1s,1,1,Q15 Q17 R27
2SB649,2h,1,1,
2SB649,2h,2,2,
2SB649,2h,3,4,
2SB649,2h,4,2,
2SB649,2h,5,1,
2SB649,2h,6,1,
2SB649A,2h,1,1,
2SB649A,2h,2,2,
2SB649A,2h,3,4,
2SB649A,2h,4,2,
2SB649A,2h,5,1,
2SB649A,2h,6,1,
2SB715,le,1,1,C4 C10
2SB716,la,2,1,
2SB754,la,2,1,
2SB817,1ck,3,1,
2SC1775,1ct,1,2,Q1 Q5 Q2
2SC1775,1cu,1,1,C4 Q9 R28
2SC1775,6g,1,1,
2SC1775,g6,3,1,
2SC1775,kc,1,1,
2SC1815,3,1,1,Q10 Q16 R20
2SC1815,6f,1,2,Q7
2SC1815,o,1,3,T213
2SC1815,p,1,3,T213
2SC1815,ta,1,1,Q3 C1 C3
2SC1815,us,1,1,
2SC1844,xl,1,1,Q16 C25 R46
2SC1844,xo,1,1,R16 R14 R3
2SC1845,12,1,3,Q1 Q2 R3
2SC1845,12a,1,3,
2SC1845,12b,1,3,
2SC1845,6g,1,1,
2SC1845,6w,1,2,T7 R7 T9
2SC1845,iy,1,2,Q17 R29 R31
2SC1845,ja,1,2,Q1 C2 R2
2SC1845,jb,1,2,Q1 C2 R2
2SC1845,s4,1,2,
2SC1845,ub,1,2,VR2 T5 R10
2SC1845,zf,1,8,Q1 R4 R3
2SC1845,zf,2,8,Q1 R4 R3
2SC1941,mf,1,3,R7
2SC2003,g8,1,3,Q1 R4 U1A
2SC224,ol,4,1,
2SC2240,14,1,1,R24 R29 C14
2SC2240,15,1,2,R57 Q3 C6
2SC2240,1fn,1,3,
2SC2240,2i,1,3,
2SC2240,2i,2,1,
2SC2240,2i,3,1,
2SC2240,2i,4,1,
2SC2240,2i,5,1,
2SC2240,39,1,3,Q2 R15 R14
2SC2240,3a,1,3,Q2 R15 R14
2SC2240,3b,1,3,Q2 R15 R14
2SC2240,67,1,14,Q9 Q10 C12
2SC2240,6b,1,2,Q4 C7 C5
2SC2240,d3,1,2,Q4 Q3 Q5
2SC2240,d4,1,2,Q3 C7 J2
2SC2240,d5,1,2,Q3 C7 J2
2SC2240,d6,1,2,Q3 C7 J2
2SC2240,fv,1,1,Q5 Q4 C14
2SC2240,g6,3,1,
2SC2240,la,2,1,
2SC2240,la,3,1,
2SC2240,oj,1,2,
2SC2240,pr,1,2,U4 C7 D3
2SC2240,ps,1,2,U4 C11 C7
2SC2240G,13p,1,1,
2SC2344,xe,1,1,Q9 R15 C9
2SC2547,84,1,3,R12
2SC2547,l7,1,3,Q3 C11 Q4
2SC2655,1ew,1,2,Q3 Q21 R7
2SC2655,1ex,1,2,Q3 Q21 R7
2SC2655,1gz,1,4,Q6 Q5 D3
2SC2655,1h0,1,4,Q6 Q5 D3
2SC2655,1h1,1,4,Q6 Q5 Q1
2SC2655,b9,14,2,Q8 Q7 R48
2SC2655,b9,16,2,Q8 Q7 Q3
2SC2690,16m,1,3,T8 R21 C10
2SC2705,2f,1,1,
2SC2705,2j,1,2,
2SC2705,2j,2,1,
2SC2705,2j,3,1,
2SC2705,o9,1,1,T102 C112 R104
2SC2705,oa,1,2,T2 C3 T8
2SC2705,ob,1,2,T2 C99 C88
2SC2705,od,1,1,Q2 C8 C6
2SC2785,1he,1,8,VT10 R16 VT11
2SC2837,2g,1,1,
2SC2837,2k,1,1,
2SC2911,16a,1,2,Q9 D7 D10
2SC2911,1ct,1,2,Q9 Q10 R45
2SC2911,1cu,1,1,R28 Q10 Q9
2SC2911,1cv,1,2,Q9 D7 D10
2SC2911,1hg,1,6,Q14 VR4
2SC2911,la,4,1,
2SC292,ak,1,2,Q31 R67 Q18
2SC2922,12a,1,3,
2SC2922,12b,1,2,
2SC2922,1ax,1,2,V6 C1 R10
2SC2922,84,1,1,T4 C1 R2
2SC2922,8t,1,1,Q11 C19 R23
2SC2922,aj,1,1,Q31 R67 R15
2SC2922,ak,1,1,R57 R56 R58
2SC2922,ap,1,1,C47
2SC2922,fh,1,1,Q11 C19 Q9
2SC2922,fh,4,1,
2SC2922,fi,1,1,Q11 C19 Q9
2SC2922,fn,1,1,
2SC2922,fo,1,1,Q11 C19 Q9
2SC2922,rb,1,1,
2SC2922,rb,3,4,Q31 R70 Q18
2SC3117,4c,4,1,Q1 R10 R78
2SC3263,l4,1,1,C14 T8 R33
2SC3264,3z,1,1,
2SC3281,15d,1,1,Q14 Q13 R32
2SC3281,39,1,1,Q14 R20 Q13
2SC3281,3a,1,1,Q14 R20 Q13
2SC3281,3b,1,1,Q14 R20 Q13
2SC3281,3d,1,1,Q14 R20 Q13
2SC3281,ae,1,1,Q13 C22 C20
2SC3281,af,1,1,Q13 C22 Q10
2SC3281,jp,1,2,
2SC3281,sc,1,1,Q28 R28 R30
2SC3281,sd,1,1,Q28 R28 R30
2SC3281,se,1,1,Q28 R28 L1
2SC3298B,39,1,5,Q13 Q14 Q9
2SC3298B,3a,1,5,Q13 Q14 Q9
2SC3298B,3b,1,5,Q13 Q14 Q9
2SC3298B,3d,1,4,Q13 Q14 Q9
2SC3324,1gv,1,2,Q11 C14 C13
2SC3324,1v,1,1,Q10
2SC3324,1v,2,1,Q10
2SC3324,g6,1,1,
2SC3324,g6,3,1,
2SC3331,180,1,2,R146 Q101 R145
2SC3331,181,1,2,Q101 D103 C137
2SC3381,16a,1,2,Q2 C3 R15
2SC3381,1cu,1,2,Q2 C3 Q1
2SC3381,1cv,1,2,Q1 Q5 Q2
2SC3381,bn,1,1,
2SC3421,1j9,1,1,Q15 R23 R25
2SC3423,fv,1,1,Q6 Q5 R13
2SC3423,fw,1,1,Q6 Q5 R13
2SC3423,lb,1,5,Q3 D1 R2
2SC35,dm,1,1,Q13 C16 D4
2SC3502,o9,1,3,T9 R13 R15
2SC3502,oa,1,2,T9 R13 R15
2SC3502,ob,1,1,T101 J5 R107
2SC3503,10i,1,2,Q10 R68 R65
2SC3503,10j,1,3,C4 R11 R10
2SC3503,10k,1,1,Q11 R51 R8
2SC3503,10m,1,2,Q14 R6 Q3
2SC3503,10n,1,3,Q7 R22 R47
2SC3503,10o,1,2,Q10 R68 R65
2SC3503,10r,1,1,Q12 VR1 R61
2SC3503,10s,1,1,Q11 R51 R8
2SC3503,10v,1,3,Q11 Q14 Q15
2SC3503,10w,1,3,Q11 Q14 Q15
2SC3503,10x,1,2,Q12 Q14 Q15
2SC3503,12h,1,2,Q11 Q6 Q9
2SC3503,13,1,3,R27 Q5 C39
2SC3503,14,1,1,Q5 D6 R23
2SC3503,146,1,1,Q1 D10 C18
2SC3503,15,1,2,C19 R23 R17
2SC3503,176,1,1,Q14 R10 Q7
2SC3503,1a9,1,4,Q301 D302 R306
2SC3503,1cb,1,1,Q6 R11 D4
2SC3503,1ew,2,1,Q25 Q41 C50
2SC3503,1ex,2,1,Q25 Q41 C50
2SC3503,1f,1,1,Q2 D4 C10
2SC3503,1g,1,1,Q2 R62 D4
2SC3503,1gz,1,2,Q11 Q10 Q9
2SC3503,1h,1,2,R27 Q5 R12
2SC3503,1h0,1,2,Q11 Q10 Q9
2SC3503,1h1,1,4,Q10 Q11 Q12
2SC3503,1j,1,1,Q8 D14 R38
2SC3503,1j0,1,1,Q21 R7 R15
2SC3503,1j1,1,1,Q21 R7 R15
2SC3503,30,1,1,Q2 R4 C1
2SC3503,4j,1,1,
2SC3503,6a,1,1,Q6 C4 R11
2SC3503,6b,1,6,Q9 C15 R40
2SC3503,73,1,6,Q7 Q13 R22
2SC3503,8h,1,2,Q15 R34 D7
2SC3503,8y,15,2,Q8 Q10 C6
2SC3503,9k,4,1,
2SC3503,9k,6,1,Q6 C4 R11
2SC3503,9k,9,1,
2SC3503,9k,14,2,
2SC3503,aa,1,2,R27 Q5 C4
2SC3503,ab,1,3,Q9 C1 C21
2SC3503,b9,6,1,
2SC3503,b9,14,2,Q11 Q10 Q9
2SC3503,b9,16,2,Q11 Q10 Q9
2SC3503,c,1,1,Q10 C14 R20
2SC3503,c9,1,2,R11 Q6 C13
2SC3503,d,1,1,Q10 C14 R20
2SC3503,d1,1,3,R76 R82 R23
2SC3503,d3,1,2,R76 Q19 R23
2SC3503,d4,1,2,Q1 R42 Q9
2SC3503,d5,1,2,Q1 R42 Q9
2SC3503,d6,1,2,Q1 R42 Q9
2SC3503,dg,1,1,Q4 C1 R8
2SC3503,dh,1,1,Q4 C1 R8
2SC3503,dm,1,1,Q4 R27 C13
2SC3503,e4,1,2,Q8 C13 U12
2SC3503,ff,1,1,Q3 C7 R10
2SC3503,ga,1,2,Q8 U12 R9
2SC3503,h,1,1,U4 Q11 R24
2SC3503,hq,1,3,C1 Q10 R10
2SC3503,i3,1,2,V113 R112 C111
2SC3503,ja,1,1,Q6 R1 C6
2SC3503,jb,1,1,Q6 R1 C6
2SC3503,ji,1,3,Q13 R12 Q29
2SC3503,l,1,1,U4 Q11 R24
2SC3503,oc,1,3,Q5 D3 R17
2SC3503,od,1,3,Q5 R17 R12
2SC3503,oh,1,1,Q8 R22 R17
2SC3503,ok,1,1,Q11 C2 VR2
2SC3503,pr,1,6,U9 R25 C15
2SC3503,ps,1,6,U9 C15 R25
2SC3503,pw,1,2,Q20 C7 D21
2SC3503,px,1,3,Q20 D21 C7
2SC3503,py,1,1,R4 Q5 C2
2SC3503,pz,1,2,C2 D15 Q5
2SC3503,q,1,1,U4 Q11 R24
2SC3503,qj,1,1,Q9 R17 R14
2SC3503,qk,1,1,Q9 R17 R14
2SC3503,ql,1,1,Q9 R17 R14
2SC3503,qm,1,1,Q9 R17 R14
2SC3503,r7,1,2,Q9 C9 R24
2SC3503,w,1,1,U4 Q11 R24
2SC3503,wo,1,1,Q8 R52 C5
2SC3503,y,1,1,C10 R24 R20
2SC3519,ak,1,1,R58 R57 R59
2SC3519,ap,1,1,
2SC3601,12a,1,2,
2SC3601,12b,1,2,
2SC3788,b9,6,1,
2SC3790,b9,6,1,
2SC3852A,92,1,1,
2SC3852A,92,2,2,
2SC3852A,93,1,3,
2SC3852A,94,1,3,
2SC3852A,95,1,3,
2SC3852A,96,1,3,
2SC3964,1ax,1,1,Q3 R41 R40
2SC3964,aj,1,1,Q3 R41 R40
2SC4793,10i,1,1,R58
2SC4793,10o,1,1,R58
2SC4793,11y,1,1,Q19 R57 R49
2SC4793,12,1,5,Q10 Q7 Q11
2SC4793,12e,1,1,Q4 Q19 R33
2SC4793,1cr,1,1,Q21 R38 Q19
2SC4793,1ew,2,1,Q30 R75 C52
2SC4793,1ew,3,1,Q29 R5 D34
2SC4793,1ex,2,1,Q30 R75 C52
2SC4793,1fi,1,1,T10 T2 R15
2SC4793,30,1,1,Q5 D1 D2
2SC4793,38,1,1,
2SC4793,4,1,2,
2SC4793,4a,1,1,
2SC4793,4h,1,1,T14 R22 Q2
2SC4793,4i,1,1,T14 R22 Q2
2SC4793,4j,1,1,
2SC4793,5,1,2,
2SC4793,6b,1,1,Q12 R23 D4
2SC4793,6k,1,1,R44
2SC4793,6n,1,2,Q3 C5 R13
2SC4793,6r,1,1,
2SC4793,6x,1,1,Q13 Q14 R31
2SC4793,6y,1,1,Q13 Q14 R31
2SC4793,7k,1,1,Q13 R22 Q10
2SC4793,97,2,1,
2SC4793,da,1,1,Q4 R3 Q2
2SC4793,fv,1,1,Q10 R23 C18
2SC4793,fw,1,1,Q10 R23 R16
2SC4793,hi,1,1,V103 R103 R112
2SC4793,hq,1,1,Q8 R16 Q5
2SC4793,l4,1,1,R33 T6 T8
2SC4793,lo,1,1,Q10 R23 R18
2SC4793,o9,1,2,T101 R103 R107
2SC4793,oa,1,2,T101 R103 R107
2SC4793,ob,1,2,T100 R108 C19
2SC4793,oc,1,1,R33 Q14 Q13
2SC4793,od,1,1,Q14 R17 D1
2SC4793,oy,1,1,R21 U2 Q4
2SC4793,pr,1,1,U11 R23 R68
2SC4793,ps,1,1,U11 R23 R68
2SC4793,pw,1,1,Q19 D5 R17
2SC4793,px,1,1,Q19 D5 R17
2SC4793,py,1,1,D8 Q4 R2
2SC4793,uo,1,1,Q21 R38 Q19
2SC4793,v6,1,1,Q21 R13 R38
2SC4883,12b,1,1,
2SC4883,ir,2,1,
2SC4883A,10u,3,1,
2SC4883A,1a9,1,1,Q304 C306 R310
2SC4883A,1jg,1,1,T8 R30 R36
2SC4883A,gg,1,2,T13 R28 R33
2SC5171,11v,1,1,Q10 R20 R22
2SC5171,11w,1,3,Q35 R49 R51
2SC5171,11x,1,3,Q35 R49 R51
2SC5171,11z,1,2,Q5 R20
2SC5171,6f,1,1,U1 U4
2SC5171,6w,1,1,T35 R52 T37
2SC5171,o9,1,2,T11 R25 T13
2SC5171,oa,1,2,T11 R25 T13
2SC5171,ob,1,2,T11 R32 R25
2SC5171,qc,1,1,Q2
2SC5171,qd,1,1,Q2
2SC5171,qf,1,1,Q1 C103 R107
2SC5171,qg,1,1,
2SC5200,11,1,2,U3 U1 R33
2SC5200,11w,1,7,Q37 R53 R51
2SC5200,11x,1,3,Q37 Q39 R57
2SC5200,12,1,3,Q13 Q19 Q9
2SC5200,13s,1,1,
2SC5200,13t,1,1,
2SC5200,14g,1,2,
2SC5200,14h,1,3,
2SC5200,14k,1,3,
2SC5200,15g,1,1,R31
2SC5200,18b,1,1,
2SC5200,1b6,1,1,Q12 D4 R15
2SC5200,1cr,1,1,Q22 R8 R12
2SC5200,1ew,3,3,Q37 R94 Q36
2SC5200,1fi,1,1,T3 R1
2SC5200,1fp,1,1,
2SC5200,3,1,2,
2SC5200,3c,1,2,Q13 Q9 D202
2SC5200,4,1,1,
2SC5200,43,1,1,
2SC5200,44,1,1,Q1 J2 D1
2SC5200,45,1,1,
2SC5200,46,1,1,Q1 D1 Q2
2SC5200,47,1,1,
2SC5200,48,1,1,Q1 D1 Q2
2SC5200,4a,1,3,R898
2SC5200,4j,1,2,
2SC5200,5,1,1,
2SC5200,6f,1,2,U5 U4
2SC5200,6k,1,3,
2SC5200,6n,1,10,Q9 R17 C8
2SC5200,6r,1,1,
2SC5200,6x,1,1,Q14 Q13 D13
2SC5200,6y,1,1,Q14 Q13 D13
2SC5200,7y,1,1,Q7 R18 R21
2SC5200,8t,1,1,Q11 C19 C15
2SC5200,97,2,1,
2SC5200,ag,1,1,Q13 C22 C20
2SC5200,dq,1,2,Q22 Q23 Q20
2SC5200,fh,1,1,Q11 C19 Q9
2SC5200,fh,2,1,Q11 R18 Q8
2SC5200,fh,4,1,
2SC5200,fi,1,1,Q11 C19 Q9
2SC5200,fn,1,1,
2SC5200,fo,1,1,Q11 C19 Q9
2SC5200,fq,1,3,
2SC5200,fr,1,1,Q12 R28 R23
2SC5200,fv,1,3,Q14 R31 Q13
2SC5200,fw,1,3,Q14 Q13 R31
2SC5200,if,1,5,Q9 R13 Q15
2SC5200,la,2,1,
2SC5200,la,4,2,
2SC5200,lo,1,1,Q12 R25 L1
2SC5200,m4,1,1,R126 R124 R125
2SC5200,m5,1,1,R126 R124 P131
2SC5200,uo,1,1,Q22 R8 R12
2SC5200,v6,1,2,Q22 Q24 R8
2SC5200,y9,1,1,Q9
2SC5200OTU,wg,7,1,
2SC5200RTU,38,1,1,
2SC5288,lq,1,1,C11 Q9 C20
2SC5551A,1ar,1,3,Q4 R18 Q6
2SC5706,p6,1,3,Q18 Q14 D1
2SC61,1jg,1,1,R40 R39 T9
2SC61,gg,1,1,R36 T18
2SC926,1bm,1,1,Q311
2SC926A,1bm,1,2,R238 R33A R339
2SC945,9y,2,1,
2SC959,ol,2,1,
2SD1047,1ck,3,2,
2SD188,1gy,2,1,
2SD2014,18t,1,1,R2 R26 R25
2SD2390,1fm,6,1,
2SD600,1ck,3,2,
2SD600,zf,1,1,Q7 C7 R13
2SD600,zf,2,1,Q7 C7 R13
2SD666A,ld,8,1,
2SD668A,ld,8,1,
2SD669,15d,1,3,Q7 Q16 R17
2SD669,18r,1,1,Q901 C909 R903
2SD669,18r,4,4,Q607 R641 R793
2SD669,1o,1,2,Q14 R29 R28
2SD669,1p,1,2,Q14 R29 R28
2SD669,1q,1,2,Q14 R29 R28
2SD669,1r,1,2,Q14 R29 R28
2SD669,1s,1,2,Q14 R29 R28
2SD669,2h,1,1,
2SD669A,2h,1,1,
2SD669A,3,1,1,Q23
2SD669A,6f,1,1,U3 R12
2SD755,le,1,1,Q4
2SD756,la,2,1,
2SD756A,ld,5,1,
2SD844,la,2,1,
2SD894,1ck,3,2,
2SJ103,15h,1,1,
2SJ103,176,1,2,J7 J2 R40
2SJ103,1fv,1,2,C1 R1 T1
2SJ103,1fw,1,2,C1 R1 T1
2SJ103,1hn,1,1,
2SJ103,60,4,1,
2SJ103,60,5,1,Q3 Q2 Q1
2SJ103,iv,2,1,
2SJ103,iw,2,1,
2SJ103,ka,1,4,Q6 R20 Q8
2SJ103,la,1,1,
2SJ103,o1,1,2,
2SJ103,o1,2,2,Q12 R6 R7
2SJ103,o2,1,2,
2SJ103,o2,2,2,Q2 Q1 Q3
2SJ103,o3,1,2,Q2 Q4 R5
2SJ103,o4,1,2,
2SJ103,o4,2,1,Q2 Q1 Q3
2SJ103,o5,1,1,Q2 Q4 R5
2SJ108,es,5,1,
2SJ108,et,6,1,
2SJ109,18,1,1,U2 R19 R25
2SJ109,1ax,1,2,R12 R28 J3
2SJ109,1h5,1,1,
2SJ109,1hg,1,1,VR2 J2b J2a
2SJ109,5h,1,1,Q1A Q1B
2SJ109,5l,1,1,R4
2SJ109,em,1,2,Q1A Q1B C1
2SJ109,en,1,2,Q1A Q1B C1
2SJ109,rb,1,1,
2SJ109,rb,3,2,J3 R16 D2
2SJ109,t4,1,1,Q1 R8 R3
2SJ118,y6,1,1,R11
2SJ118,y7,1,1,Q6
2SJ118,y8,1,1,Q6
2SJ1530,hg,1,2,
2SJ161,1fh,5,1,
2SJ161,lc,1,1,
2SJ162,10m,1,2,C25 R36 R25
2SJ162,12l,1,2,R23 R18 C10
2SJ162,12m,1,2,R23 R18 C10
2SJ162,12x,1,1,Q5 C10 R5
2SJ162,16g,1,1,Q8 R18 C22
2SJ162,16h,1,1,Q8 R18 C22
2SJ162,176,1,3,R34 R35 R9
2SJ162,17n,1,2,X3A R9 X3B
2SJ162,1cy,1,1,
2SJ162,1fh,1,1,
2SJ162,1fh,2,10,
2SJ162,1fh,5,1,
2SJ162,1fh,11,1,
2SJ162,1fh,12,5,
2SJ162,1fh,17,5,
2SJ162,1fh,18,4,
2SJ162,1fh,19,1,
2SJ162,1fh,22,1,
2SJ162,1fh,27,1,
2SJ162,1gm,1,1,Q2 C5
2SJ162,1h5,2,1,
2SJ162,1hn,2,3,
2SJ162,1hn,3,1,
2SJ162,1ho,2,1,Q12 Q11
2SJ162,1ho,3,2,Q12 Q11
2SJ162,73,1,1,
2SJ162,9r,1,2,Q6 R21 R15
2SJ162,9w,1,1,Q11 C9
2SJ162,ax,1,1,U2 R3
2SJ162,ch,1,1,Q9 C6
2SJ162,ci,1,1,V114 X5 X6
2SJ162,ff,1,1,C3 R10
2SJ162,h,1,2,U6 U5 R29
2SJ162,ja,1,1,Q8 R19 C17
2SJ162,jb,1,1,Q8 R19 C17
2SJ162,l,1,2,U6 U5 R29
2SJ162,nz,1,1,
2SJ162,q,1,2,U6 U5 R29
2SJ162,tg,1,1,R13
2SJ162,th,1,1,R13
2SJ162,w,1,2,U6 U5 R29
2SJ162Q,176,1,1,R37 R36 R39
2SJ18,1fk,1,1,
2SJ18,1i3,1,2,
2SJ18,er,1,4,
2SJ18,er,2,2,
2SJ18,er,4,2,
2SJ18,er,9,1,
2SJ18,es,2,1,
2SJ18,et,5,1,
2SJ200,1fh,5,1,
2SJ201,16a,1,3,D14 R38 R37
2SJ201,1ax,1,1,R60 C51 R43
2SJ201,1ct,1,3,R37 R21 R23
2SJ201,1cu,1,3,R38 R42 C8
2SJ201,1cv,1,3,R36 R26 R37
2SJ201,1fh,1,1,
2SJ201,1fh,2,9,
2SJ201,1fh,5,1,
2SJ201,1fh,11,4,
2SJ201,1fh,12,1,
2SJ201,1fh,13,3,
2SJ201,1fh,22,2,
2SJ201,1fh,23,6,
2SJ201,1fh,24,2,
2SJ201,1fh,25,2,
2SJ201,1fh,27,1,
2SJ201,6g,1,2,
2SJ201,a5,1,1,
2SJ201,hg,1,2,
2SJ28,19o,1,2,
2SJ28,19p,1,2,U1 R2
2SJ28,1bo,1,2,
2SJ28,1fk,1,2,
2SJ28,2l,1,1,U2 D2 C2
2SJ28,52,13,1,
2SJ28,er,1,4,
2SJ28,er,2,1,
2SJ28,er,4,1,
2SJ28,es,2,2,
2SJ28,es,3,2,
2SJ28,es,16,1,
2SJ28,et,1,2,
2SJ28,et,5,1,
2SJ313,16a,1,1,
2SJ313,1cv,1,1,V1 R47 D14
2SJ313,5b,1,1,R14 Q2 R5
2SJ313,9r,1,1,Q4 R8 R23
2SJ313,bf,7,1,
2SJ313,bf,16,1,
2SJ313,bg,5,1,
2SJ313,bg,10,1,R20 R19
2SJ313,bh,5,1,
2SJ313,bh,11,1,
2SJ313,bi,5,1,
2SJ313,bi,11,1,
2SJ313,bj,6,1,
2SJ313,bj,9,1,R14 R10 R4
2SJ313,bj,12,1,
2SJ313,bl,5,1,
2SJ313,bl,9,1,
2SJ313,he,2,1,
2SJ313,ka,1,4,Q3 R5 R1
2SJ313,rb,1,2,
2SJ313,to,1,1,
2SJ407,he,2,1,
2SJ48,ld,6,1,
2SJ48,le,1,1,R14 C10 C4
2SJ49,1h,1,2,C11 R26 R36
2SJ49,6e,1,3,T20 R27 R28
2SJ49,aa,1,2,C3 R39 C5
2SJ49,ab,1,2,C3 R33 R39
2SJ49,dm,1,2,R23 R24 R15
2SJ618,1fm,5,1,
2SJ618,1h5,1,1,
2SJ618,1h5,2,1,
2SJ618,he,1,1,
2SJ62,1fw,1,1,R7 T12 R15
2SJ71,ld,8,1,
2SJ72,ug,1,1,
2SJ74,18j,1,4,J2 C40 R6
2SJ74,1a,1,1,Q4 LED2
2SJ74,1h5,1,1,
2SJ74,1hn,1,1,
2SJ74,1hn,3,1,
2SJ74,1ho,2,1,Q2 Q1 Q11
2SJ74,1ho,3,2,Q2 Q1 Q11
2SJ74,1jr,1,3,Q12 R31 R23
2SJ74,1z,1,1,Q2 R5
2SJ74,25,1,2,Q2 R7 R9
2SJ74,26,3,1,
2SJ74,5j,1,2,Q1B C5 Q1A
2SJ74,5k,1,2,Q1B C5 Q1A
2SJ74,60,1,2,
2SJ74,60,3,1,Q2 Q1 R1
2SJ74,60,4,1,Q3 Q2 Q1
2SJ74,68,1,2,J3 R1 R78
2SJ74,91,1,1,
2SJ74,9r,1,1,Q2 R2 R3
2SJ74,9w,1,1,Q9 Q2 R2
2SJ74,a5,1,1,Q2 R10 R2
2SJ74,ao,1,4,R61 Q61 R62
2SJ74,ch,1,1,Q2
2SJ74,ci,1,1,V104 R112 V105
2SJ74,es,5,1,
2SJ74,h3,1,1,Q2
2SJ74,h9,2,1,
2SJ74,ha,1,1,Q2 J74B R5
2SJ74,hb,1,1,
2SJ74,hc,1,1,Q2 R5 P2
2SJ74,hd,19,1,
2SJ74,he,2,1,
2SJ74,hg,1,2,
2SJ74,hi,1,1,V102 V104 R101
2SJ74,ik,1,1,Q4 R6 R5
2SJ74,jg,1,1,Q14 J2 C8
2SJ74,jh,1,1,Q14 J2 C8
2SJ74,o1,1,1,
2SJ74,o1,2,4,
2SJ74,o2,1,2,
2SJ74,o2,2,2,
2SJ74,o4,1,2,
2SJ74,o4,2,1,
2SJ74,o6,1,2,Q2 R5 P1
2SJ74,o7,1,1,Q2 R5 R9A
2SJ74,oj,1,2,C12 R23
2SJ74,rj,1,2,Q7 R17
2SJ74,ro,1,1,
2SJ74,ro,5,1,
2SJ74,ug,1,1,
2SJ74,xb,1,1,V102 R154 R104
2SJ74,xc,1,1,J2
2SJ74,xd,1,1,J2
2SJ74G,60,6,1,Q3 Q2 Q1
2SJ75,19k,1,2,Q12 C12 R25
2SJ75,19l,1,2,Q12 C12 R25
2SJ75,ug,1,1,
2SJ76,19k,1,3,Q19 D3 D4
2SJ76,19l,1,3,Q19 D3 D4
2SJ79,16a,1,1,
2SJ79,1ax,1,2,R28 C5 C6
2SJ79,1cv,1,1,V1 R47 D14
2SJ79,6g,1,1,
2SJ79,ld,8,1,
2SK10,je,1,1,J2 R30 R28
2SK1056,10m,1,2,C22 R31 R16
2SK1056,176,1,1,R31 R28 R39
2SK1056,ok,1,2,C22 R31 C21
2SK1057,1fh,5,1,
2SK1057,lc,1,1,
2SK1058,12l,1,2,R16
2SK1058,12m,1,2,R16
2SK1058,12x,1,1,Q6 R4 C6
2SK1058,14p,1,2,
2SK1058,14t,1,2,
2SK1058,154,1,1,
2SK1058,155,1,1,
2SK1058,16g,1,1,R21
2SK1058,16h,1,1,R21
2SK1058,1cy,1,1,
2SK1058,1fh,1,1,
2SK1058,1fh,2,10,
2SK1058,1fh,5,1,
2SK1058,1fh,11,1,
2SK1058,1fh,12,5,
2SK1058,1fh,17,5,
2SK1058,1fh,18,4,
2SK1058,1fh,19,1,
2SK1058,1fh,22,1,
2SK1058,1fh,27,1,
2SK1058,1fv,1,1,T11 R8 T10
2SK1058,1fw,1,1,T11 R8 R14
2SK1058,1gm,1,1,Q1 C4
2SK1058,1hn,2,2,
2SK1058,1hn,3,1,
2SK1058,1ho,2,1,Q11 Q12
2SK1058,1ho,3,2,Q11 Q12
2SK1058,73,1,1,
2SK1058,9r,1,2,Q7 R20
2SK1058,9w,1,1,Q10 C8 R13
2SK1058,ax,1,1,U1 R4
2SK1058,ay,1,2,
2SK1058,az,1,2,
2SK1058,ch,1,1,Q10 C5
2SK1058,ci,1,1,V113 R121 R118
2SK1058,ff,1,1,R9 L1
2SK1058,h,1,2,U1 U2 D1
2SK1058,ir,2,2,
2SK1058,ja,1,1,Q7 R8 C14
2SK1058,jb,1,1,Q7 R8 C14
2SK1058,l,1,2,U1 U2 D1
2SK1058,nz,1,1,
2SK1058,q,1,2,U1 U2 D1
2SK1058,tg,1,1,R13
2SK1058,th,1,1,R13
2SK1058,w,1,2,U1 U2 D1
2SK117,5o,1,2,Q1A R1A R2A
2SK117,g5,1,1,
2SK117,g6,3,1,
2SK117,l,1,2,Q12 R31 D7
2SK117,w,1,2,Q14 Q12 C1
2SK117G,110,5,1,
2SK117G,15h,1,1,
2SK117G,8o,5,2,
2SK117G,8o,6,1,
2SK117G,pm,2,1,
2SK117G,t5,1,1,
2SK13,ld,2,1,
2SK133,ld,6,1,
2SK134,1h,1,2,R15 D1 R12
2SK134,6e,1,3,T19 C26 C32
2SK134,aa,1,4,C16 C1 R59
2SK134,ab,1,4,C16 C1 R59
2SK134,dm,1,2,R22 R21 R17
2SK135,1fo,2,2,
2SK135,ug,1,5,
2SK135,ug,2,3,
2SK135,ug,6,1,
2SK135,ug,9,1,
2SK138,le,1,1,C10 C4
2SK147,ug,1,1,
2SK1529,1fh,5,1,
2SK1530,16a,1,2,D13 R35 R34
2SK1530,1ax,1,1,R53 R42 C40
2SK1530,1ct,1,3,R36 R40 R39
2SK1530,1cu,1,3,R36 R40
2SK1530,1cv,1,2,R34 R33 R35
2SK1530,1fh,1,1,
2SK1530,1fh,2,9,
2SK1530,1fh,5,1,
2SK1530,1fh,11,3,
2SK1530,1fh,12,1,
2SK1530,1fh,13,3,
2SK1530,1fh,22,2,
2SK1530,1fh,23,6,
2SK1530,1fh,24,2,
2SK1530,1fh,25,2,
2SK1530,1fh,27,1,
2SK1530,6g,1,2,
2SK1530,a5,1,1,R12
2SK1530,ak,1,1,R53 R42 R54
2SK1530,ap,1,1,C45 Q31 C47
2SK1530,jz,6,1,
2SK168,19g,1,1,
2SK170,10,1,1,Q4
2SK170,12a,1,1,
2SK170,12b,1,1,
2SK170,15a,1,1,J1 R1
2SK170,15h,1,1,
2SK170,17s,1,4,J5 J6 R6
2SK170,18j,1,4,J3 R10 R7
2SK170,19g,1,1,
2SK170,19v,1,1,T104 T102 J102
2SK170,1a,1,1,Q3 LED1
2SK170,1ab,17,1,
2SK170,1af,1,1,J1 D1 R4
2SK170,1ag,1,1,J1 D1 R4
2SK170,1ah,1,1,J1 D1 R4
2SK170,1at,1,1,R4 R1 D2
2SK170,1cp,1,2,Q2 C19 D1
2SK170,1cr,1,2,Q1 R26 R39
2SK170,1cs,1,1,
2SK170,1de,1,1,
2SK170,1dg,1,12,C2 U1 U5
2SK170,1dh,1,7,J5 J6 C2
2SK170,1fo,10,1,
2SK170,1fq,1,1,D2 D1 D1
2SK170,1fr,1,1,R4 R1 D2
2SK170,1fs,1,1,D2 D1 D1
2SK170,1gu,1,2,Q12 R9 R8
2SK170,1h5,2,1,
2SK170,1hn,1,1,
2SK170,1hn,3,1,
2SK170,1ho,2,1,
2SK170,1ho,3,2,
2SK170,1hu,4,4,Q405 R408 Q406
2SK170,1hv,4,4,Q405 R408 Q406
2SK170,1hy,4,4,Q404 R407 Q405
2SK170,1j5,1,1,R8 D1 D2
2SK170,1j6,1,1,R8 D1 D2
2SK170,1j7,1,1,R8 D1 D2
2SK170,1j8,1,1,R8 C4 D1
2SK170,1jr,1,3,Q5 R14
2SK170,1js,1,1,
2SK170,1z,1,1,Q1
2SK170,25,1,2,Q1 R3 R6
2SK170,26,3,1,
2SK170,4o,1,1,V101 R103 C101
2SK170,4s,1,1,Q1 Q2 R5
2SK170,4y,1,1,VR1
2SK170,5d,1,2,
2SK170,5e,1,2,
2SK170,60,1,1,
2SK170,60,3,1,Q1 Q2 R1
2SK170,60,4,2,Q1 Q2 Q3
2SK170,60,5,2,Q1 Q2 Q3
2SK170,60,6,2,Q1 Q2 Q3
2SK170,68,1,2,J1 R1 R76
2SK170,72,7,1,
2SK170,7v,1,1,T4 T2 J2
2SK170,7w,1,1,T4 T2 J2
2SK170,85,1,2,Q1 R4 R3
2SK170,8o,5,2,
2SK170,91,1,1,
2SK170,9r,1,1,R1 Q1
2SK170,9w,1,1,R1 Q1 Q12
2SK170,a5,1,1,R29 R21
2SK170,ch,1,1,Q1 R1 Q3
2SK170,ci,1,1,V103 R111 R100
2SK170,de,1,1,Q10 Q2 R42
2SK170,dg,1,2,Q10 Q2 R42
2SK170,dh,1,2,Q10 Q2 R42
2SK170,dw,2,1,
2SK170,ej,11,1,
2SK170,ek,1,1,
2SK170,ek,2,1,
2SK170,ek,3,1,
2SK170,ek,5,2,
2SK170,el,1,1,Q1 Q2
2SK170,em,1,2,Q3 Q4 LED1
2SK170,en,1,2,Q3 Q4 LED1
2SK170,eo,3,1,
2SK170,es,5,1,
2SK170,g4,2,1,
2SK170,g6,1,1,
2SK170,g6,3,1,
2SK170,h3,1,1,Q1
2SK170,h9,2,1,
2SK170,ha,1,1,Q1 R5 Q2
2SK170,hb,1,1,
2SK170,hc,1,1,Q1 R5 Q2
2SK170,hd,19,1,
2SK170,he,2,1,
2SK170,hg,1,2,
2SK170,hi,1,1,V101 R102 V102
2SK170,ik,1,1,Q3 R5 R6
2SK170,ir,1,1,
2SK170,je,1,1,J1 P3 R29
2SK170,jg,1,1,Q13 J1 C6
2SK170,jh,1,1,J1 Q13 C6
2SK170,ji,1,2,J1 P1 Q8
2SK170,jj,1,2,J1 Q8 U2
2SK170,nn,1,1,Q1 Q2
2SK170,nr,1,1,
2SK170,ns,1,1,
2SK170,o1,1,2,
2SK170,o1,2,3,
2SK170,o2,1,2,
2SK170,o2,2,2,
2SK170,o4,1,2,
2SK170,o4,2,1,
2SK170,o6,1,2,Q1 P1 R4
2SK170,o7,1,1,Q1 R4B R4
2SK170,oe,1,2,C12 C11 T14
2SK170,of,1,2,T5 T6 R9
2SK170,oj,1,2,R4 R8 R2
2SK170,pm,2,1,
2SK170,rd,1,10,
2SK170,re,1,10,
2SK170,rj,1,2,Q5 R7 P1
2SK170,ro,1,1,
2SK170,rs,1,1,T104 T102 J102
2SK170,rt,1,1,T104 T102 J102
2SK170,sv,1,2,Q4 R13 R18
2SK170,tk,1,1,R1 P3 R2
2SK170,ug,1,1,
2SK170,um,1,1,
2SK170,un,1,1,
2SK170,uo,1,2,Q1 R26 Q3
2SK170,ut,1,2,J310 T12 T13
2SK170,uu,1,2,J310 T12 T13
2SK170,uw,1,2,T12 T15
2SK170,v6,1,2,Q1 R26 R22
2SK170,wz,1,3,Q99 R12 J310
2SK170,xb,1,1,V101 R103 V151
2SK170,xc,1,1,J1
2SK170,xd,1,1,J1 R6
2SK170,xk,5,1,
2SK170,xk,12,2,J112
2SK170,xl,1,9,Q11 R31 Q10
2SK170,xn,1,5,Q3 Q2 R3
2SK170,xo,1,2,R3 R4 R5
2SK170,xp,7,1,
2SK170,xq,1,6,Q16 Q6 R25
2SK170,xr,1,4,Q11 R31 Q10
2SK170,xs,1,4,Q11 R31 Q10
2SK170,xt,1,4,Q11 R31 Q10
2SK170,y4,1,1,T104 T102 J102
2SK170,y5,1,1,T104 T102 J102
2SK170G,75,1,1,
2SK170G,ax,1,2,U8 U9 R19
2SK170G,iy,1,2,Q1 R3 R2
2SK170G,pm,2,1,
2SK180,1fs,1,1,
2SK180,1ft,1,1,
2SK180,1j5,1,1,C9 R25 C10
2SK180,1j6,1,1,C9 R28 C10
2SK180,1j7,1,1,C9 R28 C10
2SK180,1j8,1,1,C9 C10
2SK180,2l,1,1,U1 R2 D1
2SK180,7z,1,1,
2SK180,7z,6,1,
2SK180,7z,9,1,
2SK180ES,7z,9,1,
2SK182,1fs,1,1,
2SK182,1ft,1,1,
2SK182,1j5,1,1,C9 R25
2SK182,1j6,1,1,C9 R28
2SK182,1j7,1,1,C9 R28
2SK182,1j8,1,1,C9
2SK182ES,1fq,1,1,R13
2SK182ES,1fs,1,1,R13
2SK182ES,7z,1,1,
2SK182ES,7z,6,1,
2SK182ES,7z,9,1,
2SK186,lc,1,1,
2SK190,lc,1,1,
2SK200,7p,2,1,
2SK2013,16a,1,1,
2SK2013,1cv,1,1,V1 R47 D14
2SK2013,9r,1,1,Q3 R24 R7
2SK2013,dc,3,2,Q3 R21 Q1
2SK2013,he,2,1,
2SK2013,ka,1,4,Q2 Q4 R10
2SK2013,rb,1,2,
2SK2013,to,1,1,
2SK208,jz,3,1,
2SK2087,19n,1,1,R138 R134 R142
2SK2087,1ay,1,1,R137 R133 R141
2SK2087,pf,1,2,
2SK2087,pg,1,1,
2SK208G,la,2,1,
2SK208G,la,8,1,
2SK208GRS,la,6,1,
2SK209,1iw,1,5,J1 R1 R4
2SK209,1ix,1,4,J1 R1 R4
2SK209,7p,2,2,
2SK209,bn,3,2,
2SK209,g5,1,3,
2SK209,g6,1,1,
2SK209,g6,3,1,
2SK209,g7,1,1,
2SK209,pm,2,2,
2SK209,xk,5,1,
2SK209,xk,12,1,J112
2SK209,xn,1,1,Q3 Q2 R3
2SK209G,g7,1,1,
2SK209G,iv,4,1,
2SK209G,iw,4,1,
2SK209G,pm,2,1,
2SK209G,rn,2,1,
2SK209G,xk,12,1,J112
2SK21,ld,8,2,
2SK213,19k,1,3,Q18 R30 R29
2SK213,19l,1,3,Q18 R30 R29
2SK214,1hu,1,1,Q101 R103
2SK214,1hu,2,1,Q201 R203
2SK214,1hv,1,1,Q101 R103
2SK214,1hv,2,1,Q201 R203
2SK214,1hy,1,1,Q101 R104
2SK214,1hy,2,1,Q201 R204
2SK214,ld,8,1,
2SK2145,11t,1,1,Q1 Q2 C3
2SK2145,11u,1,1,Q1 Q2 C3
2SK2145,14a,1,1,D2 D1 D2
2SK2145,19e,1,1,D2 D1 D1
2SK2145,19g,1,1,
2SK2145,19n,1,1,J101 D1 Q101
2SK2145,19v,1,1,J102 T102 T104
2SK2145,19w,1,1,R105 J101 D2
2SK2145,1at,1,1,R4 R1 D2
2SK2145,1ay,1,1,R105 J101 D2
2SK2145,1az,1,1,R105 J101 D2
2SK2145,1b0,1,1,R105 J101 D2
2SK2145,1b1,1,1,D2 D2 D1
2SK2145,1fq,1,1,D2 D1 D1
2SK2145,1fr,1,1,R4 R1 D2
2SK2145,1fs,1,1,D2 D1 D1
2SK2145,1iw,1,2,J2 J1 R2
2SK2145,1ix,1,2,J2 J1 R2
2SK2145,1j5,1,1,D1 D2 R8
2SK2145,1j6,1,1,D1 D2 R8
2SK2145,1j7,1,1,D1 D2 R8
2SK2145,7r,1,1,R105 J101 D2
2SK2145,7s,1,1,D2 D1 D1
2SK2145,7u,1,1,J101 D2 D2
2SK2145,7v,1,1,T2 T4 J2
2SK2145,bn,3,1,
2SK2145,f1,1,1,
2SK2145,m4,1,1,P105 J101 D2
2SK2145,m5,1,1,P105 D1 P102
2SK2145,mq,1,3,D1 J2 C2
2SK2145,mx,1,4,D2 D1
2SK2145,mz,1,1,J107 D2 C2
2SK2145,n3,1,4,D1 D1
2SK2145,n4,1,1,D1 J207 C2
2SK2145,n8,1,1,J104 D104
2SK2145,nb,1,1,J204
2SK2145,ng,1,1,D2 J104
2SK2145,ni,1,1,J204 D2
2SK2145,pf,1,1,C4
2SK2145,pm,2,1,
2SK2145,rs,1,1,J102 T102 T104
2SK2145,rt,1,1,J102 T102 T104
2SK2145,ru,1,1,D1 D1 P102
2SK2145,vn,1,1,R195 D2 D2
2SK2145,wb,1,1,R10 C1 C10
2SK2145,wc,1,1,T5 T2 D1
2SK2145,wd,1,1,T5 T2 D1
2SK2145,we,1,1,D1 R10 C10
2SK2145,wh,1,1,D3 D4 R9
2SK2145,wi,1,1,D3 D4 R9
2SK2145,wj,1,1,D3 D4 D2
2SK2145,wk,1,1,D3 D4 R9
2SK2145,wl,1,1,D3 D4 R9
2SK2145,y4,1,1,J102 T102 T104
2SK2145,y5,1,1,J102 T102 T104
2SK2145,z6,4,4,Q11 R36
2SK2145,z6,6,1,
2SK2145,z7,4,3,Q11 R35 C15
2SK2145,z7,5,2,Q16 C24 C23
2SK2145,z7,7,1,
2SK2145G,bn,3,1,
2SK216,16a,1,1,
2SK216,1ax,1,2,R26 C3 C2
2SK216,1cv,1,1,V1 R47 D14
2SK216,6g,1,1,
2SK216,aj,1,2,R26 R11 R10
2SK216,ak,1,1,R26 C2 J1
2SK216,ap,1,1,R1 J2 J1
2SK2199,15h,1,1,
2SK223,lc,1,1,
2SK225,ld,2,1,
2SK225,ld,8,1,
2SK226,ld,8,1,
2SK2381,he,2,1,
2SK24,o1,1,1,
2SK24,o1,2,1,
2SK24,o2,1,2,
2SK24,o4,1,2,
2SK240,19k,1,2,Q10 C21 R19
2SK240,19l,1,2,Q10 C21 R19
2SK240,ug,1,1,
2SK240,ug,2,1,
2SK246,176,1,2,J6 R15 J4
2SK246,1fv,1,2,T1 C1 R1
2SK246,1fw,1,2,T1 C1 R1
2SK246,1hn,1,1,
2SK246,ez,1,1,
2SK246,iv,2,1,
2SK246,iw,2,1,
2SK246,ka,1,4,Q7 C1 Q5
2SK246,la,1,1,
2SK246,o1,1,2,Q1 Q2 P4
2SK246,o2,2,2,Q1 Q2 P5
2SK246,o3,1,2,Q1 Q3 R14
2SK246,o4,2,1,Q1 Q2 P2
2SK246,o5,1,1,Q1 Q3 R14
2SK2700,1i8,1,2,Q2 R24 R20
2SK2700,1i9,1,2,Q2 R24 R20
2SK2700,1ie,1,2,Q2 R24 R20
2SK301,ey,1,3,
2SK30A,1fo,2,1,
2SK30A,ug,2,1,
2SK30A,ug,3,1,
2SK332,g5,1,1,
2SK332,g6,3,1,
2SK332,g7,1,2,
2SK3497,1fm,5,1,
2SK3497,he,1,1,
2SK3497,jz,6,1,
2SK3557,xk,5,1,
2SK3557,xn,1,1,Q2 Q3 Q1
2SK369,19g,1,1,
2SK369,1cn,1,4,
2SK369,1fo,10,1,
2SK369,1gy,6,1,
2SK369,1hn,2,1,
2SK369,4y,1,1,VR1
2SK369,f0,1,2,
2SK369,f1,1,3,
2SK369,gb,2,1,
2SK369,jz,3,1,
2SK369,jz,4,1,
2SK369,ls,1,2,U1 T1 D3
2SK369,sv,1,2,Q5 R20 R13
2SK370,eo,3,1,
2SK370,es,5,1,
2SK370,et,6,1,
2SK370,g6,1,1,
2SK372G,lc,1,1,
2SK373,1fo,2,1,
2SK389,18,1,1,U1 R25 R2
2SK389,1ax,1,2,J1 R11 R6
2SK389,1hg,1,1,J1b J1a Q2
2SK389,72,8,1,
2SK389,ak,1,1,R27 J1 C9
2SK389,dw,1,1,
2SK389,g4,2,1,
2SK389,g6,3,1,
2SK389,i0,1,1,
2SK389,rb,1,1,
2SK389,rb,3,2,J1 R15 D7
2SK389,ri,1,1,
2SK389,tp,1,1,
2SK389,xp,3,1,
2SK389,xp,7,1,
2SK3898L,aj,1,1,R6 C9 R26
2SK413,y6,1,1,R10 V1
2SK413,y7,1,1,Q5
2SK413,y8,1,1,Q5 R1
2SK60,1fk,3,1,
2SK60,er,1,4,
2SK60,er,2,2,
2SK60,er,3,2,
2SK60,er,4,1,
2SK60,er,7,1,
2SK60,es,2,1,
2SK60,et,5,1,
2SK715W,5c,1,2,
2SK77,7z,5,1,
2SK77B,1as,1,1,
2SK77B,1fq,1,1,R13
2SK77B,1fs,1,1,R13
2SK77B,1j5,1,1,C9 R25 C10
2SK77B,1j6,1,1,C9 R28 C10
2SK77B,1j7,1,1,C9 R28 C10
2SK77B,1j8,1,1,C9 C10
2SK77B,7z,5,1,
2SK77B,80,1,2,
2SK79,2m,1,1,J1 R2 R9
2SK79,2n,1,1,R2
2SK79,2o,1,1,
2SK79,z6,1,1,
2SK79,z6,2,1,
2SK79,z6,3,1,
2SK79,z6,4,1,
2SK79,z6,5,3,J3 R58 R60
2SK79,z6,6,1,
2SK79,z7,1,1,
2SK79,z7,2,1,
2SK79,z7,3,1,
2SK79,z7,4,1,
2SK79,z7,5,1,
2SK79,z7,6,2,J4 VR3 R57
2SK79,z7,7,1,
2SK79,z8,1,1,
2SK79,z8,2,1,
2SK79,z8,3,1,
2SK79,z8,4,2,J3 VR3 C15
2SK79,z8,5,1,
2SK82,1ap,1,1,
2SK82,1fk,1,1,
2SK82,52,13,1,
2SK82,er,1,4,
2SK82,er,2,1,
2SK82,es,2,2,
2SK82,et,1,2,
2SK82,et,5,1,
2SK82,et,6,1,
2SK82,w0,1,1,Q1
2SK880,1ir,1,2,
2SK880G,110,5,1,
3000HZ,11s,1,1,R52 IC11B C44
3000R,ak,1,1,C57 D10
3000U,1i3,1,1,C1 R2
3000U,pa,1,1,R34 L2 C11
3000U,pb,1,1,R35 L3 C13
3000U,pc,1,1,R34 L2 C11
3000W,b9,3,1,
300B,16s,1,1,
300B,16s,2,3,
300B,16s,3,1,
300B,18k,1,7,
300B,18n,1,1,
300B,18o,1,1,
300B,1d6,2,5,
300B,1d6,3,6,
300B,1d6,4,3,
300B,1d9,1,1,
300B,1gr,1,1,R23
300B,2q,1,3,
300B,7z,3,1,
300B,cs,1,5,
300B,cs,2,8,
3N001,s7,1,1,
4069UB,xv,1,5,
4069UB,xw,1,5,
4093B,1bs,1,3,IC2a R21
4604,1jy,1,1,R141 X143
4604,1jz,1,1,R141 X143 C141
4604,sx,1,1,R141 X143 C141
4N25,107,3,1,R20 R22 C14
4N25,bx,1,1,
4N25,yz,1,2,L7
4N35,1b2,1,1,U1 R10 R8
4N35,1fm,4,3,
4N35,em,1,1,U1 R6 R5
4N35,en,1,1,U1 R6 R5
4N35,hj,1,5,
4N35,hk,1,5,
4N35,hl,1,5,
4N35,hm,1,5,
4N35,hn,1,2,
4N35,ho,1,2,
4N35,pg,1,1,
4N35,ph,1,1,R2
4N35,ry,1,1,Q5 Q6 C3
4N35,xb,1,1,C116 R113 C114
4N35,xc,1,1,R11 R9
4N35,xd,1,1,R11 R9
5687WA,3f,1,1,
5687WA,3g,1,1,
5692,vh,8,2,
5842,18k,1,1,S2
5881,83,1,3,
5967,31,1,1,
5967,32,1,1,
5AR4,18l,1,3,T1
5AR4,18m,1,3,T1
5AR4,18n,1,1,T1
5AR4,18o,1,1,T1
5AR4,2u,2,1,
5AR4,cs,1,1,D1 R13 R14
5AR4,g8,1,2,
5U4GB,19t,4,1,
5U4GB,19x,1,1,P6 P8 P2
5U4GB,1hd,1,1,
5V4G,29,1,1,
5Y3,ef,1,1,V3
5Y3GT,1co,1,1,
5Y3GT,ge,1,3,R12 C12 R13
6072WA,s1,1,1,
6550,19t,2,1,
6550,19x,1,1,P3 P5 R5
6688,158,1,1,R1 R11 V1
6808,18d,1,1,R81 C81 R63
6922EH,zg,1,2,U4 R25 R21
6AK5,2u,1,3,
6AK5,2u,2,1,
6AK5,2u,3,3,R12 R12 C6
6AK5,2u,5,3,
6AQ5,156,1,1,U1 R5 R6
6AQ5,1bn,1,2,R27
6AS7,1d9,2,1,
6AS7G,1d8,1,1,
6AS7G,1d8,2,3,
6AS7G,1d8,5,2,
6AU4,3w,1,1,V1 V2
6AU4,3x,1,1,V1 V2
6AU6,1bn,1,2,C114 R27
6AU6,79,1,2,
6AV6,1co,1,2,
6BL7,1d9,2,1,
6BL7,2q,1,3,
6BL7,vh,8,2,
6BM8,1d8,1,1,
6BM8,1d8,2,4,
6BM8,1d8,5,3,
6BM8,1d9,2,1,
6BM8,1fo,14,1,
6BM8,3j,1,2,V1B J2A R10A
6BM8,jz,8,1,
6BQ5,2v,2,2,R28 R28 V4
6BQ7A,yf,1,2,
6BQ7A,yg,1,2,
6BQ7A,yh,1,2,
6BQ7A,yi,1,2,
6BQ7A,yj,1,2,
6BX7,1d9,2,1,
6BX7,vh,6,1,R11 R9 J9
6BX7,vh,8,3,
6C10P,2u,3,1,R40 R40 R42
6C33C,151,1,1,R4 R2 R26
6C33C,152,1,1,R3 R23 R1
6C33C,153,1,1,R3 R23 R1
6C45,156,1,2,V6 U4 R7
6C45P,3k,1,1,C6
6CA4,1d1,1,1,V301 R301 C301
6CA4,g0,1,1,
6CA4,g1,4,1,
6CA7,1i2,3,1,
6CA7,90,1,2,
6CA7,9m,4,1,
6CA7,9m,5,1,
6CA7,ke,1,2,
6CA7,ke,2,1,
6CG7,1a6,1,3,C2 R5 J5
6CG7,1d9,2,1,
6CG7,yl,1,3,V2A
6CG7,ym,1,3,V2A
6CG7,yn,1,3,V2A
6CG7,yo,1,3,V2A
6CG7,zg,1,1,
6CM5,3l,1,2,R19
6CM5,ge,1,1,C8 C6 C7
6CZ5,10t,1,1,
6DJ8,14x,1,2,D13 R50 R53
6DJ8,18p,1,4,R37 C2
6DJ8,18q,1,4,R37 C2
6DJ8,1dq,1,1,
6DJ8,1ec,1,1,
6DJ8,1ed,1,1,
6DJ8,1eg,1,1,
6DJ8,1eh,1,1,
6DJ8,3m,1,3,
6DJ8,3m,2,1,
6DJ8,3m,5,1,
6DJ8,3m,6,1,
6DJ8,vh,5,2,
6DJ8K,151,1,4,C2 U7 C1
6DJ8K,152,1,4,R25 C2 U7
6DJ8K,153,1,4,R25 C2 U7
6DJ8L,9o,1,5,R68 C27 C28
6DJ8L,9p,1,5,R68 C27 C28
6DJ8L,9q,1,5,R68 C27 C28
6DX8P,3n,1,2,V1b C1 R32
6DX8T,3n,1,2,V2a R11 U1
6E5P,3o,1,2,
6EM7,1d7,1,1,
6EM7,1d7,2,1,
6EM7,1d7,3,3,
6FQ7,1d9,2,1,
6H30,1,1,5,
6H30,vh,5,1,
6H30PI,vh,4,1,R11 R9
6H30PI,vh,8,3,
6J5,1d8,1,1,
6J5P,kj,1,1,V1 R3 R5
6K3,10t,1,1,
6L6,1fk,7,1,
6L6,2x,1,8,V5 V6 V4
6L6,2x,3,4,V5 V6 SW8
6L6,2x,4,4,V9 V10 SW9
6L6,2y,1,8,V5 V6 V4
6L6,2y,3,4,V5 V6 SW8
6L6,2y,4,4,V9 V10 SW9
6L6,4q,11,1,
6L6,7a,2,1,
6L6,8z,2,1,
6L6,ej,10,1,
6L6,ek,3,1,
6L6,eo,8,1,
6L6,er,1,1,
6L6,es,6,1,
6L6,es,17,1,
6L6,h7,7,1,
6L6,h8,7,1,
6L6,il,1,2,
6L6,il,2,1,
6L6,il,3,1,
6L6,il,4,1,
6L6,il,5,1,
6L6,il,6,1,
6L6,il,7,1,
6L6,il,8,1,
6L6,il,9,1,
6L6,im,1,1,
6L6,in,1,1,
6L6,io,1,2,
6L6,io,2,1,
6L6,io,3,1,
6L6,io,4,1,
6L6,io,5,1,
6L6,io,6,1,
6L6,io,7,1,
6L6,io,8,1,
6L6,io,9,1,
6L6,ip,1,1,
6L6,iq,1,1,
6L6,ke,2,1,
6L6,qa,2,1,
6L6,xk,1,5,
6L6,xk,14,1,
6L6,xm,1,1,
6L6GC,1ae,1,1,
6L6GC,8z,2,1,
6L6GC,ke,2,1,
6L6WGB,3p,1,3,
6N14P,16q,1,1,
6N17B,1g1,1,1,U1 C3 C1
6N1P,164,1,4,R3
6N1P,19x,1,2,R4 C2 C3
6N1P,pq,1,1,
6N1P,xj,1,2,
6N23P,1dq,1,1,
6N23P,1ec,1,1,
6N23P,1ed,1,1,
6N23P,1eg,1,1,
6N23P,1eh,1,1,
6N23P,zg,1,1,C20
6N2P,15t,1,1,R6 R3 R5
6N2P,1gq,1,3,C10 R19
6N3P,2u,1,4,
6N3P,2u,2,1,
6N3P,2u,3,8,R35 R35 R32
6N5P,2u,2,1,
6N5P,2u,3,4,V4B V4B R14
6N6P,16s,2,2,
6N6P,x2,1,4,J13 C2 R11
6N6P,x3,1,4,J13 C2 R11
6N6P,x4,1,4,J13 C2 R11
6N6P,x5,1,6,J13 C2 R11
6N6P,x6,1,4,J13 C2 R11
6N6P,zg,1,1,
6N7,y2,1,1,
6N7,y3,1,2,
6P1,t3,1,1,VT1 R20 R19
6P14P,2v,2,1,R28 R28 V4
6P15P,2v,2,2,R22 R22
6P15P,2v,3,2,C14 C14 R36
6P15P,xj,1,5,
6P18P,2s,1,1,R11 R11
6P18P,2v,2,1,R28 R28 V4
6P1P,1dc,1,4,
6P1P,1dd,1,5,
6P1P,ig,1,2,U11 R19 R1
6SL7,1an,1,1,
6SL7,1c1,1,2,
6SL7,28,1,3,
6SL7,29,1,2,
6SL7,2b,1,2,
6SL7,2q,1,3,
6SL7,rz,1,2,C3 R10 R5
6SL7,s0,1,1,
6SL7,vh,4,1,R7 R9 C23
6SL7,vh,8,4,
6SL7GT,2b,1,1,
6SL7GT,ge,1,2,C5 R6
6SL7GT,gu,1,2,V4A R5 R7
6SL7GT,gv,1,2,V4A R5 R7
6SN7,1c1,1,1,
6SN7,1d8,1,1,
6SN7,1d9,2,1,
6SN7,1hd,1,3,
6SN7,an,1,1,U2 R6 C4
6SN7,rz,1,2,C9 R18 R19
6SN7,s0,1,1,
6SN7,vh,3,3,
6SN7,vh,4,9,
6SN7,vh,5,4,
6SN7,vh,6,6,R3 C23 V1
6SN7,vh,8,6,
6SU7,vh,8,1,
6U8,go,1,3,C7 R2 U1
6V6,1hf,1,1,R9 R10 C5
6V6,7a,2,2,
6V6,8z,2,1,
6V6,90,2,1,
6V6,9m,3,1,
6V6,9m,5,1,
6V6,gu,1,2,V2 R2 R3
6V6,gv,1,2,V2 R2 R3
6V6,ke,2,1,
6V6,qa,2,1,
6V6GT,1co,1,1,
6V6GT,yl,1,4,
6V6GT,ym,1,4,
6V6GT,yn,1,4,
6V6GT,yo,1,4,
6X4,g1,4,1,
7025,or,1,4,R23 R19 U7
7027D,10h,1,3,
7281,pa,1,1,
7281,pb,1,1,U1
7281,pc,1,1,
74AC11257,11b,1,1,C29 C26 C27
74AC11257,mc,1,1,C29 C26 C27
74AC74,1bl,4,4,U26A C127 U26B
74AC74,1bl,5,4,U15A C38 U15B
74HC04,14l,1,6,
74HC04,14m,1,6,U2 U1
74HC04,14o,1,2,U2 U11 U11
74HC04,1gw,1,7,R7 R6 J5
74HC04,1gx,1,1,
74HC04N,1bt,1,12,U2A C6 U3A
74HC08,14l,1,3,
74HC08,14m,1,5,U1 U1 U2
74HC08,14o,1,8,U11 U11 U13
74HC08,fd,1,2,U2 U1
74HC08,z9,7,2,IC28D C122
74HC14,1a4,1,1,
74HC14,55,1,9,U1A U1A U1B
74HC14,55,2,1,C31
74HC14,eu,1,11,U1A U1A U1B
74HC14,eu,2,1,C31
74HC157,12p,1,1,C4
74HC157,1jb,1,1,R44 U20 R50
74HC163,14l,1,1,
74HC163,14m,1,1,U5
74HC174,he,12,1,
74HC32,14m,1,1,
74HC32,14o,1,3,U13 U11 U11
74HC4017,1c0,1,1,
74HC4053,7f,1,1,
74HC4053,tq,1,1,U1 X1 C8
74HC4060,1c0,1,1,
74HC541,14n,1,2,
74HC573,5m,16,2,
74HC574,14l,1,1,Q7 D6 Q6
74HC574,14m,1,2,D7 Q7 D6
74HC574,14o,1,1,D7 Q7 Q6
74HC595,1a4,1,1,
74HC595,1a5,1,1,C1 R2
74HC595,j8,1,1,IC205 IC203 C12
74HC595D,c7,1,6,U6 Q0 Q1
74HC595D,c8,1,6,U6 Q0 Q1
74HC74,1c0,1,3,U3A
74HC86,1ey,1,3,U1A U1B R9
74HC86D,15e,1,4,IC2A IC2B R1
74HC86D,15f,1,4,IC2A IC2B R1
74HC86D,18i,1,1,U1 R68 R27
74HC86D,cv,1,1,U7 R4 C1
74HCT00N,1hk,1,4,IC3A IC3B
74HCT04,bc,1,1,U5 C16 R12
74HCT04,bd,1,1,U5 C16 R12
74HCT132,cw,5,4,U17A R113 C64
74HCT132,cx,5,4,U17A R113 C66
74HCT132,cy,5,4,U17A R113 C66
74HCT164D,ex,1,6,IC1 R3 R1
74HCT164D,g3,1,6,R13 LED1 D1
74HCT164N,1hk,1,7,IC6
74HCT174N,1hk,1,1,D6 Q6 D5
74HCT74,bc,1,1,U6 C19 C18
74HCT74,bd,1,1,U6 C19 C18
74HCT86N,1hk,1,2,IC2A IC2B IC3B
74HCU04,cp,1,2,R8 R7 U2
74LS04,1bi,1,1,C5 U2A R5
74LS08,14l,1,1,Q7 D6 Q6
74LS14,1bg,1,1,C5 U2A R5
74LS14,1bh,1,1,C5 U2A R5
74LV4040AN,17d,1,1,U8 Q11 Q9
74LV574A,cw,3,3,Q7 Q6 Q5
74LV574A,cw,4,3,Q7 Q6 Q5
74LV574A,cx,3,2,Q7 Q6 Q5
74LV574A,cx,4,2,Q7 Q6 Q5
7591,3t,1,2,V3 V4 R9
7591,3u,1,2,V3 V4 R11
7591,3v,1,2,V3 V4 R13
7805,14m,1,1,U9
7805,15z,1,1,IC6 C14 C12
7805,1a5,1,1,U7 C12 U6
7805,1dn,1,1,IC4
7805,1dq,1,2,IC5 C52 C50
7805,1dz,1,1,IC4
7805,1e2,1,2,IC5 C46 C44
7805,1eb,1,2,IC5 C52 C50
7805,1ei,1,1,IC4
7805,1el,1,2,IC5 C44 C42
7805,1eq,1,1,IC4
7805,1i4,7,1,
7805,27,1,1,
7805,50,1,1,IC6 C28 C21
7805,5m,16,1,
7805,8p,1,1,V173 V111
7805,9a,1,1,U2 U3 U4
7805,bc,1,1,C16 U4 C17
7805,bd,1,1,C16 U4 C15
7805,cg,1,1,IC6 C14 C12
7805,mw,1,1,IC2
7805,nd,1,1,IC2
7805,nk,1,1,IC2
7805,pk,1,1,U1 Q3
7805,pl,1,1,U1 Q3
7805,q0,1,1,
7805,sb,1,1,U1 C12 C11
7805,sg,1,1,C5 ZD1 U2
7805DT,g3,1,2,IC14 C58 C77
7805TV,14a,1,1,
7805TV,19e,1,1,
7805TV,1b1,1,1,
7805TV,7s,1,1,
7805TV,7t,1,1,C6
7806,3q,1,1,IC6 J7 R1
7812,19s,1,1,D5
7812,1jb,1,1,LED1 C28 R3
7812,50,1,1,IC4 C17 C15
7812,7g,1,1,U1 C5 R15
7812,7h,1,1,U1 C5 R15
7812,bx,1,1,LED1
7812,dx,1,1,D4 C22
7812,l6,1,1,IC1 D2 D1
7812,m2,1,1,
7812,ne,1,1,IC1 C2
7812,p6,1,1,U6 C11 ZD5
7812,xa,1,1,
7812,xa,2,1,J1
7812DT,g3,1,1,IC8 C41 C75
7812L,1gb,1,1,IC5 C30 R6
7815,15z,1,1,IC5 C2 D15
7815,fd,1,1,U3 C10 C11
7815,xk,5,1,
7815,xk,6,1,
7815,xk,12,1,
7815,xn,1,1,U3 C18 C17
7815TV,1b8,1,1,C15 IC1 R8
7815TV,1b9,1,1,IC1 C13 LED1
7818,1au,1,1,C20 C21 C14
7818,1av,1,1,C20 C21 C22
7824,ne,1,1,IC1 C2
7824,o1,5,1,IC2 IC1 J5
7824,o2,2,1,IC2 IC1 J1
7824,o4,1,1,IC2 IC1 D14
7824,o5,1,1,IC2 C19 C16
7824,o6,1,1,IC2 C19 C16
78L05,10d,2,1,IC1 C25 P6
78L05,1c,2,1,U7
78L05,1i4,3,1,
78L05,1i4,6,1,Q14 Q13 Q12
78L05,1i4,7,1,
78L05,1x,2,1,U7
78L05,cw,5,1,U18 C67 C68
78L05,dn,1,1,
78L05,j8,1,1,C12 C13 IC203
78L05,lk,1,1,U1 C5 C7
78L05,ll,1,1,U1 C5 C7
78L05,nw,2,1,
78L05,nw,5,1,Q14 Q44 Q13
78L06,180,3,1,IC202 C202 C203
78L06L,181,1,1,IC109 C14 D1
78L08,1a3,1,1,
78L08,1a4,1,1,
78L08,1a5,1,1,U6 C12 U7
78L08SMD,vy,1,1,C5 C11 R7
78L08Z,172,1,1,IC2 C7 C8
78L12,1h9,1,1,IC3 C9 C15
78L12,1hg,3,1,
78L12,8q,1,1,IC5 C14 C15
78L15,fc,1,1,
78M05,17d,1,1,U6 C7 C6
78M12UC,sp,1,2,C107 C105 C106
78S12C,q3,7,1,U4 R30 C6
7905DT,g3,1,2,IC15 C59 C78
7912,1jb,1,1,C29 C00 C28
7912,50,1,1,IC5 C18 C16
7912,7g,1,1,U2 C6 C8
7912,7h,1,1,U2 C6 C8
7912,dx,1,1,D5 C22
7912,p6,1,1,U7 C12 ZD6
7912,xa,1,1,
7912,xa,2,1,J1
7912,z0,1,1,U1 R15 C7
7912,z1,1,1,U1 R15 C7
7912DT,g3,1,1,IC9 C42 C76
7915,15z,1,1,IC4 C8 C7
7915,cg,1,1,IC4 C8 C7
7915,fd,1,1,U4 C13 C14
7915,xk,5,1,
7915,xk,6,1,
7915,xk,12,1,
7915,xn,1,1,U4 C19 C20
7918,1au,1,1,C23 C18 C12
7918,1av,1,1,C23 C18
7924,o1,5,1,IC1 D14 IC2
7924,o2,2,1,IC1 D14 IC2
7924,o3,1,1,IC1 C23 C26
7924,o4,1,1,IC1 D14 IC2
7924,o5,1,1,IC1 C23 C26
7924,o6,1,1,IC1 C23 C26
79L05,1i4,4,1,
79L05,1i4,6,1,Q14 Q13 Q12
79L05,lk,1,1,U2 C6 C8
79L05,ll,1,1,U2 C6 C8
79L05,nw,3,1,
79L05,nw,5,1,Q14 Q44 Q13
79L06,180,3,1,IC203 C203 C202
79L06,181,1,1,IC110 D2 IC108
79L12,1h9,1,1,IC4 C10 C16
79L12,1hg,3,1,
79L12,8q,1,1,IC6 C21 C22
79L15,fc,1,1,
7D7,12i,1,1,R12 R7 D8
7D8,4w,9,1,U16 U2B U29
8049,fj,2,1,
807,16e,1,2,
8121,si,1,1,
8121,sj,1,1,
85A2,17g,1,1,V3 C4 R5
85A2,3r,1,1,V3 C4 R5
A1015,ox,1,1,Q6 R13 C5
A1015Y,1j9,3,6,Q9 Q10 Q13
AC112,18e,1,1,
AC124,1af,1,1,D16
AC154,1ag,1,1,R20 D12 C2
AC154,1ah,1,1,R20 D12 C2
AD711,19k,1,1,U2 R23 R22
AD711,19l,1,1,U2 R23 R21
AD711,vu,8,1,
AD711JN,14w,1,1,U3 R42 R41
AD711JR,e,1,1,C10 U1 D4
AD744JN,14w,1,1,U1 R3 C3
AD797,1ab,8,1,
AD797,1ab,15,2,
AD797,1ab,17,2,
AD797,1i7,1,2,R3 R1
AD797,eg,5,1,
AD797,ix,1,1,
AD797,nx,1,1,
AD797ARZ,e8,1,1,U3 C26 R7
AD8031,1gh,1,1,Q8 C11
AD811,4x,1,2,U1 R4
AD811,vu,6,1,
AD811,vu,7,2,
AD811,vu,8,1,
AD817,vu,8,1,
AD817N,o8,1,1,IC2 LED1 R7
AD820,vu,8,1,
AD823,11m,1,1,R47 R48 R39
AD823,98,1,1,U1 R12 C4
AD823,99,1,1,U1 R12 C4
AD823,di,1,1,U1 R12 C4
AD823,dj,1,1,U1 R12 C4
AD823AN,12x,1,1,U1 C8 C5
AD823ANZ,98,2,1,
AD823ANZ,99,2,1,
AD824,1iw,1,2,U5 D2 R22
AD824,1ix,1,2,U5 R22 D2
AD825,1ab,17,1,
AD825,1by,3,1,
AD825,1bz,3,1,
AD825,vu,7,2,
AD825,vu,8,2,
AD826,10m,1,1,C27 D3 R1
AD8429,bp,1,1,U1
AD8429,bq,1,1,U1
AD843,1hu,1,1,U101 C101 R101
AD843,1hu,2,1,U201 C201 R201
AD843,1hv,1,1,U101 C101 R101
AD843,1hv,2,1,U201 C201 R201
AD843,1hy,1,1,U101 C101 R102
AD843,1hy,2,1,U201 C201 R202
AD843,vu,8,1,
AD844,4y,1,1,
AD844,bn,1,1,
AD844,bn,3,1,
AD844ANZ,10c,3,2,Q7 R8 R15
AD845,vu,8,1,
AD847,vu,8,1,
AD847JN,cu,1,1,
AD8512ARZ,ad,3,3,R102 C37 C38
AD8599R,sw,1,3,C6 C3 C5
AD8610,gw,2,1,
ADA4898,vv,1,1,
ADA4898-1,ex,1,1,IC5 IC6 IC4
ADS1120,z9,4,1,
AO3401A,j3,1,3,Q7 C4 C3
AO3401A,j4,1,2,R7 R36 C9
ATMEGA8,1hq,7,1,U701 R704 D702
B380,bd,1,1,U1 C2 R2
B560C,o6,1,1,Q13 R25 R35
BAS16,e9,1,6,D1 D2 C15
BAS21J,wm,1,2,D3 T3 D1
BAS316,33,1,4,D5 R11 Q1
BAS316,xx,1,2,L000
BAS32L,1bl,3,2,D9 D8 Q3
BAS40,97,2,1,
BAS70,1bl,3,1,D11 Q3 R68
BAT41,16y,1,2,D3 C11 D4
BAT41,1ab,2,1,D3 C4 R2
BAT41,1ab,3,1,D3 C4 R2
BAT42,15z,1,1,D16 IC2A IC2B
BAT42,cg,1,1,D16 IC2A IC2B
BAT42,y0,1,1,C1 R5
BAT42,z9,1,1,D1 C7 Q1
BAT46WJ,da,1,1,D2 D3 R5
BAT54,1ew,1,2,R4 D5 D23
BAT54,1ex,1,2,R4 D5 D23
BAT54,1gz,1,4,D11 D4 R10
BAT54,1h0,1,4,D11 D4 R10
BAT54,1k6,1,3,D7 T1 Q1
BAT54,9u,1,1,IC300
BAT54,b9,14,2,D4 D11 R10
BAT54,c7,1,2,VT1 R5 R3
BAT54,c8,1,2,VT1 R5 R3
BAT54,gl,3,2,D4 D3 R16
BAT54,hq,1,2,R29 Q10 C1
BAT54,lt,1,4,R7 D3 D4
BAT54,pw,1,2,D4 Q7 C4
BAT54,px,1,1,D4 D1 C4
BAT54,uh,1,4,D7 T1 Q1
BAT54,ul,1,3,D2
BAT64,og,1,1,D7 R12 Q23
BAT81,1gw,1,1,C3 D1 R1
BAT81,1gx,1,1,J310 D1 Q1
BAT81S,1gx,1,1,
BAT85,6q,1,2,
BAT854SW,gm,1,4,IC5a C12 R16
BAV103,vk,1,8,D10 R28 R32
BAV199,19q,1,1,D6
BAV199,8q,1,2,D1 C10 IC4A
BAV199,m8,1,1,D6
BAV199,m9,1,1,D7
BAV199,ma,1,2,D1 R10
BAV199,md,1,4,
BAV19WS,ba,2,3,D9 R145 D25
BAV20,17m,1,1,D6 T4 T5
BAV21,10g,1,1,D3 R14 C5
BAV21,10i,1,1,D17 C41 C40
BAV21,10j,1,2,D17 D18 Q21
BAV21,10o,1,1,D2 Q16 R66
BAV21,11y,1,1,Q10 D1 C10
BAV21,129,1,1,C2 D1 C1
BAV21,13,1,2,D26 Q14 C7
BAV21,18c,1,2,R206 C186 Q184
BAV21,1aa,1,1,D3 R12 R9
BAV21,1k0,1,1,D3 R14 C5
BAV21,2d,1,5,D105A C109 Q103
BAV21,2d,2,2,D8 C5 D10
BAV21,2d,3,2,D105A C109 Q103
BAV21,2e,1,5,D105A C109 Q103
BAV21,2e,2,2,D8 C5 D10
BAV21,2e,3,2,D105A C109 Q103
BAV21,3h,1,14,D105 C109 Q103
BAV21,6q,1,2,
BAV21,6v,1,2,D7 R35 R39
BAV21,6w,1,2,D7 R33 T31
BAV21,7b,1,1,D12 D27 C28
BAV21,hq,1,3,R23 R71 D3
BAV21,jq,1,1,
BAV21,lj,1,1,D11 Q9 R4
BAV21,o9,1,6,D7 R22 D1
BAV21,oa,1,4,D7 R22 D1
BAV21,oc,1,2,D3 Q5 R2
BAV21,oe,1,1,D1 T8 C5
BAV21,of,1,1,D2 T13 R24
BAV21,oh,1,1,D4 R38 C3
BAV21,pb,1,1,R33
BAV21,qb,1,1,D4 D5 D6
BAV21,qc,1,1,D4 D5 D3
BAV21,qd,1,1,D4 D5 D3
BAV21,qe,1,1,D4 R78 C11
BAV21,tf,1,1,D4 R14 R15
BAV21,tg,1,1,D4 T3 C7
BAV21,th,1,1,D4 T3 C7
BAV21,tl,1,4,D7 R7 D5
BAV21,tm,1,4,D16 D14 R30
BAV21,wc,1,2,R50 D10 T29
BAV21,wc,7,1,
BAV21,wd,1,2,R50 D10 T29
BAV21,wd,7,1,
BAV21,we,1,2,D10 T29 C27
BAV21,wf,1,2,R36 T29 C23
BAV21,wg,1,2,D11 R37 R38
BAV21,wg,7,2,C39 C19
BAV21,wh,1,2,D10 R40 C25
BAV21,wh,7,1,
BAV21,wi,1,2,C05 T26 C27
BAV21,wj,1,2,D10 C27 D3
BAV21,wk,1,2,D10 R40 C25
BAV21,wk,7,1,
BAV21,wl,1,2,D10 C0 C27
BAV23,l8,1,2,D3 D2 U1
BAV70,97,2,1,
BAV99,1hj,1,2,D1 T4 R6
BAV99,3e,1,1,
BAV99,3e,2,1,
BAV99,9u,1,1,IC501
BAV99,gn,1,2,D8 D11 R16
BAV99,go,1,3,C12 R1 Q2
BAV99,lz,1,4,D3 D3 R13
BAV99,m0,1,4,D3 D3 R13
BAV99,tx,1,1,
BAV99,u0,1,1,D2 D3 R7
BAV99,uk,1,2,R1 R2 C1
BAV99W,a0,6,2,
BAV99W,tw,1,2,C34 C32 D3
BAV99W,tx,1,1,
BAV99W,ty,1,2,
BAW76,hg,1,2,
BAX16,1cl,1,6,
BC037,x1,1,1,
BC107B,9l,2,1,
BC109,1fl,1,1,
BC109,1fl,2,1,
BC109,1fl,4,1,
BC109,ie,1,1,R5
BC177,17,1,1,
BC177B,9l,2,1,
BC179,1fl,3,1,
BC182,6e,1,3,T5 R11 T6
BC182B,1ar,1,2,Q9 R12 Q12
BC182B,k4,1,2,T4 R11 R10
BC182B,k5,1,2,T4 R11 R10
BC182B,k6,1,2,T5 R10 R11
BC182B,k7,1,2,T5 R10 R11
BC182B,k8,1,2,T6 R12 D1
BC182B,u5,1,2,T6 R12 D1
BC184,1fl,2,1,
BC184,1fl,3,1,
BC184,1gy,1,2,R20 R29 R16
BC214,1fl,5,1,
BC214,1gy,1,1,R27 R19 R26
BC214C,cj,3,3,R26 R24
BC214L,1fl,3,1,
BC237,mf,1,1,R7 P600
BC237-40,gb,3,1,
BC239C,1k1,1,1,TR1 TR2 C1
BC327,123,1,2,Q4 Q2 R6
BC327,1bv,1,1,Q2 Q3 LED1
BC327,1bv,3,1,
BC327,1cz,1,2,V101B V102A R106
BC327,4l,1,1,Q2 R6 R2
BC327,6n,1,1,Q8 Q7 C9
BC327,6s,1,1,
BC327,6t,1,1,
BC327,6u,1,1,
BC327,kw,1,1,Q8 Q7 R27
BC327,lh,1,1,
BC327,sg,1,3,Q2 R6 R7
BC327,sh,1,1,Q2 R6 R7
BC327,wy,2,1,Q205 J310
BC327,wz,1,15,Q17 Q18 R4
BC327,x0,1,3,Q205 J310 Q207
BC327,x1,1,3,
BC327-25,4l,1,1,Q2 R10 D4
BC327-40,10i,1,2,Q13 R50 Q4
BC327-40,10m,1,1,Q15 R13 R40
BC327-40,10o,1,5,Q13 R11 R50
BC327-40,1h7,1,2,Q1 R2 J1
BC327-40,1h8,5,1,
BC327-40,dj,1,2,Q1 VR1
BC327-40,ok,1,1,D13 Q12 R27
BC337,123,1,1,Q3 R10 Q5
BC337,128,1,1,Q1 R20 D2
BC337,1bv,1,4,Q1 R2 R7
BC337,1bv,3,1,LED1
BC337,1hc,1,1,Q1 D2 D1
BC337,35,1,1,Q1 R3 C2
BC337,36,1,1,Q1 R4 R5
BC337,4l,1,1,Q1 R5 C1
BC337,6n,1,1,Q7 Q8 C9
BC337,6s,1,1,
BC337,6t,1,1,
BC337,6u,1,1,
BC337,e2,1,2,Q2 R5 R2
BC337,f0,1,1,
BC337,f1,1,1,
BC337,kw,1,1,Q7 D12 R28
BC337,lh,1,1,
BC337,sg,1,2,Q5 R34 R33
BC337,sh,1,2,Q3 D10 R31
BC337,wy,2,1,J310 Q205
BC337,wz,1,15,Q7 Q6 Q24
BC337,x0,1,3,Q105 R108 Q106
BC337,x1,1,2,
BC337-25,4l,1,1,Q1 R9 R4
BC337-40,10i,1,1,Q15 C43 R67
BC337-40,10o,1,1,Q15 C43 R68
BC337-40,12h,1,1,Q10 R25 C7
BC337-40,1gu,1,1,D11 Q11 C13
BC337-40,1h7,1,2,Q1 R2 R3
BC337-40,1h8,5,1,
BC337-40,73,1,2,Q3 R9 R8
BC396B,rb,3,1,R46 Q21 D3
BC416C,ie,1,1,
BC449,k0,1,2,
BC449,k1,1,2,
BC449,k6,1,2,Q105 C105 R113
BC449,k7,1,2,Q105 C105 R113
BC449,k8,1,2,Q105 C105 R113
BC449,u5,1,2,Q105 C105 R113
BC516,1dj,2,2,Q21 C24 R24
BC516,69,1,1,Q71 C74
BC516,lm,1,2,Q21 R27 R29
BC516,n6,1,1,T105 T103 C109
BC516,sn,11,1,
BC516,sn,26,1,T4 R7 D24
BC516,v1,1,1,
BC516,v2,1,2,Q21 R27 R29
BC517,1at,1,1,T1 R8 C1
BC517,1fr,1,1,T1 R8 C1
BC517,v1,1,1,
BC546,10g,1,1,Q4 R7
BC546,11e,2,2,Q2 R20 Q1
BC546,11e,3,1,Q3
BC546,15k,1,1,
BC546,18r,1,1,Q903 R905 Q904
BC546,18r,2,2,Q302 S05 R314
BC546,18r,3,2,Q505 C519 D501
BC546,19g,1,3,T102 C102 R111
BC546,19n,1,1,T102 R135 R136
BC546,19v,1,2,T102 J102 T104
BC546,1b0,1,1,T101 P118 R116
BC546,1cd,1,2,T101 R113 C104
BC546,1ce,1,2,T101 R113 C104
BC546,1cf,1,2,T101 R113 C104
BC546,1cg,1,2,T101 R113 C104
BC546,1ch,1,2,T101 R113 C104
BC546,1cr,1,1,Q15 R19 L5
BC546,1ds,1,1,T1 R16
BC546,1dt,1,1,T2 R23
BC546,1dw,1,1,T3 R45
BC546,1dx,1,1,T4 R52
BC546,1e3,1,1,T1 R16 C7
BC546,1e5,1,1,T2 R36 C20
BC546,1ec,1,1,T1 R16 R19
BC546,1ed,1,1,T2 R23
BC546,1eg,1,1,T3 R45 R48
BC546,1eh,1,1,T4 R52 R55
BC546,1em,1,1,T1 R16 C7
BC546,1eo,1,1,T2 R36 C20
BC546,1j8,1,1,T1 R7 R10
BC546,1k3,1,1,T6 J4 R32
BC546,1k4,2,1,T6 T5 T8
BC546,4t,1,2,Q3 Q2 Q4
BC546,6e,1,2,T3 R1 R6
BC546,6p,1,1,
BC546,76,1,3,T4 D3 T5
BC546,77,1,3,T4 D3 T5
BC546,7q,1,2,R14 R16 C6
BC546,7v,1,2,T4 J3 T2
BC546,7w,1,1,T3 C4 T1
BC546,8i,1,7,
BC546,8i,2,4,
BC546,8i,3,1,
BC546,8t,1,3,Q4 Q5 R8
BC546,ai,1,1,T1 R7 R9
BC546,ca,1,1,T2 R23
BC546,d4,1,2,C12 Q2 R9
BC546,d5,1,2,C12 Q2 R9
BC546,d6,1,2,C12 Q2 R9
BC546,fh,1,3,Q6 C13 R16
BC546,fh,4,1,
BC546,fi,1,3,Q6 C13 R16
BC546,fn,1,1,
BC546,fo,1,3,Q6 C13 R16
BC546,jp,1,1,
BC546,kw,1,2,Q1 R11 Q2
BC546,l8,1,1,Q2 D4 R4
BC546,lf,1,4,T12 T14 T13
BC546,lg,1,4,T12 T14 T13
BC546,ms,1,3,T1 C3 C5
BC546,mt,1,5,T1 C3 R2
BC546,mu,1,5,T101 C103a R102
BC546,mv,1,5,T1 C5 R2
BC546,my,1,1,T11 T17
BC546,n0,1,1,T19 T24 T25
BC546,n2,1,5,T201 C203 R202
BC546,n5,1,3,T7 R29 C11
BC546,n6,1,4,T101 C103 R102
BC546,n7,1,1,T11 T17 T16
BC546,na,1,5,T201 C203 R202
BC546,nf,1,5,T101 C103 R102
BC546,nh,1,4,T207 R222 C209
BC546,nr,1,1,Q5 C5
BC546,ns,1,1,Q5 C5
BC546,p4,1,1,Q3 LED1 R3
BC546,p5,1,1,Q3 LED1 R3
BC546,pf,1,1,T1 R9 R11
BC546,qj,1,3,Q6 R2 Q5
BC546,qk,1,3,Q6 R2 Q5
BC546,ql,1,3,Q6 R2 Q5
BC546,qm,1,3,Q6 R2 Q5
BC546,rs,1,4,T102 J102 T104
BC546,rt,1,3,T102 J102 T104
BC546,sb,1,2,Q2 RV2 C5
BC546,tt,2,2,Q1 R13 Q2
BC546,ub,1,2,VR2 T8 R14
BC546,uo,1,1,Q15 R19 L5
BC546,v6,1,1,Q15 R19 L5
BC546,y4,1,2,T102 J102 T104
BC546,y5,1,2,T102 J102 T104
BC546,y7,1,1,Q1 R8 C3
BC546,y8,1,1,Q1 R8 C3
BC546,za,14,2,Q3 R20 C16
BC546,za,15,1,Q2 Q3 D4
BC546,zb,14,2,Q3 R20 C16
BC546,zb,15,1,Q2 Q3 D4
BC546,zs,1,3,T7 R16 R19
BC546A,11h,1,1,Q2 Q1 R20
BC546A,143,1,1,Q3 R16 R15
BC546A,1ew,3,7,Q34 D37 C10
BC546A,1ex,2,3,Q41 C30 Q25
BC546A,1ip,1,2,Q3 R16 R15
BC546A,hu,1,2,R21 Q9 Q8
BC546A,hv,1,2,R21 Q9 Q8
BC546A,lb,1,1,Q18 C4 Q19
BC546A,t7,1,1,Q3 R16 R19
BC546A,t8,1,1,Q3 R16 C152
BC546A,tw,1,1,Q1 R23 R22
BC546A,tx,1,1,
BC546A,ty,1,1,Q1 R23 R22
BC546A,tz,1,2,Q3 R16 R15
BC546A,u0,1,2,Q3 R16 R15
BC546A,y7,1,1,Q10 R19
BC546A,y8,1,1,Q10 R19 IC2
BC546B,108,1,1,Q5 R12 C13
BC546B,109,1,1,Q5 R12 C13
BC546B,10x,1,3,Q17 R11 Q5
BC546B,11,1,1,Q12 R21 R2
BC546B,11g,1,1,
BC546B,12w,1,1,Q1 R5 C1
BC546B,13,1,1,C21 C12 R23
BC546B,14,1,1,R23 C12 R14
BC546B,15,1,1,C21 R23 C12
BC546B,16a,1,1,Q6 R10 D2
BC546B,18v,1,4,Q4 Q2 C3
BC546B,18w,1,3,Q3 Q1 R2
BC546B,19j,1,6,Q15 R21 R0
BC546B,1aq,1,4,Q1 J1 R1
BC546B,1ar,1,2,Q10 R3 D2
BC546B,1bk,1,2,Q9 J1 R11
BC546B,1bu,1,2,Q1 R6 D3
BC546B,1ct,1,1,Q6 R11 D3
BC546B,1cu,1,1,Q6 R11 D3
BC546B,1cv,1,1,Q6 R10 D2
BC546B,2c,1,1,
BC546B,73,1,2,Q1 R5 R1
BC546B,84,1,2,T87 T88 R194
BC546B,97,2,1,
BC546B,c9,1,1,Q3 R9 Q1
BC546B,ck,1,3,Q5 R14 Q6
BC546B,d1,1,6,Q10 R25 R26
BC546B,d2,1,4,R2 R29 C35
BC546B,d3,1,6,Q10 R25 C25
BC546B,d4,1,1,Q10 R26 C9
BC546B,d5,1,1,Q10 R26 C9
BC546B,d6,1,1,Q10 R26 C9
BC546B,d7,1,1,Q16 C11 C13
BC546B,d8,1,1,Q18 C11
BC546B,d9,1,2,Q10 R26 C9
BC546B,da,1,1,Q5 Q4 R14
BC546B,fr,1,3,Q5 Q7 R21
BC546B,hq,1,4,Q39 D10 D9
BC546B,if,1,4,Q1 Q2 C9
BC546B,k4,1,2,T3 R9 R5
BC546B,k5,1,2,T3 R9 R5
BC546B,k6,1,2,T4 R5 T7
BC546B,k7,1,2,T3 R5 R1
BC546B,k8,1,2,T4 R5 T7
BC546B,k9,1,2,
BC546B,lo,1,3,Q5 C18 R11
BC546B,lp,1,1,R26 C4 R21
BC546B,oe,1,6,T14 R39 R35
BC546B,of,1,4,R7 T3 T4
BC546B,oh,1,4,Q15 Q12 D7
BC546B,pn,1,4,Q2 Q1 Q3
BC546B,sc,1,8,Q8 Q25 D5
BC546B,sd,1,5,Q1 Q2 R3
BC546B,u5,1,2,T4 R5 T7
BC546B,u8,1,3,Q1 R6 R7
BC546B,ua,1,4,Q8 Q9 C2
BC546B,v3,1,2,Q18 R17 R19
BC546B,v9,1,1,Q9 R29 R1
BC546B,xu,1,1,
BC546B,y6,1,3,Q7 R7 Q4
BC546B,z9,2,2,Q3 R33 R35
BC546B,zz,1,1,J112
BC546BP,1gi,1,2,Q10 R5 Q11
BC546BP,is,1,1,
BC546BP,u4,1,1,Q2 R22 R18
BC546BTA,130,1,3,Q4 Q5 D4
BC546BTA,2c,1,1,
BC546C,10g,1,3,Q5 R10 Q9
BC546C,1fu,1,4,Q3 C3 J309
BC546C,1hh,1,1,Q2 D4 C3
BC546C,1k0,1,3,Q5 R10 Q9
BC546C,hs,1,2,R1 R8 C2
BC546C,qb,1,1,Q3 Q2 Q4
BC546C,qe,1,1,Q3 Q1 Q4
BC546CTA,b,1,2,Q1 Q4 R6
BC546E,18w,1,1,Q1 R5 Q3
BC546G,10g,1,1,Q9 R13 Q5
BC546G,1k0,1,2,Q9 R13 Q5
BC547,14q,1,1,Q7 R12 R16
BC547,17m,1,1,T5 R6 C2
BC547,1c6,1,4,Q10 R16 C11
BC547,1c7,1,1,
BC547,1c8,1,4,
BC547,1cw,1,1,R910 R911 R912
BC547,1hw,1,1,Q2 LED3
BC547,4h,1,4,T6 T8 R9
BC547,4i,1,4,T6 T8 R9
BC547,4j,1,1,
BC547,7n,1,2,Q3 C1 R5
BC547,7o,1,2,Q3 R5 R9
BC547,8i,1,6,
BC547,8i,2,4,
BC547,8i,3,1,
BC547,9z,1,1,R6 R4 Q2
BC547,9z,5,1,Q2 C4 R5
BC547,9z,6,1,
BC547,g8,1,1,Q1
BC547,gr,1,2,Q3 Q5 R11
BC547,o0,1,2,T3
BC547,on,2,2,
BC547,on,3,4,
BC547,on,4,2,
BC547,on,5,1,
BC547,oo,1,5,Q3 Q5 R11
BC547,pt,1,1,R9 R8 R10
BC547A,1ew,1,5,Q10 Q9 D14
BC547A,1ex,1,5,Q10 Q9 D14
BC547B,12w,1,1,Q15 C9 R13
BC547B,15q,1,3,Q2 R6
BC547B,1c4,1,7,Q8 Q14 Q9
BC547B,5d,1,1,Q1 P3 C1
BC547B,5e,1,1,Q1 P3 C1
BC547B,5f,1,1,Q1 R3 C1
BC547B,8z,1,1,
BC547B,ev,9,4,Q1 Q5 R7
BC547B,id,1,6,Q7 C4 Q8
BC547B,lt,1,1,Q1 R4 R5
BC547B,o,1,3,T213
BC547B,p,1,3,T213
BC547B,p6,1,4,Q5 U4 Q8
BC547B,qa,1,1,
BC547C,1f4,1,1,Q1 C37 R16
BC547C,1f5,1,1,Q1 C37 R16
BC547C,1f6,1,1,Q1 C37 R16
BC547C,1f7,1,1,Q1 C37 R16
BC547C,7k,1,3,Q7 R12 Q9
BC547C,9w,1,4,Q12 Q1 R17
BC547C,a4,3,2,Q3 R4 Q4
BC547C,a4,4,1,Q2 R3 C3
BC547C,ci,1,4,V102 V103 R105
BC547C,dq,1,3,Q18 Q19
BC547C,if,1,1,Q5 R7 R6
BC547C,sn,11,3,
BC547C,sn,26,3,T3 D17 D15
BC547C,uh,1,1,Q5 R12
BC547C,wb,1,2,T9
BC547C,wc,1,8,T12 T7 R22
BC547C,wc,7,2,
BC547C,wd,1,8,T12 T7 R22
BC547C,wd,7,2,
BC547C,we,1,2,T9 R28 C03
BC547C,wg,1,4,T23 R31 T21
BC547C,wg,7,1,T19 T25 T26
BC547C,wh,1,7,T8 T5 R13
BC547C,wh,7,2,
BC547C,wk,1,7,T8 T5 R13
BC547C,wk,7,2,
BC547C,y9,1,2,Q1 R1 R11
BC547C,zw,1,1,Q2 R2
BC548,12t,1,1,
BC548,14z,1,2,R1 T1 T2
BC548,16u,1,2,R1 T1 T2
BC548,8i,1,6,
BC548,8i,2,4,
BC548,8i,3,1,
BC548B,108,1,2,Q1 D3 R1
BC548B,109,1,2,Q1 D3 R1
BC548B,1bs,1,8,Q5 D5 R10
BC548B,3z,1,2,
BC549,1i4,3,1,
BC549,1i4,6,2,Q6 Q5 Q7
BC549,65,1,1,Q12 R14
BC549,nw,2,1,
BC549,nw,5,4,Q34 Q33 Q35
BC549,sk,1,1,Q1 C3
BC549,sl,1,1,Q1 C3 L1
BC549,sm,1,1,R1 C3 C2
BC549C,18r,3,2,Q503 Q507 D503
BC549C,2d,1,4,Q12 D9 R20
BC549C,2d,2,4,Q12 D9 R20
BC549C,2e,1,4,Q12 D9 R20
BC549C,2e,2,4,Q12 D9 R20
BC549C,3h,1,5,Q12 C4 D9
BC549C,lj,1,4,Q10 R9 R19
BC550,16t,1,3,T1 C10 R17
BC550,1af,1,1,D7 Q1 R4
BC550,1ag,1,1,D7 Q1 R4
BC550,1i,1,1,Q11 C14 P1
BC550,1j,1,1,Q20 R7 Q19
BC550,1k3,1,4,J5 C22 R34
BC550,1k4,2,4,T3 T2 T4
BC550,4j,1,1,
BC550,5j,1,1,Q4 R4 S04
BC550,5k,1,1,Q4 R4 S04
BC550,6l,1,2,
BC550,a3,3,1,
BC550,g8,1,1,Q1
BC550,gs,1,1,T1 C3 R7
BC550,gt,1,1,T1 C3 R7
BC550,hu,1,1,T3 C2 R12
BC550,hv,1,1,T3 C2 R12
BC550,kp,1,2,
BC550,ob,1,1,D104 D106 C107
BC550,oe,1,1,D6 C21 R30
BC550,oh,1,1,Q9 R2 R1
BC550,st,2,1,
BC550,t4,1,1,Q4 R16 R15
BC550,tk,1,1,R106
BC550,ur,1,6,Q6 C2 R4
BC550B,11c,1,4,Q5 Q5 C6
BC550B,11d,1,4,Q5 Q5 C6
BC550B,1hr,4,1,Q403 R408 R406
BC550B,1hr,5,1,Q503 R508 R506
BC550B,1ht,4,1,Q403 R408 R406
BC550B,1ht,5,1,Q503 R508 R506
BC550B,1hu,4,1,Q406 R408 R407
BC550B,1hv,4,1,Q406 R408 R407
BC550B,1hy,4,1,Q405 R407 R406
BC550B,3i,1,4,C6 C6 Q5
BC550B,66,1,6,Q9 Q9 R6
BC550B,ul,1,1,Q2 D3
BC550BP,1go,1,2,Q3 R3 Q4
BC550BP,1gp,1,2,R3 Q4 R4
BC550BP,1j1,1,1,Q1 C12 Q13
BC550BP,c,1,5,Q5 R9 C6
BC550BP,d,1,5,Q5 R9 C6
BC550BP,dg,1,3,Q2 R11 R10
BC550BP,dh,1,3,Q2 R11 R10
BC550BP,h,1,1,Q18 LED4 Q10
BC550BP,j,1,5,Q5 R9 C6
BC550BP,k,1,5,Q5 R9 C6
BC550BP,l,1,1,Q18 LED4 Q10
BC550BP,q,1,3,Q18 LED4 Q10
BC550BP,q4,1,1,R28 R29 Q9
BC550BP,q5,1,1,R28 R29 Q9
BC550BP,q6,1,1,R29 R28 R30
BC550BP,q7,1,1,R29 R2 R30
BC550BP,q8,1,2,R28 R29 Q9
BC550BP,w,1,3,Q18 LED4 Q10
BC550BP,xe,1,1,Q1 Q2 R23
BC550BP,ya,1,1,
BC550BP,yb,1,2,
BC550C,10i,1,3,Q15 C43 R67
BC550C,10j,1,2,Q12 R47 Q4
BC550C,10m,1,3,Q3 VR1 R37
BC550C,10r,1,1,Q15 R13 D14
BC550C,11v,1,2,Q5 R14 R24
BC550C,11y,1,4,Q17 Q18 R55
BC550C,11z,1,2,Q4 R9 Q3
BC550C,13,1,3,Q3 R46 R77
BC550C,178,1,6,Q2 J2 J1
BC550C,18r,3,4,Q403 C073 R405
BC550C,195,1,1,C104 R111 R110
BC550C,19c,1,1,T1
BC550C,19d,1,1,T1
BC550C,1cp,1,1,R19 Q15 L6
BC550C,1cq,6,1,Q16 R19 Q15
BC550C,1d,1,6,Q27 R1 R41
BC550C,1f,1,4,Q3 Q25 R43
BC550C,1g,1,3,Q12 Q11 Q28
BC550C,1gh,1,3,Q6 R12 R13
BC550C,1gu,1,4,Q7 R12 Q8
BC550C,1h,1,4,Q3 Q33 C6
BC550C,1h7,1,2,Q2 J3 Q3
BC550C,1h8,5,1,
BC550C,1hg,1,1,Q6 Q5 Q2
BC550C,1hu,4,1,Q408 R410 C404
BC550C,1hv,4,1,Q408 R410 C404
BC550C,1hy,4,1,Q411 R412 C411
BC550C,1i,1,1,Q2 R8 R4
BC550C,1j,1,2,Q3 R46 Q33
BC550C,1jz,1,2,V165 V167 C165
BC550C,23,1,4,Q3 R46 Q33
BC550C,2z,1,1,Q54 R61 R60
BC550C,30,1,1,Q1 R8 V3
BC550C,4a,1,8,
BC550C,4t,1,2,Q2 Q3 Q1
BC550C,5l,1,2,Q4 R12 R10
BC550C,6b,1,2,Q2 D3 Q1
BC550C,6k,1,7,
BC550C,6x,1,2,Q6 D11 D10
BC550C,6y,1,2,Q6 D11 D10
BC550C,75,1,1,
BC550C,85,1,11,Q17 Q19 Q13
BC550C,8o,6,1,
BC550C,8u,1,2,Q2
BC550C,92,1,1,
BC550C,92,2,1,
BC550C,93,1,2,
BC550C,94,1,2,
BC550C,95,1,2,
BC550C,96,1,2,
BC550C,97,2,1,
BC550C,98,1,1,R10 C7 R13
BC550C,98,2,1,
BC550C,98,6,1,
BC550C,99,1,1,R10 C7 R13
BC550C,99,2,1,
BC550C,99,6,1,
BC550C,9l,26,1,
BC550C,a5,1,2,R32 R26
BC550C,aa,1,3,Q12 Q11 C27
BC550C,ab,1,5,Q3 Q33 C6
BC550C,ce,1,3,Q22 Q11 Q13
BC550C,cf,1,2,Q1 Q2 Q29
BC550C,ch,1,3,Q7 Q8
BC550C,da,1,1,Q6 D5 C6
BC550C,di,1,1,R10
BC550C,dj,1,1,R10
BC550C,dm,1,1,Q9 R26 Q4
BC550C,dq,1,1,Q11 Q10 Q9
BC550C,ey,1,1,
BC550C,ez,1,2,
BC550C,ff,1,2,Q2 C8 C6
BC550C,gb,1,1,
BC550C,gb,3,1,
BC550C,hg,1,1,
BC550C,hh,1,1,
BC550C,hq,1,2,Q36 R26 R61
BC550C,i0,1,1,
BC550C,iy,1,6,R23 Q13 R21
BC550C,je,1,9,Q25 Q3 Q1
BC550C,jf,1,10,Q13 J1 C6
BC550C,jg,1,9,Q13 J1 C6
BC550C,jh,1,9,Q13 J1 C6
BC550C,ji,1,10,Q27 Q15 Q5
BC550C,jj,1,8,Q11 Q8 Q23
BC550C,jk,1,9,Q9 R18 Q21
BC550C,jl,1,8,Q6 Q9 Q21
BC550C,jm,1,6,Q9 Q6 Q5
BC550C,jn,1,7,Q25 Q13 C5
BC550C,k9,1,1,
BC550C,kq,1,2,Q3 Q4 R17
BC550C,kr,1,2,Q3 Q4 R17
BC550C,l4,1,1,T2 D3 R10
BC550C,lj,1,1,Q18 R25 C9
BC550C,nz,1,1,
BC550C,o1,1,2,Q13 Q4 Q3
BC550C,o1,3,6,Q6 Q5 Q7
BC550C,o2,2,8,Q4 Q3 Q5
BC550C,o3,1,6,Q7 Q5 R20
BC550C,o4,2,4,Q4 Q5 Q3
BC550C,o5,1,3,Q7 Q5 R20
BC550C,o6,1,6,Q7 Q5 R19
BC550C,o7,1,3,Q7 Q5 R20
BC550C,oc,1,2,Q7 R21 Q9
BC550C,od,1,1,Q10 R6 Q8
BC550C,oe,1,1,T6 T5 R6
BC550C,of,1,1,T5 T6 R9
BC550C,oh,1,1,Q12 R1 R27
BC550C,oj,1,2,R15 T7 D6
BC550C,pr,1,2,U2 U1 R7
BC550C,ps,1,2,U2 D3 U1
BC550C,pw,1,3,Q7 R12 D4
BC550C,px,1,2,Q28 R38 D18
BC550C,py,1,1,Q9 V7 D8
BC550C,pz,1,4,Q13 D16 C4
BC550C,sx,1,2,V165 V167 C165
BC550C,tg,1,1,T1 T2 R3
BC550C,th,1,1,T1 T2 R3
BC550C,ut,1,1,
BC550C,uu,1,1,
BC550C,vx,4,1,
BC550C,wo,1,4,Q3 R46 Q33
BC550C,xb,1,1,V151 V101 R151
BC550C,yp,1,1,Q4 R3 Q1
BC550CCK,jk,1,1,R1 R24 C1
BC550CG,hg,1,1,
BC556,12v,1,1,
BC556,15k,1,1,
BC556,16,4,3,Q10 R18 R15
BC556,18r,2,1,Q802 Q801 R088
BC556,19g,1,3,T110 R125 C108
BC556,1cr,1,1,Q14 R31 ZD3
BC556,1f9,1,2,
BC556,1g7,1,2,Q2 D5 D4
BC556,1g8,1,2,Q2 D5 D4
BC556,1g9,1,2,Q2 D5 D4
BC556,1ga,1,2,Q2 D5 D4
BC556,4t,1,2,Q4 Q3 Q5
BC556,61,1,1,
BC556,7q,1,2,C3 R10 C4
BC556,8i,1,1,
BC556,8t,1,3,Q3 C24 R1
BC556,by,1,2,T2 ZD1
BC556,ca,1,1,T1 R14
BC556,d4,1,1,Q20 Q12 Q15
BC556,d5,1,1,Q20 Q12 Q15
BC556,d6,1,1,Q20 Q12 Q15
BC556,fh,1,3,Q3 C24 R1
BC556,fh,4,1,
BC556,fi,1,3,Q3 C24 R1
BC556,fn,1,1,
BC556,fo,1,3,Q3 C24 R1
BC556,fu,1,1,
BC556,hs,1,1,R35 C6 R38
BC556,hu,1,2,Q6 Q7 R10
BC556,hv,1,2,Q6 Q7 R10
BC556,jp,1,1,
BC556,lf,1,2,T14 R24 T12
BC556,lg,1,3,T14 R24 T12
BC556,ms,1,3,T10 C12 T8
BC556,mt,1,5,T4 T6 R70
BC556,mu,1,1,T104 T106 C110
BC556,mv,1,4,T6 C8
BC556,my,1,1,T13 T12
BC556,n0,1,1,T21 T20
BC556,n2,1,4,T210 R220 C210
BC556,n5,1,4,T18 R22 C12
BC556,n6,1,3,T110 R120 U102
BC556,n7,1,1,T13 T12
BC556,na,1,5,T204 T206 C206
BC556,nf,1,4,T110 R120 C110
BC556,nh,1,5,T204 R00 R216
BC556,nr,1,1,C6
BC556,ns,1,1,C6
BC556,on,2,2,
BC556,on,4,2,
BC556,p4,1,1,Q2 R9 C9
BC556,p5,1,1,Q2 ZD2 R9
BC556,pn,1,2,
BC556,qj,1,2,Q3 R8 R2
BC556,qk,1,2,Q3 R8 R2
BC556,ql,1,2,Q3 R8 R2
BC556,qm,1,2,Q3 R8 R2
BC556,qr,1,1,T1
BC556,qs,1,1,T1
BC556,sb,1,2,C6 RV2 R5
BC556,u3,1,1,Q102 R121 C210
BC556,ub,1,2,T3 R9 R4
BC556,uo,1,1,Q14 R31 Q4
BC556,v6,1,1,Q14 R31 Q4
BC556,y7,1,2,Q8 Q7
BC556,y8,1,2,Q8 Q7 R12
BC556,zs,1,3,T6 R16 T7
BC556A,1ew,1,4,Q21 R7 Q3
BC556A,1ew,3,5,Q30 D7 C11
BC556A,1ex,1,4,Q21 R7 Q3
BC556A,1k3,1,1,Q11 C20 C10
BC556A,1k4,1,2,Q11 Q9 R1
BC556A,fr,1,1,Q2 Q1 C3
BC556A,lb,1,1,Q19 Q18 VR1
BC556A,lo,1,2,Q1 R6 C15
BC556A,lp,1,1,C18 R25 R12
BC556A,lq,1,1,R11 C16 R12
BC556A,oo,1,1,Q11 C20 R27
BC556AP,is,1,2,
BC556B,108,1,1,Q4 C12 R10
BC556B,109,1,1,Q4 C12 R10
BC556B,10v,1,4,Q4 R13 C4
BC556B,10w,1,4,Q4 R13 C4
BC556B,10x,1,6,Q7 C8 R12
BC556B,11,1,2,Q10 R6 Q11
BC556B,12t,1,2,
BC556B,12w,1,1,Q2 D1 R6
BC556B,13,1,1,D25 C22 R62
BC556B,14,1,1,C15 R52 C17
BC556B,145,1,1,Q1 C3 C4
BC556B,14z,1,2,T5 R10 LED1
BC556B,15,1,1,C15 C22 R52
BC556B,16a,1,1,Q5 R9 R5
BC556B,16u,1,3,T5 R10 LED1
BC556B,18r,1,1,Q904 R906 C910
BC556B,18r,3,2,Q507 Q503 D503
BC556B,18r,4,4,Q605 Q607 R698
BC556B,19j,1,4,Q1 Q2
BC556B,1ar,1,1,Q1 R10 R31
BC556B,1bk,1,4,Q1 R4 R29
BC556B,1bu,1,3,Q2 R19 R8
BC556B,1ct,1,1,Q5 R9 R5
BC556B,1cu,1,1,Q5 R9 R5
BC556B,1cv,1,1,Q5 R9 R5
BC556B,1cy,1,4,
BC556B,1di,1,2,
BC556B,1f9,1,1,
BC556B,1gj,1,1,Q1 R2 C5
BC556B,1gk,1,1,Q1 R2 C5
BC556B,2c,1,1,
BC556B,5s,1,2,Q1 R5 R1
BC556B,5t,1,2,Q1 R5 R1
BC556B,84,1,2,T71 R12 T4
BC556B,97,2,1,
BC556B,ae,1,3,Q17 R18 R36
BC556B,af,1,3,Q15 C26 Q16
BC556B,ag,1,3,Q17 R18 R17
BC556B,c9,1,1,Q4 Q2 D4
BC556B,ck,1,3,Q6 C16 R18
BC556B,d0,1,1,Q4 R11 R9
BC556B,d1,1,5,Q20 Q12 R18
BC556B,d2,1,4,R50 C6 R29
BC556B,d3,1,5,Q20 Q15 Q6
BC556B,d4,1,1,Q11 R19 R28
BC556B,d5,1,1,Q11 R19 R28
BC556B,d6,1,1,Q11 R19 R28
BC556B,d8,1,1,Q11 R18 Q12
BC556B,d9,1,1,Q11 R28 C14
BC556B,dm,1,1,Q3 R6 R13
BC556B,hq,1,4,Q3 D8 R8
BC556B,k0,1,1,
BC556B,k1,1,1,
BC556B,k6,1,1,Q104 R113 R114
BC556B,k7,1,1,Q104 R113 R114
BC556B,k8,1,1,Q104 R113 R114
BC556B,k9,1,2,
BC556B,oe,1,1,T8 C5 D1
BC556B,of,1,2,T13 R24 D2
BC556B,oh,1,2,Q6 D4 R38
BC556B,pn,1,2,Q1 Q2 Q3
BC556B,pv,1,2,Q1 R5 R6
BC556B,sc,1,8,Q11 Q13 R8
BC556B,sd,1,5,Q13 R11 R8
BC556B,u4,1,2,Q3 R3 R1
BC556B,u5,1,1,Q104 R113 R115
BC556B,ua,1,3,Q5 R1 R2
BC556B,v9,1,1,Q11 R36 C7
BC556B,xu,1,1,
BC556B,xx,1,1,
BC556B,y6,1,3,Q2 R3 R1
BC556B,zz,1,1,J112
BC556BTA,130,1,1,Q3 Q2 R7
BC556BTA,2c,1,1,
BC556BTA,b,1,3,Q3 R6 Q4
BC556C,10g,1,3,Q3 D1 R6
BC556C,1hh,1,1,Q1 D3
BC556C,1k0,1,3,Q3 D1 R6
BC556C,kv,1,1,T1 R4
BC556C,qb,1,1,Q4 Q3 Q2
BC556C,qe,1,1,Q4 R8 Q2
BC557,1c6,1,1,Q14 R22 C12
BC557,1c7,1,1,
BC557,1i4,3,1,
BC557,4h,1,3,T3 C3 R9
BC557,4i,1,3,T3 C3 R9
BC557,4j,1,2,
BC557,4t,1,2,Q10 Q9 Q8
BC557,7n,1,2,Q1 R5 R1
BC557,7o,1,2,Q2 R5 R1
BC557,8i,1,1,
BC557,gr,1,2,R17 Q8 R16
BC557,o0,1,1,T1 T2 R4
BC557,on,2,12,
BC557,on,4,2,
BC557,oo,1,1,Q4 Q6 R24
BC557,z9,2,1,Q7 R66 D15
BC557A,1ew,1,5,Q15 Q14 R36
BC557A,1ew,2,2,Q27 Q26 C32
BC557A,1ex,1,5,Q15 Q14 R36
BC557A,1ex,2,2,Q27 Q26 C32
BC557B,12w,1,1,Q14 R24 C9
BC557B,15q,1,3,Q6 R10
BC557B,1c4,1,3,Q12 R22 R21
BC557B,5d,1,1,Q2 C3 R15
BC557B,5e,1,1,Q2 C3 R15
BC557B,5f,1,1,Q2 C3 R15
BC557B,ev,9,2,Q4 Q6 Q8
BC557B,id,1,4,Q3 R12 Q4
BC557B,p6,1,4,Q12 R22 R19
BC557B,sy,1,2,V113 C111 R105
BC557B,zv,1,1,
BC557C,1fz,1,1,R8 C2 Q1
BC557C,1k6,1,3,Q2 R6
BC557C,6v,1,1,T22 D3 C5
BC557C,7k,1,1,Q6 Q8 R13
BC557C,9w,1,3,Q3 R17 R18
BC557C,a4,3,2,Q1 Q2 R2
BC557C,ci,1,3,V101 R105 R108
BC557C,dq,1,3,Q13 Q15
BC557C,oo,1,5,Q10 C7 T3
BC557C,uh,1,2,R6
BC557C,ul,1,3,Q1 R6
BC557C,v9,1,1,Q10 Q8 R4
BC557C,wc,1,4,T15 R33 T22
BC557C,wc,7,2,
BC557C,wd,1,4,T15 R33 T22
BC557C,wd,7,2,
BC557C,wg,1,5,T11 R20 R22
BC557C,wg,7,1,T19 T2 T25
BC557C,wh,1,5,T11 R21 R23
BC557C,wh,7,2,
BC557C,wk,1,5,T11 R21 R23
BC557C,wk,7,2,
BC557C,y9,1,2,Q8 R6
BC558,8i,1,1,
BC558B,108,1,1,Q2 D6 D2
BC558B,109,1,1,Q2 D6 D2
BC559,1i4,3,1,
BC559,1i4,6,7,Q3 Q4 Q2
BC559,65,1,3,D2 R2 R4
BC559,nw,2,1,
BC559,nw,5,8,Q33 Q32 Q34
BC559AP,b5,1,1,Q3 R8 C2
BC559B,18r,3,6,Q409 C421 R3
BC559C,2d,1,2,Q2 Q6 R4
BC559C,2d,2,2,Q2 Q6 R4
BC559C,2e,1,2,Q2 Q6 R4
BC559C,2e,2,2,Q2 Q6 R4
BC559C,3h,1,4,Q10 D17 D16
BC560,1af,1,1,D8 R15 J3
BC560,1ag,1,1,D8 R15 J3
BC560,4t,1,2,Q1 IC1 Q2
BC560,6l,1,2,
BC560,8g,1,1,
BC560,a3,3,1,
BC560,ff,1,1,Q5 C7 C2
BC560,hu,1,1,Q3 R12 C5
BC560,hv,1,1,Q3 R12 C5
BC560,ji,1,1,Q42 R4 C7
BC560,m6,1,2,Q1 L1 R2
BC560,ob,1,1,D104 D106 C107
BC560,st,2,1,
BC560,su,1,1,T17 R39 R45
BC560,t4,1,1,R6 D1 C4
BC560,tj,1,1,Q11 Q13 C9
BC560,ur,1,3,Q1 R4 Q4
BC560AP,1j1,1,1,Q4 C5 C13
BC560AP,c,1,3,Q2 R3 D1
BC560AP,d,1,3,Q6 C8 R9
BC560AP,h,1,1,Q21 C6 Q11
BC560AP,j,1,3,Q2 R3 D1
BC560AP,k,1,3,Q6 C8 R9
BC560AP,l,1,1,Q21 C6 R69
BC560AP,q,1,1,Q21 L528 C6
BC560AP,q4,1,1,R23 Q7 R19
BC560AP,q5,1,1,R23 Q7 R19
BC560AP,q8,1,1,R23 Q7 R19
BC560AP,w,1,1,Q21 C6 R69
BC560AP,ya,1,1,
BC560AP,yb,1,2,
BC560B,1hu,4,1,Q413 R416 R415
BC560B,1hv,4,1,Q413 R416 R415
BC560B,1hy,4,1,Q415 R417 R416
BC560C,10i,1,3,Q13 R50 R9
BC560C,10j,1,4,Q16 R49 R16
BC560C,10m,1,2,D4 R1 D3
BC560C,10n,1,2,Q10 R25 R13
BC560C,10r,1,3,R8 Q2 R6
BC560C,111,1,1,Q1 C7 R8
BC560C,11y,1,5,Q18 C23 Q17
BC560C,11z,1,2,Q1 R5 R8
BC560C,13,1,3,Q17 R65 C31
BC560C,14,1,2,Q1 R4 C1
BC560C,15,1,4,Q12 R4 D15
BC560C,178,1,6,Q3 R20 R12
BC560C,1cp,1,1,Q14 R31 R46
BC560C,1cq,6,1,R31 R46 C16
BC560C,1d,1,8,Q25 D1 Q33
BC560C,1f,1,2,Q25 Q3 Q27
BC560C,1g,1,2,Q25 Q17 Q3
BC560C,1gh,1,1,Q5 R7 C7
BC560C,1gu,1,2,Q9 R13 Q10
BC560C,1h,1,2,Q17 Q1 T100
BC560C,1h7,1,2,J3 R8 R6
BC560C,1h8,5,1,
BC560C,1hg,1,1,Q4 Q12 J2b
BC560C,1hr,4,1,Q401 R402 C401
BC560C,1hr,5,1,Q501 R502 C501
BC560C,1ht,4,1,Q401 R402 C401
BC560C,1ht,5,1,Q501 R502 C501
BC560C,1hu,4,1,Q401 R402 C401
BC560C,1hv,4,1,Q401 R402 R404
BC560C,1hy,4,1,Q401 R402 R404
BC560C,1i,1,2,R7 R3 R4
BC560C,1j,1,2,Q11 R45 Q12
BC560C,1jz,1,3,V166 V185 V168
BC560C,1jz,2,1,
BC560C,23,1,4,Q15 C1 Q17
BC560C,2z,1,1,Q53 R59 R58
BC560C,30,1,1,Q4 R13 R10
BC560C,3z,1,1,
BC560C,4a,1,8,R28
BC560C,6k,1,8,R44
BC560C,6x,1,3,Q10 D8 R26
BC560C,6y,1,3,Q10 D8 R26
BC560C,85,1,7,Q13 Q17 R25
BC560C,8o,6,1,
BC560C,8u,1,5,Q5 R10 Q6
BC560C,8v,1,2,Q6 R100 Q5
BC560C,97,2,1,
BC560C,98,1,2,Q1 VR1 Q2
BC560C,98,2,1,
BC560C,98,6,1,
BC560C,99,1,2,Q1 VR1 Q2
BC560C,99,2,1,
BC560C,99,6,1,
BC560C,9l,26,1,
BC560C,a5,1,2,R31 R29
BC560C,aa,1,4,Q18 R49 Q17
BC560C,ab,1,4,Q18 R49 Q17
BC560C,ce,1,3,Q3 Q4 Q6
BC560C,cf,1,2,Q3 Q4 Q6
BC560C,ch,1,3,Q3 Q1
BC560C,di,1,2,VR1
BC560C,dj,1,1,Q2 R9 Q1
BC560C,dk,1,1,Q4
BC560C,dm,1,1,Q7 C16 Q8
BC560C,ff,1,1,Q4 R5 R1
BC560C,gb,1,2,
BC560C,hg,1,1,
BC560C,hh,1,1,
BC560C,hq,1,2,Q14 C5 Q2
BC560C,iy,1,4,Q5 R10 Q6
BC560C,je,1,10,Q17 R4 C2
BC560C,jf,1,10,Q18 R2 R3
BC560C,jg,1,11,Q5 R14 C4
BC560C,jh,1,10,Q1 Q17 R4
BC560C,ji,1,10,Q25 R40 Q21
BC560C,jj,1,10,Q21 R30 C13
BC560C,jk,1,9,Q17 R5 R17
BC560C,jl,1,9,Q18 R3
BC560C,jm,1,8,Q18
BC560C,jn,1,11,Q18 R3 Q17
BC560C,k9,1,1,
BC560C,kq,1,2,Q1 RV1 Q2
BC560C,kr,1,2,Q1 RV1 Q2
BC560C,l4,1,1,C2 T1 C3
BC560C,lj,1,4,Q1 R1 R2
BC560C,nq,1,2,Q3 C3 R11
BC560C,nt,1,1,Q3 R5 C3
BC560C,ny,1,2,Q1 C5 R5
BC560C,nz,1,1,
BC560C,o1,1,2,Q3 Q4 Q13
BC560C,o2,2,2,Q3 Q4 Q2
BC560C,o3,1,1,Q3 R14 R8
BC560C,o4,2,1,Q3 Q2 Q4
BC560C,o5,1,1,Q3 R14 R8
BC560C,o6,1,1,Q3 R8 R14
BC560C,o7,1,1,Q3 R8 R14
BC560C,oc,1,2,Q9 Q7 C7
BC560C,od,1,1,Q9 C7 Q7
BC560C,oe,1,4,T9 T10 T8
BC560C,of,1,3,T1 T2 R6
BC560C,oh,1,4,Q3 Q2 R10
BC560C,oj,1,2,D3
BC560C,pw,1,2,Q22 Q7 D2
BC560C,px,1,1,Q22 D1 D2
BC560C,py,1,1,Q8 C1 X1
BC560C,pz,1,3,Q14 Q19 R13
BC560C,sx,1,3,V166 V185 V168
BC560C,vx,4,1,
BC560C,wo,1,4,Q15 R4 C1
BC560C,xb,1,1,V152 R152 R155
BC560CCK,jk,1,1,Q14 R27 C5
BC560CG,hg,1,1,
BC560CJ,hq,1,1,Q16 D1 Q12
BC560CV,1h,1,1,Q1 T100 Q17
BC566,by,1,1,T1 C1 U2
BC596,7w,1,1,T2 J2 T4
BC638,7v,1,1,R41 ZD4 R40
BC639,11e,2,1,Q1 Q2 R20
BC639,11e,3,1,Q3
BC639,11g,1,1,
BC639,11h,1,1,Q1 D4 R20
BC639,12t,1,1,
BC639,143,1,1,Q1 R20 Q2
BC639,14z,1,1,T6 R15 C12
BC639,16u,1,1,T6 R15 C12
BC639,19g,1,2,T108 C105 R138
BC639,19v,1,1,T101 R109 C102
BC639,1ip,1,3,Q4 C11 C6
BC639,5c,1,1,
BC639,7v,1,4,T5 R13 C4
BC639,7w,1,5,Q7 P41 R38
BC639,9w,1,1,Q8 Q7 R10
BC639,ci,1,1,V111 V112 R119
BC639,ez,1,1,
BC639,hj,1,2,
BC639,hk,1,2,
BC639,hl,1,2,
BC639,hm,1,2,
BC639,hn,1,1,
BC639,ho,1,1,
BC639,i0,1,2,
BC639,p4,1,1,Q1 R4 R5
BC639,p5,1,1,Q1 R4 R5
BC639,rs,1,2,T105 P114 C105
BC639,rt,1,2,T105 P114 C105
BC639,sb,1,1,Q5 R10 R11
BC639,tt,2,1,Q2 Q1 R13
BC639,tw,1,1,R23 Q1 R22
BC639,tx,1,1,
BC639,ty,1,1,Q1 R23 R22
BC639,tz,1,1,Q1 R8 R20
BC639,u0,1,2,T101 R104 C102
BC639,y4,1,1,T101 R109 C102
BC639,y5,1,1,T101 R109 C102
BC639,za,15,1,Q1 Q3 ZD1
BC639,zb,15,1,Q1 Q3 ZD1
BC639-16,tw,1,2,T101 T201 C14
BC639-16,tx,1,1,
BC639-16,ty,1,2,
BC640,19g,1,1,T107 C104 T106
BC640,19v,1,1,T106 C107 R120
BC640,3z,1,2,
BC640,5c,1,1,Q4
BC640,5l,1,1,Q2 R8 C4
BC640,7v,1,3,R30 R29 R35
BC640,7w,1,2,R42 ZD2 V1
BC640,9w,1,1,Q5 R7 Q4
BC640,b6,1,1,Q1 R10 C2
BC640,bt,1,1,Q3 R9 R10
BC640,ci,1,1,V108 R118 V107
BC640,rs,1,1,T106 P118 C107
BC640,rt,1,1,T106 R118 C107
BC640,u0,1,1,T201 C202 R204
BC640,y4,1,1,T106 C107 R120
BC640,y5,1,1,T106 C107 R120
BC640-16,tw,1,2,T201 T101 C14
BC640-16,tx,1,1,
BC640-16,ty,1,2,
BC648B,og,1,2,Q37 Q34 R16
BC648B,v4,1,1,Q18 R17 Q18
BC660,og,1,1,Q23 D6 C18
BC660C,og,1,3,Q7 R12 D4
BC667B,ra,1,1,Q3 R11 Q6
BC667C,ra,1,2,Q7 R21 C1
BC680,og,1,1,Q22 Q7 D2
BC680C,og,1,6,Q12 R61 Q13
BC756B,d2,1,1,R112 R103 C131
BC807,11m,1,3,VT19 R101 R94
BC807-40,cv,1,1,Q6 R23 R18
BC817,11m,1,1,VT3 R15 C10
BC817,11s,3,1,T7 R121 R156
BC817,1fa,2,1,T2 R71 R67
BC817,1fa,3,1,T6 R108 R112
BC817,1fb,2,1,T2 R71 R67
BC817,1fb,3,1,T6 R108 R112
BC817,1fc,2,1,T2 R71 R67
BC817,1fc,3,1,T6 R108 R112
BC817,1gb,1,2,T1 T2 D1
BC817-40,mp,1,1,C41 Q11 R47
BC818-40,1gi,1,1,Q35 R68 Q29
BC846,1c,1,1,T4 D3 T3
BC846,1dm,1,1,Q1 R5 R4
BC846,1do,1,1,Q3 R62 R61
BC846,1dp,1,1,Q4 R75 R74
BC846,1dv,1,1,Q2 R34 R33
BC846,1dy,1,1,Q1 R5 R4
BC846,1e0,1,1,Q3 R47 R46
BC846,1e1,1,1,Q4 R58 R57
BC846,1e4,1,1,Q2 R25 R24
BC846,1e8,1,1,Q1 R5 R4
BC846,1e9,1,1,Q3 R62 R61
BC846,1ea,1,1,Q4 R75 R74
BC846,1ej,1,1,Q1 R5 R4
BC846,1ek,1,1,Q4 R58 R57
BC846,1en,1,1,Q2 R25 R24
BC846,1er,1,1,Q3 R44 R43
BC846,1x,1,1,T4 D3 R38
BC846,vg,1,8,Q2 C3 J2
BC846A,19n,1,3,Q108 Q109 R12
BC846A,1ay,1,3,Q107 Q108 R122
BC846A,1cc,1,2,Q105 R115 R120
BC846A,1cd,1,3,Q108 Q109 R122
BC846A,1ce,1,2,Q105 R115 R120
BC846A,1cf,1,3,Q108 Q109 R126
BC846A,1cg,1,3,Q108 Q109 R126
BC846A,1ch,1,3,Q108 Q109 R126
BC846A,7u,1,2,Q107 C104 R119
BC846A,rs,1,2,Q104 R130 R137
BC846A,rt,1,3,R136 R137 R139
BC846B,12s,1,1,Q6 R12 R2
BC846B,14r,1,1,
BC846B,18i,1,8,Q27 R13 R14
BC846B,1k5,1,2,Q12 R31 Q4
BC846B,97,2,1,
BC846B,9u,1,5,
BC846B,e4,1,8,Q20 Q19 Q18
BC846B,ga,1,4,Q20 Q19 R56
BC846B,ko,1,3,P2 C8 R8
BC846BW,xx,1,1,
BC847,11m,1,3,VT12 R56 R52
BC847,1hl,1,2,T2 R2 C7
BC847,1hm,1,2,T2 R2 C7
BC847,8m,1,1,V152 V153 V151
BC847,cw,5,1,Q29 D7 R113
BC847,cx,5,1,Q29 D7 R113
BC847,cy,5,1,Q29 D7 R113
BC847,wm,1,1,T7 R11 R14
BC847BPN,6v,1,2,R7 T5A D1
BC847BPN,6w,1,3,T5A D1 T5B
BC847BS,ba,2,12,U18 C1 U18
BC847BS,bb,1,4,U19 C1 C2
BC847C,12r,1,1,Q6 R12 R2
BC847C,13w,1,9,Q13 Q15 R17
BC847C,13x,1,10,Q13 Q15 R17
BC847C,13y,1,11,Q14 R6 R4
BC847C,18e,2,2,Q2 Q1 C20
BC847C,1hj,1,1,T17 R28 T16
BC847C,5v,1,1,Q4 R11 C9
BC847C,5w,1,1,T5 R15 C6
BC847C,6v,1,2,T10 R21 T16
BC847C,6w,1,3,T10 T9 T16
BC847C,9z,2,1,R6 R9 Q3
BC847C,9z,6,1,
BC847C,c7,1,1,R18 R17 J5
BC847C,wm,1,1,T6 T8 R9
BC847CW,xx,1,5,S1A
BC847W,e0,1,2,Q3 R8 U1A
BC848,1bl,3,6,Q1 Q2 R60
BC850,ei,1,2,Q2
BC850B,19,1,1,
BC850B,1b,1,1,
BC850B,1hq,14,1,
BC850B,1hq,15,1,
BC850B,1hq,16,1,
BC850B,1hs,10,1,
BC850B,1hs,11,1,
BC850B,1hs,12,1,
BC850B,ui,1,1,Q1 D1 R4
BC850B,uj,1,1,Q1 D1 R4
BC850C,114,1,2,
BC850C,115,1,1,Q1 C6 C5
BC850C,19,1,1,
BC850C,1gl,1,4,Q13 R19 Q14
BC850C,1gv,1,3,Q7 R12 R9
BC850C,1hq,15,1,
BC850C,1hs,10,1,
BC850C,1hs,11,1,
BC850C,1v,1,2,
BC850C,1v,2,2,
BC850C,ko,1,7,Q13 R24 C1
BC856,cv,1,4,Q2 R18 R14
BC856,vg,1,4,Q4 Q3 Q6
BC856A,19n,1,3,Q104 R121 U2
BC856A,1ay,1,1,Q106 C105 R121
BC856A,1c,1,1,T3 T4 D3
BC856A,1cc,1,3,Q104 R117 R121
BC856A,1cd,1,3,Q104 R118 R120
BC856A,1ce,1,3,Q104 R121 U2
BC856A,1cf,1,3,Q104 R121 R124
BC856A,1cg,1,3,Q104 R121 R124
BC856A,1ch,1,3,Q104 R117 R121
BC856A,1j6,1,3,Q2 D2 Q3
BC856A,1j7,1,3,Q2 D2 Q3
BC856A,1j8,1,3,Q2 D2 Q3
BC856A,7u,1,2,R112 R114 R116
BC856A,ai,1,2,Q4 R16 R14
BC856A,rs,1,2,R127 R131 R134
BC856A,rt,1,2,R127 P131 R134
BC856B,12r,1,3,Q3 R3
BC856B,12s,1,3,Q3 R3
BC856B,14r,1,1,
BC856B,18i,1,18,Q2 R3 R1
BC856B,1k5,1,4,Q3 R17 R13
BC856B,1y,1,1,Q101 R111 R120
BC856B,97,2,1,
BC856B,9u,1,12,IC500 IC500
BC856B,e4,1,8,Q28 D13 U8
BC856B,ga,1,4,Q28 R28 D13
BC856B,ko,1,1,R13 R30 D3
BC856BD,ko,1,1,Q15 R8 Q18
BC856BW,xx,1,1,
BC857,ba,2,3,Q7 R142 R141
BC857C,13w,1,9,Q3 R10 R7
BC857C,13x,1,9,Q3 R10 R7
BC857C,13y,1,9,Q3 R17 R1
BC857C,18e,2,2,Q1 C20 C21
BC857C,1g0,1,1,V111 R114 C111
BC857C,1hj,1,2,T11 R23 T12
BC857C,6v,1,1,T15 T16 T13
BC857C,6w,1,3,T15 T16 T13
BC857C,c7,1,3,VT1 U1 R3
BC857C,c8,1,2,VT1 U1 R3
BC857C,kg,1,2,T4 R7 C10
BC857C,wm,1,2,T2 T1 R4
BC857CW,xx,1,2,
BC858,cw,2,2,Q3 R7 R9
BC858,cx,2,2,Q3 R7 R9
BC858,cy,2,2,Q3 R7 R9
BC860,ei,1,4,Q12 Q7 R8
BC860B,19,1,1,
BC860B,1hq,15,1,
BC860B,1hs,10,1,
BC860B,1hs,11,1,
BC860C,19,1,1,
BC860C,1b,1,1,
BC860C,1gl,1,4,Q10 D1 R6
BC860C,1gv,1,2,Q9 R13 R11
BC860C,1hq,14,1,
BC860C,1hq,15,1,
BC860C,1hq,16,1,
BC860C,1hs,10,1,
BC860C,1hs,11,1,
BC860C,1hs,12,1,
BC860C,1v,1,2,
BC860C,1v,2,2,
BC860C,ko,1,6,Q21 Q9 Q1
BC860G,ko,1,1,Q14 R27 C5
BCB07-40,mp,1,1,IC9 C40 IC10
BCM10,m6,1,1,
BCM11,m6,1,1,
BCM12,m6,1,1,
BCM13,m6,1,1,
BCM14,m6,1,1,J2
BCM15,m6,1,1,J2
BCM16,m6,1,1,
BCM17,m6,1,1,
BCM18,m6,1,1,J2
BCM19,m6,1,1,
BCM20,m6,1,1,
BCM21,m6,1,1,
BCM22,m6,1,1,
BCM23,m6,1,1,
BCM24,m6,1,1,
BCM25,m6,1,1,
BCM26,m6,1,1,
BCM27,m6,1,1,
BCM847DS,2v,1,1,C1 C2
BCM847DS,2v,2,4,Q3 Q3 R19
BCP16,wa,1,1,
BCP53,c7,1,1,J5 J4 R18
BCP5316,14r,1,3,
BCP54,171,1,1,T3 D11 D27
BCP54,9d,1,1,T3 D21 D27
BCP54,9e,1,1,T3 D21 D27
BCP54,cx,2,2,Q30 R16 R118
BCP54,cy,2,2,Q30 R16 R118
BCP55,wa,1,1,
BCP56,c7,1,1,J5 J4 R18
BCP56,lz,1,2,Q1 Q1 R2
BCP56,m0,1,1,Q1 R2 R10
BCP56,xi,1,1,R4 R43 C4
BCP5616,14r,1,3,
BCS46,zs,1,1,T11 D13 R25
BCS47C,kg,1,1,T5 T9 C12
BCS57C,6v,1,1,T1 C1 R1
BCS57C,6w,1,1,T30 R31 T26
BCS60C,jn,1,1,Q14 R28 C8
BCS60C,lj,1,1,Q6 R3 R2
BCV27,1bl,3,1,Q3 R68 D11
BCW60B,9u,1,1,
BCW66H,1hl,1,1,T3 R6 R4
BCW66H,1hm,1,1,T3 R6 R4
BCW68G,113,2,1,Q1 IC5 LED1
BCX53,11m,1,3,VT1 R13 VT2
BCX53-16,vk,1,3,Q6 R33 D11
BCX56,11m,1,2,VT15 R69 C53
BCX56,14y,1,9,Q4 Q5 R7
BCX56,vg,1,6,Q15 Q16 R33
BCX56-16,vk,1,2,R18 Q4 C18
BD102,a2,1,6,
BD135,18,1,1,Q5 Q2 R13
BD135,4t,1,1,Q12 Q11 R1
BD135,oa,1,2,T7 R10 R2
BD135,on,2,1,
BD135,on,4,1,
BD135,oo,1,1,C10 Q9 R20
BD135,wg,1,1,T19 R26 D8
BD135,wg,7,1,T19 T25 T26
BD135P,19j,1,2,Q17 R24 C11
BD136,18,1,1,Q6 R13 Q7
BD136,6v,1,1,T19 R23 R22
BD136,6w,1,1,T19 T20 R22
BD136,oa,1,2,T8 R11 C3
BD136,wg,7,1,
BD136P,19j,1,2,Q11 Q10 R13
BD137,11m,1,2,VT21 C83 R115
BD137,f3,1,1,
BD138,p9,1,1,
BD139,107,4,1,
BD139,107,7,1,
BD139,10e,1,3,Q1
BD139,12a,1,1,
BD139,12b,1,1,
BD139,12c,1,2,Q5 Q3 R14
BD139,12d,1,2,Q5 Q3 R14
BD139,12r,1,1,Q5 R2 Q6
BD139,12s,1,1,Q5 R2 Q6
BD139,12t,1,2,
BD139,13p,1,1,Q12 C30 R23
BD139,13s,1,2,
BD139,14,1,1,P1 D19 R22
BD139,145,1,2,Q5 R5 Q4
BD139,14a,1,1,D2 D1
BD139,14q,1,2,Q9 Q11 R18
BD139,14z,1,1,T8 R20 R21
BD139,15,1,1,Q13 C28 P1
BD139,15k,1,2,
BD139,15x,1,1,Q1 R6
BD139,168,1,2,Q4 R14 VR3
BD139,16l,1,1,T10 T7
BD139,16t,1,1,T6 R8 R12
BD139,16u,1,1,T8 R20 R21
BD139,173,1,1,T10 T7
BD139,17l,6,2,Q5 C10 D5
BD139,18,1,2,Q2 R27 R4
BD139,18v,1,1,Q10 C5 R33
BD139,18w,1,1,Q10 C5 R33
BD139,19n,1,3,Q101 J101 R108
BD139,19w,1,1,J106 R108 D2
BD139,1ab,25,2,Q1 R8 R4
BD139,1ay,1,2,Q101 J106 R108
BD139,1az,1,2,J106 R108 D2
BD139,1b0,1,2,J106 R108 D2
BD139,1b1,1,1,D1
BD139,1c6,1,3,Q7 Q8 R13
BD139,1c7,1,1,
BD139,1c8,1,3,
BD139,1cc,1,2,Q101 J101 R108
BD139,1cd,1,3,Q101 J101 R108
BD139,1ce,1,3,Q101 R108 J101
BD139,1cf,1,3,Q101 J101 R108
BD139,1cg,1,3,Q101 J101 R108
BD139,1ch,1,3,Q101 J101 R108
BD139,1cp,1,1,R45 R44 R34
BD139,1cq,2,3,
BD139,1ev,1,1,
BD139,1ew,2,1,Q42 R97 R96
BD139,1ex,2,1,Q42 R97 R96
BD139,1fh,18,1,
BD139,1fi,1,1,T5 C1 R19
BD139,1gi,1,1,Q8 R24 R14
BD139,1gj,1,3,R19 Q4 R15
BD139,1gk,1,3,R19 Q4 R15
BD139,1iq,1,1,L2
BD139,1j0,1,2,Q7 R20 C8
BD139,1j1,1,2,Q7 R20 C8
BD139,1j5,1,1,Q1 R6 R7
BD139,1j6,1,1,Q1 R6 R7
BD139,1j7,1,1,Q1 R6 R7
BD139,1j8,1,1,Q1 R6 R7
BD139,1jh,3,2,Q6 R19 R20
BD139,1k4,1,2,Q11 Q9 Q6
BD139,1z,1,1,Q3
BD139,3h,1,2,Q104 D106 Q103
BD139,4,1,1,
BD139,4a,1,2,
BD139,4g,1,2,T1 R6 R12
BD139,4h,1,1,T10 C11 R16
BD139,4i,1,1,T10 C11 R16
BD139,4j,1,1,
BD139,5,1,1,
BD139,61,1,1,
BD139,65,1,1,Q12 R14
BD139,68,1,1,R79 Q8 R55
BD139,6i,1,3,VT8 VT7 R16
BD139,6k,1,2,R44
BD139,6r,1,3,
BD139,6x,1,1,Q11 R30 R31
BD139,6y,1,1,Q11 R30 R31
BD139,74,2,3,
BD139,7m,1,2,Q3 R5 R9
BD139,7r,1,1,J106 R108 D2
BD139,7s,1,1,R68 D1
BD139,7t,1,1,R68 D2 D1
BD139,7u,1,1,Q101 J106 P108
BD139,7w,1,1,R21 P24 R22
BD139,7y,1,3,Q5 R16 R13
BD139,84,1,2,T4 R12 T71
BD139,8f,1,2,Q3 R5 R9
BD139,8t,1,3,R18 C15 Q11
BD139,8w,6,2,Q5 D5 C10
BD139,9k,14,2,
BD139,ae,1,2,Q9 R21 Q14
BD139,af,1,2,Q9 R21 Q14
BD139,ag,1,2,Q9 R21 Q14
BD139,ai,1,1,Q1 R6 R7
BD139,al,1,2,
BD139,b6,1,2,Q2 R12 R14
BD139,c9,1,1,Q5 R21 R6
BD139,ce,1,2,Q18 Q16 R35
BD139,cf,1,2,Q18 Q16 R35
BD139,d1,1,1,Q17 C97 R44
BD139,d3,1,1,Q17 C97 R44
BD139,d4,1,1,Q17 P1 C97
BD139,d5,1,1,Q17 P1 C97
BD139,d6,1,1,Q17 P1 C97
BD139,dy,1,7,
BD139,dz,1,7,
BD139,fg,1,1,
BD139,fh,1,3,Q9 R18 C15
BD139,fh,2,3,Q7 R9 Q10
BD139,fh,4,1,
BD139,fi,1,3,Q9 R18 C15
BD139,fn,1,1,
BD139,fo,1,3,Q9 R18 C15
BD139,fr,1,4,Q8 R19 R18
BD139,ft,1,1,
BD139,fv,1,2,Q8 R20 C27
BD139,fw,1,2,Q8 C17 R20
BD139,h,1,2,Q2 R2 R13
BD139,hs,1,3,R24 R23 R18
BD139,hu,1,1,C9 T4 R19
BD139,hv,1,1,C9 T4 R19
BD139,hz,1,1,Q3 R14 C9
BD139,is,1,1,
BD139,kw,1,1,Q6 D10 R21
BD139,l,1,2,Q2 R2 R13
BD139,l0,1,3,Q2 R12 R10
BD139,li,1,1,Q1 C3 Q2
BD139,lo,1,3,Q8 C19 R18
BD139,lp,1,1,D5 R4 C5
BD139,m5,1,1,J106 R108 D2
BD139,ms,1,1,Q1 R1 T1
BD139,mt,1,1,Q1 T1 R2
BD139,mu,1,1,Q101 R102 R104
BD139,my,1,3,T15
BD139,n0,1,3,T23
BD139,n7,1,2,T12 T13 R41
BD139,na,1,1,Q201 R204 R202
BD139,nf,1,1,Q101 R104 R102
BD139,no,1,2,Q8 R15 R21
BD139,np,1,1,Q4 R11 R10
BD139,on,2,1,
BD139,on,4,1,
BD139,pf,1,1,Q1 R8 R9
BD139,pn,1,4,Q3 Q2 Q4
BD139,q,1,2,Q2 R2 R13
BD139,q4,1,2,Q3 C5 R13
BD139,q5,1,2,Q3 C5 R13
BD139,q6,1,3,R13 C5 R19
BD139,q7,1,3,R13 R3 C5
BD139,q8,1,2,Q3 C5 R13
BD139,qj,1,1,Q93 P1 R81
BD139,qk,1,1,Q93 P1 R81
BD139,ql,1,1,Q93 P1 R81
BD139,qm,1,1,Q93 P1 R81
BD139,rs,1,2,D022 R124 R125
BD139,rt,1,2,D022 R124 R125
BD139,ru,1,2,J106 P108 D2
BD139,rv,1,1,Q4 R7 Q2
BD139,s2,1,1,
BD139,s3,1,1,
BD139,sc,1,2,Q18 Q15 Q5
BD139,sd,1,2,Q18 Q15 Q5
BD139,se,1,2,Q18 Q12 Q6
BD139,t6,1,1,T1 R5 R6
BD139,tx,1,1,
BD139,u4,1,1,Q4 R7 U1
BD139,uh,1,1,Q6 D10 R10
BD139,uo,1,1,Q17 C18 C17
BD139,v6,1,1,Q17 C18 C17
BD139,vn,1,1,J106 R108 D2
BD139,w,1,2,Q2 R13 R2
BD139,wc,7,1,
BD139,wd,7,1,
BD139,wh,7,1,
BD139,wk,7,1,
BD139,y7,1,1,Q9 R19
BD139,y8,1,1,Q9 R19 Q10
BD139,y9,1,2,Q5
BD139,z,1,1,Q8 RV1 R12
BD139A,1cq,6,1,Q17 R44 R34
BD139C,11,1,4,Q5 R11 Q6
BD139C,15q,1,1,Q3
BD139C,178,1,2,R7 Q17 C2
BD139C,1d,1,1,Q23 Q5 R24
BD139C,1ew,5,1,Q46 Q47 R146
BD139C,1ex,4,1,Q46 Q47 R146
BD139C,1gz,2,1,Q1 Q2 R5
BD139C,1h0,2,1,Q1 Q2 R5
BD139C,1h1,2,1,Q1 Q2 R10
BD139C,1j,1,1,Q23 C2 P1
BD139C,7k,1,1,Q10 R17 R16
BD139C,b9,16,1,Q30 R90 D42
BD139C,cq,1,4,Q3 Q2 D10
BD139C,cr,1,4,Q3 Q2 D10
BD139C,dd,1,1,Q1 Q2 D6
BD139C,fx,1,2,Q6 Q5 R15
BD139C,hq,1,1,Q16 Q12 D2
BD139C,i3,1,1,V123 R124 R125
BD139C,je,1,1,Q142 R11 C1
BD139C,jf,1,1,Q16 Q24 V2
BD139C,jg,1,1,Q16 R24 R15
BD139C,jh,1,1,Q16 R24 Q24
BD139C,ji,1,1,R13 C2 R12
BD139C,jn,1,1,Q23 Q13 R40
BD139C,l4,1,2,T4 R29 R40
BD139C,og,1,2,Q28 Q27 D11
BD139C,pw,1,2,Q26 D9 Q27
BD139C,px,1,2,Q26 Q27 D9
BD139C,py,1,2,Q11 Q8 X1
BD139C,pz,1,2,Q8 Q11 Q12
BD139C,rm,1,2,Q13 C3 R8
BD139C,wm,1,1,T1 R4 T2
BD139C,wv,1,1,C1 R3 R1
BD139G,13p,1,1,
BD139G,b5,1,2,Q4 C4 R10
BD139G,j6,1,2,Q5 C10 R14
BD139G,j7,1,2,Q5 R14 R12
BD140,10e,1,3,Q6 R11
BD140,12c,1,2,Q3 Q5 R9
BD140,12d,1,2,Q3 Q5 R9
BD140,12e,1,1,Q3 C15 R11
BD140,12r,1,1,Q4
BD140,12s,1,1,Q4
BD140,12t,1,1,
BD140,13s,1,1,
BD140,145,1,1,Q6 R6 Q3
BD140,14a,1,1,
BD140,14q,1,1,Q10 Q12 C7
BD140,14z,1,1,T9 R20 C11
BD140,15,1,1,R64 D19 C27
BD140,15k,1,1,
BD140,168,1,1,Q3 Q2 R28
BD140,16l,1,1,T9 V2
BD140,16u,1,1,T9 R20 C11
BD140,173,1,1,T9 C8 V2
BD140,18,1,2,Q7 R29 Q6
BD140,19g,1,1,T111 R129 T110
BD140,19n,1,1,Q102 R110 C109
BD140,19v,1,1,Q102 P102 C110
BD140,19w,1,1,Q102 R110 R109
BD140,1az,1,1,Q102 R110 R109
BD140,1b0,1,1,R110 R109 R106
BD140,1b1,1,1,
BD140,1c6,1,2,Q3 R4 C3
BD140,1c7,1,1,
BD140,1c8,1,2,
BD140,1cc,1,1,Q102 R110 C103
BD140,1cd,1,1,Q102 R110 C103
BD140,1ce,1,1,Q102 R110 C103
BD140,1cf,1,1,Q102 R110 C103
BD140,1cg,1,1,Q102 R110 C103
BD140,1ch,1,1,Q102 R110 C103
BD140,1ev,1,1,
BD140,1fh,18,1,
BD140,1gj,1,1,C15 Q6 R16
BD140,1gk,1,1,C15 Q6 R16
BD140,1he,1,1,VT15 VT12 VT11
BD140,1j0,1,1,Q9 R38 D4
BD140,1j1,1,1,Q9 R38 D4
BD140,1jh,3,2,Q7 R4 C23
BD140,1k6,1,2,Q1 D7
BD140,1z,1,1,Q4
BD140,4g,1,2,T6 C8 T8
BD140,4h,1,1,T8 C10 T6
BD140,4i,1,1,T8 C10 T6
BD140,4j,1,1,
BD140,5y,1,1,V131 R131 C133
BD140,65,1,1,D15 Q8 D14
BD140,68,1,1,Q9 R80 R82
BD140,6i,1,1,VT11 VT10
BD140,6r,1,2,
BD140,76,1,1,T5 R14 R15
BD140,77,1,1,T5 R14 R15
BD140,7m,1,2,Q2 R5 R1
BD140,7r,1,1,R110 R109 P106
BD140,7s,1,1,
BD140,7w,1,1,VR1 P24 R22
BD140,7y,1,1,Q6 R17 R14
BD140,84,1,2,T4 R2 C1
BD140,8f,1,2,Q2 R5 R3
BD140,8t,1,1,Q10 R25 R20
BD140,9k,14,2,
BD140,ae,1,1,Q10 Q13 R22
BD140,af,1,1,Q10 Q13 R22
BD140,ag,1,1,Q10 Q13 R22
BD140,ce,1,1,Q19 R36 R3A
BD140,cf,1,1,Q19 R36 R2A
BD140,dy,1,5,
BD140,dz,1,5,
BD140,fh,1,1,Q10 R25 R20
BD140,fh,2,1,Q10 R25 R21
BD140,fh,4,1,
BD140,fi,1,1,Q10 R25 R20
BD140,fn,1,1,
BD140,fo,1,1,Q10 R25 R20
BD140,fr,1,2,Q11 R24 R21
BD140,fv,1,1,Q9 C28 R21
BD140,fw,1,1,Q9 C20 R21
BD140,gr,1,1,Q7 C17 R16
BD140,h,1,2,Q1 R14 R3
BD140,hu,1,1,Q4 C1 R4
BD140,hv,1,1,Q4 C1 R4
BD140,hz,1,1,Q2 R12
BD140,is,1,1,
BD140,l,1,2,Q1 R14 R3
BD140,l0,1,3,Q6 R19 R11
BD140,li,1,1,Q2 C4
BD140,lo,1,1,Q9 C23 R22
BD140,m4,1,1,R110 R109 R106
BD140,m5,1,1,Q102 R110 R109
BD140,ms,1,1,Q2 R2 T2
BD140,mt,1,1,Q2 R6 T2
BD140,mu,1,1,Q102 R106 R105
BD140,my,1,3,T18 R3a T15
BD140,n0,1,3,T26 R32 T23
BD140,n6,1,1,Q102 R106 R105
BD140,n7,1,2,T18 R3a T15
BD140,na,1,1,Q202 R206 R205
BD140,nh,1,1,Q202 R206 R205
BD140,no,1,1,R20 R14 R17
BD140,og,1,1,C10 R3B Q28
BD140,p9,1,1,
BD140,pn,1,4,Q4 Q5 Q3
BD140,q,1,2,Q1 R14 R3
BD140,q4,1,2,Q2 C5 Q1
BD140,q5,1,2,Q2 C5 Q1
BD140,q6,1,1,Q2 C5 Q1
BD140,q7,1,1,Q2 C5 Q1
BD140,q8,1,1,Q2 C5 Q1
BD140,rr,1,1,R18 Q18 R21
BD140,rs,1,1,C110 R124 R123
BD140,rt,1,1,C110 R124 R123
BD140,sc,1,1,Q21 C12 Q14
BD140,sd,1,1,Q21 C12 R16
BD140,se,1,1,Q21 C12 Q10
BD140,t6,1,1,T2 R6 R8
BD140,tx,1,1,
BD140,u4,1,1,Q5 U3 R15
BD140,uh,1,1,Q1 D7 R4
BD140,ul,1,2,Q3 D3
BD140,v0,1,2,
BD140,vn,1,1,R110 P109 R106
BD140,w,1,2,Q1 R14 C27
BD140,wc,1,1,T23 T24 R42
BD140,wc,7,1,
BD140,wd,1,1,T23 T24 R42
BD140,wd,7,1,
BD140,we,1,1,T23 D7 C16
BD140,wh,1,1,T15 R25 R30
BD140,wh,7,1,
BD140,wk,1,1,T15 R25 R30
BD140,wk,7,1,
BD140,y4,1,1,Q102 P102 C110
BD140,y5,1,1,Q102 P102 C110
BD140,y7,1,1,R12 Q7 Q5
BD140,y8,1,1,R12 Q7 Q5
BD140,y9,1,2,Q2
BD140C,11,1,3,Q7 C4 R3
BD140C,13,1,1,Q1 D19 R35
BD140C,15q,1,1,
BD140C,178,1,1,Q18 R8 C16
BD140C,1h1,2,1,Q5 R20 R19
BD140C,23,1,1,Q1 R21 D13
BD140C,cq,1,4,Q2 D5 R11
BD140C,cr,1,4,Q2 D5 R11
BD140C,fx,1,2,Q5 R11 Q1
BD140C,jf,1,1,Q15 D2 Q23
BD140C,jg,1,1,Q15 R41 R27
BD140C,jh,1,1,Q15 R27 D2
BD140C,ji,1,1,Q40 C4 P3
BD140C,jn,1,1,Q24 C15 Q14
BD140C,pw,1,1,Q29 C10 R39
BD140C,px,1,1,Q29 C10 R39
BD140C,pz,1,1,Q13 R30 Q18
BD140C,wv,1,1,R4
BD243,qb,1,2,Q2 Q3 P3
BD244,qb,1,2,Q2 Q3 Q4
BD249,6e,1,2,T21 C14 R31
BD249C,1c6,1,2,Q9 C11 D5
BD249C,1c7,1,1,
BD249C,1c8,1,2,
BD249C,k4,1,1,T12 C9 R29
BD249C,k5,1,1,T12 C9 R29
BD249C,k6,1,1,T14 R28 C5
BD249C,k7,1,1,T14 R28 C5
BD249C,k8,1,1,T14 R28 C5
BD249C,u5,1,1,T14 R28 C5
BD250,6e,1,2,T22 R35 R33
BD250C,1c6,1,2,Q12 Q13 R19
BD250C,1c7,1,1,
BD250C,1c8,1,2,
BD250C,k4,1,1,T13 R33 T11
BD250C,k5,1,1,T13 R33 T11
BD250C,k6,1,1,T13 R33 C6
BD250C,k7,1,1,T13 R33 C6
BD250C,k8,1,1,T13 R33 C6
BD250C,u5,1,1,T13 R33 C6
BD437,1i4,4,1,
BD437,1i4,6,1,Q1 Q2 Q3
BD437,nw,3,1,
BD437,nw,5,1,Q31 Q32 Q33
BD438,1i4,4,1,
BD438,1i4,6,1,Q2 Q3 Q1
BD438,nw,3,1,
BD438,nw,5,1,Q32 Q31 Q33
BD440,8x,1,1,
BD441,1ew,1,1,Q20 R53 C19
BD441,1ex,1,1,Q20 R53 C19
BD441,dq,1,1,Q20 Q16 Q22
BD441,jp,1,2,
BD442,dq,1,1,Q21 Q17 Q24
BD442,jp,1,2,
BD536,r4,21,1,R1
BD681,16n,1,1,Q5 R8 R13
BD681,6n,1,1,Q6 R14 C9
BD682,16n,1,1,Q9 R23 D2
BD901,18r,1,1,T060 C002 C920
BD902,18r,1,1,C918 C060 J901
BD911,ey,1,2,
BD912,ey,1,2,
BDV64C,su,1,1,T13 R29 R30
BDV65C,su,1,3,T8 R43 R25
BDW93,u6,2,2,Q100 R103 R104
BDW93,u7,3,1,Q100 R103 R104
BDW93,u7,5,1,Q200 R203 R204
BDW93,u7,7,2,Q300 R303 R304
BDW93,u7,9,1,
BDW94,u6,2,2,Q110 R113 R114
BDW94,u7,3,1,Q110 R113 R114
BDW94,u7,5,1,Q110 R213 R214
BDW94,u7,9,1,
BDW94C,np,1,1,Q7 C9 R14
BDY58,1k2,1,2,
BDY58,u9,1,2,TR9
BDY77,cj,3,2,D6 L2 R38
BF244B,2,1,2,T12 T11 C11
BF244C,2,1,1,T12 C11 R14
BF245A,id,1,1,Q6 R3
BF245B,2,1,1,R81 C81
BF245C,1he,1,2,VT3 C4 VT1
BF245C,ut,1,3,
BF245C,uu,1,1,
BF246A,us,1,1,
BF256B,98,1,1,J3 R3 R14
BF256B,98,2,1,
BF256B,99,1,1,J3 R3 R14
BF256B,99,2,1,
BF256B,di,1,1,J3 R3 R14
BF256B,dj,1,1,J3 R3 R14
BF256C,s2,1,1,
BF256C,s3,1,1,
BF337,17m,1,2,T2 T3 T1
BF420,kw,1,2,Q4 C10 C14
BF421,kw,1,1,Q5 R20 R19
BF422,9t,1,8,TR6 R22 R21
BF422,9t,2,8,TR6 R22 D11
BF422,9t,3,4,TR1 R1 R4
BF422,9t,4,1,Q1 D3 D2
BF422,tn,1,5,Q2 D3 Q24
BF423,9t,1,6,TR21 R43 R42
BF423,9t,2,6,TR21 R43 R42
BF423,9t,3,1,TR3 TR2 D6
BF423,9t,4,1,Q2 R2 R4
BF423,ei,1,1,Q11 Q8
BF423,tn,1,5,Q24 Q2 D3
BF451,e8,1,1,Q4 C34 R39
BF451,eb,1,1,Q4 C34 C33
BF459,l6,1,1,T2 P1 R7
BF469,dq,1,1,Q12
BF470,dq,1,3,Q15 Q13
BF820,33,1,3,Q9 R36 D13
BF861,dw,2,1,
BF861A,dw,2,2,
BF861A,dw,4,1,Q1 Q2 R2
BF861B,dl,1,1,
BF861C,dl,1,1,
BF862,1ab,17,2,R17 J107 Q3
BF862,1ab,19,1,R5 C1 D2
BF862,1fz,1,4,V2 V1 C3
BF862,1g0,1,4,V103 R105
BF862,31,1,5,
BF862,32,1,5,
BF862,8j,1,1,
BF862,8k,1,1,
BF862,8l,1,1,
BF862,8m,1,3,V101 R104 R106
BF862,8p,1,1,V111 R163 R161
BF862,ct,1,1,R1 R2
BF862,dw,2,4,
BF862,dw,4,1,
BF862,nq,1,2,Q1 R14 R19
BF862,nt,1,2,Q1 R2 R16
BF862,o1,3,1,C13 Q5 Q6
BF862,o1,4,1,Q18 P2 P5
BF862,o2,2,4,Q5 Q6 Q4
BF862,o3,1,2,Q5 R20 Q7
BF862,o4,2,2,Q5 Q4 Q6
BF862,o5,1,1,Q5 R20 Q7
BF862,o6,1,2,Q5 R20 Q7
BF862,o7,1,1,Q5 R20 Q7
BF862,xk,5,1,
BF862,xn,1,1,Q2 Q3 Q1
BF862,yp,1,1,Q1 R2 C8
BF862,z0,1,3,Q5 R4 Q2
BF862,z1,1,3,Q5 R4 Q2
BFR100,19v,1,1,J103 J102 T104
BFR100,y4,1,1,J103 J102 T104
BFR100,y5,1,1,J103 J102 T104
BFR101,rs,1,1,J102 J103 T104
BFR101,rt,1,1,J102 J103 T104
BFR31,11s,2,3,T1 R9 R68
BFR31,1fa,2,2,T1 R57 IC14B
BFR31,1fb,2,2,T1 R57 IC14B
BFR31,1fc,2,2,T1 R57 IC14B
BFX66,1fl,5,1,
BLK191,1dk,1,1,X191
BLK191,t,1,1,X191
BLM700,e9,1,6,L2 R32 R39
BLM700,ea,1,7,L1 L2 R32
BS107,1do,1,1,R70 R68 R69
BS107,1dp,1,1,R83 R81 R82
BS107,1e0,1,1,R53 R55
BS107,1e1,1,1,R64 R66 R65
BS107,1e9,1,1,R68 R70
BS107,1ea,1,1,R81 R83
BS107,1ef,1,1,R40 R42 R41
BS107,1ek,1,1,R66 R64 R65
BS107,1er,1,1,R51 R53 R52
BS108,oe,1,2,C12 C11 T14
BS108,of,1,1,R20 C6
BS170,1dm,1,1,R13 R11 R12
BS170,1dy,1,1,R13 R12
BS170,1e8,1,1,R11 R13 R12
BS170,1ej,1,1,R13 R11 R12
BS170,1hg,3,2,
BS170,65,1,1,Q0 R32 Q1
BS170,yp,1,1,Q6 R8 C10
BS250,b4,1,1,
BS250P,13p,1,1,
BSP129,5s,1,1,Q5 R15 V3
BSP129,5t,1,1,Q5 R15 V3
BSP129,dr,1,2,Q1 R2
BSP129,pv,1,1,Q5 R15 C3a
BSP135,1gr,1,6,Q2 C5 C4
BSP225,kj,1,1,R4 Q2
BSP295,1x,1,1,T9 R37 R12
BSS119N,10c,2,3,Q30 C45 R44
BSS123,jr,1,3,Q4 Q3 C11
BSS123,js,1,3,Q4 Q3 C11
BSS123,jt,1,1,Q5
BSS123,ju,1,2,Q4 Q3 C11
BSS138,131,1,2,Q2 Q1 R29
BSS138,18y,5,1,R8
BSS138,18z,1,3,R19
BSS138,18z,5,1,R16 U3A R4
BSS138,1ja,1,2,Q2 R29 R25
BSS138,lk,1,5,Q2 R20 R15
BSS138,ll,1,7,Q2 R20 R18
BSS139,z6,2,2,Q1 R4 R5
BSS139,z6,6,1,
BSS139,z7,2,2,Q1 R4 R5
BSS139,z7,7,1,
BSS139,z8,2,2,Q1 R4 R5
BSS139,z8,5,1,
BSS159,1u,1,1,Q1 R6 R2
BSS159N,12n,1,1,R8 R4
BSS159N,12o,1,1,R8 R4
BSS159N,1c2,1,1,
BSS159N,9f,1,1,R1
BSS159N,9g,1,1,
BSS71,6e,1,1,R24 T11 R25
BSS74,6e,1,1,T12 R29 T22
BSS84,b4,1,1,
BSV80,o,1,1,T211 R213 R211
BSV80,p,1,1,T211 R213 R211
BT139,17u,1,1,R10 T1 R7
BU205,17m,1,1,T1 D5 T2
BU805,a6,1,1,
BUE634T,vf,1,1,R8 C6 IC4
BUF634,166,1,1,
BUF634,169,1,1,
BUF634,tb,1,2,
BUF634,zc,1,1,
BUF634A,vr,1,1,
BUF634L,0,1,1,C14 C13
BUF634P,144,1,1,
BUF634R,0,1,1,C16 C15
BUF634T,78,1,1,R4
BUF634T,mp,1,2,C30 C34 C25
BUF634T,ve,1,2,R8 R14 C6
BUF634T,vf,1,1,IC5 R15 R8
BUF634U,16x,1,1,IC6 R26 R24
BUL38D,175,1,1,IC2 R6 R5
BUL38D,2r,1,1,IC2 R12 R6
BUV20,1k1,1,2,TR11 R78 TR9
BUV28,kc,1,1,R49 C31
BUX85,2w,1,1,D3 D3 Q4
BUX85G,2w,1,2,Q4 D3 D3
BUZ90,zu,1,4,
BUZ900,1fh,5,1,
BUZ900,1fo,1,2,
BUZ900,1fo,2,1,
BUZ900,1fo,8,1,
BUZ900,k4,1,2,R30 C13 C12
BUZ900,k5,1,2,R30 C13 C12
BUZ900,k6,1,2,T14 L1 C13
BUZ900,k7,1,2,T14 L1 C13
BUZ900,k8,1,2,T14 L1 C13
BUZ900,u5,1,2,T14 L1 C13
BUZ900P,14p,1,2,
BUZ900P,14t,1,2,
BUZ901,1fh,1,1,
BUZ901,1fh,2,10,
BUZ901,1fh,5,1,
BUZ901,1fh,8,1,
BUZ901,1fh,9,1,
BUZ901,1fh,11,1,
BUZ901,1fh,12,2,
BUZ901,1fh,13,2,
BUZ901,1fh,20,5,
BUZ901,1fh,21,4,
BUZ901,1fh,22,2,
BUZ901,1fh,27,1,
BUZ901,1fo,1,1,
BUZ901,k4,1,2,R30 C13 C12
BUZ901,k5,1,2,R30 C13 C12
BUZ905,1fh,5,1,
BUZ905,k4,1,2,R25 T16 R26
BUZ905,k5,1,2,R25 T16 R26
BUZ905,k6,1,2,T16 R31 R25
BUZ905,k7,1,2,T16 R31 R25
BUZ905,k8,1,2,T16 R31 R25
BUZ905,u5,1,2,T16 R31 R25
BUZ906,1fh,1,1,
BUZ906,1fh,2,10,
BUZ906,1fh,5,1,
BUZ906,1fh,8,1,
BUZ906,1fh,9,1,
BUZ906,1fh,11,1,
BUZ906,1fh,12,2,
BUZ906,1fh,13,2,
BUZ906,1fh,20,5,
BUZ906,1fh,21,4,
BUZ906,1fh,22,2,
BUZ906,1fh,27,1,
BUZ906,k4,1,2,R25 R26 T16
BUZ906,k5,1,2,R25 R26 T16
BX100,6o,1,1,
BX100,6p,1,1,
BX100,9s,1,1,R19
BYV27,b8,7,2,
BYV32E,111,1,4,D2 D1 D4
BYV95C,1ip,1,2,D2 D3 R14
BYV95C,t7,1,2,D2 D3 R14
BYV95C,t8,1,2,D2 D3 R14
BYV96E,11g,1,1,
BYV96E,11h,1,2,D2 D3 R14
BYW29,tw,1,1,T101 T201 R43
BYW96E,1i2,4,1,
BZD23,tf,1,1,D7
BZT52C23,ba,2,1,D7 C47 U10
BZT52C30,ba,2,1,D11 R72 C12
BZT52C3V3,ba,2,1,D23 R133 C113
BZT52C51,ba,2,1,D10 R67 R70
BZT52C8V2,bb,1,1,D12 R74 R76
BZV55,11m,1,3,R84 C60 C61
BZV55,tw,1,1,
BZV55,tx,1,1,
BZV55,ty,1,1,
BZV55-C12,fs,1,2,
BZV55C,cw,5,1,C63 Q29 D7
BZV55C,cx,5,1,Q29 R113 D7
BZV55C,cy,5,1,Q29 R113 D7
BZV55C12,11m,1,5,VT15 C51 R75
BZV55C15,cw,5,1,D6 D7 R113
BZV55C15,cx,5,1,D6 D7 R113
BZV55C15,cy,5,1,D6 D7 R113
BZV55C15,vk,1,3,D14 R36 D15
BZV55C27,vk,1,2,D12 D13 R38
BZV55C5V1,vk,1,1,D33 R30 U2
BZV60-C10,4,1,2,
BZV60-C10,5,1,2,
BZV60-C16,ft,1,1,
BZV80-C12,p9,1,1,
BZV85-C7V5,oa,1,2,D11 R52 T19
BZX180,l6,1,1,R11 R7 C5
BZX24,l6,1,1,T2 R7 R11
BZX384B15,oh,1,2,C8 D5 R31
BZX384B18,oh,1,1,Q15 D7 C5
BZX55,1hy,4,2,D401 R406 C402
BZX55,wc,7,4,
BZX55,wd,7,4,
BZX55,wh,7,3,
BZX55,wk,7,3,
BZX55-C9V1,z9,2,1,ZD7 C63 L9
BZX55B4V7,tm,1,4,D14 R47 D16
BZX55C12,36,1,1,D12 R23 R21
BZX55C18,35,1,1,D4 C7 R7
BZX55C18,36,1,2,D4 C7 R9
BZX55C20,35,1,1,D1 C2 R2
BZX55C5V1,q3,5,1,
BZX79,192,1,1,
BZX79-10,1bf,63,1,D1 R5 R2
BZX79-10,lb,1,1,D1 Q4 VR2
BZX79-12,lb,1,2,D8 D10 D9
BZX79-3V6,lb,1,1,D2 R10 C13
BZX79-5V1,lb,1,1,D3 C11 R11
BZX793V9,dm,1,2,D1 C4 R5
BZX79C15,2c,1,3,
BZX83-C12,oi,1,2,D8 R4 C6
BZX83-C15,oe,1,3,D6 C21 C20
BZX83-C15,of,1,2,D6 R35 R41
BZX83-C15,oi,1,2,D6 C21 R28
BZX83-C15,oj,1,2,D2 C12 R29
BZX84-C15,e,1,2,D3 U1 C13
BZX84B12VL,jk,1,2,D7 R24 V1
BZX84B15VL,10n,1,1,D5 C1 D4
BZX84B20VL,10o,1,1,D1 C2 D16
BZX84B22VL,10j,1,1,D5 C1 D4
BZX84B22VL,10r,1,1,D7 C12 D5
BZX84C10,e9,1,1,C33 C32 R60b
BZX84C10,ea,1,1,D5 C32 D6
BZX84C10L,12e,1,2,D5 Q5 C5
BZX84C10L,12h,1,1,D3 R13 Q2
BZX84C10L,178,1,1,C5 R32 R14
BZX84C10L,1h,1,1,R12 R27 D7
BZX84C10V,189,1,4,D4 C41 D5
BZX84C121,dm,1,1,D8 R24 D12
BZX84C12L,10i,1,2,D6 D13 R1
BZX84C12L,10j,1,2,D8 D10 R27
BZX84C12L,10k,1,2,D6 D13 R1
BZX84C12L,10m,1,2,D2 R21 D8
BZX84C12L,10n,1,2,D10 D8 R27
BZX84C12L,10o,1,2,D6 D13 R1
BZX84C12L,10r,1,2,D6 D13 R1
BZX84C12L,10s,1,2,D6 D13 R1
BZX84C12L,1aq,1,2,D2 D1 R25
BZX84C12L,1ct,1,2,R22 D4 D2
BZX84C12L,1cu,1,2,R22 D4 D2
BZX84C12L,1gz,1,1,D9 C11 R22
BZX84C12L,1gz,2,1,D31 D27 R28
BZX84C12L,1h0,1,1,D9 C11 R22
BZX84C12L,1h0,2,1,D31 D27 R28
BZX84C12L,73,1,2,D2 D8 R21
BZX84C12L,ac,1,1,D3 C3 D5
BZX84C12L,b9,14,1,D11 C19 C20
BZX84C12L,dd,1,1,D31 D27 R28
BZX84C12L,dm,1,1,D4 D6 R42
BZX84C12L,fx,1,4,D9 C11 C12
BZX84C12L,ig,1,1,D13 Q3 R5
BZX84C12L,qh,1,2,D2 R17 C4
BZX84C12L,qi,1,2,D2 C4 C3
BZX84C12L,wo,1,2,D3 D9 R25
BZX84C12V,97,2,1,
BZX84C13,e9,1,1,C36 D7 C37
BZX84C15L,17v,1,2,D1 C3 R2
BZX84C15L,1h,1,1,R5 T100 Q33
BZX84C15L,1j,1,2,Q17 Q33 R4
BZX84C15L,67,1,1,D14 Q16 R40
BZX84C15L,fx,1,2,D19 R11 R15
BZX84C15L,l3,1,2,D1 C3 R2
BZX84C15L,l4,1,1,D1 C23 C4
BZX84C15L,s9,1,1,D1 R1
BZX84C15L,wo,1,2,R5 D15 R3
BZX84C18VL,da,1,1,D4 R6 R7
BZX84C39LT,2v,3,3,C14 C14 R36
BZX84C3V9,97,2,1,
BZX84C5V6,189,1,1,D1 C3 R4
BZX84C5V6,18f,1,1,D1 C3 R4
BZX84C6V2,97,2,1,
BZX84C6V210,rb,3,1,D2 R13 R47
BZX84C6V244,h2,1,1,D5 V2 D4
BZX84C6V2L,16a,1,2,D9 D10 R25
BZX84C6V2L,1aq,1,1,D5 R9 Q4
BZX84C6V2L,1cv,1,2,D9 D10 R25
BZX84C6V2L,1gz,2,1,D1 C1 D29
BZX84C6V2L,1h0,2,1,D1 C1 D29
BZX84C6V2L,dd,1,1,D1 C1 V2
BZX84C6V2L,h2,1,3,D4 D5 C6
BZX84C6V2L,l3,1,1,D4 R20 R19
BZX84C6V2L,lt,1,1,D6 V2 R7
BZX84C6V2L,rb,3,6,D11 C15 R48
BZX84C6V2L,ul,1,2,D1 D2
BZX84C6V8L,l3,1,1,D3 R18 R10
BZX84C7V5,18i,1,1,D2 R8 D1
BZX84C8V2L,aa,1,3,C76 D7 Q13
BZX84C8V2L,ab,1,1,C3 D10 R33
BZX84C9V1,18f,1,4,D4 C41 D5
BZX85-C56,o9,1,2,D107 C113 R103
BZX85-C56,oa,1,2,D107 C113 R103
BZX85C,3s,1,1,R8
BZX85C12,t8,1,2,ZD1 C3 R4
BZX85C12,wc,7,1,
BZX85C12,wd,7,1,
BZX85C12,wh,7,1,
BZX85C12,wk,7,1,
BZX85C15,z,1,1,D4 R9 C10
BZX85C56,104,1,1,IC3 IC4 R10
BZX85C56,105,1,1,IC3 IC4
BZX85C56,106,1,1,IC3 IC4
BZX85C56,w3,1,1,D6 IC3 IC4
BZX85C56,w4,1,1,D6 IC3 IC4
C1815Y,1j9,3,6,Q5 Q6 Q15
C3M0065090D,1b3,1,1,R3
CA3046,ew,6,1,
CA3080,fy,1,1,IC1 C6 R20
CC2540,nm,1,1,IC4 C1 R9
CD4001,6i,1,1,R7 R6 C5
CD4013,he,12,1,
CD4013A,6i,1,2,VT1 VT2
CD4013B,ze,1,2,
CD4017A,6i,1,1,VT2
CD4049,b8,1,1,
CD4049,b8,7,1,T6
CD74HC4024,117,1,1,
CD74HC4024,118,1,1,Q7 Q6 Q5
CL50,bg,12,1,R13
CL50,bl,11,1,R13
CL60,1i1,1,1,
CL60,1i1,2,2,
CL60,1i1,3,2,
CL60,1i1,4,3,
CL60,1i1,8,5,
CL60,1j4,1,1,
CL60,1j4,2,2,
CL60,1j4,3,3,
CL60,1j4,4,3,
CL60,bf,18,2,
CL60,bf,19,2,
CL60,bf,24,5,
CL60,bg,12,5,R13 R12
CL60,bg,13,1,
CL60,bg,15,2,
CL60,bg,16,3,
CL60,bh,13,6,R13 R12
CL60,bh,14,1,
CL60,bh,16,2,
CL60,bh,17,3,
CL60,bh,24,5,
CL60,bi,13,2,
CL60,bi,14,3,
CL60,bj,14,2,
CL60,bj,15,3,
CL60,bj,20,5,
CL60,bk,1,1,
CL60,bk,5,2,
CL60,bl,11,5,R13 R12
CL60,bl,12,1,
CL60,bl,14,2,
CL60,bl,15,3,
CL60,gx,5,6,
CL60,gz,1,1,
CL60,h4,1,2,
CL60,h4,2,1,
CL60,h4,3,6,R13
CL60,h4,4,1,
CL60,h5,1,2,
CL60,h5,2,1,
CL60,h5,3,6,R13
CL60,h5,4,1,
CNY17,1fm,4,1,
CNY17F,cg,1,1,T5 D21
CR2032,129,1,1,C4
CSD19535KCS,u6,1,1,
CSD19535KCS,u7,9,1,
CUS10S30,184,1,4,D2 R79 C186
D1N4004,lb,1,1,D5 D4 D11
D1N5404,16a,1,2,D13 R35 L1
D1N5404,1ax,1,2,D9 Q31 R67
D1N5404,1cv,1,2,D13 R35 L1
D1N5404,aj,1,1,D9 Q7 R73
D1N5404,rb,3,2,D27 Q2 C31
D311,p7,1,2,D311 R338 R338
D4148,1jb,1,1,D0 R0 U2
D44H11,1gu,1,1,Q10 R11 R15
D44H11,1gv,1,1,Q10 Q9 R15
D44H11,1v,1,1,Q10 J1 J2
D44H11,1v,2,1,Q10 J1 J2
D44H11,7g,1,1,Q1 C5 C15
D44H11,7h,1,1,Q1 C5 C15
D44H11,ed,4,1,Q701 R000 R010
D44H11,ir,2,1,
D44H11,lj,1,1,R12 R11 D2
D44H11,wr,1,1,Q5 R12 C26
D44H11,ws,1,1,Q5 R12 J9
D44H11,wy,2,1,
D45H11,1ab,21,2,Q9 C10 C8
D45H11,1gu,1,2,Q5 R10 Q6
D45H11,1gv,1,2,Q6 Q5 D10
D45H11,1v,1,1,Q10 J1 J2
D45H11,1v,2,1,Q10 J1 J2
D45H11,7g,1,1,Q2 C6 R4
D45H11,7h,1,1,Q2 C6 R4
D45H11,lj,1,1,Q14 C7 R21
D45H11,r4,23,1,
D45H11,wy,2,1,
DAC8552,z9,4,1,IC16 IC15 C81
DAC8812,sw,1,1,
DF1704,1jb,1,2,
DFLS1100,z9,1,2,TR2 D9 L1
DFLS1100,z9,8,1,D20 R96 L14
DG409DJ,ui,1,1,U1 S1A C4
DG409DJ,uj,1,1,U1 S1A C4
DG409DJ,uk,1,1,U1 S1A C4
DIR9001,16i,1,1,C25 L11 U10
DIR9001,16j,1,1,C25 L11 R23
DIR9001,1hq,1,1,U102
DIR9001,1hs,1,1,U102
DIR9001,sz,1,2,
DIR9001,t1,1,2,
DIR9001,t2,1,2,
DL33,1,1,1,T98 R99 R98
DMMT5401,5w,1,1,T2 R8 C6
DN2535,150,1,1,Q103 R103
DN2535,g,1,3,
DN2540,106,1,1,Q1 C9
DN2540,1af,1,2,R1 R10
DN2540,1ag,1,2,R1 R10
DN2540,1ah,1,2,R1 R10
DN2540,1cd,1,1,R135 R130 R133
DN2540,1ce,1,1,R139 R134 R137
DN2540,1cf,1,1,R139 R134 R137
DN2540,1cg,1,1,R139 R134 R137
DN2540,1ch,1,1,R139 R134 R137
DN2540,1i5,1,2,T141 D141 L141
DN2540,2m,1,7,R3 R12 V3
DN2540,2n,1,7,R6 R11
DN2540,3k,1,1,R13
DN2540,3n,1,3,R3 R8 R17
DN2540,60,2,1,
DN2540,60,3,1,
DN2540,60,7,1,
DN2540,7u,1,1,R128 R131 P3
DN2540,98,1,1,R10 C7 R11
DN2540,98,2,1,
DN2540,98,3,1,
DN2540,99,1,1,R10 C7 R11
DN2540,99,2,1,
DN2540,99,3,1,
DN2540,di,1,1,R10 C7 R11
DN2540,g,1,3,
DN2540,gd,1,1,Q3 R9 R8
DN2540,ii,1,2,Q8 Q7 J309
DN2540,je,1,2,Q5 C4 R29
DN2540,ji,1,2,Q7 C9 J1
DN2540,jj,1,2,Q7 C9 J1
DN2540,jm,1,2,R12 Q6 C4
DN2540,l7,1,1,Q4 R11 R14
DN2540,t,1,1,T233 D233 C234
DN2540,w1,1,4,Q1 R11 LED1
DN2540,w2,1,1,Q1 LED1 C13
DN2540,w3,1,3,Q1 R11 LED2
DRV134,fc,1,1,
DRV135,xk,5,1,
DRV135,xk,12,1,
DRV135UA,xk,12,1,
DXT5401,1hj,1,2,T7 C12 R17
DXT5401,1jl,1,1,Q1 C39 R31
DXT5401,1jm,1,1,Q1 C39 R31
DZ34,1,1,1,R35 T33 D36
E80F,zg,1,1,
E81L,fz,1,1,
E81L,fz,2,1,
E81L,fz,3,1,
E81L,fz,4,1,
E81L,fz,5,1,
E88C,bq,1,1,R8 U4 C4
E88CC,zg,1,1,C20
EC11,1bp,1,1,R64 R73 R66
EC11,g2,1,1,Q7 Q8 Q9
EC52,1bp,1,1,R50 IC5 R51
EC52,g2,1,1,R50 R51 D11
EC53,1bp,1,1,R15 T0 C10
EC53,g2,1,1,R13 R14 IC4B
EC55,1bp,1,1,R157 C2 R2
EC55,g2,1,1,R157 C2 C12
ECC32,vh,8,1,
ECC81,11i,1,2,
ECC81,1es,1,1,
ECC81,1et,1,2,R9 D2 C5
ECC81,g1,3,1,
ECC81,ic,1,1,C12 R26 R16
ECC81,xy,1,1,C10 V3 R15
ECC81,zg,1,1,C20
ECC82,161,1,2,V1A R9 R10
ECC82,162,1,2,V1A R9 R10
ECC82,163,1,2,V1A R9 R10
ECC82,164,1,1,
ECC82,3p,1,2,
ECC82,83,1,1,
ECC82,g1,3,1,
ECC82,sn,22,1,
ECC82,sn,27,1,C35 R12 R59
ECC82,sn,28,1,R13 C36 C4
ECC82,xy,1,1,C10 V3 R15
ECC82,y2,1,2,
ECC82,y3,1,2,
ECC82,zg,1,1,C20
ECC83,15t,1,2,R6 R3 R5
ECC83,15v,1,2,R20 V1A R41
ECC83,1i2,3,1,
ECC83,1i2,8,1,
ECC83,7a,2,1,
ECC83,7a,3,3,R00
ECC83,7a,4,1,
ECC83,86,1,1,
ECC83,8p,1,1,V111 V173
ECC83,8z,1,1,
ECC83,90,2,1,
ECC83,9m,6,1,
ECC83,g1,3,1,
ECC83,g8,1,2,U1A Q1 R5
ECC83,gf,1,2,U1A C2 R3
ECC83,ke,2,1,
ECC83,l2,1,1,V2 C6 C8
ECC83,qa,1,1,
ECC83,sn,22,1,
ECC83,sn,27,1,V9 R21 R85
ECC83,sn,28,1,V10 R27 R88
ECC83,xy,1,3,C10 V3 R15
ECC83,zg,1,1,C20 R40 R2
ECC84,16q,1,2,U1 U3 R13
ECC85,g8,1,1,R6 C5 C4
ECC85,yq,1,1,
ECC88,10d,2,1,C1 T3 R12
ECC88,1dq,1,3,C56
ECC88,1ds,1,1,
ECC88,1dt,1,1,C15
ECC88,1dw,1,1,D8 R44
ECC88,1dx,1,1,C32
ECC88,1ec,1,1,
ECC88,1ed,1,1,
ECC88,1eg,1,1,
ECC88,1eh,1,1,
ECC88,1if,1,10,R61 U8 C12
ECC88,1ig,1,10,R61 U8 C12
ECC88,1ih,1,10,R61 U8 C12
ECC88,1ii,1,10,R61 U8 C12
ECC88,1ij,1,10,R61 U8 C12
ECC88,1ik,1,10,R61 U8 C12
ECC88,1il,1,10,R61 U8 C12
ECC88,1im,1,10,R61 U8 C12
ECC88,1in,1,10,R61 U8 C12
ECC88,3z,1,2,
ECC88,87,1,8,R11 U2 U1
ECC88,88,1,8,R11 U2 U1
ECC88,89,1,8,R76 U12 C17
ECC88,8a,1,8,R76 U12 C17
ECC88,8b,1,8,R11 U2 U1
ECC88,8c,1,8,R11 U2 U1
ECC88,i6,1,1,C17 C15 R24
ECC88,mg,1,8,R11 U2 U1
ECC88,mh,1,8,R11 U2 U1
ECC88,mi,1,8,R76 U12 C17
ECC88,mj,1,8,R76 U12 C17
ECC88,mk,1,8,R11 U2 U1
ECC88,ml,1,8,R11 U2 U1
ECC88,mm,1,8,R11 U2 U1
ECC88,mn,1,8,R11 U2 U1
ECC88,mo,1,6,R76 U12 C17
ECC88,pt,1,5,V1B C8 C6
ECC88,pu,1,6,V1B C8 C6
ECC99,1iy,1,4,V11 C34 R85
ECC99,vh,5,1,
ECC99,w7,1,4,V11 C34 R85
ECC99,w8,1,4,V11 C34 R85
ECC99,w9,1,4,V11 C34 R85
ECC99,zg,1,1,
ECL85,zq,1,2,
ECL85,zr,1,2,
ECW20N20,10q,1,2,
ECW20N20,1j3,1,1,Q8 D2 J7
ECW20N20,9k,14,1,
ECW20N20,lc,1,1,
ECW20N20,pa,1,4,
ECW20N20,pb,1,4,Q13 Q11 C8
ECW20N20,pc,1,4,
ECW20N20,pd,1,1,
ECW20P20,10q,1,2,C26
ECW20P20,1j3,1,1,Q9 C12 C12
ECW20P20,9k,14,1,
ECW20P20,pa,1,4,
ECW20P20,pb,1,4,R33 L1
ECW20P20,pc,1,4,
ECW20P20,pd,1,1,
ECX10N16,10i,1,2,R12 C1 R39
ECX10N16,10j,1,2,C19 R32 R37
ECX10N16,10k,1,2,R12 C1 R39
ECX10N16,10m,1,2,C22 R31 R16
ECX10N16,10n,1,2,C19 R32 R37
ECX10N16,10r,1,2,R12 C1 R39
ECX10N16,10s,1,2,R12 C1 R39
ECX10N16,12h,1,2,R35 R25 Q12
ECX10N16,73,1,3,R23 R22 Q13
ECX10N16,wo,1,2,C22 R42 R57
ECX10N20,1,1,2,R19
ECX10N20,1aq,1,3,R5
ECX10N20,1ar,1,3,C10
ECX10N20,1i,1,2,R36 R38 D1
ECX10N20,6a,1,1,Q7 D92 R10
ECX10N20,9k,4,1,
ECX10N20,9k,6,1,D92 R10 D94
ECX10N20,9k,13,1,R7
ECX10N20,9k,14,1,
ECX10N20,i7,1,2,Q604 R608 C604
ECX10N20,i8,1,2,Q504 C504 R508
ECX10N20,i9,1,1,Q502 C504 C504
ECX10N20,ia,1,1,Q502 C504 C504
ECX10N20,ib,1,1,Q502 C504 C504
ECX10N20,ir,8,1,J113
ECX10N20,pe,1,1,Q7 R14 C11
ECX10N20R,14p,1,2,
ECX10N20R,14t,1,2,
ECX10N20R,1gl,1,1,U2 R31 R32
ECX10P16,10i,1,2,C11 R42 R2
ECX10P16,10j,1,2,C20 R38 R28
ECX10P16,10k,1,2,C11 R42 R2
ECX10P16,10m,1,2,C25 R36 R25
ECX10P16,10n,1,2,C20 R38 R28
ECX10P16,10p,1,2,D7 C14 C11
ECX10P16,10r,1,2,C11 R42 R2
ECX10P16,10s,1,2,C11 R42 R2
ECX10P16,12h,1,2,R34 C11 V3
ECX10P16,73,1,3,C5 V4 R26
ECX10P16,ok,1,1,R31 C23 C16
ECX10P16,wo,1,2,C23 R58 C20
ECX10P20,1aq,1,3,R5
ECX10P20,1ar,1,3,R3
ECX10P20,1i,1,2,D6 R39 R37
ECX10P20,6a,1,1,Q8 C6 R11
ECX10P20,9k,4,1,
ECX10P20,9k,6,1,Q8 C6 R11
ECX10P20,9k,13,1,R7
ECX10P20,9k,14,1,
ECX10P20,i7,1,2,Q504 C504 R508
ECX10P20,i8,1,2,Q604 R608 C604
ECX10P20,i9,1,1,Q602 C604 C604
ECX10P20,ia,1,1,Q602 C604 C604
ECX10P20,ib,1,1,Q602 C604 C604
ECX10P20,pe,1,1,Q8 C13 R17
ECX10P20R,1gl,1,1,U1 R30 R33
EF183,yq,1,1,
EF184,16b,1,2,R5
EF184,17g,1,2,R5
EF184,3r,1,2,R3 R5
EF86,15l,1,1,
EF86,1i2,3,1,
EF86,1i2,8,2,
EF86,7a,2,1,
EF86,kk,1,1,
EF86,l2,1,1,R2 R3 R6
EF86P,zg,1,2,U5 R17 C18
EL152,gc,1,2,
EL152,gc,2,1,
EL152,gc,3,1,
EL152,gc,4,1,
EL152,gc,5,1,
EL152,gc,6,1,
EL152,gc,7,1,
EL152,gc,8,1,
EL152,gc,9,1,
EL152,gc,10,1,
EL152,gc,11,1,
EL152,gc,12,1,
EL34,10d,2,2,R17 R25 R21
EL34,15t,1,5,
EL34,15v,1,6,V2 R14 R9
EL34,15w,1,1,
EL34,170,1,1,R20
EL34,19t,2,1,
EL34,19x,1,2,P5 P3 R5
EL34,1es,1,1,
EL34,1et,1,3,V1 R6 R8
EL34,1i2,3,2,
EL34,1i2,6,1,
EL34,1i2,7,1,
EL34,7a,4,1,
EL34,8z,1,2,
EL34,8z,2,1,
EL34,90,1,4,
EL34,90,2,4,V1 X1 LED1
EL34,9m,4,1,
EL34,9m,5,1,
EL34,c0,1,1,
EL34,ke,1,2,
EL34,ke,2,3,
EL34,qa,1,2,
EL34,sn,1,1,
EL34,sn,22,1,
EL34,sn,27,4,V2 R90 R97
EL34,sn,28,4,V6 R94 R101
EL34,wx,1,1,
EL36,ge,1,2,C8 C6 C7
EL84,11i,1,3,
EL84,14x,1,2,VT6 R8 C10
EL84,15l,1,1,
EL84,17g,1,1,
EL84,7a,2,4,
EL84,7a,3,3,
EL84,8z,2,1,
EL84,90,1,5,
EL84,90,2,3,V1 X1
EL84,gf,1,5,U2A R9 R6
EL84,ke,2,1,
EL84,kk,1,1,
EL84,l2,1,2,V3 R22 C5
EL84,pt,1,3,V3 R42 R35
EL84,pu,1,4,V3 R42 R35
EL84,v5,1,4,R133
EL84,xj,1,2,
EL86,yf,1,2,
EL86,yg,1,2,
EL86,yh,1,3,
EL86,yi,1,3,
EL86,yj,1,3,
EM80,ge,1,2,C1 C2 R2
EPC2010,g9,1,2,Q1 Q2 R4
ES1A,ln,1,4,D717 R603 C604
ES1D,1jl,2,1,D1 C2 U1
ES1D,1jm,2,1,D1 C2 R7
ES1D,1jn,2,1,D1 C2 R7
ES1D,1jp,1,1,D8 C1 C2
ES1D,1jq,1,1,D1 C1 U1
ES1D,wr,1,8,L2A D7 L2
ES1D,ws,1,8,D2 D3 R19
ES1D,wt,1,8,D2 D3 R19
ES1J,1ew,3,12,D34 D45 R5
ES2D,33,1,2,C7 D1 C24
EZ80,g1,4,1,
EZ81,1d1,1,1,V301 R301 C301
EZ81,g0,1,1,
EZ81,g1,4,1,
EZ81,gf,1,1,U5B C10 R12
EZ90,g1,4,1,
FCX493,rm,1,2,Q19 R7 Q12
FCX593,rm,1,2,Q18 Q2 R6
FDN304P,19,1,1,
FDN304P,1b,1,1,
FDN304P,1hs,11,1,
FDN304P,1hs,12,1,
FDN327N,19,1,1,
FDN327N,1hs,11,1,
FE1D,tw,1,1,
FJL4215,8t,1,1,Q12 C21 R25
FJL4215,fh,1,1,Q12 C21 R25
FJL4215,fh,4,1,
FJL4215,fi,1,1,Q12 C21 R25
FJL4215,fn,1,1,
FJL4215,fo,1,1,Q12 C21 R25
FJL4315,8t,1,1,Q11 C19 R23
FJL4315,fh,1,1,Q11 C19 Q9
FJL4315,fh,4,1,
FJL4315,fi,1,1,Q11 C19 Q9
FJL4315,fn,1,1,
FJL4315,fo,1,1,Q11 C19 Q9
FJV1845,1eu,1,4,R16 R9 Q9
FJV1845,1ev,1,1,
FQA12P20,2z,1,3,Q6 R14 R19
FQA12P20,kb,1,2,Q4 R7 R5
FQA19N20,a1,1,1,Q10 Q6
FQA19N20,kb,1,2,R6 R4 R8
FQA19N20C,2z,1,4,R16 R11 Q3
FQA28N15,1fm,5,1,
FQA28N15,hf,1,4,R25 R10 R34
FQA36P15,13p,1,3,Q16 R35 R15
FQA36P15,1ab,2,1,Q6 C11 R13
FQA36P15,1ab,3,1,Q6 C11 R13
FQA36P15,bo,1,1,
FQA36P15,hf,1,4,R31 R27 R28
FQA36P15,i3,1,1,V132 R133 R132
FQA36P15,r7,1,3,R54 C10
FQA46N15,13p,1,3,Q17 R34 C22
FQP19N20,150,1,1,Q11 C12
FQP3N30,13p,1,2,Q6 R8 R9
FQP3N30,1h7,1,1,R3 R1 R2
FQP3N30,1h8,5,1,
FQP3N30,he,2,1,
FQP3N30,ir,1,1,
FQP3P20,13p,1,2,Q5 R11 C11
FQP3P20,1h7,1,1,R3 R1 R2
FQP3P20,1h8,5,1,
FQP3P20,bf,7,2,
FQP3P20,bf,16,1,
FQP3P20,bh,1,1,
FQP3P20,bh,5,1,
FQP3P20,bh,11,1,
FQP3P20,bj,1,1,
FQP3P20,bj,6,1,
FQP3P20,bj,9,1,R14 R10 R4
FQP3P20,bj,12,1,
FQP3P20,bl,5,1,
FQP3P20,bl,9,1,
FQP3P50,1e9,1,1,R71 R70
FQP3P50,1ek,1,1,R66
FQP3P50,5d,1,3,
FQP3P50,5e,1,3,
FQP3P50,gd,1,1,Q1 D3 D2
FQPF20N06,wy,2,1,
FR603,p7,1,2,D301 D301 R302
FZT705,1hj,1,1,T20 R34 C19
FZT705,6v,1,1,T31 R42 C9
FZT705,6w,1,1,T34 R40 C9
G2R,1e6,1,1,
G2R,1ep,1,1,
G2R,j8,1,2,J2 R3 J3
G2R,nc,1,1,
G2R,nj,1,1,
GBJ2510,p5,1,1,R6 C1 C2
GBJ2510,r3,1,1,C5 D1 C1
GBJ2510,sb,1,1,J1A C1 C2
GBU6M,18r,1,2,C918 C060 J901
GT101,10a,5,1,
GT101,10a,6,1,
GT101,10a,7,2,
GT101,10a,8,3,
GU46,zv,1,1,
GZ32,29,1,1,
GZ32,2b,1,2,
GZ34,7a,3,2,
GZ34,7a,4,1,
GZ34,g8,1,2,
GZ34,gu,1,1,V1 R18 R19
GZ34,gv,1,1,V1 R18 R19
H11AA1,18l,1,2,T1
H11AA1,18m,1,2,
H11AA1,18n,1,2,
H11AA1,18o,1,2,
HD44780,113,2,1,D7 D6 D5
HS14,1e1,1,1,R66
HS14,1ek,1,1,
INA134,po,1,1,R11 R28 R22
INA217,193,1,1,U1 R7 C6
INA217,194,1,1,U1 R7 C6
IR12,x9,1,1,
IR2110,16v,1,1,R43 R35 C48
IR2110,1b8,1,1,IC3 C6 C18
IR2110,1b9,1,1,C19 C18 IC3
IR2110,35,1,1,U2 C13 R8
IR2110,36,1,1,U2 C12 R10
IR2110,b7,1,1,IC2
IR2110,b8,2,1,
IR2110,b8,8,1,
IR2110,b8,11,1,
IR2110,be,1,2,U3 U2 D2
IR2110,bx,1,1,
IR2110,cq,1,2,R20 C5 C6
IR2110,cr,1,2,R20 C5 C6
IR2110,ky,1,1,
IR2110,tu,1,1,C29 R33 R45
IR2110,tv,1,1,C29 R33 R45
IR2110,zh,1,1,
IR2110,zi,1,1,
IR2110,zj,1,1,
IR2113,6q,1,1,
IR2113,ky,1,1,
IR2113,u3,1,1,R109 U106 D104
IR2113,yz,1,1,L7
IR2153,19s,1,2,
IRF240,21,1,4,R10 R10 R7
IRF244,bf,14,2,R23 R24 R22
IRF244,bg,9,2,R24 R25 R26
IRF244,bh,10,2,R24 R25
IRF244,bj,10,2,R23 R24 R22
IRF250,1fk,1,1,
IRF250,er,2,2,
IRF250,er,5,2,
IRF250,es,16,1,
IRF250,et,2,1,
IRF250,et,6,1,
IRF250,op,1,1,Q1 Q2
IRF250,w0,1,1,Q2
IRF3415,av,1,1,Q1 R5 R28
IRF4905,jr,1,1,Q1 R7 R6
IRF4905,js,1,1,Q1 R7 R6
IRF4905,jt,1,1,Q1 R7 U1
IRF4905PBF,hl,1,1,
IRF4905PBF,hm,1,1,
IRF4905PBF,hn,1,1,
IRF4905PBF,ho,1,1,
IRF510,11p,1,1,Q1 R32 D113
IRF510,177,1,1,X1 R8 C13
IRF510,19g,1,1,R108 R110 R106
IRF510,19n,1,1,R134 R138 R142
IRF510,1ay,1,1,R133 R137 R141
IRF510,1az,1,1,R115 R117 P103
IRF510,1dm,1,1,R4 R3 R5
IRF510,1ds,1,2,C12
IRF510,1dt,1,2,C16
IRF510,1dw,1,2,C28 R47
IRF510,1dx,1,2,C33
IRF510,1dy,1,1,R4 R5 R3
IRF510,1e3,1,2,C10 R18 C8
IRF510,1e5,1,2,C23 R38 C25
IRF510,1e8,1,1,R4 R7 R6
IRF510,1ec,1,2,C11 R18
IRF510,1ed,1,2,C16
IRF510,1eg,1,2,C28 R47
IRF510,1eh,1,2,C33 R54
IRF510,1ej,1,1,R4 R7 R5
IRF510,1em,1,2,C11 R18 C12
IRF510,1eo,1,2,C24 R38 C25
IRF510,1fq,1,1,Q1 R4 R2
IRF510,1fs,1,1,Q1 R4 R2
IRF510,1fu,1,2,Q6 R12 R10
IRF510,1j5,1,1,R5 D2 D1
IRF510,1j6,1,1,R5 D2 D1
IRF510,1j7,1,1,R5 D2 D1
IRF510,1j8,1,2,ZD2 R5 D2
IRF510,1k5,1,1,Q8 R4 R5
IRF510,21,1,6,X2 X2 R15
IRF510,5g,1,2,R11 R8
IRF510,5o,1,1,Q12 R33 R31
IRF510,ai,1,2,ZD1 R5 R4
IRF510,f2,1,1,
IRF510,ms,1,2,Q5 R66 D11
IRF510,mt,1,2,Q5 R78 D8
IRF510,mu,1,1,R126 R123
IRF510,mv,1,1,Q4 R30
IRF510,n2,1,1,R226
IRF510,n5,1,1,Q4 R30
IRF510,n6,1,1,R126 R11a T108
IRF510,nf,1,1,R126
IRF510,nh,1,1,R226 R224
IRF510,pf,1,1,R13 ZD5
IRF510,sv,1,2,Q7 R19 Q8
IRF510,ys,1,1,X1 R9 C13
IRF510,yt,1,1,X1 R8 C13
IRF510N,4d,1,2,R7 Q3 R4
IRF510N,4e,1,2,R7 Q3 R4
IRF520,20,1,6,R14 R9 R15
IRF520,4p,4,1,
IRF520,4q,4,1,
IRF520,4r,3,1,
IRF520,j9,1,4,R9 Q6 C4
IRF530,16m,1,1,T7 R19 R18
IRF530,16u,1,1,C10 T7 R18
IRF530,1h7,1,1,R9 J3 R8
IRF530,1h8,5,1,
IRF530,3z,1,1,
IRF530,8o,6,1,
IRF530,l9,1,4,L1 R410 D3
IRF530,yu,1,1,R9 C12 C11
IRF5305,zz,1,1,J112
IRF540,15m,1,1,C10 R45 Q44
IRF540,6l,1,1,
IRF540,ly,1,1,Q1 L1 R17
IRF540N,4d,1,4,Q9 R31 R33
IRF540N,4e,1,4,Q9 R31 R33
IRF540N,ew,5,2,
IRF540N,mr,1,1,
IRF540N,mr,2,1,
IRF540N,mr,3,1,
IRF540N,mr,4,1,
IRF540N,mr,5,1,
IRF540N,mr,6,1,
IRF540N,mr,7,1,
IRF540N,mr,8,1,
IRF610,13p,1,3,Q13 R29 D6
IRF610,157,1,1,Q11 R22 R21
IRF610,159,1,1,R3 J2 R4
IRF610,15h,1,2,
IRF610,177,1,1,
IRF610,17a,1,5,Q3
IRF610,17b,1,5,Q3
IRF610,18c,1,1,Q22 R118 C112
IRF610,1aa,1,1,C9 P2 C10
IRF610,1ao,1,1,V112 V111 C113
IRF610,1bg,1,3,Q1 D7 R12
IRF610,1bh,1,3,Q1 R12 R11
IRF610,1bi,1,3,Q1 R12 R11
IRF610,1bj,1,1,Q1 D6 C7
IRF610,1fg,1,1,X1
IRF610,1h7,1,1,
IRF610,1h8,5,1,
IRF610,1hg,2,1,
IRF610,1hq,5,3,Q503 C507 R506
IRF610,1hq,6,3,Q603 C607 R606
IRF610,1hr,1,1,Q101 Q102 C107
IRF610,1hr,2,1,Q201 Q202 C207
IRF610,1hs,5,3,Q503 C507 R506
IRF610,1hs,6,3,Q603 C607 R606
IRF610,1ht,1,1,Q101 R105 Q102
IRF610,1ht,2,1,Q201 R205 Q202
IRF610,2,1,1,T33 R34 D35
IRF610,2c,1,1,
IRF610,5i,1,4,T2 R23 R25
IRF610,5m,16,2,
IRF610,5u,1,1,V1 R17 R24
IRF610,68,1,2,J1 R76 R5
IRF610,6b,1,1,U1 C19 R25
IRF610,8o,6,1,
IRF610,ez,1,1,
IRF610,gb,1,1,
IRF610,gh,1,1,R9 R23
IRF610,h3,1,1,Q12 R8
IRF610,he,2,1,
IRF610,ir,1,1,
IRF610,jk,1,1,D6 D8 R27
IRF610,ko,1,1,D6 D8 R27
IRF610,o1,5,1,Q19 Q20 R27
IRF610,o2,2,1,Q19 Q18 Q20
IRF610,o3,1,1,Q19 R54 C22
IRF610,o4,2,1,Q19 Q20 Q8
IRF610,o5,1,1,Q19 R54 C22
IRF610,o6,1,1,Q19 R54 C22
IRF610,pr,1,1,U10 C19 R19
IRF610,ps,1,1,U10 C19 R22
IRF610,rb,3,3,J1 J2 R45
IRF610,ta,1,2,Q1 R10
IRF610,wy,2,1,
IRF610,x0,1,1,Q206 R210 C205
IRF610,yt,1,1,
IRF610,z6,3,1,Q10 D1 D2
IRF610,z6,5,2,Q18 R62 R68
IRF610,z6,6,1,
IRF610,z7,3,1,Q10 D1 D2
IRF610,z7,6,1,Q19 R65 R62
IRF610,z7,7,1,
IRF610,z8,3,1,Q10 D1 D2
IRF610,z8,4,1,Q12 R35 R32
IRF610,z8,5,1,
IRF610PBF,2c,1,2,
IRF620,ey,1,1,
IRF620,i0,1,1,
IRF640,1af,1,1,R23 D6 R13
IRF640,1ag,1,1,R23 D6 R13
IRF640,1ah,1,1,R23 D6 R13
IRF640,1cl,1,1,
IRF640,1fg,1,1,
IRF640,1hr,1,1,Q102 R107 C110
IRF640,1hr,2,1,Q202 R207 C210
IRF640,1ht,1,1,Q102 R106 C108
IRF640,1ht,2,1,Q202 R206 C208
IRF640,1hu,1,1,Q102 R106 J102
IRF640,1hu,2,1,Q202 R206 J202
IRF640,1hv,1,1,Q102 R106 J102
IRF640,1hv,2,1,Q202 R206 J202
IRF640,1hy,1,1,Q102 R107 J102
IRF640,1hy,2,1,Q202 R207 J202
IRF640NS,1hq,11,1,
IRF640NS,1hq,12,1,
IRF710,1ax,1,1,D4 R103 R25
IRF710,1do,1,1,R61 R63 R62
IRF710,1dp,1,1,R74 R77 R75
IRF710,1e0,1,1,R46 R48 R49
IRF710,1e1,1,1,R57 R58 R56
IRF710,1e9,1,1,R61 R63 R64
IRF710,1ea,1,1,R74 R75 R76
IRF710,1ek,1,1,R57 R60 R58
IRF710,1er,1,1,R44 R47 R43
IRF710,aj,1,1,R23 R103 R29
IRF710,ak,1,1,R23 R22 R103
IRF710,rb,3,1,R33 R66 D6
IRF730,19s,1,1,ZD15 ZD15
IRF740,19s,1,4,
IRF740,uq,1,1,Q1 C2 D2
IRF820,14s,1,1,C5 R7
IRF820,1a7,1,2,Q2 Q1 R10
IRF820,1dk,1,1,T242 R245 D245
IRF820,1i5,1,4,T172 D171 R175
IRF820,8p,1,1,V111 R163
IRF820,pt,1,2,Q3 R48 R47
IRF820A,10t,1,1,
IRF830,101,1,1,Q1 D6 D7
IRF830,1gq,1,1,Q1 R15 D2
IRF830,ls,1,1,
IRF830A,ls,1,1,
IRF840,174,1,2,Q27 Q25 R49
IRF840,1i0,1,1,
IRF840,2s,1,6,Q4 Q4 U1
IRF840,f9,1,2,
IRF840,zk,1,5,Q1
IRF9240,hl,1,1,
IRF9240,hm,1,1,
IRF9240,hn,1,1,
IRF9240,ho,1,1,
IRF9510,1dm,1,1,R13
IRF9510,1ef,1,1,R42 R41
IRF9510,1ej,1,1,R13 R12
IRF9510,1en,1,1,R33 R32
IRF9510,1fu,1,2,Q7 R16 C7
IRF9510,21,1,2,R31 R31 R11
IRF9510,5o,1,1,Q13 U1 C9A
IRF9510,bf,14,1,C5 R5 C9
IRF9510,hx,1,1,Q3
IRF9510,hy,1,1,Q3
IRF9510,ms,1,1,Q3 R26 R7
IRF9510,mt,1,1,Q3 R27 R78
IRF9510,mu,1,1,R125
IRF9510,n2,1,1,R225 T207
IRF9510,n6,1,1,R125 R122 T107
IRF9510,nf,1,1,R125 R121
IRF9510,nh,1,1,
IRF9510N,4d,1,2,R8 Q4 J10
IRF9510N,4e,1,2,R8 Q4 J10
IRF9520,1b3,1,1,R8 R7
IRF9520,20,1,6,Q4 R14 R16
IRF9520,4p,4,1,
IRF9520,4q,4,1,
IRF9520,ca,1,2,Q5 R18
IRF9520,j9,1,2,Q7 R12 C3
IRF9520,rv,1,1,Q1 J8A
IRF9530,1h7,1,1,R8 C3 J3
IRF9530,1h8,5,1,
IRF9530,3z,1,1,
IRF9530,8n,1,2,Q4 R1 R2
IRF9530,8o,6,1,
IRF9540,15m,1,1,R42 Q4 R38
IRF9540,6l,1,1,
IRF9540N,4d,1,3,Q5 D5 R26
IRF9540N,4e,1,3,Q5 D5 R26
IRF9540N,vg,1,2,Q7 J3 X47
IRF9610,110,5,1,
IRF9610,13p,1,3,Q4 C6 R41
IRF9610,15s,1,1,R5 Q1 R1
IRF9610,1ax,1,1,R102 R24 R31
IRF9610,1do,1,1,R70 R69
IRF9610,1dp,1,1,R83
IRF9610,1e0,1,1,R55
IRF9610,1e1,1,1,R66
IRF9610,1fz,1,2,Q2 R9
IRF9610,1g0,1,2,V113 R117 R115
IRF9610,1h7,1,1,
IRF9610,1h8,5,1,
IRF9610,1hg,2,1,
IRF9610,1u,1,1,Q2 C1
IRF9610,5i,1,2,T3 R31 R35
IRF9610,5u,1,1,V4 R18 R16
IRF9610,68,1,2,J3 R63 R78
IRF9610,7l,1,2,Q6 R26 R24
IRF9610,8o,2,1,
IRF9610,8o,6,1,
IRF9610,8o,8,1,
IRF9610,98,1,2,R15 R4 C6
IRF9610,98,2,1,
IRF9610,99,1,2,R15 R4 C6
IRF9610,99,2,1,
IRF9610,aj,1,1,R102 R24 R33
IRF9610,ak,1,1,R102 R19 R27
IRF9610,bf,7,2,
IRF9610,bf,14,2,R11
IRF9610,bf,16,1,
IRF9610,bg,5,2,
IRF9610,bg,9,3,R11 R13
IRF9610,bg,10,1,R20 R19
IRF9610,bh,5,2,
IRF9610,bh,10,3,R13
IRF9610,bh,11,1,
IRF9610,bi,5,2,
IRF9610,bi,11,1,
IRF9610,bj,6,2,
IRF9610,bj,10,3,C17 R13
IRF9610,bj,12,1,
IRF9610,bk,1,1,
IRF9610,bk,6,2,
IRF9610,bl,5,2,
IRF9610,bl,9,1,
IRF9610,di,1,2,R15
IRF9610,dj,1,2,R15 R4
IRF9610,ey,1,1,
IRF9610,ez,1,1,
IRF9610,f0,1,1,
IRF9610,f1,1,1,
IRF9610,gh,1,1,R6 R18 R2
IRF9610,gi,1,1,R6 R2 R18
IRF9610,h3,1,1,Q11 R7
IRF9610,i0,1,1,
IRF9610,jk,1,1,R34 D7 V1
IRF9610,ko,1,1,D7 R24 V4
IRF9610,rb,1,4,
IRF9610,rb,3,4,C18 C1 R43
IRF9610,sv,1,2,Q6 R17 C7
IRF9610,ud,1,1,R8 R9
IRF9610,wy,2,1,
IRF9610,x0,1,1,Q106 R110 C105
IRF9610,xl,1,1,Q1 R10 R4
IRF9610,xp,7,2,
IRF9610,xq,1,1,Q1 R10 R4
IRF9610,xr,1,1,Q1 R10 R4
IRF9610,xs,1,1,Q1 R10 R4
IRF9610,xt,1,1,Q1 R10 R4
IRF9610,z6,2,1,Q9 R18 R17
IRF9610,z6,6,1,
IRF9610,z7,2,1,Q9 R18 R17
IRF9610,z7,7,1,
IRF9610,z8,2,1,Q9 R18 R17
IRF9610,z8,5,1,
IRF9610PBF,bf,16,1,
IRF9610PBF,bg,10,1,
IRF9610PBF,bh,11,1,
IRF9610PBF,bi,11,1,
IRF9610PBF,bj,12,1,
IRF9610PBF,bl,9,1,
IRF9620,nq,1,1,R10 R12 R16
IRF9620,nt,1,1,Q7 R1 R5
IRF9620,o1,5,1,Q20 Q19 R27
IRF9620,o2,2,1,Q20 Q19 R1
IRF9620,o3,1,1,Q20 R59 C28
IRF9620,o4,2,1,Q20 Q19 R1
IRF9620,o5,1,1,Q20 R59 C28
IRF9620,o6,1,1,Q20 C28 C29
IRF9640,1ab,16,1,R4 R2 R3
IRF9640,1af,1,1,R5 D7 R22
IRF9640,1ag,1,1,R5 D7 R22
IRF9640,1ah,1,1,R5 D7 R22
IRF9640,1cl,1,1,
IRFB31N20D,p7,1,8,Q130 Q130 C164
IRFB4227PBF,16k,1,2,U2 L1 R2
IRFD110,21,1,4,R19 R19 R12
IRFI530N,1ac,1,2,R29 R28 R30
IRFI530N,1ad,1,2,R29 R28 R30
IRFI644G,3n,1,2,C2
IRFP044,gb,1,1,
IRFP044,gb,3,1,
IRFP044,iz,1,2,R15 R14 R10
IRFP044N,nq,1,2,Q5 V1 R4
IRFP044N,nt,1,2,Q5 R8 R6
IRFP140,186,1,4,Q1 R12 R1
IRFP140,1u,1,1,Q4 R13 Q5
IRFP140,1z,1,1,Q5
IRFP140,4f,1,4,Q1 R3 R7
IRFP140,4r,2,1,
IRFP140,4r,3,1,
IRFP140,4s,1,1,Q4 R9 R7
IRFP140,91,3,1,
IRFP140,gh,1,1,R23 R11 R24
IRFP140,gi,1,1,R23 R11 R27
IRFP140,ha,1,2,Q4 R7 R4
IRFP140,hb,1,1,
IRFP140,hc,1,1,Q4 R7 R4
IRFP140,hd,19,1,
IRFP140N,18x,1,1,C5 R14
IRFP140NT,18x,1,1,R4
IRFP140PBF,91,2,1,
IRFP150,19g,1,4,R131 R132 R135
IRFP150,hj,1,4,
IRFP150,hk,1,4,
IRFP150,hl,1,4,
IRFP150,hm,1,4,
IRFP150,hn,1,4,
IRFP150,ho,1,4,
IRFP150N,w5,1,1,Q1 C3 C4
IRFP240,11y,1,3,Q25 D6 R76
IRFP240,14,1,1,R25 R15 R17
IRFP240,14z,1,1,T10 R23 C14
IRFP240,15,1,2,R15 R25 R17
IRFP240,156,1,1,R3 C1 R9
IRFP240,16,3,1,
IRFP240,16,4,1,Q8 R10 R14
IRFP240,16t,1,2,R10 R11 T4
IRFP240,16u,1,1,T10 R23 C14
IRFP240,17z,1,1,U1 R4 D1
IRFP240,18v,1,2,Q12 C21 R41
IRFP240,18w,1,2,Q12 Q11 R37
IRFP240,19,1,1,
IRFP240,19v,1,1,R149 R144
IRFP240,19w,1,1,R123 R125 P130
IRFP240,1aa,1,1,R14 R15 R12
IRFP240,1cc,1,1,R137
IRFP240,1cd,1,1,R135 R133 R130
IRFP240,1ce,1,1,R139 R137 R134
IRFP240,1cf,1,1,R139 R137 R134
IRFP240,1cg,1,1,R139 R137 R134
IRFP240,1ch,1,1,ZD4 R139 R137
IRFP240,1d4,1,1,J1a J1b R5a
IRFP240,1d5,1,1,J1a J1b R5a
IRFP240,1fh,1,1,
IRFP240,1fh,2,7,
IRFP240,1fh,5,2,
IRFP240,1fh,11,3,
IRFP240,1fh,13,1,
IRFP240,1fh,25,3,
IRFP240,1fh,26,7,
IRFP240,1fh,27,1,
IRFP240,1fm,5,1,
IRFP240,1fo,3,1,
IRFP240,1g3,1,1,Q1 C46
IRFP240,1h5,2,1,
IRFP240,1hg,1,6,
IRFP240,1hq,15,2,
IRFP240,1hs,10,2,
IRFP240,1hs,11,1,
IRFP240,1hu,4,3,Q414 C406 R416
IRFP240,1hv,4,3,Q414 C406 R416
IRFP240,1hy,4,2,Q416 C413 R417
IRFP240,1k5,1,1,Q1 R4 R10
IRFP240,2c,1,1,
IRFP240,4o,1,2,V111 R112 R111
IRFP240,59,1,7,Q6 R29 R28
IRFP240,5a,1,7,Q6 R29 R28
IRFP240,5b,1,8,Q6 R29 Q7
IRFP240,5h,1,4,R10 R9 R15
IRFP240,5r,1,1,V1 R17 R24
IRFP240,5s,1,1,V1 R17 R24
IRFP240,5t,1,1,V1 R17 R24
IRFP240,5v,1,1,R17 C6 R10
IRFP240,5w,1,3,R20 R16 R17
IRFP240,61,1,2,
IRFP240,6b,1,10,U109 D9 U108
IRFP240,7r,1,1,R123 R125 R130
IRFP240,81,1,1,Q4 R15 C8
IRFP240,91,3,1,
IRFP240,9v,1,1,Q14 D2 R26
IRFP240,a1,1,1,Q10 Q6
IRFP240,a7,1,1,
IRFP240,bf,7,5,
IRFP240,bf,9,6,
IRFP240,bf,12,8,Q10 R33 R32
IRFP240,bf,13,5,Q10 R32 R42
IRFP240,bf,16,1,
IRFP240,bg,5,2,
IRFP240,bg,8,8,Q10 R33 R32
IRFP240,bg,10,1,C8
IRFP240,bh,5,2,
IRFP240,bh,8,8,Q10 R33 R32
IRFP240,bh,9,5,Q10 R32 R42
IRFP240,bh,11,1,C8
IRFP240,bi,5,5,
IRFP240,bi,8,8,Q10 R33 R32
IRFP240,bi,10,4,
IRFP240,bi,11,1,
IRFP240,bj,6,5,
IRFP240,bj,9,6,Q10 R33 R32
IRFP240,bj,12,1,
IRFP240,bk,1,1,
IRFP240,bl,5,2,
IRFP240,bl,8,2,Q10 R33 R32
IRFP240,bl,9,1,
IRFP240,ev,9,1,D1 V6 Q9
IRFP240,f2,1,4,
IRFP240,gs,1,6,R10 R11 R13
IRFP240,gt,1,4,R10 R12 R13
IRFP240,gx,2,3,Q1 Q2 Q3
IRFP240,gx,4,3,Q1 Q2 Q3
IRFP240,gy,1,3,R17 R9 R11
IRFP240,gz,1,1,
IRFP240,h1,1,2,J4 R9 R17
IRFP240,h2,1,2,J4 R9 R17
IRFP240,hi,1,2,V141 X143 R144
IRFP240,ij,1,2,Q1 R13 R11
IRFP240,ik,1,2,Q1 R11
IRFP240,jz,6,1,
IRFP240,k9,1,1,
IRFP240,ks,1,1,R11 C7
IRFP240,kt,1,1,Q2 C5 R4
IRFP240,ku,1,1,Q2 C5 R4
IRFP240,oa,1,4,T13 T14 R25
IRFP240,ob,1,4,T13 R25 R50
IRFP240,pr,1,10,U109 D9 U108
IRFP240,ps,1,10,U109 D9 U108
IRFP240,rs,1,1,P151 R150 R144
IRFP240,rt,1,1,P151 R150 R144
IRFP240,ry,1,1,Q1 P4 R10
IRFP240,to,1,1,
IRFP240,u8,1,2,D5 R1 R22
IRFP240,ud,1,1,R11 R3
IRFP240,ue,1,1,Q4 R13 C7
IRFP240,uf,1,1,R11 C7 R3
IRFP240,vz,1,1,R24 R28 R29
IRFP240,xb,1,1,V122 R146 R136
IRFP240,xc,1,1,L780 R10
IRFP240,xd,1,1,L780 R10
IRFP240,xh,1,1,R3 R1
IRFP240,y,1,2,D15 C10 R78
IRFP240,y4,1,1,R147
IRFP240,y5,1,1,R147 R149 R144
IRFP240C,17v,1,1,R19 C5 R9
IRFP240C,1d4,1,2,R5a C1a J1a
IRFP240C,1d5,1,2,R5a C1a J1a
IRFP240C,5x,1,1,R12 R11 C6
IRFP240C,c9,1,1,R11
IRFP240C,h0,1,1,
IRFP240C,i3,1,1,V131 R134 R131
IRFP240C,l3,1,1,R9 C5 L1
IRFP240C,wv,1,1,
IRFP240CKST,13,1,3,R70 D20 Q18
IRFP240N,z9,2,1,Q4 C52 R38
IRFP240PBF,2c,1,2,
IRFP240PBF,5y,1,1,V141 R133 C131
IRFP240PBF,bf,16,1,
IRFP240PBF,bg,10,1,
IRFP240PBF,bh,11,1,
IRFP240PBF,bi,11,1,
IRFP240PBF,bj,12,1,
IRFP240PBF,bl,9,1,
IRFP244,5l,1,2,Q6 R18 R14
IRFP250,1ab,2,1,Q5 C9 R17
IRFP250,1ab,3,1,Q5 C9 R17
IRFP250,1ab,4,1,
IRFP250,76,1,4,T10 T8 R20
IRFP250,77,1,4,T10 T8 R20
IRFP250,b7,1,2,Q1 C6 D2
IRFP250,b8,7,2,
IRFP250,b8,12,1,
IRFP250,er,3,1,
IRFP250N,15o,1,1,D1 R4 U1
IRFP250N,15p,1,1,R4 D1 U1
IRFP250N,19y,1,1,
IRFP250N,19z,1,1,
IRFP250N,1ai,1,1,D1 R4 U1
IRFP250N,1gz,1,4,D7 R19 C10
IRFP250N,1h0,1,4,D7 R19 C10
IRFP250N,7x,1,1,
IRFP250N,at,1,1,C7 R13
IRFP250N,b9,7,3,
IRFP250N,b9,14,4,D8 R16 R19
IRFP250N,cq,1,4,C32 C8 R6
IRFP250N,cr,1,4,C32 C8 R6
IRFP250N,fx,1,4,R16 D19 R15
IRFP250N,pi,1,1,R4 D1 U1
IRFP250N,pj,1,1,R4 U1 R5
IRFP250N,rp,1,1,R2 D1 R4
IRFP250N,rq,1,1,R5 D1 R4
IRFP260,b8,12,1,
IRFP260,cq,1,4,C32 C8 C16
IRFP260,cr,1,4,C32 C8 C16
IRFP260N,16m,1,1,R37 R23 T10
IRFP260N,g2,1,10,Q14 Q15 R96
IRFP350,6q,1,2,
IRFP460,16f,1,2,
IRFP460,1b8,1,2,C21 D1 Q1
IRFP460,1b9,1,2,Q1 D11 C21
IRFP460,2p,1,2,
IRFP460,bx,1,1,
IRFP460,u3,1,2,Q100 D103 R157
IRFP9140,14a,1,1,
IRFP9140,186,1,4,Q3 R14 R4
IRFP9140,19n,1,1,R137 R139 R136
IRFP9140,19v,1,1,R148 R146 R150
IRFP9140,1ay,1,1,R136 R138 R135
IRFP9140,1az,1,1,R125 R127 R129
IRFP9140,1b1,1,1,
IRFP9140,1cc,1,1,R138 R140
IRFP9140,1cd,1,1,R134 R136 R132
IRFP9140,1ce,1,1,R138 R140 R136
IRFP9140,1cf,1,1,R138 R140 R136
IRFP9140,1cg,1,1,R138 R140 R136
IRFP9140,1ch,1,1,R138 R140 R136
IRFP9140,1u,1,1,Q3 R11 R10
IRFP9140,1z,1,1,Q6
IRFP9140,4f,1,4,R8 Q2 Q4
IRFP9140,4r,2,1,
IRFP9140,4r,3,1,
IRFP9140,4s,1,1,Q3 C2 R11
IRFP9140,7s,1,1,
IRFP9140,7t,1,1,X2A
IRFP9140,7u,1,1,P132 R134 R130
IRFP9140,9v,1,1,Q15 D1 R28
IRFP9140,a1,1,1,Q7
IRFP9140,gh,1,3,R21 R13
IRFP9140,gi,1,3,R21 R22 R13
IRFP9140,ha,1,1,Q3 R3 R6
IRFP9140,hb,1,1,
IRFP9140,hc,1,1,Q3 R3 R6
IRFP9140,hd,19,1,
IRFP9140,hu,1,1,Q2 R2 D3
IRFP9140,hv,1,1,Q2 R2 D10
IRFP9140,lw,1,1,Q1 R5 R8
IRFP9140,lx,1,1,Q1 R5 R8
IRFP9140,pg,1,1,
IRFP9140,ru,1,1,R126 R127 R129
IRFP9140,y4,1,1,R148 R150
IRFP9140,y5,1,1,R148 R146 R150
IRFP9140N,ha,1,1,Q3 R6 R3
IRFP9240,11y,1,3,Q26 D7 C33
IRFP9240,14z,1,1,T11 R24 R26
IRFP9240,15,1,1,R26 R31 D2
IRFP9240,16,3,1,
IRFP9240,16,4,1,Q7 C5 R9
IRFP9240,16u,1,1,T11 R24 R22
IRFP9240,18v,1,2,R26 Q16 R31
IRFP9240,18w,1,2,Q15 R26 Q16
IRFP9240,19,1,1,
IRFP9240,1aa,1,1,R15 C11 R13
IRFP9240,1b,1,1,
IRFP9240,1fh,1,1,
IRFP9240,1fh,2,7,
IRFP9240,1fh,5,2,
IRFP9240,1fh,11,3,
IRFP9240,1fh,13,1,
IRFP9240,1fh,25,3,
IRFP9240,1fh,26,7,
IRFP9240,1fh,27,1,
IRFP9240,1fm,5,1,
IRFP9240,1h5,2,2,
IRFP9240,1h5,3,6,Q5 R15 R13
IRFP9240,1hg,1,6,
IRFP9240,1hq,14,2,
IRFP9240,1hq,15,2,
IRFP9240,1hq,16,2,
IRFP9240,1hr,4,2,Q404 C403 R408
IRFP9240,1hr,5,2,Q504 C503 R508
IRFP9240,1hs,10,2,
IRFP9240,1hs,11,1,
IRFP9240,1hs,12,1,
IRFP9240,1ht,4,2,Q404 C403 R408
IRFP9240,1ht,5,2,Q504 C503 R508
IRFP9240,1hu,4,3,Q407 C403 R408
IRFP9240,1hv,4,3,Q407 C403 R408
IRFP9240,1hy,4,2,Q406 C403 R407
IRFP9240,1k5,1,1,Q2 V2 R5
IRFP9240,2c,1,1,
IRFP9240,5r,1,1,V4 R18 R16
IRFP9240,5s,1,1,V4 R18
IRFP9240,5t,1,1,V4 R18
IRFP9240,5v,1,1,R18 V1 R15
IRFP9240,5w,1,1,R25 R24 C9
IRFP9240,61,1,2,
IRFP9240,6b,1,10,U209 R209 U208
IRFP9240,7x,1,1,Q2
IRFP9240,a7,1,1,
IRFP9240,bk,6,1,
IRFP9240,ev,9,1,D2 D4 Q10
IRFP9240,f2,1,1,
IRFP9240,gx,2,2,Q3 Q2 Q4
IRFP9240,gx,4,2,Q3 Q2 Q4
IRFP9240,gy,1,2,R27 R21 R29
IRFP9240,h6,1,1,R13 Q4 C3
IRFP9240,k9,1,1,
IRFP9240,ks,1,1,C1 R2
IRFP9240,kt,1,1,Q3
IRFP9240,ku,1,1,Q3
IRFP9240,oa,1,4,T18 C7 D6
IRFP9240,ob,1,4,T18 R55 D6
IRFP9240,pr,1,10,U209 R209 U208
IRFP9240,ps,1,10,U209 R209 U208
IRFP9240,ry,1,1,Q2 P6 R12
IRFP9240,ud,1,1,C1 R2
IRFP9240,ue,1,1,Q5 C6 R14
IRFP9240,uf,1,1,C1 R2
IRFP9240,xb,1,1,V125 R137 R125
IRFP9240,xc,1,1,L780 R12
IRFP9240,xd,1,1,
IRFP9240,xh,1,2,R8
IRFP9240,y,1,2,D10 D16 R20
IRFP9240C,17v,1,1,R18
IRFP9240C,c9,1,1,R14 R12 C12
IRFP9240C,h0,1,1,
IRFP9240C,i3,1,1,V132 R132 R133
IRFP9240C,l3,1,1,R3 D3 R14
IRFP9240C,wv,1,1,
IRFP9240CKST,13,1,2,D2 C11 R36
IRFP9240L,19e,1,1,
IRFP9240L,1b1,1,1,
IRFP9240PBF,2c,1,2,
IRFP9240PBF,5y,1,1,V142 C132 R135
IRFPG30,t,1,1,T232 R235 D235
IRFR9024,bb,1,1,Q21 C70 C77
IRLI540G,z9,1,1,Q2 ZD2 L1
IRLML2803,vk,1,2,Q11 R53 R58
IRLZ24N,u6,1,1,
IRLZ24N,u7,9,1,
IRLZ34N,zz,1,1,J112
IXTP08N100D2,1gh,1,1,Q8
J109BL,7q,1,1,R3 R2 R1
J111,1ab,2,1,Q2 R10 R9
J111,1ab,3,1,Q2 R10 R9
J111,1ab,24,1,
J111,1ab,25,3,P4
J111,hw,1,1,
J111,ir,1,1,
J111,jz,3,1,
J112,12s,1,2,J1 R10 J112
J112,19m,1,1,Q1 Q3
J112,1ab,17,1,
J112,1ab,19,1,
J112,hw,1,6,
J112,jz,3,1,
J112,nv,1,4,Q2 C5 R7
J112,xk,6,1,
J112,xk,12,2,
J112,xn,1,1,Q9 R36 R27
J112,zz,1,1,
J113,1ab,17,1,
J113,1ab,19,1,
J113,1bk,1,2,J1 R17 R11
J113,1fk,4,2,Q3 J113 Q4
J113,1fm,6,1,
J113,1h5,2,2,
J113,1h5,3,8,Q2 J113 Q3
J113,1j3,1,2,J113 Q1 Q1
J113,81,1,3,Q3 Q2 J113
J113,ej,11,2,
J113,ek,1,2,
J113,ek,2,1,
J113,ek,3,2,
J113,ek,5,1,
J113,eo,3,3,
J113,ep,1,1,
J113,ep,3,1,
J113,hw,1,1,
J113,ir,1,1,
J113,ir,2,3,
J113,ir,5,1,
J113,ir,6,1,
J113,ir,8,1,
J113,ol,2,1,
J113,ww,1,1,
J175,157,1,1,Q2 R10 R9
J175,1ab,24,1,
J175,1ab,25,4,
J175,it,1,1,J3 J1
J175,iu,1,1,J3 J1
J175,ud,1,1,J1 R13 R17
J176,1gq,1,1,Q2 R9 R10
J201,1a9,1,1,R203 Q3 R220
J201,1hr,2,1,R202 R201
J201,1ht,2,1,R202 R201
J201,1hu,2,1,R201
J201,1hv,2,1,R201 R208
J201,1hy,2,1,R202 R201
J201,gs,1,2,J1 R1 C2
J201,qo,1,2,
J201A,lu,1,1,R204 J202 R201
J201B,lu,1,1,R209 J203 R210
J202,1a9,1,1,C201 R210 Q4
J202,1hr,2,1,C205 C204 C206
J202,1ht,2,1,C203 C202 C204
J202,1hu,2,1,Q202 C203
J202,1hv,2,1,Q202 C203
J202,1hy,2,1,Q202 C203
J202,gt,1,2,J1 R1 C2
J202,qo,1,2,D201 D202 D203
J203,19k,1,1,Q17 R41 R34
J203,19l,1,1,Q17 R41 R34
J203,1bn,1,1,J204 R237 R236
J2N5458,hw,1,1,
J2SJ74,hf,1,2,J1 C9 R8
J2SJ74,hl,1,2,
J2SJ74,hm,1,2,
J2SJ74,hn,1,2,
J2SJ74,ho,1,2,
J2SK170,73,1,3,J1 R6 J2
J2SK170,hf,1,2,J2 R3 R13
J309,16c,1,1,R8 R23 R5
J309,1at,1,1,R1 D1 D2
J309,1fq,1,1,D1 D2 D2
J309,1fr,1,1,R1 D1 D2
J309,1fs,1,1,D1 D2 D2
J309,1fu,1,1,Q2 Q11 U1
J309,ii,1,2,Q4 R6 D5
J309,qo,1,2,Q101 X101 R103
J310,12r,1,2,J1 R10 J310
J310,1cn,1,1,
J310,1gw,1,1,Q1 C5 R1
J310,1gx,1,1,Q1 U1 D1
J310,7x,1,1,
J310,o1,3,4,J310 J310 J310
J310,o6,1,4,Q1A R4A R4B
J310,o7,1,2,Q1A R4A R4B
J310,ut,1,2,T13 T12 T14
J310,uu,1,2,T13 T12 T14
J310,wy,2,1,
J310,wz,1,3,Q90 Q99 R12
J310,x0,1,2,Q107 R108 C104
J310,x1,1,1,
JFE150,ir,1,2,
JRC4558,b9,3,1,
K24,1dr,1,3,
KBP206G,1,1,1,C81
KBP206G,2,1,1,
KSA100,sf,1,1,
KSA1015,10k,1,1,Q2 R18 C12
KSA1015,10o,1,2,Q3 C3 R4
KSA1015,10s,1,1,Q2 R18 C12
KSA1015,12h,1,3,Q3 R17 R9
KSA1156,1m,1,1,Q1 V1 Q3
KSA1220,7p,18,2,
KSA1220,7p,20,1,Q10 R12
KSA1220A,f4,1,2,Q3 R6 R7
KSA1220A,f7,1,2,Q3 R6 R7
KSA1220A,nz,1,1,
KSA1220AY,9n,1,3,Q2 R12 R11
KSA138,ob,1,1,R8 C1 R4
KSA1381,10i,1,2,Q1 C36 R20
KSA1381,10j,1,4,Q5 Q13 R16
KSA1381,10k,1,1,Q1 C36 R20
KSA1381,10m,1,1,Q10 R25 D7
KSA1381,10n,1,5,Q5 R41 R43
KSA1381,10o,1,2,Q1 C36 R20
KSA1381,10q,1,1,R37 C23
KSA1381,10r,1,3,Q9 C3 R30
KSA1381,10s,1,1,Q1 C36 R20
KSA1381,11y,1,1,Q14 R42 R39
KSA1381,12q,1,1,
KSA1381,13t,1,1,
KSA1381,13u,1,3,
KSA1381,14f,1,3,
KSA1381,14g,1,2,
KSA1381,14h,1,3,
KSA1381,14i,1,2,
KSA1381,14k,1,2,
KSA1381,18d,1,2,Q18
KSA1381,1aa,1,1,T3 R11 T2
KSA1381,1ev,1,1,
KSA1381,1i,1,1,Q1 R29 C17
KSA1381,1j3,1,6,Q2 Q2 Q1
KSA1381,1jd,40,1,
KSA1381,2d,1,3,Q106 D116 C111
KSA1381,2d,2,2,Q11 R16 Q10
KSA1381,2d,3,1,Q106 D116 C111
KSA1381,2e,1,3,Q106 D116 C111
KSA1381,2e,2,2,Q11 R16 Q10
KSA1381,2e,3,1,Q106 D116 C111
KSA1381,3h,1,2,Q11 D18 R16
KSA1381,5s,1,1,Q4 R14 R12
KSA1381,5t,1,1,Q4 R14 R12
KSA1381,6v,1,2,T21 T22 D3
KSA1381,6w,1,3,T21 T22 D3
KSA1381,7e,1,2,V7 C25 V6
KSA1381,9k,11,1,
KSA1381,9k,13,3,R7
KSA1381,9k,14,4,
KSA1381,9k,25,2,
KSA1381,bw,1,3,
KSA1381,c6,1,3,Q2 C8 Q15
KSA1381,ce,1,1,Q13 Q11 Q22
KSA1381,cf,1,1,Q13 Q11 R24
KSA1381,d8,1,1,Q10 R15 Q12
KSA1381,d9,1,1,Q12 R29 C9
KSA1381,la,4,1,
KSA1381,la,5,1,
KSA1381,ny,1,1,R12
KSA1381,oa,1,3,C10 R8 C12
KSA1381,ob,1,2,T8 T88 D88
KSA1381,oe,1,2,T13 C16 C8
KSA1381,of,1,2,R24 T13 C8
KSA1381,oh,1,2,Q7 C4 R38
KSA1381,oi,1,3,
KSA1381,oj,1,3,T7 R15 C14
KSA1381,pa,1,5,
KSA1381,pb,1,5,Q2 R2 R1
KSA1381,pc,1,5,
KSA1381,pv,1,1,Q4 R14 C3b
KSA1381,sy,1,1,V122 R122 R117
KSA1381,tf,1,1,T4 C8
KSA1381,tg,1,1,T5 R12 C8
KSA1381,th,1,1,T5 R12 C8
KSA1381,ua,1,2,Q7 R10 Q6
KSA1381,v9,1,1,Q13 R40 R42
KSA1381,va,1,2,Q3 R13 R11
KSA1381,vw,1,1,
KSA1381,wc,1,4,T16 R33 R29
KSA1381,wc,7,2,
KSA1381,wd,1,4,T16 R33 R29
KSA1381,wd,7,2,
KSA1381,wg,1,4,T15 D5 R28
KSA1381,wg,7,2,T19 T25 T26
KSA1381,wh,1,4,T16 D6 T19
KSA1381,wh,7,2,
KSA1381,wk,1,4,T16 D6 T19
KSA1381,wk,7,2,
KSA1381,wo,1,2,Q9 C44 C42
KSA1381H,1eu,1,2,R5 R6 Q7
KSA1943,tn,1,1,Q29 R16 Q27
KSA1943,wc,1,4,T36 T38 R66
KSA1943,wc,7,1,
KSA1943,wd,1,4,T36 T38 R66
KSA1943,wd,7,1,
KSA1943,wg,1,4,T32 T34 C32
KSA1943,wg,7,1,T30 U1 U2
KSA1943,wh,1,4,T33 T35 C32
KSA1943,wh,7,1,
KSA1943,wk,1,4,T33 T35 C32
KSA1943,wk,7,1,
KSA50,os,1,1,R6 R7
KSA50,ot,1,1,
KSA592,ok,1,1,Q16 R27 R38
KSA916,3c,1,4,Q4 R20 Q1
KSA99,2,1,1,D35 T32 R34
KSA992,1,1,2,T31 R34 T32
KSA992,10i,1,3,Q5 R24 R64
KSA992,10j,1,2,Q6 C10 C12
KSA992,10k,1,2,Q2 R18 R16
KSA992,10m,1,1,Q16 R27 R4
KSA992,10n,1,1,C7 Q9 C5
KSA992,10r,1,3,Q3 C17 C3
KSA992,10s,1,2,Q2 R18 R16
KSA992,11y,1,1,Q1 R3 R9
KSA992,13p,1,3,Q10 Q11 R7
KSA992,17v,1,4,Q4 R13 Q3
KSA992,1aa,1,1,T1 C2 R6
KSA992,1dl,1,1,T212 R217
KSA992,1i,1,1,Q7 R24 R23
KSA992,1i6,1,1,T412
KSA992,1j0,1,4,Q1 R32 Q5
KSA992,1j1,1,2,Q2 R28 R5
KSA992,2d,1,4,Q10 R14 C3
KSA992,2d,2,4,Q10 R14 C3
KSA992,2e,1,4,Q10 R14 C3
KSA992,2e,2,4,Q10 R14 C3
KSA992,3c,1,1,Q5 R13 D3
KSA992,3h,1,2,Q6 R28 C12
KSA992,5r,1,2,T3 R7 D5
KSA992,5u,1,2,T3 R7 D5
KSA992,5v,1,2,Q1 R1 Q3
KSA992,7p,1,5,Q14 R7 D1
KSA992,7p,3,2,
KSA992,7p,9,4,R11
KSA992,7p,12,2,R14 Q13
KSA992,7p,20,4,Q14 R7 D1
KSA992,7p,21,1,C5 S1
KSA992,ac,1,4,Q5 Q7 Q6
KSA992,bo,1,1,
KSA992,ce,1,4,Q5 Q7 Q2
KSA992,cf,1,5,Q9 C2 Q7
KSA992,df,1,1,Q9 R16 R16
KSA992,dg,1,2,Q9 R16 Q8
KSA992,dh,1,2,Q9 R16 Q8
KSA992,e4,1,3,U12 C13 Q8
KSA992,ek,1,2,
KSA992,ek,3,2,
KSA992,eq,2,1,
KSA992,g,1,1,T212
KSA992,ga,1,4,U12 Q8 U3
KSA992,h,1,3,Q10 U3 C17
KSA992,l,1,3,Q10 U3 C17
KSA992,la,2,1,
KSA992,lj,1,1,Q7 R5 C3
KSA992,nz,1,1,
KSA992,o9,1,2,T20 R51 D6
KSA992,oa,1,2,T20 R51 R53
KSA992,ob,1,2,T4 C12 R8
KSA992,oc,1,1,Q19 R2 R38
KSA992,od,1,1,Q19 R2 R38
KSA992,oi,1,4,R27
KSA992,oj,1,1,D7 D5 R27
KSA992,pa,1,5,Q1 C1 R3
KSA992,pb,1,3,Q1 C1 R3
KSA992,pc,1,5,Q1 C1 R3
KSA992,pw,1,1,Q4 R8 R6
KSA992,px,1,1,Q4 R8 R6
KSA992,q,1,3,Q10 U3 C17
KSA992,vw,1,1,Q3 C1
KSA992,w,1,3,Q10 U3 C17
KSA992,wd,1,5,T1 R8 R1
KSA992,wd,7,1,
KSA992,wg,1,2,T7 C14 R14
KSA992,wg,7,1,T2 R60 R59
KSA992,wh,1,2,T7 C14 R15
KSA992,wh,7,1,
KSA992,wo,1,2,Q14 R16 C4
KSA992FB,9n,1,2,Q1 R11 C1
KSA992FBU,38,1,1,
KSA992FBU,ij,1,2,Q7 R19 R17
KSA992FBU,wg,7,1,
KSA992FTA,5y,1,2,V112 V118 C114
KSC1545,7p,9,1,Q5 R23 R3
KSC1545,7p,12,1,Q9 R13 Q11
KSC1815,10p,1,3,R7 C4 R17
KSC1815,12h,1,2,Q5 Q7 C7
KSC184,7p,9,1,Q5 V0
KSC1845,10i,1,3,Q17 R21 J2
KSC1845,10j,1,3,Q21 D4 R5
KSC1845,10k,1,1,Q6 R11 R7
KSC1845,10m,1,2,Q12 D13 Q13
KSC1845,10n,1,2,Q21 D4 R5
KSC1845,10o,1,3,Q17 J2 R53
KSC1845,10r,1,3,Q19 D5 R3
KSC1845,10s,1,1,Q6 R11 R7
KSC1845,10x,1,2,Q9 R22 R17
KSC1845,11,1,2,Q1 R16 R10
KSC1845,11y,1,2,Q6 Q7 Q5
KSC1845,13p,1,3,Q7 R6 R5
KSC1845,17v,1,4,Q1 R6 Q3
KSC1845,1a9,1,4,Q4 R206 R207
KSC1845,1aa,1,1,T2 C8 R11
KSC1845,1i,1,1,Q8 C13 R26
KSC1845,1j0,1,4,Q5 C4 Q1
KSC1845,1j1,1,2,Q5 R10 R32
KSC1845,1k1,1,1,TR1 TR2 C1
KSC1845,2d,1,1,C12 R5 Q6
KSC1845,2d,2,1,C12 R5 Q6
KSC1845,2e,1,1,C12 R5 Q6
KSC1845,2e,2,1,C12 R5 Q6
KSC1845,3c,1,3,Q1 Q2 R3
KSC1845,5r,1,1,T1 R9 D1
KSC1845,5s,1,1,Q3 R8 R7
KSC1845,5t,1,1,Q3 R8 R7
KSC1845,5u,1,1,T1 R9 D1
KSC1845,5v,1,1,Q3 R5 D1
KSC1845,5w,1,1,T3 R10 R4
KSC1845,5x,1,1,Q3 R5 C3
KSC1845,7d,1,2,Q10 Q11
KSC1845,7e,1,4,T092 V4 V1A
KSC1845,7p,1,5,Q7 R23 R21
KSC1845,7p,5,1,Q2
KSC1845,7p,9,1,Q11
KSC1845,7p,12,2,Q7 R23 R21
KSC1845,7p,20,4,Q7 R21
KSC1845,7p,21,1,C5 S1
KSC1845,ac,1,3,R9 Q2 R10
KSC1845,bo,1,1,
KSC1845,c6,1,2,Q6 Q10 R11
KSC1845,ce,1,3,Q16 Q18 R23
KSC1845,cf,1,4,Q16 Q18 R33
KSC1845,df,1,1,Q8 R16 Q7
KSC1845,dg,1,2,Q7 Q6 C10
KSC1845,dh,1,2,Q7 Q6 C10
KSC1845,e4,1,3,U8 C10 D13
KSC1845,eq,2,1,
KSC1845,ga,1,2,U13 U14 R14
KSC1845,h,1,4,Q5 R8 Q6
KSC1845,i3,1,2,V101 R105 R103
KSC1845,l,1,4,Q5 R8 Q6
KSC1845,la,2,1,
KSC1845,lj,1,1,Q16 R28 D13
KSC1845,nz,1,1,
KSC1845,o9,1,2,T19 D4 R52
KSC1845,oa,1,2,T19 R52 C14
KSC1845,ob,1,2,T6 R9 C13
KSC1845,oc,1,1,Q20 V10 R3
KSC1845,od,1,1,Q20 R3 V6
KSC1845,oi,1,4,R27
KSC1845,oj,1,1,D4 C6 R26
KSC1845,ok,1,2,Q12 Q13 D13
KSC1845,ol,4,1,
KSC1845,pa,1,9,
KSC1845,pb,1,11,Q15 R30 D3
KSC1845,pc,1,9,
KSC1845,pv,1,1,Q3 R8 R7
KSC1845,pw,1,1,Q6 R11 R10
KSC1845,px,1,1,Q6 R11 R10
KSC1845,q,1,4,Q5 R8 Q6
KSC1845,sy,1,1,V116 R115 R116
KSC1845,vw,1,1,Q4 C1 Q3
KSC1845,w,1,4,Q5 R8 Q6
KSC1845,wd,1,3,T2 T5 R10
KSC1845,wd,7,1,
KSC1845,wg,1,6,T1 D4 D3
KSC1845,wg,7,1,R60 T2 R59
KSC1845,wh,1,3,T1 D2 C1
KSC1845,wh,7,1,
KSC1845,wo,1,2,Q33 Q3 C31
KSC1845FTA,ij,1,2,Q6 R18 R21
KSC1845FTA,wg,7,1,
KSC1845UBU,38,1,1,
KSC1846,10p,1,1,Q7 R22 C22
KSC2316,3c,1,3,Q10 R30 Q7
KSC23165,3c,1,1,Q12 D12 D10
KSC2690,7p,20,1,Q8 R11 R19
KSC2690A,1ac,1,3,R14
KSC2690A,1ad,1,3,R14
KSC2690A,f4,1,1,Q8 C8 R15
KSC2690A,f7,1,1,Q8 C8 R15
KSC2690A,nz,1,1,
KSC3502,14g,1,1,
KSC3502,14k,1,1,
KSC3503,10i,1,3,Q7 C35 R1
KSC3503,10j,1,2,Q2 C32 R27
KSC3503,10k,1,3,Q7 C35 R1
KSC3503,10m,1,1,Q7 R22 C13
KSC3503,10n,1,2,Q2 C32 R27
KSC3503,10o,1,3,Q7 C35 R1
KSC3503,10q,1,1,R23 R20 C7
KSC3503,10r,1,3,Q7 C35 R1
KSC3503,10s,1,3,Q7 C35 R1
KSC3503,11v,1,1,Q3 R6 R9
KSC3503,11y,1,2,Q13 R37 R32
KSC3503,12q,1,1,
KSC3503,13t,1,1,
KSC3503,13u,1,3,
KSC3503,14f,1,3,
KSC3503,14g,1,2,
KSC3503,14h,1,4,
KSC3503,14i,1,1,
KSC3503,14k,1,1,
KSC3503,19m,1,3,Q3 C2 C3
KSC3503,1ev,1,1,
KSC3503,1i,1,1,Q9 R28 D1
KSC3503,1j3,1,6,Q6 Q6 R17
KSC3503,1jd,40,1,
KSC3503,2d,1,3,Q105 R128 C110
KSC3503,2d,2,2,Q13 R19 D11
KSC3503,2d,3,1,Q105 R128 C110
KSC3503,2e,1,3,Q105 R128 C110
KSC3503,2e,2,2,Q13 R19 D11
KSC3503,2e,3,1,Q105 R128 C110
KSC3503,3h,1,3,Q13 R19 C7
KSC3503,6v,1,3,T28 D7 R35
KSC3503,6w,1,3,T31 D7 R33
KSC3503,7e,1,4,V8 V10 R15
KSC3503,9k,11,1,
KSC3503,9k,13,3,R7
KSC3503,9k,14,3,
KSC3503,9k,25,1,
KSC3503,bw,1,3,
KSC3503,c6,1,2,Q1 R18 Q18
KSC3503,ce,1,1,Q14 Q12 R40
KSC3503,cf,1,1,Q14 Q12 R25
KSC3503,d0,1,2,Q93 R32 R82
KSC3503,d7,1,1,Q16 C13
KSC3503,d9,1,2,Q8 C97 R23
KSC3503,i1,1,2,T7
KSC3503,i2,1,2,T7
KSC3503,la,4,1,
KSC3503,la,5,1,
KSC3503,oa,1,3,R5 R7 R9
KSC3503,ob,1,3,T9 R14 R16
KSC3503,oe,1,2,T12 R23 J1
KSC3503,of,1,2,T16 R29 J1
KSC3503,oh,1,1,Q10 R23 R24
KSC3503,oi,1,3,
KSC3503,oj,1,2,T9 R17 J1
KSC3503,pa,1,4,
KSC3503,pb,1,4,Q10 R28 R22
KSC3503,pc,1,4,
KSC3503,tg,1,1,T3 D4 T2
KSC3503,th,1,1,T3 D4 T2
KSC3503,ua,1,2,Q11 R6 V2
KSC3503,v3,1,2,Q16 R19 R17
KSC3503,v9,1,1,Q6 R30 C8
KSC3503,vw,1,2,Q4 R12 R14
KSC3503,wb,1,1,T29 D10 C27
KSC3503,wc,1,4,T29 R50 D10
KSC3503,wc,7,2,
KSC3503,wd,1,4,T29 R50 D10
KSC3503,wd,7,2,
KSC3503,wg,1,3,T25 R37 R31
KSC3503,wg,7,2,T2 T19 R60
KSC3503,wh,1,4,T26 R40 D10
KSC3503,wh,7,2,
KSC3503,wi,1,1,T26 C05 C27
KSC3503,wk,1,4,T26 R40 D10
KSC3503,wk,7,2,
KSC3503,wo,1,2,Q10 C43 R25
KSC3503DS,5y,1,1,V113 V115 V114
KSC3503DS,i7,1,1,Q403 R403 R404
KSC3503DS,i8,1,1,Q403 R403 R404
KSC3503DS,i9,1,1,Q403 R405 R403
KSC3503DS,ia,1,1,Q403 R405 R403
KSC3503DS,ib,1,1,Q403 R405 C402
KSC3503H,1eu,1,2,R5 C7 Q3
KSC3903,7d,1,1,Q4 C16
KSC5200,tn,1,1,Q28 R13 R15
KSC5200,wc,1,4,T35 T37 R65
KSC5200,wc,7,1,
KSC5200,wd,1,4,T35 T37 R65
KSC5200,wd,7,1,
KSC5200,wg,1,4,T31 T33 R51
KSC5200,wg,7,1,T30 T29 U1
KSC5200,wh,1,4,T32 T34 R56
KSC5200,wh,7,1,
KSC5200,wk,1,4,T32 T34 R56
KSC5200,wk,7,1,
KSC945,rg,1,5,V111 V113 V112
KSE340,12l,1,4,Q1 R7 R8
KSE340,12m,1,4,Q1 R7 R8
KSE340,xu,1,1,
KSE340C,1gz,1,2,Q30 Q31 Q32
KSE340C,1h0,1,2,Q30 Q31 Q32
KSE340C,fx,1,3,Q14 Q15 Q16
KSE350,12l,1,4,Q2 C7 R5
KSE350,12m,1,4,Q2 C7 R5
KSE350,fx,1,1,Q11 R57 R56
KSE350,xu,1,1,
KSP42,t9,1,2,
KSP92,t9,1,2,Q3 Q1B R7
KT66,8z,2,1,
KT66,am,1,1,
KT66,ke,2,1,
KT66,ou,1,2,
KT66,ou,2,1,
KT66,ou,3,1,
KT66,ou,4,2,
KT66,ou,5,2,
KT66,ou,6,1,
KT66,ou,7,1,
KT850A,14w,1,1,VT12 VT13 VT15
KT851A,14w,1,1,VT14 VT16 VT11
KT88,19t,2,4,
KT88,19x,1,3,P3 P5 R5
KT88,1hd,1,2,VT3 T1A
KT88,1i8,1,2,V4 R30 U4
KT88,1i9,1,2,V4 R30 U4
KT88,1ia,1,2,C104 C108 C103
KT88,1ib,1,2,C104 C108 C103
KT88,1ic,1,2,C104 C108 C103
KT88,1id,1,2,C104 C108 C103
KT88,1ie,1,2,V4 R30 U4
KT88,8z,2,2,
KT88,90,2,1,
KT88,b1,2,2,
KT88,ke,2,2,
KT88,qa,2,1,
KT88,yk,1,2,R2 R6 L6
KT88,zg,1,5,R30 C9
KT88EH,19t,4,1,
KT88PP,15t,1,1,
KT88PSE,18k,1,1,
KT9115A,14w,1,1,VT11 VT14 VT16
KTA1023,p7,1,6,Q113 Q113 R179
KTA1027,p7,1,2,Q112 Q112 R175
KTA1266,p7,1,2,Q302 Q302 R305
KTA1268,p7,1,2,R322 R322 R326
KTA1504,1bp,1,3,Q39 C36 R154
KTA1504,1bp,2,1,Q35 R133 R151
KTA1659A,1bp,2,1,Q21 R113 R19
KTC1027,p7,1,8,Q110 Q110 R171
KTC3198,p7,1,4,Q301 Q301 R306
KTC3200,p7,1,4,Q141 Q141 D125
KTC3206,1bp,2,2,Q19 R111 R211
KTC3875,1bp,1,5,Q37 R13 R15
KTC3875,1bp,2,4,Q17 R151 C41
KTC3875,g2,1,6,Q13 R83 R71
KTC4370A,1bp,2,2,Q23 R121 Q22
KTD600A,p7,1,2,Q303 Q303 C304
L293D,15u,1,1,
L7805CV,9a,1,1,
L7805CV,lh,1,1,
L7805CV,sg,1,1,D12 U2 C3
L7805CV,sh,1,1,D12 C3 C5
L7806,x7,1,2,U2 U2 D7
L7806,x8,1,1,U2 D7 C5
L7812,35,1,1,U5 C26 D22
L7812,36,1,1,U5 C24 C31
L7812,j8,1,1,C13 C17 R219
L7812,vk,1,1,U4 C29 C36
L7815,nv,1,1,U1 C12 C15
L7815CP,xk,12,1,
L78L15,19r,1,1,U3 C15 D2
L78L15,1cj,1,4,D5 D7 D11
L78L15,i5,1,1,U9 R9 C53
L78L15,ih,1,1,U3 C15 D2
L78M12AC,117,1,1,
L78M12AC,119,1,1,U12 C19 C20
L78M12AC,bb,1,1,U7 C74 C81
L7905CV,lh,1,1,
L7905CV,sg,1,1,U3 D13 C6
L7905CV,sh,1,1,U3 D13 ZD1
L7912,35,1,1,U6 C27 C34
L7912,36,1,1,U6 C25 C32
L7912,vk,1,1,U5 C30 C37
L7915CP,xk,12,1,
L79L15,19r,1,1,U4 C16 D4
L79L15,1cj,1,4,D2 D4 D8
L79L15,i5,1,1,U10 C48 C55
L79L15,ih,1,1,U4 C16 D4
LD1084,17p,1,3,U1 ZD1 R2
LD1085,1,1,1,D551 R52 C53
LD1085,189,1,1,U4 R16 C42
LF351,1fy,1,1,U1 R6
LF411,10k,1,1,U1 C20 R33
LF411,10p,1,1,U1 R24 C29
LF411,10s,1,1,U1 C20 R33
LF411,10y,1,1,C15 U1 R4
LF411,13,1,1,C13 R50 C33
LF411,14,1,1,C17 C33 R49
LF411,15,1,1,U1 C33 R49
LF411,1h,1,1,C38 R40
LF411,1i,1,1,U1 C22 C23
LF411,1jt,1,1,U1 C3 R1
LF411,6r,1,1,
LF411,6x,1,1,IC1 R6 R5
LF411,6y,1,1,IC1 R6 R5
LF411,9y,1,2,
LF411,f,1,1,C15 U1 R4
LF411,hz,1,1,R17 U2 R22
LF411,r5,1,1,U1 R2 C1
LF411,wo,1,1,U2 C15 C12
LF411ACN,q6,1,1,U1 D1
LF411ACN,q7,1,1,U1 C11 D1
LF411CN,1j0,1,1,V4 U1 D3
LF411CN,1j1,1,1,V4 U1 D3
LF411CN,dg,1,1,R44 U1 R45
LF411CN,dh,1,1,R44 U1 R45
LF411CN,e4,1,1,R4 U1 C1
LL4148,17e,1,1,D1 T12 T1
LL4148,33,1,1,C10 C12 Q3
LL4148,4v,1,6,U7 D5 R45
LL4148,55,1,2,D1 R1 C1
LL4148,cw,2,3,D3 D4 Q2A
LL4148,cw,5,4,D7 R113 D6
LL4148,cx,2,3,D3 D4 Q2A
LL4148,cx,5,4,D7 R113 D6
LL4148,cy,2,3,D3 D4 Q2A
LL4148,cy,5,4,D7 R113 D6
LL4148,eu,1,2,D1 R1 C1
LL4148,qg,1,1,
LM1458N,1cw,1,2,R000 C901 C904
LM1875,167,1,1,R3
LM1875,qp,1,5,
LM1875,qp,2,1,
LM1875,qp,3,1,
LM1875,qp,4,1,
LM1875,qp,6,18,
LM1875,qp,7,5,
LM1875,qp,9,1,
LM1875,qq,1,1,IC1
LM1875T,197,1,1,IC1 R7 C9
LM1875T,198,1,1,IC1 R9 C8
LM1875T,199,1,1,IC1 R7 C7
LM1875T,qp,1,4,T05A
LM1875T,qp,9,2,
LM1875T,t7,1,2,C1 IC1 R3
LM1875T,t8,1,2,C1 IC2 R3
LM19,ba,2,2,U15 R137 R134
LM219,11m,1,1,R71 VT16 C63
LM27761,6c,1,1,U1 C4 C9
LM27761,9a,1,1,U1 U4 U5
LM285-2,19m,1,1,U1 C7
LM285-2,1ab,17,1,U3 R22 R19
LM285-2,9n,1,1,U5 Q5 C2
LM2903,1a0,1,3,U3B R12 R13
LM2903D,1c5,1,2,R109 R112 R108
LM2903N,lf,1,4,IC3A D5 T8
LM2903N,lg,1,4,IC3A D5 T8
LM293,z9,3,2,IC13A R71 R70
LM2936,cb,1,1,C25 C16 C10
LM301A,cj,3,1,IC1 C3 R10
LM311,f5,1,1,U6 C14 R27
LM311,f7,2,1,U6 C14 Q10
LM311,g2,1,1,IC202 R219 R222
LM311,g2,2,1,IC202 R219 R222
LM311,sr,2,1,U7 C15 R25
LM311,ss,1,1,U7 C15 R25
LM311,vk,1,1,U6 C41 R52
LM311N,6q,1,2,
LM311PS,1bp,2,1,IC8 IC8 R145
LM317,10a,6,1,IC1 C7 C5
LM317,11r,6,1,U8 R51 D2
LM317,11r,7,1,R2 U8 R58
LM317,120,1,2,U3 D5 C28
LM317,135,1,1,U7 D1 R32
LM317,136,1,1,U1 D1 R3
LM317,137,1,1,U7 R30 D1
LM317,138,1,1,U15 D8 R28
LM317,13a,1,1,U15 D2 U6
LM317,13b,1,1,U15 D2 U6
LM317,13e,1,1,U5 D5 C30
LM317,13g,1,1,U15 D2 R9
LM317,13h,1,1,U15 D2 R9
LM317,13i,1,1,U5 D5 C30
LM317,14e,1,1,U5 R29 D5
LM317,14j,1,1,U6 D5 R30
LM317,15s,1,1,IC2 R9 R10
LM317,175,1,1,IC1 C13 R6
LM317,17k,1,1,IC2 C13
LM317,17t,1,1,U3 D2
LM317,189,1,1,U3 R17 C39
LM317,18f,1,2,U4 R16 C42
LM317,18r,1,2,U902 D906 R720
LM317,1bb,1,1,D10 D9 C13
LM317,1bc,1,1,D9 C11 C9
LM317,1bd,1,1,D7 D6 C13
LM317,1be,1,1,D7 P1 R15
LM317,1c9,1,1,U1 D13 R21
LM317,1dn,1,1,IC3
LM317,1dz,1,1,IC3
LM317,1ei,1,1,IC3
LM317,1eq,1,1,IC3
LM317,1fd,1,1,C6 U1 D1
LM317,1hc,1,1,R2 C2
LM317,1hw,1,2,C1 D2 Q1
LM317,1j2,1,2,U1 D3 C1
LM317,1jj,2,3,U7 C19 C22
LM317,1jk,2,3,U3 C7 C11
LM317,1y,1,5,IC505 C519 R509
LM317,2r,1,1,IC1 D7 C13
LM317,3o,1,1,
LM317,4v,1,1,U7 D5 C26
LM317,55,2,1,U6 C28 C28
LM317,56,2,1,U6 C28 C28
LM317,8,1,2,U1 R5 R6
LM317,98,5,1,
LM317,99,5,1,
LM317,9l,6,1,
LM317,a0,1,2,U1 R1 R23
LM317,bc,1,1,R7 U2 R5
LM317,bd,1,1,R7 U2 R5
LM317,br,1,1,C5 R12 R111
LM317,cb,1,1,C24 C15 C14
LM317,cc,1,1,C15 C14
LM317,f8,1,1,R46 C3 T3
LM317,g4,1,1,
LM317,gn,1,1,U3 C21 R19
LM317,gr,1,1,Q8 R17 R16
LM317,gw,1,3,
LM317,gw,2,1,
LM317,il,9,1,
LM317,im,1,1,U1 D7 D4
LM317,in,1,1,U1 D7 D4
LM317,io,9,1,
LM317,ip,1,1,U1 D3 D2
LM317,iq,1,1,U1 D3 D2
LM317,j8,1,1,IC3 C6 C9
LM317,ln,1,1,U706 C728 R716
LM317,mw,1,2,IC1 R3
LM317,nk,1,1,IC1
LM317,p3,1,1,D1 C3 R1
LM317,p4,1,1,U1 D1 VR1
LM317,p5,1,1,D7 VR1 C6
LM317,p8,1,1,U1 C8 D5
LM317,pk,1,1,U6 R1 Q1
LM317,pl,1,1,U6 R1 Q1
LM317,pm,2,1,
LM317,pm,3,1,
LM317,rc,1,2,U2 R6 R2
LM317,rw,1,1,U1 D3 C5
LM317,sb,1,1,U3 D5 D6
LM317,t3,1,2,U1 R15 R14
LM317,tw,1,1,T101 T201 C14
LM317,tx,1,1,
LM317,ty,1,1,T101 T201
LM317,u0,1,1,IC101 R101 C101
LM317,v0,1,3,
LM317,y7,1,1,Q8
LM317,y8,1,1,Q8
LM317,yc,1,1,D1 R8 IC1
LM317,yd,1,1,D1 R8 IC1
LM317,z0,1,1,U3 D2 C9
LM317,z1,1,1,U3 D2 C14
LM317A,ds,1,1,IC1 D1 R1
LM317A,dt,1,1,IC1 D1 R1
LM317A,du,1,1,IC1 D1 R1
LM317A,dv,1,1,IC1 D1 R1
LM317AT,0,1,1,VR1 C11 R9
LM317AT,1bl,2,1,U33 D7 R33
LM317EMP,16r,1,1,IC9 D1 C12
LM317HV,104,1,2,IC5 IC4 IC3
LM317HV,105,1,1,C7 D5
LM317HV,106,1,1,C7 D5 IC5
LM317HV,1aj,1,2,IC1 R3
LM317HV,1ak,1,2,IC1 R3
LM317HV,8,1,2,R3 U1 D5
LM317HV,pm,3,1,
LM317HV,w1,1,3,IC5 IC4 C11
LM317HV,w2,1,1,C17
LM317HV,w3,1,3,IC4 IC3 D6
LM317HV,w4,1,2,C7 D7 IC4
LM317HVT,9,1,1,Q4 D14
LM317K,oz,1,1,R10
LM317K,p0,1,1,U1 R9 R10
LM317K,p1,1,1,U1 R4 R9
LM317K,p2,1,1,U1 R7 R9
LM317L,13k,1,1,U4 D2 R23
LM317L,13m,1,1,U4 D2 R27
LM317L,1ab,18,1,
LM317L,1ab,19,2,U1 R6 C2
LM317L,1f1,1,1,U2
LM317L,1f3,1,1,U2 D4 C20
LM317L,81,1,1,C1 U1 C4
LM317L,w1,1,4,IC6 R18 R17
LM317L,w3,1,3,IC6 R18 R17
LM317MDT,184,1,1,U80 R73 R69
LM317T,11q,1,1,IC2 R26 R27
LM317T,16w,1,1,U2 R18 D11
LM317T,17j,1,1,C16 R5 C13
LM317T,1at,1,1,IC1 R16 R13
LM317T,1aw,1,2,U3
LM317T,1fq,1,1,IC1 D3 R14
LM317T,1fr,1,1,IC1 R16 R12
LM317T,1fs,1,1,IC1 D3 R14
LM317T,1gs,1,1,C91 C94 U13
LM317T,1j5,1,1,IC2 D1 R22
LM317T,1j6,1,1,IC2 D1 R25
LM317T,1j7,1,1,IC2 D1 R25
LM317T,1j8,1,1,IC2 D1 R25
LM317T,1jw,2,1,
LM317T,1jx,2,1,D2
LM317T,8r,1,1,U2
LM317T,ai,1,1,IC2 D1 R25
LM317T,jd,1,1,U1 C19 C21
LM317T,kz,1,1,C21 C19 U7
LM317T,nd,1,1,IC1
LM317T,r2,1,1,U5
LM317T,ue,1,1,U1 R3 R2
LM317T,vj,1,1,R13 C11
LM317T,vl,1,3,C21 C11 U5
LM317T,vm,1,1,
LM317TFS,vm,1,1,
LM317TG,130,1,1,U1 D1 R2
LM317TG,tw,1,1,
LM317TG,tx,1,1,
LM317TG,ty,1,1,
LM317TI,37,1,1,U2
LM318,11e,1,2,U1 C1 C2
LM318,11e,3,1,
LM318,11f,1,2,U1 C3 C2
LM318,11g,1,1,
LM318,t6,1,1,R9 IC1 R10
LM318,tt,1,2,U1 C2 C3
LM318,za,1,1,
LM318,za,4,4,
LM318,za,5,2,
LM318,za,6,2,
LM318,za,7,1,
LM318,za,10,1,
LM318,za,13,2,U1 C10 C7
LM318,za,15,1,U1 U2 IC1
LM318,zb,1,1,
LM318,zb,4,4,
LM318,zb,5,2,
LM318,zb,6,3,
LM318,zb,10,1,
LM318,zb,13,2,U1 C10 C7
LM318,zb,15,1,U1 U2 IC1
LM318,zd,1,1,
LM318,zd,4,1,
LM318,zd,6,3,
LM318,zd,7,1,
LM318D,tx,1,1,
LM318D,ty,1,1,IC1 IC2 D3
LM318D,tz,1,1,IC1 C12 R39
LM318M,tw,1,3,IC1 IC2 D3
LM318M,tx,1,1,
LM318M,ty,1,2,
LM318N,11e,3,1,
LM318N,11h,1,1,IC1 R39 R37
LM318N,143,1,1,IC1 R12 R39
LM318N,u2,1,1,R5 IC2 R6
LM318N,za,4,1,
LM318N,za,15,1,U1 U2 IC1
LM318N,zb,4,1,
LM318N,zb,15,1,U1 U2 IC1
LM318N,zd,5,1,
LM319,16v,1,1,C32 C39 U4
LM319,9u,1,3,IC302 IC501 C221
LM324,1hg,3,2,
LM324,a0,1,1,U700 R712 R713
LM324,a0,4,3,U700 R705 R706
LM329,3k,1,1,V4
LM329,9j,1,2,U1 R3 C3
LM329,la,5,1,
LM334,16c,1,2,IC4
LM334,1ab,24,1,
LM334,1ab,25,2,U2 R16 R17
LM334,1ha,1,1,
LM334,1hb,1,1,
LM334,1hp,2,1,
LM334,ov,2,1,
LM334,ow,1,1,IC1 C4 D1
LM334,pz,1,2,R15 C5 R17
LM334Z,9y,1,2,
LM334Z,ov,5,1,
LM334Z,qr,1,1,IC1
LM334Z,qs,1,1,IC1
LM336-25,ms,1,1,U2 R8 T10
LM336-25,mv,1,2,U2 R21 T9
LM336-25,n5,1,2,U2 R21 T9
LM337,10a,6,1,IC2 C9 C6
LM337,11r,6,1,U9 R58 D9
LM337,11r,7,1,R58 U9 U8
LM337,120,1,2,D6 U4 R14
LM337,135,1,1,U8 R31 R33
LM337,136,1,1,U2 R2 R4
LM337,137,1,1,U8 R31 D2
LM337,138,1,1,U16 R31 R29
LM337,139,1,1,U16 R35 R33
LM337,13a,1,1,U16 D3 R7
LM337,13b,1,1,U16 D3 R7
LM337,13e,1,1,U4 C25 C30
LM337,13i,1,1,U4 C25 C30
LM337,14e,1,1,U6 R30 D6
LM337,14j,1,1,U7 D6 R36
LM337,1bb,1,1,D11 D12 C14
LM337,1bc,1,1,D12 C10 C12
LM337,1bd,1,1,D8 D5 C14
LM337,1be,1,1,D8 R14 P2
LM337,1c9,1,1,D14 U2 R22
LM337,1dy,1,1,IC1 R1 C3
LM337,1e4,1,1,IC2 R22 R21
LM337,1e8,1,1,IC1 IC1 R2
LM337,1ef,1,1,IC2 IC2 R31
LM337,1j2,1,1,U2 C2 R4
LM337,1y,1,1,IC506 C522 R512
LM337,3k,1,1,V3
LM337,4v,1,1,U8 D6 C27
LM337,98,5,1,
LM337,99,5,1,
LM337,9l,6,1,
LM337,a0,1,2,U2 R4 R711
LM337,bc,1,1,R8 U3 D2
LM337,bd,1,1,U3 D2 C7
LM337,cb,1,1,C25 C17 C24
LM337,cc,1,1,C17 C16
LM337,gr,1,1,IC2 C20 Q10
LM337,gw,1,2,
LM337,gw,2,1,
LM337,il,9,1,
LM337,im,1,1,U2 D6 D5
LM337,in,1,1,U2 D6 D5
LM337,ln,1,1,U705 C730 D716
LM337,p3,1,1,U2 C4 D2
LM337,p4,1,1,U2 C5 C7
LM337,p5,1,1,U2 C5 C7
LM337,rc,1,2,U1 R5 R1
LM337,rw,1,1,U2 D4 R2
LM337,sb,1,1,U2 C5 C8
LM337,u0,1,1,IC201 J1 C201
LM337,y7,1,1,IC2
LM337,y8,1,1,IC2
LM337,yc,1,1,D9 D1 IC2
LM337,yd,1,1,D9 D1 IC2
LM337,z0,1,1,U2 C13 R10
LM337,z1,1,1,U2 C13 R10
LM337A,ds,1,1,D2 IC2 C10
LM337A,dt,1,1,D2 IC2 C10
LM337A,du,1,1,D2 IC2 C10
LM337A,dv,1,1,D2 IC2 C22
LM337K,37,1,1,U1
LM337L,13k,1,1,U5 D3 R24
LM337L,13m,1,1,U5 D3 R28
LM337L,1f2,1,1,U3 D5 C19
LM337L,1f3,1,1,U3 D5 C19
LM337T,183,1,1,U2 D1 R12
LM337T,1a7,1,1,D7 U2 R7
LM337T,1at,1,1,IC2 R12 D1
LM337T,1fr,1,1,IC2 R13 D1
LM337T,1gs,1,1,C87 C90 U8
LM337T,1jw,2,1,
LM337T,1jx,2,1,D1
LM337T,jd,1,1,U2 D2 R6
LM337T,kz,1,1,C26 C27 U8
LM337T,r2,1,1,U6 C16
LM337T,vj,1,1,IC5
LM337T,vl,1,2,C20 C15 U4
LM337T,vm,1,1,
LM337TFS,vm,1,1,
LM337TG,0,1,1,VR2 C13 R10
LM338,he,3,1,
LM339,10d,2,1,R53 R42 R47
LM339,11r,4,2,R74
LM339,11r,5,2,U11A R11A U11B
LM339,11r,7,1,U11 R14 R11
LM339,15z,1,4,IC2B IC2A IC2C
LM339,1bq,1,3,U2A R84 R85
LM339,1br,1,4,R3 R2 R4
LM339,1hz,1,4,R3 R2 R4
LM339,1k8,1,1,
LM339,6j,1,3,R3 R4 R2
LM339,9u,1,5,IC500 IC501 IC500
LM339,cg,1,4,IC2B IC2A IC2C
LM339,g2,1,4,IC201A C207 R213
LM339,g2,2,4,IC201A R211 IC201B
LM339,j5,1,4,R3 R2 R4
LM339D,11s,2,4,IC15A R81 R77
LM339NS,1bp,1,1,IC7 IC7 R97
LM3406M,e8,1,4,U2B R8 VR2
LM3406M,ea,1,4,IC1B R27a R27b
LM3488,1g5,1,1,R3 R1 C2
LM35,e3,1,1,D2
LM350K,1d1,1,1,U1 R306 C302
LM350K,g0,1,1,IC301 V301
LM358,9h,1,2,U3A R5 C3
LM358,9u,1,3,IC501 IC500 IC500
LM358,al,1,2,
LM358,j8,1,3,R10 R9 R207
LM358AD,ar,1,2,U1A
LM358AD,as,1,2,U1A
LM358N,lf,1,2,D10 R33 R78
LM358N,lg,1,2,D10 R33 R78
LM358P,1bv,1,3,R6 U1B R9
LM358P,1bv,3,1,
LM35B,j8,1,1,IC5B R16 R204
LM35DT,6a,1,1,U90
LM35DT,9k,17,1,
LM361,be,1,1,U6 C23 D6
LM385,1fm,1,2,
LM385,1fm,2,1,
LM385,1fm,3,2,
LM385,rx,1,1,Q6 Q7 Q5
LM385,ry,1,2,Q6 R13 R10
LM385AX,14a,1,1,
LM385AX,1b1,1,1,
LM385AX,7s,1,1,
LM385AX,7t,1,1,X2A
LM385Z,xb,1,2,R126 R123 R124
LM3875,up,1,1,
LM3875,za,3,1,
LM3875,zb,3,1,
LM3875,zd,4,1,
LM3875T,12u,1,2,R16 R9 R17
LM3875T,up,1,1,
LM3886,11e,1,2,IC1 R5 R2
LM3886,11e,3,1,IC2 U2
LM3886,11f,1,2,IC1 R5 R2
LM3886,135,1,2,C17 R18 U3
LM3886,136,1,2,C15 U10 C12
LM3886,137,1,2,C15 R18 U3
LM3886,138,1,2,C7 U3 R8
LM3886,139,1,2,C8 U3 R10
LM3886,13e,1,2,R11 U2 C11
LM3886,13i,1,2,R11 U2 C5
LM3886,13k,1,2,C5 R13 U2
LM3886,13l,1,1,
LM3886,13m,1,2,C7 R17 U2
LM3886,13q,1,1,
LM3886,13v,1,2,U4 R27 R24
LM3886,147,1,1,
LM3886,14e,1,2,R16 C17 U3
LM3886,14j,1,2,R16 C16 C11
LM3886,1a8,1,1,R11 C6 C9
LM3886,1au,1,2,C10 C17 C4
LM3886,1av,1,2,C10 C17 C4
LM3886,1hi,1,1,U1 C5 C6
LM3886,c2,1,1,U2 C13 R10
LM3886,c3,1,1,R11 C10 R12
LM3886,c4,1,1,R12 R11 C9
LM3886,c5,1,1,U2 C4 R10
LM3886,db,2,1,
LM3886,i4,1,6,R2 R3 C8
LM3886,qw,1,1,
LM3886,qw,2,1,
LM3886,r1,1,1,
LM3886,tt,1,2,IC1 R1 R3
LM3886,wu,1,3,U1
LM3886,za,3,1,
LM3886,za,4,2,
LM3886,za,5,1,
LM3886,za,6,2,
LM3886,za,7,1,
LM3886,za,8,1,
LM3886,za,10,1,
LM3886,za,13,2,IC1 R5 R2
LM3886,za,15,1,U2 IC1 IC2
LM3886,zb,3,1,
LM3886,zb,4,2,
LM3886,zb,5,1,
LM3886,zb,6,2,
LM3886,zb,7,1,
LM3886,zb,8,1,
LM3886,zb,10,1,
LM3886,zb,13,2,IC1 R5 R2
LM3886,zb,15,1,U2 IC1 IC2
LM3886,zd,4,2,
LM3886,zd,7,1,
LM3886A,1a8,1,1,C13 C11 C7
LM3886A,c4,1,1,C13 C12 C11
LM3886A,qw,1,1,
LM3886B,1a8,1,1,R14
LM3886B,c4,1,1,R14 C8 C7
LM3886T,11e,3,2,IC2 U2
LM3886T,11h,1,1,IC2 R5 R2
LM3886T,1a8,1,1,R14 C8 C7
LM3886T,1ip,1,1,R5 C1 R3
LM3886T,62,1,1,C8 U1
LM3886T,c4,1,1,R14 C8 C7
LM3886T,qt,1,1,
LM3886T,qx,1,1,
LM3886T,za,8,1,
LM3886T,za,15,2,IC1 IC2 U2
LM3886T,zb,8,1,
LM3886T,zb,15,2,IC1 IC2 U2
LM3886TF,11e,3,1,
LM3886TF,11g,1,1,
LM3886TF,135,1,2,U3 R13 C17
LM3886TF,136,1,2,U10 C15 C12
LM3886TF,137,1,2,U3 R13 C15
LM3886TF,138,1,2,U3 C7 C4
LM3886TF,139,1,2,U3 C8 C5
LM3886TF,13c,1,1,U2 C3 R3
LM3886TF,13d,1,1,U2 C3 R4
LM3886TF,13e,1,2,U2 R7 C5
LM3886TF,13i,1,2,U2 R7 C5
LM3886TF,13j,1,1,U2 C5
LM3886TF,13k,1,2,U2 C10 C5
LM3886TF,13m,1,1,U2 R11 C12
LM3886TF,13o,1,1,U2 C3 R3
LM3886TF,14e,1,2,U4 C23 C28
LM3886TF,14j,1,2,U5 C22 C27
LM3886TF,16d,1,1,
LM3886TF,1ba,1,8,IC2 C19 R12
LM3886TF,jc,1,1,
LM3886TF,qy,1,1,
LM3886TF,qz,1,1,
LM3886TF,r0,1,1,
LM3886TF,r2,1,1,R1 R18 R19
LM3886TF,r3,1,2,U1 R5 C10
LM3886TF,tw,1,3,IC2 IC1 R2
LM3886TF,tx,1,2,
LM3886TF,ty,1,3,
LM3886TF,za,8,1,
LM3886TF,za,15,1,
LM3886TF,zb,8,1,
LM3886TF,zb,15,1,
LM3914,sn,15,1,
LM3914,sn,26,1,R48 SW3 C34
LM3915,yy,1,1,R42 R41 C20
LM393,128,1,1,U3 D2 R20
LM393,1bv,1,3,U2B R10 LED1
LM393,1bv,3,1,
LM393,b7,1,3,IC1A R4 R8
LM393,e9,1,2,U7A R66 C39
LM393,ea,1,2,U7A C39 R66
LM393,lk,1,6,U4B R15 R9
LM393,ll,1,6,U4B R15 R18
LM393,ly,1,2,U1B
LM393,u3,1,2,U104b C136 R122
LM393D,1fa,2,2,IC15B R70 C61
LM393D,1fb,2,2,IC15B R70 C61
LM393D,1fc,2,2,IC15B R70 C61
LM393D,c7,1,2,R10 R7 C6
LM393D,c8,1,2,R10 R7 C6
LM393N,q3,5,1,
LM394,ie,1,1,R3
LM3940,14l,1,1,
LM3940,14n,1,1,
LM4040A,jr,1,1,ZD2 C20 Q2
LM4040A,js,1,1,ZD2 C20 Q2
LM4040A,jt,1,1,ZD2 Q2
LM4040A,ju,1,1,ZD2 C20 Q2
LM431,1dm,1,1,
LM431,1do,1,1,
LM431,1dp,1,1,
LM431,1dv,1,1,
LM431,1dy,1,1,
LM431,1e0,1,1,
LM431,1e1,1,1,
LM431,1e4,1,1,
LM431,1e8,1,1,
LM431,1e9,1,1,
LM431,1ea,1,1,
LM431,1ef,1,1,
LM431,1ej,1,1,
LM431,1ek,1,1,
LM431,1en,1,1,
LM431,1er,1,1,
LM431,e9,1,4,U4 R48 R47
LM431,ea,1,4,U8 R72 R73
LM431,ly,1,1,U2 R14 R8
LM4562,11z,1,2,R4 U1 R2
LM4562,122,1,3,
LM4562,125,1,8,R43 R49 R46
LM4562,126,1,9,R10 U2 R11
LM4562,127,1,4,R42 V4 U1
LM4562,128,1,4,R61 C3 R62
LM4562,12f,1,5,R53 U8A U7A
LM4562,139,1,2,C25 R28 R31
LM4562,13i,1,2,C3
LM4562,13j,1,2,P1 C3
LM4562,13k,1,2,R1 C1 R3
LM4562,13m,1,2,R1 R3 C1
LM4562,14e,1,2,R9 C7 C8
LM4562,14j,1,2,R9 C8 R10
LM4562,17e,1,9,U1A U1B C12
LM4562,1ab,8,1,
LM4562,1bq,1,5,R53 U8A U7A
LM4562,1br,1,3,U7A R52 U7B
LM4562,1hz,1,3,U7A R52 U7B
LM4562,1jc,1,2,
LM4562,55,1,2,U4A C19 C19
LM4562,55,2,1,C62 C61 C60
LM4562,56,1,2,U4A C19 C19
LM4562,56,2,1,C16 C62 C32
LM4562,66,1,2,C12 C12 U1A
LM4562,6j,1,10,U3A R23 R28
LM4562,7g,1,8,R10
LM4562,7h,1,8,R10
LM4562,7i,1,6,R10 R5
LM4562,7j,1,6,R32 R27
LM4562,8y,8,3,R2 J2 R1
LM4562,8y,10,4,R11 R9 R12
LM4562,8y,11,1,R11 R10 R9
LM4562,b9,3,1,
LM4562,j5,1,10,U3A R23 R28
LM4562,t0,1,3,U7A R52 U7B
LM4562,wr,1,2,U1B R5 R6
LM4562,ws,1,2,U1A R5 C12
LM4562,wt,1,2,U1A R5 C12
LM4562MA,188,1,2,R7 C4
LM4562MA,188,2,10,R19 R24
LM4562MAX,100,1,6,C24 C21 C20
LM4780,34,1,1,R10 C5 R0
LM5010ASD,1g6,1,1,R131 C136 C134
LM5113,g9,1,1,U1 D1 R3
LM5118,z9,1,1,D8 C31 C30
LM555,15x,1,1,
LM555,17f,1,1,
LM555,u3,1,1,U103 R117 U104a
LM555C,6q,1,1,
LM555N,15s,1,1,IC1 R7 R8
LM5574,z9,1,1,R22 R23 C44
LM6171,ex,1,1,IC5 IC6 IC4
LM6172,3e,1,4,
LM6172,3e,2,4,
LM6265N,eb,1,2,U3A C23 C24
LM7171,1ab,17,1,
LM741,fe,1,2,Q1
LM741,r4,21,1,
LM741,r4,22,1,
LM741CN,km,1,1,U3 R32 R30
LM741CN,kn,1,1,U4 R35 R33
LM7805,141,1,1,
LM7805,17l,3,1,U5 C18 D13
LM7805,180,3,1,IC201 C201 IC202
LM7805,181,1,1,IC108 IC110 C5
LM7805,182,1,1,D1 J3 J4
LM7805,1bg,1,1,U1 C2 C1
LM7805,1bh,1,1,U1 C2 C1
LM7805,1bi,1,1,U1 C2 C1
LM7805,1ia,1,1,U101 C109 C110
LM7805,1ib,1,1,U101 C109 C110
LM7805,1ic,1,1,U101 C109 C110
LM7805,1jc,1,1,
LM7805,41,1,1,
LM7805,8w,3,1,U5 C18 D13
LM7805,r4,4,1,
LM7805,r4,21,1,
LM7805A,r4,13,1,
LM7805ACT,114,1,2,
LM7805ACT,116,1,1,U13 C18 C19
LM7805ACT,r4,2,1,
LM7805CT,q3,5,1,
LM7805CT,r4,2,1,
LM7805CT,r4,27,1,
LM7806,r4,5,1,
LM7806CT,r4,2,1,
LM7808,1jb,1,2,U108 D1 D2
LM7808CT,r4,2,1,
LM7809,kv,1,1,IC1 C2 R2
LM7809,r4,7,1,
LM7809A,r4,14,1,
LM7809ACT,r4,2,1,
LM7809CT,r4,2,1,
LM7812,141,1,1,IC4 IC5 C16
LM7812,180,3,1,IC204 C209 C204
LM7812,1gn,1,1,U2 C3 C4
LM7812,av,1,1,U2 C3 V2
LM7812,m2,2,1,
LM7812,r4,9,1,
LM7812,zf,1,1,U1 L1 Q11
LM7812,zf,2,1,U1 L1 Q11
LM7812A,r4,16,1,
LM7812ACT,r4,2,1,
LM7812CT,1bj,1,1,C5 D3 D4
LM7812CT,r4,2,1,
LM7812T,b0,2,2,
LM7815,1ji,1,1,IC1 C11 C12
LM7815,r4,10,1,
LM7815,r4,22,1,
LM7815A,r4,17,1,
LM7815ACT,r4,2,1,
LM7815CT,ar,1,1,U1 R4
LM7815CT,as,1,1,U1 R4
LM7815CT,kl,1,1,U3 C15 C13
LM7815CT,r4,2,1,
LM7818,1a8,1,1,VR1 C23 C21
LM7818,r4,11,1,
LM7818CT,c2,1,1,VR1 C23 C21
LM7818CT,r4,2,1,
LM7824,r4,12,1,
LM7824CT,r4,2,1,
LM78L05,10f,1,1,U1 C1 C2
LM78L05,82,14,1,U1 C1 C2
LM78L05,8s,1,1,U1 C1 C2
LM78L05,do,1,1,U2 D1
LM78L05,dp,1,1,U2 D1
LM78L05,fe,1,1,
LM78L08,gn,1,1,U1 C2 D10
LM78L08,go,1,1,U1 C2 C7
LM78L12,ly,1,1,U4 D4 C4
LM78L15,4d,1,1,U2 C21 R39
LM78L15,4e,1,1,U2 C21 R39
LM78M05CDT,1jo,1,1,U1 C2 C3
LM78M05CDT,1jp,1,1,U1 C2 C3
LM78XX,1ao,1,1,R121 C122
LM78XX,r4,2,4,
LM78XX,r4,21,4,
LM78XX,r4,22,3,
LM7905,141,1,1,C11 P24
LM7912,141,1,1,C16 C14 IC5
LM7912,180,3,1,IC205 C210 C205
LM7915,1ji,1,1,IC2 C13 C14
LM7915CT,kl,1,1,U4 C16 R22
LM7918CT,c2,1,1,VR2 C24 C22
LM79L05,fe,1,1,
LM79L15,4d,1,1,U3 C22 R38
LM79L15,4e,1,1,U3 C22 R38
LM79L24,180,3,1,IC206 C213 C214
LM833,15b,1,1,
LM833,15c,1,1,
LM833,gk,3,1,
LM833,nx,2,1,
LMC555,17d,1,1,U9 X7 C14
LMC555,1gt,1,1,
LME49600,1gd,1,1,D1 R5 C23
LME49600,1gs,1,8,U17 C105 C106
LME49600,1h4,1,3,C23 U3 C20
LME49600,9j,1,1,U6 C11 J7
LME49600,kz,1,2,C13 C18 R12
LME49710,1h4,1,2,C2 U1 C1
LME49710,1j9,1,1,IC1
LME49710,ew,6,1,
LME49710,tb,1,2,
LME49710,tr,1,2,
LME49720,1ab,14,2,U1B C13 C14
LME49720,r2,1,2,C12 R22 R2
LME49720,r6,1,1,U2 R6 R5
LME49720,xk,5,1,
LME49720,xn,1,1,R10 C1 Q5
LME49720MAX,vs,1,2,IC2A S08 C106
LME49724,9i,1,2,U5 R1B R24
LME49724,e5,1,1,IC2 R17
LME49724,e6,1,2,IC1 C15 R15
LME49724,e7,1,2,IC1 R11 C13
LME49860,17s,1,2,U5 C15 C16
LME49860,rm,1,2,U1 R10 C6
LME49860,xz,1,3,R1 C1 C2
LME49990,16o,1,1,IC2 C16 C20
LME49990,16p,1,2,U1
LME49990,16x,1,2,IC2 R13 C16
LME49990,1gs,1,4,C77 C78 C75
LME49990,24,1,4,R141 J2 R33
LME49990,kz,1,12,R10 R11 R8
LMK1C1102,57,1,1,IC9 D9 R43
LMK1C1102,58,1,1,IC9 D9 R43
LMP7701,l8,1,1,U1 R3 C3
LMV431,1ab,2,1,U2 R16 R15
LMV431,1ab,3,1,U2 R16 R15
LND150,12f,1,4,Q11 R46 Q13
LND150,15l,1,2,
LND150,1bq,1,2,Q12 D35 R47
LND150,1br,1,4,Q11 R46 Q13
LND150,1hz,1,4,Q11 R46 Q13
LND150,1i5,1,1,T171 R171 R172
LND150,3j,1,2,Q1 R7B R6B
LND150,t,1,1,T231 R232 C234
LND150,t0,1,4,Q11 R46 Q13
LND150B,rk,1,2,
LP38798,6c,1,1,C19 U5 C18
LP38798,6d,1,1,C19 U5 C18
LP38798,9a,1,1,U5 U1 U4
LP5907,1j2,1,1,U5 D11 C14
LP5907,1jo,1,2,U2 R6 C8
LP5907,1jp,1,2,U2 R6 C8
LP5907,57,1,1,IC2 C4 IC3
LP5907,58,1,1,IC2 C4 IC3
LP5907,gm,1,1,IC14 C4 L5
LP5907,zm,1,4,
LP5907,zn,1,4,
LS844,13r,1,3,
LS844,14r,1,3,
LS844,8y,5,1,
LSJ689A,i9,1,2,Q206A R205 Q204
LSJ689A,ia,1,2,Q206A R205 Q204
LSJ689A,ib,1,2,Q206A R205 Q204
LSJ689A,pb,1,2,Q24 R9 Q25
LSJ74,4p,4,1,
LSJ74,es,16,1,
LSJ74,j9,1,2,Q2 R6 Q1
LSJ74C,10,1,2,Q3
LSK170,1ab,17,1,
LSK170,1cb,1,2,Q1 R2 R7
LSK170,1cz,1,2,V103 R109 C111
LSK170,20,1,1,R5 R1 R7
LSK170,4p,4,1,
LSK170,7p,4,1,
LSK170,dw,1,1,
LSK170,dw,2,1,
LSK170,ej,11,1,
LSK170,eo,3,1,
LSK170,es,16,1,
LSK170,g4,2,2,
LSK170,g6,3,1,
LSK170,ri,1,1,
LSK170,xk,5,1,
LSK170,xn,1,1,Q3 Q2 R3
LSK170B,19g,1,1,
LSK170B,1ab,19,2,R10 D5 R9
LSK170B,1gv,1,4,Q112 Q12 R8
LSK170B,1v,1,3,
LSK170B,1v,2,3,
LSK170C,10,1,1,Q1
LSK189,rh,10,2,R2 J4 J2
LSK389,10l,1,1,
LSK389,1a6,1,2,Q3B Q3A D1
LSK389,1cz,1,6,V152A R151 C151
LSK389,8y,1,5,
LSK389,8y,10,1,
LSK389,98,1,1,J2 J1 J3
LSK389,98,2,1,
LSK389,99,1,1,J2 J1 J3
LSK389,99,2,1,
LSK389,d4,1,2,J1 R2 R10
LSK389,d5,1,2,J1 R2 R10
LSK389,d6,1,2,J1 R2 R10
LSK389,d7,1,1,D6 J1 R42
LSK389,di,1,1,J2 J1 J3
LSK389,dj,1,1,J2 J1 J3
LSK389,dw,1,2,
LSK389,g6,3,1,
LSK389,g7,1,1,
LSK389,rh,1,1,
LSK389,rh,2,3,
LSK389,rh,3,8,
LSK389,rh,4,8,
LSK389,rh,5,3,
LSK389,rh,6,1,
LSK389,rh,7,3,
LSK389,rh,8,8,
LSK389,rh,9,5,
LSK389,rh,10,7,
LSK389,rh,11,7,
LSK389,rh,12,4,
LSK389,rh,13,6,
LSK389,rh,14,1,
LSK389,ri,1,10,
LSK389,ri,2,2,
LSK389,ri,3,2,
LSK389,ri,4,2,
LSK389,ri,5,2,
LSK389,ri,6,2,
LSK389,ri,7,2,
LSK389,ri,8,2,
LSK389A,7e,1,1,V1A R3 V1B
LSK389A,d9,1,2,J1 R10 Q4
LSK389A,dw,1,1,
LSK389A,rh,13,1,
LSK389A,ri,2,1,
LSK389A,ri,3,1,
LSK389A,ri,4,1,
LSK389A,ri,5,1,
LSK389A,ri,6,1,
LSK389A,ri,7,2,
LSK389A,ri,8,4,
LSK389B,10i,1,2,J1 R54 R18
LSK389B,10j,1,2,J1 R5 Q21
LSK389B,10k,1,2,Q8 Q5 R11
LSK389B,10m,1,2,J1 R38 J2
LSK389B,10n,1,2,J1 R5 Q21
LSK389B,10o,1,2,J1 R54 J2
LSK389B,10r,1,2,J1 R54 R3
LSK389B,10s,1,2,Q8 Q5 R11
LSK389B,1jh,3,2,U4 C18 R21
LSK389B,dw,1,2,
LSK389B,rh,13,1,
LSK389B,ri,2,1,
LSK389B,ri,3,1,
LSK389B,ri,4,1,
LSK389B,ri,5,1,
LSK389B,ri,6,1,
LSK389B,ri,8,4,
LSK389B,t3,1,8,Q3A R28 C16
LSK389C,lu,1,1,R201
LSK389C,rh,13,1,
LSK389C,ri,2,1,
LSK389C,ri,3,1,
LSK389C,ri,4,1,
LSK389C,ri,5,2,
LSK389C,ri,6,1,
LSK389C,ri,7,2,
LSK389C,ri,8,4,
LSK389CCO,lu,1,5,J101a R103 R101
LSK389COO,lu,1,1,J1a R3 R4
LSK389D,rh,13,1,
LSK389D,ri,2,1,
LSK389D,ri,3,1,
LSK389D,ri,4,1,
LSK389D,ri,5,1,
LSK389D,ri,6,1,
LSK389G,d7,1,1,J1 D6 C2
LSK489,1cz,1,2,V102A V101B V102B
LSK489,1dk,1,1,R281 C281
LSK489,63,1,2,J1 Q1 R7
LSK489,6a,1,1,U1 Q1 Q2
LSK489,8y,1,6,
LSK489,8y,2,5,
LSK489,8y,3,4,
LSK489,8y,5,6,
LSK489,8y,6,11,J2 J1 D1
LSK489,8y,7,2,J1 Q1 R7
LSK489,8y,8,3,J2 J1
LSK489,8y,9,5,
LSK489,8y,10,5,
LSK489,8y,11,3,
LSK489,8y,12,3,
LSK489,8y,13,3,
LSK489,8y,14,2,J2 J1 R3
LSK489,8y,15,5,
LSK489,9k,4,1,
LSK489,9k,6,1,U1 Q1 Q2
LSK489,9k,12,1,
LSK489,9k,13,1,
LSK489,i7,1,2,Q106A R3 Q104
LSK489,i8,1,2,Q106A R3 Q104
LSK489,rh,7,2,
LSK489,rh,12,1,
LSK489,rh,14,1,
LSK489A,1i6,1,1,T411 R418 R213
LSK489A,i9,1,2,Q106A R3 Q104
LSK489A,ia,1,2,Q106A R3 Q104
LSK489A,ib,1,2,Q106A R3 Q104
LSK489B,1dl,1,1,R218 R213 R215
LSK489B,g,1,1,T211 R218 R213
LT1001,h2,1,2,U2 C5 C6
LT1001,lt,1,1,U1 C3 R4
LT1001A,4u,1,2,IC1A V1 R2
LT1001A,bm,1,2,IC1A V1 R1
LT1001A,dm,1,2,C21 R1 C25
LT1009,8y,13,2,U1 Q2 J1
LT1010,oq,1,1,U2 R8
LT1016,16k,1,1,U1 V5 V4
LT1016,tu,1,1,U13 Q2 R32
LT1016,tv,1,1,R29 U12A U13
LT1022,13,1,1,C13 C33 R50
LT1022,1cv,1,2,U2 R46 R48
LT1022,1d,1,1,U1 C19 R28
LT1022,1e,1,1,U1 C18 C7
LT1022,1f,1,1,V7 C19 C18
LT1022,1g,1,1,V7 C19 C13
LT1022,1h,1,1,C38 R40 R21
LT1022,1j,1,1,U1 C19 C18
LT1022,jf,1,1,U1 C13 V6
LT1022,jk,1,1,U1 C13
LT1022,jn,1,1,V7 U1 C13
LT1022,ko,1,1,C13
LT1028,1ix,1,2,U3 R12 R25
LT1033,1fm,6,1,
LT1056,10k,1,1,U1 C20 C24
LT1056,10p,1,1,U1 C29 R24
LT1056,10s,1,1,U1 C20 C24
LT1056,l3,1,1,U1 R5 R15
LT1056,wo,1,1,U2 R17 C15
LT1056A,1am,1,1,U3 R5 R4
LT1056A,r7,1,1,U1 C22 R1
LT1056A,ua,1,1,U1 R20 R22
LT1057,p6,1,2,U1b D4 R51
LT1059,5m,16,1,
LT1084,18l,1,4,
LT1084,18m,1,4,
LT1084,18n,1,4,
LT1084,18o,1,4,
LT1084,1a7,1,1,U3 D8 R8
LT1084,1fm,6,1,
LT1085,29,1,1,
LT1085,q2,1,2,C2 U1 R3
LT1085CT,ls,1,2,
LT1086,s9,1,1,R5
LT1086,sa,1,1,U1
LT1112,1ab,17,1,
LT1115,r9,1,4,U2 C9 R8
LT1122,1ab,8,1,
LT1122,1ab,26,1,
LT1122,1ab,27,1,
LT1122,gr,1,1,R5 C14 IC1
LT1122,nq,1,1,U1 C2 C2
LT1223,ev,1,1,
LT1223,ew,1,1,
LT1223,ew,4,3,
LT1363,1ab,17,1,
LT1671,wr,1,1,U2 R5 U1B
LT1671,ws,1,1,U2 R5 U1A
LT1671,wt,1,1,U2 R5 U1A
LT1671,z9,2,1,IC5A R28 R29
LT1720,17d,1,2,U4B Q0
LT1792,bq,1,2,U2
LT1963,zm,1,6,
LT1963,zn,1,6,
LT1963A,1hx,1,1,VR4 C10 R11
LT1963AET,vj,1,1,IC1 C13 J071
LT1963AT,15y,1,1,R10 R9
LT1963AT,nu,1,1,R10 R9 C3
LTC1967,1br,1,1,U5 C1 R13
LTC1967,1hz,1,1,U5 C1 R13
LTC6102,z9,2,1,IC6 C47 R26
LTV817A,ly,1,2,U3B R8 R9
M7805,q3,7,1,
MAT02,3k,1,2,Q1 C1 R8
MAX809L,lk,1,1,U7 R29 R28
MAX809L,ll,1,1,U7 R29 R28
MBR0530,z9,1,1,D8 IC2 L5
MBR0540,3e,3,6,R56 R380 C179
MBR0540,g9,1,2,D1 C3 R3
MBR0540,wm,1,2,D7 T9
MBR10100,19s,1,2,
MBR10100,zz,1,1,J112
MBR160TR,ds,1,4,D5 C18 L3
MBR160TR,dt,1,3,D5 C18 L3
MBR160TR,du,1,4,D5 C18 L3
MBR350,jr,1,2,D1 D2 R6
MBR350,js,1,2,D1 D2 R6
MBR350,jt,1,2,D2 C1 R7
MBR350,ju,1,2,D2 R6 R7
MBR745,178,1,2,D9 R16 R19
MBRS1100,2d,1,2,D116 Q106 C122
MBRS1100,2d,3,2,D116 Q106 C122
MBRS1100,2e,1,2,D116 Q106 C122
MBRS1100,2e,3,2,D115 Q105 C110
MBRS1100,ql,1,1,R88 R89 Q94
MBRS1100,qm,1,1,R88 R89 Q94
MC33078,1ex,3,2,U5 R132 D36
MC33078,4c,1,1,R16 R14 R15
MC33078,9u,1,3,IC301a IC301b IC300
MC33078D,11s,1,14,IC4B R15 C12
MC33078D,11s,2,6,IC16B R71 C147
MC33078D,1fa,1,17,IC3B C3 R11
MC33078D,1fa,2,5,IC14B C58 R57
MC33078D,1fa,3,6,IC17B C98 R100
MC33078D,1fb,1,17,IC3B C3 R11
MC33078D,1fb,2,5,IC14B C58 R57
MC33078D,1fb,3,6,IC17B C98 R100
MC33078D,1fc,1,17,IC3B C3 R11
MC33078D,1fc,2,5,IC14B C58 R57
MC33078D,1fc,3,2,R110 IC19B C104
MC33079,9u,1,5,IC300 C316
MC34063AP,uq,1,2,IC1 C1
MC7805,ex,1,1,C13
MC7809CT,1n,1,1,IC3 C30 C28
MC7812,ex,1,1,R2 R1 R3
MC7812CK,9y,1,1,
MC7905,ex,1,1,C13
MC7912,ex,1,1,R2 R1 R3
MC7912CT,9y,2,1,
MC7915,r4,22,1,
MJ11011,1gg,1,2,
MJ11011,1gg,2,5,
MJ11011,1gg,3,3,
MJ11012,1gg,1,2,
MJ11012,1gg,2,5,
MJ11012,1gg,3,3,
MJ11013,1gg,1,2,
MJ11013,1gg,2,5,
MJ11013,1gg,3,2,
MJ11014,1gg,1,2,
MJ11014,1gg,2,5,
MJ11014,1gg,3,2,
MJ11015,1gg,1,2,
MJ11015,1gg,2,5,
MJ11015,1gg,3,2,
MJ11016,1gg,1,2,
MJ11016,1gg,2,5,
MJ11016,1gg,3,2,
MJ11302,jh,1,1,Q24 R26 R35
MJ13002,l6,1,1,C6 C7 T1
MJ13281C,jf,1,1,Q23 R25 D2
MJ15003,12w,1,1,Q11 D12 R16
MJ15003,1f9,1,1,
MJ15003,1k1,1,2,TR11 R78 TR9
MJ15003,po,1,3,T18 C25 R3
MJ15003M,ck,1,1,Q13 D3 R25
MJ15004,12w,1,1,Q12 D11 Q7
MJ15004,1f9,1,1,
MJ15004,po,1,2,C26 R61 R62
MJ15004M,ck,1,1,Q14 D4 R26
MJ15023,ft,1,2,
MJ15030,j0,1,1,Q14 R34 D15
MJ15084,po,1,1,C26 R62 C000
MJ2955,14q,1,1,Q12 Q10 C7
MJ2955,18r,4,2,Q617 C633 Q613
MJ2955,1gy,1,1,R28 R29 R16
MJ2955,9y,1,2,
MJ519,j3,3,4,J17 C99 J15
MJE13005,a6,1,1,
MJE13005,zj,1,1,
MJE15028,1gi,1,1,R67 Q29 R29
MJE15028,8o,6,1,
MJE15028,wm,1,4,T11 T13 R17
MJE15028G,4j,1,1,
MJE15028G,98,6,1,
MJE15028G,99,6,1,
MJE15028G,tc,1,1,
MJE15029,8o,6,1,
MJE15029,wm,1,4,T12 T14 R18
MJE15029G,4j,1,1,
MJE15029G,98,6,1,
MJE15029G,99,6,1,
MJE15029G,td,1,1,
MJE1502AC,jj,1,1,Q18 Q2 Q4
MJE1503,d4,1,1,Q95 R38 C24
MJE1503,d5,1,1,Q95 R38 C24
MJE1503,d6,1,1,Q95 R38 C24
MJE1503,j7,1,1,Q3 R19 Q12
MJE1503,m3,1,1,R2 R53 R4
MJE15030,12w,1,1,Q7 Q12 R17
MJE15030,1di,1,1,
MJE15030,1f8,1,1,
MJE15030,1g7,1,2,Q1 R41 R23
MJE15030,1g8,1,2,Q1 R23 C7
MJE15030,1g9,1,2,Q1 R23 C7
MJE15030,1ga,1,2,Q1 R41 R23
MJE15030,1k3,1,1,R11 Q5 T1
MJE15030,1k4,1,1,Q5 Q6 Q9
MJE15030,4t,1,2,Q5 Q6 Q4
MJE15030,68,1,1,Q4 R65 Q2
MJE15030,8o,6,1,
MJE15030,dk,1,1,
MJE15030,f2,1,1,
MJE15030,fj,2,1,
MJE15030,fk,1,3,
MJE15030,fl,1,3,
MJE15030,fm,1,3,
MJE15030,fs,1,2,
MJE15030,gr,1,1,R11 Q5 Q3
MJE15030,kb,1,1,Q1 D1 R2
MJE15030,kd,1,1,
MJE15030,on,2,1,
MJE15030,on,4,1,
MJE15030,oo,1,1,R11 Q5 Q3
MJE15030,p0,1,1,Q1 Q2 R1
MJE15030,p1,1,1,Q1 Q2 R8
MJE15030,pp,1,1,T16 T14 R34
MJE15030,s2,1,1,
MJE15030,s4,1,1,
MJE15030,s5,1,1,
MJE15030,ub,1,1,T9 R22 C9
MJE15030,xe,1,1,Q10 R9 R11
MJE15030G,1s,1,2,Q17 Q19 R35
MJE15030G,98,6,1,
MJE15030G,99,6,1,
MJE15030G,fj,2,1,
MJE15030G,ov,5,1,
MJE15030G,ow,1,1,Q1 Q2 R3
MJE15031,12w,1,1,Q8 Q11 R1
MJE15031,1c3,1,1,Q21
MJE15031,1di,1,1,
MJE15031,1f8,1,1,
MJE15031,1k3,1,1,Q6 R12 T2
MJE15031,1k4,1,1,Q6 Q5 Q9
MJE15031,4t,1,2,Q6 Q5 Q7
MJE15031,68,1,1,Q5 R66 Q1
MJE15031,6p,1,8,
MJE15031,8o,6,1,
MJE15031,9s,1,2,T6 R15 T5
MJE15031,dk,1,1,Q1 R3
MJE15031,f2,1,1,
MJE15031,fg,1,2,
MJE15031,fj,2,1,
MJE15031,fk,1,1,
MJE15031,fl,1,1,
MJE15031,fm,1,1,
MJE15031,fs,1,2,
MJE15031,gr,1,1,Q6 R12 Q4
MJE15031,kb,1,1,Q2 D2 R5
MJE15031,on,2,1,
MJE15031,on,4,1,
MJE15031,oo,1,1,Q6 R12 Q4
MJE15031,pp,1,1,T17 T15 R42
MJE15031,s2,1,1,
MJE15031,s4,1,1,
MJE15031,s5,1,1,
MJE15031,sf,1,1,R41 P1 R40
MJE15031,ub,1,1,T10 R18 R17
MJE15031,xe,1,1,Q11 R29 R33
MJE15031G,1s,1,1,Q16 Q18 R28
MJE15031G,98,6,1,
MJE15031G,99,6,1,
MJE15031G,fj,2,1,
MJE15032,107,3,1,T2 C8 R4
MJE15032,107,7,1,
MJE15032,10u,3,1,
MJE15032,1b7,1,1,Q107 R111 C114
MJE15032,1eu,1,1,C7 R5 C9
MJE15032,1gi,1,2,Q4 Q6 R16
MJE15032,1je,19,1,
MJE15032,1jf,19,1,
MJE15032,8g,1,2,
MJE15032,8y,15,1,Q10 Q8 Q12
MJE15032,fg,1,1,
MJE15032,fj,2,1,
MJE15032,ft,1,1,
MJE15032,qj,1,1,Q94 R89 R88
MJE15032,qk,1,1,Q94 R89 R88
MJE15032,ql,1,1,Q94 R89 R88
MJE15032,qm,1,1,Q94 R89 R88
MJE15032,tl,1,2,Q4 Q3 D1
MJE15032,y1,1,4,Q7 R26 R36
MJE15032C,10i,1,1,Q7 C35 R1
MJE15032C,10j,1,1,Q2 C32 R27
MJE15032C,10n,1,1,Q2 C32 R27
MJE15032C,10o,1,1,Q7 C35 R1
MJE15032C,10r,1,1,Q7 C35 R1
MJE15032C,12h,1,1,Q12 R25 Q10
MJE15032C,176,1,1,Q6 R32 R24
MJE15032C,1d,1,1,Q13 R29 C6
MJE15032C,1f,1,1,Q13 R31 R29
MJE15032C,1g,1,1,Q13 R29 C6
MJE15032C,1j,1,1,Q13 R29 C15
MJE15032C,8h,1,1,Q17 R38 Q19
MJE15032C,wo,1,1,Q10 C43 R25
MJE15032G,fj,2,1,
MJE15033,107,3,1,C10 T3 C9
MJE15033,107,4,1,
MJE15033,107,7,1,
MJE15033,10u,3,1,
MJE15033,15r,1,1,T22 R52 R32
MJE15033,1b7,1,1,Q108 R112 C114
MJE15033,1eu,1,1,C8 R8 Q4
MJE15033,1gi,1,1,Q5 Q15 D4
MJE15033,1je,19,1,
MJE15033,1jf,19,1,
MJE15033,8y,15,1,Q11 Q9 R17
MJE15033,fj,2,1,
MJE15033,fk,1,1,
MJE15033,fl,1,1,
MJE15033,fm,1,1,
MJE15033,m3,1,3,
MJE15033,qj,1,1,Q95 R91 R88
MJE15033,qk,1,1,Q95 R91 R88
MJE15033,ql,1,1,Q95 R91 R88
MJE15033,qm,1,1,Q95 R91 R88
MJE15033,tl,1,2,Q2 R13 Q1
MJE15033,y1,1,3,Q17 R38 R28
MJE15033C,10i,1,1,Q1 C36 R2
MJE15033C,10j,1,1,Q1 C33 R28
MJE15033C,10n,1,1,Q1 C33 R28
MJE15033C,10o,1,1,Q1 C36 R2
MJE15033C,10r,1,1,Q1 C36 R2
MJE15033C,12h,1,1,Q13 R30 R34
MJE15033C,1d,1,1,Q14 C30 R30
MJE15033C,1f,1,1,Q14 R30 C7
MJE15033C,1g,1,1,Q14 R33 R30
MJE15033C,1j,1,1,Q14 C16 R28
MJE15033C,8h,1,1,Q18 R39 Q20
MJE15033C,wo,1,1,Q9 C44 C42
MJE15033G,fj,2,1,
MJE15034,12y,1,1,T17 T15 R42
MJE15034,174,1,1,Q25 Q27 R47
MJE15034,1eu,1,1,C7 R5 C9
MJE15034,1ev,1,1,
MJE15034,1i0,1,1,
MJE15034,66,1,4,Q5 Q5 Q3
MJE15034,d1,1,3,C15 R61 R100
MJE15034,d2,1,1,R61 C15 R102
MJE15034,d3,1,3,C15 R61 R100
MJE15034,d4,1,1,D7 R23 R48
MJE15034,d5,1,1,D7 R23 R48
MJE15034,d6,1,1,D7 R23 R48
MJE15034,e2,1,1,R23 R24 C14
MJE15034,if,1,2,Q8 Q11 Q12
MJE15034,vw,1,1,R12 R14 Q4
MJE15034G,j6,1,1,Q4 R15 Q11
MJE15034G,j7,1,1,Q4 R15 Q11
MJE15035,12y,1,1,T16 T14 R34
MJE15035,174,1,1,Q26 R48 C16
MJE15035,1eu,1,1,C8 R8 Q4
MJE15035,1ev,1,1,
MJE15035,1i0,1,1,
MJE15035,d1,1,2,Q100 C102 R115
MJE15035,d3,1,2,Q100 C102 R115
MJE15035,e2,1,1,Q11 C15 R26
MJE15035,if,1,2,Q4 C3 R8
MJE15035,vw,1,1,Q7 C5
MJE15035G,j6,1,1,Q3 R19 Q12
MJE1535,d1,1,1,R66 Q31 R101
MJE1535,d3,1,1,R66 Q31 R40
MJE16002C,1e,1,1,Q13 R31 Q16
MJE16030C,1e,1,1,Q14 C24 R33
MJE182,1ab,21,1,Q1 R5 R1
MJE182,sq,1,1,Q4 R33 R7
MJE182,sr,1,1,Q4 R33 R7
MJE243,1ab,14,2,Q1 R12 D4
MJE243,1k1,1,1,R78 TR9 TR11
MJE243,kc,1,1,R49
MJE243,u9,1,1,TR9
MJE243C,5p,1,1,Q19 Q16 D2
MJE243C,8h,1,1,Q13 C10 R28
MJE253,1k1,1,1,TR10 TR12 R17
MJE253,kc,1,1,R49 C31
MJE253,u9,1,1,TR10
MJE253C,5p,1,1,Q5 Q11 D3
MJE2955,1k4,1,1,
MJE2955,on,2,1,
MJE2955,on,4,1,
MJE3055,195,1,1,R110 Q102 R111
MJE3055,196,1,1,Q2 IC2B C18
MJE3055,19a,1,1,Q2 R22 R21
MJE3055,19b,1,1,Q2
MJE3055,19c,1,1,Q2
MJE3055,19d,1,1,Q2 C9 R10
MJE3055,19f,1,1,Q2
MJE3055,19h,1,1,Q2 IC2B C18
MJE3055,19i,1,1,Q2 R22 R21
MJE3055,1k4,1,1,
MJE3055,ew,5,1,
MJE3055,on,2,1,
MJE3055,on,4,1,
MJE34,1c3,1,1,Q13 Q22
MJE34,1jg,1,1,T3 R25 T4
MJE340,107,4,1,
MJE340,10g,1,1,Q1 C2 R2
MJE340,11n,1,3,Q15 R25 Q16
MJE340,11o,1,3,Q15 R25 Q16
MJE340,12w,1,1,Q5 Q7 R13
MJE340,16,4,2,Q3 R7 R13
MJE340,17k,1,1,Q1 C10
MJE340,18v,1,3,Q5 R9 C10
MJE340,18w,1,3,Q5 R9 C10
MJE340,1bk,1,2,Q5 R21 R7
MJE340,1cy,1,1,
MJE340,1di,1,2,
MJE340,1f9,1,1,
MJE340,1go,1,1,Q2 R2 R13
MJE340,1gp,1,1,Q2 R2 R13
MJE340,1ju,1,1,R41 R38
MJE340,1k0,1,1,Q1 C2 R2
MJE340,1k5,1,2,Q6 Q4 Q12
MJE340,2c,1,1,
MJE340,4a,1,2,
MJE340,6k,1,2,
MJE340,6s,1,1,
MJE340,6t,1,1,
MJE340,6u,1,1,
MJE340,6x,1,2,Q7 R21 C8
MJE340,6y,1,2,Q7 R21 C8
MJE340,8u,1,2,Q12 R18 R25
MJE340,97,2,1,
MJE340,de,1,2,Q13 D6 R20
MJE340,df,1,2,Q13 D6 R20
MJE340,dg,1,2,Q14 Q16 R27
MJE340,dh,1,2,Q14 Q16 R27
MJE340,gg,1,1,T7 R20 C13
MJE340,k9,1,1,
MJE340,l3,1,2,Q1 R6 Q3
MJE340,o9,1,4,T7 R10 R2
MJE340,p2,1,1,Q2 Q1 R5
MJE340,po,1,1,T14 R33 T15
MJE340,q3,5,2,
MJE340,ub,1,1,T7 R15 C6
MJE340,y1,1,1,Q11 R19 R20
MJE340C,1ew,1,1,Q8 R33 R32
MJE340C,1ew,2,1,Q29 R114 C47
MJE340C,1ew,3,3,Q1 R3 D45
MJE340C,1ex,1,1,Q8 R33 R32
MJE340C,1ex,2,1,Q29 R114 C47
MJE340C,1gz,1,2,Q31 Q30 Q29
MJE340C,1h0,1,2,Q31 Q30 Q29
MJE340C,1h1,1,1,Q33 R95 R97
MJE340C,7k,1,1,Q8 Q6 R13
MJE340C,ac,1,1,Q10 D10 R18
MJE340C,b9,16,1,Q22 R94 R93
MJE340C,ck,1,2,Q11 R25 R21
MJE340C,fx,1,3,Q14 Q15 Q16
MJE340STU,2c,1,2,
MJE35,gg,1,1,T9 T7 C13
MJE350,1,1,1,T92 R94 R93
MJE350,107,4,1,
MJE350,10g,1,1,Q2 C3 R3
MJE350,11n,1,3,Q14 R24 Q13
MJE350,11o,1,3,Q14 R24 Q13
MJE350,12w,1,1,Q6 Q8 R16
MJE350,14q,1,1,Q5
MJE350,16,4,2,Q4 Q5 R16
MJE350,16m,1,1,T15 R27 C14
MJE350,17m,1,1,T3 T2 T4
MJE350,18v,1,2,Q9 C20 R10
MJE350,18w,1,2,Q9 C20 R10
MJE350,1c3,1,1,Q22 Q13
MJE350,1ct,1,1,Q11 R15 P1
MJE350,1cu,1,1,Q11 R15 P1
MJE350,1cy,1,1,
MJE350,1di,1,1,
MJE350,1f9,1,1,
MJE350,1gi,1,5,Q30 R12 R32
MJE350,1go,1,1,Q1 R14 R3
MJE350,1gp,1,1,Q1 R14 R3
MJE350,1jg,1,1,T4 R28 T3
MJE350,1jt,1,1,R40
MJE350,1ju,1,1,Q31 R40 R88
MJE350,1k0,1,1,Q2 C3 R3
MJE350,1k5,1,1,Q11 Q5 R4
MJE350,2c,1,1,
MJE350,3f,1,2,
MJE350,3z,1,1,
MJE350,4a,1,3,
MJE350,6k,1,3,R44
MJE350,6s,1,1,
MJE350,6t,1,1,
MJE350,6u,1,1,
MJE350,6x,1,1,Q9 R23 D9
MJE350,6y,1,1,Q9 R23 D9
MJE350,76,1,2,T7 C7 R18
MJE350,77,1,2,T7 C7 R18
MJE350,8u,1,1,Q11 R17
MJE350,ac,1,1,Q7 Q6 Q5
MJE350,dg,1,2,Q12 Q15 R32
MJE350,dh,1,2,Q12 Q15 R32
MJE350,e2,1,1,R14 C14
MJE350,k9,1,1,
MJE350,l3,1,2,Q5 R26 Q7
MJE350,o9,1,4,T4 C10 C12
MJE350,ub,1,1,T6 C4 R12
MJE350C,1ew,1,1,Q19 R47 R48
MJE350C,1ew,2,2,Q38 C51 R80
MJE350C,1ew,3,3,Q2 D10 D12
MJE350C,1ex,1,1,Q19 R47 R48
MJE350C,1ex,2,2,Q38 C51 R80
MJE350C,7k,1,1,Q9 R12 C10
MJE350C,ck,1,2,Q12 R26 Q14
MJE350C,fx,1,1,Q11 R57 R56
MJE350STU,2c,1,2,
MJE360,de,1,2,Q12 Q16 R32
MJE360,df,1,2,Q12 Q16 R32
MJE371,1gy,3,1,R7 C5
MJE5032,m3,1,1,R4 R2
MJE5731,2w,1,2,Q1 Q1 D1
MJF15030G,97,2,1,
MJF15031G,97,2,1,
MJF18004G,175,1,1,IC2 R6 R5
MJF18004G,2r,1,1,IC2 R12 R6
MJL1302,15r,1,1,R48 R31 R32
MJL1302,168,1,1,Q2 D6 Q3
MJL1302,18,1,2,Q9 R16 R30
MJL1302,1a9,1,1,V2 R315 Q309
MJL1302,22,1,2,Q10 R14 Q7
MJL1302,8y,15,1,Q13 R19 R20
MJL1302,97,2,1,
MJL1302,d1,1,1,Q31 R66 R73
MJL1302,d3,1,4,Q97 R96 R91
MJL1302,ew,5,1,
MJL1302,i0,1,2,
MJL1302,pn,2,2,R30 T1 T2
MJL1302,qj,1,1,R96 R91 R93
MJL1302,qk,1,1,R96 Q97 R91
MJL1302A,1bf,5,1,
MJL1302A,1bf,14,1,
MJL1302A,1bf,65,1,
MJL1302A,1di,1,1,
MJL1302A,1gi,1,3,R16 Q4 Q13
MJL1302A,1gj,1,1,C8 Q7 C14
MJL1302A,1gk,1,1,C8 Q7 C14
MJL1302A,5p,1,1,Q11 D3
MJL1302A,de,1,2,Q20 R38 D2
MJL1302A,df,1,2,Q20 R39 D2
MJL1302A,dg,1,2,Q20 R39 D2
MJL1302A,dh,1,2,Q20 R39 D2
MJL1302A,fg,1,4,
MJL1302A,fk,1,5,
MJL1302A,fl,1,5,
MJL1302A,fm,1,5,
MJL1302A,ft,1,6,
MJL1302A,ov,5,1,
MJL1302A,q4,1,1,Q5 R3 R13
MJL1302A,q5,1,1,Q5 R3 R13
MJL1302A,q6,1,1,C13 R42 Q11
MJL1302A,q7,1,2,C13 R42 Q5
MJL1302A,q8,1,1,Q5 R3 R13
MJL1302A,tm,1,4,Q2 Q4 C34
MJL1302A,u4,1,1,U3 R11 R16
MJL1302AG,fj,2,1,
MJL1302C,10v,1,2,Q16 Q13 D2
MJL1302C,10w,1,2,Q16 Q13 D2
MJL1302C,10x,1,2,Q16 D2 Q13
MJL1302C,1c3,1,1,Q21 Q27
MJL1302C,1ew,2,3,Q37 Q36 R86
MJL1302C,1ex,2,3,Q37 Q36 R86
MJL1302C,8h,1,2,Q22 D12 C25
MJL1302C,ev,9,1,Q10 R4 V2
MJL1302C,oc,1,3,Q18 R35 Q17
MJL1302C,py,1,2,R8 Q2 Q10
MJL1302C,pz,1,2,R8 Q10 Q2
MJL1302C,rm,1,2,Q2 R6 R1
MJL1302C,rr,1,2,Q18 R21 R9
MJL1302E,jg,1,1,Q24 R26 R47
MJL21193,1k3,1,1,T2 R12 Q6
MJL21193,1k4,2,1,T2 T3 T1
MJL21193,4t,2,3,T4 T5 T3
MJL21193,68,1,2,Q1 R74 R60
MJL21193,97,2,1,
MJL21193,ce,1,1,Q21 R28 R36
MJL21193,cf,1,1,Q21 R38 R36
MJL21193,e2,1,2,R30 R28 R32
MJL21193,gr,1,1,T2 R12 Q6
MJL21193,j6,1,2,C11 R20 R22
MJL21193,j7,1,2,C11 R20 R22
MJL21193,on,3,1,
MJL21193,on,5,1,
MJL21193,oo,1,1,T2 R12 R15
MJL21193,xe,1,2,Q15 Q13 R32
MJL21193C,178,1,1,Q20 R2 V1
MJL21193G,145,1,1,Q3
MJL21194,16t,1,2,T4 R12 R13
MJL21194,1k3,1,1,T1 R11
MJL21194,1k4,2,1,R36 T1 T2
MJL21194,4t,2,3,R48 T1 T2
MJL21194,68,1,2,Q2 R59 R73
MJL21194,97,2,1,
MJL21194,ce,1,1,Q20 R35 Q18
MJL21194,cf,1,1,Q20 R35 R22
MJL21194,e2,1,2,Q14 R27 R29
MJL21194,gr,1,1,L08A R11 Q5
MJL21194,j6,1,2,Q11 R16 R15
MJL21194,j7,1,2,Q11 R16 R15
MJL21194,on,3,1,
MJL21194,on,5,1,
MJL21194,oo,1,1,T1 R11 R14
MJL21194,oy,1,2,R9 Q4 R3
MJL21194,oz,1,2,Q1 D2 Q2
MJL21194,p0,1,1,Q2 R2 Q1
MJL21194,p1,1,1,Q2 R8 Q1
MJL21194,p2,1,1,Q2 R8 R5
MJL21194,xe,1,2,Q12 R10 Q14
MJL21194C,178,1,1,Q19 R1 L1
MJL21194C,ra,1,1,D2 R32 P390
MJL21194G,145,1,1,Q4
MJL21195,97,2,1,
MJL21196,97,2,1,
MJL3281,12e,1,3,Q10 V2 Q9
MJL3281,15r,1,4,X3 C18 R56
MJL3281,18,1,2,Q4 R8 R28
MJL3281,1a9,1,2,Q306 R314 R310
MJL3281,8y,15,1,Q12 R18 Q10
MJL3281,97,2,1,
MJL3281,d1,1,1,Q28 R74 R721
MJL3281,d3,1,4,Q28 Q35 R74
MJL3281,ew,5,1,
MJL3281,i0,1,2,
MJL3281,pn,2,2,T2 T3 T1
MJL3281,qj,1,1,R93 Q96 R89
MJL3281,qk,1,1,Q96 R93 R89
MJL3281,rr,1,1,Q21 R21 R9
MJL32810,je,1,1,Q24 C8 R15
MJL32814,de,1,1,Q17 Q18 R32
MJL32814,df,1,1,Q17 Q18 R32
MJL3281A,1bf,4,1,
MJL3281A,1bf,5,1,
MJL3281A,1bf,14,1,
MJL3281A,1bf,65,1,
MJL3281A,1di,1,1,
MJL3281A,1gi,1,3,Q19 R21 R53
MJL3281A,1gj,1,1,C13 C18 R7
MJL3281A,1gk,1,1,C13 R7 Q4
MJL3281A,5p,1,1,Q16 D2
MJL3281A,de,1,1,Q18 R38 D1
MJL3281A,df,1,1,Q18 R38 D1
MJL3281A,dg,1,2,Q19 R38 D1
MJL3281A,dh,1,2,Q19 R38 D1
MJL3281A,fg,1,4,
MJL3281A,fk,1,5,
MJL3281A,fl,1,5,
MJL3281A,fm,1,5,
MJL3281A,ft,1,6,
MJL3281A,q4,1,1,Q6 R16 V5
MJL3281A,q5,1,1,Q6 R16 V5
MJL3281A,q7,1,2,Q6 R43 C14
MJL3281A,q8,1,1,Q6 V5 R21
MJL3281A,tm,1,4,Q7 C7 D1
MJL3281A,u4,1,1,U1 R8 C4
MJL3281AG,fj,2,1,
MJL3281C,10v,1,2,Q15 Q14 D1
MJL3281C,10w,1,2,Q15 Q14 D1
MJL3281C,10x,1,2,Q15 D1 Q14
MJL3281C,1c3,1,1,Q17 Q16 Q14
MJL3281C,1ew,2,3,Q33 R79 Q32
MJL3281C,1ex,2,3,Q33 R79 Q32
MJL3281C,8h,1,2,Q21 D11 R44
MJL3281C,ev,9,1,Q9 R3 V6
MJL3281C,jg,1,1,Q23 R25 R41
MJL3281C,jh,1,1,Q23 R25 R36
MJL3281C,oc,1,3,Q13 Q11 R33
MJL3281C,py,1,2,Q7 R26 D3
MJL3281C,pz,1,1,Q1 Q7 R7
MJL3281C,rm,1,2,Q12 R1 R38
MJL3281C,rr,1,1,Q21 R9 R21
MJL4281,4h,1,1,Q2 R22 T14
MJL4281,4i,1,1,Q2 R22 T14
MJL4281,4j,1,2,
MJL4281A,3z,1,1,
MJL4281A,66,1,4,Q8 Q8 R6
MJL4281A,te,1,4,
MJL4281A,te,2,1,
MJL4281A,te,3,4,
MJL4281A,te,4,4,
MJL4281A,te,5,1,
MJL4281AG,4j,1,1,
MJL4281AG,b5,1,1,Q1
MJL4281AG,b6,1,3,Q4 R15 Q5
MJL4281AG,bt,1,3,Q1 Q4 R6
MJL4281AG,fs,1,3,
MJL4281C,1e,1,3,Q16 R32 Q18
MJL4281C,1f,1,1,Q16 Q9 R32
MJL4281C,7k,1,1,Q14 R24 R22
MJL4281D,te,1,1,
MJL4302,12e,1,3,Q21 Q17 R30
MJL4302,4h,1,1,Q1 R23 T15
MJL4302,4i,1,1,Q1 R23 T15
MJL4302,4j,1,2,
MJL43020,1f,1,1,Q21 R34 Q22
MJL43020,1g,1,2,Q21 R34 Q22
MJL43028,1d,1,2,Q21 Q22 Q10
MJL43029,1f,1,1,Q22 R54 Q10
MJL4302A,19j,1,1,Q20 R28 R3
MJL4302A,3z,1,1,
MJL4302A,te,1,3,
MJL4302A,te,2,1,
MJL4302A,te,3,4,
MJL4302A,te,4,4,
MJL4302A,te,5,1,
MJL4302AG,4j,1,1,
MJL4302AG,bt,1,1,Q5 R17 R5
MJL4302AG,fs,1,3,
MJL4302C,1d,1,1,Q10 Q22 C1
MJL4302C,1e,1,3,Q21 R34 Q22
MJL4302C,1f,1,1,Q10 R54 Q22
MJL4302C,1g,1,1,Q10 R57 R54
MJL4302C,7k,1,1,Q12 D4 R23
MJW1302A,ti,1,3,
MJW1302A,ti,2,1,
MJW1302A,ti,3,4,
MJW1302A,ti,4,4,
MJW1302A,ti,5,4,
MJW1302AG,ti,1,1,
MJW3281A,ti,1,4,
MJW3281A,ti,2,1,
MJW3281A,ti,3,4,
MJW3281A,ti,4,4,
MJW3281A,ti,5,4,
MJW3281AG,ti,1,1,
MJW3281D,ti,1,1,
MMBD4448HTS,9u,1,1,IC300
MMBF4391,bn,3,1,
MMBF4391,lu,1,1,R201 P201
MMBF5486,19g,1,1,R107
MMBFJ309,10c,3,1,Q6 C19 C18
MMBT2222A,1g4,1,1,Q1 R22 R20
MMBT3904,2t,1,1,Q1 R6 R7
MMBT3904,3e,3,2,Q1 Q2 R340
MMBT3904,lr,1,1,Q3 R24 Q2
MMBT3906,lr,1,1,Q2 R24 C13
MMBT5401,1jo,1,1,Q2 C30 C24
MMBT5401,1jp,1,1,Q2 C30 C24
MMBT5401,1jq,1,1,Q2 C30 C24
MMBT5401,4m,10,1,Q1 R133 R132
MMBT5401,ba,2,1,Q8 D8 R143
MMBT5401,j3,1,2,Q4 D10 R21
MMBT5401,vk,1,1,Q8 R45 D20
MMBT5551,1hj,1,1,T6 R16 C11
MMBT5551,1jl,1,1,Q2 R38 R37
MMBT5551,1jm,1,1,Q2 R38 R37
MMBT5551,1jo,1,1,Q1 R1 R2
MMBT5551,1jp,1,1,Q1 R1 R2
MMBT5551,1jq,1,1,Q1 R1 R2
MMBT5551,ba,2,4,Q13 R73 R69
MMBT5551,vk,1,1,Q9 R46 D19
MMBT5551L,1jk,4,1,Q2 R58
MMBT5551L,4m,10,1,Q2 R130 R129
MMBTA92,2w,1,1,Q6 Q6
MMSD4148,y9,1,2,D3 V2 R15
MOC3052,y0,1,1,R7 R6
MOC3063M,17u,1,1,U4 R11 R10
MPF103,1fl,3,1,
MPS4250,1fy,1,1,Q2 Q3 R12
MPS6530,4k,1,1,
MPS6533,4k,1,1,
MPS6566,4k,1,1,R5 C4
MPS6571,z2,1,2,Q3
MPS8099,a1,1,4,R4 R5
MPS8599,5z,1,1,Q4 D3 D4
MPS8599,a1,1,4,R35 C13 R28
MPSA06,12y,1,5,T5 D13 D14
MPSA06,168,1,2,Q11 Q12 R15
MPSA06,1bg,1,1,Q2 R10 R9
MPSA06,1bh,1,1,R10 Q2 C8
MPSA06,1bi,1,1,R10 Q2 C8
MPSA06,1k1,1,1,TR3 D1 D2
MPSA06,f2,1,3,
MPSA06,pp,1,6,T5 D13 D14
MPSA06,rg,1,1,V116 V113 V112
MPSA06,rr,1,2,Q12 Q14 R32
MPSA12,1fl,5,2,
MPSA14,1fl,3,1,
MPSA14,9x,1,1,
MPSA18,1fy,1,3,Q3 C8 Q2
MPSA18,1k7,1,1,Q8 R8 R9
MPSA18,72,5,1,
MPSA18,7l,1,4,Q8 C5 R34
MPSA18,bf,14,2,R16 C6 C9
MPSA18,d1,1,2,R2 R10 C2
MPSA18,d2,1,1,R2 C2 R3
MPSA18,d3,1,2,D4 R2 D3
MPSA42,107,4,1,
MPSA42,168,1,4,Q14 Q9 D2
MPSA42,1bp,1,2,Q1 R17 C10
MPSA42,1et,1,1,D2 D1 R1
MPSA42,1ew,3,2,Q14 C27 D26
MPSA42,1ew,5,2,Q52 R140 R141
MPSA42,1ex,4,2,Q52 R140 R141
MPSA42,1go,1,1,Q13 R28 Q15
MPSA42,1k7,1,5,Q2 Q1 Q3
MPSA42,2v,2,4,Q1 Q1 V2
MPSA42,6l,1,2,
MPSA42,a6,1,1,
MPSA42,g2,1,2,Q1 ZD1 R17
MPSA42,k0,1,2,
MPSA42,k1,1,2,
MPSA42,k4,1,3,R23 R24 T10
MPSA42,k5,1,3,R23 R24 T10
MPSA42,k6,1,3,T11 R23 C5
MPSA42,k7,1,3,T11 R23 C5
MPSA42,k8,1,3,T11 R23 C5
MPSA42,p7,1,8,Q120 Q120 R183
MPSA42,q3,5,2,
MPSA42,tp,1,3,
MPSA42,u5,1,3,T11 R23 C5
MPSA43,6e,1,3,T5 R11 T6
MPSA43,k0,1,1,
MPSA43,k1,1,1,
MPSA43,k6,1,1,Q106 R118 D104
MPSA43,k7,1,1,Q106 R118 D104
MPSA43,k8,1,1,Q106 R118 D104
MPSA43,u5,1,1,Q106 R118 D104
MPSA44A,10t,1,1,
MPSA56,12y,1,1,T3 R5 R9
MPSA56,1bg,1,2,Q1 R3 Q2
MPSA56,1bh,1,2,Q31 R33 Q32
MPSA56,1bi,1,2,Q31 R33 Q32
MPSA56,f2,1,1,
MPSA56,g2,1,1,Q2 ZD2 R18
MPSA56,p7,1,8,Q122 Q122 Q117
MPSA56,pp,1,5,T8 R23 R21
MPSA56,rr,1,6,Q16 C6 D3
MPSA56,u9,1,1,
MPSA64,7c,1,1,Q2 R4 R5
MPSA65,1fl,5,2,
MPSA66,12y,1,1,R29 R20 D8
MPSA70,z2,1,1,Q2
MPSA70,z3,1,1,Q2
MPSA70,z4,1,1,Q2
MPSA70,z5,1,1,Q2
MPSA92,107,4,1,
MPSA92,10d,2,1,R32 T1 C16
MPSA92,168,1,5,Q5 R5 R16
MPSA92,18u,1,1,Q1 C7 R13
MPSA92,1bp,1,1,Q4 R61 D16
MPSA92,1bp,2,1,Q20 R213 Q23
MPSA92,1es,1,1,
MPSA92,1ew,2,2,Q40 C43 R100
MPSA92,1ew,5,2,Q51 R141 R162
MPSA92,1ex,2,2,Q40 C43 R100
MPSA92,1ex,4,2,Q51 R141 R162
MPSA92,1go,1,1,R27 Q14 C4
MPSA92,1gp,1,1,R27 Q14 C4
MPSA92,1k7,1,3,Q7 Q6 R17
MPSA92,6l,1,2,
MPSA92,6n,1,2,Q2 R6 Q1
MPSA92,g2,1,1,Q4 ZD4 R61
MPSA92,i1,1,1,T6 R11
MPSA92,i2,1,1,T6 R11
MPSA92,i3,1,1,V121 R141 R123
MPSA92,k0,1,3,
MPSA92,k1,1,3,
MPSA92,k4,1,3,C2 R18 T8
MPSA92,k5,1,3,C2 R18 T8
MPSA92,k6,1,3,T7 R14 T8
MPSA92,k7,1,3,T7 R14 C2
MPSA92,k8,1,3,T12 R26 T17
MPSA92,p7,1,6,Q114 Q114 R180
MPSA92,q3,5,2,
MPSA92,tp,1,1,
MPSA92,u5,1,3,T12 R26 T17
MPSA93,6e,1,3,T7 R14 C7
MPSA93,k0,1,1,
MPSA93,k1,1,1,
MPSA93,k6,1,2,Q101 C101 Q102
MPSA93,k7,1,2,Q101 D102 R104
MPSA93,k8,1,2,Q102 R110 R105
MPSA93,u5,1,2,Q102 R110 R105
MPSH11,17d,1,1,Q2
MPSH81,17d,1,1,
MPSU06,l1,2,2,Q91 P7 Q8
MPSU10,1k7,1,1,Q15 R19 R17
MPSU56,l1,2,1,Q91 Q8 R19
MPSU60,1k7,1,1,Q16 R18 R16
MPSW01A,gh,1,4,R2 D1 Q10
MPSW01A,gi,1,4,R2 D1 Q10
MPSW56,gh,1,6,Q12 Q11 R7
MPSW56,gi,1,5,Q5 R19 Q4
MQ5,20,1,1,
MUR110,cm,1,1,
MUR120,1b8,1,1,C18 D9 C5
MUR120,1b9,1,1,IC3 D9 C6
MUR120,2c,1,1,
MUR120,35,1,8,D22 L5 U5
MUR120,36,1,7,D24 L4 U5
MUR120,b8,7,4,
MUR120,pz,1,8,D3 Q7 V1
MUR120,zy,1,1,
MUR160,1ir,1,2,D8 R10 C16
MUR160,35,1,1,D6 C18 C20
MUR160,36,1,1,D6 C16 C18
MUR160,b8,8,4,
MUR160,o9,1,2,D9 C8 C20
MUR160,oa,1,2,D9 C8 C20
MUR160,py,1,7,D3 Q7 V1
MUR4100,1es,1,3,
MUR420,11w,1,2,D32 Q51 R79
MUR420,11x,1,2,D32 Q51 R79
MUR420,11y,1,2,D6 Q25 L1
MUR420,16w,1,4,R30 D6
MUR420,1es,1,4,
MUR420,8r,1,2,
MUR440RL,195,1,2,D105 D104 R122
MUR460,10i,1,2,D9 V1 C25
MUR460,10j,1,2,D6 V1 C22
MUR460,10k,1,2,D9 V1 C25
MUR460,10n,1,2,D6 V1 C22
MUR460,10s,1,2,D9 V1 C25
MUR460,1b7,1,4,D103 D104 C123
MUR460,1b8,1,2,D12 R10 D2
MUR460,1b9,1,2,Q1 D11 C21
MUR460,1gz,1,9,D14 D13 L1
MUR460,1h0,1,9,D14 D13 L1
MUR460,1h1,1,9,D13 D14 L1
MUR460,2d,1,4,D109 D103 R126A
MUR460,2d,3,4,D110 D104 C113
MUR460,2e,1,4,D109 D103 R126A
MUR460,2e,3,4,D109 D103
MUR460,3h,1,4,D109 D103 C115
MUR460,6a,1,4,D96 D98 Q7
MUR460,9k,6,4,D96 D98 C9
MUR460,av,1,1,R14 C16 C7
MUR460,b8,7,1,
MUR460,b9,14,5,D14 D13 L1
MUR460,b9,16,5,D16 D15 R34
MUR460,cq,1,11,D4 X1 R15
MUR460,cr,1,11,D4 X1 R15
MUR460,d0,1,2,D1 R30 R93
MUR460,fx,1,6,D13 D14 L1
MUR460,wo,1,2,D1 V1 C25
MUR810,1b8,1,4,D5 D4 D6
MUR810,1b9,1,4,D4 D5 C26
MUR840,11g,1,1,
MUR860,11g,1,1,
MUR860,1ip,1,2,
MUR860,34,1,8,D8 D4 D7
MUR860,8o,6,1,
MUR860,l5,1,8,
MUR860,l5,3,8,
MURS120,111,1,2,R7 C7 R8
MURS120,16k,1,3,R7 D3 R6
MURS120,1h2,1,2,C7 D1 IC5
MURS120,1h3,1,2,C7 D1 IC5
MURS120,jf,1,2,D2 C1 R31
MURS120,jg,1,1,R27 C1 R41
MURS120,l9,1,2,D2 C3 C2
MURS120,v3,1,1,D5 C17 C10
MURS120Z,jh,1,1,R27 D2 C1
MURS160,vk,1,4,D20 L2 Q8
MURS320,10x,1,2,D1 L1 Q15
MURS320,13,1,2,D1 R38 L1
MURS320,1d,1,2,D16 Q9 V5
MURS320,1f,1,2,D16 Q9 Q16
MURS320,1g,1,1,D17 V8 S0
MURS320,1h,1,2,D1 R25 V1
MURS320,1j,1,2,D16 C25 Q16
MURS320,23,1,2,D1 R25 R38
MURS320,aa,1,2,D1 C16 V1
MURS320,ab,1,2,D1 C16 V1
MURS320,d7,1,2,D9 R20 R983
NE5532,107,1,1,
NE5532,11r,3,15,U12B R45 C57
NE5532,11r,7,8,U2 U12 C51
NE5532,124,1,2,U1 R14 C5
NE5532,13e,1,2,C3
NE5532,13f,1,1,
NE5532,13n,1,1,
NE5532,13v,1,6,U1A R9 R11
NE5532,177,1,2,C7
NE5532,17l,4,6,C29 C27 U4A
NE5532,17l,5,6,C38 C39 C37
NE5532,1am,1,2,
NE5532,1cj,1,8,D11 D9
NE5532,1f4,1,2,U1 R10 C38
NE5532,1f5,1,2,U1 R10 C38
NE5532,1f6,1,2,U1 R10 C38
NE5532,1f7,1,2,U1 R10 C38
NE5532,1h1,1,2,C25 U1 C26
NE5532,1h9,1,4,R29 IC1A R31
NE5532,1iu,1,1,
NE5532,6i,1,1,R4 R5
NE5532,6m,1,2,R4 R5 C4
NE5532,8w,4,6,C29 C27 U4A
NE5532,8w,5,6,C38 C39 C37
NE5532,b9,14,2,C25 U1 C26
NE5532,b9,16,2,C25 U1 C26
NE5532,e0,1,1,C9 C12 Q4
NE5532,eu,1,6,U4A R22 C21
NE5532,eu,2,3,C62 C61 C60
NE5532,fx,1,2,C4 U2 C15
NE5532,g2,1,2,IC5A R57 R56
NE5532,gk,3,1,
NE5532,gk,5,1,
NE5532,gl,3,3,U7B U7A
NE5532,gl,4,3,U9A U9B
NE5532,gl,5,3,U11A U11B
NE5532,jv,1,10,U4 R59 U4
NE5532,jw,1,10,U4 R59 U4
NE5532,jx,1,8,U2 R14 U2
NE5532,jy,1,7,U2 R14 U2
NE5532,qh,1,3,C6 U3 C7
NE5532,qi,1,4,C6 U3 C7
NE5532,rf,11,1,R2
NE5532,w6,1,1,U6 VR2
NE5532,yr,1,1,R11 C7
NE5532,ys,1,1,
NE5532,yt,1,4,C7
NE5532,yu,1,1,C7
NE5532A,1b5,1,1,R15 R12 R13
NE5532D,1g6,1,4,R106 C105 R105
NE5532N,18a,1,4,C11 C13 R23
NE5532P,135,1,2,R7 R11 R8
NE5532P,136,1,1,R30 C34 C32
NE5532P,137,1,2,R7 R11 R10
NE5532P,138,1,2,R26 C26 C24
NE5532P,1it,1,5,C19 C18 C14
NE5532P,1iu,1,5,C19 C18 C14
NE5532P,b0,5,4,
NE5532P,gp,1,5,C12 C11 C9
NE5532P,gq,1,5,C12 C11 C9
NE5534,1a1,1,2,C5 R23 R25
NE5534,1a2,1,1,U7 R22 J8A
NE5534,1ix,1,4,U8 U4 U3
NE5534,1t,3,1,
NE5534,1y,1,2,IC301 C306 C304
NE5534,dw,1,1,
NE5534,nx,2,1,
NE5534,qh,1,3,C6 U3 C7
NE5534,qi,1,4,C6 U3 C7
NE5534,vv,1,1,
NE5534A,10c,3,2,Q9 C27 R13
NE5534A,125,1,2,U3 R15 C15
NE5534AP,b6,1,1,R27 R32 U1
NE5534AP,bt,1,1,R11 U1 R10
NE5534D,1g7,1,2,U3 D6 R10
NE5534D,1g8,1,2,U3 D6 R10
NE5534D,1g9,1,2,U3 D6 R10
NE5534D,1ga,1,2,U3 D6 R10
NE555,1,1,1,U71 D74 R71
NE555,11m,1,1,R11 C8 R18
NE555,15x,1,1,IC1 C4 C1
NE555,17f,1,1,IC1 C1
NE555,1dk,1,1,R172 D174 U171
NE555,1gt,1,3,U1 C2
NE555,1h1,1,1,U3 C59 D20
NE555,2,1,1,D74 R71 D73
NE555,ah,1,1,U1 C2
NE555,b2,1,1,
NE555,b3,1,1,
NE555,b4,1,1,
NE555,b9,16,1,U3 C53 C52
NE555,bz,1,1,C6 IC2 C1
NE555,cq,1,1,U7 R49 C34
NE555,cr,1,1,U7 R49 C34
NE555,e8,1,1,U4 C33 C41
NE555,fx,1,1,U3 R51 D16
NE555,i,1,1,U1 C3 C4
NE555,r8,1,1,
NE555,sm,1,1,C6
NE555,t,1,1,D174 U171 R171
NE555,uc,1,1,
NE555,xv,1,1,
NE555,xw,1,1,
NE555N,1b8,1,1,R21 IC4 C33
NE555N,1b9,1,1,C33 R21 IC4
NE555P,eb,1,1,U4 D5 C33
NE556D,1fa,2,2,C66 C65 IC13B
NE556D,1fb,2,2,C66 C65 IC13B
NE556D,1fc,2,2,C66 C65 IC13B
NJL0281,12y,1,2,R11 T5 R13
NJL0281,d4,1,4,Q13 D9 C1
NJL0281,d5,1,4,Q13 D9 C1
NJL0281,d6,1,4,Q13 D9 C1
NJL0281,pp,1,4,R11 T5 R13
NJL0302,12y,1,3,T5 R11 T1
NJL0302,d4,1,2,D8 R38 R13
NJL0302,d5,1,2,D8 R38 R13
NJL0302,d6,1,2,D8 R38 R13
NJL0302,pp,1,4,T5 R11 T1
NJL1302,1j,1,1,Q21 R34 Q22
NJL1302,d1,1,2,Q26 R46 Q27
NJL1302,d3,1,2,Q26 R46 Q27
NJL1302,qm,1,1,R96 Q97 R91
NJL1302C,1j,1,1,Q22 R34 Q21
NJL130ZD,vw,1,2,Q11 Q9
NJL1382,d2,1,1,R51 P46 R42
NJL3281,d3,1,2,Q24 R45 Q25
NJL3281,ql,1,1,Q96 R93 R89
NJL3281,qm,1,1,Q96 R93 R89
NJL3281B,vw,1,1,Q8 R17 C4
NJL3281C,1j,1,1,Q16 Q15 R51
NJL3281C,ji,1,1,Q3 R62 Q1
NJL3281D,vw,1,2,Q10 Q8
NJL6281,12y,1,1,R11 T5 R13
NJM2068,18s,1,5,U1B R29 C23
NJM2068,18s,4,3,U4A U4B
NJM2068,19u,1,2,U1
NJM2068,4c,1,5,R6 C6 R5
NJM2068,4c,2,7,
NJM2068,4c,3,15,
NJM2068,6l,1,1,
NJM2068,xk,5,1,
NJM2068D,xk,12,1,
NJM4556,18s,1,6,U2A U2B R33
NJM4556A,vi,1,3,R10 R9 R4
NJM4556AL,vb,1,2,R34
NJM4556AL,vc,1,2,R24
NJM4556AL,vd,1,2,R41 R24 R39
NJM4580,1fj,3,2,C6 R2 C1
NJM4580,1fj,6,1,C3 R2 C5
NJM4580,p7,1,4,IC110A IC110A R162
NJM5532N,1bp,1,1,C17 R53 R43
NJW02810,de,1,1,Q16 R32 Q17
NJW02810,df,1,1,Q16 R32 Q17
NJW0281G,174,1,2,Q32 C28 Q30
NJW0281G,1b7,1,2,Q113 R125 Q115
NJW0281G,1i0,1,1,
NJW0281G,dg,1,1,Q15 R32 Q17
NJW0281G,dh,1,1,Q15 R32 Q17
NJW0281G,o9,1,4,T13 T14 R25
NJW0281G,y1,1,4,R27 R26 Q39
NJW03020,de,1,1,Q16 R33 R37
NJW03020,df,1,1,Q18 R33 R37
NJW0302G,174,1,2,Q29 Q31 R47
NJW0302G,1i0,1,1,
NJW0302G,dg,1,1,Q16 R33 R37
NJW0302G,dh,1,1,Q16 R33 R37
NJW0302G,o9,1,4,T18 C7 D6
NJW0302G,og,1,1,R33 Q11 R47
NJW0302G,ov,5,1,
NJW0302G,ow,1,1,Q2 D11 R3
NJW0302G,y1,1,4,R41 R40 R43
NJW1302,13u,1,1,
NJW1302,14f,1,1,C100
NJW1302,1je,2,1,
NJW1302,1je,6,1,
NJW1302,1jf,2,1,
NJW1302,1jf,6,1,
NJW1302,bw,1,1,
NJW1302,s6,1,3,
NJW1302,s7,1,3,
NJW1302,v9,1,2,Q4 R40 Q13
NJW1302G,13u,1,3,
NJW1302G,14f,1,3,
NJW1302G,1j0,1,2,Q29 R22 D1
NJW1302G,1j1,1,2,Q29 R22 D1
NJW1302G,1je,19,1,
NJW1302G,1jf,19,1,
NJW1302G,bs,1,3,
NJW1302G,bw,1,3,
NJW1302G,s2,1,3,
NJW1302G,s3,1,3,
NJW1302G,s4,1,3,
NJW1302G,s5,1,3,
NJW328,bs,1,2,
NJW328,s6,1,2,
NJW328,s7,1,2,
NJW3281,13u,1,1,
NJW3281,14f,1,1,C100
NJW3281,1je,2,1,
NJW3281,1jf,2,1,
NJW3281,bw,1,1,
NJW3281G,13u,1,3,
NJW3281G,14f,1,3,
NJW3281G,14i,1,2,
NJW3281G,1j0,1,2,Q28 Q30 R14
NJW3281G,1j1,1,2,Q28 Q30 R14
NJW3281G,1je,6,1,
NJW3281G,1je,19,1,
NJW3281G,1jf,6,1,
NJW3281G,1jf,19,1,
NJW3281G,bs,1,1,
NJW3281G,bw,1,3,
NJW3281G,s2,1,3,
NJW3281G,s3,1,3,
NJW3281G,s4,1,3,
NJW3281G,s5,1,3,
NJW3281G,s6,1,1,
NJW3281G,s7,1,1,
NSCW100,1ew,3,1,D29 Q4 C23
NSCW100,1ew,4,2,D39 C69 D38
NSCW100,1ex,3,2,D39 C69 D38
NSCW100,ac,1,2,D9 C9 Q6
NSL32,qf,1,1,U101 L37 R115
NSL32,qg,1,1,
NSL32,qg,3,1,
NSL32SR3,8q,1,1,Q1
NSS40300MDR2G,1jh,3,2,U5 R30 R33
NST45011MW6T1G,cw,2,23,Q5A Q7A R10
NST45011MW6T1G,cx,2,23,Q5A Q7A R10
NST45011MW6T1G,cy,2,23,Q5A Q7A R10
NSVJ6904DSB6,1hj,1,1,T2 R8 R12
NSVJ6904DSB6,wc,1,1,T3 D2 C4
NSVJ6904DSB6,wc,7,1,
NSVJ6904DSB6,wd,1,1,T3 D2 C4
NSVJ6904DSB6,wd,7,1,
NSVJ6904DSB6,wg,1,1,T2 D2 R10
NSVJ6904DSB6,wg,7,1,T2 R60 R59
NSVJ6904DSB6,wh,1,1,T2 R8 D4
NSVJ6904DSB6,wh,7,1,
NSVJ6904DSB6,wk,1,1,T2 R8 D4
NSVJ6904DSB6,wk,7,1,
OC50C,ak,1,1,R16 R13 R22
OP07,4d,1,1,U1 R9 C10
OP07,4e,1,1,U1 R9 C10
OP07,vu,8,1,
OP07AH,oe,1,1,C20 R31 R33
OP07AH,of,1,1,R35 D7 C13
OP07AH,oi,1,1,R31 C20 C21
OP07AR,oj,1,1,C11 R23 C12
OP07C,oh,1,1,U2 R33 C13
OP07CP,wc,1,1,U1 C11 C10
OP07CP,wc,7,1,
OP07CP,wd,1,1,U1 C11 C10
OP07CP,wd,7,1,
OP07CP,wg,1,1,U2 C10 C9
OP07CP,wg,7,2,U2 U1 T30
OP07CP,wh,1,1,U1 C12 C11
OP07CP,wh,7,1,
OP07CP,wk,1,1,U1 C12 C11
OP07CP,wk,7,1,
OP113,vu,8,1,
OP176,vp,9,4,
OP176,vp,13,1,
OP176,vp,15,2,
OP176,vu,8,1,
OP177,vu,8,1,
OP184,vu,8,1,
OP193,vu,8,1,
OP27,193,1,1,U2 R5 R1
OP27,194,1,1,U2 R5
OP27,vu,8,1,
OP275,vp,13,1,
OP42,vu,8,1,
OP77,vu,8,1,
OP97,vu,7,1,
OP97,vu,8,2,
OPA124P,12c,1,1,IC1 R7 R9
OPA124P,12d,1,1,IC1 R7 R9
OPA131P,ve,1,2,R16 IC3 C8
OPA131P,vf,1,2,R12 IC4 R9
OPA134,1bl,4,2,U8 C62 R110
OPA134,1bl,5,2,U3 C11 R21
OPA134,1dg,1,3,U4 R8 R9
OPA134,1dh,1,3,R11 R8 R9
OPA134,bp,1,2,U3
OPA134,ev,7,2,
OPA134,ew,2,1,
OPA134,md,1,1,U4 C17
OPA134,ut,1,1,
OPA134,uu,1,1,
OPA134,vp,1,3,
OPA134,vp,2,3,
OPA134,vp,3,5,
OPA134,vp,4,2,
OPA134,vp,5,3,
OPA134,vp,6,4,
OPA134,vp,7,2,
OPA134,vp,8,2,
OPA134,vp,9,8,
OPA134,vp,10,2,
OPA134,vp,11,2,
OPA134,vp,12,2,
OPA134,vp,13,5,
OPA134,vp,14,4,
OPA134,vp,15,3,
OPA134,vp,16,2,
OPA134,vp,17,3,
OPA134,vp,18,3,
OPA134,vp,19,3,
OPA134,vp,20,2,
OPA134,vp,21,4,
OPA134,vp,22,2,
OPA134,wq,1,3,R57 R45 X13
OPA134,wy,2,1,
OPA134,wz,1,1,U1 C5 C93
OPA134P,17k,1,1,R5
OPA134P,y7,1,1,R5 IC1
OPA134P,y8,1,1,R5 IC1
OPA134P,zo,1,1,IC1
OPA134P,zp,1,1,IC1
OPA134PA,t3,1,1,C24
OPA134PA,vp,23,2,
OPA134PA,vp,27,1,
OPA134UA,vp,23,2,
OPA134UA,vp,25,2,
OPA134UA,vp,26,2,
OPA134UA,vp,27,1,
OPA140,166,1,1,U1 C3
OPA140,169,1,1,C3
OPA140,vv,1,1,
OPA141,vv,1,1,
OPA145,9c,1,3,
OPA1602,4n,1,1,U2 C1 R8
OPA1602,gk,3,1,
OPA1602,rw,1,3,U3A C19 R6
OPA1611,13p,1,2,U1 R1 C7
OPA1611,1al,2,1,
OPA1611,1al,7,1,
OPA1611,3e,1,1,
OPA1611,3e,2,1,
OPA1611,r9,1,2,U7 C33 C35
OPA1611,vv,1,1,
OPA1612,57,1,9,R19 R21 C30
OPA1612,58,1,9,R19 R21 C30
OPA1612,gk,3,1,
OPA1612,gk,5,1,
OPA1612,gl,3,2,U7A
OPA1612,gl,4,1,U9B
OPA1612,gl,5,1,U11B
OPA1612,gm,1,8,IC9a IC9b C1
OPA1622,4m,10,2,C34 C94 C32
OPA1622,9a,1,1,U4 U1 U3
OPA1622,vq,1,2,
OPA1632,1fo,8,1,
OPA1632,1fo,9,1,
OPA1632,57,1,4,IC6a R23 R24
OPA1632,58,1,4,IC6a R23 R24
OPA1632,gm,1,3,IC7a R20 C16
OPA1632,j1,1,2,
OPA1632,md,1,1,
OPA1632,nx,1,1,
OPA1632DR,j2,1,2,
OPA1633,i4,1,1,L8 R56 C40
OPA1641,13p,1,1,
OPA1641,1gf,2,1,
OPA1641,vp,12,2,
OPA1641,vv,1,1,
OPA1642,1gf,2,1,
OPA1642,6c,1,2,U3A R13 C14
OPA1642,9a,1,1,U3 U2 U4
OPA1642,r9,1,8,U1A C5 R8
OPA1642AID,100,1,4,U5A R33 R20
OPA1642AID,9a,1,1,
OPA1652,13q,1,1,
OPA1652,16z,1,4,C45 R52 C46
OPA1655DR,17n,1,2,IC3 C19 C20
OPA1656,11k,1,3,U1A R5 R3
OPA1656,11l,1,4,U1A R7 R5
OPA1656,12f,1,4,U4A R30 R3
OPA1656,1ab,26,1,
OPA1656,1bq,1,3,U4A R30 R29
OPA1656,1br,1,3,U3A R26 R23
OPA1656,1hz,1,3,U3A R26 R23
OPA1656,9i,1,4,C8 C17 C12
OPA1656,ev,2,1,
OPA1656,ew,2,1,
OPA1656,ew,4,2,
OPA1656,ex,1,1,IC5 IC6
OPA1656,md,1,2,
OPA1656,r9,1,4,U10A R53 R73
OPA1656,t0,1,3,U3A R26 J2
OPA1656,tj,1,1,
OPA1656,vr,1,1,
OPA1656,xk,5,2,
OPA1656,xk,12,2,
OPA1656,xn,1,1,R10 C1 Q5
OPA1656,xz,1,2,R1 C1 C2
OPA1656ID,4m,10,1,C58 C60 C59
OPA1656IDR,vr,1,2,U1 C3
OPA1662,gk,3,1,
OPA1662,gk,5,1,
OPA1678,cw,3,4,U5A R34 C13
OPA1678,cw,4,4,U12A R77 C39
OPA1678,cx,3,4,U5A R34 C13
OPA1678,cx,4,4,U12A R77 C40
OPA1678,cz,2,4,U5A R34 C13
OPA1678,cz,3,4,U12A R77 C40
OPA1678,gk,3,1,
OPA1688,16y,1,3,IC4 D2
OPA1688,17c,1,3,
OPA1688,tr,1,8,U1 R6
OPA1688,vs,1,1,
OPA171,1hj,1,1,U1 C9 D2
OPA171,wc,1,1,C8 T9 C8a
OPA171,wd,1,1,C8 T9 C8a
OPA171,we,1,1,C8 T9 C7
OPA171,wg,1,1,U1 C9 R9
OPA171,wg,7,1,U1 U2 T30
OPA171,wh,1,1,C10 C11 T4
OPA171,wj,1,1,C0 C00 D2
OPA171,wk,1,1,C10 C11 T4
OPA171,wl,1,1,R9 R401 C00
OPA177,107,3,1,R14 IC2 R15
OPA177,107,5,1,
OPA177,4t,1,2,IC1 Q1 D4
OPA191,114,1,1,
OPA191,115,1,2,U12 C7 R30
OPA191,117,1,1,
OPA191,118,1,2,U10 R29 R30
OPA209,vv,1,1,
OPA210,cw,3,1,U8 R50 C18
OPA210,cw,4,1,U15 R93 C44
OPA210,cx,3,1,U8 R50 C18
OPA210,cx,4,1,U15 R93 C45
OPA210,cz,2,1,U8 R50 C18
OPA210,cz,3,1,U15 R93 C45
OPA2107PA,0,1,1,R7 R6
OPA2132,vb,1,2,IC2A R1 R2
OPA2132,vc,1,2,IC1A R10 R1
OPA2132,vd,1,2,IC1A R37 R38
OPA2132PA,1jv,3,2,
OPA2132PA,1jv,12,2,
OPA2132PA,1jv,13,2,
OPA2132PA,1jw,3,2,
OPA2132PA,1jw,11,2,
OPA2132PA,1jw,12,2,
OPA2132PA,1jx,3,2,
OPA2132PA,1jx,11,2,
OPA2132PA,1jx,12,2,
OPA2132PA,yv,1,1,U1A J2 R1
OPA2132U,17c,1,2,IC2A IC2B X66
OPA2132U,mp,1,2,IC4A C25 C24
OPA2132U,vb,1,2,IC1A IC1B R5
OPA2132UA,15y,1,1,R5 R6 R7
OPA2132UA,nu,1,1,R5 R6 R7
OPA2134,13c,1,2,C12 D1
OPA2134,13d,1,2,C12 D1
OPA2134,13o,1,2,C12 D1
OPA2134,13v,1,2,U3A C18 D1
OPA2134,147,1,1,
OPA2134,148,1,2,
OPA2134,149,1,2,
OPA2134,15n,1,4,U4B R11 C1
OPA2134,15q,1,1,U1 C2 C1
OPA2134,177,1,3,C7
OPA2134,193,1,1,
OPA2134,194,1,1,
OPA2134,1ab,22,2,U7A R26 C13
OPA2134,1ab,27,1,
OPA2134,1bl,4,9,U7B R104 C56
OPA2134,1bl,5,9,U2B R15 C5
OPA2134,1cx,1,1,C511 IC6B C501
OPA2134,4l,1,1,C1 C2 R6
OPA2134,4v,1,10,U3B R6 C22
OPA2134,7i,1,2,R20 R22
OPA2134,7j,1,1,R42 R44 R43
OPA2134,ck,1,1,U1 C6 C8
OPA2134,f6,1,2,U7A R39 C25
OPA2134,f7,3,2,U7A R39 C25
OPA2134,i9,1,4,C902 C902 R903
OPA2134,ia,1,4,C902 C902 R903
OPA2134,ib,1,4,C902 C902 R903
OPA2134,kq,1,2,U1A R18 U1A
OPA2134,kr,1,2,U1A R18 U1A
OPA2134,qg,1,1,
OPA2134,sq,1,2,U1A R8 C3
OPA2134,sr,1,2,U1A R8 C3
OPA2134,ui,1,9,C7 R7 R8
OPA2134,uj,1,9,C7 R7 R8
OPA2134,uk,1,9,C7 R7 R8
OPA2134,vp,1,3,
OPA2134,vp,2,3,
OPA2134,vp,3,4,
OPA2134,vp,4,2,
OPA2134,vp,5,4,
OPA2134,vp,6,4,
OPA2134,vp,7,2,
OPA2134,vp,8,2,
OPA2134,vp,9,2,
OPA2134,vp,10,2,
OPA2134,vp,11,2,
OPA2134,vp,12,2,
OPA2134,vp,13,2,
OPA2134,vp,14,2,
OPA2134,vp,15,2,
OPA2134,vp,16,2,
OPA2134,vp,17,2,
OPA2134,vp,18,2,
OPA2134,vp,19,2,
OPA2134,vp,20,2,
OPA2134,vp,21,2,
OPA2134,vp,22,2,
OPA2134,w6,1,1,U5
OPA2134,wq,1,1,X3
OPA2134,xk,5,1,
OPA2134,xn,1,1,R10 C1 Q5
OPA2134,yr,1,3,
OPA2134,ys,1,3,
OPA2134,yt,1,1,C7
OPA2134,yu,1,3,C7
OPA2134P,196,1,4,IC2A R14 R13
OPA2134P,19a,1,4,IC2A R14 R13
OPA2134P,19h,1,4,IC2A R14 R13
OPA2134P,19i,1,4,IC2A R14 R13
OPA2134P,1bb,1,1,IC1 C6 C5
OPA2134P,1bc,1,1,R9 R10 IC1B
OPA2134P,1be,1,2,R4 R5 IC1A
OPA2134P,1cw,1,8,R402 IC3B R403
OPA2134P,1cx,1,3,C0B
OPA2134P,cd,1,1,
OPA2134P,cd,3,1,IC2B R18 C25
OPA2134P,t8,1,1,IC1B R27 R28
OPA2134P,wp,1,6,IC1A R8 R9
OPA2134PA,vp,23,3,
OPA2134PA,vp,27,1,
OPA2134UA,vp,23,2,
OPA2134UA,vp,25,1,
OPA2134UA,vp,26,1,
OPA2134UA,vp,27,1,
OPA2140,mp,1,2,IC4A C25 C22
OPA2140,nx,3,3,
OPA2145,nx,3,1,
OPA2210,4z,1,5,IC1B R9 D2
OPA2210,51,1,1,IC3B R37 R38
OPA2210,cw,2,4,C4 U1B R14
OPA2210,cw,3,2,R36 U4A U8
OPA2210,cw,4,2,R79 U11A U15
OPA2210,cx,2,4,C4 U1B R14
OPA2210,cx,3,2,R36 U4A U8
OPA2210,cx,4,2,R79 U11A U15
OPA2210,cy,2,4,C4 U1B R14
OPA2210,cz,2,2,R36 U4A U8
OPA2210,cz,3,2,R79 U11A U15
OPA2211,8q,1,4,IC3A R15 R16
OPA2227,11b,1,1,X11 C17 C25
OPA2227,mc,1,1,X11 C25 C17
OPA2277,10u,5,1,
OPA2277,11m,1,1,R9 R3 R8
OPA227U,10c,2,2,Q31 R45 C37
OPA2604,1gb,1,4,IC1A IC1B P1A
OPA2604,1gc,1,4,IC1A IC1B P1A
OPA2604,1ge,1,4,C30 IC1A C29
OPA2604,c5,1,1,D3 U3 C9
OPA2604,xk,5,1,
OPA2604,xk,12,1,
OPA2604,xn,1,1,R10 C1 Q5
OPA2604A,c5,1,1,C3 U1A C2
OPA2604AP,1a8,1,2,R7 R9 R8
OPA2604AP,c2,1,2,U1A R9 R8
OPA2604AP,c4,1,2,R9 R7 R8
OPA2604B,c5,1,1,R8 U1B R7
OPA2604M,1dg,1,3,
OPA2604M,1dh,1,3,
OPA2604PA,1av,1,4,R8 R9 C4
OPA277,10u,5,1,
OPA277PA,z9,2,1,IC8A C57 R51
OPA2891,i4,1,3,U7A R32 R33
OPA378,114,1,1,
OPA378,115,1,1,U10 R32 R33
OPA4132,vp,6,1,
OPA4134,vp,1,3,
OPA4134,vp,2,3,
OPA4134,vp,3,2,
OPA4134,vp,4,4,
OPA4134,vp,5,3,
OPA4134,vp,6,3,
OPA4134,vp,7,2,
OPA4134,vp,8,2,
OPA4134,vp,9,2,
OPA4134,vp,10,2,
OPA4134,vp,11,2,
OPA4134,vp,12,2,
OPA4134,vp,13,2,
OPA4134,vp,14,2,
OPA4134,vp,15,2,
OPA4134,vp,16,2,
OPA4134,vp,17,2,
OPA4134,vp,18,2,
OPA4134,vp,19,2,
OPA4134,vp,20,2,
OPA4134,vp,21,2,
OPA4134,vp,22,2,
OPA4134D,8n,1,4,R12 IC1A C5
OPA4134PA,1au,1,4,R8 R9 C9
OPA4134UA,vp,23,4,
OPA4134UA,vp,25,1,
OPA4134UA,vp,26,1,
OPA4134UA,vp,27,1,
OPA445BM,su,1,1,R440 R28 R33
OPA455,ew,4,1,
OPA551,he,1,3,
OPA551,he,2,1,
OPA551,hl,1,1,
OPA551,hm,1,1,
OPA551,hn,1,1,
OPA551,ho,1,1,
OPA551FA,9j,1,2,U3 R9 C6
OPA551PA,t3,1,3,C24
OPA552,1fm,6,2,
OPA552,sq,1,1,U2 C10 C9
OPA552,sr,1,1,U2 C10 R16
OPA604,1h5,3,2,U1 C102 C101
OPA604,rh,8,1,R2 J2 J1
OPA604,rh,9,2,R2 R3 J2
OPA604,rh,10,1,R7 R2 R5
OPA604AP,1au,1,1,R6 C3 R7
OPA604AP,1av,1,1,D3 R17 C9
OPA604AP,c2,1,1,R17 U5 C9
OPA627,1ip,1,1,R18 IC1 R9
OPA627,ex,1,1,IC5 IC6 IC4
OPA627,zc,1,1,
OPA627P,ex,1,2,J10 J11 R10
OPA627P,g3,1,2,C43 IC10 R9
OPA637,16o,1,1,C26 C24 C27
OPA637,16x,1,1,C26 C24 R21
OPA637,vv,1,1,
OPA656,ls,1,1,
OPA810,av,1,1,U3 C9 RV1
OPA810,lr,1,2,U3 C9 R17
OPA828,1j3,1,2,C3 C3 U1
OPA828,9j,1,1,U5 C10 C9
OPA828,zl,1,2,U3 U3 C8
OPA861OTA,nl,1,4,Q1 Q1 R3
OPAX134,vp,1,5,
OPAX134,vp,13,1,
OPAX134,vp,14,1,
OPAX134,vp,15,3,
OPAX134,vp,16,4,
OPAX134,vp,17,3,
OPAX134,vp,18,1,
PC817,14a,1,1,
PC817,19e,1,1,
PC817,19w,1,2,C107 R116 R112
PC817,1az,1,2,C107 R117 R121
PC817,1b0,1,2,C107 R117 R121
PC817,1b1,1,1,
PC817,1bp,2,1,R128 R123 R108
PC817,1hc,1,2,U4 R5
PC817,1j5,1,1,R11 C5 C4
PC817,7r,1,2,C107 P116 R112
PC817,7s,1,1,
PC817,7t,1,1,
PC817,7v,1,1,R43 R40 R37
PC817,7w,1,2,V1 R42 P4
PC817,g2,1,2,R231 Q206 D204
PC817,g2,2,2,R231 Q206 C206
PC817,m4,1,2,C107 R116 R112
PC817,m5,1,2,C107 R116 R112
PC817,pt,1,1,
PC817,pu,1,1,
PC817,ru,1,2,C107 R117 R121
PC817,vk,1,1,U2 R30 U3
PC817,vn,1,1,C107 R116 R112
PC900,163,1,3,R3 R2 C21
PC900,xf,1,1,
PC900,xf,2,1,
PC900,xf,3,1,
PC97,161,1,3,R2 R3 C2
PC97,162,1,3,R2 R3 C2
PC97,163,1,4,R3 R2 C21
PC97,xg,1,1,
PC97,xg,2,1,
PC97,xg,7,1,
PC97,xg,8,1,
PCC88,11q,1,2,R20 T1 R14
PCC88,1dq,1,1,
PCC88,1ec,1,1,C10
PCC88,1ed,1,1,
PCC88,1eg,1,1,C27
PCC88,1eh,1,1,
PCC88,8p,1,1,V111 V173
PCF82,1es,1,1,
PCM1794,bn,3,1,
PCM1794,gw,2,1,
PCM1798,gw,2,1,
PCM1801,j1,1,1,
PCM1802DB,1jj,3,2,U11
PCM1802DB,1jk,3,2,U7 C68 C67
PCM1808PWR,j2,1,1,
PCM2706,ex,1,1,R3 R1 R2
PCM2706,g3,1,1,IC1 R2 C16
PCM2902,17j,1,1,C2 C1 C11
PCM5101A,j1,1,1,J1 J2
PCM5102,1jk,4,2,U9 C82 C79
PCM5102,1jl,2,2,R15 C15 R14
PCM5102,1jm,2,2,R15 C15 R14
PCM5102,1jn,2,2,R15 C15 R14
PCM5102A,j3,3,4,C89 C88 U17
PCM56,bn,3,1,
PF5102,1h7,1,6,J3 R8 R9
PF5102,1h8,5,1,
PF5102,98,6,1,
PF5102,99,6,1,
PF5102,dk,1,2,J1 R1 R3
PGA2310,ec,3,1,U501
PGA2310,ui,1,1,U4 R15 R2
PGA2310,uj,1,1,U4 R15 R2
PGA2310,uk,1,1,U4 R15
PGA2311,yv,1,2,
PH2,1je,18,1,
PH2,1jf,18,1,
PIC12F629P,y0,1,1,
PL36,y2,1,2,
PL36,y3,1,2,
PL509,g8,1,2,
PL519,g8,1,7,U3A R11 R7
PL519PSE,g8,1,1,
PN200,17d,1,1,
PN2222A,ly,1,1,Q4 R7 D7
PN2369,17d,1,1,Q2
PN2369A,7e,1,2,T092 V15 R37
PN2907BU,o8,1,1,Q2 R7 R667
PN3563,17d,1,1,Q2
PN4250A,10g,1,2,Q6 R8 R9
PN4250A,1k0,1,2,Q6 R8 R9
PP3,16o,1,3,J1
PP3,16x,1,4,D1 C1
PP3,8m,1,1,
PP3,w1,1,1,D1 IC1 D3
PP3,w2,1,1,P2
PP3,w3,1,1,D1 IC1 D5
PP3,w4,1,1,D1 IC1 D5
PUMX1,9u,1,1,
PWM4,1bl,2,2,D2 R53 D1
Q2N2222,15m,1,2,R1 Q1 R66
Q2N4403,it,1,1,Q1
Q2N4403,iu,1,1,Q1
Q2N5089,7c,1,1,Q1 R2
Q2SA1015,tn,1,5,R9 Q10 C5
Q2SA1837,tn,1,1,Q27 R16 Q29
Q2SA970,16l,1,3,D2
Q2SA970,17h,1,1,R59 R60 Q19
Q2SA970,1j,1,2,Q25 Q6 C14
Q2SA970,aa,1,2,Q1 C6 C8
Q2SA970,ab,1,1,Q1 C6 C8
Q2SA970,d0,1,4,Q12 C20 C16
Q2SA970,d9,1,5,Q5 R12 Q7
Q2SA970,ji,1,1,Q29 Q34 Q13
Q2SA970,jj,1,1,Q8 J1 Q11
Q2SA970,v3,1,2,Q5 J3 R34
Q2SA970,v4,1,1,R61 Q20 R47
Q2SA970,wo,1,2,Q14 R20 C6
Q2SA992,lb,1,2,Q5 Q7 Q8
Q2SC1815,tn,1,2,Q20 Q24 Q2
Q2SC2240,13,1,1,Q2 R29 D27
Q2SC2240,16l,1,4,T1 D3 T4
Q2SC2240,1d,1,1,Q5 R24 C5
Q2SC2240,1h,1,1,Q33 Q3 C6
Q2SC2240,1j,1,3,Q33 Q3 C9
Q2SC2240,aa,1,2,Q33 Q3 C6
Q2SC2240,ab,1,2,Q33 Q3 C6
Q2SC2240,d0,1,4,Q11 C15 C6
Q2SC2240,d9,1,3,Q4 J1 D3
Q2SC2240,ji,1,1,Q30 Q35 Q14
Q2SC2240,jj,1,1,Q10 C17 Q12
Q2SC2240,wo,1,2,Q33 Q3 C31
Q2SC4793,67,1,3,L1 R36
Q2SC4793,tn,1,1,R15 Q26 Q28
QMJE15032,c6,1,1,Q20 R17 R15
QMJE15032,d0,1,1,Q94 R33 R27
QMJE15033,c6,1,1,Q21 R20 R16
QMJE15033,d0,1,1,Q95 R34 R13
QMJE15034,d9,1,1,R87 Q94 R89
QMJE15035,d9,1,1,Q95 R86 R91
QMJE15035,v3,1,1,C95 C19 R65
QMJE340,1b7,1,2,Q101 D101 C103
QMJE340,c6,1,2,Q19 C3 R9
QMJE350,1b7,1,2,Q106 R112 C109
QMJE350,c6,1,2,Q17 R39 Q20
QMJL3281A,66,1,2,Q6 Q6 R2
QMPSA06,17h,1,4,D31 C46 R73
QMPSA56,17h,1,2,Q41 C53 Q40
QNJW0281G,1b7,1,3,Q109 Q111 R113
QNJW0281G,30,1,3,Q6 R14 R15
QNJW0281G,c6,1,1,Q23 R22 R20
QNJW0281G,d0,1,2,Q8 D1 R23
QNJW0281G,da,1,1,Q1 C5 C4
QNJW0281G,hq,1,2,Q4 L1 R18
QNJW0281G,od,1,3,Q13 Q11 R33
QNJW0281G,og,1,1,Q10 R32 R34
QNJW0281G,pw,1,2,Q24 R32 D19
QNJW0281G,px,1,2,Q24 R32 D19
QNJW0281G,v3,1,1,Q96 R89 D9
QNJW0281G,v4,1,1,R8B R44 R24
QNJW0302G,1b7,1,6,Q108 R112 Q106
QNJW0302G,30,1,3,R31 Q11 R2
QNJW0302G,c6,1,1,Q25 R31 Q24
QNJW0302G,d0,1,2,Q10 R25 D2
QNJW0302G,da,1,1,Q2 C4 Q4
QNJW0302G,hq,1,2,R21 Q7 Q6
QNJW0302G,od,1,3,Q18 R35 C14
QNJW0302G,pw,1,2,R33 Q11 Q25
QNJW0302G,px,1,2,R33 Q11 Q25
QNJW0302G,v3,1,1,Q97 R32 C95
QTLP690C,12k,1,2,R55 D10 R56
QTLP690C,1ew,5,6,D50 R146 D49
QTLP690C,1ex,4,6,D50 R146 D49
QTLP690C,1gz,1,2,D26 C20 C19
QTLP690C,1gz,2,4,D7 D5 R2
QTLP690C,1h0,1,2,D26 C20 C19
QTLP690C,1h0,2,4,D7 D5 R2
QTLP690C,1h1,1,3,D26 C20 R63
QTLP690C,1h1,2,7,D9 Q6 R15
QTLP690C,ac,1,2,D5 D3 C7
QTLP690C,b9,12,3,D31 D39 D38
QTLP690C,b9,14,1,D26 C20 C19
QTLP690C,b9,16,7,D42 D41 Q30
QTLP690C,c6,1,2,Q17 R39 C11
QTLP690C,cq,1,3,D7 D10 Q3
QTLP690C,cr,1,3,D7 Q3 D10
QTLP690C,d9,1,1,C8 D5 R17
QTLP690C,dd,1,5,D7 R10 D5
QTLP690C,fx,1,2,D26 R63 D11
QTLP690C,kx,1,2,R55 R56
QTLP690C,qh,1,1,D8 Q1 R24
QTLP690C,qi,1,1,D8 R17 Q1
QTLP690C,zv,1,1,
REF01,cb,1,1,C9 R6
REF01,cc,1,1,C9
REF01,z9,2,1,C72 IC10 C73
REF02,cb,1,2,C9 R6
REF02,cc,1,1,C9
REF05,cb,1,2,C7 C8 C9
REF05,cc,1,2,C7 C8 C9
RR1VWM4S,1bu,1,1,D4 R13 R21
S1G,1j2,1,7,U4 D10 C13
S1G,rw,1,4,D3 U1 R1
S1KB,1v,1,1,R12 R16
S1KB,1v,2,1,R16
SB240,18s,3,2,T1 S1 S2
SB560,1ab,12,1,D3 P5 C1
SF14,tu,1,7,D2 R40 D3
SF14,tv,1,7,D2 R40 D3
SF18,b7,1,1,D3 R6 C5
SF34,tu,1,2,D5 L1 D2
SF34,tv,1,2,D5 L1 D2
SF35,6v,1,1,D15 V4 C16
SF35,6w,1,2,D15 V4 C16
SG3525,16f,1,1,
SG3525,1b8,1,1,C29 IC2 R13
SG3525,1b9,1,1,C20 R6 C24
SG3525,2p,1,1,
SG3525,bx,1,1,
SG3525,cn,1,6,
SG3525,co,1,6,
SG3525,u3,1,1,D108 R108 U101
SG3525,yz,1,1,L7
SG3525,zk,1,1,
SG3525AN,17i,1,1,R4 C5 R2
SL22,gz,1,1,
SL23,x7,1,6,D1 D2 D3
SL23,x8,1,5,D1 D2 D3
SN74AHC08,114,1,1,
SN74AHC08,115,1,2,U5 C17
SN74AHC08,117,1,1,
SN74AHC08,118,1,2,U5 C14
SN74AHC08PW,114,1,1,
SN74AHC08PW,117,1,1,
SN74AHC574,114,1,1,
SN74AHC574,115,1,2,U3 C15
SN74AHC574,117,1,1,
SN74AHC574,118,1,2,U3 C12
SN74AHC574PWR,114,1,1,
SN74AHC574PWR,117,1,1,
SN74HC04DR,1gx,1,1,
SN74LS04D,113,2,10,U3A U3B
SN74LV1T125,ee,1,6,U10 C22 U9
SN74LVC1G14,117,1,1,
SN74LVC1G14,118,1,1,U7 C12 U3
SN74LVC1G79,114,1,1,
SN74LVC1G79,115,1,1,C13 U6 U7
SN74LVC1GU04,114,1,1,
SN74LVC1GU04,115,1,2,U6 C11 U8
SN74LVC2G32,cw,5,4,U19A C70 R122
SN74LVC2G32,cx,5,4,U19A C72 R122
SN74LVC2G32,cy,5,4,U19A C72 R122
SN74LVC2G74,117,1,1,
SN74LVC2G74,118,1,1,U1 C4 U6
SN74LVC2G86,1bl,3,2,U18A U18B C42
SRC4192,1y,1,1,IC102 R121 C119
SRC4392,1bl,2,1,C98 C100 C99
SS14,c7,1,1,C13 C5 C4
SS14,c8,1,1,C13 C5 C4
SSM2141,1df,6,1,
SSM2142,1df,28,1,
SSM2210,3k,1,1,Q1 R7 C1
SST441,e9,1,2,U1A VR3 D2
SST441,ea,1,1,U1 D1 D2
STP55NF06,l7,1,1,
STP8NM60,rk,1,1,R2
STTH2002DI,o2,1,4,C30 D5 D6
STTH2002DI,o2,2,4,D10 D11 D9
STTH2002DI,o3,1,1,D10 D11 R55
STTH2002DI,o4,1,8,C29 D5 D6
STTH3R06,35,1,2,D8 Q2 Q3
STTH3R06,36,1,2,D8 Q2 Q3
STTH3R06,vk,1,2,D7 Q2 Q3
STTH802FP,z9,1,6,D5 D3 D4
STW11NM80,1w,1,1,R6 R7 U2
STW11NM80,ii,1,2,Q5 Q6 R28
SV6AS7,18u,1,3,V1A C20 R1
TDA1034,4g,1,2,
TDA2030,53,1,1,
TDA2030,54,1,1,U1 R4 C1
TDA2030,za,3,1,
TDA2030,zb,3,1,
TDA2030,zd,4,1,
TDA2030V,aq,1,2,IC1 R2 R5
TDA2050,1ez,1,1,
TDA2822,1f0,7,1,
TDA2822M,1f0,1,3,
TDA2822M,1f0,2,1,
TDA2822M,1f0,3,1,
TDA2822M,1f0,4,1,
TDA2822M,1f0,5,1,
TDA2822M,1f0,6,1,
TDA2822M,1f0,7,1,
TDA2822M,1f0,8,3,
TDA2822M,1f0,9,1,
TDA2822M,1f0,10,1,
TDA2822M,1f0,11,1,
TDA7293,1f3,1,2,
TDA7293V,16w,2,2,U3
TDA7293V,18g,1,4,R5 R4 C6
TDA7293V,18h,1,4,R5 R4 C6
TDA7293V,1f1,1,1,U1 C16 C14
TDA7293V,1f3,1,1,U1 C16 C14
TDA7293V,8r,2,2,U1
TDA7294,11r,4,1,U14 R76 C67
TDA7294,11r,5,1,U13 R64 C64
TDA7294,11r,7,2,R64 U13 C65
TFZ12B,i3,1,2,V126 V127 V125
THAT1200,1ab,8,1,
THAT1200,1ab,13,1,
THAT1200,1ab,14,1,U2 C11 U1B
THS6012,4n,1,1,U1 R5
TIP102,fp,1,1,
TIP102,fu,1,1,
TIP107,fp,1,1,
TIP107,fu,1,1,
TIP112,171,1,1,J2 Q3 J3
TIP112,1g3,1,1,Q3 Q4 C18
TIP117,171,1,1,Q4 R41 R40
TIP117,1g3,1,1,Q4 C13 Q3
TIP120,101,1,1,Q2 D9 R6
TIP120,q3,5,1,
TIP120,q3,7,1,C6
TIP122,15k,1,1,
TIP122,1h6,1,1,Q1 L1 R5
TIP122,7i,1,1,Q1 C5 R3
TIP122,f5,1,1,Q11 L2 R32
TIP122,f7,2,1,Q11 L2 R32
TIP122,m7,1,1,Q1 L1 R5
TIP122,sr,2,1,Q3 L2 R31
TIP122,ss,1,1,Q3 L2 R31
TIP125,101,1,1,Q3 D12 R13
TIP127,15k,1,1,
TIP127,1ab,16,1,Q2 R4 R9
TIP127,1h6,1,1,Q2 L2 R6
TIP127,7i,1,1,Q2 C6 R4
TIP127,m7,1,1,Q2 L2
TIP14,j8,1,1,Q4 Q8 R210
TIP142,11c,1,6,Q6 Q6 Q5
TIP142,11d,1,6,Q6 Q6 Q5
TIP142,3i,1,6,C5 C5 R6
TIP142,j8,1,2,Q2 R3 R6
TIP142,t9,1,1,
TIP142G,4b,1,3,Q9 R15 Q10
TIP147,j8,1,1,Q2 R6 R209
TIP147,t9,1,1,Q11
TIP147G,4b,1,3,Q14 R28 Q13
TIP2955,8u,1,1,Q14
TIP2955,8v,1,1,Q14 Q11
TIP3055,8u,1,1,Q13
TIP3055,8v,1,1,Q13 Q10 R18
TIP31,4k,1,2,
TIP31,q3,5,1,
TIP31C,1o,1,2,Q17 Q19 R35
TIP31C,1p,1,2,Q17 Q19 R35
TIP31C,1q,1,2,Q17 Q19 R35
TIP31C,1r,1,2,Q17 Q19 R35
TIP31C,x0,1,2,Q201 R203 R204
TIP32C,1o,1,2,Q16 Q18 R28
TIP32C,1p,1,2,Q16 Q18 R28
TIP32C,1q,1,2,Q16 Q18 R28
TIP32C,1r,1,2,Q16 Q18 R28
TIP32C,4k,1,2,
TIP32C,x0,1,2,Q101 R103 Q102
TIP35C,1c6,1,2,Q9 C11 D5
TIP35C,1c7,1,1,
TIP35C,1c8,1,2,
TIP35C,1g2,1,3,
TIP35C,1g2,2,2,
TIP35C,1g2,3,1,
TIP35C,1g2,4,1,
TIP35C,1g2,5,1,
TIP35C,1g2,6,1,
TIP35C,1g2,7,1,
TIP35C,1g2,8,1,
TIP35C,1g2,9,1,
TIP35C,jd,1,1,Q2 R6 D2
TIP36C,1c6,1,2,Q12 Q13 Q11
TIP36C,1c7,1,1,
TIP36C,1c8,1,2,
TIP36C,1g2,1,3,
TIP36C,1g2,2,2,
TIP36C,1g2,3,1,
TIP36C,1g2,4,1,
TIP36C,1g2,5,1,
TIP36C,1g2,6,1,
TIP36C,1g2,7,1,
TIP36C,1g2,8,1,
TIP36C,1g2,9,1,
TIP36C,jd,1,1,Q1 R5 D1
TIP41,18b,1,2,
TIP41,1fp,1,1,
TIP41,kp,1,1,
TIP41,sc,1,1,Q25 R30 Q28
TIP41,sd,1,1,Q25 R30 Q28
TIP41,se,1,1,Q25 R30 Q28
TIP41C,15j,1,1,Q1 D3 D2
TIP41C,1jz,1,2,V167 V165 C165
TIP41C,fp,1,1,
TIP41C,fu,1,1,
TIP41C,sx,1,2,V167 V165 C165
TIP42,18b,1,1,
TIP42,1fp,1,1,
TIP42,kp,1,1,
TIP42,r4,21,2,R1 Q2
TIP42,r4,22,1,
TIP42,sc,1,1,Q26 R29 Q27
TIP42,sd,1,1,Q26 R29 Q27
TIP42,se,1,1,Q26 R29 Q27
TIP42C,1jz,1,2,V168 V187 V166
TIP42C,sx,1,2,V168 V187 V166
TIP47,10d,2,1,T2 R31 C16
TIP47,1es,1,1,
TL052,r9,1,2,U9B R41 R34
TL052AIP,136,1,2,C18 R11 D6
TL052AIP,138,1,2,C10 R7 R10
TL052AIP,139,1,1,R24 C19 R20
TL052AIP,14e,1,1,C26 C22 R26
TL052AIP,14j,1,2,D2 C13 D1
TL062,11c,1,2,U3A U3A C10
TL062,11d,1,2,U3A U3A C10
TL062,3i,1,2,C10 C10 U3A
TL071,12w,1,1,U1 R6 D8
TL071,14v,1,1,IC1 T4 T5
TL071,17v,1,1,U1 D5 R5
TL071,187,1,2,VR7 C24
TL071,1ew,4,2,U5 R132 D36
TL071,1f1,1,1,U4 R17 R16
TL071,1f3,1,1,U4 R17 R16
TL071,1he,1,1,R12 C715 R11
TL071,1it,1,2,IC1 C8 R8
TL071,1iu,1,2,IC1 C8 C9
TL071,1iv,1,2,IC1 C8 C9
TL071,6s,1,1,
TL071,6t,1,1,
TL071,6u,1,1,
TL071,9t,1,1,IC1 R57 R58
TL071,9t,2,1,IC1 R57 R58
TL071,b0,5,2,
TL071,b7,1,1,IC4 R12 R9
TL071,b8,1,1,
TL071,b8,7,1,
TL071,b8,8,1,
TL071,c9,1,1,R4 R16 U1
TL071,cq,1,1,U3 C7 R26
TL071,cr,1,1,U3 C7 R26
TL071,kw,1,1,IC1 R6 C5
TL072,124,1,2,R22 U2 R23
TL072,12f,1,3,U6B Q14 J3
TL072,19r,1,1,
TL072,1bv,3,2,
TL072,1gz,1,2,C25 U1 C26
TL072,1h0,1,2,C25 U1 C26
TL072,1h1,1,2,U5 C63 R101
TL072,1iz,1,2,R25 D16 IC4A
TL072,6i,1,1,R5 R4
TL072,6j,1,2,U2A R11 D1
TL072,7g,1,2,R14 R15 R12
TL072,7h,1,2,R14 R15 R12
TL072,7i,1,2,R14 R15 R12
TL072,7j,1,1,R36 R37 R34
TL072,8d,1,2,
TL072,9l,27,1,R10 R6 C15
TL072,b9,3,1,
TL072,be,1,4,R24 U7B R21
TL072,br,1,1,
TL072,cq,1,2,C22 U1 C23
TL072,cr,1,2,C22 U1 C23
TL072,p6,1,2,U1a R46 R43
TL072,rc,1,2,U6B C15 R19
TL072,vt,1,1,U2A R6
TL072,xn,1,1,R10 C1 Q5
TL072A,pk,1,2,
TL072A,pl,1,2,
TL072B,pk,1,2,Q1
TL072B,pl,1,2,Q1
TL072C,a0,3,1,U6 C28 C205
TL072C,a0,5,1,U5 C5 C105
TL072D,8q,1,4,IC2B R31 R33
TL072F,li,1,1,IC1A C4 C3
TL072P,1fe,1,4,IC1A R4 R3
TL072P,1ff,1,4,R4 IC1A R45
TL072P,ce,1,2,IC1A R29 R30
TL072P,cf,1,2,IC1B R30 R29
TL072P,z9,2,2,IC9B R58 R50
TL074,11r,4,1,R82 R84 C70
TL074,11r,5,1,R11B R68 R70
TL074,11r,6,2,U10A R50 R48
TL074,11r,7,1,U10 R69 C66
TL074,12f,1,5,U5B C5 Q15
TL074,16v,1,4,U3B U3A C43
TL074,19r,1,10,R3 R4 C1
TL074,1bq,1,7,U6A Q14 J3
TL074,1dh,1,1,
TL074,br,1,4,U1B R104 R102
TL074,ih,1,10,R3 R4 C1
TL074,j5,1,3,C2 R13 R17
TL074,qg,1,1,
TL074,t0,1,3,U5A Q14 J3
TL074ACD,mb,1,3,IC1B C2 IC1C
TL074P,z9,2,4,IC7D R37 R41
TL082,b9,3,1,
TL082,bb,2,4,U9 R120 R117
TL082,tu,1,1,R29 U12A R40
TL082,tv,1,1,R29 U12A C23
TL082,xk,5,1,
TL082,xn,1,1,R10 C1 Q5
TL082,yy,1,2,C17 C15 C16
TL084,6h,1,4,C6 R2 C7
TL084,tu,1,4,R42 R32 Q1
TL084,tv,1,4,R42 Q1 R41
TL084D,11s,2,8,IC17A C57 R72
TL084D,1fa,2,4,IC11A R61 C60
TL084D,1fb,2,4,IC11A R61 C60
TL084D,1fc,2,4,IC11A R61 C60
TL3016,1h2,1,1,IC3 IC4 C3
TL3016,1h3,1,1,IC3 IC4 C3
TL3016,33,1,1,IC3 IC4 C3
TL431,15e,1,1,VR1 R23 R24
TL431,15f,1,1,VR1 R23 R24
TL431,18g,1,2,IC2 R12 R19
TL431,18h,1,2,IC2 R12 R19
TL431,18i,1,1,U6 C23 C7
TL431,1a1,1,1,U2 R9 R8
TL431,1a2,1,1,U2 C1
TL431,1cl,1,1,
TL431,1fm,6,1,
TL431,1hq,14,1,
TL431,1hq,15,2,
TL431,1hq,16,2,
TL431,35,1,1,U4 U3 R17
TL431,36,1,1,U4 U3 C19
TL431,8q,1,1,VR1 IC4A Q1
TL431,cv,1,1,U15 R9 R7
TL431,e8,1,2,Q3 R23 R27
TL431,i0,1,2,
TL431,ls,1,1,
TL431,qn,1,2,U201 U101 U202
TL431,ur,1,2,R6 Q3 R7
TL431,v0,1,2,
TL431,v8,1,1,X1
TL431,vk,1,1,U3 R30 U2
TL431,ye,1,2,L4 C1
TL431,zl,1,1,U2 C6 C5
TL431A,2z,1,1,Q11 R9 C3
TL431A,5o,1,1,U1 Q13 R35
TL431A,zv,1,1,
TL431B,108,1,1,R9 R7 C11
TL431B,109,1,1,R9 R7 C11
TL431B,hi,1,2,R113 R112 R103
TL431ED,18t,1,1,C4 C16 U3
TL431LP,20,1,1,
TL494,11m,1,1,R15 C5 R14
TL494CN,1bp,2,1,IC6 IC6 R48
TL494CN,g2,1,1,R88 C2 C1
TL783,104,1,2,IC5 IC4 R7
TL783,105,1,2,IC5 IC4 IC3
TL783,106,1,2,IC5 IC4 IC3
TL783,160,1,2,IC2 R6 C8
TL783,w1,1,3,C11 C10 IC5
TL783,w3,1,3,IC4 IC3 R10
TL783,w4,1,3,IC4 IC3 D6
TLC555,10b,1,1,
TLC5925,z9,9,1,
TLE2426,1hw,1,1,C6 C5
TLE2426,9c,1,1,
TLE2426,wr,1,1,U6 C24
TLE2426,ws,1,1,U6 C24 C19
TLE2426,wt,1,1,U6 C24 C19
TLP2745,10c,1,1,Q2 C6 C5
TLP3906,14j,1,1,U4 C2 T4
TLP3906,1c5,1,1,R113
TLP3906,lk,1,2,U5 R23 D1
TLP3906,ll,1,2,U5 R23 D1
TLV3402,ba,2,2,U17 R138 R141
TLV9152,jr,1,2,U9 C25 C24
TLV9152,js,1,2,U9 C25 C24
TLV9152,jt,1,1,U9 R24 R25
TLV9152,ju,1,1,U9 R25 C23
TP2104,z9,9,2,Q13 R107 Q12
TP2640,19w,1,1,R115 R119 R128
TPA3116D2,1g4,1,2,
TPA3244,1g5,1,2,C41 C52 C68
TPA3255,1g6,1,2,C171 C172 C173
TPA6120A2,g3,1,1,IC18 C79 C65
TPD2E001,z9,8,1,IC30 C137
TPD4E001,z9,8,1,IC31 C139 C140
TPS5430DDA,1jj,2,1,U8 C23 C20
TPS5430DDA,1jk,2,1,U4 C16 C12
TPS7A20,9b,1,1,
TPS7A4101,pm,3,1,
TTA004B,10u,3,1,
TTA004B,1ab,19,1,Q4 R15 Q3
TTA004B,1h6,1,1,Q4 R10 R14
TTA004B,1jd,40,1,
TTA004B,2d,1,1,Q102 D102 D114
TTA004B,2d,3,1,Q102 D102 D114
TTA004B,2e,1,1,Q102 D102 D114
TTA004B,2e,3,1,Q102 D102 D114
TTA004B,3h,1,1,Q102 D114 D112
TTA004B,43,1,1,
TTA004B,44,1,1,Q4 Q3 D2
TTA004B,45,1,1,
TTA004B,46,1,1,Q4 Q3 D2
TTA004B,9k,11,1,
TTA004B,9k,14,1,
TTA004B,eh,1,1,
TTA004B,i7,1,1,Q603 R607 R604
TTA004B,i8,1,1,Q603 R607 R604
TTA004B,i9,1,1,Q601 R603 R601
TTA004B,ia,1,1,Q601 R603 R601
TTA004B,ib,1,1,Q601 R603 R601
TTA004B,ij,1,1,U3 R25 R22
TTA004B,lj,1,2,Q5 R11 R6
TTA004B,m7,1,1,Q4 R10 R14
TTA004B,ol,4,1,
TTA004B,r7,1,1,Q3 C4 R5
TTA004B,tl,1,1,Q9 R12 R9
TTA004B,wm,1,1,T10 T12 R18
TTA004B,xk,5,1,
TTA004B,xk,12,2,J112
TTA004B,xn,1,1,Q6 R24 R36
TTA004B,zl,1,5,Q6 R3 D6
TTA006B,wb,1,1,T34 C28 C32
TTA006B,wc,1,1,T34 C28 T36
TTA006B,wc,7,2,
TTA006B,wd,1,1,T34 C28 T36
TTA006B,wd,7,2,
TTA006B,wg,1,1,T30 C32 T32
TTA006B,wg,7,3,
TTA006B,wh,1,1,T31 C32 T33
TTA006B,wh,7,2,
TTA006B,wi,1,1,T31 C28 C34
TTA006B,wk,1,1,T31 C32 T33
TTA006B,wk,7,2,
TTC004B,10u,3,1,
TTC004B,1ab,2,3,Q3 D4 R10
TTC004B,1ab,3,3,Q3 D4 R10
TTC004B,1ab,17,1,Q3 R19 R17
TTC004B,1ab,19,1,Q5 R16 C9
TTC004B,1ab,23,1,Q12 R33 D8
TTC004B,1h6,1,1,Q3 R13 R9
TTC004B,1jd,40,1,
TTC004B,2d,1,1,Q101 D101 D111
TTC004B,2d,3,1,Q101 D101 D111
TTC004B,2e,1,1,Q101 D101 D111
TTC004B,2e,3,1,Q101 D101 D111
TTC004B,3h,1,1,Q101 D111 D113
TTC004B,43,1,1,
TTC004B,44,1,1,Q2 Q1 D1
TTC004B,45,1,1,
TTC004B,46,1,1,Q2 Q1 D1
TTC004B,47,1,1,
TTC004B,48,1,1,Q2 Q1 D1
TTC004B,5y,1,1,V115 V113 R115
TTC004B,9k,11,1,
TTC004B,9k,13,1,
TTC004B,9k,14,3,
TTC004B,eh,1,1,
TTC004B,i7,1,1,Q503 R507 R504
TTC004B,i8,1,1,Q503 R507 R504
TTC004B,i9,1,1,Q501 R503 R501
TTC004B,ia,1,1,Q501 R503 R501
TTC004B,ib,1,1,Q501 R503 R501
TTC004B,ij,1,1,Q9 R24 R23
TTC004B,m7,1,1,Q3 R13 R9
TTC004B,tl,1,1,Q10 R10 R12
TTC004B,wm,1,1,T9 R17 T11
TTC004B,xk,5,1,
TTC004B,xk,12,2,J112
TTC004B,xn,1,1,Q7 R23 R29
TTC004B,z6,2,1,Q2 R6 R7
TTC004B,z6,6,1,
TTC004B,z7,2,1,Q2 R6 R7
TTC004B,z7,7,1,
TTC004B,z8,2,1,Q2 R6 R7
TTC004B,z8,5,1,
TTC004B,zl,1,1,Q8 R7 R9
TTC011B,wc,1,1,T33 C27 T35
TTC011B,wc,7,1,
TTC011B,wd,1,1,T33 C27 T35
TTC011B,wd,7,1,
TTC011B,we,1,1,T33 C27 C31
TTC011B,wg,1,1,T29 C27 C31
TTC011B,wg,7,2,T29 T30 T28
TTC011B,wh,1,1,T30 C27 C31
TTC011B,wh,7,1,
TTC011B,wk,1,1,T30 C27 C31
TTC011B,wk,7,1,
TTC5200,1jg,1,1,T9 R39 R35
TTC5200,gg,1,1,T15 R32 R34
TXS0104E,9h,1,1,C18 C6 U4
U401,1hq,4,1,
U401,1hs,4,1,
U402,1hq,4,1,
U402,1hs,4,1,C404
U441NL,e8,1,1,U1 D2 D1
U441NL,eb,1,2,U1B D2 D1
UA741,ea,1,1,U3 R35 R36
UA7805,6c,1,1,U2 R23 C8
UC3825,9z,2,4,
UC3825,9z,5,2,
UC3825,9z,6,1,
UC3842B,cm,1,2,
UC3843B,cm,1,2,
UC3844,vk,1,1,U1 C16 R9
UC3845A,av,1,2,V2 U2
UC3845A,lr,1,2,U1 R1 C1
UCC27511A,av,1,1,U4 C15 R11
UCC37322,bb,1,2,U4 C54 C55
UF4004,19s,1,2,
UF4004,1jz,1,16,V151 V155 V152
UF4004,22,1,2,D1 Q9 R13
UF4004,be,1,4,D1 R1 Q1
UF4004,ox,1,2,D1 R41 R43
UF4004,p7,1,4,D117 D117 L101
UF4004,sx,1,15,D041 V151 V155
UF4004,ux,1,1,D5 D6 D3
UF4004,uy,1,1,D5 D6 D3
UF4004,uz,1,1,D5 D6 D3
UF4004,z,1,2,D1 Q9 R13
UF4007,15s,1,6,D1 R14 D3
UF4007,15v,1,6,D1 D4 D2
UF4007,16s,1,2,
UF4007,175,1,7,D6 IC1 R6
UF4007,1a7,1,8,D9 D10 R9
UF4007,1d0,1,1,
UF4007,2r,1,5,D6 D7 IC1
UF4007,30,1,4,D1 D2 Q5
UF4007,3o,1,2,
UF4007,3y,1,1,D7 C1 C11
UF4007,8p,1,1,V173 V111
UF4007,8z,1,2,
UF4007,90,2,2,
UF4007,ck,1,2,D3 Q13 V2
UF4007,da,1,1,D1 Q2 Q4
UF4007,ge,1,1,R10 R9
UF4007,gf,1,2,
UF4007,ig,1,1,D1 L5 L6
UF4007,ke,2,2,
UF4007,lr,1,1,D2 C12 C10
UF4007,og,1,4,D19 D8 Q24
UF4007,pw,1,4,D19 D6 Q24
UF4007,px,1,4,D19 D6 Q24
UF4007,qa,1,2,
UF4007,uq,1,1,D2 C2 Q1
UF4007,x7,1,4,D8 D8 J1
UF4007,x8,1,2,D8 J1 J2
UF4007,z0,1,8,D1 D3 C16
UF4007,z1,1,8,D1 D3 C16
UF5408,12a,1,2,
UF5408,12b,1,2,
UF5408,1d1,1,4,D302 R304 D304
UF5408,1gn,1,2,
UF5408,av,1,1,C8 C24 T2
UF5408,g0,1,1,
UF5408,lr,1,1,D1 C8 TR1
UF5408,s2,1,2,
UF5408,s3,1,2,
UF5408,s4,1,2,
UF5408,s5,1,2,
ULN2003,113,1,1,
ULN2003,j8,1,1,IC203 IC205 C12
ULN2003A,113,2,2,U5 U3B
ULN2003V12,114,1,1,
ULN2003V12,116,1,1,Q2
ULN2003V12,117,1,1,
ULN2003V12,119,1,1,Q2
ULN2803,e1,1,1,
ULN2803,ec,1,1,Q1
ULN2803,ee,1,1,Q1 C18 R23
ULN2803,me,1,1,
ULN2803A,128,1,1,U4 P87 U20
ULN2803A,18r,2,1,U302 R313 C0
UPC812C,9x,1,2,
UPC812C,9y,2,1,
UPSC600,16k,1,1,D6 R10 R5
UPSC600,lt,1,1,D1 R4 R5
VOM1271,10q,1,1,C36 R6 C3
VP2106,5c,1,2,Q8 Q7
VTL5C1,2x,1,1,
VTL5C1,2y,1,1,
VTL5C1,b0,4,2,
W04G,b1,2,1,
W108,1g6,1,1,C108 R109 C109
X1000,72,2,1,
X1021,1ao,1,1,
X1081,1jz,1,1,R171 C187 R172
X1081,sx,1,1,R171 C187 R172
X401,u7,7,2,C407
XLR3,1gz,1,1,C18 C15 R39
XLR3,1h0,1,1,C18 C15 R39
XLR3,1h1,1,1,J1 C18 C15
XLR3,b9,14,1,J1 C18 C15
XLR3,b9,16,1,J1 C18 C15
XLR3,cq,1,1,J1 C21 C3
XLR3,cr,1,1,J1 C21 C3
XLR3,fx,1,1,V5 C16 C3
XLR3,kq,1,1,SW2A R5
XLR3,kr,1,1,SW2A R5
XLR3,n1,1,2,S2 S1
XR2206,16w,3,1,TR1 TR2 P5
XR2206,8r,2,1,U1
XR2206CP,8r,2,1,
ZLLS1000,10x,1,2,D4 R23 R9
ZTX108,1k1,1,1,TR5 C3 C2
ZTX108,u9,1,1,
ZTX304,cj,3,1,R16 C6
ZTX450,1cb,1,4,Q3 Q1 P1
ZTX450,1fg,1,1,Q1
ZTX450,1hq,5,1,Q504 R507
ZTX450,1hq,6,1,Q604 R607
ZTX450,1hr,1,1,Q103 R108 R109
ZTX450,1hr,2,1,Q203 R208 R209
ZTX450,1hs,5,1,Q504 R507
ZTX450,1hs,6,1,Q604 R607
ZTX450,1ht,1,1,Q103 R107 R108
ZTX450,1ht,2,1,Q203 R207 R208
ZTX450,1hu,1,1,Q103 C102 R106
ZTX450,1hu,2,1,Q203 C202 R206
ZTX450,1hv,1,1,Q103 C102 R106
ZTX450,1hv,2,1,Q203 C202 R206
ZTX450,1hy,1,1,Q103 C102 R107
ZTX450,1hy,2,1,Q203 C202 R207
ZTX450,4o,1,1,V105 R108 R116
ZTX450,59,1,2,Q5 J1 R1B
ZTX450,5a,1,2,Q5 J1 R1B
ZTX450,5b,1,2,Q5 J1 C7
ZTX450,5h,1,2,R6 R14
ZTX450,5i,1,2,T4 T6 P1
ZTX450,5m,16,1,
ZTX450,64,1,2,Q12 R52 R54
ZTX450,bf,1,1,
ZTX450,bf,7,4,
ZTX450,bf,12,2,R16 P1 R15
ZTX450,bf,13,2,R16
ZTX450,bf,16,2,
ZTX450,bg,5,1,
ZTX450,bg,8,2,R16 P1 R15
ZTX450,bg,9,1,R16 R15
ZTX450,bg,10,2,C8 R20
ZTX450,bh,1,1,
ZTX450,bh,5,2,
ZTX450,bh,8,2,R16 P1 R15
ZTX450,bh,9,2,R16
ZTX450,bh,10,1,Q5 R21 C7
ZTX450,bh,11,2,C8 R20
ZTX450,bi,5,1,
ZTX450,bi,8,2,R16 P1 R15
ZTX450,bi,11,2,
ZTX450,bj,1,1,
ZTX450,bj,6,4,
ZTX450,bj,9,2,R16 R15
ZTX450,bj,10,1,R16 R15
ZTX450,bj,12,2,
ZTX450,bk,8,1,
ZTX450,bl,1,1,
ZTX450,bl,5,2,
ZTX450,bl,8,2,C21 R15
ZTX450,bl,9,2,R40
ZTX450,gz,1,1,
ZTX450,h6,1,2,Q1 R3 R2
ZTX450,hj,1,1,
ZTX450,hk,1,1,
ZTX450,hm,1,1,
ZTX450,ho,1,1,
ZTX450,iz,1,1,R12 R17 R19
ZTX450,xk,5,1,
ZTX450,xk,12,2,J112
ZTX450,xl,1,6,Q4 R20 R17
ZTX450,xo,1,1,R18 R19 R17
ZTX450,xp,7,2,
ZTX450,xq,1,5,Q4 R20 R17
ZTX450,xr,1,5,Q4 R20 R17
ZTX450,xs,1,5,Q4 R20 R17
ZTX450,xt,1,5,Q4 R20 R17
ZTX453,z9,2,1,R46 Q6 R60
ZTX457,9n,1,1,Q4 C7 Q6
ZTX457,xk,12,3,J112
ZTX504,cj,3,2,C11 C9 R24
ZTX550,1cb,1,1,Q8 C5 R14
ZTX550,5h,1,1,R8
ZTX550,5i,1,2,T5 T7 C4
ZTX550,64,1,2,Q11 R43 R45
ZTX550,gx,2,4,
ZTX550,gx,4,4,
ZTX550,gy,1,2,R25 R23 R24
ZTX550,h6,1,1,Q3 R6 R10
ZTX558,1ab,21,2,Q5 C7 R13
ZTX558,f4,1,2,Q5 R8 Q1
ZTX558,f7,1,2,Q1 Q2 R6
ZTX605,7b,1,1,D11
ZTX605,wc,1,1,T31 R52 C23
ZTX605,wc,7,1,
ZTX605,wd,1,1,T31 R52 C23
ZTX605,wd,7,1,
ZTX605,wf,1,1,C23 R36
ZTX605,wg,1,1,T27 R36 R42
ZTX605,wg,7,2,T27 T26 T28
ZTX605,wh,1,1,T28 R39 R47
ZTX605,wh,7,1,
ZTX605,wi,1,1,C05 T26 C7
ZTX605,wk,1,1,T28 R39 R47
ZTX605,wk,7,1,
ZTX609B,16c,1,1,T3 R1
ZTX653,1k1,1,1,TR6 C4 R8
ZTX653,1k2,1,1,R0
ZTX653,vu,7,1,
ZTX653,z9,2,1,R46 Q6 R60
ZTX658,1aq,1,4,Q7 R25 R21
ZTX659,u9,1,1,TR6
ZTX6968,f5,1,1,Q9 R28 C19
ZTX6968,ss,1,1,Q1 Q2 R27
ZTX696B,1ab,21,3,Q7 Q6 R17
ZTX696B,1ab,25,2,Q4 R9 R7
ZTX696B,f4,1,3,Q6 C7 R15
ZTX696B,f7,1,3,Q6 C7 Q8
ZTX696B,f7,2,1,Q9 Q10 R28
ZTX696B,sr,2,1,Q1 Q2 R27
ZTX705,7b,1,1,D27 D12 C22
ZTX705,wc,1,1,T32 R55 C22
ZTX705,wc,7,1,
ZTX705,wd,1,1,T32 R55 C22
ZTX705,wd,7,1,
ZTX705,wf,1,1,D12
ZTX705,wg,1,1,T28 R41 R43
ZTX705,wg,7,2,T28 T27 T29
ZTX705,wh,1,1,T29 R42 R48
ZTX705,wh,7,1,
ZTX705,wi,1,1,
ZTX705,wj,1,1,C66
ZTX705,wk,1,1,T29 R42 R48
ZTX705,wk,7,1,
ZTX705,wl,1,1,
ZTX753,11j,1,1,
ZTX753,1k1,1,1,TR4 C5 TR5
ZTX753,1k2,1,1,
ZTX753,u9,1,1,TR4
ZTX753,vu,7,1,
ZTX758,1aq,1,3,Q5 R13 C1
ZTX790A,16c,1,1,T7 R20 D3
ZTX792A,ly,1,1,Q3 D1 R5
ZTX795A,f5,1,1,R28 Q9 C17
ZTX795A,f7,2,1,Q10 R28 Q9
ZTX795A,sr,2,1,Q2 R27 Q1
ZTX795A,ss,1,1,Q2 R27 Q1
ZTX805,wj,1,1,D10 C29
ZTX805,wl,1,1,R39 C0 D10
ZTX851,17h,1,1,Q19 R59 D27
ZTX851,1ho,3,1,Q11 Q12 Q2
ZTX851,xk,5,1,
ZTX851,xk,12,3,J112
ZTX851,xn,1,2,Q8 R21 R1
ZTX857,1ab,23,1,Q11 D6 R33
ZTX951,124,1,6,R3 Q1 C20
ZTX951,1ho,3,1,Q11 Q2 Q1
ZTX951,jz,3,1,
ZTX951,o8,1,1,Q3 C6 R9
ZTX957,1ab,19,3,Q1 C3 R7
ZVN2106A,zz,1,1,J112
ZVN3306,1ho,2,1,Q11 Q12
ZVN3306,1ho,3,1,Q11 Q12
ZVN3306,1hp,2,1,R3 D1 R2
ZVN3306,1jr,1,2,Q3 R3 Q4
ZVN3306A,157,1,1,Q5 R11 R12
ZVN3306A,5o,1,4,Q5A Q6A R16A
ZVN3306A,gh,1,2,R31 R15 D1
ZVN3306A,gi,1,1,R31 R15 D1
ZVN3306A,hp,1,1,R1
ZVN3310A,ji,1,2,R24 U3 C1
ZVN3310A,jj,1,2,U4 R24 U3
ZVN4306G,8m,1,2,V121 C125 C124
ZVP2106A,13p,1,3,Q9 R3 Q11
ZVP2106A,zz,1,1,J112
ZVP3306,1ho,2,1,Q11 Q2
ZVP3306,1ho,3,1,Q11 Q2
ZVP3306,1hp,2,1,R3 U1 R1
ZVP3306,1jr,1,2,Q1 R1 Q2
ZVP3306,dw,1,1,
ZVP3306,kt,1,2,Q4 R1
ZVP3306,ku,1,2,Q4 R1
ZVP3306A,1ac,1,4,
ZVP3306A,1ad,1,4,
ZVP3306A,1c2,1,1,C5
ZVP3306A,1u,1,1,Q5 R14 R13
ZVP3306A,5g,1,3,R15 R7 R25
ZVP3306A,5o,1,2,Q9A Q7A R25A
ZVP3306A,hp,1,1,C2
ZVP3306A,it,1,1,R1 R2
ZVP3306A,iu,1,1,
ZVP3306A,ks,1,1,C6 R18 R15
ZVP3306A,ly,1,1,Q2 R7 D2
ZVP3306A,ud,1,1,C6 R18
ZVP3306A,ue,1,2,Q2 U1 R4
ZVP3306A,uf,1,1,C6 R18
ZVP3306F,dw,1,1,
ZVP3306F,dw,2,1,
ZVP3306F,dw,4,1,Q3
ZVP3310A,ji,1,2,U1 R7 C1
ZVP3310A,jj,1,2,U1 U2 C1
