id,key,title,url,parent,role,year,month,pages,sha
0,https://www.bartola.co.uk/valves/,Valves,https://www.bartola.co.uk/valves/,,project_page,,,1,404c481bf3e82620
1,https://www.bartola.co.uk/valves/about-me/,About me,https://www.bartola.co.uk/valves/about-me/,,project_page,,,1,72c32aa86c9a00fc
10,https://www.bartola.co.uk/valves/dht-pre-amplifier/26-dht-pre-amplifier-gen3/,26 dht pre amplifier gen3,https://www.bartola.co.uk/valves/dht-pre-amplifier/26-dht-pre-amplifier-gen3/,,project_page,,,1,0c530c36dcc34baa
11,https://www.bartola.co.uk/valves/2018/03/25/eml-20a-dht-preamp/,Eml 20a dht preamp,https://www.bartola.co.uk/valves/2018/03/25/eml-20a-dht-preamp/,,project_page,,,1,2e52997d74cda104
12,https://www.bartola.co.uk/valves/2018/08/26/ba-dht-preamp-build/,Ba dht preamp build,https://www.bartola.co.uk/valves/2018/08/26/ba-dht-preamp-build/,,project_page,,,1,32e9f4f5370c6205
13,https://www.bartola.co.uk/valves/valve-curves/6p21s/,6p21s,https://www.bartola.co.uk/valves/valve-curves/6p21s/,,project_page,,,1,ce05e3fab5e0cd10
14,https://www.bartola.co.uk/valves/valve-curves/24a-tetrode/,24a tetrode,https://www.bartola.co.uk/valves/valve-curves/24a-tetrode/,,project_page,,,1,d50c2dfe44acafd5
15,https://www.bartola.co.uk/valves/valve-curves/6p36s-6%d0%bf36%d1%81-triode/,6p36s 6%d0%bf36%d1%81 triode,https://www.bartola.co.uk/valves/valve-curves/6p36s-6%d0%bf36%d1%81-triode/,,project_page,,,1,1e68cd3170997e3d
16,https://www.bartola.co.uk/valves/valve-curves/traced-curves/,Traced curves,https://www.bartola.co.uk/valves/valve-curves/traced-curves/,,project_page,,,1,f8745c70ffb2739f
17,https://www.bartola.co.uk/valves/valve-curves/d3a-pentode/,D3a pentode,https://www.bartola.co.uk/valves/valve-curves/d3a-pentode/,,project_page,,,1,294acf22addf5517
18,https://www.bartola.co.uk/valves/valve-curves/d3a-triode/,D3a triode,https://www.bartola.co.uk/valves/valve-curves/d3a-triode/,,project_page,,,1,d683297e8b9b1ce0
19,https://www.bartola.co.uk/valves/valve-curves/4p1l/,4p1l,https://www.bartola.co.uk/valves/valve-curves/4p1l/,,project_page,,,1,38635f894d1d40b1
1a,https://www.bartola.co.uk/valves/valve-curves/2sh27l-2z27l/,2sh27l 2z27l,https://www.bartola.co.uk/valves/valve-curves/2sh27l-2z27l/,,project_page,,,1,11837cdcb37d807f
1b,https://www.bartola.co.uk/valves/valve-curves/47-pentode/,47 pentode,https://www.bartola.co.uk/valves/valve-curves/47-pentode/,,project_page,,,1,30baff676e0b7a91
1c,https://www.bartola.co.uk/valves/valve-curves/c3g-pentodetriode/,C3g pentodetriode,https://www.bartola.co.uk/valves/valve-curves/c3g-pentodetriode/,,project_page,,,1,bcabd573d4916f68
1d,https://www.bartola.co.uk/valves/valve-curves/3a5-dht-triode/,3a5 dht triode,https://www.bartola.co.uk/valves/valve-curves/3a5-dht-triode/,,project_page,,,1,8b588ba921fc3120
1e,https://www.bartola.co.uk/valves/valve-curves/6p15p-pentode/,6p15p pentode,https://www.bartola.co.uk/valves/valve-curves/6p15p-pentode/,,project_page,,,1,566d6cd095d87c7f
1f,https://www.bartola.co.uk/valves/valve-curves/2e24-triodeschade/,2e24 triodeschade,https://www.bartola.co.uk/valves/valve-curves/2e24-triodeschade/,,project_page,,,1,e683deb7c47c09a2
1g,https://www.bartola.co.uk/valves/valve-curves/864-vt-24/,864 vt 24,https://www.bartola.co.uk/valves/valve-curves/864-vt-24/,,project_page,,,1,3fcc04dde41cacfd
1h,https://www.bartola.co.uk/valves/valve-curves/307a/,307a,https://www.bartola.co.uk/valves/valve-curves/307a/,,project_page,,,1,7740892d4f4facb3
1i,https://www.bartola.co.uk/valves/valve-curves/6z49p-d-triode/,6z49p d triode,https://www.bartola.co.uk/valves/valve-curves/6z49p-d-triode/,,project_page,,,1,0d27fbeb7911bdcf
1j,https://www.bartola.co.uk/valves/valve-curves/6z11p-triode/,6z11p triode,https://www.bartola.co.uk/valves/valve-curves/6z11p-triode/,,project_page,,,1,1d2fef9a5ab42d52
1k,https://www.bartola.co.uk/valves/valve-curves/6z51p-triode/,6z51p triode,https://www.bartola.co.uk/valves/valve-curves/6z51p-triode/,,project_page,,,1,9be07d1627e0a64d
1l,https://www.bartola.co.uk/valves/valve-curves/6z9p-triode/,6z9p triode,https://www.bartola.co.uk/valves/valve-curves/6z9p-triode/,,project_page,,,1,b76502b912b90b17
1m,https://www.bartola.co.uk/valves/valve-curves/6z5p-triode/,6z5p triode,https://www.bartola.co.uk/valves/valve-curves/6z5p-triode/,,project_page,,,1,260d4ee0d0c670d2
1n,https://www.bartola.co.uk/valves/valve-curves/6p15p-triode/,6p15p triode,https://www.bartola.co.uk/valves/valve-curves/6p15p-triode/,,project_page,,,1,d3cbc68ee174647f
1o,https://www.bartola.co.uk/valves/valve-curves/6e6p-e6%d1%8d6%d0%bf-e-in-triode-mode/,6e6p e6%d1%8d6%d0%bf e in triode mode,https://www.bartola.co.uk/valves/valve-curves/6e6p-e6%d1%8d6%d0%bf-e-in-triode-mode/,,project_page,,,1,c0e100de58f93331
1p,https://www.bartola.co.uk/valves/library/,Library,https://www.bartola.co.uk/valves/library/,,project_page,,,1,e4f5f71e04c0e881
1q,https://www.bartola.co.uk/valves/library/vt-154-814-tetrode-datasheet/,Vt 154 814 tetrode datasheet,https://www.bartola.co.uk/valves/library/vt-154-814-tetrode-datasheet/,,project_page,,,1,0df7b291a2adb2b5
1r,https://www.bartola.co.uk/valves/300b-se-amplifier/,300b se amplifier,https://www.bartola.co.uk/valves/300b-se-amplifier/,,project_page,,,1,b03bc18a88e0faf5
1s,https://www.bartola.co.uk/valves/curve-tracer/785-2/,785 2,https://www.bartola.co.uk/valves/curve-tracer/785-2/,,project_page,,,1,cae07686979b481e
1t,https://www.bartola.co.uk/valves/privacy-policy/,Privacy policy,https://www.bartola.co.uk/valves/privacy-policy/,,project_page,,,1,84073d565b2b6507
1u,https://www.bartola.co.uk/valves/2026/08/02/dht-lcr-riaa-preamp-by-salvatore-aragona/,Dht lcr riaa preamp by salvatore aragona,https://www.bartola.co.uk/valves/2026/08/02/dht-lcr-riaa-preamp-by-salvatore-aragona/,,project_page,,,1,d43e48a5879ee22b
1v,https://www.bartola.co.uk/valves/2026/01/24/new-hosting/,New hosting,https://www.bartola.co.uk/valves/2026/01/24/new-hosting/,,project_page,,,1,9dc818dfa7a58e69
1w,https://www.bartola.co.uk/valves/2025/01/26/slcf-to-the-rescue/,Slcf to the rescue,https://www.bartola.co.uk/valves/2025/01/26/slcf-to-the-rescue/,,project_page,,,1,3f0d8dafb4548320
1x,https://www.bartola.co.uk/valves/2024/11/22/cx-112a-preamp-video/,Cx 112a preamp video,https://www.bartola.co.uk/valves/2024/11/22/cx-112a-preamp-video/,,project_page,,,1,ce8946cb037538aa
1y,https://www.bartola.co.uk/valves/2024/11/19/hybrid-mu-follower-pcb-ver-0-8-video/,Hybrid mu follower pcb ver 0 8 video,https://www.bartola.co.uk/valves/2024/11/19/hybrid-mu-follower-pcb-ver-0-8-video/,,project_page,,,1,4175b6b9f4e11b5b
1z,https://www.bartola.co.uk/valves/2024/11/12/hybrid-mu-follower-boards-in-smd/,Hybrid mu follower boards in smd,https://www.bartola.co.uk/valves/2024/11/12/hybrid-mu-follower-boards-in-smd/,,project_page,,,1,ecb49ec98b185c6b
2,https://www.bartola.co.uk/valves/for-sale/gyrator-pcb/,Gyrator pcb,https://www.bartola.co.uk/valves/for-sale/gyrator-pcb/,,project_page,,,1,c34c912568f3db86
20,https://www.bartola.co.uk/valves/2020/03/31/3-versions-of-the-gyrator-board/,3 versions of the gyrator board,https://www.bartola.co.uk/valves/2020/03/31/3-versions-of-the-gyrator-board/,,project_page,,,1,683516949655af80
21,https://www.bartola.co.uk/valves/2024/09/08/lr8-reg-a-handy-utility-block/,Lr8 reg a handy utility block,https://www.bartola.co.uk/valves/2024/09/08/lr8-reg-a-handy-utility-block/,,project_page,,,1,cae2a86f711bee6e
22,https://www.bartola.co.uk/valves/2024/05/06/ccs-in-power-supplies/,Ccs in power supplies,https://www.bartola.co.uk/valves/2024/05/06/ccs-in-power-supplies/,,project_page,,,1,b102f899b2888132
23,https://www.bartola.co.uk/valves/2024/04/12/cap-multiplier-pcb-build-guide-and-bom/,Cap multiplier pcb build guide and bom,https://www.bartola.co.uk/valves/2024/04/12/cap-multiplier-pcb-build-guide-and-bom/,,project_page,,,1,67dd2c7e49683f24
24,https://www.bartola.co.uk/valves/2024/03/22/im-back/,Im back,https://www.bartola.co.uk/valves/2024/03/22/im-back/,,project_page,,,1,f98ff01b2457a792
25,https://www.bartola.co.uk/valves/page/2/,2,https://www.bartola.co.uk/valves/page/2/,,project_page,,,1,2bd1cf97840f8fc6
26,https://www.bartola.co.uk/valves/page/60/,60,https://www.bartola.co.uk/valves/page/60/,,project_page,,,1,1039a82ea161a41a
27,https://www.bartola.co.uk/valves/2016/01/23/gyrator-pcb-boards-arrived/,Gyrator pcb boards arrived,https://www.bartola.co.uk/valves/2016/01/23/gyrator-pcb-boards-arrived/,,project_page,,,1,709d97b512fbbe66
28,https://www.bartola.co.uk/valves/2020/02/19/300b-filament-supply/,300b filament supply,https://www.bartola.co.uk/valves/2020/02/19/300b-filament-supply/,,project_page,,,1,d5a3cfaded92f009
29,https://www.bartola.co.uk/valves/2019/02/03/hybrid-mu-follower-aka-gyrator-rev08-pcb-update/,Hybrid mu follower aka gyrator rev08 pcb update,https://www.bartola.co.uk/valves/2019/02/03/hybrid-mu-follower-aka-gyrator-rev08-pcb-update/,,project_page,,,1,fa3a95f03e80acfb
2a,https://www.bartola.co.uk/valves/2018/03/13/gm-70-se-amplifier/,Gm 70 se amplifier,https://www.bartola.co.uk/valves/2018/03/13/gm-70-se-amplifier/,,project_page,,,1,2c64299fb63dd441
2b,https://www.bartola.co.uk/valves/2012/10/13/new-ht-bench-supply/,New ht bench supply,https://www.bartola.co.uk/valves/2012/10/13/new-ht-bench-supply/,,project_page,,,1,c0a5bc8f0062a449
2c,https://www.bartola.co.uk/valves/2013/11/23/814-se-a2-amplifier/,814 se a2 amplifier,https://www.bartola.co.uk/valves/2013/11/23/814-se-a2-amplifier/,,project_page,,,1,294a4753a72b54d3
2d,https://www.bartola.co.uk/valves/2017/02/14/schade-se-amp-example/,Schade se amp example,https://www.bartola.co.uk/valves/2017/02/14/schade-se-amp-example/,,project_page,,,1,5287df4955255a6d
2e,https://www.bartola.co.uk/valves/2023/11/03/short-of-sand/,Short of sand,https://www.bartola.co.uk/valves/2023/11/03/short-of-sand/,,project_page,,,1,4c169e3d90f9a052
2f,https://www.bartola.co.uk/valves/2023/03/13/gu-50-spice-model/,Gu 50 spice model,https://www.bartola.co.uk/valves/2023/03/13/gu-50-spice-model/,,project_page,,,1,1bebb3eeb5507636
2g,https://www.bartola.co.uk/valves/2022/12/28/gassy-nightmare/,Gassy nightmare,https://www.bartola.co.uk/valves/2022/12/28/gassy-nightmare/,,project_page,,,1,626cc0ff46b44167
2h,https://www.bartola.co.uk/valves/2022/12/27/merry-christmas-2/,Merry christmas 2,https://www.bartola.co.uk/valves/2022/12/27/merry-christmas-2/,,project_page,,,1,52b00ad75d4249dd
2i,https://www.bartola.co.uk/valves/2022/10/30/6e6p-dr-curves-6%d1%8d6%d0%bf-%d0%b4%d1%80/,6e6p dr curves 6%d1%8d6%d0%bf %d0%b4%d1%80,https://www.bartola.co.uk/valves/2022/10/30/6e6p-dr-curves-6%d1%8d6%d0%bf-%d0%b4%d1%80/,,project_page,,,1,4c57b5b70faee707
2j,http://www.bartola.co.uk/valves/2017/10/29/ba-dht-preamp-part-ii/,Ba dht preamp part ii,http://www.bartola.co.uk/valves/2017/10/29/ba-dht-preamp-part-ii/,,project_page,,,1,3693f92b018245f2
2k,http://www.bartola.co.uk/valves/2017/03/26/vt-25-dht-preamp-update/,Vt 25 dht preamp update,http://www.bartola.co.uk/valves/2017/03/26/vt-25-dht-preamp-update/,,project_page,,,1,759e604baec02163
2l,http://www.bartola.co.uk/valves/2016/05/11/filament-bias-a-practical-example-with-3a5-dht/,Filament bias a practical example with 3a5 dht,http://www.bartola.co.uk/valves/2016/05/11/filament-bias-a-practical-example-with-3a5-dht/,,project_page,,,1,2a8552e314a88d26
2m,http://www.bartola.co.uk/valves/2016/04/22/cx371a-71a-dht-preamp/,Cx371a 71a dht preamp,http://www.bartola.co.uk/valves/2016/04/22/cx371a-71a-dht-preamp/,,project_page,,,1,a8c87c41cab791f8
2n,http://www.bartola.co.uk/valves/2016/04/23/27-preamp/,27 preamp,http://www.bartola.co.uk/valves/2016/04/23/27-preamp/,,project_page,,,1,0d1f1d798364c394
2o,http://www.bartola.co.uk/valves/2016/03/08/russian-pse-in-steroids-01a-into-4p1l-part-iii/,Russian pse in steroids 01a into 4p1l part iii,http://www.bartola.co.uk/valves/2016/03/08/russian-pse-in-steroids-01a-into-4p1l-part-iii/,,project_page,,,1,5099d8c0cb6ab382
2p,http://www.bartola.co.uk/valves/2017/06/18/6%d0%b649%d0%bf-%d0%b4%d1%806j49p-dr-high-gain-stage/,6%d0%b649%d0%bf %d0%b4%d1%806j49p dr high gain stage,http://www.bartola.co.uk/valves/2017/06/18/6%d0%b649%d0%bf-%d0%b4%d1%806j49p-dr-high-gain-stage/,,project_page,,,1,863dfb5cc5b094b8
2q,http://www.bartola.co.uk/valves/2017/06/04/6sf5-driver-for-300bgm70813-se-amps/,6sf5 driver for 300bgm70813 se amps,http://www.bartola.co.uk/valves/2017/06/04/6sf5-driver-for-300bgm70813-se-amps/,,project_page,,,1,eeaf7b81a0823a2e
2r,http://www.bartola.co.uk/valves/2016/12/04/headphone-parafeed-amp-part-i/,Headphone parafeed amp part i,http://www.bartola.co.uk/valves/2016/12/04/headphone-parafeed-amp-part-i/,,project_page,,,1,a5f8c44dd9520811
2s,http://www.bartola.co.uk/valves/2015/12/21/slew-rate-in-preamps/,Slew rate in preamps,http://www.bartola.co.uk/valves/2015/12/21/slew-rate-in-preamps/,,project_page,,,1,d0d919a7dbce43e2
2t,http://www.bartola.co.uk/valves/2015/12/27/slew-rate-part-2/,Slew rate part 2,http://www.bartola.co.uk/valves/2015/12/27/slew-rate-part-2/,,project_page,,,1,1694cd410522c87f
2u,http://www.bartola.co.uk/valves/2016/01/07/slew-rate-part-iii/,Slew rate part iii,http://www.bartola.co.uk/valves/2016/01/07/slew-rate-part-iii/,,project_page,,,1,428b3aef72c7e0ad
2v,http://www.bartola.co.uk/valves/2016/01/09/slew-rate-part-iv-and-source-followers/,Slew rate part iv and source followers,http://www.bartola.co.uk/valves/2016/01/09/slew-rate-part-iv-and-source-followers/,,project_page,,,1,ae9844794af2935a
2w,http://www.bartola.co.uk/valves/2017/05/29/dht-phono-stage-test/,Dht phono stage test,http://www.bartola.co.uk/valves/2017/05/29/dht-phono-stage-test/,,project_page,,,1,35476366cbb07c7d
2x,http://www.bartola.co.uk/valves/2020/01/03/cap-multiplier-boards-rev04/,Cap multiplier boards rev04,http://www.bartola.co.uk/valves/2020/01/03/cap-multiplier-boards-rev04/,,project_page,,,1,119e4da392e522ed
2y,http://www.bartola.co.uk/valves/cables/,Cables,http://www.bartola.co.uk/valves/cables/,,project_page,,,1,99e63d843d2408ba
2z,https://www.bartola.co.uk/valves/2021/08/20/ll1943-sut-pcb-v02-balanced-option/,Ll1943 sut pcb v02 balanced option,https://www.bartola.co.uk/valves/2021/08/20/ll1943-sut-pcb-v02-balanced-option/,,project_page,,,1,e6292f5fabe765f8
3,https://www.bartola.co.uk/valves/old-articles-archive/,Old articles archive,https://www.bartola.co.uk/valves/old-articles-archive/,,project_page,,,1,7254e33880bcfa75
30,https://www.bartola.co.uk/valves/2019/11/02/dht-lt-power-supply-pcb-tests/,Dht lt power supply pcb tests,https://www.bartola.co.uk/valves/2019/11/02/dht-lt-power-supply-pcb-tests/,,project_page,,,1,ea1063c98da1ba58
31,https://www.bartola.co.uk/valves/2017/04/23/ux4-and-ux5-teflon-sockets/,Ux4 and ux5 teflon sockets,https://www.bartola.co.uk/valves/2017/04/23/ux4-and-ux5-teflon-sockets/,,project_page,,,1,d18c86d3fa3987f6
32,https://www.bartola.co.uk/valves/2017/05/13/gyrator-pcb-hack-final-enhancement-mosfet-design/,Gyrator pcb hack final enhancement mosfet design,https://www.bartola.co.uk/valves/2017/05/13/gyrator-pcb-hack-final-enhancement-mosfet-design/,,project_page,,,1,f622542599394373
33,http://www.bartola.co.uk/valves/2016/12/30/3b7-dht-preamplifier/,3b7 dht preamplifier,http://www.bartola.co.uk/valves/2016/12/30/3b7-dht-preamplifier/,,project_page,,,1,e930979f61c7856d
34,http://www.bartola.co.uk/valves/2016/11/19/uv-201a-preamp-test/,Uv 201a preamp test,http://www.bartola.co.uk/valves/2016/11/19/uv-201a-preamp-test/,,project_page,,,1,b0f6a13c9541ca6b
35,http://www.bartola.co.uk/valves/2017/07/30/source-follower-pcb/,Source follower pcb,http://www.bartola.co.uk/valves/2017/07/30/source-follower-pcb/,,project_page,,,1,80de33adc4b223f9
36,http://www.bartola.co.uk/valves/2017/02/05/4p1l-pse-amp-finished/,4p1l pse amp finished,http://www.bartola.co.uk/valves/2017/02/05/4p1l-pse-amp-finished/,,project_page,,,1,7611e877494e7aea
37,http://www.bartola.co.uk/valves/2017/07/09/gyrator-pcb-update-rev07/,Gyrator pcb update rev07,http://www.bartola.co.uk/valves/2017/07/09/gyrator-pcb-update-rev07/,,project_page,,,1,30ce7e1b98cdb310
38,https://www.bartola.co.uk/valves/2017/08/14/uv-201a-dht-preamp-revisited/sv201a-build03/,Sv201a build03,https://www.bartola.co.uk/valves/2017/08/14/uv-201a-dht-preamp-revisited/sv201a-build03/,,project_page,,,1,8db4d4547a66822d
39,https://www.bartola.co.uk/valves/2017/08/14/uv-201a-dht-preamp-revisited/sv201a-build04/,Sv201a build04,https://www.bartola.co.uk/valves/2017/08/14/uv-201a-dht-preamp-revisited/sv201a-build04/,,project_page,,,1,31f059c0bcc124fa
3a,https://www.bartola.co.uk/valves/2017/08/14/uv-201a-dht-preamp-revisited/sv201a-build01/,Sv201a build01,https://www.bartola.co.uk/valves/2017/08/14/uv-201a-dht-preamp-revisited/sv201a-build01/,,project_page,,,1,1b408582449693e9
3b,https://www.bartola.co.uk/valves/2017/08/14/uv-201a-dht-preamp-revisited/sv201a-build05/,Sv201a build05,https://www.bartola.co.uk/valves/2017/08/14/uv-201a-dht-preamp-revisited/sv201a-build05/,,project_page,,,1,44eb49cc1b156674
3c,http://www.bartola.co.uk/valves/2017/01/15/01a-preamp-gen2-build-complete/,01a preamp gen2 build complete,http://www.bartola.co.uk/valves/2017/01/15/01a-preamp-gen2-build-complete/,,project_page,,,1,9cf9a3a2cff07fc9
3d,http://www.bartola.co.uk/valves/2016/08/27/tonys-01a-preamp/,Tonys 01a preamp,http://www.bartola.co.uk/valves/2016/08/27/tonys-01a-preamp/,,project_page,,,1,6f956e5271ce6e1b
3e,https://www.bartola.co.uk/valves/2017/08/20/4p1l-4%d0%bf1%d0%bb-siberian-gen4-in-screen-mode/,4p1l 4%d0%bf1%d0%bb siberian gen4 in screen mode,https://www.bartola.co.uk/valves/2017/08/20/4p1l-4%d0%bf1%d0%bb-siberian-gen4-in-screen-mode/,,project_page,,,1,080906d8f72a8f95
3f,http://www.bartola.co.uk/valves/2016/06/12/2p29l-preamp-and-driver-for-4p1l-pse-amp/,2p29l preamp and driver for 4p1l pse amp,http://www.bartola.co.uk/valves/2016/06/12/2p29l-preamp-and-driver-for-4p1l-pse-amp/,,project_page,,,1,3cd634452ad496a6
3g,http://www.bartola.co.uk/valves/2012/12/19/2%d0%b627%d0%bb-2sh27l-2z27l/,2%d0%b627%d0%bb 2sh27l 2z27l,http://www.bartola.co.uk/valves/2012/12/19/2%d0%b627%d0%bb-2sh27l-2z27l/,,project_page,,,1,08f28cbace3be66b
3h,https://www.bartola.co.uk/valves/2017/06/23/2%D0%B627%D0%BB-2z27l-dht-preamp/,2%D0%B627%D0%BB 2z27l dht preamp,https://www.bartola.co.uk/valves/2017/06/23/2%D0%B627%D0%BB-2z27l-dht-preamp/,,project_page,,,1,04ca512715e04029
3i,http://www.bartola.co.uk/valves/2014/10/26/01a-preamp-gen2/,01a preamp gen2,http://www.bartola.co.uk/valves/2014/10/26/01a-preamp-gen2/,,project_page,,,1,601f4d3bd23b9ee7
3j,http://www.bartola.co.uk/valves/2014/08/24/starlight-cd-transport-and-discrete-dac-finished/,Starlight cd transport and discrete dac finished,http://www.bartola.co.uk/valves/2014/08/24/starlight-cd-transport-and-discrete-dac-finished/,,project_page,,,1,59b3475862c4f21c
3k,http://www.bartola.co.uk/valves/2014/04/18/4p1l-siberian-dht-preamp-gen3/,4p1l siberian dht preamp gen3,http://www.bartola.co.uk/valves/2014/04/18/4p1l-siberian-dht-preamp-gen3/,,project_page,,,1,e75620eaa855f565
3l,http://www.bartola.co.uk/valves/2012/12/16/improving-the-cx301a-dht-pre-amp/,Improving the cx301a dht pre amp,http://www.bartola.co.uk/valves/2012/12/16/improving-the-cx301a-dht-pre-amp/,,project_page,,,1,7c9d0a8992631bc5
3m,http://www.bartola.co.uk/valves/2014/11/08/01a-preamp-gen2-build-part-1/,01a preamp gen2 build part 1,http://www.bartola.co.uk/valves/2014/11/08/01a-preamp-gen2-build-part-1/,,project_page,,,1,547097aa904eba73
3n,http://www.bartola.co.uk/valves/2014/11/15/01a-preamp-gen2-build-part-2/,01a preamp gen2 build part 2,http://www.bartola.co.uk/valves/2014/11/15/01a-preamp-gen2-build-part-2/,,project_page,,,1,c4e5dd50b55c238e
3o,http://www.bartola.co.uk/valves/2014/12/07/01a-preamp-gen2-build-part-3/,01a preamp gen2 build part 3,http://www.bartola.co.uk/valves/2014/12/07/01a-preamp-gen2-build-part-3/,,project_page,,,1,d6e6803292c3a2ee
3p,http://www.bartola.co.uk/valves/2014/12/21/01a-preamp-gen2-build-part-4/,01a preamp gen2 build part 4,http://www.bartola.co.uk/valves/2014/12/21/01a-preamp-gen2-build-part-4/,,project_page,,,1,9b62e69025dc4917
3q,http://www.bartola.co.uk/valves/2014/12/27/01a-preamp-build-part-5/,01a preamp build part 5,http://www.bartola.co.uk/valves/2014/12/27/01a-preamp-build-part-5/,,project_page,,,1,572b0ec04f227923
3r,http://www.bartola.co.uk/valves/2015/01/05/01a-preamp-gen2-finished/,01a preamp gen2 finished,http://www.bartola.co.uk/valves/2015/01/05/01a-preamp-gen2-finished/,,project_page,,,1,616641b6af441946
3s,http://www.bartola.co.uk/valves/2014/04/21/4p1l-dht-preamp-siberian-gen3-finished/,4p1l dht preamp siberian gen3 finished,http://www.bartola.co.uk/valves/2014/04/21/4p1l-dht-preamp-siberian-gen3-finished/,,project_page,,,1,1f73de1f37fd6152
3t,https://www.bartola.co.uk/valves/2017/06/25/4p1l-4%D0%BF1%D0%BB-siberian-gen4-dht-preamplifier/,4p1l 4%D0%BF1%D0%BB siberian gen4 dht preamplifier,https://www.bartola.co.uk/valves/2017/06/25/4p1l-4%D0%BF1%D0%BB-siberian-gen4-dht-preamplifier/,,project_page,,,1,973b13680bf54659
3u,http://www.bartola.co.uk/valves/2012/06/29/4%d0%bf1%d0%bb4p1l-triode-curves/,4%d0%bf1%d0%bb4p1l triode curves,http://www.bartola.co.uk/valves/2012/06/29/4%d0%bf1%d0%bb4p1l-triode-curves/,,project_page,,,1,dc4e5fdc7c2b9add
3v,http://www.bartola.co.uk/valves/2013/10/28/2663/,2663,http://www.bartola.co.uk/valves/2013/10/28/2663/,,project_page,,,1,469bc683bd960c6b
3w,http://www.bartola.co.uk/valves/2014/04/13/4p1l-siberian-gen3-loctal-socket-board/,4p1l siberian gen3 loctal socket board,http://www.bartola.co.uk/valves/2014/04/13/4p1l-siberian-gen3-loctal-socket-board/,,project_page,,,1,4607cb7dc4ab91fb
3x,http://www.bartola.co.uk/valves/2014/04/06/siberian-dht-preamp-gen3-filament-supply/,Siberian dht preamp gen3 filament supply,http://www.bartola.co.uk/valves/2014/04/06/siberian-dht-preamp-gen3-filament-supply/,,project_page,,,1,1061e5d0486d2973
3y,http://www.bartola.co.uk/valves/2012/06/08/cx301a-dht-pre-amplifier/,Cx301a dht pre amplifier,http://www.bartola.co.uk/valves/2012/06/08/cx301a-dht-pre-amplifier/,,project_page,,,1,060c02419fa9a7b3
3z,http://www.bartola.co.uk/valves/2012/07/09/new-output-transformer-for-the-01a-26-pre-amps/,New output transformer for the 01a 26 pre amps,http://www.bartola.co.uk/valves/2012/07/09/new-output-transformer-for-the-01a-26-pre-amps/,,project_page,,,1,15bd48b8436d94f7
4,https://www.bartola.co.uk/valves/ale-moglias-cartoons/,Ale moglias cartoons,https://www.bartola.co.uk/valves/ale-moglias-cartoons/,,project_page,,,1,b431d25bdf24970e
40,http://www.bartola.co.uk/valves/2012/08/16/russian-voltage-regulator-test/,Russian voltage regulator test,http://www.bartola.co.uk/valves/2012/08/16/russian-voltage-regulator-test/,,project_page,,,1,c2cc86ab16ff8b35
41,http://www.bartola.co.uk/valves/2012/08/26/new-modular-preamp-2601a-and-4p1l/,New modular preamp 2601a and 4p1l,http://www.bartola.co.uk/valves/2012/08/26/new-modular-preamp-2601a-and-4p1l/,,project_page,,,1,b73585a7e54c748f
42,http://www.bartola.co.uk/valves/2013/02/20/26-dht-preamp-gen2-by-rui-lourenco/,26 dht preamp gen2 by rui lourenco,http://www.bartola.co.uk/valves/2013/02/20/26-dht-preamp-gen2-by-rui-lourenco/,,project_page,,,1,37867e10ec356c0e
43,http://www.bartola.co.uk/valves/2012/10/13/26-preamp-gen2-article/,26 preamp gen2 article,http://www.bartola.co.uk/valves/2012/10/13/26-preamp-gen2-article/,,project_page,,,1,1b0d0b68007544d0
44,http://www.bartola.co.uk/valves/2018/01/28/emission-labs-20am-first-tests/,Emission labs 20am first tests,http://www.bartola.co.uk/valves/2018/01/28/emission-labs-20am-first-tests/,,project_page,,,1,439bf818c243b544
45,https://www.bartola.co.uk/valves/2018/03/18/complete-gyrator-boards-for-sale/,Complete gyrator boards for sale,https://www.bartola.co.uk/valves/2018/03/18/complete-gyrator-boards-for-sale/,,project_page,,,1,3e6422742fd5c953
46,https://www.bartola.co.uk/valves/2018/03/29/4p1l-pse-class-a2-amplifier/,4p1l pse class a2 amplifier,https://www.bartola.co.uk/valves/2018/03/29/4p1l-pse-class-a2-amplifier/,,project_page,,,1,8f926d9c1c7f3e5a
47,http://www.bartola.co.uk/valves/2016/10/09/uv4-ptfe-sockets/,Uv4 ptfe sockets,http://www.bartola.co.uk/valves/2016/10/09/uv4-ptfe-sockets/,,project_page,,,1,fdac1d7f8ff4719e
48,http://www.bartola.co.uk/valves/2018/08/09/dht-audio-shootout-london/,Dht audio shootout london,http://www.bartola.co.uk/valves/2018/08/09/dht-audio-shootout-london/,,project_page,,,1,ea839781db45effd
49,http://www.bartola.co.uk/valves/2018/08/13/er801a-driver-stage/,Er801a driver stage,http://www.bartola.co.uk/valves/2018/08/13/er801a-driver-stage/,,project_page,,,1,9c56452189bbee41
4a,https://www.bartola.co.uk/valves/2020/06/22/ux-120-dht-preamp-into-300b/,Ux 120 dht preamp into 300b,https://www.bartola.co.uk/valves/2020/06/22/ux-120-dht-preamp-into-300b/,,project_page,,,1,b53412b19e1be5a8
4b,https://www.bartola.co.uk/valves/2018/08/17/django-reinhardt/,Django reinhardt,https://www.bartola.co.uk/valves/2018/08/17/django-reinhardt/,,project_page,,,1,433e4ca912144b94
4c,https://www.bartola.co.uk/valves/2018/09/03/01a-with-filament-sic-bias/,01a with filament sic bias,https://www.bartola.co.uk/valves/2018/09/03/01a-with-filament-sic-bias/,,project_page,,,1,1a8c9d5c38035797
4d,https://www.bartola.co.uk/valves/valve-curves/6p36s-6%D0%BF36%D1%81-triode/,6p36s 6%D0%BF36%D1%81 triode,https://www.bartola.co.uk/valves/valve-curves/6p36s-6%D0%BF36%D1%81-triode/,,project_page,,,1,d209feaf15a6af39
4e,https://www.bartola.co.uk/valves/valve-curves/d3a-pentode/d3a-pentode-vs100v-2/,D3a pentode vs100v 2,https://www.bartola.co.uk/valves/valve-curves/d3a-pentode/d3a-pentode-vs100v-2/,,project_page,,,1,e2ccd1a01217a01a
4f,https://www.bartola.co.uk/valves/valve-curves/d3a-pentode/d3a-pentode-vs125v/,D3a pentode vs125v,https://www.bartola.co.uk/valves/valve-curves/d3a-pentode/d3a-pentode-vs125v/,,project_page,,,1,e100629594c4d359
4g,https://www.bartola.co.uk/valves/valve-curves/d3a-pentode/d3a-pentode-vs150v-2/,D3a pentode vs150v 2,https://www.bartola.co.uk/valves/valve-curves/d3a-pentode/d3a-pentode-vs150v-2/,,project_page,,,1,e6368e8e8aeedee9
4h,http://www.bartola.co.uk/valves/2013/01/07/4p1l-spice-model-updated/,4p1l spice model updated,http://www.bartola.co.uk/valves/2013/01/07/4p1l-spice-model-updated/,,project_page,,,1,52ba1934c2670ab8
4i,http://www.bartola.co.uk/valves/2013/01/06/4p1l-pentode-spice-model/,4p1l pentode spice model,http://www.bartola.co.uk/valves/2013/01/06/4p1l-pentode-spice-model/,,project_page,,,1,5e41471193ee7fde
4j,http://www.bartola.co.uk/valves/2013/01/19/3a5-dht/,3a5 dht,http://www.bartola.co.uk/valves/2013/01/19/3a5-dht/,,project_page,,,1,1961c3f115527430
4k,http://www.bartola.co.uk/valves/2013/01/19/3a5-dht-continued/,3a5 dht continued,http://www.bartola.co.uk/valves/2013/01/19/3a5-dht-continued/,,project_page,,,1,88498e89bf42de21
4l,https://www.bartola.co.uk/valves/valve-curves/6e6p-e6%D1%8D6%D0%BF-e-in-triode-mode/,6e6p e6%D1%8D6%D0%BF e in triode mode,https://www.bartola.co.uk/valves/valve-curves/6e6p-e6%D1%8D6%D0%BF-e-in-triode-mode/,,project_page,,,1,e049c86a825f6e60
4m,http://www.bartola.co.uk/valves/2018/04/01/driving-hard-part-i/,Driving hard part i,http://www.bartola.co.uk/valves/2018/04/01/driving-hard-part-i/,,project_page,,,1,9fa0188b069cdc15
4n,http://www.bartola.co.uk/valves/2020/05/05/300b-se-amp-build-part-v-fixed-bias/,300b se amp build part v fixed bias,http://www.bartola.co.uk/valves/2020/05/05/300b-se-amp-build-part-v-fixed-bias/,,project_page,,,1,7158a73894232cbe
4o,http://www.bartola.co.uk/valves/2020/05/31/300b-se-amplifier-finished/,300b se amplifier finished,http://www.bartola.co.uk/valves/2020/05/31/300b-se-amplifier-finished/,,project_page,,,1,42a79aacf82c6b33
4p,http://www.bartola.co.uk/valves/2019/09/01/etf-19-cartoons/,Etf 19 cartoons,http://www.bartola.co.uk/valves/2019/09/01/etf-19-cartoons/,,project_page,,,1,34917576dfc03da7
4q,http://www.bartola.co.uk/valves/2020/04/14/300b-se-amp-here-we-go/,300b se amp here we go,http://www.bartola.co.uk/valves/2020/04/14/300b-se-amp-here-we-go/,,project_page,,,1,682d174b8bf5f033
4r,http://www.bartola.co.uk/valves/2020/04/28/300b-se-amp-build-part-ii/,300b se amp build part ii,http://www.bartola.co.uk/valves/2020/04/28/300b-se-amp-build-part-ii/,,project_page,,,1,160de0a761959d47
4s,http://www.bartola.co.uk/valves/2020/04/30/300b-se-amp-build-part-iii-layout/,300b se amp build part iii layout,http://www.bartola.co.uk/valves/2020/04/30/300b-se-amp-build-part-iii-layout/,,project_page,,,1,8bbea6217e1d99db
4t,http://www.bartola.co.uk/valves/2020/05/03/300b-se-amp-build-part-iv-board-1-finished/,300b se amp build part iv board 1 finished,http://www.bartola.co.uk/valves/2020/05/03/300b-se-amp-build-part-iv-board-1-finished/,,project_page,,,1,85a796ce863965fa
4u,http://www.bartola.co.uk/valves/2020/05/09/300b-se-amp-build-part-vi-fixed-bias-board/,300b se amp build part vi fixed bias board,http://www.bartola.co.uk/valves/2020/05/09/300b-se-amp-build-part-vi-fixed-bias-board/,,project_page,,,1,67c87b741d664ef0
4v,http://www.bartola.co.uk/valves/2020/05/12/300b-se-amp-build-part-vii-d3a-driver/,300b se amp build part vii d3a driver,http://www.bartola.co.uk/valves/2020/05/12/300b-se-amp-build-part-vii-d3a-driver/,,project_page,,,1,8b2446636ef7d8c6
4w,http://www.bartola.co.uk/valves/2020/05/12/300b-se-amp-build-part-viii-cap-boards/,300b se amp build part viii cap boards,http://www.bartola.co.uk/valves/2020/05/12/300b-se-amp-build-part-viii-cap-boards/,,project_page,,,1,29445505dfe2eee6
4x,http://www.bartola.co.uk/valves/2020/05/15/300b-se-amp-build-part-ix-layout/,300b se amp build part ix layout,http://www.bartola.co.uk/valves/2020/05/15/300b-se-amp-build-part-ix-layout/,,project_page,,,1,427b77cae4f63d5b
4y,http://www.bartola.co.uk/valves/2012/06/17/thd-benchmark/,Thd benchmark,http://www.bartola.co.uk/valves/2012/06/17/thd-benchmark/,,project_page,,,1,d21004e971c949ef
4z,http://www.bartola.co.uk/valves/2012/06/23/26-thd-analysis/,26 thd analysis,http://www.bartola.co.uk/valves/2012/06/23/26-thd-analysis/,,project_page,,,1,233786acd8c6054e
5,https://www.bartola.co.uk/valves/curve-tracer/,Curve tracer,https://www.bartola.co.uk/valves/curve-tracer/,,project_page,,,1,be220fd26c072f74
50,http://www.bartola.co.uk/valves/2012/10/26/955-vt-121/,955 vt 121,http://www.bartola.co.uk/valves/2012/10/26/955-vt-121/,,project_page,,,1,7b66a95ba8a4cdf3
51,http://www.bartola.co.uk/valves/2012/11/09/24a-tetrode-driver-thd/,24a tetrode driver thd,http://www.bartola.co.uk/valves/2012/11/09/24a-tetrode-driver-thd/,,project_page,,,1,42aa33cdcf3dbc3c
52,https://www.bartola.co.uk/valves/2019/02/08/bootstrapped-cf-slcf-pcb-tests/,Bootstrapped cf slcf pcb tests,https://www.bartola.co.uk/valves/2019/02/08/bootstrapped-cf-slcf-pcb-tests/,,project_page,,,1,8a4b65d5688f1b49
53,https://www.bartola.co.uk/valves/2018/12/01/etf-18-dht-preamps-lecture/,Etf 18 dht preamps lecture,https://www.bartola.co.uk/valves/2018/12/01/etf-18-dht-preamps-lecture/,,project_page,,,1,22c33b2e1ae408f9
54,https://www.bartola.co.uk/valves/2020/03/31/01a-preamp-from-south-korea/,01a preamp from south korea,https://www.bartola.co.uk/valves/2020/03/31/01a-preamp-from-south-korea/,,project_page,,,1,06a08cea6f65c54f
55,https://www.bartola.co.uk/valves/2020/04/01/mini-ccs/,Mini ccs,https://www.bartola.co.uk/valves/2020/04/01/mini-ccs/,,project_page,,,1,5391f7a190a6eac6
56,https://www.bartola.co.uk/valves/2022/10/15/website-restored/,Website restored,https://www.bartola.co.uk/valves/2022/10/15/website-restored/,,project_page,,,1,fdb6384989b8f7cc
57,https://www.bartola.co.uk/valves/2022/09/01/4p1l-pse-amplifier-for-sale/,4p1l pse amplifier for sale,https://www.bartola.co.uk/valves/2022/09/01/4p1l-pse-amplifier-for-sale/,,project_page,,,1,7c081129a0239d18
58,https://www.bartola.co.uk/valves/2012/12/29/4-65a-se-amp-46-driver-raw-supply/,4 65a se amp 46 driver raw supply,https://www.bartola.co.uk/valves/2012/12/29/4-65a-se-amp-46-driver-raw-supply/,,project_page,,,1,a6e40ce2c30c2da2
59,https://www.bartola.co.uk/valves/2022/08/28/bartola-valves-book-scam/,Bartola valves book scam,https://www.bartola.co.uk/valves/2022/08/28/bartola-valves-book-scam/,,project_page,,,1,ae4beae3ddce6cb0
5a,https://www.bartola.co.uk/valves/2022/05/15/6p36s-mono-se-amp/,6p36s mono se amp,https://www.bartola.co.uk/valves/2022/05/15/6p36s-mono-se-amp/,,project_page,,,1,59e6f038d22cf582
5b,https://www.bartola.co.uk/valves/2022/03/14/811a-se-amplifier-with-a-twist/,811a se amplifier with a twist,https://www.bartola.co.uk/valves/2022/03/14/811a-se-amplifier-with-a-twist/,,project_page,,,1,6a87f30f4f8a5190
5c,https://www.bartola.co.uk/valves/page/3/,3,https://www.bartola.co.uk/valves/page/3/,,project_page,,,1,f20a3b8925ed1e85
5d,https://www.bartola.co.uk/valves/2012/05/27/measuring-valve-transconductance/,Measuring valve transconductance,https://www.bartola.co.uk/valves/2012/05/27/measuring-valve-transconductance/,,project_page,,,1,030724021c0e3dd0
5e,http://www.bartola.co.uk/valves/2012/06/02/measuring-transconductance-gm/,Measuring transconductance gm,http://www.bartola.co.uk/valves/2012/06/02/measuring-transconductance-gm/,,project_page,,,1,5aff9fbb09721ebc
5f,https://www.bartola.co.uk/valves/2012/05/27/6e5p-triode-strapped/,6e5p triode strapped,https://www.bartola.co.uk/valves/2012/05/27/6e5p-triode-strapped/,,project_page,,,1,e0240b6ddecd15b3
5g,http://www.bartola.co.uk/valves/wp-content/uploads/2012/05/6E5P_T.txt,6E5P_T.txt,http://www.bartola.co.uk/valves/wp-content/uploads/2012/05/6E5P_T.txt,,schematic,,,1,79f546eeeb0bfa8c
5h,http://www.bartola.co.uk/valves/wp-content/uploads/2012/05/6e5p-spice-model.txt,6e5p-spice-model.txt,http://www.bartola.co.uk/valves/wp-content/uploads/2012/05/6e5p-spice-model.txt,,schematic,,,1,abee3b71c516d270
5i,https://www.bartola.co.uk/valves/2012/05/26/132/,132,https://www.bartola.co.uk/valves/2012/05/26/132/,,project_page,,,1,0a6e0b01d200fb53
5j,https://www.bartola.co.uk/valves/2012/05/25/128/,128,https://www.bartola.co.uk/valves/2012/05/25/128/,,project_page,,,1,d276dd82912c70d8
5k,https://www.bartola.co.uk/valves/2012/05/24/tracer-nearly-finished/,Tracer nearly finished,https://www.bartola.co.uk/valves/2012/05/24/tracer-nearly-finished/,,project_page,,,1,7b278b082c4f4763
5l,https://www.bartola.co.uk/valves/2012/05/21/beautiful-thoriated-tungsten-glow/,Beautiful thoriated tungsten glow,https://www.bartola.co.uk/valves/2012/05/21/beautiful-thoriated-tungsten-glow/,,project_page,,,1,7d653cd48ea92c2d
5m,https://www.bartola.co.uk/valves/2012/05/20/4-65a-triode-curves/,4 65a triode curves,https://www.bartola.co.uk/valves/2012/05/20/4-65a-triode-curves/,,project_page,,,1,951863a6cd69f9ce
5n,https://www.bartola.co.uk/valves/2012/05/19/you-better-driver-yourself/,You better driver yourself,https://www.bartola.co.uk/valves/2012/05/19/you-better-driver-yourself/,,project_page,,,1,ac4834b4ead863c9
5o,https://www.bartola.co.uk/valves/2012/05/17/improved-46-triode-strapped-dht-composite-model/,Improved 46 triode strapped dht composite model,https://www.bartola.co.uk/valves/2012/05/17/improved-46-triode-strapped-dht-composite-model/,,project_page,,,1,c17aac7057a57cf9
5p,http://www.bartola.co.uk/valves/wp-content/uploads/2012/05/46_try1jpg.bmp,46_try1jpg.bmp,http://www.bartola.co.uk/valves/wp-content/uploads/2012/05/46_try1jpg.bmp,,schematic,,,1,a95a35288ea44ce5
5q,https://www.bartola.co.uk/valves/2012/05/13/first-test-post/,First test post,https://www.bartola.co.uk/valves/2012/05/13/first-test-post/,,project_page,,,1,9891671544c83439
5r,https://www.bartola.co.uk/valves/page/59/,59,https://www.bartola.co.uk/valves/page/59/,,project_page,,,1,c674c6c82d3f4e9a
5s,http://www.bartola.co.uk/valves/2015/10/25/dht-day/,Dht day,http://www.bartola.co.uk/valves/2015/10/25/dht-day/,,project_page,,,1,af1948b2808655a3
5t,http://www.bartola.co.uk/valves/2015/02/01/4p1l-siberian-gen1-upgrade/,4p1l siberian gen1 upgrade,http://www.bartola.co.uk/valves/2015/02/01/4p1l-siberian-gen1-upgrade/,,project_page,,,1,574f697ddf8b3780
5u,https://www.bartola.co.uk/valves/2016/01/23/801a-dht-triode-spice-model/,801a dht triode spice model,https://www.bartola.co.uk/valves/2016/01/23/801a-dht-triode-spice-model/,,project_page,,,1,b49bede7875e3294
5v,https://www.bartola.co.uk/valves/2020/02/17/lundahl-transformer-pcbs-ll1943-and-ll7903/,Lundahl transformer pcbs ll1943 and ll7903,https://www.bartola.co.uk/valves/2020/02/17/lundahl-transformer-pcbs-ll1943-and-ll7903/,,project_page,,,1,61ac95d85de95eb7
5w,https://www.bartola.co.uk/valves/2020/03/06/goodbye-mccoy/,Goodbye mccoy,https://www.bartola.co.uk/valves/2020/03/06/goodbye-mccoy/,,project_page,,,1,5aca7ba19265d2da
5x,https://www.bartola.co.uk/valves/2019/02/03/new-listening-room/,New listening room,https://www.bartola.co.uk/valves/2019/02/03/new-listening-room/,,project_page,,,1,cb6f801dd99a36cc
5y,https://www.bartola.co.uk/valves/2018/03/10/john-cale/,John cale,https://www.bartola.co.uk/valves/2018/03/10/john-cale/,,project_page,,,1,dea196afc7e39126
5z,https://www.bartola.co.uk/valves/2018/03/16/elrog-er801-a-review/,Elrog er801 a review,https://www.bartola.co.uk/valves/2018/03/16/elrog-er801-a-review/,,project_page,,,1,fb99c77e36ba3475
6,https://www.bartola.co.uk/valves/for-sale/,For sale,https://www.bartola.co.uk/valves/for-sale/,,project_page,,,1,9a846c01c5d78499
60,https://www.bartola.co.uk/valves/2012/09/26/dont-stand-so-close-to-me/,Dont stand so close to me,https://www.bartola.co.uk/valves/2012/09/26/dont-stand-so-close-to-me/,,project_page,,,1,73735d86f1d95c02
61,http://www.bartola.co.uk/valves/2013/08/11/4-65a-se-amp-testing-it-finally/,4 65a se amp testing it finally,http://www.bartola.co.uk/valves/2013/08/11/4-65a-se-amp-testing-it-finally/,,project_page,,,1,abac18411af95e7f
62,http://www.bartola.co.uk/valves/2013/11/17/814-se-a2-amplifier-part-1/,814 se a2 amplifier part 1,http://www.bartola.co.uk/valves/2013/11/17/814-se-a2-amplifier-part-1/,,project_page,,,1,e47e59f6b4a8b14c
63,http://www.bartola.co.uk/valves/2016/11/27/6э5п-shunt-cascode-driver/,6э5п shunt cascode driver,http://www.bartola.co.uk/valves/2016/11/27/6э5п-shunt-cascode-driver/,,project_page,,,1,a49d9dd8d86d3d79
64,https://www.bartola.co.uk/valves/2013/11/17/6%d0%b652%d0%bf-6z52p-in-triode-mode/,6%d0%b652%d0%bf 6z52p in triode mode,https://www.bartola.co.uk/valves/2013/11/17/6%d0%b652%d0%bf-6z52p-in-triode-mode/,,project_page,,,1,388b6b64576a7763
65,https://www.bartola.co.uk/valves/2013/11/30/turntable-cover/,Turntable cover,https://www.bartola.co.uk/valves/2013/11/30/turntable-cover/,,project_page,,,1,f994d4dab7a3adf5
66,https://www.bartola.co.uk/valves/2017/02/12/pentode-driver-with-gyrator-load/,Pentode driver with gyrator load,https://www.bartola.co.uk/valves/2017/02/12/pentode-driver-with-gyrator-load/,,project_page,,,1,6335d44573029f01
67,https://www.bartola.co.uk/valves/2017/03/12/vt-25-dht-preamplifer/,Vt 25 dht preamplifer,https://www.bartola.co.uk/valves/2017/03/12/vt-25-dht-preamplifer/,,project_page,,,1,865a6cd666e1c8cf
68,https://www.bartola.co.uk/valves/2021/09/26/ht-supply-pcb/,Ht supply pcb,https://www.bartola.co.uk/valves/2021/09/26/ht-supply-pcb/,,project_page,,,1,1c4be7a4a31a7b9d
69,https://www.bartola.co.uk/valves/2013/02/19/6э6п-e-6э6п-др-datasheets/,6э6п e 6э6п др datasheets,https://www.bartola.co.uk/valves/2013/02/19/6э6п-e-6э6п-др-datasheets/,,project_page,,,1,609d1753538b7859
6a,https://www.bartola.co.uk/valves/2022/10/30/6e6p-dr-curves-6%D1%8D6%D0%BF-%D0%B4%D1%80/,6e6p dr curves 6%D1%8D6%D0%BF %D0%B4%D1%80,https://www.bartola.co.uk/valves/2022/10/30/6e6p-dr-curves-6%D1%8D6%D0%BF-%D0%B4%D1%80/,,project_page,,,1,7f7be7aea5121398
6b,http://www.bartola.co.uk/valves/2017/10/14/ba-german-dht-preamp-here-we-go/,Ba german dht preamp here we go,http://www.bartola.co.uk/valves/2017/10/14/ba-german-dht-preamp-here-we-go/,,project_page,,,1,f9440ab0bd60514c
6c,https://www.bartola.co.uk/valves/2017/11/05/2p29l-dht-preamp-again/,2p29l dht preamp again,https://www.bartola.co.uk/valves/2017/11/05/2p29l-dht-preamp-again/,,project_page,,,1,ff8a6f2f28687d8e
6d,https://www.bartola.co.uk/valves/2017/03/24/cx-112a-dht-preamp/,Cx 112a dht preamp,https://www.bartola.co.uk/valves/2017/03/24/cx-112a-dht-preamp/,,project_page,,,1,149406cbcbf86467
6e,https://www.bartola.co.uk/valves/2017/04/14/l3-3-valve-tester-repair/,L3 3 valve tester repair,https://www.bartola.co.uk/valves/2017/04/14/l3-3-valve-tester-repair/,,project_page,,,1,13222d96e34aab3e
6f,https://www.bartola.co.uk/valves/2016/05/08/4p1l-preamp/,4p1l preamp,https://www.bartola.co.uk/valves/2016/05/08/4p1l-preamp/,,project_page,,,1,3bc01f39798adab5
6g,https://www.bartola.co.uk/valves/2016/05/29/rl12p35-german-transmitting-pentodes/,Rl12p35 german transmitting pentodes,https://www.bartola.co.uk/valves/2016/05/29/rl12p35-german-transmitting-pentodes/,,project_page,,,1,a5ab8edbf976fdd6
6h,https://www.bartola.co.uk/valves/2016/04/17/differential-buffer-and-preamp/,Differential buffer and preamp,https://www.bartola.co.uk/valves/2016/04/17/differential-buffer-and-preamp/,,project_page,,,1,9f60cf841257d24c
6i,https://www.bartola.co.uk/valves/2016/05/03/alpair-10m-ft96h-speakers/,Alpair 10m ft96h speakers,https://www.bartola.co.uk/valves/2016/05/03/alpair-10m-ft96h-speakers/,,project_page,,,1,add316eb7c20e8c9
6j,http://www.bartola.co.uk/valves/2016/03/06/russian-pse-in-steroids-6e5p-into-4p1l-part-ii/,Russian pse in steroids 6e5p into 4p1l part ii,http://www.bartola.co.uk/valves/2016/03/06/russian-pse-in-steroids-6e5p-into-4p1l-part-ii/,,project_page,,,1,b161e734d5edcf04
6k,https://www.bartola.co.uk/valves/2016/03/10/russian-pse-in-steroids-01a-into-4p1l-part-iv/,Russian pse in steroids 01a into 4p1l part iv,https://www.bartola.co.uk/valves/2016/03/10/russian-pse-in-steroids-01a-into-4p1l-part-iv/,,project_page,,,1,f6928f115a3c68dd
6l,http://www.bartola.co.uk/valves/2016/01/03/6z49p-dr6j49p-dr-pentode/,6z49p dr6j49p dr pentode,http://www.bartola.co.uk/valves/2016/01/03/6z49p-dr6j49p-dr-pentode/,,project_page,,,1,89b0b94bc03eb340
6m,http://www.bartola.co.uk/valves/2016/11/27/6%d1%8d5%d0%bf-shunt-cascode-driver/,6%d1%8d5%d0%bf shunt cascode driver,http://www.bartola.co.uk/valves/2016/11/27/6%d1%8d5%d0%bf-shunt-cascode-driver/,,project_page,,,1,20885a45485b151c
6n,http://www.bartola.co.uk/valves/2017/06/18/6%D0%B649%D0%BF-%D0%B4%D1%806j49p-dr-high-gain-stage/,6%D0%B649%D0%BF %D0%B4%D1%806j49p dr high gain stage,http://www.bartola.co.uk/valves/2017/06/18/6%D0%B649%D0%BF-%D0%B4%D1%806j49p-dr-high-gain-stage/,,project_page,,,1,d41c6e9d146f80d7
6o,https://www.bartola.co.uk/valves/2017/06/17/custom-transformer-for-discrete-dac/,Custom transformer for discrete dac,https://www.bartola.co.uk/valves/2017/06/17/custom-transformer-for-discrete-dac/,,project_page,,,1,a7375f6c8c189efb
6p,http://www.bartola.co.uk/valves/2015/01/06/300b-amp-the-journey-starts-here/,300b amp the journey starts here,http://www.bartola.co.uk/valves/2015/01/06/300b-amp-the-journey-starts-here/,,project_page,,,1,84fdc79152e3d4a7
6q,http://www.bartola.co.uk/valves/2015/05/17/813-triode-se-with-4p1l-pentode/,813 triode se with 4p1l pentode,http://www.bartola.co.uk/valves/2015/05/17/813-triode-se-with-4p1l-pentode/,,project_page,,,1,7d9bf7cb85bf9e4b
6r,https://www.bartola.co.uk/valves/2017/06/03/2k2m-dhp-test/,2k2m dhp test,https://www.bartola.co.uk/valves/2017/06/03/2k2m-dhp-test/,,project_page,,,1,315188f40bb42ad1
6s,https://www.bartola.co.uk/valves/2016/12/09/the-power-of-music/,The power of music,https://www.bartola.co.uk/valves/2016/12/09/the-power-of-music/,,project_page,,,1,2657b53b5a5a33ed
6t,https://www.bartola.co.uk/valves/2015/12/19/we-16a-horns/,We 16a horns,https://www.bartola.co.uk/valves/2015/12/19/we-16a-horns/,,project_page,,,1,1abfb0ec3343272c
6u,http://www.bartola.co.uk/valves/2015/01/17/01a-preamp-gen2-2/,01a preamp gen2 2,http://www.bartola.co.uk/valves/2015/01/17/01a-preamp-gen2-2/,,project_page,,,1,f8c867b29df28dd8
6v,https://www.bartola.co.uk/valves/2016/01/03/flexible-ht-power-supply-part-ii/,Flexible ht power supply part ii,https://www.bartola.co.uk/valves/2016/01/03/flexible-ht-power-supply-part-ii/,,project_page,,,1,816f4ee2b6403e5e
6w,https://www.bartola.co.uk/valves/2016/01/07/flexible-ht-power-supply-part-iv/,Flexible ht power supply part iv,https://www.bartola.co.uk/valves/2016/01/07/flexible-ht-power-supply-part-iv/,,project_page,,,1,620cbc11e85b19ec
6x,https://www.bartola.co.uk/valves/2016/01/09/slew-rate-part-iv-and-source-followers/ixtp08n100d2-capacitances/,Ixtp08n100d2 capacitances,https://www.bartola.co.uk/valves/2016/01/09/slew-rate-part-iv-and-source-followers/ixtp08n100d2-capacitances/,,project_page,,,1,d79c90f2c6c06235
6y,https://www.bartola.co.uk/valves/2016/01/09/slew-rate-part-iv-and-source-followers/dn2540-capacitances-2/,Dn2540 capacitances 2,https://www.bartola.co.uk/valves/2016/01/09/slew-rate-part-iv-and-source-followers/dn2540-capacitances-2/,,project_page,,,1,e3e7fe955e94607f
6z,https://www.bartola.co.uk/valves/2016/01/09/slew-rate-part-iv-and-source-followers/stp3nk60zfp/,Stp3nk60zfp,https://www.bartola.co.uk/valves/2016/01/09/slew-rate-part-iv-and-source-followers/stp3nk60zfp/,,project_page,,,1,c1e756cd13aa5f8a
7,https://www.bartola.co.uk/valves/for-sale/completed-pcbs-for-sale/,Completed pcbs for sale,https://www.bartola.co.uk/valves/for-sale/completed-pcbs-for-sale/,,project_page,,,1,cae5cceb0130d734
70,http://www.bartola.co.uk/valves/2016/10/08/sic-mosfet-follower-driver/,Sic mosfet follower driver,http://www.bartola.co.uk/valves/2016/10/08/sic-mosfet-follower-driver/,,project_page,,,1,8b3ec6dd148420e9
71,https://www.bartola.co.uk/valves/2020/01/02/6ag5-pentode/,6ag5 pentode,https://www.bartola.co.uk/valves/2020/01/02/6ag5-pentode/,,project_page,,,1,5afdeec755881f4c
72,https://www.bartola.co.uk/valves/2020/01/11/6bs7-low-noise-pentode/,6bs7 low noise pentode,https://www.bartola.co.uk/valves/2020/01/11/6bs7-low-noise-pentode/,,project_page,,,1,567b5e6a161bd32f
73,https://www.bartola.co.uk/valves/2021/06/28/845-813-se-amp-and-the-iron-is-here/,845 813 se amp and the iron is here,https://www.bartola.co.uk/valves/2021/06/28/845-813-se-amp-and-the-iron-is-here/,,project_page,,,1,7d57ee5299cb3d60
74,https://www.bartola.co.uk/valves/2021/08/20/ft-3-coupling-cap-pcb/,Ft 3 coupling cap pcb,https://www.bartola.co.uk/valves/2021/08/20/ft-3-coupling-cap-pcb/,,project_page,,,1,28b89d99d4e252fb
75,https://www.bartola.co.uk/valves/2019/11/02/teflon-sockets-2/,Teflon sockets 2,https://www.bartola.co.uk/valves/2019/11/02/teflon-sockets-2/,,project_page,,,1,00de88ec203eacf7
76,https://www.bartola.co.uk/valves/2019/11/10/6e6p-dr-hp-amp-part-3-measurements/,6e6p dr hp amp part 3 measurements,https://www.bartola.co.uk/valves/2019/11/10/6e6p-dr-hp-amp-part-3-measurements/,,project_page,,,1,24f8fe5962bafd56
77,http://www.bartola.co.uk/valves/2016/03/20/teflon-sockets/,Teflon sockets,http://www.bartola.co.uk/valves/2016/03/20/teflon-sockets/,,project_page,,,1,77f7861234e683e4
78,https://www.bartola.co.uk/valves/2017/04/17/gyrator-hack-enhancement-mode-mosfet-option/,Gyrator hack enhancement mode mosfet option,https://www.bartola.co.uk/valves/2017/04/17/gyrator-hack-enhancement-mode-mosfet-option/,,project_page,,,1,33e9a84cd43bedd0
79,https://www.bartola.co.uk/valves/2016/12/28/4p1l-pse-project-started/,4p1l pse project started,https://www.bartola.co.uk/valves/2016/12/28/4p1l-pse-project-started/,,project_page,,,1,a5a167d537361078
7a,https://www.bartola.co.uk/valves/2017/01/02/4p1l-pump-up-the-current/,4p1l pump up the current,https://www.bartola.co.uk/valves/2017/01/02/4p1l-pump-up-the-current/,,project_page,,,1,49b4e0b8a855b1dd
7b,https://www.bartola.co.uk/valves/2016/11/15/the-world-has-gone-mad/,The world has gone mad,https://www.bartola.co.uk/valves/2016/11/15/the-world-has-gone-mad/,,project_page,,,1,a9456d742e621f74
7c,https://www.bartola.co.uk/valves/2016/11/24/led-zeppelin-the-complete-bbc-sessions/,Led zeppelin the complete bbc sessions,https://www.bartola.co.uk/valves/2016/11/24/led-zeppelin-the-complete-bbc-sessions/,,project_page,,,1,abe80deb38c000c5
7d,https://www.bartola.co.uk/valves/2017/02/05/gyrator-pcb-board-updated-rev06/,Gyrator pcb board updated rev06,https://www.bartola.co.uk/valves/2017/02/05/gyrator-pcb-board-updated-rev06/,,project_page,,,1,d1d9d6b628d971c8
7e,https://www.bartola.co.uk/valves/2017/02/11/gyrator-fet-options-more/,Gyrator fet options more,https://www.bartola.co.uk/valves/2017/02/11/gyrator-fet-options-more/,,project_page,,,1,c4c62e818ed20ad8
7f,https://www.bartola.co.uk/valves/2017/08/14/uv-201a-dht-preamp-revisited/sv201a-test-02-10v/,Sv201a test 02 10v,https://www.bartola.co.uk/valves/2017/08/14/uv-201a-dht-preamp-revisited/sv201a-test-02-10v/,,project_page,,,1,254f6867b6c51bed
7g,https://www.bartola.co.uk/valves/2017/08/14/uv-201a-dht-preamp-revisited/img_4181/,Img 4181,https://www.bartola.co.uk/valves/2017/08/14/uv-201a-dht-preamp-revisited/img_4181/,,project_page,,,1,9678ab7b4973f985
7h,http://www.bartola.co.uk/valves/2017/01/14/01a-preamp-gen2-new-build/,01a preamp gen2 new build,http://www.bartola.co.uk/valves/2017/01/14/01a-preamp-gen2-new-build/,,project_page,,,1,e42ec8ea352fa3d6
7i,https://www.bartola.co.uk/valves/2016/08/25/2756-preamp-from-jose-martins/,2756 preamp from jose martins,https://www.bartola.co.uk/valves/2016/08/25/2756-preamp-from-jose-martins/,,project_page,,,1,0df6e9eece7e2552
7j,https://www.bartola.co.uk/valves/2016/09/25/building-gyrator-boards/,Building gyrator boards,https://www.bartola.co.uk/valves/2016/09/25/building-gyrator-boards/,,project_page,,,1,3145083e9bb6cde9
7k,http://www.bartola.co.uk/valves/2014/08/04/4p1l-with-screen-as-anode/,4p1l with screen as anode,http://www.bartola.co.uk/valves/2014/08/04/4p1l-with-screen-as-anode/,,project_page,,,1,b181183a993c5c8c
7l,https://www.bartola.co.uk/valves/2017/08/20/4p1l-4%D0%BF1%D0%BB-siberian-gen4-in-screen-mode/,4p1l 4%D0%BF1%D0%BB siberian gen4 in screen mode,https://www.bartola.co.uk/valves/2017/08/20/4p1l-4%D0%BF1%D0%BB-siberian-gen4-in-screen-mode/,,project_page,,,1,2ead33ff2d169e5d
7m,https://www.bartola.co.uk/valves/2017/09/22/stop-that-oscillation-please/,Stop that oscillation please,https://www.bartola.co.uk/valves/2017/09/22/stop-that-oscillation-please/,,project_page,,,1,6625452d37816f02
7n,https://www.bartola.co.uk/valves/2019/12/25/e282f-hp-amp/,E282f hp amp,https://www.bartola.co.uk/valves/2019/12/25/e282f-hp-amp/,,project_page,,,1,39afb23f32e49b0b
7o,https://www.bartola.co.uk/valves/2016/06/12/2p29l4p1l-pse-amp/,2p29l4p1l pse amp,https://www.bartola.co.uk/valves/2016/06/12/2p29l4p1l-pse-amp/,,project_page,,,1,f9c873d3874ad81f
7p,http://www.bartola.co.uk/valves/2012/12/19/2%D0%B627%D0%BB-2sh27l-2z27l/,2%D0%B627%D0%BB 2sh27l 2z27l,http://www.bartola.co.uk/valves/2012/12/19/2%D0%B627%D0%BB-2sh27l-2z27l/,,project_page,,,1,27ca51399cb0f95b
7q,https://www.bartola.co.uk/valves/2012/12/16/interconnect-cable/,Interconnect cable,https://www.bartola.co.uk/valves/2012/12/16/interconnect-cable/,,project_page,,,1,62422fb7509a49d4
7r,https://www.bartola.co.uk/valves/2012/12/20/bench-variac-preventing-disasters/,Bench variac preventing disasters,https://www.bartola.co.uk/valves/2012/12/20/bench-variac-preventing-disasters/,,project_page,,,1,210cebd0c16ef0fb
7s,https://www.bartola.co.uk/valves/2014/10/25/moving-500-cds-over-11000-km/,Moving 500 cds over 11000 km,https://www.bartola.co.uk/valves/2014/10/25/moving-500-cds-over-11000-km/,,project_page,,,1,42c30e2bccfe4612
7t,https://www.bartola.co.uk/valves/2014/08/08/a-large-set-of-records-to-clean/,A large set of records to clean,https://www.bartola.co.uk/valves/2014/08/08/a-large-set-of-records-to-clean/,,project_page,,,1,68ffdecd5da68298
7u,https://www.bartola.co.uk/valves/2014/08/30/starlight-dac-isolator/,Starlight dac isolator,https://www.bartola.co.uk/valves/2014/08/30/starlight-dac-isolator/,,project_page,,,1,102cfdbf39424094
7v,https://www.bartola.co.uk/valves/2014/04/18/4p1l-siberian-dht-preamp-gen3/20140418-195636-jpg/,20140418 195636 jpg,https://www.bartola.co.uk/valves/2014/04/18/4p1l-siberian-dht-preamp-gen3/20140418-195636-jpg/,,project_page,,,1,2bb78c618d004bb3
7w,https://www.bartola.co.uk/valves/2014/04/18/4p1l-siberian-dht-preamp-gen3/20140418-195702-jpg/,20140418 195702 jpg,https://www.bartola.co.uk/valves/2014/04/18/4p1l-siberian-dht-preamp-gen3/20140418-195702-jpg/,,project_page,,,1,2edce67e0bd95ac1
7x,https://www.bartola.co.uk/valves/2014/04/17/listening-to-the-new-riaa-phono-stage/,Listening to the new riaa phono stage,https://www.bartola.co.uk/valves/2014/04/17/listening-to-the-new-riaa-phono-stage/,,project_page,,,1,17d327e37d6e8738
7y,https://www.bartola.co.uk/valves/2012/12/15/a-26-dht-pre-amp-from-albert/,A 26 dht pre amp from albert,https://www.bartola.co.uk/valves/2012/12/15/a-26-dht-pre-amp-from-albert/,,project_page,,,1,242688f08b6f069a
7z,https://www.bartola.co.uk/valves/2014/11/15/01a-preamp-gen2-build-part-2/img_0353-jpg/,Img 0353 jpg,https://www.bartola.co.uk/valves/2014/11/15/01a-preamp-gen2-build-part-2/img_0353-jpg/,,project_page,,,1,ba5dfe78ad98a193
8,https://www.bartola.co.uk/valves/for-sale/building-block-pcbs/,Building block pcbs,https://www.bartola.co.uk/valves/for-sale/building-block-pcbs/,,project_page,,,1,e9b6a81a0b39e825
80,https://www.bartola.co.uk/valves/2014/11/15/01a-preamp-gen2-build-part-2/img_0355-jpg/,Img 0355 jpg,https://www.bartola.co.uk/valves/2014/11/15/01a-preamp-gen2-build-part-2/img_0355-jpg/,,project_page,,,1,17d012574f331c02
81,https://www.bartola.co.uk/valves/2014/11/15/01a-preamp-gen2-build-part-2/img_0354-jpg/,Img 0354 jpg,https://www.bartola.co.uk/valves/2014/11/15/01a-preamp-gen2-build-part-2/img_0354-jpg/,,project_page,,,1,66729ba8a57789af
82,https://www.bartola.co.uk/valves/2014/11/15/01a-preamp-gen2-build-part-2/img_0352-jpg/,Img 0352 jpg,https://www.bartola.co.uk/valves/2014/11/15/01a-preamp-gen2-build-part-2/img_0352-jpg/,,project_page,,,1,109718f281f3ec82
83,https://www.bartola.co.uk/valves/2014/11/15/01a-preamp-gen2-build-part-2/img_0349-jpg/,Img 0349 jpg,https://www.bartola.co.uk/valves/2014/11/15/01a-preamp-gen2-build-part-2/img_0349-jpg/,,project_page,,,1,08a3b5bc2ace22d8
84,https://www.bartola.co.uk/valves/2014/11/15/01a-preamp-gen2-build-part-2/img_0351-jpg/,Img 0351 jpg,https://www.bartola.co.uk/valves/2014/11/15/01a-preamp-gen2-build-part-2/img_0351-jpg/,,project_page,,,1,6d095e01e2cb42b7
85,https://www.bartola.co.uk/valves/2014/11/16/814-se-amplifier-custom-output-transformers/,814 se amplifier custom output transformers,https://www.bartola.co.uk/valves/2014/11/16/814-se-amplifier-custom-output-transformers/,,project_page,,,1,a83772f9fe7ee115
86,https://www.bartola.co.uk/valves/2014/12/07/01a-preamp-gen2-build-part-3/img_0404-jpg/,Img 0404 jpg,https://www.bartola.co.uk/valves/2014/12/07/01a-preamp-gen2-build-part-3/img_0404-jpg/,,project_page,,,1,548497c320d184a5
87,https://www.bartola.co.uk/valves/2014/12/07/01a-preamp-gen2-build-part-3/img_0405-jpg/,Img 0405 jpg,https://www.bartola.co.uk/valves/2014/12/07/01a-preamp-gen2-build-part-3/img_0405-jpg/,,project_page,,,1,80d1eb61fcab2a77
88,https://www.bartola.co.uk/valves/2014/11/30/think/,Think,https://www.bartola.co.uk/valves/2014/11/30/think/,,project_page,,,1,f3918fecbafa4a2e
89,https://www.bartola.co.uk/valves/2014/12/17/valve-leakage-test/,Valve leakage test,https://www.bartola.co.uk/valves/2014/12/17/valve-leakage-test/,,project_page,,,1,e4eb33af1e424da8
8a,https://www.bartola.co.uk/valves/2014/12/21/01a-preamp-gen2-build-part-4/img_0420-jpg/,Img 0420 jpg,https://www.bartola.co.uk/valves/2014/12/21/01a-preamp-gen2-build-part-4/img_0420-jpg/,,project_page,,,1,74c27359ec897b7d
8b,https://www.bartola.co.uk/valves/2014/12/21/01a-preamp-gen2-build-part-4/img_0419-jpg/,Img 0419 jpg,https://www.bartola.co.uk/valves/2014/12/21/01a-preamp-gen2-build-part-4/img_0419-jpg/,,project_page,,,1,03a2be4c1eb1ae11
8c,https://www.bartola.co.uk/valves/2014/12/21/01a-preamp-gen2-build-part-4/img_0418-jpg/,Img 0418 jpg,https://www.bartola.co.uk/valves/2014/12/21/01a-preamp-gen2-build-part-4/img_0418-jpg/,,project_page,,,1,84e0ece4bf7cc780
8d,https://i0.wp.com/www.bartola.co.uk/valves/wp-content/uploads/2024/09/LR8-reg-v01.png?fit=803%2C794&ssl=1,Bartola® Valves – All about electronic valves and hi-fi,https://i0.wp.com/www.bartola.co.uk/valves/wp-content/uploads/2024/09/LR8-reg-v01.png?fit=803%2C794&ssl=1,0,figure,,,1,5540c144b1275261
8e,https://i0.wp.com/www.bartola.co.uk/valves/wp-content/uploads/2019/04/IMG_2290.jpg?fit=2961%2C2657&ssl=1,Gyrator PCB – Bartola® Valves,https://i0.wp.com/www.bartola.co.uk/valves/wp-content/uploads/2019/04/IMG_2290.jpg?fit=2961%2C2657&ssl=1,2,figure,,,1,e95e5058100814b2
8f,https://i0.wp.com/www.bartola.co.uk/valves/wp-content/uploads/2018/04/IMG_0233.jpg?fit=2926%2C2194&ssl=1,Completed PCBs for sale – Bartola® Valves,https://i0.wp.com/www.bartola.co.uk/valves/wp-content/uploads/2018/04/IMG_0233.jpg?fit=2926%2C2194&ssl=1,7,figure,,,1,8a304d80d5d86a0c
8g,https://i0.wp.com/www.bartola.co.uk/valves/wp-content/uploads/2017/07/SF-board-under-test.jpg?fit=1224%2C1632&ssl=1,Source Follower PCB – Bartola® Valves,https://i0.wp.com/www.bartola.co.uk/valves/wp-content/uploads/2017/07/SF-board-under-test.jpg?fit=1224%2C1632&ssl=1,9,figure,,,1,5e3d918da1da0422
8h,https://i0.wp.com/www.bartola.co.uk/valves/wp-content/uploads/2020/02/Cap-Mult-v04-PCB.jpg?fit=1346%2C996&ssl=1,Cap Multiplier PCBs and modules – Bartola® Valves,https://i0.wp.com/www.bartola.co.uk/valves/wp-content/uploads/2020/02/Cap-Mult-v04-PCB.jpg?fit=1346%2C996&ssl=1,a,figure,,,1,590bfad69e4064b5
8i,https://i0.wp.com/www.bartola.co.uk/valves/wp-content/uploads/2020/02/Cap-Mult-v04-test.jpg?fit=934%2C957&ssl=1,Cap Multiplier PCBs and modules – Bartola® Valves,https://i0.wp.com/www.bartola.co.uk/valves/wp-content/uploads/2020/02/Cap-Mult-v04-test.jpg?fit=934%2C957&ssl=1,a,figure,,,1,761fcaedd177ca6a
8j,https://i0.wp.com/www.bartola.co.uk/valves/wp-content/uploads/2018/02/Rev03-tests.jpg?fit=2998%2C3297&ssl=1,CCS PCB – Bartola® Valves,https://i0.wp.com/www.bartola.co.uk/valves/wp-content/uploads/2018/02/Rev03-tests.jpg?fit=2998%2C3297&ssl=1,b,figure,,,1,9a9781047133804d
8k,https://i0.wp.com/www.bartola.co.uk/valves/wp-content/uploads/2018/02/20mA-CCS.jpg?fit=650%2C478&ssl=1,CCS PCB – Bartola® Valves,https://i0.wp.com/www.bartola.co.uk/valves/wp-content/uploads/2018/02/20mA-CCS.jpg?fit=650%2C478&ssl=1,b,figure,,,1,c3c955acbac10ca6
8l,https://i0.wp.com/www.bartola.co.uk/valves/wp-content/uploads/2018/02/2SK3557-CCS.png?fit=480%2C494&ssl=1,CCS PCB – Bartola® Valves,https://i0.wp.com/www.bartola.co.uk/valves/wp-content/uploads/2018/02/2SK3557-CCS.png?fit=480%2C494&ssl=1,b,figure,,,1,c044e6865a64a025
8m,https://i0.wp.com/www.bartola.co.uk/valves/wp-content/uploads/2018/02/LND150-CCS.png?fit=824%2C772&ssl=1,CCS PCB – Bartola® Valves,https://i0.wp.com/www.bartola.co.uk/valves/wp-content/uploads/2018/02/LND150-CCS.png?fit=824%2C772&ssl=1,b,figure,,,1,417b720ddf3596f3
8n,https://i0.wp.com/www.bartola.co.uk/valves/wp-content/uploads/2018/02/HP-CCS.jpg?fit=567%2C475&ssl=1,CCS PCB – Bartola® Valves,https://i0.wp.com/www.bartola.co.uk/valves/wp-content/uploads/2018/02/HP-CCS.jpg?fit=567%2C475&ssl=1,b,figure,,,1,c12e5ff1e924fdf0
8o,https://i0.wp.com/www.bartola.co.uk/valves/wp-content/uploads/2018/02/DN2540-CCS.png?fit=480%2C494&ssl=1,CCS PCB – Bartola® Valves,https://i0.wp.com/www.bartola.co.uk/valves/wp-content/uploads/2018/02/DN2540-CCS.png?fit=480%2C494&ssl=1,b,figure,,,1,c8f1b8eb90f6de75
8p,https://i0.wp.com/www.bartola.co.uk/valves/wp-content/uploads/2018/02/BSP149-CCS.png?fit=480%2C494&ssl=1,CCS PCB – Bartola® Valves,https://i0.wp.com/www.bartola.co.uk/valves/wp-content/uploads/2018/02/BSP149-CCS.png?fit=480%2C494&ssl=1,b,figure,,,1,b8744592c947b8e2
8q,https://i0.wp.com/www.bartola.co.uk/valves/wp-content/uploads/2018/01/Filament-Bias.jpg?fit=584%2C672&ssl=1,CCS PCB – Bartola® Valves,https://i0.wp.com/www.bartola.co.uk/valves/wp-content/uploads/2018/01/Filament-Bias.jpg?fit=584%2C672&ssl=1,b,figure,,,1,c6112f85bef0afb1
8r,https://i0.wp.com/www.bartola.co.uk/valves/wp-content/uploads/2017/05/3B7-Preamp.jpg?fit=751%2C730&ssl=1,3B7 DHT Preamp – Bartola® Valves,https://i0.wp.com/www.bartola.co.uk/valves/wp-content/uploads/2017/05/3B7-Preamp.jpg?fit=751%2C730&ssl=1,p,figure,,,1,15d8f2075f4226f0
8s,https://i0.wp.com/www.bartola.co.uk/valves/wp-content/uploads/2017/08/UV201a-Gen2-3-FINAL.jpg?fit=1050%2C914&ssl=1,UV-201a DHT Preamp Revisited – Bartola® Valves,https://i0.wp.com/www.bartola.co.uk/valves/wp-content/uploads/2017/08/UV201a-Gen2-3-FINAL.jpg?fit=1050%2C914&ssl=1,q,figure,,,1,e9cdc4fab8b755eb
8t,https://www.bartola.co.uk/valves/wp-content/uploads/2017/08/SV201a-build04.jpg,UV-201a DHT Preamp Revisited – Bartola® Valves,https://www.bartola.co.uk/valves/wp-content/uploads/2017/08/SV201a-build04.jpg,q,figure,,,1,b03931a7b4a3aa60
8u,https://www.bartola.co.uk/valves/wp-content/uploads/2017/08/SV201a-build01.jpg,UV-201a DHT Preamp Revisited – Bartola® Valves,https://www.bartola.co.uk/valves/wp-content/uploads/2017/08/SV201a-build01.jpg,q,figure,,,1,9bcdce774b756cf7
8v,https://i0.wp.com/www.bartola.co.uk/valves/wp-content/uploads/2017/08/SV201a-test-02.png?fit=1067%2C525&ssl=1,UV-201a DHT Preamp Revisited – Bartola® Valves,https://i0.wp.com/www.bartola.co.uk/valves/wp-content/uploads/2017/08/SV201a-test-02.png?fit=1067%2C525&ssl=1,q,figure,,,1,d044be5270f56298
8w,https://i0.wp.com/www.bartola.co.uk/valves/wp-content/uploads/2017/08/SV201a-test-02-10V.png?fit=1211%2C340&ssl=1,UV-201a DHT Preamp Revisited – Bartola® Valves,https://i0.wp.com/www.bartola.co.uk/valves/wp-content/uploads/2017/08/SV201a-test-02-10V.png?fit=1211%2C340&ssl=1,q,figure,,,1,c3a1440f4121fa0d
8x,https://i0.wp.com/www.bartola.co.uk/valves/wp-content/uploads/2017/05/2P29L-preamp.jpg?fit=751%2C730&ssl=1,2P29L DHT Preamp – Bartola® Valves,https://i0.wp.com/www.bartola.co.uk/valves/wp-content/uploads/2017/05/2P29L-preamp.jpg?fit=751%2C730&ssl=1,r,figure,,,1,f42555a8f095b89c
8y,https://i0.wp.com/www.bartola.co.uk/valves/wp-content/uploads/2017/06/2Z27L-preamp.jpg?fit=1504%2C1461&ssl=1,2Ж27Л / 2Z27L DHT Preamp – Bartola® Valves,https://i0.wp.com/www.bartola.co.uk/valves/wp-content/uploads/2017/06/2Z27L-preamp.jpg?fit=1504%2C1461&ssl=1,s,figure,,,1,00580eed471b3299
8z,https://i0.wp.com/www.bartola.co.uk/valves/wp-content/uploads/2015/01/01a-preamp-gen2-v01..png?fit=628%2C644&ssl=1,01a Preamp (Gen2) – Bartola® Valves,https://i0.wp.com/www.bartola.co.uk/valves/wp-content/uploads/2015/01/01a-preamp-gen2-v01..png?fit=628%2C644&ssl=1,t,figure,,,1,0bd2f062141e3425
9,https://www.bartola.co.uk/valves/for-sale/source-follower-pcb/,Source follower pcb,https://www.bartola.co.uk/valves/for-sale/source-follower-pcb/,,project_page,,,1,982d1df8429c21ca
90,https://i0.wp.com/www.bartola.co.uk/valves/wp-content/uploads/2017/06/4P1L-Siberian-Gen4.jpg?fit=1504%2C1461&ssl=1,4P1L (4П1Л) Siberian Gen4 – DHT Preamplifier – Bartola® Valves,https://i0.wp.com/www.bartola.co.uk/valves/wp-content/uploads/2017/06/4P1L-Siberian-Gen4.jpg?fit=1504%2C1461&ssl=1,u,figure,,,1,3f96568ae9970eb6
91,https://i0.wp.com/www.bartola.co.uk/valves/wp-content/uploads/2012/10/26-preamp-gen2-FINAL-LT3.png?fit=1828%2C1770&ssl=1,26 DHT pre-amplifier (Gen2) – Bartola® Valves,https://i0.wp.com/www.bartola.co.uk/valves/wp-content/uploads/2012/10/26-preamp-gen2-FINAL-LT3.png?fit=1828%2C1770&ssl=1,w,figure,,,1,3b88b0f24c1a83bb
92,https://i0.wp.com/www.bartola.co.uk/valves/wp-content/uploads/2012/10/26-preamp-gen2-FINAL-HT.png?fit=1953%2C950&ssl=1,26 DHT pre-amplifier (Gen2) – Bartola® Valves,https://i0.wp.com/www.bartola.co.uk/valves/wp-content/uploads/2012/10/26-preamp-gen2-FINAL-HT.png?fit=1953%2C950&ssl=1,w,figure,,,1,096d6cc96f003cd4
93,https://i0.wp.com/www.bartola.co.uk/valves/wp-content/uploads/2012/10/71A-Preamp1.png?fit=1088%2C1103&ssl=1,71a DHT pre-amplifier – Bartola® Valves,https://i0.wp.com/www.bartola.co.uk/valves/wp-content/uploads/2012/10/71A-Preamp1.png?fit=1088%2C1103&ssl=1,x,figure,,,1,56d3842c18a16869
94,https://i0.wp.com/www.bartola.co.uk/valves/wp-content/uploads/2016/11/26-Preamp-Gen3.png?fit=1096%2C882&ssl=1,26 DHT Preamp Gen3 (Gyrator version) – Bartola® Valves,https://i0.wp.com/www.bartola.co.uk/valves/wp-content/uploads/2016/11/26-Preamp-Gen3.png?fit=1096%2C882&ssl=1,z,figure,,,1,df8863da26509065
95,https://i0.wp.com/www.bartola.co.uk/valves/wp-content/uploads/2013/02/6P36S-triode-SMALL.jpg?fit=1024%2C827&ssl=1,6P36S / 6П36С (triode) – Bartola® Valves,https://i0.wp.com/www.bartola.co.uk/valves/wp-content/uploads/2013/02/6P36S-triode-SMALL.jpg?fit=1024%2C827&ssl=1,15,figure,,,1,e4e7fd843f80d3e6
96,https://i0.wp.com/www.bartola.co.uk/valves/wp-content/uploads/2013/01/6P15P-pentode-Vg2150V.jpg?fit=2465%2C1890&ssl=1,6P15P Pentode – Bartola® Valves,https://i0.wp.com/www.bartola.co.uk/valves/wp-content/uploads/2013/01/6P15P-pentode-Vg2150V.jpg?fit=2465%2C1890&ssl=1,1e,figure,,,1,00fbf8d7312a67bf
97,https://i0.wp.com/www.bartola.co.uk/valves/wp-content/uploads/2013/02/6P15P-triode-SMALL.jpg?fit=1024%2C827&ssl=1,6P15P (triode) – Bartola® Valves,https://i0.wp.com/www.bartola.co.uk/valves/wp-content/uploads/2013/02/6P15P-triode-SMALL.jpg?fit=1024%2C827&ssl=1,1n,figure,,,1,bcc6f464dd139f55
98,https://i0.wp.com/www.bartola.co.uk/valves/wp-content/uploads/2013/02/6P15P-triode-SPICE-model.png?fit=1424%2C830&ssl=1,6P15P (triode) – Bartola® Valves,https://i0.wp.com/www.bartola.co.uk/valves/wp-content/uploads/2013/02/6P15P-triode-SPICE-model.png?fit=1424%2C830&ssl=1,1n,figure,,,1,bbe8e3b9a08b880b
99,https://i0.wp.com/www.bartola.co.uk/valves/wp-content/uploads/2013/02/65ep-triode-SMALL.jpg?fit=1000%2C810&ssl=1,6E6P-E/6Э6П-E in triode mode – Bartola® Valves,https://i0.wp.com/www.bartola.co.uk/valves/wp-content/uploads/2013/02/65ep-triode-SMALL.jpg?fit=1000%2C810&ssl=1,1o,figure,,,1,4ba349beea64702d
9a,https://i0.wp.com/www.bartola.co.uk/valves/wp-content/uploads/2013/02/6e5p-triode-model.png?fit=1500%2C830&ssl=1,6E6P-E/6Э6П-E in triode mode – Bartola® Valves,https://i0.wp.com/www.bartola.co.uk/valves/wp-content/uploads/2013/02/6e5p-triode-model.png?fit=1500%2C830&ssl=1,1o,figure,,,1,48f2f34a5bc6bfe5
9b,https://i0.wp.com/www.bartola.co.uk/valves/wp-content/uploads/2020/06/300B-grid-bias.jpg?fit=1606%2C1537&ssl=1,300B SE Amplifier – Bartola® Valves,https://i0.wp.com/www.bartola.co.uk/valves/wp-content/uploads/2020/06/300B-grid-bias.jpg?fit=1606%2C1537&ssl=1,1r,figure,,,1,52e9be9f930a72a5
9c,https://i0.wp.com/www.bartola.co.uk/valves/wp-content/uploads/2020/06/300B-SE-Amp-SF-V01.jpg?fit=850%2C1370&ssl=1,300B SE Amplifier – Bartola® Valves,https://i0.wp.com/www.bartola.co.uk/valves/wp-content/uploads/2020/06/300B-SE-Amp-SF-V01.jpg?fit=850%2C1370&ssl=1,1r,figure,,,1,371e9ffa68ad2229
9d,https://i0.wp.com/www.bartola.co.uk/valves/wp-content/uploads/2021/04/300B-SE-Amp-v04.jpg?fit=1869%2C1736&ssl=1,300B SE Amplifier – Bartola® Valves,https://i0.wp.com/www.bartola.co.uk/valves/wp-content/uploads/2021/04/300B-SE-Amp-v04.jpg?fit=1869%2C1736&ssl=1,1r,figure,,,1,fc7f81f29075e694
9e,https://i0.wp.com/www.bartola.co.uk/valves/wp-content/uploads/2020/06/300B-SE-Project-HTSupply-1-scaled.jpg?fit=2560%2C1308&ssl=1,300B SE Amplifier – Bartola® Valves,https://i0.wp.com/www.bartola.co.uk/valves/wp-content/uploads/2020/06/300B-SE-Project-HTSupply-1-scaled.jpg?fit=2560%2C1308&ssl=1,1r,figure,,,1,be9777775de1a1f4
9f,https://i0.wp.com/www.bartola.co.uk/valves/wp-content/uploads/2020/06/300B-SE-Bias-Supply-V01-2.jpg?fit=1307%2C802&ssl=1,300B SE Amplifier – Bartola® Valves,https://i0.wp.com/www.bartola.co.uk/valves/wp-content/uploads/2020/06/300B-SE-Bias-Supply-V01-2.jpg?fit=1307%2C802&ssl=1,1r,figure,,,1,145d7f061f1be061
9g,https://i0.wp.com/www.bartola.co.uk/valves/wp-content/uploads/2020/06/300B-filament-supply-v01-scaled.jpg?fit=2560%2C759&ssl=1,300B SE Amplifier – Bartola® Valves,https://i0.wp.com/www.bartola.co.uk/valves/wp-content/uploads/2020/06/300B-filament-supply-v01-scaled.jpg?fit=2560%2C759&ssl=1,1r,figure,,,1,3884e4c58400cc67
9h,https://i0.wp.com/www.bartola.co.uk/valves/wp-content/uploads/2012/11/THD-test-box.png?fit=1854%2C1695&ssl=1,THD measurement – Bartola® Valves,https://i0.wp.com/www.bartola.co.uk/valves/wp-content/uploads/2012/11/THD-test-box.png?fit=1854%2C1695&ssl=1,1s,figure,,,1,2aaeaba8007425f1
9i,https://i0.wp.com/www.bartola.co.uk/valves/wp-content/uploads/2025/01/SCLF-ECC83-stage-v01.jpg?fit=824%2C1200&ssl=1,SLCF to the rescue? – Bartola® Valves,https://i0.wp.com/www.bartola.co.uk/valves/wp-content/uploads/2025/01/SCLF-ECC83-stage-v01.jpg?fit=824%2C1200&ssl=1,1w,figure,,,1,385e83762a31cac7
9j,https://i0.wp.com/www.bartola.co.uk/valves/wp-content/uploads/2025/01/SLCF-example.jpg?fit=864%2C1030&ssl=1,SLCF to the rescue? – Bartola® Valves,https://i0.wp.com/www.bartola.co.uk/valves/wp-content/uploads/2025/01/SLCF-example.jpg?fit=864%2C1030&ssl=1,1w,figure,,,1,b733f0c11173be74
9k,https://i0.wp.com/www.bartola.co.uk/valves/wp-content/uploads/2025/01/SLCF-ECC83-PCB.jpg?fit=1632%2C2453&ssl=1,SLCF to the rescue? – Bartola® Valves,https://i0.wp.com/www.bartola.co.uk/valves/wp-content/uploads/2025/01/SLCF-ECC83-PCB.jpg?fit=1632%2C2453&ssl=1,1w,figure,,,1,f8210d5b5b11348a
9l,https://i0.wp.com/www.bartola.co.uk/valves/wp-content/uploads/2020/03/img_0284-scaled.jpg?fit=2560%2C1424&ssl=1,3 versions of the gyrator board – Bartola® Valves,https://i0.wp.com/www.bartola.co.uk/valves/wp-content/uploads/2020/03/img_0284-scaled.jpg?fit=2560%2C1424&ssl=1,20,figure,,,1,f0d336dc608e6496
9m,https://i0.wp.com/www.bartola.co.uk/valves/wp-content/uploads/2024/04/Cap-Mult-v05-diagram1.jpg?fit=1976%2C1215&ssl=1,Cap Multiplier PCB: build guide and BOM – Bartola® Valves,https://i0.wp.com/www.bartola.co.uk/valves/wp-content/uploads/2024/04/Cap-Mult-v05-diagram1.jpg?fit=1976%2C1215&ssl=1,23,figure,,,1,38811a4490ae90bb
9n,https://i0.wp.com/www.bartola.co.uk/valves/wp-content/uploads/2024/04/Cap-Mult-v05-diagram2.jpg?fit=1766%2C1188&ssl=1,Cap Multiplier PCB: build guide and BOM – Bartola® Valves,https://i0.wp.com/www.bartola.co.uk/valves/wp-content/uploads/2024/04/Cap-Mult-v05-diagram2.jpg?fit=1766%2C1188&ssl=1,23,figure,,,1,446b52251a29a004
9o,https://i0.wp.com/www.bartola.co.uk/valves/wp-content/uploads/2024/04/Cap-Mult-v05-diagram3.jpg?fit=1715%2C2073&ssl=1,Cap Multiplier PCB: build guide and BOM – Bartola® Valves,https://i0.wp.com/www.bartola.co.uk/valves/wp-content/uploads/2024/04/Cap-Mult-v05-diagram3.jpg?fit=1715%2C2073&ssl=1,23,figure,,,1,5107a8d1a598d81a
9p,https://i0.wp.com/www.bartola.co.uk/valves/wp-content/uploads/2024/04/Cap-Mult-v05-diagram4.jpg?fit=2031%2C1931&ssl=1,Cap Multiplier PCB: build guide and BOM – Bartola® Valves,https://i0.wp.com/www.bartola.co.uk/valves/wp-content/uploads/2024/04/Cap-Mult-v05-diagram4.jpg?fit=2031%2C1931&ssl=1,23,figure,,,1,b8df9d471fbcfa9e
9q,https://i0.wp.com/www.bartola.co.uk/valves/wp-content/uploads/2024/04/Cap-Mult-v04-test.jpg?fit=934%2C957&ssl=1,Cap Multiplier PCB: build guide and BOM – Bartola® Valves,https://i0.wp.com/www.bartola.co.uk/valves/wp-content/uploads/2024/04/Cap-Mult-v04-test.jpg?fit=934%2C957&ssl=1,23,figure,,,1,59381327b50beadf
9r,https://i0.wp.com/www.bartola.co.uk/valves/wp-content/uploads/2022/05/6P36S-SE-Amp-V031.jpg?fit=2513%2C1662&ssl=1,Bartola® Valves – Page 2 – All about electronic valves and hi-fi,https://i0.wp.com/www.bartola.co.uk/valves/wp-content/uploads/2022/05/6P36S-SE-Amp-V031.jpg?fit=2513%2C1662&ssl=1,25,figure,,,1,7666892badc7430f
9s,https://i0.wp.com/www.bartola.co.uk/valves/wp-content/uploads/2012/05/20120527-130504.jpg?w=840,Bartola® Valves – Page 60 – All about electronic valves and hi-fi,https://i0.wp.com/www.bartola.co.uk/valves/wp-content/uploads/2012/05/20120527-130504.jpg?w=840,26,figure,,,1,7a8625702e52db4e
9t,https://i0.wp.com/www.bartola.co.uk/valves/wp-content/uploads/2012/05/6e5p-triode-2.jpg?fit=640%2C509&ssl=1,Bartola® Valves – Page 60 – All about electronic valves and hi-fi,https://i0.wp.com/www.bartola.co.uk/valves/wp-content/uploads/2012/05/6e5p-triode-2.jpg?fit=640%2C509&ssl=1,26,figure,,,1,dce874484c84de43
9u,https://i0.wp.com/www.bartola.co.uk/valves/wp-content/uploads/2012/05/6e5p-triode-model.png?fit=838%2C537&ssl=1,Bartola® Valves – Page 60 – All about electronic valves and hi-fi,https://i0.wp.com/www.bartola.co.uk/valves/wp-content/uploads/2012/05/6e5p-triode-model.png?fit=838%2C537&ssl=1,26,figure,,,1,ccf589966ff695b7
9v,https://i0.wp.com/www.bartola.co.uk/valves/wp-content/uploads/2012/05/20120525-190402.jpg?w=840,Bartola® Valves – Page 60 – All about electronic valves and hi-fi,https://i0.wp.com/www.bartola.co.uk/valves/wp-content/uploads/2012/05/20120525-190402.jpg?w=840,26,figure,,,1,05bdf66f04d8564f
9w,https://i0.wp.com/www.bartola.co.uk/valves/wp-content/uploads/2012/05/IMG_2980.jpg?fit=2480%2C4416&ssl=1,Bartola® Valves – Page 60 – All about electronic valves and hi-fi,https://i0.wp.com/www.bartola.co.uk/valves/wp-content/uploads/2012/05/IMG_2980.jpg?fit=2480%2C4416&ssl=1,26,figure,,,1,c7b2897c44e99050
9x,https://www.bartola.co.uk/valves/wp-content/uploads/2012/05/46_try1jpg.bmp,Bartola® Valves – Page 60 – All about electronic valves and hi-fi,https://www.bartola.co.uk/valves/wp-content/uploads/2012/05/46_try1jpg.bmp,26,figure,,,1,a95a35288ea44ce5
9y,https://i0.wp.com/www.bartola.co.uk/valves/wp-content/uploads/2012/05/01a-Preamp-version-1.png?fit=1281%2C801&ssl=1,Bartola® Valves – Page 60 – All about electronic valves and hi-fi,https://i0.wp.com/www.bartola.co.uk/valves/wp-content/uploads/2012/05/01a-Preamp-version-1.png?fit=1281%2C801&ssl=1,26,figure,,,1,a11a94d661536d33
9z,https://i0.wp.com/www.bartola.co.uk/valves/wp-content/uploads/2012/05/01a-Premp-version-2.png?fit=1150%2C714&ssl=1,Bartola® Valves – Page 60 – All about electronic valves and hi-fi,https://i0.wp.com/www.bartola.co.uk/valves/wp-content/uploads/2012/05/01a-Premp-version-2.png?fit=1150%2C714&ssl=1,26,figure,,,1,5fadf001365af67f
a,https://www.bartola.co.uk/valves/for-sale/cap-multiplier-pcbs-and-modules/,Cap multiplier pcbs and modules,https://www.bartola.co.uk/valves/for-sale/cap-multiplier-pcbs-and-modules/,,project_page,,,1,bdb71fb1726b5b12
a0,https://i0.wp.com/www.bartola.co.uk/valves/wp-content/uploads/2016/01/Bartola-Gyrator-PCB.jpg?fit=1280%2C1158&ssl=1,Gyrator PCB boards arrived! – Bartola® Valves,https://i0.wp.com/www.bartola.co.uk/valves/wp-content/uploads/2016/01/Bartola-Gyrator-PCB.jpg?fit=1280%2C1158&ssl=1,27,figure,,,1,8a4e8e0b50148958
a1,https://i0.wp.com/www.bartola.co.uk/valves/wp-content/uploads/2016/01/2J27L-Preamp-V01.png?fit=1528%2C750&ssl=1,Gyrator PCB boards arrived! – Bartola® Valves,https://i0.wp.com/www.bartola.co.uk/valves/wp-content/uploads/2016/01/2J27L-Preamp-V01.png?fit=1528%2C750&ssl=1,27,figure,,,1,47bd05db835d5b32
a2,https://i0.wp.com/www.bartola.co.uk/valves/wp-content/uploads/2016/01/01a-Preamp-Gen2-with-Gyrator-PCB-board.png?fit=891%2C575&ssl=1,Gyrator PCB boards arrived! – Bartola® Valves,https://i0.wp.com/www.bartola.co.uk/valves/wp-content/uploads/2016/01/01a-Preamp-Gen2-with-Gyrator-PCB-board.png?fit=891%2C575&ssl=1,27,figure,,,1,22f0b73e20839552
a3,https://i0.wp.com/www.bartola.co.uk/valves/wp-content/uploads/2020/02/300B-filament-supply-v01-scaled.jpg?fit=2560%2C759&ssl=1,300B filament supply – Bartola® Valves,https://i0.wp.com/www.bartola.co.uk/valves/wp-content/uploads/2020/02/300B-filament-supply-v01-scaled.jpg?fit=2560%2C759&ssl=1,28,figure,,,1,3884e4c58400cc67
a4,https://i0.wp.com/www.bartola.co.uk/valves/wp-content/uploads/2019/02/Gyrator-PCB-Rev08-1.jpg?fit=1214%2C1230&ssl=1,Hybrid Mu-follower (aka Gyrator) Rev08 PCB Update – Bartola® Valves,https://i0.wp.com/www.bartola.co.uk/valves/wp-content/uploads/2019/02/Gyrator-PCB-Rev08-1.jpg?fit=1214%2C1230&ssl=1,29,figure,,,1,f37d64e68b8c8c5d
a5,https://i0.wp.com/www.bartola.co.uk/valves/wp-content/uploads/2019/02/IMG_1947.jpg?fit=2700%2C2619&ssl=1,Hybrid Mu-follower (aka Gyrator) Rev08 PCB Update – Bartola® Valves,https://i0.wp.com/www.bartola.co.uk/valves/wp-content/uploads/2019/02/IMG_1947.jpg?fit=2700%2C2619&ssl=1,29,figure,,,1,8a58e5da94b0f025
a6,https://i0.wp.com/www.bartola.co.uk/valves/wp-content/uploads/2018/03/GM70-SE-Amp-1.jpg?fit=1744%2C1664&ssl=1,GM-70 SE Amplifier – Bartola® Valves,https://i0.wp.com/www.bartola.co.uk/valves/wp-content/uploads/2018/03/GM70-SE-Amp-1.jpg?fit=1744%2C1664&ssl=1,2a,figure,,,1,e5ba808fa98986c3
a7,https://i0.wp.com/www.bartola.co.uk/valves/wp-content/uploads/2018/03/GM70-SE-Amp-driver-study-1.jpg?fit=2457%2C1765&ssl=1,GM-70 SE Amplifier – Bartola® Valves,https://i0.wp.com/www.bartola.co.uk/valves/wp-content/uploads/2018/03/GM70-SE-Amp-driver-study-1.jpg?fit=2457%2C1765&ssl=1,2a,figure,,,1,625a885de586c75d
a8,https://i0.wp.com/www.bartola.co.uk/valves/wp-content/uploads/2012/10/600V-stabiliserv2.png?fit=1190%2C609&ssl=1,New HT bench supply – Bartola® Valves,https://i0.wp.com/www.bartola.co.uk/valves/wp-content/uploads/2012/10/600V-stabiliserv2.png?fit=1190%2C609&ssl=1,2b,figure,,,1,972ce7163fb7fa8c
a9,https://i0.wp.com/www.bartola.co.uk/valves/wp-content/uploads/2012/10/600V-stabiliserv3.png?fit=1135%2C670&ssl=1,New HT bench supply – Bartola® Valves,https://i0.wp.com/www.bartola.co.uk/valves/wp-content/uploads/2012/10/600V-stabiliserv3.png?fit=1135%2C670&ssl=1,2b,figure,,,1,853409a276c3b93e
aa,https://i0.wp.com/www.bartola.co.uk/valves/wp-content/uploads/2012/10/600V-stabiliserv5.png?fit=1305%2C1335&ssl=1,New HT bench supply – Bartola® Valves,https://i0.wp.com/www.bartola.co.uk/valves/wp-content/uploads/2012/10/600V-stabiliserv5.png?fit=1305%2C1335&ssl=1,2b,figure,,,1,c7470b81b3529928
ab,https://i0.wp.com/www.bartola.co.uk/valves/wp-content/uploads/2012/10/600V-raw.png?fit=2589%2C926&ssl=1,New HT bench supply – Bartola® Valves,https://i0.wp.com/www.bartola.co.uk/valves/wp-content/uploads/2012/10/600V-raw.png?fit=2589%2C926&ssl=1,2b,figure,,,1,93529e0fcbccf788
ac,https://i0.wp.com/www.bartola.co.uk/valves/wp-content/uploads/2013/11/814-SE-Amplifier-Ale-Moglia-Version-1.0.png?fit=1294%2C657&ssl=1,814 SE A2 Amplifier – Bartola® Valves,https://i0.wp.com/www.bartola.co.uk/valves/wp-content/uploads/2013/11/814-SE-Amplifier-Ale-Moglia-Version-1.0.png?fit=1294%2C657&ssl=1,2c,figure,,,1,105075b930429e8c
ad,https://i0.wp.com/www.bartola.co.uk/valves/wp-content/uploads/2017/02/GU-50-Schade-SE-Amp-v02.png?fit=1115%2C849&ssl=1,“Schade” SE Amp Example – Bartola® Valves,https://i0.wp.com/www.bartola.co.uk/valves/wp-content/uploads/2017/02/GU-50-Schade-SE-Amp-v02.png?fit=1115%2C849&ssl=1,2d,figure,,,1,4a6f23fee8d1da07
ae,https://i0.wp.com/www.bartola.co.uk/valves/wp-content/uploads/2017/02/GU-50-Schade-SE-Amp-v03.png?fit=1073%2C819&ssl=1,“Schade” SE Amp Example – Bartola® Valves,https://i0.wp.com/www.bartola.co.uk/valves/wp-content/uploads/2017/02/GU-50-Schade-SE-Amp-v03.png?fit=1073%2C819&ssl=1,2d,figure,,,1,e0a7caf31d8746e2
af,https://i0.wp.com/www.bartola.co.uk/valves/wp-content/uploads/2017/02/GU-50-Schade-SE-Amp-v04.png?fit=1147%2C803&ssl=1,“Schade” SE Amp Example – Bartola® Valves,https://i0.wp.com/www.bartola.co.uk/valves/wp-content/uploads/2017/02/GU-50-Schade-SE-Amp-v04.png?fit=1147%2C803&ssl=1,2d,figure,,,1,70fc276c350fd178
ag,https://i0.wp.com/www.bartola.co.uk/valves/wp-content/uploads/2023/11/image-2.png?fit=802%2C403&ssl=1,Short of sand – Bartola® Valves,https://i0.wp.com/www.bartola.co.uk/valves/wp-content/uploads/2023/11/image-2.png?fit=802%2C403&ssl=1,2e,figure,,,1,38c2189f7706398e
ah,https://i0.wp.com/www.bartola.co.uk/valves/wp-content/uploads/2023/11/Screenshot-2023-11-03-at-11.01.26.png?fit=1575%2C887&ssl=1,Short of sand – Bartola® Valves,https://i0.wp.com/www.bartola.co.uk/valves/wp-content/uploads/2023/11/Screenshot-2023-11-03-at-11.01.26.png?fit=1575%2C887&ssl=1,2e,figure,,,1,7665514ef0dc7a7d
ai,https://i0.wp.com/www.bartola.co.uk/valves/wp-content/uploads/2022/12/300B-SE-Project-HTSupply-debug-scaled.jpg?fit=2560%2C1308&ssl=1,Gassy nightmare – Bartola® Valves,https://i0.wp.com/www.bartola.co.uk/valves/wp-content/uploads/2022/12/300B-SE-Project-HTSupply-debug-scaled.jpg?fit=2560%2C1308&ssl=1,2g,figure,,,1,1f7000429e602fe9
aj,https://i0.wp.com/www.bartola.co.uk/valves/wp-content/uploads/2022/12/300B-SE-Project-HTSupply-2-1-scaled.jpg?fit=2560%2C1312&ssl=1,Gassy nightmare – Bartola® Valves,https://i0.wp.com/www.bartola.co.uk/valves/wp-content/uploads/2022/12/300B-SE-Project-HTSupply-2-1-scaled.jpg?fit=2560%2C1312&ssl=1,2g,figure,,,1,88d55076f9055fa5
ak,https://i0.wp.com/www.bartola.co.uk/valves/wp-content/uploads/2017/10/Ba-DHT-Preamp.jpg?fit=1049%2C730&ssl=1,Ba DHT Preamp (Part II) – Bartola® Valves,https://i0.wp.com/www.bartola.co.uk/valves/wp-content/uploads/2017/10/Ba-DHT-Preamp.jpg?fit=1049%2C730&ssl=1,2j,figure,,,1,1dcac3e2ffd7b3ff
al,https://i0.wp.com/www.bartola.co.uk/valves/wp-content/uploads/2017/03/VT-25-Preamp-V02-LRES.jpg?fit=751%2C730&ssl=1,VT-25 DHT Preamp Update – Bartola® Valves,https://i0.wp.com/www.bartola.co.uk/valves/wp-content/uploads/2017/03/VT-25-Preamp-V02-LRES.jpg?fit=751%2C730&ssl=1,2k,figure,,,1,2234bdc626b58ddc
am,https://i0.wp.com/www.bartola.co.uk/valves/wp-content/uploads/2016/03/01a-4P1L-PSE-GyratorPCB-v04b.png?fit=1448%2C796&ssl=1,Russian PSE in Steroids (01a into 4P1L) – Part III – Bartola® Valves,https://i0.wp.com/www.bartola.co.uk/valves/wp-content/uploads/2016/03/01a-4P1L-PSE-GyratorPCB-v04b.png?fit=1448%2C796&ssl=1,2o,figure,,,1,bf92b53bc55ed327
an,https://i0.wp.com/www.bartola.co.uk/valves/wp-content/uploads/2017/06/6J49p-dr-triode-FR-test-01.png?fit=1058%2C636&ssl=1,6Ж49П-ДР/6J49P-DR High Gain Stage – Bartola® Valves,https://i0.wp.com/www.bartola.co.uk/valves/wp-content/uploads/2017/06/6J49p-dr-triode-FR-test-01.png?fit=1058%2C636&ssl=1,2p,figure,,,1,37a0708a7143cc56
ao,https://i0.wp.com/www.bartola.co.uk/valves/wp-content/uploads/2017/06/pentode-test-rig-2.jpg?fit=1068%2C676&ssl=1,6Ж49П-ДР/6J49P-DR High Gain Stage – Bartola® Valves,https://i0.wp.com/www.bartola.co.uk/valves/wp-content/uploads/2017/06/pentode-test-rig-2.jpg?fit=1068%2C676&ssl=1,2p,figure,,,1,3d0f152da99fde23
ap,https://i0.wp.com/www.bartola.co.uk/valves/wp-content/uploads/2017/06/6J49p-dr-pentodeFR-test-06.png?fit=1056%2C639&ssl=1,6Ж49П-ДР/6J49P-DR High Gain Stage – Bartola® Valves,https://i0.wp.com/www.bartola.co.uk/valves/wp-content/uploads/2017/06/6J49p-dr-pentodeFR-test-06.png?fit=1056%2C639&ssl=1,2p,figure,,,1,f52dad919cce1fb0
aq,https://i0.wp.com/www.bartola.co.uk/valves/wp-content/uploads/2017/06/6J49p-dr-pentodeFR-test-07.png?fit=1055%2C641&ssl=1,6Ж49П-ДР/6J49P-DR High Gain Stage – Bartola® Valves,https://i0.wp.com/www.bartola.co.uk/valves/wp-content/uploads/2017/06/6J49p-dr-pentodeFR-test-07.png?fit=1055%2C641&ssl=1,2p,figure,,,1,23a991be820f99a7
ar,https://i0.wp.com/www.bartola.co.uk/valves/wp-content/uploads/2017/06/6J49p-dr-pentodeFR-test-08.png?fit=1058%2C641&ssl=1,6Ж49П-ДР/6J49P-DR High Gain Stage – Bartola® Valves,https://i0.wp.com/www.bartola.co.uk/valves/wp-content/uploads/2017/06/6J49p-dr-pentodeFR-test-08.png?fit=1058%2C641&ssl=1,2p,figure,,,1,4c1b1401baed6344
as,https://i0.wp.com/www.bartola.co.uk/valves/wp-content/uploads/2017/06/6J49p-dr-pentode-THD-2V-test01.png?fit=1093%2C324&ssl=1,6Ж49П-ДР/6J49P-DR High Gain Stage – Bartola® Valves,https://i0.wp.com/www.bartola.co.uk/valves/wp-content/uploads/2017/06/6J49p-dr-pentode-THD-2V-test01.png?fit=1093%2C324&ssl=1,2p,figure,,,1,066b2e0d8c28c288
at,https://i0.wp.com/www.bartola.co.uk/valves/wp-content/uploads/2017/06/6SF5GT-Driver-1.jpg?fit=2361%2C1345&ssl=1,6SF5 driver for 300B/GM70/813 SE Amps – Bartola® Valves,https://i0.wp.com/www.bartola.co.uk/valves/wp-content/uploads/2017/06/6SF5GT-Driver-1.jpg?fit=2361%2C1345&ssl=1,2q,figure,,,1,303b5bc8dfe78df2
au,https://i0.wp.com/www.bartola.co.uk/valves/wp-content/uploads/2017/06/6sf5gt-operating-point-test.png?fit=849%2C409&ssl=1,6SF5 driver for 300B/GM70/813 SE Amps – Bartola® Valves,https://i0.wp.com/www.bartola.co.uk/valves/wp-content/uploads/2017/06/6sf5gt-operating-point-test.png?fit=849%2C409&ssl=1,2q,figure,,,1,ee188bbe9e93de74
av,https://i0.wp.com/www.bartola.co.uk/valves/wp-content/uploads/2017/06/6sf5-driver-test01.png?fit=1054%2C641&ssl=1,6SF5 driver for 300B/GM70/813 SE Amps – Bartola® Valves,https://i0.wp.com/www.bartola.co.uk/valves/wp-content/uploads/2017/06/6sf5-driver-test01.png?fit=1054%2C641&ssl=1,2q,figure,,,1,933b5d423a7d0f21
aw,https://i0.wp.com/www.bartola.co.uk/valves/wp-content/uploads/2016/12/Parafeed-Headphone-amp-v01.png?fit=1147%2C828&ssl=1,Headphone Parafeed Amp – Part I – Bartola® Valves,https://i0.wp.com/www.bartola.co.uk/valves/wp-content/uploads/2016/12/Parafeed-Headphone-amp-v01.png?fit=1147%2C828&ssl=1,2r,figure,,,1,b6b36d8b60f1c93e
ax,https://i0.wp.com/www.bartola.co.uk/valves/wp-content/uploads/2015/12/01a-preamp-with-follower-v01.png?fit=977%2C644&ssl=1,Slew Rate in Preamps – Bartola® Valves,https://i0.wp.com/www.bartola.co.uk/valves/wp-content/uploads/2015/12/01a-preamp-with-follower-v01.png?fit=977%2C644&ssl=1,2s,figure,,,1,ffb451998d0bcb01
ay,https://i0.wp.com/www.bartola.co.uk/valves/wp-content/uploads/2015/12/01a-Preamp-Tony-with-Follower.png?fit=1238%2C783&ssl=1,Slew Rate (Part 2) – Bartola® Valves,https://i0.wp.com/www.bartola.co.uk/valves/wp-content/uploads/2015/12/01a-Preamp-Tony-with-Follower.png?fit=1238%2C783&ssl=1,2t,figure,,,1,1749e04af02a38ec
az,https://i0.wp.com/www.bartola.co.uk/valves/wp-content/uploads/2015/12/01a-Preamp-Tony-with-CCS.png?fit=1151%2C740&ssl=1,Slew Rate (Part 2) – Bartola® Valves,https://i0.wp.com/www.bartola.co.uk/valves/wp-content/uploads/2015/12/01a-Preamp-Tony-with-CCS.png?fit=1151%2C740&ssl=1,2t,figure,,,1,dcd3bb3d3a6b2c33
b,https://www.bartola.co.uk/valves/for-sale/ccs-pcb/,Ccs pcb,https://www.bartola.co.uk/valves/for-sale/ccs-pcb/,,project_page,,,1,cd12111b98e57d64
b0,https://i0.wp.com/www.bartola.co.uk/valves/wp-content/uploads/2016/01/MOSFET-Follower-Test-Rig.png?fit=865%2C656&ssl=1,Slew Rate (Part III) – Bartola® Valves,https://i0.wp.com/www.bartola.co.uk/valves/wp-content/uploads/2016/01/MOSFET-Follower-Test-Rig.png?fit=865%2C656&ssl=1,2u,figure,,,1,276999f1b3ba8bd8
b1,https://i0.wp.com/www.bartola.co.uk/valves/wp-content/uploads/2016/01/DN2540-follower-test-01-10k.png?fit=1267%2C470&ssl=1,Slew Rate (Part III) – Bartola® Valves,https://i0.wp.com/www.bartola.co.uk/valves/wp-content/uploads/2016/01/DN2540-follower-test-01-10k.png?fit=1267%2C470&ssl=1,2u,figure,,,1,2798a09002a156a4
b2,https://i0.wp.com/www.bartola.co.uk/valves/wp-content/uploads/2016/01/DN2540-follower-test-02-20k-10mA.png?fit=1266%2C468&ssl=1,Slew Rate (Part III) – Bartola® Valves,https://i0.wp.com/www.bartola.co.uk/valves/wp-content/uploads/2016/01/DN2540-follower-test-02-20k-10mA.png?fit=1266%2C468&ssl=1,2u,figure,,,1,51a82125b041965c
b3,https://i0.wp.com/www.bartola.co.uk/valves/wp-content/uploads/2016/01/DN2540-follower-test-02-20k.png?fit=1262%2C467&ssl=1,Slew Rate (Part III) – Bartola® Valves,https://i0.wp.com/www.bartola.co.uk/valves/wp-content/uploads/2016/01/DN2540-follower-test-02-20k.png?fit=1262%2C467&ssl=1,2u,figure,,,1,aa4256e84ce32b3e
b4,https://i0.wp.com/www.bartola.co.uk/valves/wp-content/uploads/2016/01/DN2540-follower-test-02-20k-20mA.png?fit=1261%2C465&ssl=1,Slew Rate (Part III) – Bartola® Valves,https://i0.wp.com/www.bartola.co.uk/valves/wp-content/uploads/2016/01/DN2540-follower-test-02-20k-20mA.png?fit=1261%2C465&ssl=1,2u,figure,,,1,4755387c4a3447f7
b5,https://i0.wp.com/www.bartola.co.uk/valves/wp-content/uploads/2016/01/Screen-Shot-2016-01-08-at-17.24.50.png?fit=923%2C662&ssl=1,Slew Rate (Part IV) and the Tale of the three Source Followers,https://i0.wp.com/www.bartola.co.uk/valves/wp-content/uploads/2016/01/Screen-Shot-2016-01-08-at-17.24.50.png?fit=923%2C662&ssl=1,2v,figure,,,1,d72d9c6353289c1d
b6,https://i0.wp.com/www.bartola.co.uk/valves/wp-content/uploads/2016/01/IMG_2253.jpg?fit=640%2C640&ssl=1,Slew Rate (Part IV) and the Tale of the three Source Followers,https://i0.wp.com/www.bartola.co.uk/valves/wp-content/uploads/2016/01/IMG_2253.jpg?fit=640%2C640&ssl=1,2v,figure,,,1,ec8c9e2b6a8b39f8
b7,https://i0.wp.com/www.bartola.co.uk/valves/wp-content/uploads/2016/01/MOSFET-comparison-THD.png?fit=587%2C372&ssl=1,Slew Rate (Part IV) and the Tale of the three Source Followers,https://i0.wp.com/www.bartola.co.uk/valves/wp-content/uploads/2016/01/MOSFET-comparison-THD.png?fit=587%2C372&ssl=1,2v,figure,,,1,55509511c5b6319f
b8,https://i0.wp.com/www.bartola.co.uk/valves/wp-content/uploads/2016/01/MOSFET-comparison-H2-and-H3.png?fit=500%2C366&ssl=1,Slew Rate (Part IV) and the Tale of the three Source Followers,https://i0.wp.com/www.bartola.co.uk/valves/wp-content/uploads/2016/01/MOSFET-comparison-H2-and-H3.png?fit=500%2C366&ssl=1,2v,figure,,,1,fc1127265c0b8ae0
b9,https://i0.wp.com/www.bartola.co.uk/valves/wp-content/uploads/2016/01/MOSFET-follower-comparison-20kHz.png?fit=425%2C366&ssl=1,Slew Rate (Part IV) and the Tale of the three Source Followers,https://i0.wp.com/www.bartola.co.uk/valves/wp-content/uploads/2016/01/MOSFET-follower-comparison-20kHz.png?fit=425%2C366&ssl=1,2v,figure,,,1,a04e5633b40b4594
ba,https://i0.wp.com/www.bartola.co.uk/valves/wp-content/uploads/2016/01/DN2540-7Vrms-20k-2200pF.png?fit=1298%2C411&ssl=1,Slew Rate (Part IV) and the Tale of the three Source Followers,https://i0.wp.com/www.bartola.co.uk/valves/wp-content/uploads/2016/01/DN2540-7Vrms-20k-2200pF.png?fit=1298%2C411&ssl=1,2v,figure,,,1,43365057ca678824
bb,https://i0.wp.com/www.bartola.co.uk/valves/wp-content/uploads/2016/01/DN2540-7Vrms-20k-2200pF-3mA.png?fit=1298%2C411&ssl=1,Slew Rate (Part IV) and the Tale of the three Source Followers,https://i0.wp.com/www.bartola.co.uk/valves/wp-content/uploads/2016/01/DN2540-7Vrms-20k-2200pF-3mA.png?fit=1298%2C411&ssl=1,2v,figure,,,1,b110ecf0660b6827
bc,https://i0.wp.com/www.bartola.co.uk/valves/wp-content/uploads/2016/01/DN2540-7Vrms-20k-2200pF-30mA.png?fit=1295%2C410&ssl=1,Slew Rate (Part IV) and the Tale of the three Source Followers,https://i0.wp.com/www.bartola.co.uk/valves/wp-content/uploads/2016/01/DN2540-7Vrms-20k-2200pF-30mA.png?fit=1295%2C410&ssl=1,2v,figure,,,1,00ff39da7e9ae012
bd,https://i0.wp.com/www.bartola.co.uk/valves/wp-content/uploads/2016/01/Screen-Shot-2016-01-09-at-09.41.27.png?fit=843%2C639&ssl=1,Slew Rate (Part IV) and the Tale of the three Source Followers,https://i0.wp.com/www.bartola.co.uk/valves/wp-content/uploads/2016/01/Screen-Shot-2016-01-09-at-09.41.27.png?fit=843%2C639&ssl=1,2v,figure,,,1,ed22c91d1f714407
be,https://i0.wp.com/www.bartola.co.uk/valves/wp-content/uploads/2017/05/CX340-RIAA-last-stage-analysis.png?fit=1225%2C716&ssl=1,DHT Phono Stage Test – Bartola® Valves,https://i0.wp.com/www.bartola.co.uk/valves/wp-content/uploads/2017/05/CX340-RIAA-last-stage-analysis.png?fit=1225%2C716&ssl=1,2w,figure,,,1,ecde698f59a68af9
bf,https://i0.wp.com/www.bartola.co.uk/valves/wp-content/uploads/2017/05/CX340-Phono-Stage.png?fit=1060%2C643&ssl=1,DHT Phono Stage Test – Bartola® Valves,https://i0.wp.com/www.bartola.co.uk/valves/wp-content/uploads/2017/05/CX340-Phono-Stage.png?fit=1060%2C643&ssl=1,2w,figure,,,1,d40e1d6c97c3865f
bg,https://i0.wp.com/www.bartola.co.uk/valves/wp-content/uploads/2020/01/Cap-Mult-v04.jpg?fit=934%2C957&ssl=1,Cap Multiplier boards (Rev04) – Bartola® Valves,https://i0.wp.com/www.bartola.co.uk/valves/wp-content/uploads/2020/01/Cap-Mult-v04.jpg?fit=934%2C957&ssl=1,2x,figure,,,1,761fcaedd177ca6a
bh,https://i0.wp.com/www.bartola.co.uk/valves/wp-content/uploads/2020/01/IMG_1114.jpg?fit=1713%2C1029&ssl=1,Cap Multiplier boards (Rev04) – Bartola® Valves,https://i0.wp.com/www.bartola.co.uk/valves/wp-content/uploads/2020/01/IMG_1114.jpg?fit=1713%2C1029&ssl=1,2x,figure,,,1,6d2448a6db895c60
bi,https://i0.wp.com/www.bartola.co.uk/valves/wp-content/uploads/2017/05/4P1L-gyrator-test-GEN2a-1.jpg?fit=904%2C766&ssl=1,Gyrator PCB Hack: final Enhancement Mosfet design – Bartola® Valves,https://i0.wp.com/www.bartola.co.uk/valves/wp-content/uploads/2017/05/4P1L-gyrator-test-GEN2a-1.jpg?fit=904%2C766&ssl=1,32,figure,,,1,2e90420be7a292b4
bj,https://i0.wp.com/www.bartola.co.uk/valves/wp-content/uploads/2017/05/4P1L-gyrator-test.jpg?fit=691%2C679&ssl=1,Gyrator PCB Hack: final Enhancement Mosfet design – Bartola® Valves,https://i0.wp.com/www.bartola.co.uk/valves/wp-content/uploads/2017/05/4P1L-gyrator-test.jpg?fit=691%2C679&ssl=1,32,figure,,,1,0e5a4e0a539f4616
bk,https://i0.wp.com/www.bartola.co.uk/valves/wp-content/uploads/2016/12/3B7-preamp-v01.png?fit=1069%2C794&ssl=1,3B7 DHT Preamplifier – Bartola® Valves,https://i0.wp.com/www.bartola.co.uk/valves/wp-content/uploads/2016/12/3B7-preamp-v01.png?fit=1069%2C794&ssl=1,33,figure,,,1,5ccbe60bd3390055
bl,https://i0.wp.com/www.bartola.co.uk/valves/wp-content/uploads/2016/02/IMG_4179.jpeg?fit=4232%2C3282&ssl=1,Gyrator PCB Update – Rev07 – Bartola® Valves,https://i0.wp.com/www.bartola.co.uk/valves/wp-content/uploads/2016/02/IMG_4179.jpeg?fit=4232%2C3282&ssl=1,37,figure,,,1,9f694c2bf8f7e060
bm,https://i0.wp.com/www.bartola.co.uk/valves/wp-content/uploads/2017/08/SV201a-build04.jpg?fit=1632%2C1224&ssl=1,SV201a-build04 – Bartola® Valves,https://i0.wp.com/www.bartola.co.uk/valves/wp-content/uploads/2017/08/SV201a-build04.jpg?fit=1632%2C1224&ssl=1,39,figure,,,1,38677a665c863818
bn,https://i0.wp.com/www.bartola.co.uk/valves/wp-content/uploads/2017/08/SV201a-build01.jpg?fit=1632%2C1148&ssl=1,SV201a-build01 – Bartola® Valves,https://i0.wp.com/www.bartola.co.uk/valves/wp-content/uploads/2017/08/SV201a-build01.jpg?fit=1632%2C1148&ssl=1,3a,figure,,,1,47e9fa411220d6b8
bo,https://i0.wp.com/www.bartola.co.uk/valves/wp-content/uploads/2017/01/01a-Gen2-preamp-FINAL.jpg?fit=751%2C940&ssl=1,01a Preamp Gen2: Build Complete – Bartola® Valves,https://i0.wp.com/www.bartola.co.uk/valves/wp-content/uploads/2017/01/01a-Gen2-preamp-FINAL.jpg?fit=751%2C940&ssl=1,3c,figure,,,1,52093bed177f4cd5
bp,https://i0.wp.com/www.bartola.co.uk/valves/wp-content/uploads/2017/01/01a-Ale-09.jpg?fit=1434%2C1218&ssl=1,01a Preamp Gen2: Build Complete – Bartola® Valves,https://i0.wp.com/www.bartola.co.uk/valves/wp-content/uploads/2017/01/01a-Ale-09.jpg?fit=1434%2C1218&ssl=1,3c,figure,,,1,493ed93c59dfd9f7
bq,https://i0.wp.com/www.bartola.co.uk/valves/wp-content/uploads/2016/08/Tony-01a-preamp.png?fit=1265%2C846&ssl=1,Tony’s 01a Preamp – Bartola® Valves,https://i0.wp.com/www.bartola.co.uk/valves/wp-content/uploads/2016/08/Tony-01a-preamp.png?fit=1265%2C846&ssl=1,3d,figure,,,1,945e717ff7b1d112
br,https://i0.wp.com/www.bartola.co.uk/valves/wp-content/uploads/2017/08/4P1L-Siberian-Gen4-Screen.jpg?fit=1504%2C1461&ssl=1,4P1L / 4П1Л Siberian Gen4 in Screen mode – Bartola® Valves,https://i0.wp.com/www.bartola.co.uk/valves/wp-content/uploads/2017/08/4P1L-Siberian-Gen4-Screen.jpg?fit=1504%2C1461&ssl=1,3e,figure,,,1,46e5ab5e182eac23
bs,https://i0.wp.com/www.bartola.co.uk/valves/wp-content/uploads/2016/06/2P29L-Preamp.png?fit=952%2C750&ssl=1,2P29L – Preamp and driver for 4P1L PSE Amp – Bartola® Valves,https://i0.wp.com/www.bartola.co.uk/valves/wp-content/uploads/2016/06/2P29L-Preamp.png?fit=952%2C750&ssl=1,3f,figure,,,1,fb7ec1f1e7c85d03
bt,https://i0.wp.com/www.bartola.co.uk/valves/wp-content/uploads/2016/06/2P29L-4P1L-PSE-Amp.png?fit=1271%2C883&ssl=1,2P29L – Preamp and driver for 4P1L PSE Amp – Bartola® Valves,https://i0.wp.com/www.bartola.co.uk/valves/wp-content/uploads/2016/06/2P29L-4P1L-PSE-Amp.png?fit=1271%2C883&ssl=1,3f,figure,,,1,5ccd1a8edfb04436
bu,https://i0.wp.com/www.bartola.co.uk/valves/wp-content/uploads/2014/10/01a-Preamp-Gen2-v2.1.png?fit=1331%2C689&ssl=1,01a Preamp Gen2 – Bartola® Valves,https://i0.wp.com/www.bartola.co.uk/valves/wp-content/uploads/2014/10/01a-Preamp-Gen2-v2.1.png?fit=1331%2C689&ssl=1,3i,figure,,,1,d64579f008a0e4cf
bv,https://i0.wp.com/www.bartola.co.uk/valves/wp-content/uploads/2012/12/CX301a-DHT-preamp-cathode-follower.png?fit=1504%2C1382&ssl=1,Improving the CX301a DHT pre-amp – Bartola® Valves,https://i0.wp.com/www.bartola.co.uk/valves/wp-content/uploads/2012/12/CX301a-DHT-preamp-cathode-follower.png?fit=1504%2C1382&ssl=1,3l,figure,,,1,a8fa8ab922075feb
bw,https://i0.wp.com/www.bartola.co.uk/valves/wp-content/uploads/2014/11/01a-Preamp-Gen2-version-22-schematic.png?fit=1158%2C764&ssl=1,01a Preamp Gen2: Build (Part 1) – Bartola® Valves,https://i0.wp.com/www.bartola.co.uk/valves/wp-content/uploads/2014/11/01a-Preamp-Gen2-version-22-schematic.png?fit=1158%2C764&ssl=1,3m,figure,,,1,819e6696d58a252c
bx,https://i0.wp.com/www.bartola.co.uk/valves/wp-content/uploads/2012/06/4P1L-Siberian-DHT-Preamp.png?fit=1190%2C1135&ssl=1,4П1Л/4P1L triode curves – Bartola® Valves,https://i0.wp.com/www.bartola.co.uk/valves/wp-content/uploads/2012/06/4P1L-Siberian-DHT-Preamp.png?fit=1190%2C1135&ssl=1,3u,figure,,,1,37dcbb474f34bf76
by,https://i0.wp.com/www.bartola.co.uk/valves/wp-content/uploads/2012/06/CX301a-preamp-bartola.png?fit=898%2C764&ssl=1,CX301a DHT pre-amplifier – Bartola® Valves,https://i0.wp.com/www.bartola.co.uk/valves/wp-content/uploads/2012/06/CX301a-preamp-bartola.png?fit=898%2C764&ssl=1,3y,figure,,,1,7fefa548561beceb
bz,https://i0.wp.com/www.bartola.co.uk/valves/wp-content/uploads/2012/07/20120709-185129.jpg?w=840,New Output Transformer for the 01a / 26 pre-amps – Bartola® Valves,https://i0.wp.com/www.bartola.co.uk/valves/wp-content/uploads/2012/07/20120709-185129.jpg?w=840,3z,figure,,,1,8273babe043d5427
c,https://www.bartola.co.uk/valves/for-sale/sic-bias-boards/,Sic bias boards,https://www.bartola.co.uk/valves/for-sale/sic-bias-boards/,,project_page,,,1,fca399c4357b5c4e
c0,https://i0.wp.com/www.bartola.co.uk/valves/wp-content/uploads/2013/02/IMG-20130129-00511.jpg?fit=1024%2C768&ssl=1,26 DHT Preamp Gen2 by Rui Lourenço – Bartola® Valves,https://i0.wp.com/www.bartola.co.uk/valves/wp-content/uploads/2013/02/IMG-20130129-00511.jpg?fit=1024%2C768&ssl=1,42,figure,,,1,e6c938d56208a18d
c1,https://i0.wp.com/www.bartola.co.uk/valves/wp-content/uploads/2018/03/IMG_0154.jpg?fit=2909%2C3607&ssl=1,Complete Gyrator Boards for Sale – Bartola® Valves,https://i0.wp.com/www.bartola.co.uk/valves/wp-content/uploads/2018/03/IMG_0154.jpg?fit=2909%2C3607&ssl=1,45,figure,,,1,40e2a65829c38a20
c2,https://i0.wp.com/www.bartola.co.uk/valves/wp-content/uploads/2018/03/4P1L-PSE-A2-Amp-v01.jpg?fit=990%2C832&ssl=1,4P1L PSE Class A2 Amplifier – Bartola® Valves,https://i0.wp.com/www.bartola.co.uk/valves/wp-content/uploads/2018/03/4P1L-PSE-A2-Amp-v01.jpg?fit=990%2C832&ssl=1,46,figure,,,1,5ec4c8adfe966f7d
c3,https://i0.wp.com/www.bartola.co.uk/valves/wp-content/uploads/2018/09/01a-Preamp-V5-SiC-Filament-Bias.jpg?fit=737%2C684&ssl=1,01a with filament SiC bias – Bartola® Valves,https://i0.wp.com/www.bartola.co.uk/valves/wp-content/uploads/2018/09/01a-Preamp-V5-SiC-Filament-Bias.jpg?fit=737%2C684&ssl=1,4c,figure,,,1,f3bb40ae9bad6910
c4,https://i0.wp.com/www.bartola.co.uk/valves/wp-content/uploads/2018/04/GM70-SE-Amp-driver-study.jpg?fit=872%2C832&ssl=1,Driving hard (Part I) – Bartola® Valves,https://i0.wp.com/www.bartola.co.uk/valves/wp-content/uploads/2018/04/GM70-SE-Amp-driver-study.jpg?fit=872%2C832&ssl=1,4m,figure,,,1,3a9d7a2816216ced
c5,https://i0.wp.com/www.bartola.co.uk/valves/wp-content/uploads/2018/04/6C45P-200Vpp.jpg?fit=1054%2C336&ssl=1,Driving hard (Part I) – Bartola® Valves,https://i0.wp.com/www.bartola.co.uk/valves/wp-content/uploads/2018/04/6C45P-200Vpp.jpg?fit=1054%2C336&ssl=1,4m,figure,,,1,0d99409078ca302b
c6,https://i0.wp.com/www.bartola.co.uk/valves/wp-content/uploads/2020/05/300B-grid-bias.jpg?fit=1445%2C1531&ssl=1,300B SE Amp: build part V (Fixed Bias) – Bartola® Valves,https://i0.wp.com/www.bartola.co.uk/valves/wp-content/uploads/2020/05/300B-grid-bias.jpg?fit=1445%2C1531&ssl=1,4n,figure,,,1,abc8c6d12343bb15
c7,https://i0.wp.com/www.bartola.co.uk/valves/wp-content/uploads/2020/06/300B-SE-Bias-Supply-V01-2.jpg,300B SE Amp: build part II – Bartola® Valves,https://i0.wp.com/www.bartola.co.uk/valves/wp-content/uploads/2020/06/300B-SE-Bias-Supply-V01-2.jpg,4r,figure,,,1,145d7f061f1be061
c8,https://i0.wp.com/www.bartola.co.uk/valves/wp-content/uploads/2020/05/IMG_0180.jpg?fit=1512%2C2016&ssl=1,300B SE Amp: build part VI (Fixed Bias Board) – Bartola® Valves,https://i0.wp.com/www.bartola.co.uk/valves/wp-content/uploads/2020/05/IMG_0180.jpg?fit=1512%2C2016&ssl=1,4u,figure,,,1,9f6ba1bc49c95a8a
c9,https://i0.wp.com/www.bartola.co.uk/valves/wp-content/uploads/2012/06/THD-analysis.png?fit=442%2C559&ssl=1,THD benchmark – Bartola® Valves,https://i0.wp.com/www.bartola.co.uk/valves/wp-content/uploads/2012/06/THD-analysis.png?fit=442%2C559&ssl=1,4y,figure,,,1,73879d5c08837a07
ca,https://i0.wp.com/www.bartola.co.uk/valves/wp-content/uploads/2019/02/SLCF-PCB.jpg?fit=816%2C1141&ssl=1,Bootstrapped CF (SLCF) PCB tests – Bartola® Valves,https://i0.wp.com/www.bartola.co.uk/valves/wp-content/uploads/2019/02/SLCF-PCB.jpg?fit=816%2C1141&ssl=1,52,figure,,,1,c28f7745b67411ba
cb,https://i0.wp.com/www.bartola.co.uk/valves/wp-content/uploads/2019/02/SLCF-PCB-DC.jpg?fit=846%2C1141&ssl=1,Bootstrapped CF (SLCF) PCB tests – Bartola® Valves,https://i0.wp.com/www.bartola.co.uk/valves/wp-content/uploads/2019/02/SLCF-PCB-DC.jpg?fit=846%2C1141&ssl=1,52,figure,,,1,0b3704aee9359ab0
cc,https://i0.wp.com/www.bartola.co.uk/valves/wp-content/uploads/2019/02/SLCF-6J52P-test.jpg?fit=816%2C1166&ssl=1,Bootstrapped CF (SLCF) PCB tests – Bartola® Valves,https://i0.wp.com/www.bartola.co.uk/valves/wp-content/uploads/2019/02/SLCF-6J52P-test.jpg?fit=816%2C1166&ssl=1,52,figure,,,1,c91628c569d2d8c1
cd,http://www.bartola.co.uk/valves/wp-content/uploads/2018/12/DHT-Preamps-ETF2018-final-notes.pdf,ETF.18 DHT Preamps Lecture – Bartola® Valves,http://www.bartola.co.uk/valves/wp-content/uploads/2018/12/DHT-Preamps-ETF2018-final-notes.pdf,53,figure,,,25,e04e6d28c65085e2
ce,http://www.bartola.co.uk/valves/wp-content/uploads/2018/12/DHT-Preamps-ETF2018-final.pdf,ETF.18 DHT Preamps Lecture – Bartola® Valves,http://www.bartola.co.uk/valves/wp-content/uploads/2018/12/DHT-Preamps-ETF2018-final.pdf,53,figure,,,25,b2fca38f42a77774
cf,https://i0.wp.com/www.bartola.co.uk/valves/wp-content/uploads/2022/01/1624-SE-Schade-V01.png?fit=1099%2C638&ssl=1,Bartola® Valves – Page 3 – All about electronic valves and hi-fi,https://i0.wp.com/www.bartola.co.uk/valves/wp-content/uploads/2022/01/1624-SE-Schade-V01.png?fit=1099%2C638&ssl=1,5c,figure,,,1,0336926def459d8b
cg,https://i0.wp.com/www.bartola.co.uk/valves/wp-content/uploads/2012/06/gm-tester.png?fit=632%2C632&ssl=1,Measuring Transconductance (Gm) – Bartola® Valves,https://i0.wp.com/www.bartola.co.uk/valves/wp-content/uploads/2012/06/gm-tester.png?fit=632%2C632&ssl=1,5e,figure,,,1,8b2952ea2ca50fc7
ch,https://i0.wp.com/www.bartola.co.uk/valves/wp-content/uploads/2012/05/6e5p-triode-4-spice.png?fit=839%2C546&ssl=1,6e5p triode-strapped – Bartola® Valves,https://i0.wp.com/www.bartola.co.uk/valves/wp-content/uploads/2012/05/6e5p-triode-4-spice.png?fit=839%2C546&ssl=1,5f,figure,,,1,6ba6ea16969837bd
ci,https://i0.wp.com/www.bartola.co.uk/valves/wp-content/uploads/2012/05/6e5p-match.jpg?fit=597%2C428&ssl=1,6e5p triode-strapped – Bartola® Valves,https://i0.wp.com/www.bartola.co.uk/valves/wp-content/uploads/2012/05/6e5p-match.jpg?fit=597%2C428&ssl=1,5f,figure,,,1,cabe1999277016ff
cj,https://i0.wp.com/www.bartola.co.uk/valves/wp-content/uploads/2012/05/6e5p-matching-Hagermans-model.png?fit=837%2C549&ssl=1,6e5p triode-strapped – Bartola® Valves,https://i0.wp.com/www.bartola.co.uk/valves/wp-content/uploads/2012/05/6e5p-matching-Hagermans-model.png?fit=837%2C549&ssl=1,5f,figure,,,1,e91a89a4cac1588d
ck,https://i0.wp.com/www.bartola.co.uk/valves/wp-content/uploads/2012/06/valve-thd-analysis-table.png?fit=480%2C452&ssl=1,Bartola® Valves – Page 59 – All about electronic valves and hi-fi,https://i0.wp.com/www.bartola.co.uk/valves/wp-content/uploads/2012/06/valve-thd-analysis-table.png?fit=480%2C452&ssl=1,5r,figure,,,1,5237fd299dce1c2f
cl,https://i0.wp.com/www.bartola.co.uk/valves/wp-content/uploads/2012/06/valve-thd-analysis.png?fit=1024%2C382&ssl=1,Bartola® Valves – Page 59 – All about electronic valves and hi-fi,https://i0.wp.com/www.bartola.co.uk/valves/wp-content/uploads/2012/06/valve-thd-analysis.png?fit=1024%2C382&ssl=1,5r,figure,,,1,ef040e8f0b66b867
cm,https://i0.wp.com/www.bartola.co.uk/valves/wp-content/uploads/2012/06/gm-tester2.png?fit=632%2C632&ssl=1,Bartola® Valves – Page 59 – All about electronic valves and hi-fi,https://i0.wp.com/www.bartola.co.uk/valves/wp-content/uploads/2012/06/gm-tester2.png?fit=632%2C632&ssl=1,5r,figure,,,1,a0706aaef59ecbb0
cn,https://i0.wp.com/www.bartola.co.uk/valves/wp-content/uploads/2012/05/6e5p-bias-fixed.jpg?fit=1748%2C1391&ssl=1,Bartola® Valves – Page 59 – All about electronic valves and hi-fi,https://i0.wp.com/www.bartola.co.uk/valves/wp-content/uploads/2012/05/6e5p-bias-fixed.jpg?fit=1748%2C1391&ssl=1,5r,figure,,,1,12c82355ec204b19
co,https://i0.wp.com/www.bartola.co.uk/valves/wp-content/uploads/2015/02/4P1L-Siberian-Gen1b-v01.png?fit=1294%2C649&ssl=1,4P1L Siberian Gen1 upgrade – Bartola® Valves,https://i0.wp.com/www.bartola.co.uk/valves/wp-content/uploads/2015/02/4P1L-Siberian-Gen1b-v01.png?fit=1294%2C649&ssl=1,5t,figure,,,1,3fe8a3f3f5079461
cp,https://www.bartola.co.uk/valves/wp-content/uploads/2013/08/20130811-173734.jpg,4-65a SE Amp: testing it finally! – Bartola® Valves,https://www.bartola.co.uk/valves/wp-content/uploads/2013/08/20130811-173734.jpg,61,figure,,,1,9bebfeeab21cd4d5
cq,https://i0.wp.com/www.bartola.co.uk/valves/wp-content/uploads/2013/11/20131117-133216.jpg?resize=614%2C356,814 SE A2 Amplifier (Part 1) – Bartola® Valves,https://i0.wp.com/www.bartola.co.uk/valves/wp-content/uploads/2013/11/20131117-133216.jpg?resize=614%2C356,62,figure,,,1,9a00d563ce09b475
cr,https://i0.wp.com/www.bartola.co.uk/valves/wp-content/uploads/2013/11/20131117-133251.jpg?fit=768%2C1024&ssl=1,814 SE A2 Amplifier (Part 1) – Bartola® Valves,https://i0.wp.com/www.bartola.co.uk/valves/wp-content/uploads/2013/11/20131117-133251.jpg?fit=768%2C1024&ssl=1,62,figure,,,1,3e24ccb712b0da5f
cs,https://i0.wp.com/www.bartola.co.uk/valves/wp-content/uploads/2016/11/6e5p-shunt-cascode-driver-FINAL.png?fit=1436%2C695&ssl=1,6Э5П Shunt Cascode Driver – Bartola® Valves,https://i0.wp.com/www.bartola.co.uk/valves/wp-content/uploads/2016/11/6e5p-shunt-cascode-driver-FINAL.png?fit=1436%2C695&ssl=1,63,figure,,,1,0beee01c93457eff
ct,https://i0.wp.com/www.bartola.co.uk/valves/wp-content/uploads/2016/11/6e5p-shunt-cascode-voltage-reference.png?fit=481%2C699&ssl=1,6Э5П Shunt Cascode Driver – Bartola® Valves,https://i0.wp.com/www.bartola.co.uk/valves/wp-content/uploads/2016/11/6e5p-shunt-cascode-voltage-reference.png?fit=481%2C699&ssl=1,63,figure,,,1,95588c82888ce630
cu,https://i0.wp.com/www.bartola.co.uk/valves/wp-content/uploads/2016/11/6e5p-shunt-test02.png?fit=1169%2C412&ssl=1,6Э5П Shunt Cascode Driver – Bartola® Valves,https://i0.wp.com/www.bartola.co.uk/valves/wp-content/uploads/2016/11/6e5p-shunt-test02.png?fit=1169%2C412&ssl=1,63,figure,,,1,b265d4cdd07c5f7e
cv,https://i0.wp.com/www.bartola.co.uk/valves/wp-content/uploads/2017/03/VT-25-Preamp-V01-LRES.jpg?fit=751%2C730&ssl=1,VT-25 DHT Preamplifer – Bartola® Valves,https://i0.wp.com/www.bartola.co.uk/valves/wp-content/uploads/2017/03/VT-25-Preamp-V01-LRES.jpg?fit=751%2C730&ssl=1,67,figure,,,1,d64db49bfc5ab8bc
cw,https://i0.wp.com/www.bartola.co.uk/valves/wp-content/uploads/2017/03/vt25-test05.png?fit=1038%2C373&ssl=1,VT-25 DHT Preamplifer – Bartola® Valves,https://i0.wp.com/www.bartola.co.uk/valves/wp-content/uploads/2017/03/vt25-test05.png?fit=1038%2C373&ssl=1,67,figure,,,1,fa7067a6c280f489
cx,https://i0.wp.com/www.bartola.co.uk/valves/wp-content/uploads/2017/03/VT25-FR-Test01.png?fit=1189%2C444&ssl=1,VT-25 DHT Preamplifer – Bartola® Valves,https://i0.wp.com/www.bartola.co.uk/valves/wp-content/uploads/2017/03/VT25-FR-Test01.png?fit=1189%2C444&ssl=1,67,figure,,,1,065cb4b97787d21d
cy,https://i0.wp.com/www.bartola.co.uk/valves/wp-content/uploads/2017/10/Ba-preamp-version-1.png?fit=1567%2C910&ssl=1,"Ba German DHT Preamp, here we go… – Bartola® Valves",https://i0.wp.com/www.bartola.co.uk/valves/wp-content/uploads/2017/10/Ba-preamp-version-1.png?fit=1567%2C910&ssl=1,6b,figure,,,1,bac30e2de4f4030a
cz,https://i0.wp.com/www.bartola.co.uk/valves/wp-content/uploads/2017/03/CX112a-DHT-preamp.jpg?fit=751%2C940&ssl=1,cx-112a DHT preamp – Bartola® Valves,https://i0.wp.com/www.bartola.co.uk/valves/wp-content/uploads/2017/03/CX112a-DHT-preamp.jpg?fit=751%2C940&ssl=1,6d,figure,,,1,398b9939870257ca
d,https://www.bartola.co.uk/valves/for-sale/cables/,Cables,https://www.bartola.co.uk/valves/for-sale/cables/,,project_page,,,1,b818c6e78d7b51ab
d0,https://i0.wp.com/www.bartola.co.uk/valves/wp-content/uploads/2017/03/CX112a-preamp-FR-2.png?fit=1201%2C448&ssl=1,cx-112a DHT preamp – Bartola® Valves,https://i0.wp.com/www.bartola.co.uk/valves/wp-content/uploads/2017/03/CX112a-preamp-FR-2.png?fit=1201%2C448&ssl=1,6d,figure,,,1,4db00fefe47da96d
d1,https://i0.wp.com/www.bartola.co.uk/valves/wp-content/uploads/2017/03/CX112a-preamp-THD-4V.png?fit=1237%2C377&ssl=1,cx-112a DHT preamp – Bartola® Valves,https://i0.wp.com/www.bartola.co.uk/valves/wp-content/uploads/2017/03/CX112a-preamp-THD-4V.png?fit=1237%2C377&ssl=1,6d,figure,,,1,57dad80e4cf286cc
d2,https://i0.wp.com/www.bartola.co.uk/valves/wp-content/uploads/2017/03/CX112a-preamp-THD-10V.png?fit=1232%2C377&ssl=1,cx-112a DHT preamp – Bartola® Valves,https://i0.wp.com/www.bartola.co.uk/valves/wp-content/uploads/2017/03/CX112a-preamp-THD-10V.png?fit=1232%2C377&ssl=1,6d,figure,,,1,a66c3e50df66d5cb
d3,https://i0.wp.com/www.bartola.co.uk/valves/wp-content/uploads/2016/05/4P1L-Test-gyrator-board.png?fit=1185%2C571&ssl=1,Gyrator Test Mule: 4P1L Preamp – Bartola® Valves,https://i0.wp.com/www.bartola.co.uk/valves/wp-content/uploads/2016/05/4P1L-Test-gyrator-board.png?fit=1185%2C571&ssl=1,6f,figure,,,1,12926924abf67da0
d4,https://i0.wp.com/www.bartola.co.uk/valves/wp-content/uploads/2016/04/Preamp-circuit.jpg?fit=1280%2C844&ssl=1,Differential buffer and preamp – Bartola® Valves,https://i0.wp.com/www.bartola.co.uk/valves/wp-content/uploads/2016/04/Preamp-circuit.jpg?fit=1280%2C844&ssl=1,6h,figure,,,1,f09552bf8d90a0d0
d5,https://i0.wp.com/www.bartola.co.uk/valves/wp-content/uploads/2016/03/4P1L-PSE-with-6E5P-driver-v03.png?fit=1175%2C841&ssl=1,Russian PSE in Steroids (6E5P into 4P1L) – Part II – Bartola® Valves,https://i0.wp.com/www.bartola.co.uk/valves/wp-content/uploads/2016/03/4P1L-PSE-with-6E5P-driver-v03.png?fit=1175%2C841&ssl=1,6j,figure,,,1,a8a108bf4869f53c
d6,https://i0.wp.com/www.bartola.co.uk/valves/wp-content/uploads/2016/03/01a-4P1L-PSE-v05.png?fit=1422%2C792&ssl=1,Russian PSE in Steroids (01a into 4P1L) – Part IV – Bartola® Valves,https://i0.wp.com/www.bartola.co.uk/valves/wp-content/uploads/2016/03/01a-4P1L-PSE-v05.png?fit=1422%2C792&ssl=1,6k,figure,,,1,fa64c92bf914aecf
d7,https://i0.wp.com/www.bartola.co.uk/valves/wp-content/uploads/2015/05/813SE-Amp-v01.png?fit=1080%2C599&ssl=1,813 triode SE with 4P1L Pentode – Bartola® Valves,https://i0.wp.com/www.bartola.co.uk/valves/wp-content/uploads/2015/05/813SE-Amp-v01.png?fit=1080%2C599&ssl=1,6q,figure,,,1,4719b1dc78716b1f
d8,https://i0.wp.com/www.bartola.co.uk/valves/wp-content/uploads/2017/06/pentode-test-rig.jpg?fit=1068%2C661&ssl=1,2K2M DHP Test – Bartola® Valves,https://i0.wp.com/www.bartola.co.uk/valves/wp-content/uploads/2017/06/pentode-test-rig.jpg?fit=1068%2C661&ssl=1,6r,figure,,,1,bd74d65b28da3651
d9,https://i0.wp.com/www.bartola.co.uk/valves/wp-content/uploads/2017/06/2k2m-pentode-Vs90V-FR.png?fit=1055%2C643&ssl=1,2K2M DHP Test – Bartola® Valves,https://i0.wp.com/www.bartola.co.uk/valves/wp-content/uploads/2017/06/2k2m-pentode-Vs90V-FR.png?fit=1055%2C643&ssl=1,6r,figure,,,1,147ca640202ff67f
da,https://i0.wp.com/www.bartola.co.uk/valves/wp-content/uploads/2017/06/2k2m-pentode-Vs90V-THD-1V.png?fit=1092%2C332&ssl=1,2K2M DHP Test – Bartola® Valves,https://i0.wp.com/www.bartola.co.uk/valves/wp-content/uploads/2017/06/2k2m-pentode-Vs90V-THD-1V.png?fit=1092%2C332&ssl=1,6r,figure,,,1,7f051e112dc875a5
db,https://i0.wp.com/www.bartola.co.uk/valves/wp-content/uploads/2016/10/img_0004.png?fit=2413%2C1761&ssl=1,SiC MOSFET Follower Driver – Bartola® Valves,https://i0.wp.com/www.bartola.co.uk/valves/wp-content/uploads/2016/10/img_0004.png?fit=2413%2C1761&ssl=1,70,figure,,,1,4f4378903d5351d9
dc,https://i0.wp.com/www.bartola.co.uk/valves/wp-content/uploads/2016/10/img_0003.png?fit=1752%2C1785&ssl=1,SiC MOSFET Follower Driver – Bartola® Valves,https://i0.wp.com/www.bartola.co.uk/valves/wp-content/uploads/2016/10/img_0003.png?fit=1752%2C1785&ssl=1,70,figure,,,1,2ca629851711993c
dd,https://i0.wp.com/www.bartola.co.uk/valves/wp-content/uploads/2016/10/test07-buffer.png?fit=1194%2C443&ssl=1,SiC MOSFET Follower Driver – Bartola® Valves,https://i0.wp.com/www.bartola.co.uk/valves/wp-content/uploads/2016/10/test07-buffer.png?fit=1194%2C443&ssl=1,70,figure,,,1,3a5a87a8c3d40570
de,https://i0.wp.com/www.bartola.co.uk/valves/wp-content/uploads/2020/01/6BS7-pentode-VS100V-scaled.jpg?fit=2560%2C2240&ssl=1,6BS7 low noise pentode – Bartola® Valves,https://i0.wp.com/www.bartola.co.uk/valves/wp-content/uploads/2020/01/6BS7-pentode-VS100V-scaled.jpg?fit=2560%2C2240&ssl=1,72,figure,,,1,5a5cad9f0ce2ad5b
df,https://i0.wp.com/www.bartola.co.uk/valves/wp-content/uploads/2020/01/6BS7-triode-scaled.jpg?fit=2560%2C2240&ssl=1,6BS7 low noise pentode – Bartola® Valves,https://i0.wp.com/www.bartola.co.uk/valves/wp-content/uploads/2020/01/6BS7-triode-scaled.jpg?fit=2560%2C2240&ssl=1,72,figure,,,1,841d6d3f808a0980
dg,https://i0.wp.com/www.bartola.co.uk/valves/wp-content/uploads/2021/06/VT25-Driver-01.jpg?fit=1414%2C1114&ssl=1,845/813 SE Amp: And the iron is here – Bartola® Valves,https://i0.wp.com/www.bartola.co.uk/valves/wp-content/uploads/2021/06/VT25-Driver-01.jpg?fit=1414%2C1114&ssl=1,73,figure,,,1,70cdbf31d66677c7
dh,https://i0.wp.com/www.bartola.co.uk/valves/wp-content/uploads/2017/04/4P1L-gyrator-test-GEN2.jpg?fit=715%2C768&ssl=1,Gyrator hack: Enhancement MOSFET option – Bartola® Valves,https://i0.wp.com/www.bartola.co.uk/valves/wp-content/uploads/2017/04/4P1L-gyrator-test-GEN2.jpg?fit=715%2C768&ssl=1,78,figure,,,1,c0e328df49f3fc27
di,https://i0.wp.com/www.bartola.co.uk/valves/wp-content/uploads/2017/01/BSH111BK-gyrator-test1-.png?fit=1075%2C734&ssl=1,4P1L: pump up the current! – Bartola® Valves,https://i0.wp.com/www.bartola.co.uk/valves/wp-content/uploads/2017/01/BSH111BK-gyrator-test1-.png?fit=1075%2C734&ssl=1,7a,figure,,,1,80bc4c45c5ea2145
dj,https://i0.wp.com/www.bartola.co.uk/valves/wp-content/uploads/2017/01/Gyrator-board-BSH111BK.jpg?fit=1262%2C1280&ssl=1,4P1L: pump up the current! – Bartola® Valves,https://i0.wp.com/www.bartola.co.uk/valves/wp-content/uploads/2017/01/Gyrator-board-BSH111BK.jpg?fit=1262%2C1280&ssl=1,7a,figure,,,1,22e58bcdf49650b8
dk,https://i0.wp.com/www.bartola.co.uk/valves/wp-content/uploads/2017/01/4P1L-BHK111-test-02.png?fit=1223%2C396&ssl=1,4P1L: pump up the current! – Bartola® Valves,https://i0.wp.com/www.bartola.co.uk/valves/wp-content/uploads/2017/01/4P1L-BHK111-test-02.png?fit=1223%2C396&ssl=1,7a,figure,,,1,1b356efd353924fb
dl,https://i0.wp.com/www.bartola.co.uk/valves/wp-content/uploads/2017/02/gyrator-example.jpg?fit=1499%2C1556&ssl=1,Gyrator PCB board updated (Rev06) – Bartola® Valves,https://i0.wp.com/www.bartola.co.uk/valves/wp-content/uploads/2017/02/gyrator-example.jpg?fit=1499%2C1556&ssl=1,7d,figure,,,1,14e3049ce9081526
dm,https://i0.wp.com/www.bartola.co.uk/valves/wp-content/uploads/2017/02/FullSizeRender-2.jpg?fit=640%2C632&ssl=1,Gyrator PCB board updated (Rev06) – Bartola® Valves,https://i0.wp.com/www.bartola.co.uk/valves/wp-content/uploads/2017/02/FullSizeRender-2.jpg?fit=640%2C632&ssl=1,7d,figure,,,1,1ee9748dfaa5c2b6
dn,https://i0.wp.com/www.bartola.co.uk/valves/wp-content/uploads/2017/02/IMG_0474-e1486817608440.jpg?fit=1632%2C1224&ssl=1,Gyrator FET options (More!) – Bartola® Valves,https://i0.wp.com/www.bartola.co.uk/valves/wp-content/uploads/2017/02/IMG_0474-e1486817608440.jpg?fit=1632%2C1224&ssl=1,7e,figure,,,1,7f174397cd87ba93
do,https://i0.wp.com/www.bartola.co.uk/valves/wp-content/uploads/2017/02/BS107a-gyrator-test.png?fit=1180%2C515&ssl=1,Gyrator FET options (More!) – Bartola® Valves,https://i0.wp.com/www.bartola.co.uk/valves/wp-content/uploads/2017/02/BS107a-gyrator-test.png?fit=1180%2C515&ssl=1,7e,figure,,,1,b3ac035c4d5df145
dp,https://i0.wp.com/www.bartola.co.uk/valves/wp-content/uploads/2017/02/BSS123-gyrator-test.png?fit=1178%2C505&ssl=1,Gyrator FET options (More!) – Bartola® Valves,https://i0.wp.com/www.bartola.co.uk/valves/wp-content/uploads/2017/02/BSS123-gyrator-test.png?fit=1178%2C505&ssl=1,7e,figure,,,1,a9497670d7b3ca6e
dq,https://i0.wp.com/www.bartola.co.uk/valves/wp-content/uploads/2017/02/2N7002-Gyrator-test.png?fit=1188%2C512&ssl=1,Gyrator FET options (More!) – Bartola® Valves,https://i0.wp.com/www.bartola.co.uk/valves/wp-content/uploads/2017/02/2N7002-Gyrator-test.png?fit=1188%2C512&ssl=1,7e,figure,,,1,509e96c1ca6a4e8c
dr,https://i0.wp.com/www.bartola.co.uk/valves/wp-content/uploads/2017/02/2N7000-test-01.png?fit=1194%2C519&ssl=1,Gyrator FET options (More!) – Bartola® Valves,https://i0.wp.com/www.bartola.co.uk/valves/wp-content/uploads/2017/02/2N7000-test-01.png?fit=1194%2C519&ssl=1,7e,figure,,,1,00997bd358929da2
ds,https://www.bartola.co.uk/valves/wp-content/uploads/2017/08/SV201a-test-02-10V.png,SV201a test 02 10V – Bartola® Valves,https://www.bartola.co.uk/valves/wp-content/uploads/2017/08/SV201a-test-02-10V.png,7f,figure,,,1,d25e8fabb60fb8fb
dt,https://www.bartola.co.uk/valves/wp-content/uploads/2016/08/DSC01101.jpg,27/56 Preamp from Jose Martins – Bartola® Valves,https://www.bartola.co.uk/valves/wp-content/uploads/2016/08/DSC01101.jpg,7i,figure,,,1,9442799623fcb2d3
du,https://www.bartola.co.uk/valves/wp-content/uploads/2016/08/DSC01104.jpg,27/56 Preamp from Jose Martins – Bartola® Valves,https://www.bartola.co.uk/valves/wp-content/uploads/2016/08/DSC01104.jpg,7i,figure,,,1,081a93873457c17c
dv,https://www.bartola.co.uk/valves/wp-content/uploads/2016/08/DSC01105.jpg,27/56 Preamp from Jose Martins – Bartola® Valves,https://www.bartola.co.uk/valves/wp-content/uploads/2016/08/DSC01105.jpg,7i,figure,,,1,bf9535241bf7fc3b
dw,https://i0.wp.com/www.bartola.co.uk/valves/wp-content/uploads/2016/09/4P1L-Preamp-Gen1b-Gyrator-PCB-detailed.png?fit=1207%2C934&ssl=1,Building gyrator boards – Bartola® Valves,https://i0.wp.com/www.bartola.co.uk/valves/wp-content/uploads/2016/09/4P1L-Preamp-Gen1b-Gyrator-PCB-detailed.png?fit=1207%2C934&ssl=1,7j,figure,,,1,388e43b137b3de17
dx,https://i0.wp.com/www.bartola.co.uk/valves/wp-content/uploads/2016/09/FullSizeRender-1.jpg?fit=640%2C342&ssl=1,Building gyrator boards – Bartola® Valves,https://i0.wp.com/www.bartola.co.uk/valves/wp-content/uploads/2016/09/FullSizeRender-1.jpg?fit=640%2C342&ssl=1,7j,figure,,,1,535ecce968d5919a
dy,https://i0.wp.com/www.bartola.co.uk/valves/wp-content/uploads/2016/09/FullSizeRender.jpg?fit=640%2C384&ssl=1,Building gyrator boards – Bartola® Valves,https://i0.wp.com/www.bartola.co.uk/valves/wp-content/uploads/2016/09/FullSizeRender.jpg?fit=640%2C384&ssl=1,7j,figure,,,1,4ea7372bd1276bf1
dz,https://i0.wp.com/www.bartola.co.uk/valves/wp-content/uploads/2016/09/01a-Denis-tests-01.png?fit=794%2C292&ssl=1,Building gyrator boards – Bartola® Valves,https://i0.wp.com/www.bartola.co.uk/valves/wp-content/uploads/2016/09/01a-Denis-tests-01.png?fit=794%2C292&ssl=1,7j,figure,,,1,eac086c68f1d39a1
e,https://www.bartola.co.uk/valves/for-sale/ll1943-pcb/,Ll1943 pcb,https://www.bartola.co.uk/valves/for-sale/ll1943-pcb/,,project_page,,,1,3c1d4e72c67d3f0a
e0,https://i0.wp.com/www.bartola.co.uk/valves/wp-content/uploads/2016/06/2P29L-4P1L-PSE-version-07.png?fit=1437%2C872&ssl=1,2P29L/4P1L PSE Amp – Bartola® Valves,https://i0.wp.com/www.bartola.co.uk/valves/wp-content/uploads/2016/06/2P29L-4P1L-PSE-version-07.png?fit=1437%2C872&ssl=1,7o,figure,,,1,208f7aba34e2355e
e1,https://i0.wp.com/www.bartola.co.uk/valves/wp-content/uploads/2014/12/leakage-tester-published.png?fit=827%2C592&ssl=1,Valve Leakage Test – Bartola® Valves,https://i0.wp.com/www.bartola.co.uk/valves/wp-content/uploads/2014/12/leakage-tester-published.png?fit=827%2C592&ssl=1,89,figure,,,1,ad5f680e4f52abb4
e2,https://www.bartola.co.uk/valves/2014/12/24/merry-christmas/,Merry christmas,https://www.bartola.co.uk/valves/2014/12/24/merry-christmas/,,project_page,,,1,9f07f2d1448b8c3a
e3,https://www.bartola.co.uk/valves/2014/12/25/when-protection-fails/,When protection fails,https://www.bartola.co.uk/valves/2014/12/25/when-protection-fails/,,project_page,,,1,b1649a7e5556114c
e4,https://www.bartola.co.uk/valves/2014/04/25/fresh-pilsner/,Fresh pilsner,https://www.bartola.co.uk/valves/2014/04/25/fresh-pilsner/,,project_page,,,1,c2aca86354823186
e5,http://www.bartola.co.uk/valves/2012/06/24/gyrator/,Gyrator,http://www.bartola.co.uk/valves/2012/06/24/gyrator/,,project_page,,,1,eb0315b4bcaf7312
e6,http://www.bartola.co.uk/valves/2012/06/29/4%D0%BF1%D0%BB4p1l-triode-curves/,4%D0%BF1%D0%BB4p1l triode curves,http://www.bartola.co.uk/valves/2012/06/29/4%D0%BF1%D0%BB4p1l-triode-curves/,,project_page,,,1,acdbc88ca08a3a58
e7,https://www.bartola.co.uk/valves/2012/06/25/dont-ever-buy-tubes-from-this-ebay-seller-toober/,Dont ever buy tubes from this ebay seller toober,https://www.bartola.co.uk/valves/2012/06/25/dont-ever-buy-tubes-from-this-ebay-seller-toober/,,project_page,,,1,9aaddfbcc4526707
e8,https://www.bartola.co.uk/valves/2012/06/30/4%d0%bf1%d0%bb4p1l-thd-sweet-spot/,4%d0%bf1%d0%bb4p1l thd sweet spot,https://www.bartola.co.uk/valves/2012/06/30/4%d0%bf1%d0%bb4p1l-thd-sweet-spot/,,project_page,,,1,9bd301d2a9fea902
e9,https://www.bartola.co.uk/valves/2013/10/27/26-preamp-gen3-building-part-i/,26 preamp gen3 building part i,https://www.bartola.co.uk/valves/2013/10/27/26-preamp-gen3-building-part-i/,,project_page,,,1,8cd3f10b87a3179c
ea,https://www.bartola.co.uk/valves/2013/11/01/lenco-turntable-upgraded/,Lenco turntable upgraded,https://www.bartola.co.uk/valves/2013/11/01/lenco-turntable-upgraded/,,project_page,,,1,6931d24a3f1afc96
eb,http://www.bartola.co.uk/valves/2012/12/03/teflon-sockets-loctal-and-ux5/,Teflon sockets loctal and ux5,http://www.bartola.co.uk/valves/2012/12/03/teflon-sockets-loctal-and-ux5/,,project_page,,,1,72fe02715668cd83
ec,https://www.bartola.co.uk/valves/2014/04/13/4p1l-siberian-gen3-loctal-socket-board/20140413-185207-jpg/,20140413 185207 jpg,https://www.bartola.co.uk/valves/2014/04/13/4p1l-siberian-gen3-loctal-socket-board/20140413-185207-jpg/,,project_page,,,1,919db6d63760af17
ed,https://www.bartola.co.uk/valves/2014/04/13/4p1l-siberian-gen3-loctal-socket-board/20140413-184842-jpg/,20140413 184842 jpg,https://www.bartola.co.uk/valves/2014/04/13/4p1l-siberian-gen3-loctal-socket-board/20140413-184842-jpg/,,project_page,,,1,406193abfa9272c6
ee,https://www.bartola.co.uk/valves/2014/04/13/4p1l-siberian-gen3-loctal-socket-board/20140413-184852-jpg/,20140413 184852 jpg,https://www.bartola.co.uk/valves/2014/04/13/4p1l-siberian-gen3-loctal-socket-board/20140413-184852-jpg/,,project_page,,,1,7578e907a2d92aae
ef,https://www.bartola.co.uk/valves/2014/04/13/4p1l-siberian-gen3-loctal-socket-board/20140413-184915-jpg/,20140413 184915 jpg,https://www.bartola.co.uk/valves/2014/04/13/4p1l-siberian-gen3-loctal-socket-board/20140413-184915-jpg/,,project_page,,,1,2a3430d63b2202be
eg,https://www.bartola.co.uk/valves/2014/04/13/4p1l-siberian-gen3-loctal-socket-board/20140413-184902-jpg/,20140413 184902 jpg,https://www.bartola.co.uk/valves/2014/04/13/4p1l-siberian-gen3-loctal-socket-board/20140413-184902-jpg/,,project_page,,,1,f0332a6a9f8f52b8
eh,https://www.bartola.co.uk/valves/2014/04/13/jfet-riaa-preamp-battery-supply/,Jfet riaa preamp battery supply,https://www.bartola.co.uk/valves/2014/04/13/jfet-riaa-preamp-battery-supply/,,project_page,,,1,23f807d2f455bca9
ei,https://www.bartola.co.uk/valves/2014/04/06/siberian-dht-preamp-gen3-filament-supply/img_1549/,Img 1549,https://www.bartola.co.uk/valves/2014/04/06/siberian-dht-preamp-gen3-filament-supply/img_1549/,,project_page,,,1,79a55d96aae62674
ej,https://www.bartola.co.uk/valves/2014/04/06/siberian-dht-preamp-gen3-filament-supply/img_1566/,Img 1566,https://www.bartola.co.uk/valves/2014/04/06/siberian-dht-preamp-gen3-filament-supply/img_1566/,,project_page,,,1,d4f6255b3a5e08f3
ek,https://www.bartola.co.uk/valves/2014/04/06/siberian-dht-preamp-gen3-filament-supply/img_1560/,Img 1560,https://www.bartola.co.uk/valves/2014/04/06/siberian-dht-preamp-gen3-filament-supply/img_1560/,,project_page,,,1,0823c01012524603
el,https://www.bartola.co.uk/valves/2014/04/06/siberian-dht-preamp-gen3-filament-supply/img_1552/,Img 1552,https://www.bartola.co.uk/valves/2014/04/06/siberian-dht-preamp-gen3-filament-supply/img_1552/,,project_page,,,1,37e45a64d6dd8110
em,https://www.bartola.co.uk/valves/2014/04/06/siberian-dht-preamp-gen3-filament-supply/20140406-164639-jpg/,20140406 164639 jpg,https://www.bartola.co.uk/valves/2014/04/06/siberian-dht-preamp-gen3-filament-supply/20140406-164639-jpg/,,project_page,,,1,9b4f317f3ae00698
en,https://www.bartola.co.uk/valves/2014/04/06/siberian-dht-preamp-gen3-filament-supply/20140406-164625-jpg/,20140406 164625 jpg,https://www.bartola.co.uk/valves/2014/04/06/siberian-dht-preamp-gen3-filament-supply/20140406-164625-jpg/,,project_page,,,1,0affbe5567d8a907
eo,http://www.bartola.co.uk/valves/2013/01/09/4p1l-ceramic-socket/,4p1l ceramic socket,http://www.bartola.co.uk/valves/2013/01/09/4p1l-ceramic-socket/,,project_page,,,1,69ce9accfca385fa
ep,https://www.bartola.co.uk/valves/2014/04/05/building-your-own-interconnect-cables/,Building your own interconnect cables,https://www.bartola.co.uk/valves/2014/04/05/building-your-own-interconnect-cables/,,project_page,,,1,22d4b97e565a11af
eq,https://www.bartola.co.uk/valves/2012/06/05/valve-thd-analysis/,Valve thd analysis,https://www.bartola.co.uk/valves/2012/06/05/valve-thd-analysis/,,project_page,,,1,04fdad7d35d008e3
er,https://www.bartola.co.uk/valves/2012/06/09/curve-tracer-finalised/,Curve tracer finalised,https://www.bartola.co.uk/valves/2012/06/09/curve-tracer-finalised/,,project_page,,,1,0c66805c86d40753
es,https://www.bartola.co.uk/valves/2012/07/08/listening-to/,Listening to,https://www.bartola.co.uk/valves/2012/07/08/listening-to/,,project_page,,,1,8205e44c4139a72f
et,https://www.bartola.co.uk/valves/2012/07/14/a-preamp-design-with-the-ll2745/,A preamp design with the ll2745,https://www.bartola.co.uk/valves/2012/07/14/a-preamp-design-with-the-ll2745/,,project_page,,,1,c2eb3d6004b2ae0a
eu,https://www.bartola.co.uk/valves/2012/08/12/salas-ht-shunt-regulator-sshv2/,Salas ht shunt regulator sshv2,https://www.bartola.co.uk/valves/2012/08/12/salas-ht-shunt-regulator-sshv2/,,project_page,,,1,07b7475cf5760913
ev,https://www.bartola.co.uk/valves/2012/08/17/dht-dilemma/,Dht dilemma,https://www.bartola.co.uk/valves/2012/08/17/dht-dilemma/,,project_page,,,1,a7ac6b93933e0459
ew,https://www.bartola.co.uk/valves/2012/08/25/a-super-linear-thd-and-fireworks/,A super linear thd and fireworks,https://www.bartola.co.uk/valves/2012/08/25/a-super-linear-thd-and-fireworks/,,project_page,,,1,9c2da75e83d05c24
ex,https://www.bartola.co.uk/valves/2012/08/31/a-brief-600v-experience/,A brief 600v experience,https://www.bartola.co.uk/valves/2012/08/31/a-brief-600v-experience/,,project_page,,,1,7a8df55ff65738b4
ey,https://www.bartola.co.uk/valves/2013/02/19/6%d1%8d6%d0%bf-e-6%d1%8d6%d0%bf-%d0%b4%d1%80-datasheets/,6%d1%8d6%d0%bf e 6%d1%8d6%d0%bf %d0%b4%d1%80 datasheets,https://www.bartola.co.uk/valves/2013/02/19/6%d1%8d6%d0%bf-e-6%d1%8d6%d0%bf-%d0%b4%d1%80-datasheets/,,project_page,,,1,d731e39652924de2
ez,https://www.bartola.co.uk/valves/2013/02/23/russian-pentodes-in-triode-mode/,Russian pentodes in triode mode,https://www.bartola.co.uk/valves/2013/02/23/russian-pentodes-in-triode-mode/,,project_page,,,1,0300b77b5d4f624d
f,https://www.bartola.co.uk/valves/for-sale/ll7903-pcb/,Ll7903 pcb,https://www.bartola.co.uk/valves/for-sale/ll7903-pcb/,,project_page,,,1,34351b5c04ba9c3d
f0,https://www.bartola.co.uk/valves/2012/10/18/formentera-memories/,Formentera memories,https://www.bartola.co.uk/valves/2012/10/18/formentera-memories/,,project_page,,,1,beceb8549598dce7
f1,http://www.bartola.co.uk/valves/2018/01/28/valve-test-rig-with-fixed-bias/,Valve test rig with fixed bias,http://www.bartola.co.uk/valves/2018/01/28/valve-test-rig-with-fixed-bias/,,project_page,,,1,70816163e4950048
f2,http://www.bartola.co.uk/valves/2018/01/21/eml-20-am-dht-curves-and-model/,Eml 20 am dht curves and model,http://www.bartola.co.uk/valves/2018/01/21/eml-20-am-dht-curves-and-model/,,project_page,,,1,54cec92188736933
f3,https://www.bartola.co.uk/valves/2018/02/03/ccs-pcb-ready/,Ccs pcb ready,https://www.bartola.co.uk/valves/2018/02/03/ccs-pcb-ready/,,project_page,,,1,5425e17c3fa79ea5
f4,https://www.bartola.co.uk/valves/2018/03/30/tracing-mosfets-to-be-used-in-the-gyrator-pcb/,Tracing mosfets to be used in the gyrator pcb,https://www.bartola.co.uk/valves/2018/03/30/tracing-mosfets-to-be-used-in-the-gyrator-pcb/,,project_page,,,1,f968bb121906e70a
f5,https://www.bartola.co.uk/valves/2016/10/09/playing/,Playing,https://www.bartola.co.uk/valves/2016/10/09/playing/,,project_page,,,1,54260ce6ff698a55
f6,https://www.bartola.co.uk/valves/2018/08/08/crazy-dht-shootout/,Crazy dht shootout,https://www.bartola.co.uk/valves/2018/08/08/crazy-dht-shootout/,,project_page,,,1,45027f2301afdc84
f7,https://www.bartola.co.uk/valves/2018/08/09/morgan-jones-visit/,Morgan jones visit,https://www.bartola.co.uk/valves/2018/08/09/morgan-jones-visit/,,project_page,,,1,814f2bbbae8aa0a7
f8,http://www.bartola.co.uk/valves/2018/07/20/elrog-er801a-update/,Elrog er801a update,http://www.bartola.co.uk/valves/2018/07/20/elrog-er801a-update/,,project_page,,,1,9b8017ce5951899d
f9,http://www.bartola.co.uk/valves/2018/01/01/etracer-build-and-review/,Etracer build and review,http://www.bartola.co.uk/valves/2018/01/01/etracer-build-and-review/,,project_page,,,1,b30933283a32d44e
fa,http://www.bartola.co.uk/valves/2020/02/08/ux-120-dht/,Ux 120 dht,http://www.bartola.co.uk/valves/2020/02/08/ux-120-dht/,,project_page,,,1,060435e52cdb412b
fb,http://www.bartola.co.uk/valves/2020/03/08/the-return-of-the-mule-re084/,The return of the mule re084,http://www.bartola.co.uk/valves/2020/03/08/the-return-of-the-mule-re084/,,project_page,,,1,bc2954ccc4cadeaf
fc,http://www.bartola.co.uk/valves/2020/02/10/mini-hybrid-mu-follower-board-test/,Mini hybrid mu follower board test,http://www.bartola.co.uk/valves/2020/02/10/mini-hybrid-mu-follower-board-test/,,project_page,,,1,95e9ccc528e5ef69
fd,http://www.bartola.co.uk/valves/2018/09/07/aa-dht-preamp-part-i/,Aa dht preamp part i,http://www.bartola.co.uk/valves/2018/09/07/aa-dht-preamp-part-i/,,project_page,,,1,ed90e8a91daeb05b
fe,https://www.bartola.co.uk/valves/2020/06/10/d3a-spice-model-pentode-triode/,D3a spice model pentode triode,https://www.bartola.co.uk/valves/2020/06/10/d3a-spice-model-pentode-triode/,,project_page,,,1,08ae40f363cbd8b2
ff,https://www.bartola.co.uk/valves/2020/06/23/300b-se-amp-46-driver-part-i/,300b se amp 46 driver part i,https://www.bartola.co.uk/valves/2020/06/23/300b-se-amp-46-driver-part-i/,,project_page,,,1,14962610e37ea710
fg,http://www.bartola.co.uk/valves/2015/05/09/sic-cathode-bias/,Sic cathode bias,http://www.bartola.co.uk/valves/2015/05/09/sic-cathode-bias/,,project_page,,,1,67ea1a6cda93eaf7
fh,https://www.bartola.co.uk/valves/valve-curves/d3a-pentode/d3a-triode-siemens-3/,D3a triode siemens 3,https://www.bartola.co.uk/valves/valve-curves/d3a-pentode/d3a-triode-siemens-3/,,project_page,,,1,c89b8209a6f867cc
fi,https://www.bartola.co.uk/valves/valve-curves/d3a-pentode/d3a-pentode-100v-3/,D3a pentode 100v 3,https://www.bartola.co.uk/valves/valve-curves/d3a-pentode/d3a-pentode-100v-3/,,project_page,,,1,3356386794df7e94
fj,https://www.bartola.co.uk/valves/2013/01/05/4-65a-se-amp-600v-supply/,4 65a se amp 600v supply,https://www.bartola.co.uk/valves/2013/01/05/4-65a-se-amp-600v-supply/,,project_page,,,1,e6ac2af924eb08e6
fk,https://www.bartola.co.uk/valves/2013/01/18/can-you-perceive-the-difference/,Can you perceive the difference,https://www.bartola.co.uk/valves/2013/01/18/can-you-perceive-the-difference/,,project_page,,,1,ae6a769adf092de7
fl,https://www.bartola.co.uk/valves/2013/01/19/01a-preamp-revisited-2013/,01a preamp revisited 2013,https://www.bartola.co.uk/valves/2013/01/19/01a-preamp-revisited-2013/,,project_page,,,1,b7101a1a906d0439
fm,http://www.bartola.co.uk/valves/2013/02/18/6e5p6%d1%8d5%d0%bf-and-6e6p-e6%d1%8d6%d0%bf-e-in-triode-mode/,6e5p6%d1%8d5%d0%bf and 6e6p e6%d1%8d6%d0%bf e in triode mode,http://www.bartola.co.uk/valves/2013/02/18/6e5p6%d1%8d5%d0%bf-and-6e6p-e6%d1%8d6%d0%bf-e-in-triode-mode/,,project_page,,,1,6aa1fd2697cef6d6
fn,https://www.bartola.co.uk/valves/2018/04/02/6%d1%8d6%d0%bf-%d0%b4%d1%80-6e6p-dr-preamp-driver/,6%d1%8d6%d0%bf %d0%b4%d1%80 6e6p dr preamp driver,https://www.bartola.co.uk/valves/2018/04/02/6%d1%8d6%d0%bf-%d0%b4%d1%80-6e6p-dr-preamp-driver/,,project_page,,,1,606dcad0f9466bd0
fo,https://www.bartola.co.uk/valves/2020/05/25/ba-dht-spice-model/,Ba dht spice model,https://www.bartola.co.uk/valves/2020/05/25/ba-dht-spice-model/,,project_page,,,1,0ca52974939a82d0
fp,https://www.bartola.co.uk/valves/2020/06/08/8504/,8504,https://www.bartola.co.uk/valves/2020/06/08/8504/,,project_page,,,1,cc0959cae07f63e0
fq,https://www.bartola.co.uk/valves/2019/08/31/to-spud-or-not-to-spud/,To spud or not to spud,https://www.bartola.co.uk/valves/2019/08/31/to-spud-or-not-to-spud/,,project_page,,,1,5815297efff2e688
fr,https://www.bartola.co.uk/valves/2019/10/20/headphone-amp-shootout/,Headphone amp shootout,https://www.bartola.co.uk/valves/2019/10/20/headphone-amp-shootout/,,project_page,,,1,e050dffb2d105572
fs,https://www.bartola.co.uk/valves/2020/04/19/vt-25-preamps-in-lockdown/,Vt 25 preamps in lockdown,https://www.bartola.co.uk/valves/2020/04/19/vt-25-preamps-in-lockdown/,,project_page,,,1,a6b35bed293ab136
ft,https://www.bartola.co.uk/valves/2020/05/12/300b-se-amp-build-part-vii-d3a-driver/img_0214-2/,Img 0214 2,https://www.bartola.co.uk/valves/2020/05/12/300b-se-amp-build-part-vii-d3a-driver/img_0214-2/,,project_page,,,1,c31caf856bd67e03
fu,https://www.bartola.co.uk/valves/2020/05/12/300b-se-amp-build-part-vii-d3a-driver/img_0215/,Img 0215,https://www.bartola.co.uk/valves/2020/05/12/300b-se-amp-build-part-vii-d3a-driver/img_0215/,,project_page,,,1,b1a351d0d1150e13
fv,https://www.bartola.co.uk/valves/2020/05/12/300b-se-amp-build-part-vii-d3a-driver/img_0216/,Img 0216,https://www.bartola.co.uk/valves/2020/05/12/300b-se-amp-build-part-vii-d3a-driver/img_0216/,,project_page,,,1,6776de53f23c0f87
fw,https://www.bartola.co.uk/valves/2020/05/12/300b-se-amp-build-part-vii-d3a-driver/img_0217/,Img 0217,https://www.bartola.co.uk/valves/2020/05/12/300b-se-amp-build-part-vii-d3a-driver/img_0217/,,project_page,,,1,2c9aee3743cbe231
fx,https://www.bartola.co.uk/valves/2020/05/12/300b-se-amp-build-part-vii-d3a-driver/img_0219/,Img 0219,https://www.bartola.co.uk/valves/2020/05/12/300b-se-amp-build-part-vii-d3a-driver/img_0219/,,project_page,,,1,9fd711110145d88c
fy,https://www.bartola.co.uk/valves/2020/05/12/300b-se-amp-build-part-vii-d3a-driver/img_0224-2/,Img 0224 2,https://www.bartola.co.uk/valves/2020/05/12/300b-se-amp-build-part-vii-d3a-driver/img_0224-2/,,project_page,,,1,da5659a170731d4e
fz,https://www.bartola.co.uk/valves/2020/05/12/300b-se-amp-build-part-vii-d3a-driver/img_0225-2/,Img 0225 2,https://www.bartola.co.uk/valves/2020/05/12/300b-se-amp-build-part-vii-d3a-driver/img_0225-2/,,project_page,,,1,3f3f19266fea7801
g,https://www.bartola.co.uk/valves/for-sale/ht-supply-pcb/,Ht supply pcb,https://www.bartola.co.uk/valves/for-sale/ht-supply-pcb/,,project_page,,,1,6a79dd5d37e9a7e8
g0,https://www.bartola.co.uk/valves/2020/05/12/300b-se-amp-build-part-vii-d3a-driver/img_0232-2/,Img 0232 2,https://www.bartola.co.uk/valves/2020/05/12/300b-se-amp-build-part-vii-d3a-driver/img_0232-2/,,project_page,,,1,84f8282d48f3cc14
g1,https://www.bartola.co.uk/valves/2020/05/15/300b-se-amp-build-part-ix-layout/img_0240/,Img 0240,https://www.bartola.co.uk/valves/2020/05/15/300b-se-amp-build-part-ix-layout/img_0240/,,project_page,,,1,6415007a015b7d83
g2,https://www.bartola.co.uk/valves/2020/05/15/300b-se-amp-build-part-ix-layout/img_0241/,Img 0241,https://www.bartola.co.uk/valves/2020/05/15/300b-se-amp-build-part-ix-layout/img_0241/,,project_page,,,1,07e1cbd91626a23b
g3,https://www.bartola.co.uk/valves/2020/05/15/300b-se-amp-build-part-ix-layout/img_0238/,Img 0238,https://www.bartola.co.uk/valves/2020/05/15/300b-se-amp-build-part-ix-layout/img_0238/,,project_page,,,1,d09eda544cce2b69
g4,https://www.bartola.co.uk/valves/2020/05/15/300b-se-amp-build-part-ix-layout/img_0239/,Img 0239,https://www.bartola.co.uk/valves/2020/05/15/300b-se-amp-build-part-ix-layout/img_0239/,,project_page,,,1,2cbdeb6c871a0acd
g5,https://www.bartola.co.uk/valves/2020/09/27/rl12p35-se-amp-part-i/,Rl12p35 se amp part i,https://www.bartola.co.uk/valves/2020/09/27/rl12p35-se-amp-part-i/,,project_page,,,1,a5fe1ee64e14be84
g6,https://www.bartola.co.uk/valves/2012/06/17/6cb5a-output-valve-in-triode-mode/,6cb5a output valve in triode mode,https://www.bartola.co.uk/valves/2012/06/17/6cb5a-output-valve-in-triode-mode/,,project_page,,,1,6154430699a03990
g7,https://www.bartola.co.uk/valves/2012/06/19/not-in-the-office-mood/,Not in the office mood,https://www.bartola.co.uk/valves/2012/06/19/not-in-the-office-mood/,,project_page,,,1,8e746b94aa2e7d14
g8,https://www.bartola.co.uk/valves/2012/06/22/listening-to-01a/,Listening to 01a,https://www.bartola.co.uk/valves/2012/06/22/listening-to-01a/,,project_page,,,1,38ddd2a60d675e38
g9,https://www.bartola.co.uk/valves/2012/06/23/4-65a-thd/,4 65a thd,https://www.bartola.co.uk/valves/2012/06/23/4-65a-thd/,,project_page,,,1,bb2f32ab77bf4c21
ga,https://www.bartola.co.uk/valves/2012/10/20/600v-feedback-regulator-finished/,600v feedback regulator finished,https://www.bartola.co.uk/valves/2012/10/20/600v-feedback-regulator-finished/,,project_page,,,1,0bee69d34b61638d
gb,https://www.bartola.co.uk/valves/2012/10/26/listening-to-the-26-preamp/,Listening to the 26 preamp,https://www.bartola.co.uk/valves/2012/10/26/listening-to-the-26-preamp/,,project_page,,,1,24e2a88edce2682d
gc,http://www.bartola.co.uk/valves/2012/11/08/24a-tetrode-curves/,24a tetrode curves,http://www.bartola.co.uk/valves/2012/11/08/24a-tetrode-curves/,,project_page,,,1,b80fb30b0dde6f49
gd,https://www.bartola.co.uk/valves/2012/11/10/thd-measurement/,Thd measurement,https://www.bartola.co.uk/valves/2012/11/10/thd-measurement/,,project_page,,,1,bed330eee4576461
ge,http://www.bartola.co.uk/valves/2015/08/28/testing-the-line-stage/,Testing the line stage,http://www.bartola.co.uk/valves/2015/08/28/testing-the-line-stage/,,project_page,,,1,488b57a9b4fa193e
gf,https://www.bartola.co.uk/valves/2019/02/16/45-push-pull-amplifier/,45 push pull amplifier,https://www.bartola.co.uk/valves/2019/02/16/45-push-pull-amplifier/,,project_page,,,1,b98394b3566b4900
gg,https://www.bartola.co.uk/valves/2018/11/15/etf-18-getting-ready/,Etf 18 getting ready,https://www.bartola.co.uk/valves/2018/11/15/etf-18-getting-ready/,,project_page,,,1,cd2bd92b93f31d65
gh,https://www.bartola.co.uk/valves/2020/03/08/46-driver/,46 driver,https://www.bartola.co.uk/valves/2020/03/08/46-driver/,,project_page,,,1,5d64560657b3ee08
gi,https://www.bartola.co.uk/valves/2018/02/10/np-acoustic-transformers/,Np acoustic transformers,https://www.bartola.co.uk/valves/2018/02/10/np-acoustic-transformers/,,project_page,,,1,d8af74ff282356ee
gj,http://www.bartola.co.uk/valves/2012/12/27/930/,930,http://www.bartola.co.uk/valves/2012/12/27/930/,,project_page,,,1,98204efacc52d097
gk,https://www.bartola.co.uk/valves/2012/12/30/4-65a-se-amp-46-driver-gyrator/,4 65a se amp 46 driver gyrator,https://www.bartola.co.uk/valves/2012/12/30/4-65a-se-amp-46-driver-gyrator/,,project_page,,,1,ca7a47370a7246a2
gl,https://www.bartola.co.uk/valves/2022/01/30/1624-feedback-se-amp/,1624 feedback se amp,https://www.bartola.co.uk/valves/2022/01/30/1624-feedback-se-amp/,,project_page,,,1,c174c3e479ce3992
gm,https://www.bartola.co.uk/valves/2022/01/16/24-driver/,24 driver,https://www.bartola.co.uk/valves/2022/01/16/24-driver/,,project_page,,,1,f8b57343d4f1ecb1
gn,https://www.bartola.co.uk/valves/2022/01/16/aa-dht-spice-model/,Aa dht spice model,https://www.bartola.co.uk/valves/2022/01/16/aa-dht-spice-model/,,project_page,,,1,6d9111ea0dc1974e
go,https://www.bartola.co.uk/valves/2021/11/21/01a-preamp-by-nash/,01a preamp by nash,https://www.bartola.co.uk/valves/2021/11/21/01a-preamp-by-nash/,,project_page,,,1,e04ac3192f1719b0
gp,https://www.bartola.co.uk/valves/2020/12/29/01a-low-gain-dht-preamp/,01a low gain dht preamp,https://www.bartola.co.uk/valves/2020/12/29/01a-low-gain-dht-preamp/,,project_page,,,1,892a0485729b4254
gq,https://www.bartola.co.uk/valves/2021/11/20/801a-preamp-revisited-part-i/,801a preamp revisited part i,https://www.bartola.co.uk/valves/2021/11/20/801a-preamp-revisited-part-i/,,project_page,,,1,32c22a5389b338cf
gr,https://www.bartola.co.uk/valves/2021/08/30/dhts-and-cathode-bias-degeneration/,Dhts and cathode bias degeneration,https://www.bartola.co.uk/valves/2021/08/30/dhts-and-cathode-bias-degeneration/,,project_page,,,1,c7a312a05ad22070
gs,https://www.bartola.co.uk/valves/2021/10/15/dht-supply-pcb/,Dht supply pcb,https://www.bartola.co.uk/valves/2021/10/15/dht-supply-pcb/,,project_page,,,1,cb55d728a3bce27c
gt,https://www.bartola.co.uk/valves/2021/08/20/ef86-300b-xls-se-amplifier-build/,Ef86 300b xls se amplifier build,https://www.bartola.co.uk/valves/2021/08/20/ef86-300b-xls-se-amplifier-build/,,project_page,,,1,ad689ac1765e7a90
gu,https://www.bartola.co.uk/valves/page/4/,4,https://www.bartola.co.uk/valves/page/4/,,project_page,,,1,4c7a39a8fddd4568
gv,https://www.bartola.co.uk/valves/2012/05/28/updated-6e5p-spice-model/,Updated 6e5p spice model,https://www.bartola.co.uk/valves/2012/05/28/updated-6e5p-spice-model/,,project_page,,,1,5b32bfcb56b3e8aa
gw,https://www.bartola.co.uk/valves/2012/06/02/listening-to-the-45-single-ended-se-amplifier/,Listening to the 45 single ended se amplifier,https://www.bartola.co.uk/valves/2012/06/02/listening-to-the-45-single-ended-se-amplifier/,,project_page,,,1,48fa33d77ef6af11
gx,https://www.bartola.co.uk/valves/2012/06/02/cunningham-cx301a/,Cunningham cx301a,https://www.bartola.co.uk/valves/2012/06/02/cunningham-cx301a/,,project_page,,,1,798bfa8b78c7744f
gy,https://www.bartola.co.uk/valves/2012/06/04/01a-preamplifier/,01a preamplifier,https://www.bartola.co.uk/valves/2012/06/04/01a-preamplifier/,,project_page,,,1,fa23d7aa58a7ae30
gz,https://www.bartola.co.uk/valves/2012/06/04/46-rca-low-gm/,46 rca low gm,https://www.bartola.co.uk/valves/2012/06/04/46-rca-low-gm/,,project_page,,,1,b332e14a07663caa
h,https://www.bartola.co.uk/valves/for-sale/rhytmik-f12bo-w-a370peq3-amp-subwoofer/,Rhytmik f12bo w a370peq3 amp subwoofer,https://www.bartola.co.uk/valves/for-sale/rhytmik-f12bo-w-a370peq3-amp-subwoofer/,,project_page,,,1,b3b8c4fe8b7e6ed9
h0,https://www.bartola.co.uk/valves/2012/06/03/194/,194,https://www.bartola.co.uk/valves/2012/06/03/194/,,project_page,,,1,c174873070c0f3b4
h1,https://www.bartola.co.uk/valves/2012/06/03/46-rca-triode-strapped/,46 rca triode strapped,https://www.bartola.co.uk/valves/2012/06/03/46-rca-triode-strapped/,,project_page,,,1,b50f75a344f4ea4b
h2,https://www.bartola.co.uk/valves/2012/05/30/dht-preamp-evolution/,Dht preamp evolution,https://www.bartola.co.uk/valves/2012/05/30/dht-preamp-evolution/,,project_page,,,1,77f30523a548adbd
h3,http://www.bartola.co.uk/valves/wp-content/uploads/2012/05/6e5p-spice-model1.txt,6e5p-spice-model1.txt,http://www.bartola.co.uk/valves/wp-content/uploads/2012/05/6e5p-spice-model1.txt,,schematic,,,1,860c4f267f6109a4
h4,https://www.bartola.co.uk/valves/page/58/,58,https://www.bartola.co.uk/valves/page/58/,,project_page,,,1,5cf0fa0656fbdb04
h5,https://www.bartola.co.uk/valves/2015/10/25/dht-day/image11/,Image11,https://www.bartola.co.uk/valves/2015/10/25/dht-day/image11/,,project_page,,,1,25d4b423f281a697
h6,https://www.bartola.co.uk/valves/2015/10/25/dht-day/image5/,Image5,https://www.bartola.co.uk/valves/2015/10/25/dht-day/image5/,,project_page,,,1,c71e0fe6a1b2502a
h7,https://www.bartola.co.uk/valves/2015/10/25/dht-day/image10/,Image10,https://www.bartola.co.uk/valves/2015/10/25/dht-day/image10/,,project_page,,,1,5e3c3c222029b2d0
h8,https://www.bartola.co.uk/valves/2015/10/25/dht-day/image7-2/,Image7 2,https://www.bartola.co.uk/valves/2015/10/25/dht-day/image7-2/,,project_page,,,1,63eb89e3cbf44a43
h9,https://www.bartola.co.uk/valves/2015/10/25/dht-day/image6-2/,Image6 2,https://www.bartola.co.uk/valves/2015/10/25/dht-day/image6-2/,,project_page,,,1,1aa35c1996ddb8b9
ha,https://www.bartola.co.uk/valves/2015/10/25/dht-day/image3/,Image3,https://www.bartola.co.uk/valves/2015/10/25/dht-day/image3/,,project_page,,,1,1ddd50bf238e8eda
hb,https://www.bartola.co.uk/valves/2015/10/25/dht-day/image4/,Image4,https://www.bartola.co.uk/valves/2015/10/25/dht-day/image4/,,project_page,,,1,96da2a5a254fcd97
hc,https://www.bartola.co.uk/valves/2015/10/25/dht-day/image9/,Image9,https://www.bartola.co.uk/valves/2015/10/25/dht-day/image9/,,project_page,,,1,95715414fb8fcab2
hd,https://www.bartola.co.uk/valves/2015/10/25/dht-day/image1-2/,Image1 2,https://www.bartola.co.uk/valves/2015/10/25/dht-day/image1-2/,,project_page,,,1,f8b79d7fa90725d4
he,https://www.bartola.co.uk/valves/2015/10/18/vamos-pumas/,Vamos pumas,https://www.bartola.co.uk/valves/2015/10/18/vamos-pumas/,,project_page,,,1,f065a0b42673c8ad
hf,https://www.bartola.co.uk/valves/2015/11/22/flexible-ht-supply/,Flexible ht supply,https://www.bartola.co.uk/valves/2015/11/22/flexible-ht-supply/,,project_page,,,1,1529cfa696a6e09e
hg,https://www.bartola.co.uk/valves/2015/01/24/crossover-part-i/,Crossover part i,https://www.bartola.co.uk/valves/2015/01/24/crossover-part-i/,,project_page,,,1,95292d336efd17b7
hh,https://www.bartola.co.uk/valves/2015/02/01/listening/,Listening,https://www.bartola.co.uk/valves/2015/02/01/listening/,,project_page,,,1,4ff831af1deda58d
hi,https://www.bartola.co.uk/valves/2016/02/28/sweep-buffer/,Sweep buffer,https://www.bartola.co.uk/valves/2016/02/28/sweep-buffer/,,project_page,,,1,b6822a4dbd30b01d
hj,https://www.bartola.co.uk/valves/2018/03/07/er801a-prototypes/,Er801a prototypes,https://www.bartola.co.uk/valves/2018/03/07/er801a-prototypes/,,project_page,,,1,0dc17ac87f73f4ca
hk,https://www.bartola.co.uk/valves/2012/09/22/4%d0%bf1%d0%bb4p1l-triode-curves-2/,4%d0%bf1%d0%bb4p1l triode curves 2,https://www.bartola.co.uk/valves/2012/09/22/4%d0%bf1%d0%bb4p1l-triode-curves-2/,,project_page,,,1,289ab4714d2dd9ba
hl,https://www.bartola.co.uk/valves/2013/08/11/4-65a-se-amp-testing-it-finally/20130811-173748-jpg/,20130811 173748 jpg,https://www.bartola.co.uk/valves/2013/08/11/4-65a-se-amp-testing-it-finally/20130811-173748-jpg/,,project_page,,,1,6543dbd84cb6404c
hm,https://www.bartola.co.uk/valves/2013/08/11/4-65a-se-amp-testing-it-finally/20130811-173734-jpg/,20130811 173734 jpg,https://www.bartola.co.uk/valves/2013/08/11/4-65a-se-amp-testing-it-finally/20130811-173734-jpg/,,project_page,,,1,c887a4fb9a4330fc
hn,https://www.bartola.co.uk/valves/2013/08/11/4-65a-se-amp-testing-it-finally/20130811-173726-jpg/,20130811 173726 jpg,https://www.bartola.co.uk/valves/2013/08/11/4-65a-se-amp-testing-it-finally/20130811-173726-jpg/,,project_page,,,1,6a6831753e18f641
ho,https://www.bartola.co.uk/valves/2013/08/11/4-65a-se-amp-testing-it-finally/20130811-173713-jpg/,20130811 173713 jpg,https://www.bartola.co.uk/valves/2013/08/11/4-65a-se-amp-testing-it-finally/20130811-173713-jpg/,,project_page,,,1,131539e879523b28
hp,https://www.bartola.co.uk/valves/2013/08/11/4-65a-se-amp-testing-it-finally/img_1152/,Img 1152,https://www.bartola.co.uk/valves/2013/08/11/4-65a-se-amp-testing-it-finally/img_1152/,,project_page,,,1,27e7c3f056c5322b
hq,https://www.bartola.co.uk/valves/2013/08/11/4-65a-se-amp-testing-it-finally/img_1145/,Img 1145,https://www.bartola.co.uk/valves/2013/08/11/4-65a-se-amp-testing-it-finally/img_1145/,,project_page,,,1,6b3bec858e39756e
hr,https://www.bartola.co.uk/valves/2013/08/11/4-65a-se-amp-testing-it-finally/img_1142/,Img 1142,https://www.bartola.co.uk/valves/2013/08/11/4-65a-se-amp-testing-it-finally/img_1142/,,project_page,,,1,30f5d256ddc1c6be
hs,https://www.bartola.co.uk/valves/2013/08/11/4-65a-se-amp-testing-it-finally/img_1143/,Img 1143,https://www.bartola.co.uk/valves/2013/08/11/4-65a-se-amp-testing-it-finally/img_1143/,,project_page,,,1,5875d13b04d550f3
ht,https://www.bartola.co.uk/valves/2013/08/11/4-65a-se-amp-testing-it-finally/img_1150/,Img 1150,https://www.bartola.co.uk/valves/2013/08/11/4-65a-se-amp-testing-it-finally/img_1150/,,project_page,,,1,eb6a8b31d96108e8
hu,https://www.bartola.co.uk/valves/2013/08/10/4-65a-se-amp-first-driver-test/,4 65a se amp first driver test,https://www.bartola.co.uk/valves/2013/08/10/4-65a-se-amp-first-driver-test/,,project_page,,,1,87ac67d3166dcf36
hv,https://www.bartola.co.uk/valves/2013/08/12/4-65a-se-amp-cherry-anodes/,4 65a se amp cherry anodes,https://www.bartola.co.uk/valves/2013/08/12/4-65a-se-amp-cherry-anodes/,,project_page,,,1,e246d6716d6d3a1d
hw,https://www.bartola.co.uk/valves/2013/11/03/patti-and-lou/,Patti and lou,https://www.bartola.co.uk/valves/2013/11/03/patti-and-lou/,,project_page,,,1,384da5f469241c74
hx,http://www.bartola.co.uk/valves/2013/03/10/the-shunt-cascode-driver/,The shunt cascode driver,http://www.bartola.co.uk/valves/2013/03/10/the-shunt-cascode-driver/,,project_page,,,1,872ae6fa6dcdef96
hy,http://www.bartola.co.uk/valves/2014/06/14/6%d1%8d6%d0%bf-%d0%b4%d1%80-driver-tests/,6%d1%8d6%d0%bf %d0%b4%d1%80 driver tests,http://www.bartola.co.uk/valves/2014/06/14/6%d1%8d6%d0%bf-%d0%b4%d1%80-driver-tests/,,project_page,,,1,71e48e85bbf4f8df
hz,https://www.bartola.co.uk/valves/2016/11/27/6%d1%8d5%d0%bf-shunt-cascode-driver/6%d1%8d5%d0%bf-shunt-board-01/,6%d1%8d5%d0%bf shunt board 01,https://www.bartola.co.uk/valves/2016/11/27/6%d1%8d5%d0%bf-shunt-cascode-driver/6%d1%8d5%d0%bf-shunt-board-01/,,project_page,,,1,9960d43e3c1eaecf
i,https://www.bartola.co.uk/valves/for-sale/dht-lt-supply-pcb/,Dht lt supply pcb,https://www.bartola.co.uk/valves/for-sale/dht-lt-supply-pcb/,,project_page,,,1,2caf231ec7e310bc
i0,https://www.bartola.co.uk/valves/2016/11/27/6%d1%8d5%d0%bf-shunt-cascode-driver/6%d1%8d5%d0%bf-shunt-board-03/,6%d1%8d5%d0%bf shunt board 03,https://www.bartola.co.uk/valves/2016/11/27/6%d1%8d5%d0%bf-shunt-cascode-driver/6%d1%8d5%d0%bf-shunt-board-03/,,project_page,,,1,594a94649079f1e6
i1,https://www.bartola.co.uk/valves/2016/11/27/6%d1%8d5%d0%bf-shunt-cascode-driver/6%d1%8d5%d0%bf-shunt-board-04/,6%d1%8d5%d0%bf shunt board 04,https://www.bartola.co.uk/valves/2016/11/27/6%d1%8d5%d0%bf-shunt-cascode-driver/6%d1%8d5%d0%bf-shunt-board-04/,,project_page,,,1,3565d944a77743ee
i2,http://www.bartola.co.uk/valves/2013/01/12/4p1l-pentode-driver-test-2/,4p1l pentode driver test 2,http://www.bartola.co.uk/valves/2013/01/12/4p1l-pentode-driver-test-2/,,project_page,,,1,346aabaf9fa36947
i3,http://www.bartola.co.uk/valves/2016/11/27/6%D1%8D5%D0%BF-shunt-cascode-driver/,6%D1%8D5%D0%BF shunt cascode driver,http://www.bartola.co.uk/valves/2016/11/27/6%D1%8D5%D0%BF-shunt-cascode-driver/,,project_page,,,1,1702f512ce77d24b
i4,https://www.bartola.co.uk/valves/2013/11/17/6%D0%B652%D0%BF-6z52p-in-triode-mode/,6%D0%B652%D0%BF 6z52p in triode mode,https://www.bartola.co.uk/valves/2013/11/17/6%D0%B652%D0%BF-6z52p-in-triode-mode/,,project_page,,,1,808f517287dc12e2
i5,https://www.bartola.co.uk/valves/type/image/,Image,https://www.bartola.co.uk/valves/type/image/,,project_page,,,1,e0ccb5e484dbff85
i6,https://www.bartola.co.uk/valves/2013/11/30/4p1l-pseppp-module/,4p1l pseppp module,https://www.bartola.co.uk/valves/2013/11/30/4p1l-pseppp-module/,,project_page,,,1,2bb7df64e6aaa150
i7,https://www.bartola.co.uk/valves/2017/02/12/c-299cx-299-dht-preamplifier/,C 299cx 299 dht preamplifier,https://www.bartola.co.uk/valves/2017/02/12/c-299cx-299-dht-preamplifier/,,project_page,,,1,bcfa0e382df8d9c8
i8,http://www.bartola.co.uk/valves/2017/01/09/dht-preamp-the-mule/,Dht preamp the mule,http://www.bartola.co.uk/valves/2017/01/09/dht-preamp-the-mule/,,project_page,,,1,257d1c8abc0a2bb6
i9,https://www.bartola.co.uk/valves/2013/02/19/6%D1%8D6%D0%BF-e-6%D1%8D6%D0%BF-%D0%B4%D1%80-datasheets/,6%D1%8D6%D0%BF e 6%D1%8D6%D0%BF %D0%B4%D1%80 datasheets,https://www.bartola.co.uk/valves/2013/02/19/6%D1%8D6%D0%BF-e-6%D1%8D6%D0%BF-%D0%B4%D1%80-datasheets/,,project_page,,,1,9030ccd08ff0822f
ia,https://www.bartola.co.uk/valves/2017/11/05/sunday-night/,Sunday night,https://www.bartola.co.uk/valves/2017/11/05/sunday-night/,,project_page,,,1,4480e803e7ed8938
ib,https://www.bartola.co.uk/valves/2016/05/29/rl12p35-german-transmitting-pentodes/rl12p35-pic-1/,Rl12p35 pic 1,https://www.bartola.co.uk/valves/2016/05/29/rl12p35-german-transmitting-pentodes/rl12p35-pic-1/,,project_page,,,1,5779076120836dd0
ic,https://www.bartola.co.uk/valves/2016/05/29/rl12p35-german-transmitting-pentodes/rl12p35-pic-2/,Rl12p35 pic 2,https://www.bartola.co.uk/valves/2016/05/29/rl12p35-german-transmitting-pentodes/rl12p35-pic-2/,,project_page,,,1,c3842a98cd3e157a
id,http://www.bartola.co.uk/valves/2016/03/05/russian-pse-in-steroids-4p1l-into-4p1l/,Russian pse in steroids 4p1l into 4p1l,http://www.bartola.co.uk/valves/2016/03/05/russian-pse-in-steroids-4p1l-into-4p1l/,,project_page,,,1,29787b2a9d8d46db
ie,https://www.bartola.co.uk/valves/2016/03/12/rolling-valves/,Rolling valves,https://www.bartola.co.uk/valves/2016/03/12/rolling-valves/,,project_page,,,1,b78b4d8b83141d4a
if,https://www.bartola.co.uk/valves/2016/01/03/6z49p-dr6j49p-dr-pentode/6z49p-dr-pentode-model-vs125v/,6z49p dr pentode model vs125v,https://www.bartola.co.uk/valves/2016/01/03/6z49p-dr6j49p-dr-pentode/6z49p-dr-pentode-model-vs125v/,,project_page,,,1,a0a8f75a718fbb2c
ig,https://www.bartola.co.uk/valves/2016/01/03/6z49p-dr6j49p-dr-pentode/6z49p-dr-pentode-model-vs150v-is/,6z49p dr pentode model vs150v is,https://www.bartola.co.uk/valves/2016/01/03/6z49p-dr6j49p-dr-pentode/6z49p-dr-pentode-model-vs150v-is/,,project_page,,,1,509eb6b33c69c19c
ih,https://www.bartola.co.uk/valves/2016/01/03/6z49p-dr6j49p-dr-pentode/6z49p-dr-pentode-model-vs150v/,6z49p dr pentode model vs150v,https://www.bartola.co.uk/valves/2016/01/03/6z49p-dr6j49p-dr-pentode/6z49p-dr-pentode-model-vs150v/,,project_page,,,1,b4d9eb5590b66d27
ii,https://www.bartola.co.uk/valves/2016/01/06/flexible-ht-power-supply-part-iii/,Flexible ht power supply part iii,https://www.bartola.co.uk/valves/2016/01/06/flexible-ht-power-supply-part-iii/,,project_page,,,1,c8f878266563eaf7
ij,http://www.bartola.co.uk/valves/2014/06/28/starlight-discrete-dac-a-learning-experience/,Starlight discrete dac a learning experience,http://www.bartola.co.uk/valves/2014/06/28/starlight-discrete-dac-a-learning-experience/,,project_page,,,1,7c9366a72885ec8a
ik,http://www.bartola.co.uk/valves/2016/07/31/dvb-in1166-input-transformer-test/,Dvb in1166 input transformer test,http://www.bartola.co.uk/valves/2016/07/31/dvb-in1166-input-transformer-test/,,project_page,,,1,3996e8f5f69ab6a9
il,https://www.bartola.co.uk/valves/2015/01/06/300b-amp-the-journey-starts-here/img_0492/,Img 0492,https://www.bartola.co.uk/valves/2015/01/06/300b-amp-the-journey-starts-here/img_0492/,,project_page,,,1,6e68f0220c15e3a3
im,https://www.bartola.co.uk/valves/2015/01/06/300b-amp-the-journey-starts-here/img_0488/,Img 0488,https://www.bartola.co.uk/valves/2015/01/06/300b-amp-the-journey-starts-here/img_0488/,,project_page,,,1,87fe2421eeb49eee
in,https://www.bartola.co.uk/valves/2015/01/07/dht-push-pull-filament-regulators/,Dht push pull filament regulators,https://www.bartola.co.uk/valves/2015/01/07/dht-push-pull-filament-regulators/,,project_page,,,1,d27d8c27e244e80b
io,http://www.bartola.co.uk/valves/2013/01/13/4p1l-pentode-driver-continued/,4p1l pentode driver continued,http://www.bartola.co.uk/valves/2013/01/13/4p1l-pentode-driver-continued/,,project_page,,,1,ef1b694f4fda6865
ip,https://www.bartola.co.uk/valves/2015/05/10/6p15p-triode-strapped-models/,6p15p triode strapped models,https://www.bartola.co.uk/valves/2015/05/10/6p15p-triode-strapped-models/,,project_page,,,1,24ae2a250a3739f7
iq,https://www.bartola.co.uk/valves/2015/05/23/vinyl-cartoon-by-alex-gregory/,Vinyl cartoon by alex gregory,https://www.bartola.co.uk/valves/2015/05/23/vinyl-cartoon-by-alex-gregory/,,project_page,,,1,73bc132da5917af2
ir,https://www.bartola.co.uk/valves/2016/12/11/cx-301a-build-from-malaysia/,Cx 301a build from malaysia,https://www.bartola.co.uk/valves/2016/12/11/cx-301a-build-from-malaysia/,,project_page,,,1,abdccd9a0c7e14f3
is,https://www.bartola.co.uk/valves/2015/12/19/we-16a-horns/image3-2/,Image3 2,https://www.bartola.co.uk/valves/2015/12/19/we-16a-horns/image3-2/,,project_page,,,1,169a4c9975f0aa8e
it,https://www.bartola.co.uk/valves/2015/12/19/we-16a-horns/image1-3/,Image1 3,https://www.bartola.co.uk/valves/2015/12/19/we-16a-horns/image1-3/,,project_page,,,1,e70a5b24d94c8e4c
iu,https://www.bartola.co.uk/valves/2015/12/19/we-16a-horns/image2-3/,Image2 3,https://www.bartola.co.uk/valves/2015/12/19/we-16a-horns/image2-3/,,project_page,,,1,822e32166095ee77
iv,https://www.bartola.co.uk/valves/2015/12/19/we-16a-horns/image4-2/,Image4 2,https://www.bartola.co.uk/valves/2015/12/19/we-16a-horns/image4-2/,,project_page,,,1,de826d73827252d0
iw,https://www.bartola.co.uk/valves/2015/12/19/we-16a-horns/image6-2-2/,Image6 2 2,https://www.bartola.co.uk/valves/2015/12/19/we-16a-horns/image6-2-2/,,project_page,,,1,b7c0883db6104862
ix,https://www.bartola.co.uk/valves/2015/12/19/we-16a-horns/image5-2/,Image5 2,https://www.bartola.co.uk/valves/2015/12/19/we-16a-horns/image5-2/,,project_page,,,1,5db81656399f7b19
iy,https://www.bartola.co.uk/valves/2015/12/19/we-16a-horns/image7-2-2/,Image7 2 2,https://www.bartola.co.uk/valves/2015/12/19/we-16a-horns/image7-2-2/,,project_page,,,1,3fad713afc15d7d5
iz,https://www.bartola.co.uk/valves/2015/12/14/gyrator-pcb-prototype/,Gyrator pcb prototype,https://www.bartola.co.uk/valves/2015/12/14/gyrator-pcb-prototype/,,project_page,,,1,8cfa433ca5fd017e
j,https://www.bartola.co.uk/valves/for-sale/dht-filament-regulators/,Dht filament regulators,https://www.bartola.co.uk/valves/for-sale/dht-filament-regulators/,,project_page,,,1,de366b994d0fbd45
j0,https://www.bartola.co.uk/valves/2015/01/16/reflection/,Reflection,https://www.bartola.co.uk/valves/2015/01/16/reflection/,,project_page,,,1,373fe3b7b93c9b0b
j1,http://www.bartola.co.uk/valves/2013/12/22/ht-ripple-measurement/,Ht ripple measurement,http://www.bartola.co.uk/valves/2013/12/22/ht-ripple-measurement/,,project_page,,,1,83857e007f58b826
j2,https://www.bartola.co.uk/valves/2016/01/09/slew-rate-part-iv-and-source-followers/img_2253/,Img 2253,https://www.bartola.co.uk/valves/2016/01/09/slew-rate-part-iv-and-source-followers/img_2253/,,project_page,,,1,e49f2ea5de99fe8f
j3,https://www.bartola.co.uk/valves/2016/01/09/slew-rate-part-iv-and-source-followers/mosfet-comparison-h2-and-h3/,Mosfet comparison h2 and h3,https://www.bartola.co.uk/valves/2016/01/09/slew-rate-part-iv-and-source-followers/mosfet-comparison-h2-and-h3/,,project_page,,,1,99a5dd11d1d9fa96
j4,http://www.bartola.co.uk/valves/2016/08/14/gyrator-load-test-mule/,Gyrator load test mule,http://www.bartola.co.uk/valves/2016/08/14/gyrator-load-test-mule/,,project_page,,,1,d12a02d310cf6ba5
j5,https://www.bartola.co.uk/valves/2020/01/13/modular-approach-part-i/,Modular approach part i,https://www.bartola.co.uk/valves/2020/01/13/modular-approach-part-i/,,project_page,,,1,fd56216640870e63
j6,https://www.bartola.co.uk/valves/2021/03/11/801a-preamp-build/,801a preamp build,https://www.bartola.co.uk/valves/2021/03/11/801a-preamp-build/,,project_page,,,1,3a3589dc9fc6e156
j7,https://www.bartola.co.uk/valves/2019/11/02/6e6p-dr-headphone-amp-part-3/,6e6p dr headphone amp part 3,https://www.bartola.co.uk/valves/2019/11/02/6e6p-dr-headphone-amp-part-3/,,project_page,,,1,f7f5b6ebcb9260a1
j8,https://www.bartola.co.uk/valves/2019/11/15/etf-19-starts/,Etf 19 starts,https://www.bartola.co.uk/valves/2019/11/15/etf-19-starts/,,project_page,,,1,7b1779f28b2b6ccb
j9,https://www.bartola.co.uk/valves/2016/03/20/teflon-sockets/813-1/,813 1,https://www.bartola.co.uk/valves/2016/03/20/teflon-sockets/813-1/,,project_page,,,1,ac8bc2cfc5888a94
ja,https://www.bartola.co.uk/valves/2016/03/20/teflon-sockets/813-2/,813 2,https://www.bartola.co.uk/valves/2016/03/20/teflon-sockets/813-2/,,project_page,,,1,0e025d110a1d0447
jb,https://www.bartola.co.uk/valves/2016/03/20/teflon-sockets/octal-1/,Octal 1,https://www.bartola.co.uk/valves/2016/03/20/teflon-sockets/octal-1/,,project_page,,,1,711a5db6fb829dd5
jc,https://www.bartola.co.uk/valves/2016/03/20/teflon-sockets/octal-2/,Octal 2,https://www.bartola.co.uk/valves/2016/03/20/teflon-sockets/octal-2/,,project_page,,,1,0b88031b6d2691d9
jd,https://www.bartola.co.uk/valves/2016/03/20/teflon-sockets/octal-3/,Octal 3,https://www.bartola.co.uk/valves/2016/03/20/teflon-sockets/octal-3/,,project_page,,,1,a43adae0f1b6a82f
je,https://www.bartola.co.uk/valves/2016/03/20/teflon-sockets/ux4-1/,Ux4 1,https://www.bartola.co.uk/valves/2016/03/20/teflon-sockets/ux4-1/,,project_page,,,1,3910b77f1e252271
jf,https://www.bartola.co.uk/valves/2016/03/20/teflon-sockets/ux4-2/,Ux4 2,https://www.bartola.co.uk/valves/2016/03/20/teflon-sockets/ux4-2/,,project_page,,,1,30eda3e6f7f1f09e
jg,https://www.bartola.co.uk/valves/2016/03/20/teflon-sockets/ux4-3/,Ux4 3,https://www.bartola.co.uk/valves/2016/03/20/teflon-sockets/ux4-3/,,project_page,,,1,0a0ea4c22c1d5d94
jh,https://www.bartola.co.uk/valves/2016/12/24/01a-gen2-preamp-build-from-barry-french/,01a gen2 preamp build from barry french,https://www.bartola.co.uk/valves/2016/12/24/01a-gen2-preamp-build-from-barry-french/,,project_page,,,1,28ef21d4243b554c
ji,http://www.bartola.co.uk/valves/2016/10/19/smd-soldering-for-gyrator-pcb/,Smd soldering for gyrator pcb,http://www.bartola.co.uk/valves/2016/10/19/smd-soldering-for-gyrator-pcb/,,project_page,,,1,6f5e65d54e786e04
jj,https://www.bartola.co.uk/valves/2017/01/02/46-driving-45-se-amp/,46 driving 45 se amp,https://www.bartola.co.uk/valves/2017/01/02/46-driving-45-se-amp/,,project_page,,,1,22b329011a294c99
jk,https://www.bartola.co.uk/valves/2016/11/13/01a-preamp-build-uv-201a-version-step-2/,01a preamp build uv 201a version step 2,https://www.bartola.co.uk/valves/2016/11/13/01a-preamp-build-uv-201a-version-step-2/,,project_page,,,1,0523d6113e761d1c
jl,https://www.bartola.co.uk/valves/2017/08/14/uv-201a-dht-preamp-revisited/sv201a-test-02/,Sv201a test 02,https://www.bartola.co.uk/valves/2017/08/14/uv-201a-dht-preamp-revisited/sv201a-test-02/,,project_page,,,1,870fe4b336418fdc
jm,https://www.bartola.co.uk/valves/2017/08/14/uv-201a-dht-preamp-revisited/img_4188/,Img 4188,https://www.bartola.co.uk/valves/2017/08/14/uv-201a-dht-preamp-revisited/img_4188/,,project_page,,,1,cebdcb5672e7546e
jn,https://www.bartola.co.uk/valves/2017/01/14/01a-preamp-gen2-new-build/01a-ale-06/,01a ale 06,https://www.bartola.co.uk/valves/2017/01/14/01a-preamp-gen2-new-build/01a-ale-06/,,project_page,,,1,863b8a0209ee80df
jo,https://www.bartola.co.uk/valves/2017/01/14/01a-preamp-gen2-new-build/01a-ale-02/,01a ale 02,https://www.bartola.co.uk/valves/2017/01/14/01a-preamp-gen2-new-build/01a-ale-02/,,project_page,,,1,02fb4090b10b1f4e
jp,https://i0.wp.com/www.bartola.co.uk/valves/wp-content/uploads/2018/01/IMG_0018.jpg?fit=4020%2C2233&ssl=1,Valve test rig with fixed bias – Bartola® Valves,https://i0.wp.com/www.bartola.co.uk/valves/wp-content/uploads/2018/01/IMG_0018.jpg?fit=4020%2C2233&ssl=1,f1,figure,,,1,9f9517407484e02b
jq,https://i0.wp.com/www.bartola.co.uk/valves/wp-content/uploads/2018/03/BF862-transfer.png?fit=462%2C469&ssl=1,Tracing (MOS)FETs to be used in the gyrator PCB – Bartola® Valves,https://i0.wp.com/www.bartola.co.uk/valves/wp-content/uploads/2018/03/BF862-transfer.png?fit=462%2C469&ssl=1,f4,figure,,,1,078e26ba415d8478
jr,https://i0.wp.com/www.bartola.co.uk/valves/wp-content/uploads/2018/03/BF862-gfs.png?fit=513%2C487&ssl=1,Tracing (MOS)FETs to be used in the gyrator PCB – Bartola® Valves,https://i0.wp.com/www.bartola.co.uk/valves/wp-content/uploads/2018/03/BF862-gfs.png?fit=513%2C487&ssl=1,f4,figure,,,1,1adf879563ffeaab
js,https://i0.wp.com/www.bartola.co.uk/valves/wp-content/uploads/2018/03/HV-depletion-transfer.png?fit=464%2C596&ssl=1,Tracing (MOS)FETs to be used in the gyrator PCB – Bartola® Valves,https://i0.wp.com/www.bartola.co.uk/valves/wp-content/uploads/2018/03/HV-depletion-transfer.png?fit=464%2C596&ssl=1,f4,figure,,,1,b1dfb0aad1774832
jt,https://i0.wp.com/www.bartola.co.uk/valves/wp-content/uploads/2018/03/HV-depletion-gfs-comparison.png?fit=471%2C597&ssl=1,Tracing (MOS)FETs to be used in the gyrator PCB – Bartola® Valves,https://i0.wp.com/www.bartola.co.uk/valves/wp-content/uploads/2018/03/HV-depletion-gfs-comparison.png?fit=471%2C597&ssl=1,f4,figure,,,1,cbbdd39b636577ea
ju,https://i0.wp.com/www.bartola.co.uk/valves/wp-content/uploads/2018/01/300B-triode.png?fit=1024%2C703&ssl=1,eTracer Build and Review – Bartola® Valves,https://i0.wp.com/www.bartola.co.uk/valves/wp-content/uploads/2018/01/300B-triode.png?fit=1024%2C703&ssl=1,f9,figure,,,1,d84878370fcb1b47
jv,https://i0.wp.com/www.bartola.co.uk/valves/wp-content/uploads/2020/03/RE084-DHT-Preamp-v01-1.jpg?fit=2100%2C1462&ssl=1,The return of the Mule (RE084) – Bartola® Valves,https://i0.wp.com/www.bartola.co.uk/valves/wp-content/uploads/2020/03/RE084-DHT-Preamp-v01-1.jpg?fit=2100%2C1462&ssl=1,fb,figure,,,1,bacdfacd6a86bab6
jw,https://i0.wp.com/www.bartola.co.uk/valves/wp-content/uploads/2020/06/IMG_0575.jpg?fit=2016%2C1026&ssl=1,300B SE Amp: 46 Driver (Part I) – Bartola® Valves,https://i0.wp.com/www.bartola.co.uk/valves/wp-content/uploads/2020/06/IMG_0575.jpg?fit=2016%2C1026&ssl=1,ff,figure,,,1,4f619d5ed3784704
jx,https://i0.wp.com/www.bartola.co.uk/valves/wp-content/uploads/2013/01/CX301a-DHT-preamp.png?fit=752%2C691&ssl=1,01a preamp (revisited 2013) – Bartola® Valves,https://i0.wp.com/www.bartola.co.uk/valves/wp-content/uploads/2013/01/CX301a-DHT-preamp.png?fit=752%2C691&ssl=1,fl,figure,,,1,e4afbb9014983400
jy,https://i0.wp.com/www.bartola.co.uk/valves/wp-content/uploads/2020/06/E810F-FC-SC-Driver-01.jpg?fit=1416%2C1576&ssl=1,300b driver experiments – Bartola® Valves,https://i0.wp.com/www.bartola.co.uk/valves/wp-content/uploads/2020/06/E810F-FC-SC-Driver-01.jpg?fit=1416%2C1576&ssl=1,fp,figure,,,1,a539beed23cd5388
jz,https://i0.wp.com/www.bartola.co.uk/valves/wp-content/uploads/2019/08/6e5p-spud-1.jpg?fit=709%2C868&ssl=1,To SPUD or not to SPUD – Bartola® Valves,https://i0.wp.com/www.bartola.co.uk/valves/wp-content/uploads/2019/08/6e5p-spud-1.jpg?fit=709%2C868&ssl=1,fq,figure,,,1,49d6becb9f954eee
k,https://www.bartola.co.uk/valves/dht-push-pull/,Dht push pull,https://www.bartola.co.uk/valves/dht-push-pull/,,project_page,,,1,3a708e8e57b6bd9b
k0,https://i0.wp.com/www.bartola.co.uk/valves/wp-content/uploads/2019/08/6e5p-spud-2.jpg?fit=813%2C875&ssl=1,To SPUD or not to SPUD – Bartola® Valves,https://i0.wp.com/www.bartola.co.uk/valves/wp-content/uploads/2019/08/6e5p-spud-2.jpg?fit=813%2C875&ssl=1,fq,figure,,,1,f794ab9bd941e5ac
k1,https://i0.wp.com/www.bartola.co.uk/valves/wp-content/uploads/2019/08/6e5p-spud-3.jpg?fit=709%2C868&ssl=1,To SPUD or not to SPUD – Bartola® Valves,https://i0.wp.com/www.bartola.co.uk/valves/wp-content/uploads/2019/08/6e5p-spud-3.jpg?fit=709%2C868&ssl=1,fq,figure,,,1,f207de4ef7543d99
k2,https://i0.wp.com/www.bartola.co.uk/valves/wp-content/uploads/2020/09/RL12P35-SE-CFB-Amp.jpg?fit=1405%2C1431&ssl=1,RL12P35 SE Amp – part I – Bartola® Valves,https://i0.wp.com/www.bartola.co.uk/valves/wp-content/uploads/2020/09/RL12P35-SE-CFB-Amp.jpg?fit=1405%2C1431&ssl=1,g5,figure,,,1,7896f796a6917ff0
k3,https://i0.wp.com/www.bartola.co.uk/valves/wp-content/uploads/2012/10/600V-stabiliser-final.png?fit=1305%2C1335&ssl=1,600V feedback regulator finished! – Bartola® Valves,https://i0.wp.com/www.bartola.co.uk/valves/wp-content/uploads/2012/10/600V-stabiliser-final.png?fit=1305%2C1335&ssl=1,ga,figure,,,1,3933d8ef9f12ee13
k4,https://i0.wp.com/www.bartola.co.uk/valves/wp-content/uploads/2015/08/LME49830-buffer-v05.png?fit=807%2C700&ssl=1,Testing the line stage – Bartola® Valves,https://i0.wp.com/www.bartola.co.uk/valves/wp-content/uploads/2015/08/LME49830-buffer-v05.png?fit=807%2C700&ssl=1,ge,figure,,,1,b70fa80a4160117a
k5,https://i0.wp.com/www.bartola.co.uk/valves/wp-content/uploads/2015/08/LME49830-buffer-v06.png?fit=955%2C869&ssl=1,Testing the line stage – Bartola® Valves,https://i0.wp.com/www.bartola.co.uk/valves/wp-content/uploads/2015/08/LME49830-buffer-v06.png?fit=955%2C869&ssl=1,ge,figure,,,1,e3104cc85f19981b
k6,https://i0.wp.com/www.bartola.co.uk/valves/wp-content/uploads/2015/08/6j52p-SLCF.jpg?fit=566%2C1013&ssl=1,Testing the line stage – Bartola® Valves,https://i0.wp.com/www.bartola.co.uk/valves/wp-content/uploads/2015/08/6j52p-SLCF.jpg?fit=566%2C1013&ssl=1,ge,figure,,,1,79025b0727aadc09
k7,http://www.bartola.co.uk/valves/wp-content/uploads/2012/12/4-64-65a-driver.png,4-65a SE Amp: 46 Driver Gyrator – Bartola® Valves,http://www.bartola.co.uk/valves/wp-content/uploads/2012/12/4-64-65a-driver.png,gk,figure,,,1,a95ca6f67cf75543
k8,https://i0.wp.com/www.bartola.co.uk/valves/wp-content/uploads/2012/12/4-64-65a-driver.png?fit=965%2C1566&ssl=1,4-65a SE Amp: 46 Driver Gyrator – Bartola® Valves,https://i0.wp.com/www.bartola.co.uk/valves/wp-content/uploads/2012/12/4-64-65a-driver.png?fit=965%2C1566&ssl=1,gk,figure,,,1,5aec41dcc8b26946
k9,https://i0.wp.com/www.bartola.co.uk/valves/wp-content/uploads/2022/01/1624-SE-Schade-V02.png?fit=1191%2C681&ssl=1,1624 feedback SE Amp – Bartola® Valves,https://i0.wp.com/www.bartola.co.uk/valves/wp-content/uploads/2022/01/1624-SE-Schade-V02.png?fit=1191%2C681&ssl=1,gl,figure,,,1,f75c2d91c83b33e1
ka,https://i0.wp.com/www.bartola.co.uk/valves/wp-content/uploads/2022/01/Aa-preamp-version-1.png?fit=902%2C523&ssl=1,Aa DHT Spice Model – Bartola® Valves,https://i0.wp.com/www.bartola.co.uk/valves/wp-content/uploads/2022/01/Aa-preamp-version-1.png?fit=902%2C523&ssl=1,gn,figure,,,1,9deb3671b8469f5f
kb,https://i0.wp.com/www.bartola.co.uk/valves/wp-content/uploads/2016/02/SSM2019-sweep-buffer.jpg?fit=1598%2C992&ssl=1,Sweep buffer – Bartola® Valves,https://i0.wp.com/www.bartola.co.uk/valves/wp-content/uploads/2016/02/SSM2019-sweep-buffer.jpg?fit=1598%2C992&ssl=1,hi,figure,,,1,c7b611cb8936fe85
kc,https://i0.wp.com/www.bartola.co.uk/valves/wp-content/uploads/2016/02/SSM2019-sweep-test.png?fit=1406%2C1161&ssl=1,Sweep buffer – Bartola® Valves,https://i0.wp.com/www.bartola.co.uk/valves/wp-content/uploads/2016/02/SSM2019-sweep-test.png?fit=1406%2C1161&ssl=1,hi,figure,,,1,f5ab4772f90ba54d
kd,https://i0.wp.com/www.bartola.co.uk/valves/wp-content/uploads/2013/08/20130811-173734.jpg?fit=765%2C1024&ssl=1,20130811-173734.jpg – Bartola® Valves,https://i0.wp.com/www.bartola.co.uk/valves/wp-content/uploads/2013/08/20130811-173734.jpg?fit=765%2C1024&ssl=1,hm,figure,,,1,dd2436b7787132b2
ke,https://i0.wp.com/www.bartola.co.uk/valves/wp-content/uploads/2013/03/6e5p-shunt-cascode-example.png?fit=1138%2C598&ssl=1,The Shunt Cascode Driver – Bartola® Valves,https://i0.wp.com/www.bartola.co.uk/valves/wp-content/uploads/2013/03/6e5p-shunt-cascode-example.png?fit=1138%2C598&ssl=1,hx,figure,,,1,2079358c10c4ec82
kf,https://i0.wp.com/www.bartola.co.uk/valves/wp-content/uploads/2013/01/4P1L-Pentode-Driver-Test1.png?fit=606%2C961&ssl=1,4P1L Pentode Driver (Test 2) – Bartola® Valves,https://i0.wp.com/www.bartola.co.uk/valves/wp-content/uploads/2013/01/4P1L-Pentode-Driver-Test1.png?fit=606%2C961&ssl=1,i2,figure,,,1,249cdb4a5380e2f5
kg,https://i0.wp.com/www.bartola.co.uk/valves/wp-content/uploads/2017/02/CX299-Preamp-V01.jpg?fit=751%2C730&ssl=1,C-299/CX-299 DHT Preamplifier – Bartola® Valves,https://i0.wp.com/www.bartola.co.uk/valves/wp-content/uploads/2017/02/CX299-Preamp-V01.jpg?fit=751%2C730&ssl=1,i7,figure,,,1,3f54d4ac930f8fd9
kh,https://i0.wp.com/www.bartola.co.uk/valves/wp-content/uploads/2017/02/C299-Mule-1.jpg?fit=1438%2C966&ssl=1,C-299/CX-299 DHT Preamplifier – Bartola® Valves,https://i0.wp.com/www.bartola.co.uk/valves/wp-content/uploads/2017/02/C299-Mule-1.jpg?fit=1438%2C966&ssl=1,i7,figure,,,1,53abe80f2db213d4
ki,https://i0.wp.com/www.bartola.co.uk/valves/wp-content/uploads/2017/01/DHTmule3-e1483990434777.jpg?fit=1224%2C1632&ssl=1,DHT preamp “The Mule” – Bartola® Valves,https://i0.wp.com/www.bartola.co.uk/valves/wp-content/uploads/2017/01/DHTmule3-e1483990434777.jpg?fit=1224%2C1632&ssl=1,i8,figure,,,1,f646c7bbf0d7d260
kj,https://i0.wp.com/www.bartola.co.uk/valves/wp-content/uploads/2016/03/4P1L-PSE-GyratorPCB-v01.png?fit=1509%2C1067&ssl=1,Russian PSE in steroids (4P1L into 4P1L) – Bartola® Valves,https://i0.wp.com/www.bartola.co.uk/valves/wp-content/uploads/2016/03/4P1L-PSE-GyratorPCB-v01.png?fit=1509%2C1067&ssl=1,id,figure,,,1,c4b68d399a2f60a6
kk,https://i0.wp.com/www.bartola.co.uk/valves/wp-content/uploads/2013/01/4P1L-Pentode-Driver-v01.png?fit=661%2C762&ssl=1,4P1L pentode driver (continued) – Bartola® Valves,https://i0.wp.com/www.bartola.co.uk/valves/wp-content/uploads/2013/01/4P1L-Pentode-Driver-v01.png?fit=661%2C762&ssl=1,io,figure,,,1,ae89b3fd52aa8ad9
kl,https://i0.wp.com/www.bartola.co.uk/valves/wp-content/uploads/2015/05/6P15P-triode-model-comparsion.png?fit=728%2C433&ssl=1,6P15P triode strapped models – Bartola® Valves,https://i0.wp.com/www.bartola.co.uk/valves/wp-content/uploads/2015/05/6P15P-triode-model-comparsion.png?fit=728%2C433&ssl=1,ip,figure,,,1,a9aa54f46decd7c3
km,https://i0.wp.com/www.bartola.co.uk/valves/wp-content/uploads/2015/05/6P15P-triode-Spice-Model-v2.png?fit=984%2C640&ssl=1,6P15P triode strapped models – Bartola® Valves,https://i0.wp.com/www.bartola.co.uk/valves/wp-content/uploads/2015/05/6P15P-triode-Spice-Model-v2.png?fit=984%2C640&ssl=1,ip,figure,,,1,3fd7d6ecc3cdc17b
kn,https://www.bartola.co.uk/valves/wp-content/uploads/2016/12/image2.jpeg,CX-301a DHT Pre-amp Build from Malaysia – Bartola® Valves,https://www.bartola.co.uk/valves/wp-content/uploads/2016/12/image2.jpeg,ir,figure,,,1,0efad96c9c1a0a6a
ko,https://i0.wp.com/www.bartola.co.uk/valves/wp-content/uploads/2015/12/IMG_2004.jpg?w=840,Gyrator PCB prototype – Bartola® Valves,https://i0.wp.com/www.bartola.co.uk/valves/wp-content/uploads/2015/12/IMG_2004.jpg?w=840,iz,figure,,,1,a91c0de1813e8aef
kp,https://www.bartola.co.uk/valves/wp-content/uploads/2016/01/IMG_2253.jpg,IMG_2253 – Bartola® Valves,https://www.bartola.co.uk/valves/wp-content/uploads/2016/01/IMG_2253.jpg,j2,figure,,,1,46f90c854393dc15
kq,https://www.bartola.co.uk/valves/wp-content/uploads/2016/01/MOSFET-comparison-H2-and-H3.png,MOSFET comparison H2 and H3 – Bartola® Valves,https://www.bartola.co.uk/valves/wp-content/uploads/2016/01/MOSFET-comparison-H2-and-H3.png,j3,figure,,,1,5a859a1d82de4e03
kr,https://i0.wp.com/www.bartola.co.uk/valves/wp-content/uploads/2016/08/test-mule.jpg?fit=1622%2C1204&ssl=1,Gyrator load – test mule – Bartola® Valves,https://i0.wp.com/www.bartola.co.uk/valves/wp-content/uploads/2016/08/test-mule.jpg?fit=1622%2C1204&ssl=1,j4,figure,,,1,c8e0edac55292f3a
ks,https://i0.wp.com/www.bartola.co.uk/valves/wp-content/uploads/2020/01/Neutrik-NL2-2-pole.jpg?fit=569%2C640&ssl=1,Modular approach (Part I) – Bartola® Valves,https://i0.wp.com/www.bartola.co.uk/valves/wp-content/uploads/2020/01/Neutrik-NL2-2-pole.jpg?fit=569%2C640&ssl=1,j5,figure,,,1,b12826e1ad21ff55
kt,https://i0.wp.com/www.bartola.co.uk/valves/wp-content/uploads/2019/10/6e6p-DR-HP-Amp.jpg?fit=904%2C758&ssl=1,6e6p-dr Headphone Amp – part 3 – Bartola® Valves,https://i0.wp.com/www.bartola.co.uk/valves/wp-content/uploads/2019/10/6e6p-DR-HP-Amp.jpg?fit=904%2C758&ssl=1,j7,figure,,,1,07662429686813b7
ku,https://i0.wp.com/www.bartola.co.uk/valves/wp-content/uploads/2017/01/46-45-SE-Amp-v01.png?fit=1351%2C815&ssl=1,46 driving 45 – SE Amp – Bartola® Valves,https://i0.wp.com/www.bartola.co.uk/valves/wp-content/uploads/2017/01/46-45-SE-Amp-v01.png?fit=1351%2C815&ssl=1,jj,figure,,,1,e2b6ab05569f2fae
kv,https://i0.wp.com/www.bartola.co.uk/valves/wp-content/uploads/2016/11/img_0218.jpg?fit=3264%2C2448&ssl=1,01a Preamp Build: UV-201a version – step 2 – Bartola® Valves,https://i0.wp.com/www.bartola.co.uk/valves/wp-content/uploads/2016/11/img_0218.jpg?fit=3264%2C2448&ssl=1,jk,figure,,,1,72b3d4b4adba81a2
kw,https://www.bartola.co.uk/valves/wp-content/uploads/2017/08/SV201a-test-02.png,SV201a test 02 – Bartola® Valves,https://www.bartola.co.uk/valves/wp-content/uploads/2017/08/SV201a-test-02.png,jl,figure,,,1,ec03ab468207da66
l,https://www.bartola.co.uk/valves/dht-filament-regulator/,Dht filament regulator,https://www.bartola.co.uk/valves/dht-filament-regulator/,,project_page,,,1,203ff5f9099ee21d
m,https://www.bartola.co.uk/valves/why-filament-regulators-in-dht/,Why filament regulators in dht,https://www.bartola.co.uk/valves/why-filament-regulators-in-dht/,,project_page,,,1,50bb73947f337e0f
n,https://www.bartola.co.uk/valves/dht-preamps/,Dht preamps,https://www.bartola.co.uk/valves/dht-preamps/,,project_page,,,1,d59b0e08ffadaab3
o,https://www.bartola.co.uk/valves/2017/05/01/the-mule-project-continues/,The mule project continues,https://www.bartola.co.uk/valves/2017/05/01/the-mule-project-continues/,,project_page,,,1,67fd92cd62d3c88b
p,https://www.bartola.co.uk/valves/2017/05/14/3b7-dht-preamp/,3b7 dht preamp,https://www.bartola.co.uk/valves/2017/05/14/3b7-dht-preamp/,,project_page,,,1,e237ebea1077ed5d
q,https://www.bartola.co.uk/valves/2017/08/14/uv-201a-dht-preamp-revisited/,Uv 201a dht preamp revisited,https://www.bartola.co.uk/valves/2017/08/14/uv-201a-dht-preamp-revisited/,,project_page,,,1,41b4c9b8e3ffd4f9
r,https://www.bartola.co.uk/valves/2017/05/20/2p29l-dht-preamp/,2p29l dht preamp,https://www.bartola.co.uk/valves/2017/05/20/2p29l-dht-preamp/,,project_page,,,1,4fc1b7634f7b20dc
s,https://www.bartola.co.uk/valves/2017/06/23/2%d0%b627%d0%bb-2z27l-dht-preamp/,2%d0%b627%d0%bb 2z27l dht preamp,https://www.bartola.co.uk/valves/2017/06/23/2%d0%b627%d0%bb-2z27l-dht-preamp/,,project_page,,,1,b0e8054f52a44a02
t,https://www.bartola.co.uk/valves/dht-pre-amplifier/01a-preamp-gen2/,01a preamp gen2,https://www.bartola.co.uk/valves/dht-pre-amplifier/01a-preamp-gen2/,,project_page,,,1,042b7a4a555f8627
u,https://www.bartola.co.uk/valves/2017/06/25/4p1l-4%d0%bf1%d0%bb-siberian-gen4-dht-preamplifier/,4p1l 4%d0%bf1%d0%bb siberian gen4 dht preamplifier,https://www.bartola.co.uk/valves/2017/06/25/4p1l-4%d0%bf1%d0%bb-siberian-gen4-dht-preamplifier/,,project_page,,,1,3c52c66dc2693f2b
v,https://www.bartola.co.uk/valves/dht-pre-amplifier/siberian-gen-3-4p1l-pre-amplifier/,Siberian gen 3 4p1l pre amplifier,https://www.bartola.co.uk/valves/dht-pre-amplifier/siberian-gen-3-4p1l-pre-amplifier/,,project_page,,,1,17642bc282355653
w,https://www.bartola.co.uk/valves/dht-pre-amplifier/26-dht-pre-amplifier-gen2/,26 dht pre amplifier gen2,https://www.bartola.co.uk/valves/dht-pre-amplifier/26-dht-pre-amplifier-gen2/,,project_page,,,1,75c73ff0b821d976
x,https://www.bartola.co.uk/valves/dht-pre-amplifier/71a-dht-pre-amplifier/,71a dht pre amplifier,https://www.bartola.co.uk/valves/dht-pre-amplifier/71a-dht-pre-amplifier/,,project_page,,,1,789aceaf7a5a0849
y,https://www.bartola.co.uk/valves/dht-pre-amplifier/26-dht-pre-amplifier-gen1/,26 dht pre amplifier gen1,https://www.bartola.co.uk/valves/dht-pre-amplifier/26-dht-pre-amplifier-gen1/,,project_page,,,1,819e7cdd5548807f
z,https://www.bartola.co.uk/valves/dht-pre-amplifier/26-dht-preamp-gen3-gyrator-version/,26 dht preamp gen3 gyrator version,https://www.bartola.co.uk/valves/dht-pre-amplifier/26-dht-preamp-gen3-gyrator-version/,,project_page,,,1,c2191b1ea785672d
