id,key,title,url,parent,role,year,month,pages,sha
0,https://www.worldradiohistory.com/Archive-Radio-Electronics/90s/1993/EN-1993-01.pdf,Radio-Electronics 1993-01,https://www.worldradiohistory.com/Archive-Radio-Electronics/90s/1993/EN-1993-01.pdf,,issue,1993,01,92,0ae6c1e815a5143f
1,https://www.worldradiohistory.com/Archive-Radio-Electronics/90s/1993/EN-1993-02.pdf,Radio-Electronics 1993-02,https://www.worldradiohistory.com/Archive-Radio-Electronics/90s/1993/EN-1993-02.pdf,,issue,1993,02,92,8f5719f263f074eb
10,https://www.worldradiohistory.com/Archive-Radio-Electronics/90s/1997/EN-1997-07.pdf,Radio-Electronics 1997-07,https://www.worldradiohistory.com/Archive-Radio-Electronics/90s/1997/EN-1997-07.pdf,,issue,1997,07,116,03e8947469932d17
11,https://www.worldradiohistory.com/Archive-Radio-Electronics/90s/1997/EN-1997-08.pdf,Radio-Electronics 1997-08,https://www.worldradiohistory.com/Archive-Radio-Electronics/90s/1997/EN-1997-08.pdf,,issue,1997,08,112,8dea77bcd5f414e6
12,https://www.worldradiohistory.com/Archive-Radio-Electronics/90s/1997/EN-1997-10.pdf,Radio-Electronics 1997-10,https://www.worldradiohistory.com/Archive-Radio-Electronics/90s/1997/EN-1997-10.pdf,,issue,1997,10,112,6fb76bb5b5443641
13,https://www.worldradiohistory.com/Archive-Radio-Electronics/90s/1997/EN-1997-12.pdf,Radio-Electronics 1997-12,https://www.worldradiohistory.com/Archive-Radio-Electronics/90s/1997/EN-1997-12.pdf,,issue,1997,12,108,7590197f61d85767
14,https://www.worldradiohistory.com/Archive-Radio-Electronics/90s/1998/EN-1998-01.pdf,Radio-Electronics 1998-01,https://www.worldradiohistory.com/Archive-Radio-Electronics/90s/1998/EN-1998-01.pdf,,issue,1998,01,116,9781d65e12264907
15,https://www.worldradiohistory.com/Archive-Radio-Electronics/90s/1998/EN-1998-02.pdf,Radio-Electronics 1998-02,https://www.worldradiohistory.com/Archive-Radio-Electronics/90s/1998/EN-1998-02.pdf,,issue,1998,02,100,52f12bf618070a07
16,https://www.worldradiohistory.com/Archive-Radio-Electronics/90s/1998/EN-1998-04.pdf,Radio-Electronics 1998-04,https://www.worldradiohistory.com/Archive-Radio-Electronics/90s/1998/EN-1998-04.pdf,,issue,1998,04,100,55779f20cd3bd3b2
17,https://www.worldradiohistory.com/Archive-Radio-Electronics/90s/1998/EN-1998-06.pdf,Radio-Electronics 1998-06,https://www.worldradiohistory.com/Archive-Radio-Electronics/90s/1998/EN-1998-06.pdf,,issue,1998,06,112,b96708a9c717cf10
18,https://www.worldradiohistory.com/Archive-Radio-Electronics/90s/1998/EN-1998-07.pdf,Radio-Electronics 1998-07,https://www.worldradiohistory.com/Archive-Radio-Electronics/90s/1998/EN-1998-07.pdf,,issue,1998,07,100,a42b1c4d2731616e
19,https://www.worldradiohistory.com/Archive-Radio-Electronics/90s/1998/EN-1998-08.pdf,Radio-Electronics 1998-08,https://www.worldradiohistory.com/Archive-Radio-Electronics/90s/1998/EN-1998-08.pdf,,issue,1998,08,100,20a639ef5bba2ffb
1a,https://www.worldradiohistory.com/Archive-Radio-Electronics/90s/1998/EN-1998-10.pdf,Radio-Electronics 1998-10,https://www.worldradiohistory.com/Archive-Radio-Electronics/90s/1998/EN-1998-10.pdf,,issue,1998,10,100,b72f394249cb9e45
1b,https://www.worldradiohistory.com/Archive-Radio-Electronics/90s/1998/EN-1998-12.pdf,Radio-Electronics 1998-12,https://www.worldradiohistory.com/Archive-Radio-Electronics/90s/1998/EN-1998-12.pdf,,issue,1998,12,100,6b3ef85d7996f361
1c,https://www.worldradiohistory.com/Archive-Radio-Electronics/Hands-On-Electronics-1984-Summer.pdf,Radio-Electronics 1984,https://www.worldradiohistory.com/Archive-Radio-Electronics/Hands-On-Electronics-1984-Summer.pdf,,issue,1984,,100,4cddbc6d8b833d33
1d,https://www.worldradiohistory.com/Archive-Radio-Electronics/90s/1999/RE-1999-01.pdf,Radio-Electronics 1999-01,https://www.worldradiohistory.com/Archive-Radio-Electronics/90s/1999/RE-1999-01.pdf,,issue,1999,01,100,bc4c37c72d915c83
1e,https://www.worldradiohistory.com/Archive-Radio-Electronics/90s/1999/RE-1999-02.pdf,Radio-Electronics 1999-02,https://www.worldradiohistory.com/Archive-Radio-Electronics/90s/1999/RE-1999-02.pdf,,issue,1999,02,92,a997faee97ca33c6
1f,https://www.worldradiohistory.com/Archive-Radio-Electronics/90s/1999/RE-1999-04.pdf,Radio-Electronics 1999-04,https://www.worldradiohistory.com/Archive-Radio-Electronics/90s/1999/RE-1999-04.pdf,,issue,1999,04,92,981b20d39a06bcba
1g,https://www.worldradiohistory.com/Archive-Radio-Electronics/90s/1999/RE-1999-06.pdf,Radio-Electronics 1999-06,https://www.worldradiohistory.com/Archive-Radio-Electronics/90s/1999/RE-1999-06.pdf,,issue,1999,06,92,dded350fcb67adb6
1h,https://www.worldradiohistory.com/Archive-Radio-Electronics/90s/1999/RE-1999-07.pdf,Radio-Electronics 1999-07,https://www.worldradiohistory.com/Archive-Radio-Electronics/90s/1999/RE-1999-07.pdf,,issue,1999,07,100,869313683758a730
1i,https://www.worldradiohistory.com/Archive-Radio-Electronics/90s/1999/RE-1999-08.pdf,Radio-Electronics 1999-08,https://www.worldradiohistory.com/Archive-Radio-Electronics/90s/1999/RE-1999-08.pdf,,issue,1999,08,108,15c443353fbf3e1d
1j,https://www.worldradiohistory.com/Archive-Radio-Electronics/90s/1999/RE-1999-10.pdf,Radio-Electronics 1999-10,https://www.worldradiohistory.com/Archive-Radio-Electronics/90s/1999/RE-1999-10.pdf,,issue,1999,10,92,86fd009b0728bbfb
1k,https://www.worldradiohistory.com/Archive-Radio-Electronics/90s/1999/RE-1999-12.pdf,Radio-Electronics 1999-12,https://www.worldradiohistory.com/Archive-Radio-Electronics/90s/1999/RE-1999-12.pdf,,issue,1999,12,100,c48864e549309b48
1l,https://www.worldradiohistory.com/Archive-Radio-Electronics/Specials/Radio-Electroincs-Experimenters-Handbook-1989.pdf,Radio-Electronics 1989,https://www.worldradiohistory.com/Archive-Radio-Electronics/Specials/Radio-Electroincs-Experimenters-Handbook-1989.pdf,,issue,1989,,168,3430205833eb5624
1m,https://www.worldradiohistory.com/Archive-Radio-Electronics/Radio-Electronics-101-Circuits-1949.pdf,Radio-Electronics 1949,https://www.worldradiohistory.com/Archive-Radio-Electronics/Radio-Electronics-101-Circuits-1949.pdf,,issue,1949,,52,44d9451282802874
1n,https://www.worldradiohistory.com/Archive-Radio-Electronics/40s/Radio-Electronics-1948-10.pdf,Radio-Electronics 1948-10,https://www.worldradiohistory.com/Archive-Radio-Electronics/40s/Radio-Electronics-1948-10.pdf,,issue,1948,10,100,0d8dcab8434101eb
1o,https://www.worldradiohistory.com/Archive-Radio-Electronics/40s/Radio-Electronics-1948-11.pdf,Radio-Electronics 1948-11,https://www.worldradiohistory.com/Archive-Radio-Electronics/40s/Radio-Electronics-1948-11.pdf,,issue,1948,11,100,b564a36ce4cc5c1b
1p,https://www.worldradiohistory.com/Archive-Radio-Electronics/40s/Radio-Electronics-1948-12.pdf,Radio-Electronics 1948-12,https://www.worldradiohistory.com/Archive-Radio-Electronics/40s/Radio-Electronics-1948-12.pdf,,issue,1948,12,98,604b1c07110d028d
1q,https://www.worldradiohistory.com/Archive-Radio-Electronics/40s/Radio-Electronics-1949-01.pdf,Radio-Electronics 1949-01,https://www.worldradiohistory.com/Archive-Radio-Electronics/40s/Radio-Electronics-1949-01.pdf,,issue,1949,01,100,ed27fd10bb48bfbd
1r,https://www.worldradiohistory.com/Archive-Radio-Electronics/40s/Radio-Electronics-1949-02.pdf,Radio-Electronics 1949-02,https://www.worldradiohistory.com/Archive-Radio-Electronics/40s/Radio-Electronics-1949-02.pdf,,issue,1949,02,98,1ea0e044183236be
1s,https://www.worldradiohistory.com/Archive-Radio-Electronics/40s/Radio-Electronics-1949-03.pdf,Radio-Electronics 1949-03,https://www.worldradiohistory.com/Archive-Radio-Electronics/40s/Radio-Electronics-1949-03.pdf,,issue,1949,03,140,afdf682e9103cb6b
1t,https://www.worldradiohistory.com/Archive-Radio-Electronics/40s/Radio-Electronics-1949-04.pdf,Radio-Electronics 1949-04,https://www.worldradiohistory.com/Archive-Radio-Electronics/40s/Radio-Electronics-1949-04.pdf,,issue,1949,04,100,6e31bb7f279ac96c
1u,https://www.worldradiohistory.com/Archive-Radio-Electronics/40s/Radio-Electronics-1949-05.pdf,Radio-Electronics 1949-05,https://www.worldradiohistory.com/Archive-Radio-Electronics/40s/Radio-Electronics-1949-05.pdf,,issue,1949,05,100,1f223fdc218f2684
1v,https://www.worldradiohistory.com/Archive-Radio-Electronics/40s/Radio-Electronics-1949-06.pdf,Radio-Electronics 1949-06,https://www.worldradiohistory.com/Archive-Radio-Electronics/40s/Radio-Electronics-1949-06.pdf,,issue,1949,06,100,38e8ad20ca111c00
1w,https://www.worldradiohistory.com/Archive-Radio-Electronics/40s/Radio-Electronics-1949-07.pdf,Radio-Electronics 1949-07,https://www.worldradiohistory.com/Archive-Radio-Electronics/40s/Radio-Electronics-1949-07.pdf,,issue,1949,07,84,1a424c2c0677447f
1x,https://www.worldradiohistory.com/Archive-Radio-Electronics/40s/Radio-Electronics-1949-08.pdf,Radio-Electronics 1949-08,https://www.worldradiohistory.com/Archive-Radio-Electronics/40s/Radio-Electronics-1949-08.pdf,,issue,1949,08,84,1949db3fd2567def
1y,https://www.worldradiohistory.com/Archive-Radio-Electronics/40s/Radio-Electronics-1949-09.pdf,Radio-Electronics 1949-09,https://www.worldradiohistory.com/Archive-Radio-Electronics/40s/Radio-Electronics-1949-09.pdf,,issue,1949,09,84,cb9f500ec2607d7d
1z,https://www.worldradiohistory.com/Archive-Radio-Electronics/40s/Radio-Electronics-1949-10.pdf,Radio-Electronics 1949-10,https://www.worldradiohistory.com/Archive-Radio-Electronics/40s/Radio-Electronics-1949-10.pdf,,issue,1949,10,100,27e356ab782f692d
2,https://www.worldradiohistory.com/Archive-Radio-Electronics/90s/1993/EN-1993-04.pdf,Radio-Electronics 1993-04,https://www.worldradiohistory.com/Archive-Radio-Electronics/90s/1993/EN-1993-04.pdf,,issue,1993,04,100,fb154a8aa2f203ca
20,https://www.worldradiohistory.com/Archive-Radio-Electronics/40s/Radio-Electronics-1949-11.pdf,Radio-Electronics 1949-11,https://www.worldradiohistory.com/Archive-Radio-Electronics/40s/Radio-Electronics-1949-11.pdf,,issue,1949,11,100,cdf9dd66c4092f10
21,https://www.worldradiohistory.com/Archive-Radio-Electronics/40s/Radio-Electronics-1949-12.pdf,Radio-Electronics 1949-12,https://www.worldradiohistory.com/Archive-Radio-Electronics/40s/Radio-Electronics-1949-12.pdf,,issue,1949,12,92,ae38d7e81ad8c71d
22,https://www.worldradiohistory.com/Archive-Radio-Electronics/50s/1950/Radio-Electronics-1950-01.pdf,Radio-Electronics 1950-01,https://www.worldradiohistory.com/Archive-Radio-Electronics/50s/1950/Radio-Electronics-1950-01.pdf,,issue,1950,01,144,d3248952e7119a3f
23,https://www.worldradiohistory.com/Archive-Radio-Electronics/50s/1950/Radio-Electronics-1950-02.pdf,Radio-Electronics 1950-02,https://www.worldradiohistory.com/Archive-Radio-Electronics/50s/1950/Radio-Electronics-1950-02.pdf,,issue,1950,02,98,1c4bcd306f585a48
24,https://www.worldradiohistory.com/Archive-Radio-Electronics/50s/1950/Radio-Electronics-1950-03.pdf,Radio-Electronics 1950-03,https://www.worldradiohistory.com/Archive-Radio-Electronics/50s/1950/Radio-Electronics-1950-03.pdf,,issue,1950,03,100,a522c20c1b9530ac
25,https://www.worldradiohistory.com/Archive-Radio-Electronics/50s/1950/Radio-Electronics-1950-04.pdf,Radio-Electronics 1950-04,https://www.worldradiohistory.com/Archive-Radio-Electronics/50s/1950/Radio-Electronics-1950-04.pdf,,issue,1950,04,100,2543a7a8867d846d
26,https://www.worldradiohistory.com/Archive-Radio-Electronics/50s/1950/Radio-Electronics-1950-05.pdf,Radio-Electronics 1950-05,https://www.worldradiohistory.com/Archive-Radio-Electronics/50s/1950/Radio-Electronics-1950-05.pdf,,issue,1950,05,116,3463803f76c5d377
27,https://www.worldradiohistory.com/Archive-Radio-Electronics/50s/1950/Radio-Electronics-1950-06.pdf,Radio-Electronics 1950-06,https://www.worldradiohistory.com/Archive-Radio-Electronics/50s/1950/Radio-Electronics-1950-06.pdf,,issue,1950,06,100,d7dcd1bdef80681d
28,https://www.worldradiohistory.com/Archive-Radio-Electronics/50s/1950/Radio-Electronics-1950-07.pdf,Radio-Electronics 1950-07,https://www.worldradiohistory.com/Archive-Radio-Electronics/50s/1950/Radio-Electronics-1950-07.pdf,,issue,1950,07,100,349b3861d7a55ec8
29,https://www.worldradiohistory.com/Archive-Radio-Electronics/50s/1950/Radio-Electronics-1950-08.pdf,Radio-Electronics 1950-08,https://www.worldradiohistory.com/Archive-Radio-Electronics/50s/1950/Radio-Electronics-1950-08.pdf,,issue,1950,08,82,a345c1d6c4ef6eed
2a,https://www.worldradiohistory.com/Archive-Radio-Electronics/50s/1950/Radio-Electronics-1950-09.pdf,Radio-Electronics 1950-09,https://www.worldradiohistory.com/Archive-Radio-Electronics/50s/1950/Radio-Electronics-1950-09.pdf,,issue,1950,09,100,56a8faa5d8ff301c
2b,https://www.worldradiohistory.com/Archive-Radio-Electronics/50s/1950/Radio-Electronics-1950-10.pdf,Radio-Electronics 1950-10,https://www.worldradiohistory.com/Archive-Radio-Electronics/50s/1950/Radio-Electronics-1950-10.pdf,,issue,1950,10,116,3a189d4b4e183411
2c,https://www.worldradiohistory.com/Archive-Radio-Electronics/50s/1950/Radio-Electronics-1950-11.pdf,Radio-Electronics 1950-11,https://www.worldradiohistory.com/Archive-Radio-Electronics/50s/1950/Radio-Electronics-1950-11.pdf,,issue,1950,11,112,d372b02fbf07e90e
2d,https://www.worldradiohistory.com/Archive-Radio-Electronics/50s/1950/Radio-Electronics-1950-12.pdf,Radio-Electronics 1950-12,https://www.worldradiohistory.com/Archive-Radio-Electronics/50s/1950/Radio-Electronics-1950-12.pdf,,issue,1950,12,96,7e5811d00f8fb4d1
2e,https://www.worldradiohistory.com/Archive-Radio-Electronics/50s/1951/Radio-Electronics-1951-01.pdf,Radio-Electronics 1951-01,https://www.worldradiohistory.com/Archive-Radio-Electronics/50s/1951/Radio-Electronics-1951-01.pdf,,issue,1951,01,152,d1eee7c6bcc7857a
2f,https://www.worldradiohistory.com/Archive-Radio-Electronics/50s/1951/Radio-Electronics-1951-02.pdf,Radio-Electronics 1951-02,https://www.worldradiohistory.com/Archive-Radio-Electronics/50s/1951/Radio-Electronics-1951-02.pdf,,issue,1951,02,116,ba472b69caf49922
2g,https://www.worldradiohistory.com/Archive-Radio-Electronics/50s/1951/Radio-Electronics-1951-03.pdf,Radio-Electronics 1951-03,https://www.worldradiohistory.com/Archive-Radio-Electronics/50s/1951/Radio-Electronics-1951-03.pdf,,issue,1951,03,100,45af1b679f276d55
2h,https://www.worldradiohistory.com/Archive-Radio-Electronics/50s/1951/Radio-Electronics-1951-04.pdf,Radio-Electronics 1951-04,https://www.worldradiohistory.com/Archive-Radio-Electronics/50s/1951/Radio-Electronics-1951-04.pdf,,issue,1951,04,116,57378ff21cdf0302
2i,https://www.worldradiohistory.com/Archive-Radio-Electronics/50s/1951/Radio-Electronics-1951-05.pdf,Radio-Electronics 1951-05,https://www.worldradiohistory.com/Archive-Radio-Electronics/50s/1951/Radio-Electronics-1951-05.pdf,,issue,1951,05,134,a1e3eb69b15b8d0f
2j,https://www.worldradiohistory.com/Archive-Radio-Electronics/50s/1951/Radio-Electronics-1951-06.pdf,Radio-Electronics 1951-06,https://www.worldradiohistory.com/Archive-Radio-Electronics/50s/1951/Radio-Electronics-1951-06.pdf,,issue,1951,06,116,3f9c237d3e81aeaa
2k,https://www.worldradiohistory.com/Archive-Radio-Electronics/50s/1951/Radio-Electronics-1951-07.pdf,Radio-Electronics 1951-07,https://www.worldradiohistory.com/Archive-Radio-Electronics/50s/1951/Radio-Electronics-1951-07.pdf,,issue,1951,07,100,19cb1365658acc4b
2l,https://www.worldradiohistory.com/Archive-Radio-Electronics/50s/1951/Radio-Electronics-1951-08.pdf,Radio-Electronics 1951-08,https://www.worldradiohistory.com/Archive-Radio-Electronics/50s/1951/Radio-Electronics-1951-08.pdf,,issue,1951,08,100,f0959973ee277c81
2m,https://www.worldradiohistory.com/Archive-Radio-Electronics/50s/1951/Radio-Electronics-1951-09.pdf,Radio-Electronics 1951-09,https://www.worldradiohistory.com/Archive-Radio-Electronics/50s/1951/Radio-Electronics-1951-09.pdf,,issue,1951,09,134,9d7cdd26d67ceefe
2n,https://www.worldradiohistory.com/Archive-Radio-Electronics/50s/1951/Radio-Electronics-1951-10.pdf,Radio-Electronics 1951-10,https://www.worldradiohistory.com/Archive-Radio-Electronics/50s/1951/Radio-Electronics-1951-10.pdf,,issue,1951,10,132,e1261fc350f94b83
2o,https://www.worldradiohistory.com/Archive-Radio-Electronics/50s/1951/Radio-Electronics-1951-11.pdf,Radio-Electronics 1951-11,https://www.worldradiohistory.com/Archive-Radio-Electronics/50s/1951/Radio-Electronics-1951-11.pdf,,issue,1951,11,132,1f0076fe15d24e3c
2p,https://www.worldradiohistory.com/Archive-Radio-Electronics/50s/1951/Radio-Electronics-1951-12.pdf,Radio-Electronics 1951-12,https://www.worldradiohistory.com/Archive-Radio-Electronics/50s/1951/Radio-Electronics-1951-12.pdf,,issue,1951,12,116,79eb98442faf8232
2q,https://www.worldradiohistory.com/Archive-Radio-Electronics/50s/1952/Radio-Electronics-1952-01.pdf,Radio-Electronics 1952-01,https://www.worldradiohistory.com/Archive-Radio-Electronics/50s/1952/Radio-Electronics-1952-01.pdf,,issue,1952,01,166,d51034d57a50c12b
2r,https://www.worldradiohistory.com/Archive-Radio-Electronics/50s/1952/Radio-Electronics-1952-02.pdf,Radio-Electronics 1952-02,https://www.worldradiohistory.com/Archive-Radio-Electronics/50s/1952/Radio-Electronics-1952-02.pdf,,issue,1952,02,132,d03dc405d4f631b1
2s,https://www.worldradiohistory.com/Archive-Radio-Electronics/50s/1952/Radio-Electronics-1952-03.pdf,Radio-Electronics 1952-03,https://www.worldradiohistory.com/Archive-Radio-Electronics/50s/1952/Radio-Electronics-1952-03.pdf,,issue,1952,03,140,911e3ef27aaef20e
2t,https://www.worldradiohistory.com/Archive-Radio-Electronics/50s/1952/Radio-Electronics-1952-04.pdf,Radio-Electronics 1952-04,https://www.worldradiohistory.com/Archive-Radio-Electronics/50s/1952/Radio-Electronics-1952-04.pdf,,issue,1952,04,130,3e93656d30463372
2u,https://www.worldradiohistory.com/Archive-Radio-Electronics/50s/1952/Radio-Electronics-1952-05.pdf,Radio-Electronics 1952-05,https://www.worldradiohistory.com/Archive-Radio-Electronics/50s/1952/Radio-Electronics-1952-05.pdf,,issue,1952,05,146,bb2ed1bf4ec112b9
2v,https://www.worldradiohistory.com/Archive-Radio-Electronics/50s/1952/Radio-Electronics-1952-06.pdf,Radio-Electronics 1952-06,https://www.worldradiohistory.com/Archive-Radio-Electronics/50s/1952/Radio-Electronics-1952-06.pdf,,issue,1952,06,116,af394089627ce158
2w,https://www.worldradiohistory.com/Archive-Radio-Electronics/50s/1952/Radio-Electronics-1952-07.pdf,Radio-Electronics 1952-07,https://www.worldradiohistory.com/Archive-Radio-Electronics/50s/1952/Radio-Electronics-1952-07.pdf,,issue,1952,07,116,7051b6f65bb261ee
2x,https://www.worldradiohistory.com/Archive-Radio-Electronics/50s/1952/Radio-Electronics-1952-08.pdf,Radio-Electronics 1952-08,https://www.worldradiohistory.com/Archive-Radio-Electronics/50s/1952/Radio-Electronics-1952-08.pdf,,issue,1952,08,90,2e99156a0354ba32
2y,https://www.worldradiohistory.com/Archive-Radio-Electronics/50s/1952/Radio-Electronics-1952-09.pdf,Radio-Electronics 1952-09,https://www.worldradiohistory.com/Archive-Radio-Electronics/50s/1952/Radio-Electronics-1952-09.pdf,,issue,1952,09,128,7a7b3f9d48883a80
2z,https://www.worldradiohistory.com/Archive-Radio-Electronics/50s/1952/Radio-Electronics-1952-10.pdf,Radio-Electronics 1952-10,https://www.worldradiohistory.com/Archive-Radio-Electronics/50s/1952/Radio-Electronics-1952-10.pdf,,issue,1952,10,150,b903e7ea0d00d361
3,https://www.worldradiohistory.com/Archive-Radio-Electronics/90s/1993/EN-1993-06.pdf,Radio-Electronics 1993-06,https://www.worldradiohistory.com/Archive-Radio-Electronics/90s/1993/EN-1993-06.pdf,,issue,1993,06,92,72c7b9ab71f36148
30,https://www.worldradiohistory.com/Archive-Radio-Electronics/50s/1952/Radio-Electronics-1952-11.pdf,Radio-Electronics 1952-11,https://www.worldradiohistory.com/Archive-Radio-Electronics/50s/1952/Radio-Electronics-1952-11.pdf,,issue,1952,11,142,4b3877bc57469275
31,https://www.worldradiohistory.com/Archive-Radio-Electronics/50s/1952/Radio-Electronics-1952-12.pdf,Radio-Electronics 1952-12,https://www.worldradiohistory.com/Archive-Radio-Electronics/50s/1952/Radio-Electronics-1952-12.pdf,,issue,1952,12,134,fa799db6555f3ac9
32,https://www.worldradiohistory.com/Archive-Radio-Electronics/50s/1953/Radio-Electronics-1953-01.pdf,Radio-Electronics 1953-01,https://www.worldradiohistory.com/Archive-Radio-Electronics/50s/1953/Radio-Electronics-1953-01.pdf,,issue,1953,01,180,0c1fc67a73d9f6e2
33,https://www.worldradiohistory.com/Archive-Radio-Electronics/50s/1953/Radio-Electronics-1953-02.pdf,Radio-Electronics 1953-02,https://www.worldradiohistory.com/Archive-Radio-Electronics/50s/1953/Radio-Electronics-1953-02.pdf,,issue,1953,02,128,03ad62046c9fb96a
34,https://www.worldradiohistory.com/Archive-Radio-Electronics/50s/1953/Radio-Electronics-1953-03.pdf,Radio-Electronics 1953-03,https://www.worldradiohistory.com/Archive-Radio-Electronics/50s/1953/Radio-Electronics-1953-03.pdf,,issue,1953,03,148,57d3db46737e3108
35,https://www.worldradiohistory.com/Archive-Radio-Electronics/50s/1953/Radio-Electronics-1953-04.pdf,Radio-Electronics 1953-04,https://www.worldradiohistory.com/Archive-Radio-Electronics/50s/1953/Radio-Electronics-1953-04.pdf,,issue,1953,04,142,8c9918cb7781985a
36,https://www.worldradiohistory.com/Archive-Radio-Electronics/50s/1953/Radio-Electronics-1953-05.pdf,Radio-Electronics 1953-05,https://www.worldradiohistory.com/Archive-Radio-Electronics/50s/1953/Radio-Electronics-1953-05.pdf,,issue,1953,05,112,89a3b100fc9accd1
37,https://www.worldradiohistory.com/Archive-Radio-Electronics/50s/1953/Radio-Electronics-1953-06.pdf,Radio-Electronics 1953-06,https://www.worldradiohistory.com/Archive-Radio-Electronics/50s/1953/Radio-Electronics-1953-06.pdf,,issue,1953,06,120,ae5758863a1148f9
38,https://www.worldradiohistory.com/Archive-Radio-Electronics/50s/1953/Radio-Electronics-1953-07.pdf,Radio-Electronics 1953-07,https://www.worldradiohistory.com/Archive-Radio-Electronics/50s/1953/Radio-Electronics-1953-07.pdf,,issue,1953,07,116,2f7d6285cc67eece
39,https://www.worldradiohistory.com/Archive-Radio-Electronics/50s/1953/Radio-Electronics-1953-08.pdf,Radio-Electronics 1953-08,https://www.worldradiohistory.com/Archive-Radio-Electronics/50s/1953/Radio-Electronics-1953-08.pdf,,issue,1953,08,116,9d53b8d3461ca4f2
3a,https://www.worldradiohistory.com/Archive-Radio-Electronics/50s/1953/Radio-Electronics-1953-09.pdf,Radio-Electronics 1953-09,https://www.worldradiohistory.com/Archive-Radio-Electronics/50s/1953/Radio-Electronics-1953-09.pdf,,issue,1953,09,162,c8be6b137437efb2
3b,https://www.worldradiohistory.com/Archive-Radio-Electronics/50s/1953/Radio-Electronics-1953-10.pdf,Radio-Electronics 1953-10,https://www.worldradiohistory.com/Archive-Radio-Electronics/50s/1953/Radio-Electronics-1953-10.pdf,,issue,1953,10,174,b96534ed1d87aa7e
3c,https://www.worldradiohistory.com/Archive-Radio-Electronics/50s/1953/Radio-Electronics-1953-11.pdf,Radio-Electronics 1953-11,https://www.worldradiohistory.com/Archive-Radio-Electronics/50s/1953/Radio-Electronics-1953-11.pdf,,issue,1953,11,150,ab13dad45dc8e62e
3d,https://www.worldradiohistory.com/Archive-Radio-Electronics/50s/1953/Radio-Electronics-1953-12.pdf,Radio-Electronics 1953-12,https://www.worldradiohistory.com/Archive-Radio-Electronics/50s/1953/Radio-Electronics-1953-12.pdf,,issue,1953,12,154,7029a21e20c0eff7
3e,https://www.worldradiohistory.com/Archive-Radio-Electronics/50s/1954/Radio-Electronics-1954-01.pdf,Radio-Electronics 1954-01,https://www.worldradiohistory.com/Archive-Radio-Electronics/50s/1954/Radio-Electronics-1954-01.pdf,,issue,1954,01,196,92fc6484699c6246
3f,https://www.worldradiohistory.com/Archive-Radio-Electronics/50s/1954/Radio-Electronics-1954-02.pdf,Radio-Electronics 1954-02,https://www.worldradiohistory.com/Archive-Radio-Electronics/50s/1954/Radio-Electronics-1954-02.pdf,,issue,1954,02,150,82c5f35ba2eaf760
3g,https://www.worldradiohistory.com/Archive-Radio-Electronics/50s/1954/Radio-Electronics-1954-03.pdf,Radio-Electronics 1954-03,https://www.worldradiohistory.com/Archive-Radio-Electronics/50s/1954/Radio-Electronics-1954-03.pdf,,issue,1954,03,156,c9d52b177f46a5b3
3h,https://www.worldradiohistory.com/Archive-Radio-Electronics/50s/1954/Radio-Electronics-1954-04.pdf,Radio-Electronics 1954-04,https://www.worldradiohistory.com/Archive-Radio-Electronics/50s/1954/Radio-Electronics-1954-04.pdf,,issue,1954,04,132,a7bf31c97485f42f
3i,https://www.worldradiohistory.com/Archive-Radio-Electronics/50s/1954/Radio-Electronics-1954-05.pdf,Radio-Electronics 1954-05,https://www.worldradiohistory.com/Archive-Radio-Electronics/50s/1954/Radio-Electronics-1954-05.pdf,,issue,1954,05,158,698b11dec4f04fca
3j,https://www.worldradiohistory.com/Archive-Radio-Electronics/50s/1954/Radio-Electronics-1954-06.pdf,Radio-Electronics 1954-06,https://www.worldradiohistory.com/Archive-Radio-Electronics/50s/1954/Radio-Electronics-1954-06.pdf,,issue,1954,06,132,4e59d5ff3fce1594
3k,https://www.worldradiohistory.com/Archive-Radio-Electronics/50s/1954/Radio-Electronics-1954-07.pdf,Radio-Electronics 1954-07,https://www.worldradiohistory.com/Archive-Radio-Electronics/50s/1954/Radio-Electronics-1954-07.pdf,,issue,1954,07,130,4075ce257c5cbecb
3l,https://www.worldradiohistory.com/Archive-Radio-Electronics/50s/1954/Radio-Electronics-1954-08.pdf,Radio-Electronics 1954-08,https://www.worldradiohistory.com/Archive-Radio-Electronics/50s/1954/Radio-Electronics-1954-08.pdf,,issue,1954,08,132,823ab1ad06856470
3m,https://www.worldradiohistory.com/Archive-Radio-Electronics/50s/1954/Radio-Electronics-1954-09.pdf,Radio-Electronics 1954-09,https://www.worldradiohistory.com/Archive-Radio-Electronics/50s/1954/Radio-Electronics-1954-09.pdf,,issue,1954,09,154,8645f4854a1b4721
3n,https://www.worldradiohistory.com/Archive-Radio-Electronics/50s/1954/Radio-Electronics-1954-10.pdf,Radio-Electronics 1954-10,https://www.worldradiohistory.com/Archive-Radio-Electronics/50s/1954/Radio-Electronics-1954-10.pdf,,issue,1954,10,148,c6bf2c4f40bf11cf
3o,https://www.worldradiohistory.com/Archive-Radio-Electronics/50s/1954/Radio-Electronics-1954-11.pdf,Radio-Electronics 1954-11,https://www.worldradiohistory.com/Archive-Radio-Electronics/50s/1954/Radio-Electronics-1954-11.pdf,,issue,1954,11,156,5b2035a5e3f57be3
3p,https://www.worldradiohistory.com/Archive-Radio-Electronics/50s/1954/Radio-Electronics-1954-12.pdf,Radio-Electronics 1954-12,https://www.worldradiohistory.com/Archive-Radio-Electronics/50s/1954/Radio-Electronics-1954-12.pdf,,issue,1954,12,150,442a90b5e8f399dd
3q,https://www.worldradiohistory.com/Archive-Radio-Electronics/50s/1955/Radio-Electronics-1955-01.pdf,Radio-Electronics 1955-01,https://www.worldradiohistory.com/Archive-Radio-Electronics/50s/1955/Radio-Electronics-1955-01.pdf,,issue,1955,01,184,e84e9c1ffdd073ba
3r,https://www.worldradiohistory.com/Archive-Radio-Electronics/50s/1955/Radio-Electronics-1955-02.pdf,Radio-Electronics 1955-02,https://www.worldradiohistory.com/Archive-Radio-Electronics/50s/1955/Radio-Electronics-1955-02.pdf,,issue,1955,02,150,a56ff4a4851d5216
3s,https://www.worldradiohistory.com/Archive-Radio-Electronics/50s/1955/Radio-Electronics-1955-03.pdf,Radio-Electronics 1955-03,https://www.worldradiohistory.com/Archive-Radio-Electronics/50s/1955/Radio-Electronics-1955-03.pdf,,issue,1955,03,164,cfaabddd4501b387
3t,https://www.worldradiohistory.com/Archive-Radio-Electronics/50s/1955/Radio-Electronics-1955-04.pdf,Radio-Electronics 1955-04,https://www.worldradiohistory.com/Archive-Radio-Electronics/50s/1955/Radio-Electronics-1955-04.pdf,,issue,1955,04,146,960ae839d399e239
3u,https://www.worldradiohistory.com/Archive-Radio-Electronics/50s/1955/Radio-Electronics-1955-05.pdf,Radio-Electronics 1955-05,https://www.worldradiohistory.com/Archive-Radio-Electronics/50s/1955/Radio-Electronics-1955-05.pdf,,issue,1955,05,158,af6b819f5c454ce5
3v,https://www.worldradiohistory.com/Archive-Radio-Electronics/50s/1955/Radio-Electronics-1955-06.pdf,Radio-Electronics 1955-06,https://www.worldradiohistory.com/Archive-Radio-Electronics/50s/1955/Radio-Electronics-1955-06.pdf,,issue,1955,06,132,3bec519538bb2c2e
3w,https://www.worldradiohistory.com/Archive-Radio-Electronics/50s/1955/Radio-Electronics-1955-07.pdf,Radio-Electronics 1955-07,https://www.worldradiohistory.com/Archive-Radio-Electronics/50s/1955/Radio-Electronics-1955-07.pdf,,issue,1955,07,124,260b68f957254401
3x,https://www.worldradiohistory.com/Archive-Radio-Electronics/50s/1955/Radio-Electronics-1955-08.pdf,Radio-Electronics 1955-08,https://www.worldradiohistory.com/Archive-Radio-Electronics/50s/1955/Radio-Electronics-1955-08.pdf,,issue,1955,08,128,a1f0bdf6fb405793
3y,https://www.worldradiohistory.com/Archive-Radio-Electronics/50s/1955/Radio-Electronics-1955-09.pdf,Radio-Electronics 1955-09,https://www.worldradiohistory.com/Archive-Radio-Electronics/50s/1955/Radio-Electronics-1955-09.pdf,,issue,1955,09,168,f95180d3c1a6c60d
3z,https://www.worldradiohistory.com/Archive-Radio-Electronics/50s/1955/Radio-Electronics-1955-10.pdf,Radio-Electronics 1955-10,https://www.worldradiohistory.com/Archive-Radio-Electronics/50s/1955/Radio-Electronics-1955-10.pdf,,issue,1955,10,166,cf829ca3fe40033f
4,https://www.worldradiohistory.com/Archive-Radio-Electronics/90s/1993/EN-1993-07.pdf,Radio-Electronics 1993-07,https://www.worldradiohistory.com/Archive-Radio-Electronics/90s/1993/EN-1993-07.pdf,,issue,1993,07,168,aa0182b790cefcdd
40,https://www.worldradiohistory.com/Archive-Radio-Electronics/50s/1955/Radio-Electronics-1955-11.pdf,Radio-Electronics 1955-11,https://www.worldradiohistory.com/Archive-Radio-Electronics/50s/1955/Radio-Electronics-1955-11.pdf,,issue,1955,11,168,c08224fb324e9fbe
41,https://www.worldradiohistory.com/Archive-Radio-Electronics/50s/1955/Radio-Electronics-1955-12.pdf,Radio-Electronics 1955-12,https://www.worldradiohistory.com/Archive-Radio-Electronics/50s/1955/Radio-Electronics-1955-12.pdf,,issue,1955,12,166,838ef113a046404a
42,https://www.worldradiohistory.com/Archive-Radio-Electronics/50s/1956/Radio-Electronics-1956-01.pdf,Radio-Electronics 1956-01,https://www.worldradiohistory.com/Archive-Radio-Electronics/50s/1956/Radio-Electronics-1956-01.pdf,,issue,1956,01,202,06982377197f42e8
43,https://www.worldradiohistory.com/Archive-Radio-Electronics/50s/1956/Radio-Electronics-1956-02.pdf,Radio-Electronics 1956-02,https://www.worldradiohistory.com/Archive-Radio-Electronics/50s/1956/Radio-Electronics-1956-02.pdf,,issue,1956,02,150,837c0de250d7cb02
44,https://www.worldradiohistory.com/Archive-Radio-Electronics/50s/1956/Radio-Electronics-1956-03.pdf,Radio-Electronics 1956-03,https://www.worldradiohistory.com/Archive-Radio-Electronics/50s/1956/Radio-Electronics-1956-03.pdf,,issue,1956,03,166,dbf43ec609368652
45,https://www.worldradiohistory.com/Archive-Radio-Electronics/50s/1956/Radio-Electronics-1956-04.pdf,Radio-Electronics 1956-04,https://www.worldradiohistory.com/Archive-Radio-Electronics/50s/1956/Radio-Electronics-1956-04.pdf,,issue,1956,04,148,249980fa8e7b5bcc
46,https://www.worldradiohistory.com/Archive-Radio-Electronics/50s/1956/Radio-Electronics-1956-05.pdf,Radio-Electronics 1956-05,https://www.worldradiohistory.com/Archive-Radio-Electronics/50s/1956/Radio-Electronics-1956-05.pdf,,issue,1956,05,156,7d79c2c71e0094da
47,https://www.worldradiohistory.com/Archive-Radio-Electronics/50s/1956/Radio-Electronics-1956-06.pdf,Radio-Electronics 1956-06,https://www.worldradiohistory.com/Archive-Radio-Electronics/50s/1956/Radio-Electronics-1956-06.pdf,,issue,1956,06,132,35fdf5d5ec402c84
48,https://www.worldradiohistory.com/Archive-Radio-Electronics/50s/1956/Radio-Electronics-1956-07.pdf,Radio-Electronics 1956-07,https://www.worldradiohistory.com/Archive-Radio-Electronics/50s/1956/Radio-Electronics-1956-07.pdf,,issue,1956,07,130,4dbb182d6e38b94d
49,https://www.worldradiohistory.com/Archive-Radio-Electronics/50s/1956/Radio-Electronics-1956-08.pdf,Radio-Electronics 1956-08,https://www.worldradiohistory.com/Archive-Radio-Electronics/50s/1956/Radio-Electronics-1956-08.pdf,,issue,1956,08,124,36c291e941db82fd
4a,https://www.worldradiohistory.com/Archive-Radio-Electronics/50s/1956/Radio-Electronics-1956-09.pdf,Radio-Electronics 1956-09,https://www.worldradiohistory.com/Archive-Radio-Electronics/50s/1956/Radio-Electronics-1956-09.pdf,,issue,1956,09,162,7d591635e3a19c7b
4b,https://www.worldradiohistory.com/Archive-Radio-Electronics/50s/1956/Radio-Electronics-1956-10.pdf,Radio-Electronics 1956-10,https://www.worldradiohistory.com/Archive-Radio-Electronics/50s/1956/Radio-Electronics-1956-10.pdf,,issue,1956,10,162,3e787804efec2f5d
4c,https://www.worldradiohistory.com/Archive-Radio-Electronics/50s/1956/Radio-Electronics-1956-11.pdf,Radio-Electronics 1956-11,https://www.worldradiohistory.com/Archive-Radio-Electronics/50s/1956/Radio-Electronics-1956-11.pdf,,issue,1956,11,160,8ea4408e68a953ff
4d,https://www.worldradiohistory.com/Archive-Radio-Electronics/50s/1956/Radio-Electronics-1956-12.pdf,Radio-Electronics 1956-12,https://www.worldradiohistory.com/Archive-Radio-Electronics/50s/1956/Radio-Electronics-1956-12.pdf,,issue,1956,12,166,039327ef71a31c71
4e,https://www.worldradiohistory.com/Archive-Radio-Electronics/50s/1957/Radio-Electronics-1957-01.pdf,Radio-Electronics 1957-01,https://www.worldradiohistory.com/Archive-Radio-Electronics/50s/1957/Radio-Electronics-1957-01.pdf,,issue,1957,01,200,75743a43ba61b4a3
4f,https://www.worldradiohistory.com/Archive-Radio-Electronics/50s/1957/Radio-Electronics-1957-02.pdf,Radio-Electronics 1957-02,https://www.worldradiohistory.com/Archive-Radio-Electronics/50s/1957/Radio-Electronics-1957-02.pdf,,issue,1957,02,150,5f3fc33a808e2b91
4g,https://www.worldradiohistory.com/Archive-Radio-Electronics/50s/1957/Radio-Electronics-1957-03.pdf,Radio-Electronics 1957-03,https://www.worldradiohistory.com/Archive-Radio-Electronics/50s/1957/Radio-Electronics-1957-03.pdf,,issue,1957,03,154,3b35ee5391312d57
4h,https://www.worldradiohistory.com/Archive-Radio-Electronics/50s/1957/Radio-Electronics-1957-04.pdf,Radio-Electronics 1957-04,https://www.worldradiohistory.com/Archive-Radio-Electronics/50s/1957/Radio-Electronics-1957-04.pdf,,issue,1957,04,150,5bedfe6161f6f8cb
4i,https://www.worldradiohistory.com/Archive-Radio-Electronics/50s/1957/Radio-Electronics-1957-05.pdf,Radio-Electronics 1957-05,https://www.worldradiohistory.com/Archive-Radio-Electronics/50s/1957/Radio-Electronics-1957-05.pdf,,issue,1957,05,154,9da3cb4dfdedc060
4j,https://www.worldradiohistory.com/Archive-Radio-Electronics/50s/1957/Radio-Electronics-1957-06.pdf,Radio-Electronics 1957-06,https://www.worldradiohistory.com/Archive-Radio-Electronics/50s/1957/Radio-Electronics-1957-06.pdf,,issue,1957,06,140,f90cf55f8e24939d
4k,https://www.worldradiohistory.com/Archive-Radio-Electronics/50s/1957/Radio-Electronics-1957-07.pdf,Radio-Electronics 1957-07,https://www.worldradiohistory.com/Archive-Radio-Electronics/50s/1957/Radio-Electronics-1957-07.pdf,,issue,1957,07,132,3b5d9dddb5cccbfc
4l,https://www.worldradiohistory.com/Archive-Radio-Electronics/50s/1957/Radio-Electronics-1957-08.pdf,Radio-Electronics 1957-08,https://www.worldradiohistory.com/Archive-Radio-Electronics/50s/1957/Radio-Electronics-1957-08.pdf,,issue,1957,08,140,b2dc03e07a892ac9
4m,https://www.worldradiohistory.com/Archive-Radio-Electronics/50s/1957/Radio-Electronics-1957-09.pdf,Radio-Electronics 1957-09,https://www.worldradiohistory.com/Archive-Radio-Electronics/50s/1957/Radio-Electronics-1957-09.pdf,,issue,1957,09,168,aa19e5b5a0f6a585
4n,https://www.worldradiohistory.com/Archive-Radio-Electronics/50s/1957/Radio-Electronics-1957-10.pdf,Radio-Electronics 1957-10,https://www.worldradiohistory.com/Archive-Radio-Electronics/50s/1957/Radio-Electronics-1957-10.pdf,,issue,1957,10,182,ccfb6d98c5de2fe6
4o,https://www.worldradiohistory.com/Archive-Radio-Electronics/50s/1957/Radio-Electronics-1957-11.pdf,Radio-Electronics 1957-11,https://www.worldradiohistory.com/Archive-Radio-Electronics/50s/1957/Radio-Electronics-1957-11.pdf,,issue,1957,11,168,d1260511df008c30
4p,https://www.worldradiohistory.com/Archive-Radio-Electronics/50s/1957/Radio-Electronics-1957-12.pdf,Radio-Electronics 1957-12,https://www.worldradiohistory.com/Archive-Radio-Electronics/50s/1957/Radio-Electronics-1957-12.pdf,,issue,1957,12,162,d562d3d3691c36b5
4q,https://www.worldradiohistory.com/Archive-Radio-Electronics/50s/1958/Radio-Electronics-1958-01.pdf,Radio-Electronics 1958-01,https://www.worldradiohistory.com/Archive-Radio-Electronics/50s/1958/Radio-Electronics-1958-01.pdf,,issue,1958,01,160,d88647a1dfb6697a
4r,https://www.worldradiohistory.com/Archive-Radio-Electronics/50s/1958/Radio-Electronics-1958-02.pdf,Radio-Electronics 1958-02,https://www.worldradiohistory.com/Archive-Radio-Electronics/50s/1958/Radio-Electronics-1958-02.pdf,,issue,1958,02,156,73c15be1167ffb0d
4s,https://www.worldradiohistory.com/Archive-Radio-Electronics/50s/1958/Radio-Electronics-1958-03.pdf,Radio-Electronics 1958-03,https://www.worldradiohistory.com/Archive-Radio-Electronics/50s/1958/Radio-Electronics-1958-03.pdf,,issue,1958,03,158,88f9b28af317d236
4t,https://www.worldradiohistory.com/Archive-Radio-Electronics/50s/1958/Radio-Electronics-1958-04.pdf,Radio-Electronics 1958-04,https://www.worldradiohistory.com/Archive-Radio-Electronics/50s/1958/Radio-Electronics-1958-04.pdf,,issue,1958,04,154,587e2881ffce415e
4u,https://www.worldradiohistory.com/Archive-Radio-Electronics/50s/1958/Radio-Electronics-1958-05.pdf,Radio-Electronics 1958-05,https://www.worldradiohistory.com/Archive-Radio-Electronics/50s/1958/Radio-Electronics-1958-05.pdf,,issue,1958,05,154,c18b4ace7b1d7faf
4v,https://www.worldradiohistory.com/Archive-Radio-Electronics/50s/1958/Radio-Electronics-1958-06.pdf,Radio-Electronics 1958-06,https://www.worldradiohistory.com/Archive-Radio-Electronics/50s/1958/Radio-Electronics-1958-06.pdf,,issue,1958,06,110,a8ab5d6aef25dc03
4w,https://www.worldradiohistory.com/Archive-Radio-Electronics/50s/1958/Radio-Electronics-1958-07.pdf,Radio-Electronics 1958-07,https://www.worldradiohistory.com/Archive-Radio-Electronics/50s/1958/Radio-Electronics-1958-07.pdf,,issue,1958,07,122,42c2869e0d9d371f
4x,https://www.worldradiohistory.com/Archive-Radio-Electronics/50s/1958/Radio-Electronics-1958-08.pdf,Radio-Electronics 1958-08,https://www.worldradiohistory.com/Archive-Radio-Electronics/50s/1958/Radio-Electronics-1958-08.pdf,,issue,1958,08,120,152a6caf78c32e71
4y,https://www.worldradiohistory.com/Archive-Radio-Electronics/50s/1958/Radio-Electronics-1958-09.pdf,Radio-Electronics 1958-09,https://www.worldradiohistory.com/Archive-Radio-Electronics/50s/1958/Radio-Electronics-1958-09.pdf,,issue,1958,09,140,4090bae37cc48761
4z,https://www.worldradiohistory.com/Archive-Radio-Electronics/50s/1958/Radio-Electronics-1958-10.pdf,Radio-Electronics 1958-10,https://www.worldradiohistory.com/Archive-Radio-Electronics/50s/1958/Radio-Electronics-1958-10.pdf,,issue,1958,10,158,8e33cf508f907df9
5,https://www.worldradiohistory.com/Archive-Radio-Electronics/90s/1993/EN-1993-08.pdf,Radio-Electronics 1993-08,https://www.worldradiohistory.com/Archive-Radio-Electronics/90s/1993/EN-1993-08.pdf,,issue,1993,08,94,c660eec5f1b01b08
50,https://www.worldradiohistory.com/Archive-Radio-Electronics/50s/1958/Radio-Electronics-1958-11.pdf,Radio-Electronics 1958-11,https://www.worldradiohistory.com/Archive-Radio-Electronics/50s/1958/Radio-Electronics-1958-11.pdf,,issue,1958,11,150,b4123d62aa44aff7
51,https://www.worldradiohistory.com/Archive-Radio-Electronics/50s/1958/Radio-Electronics-1958-12.pdf,Radio-Electronics 1958-12,https://www.worldradiohistory.com/Archive-Radio-Electronics/50s/1958/Radio-Electronics-1958-12.pdf,,issue,1958,12,156,4a793ee5875152da
52,https://www.worldradiohistory.com/Archive-Radio-Electronics/50s/1959/Radio-Electronics-1959-01.pdf,Radio-Electronics 1959-01,https://www.worldradiohistory.com/Archive-Radio-Electronics/50s/1959/Radio-Electronics-1959-01.pdf,,issue,1959,01,152,871b02c1cb1f3244
53,https://www.worldradiohistory.com/Archive-Radio-Electronics/50s/1959/Radio-Electronics-1959-02.pdf,Radio-Electronics 1959-02,https://www.worldradiohistory.com/Archive-Radio-Electronics/50s/1959/Radio-Electronics-1959-02.pdf,,issue,1959,02,158,f8e49ed20b7a8739
54,https://www.worldradiohistory.com/Archive-Radio-Electronics/50s/1959/Radio-Electronics-1959-03.pdf,Radio-Electronics 1959-03,https://www.worldradiohistory.com/Archive-Radio-Electronics/50s/1959/Radio-Electronics-1959-03.pdf,,issue,1959,03,164,1024a72d4d27422e
55,https://www.worldradiohistory.com/Archive-Radio-Electronics/50s/1959/Radio-Electronics-1959-04.pdf,Radio-Electronics 1959-04,https://www.worldradiohistory.com/Archive-Radio-Electronics/50s/1959/Radio-Electronics-1959-04.pdf,,issue,1959,04,142,77d79a6d68f74fb1
56,https://www.worldradiohistory.com/Archive-Radio-Electronics/50s/1959/Radio-Electronics-1959-05.pdf,Radio-Electronics 1959-05,https://www.worldradiohistory.com/Archive-Radio-Electronics/50s/1959/Radio-Electronics-1959-05.pdf,,issue,1959,05,140,2ea00452fb1ddc80
57,https://www.worldradiohistory.com/Archive-Radio-Electronics/50s/1959/Radio-Electronics-1959-06.pdf,Radio-Electronics 1959-06,https://www.worldradiohistory.com/Archive-Radio-Electronics/50s/1959/Radio-Electronics-1959-06.pdf,,issue,1959,06,122,c7137d61bdd9c906
58,https://www.worldradiohistory.com/Archive-Radio-Electronics/50s/1959/Radio-Electronics-1959-07.pdf,Radio-Electronics 1959-07,https://www.worldradiohistory.com/Archive-Radio-Electronics/50s/1959/Radio-Electronics-1959-07.pdf,,issue,1959,07,126,a6dd07c26dadc235
59,https://www.worldradiohistory.com/Archive-Radio-Electronics/50s/1959/Radio-Electronics-1959-08.pdf,Radio-Electronics 1959-08,https://www.worldradiohistory.com/Archive-Radio-Electronics/50s/1959/Radio-Electronics-1959-08.pdf,,issue,1959,08,118,ceb76cc47a59cff5
5a,https://www.worldradiohistory.com/Archive-Radio-Electronics/50s/1959/Radio-Electronics-1959-09.pdf,Radio-Electronics 1959-09,https://www.worldradiohistory.com/Archive-Radio-Electronics/50s/1959/Radio-Electronics-1959-09.pdf,,issue,1959,09,142,77edb7d4d2877014
5b,https://www.worldradiohistory.com/Archive-Radio-Electronics/50s/1959/Radio-Electronics-1959-10.pdf,Radio-Electronics 1959-10,https://www.worldradiohistory.com/Archive-Radio-Electronics/50s/1959/Radio-Electronics-1959-10.pdf,,issue,1959,10,154,50712609f292d866
5c,https://www.worldradiohistory.com/Archive-Radio-Electronics/50s/1959/Radio-Electronics-1959-11.pdf,Radio-Electronics 1959-11,https://www.worldradiohistory.com/Archive-Radio-Electronics/50s/1959/Radio-Electronics-1959-11.pdf,,issue,1959,11,166,9163b24bdce18944
5d,https://www.worldradiohistory.com/Archive-Radio-Electronics/50s/1959/Radio-Electronics-1959-12.pdf,Radio-Electronics 1959-12,https://www.worldradiohistory.com/Archive-Radio-Electronics/50s/1959/Radio-Electronics-1959-12.pdf,,issue,1959,12,154,e6038cbc34448020
5e,https://www.worldradiohistory.com/Archive-Radio-Electronics/60s/1960/Radio-Electronics-1960-01.pdf,Radio-Electronics 1960-01,https://www.worldradiohistory.com/Archive-Radio-Electronics/60s/1960/Radio-Electronics-1960-01.pdf,,issue,1960,01,154,c463d1cd5b053a48
5f,https://www.worldradiohistory.com/Archive-Radio-Electronics/60s/1960/Radio-Electronics-1960-02.pdf,Radio-Electronics 1960-02,https://www.worldradiohistory.com/Archive-Radio-Electronics/60s/1960/Radio-Electronics-1960-02.pdf,,issue,1960,02,152,f2d29bfd825b6034
5g,https://www.worldradiohistory.com/Archive-Radio-Electronics/60s/1960/Radio-Electronics-1960-03.pdf,Radio-Electronics 1960-03,https://www.worldradiohistory.com/Archive-Radio-Electronics/60s/1960/Radio-Electronics-1960-03.pdf,,issue,1960,03,146,7d20d3d532d39274
5h,https://www.worldradiohistory.com/Archive-Radio-Electronics/60s/1960/Radio-Electronics-1960-04.pdf,Radio-Electronics 1960-04,https://www.worldradiohistory.com/Archive-Radio-Electronics/60s/1960/Radio-Electronics-1960-04.pdf,,issue,1960,04,140,30c01561ea042480
5i,https://www.worldradiohistory.com/Archive-Radio-Electronics/60s/1960/Radio-Electronics-1960-05.pdf,Radio-Electronics 1960-05,https://www.worldradiohistory.com/Archive-Radio-Electronics/60s/1960/Radio-Electronics-1960-05.pdf,,issue,1960,05,140,2e794885f79967d1
5j,https://www.worldradiohistory.com/Archive-Radio-Electronics/60s/1960/Radio-Electronics-1960-06.pdf,Radio-Electronics 1960-06,https://www.worldradiohistory.com/Archive-Radio-Electronics/60s/1960/Radio-Electronics-1960-06.pdf,,issue,1960,06,132,0230a6c9e0b81b60
5k,https://www.worldradiohistory.com/Archive-Radio-Electronics/60s/1960/Radio-Electronics-1960-07.pdf,Radio-Electronics 1960-07,https://www.worldradiohistory.com/Archive-Radio-Electronics/60s/1960/Radio-Electronics-1960-07.pdf,,issue,1960,07,122,e588e8292ad6cd57
5l,https://www.worldradiohistory.com/Archive-Radio-Electronics/60s/1960/Radio-Electronics-1960-08.pdf,Radio-Electronics 1960-08,https://www.worldradiohistory.com/Archive-Radio-Electronics/60s/1960/Radio-Electronics-1960-08.pdf,,issue,1960,08,124,0554b8c1bc39a278
5m,https://www.worldradiohistory.com/Archive-Radio-Electronics/60s/1960/Radio-Electronics-1960-09.pdf,Radio-Electronics 1960-09,https://www.worldradiohistory.com/Archive-Radio-Electronics/60s/1960/Radio-Electronics-1960-09.pdf,,issue,1960,09,134,579a4c59e164e6be
5n,https://www.worldradiohistory.com/Archive-Radio-Electronics/60s/1960/Radio-Electronics-1960-10.pdf,Radio-Electronics 1960-10,https://www.worldradiohistory.com/Archive-Radio-Electronics/60s/1960/Radio-Electronics-1960-10.pdf,,issue,1960,10,134,783b89632b244d08
5o,https://www.worldradiohistory.com/Archive-Radio-Electronics/60s/1960/Radio-Electronics-1960-11.pdf,Radio-Electronics 1960-11,https://www.worldradiohistory.com/Archive-Radio-Electronics/60s/1960/Radio-Electronics-1960-11.pdf,,issue,1960,11,128,85ce53a0c6ed8865
5p,https://www.worldradiohistory.com/Archive-Radio-Electronics/60s/1960/Radio-Electronics-1960-12.pdf,Radio-Electronics 1960-12,https://www.worldradiohistory.com/Archive-Radio-Electronics/60s/1960/Radio-Electronics-1960-12.pdf,,issue,1960,12,138,60e1942c5c226b39
5q,https://www.worldradiohistory.com/Archive-Radio-Electronics/60s/1961/Radio-Electronics-1961-01.pdf,Radio-Electronics 1961-01,https://www.worldradiohistory.com/Archive-Radio-Electronics/60s/1961/Radio-Electronics-1961-01.pdf,,issue,1961,01,132,dfc0e5a7d4439ca6
5r,https://www.worldradiohistory.com/Archive-Radio-Electronics/60s/1961/Radio-Electronics-1961-02.pdf,Radio-Electronics 1961-02,https://www.worldradiohistory.com/Archive-Radio-Electronics/60s/1961/Radio-Electronics-1961-02.pdf,,issue,1961,02,128,e9512d27139b5f6f
5s,https://www.worldradiohistory.com/Archive-Radio-Electronics/60s/1961/Radio-Electronics-1961-03.pdf,Radio-Electronics 1961-03,https://www.worldradiohistory.com/Archive-Radio-Electronics/60s/1961/Radio-Electronics-1961-03.pdf,,issue,1961,03,124,1bb0c101a6a3996f
5t,https://www.worldradiohistory.com/Archive-Radio-Electronics/60s/1961/Radio-Electronics-1961-04.pdf,Radio-Electronics 1961-04,https://www.worldradiohistory.com/Archive-Radio-Electronics/60s/1961/Radio-Electronics-1961-04.pdf,,issue,1961,04,114,3d45cc2734a39ccd
5u,https://www.worldradiohistory.com/Archive-Radio-Electronics/60s/1961/Radio-Electronics-1961-05.pdf,Radio-Electronics 1961-05,https://www.worldradiohistory.com/Archive-Radio-Electronics/60s/1961/Radio-Electronics-1961-05.pdf,,issue,1961,05,116,ab1cbe932cb37acd
5v,https://www.worldradiohistory.com/Archive-Radio-Electronics/60s/1961/Radio-Electronics-1961-06.pdf,Radio-Electronics 1961-06,https://www.worldradiohistory.com/Archive-Radio-Electronics/60s/1961/Radio-Electronics-1961-06.pdf,,issue,1961,06,110,7f766a31c087e98c
5w,https://www.worldradiohistory.com/Archive-Radio-Electronics/60s/1961/Radio-Electronics-1961-07.pdf,Radio-Electronics 1961-07,https://www.worldradiohistory.com/Archive-Radio-Electronics/60s/1961/Radio-Electronics-1961-07.pdf,,issue,1961,07,112,ea4002038cd17f71
5x,https://www.worldradiohistory.com/Archive-Radio-Electronics/60s/1961/Radio-Electronics-1961-08.pdf,Radio-Electronics 1961-08,https://www.worldradiohistory.com/Archive-Radio-Electronics/60s/1961/Radio-Electronics-1961-08.pdf,,issue,1961,08,110,605376c7213ac569
5y,https://www.worldradiohistory.com/Archive-Radio-Electronics/60s/1961/Radio-Electronics-1961-09.pdf,Radio-Electronics 1961-09,https://www.worldradiohistory.com/Archive-Radio-Electronics/60s/1961/Radio-Electronics-1961-09.pdf,,issue,1961,09,124,9ebed6c0a45abef0
5z,https://www.worldradiohistory.com/Archive-Radio-Electronics/60s/1961/Radio-Electronics-1961-10.pdf,Radio-Electronics 1961-10,https://www.worldradiohistory.com/Archive-Radio-Electronics/60s/1961/Radio-Electronics-1961-10.pdf,,issue,1961,10,136,d3c51a0b5b013c38
6,https://www.worldradiohistory.com/Archive-Radio-Electronics/90s/1993/EN-1993-10.pdf,Radio-Electronics 1993-10,https://www.worldradiohistory.com/Archive-Radio-Electronics/90s/1993/EN-1993-10.pdf,,issue,1993,10,92,e067217027e47755
60,https://www.worldradiohistory.com/Archive-Radio-Electronics/60s/1961/Radio-Electronics-1961-11.pdf,Radio-Electronics 1961-11,https://www.worldradiohistory.com/Archive-Radio-Electronics/60s/1961/Radio-Electronics-1961-11.pdf,,issue,1961,11,136,bfd66d5632d31b1a
61,https://www.worldradiohistory.com/Archive-Radio-Electronics/60s/1961/Radio-Electronics-1961-12.pdf,Radio-Electronics 1961-12,https://www.worldradiohistory.com/Archive-Radio-Electronics/60s/1961/Radio-Electronics-1961-12.pdf,,issue,1961,12,124,0540413dcff8725a
62,https://www.worldradiohistory.com/Archive-Radio-Electronics/60s/1962/Radio-Electronics-1962-01.pdf,Radio-Electronics 1962-01,https://www.worldradiohistory.com/Archive-Radio-Electronics/60s/1962/Radio-Electronics-1962-01.pdf,,issue,1962,01,116,cddaa32249a37223
63,https://www.worldradiohistory.com/Archive-Radio-Electronics/60s/1962/Radio-Electronics-1962-02.pdf,Radio-Electronics 1962-02,https://www.worldradiohistory.com/Archive-Radio-Electronics/60s/1962/Radio-Electronics-1962-02.pdf,,issue,1962,02,114,425a9cc9253665d1
64,https://www.worldradiohistory.com/Archive-Radio-Electronics/60s/1962/Radio-Electronics-1962-03.pdf,Radio-Electronics 1962-03,https://www.worldradiohistory.com/Archive-Radio-Electronics/60s/1962/Radio-Electronics-1962-03.pdf,,issue,1962,03,114,bafcc516bcdc0a1f
65,https://www.worldradiohistory.com/Archive-Radio-Electronics/60s/1962/Radio-Electronics-1962-04.pdf,Radio-Electronics 1962-04,https://www.worldradiohistory.com/Archive-Radio-Electronics/60s/1962/Radio-Electronics-1962-04.pdf,,issue,1962,04,112,5d1f3a8b25c04489
66,https://www.worldradiohistory.com/Archive-Radio-Electronics/60s/1962/Radio-Electronics-1962-05.pdf,Radio-Electronics 1962-05,https://www.worldradiohistory.com/Archive-Radio-Electronics/60s/1962/Radio-Electronics-1962-05.pdf,,issue,1962,05,110,c75a7d5e6fa1338d
67,https://www.worldradiohistory.com/Archive-Radio-Electronics/60s/1962/Radio-Electronics-1962-06.pdf,Radio-Electronics 1962-06,https://www.worldradiohistory.com/Archive-Radio-Electronics/60s/1962/Radio-Electronics-1962-06.pdf,,issue,1962,06,108,a33ffd3450b9e713
68,https://www.worldradiohistory.com/Archive-Radio-Electronics/60s/1962/Radio-Electronics-1962-07.pdf,Radio-Electronics 1962-07,https://www.worldradiohistory.com/Archive-Radio-Electronics/60s/1962/Radio-Electronics-1962-07.pdf,,issue,1962,07,102,4e58edc0acafaf16
69,https://www.worldradiohistory.com/Archive-Radio-Electronics/60s/1962/Radio-Electronics-1962-08.pdf,Radio-Electronics 1962-08,https://www.worldradiohistory.com/Archive-Radio-Electronics/60s/1962/Radio-Electronics-1962-08.pdf,,issue,1962,08,106,dd007044d3439ed6
6a,https://www.worldradiohistory.com/Archive-Radio-Electronics/60s/1962/Radio-Electronics-1962-09.pdf,Radio-Electronics 1962-09,https://www.worldradiohistory.com/Archive-Radio-Electronics/60s/1962/Radio-Electronics-1962-09.pdf,,issue,1962,09,116,fa518fa29f500774
6b,https://www.worldradiohistory.com/Archive-Radio-Electronics/60s/1962/Radio-Electronics-1962-10.pdf,Radio-Electronics 1962-10,https://www.worldradiohistory.com/Archive-Radio-Electronics/60s/1962/Radio-Electronics-1962-10.pdf,,issue,1962,10,120,9573a428e68f4807
6c,https://www.worldradiohistory.com/Archive-Radio-Electronics/60s/1962/Radio-Electronics-1962-11.pdf,Radio-Electronics 1962-11,https://www.worldradiohistory.com/Archive-Radio-Electronics/60s/1962/Radio-Electronics-1962-11.pdf,,issue,1962,11,116,1ee5f13b4d059254
6d,https://www.worldradiohistory.com/Archive-Radio-Electronics/60s/1962/Radio-Electronics-1962-12.pdf,Radio-Electronics 1962-12,https://www.worldradiohistory.com/Archive-Radio-Electronics/60s/1962/Radio-Electronics-1962-12.pdf,,issue,1962,12,112,6bd8b879adf2e2ac
6e,https://www.worldradiohistory.com/Archive-Radio-Electronics/60s/1963/Radio-Electronics-1963-01.pdf,Radio-Electronics 1963-01,https://www.worldradiohistory.com/Archive-Radio-Electronics/60s/1963/Radio-Electronics-1963-01.pdf,,issue,1963,01,112,be54c4cff151abf9
6f,https://www.worldradiohistory.com/Archive-Radio-Electronics/60s/1963/Radio-Electronics-1963-02.pdf,Radio-Electronics 1963-02,https://www.worldradiohistory.com/Archive-Radio-Electronics/60s/1963/Radio-Electronics-1963-02.pdf,,issue,1963,02,112,b93e6078f86f732c
6g,https://www.worldradiohistory.com/Archive-Radio-Electronics/60s/1963/Radio-Electronics-1963-03.pdf,Radio-Electronics 1963-03,https://www.worldradiohistory.com/Archive-Radio-Electronics/60s/1963/Radio-Electronics-1963-03.pdf,,issue,1963,03,112,975c80a01b376dbb
6h,https://www.worldradiohistory.com/Archive-Radio-Electronics/60s/1963/Radio-Electronics-1963-04.pdf,Radio-Electronics 1963-04,https://www.worldradiohistory.com/Archive-Radio-Electronics/60s/1963/Radio-Electronics-1963-04.pdf,,issue,1963,04,106,e9f94428b9f5192d
6i,https://www.worldradiohistory.com/Archive-Radio-Electronics/60s/1963/Radio-Electronics-1963-05.pdf,Radio-Electronics 1963-05,https://www.worldradiohistory.com/Archive-Radio-Electronics/60s/1963/Radio-Electronics-1963-05.pdf,,issue,1963,05,102,99bd3fac998b599a
6j,https://www.worldradiohistory.com/Archive-Radio-Electronics/60s/1963/Radio-Electronics-1963-06.pdf,Radio-Electronics 1963-06,https://www.worldradiohistory.com/Archive-Radio-Electronics/60s/1963/Radio-Electronics-1963-06.pdf,,issue,1963,06,106,6e6d3d4c77fd7e3e
6k,https://www.worldradiohistory.com/Archive-Radio-Electronics/60s/1963/Radio-Electronics-1963-07.pdf,Radio-Electronics 1963-07,https://www.worldradiohistory.com/Archive-Radio-Electronics/60s/1963/Radio-Electronics-1963-07.pdf,,issue,1963,07,100,3405bfd8f4298d8f
6l,https://www.worldradiohistory.com/Archive-Radio-Electronics/60s/1963/Radio-Electronics-1963-08.pdf,Radio-Electronics 1963-08,https://www.worldradiohistory.com/Archive-Radio-Electronics/60s/1963/Radio-Electronics-1963-08.pdf,,issue,1963,08,104,425d827dcfc60fd6
6m,https://www.worldradiohistory.com/Archive-Radio-Electronics/60s/1963/Radio-Electronics-1963-09.pdf,Radio-Electronics 1963-09,https://www.worldradiohistory.com/Archive-Radio-Electronics/60s/1963/Radio-Electronics-1963-09.pdf,,issue,1963,09,110,6a14e5d5a39e4d51
6n,https://www.worldradiohistory.com/Archive-Radio-Electronics/60s/1963/Radio-Electronics-1963-10.pdf,Radio-Electronics 1963-10,https://www.worldradiohistory.com/Archive-Radio-Electronics/60s/1963/Radio-Electronics-1963-10.pdf,,issue,1963,10,110,911f5560c2c396c3
6o,https://www.worldradiohistory.com/Archive-Radio-Electronics/60s/1963/Radio-Electronics-1963-11.pdf,Radio-Electronics 1963-11,https://www.worldradiohistory.com/Archive-Radio-Electronics/60s/1963/Radio-Electronics-1963-11.pdf,,issue,1963,11,114,99075b2476f96099
6p,https://www.worldradiohistory.com/Archive-Radio-Electronics/60s/1963/Radio-Electronics-1963-12.pdf,Radio-Electronics 1963-12,https://www.worldradiohistory.com/Archive-Radio-Electronics/60s/1963/Radio-Electronics-1963-12.pdf,,issue,1963,12,118,d6ae770577bf86d2
6q,https://www.worldradiohistory.com/Archive-Radio-Electronics/60s/1964/Radio-Electronics-1964-01.pdf,Radio-Electronics 1964-01,https://www.worldradiohistory.com/Archive-Radio-Electronics/60s/1964/Radio-Electronics-1964-01.pdf,,issue,1964,01,104,99c0a3baa394e5a2
6r,https://www.worldradiohistory.com/Archive-Radio-Electronics/60s/1964/Radio-Electronics-1964-02.pdf,Radio-Electronics 1964-02,https://www.worldradiohistory.com/Archive-Radio-Electronics/60s/1964/Radio-Electronics-1964-02.pdf,,issue,1964,02,108,dac97d7dbf8342b8
6s,https://www.worldradiohistory.com/Archive-Radio-Electronics/60s/1964/Radio-Electronics-1964-03.pdf,Radio-Electronics 1964-03,https://www.worldradiohistory.com/Archive-Radio-Electronics/60s/1964/Radio-Electronics-1964-03.pdf,,issue,1964,03,104,62348731dd4914f8
6t,https://www.worldradiohistory.com/Archive-Radio-Electronics/60s/1964/Radio-Electronics-1964-04.pdf,Radio-Electronics 1964-04,https://www.worldradiohistory.com/Archive-Radio-Electronics/60s/1964/Radio-Electronics-1964-04.pdf,,issue,1964,04,100,9eff8c0ec59cba63
6u,https://www.worldradiohistory.com/Archive-Radio-Electronics/60s/1964/Radio-Electronics-1964-05.pdf,Radio-Electronics 1964-05,https://www.worldradiohistory.com/Archive-Radio-Electronics/60s/1964/Radio-Electronics-1964-05.pdf,,issue,1964,05,100,d85a52a65680babb
6v,https://www.worldradiohistory.com/Archive-Radio-Electronics/60s/1964/Radio-Electronics-1964-06.pdf,Radio-Electronics 1964-06,https://www.worldradiohistory.com/Archive-Radio-Electronics/60s/1964/Radio-Electronics-1964-06.pdf,,issue,1964,06,92,ba339d07bd340e77
6w,https://www.worldradiohistory.com/Archive-Radio-Electronics/60s/1964/Radio-Electronics-1964-07.pdf,Radio-Electronics 1964-07,https://www.worldradiohistory.com/Archive-Radio-Electronics/60s/1964/Radio-Electronics-1964-07.pdf,,issue,1964,07,84,b76f9f727d7635be
6x,https://www.worldradiohistory.com/Archive-Radio-Electronics/60s/1964/Radio-Electronics-1964-08.pdf,Radio-Electronics 1964-08,https://www.worldradiohistory.com/Archive-Radio-Electronics/60s/1964/Radio-Electronics-1964-08.pdf,,issue,1964,08,94,ee83b11b9eeff384
6y,https://www.worldradiohistory.com/Archive-Radio-Electronics/60s/1964/Radio-Electronics-1964-09.pdf,Radio-Electronics 1964-09,https://www.worldradiohistory.com/Archive-Radio-Electronics/60s/1964/Radio-Electronics-1964-09.pdf,,issue,1964,09,100,8542cd2cab67c6ad
6z,https://www.worldradiohistory.com/Archive-Radio-Electronics/60s/1964/Radio-Electronics-1964-10.pdf,Radio-Electronics 1964-10,https://www.worldradiohistory.com/Archive-Radio-Electronics/60s/1964/Radio-Electronics-1964-10.pdf,,issue,1964,10,104,085dfa99c21c8bbe
7,https://www.worldradiohistory.com/Archive-Radio-Electronics/90s/1993/EN-1993-12.pdf,Radio-Electronics 1993-12,https://www.worldradiohistory.com/Archive-Radio-Electronics/90s/1993/EN-1993-12.pdf,,issue,1993,12,92,220b42e739bf3d29
70,https://www.worldradiohistory.com/Archive-Radio-Electronics/60s/1964/Radio-Electronics-1964-11.pdf,Radio-Electronics 1964-11,https://www.worldradiohistory.com/Archive-Radio-Electronics/60s/1964/Radio-Electronics-1964-11.pdf,,issue,1964,11,108,49bafdfbf75a0288
71,https://www.worldradiohistory.com/Archive-Radio-Electronics/60s/1964/Radio-Electronics-1964-12.pdf,Radio-Electronics 1964-12,https://www.worldradiohistory.com/Archive-Radio-Electronics/60s/1964/Radio-Electronics-1964-12.pdf,,issue,1964,12,100,17aaef08dcea969e
72,https://www.worldradiohistory.com/Archive-Radio-Electronics/60s/1965/Radio-Electronics-1965-01.pdf,Radio-Electronics 1965-01,https://www.worldradiohistory.com/Archive-Radio-Electronics/60s/1965/Radio-Electronics-1965-01.pdf,,issue,1965,01,116,8d63b064d9b877cc
73,https://www.worldradiohistory.com/Archive-Radio-Electronics/60s/1965/Radio-Electronics-1965-02.pdf,Radio-Electronics 1965-02,https://www.worldradiohistory.com/Archive-Radio-Electronics/60s/1965/Radio-Electronics-1965-02.pdf,,issue,1965,02,100,015a0e7baf2dfe57
74,https://www.worldradiohistory.com/Archive-Radio-Electronics/60s/1965/Radio-Electronics-1965-03.pdf,Radio-Electronics 1965-03,https://www.worldradiohistory.com/Archive-Radio-Electronics/60s/1965/Radio-Electronics-1965-03.pdf,,issue,1965,03,102,e3b4a7a22e6353a0
75,https://www.worldradiohistory.com/Archive-Radio-Electronics/60s/1965/Radio-Electronics-1965-04.pdf,Radio-Electronics 1965-04,https://www.worldradiohistory.com/Archive-Radio-Electronics/60s/1965/Radio-Electronics-1965-04.pdf,,issue,1965,04,92,d64631b2c80d5780
76,https://www.worldradiohistory.com/Archive-Radio-Electronics/60s/1965/Radio-Electronics-1965-05.pdf,Radio-Electronics 1965-05,https://www.worldradiohistory.com/Archive-Radio-Electronics/60s/1965/Radio-Electronics-1965-05.pdf,,issue,1965,05,92,c59b6b05374e2ede
77,https://www.worldradiohistory.com/Archive-Radio-Electronics/60s/1965/Radio-Electronics-1965-06.pdf,Radio-Electronics 1965-06,https://www.worldradiohistory.com/Archive-Radio-Electronics/60s/1965/Radio-Electronics-1965-06.pdf,,issue,1965,06,92,b1d68c2a41128c03
78,https://www.worldradiohistory.com/Archive-Radio-Electronics/60s/1965/Radio-Electronics-1965-07.pdf,Radio-Electronics 1965-07,https://www.worldradiohistory.com/Archive-Radio-Electronics/60s/1965/Radio-Electronics-1965-07.pdf,,issue,1965,07,92,a1a642ea25702703
79,https://www.worldradiohistory.com/Archive-Radio-Electronics/60s/1965/Radio-Electronics-1965-08.pdf,Radio-Electronics 1965-08,https://www.worldradiohistory.com/Archive-Radio-Electronics/60s/1965/Radio-Electronics-1965-08.pdf,,issue,1965,08,92,15152662d97a48c7
7a,https://www.worldradiohistory.com/Archive-Radio-Electronics/60s/1965/Radio-Electronics-1965-09.pdf,Radio-Electronics 1965-09,https://www.worldradiohistory.com/Archive-Radio-Electronics/60s/1965/Radio-Electronics-1965-09.pdf,,issue,1965,09,102,054819d4c268250f
7b,https://www.worldradiohistory.com/Archive-Radio-Electronics/60s/1965/Radio-Electronics-1965-10.pdf,Radio-Electronics 1965-10,https://www.worldradiohistory.com/Archive-Radio-Electronics/60s/1965/Radio-Electronics-1965-10.pdf,,issue,1965,10,108,3949937e693a181d
7c,https://www.worldradiohistory.com/Archive-Radio-Electronics/60s/1965/Radio-Electronics-1965-11.pdf,Radio-Electronics 1965-11,https://www.worldradiohistory.com/Archive-Radio-Electronics/60s/1965/Radio-Electronics-1965-11.pdf,,issue,1965,11,100,3ae69a6ac479f4f9
7d,https://www.worldradiohistory.com/Archive-Radio-Electronics/60s/1965/Radio-Electronics-1965-12.pdf,Radio-Electronics 1965-12,https://www.worldradiohistory.com/Archive-Radio-Electronics/60s/1965/Radio-Electronics-1965-12.pdf,,issue,1965,12,100,334e7e6b3796ff87
7e,https://www.worldradiohistory.com/Archive-Radio-Electronics/60s/1966/Radio-Electronics-1966-01.pdf,Radio-Electronics 1966-01,https://www.worldradiohistory.com/Archive-Radio-Electronics/60s/1966/Radio-Electronics-1966-01.pdf,,issue,1966,01,100,76be379ccc4f68cc
7f,https://www.worldradiohistory.com/Archive-Radio-Electronics/60s/1966/Radio-Electronics-1966-02.pdf,Radio-Electronics 1966-02,https://www.worldradiohistory.com/Archive-Radio-Electronics/60s/1966/Radio-Electronics-1966-02.pdf,,issue,1966,02,100,901e6f4e397e4a0c
7g,https://www.worldradiohistory.com/Archive-Radio-Electronics/60s/1966/Radio-Electronics-1966-03.pdf,Radio-Electronics 1966-03,https://www.worldradiohistory.com/Archive-Radio-Electronics/60s/1966/Radio-Electronics-1966-03.pdf,,issue,1966,03,100,40ed2d197717ff39
7h,https://www.worldradiohistory.com/Archive-Radio-Electronics/60s/1966/Radio-Electronics-1966-04.pdf,Radio-Electronics 1966-04,https://www.worldradiohistory.com/Archive-Radio-Electronics/60s/1966/Radio-Electronics-1966-04.pdf,,issue,1966,04,92,8eae24d6968d9eaa
7i,https://www.worldradiohistory.com/Archive-Radio-Electronics/60s/1966/Radio-Electronics-1966-05.pdf,Radio-Electronics 1966-05,https://www.worldradiohistory.com/Archive-Radio-Electronics/60s/1966/Radio-Electronics-1966-05.pdf,,issue,1966,05,90,effe3a0209463d8b
7j,https://www.worldradiohistory.com/Archive-Radio-Electronics/60s/1966/Radio-Electronics-1966-06.pdf,Radio-Electronics 1966-06,https://www.worldradiohistory.com/Archive-Radio-Electronics/60s/1966/Radio-Electronics-1966-06.pdf,,issue,1966,06,92,b420818c9701db63
7k,https://www.worldradiohistory.com/Archive-Radio-Electronics/60s/1966/Radio-Electronics-1966-08.pdf,Radio-Electronics 1966-08,https://www.worldradiohistory.com/Archive-Radio-Electronics/60s/1966/Radio-Electronics-1966-08.pdf,,issue,1966,08,94,9867330884426fc1
7l,https://www.worldradiohistory.com/Archive-Radio-Electronics/60s/1966/Radio-Electronics-1966-09.pdf,Radio-Electronics 1966-09,https://www.worldradiohistory.com/Archive-Radio-Electronics/60s/1966/Radio-Electronics-1966-09.pdf,,issue,1966,09,104,c0aced1572021eee
7m,https://www.worldradiohistory.com/Archive-Radio-Electronics/60s/1966/Radio-Electronics-1966-10.pdf,Radio-Electronics 1966-10,https://www.worldradiohistory.com/Archive-Radio-Electronics/60s/1966/Radio-Electronics-1966-10.pdf,,issue,1966,10,100,8dec916b5bbd0e74
7n,https://www.worldradiohistory.com/Archive-Radio-Electronics/60s/1966/Radio-Electronics-1966-11.pdf,Radio-Electronics 1966-11,https://www.worldradiohistory.com/Archive-Radio-Electronics/60s/1966/Radio-Electronics-1966-11.pdf,,issue,1966,11,104,1d5e8f1291b59e20
7o,https://www.worldradiohistory.com/Archive-Radio-Electronics/60s/1966/Radio-Electronics-1966-12.pdf,Radio-Electronics 1966-12,https://www.worldradiohistory.com/Archive-Radio-Electronics/60s/1966/Radio-Electronics-1966-12.pdf,,issue,1966,12,98,b2167fbcb3ecac20
7p,https://www.worldradiohistory.com/Archive-Radio-Electronics/60s/1966/Radio-Electronics-1966-July.pdf,Radio-Electronics 1966,https://www.worldradiohistory.com/Archive-Radio-Electronics/60s/1966/Radio-Electronics-1966-July.pdf,,issue,1966,,94,23c08f4800ece02a
7q,https://www.worldradiohistory.com/Archive-Radio-Electronics/60s/1967/Radio-Electronics-1967-01.pdf,Radio-Electronics 1967-01,https://www.worldradiohistory.com/Archive-Radio-Electronics/60s/1967/Radio-Electronics-1967-01.pdf,,issue,1967,01,102,7e121388b475279f
7r,https://www.worldradiohistory.com/Archive-Radio-Electronics/60s/1967/Radio-Electronics-1967-02.pdf,Radio-Electronics 1967-02,https://www.worldradiohistory.com/Archive-Radio-Electronics/60s/1967/Radio-Electronics-1967-02.pdf,,issue,1967,02,92,5b21c3775bf6ac75
7s,https://www.worldradiohistory.com/Archive-Radio-Electronics/60s/1967/Radio-Electronics-1967-03.pdf,Radio-Electronics 1967-03,https://www.worldradiohistory.com/Archive-Radio-Electronics/60s/1967/Radio-Electronics-1967-03.pdf,,issue,1967,03,92,13b1e490c9a2d649
7t,https://www.worldradiohistory.com/Archive-Radio-Electronics/60s/1967/Radio-Electronics-1967-04.pdf,Radio-Electronics 1967-04,https://www.worldradiohistory.com/Archive-Radio-Electronics/60s/1967/Radio-Electronics-1967-04.pdf,,issue,1967,04,92,4d72fecf72baea87
7u,https://www.worldradiohistory.com/Archive-Radio-Electronics/60s/1967/Radio-Electronics-1967-05.pdf,Radio-Electronics 1967-05,https://www.worldradiohistory.com/Archive-Radio-Electronics/60s/1967/Radio-Electronics-1967-05.pdf,,issue,1967,05,92,0803707625d50925
7v,https://www.worldradiohistory.com/Archive-Radio-Electronics/60s/1967/Radio-Electronics-1967-06.pdf,Radio-Electronics 1967-06,https://www.worldradiohistory.com/Archive-Radio-Electronics/60s/1967/Radio-Electronics-1967-06.pdf,,issue,1967,06,92,ea75be7799a36cc8
7w,https://www.worldradiohistory.com/Archive-Radio-Electronics/60s/1967/Radio-Electronics-1967-07.pdf,Radio-Electronics 1967-07,https://www.worldradiohistory.com/Archive-Radio-Electronics/60s/1967/Radio-Electronics-1967-07.pdf,,issue,1967,07,86,66c08e56226e6d76
7x,https://www.worldradiohistory.com/Archive-Radio-Electronics/60s/1967/Radio-Electronics-1967-08.pdf,Radio-Electronics 1967-08,https://www.worldradiohistory.com/Archive-Radio-Electronics/60s/1967/Radio-Electronics-1967-08.pdf,,issue,1967,08,92,b18666d04e970846
7y,https://www.worldradiohistory.com/Archive-Radio-Electronics/60s/1967/Radio-Electronics-1967-09.pdf,Radio-Electronics 1967-09,https://www.worldradiohistory.com/Archive-Radio-Electronics/60s/1967/Radio-Electronics-1967-09.pdf,,issue,1967,09,94,009956058e883671
7z,https://www.worldradiohistory.com/Archive-Radio-Electronics/60s/1967/Radio-Electronics-1967-10.pdf,Radio-Electronics 1967-10,https://www.worldradiohistory.com/Archive-Radio-Electronics/60s/1967/Radio-Electronics-1967-10.pdf,,issue,1967,10,92,b46623b716767454
8,https://www.worldradiohistory.com/Archive-Radio-Electronics/90s/1994/EN-1994-01.pdf,Radio-Electronics 1994-01,https://www.worldradiohistory.com/Archive-Radio-Electronics/90s/1994/EN-1994-01.pdf,,issue,1994,01,170,44a9d691add5c365
80,https://www.worldradiohistory.com/Archive-Radio-Electronics/60s/1967/Radio-Electronics-1967-11.pdf,Radio-Electronics 1967-11,https://www.worldradiohistory.com/Archive-Radio-Electronics/60s/1967/Radio-Electronics-1967-11.pdf,,issue,1967,11,92,1d368a32f0f63570
81,https://www.worldradiohistory.com/Archive-Radio-Electronics/60s/1967/Radio-Electronics-1967-12.pdf,Radio-Electronics 1967-12,https://www.worldradiohistory.com/Archive-Radio-Electronics/60s/1967/Radio-Electronics-1967-12.pdf,,issue,1967,12,92,4500414bddb7a769
82,https://www.worldradiohistory.com/Archive-Radio-Electronics/60s/1968/Radio-Electronics-1968-01.pdf,Radio-Electronics 1968-01,https://www.worldradiohistory.com/Archive-Radio-Electronics/60s/1968/Radio-Electronics-1968-01.pdf,,issue,1968,01,94,f30ad9f295c1d137
83,https://www.worldradiohistory.com/Archive-Radio-Electronics/60s/1968/Radio-Electronics-1968-02.pdf,Radio-Electronics 1968-02,https://www.worldradiohistory.com/Archive-Radio-Electronics/60s/1968/Radio-Electronics-1968-02.pdf,,issue,1968,02,92,5d56b95ec13208b5
84,https://www.worldradiohistory.com/Archive-Radio-Electronics/60s/1968/Radio-Electronics-1968-03.pdf,Radio-Electronics 1968-03,https://www.worldradiohistory.com/Archive-Radio-Electronics/60s/1968/Radio-Electronics-1968-03.pdf,,issue,1968,03,92,6825037bbe5d4051
85,https://www.worldradiohistory.com/Archive-Radio-Electronics/60s/1968/Radio-Electronics-1968-04.pdf,Radio-Electronics 1968-04,https://www.worldradiohistory.com/Archive-Radio-Electronics/60s/1968/Radio-Electronics-1968-04.pdf,,issue,1968,04,92,a340a8ebc2428492
86,https://www.worldradiohistory.com/Archive-Radio-Electronics/60s/1968/Radio-Electronics-1968-05.pdf,Radio-Electronics 1968-05,https://www.worldradiohistory.com/Archive-Radio-Electronics/60s/1968/Radio-Electronics-1968-05.pdf,,issue,1968,05,92,2e27b0b20831fe75
87,https://www.worldradiohistory.com/Archive-Radio-Electronics/60s/1968/Radio-Electronics-1968-06.pdf,Radio-Electronics 1968-06,https://www.worldradiohistory.com/Archive-Radio-Electronics/60s/1968/Radio-Electronics-1968-06.pdf,,issue,1968,06,92,abe545ef41da39c4
88,https://www.worldradiohistory.com/Archive-Radio-Electronics/60s/1968/Radio-Electronics-1968-07.pdf,Radio-Electronics 1968-07,https://www.worldradiohistory.com/Archive-Radio-Electronics/60s/1968/Radio-Electronics-1968-07.pdf,,issue,1968,07,92,f08222ea98468881
89,https://www.worldradiohistory.com/Archive-Radio-Electronics/60s/1968/Radio-Electronics-1968-08.pdf,Radio-Electronics 1968-08,https://www.worldradiohistory.com/Archive-Radio-Electronics/60s/1968/Radio-Electronics-1968-08.pdf,,issue,1968,08,92,cef1f01b91d2f034
8a,https://www.worldradiohistory.com/Archive-Radio-Electronics/60s/1968/Radio-Electronics-1968-09.pdf,Radio-Electronics 1968-09,https://www.worldradiohistory.com/Archive-Radio-Electronics/60s/1968/Radio-Electronics-1968-09.pdf,,issue,1968,09,96,ad539b376439732c
8b,https://www.worldradiohistory.com/Archive-Radio-Electronics/60s/1968/Radio-Electronics-1968-10.pdf,Radio-Electronics 1968-10,https://www.worldradiohistory.com/Archive-Radio-Electronics/60s/1968/Radio-Electronics-1968-10.pdf,,issue,1968,10,88,7b3437df60479e17
8c,https://www.worldradiohistory.com/Archive-Radio-Electronics/60s/1968/Radio-Electronics-1968-11.pdf,Radio-Electronics 1968-11,https://www.worldradiohistory.com/Archive-Radio-Electronics/60s/1968/Radio-Electronics-1968-11.pdf,,issue,1968,11,82,46dc3ebe61f4a1db
8d,https://www.worldradiohistory.com/Archive-Radio-Electronics/60s/1968/Radio-Electronics-1968-12.pdf,Radio-Electronics 1968-12,https://www.worldradiohistory.com/Archive-Radio-Electronics/60s/1968/Radio-Electronics-1968-12.pdf,,issue,1968,12,88,e28d7cdfa83f64d7
8e,https://www.worldradiohistory.com/Archive-Radio-Electronics/60s/1969/Radio-Electronics-1969-01.pdf,Radio-Electronics 1969-01,https://www.worldradiohistory.com/Archive-Radio-Electronics/60s/1969/Radio-Electronics-1969-01.pdf,,issue,1969,01,88,fb88a014e525c63b
8f,https://www.worldradiohistory.com/Archive-Radio-Electronics/60s/1969/Radio-Electronics-1969-02.pdf,Radio-Electronics 1969-02,https://www.worldradiohistory.com/Archive-Radio-Electronics/60s/1969/Radio-Electronics-1969-02.pdf,,issue,1969,02,90,305577e9f04ed493
8g,https://www.worldradiohistory.com/Archive-Radio-Electronics/60s/1969/Radio-Electronics-1969-03.pdf,Radio-Electronics 1969-03,https://www.worldradiohistory.com/Archive-Radio-Electronics/60s/1969/Radio-Electronics-1969-03.pdf,,issue,1969,03,90,b36e822fcfc8a829
8h,https://www.worldradiohistory.com/Archive-Radio-Electronics/60s/1969/Radio-Electronics-1969-04.pdf,Radio-Electronics 1969-04,https://www.worldradiohistory.com/Archive-Radio-Electronics/60s/1969/Radio-Electronics-1969-04.pdf,,issue,1969,04,92,931b87e4dbc05936
8i,https://www.worldradiohistory.com/Archive-Radio-Electronics/60s/1969/Radio-Electronics-1969-05.pdf,Radio-Electronics 1969-05,https://www.worldradiohistory.com/Archive-Radio-Electronics/60s/1969/Radio-Electronics-1969-05.pdf,,issue,1969,05,92,eff6b8869fc53e87
8j,https://www.worldradiohistory.com/Archive-Radio-Electronics/60s/1969/Radio-Electronics-1969-06.pdf,Radio-Electronics 1969-06,https://www.worldradiohistory.com/Archive-Radio-Electronics/60s/1969/Radio-Electronics-1969-06.pdf,,issue,1969,06,92,40d191ebbe09ddae
8k,https://www.worldradiohistory.com/Archive-Radio-Electronics/60s/1969/Radio-Electronics-1969-07.pdf,Radio-Electronics 1969-07,https://www.worldradiohistory.com/Archive-Radio-Electronics/60s/1969/Radio-Electronics-1969-07.pdf,,issue,1969,07,92,7a91478600943a5e
8l,https://www.worldradiohistory.com/Archive-Radio-Electronics/60s/1969/Radio-Electronics-1969-08.pdf,Radio-Electronics 1969-08,https://www.worldradiohistory.com/Archive-Radio-Electronics/60s/1969/Radio-Electronics-1969-08.pdf,,issue,1969,08,80,af4dc1775715c71c
8m,https://www.worldradiohistory.com/Archive-Radio-Electronics/60s/1969/Radio-Electronics-1969-09.pdf,Radio-Electronics 1969-09,https://www.worldradiohistory.com/Archive-Radio-Electronics/60s/1969/Radio-Electronics-1969-09.pdf,,issue,1969,09,80,dd63141f085ab419
8n,https://www.worldradiohistory.com/Archive-Radio-Electronics/60s/1969/Radio-Electronics-1969-10.pdf,Radio-Electronics 1969-10,https://www.worldradiohistory.com/Archive-Radio-Electronics/60s/1969/Radio-Electronics-1969-10.pdf,,issue,1969,10,92,161dec4676cacffd
8o,https://www.worldradiohistory.com/Archive-Radio-Electronics/60s/1969/Radio-Electronics-1969-11.pdf,Radio-Electronics 1969-11,https://www.worldradiohistory.com/Archive-Radio-Electronics/60s/1969/Radio-Electronics-1969-11.pdf,,issue,1969,11,88,8883d84eae46b72a
8p,https://www.worldradiohistory.com/Archive-Radio-Electronics/60s/1969/Radio-Electronics-1969-12.pdf,Radio-Electronics 1969-12,https://www.worldradiohistory.com/Archive-Radio-Electronics/60s/1969/Radio-Electronics-1969-12.pdf,,issue,1969,12,88,a827f60886cf0d90
8q,https://www.worldradiohistory.com/Archive-Radio-Electronics/70s/1970/Radio-Electronics-1970-01.pdf,Radio-Electronics 1970-01,https://www.worldradiohistory.com/Archive-Radio-Electronics/70s/1970/Radio-Electronics-1970-01.pdf,,issue,1970,01,88,93535f98abb863be
8r,https://www.worldradiohistory.com/Archive-Radio-Electronics/70s/1970/Radio-Electronics-1970-02.pdf,Radio-Electronics 1970-02,https://www.worldradiohistory.com/Archive-Radio-Electronics/70s/1970/Radio-Electronics-1970-02.pdf,,issue,1970,02,88,0600d6a4cc54cb7b
8s,https://www.worldradiohistory.com/Archive-Radio-Electronics/70s/1970/Radio-Electronics-1970-03.pdf,Radio-Electronics 1970-03,https://www.worldradiohistory.com/Archive-Radio-Electronics/70s/1970/Radio-Electronics-1970-03.pdf,,issue,1970,03,84,a52031ba92695f68
8t,https://www.worldradiohistory.com/Archive-Radio-Electronics/70s/1970/Radio-Electronics-1970-04.pdf,Radio-Electronics 1970-04,https://www.worldradiohistory.com/Archive-Radio-Electronics/70s/1970/Radio-Electronics-1970-04.pdf,,issue,1970,04,88,253df4807a2c40f2
8u,https://www.worldradiohistory.com/Archive-Radio-Electronics/70s/1970/Radio-Electronics-1970-05.pdf,Radio-Electronics 1970-05,https://www.worldradiohistory.com/Archive-Radio-Electronics/70s/1970/Radio-Electronics-1970-05.pdf,,issue,1970,05,92,05d7107945c3e3b4
8v,https://www.worldradiohistory.com/Archive-Radio-Electronics/70s/1970/Radio-Electronics-1970-06.pdf,Radio-Electronics 1970-06,https://www.worldradiohistory.com/Archive-Radio-Electronics/70s/1970/Radio-Electronics-1970-06.pdf,,issue,1970,06,88,72200103fb413a31
8w,https://www.worldradiohistory.com/Archive-Radio-Electronics/70s/1970/Radio-Electronics-1970-07.pdf,Radio-Electronics 1970-07,https://www.worldradiohistory.com/Archive-Radio-Electronics/70s/1970/Radio-Electronics-1970-07.pdf,,issue,1970,07,84,fa43e4d84db8e537
8x,https://www.worldradiohistory.com/Archive-Radio-Electronics/70s/1970/Radio-Electronics-1970-08.pdf,Radio-Electronics 1970-08,https://www.worldradiohistory.com/Archive-Radio-Electronics/70s/1970/Radio-Electronics-1970-08.pdf,,issue,1970,08,76,c8cc1b7d29322d7a
8y,https://www.worldradiohistory.com/Archive-Radio-Electronics/70s/1970/Radio-Electronics-1970-09.pdf,Radio-Electronics 1970-09,https://www.worldradiohistory.com/Archive-Radio-Electronics/70s/1970/Radio-Electronics-1970-09.pdf,,issue,1970,09,90,1297ff0ed60788d2
8z,https://www.worldradiohistory.com/Archive-Radio-Electronics/70s/1970/Radio-Electronics-1970-10.pdf,Radio-Electronics 1970-10,https://www.worldradiohistory.com/Archive-Radio-Electronics/70s/1970/Radio-Electronics-1970-10.pdf,,issue,1970,10,80,5ef6ba3771b9ece2
9,https://www.worldradiohistory.com/Archive-Radio-Electronics/90s/1994/EN-1994-02.pdf,Radio-Electronics 1994-02,https://www.worldradiohistory.com/Archive-Radio-Electronics/90s/1994/EN-1994-02.pdf,,issue,1994,02,92,de887b030710da6b
90,https://www.worldradiohistory.com/Archive-Radio-Electronics/70s/1970/Radio-Electronics-1970-11.pdf,Radio-Electronics 1970-11,https://www.worldradiohistory.com/Archive-Radio-Electronics/70s/1970/Radio-Electronics-1970-11.pdf,,issue,1970,11,92,8e6d2e733651f1c6
91,https://www.worldradiohistory.com/Archive-Radio-Electronics/70s/1971/Radio-Electronics-1971-01.pdf,Radio-Electronics 1971-01,https://www.worldradiohistory.com/Archive-Radio-Electronics/70s/1971/Radio-Electronics-1971-01.pdf,,issue,1971,01,86,f96a8570aac0792f
92,https://www.worldradiohistory.com/Archive-Radio-Electronics/70s/1971/Radio-Electronics-1971-02.pdf,Radio-Electronics 1971-02,https://www.worldradiohistory.com/Archive-Radio-Electronics/70s/1971/Radio-Electronics-1971-02.pdf,,issue,1971,02,84,f54c3dec592516a2
93,https://www.worldradiohistory.com/Archive-Radio-Electronics/70s/1971/Radio-Electronics-1971-03.pdf,Radio-Electronics 1971-03,https://www.worldradiohistory.com/Archive-Radio-Electronics/70s/1971/Radio-Electronics-1971-03.pdf,,issue,1971,03,94,4445cce73cbacafb
94,https://www.worldradiohistory.com/Archive-Radio-Electronics/70s/1971/Radio-Electronics-1971-04.pdf,Radio-Electronics 1971-04,https://www.worldradiohistory.com/Archive-Radio-Electronics/70s/1971/Radio-Electronics-1971-04.pdf,,issue,1971,04,86,3f2dfda0725fef63
95,https://www.worldradiohistory.com/Archive-Radio-Electronics/70s/1971/Radio-Electronics-1971-05.pdf,Radio-Electronics 1971-05,https://www.worldradiohistory.com/Archive-Radio-Electronics/70s/1971/Radio-Electronics-1971-05.pdf,,issue,1971,05,86,c8a32c4ca32948e3
96,https://www.worldradiohistory.com/Archive-Radio-Electronics/70s/1971/Radio-Electronics-1971-07.pdf,Radio-Electronics 1971-07,https://www.worldradiohistory.com/Archive-Radio-Electronics/70s/1971/Radio-Electronics-1971-07.pdf,,issue,1971,07,76,d2bbdfd68d46b54a
97,https://www.worldradiohistory.com/Archive-Radio-Electronics/70s/1971/Radio-Electronics-1971-08.pdf,Radio-Electronics 1971-08,https://www.worldradiohistory.com/Archive-Radio-Electronics/70s/1971/Radio-Electronics-1971-08.pdf,,issue,1971,08,90,7d04653239280d9e
98,https://www.worldradiohistory.com/Archive-Radio-Electronics/70s/1971/Radio-Electronics-1971-09.pdf,Radio-Electronics 1971-09,https://www.worldradiohistory.com/Archive-Radio-Electronics/70s/1971/Radio-Electronics-1971-09.pdf,,issue,1971,09,96,8e3911d06d39e39f
99,https://www.worldradiohistory.com/Archive-Radio-Electronics/70s/1971/Radio-Electronics-1971-10.pdf,Radio-Electronics 1971-10,https://www.worldradiohistory.com/Archive-Radio-Electronics/70s/1971/Radio-Electronics-1971-10.pdf,,issue,1971,10,92,fa0b9433af8600fc
9a,https://www.worldradiohistory.com/Archive-Radio-Electronics/70s/1971/Radio-Electronics-1971-11.pdf,Radio-Electronics 1971-11,https://www.worldradiohistory.com/Archive-Radio-Electronics/70s/1971/Radio-Electronics-1971-11.pdf,,issue,1971,11,92,9c1ec4ea6bbf06bd
9b,https://www.worldradiohistory.com/Archive-Radio-Electronics/70s/1972/Radio-Electronics-1972-01.pdf,Radio-Electronics 1972-01,https://www.worldradiohistory.com/Archive-Radio-Electronics/70s/1972/Radio-Electronics-1972-01.pdf,,issue,1972,01,92,042185ac4b49743e
9c,https://www.worldradiohistory.com/Archive-Radio-Electronics/70s/1972/Radio-Electronics-1972-02.pdf,Radio-Electronics 1972-02,https://www.worldradiohistory.com/Archive-Radio-Electronics/70s/1972/Radio-Electronics-1972-02.pdf,,issue,1972,02,90,ce8a5d0927f4461f
9d,https://www.worldradiohistory.com/Archive-Radio-Electronics/70s/1972/Radio-Electronics-1972-03.pdf,Radio-Electronics 1972-03,https://www.worldradiohistory.com/Archive-Radio-Electronics/70s/1972/Radio-Electronics-1972-03.pdf,,issue,1972,03,92,27aad29e96b11850
9e,https://www.worldradiohistory.com/Archive-Radio-Electronics/70s/1972/Radio-Electronics-1972-04.pdf,Radio-Electronics 1972-04,https://www.worldradiohistory.com/Archive-Radio-Electronics/70s/1972/Radio-Electronics-1972-04.pdf,,issue,1972,04,92,32690f85166f95ea
9f,https://www.worldradiohistory.com/Archive-Radio-Electronics/70s/1972/Radio-Electronics-1972-05.pdf,Radio-Electronics 1972-05,https://www.worldradiohistory.com/Archive-Radio-Electronics/70s/1972/Radio-Electronics-1972-05.pdf,,issue,1972,05,102,693c11ad345ab70c
9g,https://www.worldradiohistory.com/Archive-Radio-Electronics/70s/1972/Radio-Electronics-1972-07.pdf,Radio-Electronics 1972-07,https://www.worldradiohistory.com/Archive-Radio-Electronics/70s/1972/Radio-Electronics-1972-07.pdf,,issue,1972,07,92,9fa7ac2d1f0ff353
9h,https://www.worldradiohistory.com/Archive-Radio-Electronics/70s/1972/Radio-Electronics-1972-08.pdf,Radio-Electronics 1972-08,https://www.worldradiohistory.com/Archive-Radio-Electronics/70s/1972/Radio-Electronics-1972-08.pdf,,issue,1972,08,92,9c6ea8065bbbb573
9i,https://www.worldradiohistory.com/Archive-Radio-Electronics/70s/1972/Radio-Electronics-1972-09.pdf,Radio-Electronics 1972-09,https://www.worldradiohistory.com/Archive-Radio-Electronics/70s/1972/Radio-Electronics-1972-09.pdf,,issue,1972,09,118,81c988b065b09588
9j,https://www.worldradiohistory.com/Archive-Radio-Electronics/70s/1972/Radio-Electronics-1972-10.pdf,Radio-Electronics 1972-10,https://www.worldradiohistory.com/Archive-Radio-Electronics/70s/1972/Radio-Electronics-1972-10.pdf,,issue,1972,10,100,86cdb79dc805e802
9k,https://www.worldradiohistory.com/Archive-Radio-Electronics/70s/1972/Radio-Electronics-1972-11.pdf,Radio-Electronics 1972-11,https://www.worldradiohistory.com/Archive-Radio-Electronics/70s/1972/Radio-Electronics-1972-11.pdf,,issue,1972,11,102,619332fc7aed97ab
9l,https://www.worldradiohistory.com/Archive-Radio-Electronics/70s/1973/Radio-Electronics-1973-01.pdf,Radio-Electronics 1973-01,https://www.worldradiohistory.com/Archive-Radio-Electronics/70s/1973/Radio-Electronics-1973-01.pdf,,issue,1973,01,100,70af4082314fc17c
9m,https://www.worldradiohistory.com/Archive-Radio-Electronics/70s/1973/Radio-Electronics-1973-02.pdf,Radio-Electronics 1973-02,https://www.worldradiohistory.com/Archive-Radio-Electronics/70s/1973/Radio-Electronics-1973-02.pdf,,issue,1973,02,100,dc887611dc3951d8
9n,https://www.worldradiohistory.com/Archive-Radio-Electronics/70s/1973/Radio-Electronics-1973-03.pdf,Radio-Electronics 1973-03,https://www.worldradiohistory.com/Archive-Radio-Electronics/70s/1973/Radio-Electronics-1973-03.pdf,,issue,1973,03,100,3268b26f3ff275d0
9o,https://www.worldradiohistory.com/Archive-Radio-Electronics/70s/1973/Radio-Electronics-1973-04.pdf,Radio-Electronics 1973-04,https://www.worldradiohistory.com/Archive-Radio-Electronics/70s/1973/Radio-Electronics-1973-04.pdf,,issue,1973,04,108,58889f450db51899
9p,https://www.worldradiohistory.com/Archive-Radio-Electronics/70s/1973/Radio-Electronics-1973-05.pdf,Radio-Electronics 1973-05,https://www.worldradiohistory.com/Archive-Radio-Electronics/70s/1973/Radio-Electronics-1973-05.pdf,,issue,1973,05,100,2275f85bab459bc3
9q,https://www.worldradiohistory.com/Archive-Radio-Electronics/70s/1973/Radio-Electronics-1973-07.pdf,Radio-Electronics 1973-07,https://www.worldradiohistory.com/Archive-Radio-Electronics/70s/1973/Radio-Electronics-1973-07.pdf,,issue,1973,07,90,2fd00d999c5c4f09
9r,https://www.worldradiohistory.com/Archive-Radio-Electronics/70s/1973/Radio-Electronics-1973-08.pdf,Radio-Electronics 1973-08,https://www.worldradiohistory.com/Archive-Radio-Electronics/70s/1973/Radio-Electronics-1973-08.pdf,,issue,1973,08,92,7135d86f18889995
9s,https://www.worldradiohistory.com/Archive-Radio-Electronics/70s/1973/Radio-Electronics-1973-09.pdf,Radio-Electronics 1973-09,https://www.worldradiohistory.com/Archive-Radio-Electronics/70s/1973/Radio-Electronics-1973-09.pdf,,issue,1973,09,102,1218586419aefc31
9t,https://www.worldradiohistory.com/Archive-Radio-Electronics/70s/1973/Radio-Electronics-1973-10.pdf,Radio-Electronics 1973-10,https://www.worldradiohistory.com/Archive-Radio-Electronics/70s/1973/Radio-Electronics-1973-10.pdf,,issue,1973,10,100,caa2bbe380c6f56e
9u,https://www.worldradiohistory.com/Archive-Radio-Electronics/70s/1973/Radio-Electronics-1973-11.pdf,Radio-Electronics 1973-11,https://www.worldradiohistory.com/Archive-Radio-Electronics/70s/1973/Radio-Electronics-1973-11.pdf,,issue,1973,11,102,31addebf84c85284
9v,https://www.worldradiohistory.com/Archive-Radio-Electronics/70s/1974/Radio-Electronics-1974-01.pdf,Radio-Electronics 1974-01,https://www.worldradiohistory.com/Archive-Radio-Electronics/70s/1974/Radio-Electronics-1974-01.pdf,,issue,1974,01,92,2f5f10790cf8cb8e
9w,https://www.worldradiohistory.com/Archive-Radio-Electronics/70s/1974/Radio-Electronics-1974-02.pdf,Radio-Electronics 1974-02,https://www.worldradiohistory.com/Archive-Radio-Electronics/70s/1974/Radio-Electronics-1974-02.pdf,,issue,1974,02,100,67133206bdb87b5a
9x,https://www.worldradiohistory.com/Archive-Radio-Electronics/70s/1974/Radio-Electronics-1974-03.pdf,Radio-Electronics 1974-03,https://www.worldradiohistory.com/Archive-Radio-Electronics/70s/1974/Radio-Electronics-1974-03.pdf,,issue,1974,03,100,629d9c6a61325769
9y,https://www.worldradiohistory.com/Archive-Radio-Electronics/70s/1974/Radio-Electronics-1974-04.pdf,Radio-Electronics 1974-04,https://www.worldradiohistory.com/Archive-Radio-Electronics/70s/1974/Radio-Electronics-1974-04.pdf,,issue,1974,04,90,e46524a9b0358825
9z,https://www.worldradiohistory.com/Archive-Radio-Electronics/70s/1974/Radio-Electronics-1974-05.pdf,Radio-Electronics 1974-05,https://www.worldradiohistory.com/Archive-Radio-Electronics/70s/1974/Radio-Electronics-1974-05.pdf,,issue,1974,05,98,22bef1b65b07f325
a,https://www.worldradiohistory.com/Archive-Radio-Electronics/90s/1994/EN-1994-04.pdf,Radio-Electronics 1994-04,https://www.worldradiohistory.com/Archive-Radio-Electronics/90s/1994/EN-1994-04.pdf,,issue,1994,04,100,d621fa9dba00cb94
a0,https://www.worldradiohistory.com/Archive-Radio-Electronics/70s/1974/Radio-Electronics-1974-07.pdf,Radio-Electronics 1974-07,https://www.worldradiohistory.com/Archive-Radio-Electronics/70s/1974/Radio-Electronics-1974-07.pdf,,issue,1974,07,79,6b2baca66273f3e3
a1,https://www.worldradiohistory.com/Archive-Radio-Electronics/70s/1974/Radio-Electronics-1974-08.pdf,Radio-Electronics 1974-08,https://www.worldradiohistory.com/Archive-Radio-Electronics/70s/1974/Radio-Electronics-1974-08.pdf,,issue,1974,08,92,8e62247ee80cb7e6
a2,https://www.worldradiohistory.com/Archive-Radio-Electronics/70s/1974/Radio-Electronics-1974-09.pdf,Radio-Electronics 1974-09,https://www.worldradiohistory.com/Archive-Radio-Electronics/70s/1974/Radio-Electronics-1974-09.pdf,,issue,1974,09,100,45050cdc823565b5
a3,https://www.worldradiohistory.com/Archive-Radio-Electronics/70s/1974/Radio-Electronics-1974-10.pdf,Radio-Electronics 1974-10,https://www.worldradiohistory.com/Archive-Radio-Electronics/70s/1974/Radio-Electronics-1974-10.pdf,,issue,1974,10,108,42476edb62e81707
a4,https://www.worldradiohistory.com/Archive-Radio-Electronics/70s/1974/Radio-Electronics-1974-11.pdf,Radio-Electronics 1974-11,https://www.worldradiohistory.com/Archive-Radio-Electronics/70s/1974/Radio-Electronics-1974-11.pdf,,issue,1974,11,108,08dba84d70cbaa46
a5,https://www.worldradiohistory.com/Archive-Radio-Electronics/70s/1975/Radio-Electronics-1975-01.pdf,Radio-Electronics 1975-01,https://www.worldradiohistory.com/Archive-Radio-Electronics/70s/1975/Radio-Electronics-1975-01.pdf,,issue,1975,01,100,0b00ca152b410de3
a6,https://www.worldradiohistory.com/Archive-Radio-Electronics/70s/1975/Radio-Electronics-1975-02.pdf,Radio-Electronics 1975-02,https://www.worldradiohistory.com/Archive-Radio-Electronics/70s/1975/Radio-Electronics-1975-02.pdf,,issue,1975,02,94,c350a601d4ca5950
a7,https://www.worldradiohistory.com/Archive-Radio-Electronics/70s/1975/Radio-Electronics-1975-03.pdf,Radio-Electronics 1975-03,https://www.worldradiohistory.com/Archive-Radio-Electronics/70s/1975/Radio-Electronics-1975-03.pdf,,issue,1975,03,90,128aff0e711411ba
a8,https://www.worldradiohistory.com/Archive-Radio-Electronics/70s/1975/Radio-Electronics-1975-04.pdf,Radio-Electronics 1975-04,https://www.worldradiohistory.com/Archive-Radio-Electronics/70s/1975/Radio-Electronics-1975-04.pdf,,issue,1975,04,102,413f59834ab10b09
a9,https://www.worldradiohistory.com/Archive-Radio-Electronics/70s/1975/Radio-Electronics-1975-05.pdf,Radio-Electronics 1975-05,https://www.worldradiohistory.com/Archive-Radio-Electronics/70s/1975/Radio-Electronics-1975-05.pdf,,issue,1975,05,100,af19c3defa4b2f24
aa,https://www.worldradiohistory.com/Archive-Radio-Electronics/70s/1975/Radio-Electronics-1975-07.pdf,Radio-Electronics 1975-07,https://www.worldradiohistory.com/Archive-Radio-Electronics/70s/1975/Radio-Electronics-1975-07.pdf,,issue,1975,07,94,9725b067890ca55b
ab,https://www.worldradiohistory.com/Archive-Radio-Electronics/70s/1975/Radio-Electronics-1975-08.pdf,Radio-Electronics 1975-08,https://www.worldradiohistory.com/Archive-Radio-Electronics/70s/1975/Radio-Electronics-1975-08.pdf,,issue,1975,08,100,42cf694daa46eeba
ac,https://www.worldradiohistory.com/Archive-Radio-Electronics/70s/1975/Radio-Electronics-1975-09.pdf,Radio-Electronics 1975-09,https://www.worldradiohistory.com/Archive-Radio-Electronics/70s/1975/Radio-Electronics-1975-09.pdf,,issue,1975,09,100,72473ab9e00d529a
ad,https://www.worldradiohistory.com/Archive-Radio-Electronics/70s/1975/Radio-Electronics-1975-10.pdf,Radio-Electronics 1975-10,https://www.worldradiohistory.com/Archive-Radio-Electronics/70s/1975/Radio-Electronics-1975-10.pdf,,issue,1975,10,100,de2e0928a478ac49
ae,https://www.worldradiohistory.com/Archive-Radio-Electronics/70s/1975/Radio-Electronics-1975-11.pdf,Radio-Electronics 1975-11,https://www.worldradiohistory.com/Archive-Radio-Electronics/70s/1975/Radio-Electronics-1975-11.pdf,,issue,1975,11,124,a71757e527e24fd5
af,https://www.worldradiohistory.com/Archive-Radio-Electronics/70s/1976/Radio-Electronics-1976-01.pdf,Radio-Electronics 1976-01,https://www.worldradiohistory.com/Archive-Radio-Electronics/70s/1976/Radio-Electronics-1976-01.pdf,,issue,1976,01,100,307a90ff343b394f
ag,https://www.worldradiohistory.com/Archive-Radio-Electronics/70s/1976/Radio-Electronics-1976-02.pdf,Radio-Electronics 1976-02,https://www.worldradiohistory.com/Archive-Radio-Electronics/70s/1976/Radio-Electronics-1976-02.pdf,,issue,1976,02,108,298ef41bb46e69aa
ah,https://www.worldradiohistory.com/Archive-Radio-Electronics/70s/1976/Radio-Electronics-1976-03.pdf,Radio-Electronics 1976-03,https://www.worldradiohistory.com/Archive-Radio-Electronics/70s/1976/Radio-Electronics-1976-03.pdf,,issue,1976,03,106,8b96fb2d298acd7d
ai,https://www.worldradiohistory.com/Archive-Radio-Electronics/70s/1976/Radio-Electronics-1976-04.pdf,Radio-Electronics 1976-04,https://www.worldradiohistory.com/Archive-Radio-Electronics/70s/1976/Radio-Electronics-1976-04.pdf,,issue,1976,04,110,e917368d4dfc3def
aj,https://www.worldradiohistory.com/Archive-Radio-Electronics/70s/1976/Radio-Electronics-1976-05.pdf,Radio-Electronics 1976-05,https://www.worldradiohistory.com/Archive-Radio-Electronics/70s/1976/Radio-Electronics-1976-05.pdf,,issue,1976,05,110,55be2d141ecf093b
ak,https://www.worldradiohistory.com/Archive-Radio-Electronics/70s/1976/Radio-Electronics-1976-07.pdf,Radio-Electronics 1976-07,https://www.worldradiohistory.com/Archive-Radio-Electronics/70s/1976/Radio-Electronics-1976-07.pdf,,issue,1976,07,110,bc478d7f72e5c1a2
al,https://www.worldradiohistory.com/Archive-Radio-Electronics/70s/1976/Radio-Electronics-1976-08.pdf,Radio-Electronics 1976-08,https://www.worldradiohistory.com/Archive-Radio-Electronics/70s/1976/Radio-Electronics-1976-08.pdf,,issue,1976,08,108,ec57a6f86cb2ab09
am,https://www.worldradiohistory.com/Archive-Radio-Electronics/70s/1976/Radio-Electronics-1976-09.pdf,Radio-Electronics 1976-09,https://www.worldradiohistory.com/Archive-Radio-Electronics/70s/1976/Radio-Electronics-1976-09.pdf,,issue,1976,09,132,c87ba37209ffba9f
an,https://www.worldradiohistory.com/Archive-Radio-Electronics/70s/1976/Radio-Electronics-1976-10.pdf,Radio-Electronics 1976-10,https://www.worldradiohistory.com/Archive-Radio-Electronics/70s/1976/Radio-Electronics-1976-10.pdf,,issue,1976,10,124,f7418f41e233435f
ao,https://www.worldradiohistory.com/Archive-Radio-Electronics/70s/1976/Radio-Electronics-1976-11.pdf,Radio-Electronics 1976-11,https://www.worldradiohistory.com/Archive-Radio-Electronics/70s/1976/Radio-Electronics-1976-11.pdf,,issue,1976,11,112,584864ada0f2dc20
ap,https://www.worldradiohistory.com/Archive-Radio-Electronics/70s/1977/Radio-Electronics-1977-01.pdf,Radio-Electronics 1977-01,https://www.worldradiohistory.com/Archive-Radio-Electronics/70s/1977/Radio-Electronics-1977-01.pdf,,issue,1977,01,100,b95e1281ce58d6ad
aq,https://www.worldradiohistory.com/Archive-Radio-Electronics/70s/1977/Radio-Electronics-1977-02.pdf,Radio-Electronics 1977-02,https://www.worldradiohistory.com/Archive-Radio-Electronics/70s/1977/Radio-Electronics-1977-02.pdf,,issue,1977,02,114,5af176023b8baf96
ar,https://www.worldradiohistory.com/Archive-Radio-Electronics/70s/1977/Radio-Electronics-1977-03.pdf,Radio-Electronics 1977-03,https://www.worldradiohistory.com/Archive-Radio-Electronics/70s/1977/Radio-Electronics-1977-03.pdf,,issue,1977,03,120,1b26f0cd89be24c5
as,https://www.worldradiohistory.com/Archive-Radio-Electronics/70s/1977/Radio-Electronics-1977-04.pdf,Radio-Electronics 1977-04,https://www.worldradiohistory.com/Archive-Radio-Electronics/70s/1977/Radio-Electronics-1977-04.pdf,,issue,1977,04,108,13b8a0433ce7b085
at,https://www.worldradiohistory.com/Archive-Radio-Electronics/70s/1977/Radio-Electronics-1977-05.pdf,Radio-Electronics 1977-05,https://www.worldradiohistory.com/Archive-Radio-Electronics/70s/1977/Radio-Electronics-1977-05.pdf,,issue,1977,05,108,4ceab0161e9d7c8f
au,https://www.worldradiohistory.com/Archive-Radio-Electronics/70s/1977/Radio-Electronics-1977-07.pdf,Radio-Electronics 1977-07,https://www.worldradiohistory.com/Archive-Radio-Electronics/70s/1977/Radio-Electronics-1977-07.pdf,,issue,1977,07,100,9b678f2c171e6b07
av,https://www.worldradiohistory.com/Archive-Radio-Electronics/70s/1977/Radio-Electronics-1977-08.pdf,Radio-Electronics 1977-08,https://www.worldradiohistory.com/Archive-Radio-Electronics/70s/1977/Radio-Electronics-1977-08.pdf,,issue,1977,08,100,e94c837b1a6d5dfd
aw,https://www.worldradiohistory.com/Archive-Radio-Electronics/70s/1977/Radio-Electronics-1977-09.pdf,Radio-Electronics 1977-09,https://www.worldradiohistory.com/Archive-Radio-Electronics/70s/1977/Radio-Electronics-1977-09.pdf,,issue,1977,09,116,fa0fa69a7b0fc8db
ax,https://www.worldradiohistory.com/Archive-Radio-Electronics/70s/1977/Radio-Electronics-1977-10.pdf,Radio-Electronics 1977-10,https://www.worldradiohistory.com/Archive-Radio-Electronics/70s/1977/Radio-Electronics-1977-10.pdf,,issue,1977,10,126,214b062d3f0a8287
ay,https://www.worldradiohistory.com/Archive-Radio-Electronics/70s/1977/Radio-Electronics-1977-11.pdf,Radio-Electronics 1977-11,https://www.worldradiohistory.com/Archive-Radio-Electronics/70s/1977/Radio-Electronics-1977-11.pdf,,issue,1977,11,116,e4fefb3c65b5dc22
az,https://www.worldradiohistory.com/Archive-Radio-Electronics/70s/1978/Radio-Electronics-1978-01.pdf,Radio-Electronics 1978-01,https://www.worldradiohistory.com/Archive-Radio-Electronics/70s/1978/Radio-Electronics-1978-01.pdf,,issue,1978,01,100,b32dfa680f464803
b,https://www.worldradiohistory.com/Archive-Radio-Electronics/90s/1994/EN-1994-06.pdf,Radio-Electronics 1994-06,https://www.worldradiohistory.com/Archive-Radio-Electronics/90s/1994/EN-1994-06.pdf,,issue,1994,06,92,dfeb89b51ddbb6e2
b0,https://www.worldradiohistory.com/Archive-Radio-Electronics/70s/1978/Radio-Electronics-1978-02.pdf,Radio-Electronics 1978-02,https://www.worldradiohistory.com/Archive-Radio-Electronics/70s/1978/Radio-Electronics-1978-02.pdf,,issue,1978,02,116,50e245cb553ac2db
b1,https://www.worldradiohistory.com/Archive-Radio-Electronics/70s/1978/Radio-Electronics-1978-03.pdf,Radio-Electronics 1978-03,https://www.worldradiohistory.com/Archive-Radio-Electronics/70s/1978/Radio-Electronics-1978-03.pdf,,issue,1978,03,128,4c9bc2b0f1bb1dbf
b2,https://www.worldradiohistory.com/Archive-Radio-Electronics/70s/1978/Radio-Electronics-1978-04.pdf,Radio-Electronics 1978-04,https://www.worldradiohistory.com/Archive-Radio-Electronics/70s/1978/Radio-Electronics-1978-04.pdf,,issue,1978,04,148,c9cd3940a99275f9
b3,https://www.worldradiohistory.com/Archive-Radio-Electronics/70s/1978/Radio-Electronics-1978-05.pdf,Radio-Electronics 1978-05,https://www.worldradiohistory.com/Archive-Radio-Electronics/70s/1978/Radio-Electronics-1978-05.pdf,,issue,1978,05,132,11f0c74d8f88e34d
b4,https://www.worldradiohistory.com/Archive-Radio-Electronics/70s/1978/Radio-Electronics-1978-07.pdf,Radio-Electronics 1978-07,https://www.worldradiohistory.com/Archive-Radio-Electronics/70s/1978/Radio-Electronics-1978-07.pdf,,issue,1978,07,114,6eff3174dd704ec5
b5,https://www.worldradiohistory.com/Archive-Radio-Electronics/70s/1978/Radio-Electronics-1978-08.pdf,Radio-Electronics 1978-08,https://www.worldradiohistory.com/Archive-Radio-Electronics/70s/1978/Radio-Electronics-1978-08.pdf,,issue,1978,08,114,c8773014158ccd17
b6,https://www.worldradiohistory.com/Archive-Radio-Electronics/70s/1978/Radio-Electronics-1978-09.pdf,Radio-Electronics 1978-09,https://www.worldradiohistory.com/Archive-Radio-Electronics/70s/1978/Radio-Electronics-1978-09.pdf,,issue,1978,09,126,4c88786d34a34494
b7,https://www.worldradiohistory.com/Archive-Radio-Electronics/70s/1978/Radio-Electronics-1978-10.pdf,Radio-Electronics 1978-10,https://www.worldradiohistory.com/Archive-Radio-Electronics/70s/1978/Radio-Electronics-1978-10.pdf,,issue,1978,10,132,dd4a4b435f87d06d
b8,https://www.worldradiohistory.com/Archive-Radio-Electronics/70s/1978/Radio-Electronics-1978-11.pdf,Radio-Electronics 1978-11,https://www.worldradiohistory.com/Archive-Radio-Electronics/70s/1978/Radio-Electronics-1978-11.pdf,,issue,1978,11,122,a582fc8a24e058e7
b9,https://www.worldradiohistory.com/Archive-Radio-Electronics/70s/1979/Radio-Electronics-1979-01.pdf,Radio-Electronics 1979-01,https://www.worldradiohistory.com/Archive-Radio-Electronics/70s/1979/Radio-Electronics-1979-01.pdf,,issue,1979,01,100,ab0d92a8aee7d37e
ba,https://www.worldradiohistory.com/Archive-Radio-Electronics/70s/1979/Radio-Electronics-1979-02.pdf,Radio-Electronics 1979-02,https://www.worldradiohistory.com/Archive-Radio-Electronics/70s/1979/Radio-Electronics-1979-02.pdf,,issue,1979,02,114,f755ca01600d5d0b
bb,https://www.worldradiohistory.com/Archive-Radio-Electronics/70s/1979/Radio-Electronics-1979-03.pdf,Radio-Electronics 1979-03,https://www.worldradiohistory.com/Archive-Radio-Electronics/70s/1979/Radio-Electronics-1979-03.pdf,,issue,1979,03,142,3e58552508deda3e
bc,https://www.worldradiohistory.com/Archive-Radio-Electronics/70s/1979/Radio-Electronics-1979-04.pdf,Radio-Electronics 1979-04,https://www.worldradiohistory.com/Archive-Radio-Electronics/70s/1979/Radio-Electronics-1979-04.pdf,,issue,1979,04,106,4d8db73ec513c8ec
bd,https://www.worldradiohistory.com/Archive-Radio-Electronics/70s/1979/Radio-Electronics-1979-05.pdf,Radio-Electronics 1979-05,https://www.worldradiohistory.com/Archive-Radio-Electronics/70s/1979/Radio-Electronics-1979-05.pdf,,issue,1979,05,122,3d9bd9c6761b7d51
be,https://www.worldradiohistory.com/Archive-Radio-Electronics/70s/1979/Radio-Electronics-1979-07.pdf,Radio-Electronics 1979-07,https://www.worldradiohistory.com/Archive-Radio-Electronics/70s/1979/Radio-Electronics-1979-07.pdf,,issue,1979,07,94,5b354d9323edc72d
bf,https://www.worldradiohistory.com/Archive-Radio-Electronics/70s/1979/Radio-Electronics-1979-08.pdf,Radio-Electronics 1979-08,https://www.worldradiohistory.com/Archive-Radio-Electronics/70s/1979/Radio-Electronics-1979-08.pdf,,issue,1979,08,100,137359a1655cd06e
bg,https://www.worldradiohistory.com/Archive-Radio-Electronics/70s/1979/Radio-Electronics-1979-09.pdf,Radio-Electronics 1979-09,https://www.worldradiohistory.com/Archive-Radio-Electronics/70s/1979/Radio-Electronics-1979-09.pdf,,issue,1979,09,108,2a8ddd22c9666d3d
bh,https://www.worldradiohistory.com/Archive-Radio-Electronics/70s/1979/Radio-Electronics-1979-10.pdf,Radio-Electronics 1979-10,https://www.worldradiohistory.com/Archive-Radio-Electronics/70s/1979/Radio-Electronics-1979-10.pdf,,issue,1979,10,154,a964eb8fa62b662d
bi,https://www.worldradiohistory.com/Archive-Radio-Electronics/70s/1979/Radio-Electronics-1979-11.pdf,Radio-Electronics 1979-11,https://www.worldradiohistory.com/Archive-Radio-Electronics/70s/1979/Radio-Electronics-1979-11.pdf,,issue,1979,11,116,29ea4294fa29a164
bj,https://www.worldradiohistory.com/Archive-Radio-Electronics/80s/1980/Radio-Electronics-1980-03.pdf,Radio-Electronics 1980-03,https://www.worldradiohistory.com/Archive-Radio-Electronics/80s/1980/Radio-Electronics-1980-03.pdf,,issue,1980,03,101,6c229a42d49e2e40
bk,https://www.worldradiohistory.com/Archive-Radio-Electronics/80s/1980/Radio-Electronics-1980-05.pdf,Radio-Electronics 1980-05,https://www.worldradiohistory.com/Archive-Radio-Electronics/80s/1980/Radio-Electronics-1980-05.pdf,,issue,1980,05,128,25a451c989d22cba
bl,https://www.worldradiohistory.com/Archive-Radio-Electronics/80s/1980/Radio-Electronics-1980-06.pdf,Radio-Electronics 1980-06,https://www.worldradiohistory.com/Archive-Radio-Electronics/80s/1980/Radio-Electronics-1980-06.pdf,,issue,1980,06,110,31b53d9e4bdb5b74
bm,https://www.worldradiohistory.com/Archive-Radio-Electronics/80s/1980/Radio-Electronics-1980-07.pdf,Radio-Electronics 1980-07,https://www.worldradiohistory.com/Archive-Radio-Electronics/80s/1980/Radio-Electronics-1980-07.pdf,,issue,1980,07,100,cd2255861f10676c
bn,https://www.worldradiohistory.com/Archive-Radio-Electronics/80s/1980/Radio-Electronics-1980-08.pdf,Radio-Electronics 1980-08,https://www.worldradiohistory.com/Archive-Radio-Electronics/80s/1980/Radio-Electronics-1980-08.pdf,,issue,1980,08,93,55408e4fa2e9daee
bo,https://www.worldradiohistory.com/Archive-Radio-Electronics/80s/1980/Radio-Electronics-1980-09.pdf,Radio-Electronics 1980-09,https://www.worldradiohistory.com/Archive-Radio-Electronics/80s/1980/Radio-Electronics-1980-09.pdf,,issue,1980,09,116,158f465a2255f214
bp,https://www.worldradiohistory.com/Archive-Radio-Electronics/80s/1980/Radio-Electronics-1980-12.pdf,Radio-Electronics 1980-12,https://www.worldradiohistory.com/Archive-Radio-Electronics/80s/1980/Radio-Electronics-1980-12.pdf,,issue,1980,12,126,c944f3fdf3eabf51
bq,https://www.worldradiohistory.com/Archive-Radio-Electronics/80s/1981/Radio-Electronics-1981-01.pdf,Radio-Electronics 1981-01,https://www.worldradiohistory.com/Archive-Radio-Electronics/80s/1981/Radio-Electronics-1981-01.pdf,,issue,1981,01,100,b2ced458f35de8e5
br,https://www.worldradiohistory.com/Archive-Radio-Electronics/80s/1981/Radio-Electronics-1981-02.pdf,Radio-Electronics 1981-02,https://www.worldradiohistory.com/Archive-Radio-Electronics/80s/1981/Radio-Electronics-1981-02.pdf,,issue,1981,02,118,b3f90ea0a2a86944
bs,https://www.worldradiohistory.com/Archive-Radio-Electronics/80s/1981/Radio-Electronics-1981-04.pdf,Radio-Electronics 1981-04,https://www.worldradiohistory.com/Archive-Radio-Electronics/80s/1981/Radio-Electronics-1981-04.pdf,,issue,1981,04,124,1eadf0d4b9e13563
bt,https://www.worldradiohistory.com/Archive-Radio-Electronics/80s/1981/Radio-Electronics-1981-05.pdf,Radio-Electronics 1981-05,https://www.worldradiohistory.com/Archive-Radio-Electronics/80s/1981/Radio-Electronics-1981-05.pdf,,issue,1981,05,108,41019a0249e6255a
bu,https://www.worldradiohistory.com/Archive-Radio-Electronics/80s/1981/Radio-Electronics-1981-06.pdf,Radio-Electronics 1981-06,https://www.worldradiohistory.com/Archive-Radio-Electronics/80s/1981/Radio-Electronics-1981-06.pdf,,issue,1981,06,108,8e05009fdcc3c0b3
bv,https://www.worldradiohistory.com/Archive-Radio-Electronics/80s/1981/Radio-Electronics-1981-07.pdf,Radio-Electronics 1981-07,https://www.worldradiohistory.com/Archive-Radio-Electronics/80s/1981/Radio-Electronics-1981-07.pdf,,issue,1981,07,98,9fe05ce5f8f5cc23
bw,https://www.worldradiohistory.com/Archive-Radio-Electronics/80s/1981/Radio-Electronics-1981-08.pdf,Radio-Electronics 1981-08,https://www.worldradiohistory.com/Archive-Radio-Electronics/80s/1981/Radio-Electronics-1981-08.pdf,,issue,1981,08,106,d931b249d334bd40
bx,https://www.worldradiohistory.com/Archive-Radio-Electronics/80s/1981/Radio-Electronics-1981-10.pdf,Radio-Electronics 1981-10,https://www.worldradiohistory.com/Archive-Radio-Electronics/80s/1981/Radio-Electronics-1981-10.pdf,,issue,1981,10,138,717dc79fa4b424b0
by,https://www.worldradiohistory.com/Archive-Radio-Electronics/80s/1981/Radio-Electronics-1981-11.pdf,Radio-Electronics 1981-11,https://www.worldradiohistory.com/Archive-Radio-Electronics/80s/1981/Radio-Electronics-1981-11.pdf,,issue,1981,11,132,c4413e84f98b82c6
bz,https://www.worldradiohistory.com/Archive-Radio-Electronics/80s/1981/Radio-Electronics-1981-12.pdf,Radio-Electronics 1981-12,https://www.worldradiohistory.com/Archive-Radio-Electronics/80s/1981/Radio-Electronics-1981-12.pdf,,issue,1981,12,138,3669b4a012e62a67
c,https://www.worldradiohistory.com/Archive-Radio-Electronics/90s/1994/EN-1994-07.pdf,Radio-Electronics 1994-07,https://www.worldradiohistory.com/Archive-Radio-Electronics/90s/1994/EN-1994-07.pdf,,issue,1994,07,172,176b9d695edb9bcb
c0,https://www.worldradiohistory.com/Archive-Radio-Electronics/80s/1982/Radio-Electronics-1982-01-o.pdf,Radio-Electronics 1982-01,https://www.worldradiohistory.com/Archive-Radio-Electronics/80s/1982/Radio-Electronics-1982-01-o.pdf,,issue,1982,01,122,565ecbb5ea10ab58
c1,https://www.worldradiohistory.com/Archive-Radio-Electronics/80s/1982/Radio-Electronics-1982-03.pdf,Radio-Electronics 1982-03,https://www.worldradiohistory.com/Archive-Radio-Electronics/80s/1982/Radio-Electronics-1982-03.pdf,,issue,1982,03,116,89879b874bf0d167
c2,https://www.worldradiohistory.com/Archive-Radio-Electronics/80s/1982/Radio-Electronics-1982-04.pdf,Radio-Electronics 1982-04,https://www.worldradiohistory.com/Archive-Radio-Electronics/80s/1982/Radio-Electronics-1982-04.pdf,,issue,1982,04,148,73b97d465ca16637
c3,https://www.worldradiohistory.com/Archive-Radio-Electronics/80s/1982/Radio-Electronics-1982-05.pdf,Radio-Electronics 1982-05,https://www.worldradiohistory.com/Archive-Radio-Electronics/80s/1982/Radio-Electronics-1982-05.pdf,,issue,1982,05,124,e9de54ffd098e8ac
c4,https://www.worldradiohistory.com/Archive-Radio-Electronics/80s/1982/Radio-Electronics-1982-06.pdf,Radio-Electronics 1982-06,https://www.worldradiohistory.com/Archive-Radio-Electronics/80s/1982/Radio-Electronics-1982-06.pdf,,issue,1982,06,124,d4c69a840a99d567
c5,https://www.worldradiohistory.com/Archive-Radio-Electronics/80s/1982/Radio-Electronics-1982-07.pdf,Radio-Electronics 1982-07,https://www.worldradiohistory.com/Archive-Radio-Electronics/80s/1982/Radio-Electronics-1982-07.pdf,,issue,1982,07,132,97f3ec2ae24dc813
c6,https://www.worldradiohistory.com/Archive-Radio-Electronics/80s/1982/Radio-Electronics-1982-09.pdf,Radio-Electronics 1982-09,https://www.worldradiohistory.com/Archive-Radio-Electronics/80s/1982/Radio-Electronics-1982-09.pdf,,issue,1982,09,132,b077cb7098b3a087
c7,https://www.worldradiohistory.com/Archive-Radio-Electronics/80s/1982/Radio-Electronics-1982-10.pdf,Radio-Electronics 1982-10,https://www.worldradiohistory.com/Archive-Radio-Electronics/80s/1982/Radio-Electronics-1982-10.pdf,,issue,1982,10,180,317df584f2b70c74
c8,https://www.worldradiohistory.com/Archive-Radio-Electronics/80s/1982/Radio-Electronics-1982-11.pdf,Radio-Electronics 1982-11,https://www.worldradiohistory.com/Archive-Radio-Electronics/80s/1982/Radio-Electronics-1982-11.pdf,,issue,1982,11,140,ef2049251edec3b9
c9,https://www.worldradiohistory.com/Archive-Radio-Electronics/80s/1982/Radio-Electronics-1982-12.pdf,Radio-Electronics 1982-12,https://www.worldradiohistory.com/Archive-Radio-Electronics/80s/1982/Radio-Electronics-1982-12.pdf,,issue,1982,12,132,5934ad5d2ba05a4a
ca,https://www.worldradiohistory.com/Archive-Radio-Electronics/80s/1983/Radio-Electronics-1983-01.pdf,Radio-Electronics 1983-01,https://www.worldradiohistory.com/Archive-Radio-Electronics/80s/1983/Radio-Electronics-1983-01.pdf,,issue,1983,01,132,6928558c7b738f66
cb,https://www.worldradiohistory.com/Archive-Radio-Electronics/80s/1983/Radio-Electronics-1983-02.pdf,Radio-Electronics 1983-02,https://www.worldradiohistory.com/Archive-Radio-Electronics/80s/1983/Radio-Electronics-1983-02.pdf,,issue,1983,02,130,87cd499cf17c0ca2
cc,https://www.worldradiohistory.com/Archive-Radio-Electronics/80s/1983/Radio-Electronics-1983-03.pdf,Radio-Electronics 1983-03,https://www.worldradiohistory.com/Archive-Radio-Electronics/80s/1983/Radio-Electronics-1983-03.pdf,,issue,1983,03,132,1addeec7450f5849
cd,https://www.worldradiohistory.com/Archive-Radio-Electronics/80s/1983/Radio-Electronics-1983-05.pdf,Radio-Electronics 1983-05,https://www.worldradiohistory.com/Archive-Radio-Electronics/80s/1983/Radio-Electronics-1983-05.pdf,,issue,1983,05,140,caa3606b66c8af8e
ce,https://www.worldradiohistory.com/Archive-Radio-Electronics/80s/1983/Radio-Electronics-1983-06.pdf,Radio-Electronics 1983-06,https://www.worldradiohistory.com/Archive-Radio-Electronics/80s/1983/Radio-Electronics-1983-06.pdf,,issue,1983,06,134,08d5b11d970fb59d
cf,https://www.worldradiohistory.com/Archive-Radio-Electronics/80s/1983/Radio-Electronics-1983-07.pdf,Radio-Electronics 1983-07,https://www.worldradiohistory.com/Archive-Radio-Electronics/80s/1983/Radio-Electronics-1983-07.pdf,,issue,1983,07,132,9a059912b8c7b898
cg,https://www.worldradiohistory.com/Archive-Radio-Electronics/80s/1983/Radio-Electronics-1983-08.pdf,Radio-Electronics 1983-08,https://www.worldradiohistory.com/Archive-Radio-Electronics/80s/1983/Radio-Electronics-1983-08.pdf,,issue,1983,08,132,70ed04e2acb20996
ch,https://www.worldradiohistory.com/Archive-Radio-Electronics/80s/1983/Radio-Electronics-1983-09.pdf,Radio-Electronics 1983-09,https://www.worldradiohistory.com/Archive-Radio-Electronics/80s/1983/Radio-Electronics-1983-09.pdf,,issue,1983,09,132,c9a4b1eca3588894
ci,https://www.worldradiohistory.com/Archive-Radio-Electronics/80s/1983/Radio-Electronics-1983-11.pdf,Radio-Electronics 1983-11,https://www.worldradiohistory.com/Archive-Radio-Electronics/80s/1983/Radio-Electronics-1983-11.pdf,,issue,1983,11,148,9a8141d36a15fcf9
cj,https://www.worldradiohistory.com/Archive-Radio-Electronics/80s/1983/Radio-Electronics-1983-12.pdf,Radio-Electronics 1983-12,https://www.worldradiohistory.com/Archive-Radio-Electronics/80s/1983/Radio-Electronics-1983-12.pdf,,issue,1983,12,132,4e60cc25330a9672
ck,https://www.worldradiohistory.com/Archive-Radio-Electronics/80s/1984/Radio-Electronics-1984-04.pdf,Radio-Electronics 1984-04,https://www.worldradiohistory.com/Archive-Radio-Electronics/80s/1984/Radio-Electronics-1984-04.pdf,,issue,1984,04,140,6a2474f809c97700
cl,https://www.worldradiohistory.com/Archive-Radio-Electronics/80s/1985/Radio-Electronics-1985-01.pdf,Radio-Electronics 1985-01,https://www.worldradiohistory.com/Archive-Radio-Electronics/80s/1985/Radio-Electronics-1985-01.pdf,,issue,1985,01,128,13f8ff716e84d176
cm,https://www.worldradiohistory.com/Archive-Radio-Electronics/80s/1985/Radio-Electronics-1985-05.pdf,Radio-Electronics 1985-05,https://www.worldradiohistory.com/Archive-Radio-Electronics/80s/1985/Radio-Electronics-1985-05.pdf,,issue,1985,05,148,3013616a92494306
cn,https://www.worldradiohistory.com/Archive-Radio-Electronics/80s/1985/Radio-Electronics-1985-06.pdf,Radio-Electronics 1985-06,https://www.worldradiohistory.com/Archive-Radio-Electronics/80s/1985/Radio-Electronics-1985-06.pdf,,issue,1985,06,124,7ce690cd12eeba1f
co,https://www.worldradiohistory.com/Archive-Radio-Electronics/80s/1985/Radio-Electronics-1985-12.pdf,Radio-Electronics 1985-12,https://www.worldradiohistory.com/Archive-Radio-Electronics/80s/1985/Radio-Electronics-1985-12.pdf,,issue,1985,12,146,ff38d683ed9c3a81
cp,https://www.worldradiohistory.com/Archive-Radio-Electronics/80s/1986/Radio-Electronics-1986-01.pdf,Radio-Electronics 1986-01,https://www.worldradiohistory.com/Archive-Radio-Electronics/80s/1986/Radio-Electronics-1986-01.pdf,,issue,1986,01,140,8bea989e1a079a29
cq,https://www.worldradiohistory.com/Archive-Radio-Electronics/80s/1986/Radio-Electronics-1986-03.pdf,Radio-Electronics 1986-03,https://www.worldradiohistory.com/Archive-Radio-Electronics/80s/1986/Radio-Electronics-1986-03.pdf,,issue,1986,03,130,52b64dca6cedf49d
cr,https://www.worldradiohistory.com/Archive-Radio-Electronics/80s/1986/Radio-Electronics-1986-07.pdf,Radio-Electronics 1986-07,https://www.worldradiohistory.com/Archive-Radio-Electronics/80s/1986/Radio-Electronics-1986-07.pdf,,issue,1986,07,122,ebb6b706fcfb88bf
cs,https://www.worldradiohistory.com/Archive-Radio-Electronics/80s/1986/Radio-Electronics-1986-10.pdf,Radio-Electronics 1986-10,https://www.worldradiohistory.com/Archive-Radio-Electronics/80s/1986/Radio-Electronics-1986-10.pdf,,issue,1986,10,134,f8a14c9613a10312
ct,https://www.worldradiohistory.com/Archive-Radio-Electronics/80s/1986/Radio-Electronics-1986-11.pdf,Radio-Electronics 1986-11,https://www.worldradiohistory.com/Archive-Radio-Electronics/80s/1986/Radio-Electronics-1986-11.pdf,,issue,1986,11,118,dea66b049e2d9c22
cu,https://www.worldradiohistory.com/Archive-Radio-Electronics/80s/1987/Radio-Electronics-1987-01.pdf,Radio-Electronics 1987-01,https://www.worldradiohistory.com/Archive-Radio-Electronics/80s/1987/Radio-Electronics-1987-01.pdf,,issue,1987,01,128,d2ce2ed353853459
cv,https://www.worldradiohistory.com/Archive-Radio-Electronics/80s/1987/Radio-Electronics-1987-02.pdf,Radio-Electronics 1987-02,https://www.worldradiohistory.com/Archive-Radio-Electronics/80s/1987/Radio-Electronics-1987-02.pdf,,issue,1987,02,142,79ef0eef15f4d8cc
cw,https://www.worldradiohistory.com/Archive-Radio-Electronics/80s/1987/Radio-Electronics-1987-03.pdf,Radio-Electronics 1987-03,https://www.worldradiohistory.com/Archive-Radio-Electronics/80s/1987/Radio-Electronics-1987-03.pdf,,issue,1987,03,118,3600056c214c7ba1
cx,https://www.worldradiohistory.com/Archive-Radio-Electronics/80s/1987/Radio-Electronics-1987-05.pdf,Radio-Electronics 1987-05,https://www.worldradiohistory.com/Archive-Radio-Electronics/80s/1987/Radio-Electronics-1987-05.pdf,,issue,1987,05,160,ed9fb4fd319e3b91
cy,https://www.worldradiohistory.com/Archive-Radio-Electronics/80s/1987/Radio-Electronics-1987-06.pdf,Radio-Electronics 1987-06,https://www.worldradiohistory.com/Archive-Radio-Electronics/80s/1987/Radio-Electronics-1987-06.pdf,,issue,1987,06,126,d99d9818c76a57e4
cz,https://www.worldradiohistory.com/Archive-Radio-Electronics/80s/1987/Radio-Electronics-1987-07.pdf,Radio-Electronics 1987-07,https://www.worldradiohistory.com/Archive-Radio-Electronics/80s/1987/Radio-Electronics-1987-07.pdf,,issue,1987,07,102,8f62900d8bda7e55
d,https://www.worldradiohistory.com/Archive-Radio-Electronics/90s/1994/EN-1994-08.pdf,Radio-Electronics 1994-08,https://www.worldradiohistory.com/Archive-Radio-Electronics/90s/1994/EN-1994-08.pdf,,issue,1994,08,94,27e4279c564a7222
d0,https://www.worldradiohistory.com/Archive-Radio-Electronics/80s/1987/Radio-Electronics-1987-08.pdf,Radio-Electronics 1987-08,https://www.worldradiohistory.com/Archive-Radio-Electronics/80s/1987/Radio-Electronics-1987-08.pdf,,issue,1987,08,100,a91534218ff6ed6d
d1,https://www.worldradiohistory.com/Archive-Radio-Electronics/80s/1987/Radio-Electronics-1987-09.pdf,Radio-Electronics 1987-09,https://www.worldradiohistory.com/Archive-Radio-Electronics/80s/1987/Radio-Electronics-1987-09.pdf,,issue,1987,09,110,d0f569b1195db586
d2,https://www.worldradiohistory.com/Archive-Radio-Electronics/80s/1987/Radio-Electronics-1987-11.pdf,Radio-Electronics 1987-11,https://www.worldradiohistory.com/Archive-Radio-Electronics/80s/1987/Radio-Electronics-1987-11.pdf,,issue,1987,11,148,af3e96070f7b4f6e
d3,https://www.worldradiohistory.com/Archive-Radio-Electronics/80s/1987/Radio-Electronics-1987-12.pdf,Radio-Electronics 1987-12,https://www.worldradiohistory.com/Archive-Radio-Electronics/80s/1987/Radio-Electronics-1987-12.pdf,,issue,1987,12,126,9304d0850d503ce2
d4,https://www.worldradiohistory.com/Archive-Radio-Electronics/80s/1988/Radio-Electronics-1988-01.pdf,Radio-Electronics 1988-01,https://www.worldradiohistory.com/Archive-Radio-Electronics/80s/1988/Radio-Electronics-1988-01.pdf,,issue,1988,01,116,9585963a7de2186e
d5,https://www.worldradiohistory.com/Archive-Radio-Electronics/80s/1988/Radio-Electronics-1988-02.pdf,Radio-Electronics 1988-02,https://www.worldradiohistory.com/Archive-Radio-Electronics/80s/1988/Radio-Electronics-1988-02.pdf,,issue,1988,02,116,4559d4c2da9cff32
d6,https://www.worldradiohistory.com/Archive-Radio-Electronics/80s/1988/Radio-Electronics-1988-03.pdf,Radio-Electronics 1988-03,https://www.worldradiohistory.com/Archive-Radio-Electronics/80s/1988/Radio-Electronics-1988-03.pdf,,issue,1988,03,116,41cfcaf85daa960e
d7,https://www.worldradiohistory.com/Archive-Radio-Electronics/80s/1988/Radio-Electronics-1988-05.pdf,Radio-Electronics 1988-05,https://www.worldradiohistory.com/Archive-Radio-Electronics/80s/1988/Radio-Electronics-1988-05.pdf,,issue,1988,05,114,b67ed545336a98a0
d8,https://www.worldradiohistory.com/Archive-Radio-Electronics/80s/1988/Radio-Electronics-1988-06.pdf,Radio-Electronics 1988-06,https://www.worldradiohistory.com/Archive-Radio-Electronics/80s/1988/Radio-Electronics-1988-06.pdf,,issue,1988,06,114,a611031abd4a185b
d9,https://www.worldradiohistory.com/Archive-Radio-Electronics/80s/1988/Radio-Electronics-1988-07.pdf,Radio-Electronics 1988-07,https://www.worldradiohistory.com/Archive-Radio-Electronics/80s/1988/Radio-Electronics-1988-07.pdf,,issue,1988,07,118,3225a6937d214eda
da,https://www.worldradiohistory.com/Archive-Radio-Electronics/80s/1988/Radio-Electronics-1988-08.pdf,Radio-Electronics 1988-08,https://www.worldradiohistory.com/Archive-Radio-Electronics/80s/1988/Radio-Electronics-1988-08.pdf,,issue,1988,08,116,752d9a692dbf3c17
db,https://www.worldradiohistory.com/Archive-Radio-Electronics/80s/1988/Radio-Electronics-1988-09.pdf,Radio-Electronics 1988-09,https://www.worldradiohistory.com/Archive-Radio-Electronics/80s/1988/Radio-Electronics-1988-09.pdf,,issue,1988,09,116,ce0817a603cf409f
dc,https://www.worldradiohistory.com/Archive-Radio-Electronics/80s/1988/Radio-Electronics-1988-11.pdf,Radio-Electronics 1988-11,https://www.worldradiohistory.com/Archive-Radio-Electronics/80s/1988/Radio-Electronics-1988-11.pdf,,issue,1988,11,116,7b4b53a90a6be4ee
dd,https://www.worldradiohistory.com/Archive-Radio-Electronics/80s/1988/Radio-Electronics-1988-12.pdf,Radio-Electronics 1988-12,https://www.worldradiohistory.com/Archive-Radio-Electronics/80s/1988/Radio-Electronics-1988-12.pdf,,issue,1988,12,116,864decb1ed307c2c
de,https://www.worldradiohistory.com/Archive-Radio-Electronics/80s/1989/Radio-Electronics-1989-01.pdf,Radio-Electronics 1989-01,https://www.worldradiohistory.com/Archive-Radio-Electronics/80s/1989/Radio-Electronics-1989-01.pdf,,issue,1989,01,116,cf57890e0d5f29aa
df,https://www.worldradiohistory.com/Archive-Radio-Electronics/80s/1989/Radio-Electronics-1989-02.pdf,Radio-Electronics 1989-02,https://www.worldradiohistory.com/Archive-Radio-Electronics/80s/1989/Radio-Electronics-1989-02.pdf,,issue,1989,02,124,27b2ac61054c6613
dg,https://www.worldradiohistory.com/Archive-Radio-Electronics/80s/1989/Radio-Electronics-1989-04.pdf,Radio-Electronics 1989-04,https://www.worldradiohistory.com/Archive-Radio-Electronics/80s/1989/Radio-Electronics-1989-04.pdf,,issue,1989,04,100,ee0eb33cd8a91c4e
dh,https://www.worldradiohistory.com/Archive-Radio-Electronics/80s/1989/Radio-Electronics-1989-05.pdf,Radio-Electronics 1989-05,https://www.worldradiohistory.com/Archive-Radio-Electronics/80s/1989/Radio-Electronics-1989-05.pdf,,issue,1989,05,100,80a872e66bf1c704
di,https://www.worldradiohistory.com/Archive-Radio-Electronics/80s/1989/Radio-Electronics-1989-06.pdf,Radio-Electronics 1989-06,https://www.worldradiohistory.com/Archive-Radio-Electronics/80s/1989/Radio-Electronics-1989-06.pdf,,issue,1989,06,102,02c51d05fe963193
dj,https://www.worldradiohistory.com/Archive-Radio-Electronics/80s/1989/Radio-Electronics-1989-07.pdf,Radio-Electronics 1989-07,https://www.worldradiohistory.com/Archive-Radio-Electronics/80s/1989/Radio-Electronics-1989-07.pdf,,issue,1989,07,102,068b6db1ed301855
dk,https://www.worldradiohistory.com/Archive-Radio-Electronics/80s/1989/Radio-Electronics-1989-08.pdf,Radio-Electronics 1989-08,https://www.worldradiohistory.com/Archive-Radio-Electronics/80s/1989/Radio-Electronics-1989-08.pdf,,issue,1989,08,100,c2ff6a4f0e660009
dl,https://www.worldradiohistory.com/Archive-Radio-Electronics/80s/1989/Radio-Electronics-1989-10.pdf,Radio-Electronics 1989-10,https://www.worldradiohistory.com/Archive-Radio-Electronics/80s/1989/Radio-Electronics-1989-10.pdf,,issue,1989,10,100,411810886c2e155b
dm,https://www.worldradiohistory.com/Archive-Radio-Electronics/80s/1989/Radio-Electronics-1989-11.pdf,Radio-Electronics 1989-11,https://www.worldradiohistory.com/Archive-Radio-Electronics/80s/1989/Radio-Electronics-1989-11.pdf,,issue,1989,11,100,537debcd9363aa84
dn,https://www.worldradiohistory.com/Archive-Radio-Electronics/80s/1989/Radio-Electronics-1989-12.pdf,Radio-Electronics 1989-12,https://www.worldradiohistory.com/Archive-Radio-Electronics/80s/1989/Radio-Electronics-1989-12.pdf,,issue,1989,12,100,327b868513a7d8a5
do,https://www.worldradiohistory.com/Archive-Radio-Electronics/90s/1990/Radio-Electronics-1990-01.pdf,Radio-Electronics 1990-01,https://www.worldradiohistory.com/Archive-Radio-Electronics/90s/1990/Radio-Electronics-1990-01.pdf,,issue,1990,01,100,e08fa1ba77cfc922
dp,https://www.worldradiohistory.com/Archive-Radio-Electronics/90s/1990/Radio-Electronics-1990-03.pdf,Radio-Electronics 1990-03,https://www.worldradiohistory.com/Archive-Radio-Electronics/90s/1990/Radio-Electronics-1990-03.pdf,,issue,1990,03,92,a9852d85faf59651
dq,https://www.worldradiohistory.com/Archive-Radio-Electronics/90s/1990/Radio-Electronics-1990-04.pdf,Radio-Electronics 1990-04,https://www.worldradiohistory.com/Archive-Radio-Electronics/90s/1990/Radio-Electronics-1990-04.pdf,,issue,1990,04,94,84b7e1f37d9d8465
dr,https://www.worldradiohistory.com/Archive-Radio-Electronics/90s/1990/Radio-Electronics-1990-05.pdf,Radio-Electronics 1990-05,https://www.worldradiohistory.com/Archive-Radio-Electronics/90s/1990/Radio-Electronics-1990-05.pdf,,issue,1990,05,100,804a46bcb2037d30
ds,https://www.worldradiohistory.com/Archive-Radio-Electronics/90s/1990/Radio-Electronics-1990-07.pdf,Radio-Electronics 1990-07,https://www.worldradiohistory.com/Archive-Radio-Electronics/90s/1990/Radio-Electronics-1990-07.pdf,,issue,1990,07,92,4dee278cd54aecc8
dt,https://www.worldradiohistory.com/Archive-Radio-Electronics/90s/1990/Radio-Electronics-1990-09.pdf,Radio-Electronics 1990-09,https://www.worldradiohistory.com/Archive-Radio-Electronics/90s/1990/Radio-Electronics-1990-09.pdf,,issue,1990,09,132,a88dbe8675bac4aa
du,https://www.worldradiohistory.com/Archive-Radio-Electronics/90s/1990/Radio-Electronics-1990-10.pdf,Radio-Electronics 1990-10,https://www.worldradiohistory.com/Archive-Radio-Electronics/90s/1990/Radio-Electronics-1990-10.pdf,,issue,1990,10,92,9a99c4742d5de8d8
dv,https://www.worldradiohistory.com/Archive-Radio-Electronics/90s/1990/Radio-Electronics-1990-11.pdf,Radio-Electronics 1990-11,https://www.worldradiohistory.com/Archive-Radio-Electronics/90s/1990/Radio-Electronics-1990-11.pdf,,issue,1990,11,102,e1405112fbdd9f6d
dw,https://www.worldradiohistory.com/Archive-Radio-Electronics/90s/1991/Radio-Electronics-1991-02.pdf,Radio-Electronics 1991-02,https://www.worldradiohistory.com/Archive-Radio-Electronics/90s/1991/Radio-Electronics-1991-02.pdf,,issue,1991,02,96,585b290274b5b384
dx,https://www.worldradiohistory.com/Archive-Radio-Electronics/90s/1991/Radio-Electronics-1991-03.pdf,Radio-Electronics 1991-03,https://www.worldradiohistory.com/Archive-Radio-Electronics/90s/1991/Radio-Electronics-1991-03.pdf,,issue,1991,03,92,9eb974434bd23436
dy,https://www.worldradiohistory.com/Archive-Radio-Electronics/90s/1991/Radio-Electronics-1991-04.pdf,Radio-Electronics 1991-04,https://www.worldradiohistory.com/Archive-Radio-Electronics/90s/1991/Radio-Electronics-1991-04.pdf,,issue,1991,04,90,17582d9ade335910
dz,https://www.worldradiohistory.com/Archive-Radio-Electronics/90s/1991/Radio-Electronics-1991-06.pdf,Radio-Electronics 1991-06,https://www.worldradiohistory.com/Archive-Radio-Electronics/90s/1991/Radio-Electronics-1991-06.pdf,,issue,1991,06,92,862c774d97581f57
e,https://www.worldradiohistory.com/Archive-Radio-Electronics/90s/1994/EN-1994-10.pdf,Radio-Electronics 1994-10,https://www.worldradiohistory.com/Archive-Radio-Electronics/90s/1994/EN-1994-10.pdf,,issue,1994,10,94,5855fe0b576888d8
e0,https://www.worldradiohistory.com/Archive-Radio-Electronics/90s/1991/Radio-Electronics-1991-08.pdf,Radio-Electronics 1991-08,https://www.worldradiohistory.com/Archive-Radio-Electronics/90s/1991/Radio-Electronics-1991-08.pdf,,issue,1991,08,92,5438e514a243f2a0
e1,https://www.worldradiohistory.com/Archive-Radio-Electronics/90s/1991/Radio-Electronics-1991-09.pdf,Radio-Electronics 1991-09,https://www.worldradiohistory.com/Archive-Radio-Electronics/90s/1991/Radio-Electronics-1991-09.pdf,,issue,1991,09,92,67cfb152b1d795ef
e2,https://www.worldradiohistory.com/Archive-Radio-Electronics/90s/1991/Radio-Electronics-1991-10.pdf,Radio-Electronics 1991-10,https://www.worldradiohistory.com/Archive-Radio-Electronics/90s/1991/Radio-Electronics-1991-10.pdf,,issue,1991,10,100,58697f999960d08b
e3,https://www.worldradiohistory.com/Archive-Radio-Electronics/90s/1991/Radio-Electronics-1991-12.pdf,Radio-Electronics 1991-12,https://www.worldradiohistory.com/Archive-Radio-Electronics/90s/1991/Radio-Electronics-1991-12.pdf,,issue,1991,12,92,db34a63f5fb58a66
e4,https://www.worldradiohistory.com/Archive-Radio-Electronics/90s/1992/Radio-Electronics-1992-01.pdf,Radio-Electronics 1992-01,https://www.worldradiohistory.com/Archive-Radio-Electronics/90s/1992/Radio-Electronics-1992-01.pdf,,issue,1992,01,180,f0a0790ec5179b5a
e5,https://www.worldradiohistory.com/Archive-Radio-Electronics/90s/1992/Radio-Electronics-1992-02.pdf,Radio-Electronics 1992-02,https://www.worldradiohistory.com/Archive-Radio-Electronics/90s/1992/Radio-Electronics-1992-02.pdf,,issue,1992,02,100,f6e083e4dd9b9c3b
e6,https://www.worldradiohistory.com/Archive-Radio-Electronics/90s/1992/Radio-Electronics-1992-03.pdf,Radio-Electronics 1992-03,https://www.worldradiohistory.com/Archive-Radio-Electronics/90s/1992/Radio-Electronics-1992-03.pdf,,issue,1992,03,100,41f40904b5034dac
e7,https://www.worldradiohistory.com/Archive-Radio-Electronics/90s/1992/Radio-Electronics-1992-05.pdf,Radio-Electronics 1992-05,https://www.worldradiohistory.com/Archive-Radio-Electronics/90s/1992/Radio-Electronics-1992-05.pdf,,issue,1992,05,172,1c980dff2845b6b3
e8,https://www.worldradiohistory.com/Archive-Radio-Electronics/90s/1992/Radio-Electronics-1992-07.pdf,Radio-Electronics 1992-07,https://www.worldradiohistory.com/Archive-Radio-Electronics/90s/1992/Radio-Electronics-1992-07.pdf,,issue,1992,07,100,1551c245458597b1
e9,https://www.worldradiohistory.com/Archive-Radio-Electronics/90s/1992/Radio-Electronics-1992-08.pdf,Radio-Electronics 1992-08,https://www.worldradiohistory.com/Archive-Radio-Electronics/90s/1992/Radio-Electronics-1992-08.pdf,,issue,1992,08,92,b598c0a1746de609
ea,https://www.worldradiohistory.com/Archive-Radio-Electronics/90s/1992/Radio-Electronics-1992-09.pdf,Radio-Electronics 1992-09,https://www.worldradiohistory.com/Archive-Radio-Electronics/90s/1992/Radio-Electronics-1992-09.pdf,,issue,1992,09,100,18e6400b877c5b9a
eb,https://www.worldradiohistory.com/Archive-Radio-Electronics/90s/1992/Radio-Electronics-1992-11.pdf,Radio-Electronics 1992-11,https://www.worldradiohistory.com/Archive-Radio-Electronics/90s/1992/Radio-Electronics-1992-11.pdf,,issue,1992,11,92,46484b6ab6573143
ec,https://www.worldradiohistory.com/Archive-Radio-Electronics/Radio-Electronics-Annual-1983.pdf,Radio-Electronics 1983,https://www.worldradiohistory.com/Archive-Radio-Electronics/Radio-Electronics-Annual-1983.pdf,,issue,1983,,132,043f93243ae7eaaa
ed,https://www.worldradiohistory.com/Archive-Radio-Electronics/Radio-Electronics-Annual-1984.pdf,Radio-Electronics 1984,https://www.worldradiohistory.com/Archive-Radio-Electronics/Radio-Electronics-Annual-1984.pdf,,issue,1984,,130,6a85b4532f4114d9
ee,https://www.worldradiohistory.com/Archive-Radio-Electronics/Radio-Electronics-Annual-1985.pdf,Radio-Electronics 1985,https://www.worldradiohistory.com/Archive-Radio-Electronics/Radio-Electronics-Annual-1985.pdf,,issue,1985,,132,5a14da42d56213cb
ef,https://www.worldradiohistory.com/Archive-Radio-Electronics/Radio-Electronics-Annual-1986.pdf,Radio-Electronics 1986,https://www.worldradiohistory.com/Archive-Radio-Electronics/Radio-Electronics-Annual-1986.pdf,,issue,1986,,98,a752e4122dc99d90
eg,https://www.worldradiohistory.com/Archive-Radio-Electronics/Specials/Radio-Electronics-Experimenters-Handbook-1991.pdf,Radio-Electronics 1991,https://www.worldradiohistory.com/Archive-Radio-Electronics/Specials/Radio-Electronics-Experimenters-Handbook-1991.pdf,,issue,1991,,164,a1403ca7fb3b55fc
eh,https://www.worldradiohistory.com/Archive-Radio-Electronics/Specials/Radio-Electronics-Experimenters-Handbook-1993.pdf,Radio-Electronics 1993,https://www.worldradiohistory.com/Archive-Radio-Electronics/Specials/Radio-Electronics-Experimenters-Handbook-1993.pdf,,issue,1993,,132,83f3a87e65bf31b3
ei,https://www.worldradiohistory.com/Archive-Radio-Electronics/Specials/Radio-Electronics-Special-Projects-1980-Winter.pdf,Radio-Electronics 1980,https://www.worldradiohistory.com/Archive-Radio-Electronics/Specials/Radio-Electronics-Special-Projects-1980-Winter.pdf,,issue,1980,,100,e0c91dc5451d101d
ej,https://www.worldradiohistory.com/Archive-Radio-Electronics/Specials/Radio-Electronics-Special-Projects-1981-Fall.pdf,Radio-Electronics 1981,https://www.worldradiohistory.com/Archive-Radio-Electronics/Specials/Radio-Electronics-Special-Projects-1981-Fall.pdf,,issue,1981,,100,abe2b3dfbc76532e
ek,https://www.worldradiohistory.com/Archive-Radio-Electronics/Specials/Radio-Electronics-Special-Projects-1981-Summer.pdf,Radio-Electronics 1981,https://www.worldradiohistory.com/Archive-Radio-Electronics/Specials/Radio-Electronics-Special-Projects-1981-Summer.pdf,,issue,1981,,100,fa9c930035e3a17a
el,https://www.worldradiohistory.com/Archive-Radio-Electronics/Specials/Radio-Electronics-Special-Projects-1982-Summer.pdf,Radio-Electronics 1982,https://www.worldradiohistory.com/Archive-Radio-Electronics/Specials/Radio-Electronics-Special-Projects-1982-Summer.pdf,,issue,1982,,100,4cb5748035ebbb78
em,https://www.worldradiohistory.com/Archive-Radio-Electronics/Specials/Radio-Electronics-Special-Projects-1983-Spring.pdf,Radio-Electronics 1983,https://www.worldradiohistory.com/Archive-Radio-Electronics/Specials/Radio-Electronics-Special-Projects-1983-Spring.pdf,,issue,1983,,100,5512063c4a8f2a0e
en,https://www.worldradiohistory.com/Archive-Radio-Electronics/Specials/Radio-Electronics-Special-Projects-1983-Winter.pdf,Radio-Electronics 1983,https://www.worldradiohistory.com/Archive-Radio-Electronics/Specials/Radio-Electronics-Special-Projects-1983-Winter.pdf,,issue,1983,,100,2498730a3b9fbedc
eo,https://www.worldradiohistory.com/Archive-Radio-Electronics/Specials/Radio-Electronics-Special-Projects-1984-Spring.pdf,Radio-Electronics 1984,https://www.worldradiohistory.com/Archive-Radio-Electronics/Specials/Radio-Electronics-Special-Projects-1984-Spring.pdf,,issue,1984,,100,5545f0f881e8ae86
ep,https://www.worldradiohistory.com/Archive-Radio-Electronics/Specials/Radio-Electronics-Surface-Mount-Technology.pdf,Radio-Electronics — Radio-Electronics-Surface-Mount-Technology.pdf,https://www.worldradiohistory.com/Archive-Radio-Electronics/Specials/Radio-Electronics-Surface-Mount-Technology.pdf,,issue,,,78,920fcb846f1fe567
eq,https://www.worldradiohistory.com/Archive-Radio-Electronics/80s/1985/Radio_Electronics_April_1985.CV01.pdf,Radio-Electronics 1985,https://www.worldradiohistory.com/Archive-Radio-Electronics/80s/1985/Radio_Electronics_April_1985.CV01.pdf,,issue,1985,,124,8319e30376447f46
er,https://www.worldradiohistory.com/Archive-Radio-Electronics/80s/1986/Radio_Electronics_April_1986.CV01.pdf,Radio-Electronics 1986,https://www.worldradiohistory.com/Archive-Radio-Electronics/80s/1986/Radio_Electronics_April_1986.CV01.pdf,,issue,1986,,136,8371e1c784cf88cd
es,https://www.worldradiohistory.com/Archive-Radio-Electronics/80s/1984/Radio_Electronics_Aug_1984.pdf,Radio-Electronics 1984,https://www.worldradiohistory.com/Archive-Radio-Electronics/80s/1984/Radio_Electronics_Aug_1984.pdf,,issue,1984,,126,6170a640bff15deb
et,https://www.worldradiohistory.com/Archive-Radio-Electronics/80s/1985/Radio_Electronics_August_1985.CV01.pdf,Radio-Electronics 1985,https://www.worldradiohistory.com/Archive-Radio-Electronics/80s/1985/Radio_Electronics_August_1985.CV01.pdf,,issue,1985,,122,67905d653c034f58
eu,https://www.worldradiohistory.com/Archive-Radio-Electronics/80s/1986/Radio_Electronics_August_1986.CV01.pdf,Radio-Electronics 1986,https://www.worldradiohistory.com/Archive-Radio-Electronics/80s/1986/Radio_Electronics_August_1986.CV01.pdf,,issue,1986,,124,72dab786a828161d
ev,https://www.worldradiohistory.com/Archive-Radio-Electronics/80s/1984/Radio_Electronics_Dec_1984.pdf,Radio-Electronics 1984,https://www.worldradiohistory.com/Archive-Radio-Electronics/80s/1984/Radio_Electronics_Dec_1984.pdf,,issue,1984,,124,65fb1d66fefccf31
ew,https://www.worldradiohistory.com/Archive-Radio-Electronics/80s/1986/Radio_Electronics_December_1986.CV01.pdf,Radio-Electronics 1986,https://www.worldradiohistory.com/Archive-Radio-Electronics/80s/1986/Radio_Electronics_December_1986.CV01.pdf,,issue,1986,,124,cb863a9200e81d5b
ex,https://www.worldradiohistory.com/Archive-Radio-Electronics/80s/1980/Radio_Electronics_February_1980.CV01.pdf,Radio-Electronics 1980,https://www.worldradiohistory.com/Archive-Radio-Electronics/80s/1980/Radio_Electronics_February_1980.CV01.pdf,,issue,1980,,100,16dad41283d92bca
ey,https://www.worldradiohistory.com/Archive-Radio-Electronics/80s/1984/Radio_Electronics_February_1984.CV01.pdf,Radio-Electronics 1984,https://www.worldradiohistory.com/Archive-Radio-Electronics/80s/1984/Radio_Electronics_February_1984.CV01.pdf,,issue,1984,,130,e4907bdc4a8a7e2b
ez,https://www.worldradiohistory.com/Archive-Radio-Electronics/80s/1985/Radio_Electronics_February_1985.CV01.pdf,Radio-Electronics 1985,https://www.worldradiohistory.com/Archive-Radio-Electronics/80s/1985/Radio_Electronics_February_1985.CV01.pdf,,issue,1985,,132,9c0222c23bd563fb
f,https://www.worldradiohistory.com/Archive-Radio-Electronics/90s/1994/EN-1994-12.pdf,Radio-Electronics 1994-12,https://www.worldradiohistory.com/Archive-Radio-Electronics/90s/1994/EN-1994-12.pdf,,issue,1994,12,92,cfee28a82a31b3d5
f0,https://www.worldradiohistory.com/Archive-Radio-Electronics/80s/1980/Radio_Electronics_January_1980.CV01.pdf,Radio-Electronics 1980,https://www.worldradiohistory.com/Archive-Radio-Electronics/80s/1980/Radio_Electronics_January_1980.CV01.pdf,,issue,1980,,100,b384776d1d04521c
f1,https://www.worldradiohistory.com/Archive-Radio-Electronics/80s/1984/Radio_Electronics_January_1984.CV01.pdf,Radio-Electronics 1984,https://www.worldradiohistory.com/Archive-Radio-Electronics/80s/1984/Radio_Electronics_January_1984.CV01.pdf,,issue,1984,,128,794dafd45c1d84bc
f2,https://www.worldradiohistory.com/Archive-Radio-Electronics/80s/1984/Radio_Electronics_Jul_1984.pdf,Radio-Electronics 1984,https://www.worldradiohistory.com/Archive-Radio-Electronics/80s/1984/Radio_Electronics_Jul_1984.pdf,,issue,1984,,118,f32d3ddbd5932b7d
f3,https://www.worldradiohistory.com/Archive-Radio-Electronics/80s/1985/Radio_Electronics_July_1985.CV01.pdf,Radio-Electronics 1985,https://www.worldradiohistory.com/Archive-Radio-Electronics/80s/1985/Radio_Electronics_July_1985.CV01.pdf,,issue,1985,,116,19f8ce2a82b60456
f4,https://www.worldradiohistory.com/Archive-Radio-Electronics/80s/1986/Radio_Electronics_June_1986.CV01.pdf,Radio-Electronics 1986,https://www.worldradiohistory.com/Archive-Radio-Electronics/80s/1986/Radio_Electronics_June_1986.CV01.pdf,,issue,1986,,116,8b5a62da8ecf1b28
f5,https://www.worldradiohistory.com/Archive-Radio-Electronics/80s/1984/Radio_Electronics_March_1984.CV01.pdf,Radio-Electronics 1984,https://www.worldradiohistory.com/Archive-Radio-Electronics/80s/1984/Radio_Electronics_March_1984.CV01.pdf,,issue,1984,,124,99557e3fcaccf476
f6,https://www.worldradiohistory.com/Archive-Radio-Electronics/80s/1984/Radio_Electronics_May_1984.CV01.pdf,Radio-Electronics 1984,https://www.worldradiohistory.com/Archive-Radio-Electronics/80s/1984/Radio_Electronics_May_1984.CV01.pdf,,issue,1984,,148,5891a78a55e9193c
f7,https://www.worldradiohistory.com/Archive-Radio-Electronics/80s/1986/Radio_Electronics_May_1986.CV01.pdf,Radio-Electronics 1986,https://www.worldradiohistory.com/Archive-Radio-Electronics/80s/1986/Radio_Electronics_May_1986.CV01.pdf,,issue,1986,,132,f5ad8550102d0e81
f8,https://www.worldradiohistory.com/Archive-Radio-Electronics/80s/1984/Radio_Electronics_November_1984.CV01.pdf,Radio-Electronics 1984,https://www.worldradiohistory.com/Archive-Radio-Electronics/80s/1984/Radio_Electronics_November_1984.CV01.pdf,,issue,1984,,132,dac56d71bd115d33
f9,https://www.worldradiohistory.com/Archive-Radio-Electronics/80s/1985/Radio_Electronics_November_1985.CV01.pdf,Radio-Electronics 1985,https://www.worldradiohistory.com/Archive-Radio-Electronics/80s/1985/Radio_Electronics_November_1985.CV01.pdf,,issue,1985,,146,9dc92704e3d93319
fa,https://www.worldradiohistory.com/Archive-Radio-Electronics/80s/1980/Radio_Electronics_October_1980.CV01.pdf,Radio-Electronics 1980,https://www.worldradiohistory.com/Archive-Radio-Electronics/80s/1980/Radio_Electronics_October_1980.CV01.pdf,,issue,1980,,148,2945b06e95245ab3
fb,https://www.worldradiohistory.com/Archive-Radio-Electronics/80s/1984/Radio_Electronics_September_1984.CV01.pdf,Radio-Electronics 1984,https://www.worldradiohistory.com/Archive-Radio-Electronics/80s/1984/Radio_Electronics_September_1984.CV01.pdf,,issue,1984,,124,e8e41615ca38e9c7
fc,https://www.worldradiohistory.com/Archive-Radio-Electronics/80s/1985/Radio_Electronics_September_1985.CV01.pdf,Radio-Electronics 1985,https://www.worldradiohistory.com/Archive-Radio-Electronics/80s/1985/Radio_Electronics_September_1985.CV01.pdf,,issue,1985,,132,6370665c50eb5f66
g,https://www.worldradiohistory.com/Archive-Radio-Electronics/90s/1995/EN-1995-01.pdf,Radio-Electronics 1995-01,https://www.worldradiohistory.com/Archive-Radio-Electronics/90s/1995/EN-1995-01.pdf,,issue,1995,01,120,d22108055eb7155e
h,https://www.worldradiohistory.com/Archive-Radio-Electronics/90s/1995/EN-1995-02.pdf,Radio-Electronics 1995-02,https://www.worldradiohistory.com/Archive-Radio-Electronics/90s/1995/EN-1995-02.pdf,,issue,1995,02,92,25310e93494a16e7
i,https://www.worldradiohistory.com/Archive-Radio-Electronics/90s/1995/EN-1995-04.pdf,Radio-Electronics 1995-04,https://www.worldradiohistory.com/Archive-Radio-Electronics/90s/1995/EN-1995-04.pdf,,issue,1995,04,94,b92e956278f27720
j,https://www.worldradiohistory.com/Archive-Radio-Electronics/90s/1995/EN-1995-06.pdf,Radio-Electronics 1995-06,https://www.worldradiohistory.com/Archive-Radio-Electronics/90s/1995/EN-1995-06.pdf,,issue,1995,06,92,ebcbe28ede78123c
k,https://www.worldradiohistory.com/Archive-Radio-Electronics/90s/1995/EN-1995-07.pdf,Radio-Electronics 1995-07,https://www.worldradiohistory.com/Archive-Radio-Electronics/90s/1995/EN-1995-07.pdf,,issue,1995,07,164,8bcc600a50c9ace8
l,https://www.worldradiohistory.com/Archive-Radio-Electronics/90s/1995/EN-1995-08.pdf,Radio-Electronics 1995-08,https://www.worldradiohistory.com/Archive-Radio-Electronics/90s/1995/EN-1995-08.pdf,,issue,1995,08,92,9ad2ae8c916acfc2
m,https://www.worldradiohistory.com/Archive-Radio-Electronics/90s/1995/EN-1995-10.pdf,Radio-Electronics 1995-10,https://www.worldradiohistory.com/Archive-Radio-Electronics/90s/1995/EN-1995-10.pdf,,issue,1995,10,92,372c478e6d7301e1
n,https://www.worldradiohistory.com/Archive-Radio-Electronics/90s/1995/EN-1995-12.pdf,Radio-Electronics 1995-12,https://www.worldradiohistory.com/Archive-Radio-Electronics/90s/1995/EN-1995-12.pdf,,issue,1995,12,94,11847a2a7777afdd
o,https://www.worldradiohistory.com/Archive-Radio-Electronics/90s/1996/EN-1996-01.pdf,Radio-Electronics 1996-01,https://www.worldradiohistory.com/Archive-Radio-Electronics/90s/1996/EN-1996-01.pdf,,issue,1996,01,148,908e28bc7d8565b4
p,https://www.worldradiohistory.com/Archive-Radio-Electronics/90s/1996/EN-1996-02.pdf,Radio-Electronics 1996-02,https://www.worldradiohistory.com/Archive-Radio-Electronics/90s/1996/EN-1996-02.pdf,,issue,1996,02,108,a77d0801433ee916
q,https://www.worldradiohistory.com/Archive-Radio-Electronics/90s/1996/EN-1996-04.pdf,Radio-Electronics 1996-04,https://www.worldradiohistory.com/Archive-Radio-Electronics/90s/1996/EN-1996-04.pdf,,issue,1996,04,116,15d8c7297ca24f03
r,https://www.worldradiohistory.com/Archive-Radio-Electronics/90s/1996/EN-1996-06.pdf,Radio-Electronics 1996-06,https://www.worldradiohistory.com/Archive-Radio-Electronics/90s/1996/EN-1996-06.pdf,,issue,1996,06,124,a868ec735dce01d5
s,https://www.worldradiohistory.com/Archive-Radio-Electronics/90s/1996/EN-1996-07.pdf,Radio-Electronics 1996-07,https://www.worldradiohistory.com/Archive-Radio-Electronics/90s/1996/EN-1996-07.pdf,,issue,1996,07,142,16244313efca4009
t,https://www.worldradiohistory.com/Archive-Radio-Electronics/90s/1996/EN-1996-08.pdf,Radio-Electronics 1996-08,https://www.worldradiohistory.com/Archive-Radio-Electronics/90s/1996/EN-1996-08.pdf,,issue,1996,08,116,2d5be41f63374bf0
u,https://www.worldradiohistory.com/Archive-Radio-Electronics/90s/1996/EN-1996-10.pdf,Radio-Electronics 1996-10,https://www.worldradiohistory.com/Archive-Radio-Electronics/90s/1996/EN-1996-10.pdf,,issue,1996,10,116,d03b8e681ee002e5
v,https://www.worldradiohistory.com/Archive-Radio-Electronics/90s/1996/EN-1996-12.pdf,Radio-Electronics 1996-12,https://www.worldradiohistory.com/Archive-Radio-Electronics/90s/1996/EN-1996-12.pdf,,issue,1996,12,122,b4d7e58919b36b07
w,https://www.worldradiohistory.com/Archive-Radio-Electronics/90s/1997/EN-1997-01.pdf,Radio-Electronics 1997-01,https://www.worldradiohistory.com/Archive-Radio-Electronics/90s/1997/EN-1997-01.pdf,,issue,1997,01,124,845bbf3d8c33140d
x,https://www.worldradiohistory.com/Archive-Radio-Electronics/90s/1997/EN-1997-02.pdf,Radio-Electronics 1997-02,https://www.worldradiohistory.com/Archive-Radio-Electronics/90s/1997/EN-1997-02.pdf,,issue,1997,02,116,8c7e433633a01621
y,https://www.worldradiohistory.com/Archive-Radio-Electronics/90s/1997/EN-1997-04.pdf,Radio-Electronics 1997-04,https://www.worldradiohistory.com/Archive-Radio-Electronics/90s/1997/EN-1997-04.pdf,,issue,1997,04,110,b3b0dccb9825d657
z,https://www.worldradiohistory.com/Archive-Radio-Electronics/90s/1997/EN-1997-06.pdf,Radio-Electronics 1997-06,https://www.worldradiohistory.com/Archive-Radio-Electronics/90s/1997/EN-1997-06.pdf,,issue,1997,06,116,d17b6a8e7a061c4d
