id,key,title,url,parent,role,year,month,pages,sha
0,https://www.renesas.com/en/document/apn/11-5v-and-3v-conversion-zero-delay,11-5V-AND-3V-CONVERSION-ZERO-DELAY,https://www.renesas.com/en/document/apn/11-5v-and-3v-conversion-zero-delay,,service_manual,,,7,04a48867bb737dd5
1,https://www.renesas.com/en/document/apn/139-adapting-r4600-design-r4650,139-ADAPTING-R4600-DESIGN-R4650,https://www.renesas.com/en/document/apn/139-adapting-r4600-design-r4650,,service_manual,,,9,1cccb5348def2de4
10,https://www.renesas.com/en/document/apn/78k0rkx3-flash-memory-self-programming,78K0RKX3-FLASH-MEMORY-SELF-PROGRAMMING,https://www.renesas.com/en/document/apn/78k0rkx3-flash-memory-self-programming,,service_manual,,,60,0511ae712d24ddb7
11,https://www.renesas.com/en/document/apn/78k0rkx3-l-78k0rix3-78k0rkx3-c-flash-memory-programmingfor-programmer,78K0RKX3-L-78K0RIX3-78K0RKX3-C-FLASH-MEMORY-PROGRAMMINGFOR-PROGRAMMER,https://www.renesas.com/en/document/apn/78k0rkx3-l-78k0rix3-78k0rkx3-c-flash-memory-programmingfor-programmer,,service_manual,,,129,a98fd10ebd2a87db
12,https://www.renesas.com/en/document/apn/78k0rlh3-sample-program-operational-amplifier-operational-amplifier-application-program-application,78K0RLH3-SAMPLE-PROGRAM-OPERATIONAL-AMPLIFIER-OPERATIONAL-AMPLIFIER-APPLICATION-PROGRAM-APPLICATION,https://www.renesas.com/en/document/apn/78k0rlh3-sample-program-operational-amplifier-operational-amplifier-application-program-application,,service_manual,,,480,acc21fc1c65e55a4
13,https://www.renesas.com/en/document/apn/78k0ska1-serial-interface-uart6-full-duplex-communication-using-receive-ring-buffer,78K0SKA1-SERIAL-INTERFACE-UART6-FULL-DUPLEX-COMMUNICATION-USING-RECEIVE-RING-BUFFER,https://www.renesas.com/en/document/apn/78k0ska1-serial-interface-uart6-full-duplex-communication-using-receive-ring-buffer,,service_manual,,,55,3bc7292135e6554d
14,https://www.renesas.com/en/document/apn/78k0skb1-serial-interface-uart6-full-duplex-communication-using-receive-ring-buffer,78K0SKB1-SERIAL-INTERFACE-UART6-FULL-DUPLEX-COMMUNICATION-USING-RECEIVE-RING-BUFFER,https://www.renesas.com/en/document/apn/78k0skb1-serial-interface-uart6-full-duplex-communication-using-receive-ring-buffer,,service_manual,,,55,3bc7292135e6554d
15,https://www.renesas.com/en/document/apn/78kii-series-basic-guide,78KII-SERIES-BASIC-GUIDE,https://www.renesas.com/en/document/apn/78kii-series-basic-guide,,service_manual,,,448,f2b3c3c01f2ec0ce
16,https://www.renesas.com/en/document/apn/78kii-series-floating-point-operation-program-iea-1273d,78KII-SERIES-FLOATING-POINT-OPERATION-PROGRAM-IEA-1273D,https://www.renesas.com/en/document/apn/78kii-series-floating-point-operation-program-iea-1273d,,service_manual,,,221,dfef5d72a10bcf03
17,https://www.renesas.com/en/document/apn/78kii-series-practice,78KII-SERIES-PRACTICE,https://www.renesas.com/en/document/apn/78kii-series-practice,,service_manual,,,600,f9869a3c10471e65
18,https://www.renesas.com/en/document/apn/78kiii-series-software-basic,78KIII-SERIES-SOFTWARE-BASIC,https://www.renesas.com/en/document/apn/78kiii-series-software-basic,,service_manual,,,146,cc29796695973683
19,https://www.renesas.com/en/document/apn/78kiv-series-software-basics,78KIV-SERIES-SOFTWARE-BASICS,https://www.renesas.com/en/document/apn/78kiv-series-software-basics,,service_manual,,,118,34c53077df872f99
1a,https://www.renesas.com/en/document/apn/8-bit-32-bit-single-chip-microcontrollers-standalone-nec-lin-driverfor-master-and-slave-application,8-BIT-32-BIT-SINGLE-CHIP-MICROCONTROLLERS-STANDALONE-NEC-LIN-DRIVERFOR-MASTER-AND-SLAVE-APPLICATION,https://www.renesas.com/en/document/apn/8-bit-32-bit-single-chip-microcontrollers-standalone-nec-lin-driverfor-master-and-slave-application,,service_manual,,,120,83258af450b5b64c
1b,https://www.renesas.com/en/document/apn/8-bit-single-chip-microcontrollers-basic-software-examplesiic-bus-uart-timer-application-note,8-BIT-SINGLE-CHIP-MICROCONTROLLERS-BASIC-SOFTWARE-EXAMPLESIIC-BUS-UART-TIMER-APPLICATION-NOTE,https://www.renesas.com/en/document/apn/8-bit-single-chip-microcontrollers-basic-software-examplesiic-bus-uart-timer-application-note,,service_manual,,,129,1b914fb7a0315461
1c,https://www.renesas.com/en/document/apn/8-bit-single-chip-microcontrollers-low-cost-triac-controlapplication-note,8-BIT-SINGLE-CHIP-MICROCONTROLLERS-LOW-COST-TRIAC-CONTROLAPPLICATION-NOTE,https://www.renesas.com/en/document/apn/8-bit-single-chip-microcontrollers-low-cost-triac-controlapplication-note,,service_manual,,,56,128cede21b4622b8
1d,https://www.renesas.com/en/document/apn/8-bit-single-chip-microcontrollers-universal-motorwith-chopper-control-application-note,8-BIT-SINGLE-CHIP-MICROCONTROLLERS-UNIVERSAL-MOTORWITH-CHOPPER-CONTROL-APPLICATION-NOTE,https://www.renesas.com/en/document/apn/8-bit-single-chip-microcontrollers-universal-motorwith-chopper-control-application-note,,service_manual,,,70,d08178fefd3c76a7
1e,https://www.renesas.com/en/document/apn/827-application-relevance-clock-jitter,827-APPLICATION-RELEVANCE-CLOCK-JITTER,https://www.renesas.com/en/document/apn/827-application-relevance-clock-jitter,,service_manual,,,16,89fd044326323cf7
1f,https://www.renesas.com/en/document/apn/839-rms-phase-jitter,839-RMS-PHASE-JITTER,https://www.renesas.com/en/document/apn/839-rms-phase-jitter,,service_manual,,,6,6345a4225ddbd4b8
1g,https://www.renesas.com/en/document/apn/857-proposed-circuit-2048khz-clock-transmission,857-PROPOSED-CIRCUIT-2048KHZ-CLOCK-TRANSMISSION,https://www.renesas.com/en/document/apn/857-proposed-circuit-2048khz-clock-transmission,,service_manual,,,5,21cf4800cdf93bc1
1i,https://www.renesas.com/en/document/apn/861-recommended-crystals-idt-vcxo-based-synchronization-plls,861-RECOMMENDED-CRYSTALS-IDT-VCXO-BASED-SYNCHRONIZATION-PLLS,https://www.renesas.com/en/document/apn/861-recommended-crystals-idt-vcxo-based-synchronization-plls,,service_manual,,,9,928ecb1ff97d3acb
1j,https://www.renesas.com/en/document/apn/870-uft3g-frequency-tuning,870-UFT3G-FREQUENCY-TUNING,https://www.renesas.com/en/document/apn/870-uft3g-frequency-tuning,,service_manual,,,17,875e2205f50d2e06
1k,https://www.renesas.com/en/document/apn/888-smu-ieee-1588-and-synchronous-ethernet-82p338xx339xx-register-map,888-SMU-IEEE-1588-AND-SYNCHRONOUS-ETHERNET-82P338XX339XX-REGISTER-MAP,https://www.renesas.com/en/document/apn/888-smu-ieee-1588-and-synchronous-ethernet-82p338xx339xx-register-map,,service_manual,,,154,9844070af03fd00f
1l,https://www.renesas.com/en/document/apn/890-sets-ieee-1588-and-synchronous-ethernet-82p337xx-register-map,890-SETS-IEEE-1588-AND-SYNCHRONOUS-ETHERNET-82P337XX-REGISTER-MAP,https://www.renesas.com/en/document/apn/890-sets-ieee-1588-and-synchronous-ethernet-82p337xx-register-map,,service_manual,,,143,069524fd512b2307
1m,https://www.renesas.com/en/document/apn/8t49n281-003-datasheet-tilera-reference-design,8T49N281-003-DATASHEET-TILERA-REFERENCE-DESIGN,https://www.renesas.com/en/document/apn/8t49n281-003-datasheet-tilera-reference-design,,service_manual,,,70,89422ab4c39c8ae1
1n,https://www.renesas.com/en/document/apn/ad-conversion-one-shot-mode,AD-CONVERSION-ONE-SHOT-MODE,https://www.renesas.com/en/document/apn/ad-conversion-one-shot-mode,,service_manual,,,10,7b93d5b2775ea5f4
1o,https://www.renesas.com/en/document/apn/ad-conversion-one-shot-mode-external-trigger,AD-CONVERSION-ONE-SHOT-MODE-EXTERNAL-TRIGGER,https://www.renesas.com/en/document/apn/ad-conversion-one-shot-mode-external-trigger,,service_manual,,,10,a84aebe47cb22d50
1p,https://www.renesas.com/en/document/apn/ad-conversion-repeat-mode,AD-CONVERSION-REPEAT-MODE,https://www.renesas.com/en/document/apn/ad-conversion-repeat-mode,,service_manual,,,10,75ad723a9bde417f
1q,https://www.renesas.com/en/document/apn/ad-converter-operation-one-shot-mode,AD-CONVERTER-OPERATION-ONE-SHOT-MODE,https://www.renesas.com/en/document/apn/ad-converter-operation-one-shot-mode,,service_manual,,,9,ae5bf7662706e414
1r,https://www.renesas.com/en/document/apn/ad-converter-operation-one-shot-mode-and-external-op-amp-connection-mode,AD-CONVERTER-OPERATION-ONE-SHOT-MODE-AND-EXTERNAL-OP-AMP-CONNECTION-MODE,https://www.renesas.com/en/document/apn/ad-converter-operation-one-shot-mode-and-external-op-amp-connection-mode,,service_manual,,,10,97ab61ae4e49617a
1s,https://www.renesas.com/en/document/apn/ad-converter-operation-one-shot-mode-expanded-analog-input,AD-CONVERTER-OPERATION-ONE-SHOT-MODE-EXPANDED-ANALOG-INPUT,https://www.renesas.com/en/document/apn/ad-converter-operation-one-shot-mode-expanded-analog-input,,service_manual,,,9,88be9e5009c300ad
1t,https://www.renesas.com/en/document/apn/ad-converter-operation-one-shot-mode-external-trigger,AD-CONVERTER-OPERATION-ONE-SHOT-MODE-EXTERNAL-TRIGGER,https://www.renesas.com/en/document/apn/ad-converter-operation-one-shot-mode-external-trigger,,service_manual,,,9,3dbd2f68df69c97e
1u,https://www.renesas.com/en/document/apn/ad-converter-operation-repeat-mode,AD-CONVERTER-OPERATION-REPEAT-MODE,https://www.renesas.com/en/document/apn/ad-converter-operation-repeat-mode,,service_manual,,,9,9aadfcd8bf83fe92
1v,https://www.renesas.com/en/document/apn/ad-converter-operation-repeat-sweep-mode-0,AD-CONVERTER-OPERATION-REPEAT-SWEEP-MODE-0,https://www.renesas.com/en/document/apn/ad-converter-operation-repeat-sweep-mode-0,,service_manual,,,9,7d4de154e6d7b396
1w,https://www.renesas.com/en/document/apn/ad-converter-operation-repeat-sweep-mode-1,AD-CONVERTER-OPERATION-REPEAT-SWEEP-MODE-1,https://www.renesas.com/en/document/apn/ad-converter-operation-repeat-sweep-mode-1,,service_manual,,,10,adfd751bbf58389b
1x,https://www.renesas.com/en/document/apn/ad-converter-operation-single-sweep-mode,AD-CONVERTER-OPERATION-SINGLE-SWEEP-MODE,https://www.renesas.com/en/document/apn/ad-converter-operation-single-sweep-mode,,service_manual,,,9,1a5b352c0084a8ea
1y,https://www.renesas.com/en/document/apn/adc-low-power-application,ADC-LOW-POWER-APPLICATION,https://www.renesas.com/en/document/apn/adc-low-power-application,,service_manual,,,15,86579c08b74273d1
1z,https://www.renesas.com/en/document/apn/an016-selecting-ad-converters,AN016-SELECTING-AD-CONVERTERS,https://www.renesas.com/en/document/apn/an016-selecting-ad-converters,,service_manual,,,8,b54524f6cac5df36
2,https://www.renesas.com/en/document/apn/14-dual-port-w-semaphore-arbitration,14-DUAL-PORT-W-SEMAPHORE-ARBITRATION,https://www.renesas.com/en/document/apn/14-dual-port-w-semaphore-arbitration,,service_manual,,,8,73e82e58fbc9dd17
20,https://www.renesas.com/en/document/apn/an017-integrating-ad-converter-icl7135,AN017-INTEGRATING-AD-CONVERTER-ICL7135,https://www.renesas.com/en/document/apn/an017-integrating-ad-converter-icl7135,,service_manual,,,6,8399e95c51c19193
21,https://www.renesas.com/en/document/apn/an023-low-cost-digital-panel-meter-designs-and-complete-instructions-lcd-and-led-kits,AN023-LOW-COST-DIGITAL-PANEL-METER-DESIGNS-AND-COMPLETE-INSTRUCTIONS-LCD-AND-LED-KITS,https://www.renesas.com/en/document/apn/an023-low-cost-digital-panel-meter-designs-and-complete-instructions-lcd-and-led-kits,,service_manual,,,9,c5d6d075e64fa7f6
22,https://www.renesas.com/en/document/apn/an028-building-auto-ranging-dmm-icl7103aicl8052a,AN028-BUILDING-AUTO-RANGING-DMM-ICL7103AICL8052A,https://www.renesas.com/en/document/apn/an028-building-auto-ranging-dmm-icl7103aicl8052a,,service_manual,,,9,e23f6d6d52324ce9
23,https://www.renesas.com/en/document/apn/an046-building-battery-operated-auto-ranging-dvm-icl7106,AN046-BUILDING-BATTERY-OPERATED-AUTO-RANGING-DVM-ICL7106,https://www.renesas.com/en/document/apn/an046-building-battery-operated-auto-ranging-dvm-icl7106,,service_manual,,,7,915d19bb26069b0a
24,https://www.renesas.com/en/document/apn/an051-principles-and-applications-icl7660-cmos-voltage-converter,AN051-PRINCIPLES-AND-APPLICATIONS-ICL7660-CMOS-VOLTAGE-CONVERTER,https://www.renesas.com/en/document/apn/an051-principles-and-applications-icl7660-cmos-voltage-converter,,service_manual,,,11,eb8ef83937451136
25,https://www.renesas.com/en/document/apn/an052-tips-using-single-chip-3-12-digit-ad-converters,AN052-TIPS-USING-SINGLE-CHIP-3-12-DIGIT-AD-CONVERTERS,https://www.renesas.com/en/document/apn/an052-tips-using-single-chip-3-12-digit-ad-converters,,service_manual,,,9,85338e00b73fc8ea
26,https://www.renesas.com/en/document/apn/an053-icl7650s-new-era-glitch-free-chopper-stabilized-amplifiers,AN053-ICL7650S-NEW-ERA-GLITCH-FREE-CHOPPER-STABILIZED-AMPLIFIERS,https://www.renesas.com/en/document/apn/an053-icl7650s-new-era-glitch-free-chopper-stabilized-amplifiers,,service_manual,,,15,ae43565abbaec207
27,https://www.renesas.com/en/document/apn/an054-display-driver-family-combines-convenience-use-microprocessor-interfaceability,AN054-DISPLAY-DRIVER-FAMILY-COMBINES-CONVENIENCE-USE-MICROPROCESSOR-INTERFACEABILITY,https://www.renesas.com/en/document/apn/an054-display-driver-family-combines-convenience-use-microprocessor-interfaceability,,service_manual,,,26,94a58c14fe6b6562
28,https://www.renesas.com/en/document/apn/an1002-200w-470khz-telecom-power-supply-using-isl6551-full-bridge-controller-and-isl6550-supervisor,AN1002-200W-470KHZ-TELECOM-POWER-SUPPLY-USING-ISL6551-FULL-BRIDGE-CONTROLLER-AND-ISL6550-SUPERVISOR,https://www.renesas.com/en/document/apn/an1002-200w-470khz-telecom-power-supply-using-isl6551-full-bridge-controller-and-isl6550-supervisor,,service_manual,,,68,bc79bf82ef62f8b6
29,https://www.renesas.com/en/document/apn/an1033-multiplexered-data-acquisition-system-considerations,AN1033-MULTIPLEXERED-DATA-ACQUISITION-SYSTEM-CONSIDERATIONS,https://www.renesas.com/en/document/apn/an1033-multiplexered-data-acquisition-system-considerations,,service_manual,,,4,1c0485997ee9f8c5
2a,https://www.renesas.com/en/document/apn/an109-82c59a-priority-interrupt-controller,AN109-82C59A-PRIORITY-INTERRUPT-CONTROLLER,https://www.renesas.com/en/document/apn/an109-82c59a-priority-interrupt-controller,,service_manual,,,15,159cc6f0f45ad36b
2b,https://www.renesas.com/en/document/apn/an1093-current-boosted-and-dc-stabilized-half-bridge-driver,AN1093-CURRENT-BOOSTED-AND-DC-STABILIZED-HALF-BRIDGE-DRIVER,https://www.renesas.com/en/document/apn/an1093-current-boosted-and-dc-stabilized-half-bridge-driver,,service_manual,,,3,d76ad310a761a219
2c,https://www.renesas.com/en/document/apn/an1101-designing-high-efficiency-dc-dc-converter-el75xx,AN1101-DESIGNING-HIGH-EFFICIENCY-DC-DC-CONVERTER-EL75XX,https://www.renesas.com/en/document/apn/an1101-designing-high-efficiency-dc-dc-converter-el75xx,,service_manual,,,17,2e376314706b13c6
2d,https://www.renesas.com/en/document/apn/an1116-cmos-applications-information,AN1116-CMOS-APPLICATIONS-INFORMATION,https://www.renesas.com/en/document/apn/an1116-cmos-applications-information,,service_manual,,,10,1eb124bc0c877102
2e,https://www.renesas.com/en/document/apn/an1124-embedded-acpi-compliant-ddr-power-generation-using-isl6537a-and-isl6506,AN1124-EMBEDDED-ACPI-COMPLIANT-DDR-POWER-GENERATION-USING-ISL6537A-AND-ISL6506,https://www.renesas.com/en/document/apn/an1124-embedded-acpi-compliant-ddr-power-generation-using-isl6537a-and-isl6506,,service_manual,,,15,11c2fd72654be2cf
2f,https://www.renesas.com/en/document/apn/an1144-interfacing-x9408-x9418-xdcp-8051-microcontrollers,AN1144-INTERFACING-X9408-X9418-XDCP-8051-MICROCONTROLLERS,https://www.renesas.com/en/document/apn/an1144-interfacing-x9408-x9418-xdcp-8051-microcontrollers,,service_manual,,,12,90271157079d7622
2g,https://www.renesas.com/en/document/apn/an1145-compendium-application-circuits-renesas-digitally-controlled-xdcp-potentiometers,AN1145-COMPENDIUM-APPLICATION-CIRCUITS-RENESAS-DIGITALLY-CONTROLLED-XDCP-POTENTIOMETERS,https://www.renesas.com/en/document/apn/an1145-compendium-application-circuits-renesas-digitally-controlled-xdcp-potentiometers,,service_manual,,,7,2f456e66f0703434
2h,https://www.renesas.com/en/document/apn/an1149-application-intersil-digitally-controlled-potentiometers-xdcp-hybrid-analogdigital-feedback,AN1149-APPLICATION-INTERSIL-DIGITALLY-CONTROLLED-POTENTIOMETERS-XDCP-HYBRID-ANALOGDIGITAL-FEEDBACK,https://www.renesas.com/en/document/apn/an1149-application-intersil-digitally-controlled-potentiometers-xdcp-hybrid-analogdigital-feedback,,service_manual,,,7,b4218cc72a4635ac
2i,https://www.renesas.com/en/document/apn/an1151-interfacing-x9241-e2pot-digital-potentiometer-8051-microcontrollers,AN1151-INTERFACING-X9241-E2POT-DIGITAL-POTENTIOMETER-8051-MICROCONTROLLERS,https://www.renesas.com/en/document/apn/an1151-interfacing-x9241-e2pot-digital-potentiometer-8051-microcontrollers,,service_manual,,,11,bce89a3cb1e732dc
2j,https://www.renesas.com/en/document/apn/an1154-remotely-adjustable-voltage-regulators-using-xdcps,AN1154-REMOTELY-ADJUSTABLE-VOLTAGE-REGULATORS-USING-XDCPS,https://www.renesas.com/en/document/apn/an1154-remotely-adjustable-voltage-regulators-using-xdcps,,service_manual,,,3,06e97d43827bbe5f
2k,https://www.renesas.com/en/document/apn/an1155-shaft-encoder-drives-multiple-intersil-digitally-controlled-potentiometers-xdcps,AN1155-SHAFT-ENCODER-DRIVES-MULTIPLE-INTERSIL-DIGITALLY-CONTROLLED-POTENTIOMETERS-XDCPS,https://www.renesas.com/en/document/apn/an1155-shaft-encoder-drives-multiple-intersil-digitally-controlled-potentiometers-xdcps,,service_manual,,,3,6831527c1b9ab2af
2l,https://www.renesas.com/en/document/apn/an1161-isl6421a-single-lnb-controller-i2c-interface-advanced-satellite-set-top-box-designs,AN1161-ISL6421A-SINGLE-LNB-CONTROLLER-I2C-INTERFACE-ADVANCED-SATELLITE-SET-TOP-BOX-DESIGNS,https://www.renesas.com/en/document/apn/an1161-isl6421a-single-lnb-controller-i2c-interface-advanced-satellite-set-top-box-designs,,service_manual,,,14,f8f9c59c87204380
2m,https://www.renesas.com/en/document/apn/an120-interfacing-80c286-16-80287-10,AN120-INTERFACING-80C286-16-80287-10,https://www.renesas.com/en/document/apn/an120-interfacing-80c286-16-80287-10,,service_manual,,,3,e89337b4af726fb9
2n,https://www.renesas.com/en/document/apn/an1209-intersil-integrated-fet-dcdc-converters-chinese,AN1209-INTERSIL-INTEGRATED-FET-DCDC-CONVERTERS-CHINESE,https://www.renesas.com/en/document/apn/an1209-intersil-integrated-fet-dcdc-converters-chinese,,service_manual,,,38,e4f5acfc2f8de160
2o,https://www.renesas.com/en/document/apn/an1245-isim-isl6742-virtual-evaluation-platform,AN1245-ISIM-ISL6742-VIRTUAL-EVALUATION-PLATFORM,https://www.renesas.com/en/document/apn/an1245-isim-isl6742-virtual-evaluation-platform,,service_manual,,,9,8096cae0742f9b37
2r,https://www.renesas.com/en/document/apn/an1262-designing-isl6752-isl6753-zvs-full-bridge-controllers,AN1262-DESIGNING-ISL6752-ISL6753-ZVS-FULL-BRIDGE-CONTROLLERS,https://www.renesas.com/en/document/apn/an1262-designing-isl6752-isl6753-zvs-full-bridge-controllers,,service_manual,,,10,7c8190a1eac6d627
2s,https://www.renesas.com/en/document/apn/an1269-one-transistor-enables-clean-hdtv-and-ntsc-video-sync-separation,AN1269-ONE-TRANSISTOR-ENABLES-CLEAN-HDTV-AND-NTSC-VIDEO-SYNC-SEPARATION,https://www.renesas.com/en/document/apn/an1269-one-transistor-enables-clean-hdtv-and-ntsc-video-sync-separation,,service_manual,,,3,9255a4943e977ec1
2t,https://www.renesas.com/en/document/apn/an1298-instrumentation-amplifier-application-note,AN1298-INSTRUMENTATION-AMPLIFIER-APPLICATION-NOTE,https://www.renesas.com/en/document/apn/an1298-instrumentation-amplifier-application-note,,service_manual,,,36,88e867197d15c798
2u,https://www.renesas.com/en/document/apn/an1309-feedback-gives-peak-detector-more-precision,AN1309-FEEDBACK-GIVES-PEAK-DETECTOR-MORE-PRECISION,https://www.renesas.com/en/document/apn/an1309-feedback-gives-peak-detector-more-precision,,service_manual,,,2,ae2dc93a4b0f3cc0
2v,https://www.renesas.com/en/document/apn/an1316-one-transistor-enables-clean-hdtv-and-ntsc-video-sync-separation,AN1316-ONE-TRANSISTOR-ENABLES-CLEAN-HDTV-AND-NTSC-VIDEO-SYNC-SEPARATION,https://www.renesas.com/en/document/apn/an1316-one-transistor-enables-clean-hdtv-and-ntsc-video-sync-separation,,service_manual,,,3,ca220c27db1bae29
2w,https://www.renesas.com/en/document/apn/an1318-transmitting-sxga-video-signal-through-1kft-300m-cat-5-cable,AN1318-TRANSMITTING-SXGA-VIDEO-SIGNAL-THROUGH-1KFT-300M-CAT-5-CABLE,https://www.renesas.com/en/document/apn/an1318-transmitting-sxga-video-signal-through-1kft-300m-cat-5-cable,,service_manual,,,7,d59fa7404025b65b
2x,https://www.renesas.com/en/document/apn/an133-putting-analog-bus,AN133-PUTTING-ANALOG-BUS,https://www.renesas.com/en/document/apn/an133-putting-analog-bus,,service_manual,,,12,198d530188ec1636
2y,https://www.renesas.com/en/document/apn/an134-programmable-tee-networks,AN134-PROGRAMMABLE-TEE-NETWORKS,https://www.renesas.com/en/document/apn/an134-programmable-tee-networks,,service_manual,,,10,803c197531cd022f
2z,https://www.renesas.com/en/document/apn/an1342-using-60hz-power-line-frequency-accurate-real-time-clock-timebase,AN1342-USING-60HZ-POWER-LINE-FREQUENCY-ACCURATE-REAL-TIME-CLOCK-TIMEBASE,https://www.renesas.com/en/document/apn/an1342-using-60hz-power-line-frequency-accurate-real-time-clock-timebase,,service_manual,,,4,60c04f6470d47e50
3,https://www.renesas.com/en/document/apn/1523-demo-board-schematics,1523-DEMO-BOARD-SCHEMATICS,https://www.renesas.com/en/document/apn/1523-demo-board-schematics,,service_manual,,,2,5481f2dc8656789e
30,https://www.renesas.com/en/document/apn/an1374-automatic-digital-cable-compensation-long-cat-5-cables,AN1374-AUTOMATIC-DIGITAL-CABLE-COMPENSATION-LONG-CAT-5-CABLES,https://www.renesas.com/en/document/apn/an1374-automatic-digital-cable-compensation-long-cat-5-cables,,service_manual,,,19,cf5a1e1a29140a89
31,https://www.renesas.com/en/document/apn/an1379-isl97656-sepic-3vin-12vin-33vout-1a-application,AN1379-ISL97656-SEPIC-3VIN-12VIN-33VOUT-1A-APPLICATION,https://www.renesas.com/en/document/apn/an1379-isl97656-sepic-3vin-12vin-33vout-1a-application,,service_manual,,,5,4f3699578d8a76b7
32,https://www.renesas.com/en/document/apn/an1387-white-led-driver-circuits-line-applications-using-standard-pwm-controllers,AN1387-WHITE-LED-DRIVER-CIRCUITS-LINE-APPLICATIONS-USING-STANDARD-PWM-CONTROLLERS,https://www.renesas.com/en/document/apn/an1387-white-led-driver-circuits-line-applications-using-standard-pwm-controllers,,service_manual,,,14,c2236a6c6220445d
33,https://www.renesas.com/en/document/apn/an1389-using-intersils-high-accuracy-real-time-clock-module,AN1389-USING-INTERSILS-HIGH-ACCURACY-REAL-TIME-CLOCK-MODULE,https://www.renesas.com/en/document/apn/an1389-using-intersils-high-accuracy-real-time-clock-module,,service_manual,,,7,aec37d84c1fbffa2
34,https://www.renesas.com/en/document/apn/an139-designing-power-supplies-using-intersils-xdcp-mixed-signal-products,AN139-DESIGNING-POWER-SUPPLIES-USING-INTERSILS-XDCP-MIXED-SIGNAL-PRODUCTS,https://www.renesas.com/en/document/apn/an139-designing-power-supplies-using-intersils-xdcp-mixed-signal-products,,service_manual,,,18,513d707426f4cc2a
35,https://www.renesas.com/en/document/apn/an140-1-gbs-fiber-optic-transmitter-design-using-intersil-digitally-controlled-potentiometer-xdcp,AN140-1-GBS-FIBER-OPTIC-TRANSMITTER-DESIGN-USING-INTERSIL-DIGITALLY-CONTROLLED-POTENTIOMETER-XDCP,https://www.renesas.com/en/document/apn/an140-1-gbs-fiber-optic-transmitter-design-using-intersil-digitally-controlled-potentiometer-xdcp,,service_manual,,,10,251a6a3926dbd12f
36,https://www.renesas.com/en/document/apn/an1418-use-isl55016-single-ended-differential-converter,AN1418-USE-ISL55016-SINGLE-ENDED-DIFFERENTIAL-CONVERTER,https://www.renesas.com/en/document/apn/an1418-use-isl55016-single-ended-differential-converter,,service_manual,,,3,55cf42bc8a953975
37,https://www.renesas.com/en/document/apn/an1442-powering-amd-uni-plane-and-split-plane-processors-isl6323,AN1442-POWERING-AMD-UNI-PLANE-AND-SPLIT-PLANE-PROCESSORS-ISL6323,https://www.renesas.com/en/document/apn/an1442-powering-amd-uni-plane-and-split-plane-processors-isl6323,,service_manual,,,24,8596e283d058ffff
38,https://www.renesas.com/en/document/apn/an1458-extending-tid-capability-isl7457srh,AN1458-EXTENDING-TID-CAPABILITY-ISL7457SRH,https://www.renesas.com/en/document/apn/an1458-extending-tid-capability-isl7457srh,,service_manual,,,4,2007daf7383919c2
39,https://www.renesas.com/en/document/apn/an1475-high-temperature-behavior-isl3178ae,AN1475-HIGH-TEMPERATURE-BEHAVIOR-ISL3178AE,https://www.renesas.com/en/document/apn/an1475-high-temperature-behavior-isl3178ae,,service_manual,,,4,43963601fcdfa396
3a,https://www.renesas.com/en/document/apn/an1484-extending-kvm-video-range-15k-ft,AN1484-EXTENDING-KVM-VIDEO-RANGE-15K-FT,https://www.renesas.com/en/document/apn/an1484-extending-kvm-video-range-15k-ft,,service_manual,,,12,7f34eb1bde34f989
3b,https://www.renesas.com/en/document/apn/an1488-fixed-dcdc-regulator-output-margining-using-digitally-controlled-potentiometer,AN1488-FIXED-DCDC-REGULATOR-OUTPUT-MARGINING-USING-DIGITALLY-CONTROLLED-POTENTIOMETER,https://www.renesas.com/en/document/apn/an1488-fixed-dcdc-regulator-output-margining-using-digitally-controlled-potentiometer,,service_manual,,,3,d982aaa92a7fa1cc
3c,https://www.renesas.com/en/document/apn/an1503-rf-amplifier-design-using-isl73096rh-isl73127rh-isl73128rh-transistor-arrays,AN1503-RF-AMPLIFIER-DESIGN-USING-ISL73096RH-ISL73127RH-ISL73128RH-TRANSISTOR-ARRAYS,https://www.renesas.com/en/document/apn/an1503-rf-amplifier-design-using-isl73096rh-isl73127rh-isl73128rh-transistor-arrays,,service_manual,,,5,7c7b23c2837f1635
3d,https://www.renesas.com/en/document/apn/an152-achieving-excellent-audio-performance-digitally-controlled-pots,AN152-ACHIEVING-EXCELLENT-AUDIO-PERFORMANCE-DIGITALLY-CONTROLLED-POTS,https://www.renesas.com/en/document/apn/an152-achieving-excellent-audio-performance-digitally-controlled-pots,,service_manual,,,3,b51289890dad0a91
3e,https://www.renesas.com/en/document/apn/an1535-prevent-reverse-charging-lithium-battery-meet-ul-safety-requirement,AN1535-PREVENT-REVERSE-CHARGING-LITHIUM-BATTERY-MEET-UL-SAFETY-REQUIREMENT,https://www.renesas.com/en/document/apn/an1535-prevent-reverse-charging-lithium-battery-meet-ul-safety-requirement,,service_manual,,,3,5a7a637fcc9a2e86
3f,https://www.renesas.com/en/document/apn/an1549-addressing-power-issues-real-time-clock-applications,AN1549-ADDRESSING-POWER-ISSUES-REAL-TIME-CLOCK-APPLICATIONS,https://www.renesas.com/en/document/apn/an1549-addressing-power-issues-real-time-clock-applications,,service_manual,,,5,fa23bc49ed91865b
3g,https://www.renesas.com/en/document/apn/an1556-building-accurate-spice-model-low-noise-low-power-precision-amplifiers,AN1556-BUILDING-ACCURATE-SPICE-MODEL-LOW-NOISE-LOW-POWER-PRECISION-AMPLIFIERS,https://www.renesas.com/en/document/apn/an1556-building-accurate-spice-model-low-noise-low-power-precision-amplifiers,,service_manual,,,11,57e8d073511e1512
3h,https://www.renesas.com/en/document/apn/an1561-radiated-interference-audio-circuits,AN1561-RADIATED-INTERFERENCE-AUDIO-CIRCUITS,https://www.renesas.com/en/document/apn/an1561-radiated-interference-audio-circuits,,service_manual,,,7,f39147ae3ab3bdef
3i,https://www.renesas.com/en/document/apn/an1619-designing-isl6752dbeval1z-and-isl6754dbeval1z-control-cards,AN1619-DESIGNING-ISL6752DBEVAL1Z-AND-ISL6754DBEVAL1Z-CONTROL-CARDS,https://www.renesas.com/en/document/apn/an1619-designing-isl6752dbeval1z-and-isl6754dbeval1z-control-cards,,service_manual,,,29,60c48fb29426710e
3k,https://www.renesas.com/en/document/apn/an1663-designing-buck-converter,AN1663-DESIGNING-BUCK-CONVERTER,https://www.renesas.com/en/document/apn/an1663-designing-buck-converter,,service_manual,,,3,b6d165cb6c5104f6
3l,https://www.renesas.com/en/document/apn/an1673-application-circuit-generate-plus-and-minus-supplies-using-isl97701-boost-regulator,AN1673-APPLICATION-CIRCUIT-GENERATE-PLUS-AND-MINUS-SUPPLIES-USING-ISL97701-BOOST-REGULATOR,https://www.renesas.com/en/document/apn/an1673-application-circuit-generate-plus-and-minus-supplies-using-isl97701-boost-regulator,,service_manual,,,5,6455d87c2edd42f2
3m,https://www.renesas.com/en/document/apn/an170-using-rotary-encoder-control-two-x93254-dual-dcps,AN170-USING-ROTARY-ENCODER-CONTROL-TWO-X93254-DUAL-DCPS,https://www.renesas.com/en/document/apn/an170-using-rotary-encoder-control-two-x93254-dual-dcps,,service_manual,,,3,3a10f21d4fcdfac5
3n,https://www.renesas.com/en/document/apn/an1710-isl705xrh-isl705xeh-isl735xeh-and-isl706xrh-isl706xeh-isl736xeh-pspice-model,AN1710-ISL705XRH-ISL705XEH-ISL735XEH-AND-ISL706XRH-ISL706XEH-ISL736XEH-PSPICE-MODEL,https://www.renesas.com/en/document/apn/an1710-isl705xrh-isl705xeh-isl735xeh-and-isl706xrh-isl706xeh-isl736xeh-pspice-model,,service_manual,,,5,a5b777426339710b
3o,https://www.renesas.com/en/document/apn/an1737-eye-safety-proximity-sensing-using-infrared-light-emitting-diodes,AN1737-EYE-SAFETY-PROXIMITY-SENSING-USING-INFRARED-LIGHT-EMITTING-DIODES,https://www.renesas.com/en/document/apn/an1737-eye-safety-proximity-sensing-using-infrared-light-emitting-diodes,,service_manual,,,12,5ac168464803969a
3p,https://www.renesas.com/en/document/apn/an177-voltage-reference-application-and-design-note,AN177-VOLTAGE-REFERENCE-APPLICATION-AND-DESIGN-NOTE,https://www.renesas.com/en/document/apn/an177-voltage-reference-application-and-design-note,,service_manual,,,34,5b9194c92f3072f2
3q,https://www.renesas.com/en/document/apn/an1779-configuring-current-sharing-zl6105-and-zl8101,AN1779-CONFIGURING-CURRENT-SHARING-ZL6105-AND-ZL8101,https://www.renesas.com/en/document/apn/an1779-configuring-current-sharing-zl6105-and-zl8101,,service_manual,,,24,adb1bd9067192b62
3r,https://www.renesas.com/en/document/apn/an1798-isl1561-application-note,AN1798-ISL1561-APPLICATION-NOTE,https://www.renesas.com/en/document/apn/an1798-isl1561-application-note,,service_manual,,,7,3b72868a3d80aee0
3s,https://www.renesas.com/en/document/apn/an1804-sloc-design-guide,AN1804-SLOC-DESIGN-GUIDE,https://www.renesas.com/en/document/apn/an1804-sloc-design-guide,,service_manual,,,26,77b0b91333e76120
3t,https://www.renesas.com/en/document/apn/an1827-high-side-high-current-sensing-techniques,AN1827-HIGH-SIDE-HIGH-CURRENT-SENSING-TECHNIQUES,https://www.renesas.com/en/document/apn/an1827-high-side-high-current-sensing-techniques,,service_manual,,,7,7895a4a127f2b3ce
3u,https://www.renesas.com/en/document/apn/an1867-isl70444seh-isl73444seh-isl70244seh-isl73244seh-isl71444m-pspice-macro-model,AN1867-ISL70444SEH-ISL73444SEH-ISL70244SEH-ISL73244SEH-ISL71444M-PSPICE-MACRO-MODEL,https://www.renesas.com/en/document/apn/an1867-isl70444seh-isl73444seh-isl70244seh-isl73244seh-isl71444m-pspice-macro-model,,service_manual,,,4,b457a2fbacdc3c6b
3v,https://www.renesas.com/en/document/apn/an1878-isl75052seh-and-isl73052seh-pspice-macro-model,AN1878-ISL75052SEH-AND-ISL73052SEH-PSPICE-MACRO-MODEL,https://www.renesas.com/en/document/apn/an1878-isl75052seh-and-isl73052seh-pspice-macro-model,,service_manual,,,4,e4a42e99bed8c41e
3w,https://www.renesas.com/en/document/apn/an1891-designing-isl94208-analog-front-end,AN1891-DESIGNING-ISL94208-ANALOG-FRONT-END,https://www.renesas.com/en/document/apn/an1891-designing-isl94208-analog-front-end,,service_manual,,,47,a065267d3e203617
3x,https://www.renesas.com/en/document/apn/an1915-isl70003seh-isimpe-model,AN1915-ISL70003SEH-ISIMPE-MODEL,https://www.renesas.com/en/document/apn/an1915-isl70003seh-isimpe-model,,service_manual,,,4,22b377d6c14be876
3y,https://www.renesas.com/en/document/apn/an1954-isl70003seh-isl70003aseh-pspice-average-model,AN1954-ISL70003SEH-ISL70003ASEH-PSPICE-AVERAGE-MODEL,https://www.renesas.com/en/document/apn/an1954-isl70003seh-isl70003aseh-pspice-average-model,,service_manual,,,4,4227d7189e89a6c5
3z,https://www.renesas.com/en/document/apn/an1975-use-optocouplers-battery-management-systems,AN1975-USE-OPTOCOUPLERS-BATTERY-MANAGEMENT-SYSTEMS,https://www.renesas.com/en/document/apn/an1975-use-optocouplers-battery-management-systems,,service_manual,,,7,0b4af3d8f79fe4b4
4,https://www.renesas.com/en/document/apn/16-bit-timerevent-counter-0-tm0-one-shot-pulse-output-mode,16-BIT-TIMEREVENT-COUNTER-0-TM0-ONE-SHOT-PULSE-OUTPUT-MODE,https://www.renesas.com/en/document/apn/16-bit-timerevent-counter-0-tm0-one-shot-pulse-output-mode,,service_manual,,,5,3302c66bf1315c2a
41,https://www.renesas.com/en/document/apn/an2010-thermal-and-layout-guidelines-digital-dc-products,AN2010-THERMAL-AND-LAYOUT-GUIDELINES-DIGITAL-DC-PRODUCTS,https://www.renesas.com/en/document/apn/an2010-thermal-and-layout-guidelines-digital-dc-products,,service_manual,,,19,cfc8390e8525a2b3
42,https://www.renesas.com/en/document/apn/an2011-zl2005-component-selection-guide,AN2011-ZL2005-COMPONENT-SELECTION-GUIDE,https://www.renesas.com/en/document/apn/an2011-zl2005-component-selection-guide,,service_manual,,,10,bebd41137a2d3d74
43,https://www.renesas.com/en/document/apn/an2013-zilker-labs-pmbus-command-set,AN2013-ZILKER-LABS-PMBUS-COMMAND-SET,https://www.renesas.com/en/document/apn/an2013-zilker-labs-pmbus-command-set,,service_manual,,,67,766b926eefaf042c
44,https://www.renesas.com/en/document/apn/an2017-non-linear-response,AN2017-NON-LINEAR-RESPONSE,https://www.renesas.com/en/document/apn/an2017-non-linear-response,,service_manual,,,4,8f76cba1f6ce8eb9
45,https://www.renesas.com/en/document/apn/an2026-powernavigator-user-guide,AN2026-POWERNAVIGATOR-USER-GUIDE,https://www.renesas.com/en/document/apn/an2026-powernavigator-user-guide,,service_manual,,,23,7b1ebff157e36af0
46,https://www.renesas.com/en/document/apn/an2032-nlr-configuration-ddc-products,AN2032-NLR-CONFIGURATION-DDC-PRODUCTS,https://www.renesas.com/en/document/apn/an2032-nlr-configuration-ddc-products,,service_manual,,,17,201f0f1aaabad500
47,https://www.renesas.com/en/document/apn/an2033-intersil-pmbus-command-set-digital-dc-products,AN2033-INTERSIL-PMBUS-COMMAND-SET-DIGITAL-DC-PRODUCTS,https://www.renesas.com/en/document/apn/an2033-intersil-pmbus-command-set-digital-dc-products,,service_manual,,,49,44b56697da073390
48,https://www.renesas.com/en/document/apn/an21-x5043-x5045-system-supervisors-manage-8051-type-microcontrollers,AN21-X5043-X5045-SYSTEM-SUPERVISORS-MANAGE-8051-TYPE-MICROCONTROLLERS,https://www.renesas.com/en/document/apn/an21-x5043-x5045-system-supervisors-manage-8051-type-microcontrollers,,service_manual,,,9,68daef81904076c2
49,https://www.renesas.com/en/document/apn/an49-digital-audio-amplifier-gain-control-using-logarithmic-intersil-digitally-controlled,AN49-DIGITAL-AUDIO-AMPLIFIER-GAIN-CONTROL-USING-LOGARITHMIC-INTERSIL-DIGITALLY-CONTROLLED,https://www.renesas.com/en/document/apn/an49-digital-audio-amplifier-gain-control-using-logarithmic-intersil-digitally-controlled,,service_manual,,,3,27a0e0ad10ce4c18
4a,https://www.renesas.com/en/document/apn/an50-op-amp-gain-and-offset-trim-using-intersil-digitally-controlled-potentiometers-xdcps,AN50-OP-AMP-GAIN-AND-OFFSET-TRIM-USING-INTERSIL-DIGITALLY-CONTROLLED-POTENTIOMETERS-XDCPS,https://www.renesas.com/en/document/apn/an50-op-amp-gain-and-offset-trim-using-intersil-digitally-controlled-potentiometers-xdcps,,service_manual,,,4,f2b3fa7e51cc4bf1
4b,https://www.renesas.com/en/document/apn/an514-ha-2400-pram-four-channel-operational-amplifier,AN514-HA-2400-PRAM-FOUR-CHANNEL-OPERATIONAL-AMPLIFIER,https://www.renesas.com/en/document/apn/an514-ha-2400-pram-four-channel-operational-amplifier,,service_manual,,,7,d3488257cc740512
4c,https://www.renesas.com/en/document/apn/an517-application-monolithic-sample-and-hold-amplifiers,AN517-APPLICATION-MONOLITHIC-SAMPLE-AND-HOLD-AMPLIFIERS,https://www.renesas.com/en/document/apn/an517-application-monolithic-sample-and-hold-amplifiers,,service_manual,,,6,c31f467b854fc663
4d,https://www.renesas.com/en/document/apn/an519-operational-amplifier-noise-prediction,AN519-OPERATIONAL-AMPLIFIER-NOISE-PREDICTION,https://www.renesas.com/en/document/apn/an519-operational-amplifier-noise-prediction,,service_manual,,,4,5d9ed858286fed87
4e,https://www.renesas.com/en/document/apn/an520-cmos-analog-multiplexers-and-switches-specifications-and-application-considerations,AN520-CMOS-ANALOG-MULTIPLEXERS-AND-SWITCHES-SPECIFICATIONS-AND-APPLICATION-CONSIDERATIONS,https://www.renesas.com/en/document/apn/an520-cmos-analog-multiplexers-and-switches-specifications-and-application-considerations,,service_manual,,,4,c4f74045fd2b33fc
4f,https://www.renesas.com/en/document/apn/an543-new-high-speed-switch-offers-sub-50ns-switching-times,AN543-NEW-HIGH-SPEED-SWITCH-OFFERS-SUB-50NS-SWITCHING-TIMES,https://www.renesas.com/en/document/apn/an543-new-high-speed-switch-offers-sub-50ns-switching-times,,service_manual,,,10,bdee09ffa64a6d64
4g,https://www.renesas.com/en/document/apn/an548-designers-guide-ha-5033-video-buffer,AN548-DESIGNERS-GUIDE-HA-5033-VIDEO-BUFFER,https://www.renesas.com/en/document/apn/an548-designers-guide-ha-5033-video-buffer,,service_manual,,,13,86250967da4e8c8d
4h,https://www.renesas.com/en/document/apn/an553-ha-5127-ha-5137-ha-5147-ultra-low-noise-amplifiers,AN553-HA-5127-HA-5137-HA-5147-ULTRA-LOW-NOISE-AMPLIFIERS,https://www.renesas.com/en/document/apn/an553-ha-5127-ha-5137-ha-5147-ultra-low-noise-amplifiers,,service_manual,,,9,50b4fbab26d482cf
4i,https://www.renesas.com/en/document/apn/an88-evaluation-circuits-xdcp,AN88-EVALUATION-CIRCUITS-XDCP,https://www.renesas.com/en/document/apn/an88-evaluation-circuits-xdcp,,service_manual,,,3,be0ff4cf48770e08
4j,https://www.renesas.com/en/document/apn/an9301-high-current-logic-level-mosfet-driver,AN9301-HIGH-CURRENT-LOGIC-LEVEL-MOSFET-DRIVER,https://www.renesas.com/en/document/apn/an9301-high-current-logic-level-mosfet-driver,,service_manual,,,4,e17ff9035cabc788
4k,https://www.renesas.com/en/document/apn/an9305-ha5020-operational-amplifier-feedback-resistor-selection,AN9305-HA5020-OPERATIONAL-AMPLIFIER-FEEDBACK-RESISTOR-SELECTION,https://www.renesas.com/en/document/apn/an9305-ha5020-operational-amplifier-feedback-resistor-selection,,service_manual,,,3,a5a237969cba7527
4l,https://www.renesas.com/en/document/apn/an9315-rf-amplifier-design-using-hfa3046-hfa3096-hfa3127-hfa3128-transistor-arrays,AN9315-RF-AMPLIFIER-DESIGN-USING-HFA3046-HFA3096-HFA3127-HFA3128-TRANSISTOR-ARRAYS,https://www.renesas.com/en/document/apn/an9315-rf-amplifier-design-using-hfa3046-hfa3096-hfa3127-hfa3128-transistor-arrays,,service_manual,,,5,494784a517d48717
4m,https://www.renesas.com/en/document/apn/an9405-hip4081a-80v-high-frequency-h-bridge-driver-hip4080a81aevalz,AN9405-HIP4081A-80V-HIGH-FREQUENCY-H-BRIDGE-DRIVER-HIP4080A81AEVALZ,https://www.renesas.com/en/document/apn/an9405-hip4081a-80v-high-frequency-h-bridge-driver-hip4080a81aevalz,,service_manual,,,11,5a7dd6bf4fc65ecf
4n,https://www.renesas.com/en/document/apn/an9506-50w-500khz-full-bridge-phase-shift-zvs-isolated-dc-dc-converter-using-hip4081a,AN9506-50W-500KHZ-FULL-BRIDGE-PHASE-SHIFT-ZVS-ISOLATED-DC-DC-CONVERTER-USING-HIP4081A,https://www.renesas.com/en/document/apn/an9506-50w-500khz-full-bridge-phase-shift-zvs-isolated-dc-dc-converter-using-hip4081a,,service_manual,,,18,5021f82955423380
4o,https://www.renesas.com/en/document/apn/an9508-850mhz-video-multiplexer-delivers-lower-signal-degradation-el5166,AN9508-850MHZ-VIDEO-MULTIPLEXER-DELIVERS-LOWER-SIGNAL-DEGRADATION-EL5166,https://www.renesas.com/en/document/apn/an9508-850mhz-video-multiplexer-delivers-lower-signal-degradation-el5166,,service_manual,,,2,5e2a2ccf60b83ff1
4p,https://www.renesas.com/en/document/apn/an9515-multiplier-improves-dynamic-range-echo-systems,AN9515-MULTIPLIER-IMPROVES-DYNAMIC-RANGE-ECHO-SYSTEMS,https://www.renesas.com/en/document/apn/an9515-multiplier-improves-dynamic-range-echo-systems,,service_manual,,,3,e20e5c755f7bda2f
4q,https://www.renesas.com/en/document/apn/an9519-using-hs-26ct31rh-radiation-hardened-rs-422-line-driver,AN9519-USING-HS-26CT31RH-RADIATION-HARDENED-RS-422-LINE-DRIVER,https://www.renesas.com/en/document/apn/an9519-using-hs-26ct31rh-radiation-hardened-rs-422-line-driver,,service_manual,,,7,bcd9d8c55c80cc94
4r,https://www.renesas.com/en/document/apn/an9523-evaluation-programs-spice-op-amp-models,AN9523-EVALUATION-PROGRAMS-SPICE-OP-AMP-MODELS,https://www.renesas.com/en/document/apn/an9523-evaluation-programs-spice-op-amp-models,,service_manual,,,11,5c4c00ba1079a966
4s,https://www.renesas.com/en/document/apn/an9525-class-d-audio-applications-hip4080aeval2,AN9525-CLASS-D-AUDIO-APPLICATIONS-HIP4080AEVAL2,https://www.renesas.com/en/document/apn/an9525-class-d-audio-applications-hip4080aeval2,,service_manual,,,17,9b02c89792cfc295
4t,https://www.renesas.com/en/document/apn/an9528-900mhz-down-converter-consumes-little-power,AN9528-900MHZ-DOWN-CONVERTER-CONSUMES-LITTLE-POWER,https://www.renesas.com/en/document/apn/an9528-900mhz-down-converter-consumes-little-power,,service_manual,,,2,92c340e31a45efc5
4u,https://www.renesas.com/en/document/apn/an9532-using-hi7190-multiplexed-system,AN9532-USING-HI7190-MULTIPLEXED-SYSTEM,https://www.renesas.com/en/document/apn/an9532-using-hi7190-multiplexed-system,,service_manual,,,4,891f985132163ea4
4v,https://www.renesas.com/en/document/apn/an9601-using-hi7190-single-5v-supply,AN9601-USING-HI7190-SINGLE-5V-SUPPLY,https://www.renesas.com/en/document/apn/an9601-using-hi7190-single-5v-supply,,service_manual,,,3,686e3daf2dc74676
4w,https://www.renesas.com/en/document/apn/an9605-50w-48v-5v-dc-dc-converter-using-hip2100,AN9605-50W-48V-5V-DC-DC-CONVERTER-USING-HIP2100,https://www.renesas.com/en/document/apn/an9605-50w-48v-5v-dc-dc-converter-using-hip2100,,service_manual,,,12,1a462df2b06824b0
4x,https://www.renesas.com/en/document/apn/an9609-overcoming-common-mode-range-issues-when-using-intersil-integrating-converters,AN9609-OVERCOMING-COMMON-MODE-RANGE-ISSUES-WHEN-USING-INTERSIL-INTEGRATING-CONVERTERS,https://www.renesas.com/en/document/apn/an9609-overcoming-common-mode-range-issues-when-using-intersil-integrating-converters,,service_manual,,,4,b9b0c4708d1a9d7a
4y,https://www.renesas.com/en/document/apn/an9611-dc-ac-isolated-battery-inverter-using-hip4082,AN9611-DC-AC-ISOLATED-BATTERY-INVERTER-USING-HIP4082,https://www.renesas.com/en/document/apn/an9611-dc-ac-isolated-battery-inverter-using-hip4082,,service_manual,,,14,f21752178ac21b7a
4z,https://www.renesas.com/en/document/apn/an9637-simple-phase-meter-operates-10mhz-ha5024-hfa3102,AN9637-SIMPLE-PHASE-METER-OPERATES-10MHZ-HA5024-HFA3102,https://www.renesas.com/en/document/apn/an9637-simple-phase-meter-operates-10mhz-ha5024-hfa3102,,service_manual,,,3,2f3d0acfc5999abc
5,https://www.renesas.com/en/document/apn/17k-series-floating-point-arithmetic-package-iea-1306,17K-SERIES-FLOATING-POINT-ARITHMETIC-PACKAGE-IEA-1306,https://www.renesas.com/en/document/apn/17k-series-floating-point-arithmetic-package-iea-1306,,service_manual,,,275,78bcefa9dd2af6b2
50,https://www.renesas.com/en/document/apn/an9640-glossary-communication-terms,AN9640-GLOSSARY-COMMUNICATION-TERMS,https://www.renesas.com/en/document/apn/an9640-glossary-communication-terms,,service_manual,,,32,b03f60fde5fef22b
51,https://www.renesas.com/en/document/apn/an9660-hsp50110210eval-output-formatter-control-signal,AN9660-HSP50110210EVAL-OUTPUT-FORMATTER-CONTROL-SIGNAL,https://www.renesas.com/en/document/apn/an9660-hsp50110210eval-output-formatter-control-signal,,service_manual,,,4,fd02ba7bd45f4f9d
52,https://www.renesas.com/en/document/apn/an9663-converting-voltage-feedback-current-feedback-amplifiers,AN9663-CONVERTING-VOLTAGE-FEEDBACK-CURRENT-FEEDBACK-AMPLIFIERS,https://www.renesas.com/en/document/apn/an9663-converting-voltage-feedback-current-feedback-amplifiers,,service_manual,,,7,2bcf35802ee7b838
53,https://www.renesas.com/en/document/apn/an9723-single-ended-differential-twisted-pair-driver,AN9723-SINGLE-ENDED-DIFFERENTIAL-TWISTED-PAIR-DRIVER,https://www.renesas.com/en/document/apn/an9723-single-ended-differential-twisted-pair-driver,,service_manual,,,3,1f9144ca1a334036
54,https://www.renesas.com/en/document/apn/an9740-digital-control-selects-number-analog-cycles-and-burst-frequency,AN9740-DIGITAL-CONTROL-SELECTS-NUMBER-ANALOG-CYCLES-AND-BURST-FREQUENCY,https://www.renesas.com/en/document/apn/an9740-digital-control-selects-number-analog-cycles-and-burst-frequency,,service_manual,,,3,4c16bd2427e3aac4
55,https://www.renesas.com/en/document/apn/an9761-switch-mode-dc-dc-converter-family-using-hip6006-and-hip6007-pwm-controller-ics,AN9761-SWITCH-MODE-DC-DC-CONVERTER-FAMILY-USING-HIP6006-AND-HIP6007-PWM-CONTROLLER-ICS,https://www.renesas.com/en/document/apn/an9761-switch-mode-dc-dc-converter-family-using-hip6006-and-hip6007-pwm-controller-ics,,service_manual,,,12,69e7db73b7bf54d2
56,https://www.renesas.com/en/document/apn/an9825-power-crystal-oscillator-feedback-stabilized-duty-cycle,AN9825-POWER-CRYSTAL-OSCILLATOR-FEEDBACK-STABILIZED-DUTY-CYCLE,https://www.renesas.com/en/document/apn/an9825-power-crystal-oscillator-feedback-stabilized-duty-cycle,,service_manual,,,3,32630d043d67a2b0
57,https://www.renesas.com/en/document/apn/an9863-3v-55v-250k-1mbps-rs-232-transmittersreceivers,AN9863-3V-55V-250K-1MBPS-RS-232-TRANSMITTERSRECEIVERS,https://www.renesas.com/en/document/apn/an9863-3v-55v-250k-1mbps-rs-232-transmittersreceivers,,service_manual,,,6,c8f7e092381decf5
58,https://www.renesas.com/en/document/apn/an9959-infiniband-class-i-power-supply-using-isl6160-and-hip6006-ics,AN9959-INFINIBAND-CLASS-I-POWER-SUPPLY-USING-ISL6160-AND-HIP6006-ICS,https://www.renesas.com/en/document/apn/an9959-infiniband-class-i-power-supply-using-isl6160-and-hip6006-ics,,service_manual,,,8,363b39b124066e70
59,https://www.renesas.com/en/document/apn/app-note-9tcs10xx,APP-NOTE-9TCS10XX,https://www.renesas.com/en/document/apn/app-note-9tcs10xx,,service_manual,,,2,e1f18e9b8b560db0
5a,https://www.renesas.com/en/document/apn/application-circuits-using-power-mos-fet,APPLICATION-CIRCUITS-USING-POWER-MOS-FET,https://www.renesas.com/en/document/apn/application-circuits-using-power-mos-fet,,service_manual,,,23,ac0670d13501868e
5b,https://www.renesas.com/en/document/apn/application-examples-reading-fromwriting-serial-eeprom,APPLICATION-EXAMPLES-READING-FROMWRITING-SERIAL-EEPROM,https://www.renesas.com/en/document/apn/application-examples-reading-fromwriting-serial-eeprom,,service_manual,,,83,d5734b549a5b5f72
5c,https://www.renesas.com/en/document/apn/application-n-ch-power-mos-fet-2sk278-200khz-switching-regulator,APPLICATION-N-CH-POWER-MOS-FET-2SK278-200KHZ-SWITCHING-REGULATOR,https://www.renesas.com/en/document/apn/application-n-ch-power-mos-fet-2sk278-200khz-switching-regulator,,service_manual,,,22,42da101c9a9191b5
5d,https://www.renesas.com/en/document/apn/battery-charging-k-series-microcontrollers,BATTERY-CHARGING-K-SERIES-MICROCONTROLLERS,https://www.renesas.com/en/document/apn/battery-charging-k-series-microcontrollers,,service_manual,,,39,945440024968e69d
5e,https://www.renesas.com/en/document/apn/cc78k-series-c-compiler-78kiii-series,CC78K-SERIES-C-COMPILER-78KIII-SERIES,https://www.renesas.com/en/document/apn/cc78k-series-c-compiler-78kiii-series,,service_manual,,,66,b5a16c2923c7e726
5f,https://www.renesas.com/en/document/apn/connecting-cadmium-sulfide-photocell,CONNECTING-CADMIUM-SULFIDE-PHOTOCELL,https://www.renesas.com/en/document/apn/connecting-cadmium-sulfide-photocell,,service_manual,,,25,9c3ae5b4fcca177e
5g,https://www.renesas.com/en/document/apn/controlling-fluorescent-lamp-ballasts-using-78k0ix2application-note,CONTROLLING-FLUORESCENT-LAMP-BALLASTS-USING-78K0IX2APPLICATION-NOTE,https://www.renesas.com/en/document/apn/controlling-fluorescent-lamp-ballasts-using-78k0ix2application-note,,service_manual,,,39,bd00a2fdfea098f0
5h,https://www.renesas.com/en/document/apn/controlling-high-brightness-led-using-78k0ix2-application-note,CONTROLLING-HIGH-BRIGHTNESS-LED-USING-78K0IX2-APPLICATION-NOTE,https://www.renesas.com/en/document/apn/controlling-high-brightness-led-using-78k0ix2-application-note,,service_manual,,,35,b1cc66f40b0626f4
5i,https://www.renesas.com/en/document/apn/csi-spi-peripheral-communication-v850es-microcontrollersapplication-note,CSI-SPI-PERIPHERAL-COMMUNICATION-V850ES-MICROCONTROLLERSAPPLICATION-NOTE,https://www.renesas.com/en/document/apn/csi-spi-peripheral-communication-v850es-microcontrollersapplication-note,,service_manual,,,99,4a79b5d116d20dcd
5j,https://www.renesas.com/en/document/apn/d-converter-op-amp-gain-adjustment-connection-mode,D-CONVERTER-OP-AMP-GAIN-ADJUSTMENT-CONNECTION-MODE,https://www.renesas.com/en/document/apn/d-converter-op-amp-gain-adjustment-connection-mode,,service_manual,,,15,24930cc2de5c9c8c
5k,https://www.renesas.com/en/document/apn/data-frame-reception-sample-program,DATA-FRAME-RECEPTION-SAMPLE-PROGRAM,https://www.renesas.com/en/document/apn/data-frame-reception-sample-program,,service_manual,,,16,36c337d4ec17a555
5l,https://www.renesas.com/en/document/apn/data-frame-transmission-sample-program,DATA-FRAME-TRANSMISSION-SAMPLE-PROGRAM,https://www.renesas.com/en/document/apn/data-frame-transmission-sample-program,,service_manual,,,16,7af1ee08aef166fa
5m,https://www.renesas.com/en/document/apn/design-push-pull-type-switching-regulator-applications,DESIGN-PUSH-PULL-TYPE-SWITCHING-REGULATOR-APPLICATIONS,https://www.renesas.com/en/document/apn/design-push-pull-type-switching-regulator-applications,,service_manual,,,20,892c0bc4ce9fe8d2
5n,https://www.renesas.com/en/document/apn/differences-between-m16c29-and-r32c11164-pin-ver,DIFFERENCES-BETWEEN-M16C29-AND-R32C11164-PIN-VER,https://www.renesas.com/en/document/apn/differences-between-m16c29-and-r32c11164-pin-ver,,service_manual,,,45,970ff032dbc30bf5
5o,https://www.renesas.com/en/document/apn/differences-between-m16c62p-and-r32c111-100-pin-ver,DIFFERENCES-BETWEEN-M16C62P-AND-R32C111-100-PIN-VER,https://www.renesas.com/en/document/apn/differences-between-m16c62p-and-r32c111-100-pin-ver,,service_manual,,,45,99c4d7a1d673d349
5p,https://www.renesas.com/en/document/apn/differences-between-m32c87-and-r32c111-100-pin-ver,DIFFERENCES-BETWEEN-M32C87-AND-R32C111-100-PIN-VER,https://www.renesas.com/en/document/apn/differences-between-m32c87-and-r32c111-100-pin-ver,,service_manual,,,40,a2bdde0a36db3b02
5q,https://www.renesas.com/en/document/apn/differences-between-m32c87-and-r32c118,DIFFERENCES-BETWEEN-M32C87-AND-R32C118,https://www.renesas.com/en/document/apn/differences-between-m32c87-and-r32c118,,service_manual,,,46,6814dac95d6dfdbb
5r,https://www.renesas.com/en/document/apn/differences-between-m32c87a-and-r32c117,DIFFERENCES-BETWEEN-M32C87A-AND-R32C117,https://www.renesas.com/en/document/apn/differences-between-m32c87a-and-r32c117,,service_manual,,,46,fa5f4ebc935e9923
5s,https://www.renesas.com/en/document/apn/differences-between-m32c87b-and-r32c116,DIFFERENCES-BETWEEN-M32C87B-AND-R32C116,https://www.renesas.com/en/document/apn/differences-between-m32c87b-and-r32c116,,service_manual,,,45,38b33ceb8f100dd9
5t,https://www.renesas.com/en/document/apn/differences-between-r32c118-144-pin-package-and-r32c118a-176-pin-package,DIFFERENCES-BETWEEN-R32C118-144-PIN-PACKAGE-AND-R32C118A-176-PIN-PACKAGE,https://www.renesas.com/en/document/apn/differences-between-r32c118-144-pin-package-and-r32c118a-176-pin-package,,service_manual,,,19,1690d6d4a9e9d0ad
5u,https://www.renesas.com/en/document/apn/differences-between-r32c118-and-r32c118a-144-pin-package,DIFFERENCES-BETWEEN-R32C118-AND-R32C118A-144-PIN-PACKAGE,https://www.renesas.com/en/document/apn/differences-between-r32c118-and-r32c118a-144-pin-package,,service_manual,,,13,4e183775f28f8850
5v,https://www.renesas.com/en/document/apn/differences-between-rx66t-group-and-rx62t-group-rev110,DIFFERENCES-BETWEEN-RX66T-GROUP-AND-RX62T-GROUP-REV110,https://www.renesas.com/en/document/apn/differences-between-rx66t-group-and-rx62t-group-rev110,,service_manual,,,158,15760523e6bb082e
5w,https://www.renesas.com/en/document/apn/differences-between-rx66t-group-and-rx63t-group-rev120,DIFFERENCES-BETWEEN-RX66T-GROUP-AND-RX63T-GROUP-REV120,https://www.renesas.com/en/document/apn/differences-between-rx66t-group-and-rx63t-group-rev120,,service_manual,,,241,876f05e577183b33
5x,https://www.renesas.com/en/document/apn/direct-drive-14-vga-lcd-h8s-microcontroller,DIRECT-DRIVE-14-VGA-LCD-H8S-MICROCONTROLLER,https://www.renesas.com/en/document/apn/direct-drive-14-vga-lcd-h8s-microcontroller,,service_manual,,,31,fe7d840a445760c5
5y,https://www.renesas.com/en/document/apn/directional-finder-dirfind,DIRECTIONAL-FINDER-DIRFIND,https://www.renesas.com/en/document/apn/directional-finder-dirfind,,service_manual,,,31,406ca0008772e013
5z,https://www.renesas.com/en/document/apn/dma-transfers-sd-cards-and-external-sram,DMA-TRANSFERS-SD-CARDS-AND-EXTERNAL-SRAM,https://www.renesas.com/en/document/apn/dma-transfers-sd-cards-and-external-sram,,service_manual,,,251,00aa0fc66a8655db
6,https://www.renesas.com/en/document/apn/1894-32-evaluation-board-schematic,1894-32-EVALUATION-BOARD-SCHEMATIC,https://www.renesas.com/en/document/apn/1894-32-evaluation-board-schematic,,service_manual,,,2,f26ffc4e79b49a6a
60,https://www.renesas.com/en/document/apn/dram-control,DRAM-CONTROL,https://www.renesas.com/en/document/apn/dram-control,,service_manual,,,14,eaa173e4157b8e67
61,https://www.renesas.com/en/document/apn/driving-stepper-motor-stepper,DRIVING-STEPPER-MOTOR-STEPPER,https://www.renesas.com/en/document/apn/driving-stepper-motor-stepper,,service_manual,,,18,00b4faaa5d84c8b1
62,https://www.renesas.com/en/document/apn/ec-1-series-guide-connecting-external-mcu-spi-rev100,EC-1-SERIES-GUIDE-CONNECTING-EXTERNAL-MCU-SPI-REV100,https://www.renesas.com/en/document/apn/ec-1-series-guide-connecting-external-mcu-spi-rev100,,service_manual,,,50,f265ab6eb10284d6
63,https://www.renesas.com/en/document/apn/ec-1-series-spi-connection-library-ethercat-slave-controller-rev100,EC-1-SERIES-SPI-CONNECTION-LIBRARY-ETHERCAT-SLAVE-CONTROLLER-REV100,https://www.renesas.com/en/document/apn/ec-1-series-spi-connection-library-ethercat-slave-controller-rev100,,service_manual,,,52,375982d51b735d12
64,https://www.renesas.com/en/document/apn/encoder-based-vector-control-position-control-permanent-magnet-synchronous-motor-rzt1-motion-control,ENCODER-BASED-VECTOR-CONTROL-POSITION-CONTROL-PERMANENT-MAGNET-SYNCHRONOUS-MOTOR-RZT1-MOTION-CONTROL,https://www.renesas.com/en/document/apn/encoder-based-vector-control-position-control-permanent-magnet-synchronous-motor-rzt1-motion-control,,service_manual,,,44,7833daf15db782a3
65,https://www.renesas.com/en/document/apn/encoder-based-vector-control-speed-control-permanent-magnet-synchronous-motor-rzt1-motion-control,ENCODER-BASED-VECTOR-CONTROL-SPEED-CONTROL-PERMANENT-MAGNET-SYNCHRONOUS-MOTOR-RZT1-MOTION-CONTROL,https://www.renesas.com/en/document/apn/encoder-based-vector-control-speed-control-permanent-magnet-synchronous-motor-rzt1-motion-control,,service_manual,,,40,861707a589c17a5c
66,https://www.renesas.com/en/document/apn/example-using-scif-asynchronous-mode-serial-data-transfer,EXAMPLE-USING-SCIF-ASYNCHRONOUS-MODE-SERIAL-DATA-TRANSFER,https://www.renesas.com/en/document/apn/example-using-scif-asynchronous-mode-serial-data-transfer,,service_manual,,,27,c6fc560f7d87257d
67,https://www.renesas.com/en/document/apn/explanation-boot-loader,EXPLANATION-BOOT-LOADER,https://www.renesas.com/en/document/apn/explanation-boot-loader,,service_manual,,,103,05eb39ffbec46d52
68,https://www.renesas.com/en/document/apn/external-buses-rej05b0279-0100z,EXTERNAL-BUSES-REJ05B0279-0100Z,https://www.renesas.com/en/document/apn/external-buses-rej05b0279-0100z,,service_manual,,,26,a32e4eb7bce97e02
69,https://www.renesas.com/en/document/apn/external-buses-rej05b0439-0100z,EXTERNAL-BUSES-REJ05B0439-0100Z,https://www.renesas.com/en/document/apn/external-buses-rej05b0439-0100z,,service_manual,,,37,d2105494b203f3a3
6a,https://www.renesas.com/en/document/apn/f-ztat-microcomputer-board-programming-application-note,F-ZTAT-MICROCOMPUTER-BOARD-PROGRAMMING-APPLICATION-NOTE,https://www.renesas.com/en/document/apn/f-ztat-microcomputer-board-programming-application-note,,service_manual,,,107,b916fb1e29eb0730
6b,https://www.renesas.com/en/document/apn/flash-over-can,FLASH-OVER-CAN,https://www.renesas.com/en/document/apn/flash-over-can,,service_manual,,,22,597b1c7f23267470
6c,https://www.renesas.com/en/document/apn/h8300-seriesh8300l-series-software,H8300-SERIESH8300L-SERIES-SOFTWARE,https://www.renesas.com/en/document/apn/h8300-seriesh8300l-series-software,,service_manual,,,312,55db7b9db0a1a6d5
6d,https://www.renesas.com/en/document/apn/h8300h-series-chip-supporting-modules-application-note-rej05b0522-0300,H8300H-SERIES-CHIP-SUPPORTING-MODULES-APPLICATION-NOTE-REJ05B0522-0300,https://www.renesas.com/en/document/apn/h8300h-series-chip-supporting-modules-application-note-rej05b0522-0300,,service_manual,,,325,40dd581907186bd0
6e,https://www.renesas.com/en/document/apn/h8300h-slp-series-application-note-aec-interval-timer-operation-using-16-bit-mode,H8300H-SLP-SERIES-APPLICATION-NOTE-AEC-INTERVAL-TIMER-OPERATION-USING-16-BIT-MODE,https://www.renesas.com/en/document/apn/h8300h-slp-series-application-note-aec-interval-timer-operation-using-16-bit-mode,,service_manual,,,16,d0d11820d3da711e
6f,https://www.renesas.com/en/document/apn/h8300h-slp-series-application-note-aec-interval-timer-operation-using-8-bit-mode,H8300H-SLP-SERIES-APPLICATION-NOTE-AEC-INTERVAL-TIMER-OPERATION-USING-8-BIT-MODE,https://www.renesas.com/en/document/apn/h8300h-slp-series-application-note-aec-interval-timer-operation-using-8-bit-mode,,service_manual,,,15,02c4ac599f03fa58
6g,https://www.renesas.com/en/document/apn/h8300h-slp-series-application-note-asynchronous-event-counter-operation-using-16-bit-mode,H8300H-SLP-SERIES-APPLICATION-NOTE-ASYNCHRONOUS-EVENT-COUNTER-OPERATION-USING-16-BIT-MODE,https://www.renesas.com/en/document/apn/h8300h-slp-series-application-note-asynchronous-event-counter-operation-using-16-bit-mode,,service_manual,,,16,17d6968d3d51fcc0
6h,https://www.renesas.com/en/document/apn/h8300h-slp-series-application-note-asynchronous-event-counter-operation-using-8-bit-mode,H8300H-SLP-SERIES-APPLICATION-NOTE-ASYNCHRONOUS-EVENT-COUNTER-OPERATION-USING-8-BIT-MODE,https://www.renesas.com/en/document/apn/h8300h-slp-series-application-note-asynchronous-event-counter-operation-using-8-bit-mode,,service_manual,,,15,92d375ca928a3c65
6i,https://www.renesas.com/en/document/apn/h8300h-tiny-series-application-note-example-remote-control-signal-reception-power-down-mode,H8300H-TINY-SERIES-APPLICATION-NOTE-EXAMPLE-REMOTE-CONTROL-SIGNAL-RECEPTION-POWER-DOWN-MODE,https://www.renesas.com/en/document/apn/h8300h-tiny-series-application-note-example-remote-control-signal-reception-power-down-mode,,service_manual,,,34,817f145512b74a86
6j,https://www.renesas.com/en/document/apn/h8300h-tiny-series-application-note-lcd-display-external-driver,H8300H-TINY-SERIES-APPLICATION-NOTE-LCD-DISPLAY-EXTERNAL-DRIVER,https://www.renesas.com/en/document/apn/h8300h-tiny-series-application-note-lcd-display-external-driver,,service_manual,,,22,ff935d0b0f37d332
6k,https://www.renesas.com/en/document/apn/h8300l-slp-series-application-note-direction-finder-dirfind,H8300L-SLP-SERIES-APPLICATION-NOTE-DIRECTION-FINDER-DIRFIND,https://www.renesas.com/en/document/apn/h8300l-slp-series-application-note-direction-finder-dirfind,,service_manual,,,30,7e63d8a4056f8b9f
6l,https://www.renesas.com/en/document/apn/h8300l-slp-series-application-note-precise-control-dc-motor-dcmotor,H8300L-SLP-SERIES-APPLICATION-NOTE-PRECISE-CONTROL-DC-MOTOR-DCMOTOR,https://www.renesas.com/en/document/apn/h8300l-slp-series-application-note-precise-control-dc-motor-dcmotor,,service_manual,,,41,88e33362c0bbe4b5
6m,https://www.renesas.com/en/document/apn/h8300l-slp-series-application-note-pwm-producing-dtmf-signal-dtmf,H8300L-SLP-SERIES-APPLICATION-NOTE-PWM-PRODUCING-DTMF-SIGNAL-DTMF,https://www.renesas.com/en/document/apn/h8300l-slp-series-application-note-pwm-producing-dtmf-signal-dtmf,,service_manual,,,20,3a165ef92d8adcb2
6n,https://www.renesas.com/en/document/apn/h8300l-slp-series-application-note-slp-tone-generator-tonegen,H8300L-SLP-SERIES-APPLICATION-NOTE-SLP-TONE-GENERATOR-TONEGEN,https://www.renesas.com/en/document/apn/h8300l-slp-series-application-note-slp-tone-generator-tonegen,,service_manual,,,26,5818ec460d8e292a
6o,https://www.renesas.com/en/document/apn/h8300l-slp-series-application-note-ultrasonic-range-finder-ultrange,H8300L-SLP-SERIES-APPLICATION-NOTE-ULTRASONIC-RANGE-FINDER-ULTRANGE,https://www.renesas.com/en/document/apn/h8300l-slp-series-application-note-ultrasonic-range-finder-ultrange,,service_manual,,,30,c9813a8b778e656a
6p,https://www.renesas.com/en/document/apn/h8s-family-application-note-data-transfer-single-address-mode,H8S-FAMILY-APPLICATION-NOTE-DATA-TRANSFER-SINGLE-ADDRESS-MODE,https://www.renesas.com/en/document/apn/h8s-family-application-note-data-transfer-single-address-mode,,service_manual,,,19,9c0638b98f70db84
6q,https://www.renesas.com/en/document/apn/h8s-family-application-note-normal-mode-data-transfer-exdmac,H8S-FAMILY-APPLICATION-NOTE-NORMAL-MODE-DATA-TRANSFER-EXDMAC,https://www.renesas.com/en/document/apn/h8s-family-application-note-normal-mode-data-transfer-exdmac,,service_manual,,,18,5ff2e392b2537a0b
6r,https://www.renesas.com/en/document/apn/h8s-family-application-note-using-14-bit-pwm-function,H8S-FAMILY-APPLICATION-NOTE-USING-14-BIT-PWM-FUNCTION,https://www.renesas.com/en/document/apn/h8s-family-application-note-using-14-bit-pwm-function,,service_manual,,,17,7160388664a3e768
6s,https://www.renesas.com/en/document/apn/h8s-family-application-note-using-8-bit-pwm-function-generate-duty-cycle-controlled-pulse-output,H8S-FAMILY-APPLICATION-NOTE-USING-8-BIT-PWM-FUNCTION-GENERATE-DUTY-CYCLE-CONTROLLED-PULSE-OUTPUT,https://www.renesas.com/en/document/apn/h8s-family-application-note-using-8-bit-pwm-function-generate-duty-cycle-controlled-pulse-output,,service_manual,,,13,49880314a72a7ba5
6t,https://www.renesas.com/en/document/apn/h8s2200-series-application-note-dc-motor-control-processing-using-pwm,H8S2200-SERIES-APPLICATION-NOTE-DC-MOTOR-CONTROL-PROCESSING-USING-PWM,https://www.renesas.com/en/document/apn/h8s2200-series-application-note-dc-motor-control-processing-using-pwm,,service_manual,,,12,756066061e2c8465
6u,https://www.renesas.com/en/document/apn/h8s2215-hd64f2215-usb-function-module-application-notes,H8S2215-HD64F2215-USB-FUNCTION-MODULE-APPLICATION-NOTES,https://www.renesas.com/en/document/apn/h8s2215-hd64f2215-usb-function-module-application-notes,,service_manual,,,83,48bd885e9f0da75b
6v,https://www.renesas.com/en/document/apn/h8s2215-usb-function-module-mass-storage-class-bulk-only-transport,H8S2215-USB-FUNCTION-MODULE-MASS-STORAGE-CLASS-BULK-ONLY-TRANSPORT,https://www.renesas.com/en/document/apn/h8s2215-usb-function-module-mass-storage-class-bulk-only-transport,,service_manual,,,91,b9b484bea6a17a5d
6w,https://www.renesas.com/en/document/apn/h8s2218-usb-function-module-storage-class-bulk-only-transport-application-note,H8S2218-USB-FUNCTION-MODULE-STORAGE-CLASS-BULK-ONLY-TRANSPORT-APPLICATION-NOTE,https://www.renesas.com/en/document/apn/h8s2218-usb-function-module-storage-class-bulk-only-transport-application-note,,service_manual,,,92,9a69fc1a01255528
6x,https://www.renesas.com/en/document/apn/h8s2655-interface-volume-application-note,H8S2655-INTERFACE-VOLUME-APPLICATION-NOTE,https://www.renesas.com/en/document/apn/h8s2655-interface-volume-application-note,,service_manual,,,170,47844b4e9992765c
6y,https://www.renesas.com/en/document/apn/halt-mode-using-subsystem-clock,HALT-MODE-USING-SUBSYSTEM-CLOCK,https://www.renesas.com/en/document/apn/halt-mode-using-subsystem-clock,,service_manual,,,5,72d9ff60bf21571c
6z,https://www.renesas.com/en/document/apn/hardware-interfacing-techniques-ios-hwio,HARDWARE-INTERFACING-TECHNIQUES-IOS-HWIO,https://www.renesas.com/en/document/apn/hardware-interfacing-techniques-ios-hwio,,service_manual,,,17,b4d92719c49945c8
7,https://www.renesas.com/en/document/apn/254-most-commonly-asked-questions-about-sync-dual-ports,254-MOST-COMMONLY-ASKED-QUESTIONS-ABOUT-SYNC-DUAL-PORTS,https://www.renesas.com/en/document/apn/254-most-commonly-asked-questions-about-sync-dual-ports,,service_manual,,,8,70633faf1a38231d
70,https://www.renesas.com/en/document/apn/hardware-interfacing-techniques-reset-signal-hwreset,HARDWARE-INTERFACING-TECHNIQUES-RESET-SIGNAL-HWRESET,https://www.renesas.com/en/document/apn/hardware-interfacing-techniques-reset-signal-hwreset,,service_manual,,,11,80be75908c84f090
71,https://www.renesas.com/en/document/apn/hd64413a-q2sd,HD64413A-Q2SD,https://www.renesas.com/en/document/apn/hd64413a-q2sd,,service_manual,,,172,72078e7eb77eacee
72,https://www.renesas.com/en/document/apn/hmcs400-series,HMCS400-SERIES,https://www.renesas.com/en/document/apn/hmcs400-series,,service_manual,,,217,c16ed13617322c60
73,https://www.renesas.com/en/document/apn/ics1526-schematics,ICS1526-SCHEMATICS,https://www.renesas.com/en/document/apn/ics1526-schematics,,service_manual,,,2,c7817a04e1d3ab22
74,https://www.renesas.com/en/document/apn/ics307-03-demo-board-instructions,ICS307-03-DEMO-BOARD-INSTRUCTIONS,https://www.renesas.com/en/document/apn/ics307-03-demo-board-instructions,,service_manual,,,5,8b316582fd3aac8e
75,https://www.renesas.com/en/document/apn/idt-clock-buffers-offers-ultra-low-additive-phase-jitter,IDT-CLOCK-BUFFERS-OFFERS-ULTRA-LOW-ADDITIVE-PHASE-JITTER,https://www.renesas.com/en/document/apn/idt-clock-buffers-offers-ultra-low-additive-phase-jitter,,service_manual,,,10,476ead25d6d39894
76,https://www.renesas.com/en/document/apn/idtan0tcs01,IDTAN0TCS01,https://www.renesas.com/en/document/apn/idtan0tcs01,,service_manual,,,2,e1f18e9b8b560db0
77,https://www.renesas.com/en/document/apn/inverter-control-upd78f0714120-degrees-excitation-method-control-zero-cross-detection,INVERTER-CONTROL-UPD78F0714120-DEGREES-EXCITATION-METHOD-CONTROL-ZERO-CROSS-DETECTION,https://www.renesas.com/en/document/apn/inverter-control-upd78f0714120-degrees-excitation-method-control-zero-cross-detection,,service_manual,,,69,9c6048c8cedfa3b4
78,https://www.renesas.com/en/document/apn/inverter-control-v850-series-120-degree-excitation-methodcontrol-zero-cross-detection-using-real,INVERTER-CONTROL-V850-SERIES-120-DEGREE-EXCITATION-METHODCONTROL-ZERO-CROSS-DETECTION-USING-REAL,https://www.renesas.com/en/document/apn/inverter-control-v850-series-120-degree-excitation-methodcontrol-zero-cross-detection-using-real,,service_manual,,,83,f744f14ab0f403a9
79,https://www.renesas.com/en/document/apn/inverter-control-v850-series-for120degc-excitation-method-control-zero-cross-detection,INVERTER-CONTROL-V850-SERIES-FOR120DEGC-EXCITATION-METHOD-CONTROL-ZERO-CROSS-DETECTION,https://www.renesas.com/en/document/apn/inverter-control-v850-series-for120degc-excitation-method-control-zero-cross-detection,,service_manual,,,186,5d31867798b68cbc
7a,https://www.renesas.com/en/document/apn/inverter-control-v850-series-vector-control-encoder,INVERTER-CONTROL-V850-SERIES-VECTOR-CONTROL-ENCODER,https://www.renesas.com/en/document/apn/inverter-control-v850-series-vector-control-encoder,,service_manual,,,137,73b7ba61f5e554d6
7b,https://www.renesas.com/en/document/apn/inverter-control-v850-series-vector-control-hall-sensor,INVERTER-CONTROL-V850-SERIES-VECTOR-CONTROL-HALL-SENSOR,https://www.renesas.com/en/document/apn/inverter-control-v850-series-vector-control-hall-sensor,,service_manual,,,181,76e8299de38cd029
7c,https://www.renesas.com/en/document/apn/isl29125eval1z-evaluation-board-manual,ISL29125EVAL1Z-EVALUATION-BOARD-MANUAL,https://www.renesas.com/en/document/apn/isl29125eval1z-evaluation-board-manual,,service_manual,,,9,d2aff7df0e069d8f
7e,https://www.renesas.com/en/document/apn/lcd-controller-tft-lcd-interfacing-example,LCD-CONTROLLER-TFT-LCD-INTERFACING-EXAMPLE,https://www.renesas.com/en/document/apn/lcd-controller-tft-lcd-interfacing-example,,service_manual,,,28,0f2a35dbccc6195d
7f,https://www.renesas.com/en/document/apn/lcd-rtc-and-power-mode-demonstration,LCD-RTC-AND-POWER-MODE-DEMONSTRATION,https://www.renesas.com/en/document/apn/lcd-rtc-and-power-mode-demonstration,,service_manual,,,54,3c07597b4800bf79
7g,https://www.renesas.com/en/document/apn/led-control-using-rl78i1a-rev201,LED-CONTROL-USING-RL78I1A-REV201,https://www.renesas.com/en/document/apn/led-control-using-rl78i1a-rev201,,service_manual,,,30,840985a30d340936
7h,https://www.renesas.com/en/document/apn/led-digital-clock-application-r8c27,LED-DIGITAL-CLOCK-APPLICATION-R8C27,https://www.renesas.com/en/document/apn/led-digital-clock-application-r8c27,,service_manual,,,18,25d96a6059d2ee92
7i,https://www.renesas.com/en/document/apn/led-table-lighting-application-renesas-starter-kit,LED-TABLE-LIGHTING-APPLICATION-RENESAS-STARTER-KIT,https://www.renesas.com/en/document/apn/led-table-lighting-application-renesas-starter-kit,,service_manual,,,16,748e6746261d436b
7j,https://www.renesas.com/en/document/apn/liquid-crystal-displays-theory-operation-and-applicationapplication-note,LIQUID-CRYSTAL-DISPLAYS-THEORY-OPERATION-AND-APPLICATIONAPPLICATION-NOTE,https://www.renesas.com/en/document/apn/liquid-crystal-displays-theory-operation-and-applicationapplication-note,,service_manual,,,162,2736cff00659db30
7k,https://www.renesas.com/en/document/apn/low-power-mode-demonstration,LOW-POWER-MODE-DEMONSTRATION,https://www.renesas.com/en/document/apn/low-power-mode-demonstration,,service_manual,,,17,c97c4ad94154d68c
7l,https://www.renesas.com/en/document/apn/m66596fp-utility-board-m3a-0039-instruction-manual,M66596FP-UTILITY-BOARD-M3A-0039-INSTRUCTION-MANUAL,https://www.renesas.com/en/document/apn/m66596fp-utility-board-m3a-0039-instruction-manual,,service_manual,,,16,ea3449152e7caad5
7m,https://www.renesas.com/en/document/apn/microcomputer-h83003-interface-application-note,MICROCOMPUTER-H83003-INTERFACE-APPLICATION-NOTE,https://www.renesas.com/en/document/apn/microcomputer-h83003-interface-application-note,,service_manual,,,133,806ea7ca35bc9173
7n,https://www.renesas.com/en/document/apn/migrating-rx210-group-rx230-group-or-rx231-group-rev110,MIGRATING-RX210-GROUP-RX230-GROUP-OR-RX231-GROUP-REV110,https://www.renesas.com/en/document/apn/migrating-rx210-group-rx230-group-or-rx231-group-rev110,,service_manual,,,109,968b0cecf818fabd
7o,https://www.renesas.com/en/document/apn/motor-control-rx62t-micro-controller-sensorless-vector-control-permanent-magnetic-synchronous-motor,MOTOR-CONTROL-RX62T-MICRO-CONTROLLER-SENSORLESS-VECTOR-CONTROL-PERMANENT-MAGNETIC-SYNCHRONOUS-MOTOR,https://www.renesas.com/en/document/apn/motor-control-rx62t-micro-controller-sensorless-vector-control-permanent-magnetic-synchronous-motor,,service_manual,,,38,d34296144cc22164
7p,https://www.renesas.com/en/document/apn/motor-control-rx62t-micro-controller-vector-control-permanent-magnetic-synchronous-motor-using,MOTOR-CONTROL-RX62T-MICRO-CONTROLLER-VECTOR-CONTROL-PERMANENT-MAGNETIC-SYNCHRONOUS-MOTOR-USING,https://www.renesas.com/en/document/apn/motor-control-rx62t-micro-controller-vector-control-permanent-magnetic-synchronous-motor-using,,service_manual,,,38,a32dd4102432709d
7q,https://www.renesas.com/en/document/apn/outline-can-module,OUTLINE-CAN-MODULE,https://www.renesas.com/en/document/apn/outline-can-module,,service_manual,,,24,486d6594ecb479f7
7r,https://www.renesas.com/en/document/apn/points-difference-between-rx113-group-and-rx130-group-rev110,POINTS-DIFFERENCE-BETWEEN-RX113-GROUP-AND-RX130-GROUP-REV110,https://www.renesas.com/en/document/apn/points-difference-between-rx113-group-and-rx130-group-rev110,,service_manual,,,88,fc41f9eb5b88f506
7s,https://www.renesas.com/en/document/apn/points-difference-between-rx130-group-and-rx220-group-rev110,POINTS-DIFFERENCE-BETWEEN-RX130-GROUP-AND-RX220-GROUP-REV110,https://www.renesas.com/en/document/apn/points-difference-between-rx130-group-and-rx220-group-rev110,,service_manual,,,82,dcb00506340c21db
7t,https://www.renesas.com/en/document/apn/points-difference-between-rx130-group-and-rx230rx231-group-rev120,POINTS-DIFFERENCE-BETWEEN-RX130-GROUP-AND-RX230RX231-GROUP-REV120,https://www.renesas.com/en/document/apn/points-difference-between-rx130-group-and-rx230rx231-group-rev120,,service_manual,,,91,c76f2a2c78723275
7u,https://www.renesas.com/en/document/apn/points-difference-between-rx231-group-and-rx630-group-rev110,POINTS-DIFFERENCE-BETWEEN-RX231-GROUP-AND-RX630-GROUP-REV110,https://www.renesas.com/en/document/apn/points-difference-between-rx231-group-and-rx630-group-rev110,,service_manual,,,130,81305ca2bf99f5ce
7v,https://www.renesas.com/en/document/apn/points-difference-between-rx651-group-and-rx210-group-rev100,POINTS-DIFFERENCE-BETWEEN-RX651-GROUP-AND-RX210-GROUP-REV100,https://www.renesas.com/en/document/apn/points-difference-between-rx651-group-and-rx210-group-rev100,,service_manual,,,122,b9745c5d3dacab6e
7w,https://www.renesas.com/en/document/apn/points-difference-between-rx65n-group-and-rx62n-group-rev100,POINTS-DIFFERENCE-BETWEEN-RX65N-GROUP-AND-RX62N-GROUP-REV100,https://www.renesas.com/en/document/apn/points-difference-between-rx65n-group-and-rx62n-group-rev100,,service_manual,,,149,8f597228bfc5d22b
7x,https://www.renesas.com/en/document/apn/points-difference-between-rx65n-group-and-rx630-group-rev220,POINTS-DIFFERENCE-BETWEEN-RX65N-GROUP-AND-RX630-GROUP-REV220,https://www.renesas.com/en/document/apn/points-difference-between-rx65n-group-and-rx630-group-rev220,,service_manual,,,158,4dc80172bb9a4b19
7y,https://www.renesas.com/en/document/apn/points-difference-between-rx65n-group-and-rx64m-group,POINTS-DIFFERENCE-BETWEEN-RX65N-GROUP-AND-RX64M-GROUP,https://www.renesas.com/en/document/apn/points-difference-between-rx65n-group-and-rx64m-group,,service_manual,,,124,38d2d4b795b4449c
7z,https://www.renesas.com/en/document/apn/porting-guide-78k0rfc3-rl78f14-rev200,PORTING-GUIDE-78K0RFC3-RL78F14-REV200,https://www.renesas.com/en/document/apn/porting-guide-78k0rfc3-rl78f14-rev200,,service_manual,,,120,65c4fabdf9463cc6
8,https://www.renesas.com/en/document/apn/260-sdram-architecture-signals-and-routing,260-SDRAM-ARCHITECTURE-SIGNALS-AND-ROUTING,https://www.renesas.com/en/document/apn/260-sdram-architecture-signals-and-routing,,service_manual,,,3,32713483e675b6ea
80,https://www.renesas.com/en/document/apn/power-mos-fet-features-and-application-switching-power-supply-d12971ej1v0an00,POWER-MOS-FET-FEATURES-AND-APPLICATION-SWITCHING-POWER-SUPPLY-D12971EJ1V0AN00,https://www.renesas.com/en/document/apn/power-mos-fet-features-and-application-switching-power-supply-d12971ej1v0an00,,service_manual,,,23,a808ba83ad431cfc
81,https://www.renesas.com/en/document/apn/precision-control-dc-motor-dcmotor,PRECISION-CONTROL-DC-MOTOR-DCMOTOR,https://www.renesas.com/en/document/apn/precision-control-dc-motor-dcmotor,,service_manual,,,42,5cd89ce6fbb81094
82,https://www.renesas.com/en/document/apn/preliminary-application-note-78k0kx2fx2lx2dx2lx3lin4ucflix2kx2-l-flash-memory-self-programming,PRELIMINARY-APPLICATION-NOTE-78K0KX2FX2LX2DX2LX3LIN4UCFLIX2KX2-L-FLASH-MEMORY-SELF-PROGRAMMING,https://www.renesas.com/en/document/apn/preliminary-application-note-78k0kx2fx2lx2dx2lx3lin4ucflix2kx2-l-flash-memory-self-programming,,service_manual,,,78,c710ae7a5fac12ff
83,https://www.renesas.com/en/document/apn/producing-beep,PRODUCING-BEEP,https://www.renesas.com/en/document/apn/producing-beep,,service_manual,,,28,d73299e1325afab2
84,https://www.renesas.com/en/document/apn/producing-musical-notes,PRODUCING-MUSICAL-NOTES,https://www.renesas.com/en/document/apn/producing-musical-notes,,service_manual,,,18,932c0e151bbd3641
85,https://www.renesas.com/en/document/apn/programming-examples-k0-and-k0s-microcontrollers-application-note,PROGRAMMING-EXAMPLES-K0-AND-K0S-MICROCONTROLLERS-APPLICATION-NOTE,https://www.renesas.com/en/document/apn/programming-examples-k0-and-k0s-microcontrollers-application-note,,service_manual,,,245,c899ad03c8be8d1e
86,https://www.renesas.com/en/document/apn/pwm-producing-dtmf-signal-dtmf,PWM-PRODUCING-DTMF-SIGNAL-DTMF,https://www.renesas.com/en/document/apn/pwm-producing-dtmf-signal-dtmf,,service_manual,,,21,9715973c7ba9e55a
87,https://www.renesas.com/en/document/apn/r16an0005-achieving-regulated-supply-5v-or-12v-input-range-3v-40v-using-isl85403,R16AN0005-ACHIEVING-REGULATED-SUPPLY-5V-OR-12V-INPUT-RANGE-3V-40V-USING-ISL85403,https://www.renesas.com/en/document/apn/r16an0005-achieving-regulated-supply-5v-or-12v-input-range-3v-40v-using-isl85403,,service_manual,,,11,c0cf80d9af03a2be
88,https://www.renesas.com/en/document/apn/r2a20113a-application-note,R2A20113A-APPLICATION-NOTE,https://www.renesas.com/en/document/apn/r2a20113a-application-note,,service_manual,,,15,c7dcd9b2dc6e6105
89,https://www.renesas.com/en/document/apn/r8a66597fp-utility-board-m3a-0040-instruction-manual,R8A66597FP-UTILITY-BOARD-M3A-0040-INSTRUCTION-MANUAL,https://www.renesas.com/en/document/apn/r8a66597fp-utility-board-m3a-0040-instruction-manual,,service_manual,,,18,90d7d05c2c464da5
8a,https://www.renesas.com/en/document/apn/r8c34k-group-usb-host-evaluation-board-r0k5r8c34dk2hbr-hardware-instruction-manual,R8C34K-GROUP-USB-HOST-EVALUATION-BOARD-R0K5R8C34DK2HBR-HARDWARE-INSTRUCTION-MANUAL,https://www.renesas.com/en/document/apn/r8c34k-group-usb-host-evaluation-board-r0k5r8c34dk2hbr-hardware-instruction-manual,,service_manual,,,32,fc2fd2f29e8f9c76
8b,https://www.renesas.com/en/document/apn/r8c34k-group-usb-peripheral-evaluation-board-r0k5r8c34dk2pbr-hardware-instruction-manual,R8C34K-GROUP-USB-PERIPHERAL-EVALUATION-BOARD-R0K5R8C34DK2PBR-HARDWARE-INSTRUCTION-MANUAL,https://www.renesas.com/en/document/apn/r8c34k-group-usb-peripheral-evaluation-board-r0k5r8c34dk2pbr-hardware-instruction-manual,,service_manual,,,32,5ffa032012358d13
8c,https://www.renesas.com/en/document/apn/r8cla5a-group-how-use-internal-temperature-sensor-ad-converter,R8CLA5A-GROUP-HOW-USE-INTERNAL-TEMPERATURE-SENSOR-AD-CONVERTER,https://www.renesas.com/en/document/apn/r8cla5a-group-how-use-internal-temperature-sensor-ad-converter,,service_manual,,,38,72ef0c8026e057b2
8d,https://www.renesas.com/en/document/apn/ra75x-structured-assembler-preprocessor,RA75X-STRUCTURED-ASSEMBLER-PREPROCESSOR,https://www.renesas.com/en/document/apn/ra75x-structured-assembler-preprocessor,,service_manual,,,156,f0189f2ce232bbe7
8e,https://www.renesas.com/en/document/apn/random-number-generator-rev102,RANDOM-NUMBER-GENERATOR-REV102,https://www.renesas.com/en/document/apn/random-number-generator-rev102,,service_manual,,,21,859936f5ce1fce66
8f,https://www.renesas.com/en/document/apn/remote-frame-reception-sample-program,REMOTE-FRAME-RECEPTION-SAMPLE-PROGRAM,https://www.renesas.com/en/document/apn/remote-frame-reception-sample-program,,service_manual,,,16,f0c57a60595a3a27
8g,https://www.renesas.com/en/document/apn/remote-frame-transmission-sample-program,REMOTE-FRAME-TRANSMISSION-SAMPLE-PROGRAM,https://www.renesas.com/en/document/apn/remote-frame-transmission-sample-program,,service_manual,,,16,f0a028872d04881a
8h,https://www.renesas.com/en/document/apn/rh850f1kx-rh850f1k-series-hardware-design-guide,RH850F1KX-RH850F1K-SERIES-HARDWARE-DESIGN-GUIDE,https://www.renesas.com/en/document/apn/rh850f1kx-rh850f1k-series-hardware-design-guide,,service_manual,,,112,619d65970397fb06
8i,https://www.renesas.com/en/document/apn/rh850f1x-series-f1kx-migration-information-v300,RH850F1X-SERIES-F1KX-MIGRATION-INFORMATION-V300,https://www.renesas.com/en/document/apn/rh850f1x-series-f1kx-migration-information-v300,,service_manual,,,204,e7410c0c5cff012a
8j,https://www.renesas.com/en/document/apn/rl78-family-rl78-low-power-mcu-application-note-rev100,RL78-FAMILY-RL78-LOW-POWER-MCU-APPLICATION-NOTE-REV100,https://www.renesas.com/en/document/apn/rl78-family-rl78-low-power-mcu-application-note-rev100,,service_manual,,,14,8a6ea7b2e2fec94c
8k,https://www.renesas.com/en/document/apn/rl78g10-serial-array-unit-uart-communication-cc-rl,RL78G10-SERIAL-ARRAY-UNIT-UART-COMMUNICATION-CC-RL,https://www.renesas.com/en/document/apn/rl78g10-serial-array-unit-uart-communication-cc-rl,,service_manual,,,46,45c541c3ff6f6bc4
8l,https://www.renesas.com/en/document/apn/rl78g10-uart-transmission-ad-conversion-results-average-cc-rl,RL78G10-UART-TRANSMISSION-AD-CONVERSION-RESULTS-AVERAGE-CC-RL,https://www.renesas.com/en/document/apn/rl78g10-uart-transmission-ad-conversion-results-average-cc-rl,,service_manual,,,53,136a9feff0d0dd1e
8m,https://www.renesas.com/en/document/apn/rl78g12-self-programming-received-data-csi-cc-rl-rev110,RL78G12-SELF-PROGRAMMING-RECEIVED-DATA-CSI-CC-RL-REV110,https://www.renesas.com/en/document/apn/rl78g12-self-programming-received-data-csi-cc-rl-rev110,,service_manual,,,51,675e2fc9d2bf6ab2
8n,https://www.renesas.com/en/document/apn/rl78g12-self-programming-received-data-csi-rev110,RL78G12-SELF-PROGRAMMING-RECEIVED-DATA-CSI-REV110,https://www.renesas.com/en/document/apn/rl78g12-self-programming-received-data-csi-rev110,,service_manual,,,51,8913620bf91855b2
8o,https://www.renesas.com/en/document/apn/rl78g12-self-programming-received-data-uart-cc-rl-rev110,RL78G12-SELF-PROGRAMMING-RECEIVED-DATA-UART-CC-RL-REV110,https://www.renesas.com/en/document/apn/rl78g12-self-programming-received-data-uart-cc-rl-rev110,,service_manual,,,56,5cf4ea73e8598501
8p,https://www.renesas.com/en/document/apn/rl78g12-self-programming-received-data-uart-rev110,RL78G12-SELF-PROGRAMMING-RECEIVED-DATA-UART-REV110,https://www.renesas.com/en/document/apn/rl78g12-self-programming-received-data-uart-rev110,,service_manual,,,55,ac3521554c4fb2ba
8q,https://www.renesas.com/en/document/apn/rl78g13-eeprom-control-microwire-communications-cc-rl-rev100,RL78G13-EEPROM-CONTROL-MICROWIRE-COMMUNICATIONS-CC-RL-REV100,https://www.renesas.com/en/document/apn/rl78g13-eeprom-control-microwire-communications-cc-rl-rev100,,service_manual,,,49,4d28deb8f5b0e9ca
8r,https://www.renesas.com/en/document/apn/rl78g13-eeprom-control-microwire-communications-rev110,RL78G13-EEPROM-CONTROL-MICROWIRE-COMMUNICATIONS-REV110,https://www.renesas.com/en/document/apn/rl78g13-eeprom-control-microwire-communications-rev110,,service_manual,,,49,9d7dfeb580fdd814
8s,https://www.renesas.com/en/document/apn/rl78g13-key-interrupt-function-cc-rl-rev200,RL78G13-KEY-INTERRUPT-FUNCTION-CC-RL-REV200,https://www.renesas.com/en/document/apn/rl78g13-key-interrupt-function-cc-rl-rev200,,service_manual,,,28,81f9cc43c5f75a69
8t,https://www.renesas.com/en/document/apn/rl78g13-self-programming-received-data-csi-cc-rl-rev101,RL78G13-SELF-PROGRAMMING-RECEIVED-DATA-CSI-CC-RL-REV101,https://www.renesas.com/en/document/apn/rl78g13-self-programming-received-data-csi-cc-rl-rev101,,service_manual,,,51,a43993ab9357f5ba
8u,https://www.renesas.com/en/document/apn/rl78g13-self-programming-received-data-csi-rev110,RL78G13-SELF-PROGRAMMING-RECEIVED-DATA-CSI-REV110,https://www.renesas.com/en/document/apn/rl78g13-self-programming-received-data-csi-rev110,,service_manual,,,51,e5dea7aee1b62832
8v,https://www.renesas.com/en/document/apn/rl78g13-self-programming-received-data-uart-cc-rl-rev101,RL78G13-SELF-PROGRAMMING-RECEIVED-DATA-UART-CC-RL-REV101,https://www.renesas.com/en/document/apn/rl78g13-self-programming-received-data-uart-cc-rl-rev101,,service_manual,,,53,f3c2fc6a111edbe4
8w,https://www.renesas.com/en/document/apn/rl78g13-self-programming-received-data-uart-rev110,RL78G13-SELF-PROGRAMMING-RECEIVED-DATA-UART-REV110,https://www.renesas.com/en/document/apn/rl78g13-self-programming-received-data-uart-rev110,,service_manual,,,53,27bd57c8a165e054
8x,https://www.renesas.com/en/document/apn/rl78g14-r8c36m-group-migration-guide-r8c-rl78-data-transfer-controller-rev100,RL78G14-R8C36M-GROUP-MIGRATION-GUIDE-R8C-RL78-DATA-TRANSFER-CONTROLLER-REV100,https://www.renesas.com/en/document/apn/rl78g14-r8c36m-group-migration-guide-r8c-rl78-data-transfer-controller-rev100,,service_manual,,,17,f17553771c1df3c6
8y,https://www.renesas.com/en/document/apn/rl78i1d-i2c-master-communication-control-using-serial-array-unitsimple-i2c-cc-rl-rev100,RL78I1D-I2C-MASTER-COMMUNICATION-CONTROL-USING-SERIAL-ARRAY-UNITSIMPLE-I2C-CC-RL-REV100,https://www.renesas.com/en/document/apn/rl78i1d-i2c-master-communication-control-using-serial-array-unitsimple-i2c-cc-rl-rev100,,service_manual,,,71,5419fa0db396d3aa
8z,https://www.renesas.com/en/document/apn/rx-family-rl78-family-78k0rkx3-l-macronix-international-mx2566l-family-serial-nor-flash-memory,RX-FAMILY-RL78-FAMILY-78K0RKX3-L-MACRONIX-INTERNATIONAL-MX2566L-FAMILY-SERIAL-NOR-FLASH-MEMORY,https://www.renesas.com/en/document/apn/rx-family-rl78-family-78k0rkx3-l-macronix-international-mx2566l-family-serial-nor-flash-memory,,service_manual,,,89,113b3c44c409b40d
9,https://www.renesas.com/en/document/apn/306-bank-switchable-dual-ports-faq,306-BANK-SWITCHABLE-DUAL-PORTS-FAQ,https://www.renesas.com/en/document/apn/306-bank-switchable-dual-ports-faq,,service_manual,,,6,6d7977c31ab18269
90,https://www.renesas.com/en/document/apn/rx-family-rl78-family-78k0rkx3-l-micron-technology-m25p-series-serial-flash-memory-control-software,RX-FAMILY-RL78-FAMILY-78K0RKX3-L-MICRON-TECHNOLOGY-M25P-SERIES-SERIAL-FLASH-MEMORY-CONTROL-SOFTWARE,https://www.renesas.com/en/document/apn/rx-family-rl78-family-78k0rkx3-l-micron-technology-m25p-series-serial-flash-memory-control-software,,service_manual,,,85,9e49fe796b4ce899
91,https://www.renesas.com/en/document/apn/rx-family-rl78-family-78k0rkx3-l-micron-technology-m45pe-series-serial-flash-memory-control-software,RX-FAMILY-RL78-FAMILY-78K0RKX3-L-MICRON-TECHNOLOGY-M45PE-SERIES-SERIAL-FLASH-MEMORY-CONTROL-SOFTWARE,https://www.renesas.com/en/document/apn/rx-family-rl78-family-78k0rkx3-l-micron-technology-m45pe-series-serial-flash-memory-control-software,,service_manual,,,81,c79d460fffaf1da6
92,https://www.renesas.com/en/document/apn/rx-family-rl78-family-78k0rkx3-l-micron-technology-n25q-serial-nor-flash-memory-control-software,RX-FAMILY-RL78-FAMILY-78K0RKX3-L-MICRON-TECHNOLOGY-N25Q-SERIAL-NOR-FLASH-MEMORY-CONTROL-SOFTWARE,https://www.renesas.com/en/document/apn/rx-family-rl78-family-78k0rkx3-l-micron-technology-n25q-serial-nor-flash-memory-control-software,,service_manual,,,75,99e8accab9371316
93,https://www.renesas.com/en/document/apn/rx-family-rl78-family-78k0rkx3-l-micron-technology-p5q-serial-phase-change-memory-control-software,RX-FAMILY-RL78-FAMILY-78K0RKX3-L-MICRON-TECHNOLOGY-P5Q-SERIAL-PHASE-CHANGE-MEMORY-CONTROL-SOFTWARE,https://www.renesas.com/en/document/apn/rx-family-rl78-family-78k0rkx3-l-micron-technology-p5q-serial-phase-change-memory-control-software,,service_manual,,,72,105370a95abf03e3
94,https://www.renesas.com/en/document/apn/rx-family-rl78-family-78k0rkx3-l-renesas-r1ex25xxx-series-serial-eeprom-control-software-rev106,RX-FAMILY-RL78-FAMILY-78K0RKX3-L-RENESAS-R1EX25XXX-SERIES-SERIAL-EEPROM-CONTROL-SOFTWARE-REV106,https://www.renesas.com/en/document/apn/rx-family-rl78-family-78k0rkx3-l-renesas-r1ex25xxx-series-serial-eeprom-control-software-rev106,,service_manual,,,75,85bebf4f60b8546e
95,https://www.renesas.com/en/document/apn/rx-family-rl78-family-pmodtm-application-board-battery-charging-sensor-and-pmod-sample-code-rev100,RX-FAMILY-RL78-FAMILY-PMODTM-APPLICATION-BOARD-BATTERY-CHARGING-SENSOR-AND-PMOD-SAMPLE-CODE-REV100,https://www.renesas.com/en/document/apn/rx-family-rl78-family-pmodtm-application-board-battery-charging-sensor-and-pmod-sample-code-rev100,,service_manual,,,24,68fc76a2b9f165e6
97,https://www.renesas.com/en/document/apn/rx-family-setting-example-dtc-block-transfer-mode-and-chain-transfer-rev100,RX-FAMILY-SETTING-EXAMPLE-DTC-BLOCK-TRANSFER-MODE-AND-CHAIN-TRANSFER-REV100,https://www.renesas.com/en/document/apn/rx-family-setting-example-dtc-block-transfer-mode-and-chain-transfer-rev100,,service_manual,,,33,ce37ed4d680dba98
99,https://www.renesas.com/en/document/apn/rx111-group-rx110-group-comparing-rx111-and-rx110-groups-48-pin-package-rev100,RX111-GROUP-RX110-GROUP-COMPARING-RX111-AND-RX110-GROUPS-48-PIN-PACKAGE-REV100,https://www.renesas.com/en/document/apn/rx111-group-rx110-group-comparing-rx111-and-rx110-groups-48-pin-package-rev100,,service_manual,,,24,8d88b26d4ef123ae
9a,https://www.renesas.com/en/document/apn/rx210-group-rx111-group-comparison-rx210-group-and-rx111-group-rev100,RX210-GROUP-RX111-GROUP-COMPARISON-RX210-GROUP-AND-RX111-GROUP-REV100,https://www.renesas.com/en/document/apn/rx210-group-rx111-group-comparison-rx210-group-and-rx111-group-rev100,,service_manual,,,47,7240f7643dbad155
9b,https://www.renesas.com/en/document/apn/rx210-group-setting-external-bus-pins-rev100,RX210-GROUP-SETTING-EXTERNAL-BUS-PINS-REV100,https://www.renesas.com/en/document/apn/rx210-group-setting-external-bus-pins-rev100,,service_manual,,,15,05441fe0b847be3b
9c,https://www.renesas.com/en/document/apn/rx210-rx21a-rx220-group-asynchronous-scic-transmissionreception-using-dtca-rev101,RX210-RX21A-RX220-GROUP-ASYNCHRONOUS-SCIC-TRANSMISSIONRECEPTION-USING-DTCA-REV101,https://www.renesas.com/en/document/apn/rx210-rx21a-rx220-group-asynchronous-scic-transmissionreception-using-dtca-rev101,,service_manual,,,29,11f777c2697f6785
9d,https://www.renesas.com/en/document/apn/rx210-rx21a-rx220-rx63n-rx63t-rx111-rx64m-group-clock-synchronous-single-master-control-software,RX210-RX21A-RX220-RX63N-RX63T-RX111-RX64M-GROUP-CLOCK-SYNCHRONOUS-SINGLE-MASTER-CONTROL-SOFTWARE,https://www.renesas.com/en/document/apn/rx210-rx21a-rx220-rx63n-rx63t-rx111-rx64m-group-clock-synchronous-single-master-control-software,,service_manual,,,67,b07df00fa48c3cd8
9e,https://www.renesas.com/en/document/apn/rx210-single-phase-two-wire-electricity-power-meter-rev101,RX210-SINGLE-PHASE-TWO-WIRE-ELECTRICITY-POWER-METER-REV101,https://www.renesas.com/en/document/apn/rx210-single-phase-two-wire-electricity-power-meter-rev101,,service_manual,,,21,40445cd3b23e8667
9f,https://www.renesas.com/en/document/apn/rx21a-group-asynchronous-communication-using-sci-rev100,RX21A-GROUP-ASYNCHRONOUS-COMMUNICATION-USING-SCI-REV100,https://www.renesas.com/en/document/apn/rx21a-group-asynchronous-communication-using-sci-rev100,,service_manual,,,37,6b249e5ad4b503c4
9g,https://www.renesas.com/en/document/apn/rx21a-group-example-settings-simultaneous-conversion-seven-channels-24-bit-delta-sigma-ad-converter,RX21A-GROUP-EXAMPLE-SETTINGS-SIMULTANEOUS-CONVERSION-SEVEN-CHANNELS-24-BIT-DELTA-SIGMA-AD-CONVERTER,https://www.renesas.com/en/document/apn/rx21a-group-example-settings-simultaneous-conversion-seven-channels-24-bit-delta-sigma-ad-converter,,service_manual,,,29,a542b6410fc31fab
9h,https://www.renesas.com/en/document/apn/rx21a-group-transition-low-power-consumption-modes-rev100,RX21A-GROUP-TRANSITION-LOW-POWER-CONSUMPTION-MODES-REV100,https://www.renesas.com/en/document/apn/rx21a-group-transition-low-power-consumption-modes-rev100,,service_manual,,,33,3cbde056deadea3d
9i,https://www.renesas.com/en/document/apn/rx21a-group-using-temperature-sensor-calculate-ambient-temperature-rev100,RX21A-GROUP-USING-TEMPERATURE-SENSOR-CALCULATE-AMBIENT-TEMPERATURE-REV100,https://www.renesas.com/en/document/apn/rx21a-group-using-temperature-sensor-calculate-ambient-temperature-rev100,,service_manual,,,34,479afdd1ad3d8aba
9j,https://www.renesas.com/en/document/apn/rx230-group-initial-setting-rev110,RX230-GROUP-INITIAL-SETTING-REV110,https://www.renesas.com/en/document/apn/rx230-group-initial-setting-rev110,,service_manual,,,37,8dabee02352c7ba5
9k,https://www.renesas.com/en/document/apn/rx231-group-initial-setting-rev110,RX231-GROUP-INITIAL-SETTING-REV110,https://www.renesas.com/en/document/apn/rx231-group-initial-setting-rev110,,service_manual,,,37,a64569de9e07dc06
9l,https://www.renesas.com/en/document/apn/rx231-group-voice-recognition-demo-board-r12an0091ej0100-rev100,RX231-GROUP-VOICE-RECOGNITION-DEMO-BOARD-R12AN0091EJ0100-REV100,https://www.renesas.com/en/document/apn/rx231-group-voice-recognition-demo-board-r12an0091ej0100-rev100,,service_manual,,,18,b96753f69e528e53
9m,https://www.renesas.com/en/document/apn/rx231-hmi-solution-kit-base-demo-software-limited-function-version-rtk5rx2310p000f0zr-rev120,RX231-HMI-SOLUTION-KIT-BASE-DEMO-SOFTWARE-LIMITED-FUNCTION-VERSION-RTK5RX2310P000F0ZR-REV120,https://www.renesas.com/en/document/apn/rx231-hmi-solution-kit-base-demo-software-limited-function-version-rtk5rx2310p000f0zr-rev120,,service_manual,,,48,5d846c4fc8f5ed29
9n,https://www.renesas.com/en/document/apn/rx23t-120-degree-conducting-control-permanent-magnetic-synchronous-motor-using-hall-sensors,RX23T-120-DEGREE-CONDUCTING-CONTROL-PERMANENT-MAGNETIC-SYNCHRONOUS-MOTOR-USING-HALL-SENSORS,https://www.renesas.com/en/document/apn/rx23t-120-degree-conducting-control-permanent-magnetic-synchronous-motor-using-hall-sensors,,service_manual,,,47,9b3b74c62948c7f5
9o,https://www.renesas.com/en/document/apn/rx23t-group-rx62t-group-points-difference-between-rx23t-group-and-rx62t-group-rev110,RX23T-GROUP-RX62T-GROUP-POINTS-DIFFERENCE-BETWEEN-RX23T-GROUP-AND-RX62T-GROUP-REV110,https://www.renesas.com/en/document/apn/rx23t-group-rx62t-group-points-difference-between-rx23t-group-and-rx62t-group-rev110,,service_manual,,,59,2013a2cb4c153b4c
9p,https://www.renesas.com/en/document/apn/rx23t-sensorless-120-degree-conducting-control-permanent-magnetic-synchronous-motor-implementation,RX23T-SENSORLESS-120-DEGREE-CONDUCTING-CONTROL-PERMANENT-MAGNETIC-SYNCHRONOUS-MOTOR-IMPLEMENTATION,https://www.renesas.com/en/document/apn/rx23t-sensorless-120-degree-conducting-control-permanent-magnetic-synchronous-motor-implementation,,service_manual,,,46,fa39b3b21b11d902
9q,https://www.renesas.com/en/document/apn/rx23t-sensorless-vector-control-permanent-magnetic-synchronous-motor-implementation-rev110,RX23T-SENSORLESS-VECTOR-CONTROL-PERMANENT-MAGNETIC-SYNCHRONOUS-MOTOR-IMPLEMENTATION-REV110,https://www.renesas.com/en/document/apn/rx23t-sensorless-vector-control-permanent-magnetic-synchronous-motor-implementation-rev110,,service_manual,,,34,a25db5f04ccf8b5a
9r,https://www.renesas.com/en/document/apn/rx23t-vector-control-permanent-magnetic-synchronous-motor-encoder-implementation-rev110,RX23T-VECTOR-CONTROL-PERMANENT-MAGNETIC-SYNCHRONOUS-MOTOR-ENCODER-IMPLEMENTATION-REV110,https://www.renesas.com/en/document/apn/rx23t-vector-control-permanent-magnetic-synchronous-motor-encoder-implementation-rev110,,service_manual,,,37,a408834058309931
9s,https://www.renesas.com/en/document/apn/rx24t-120-degree-conducting-control-permanent-magnetic-synchronous-motor-using-hall-sensors,RX24T-120-DEGREE-CONDUCTING-CONTROL-PERMANENT-MAGNETIC-SYNCHRONOUS-MOTOR-USING-HALL-SENSORS,https://www.renesas.com/en/document/apn/rx24t-120-degree-conducting-control-permanent-magnetic-synchronous-motor-using-hall-sensors,,service_manual,,,47,5779b36f4308a8c2
9t,https://www.renesas.com/en/document/apn/rx24t-sensorless-120-degree-conducting-control-permanent-magnetic-synchronous-motor-implementation,RX24T-SENSORLESS-120-DEGREE-CONDUCTING-CONTROL-PERMANENT-MAGNETIC-SYNCHRONOUS-MOTOR-IMPLEMENTATION,https://www.renesas.com/en/document/apn/rx24t-sensorless-120-degree-conducting-control-permanent-magnetic-synchronous-motor-implementation,,service_manual,,,46,20563b2f79df41d2
9u,https://www.renesas.com/en/document/apn/rx24trx24u-sensorless-vector-control-permanent-magnetic-synchronous-motor-implementation-rev110,RX24TRX24U-SENSORLESS-VECTOR-CONTROL-PERMANENT-MAGNETIC-SYNCHRONOUS-MOTOR-IMPLEMENTATION-REV110,https://www.renesas.com/en/document/apn/rx24trx24u-sensorless-vector-control-permanent-magnetic-synchronous-motor-implementation-rev110,,service_manual,,,34,e0d17929523cd2b7
9v,https://www.renesas.com/en/document/apn/rx24trx24u-vector-control-permanent-magnetic-synchronous-motor-encoder-implementation-rev110,RX24TRX24U-VECTOR-CONTROL-PERMANENT-MAGNETIC-SYNCHRONOUS-MOTOR-ENCODER-IMPLEMENTATION-REV110,https://www.renesas.com/en/document/apn/rx24trx24u-vector-control-permanent-magnetic-synchronous-motor-encoder-implementation-rev110,,service_manual,,,37,0cdf9432cc6777b0
9w,https://www.renesas.com/en/document/apn/rx24u-group-disabling-and-restoring-pwm-output-using-poe3a-and-mtu3d-rev100,RX24U-GROUP-DISABLING-AND-RESTORING-PWM-OUTPUT-USING-POE3A-AND-MTU3D-REV100,https://www.renesas.com/en/document/apn/rx24u-group-disabling-and-restoring-pwm-output-using-poe3a-and-mtu3d-rev100,,service_manual,,,44,53b52b2fab081a89
9x,https://www.renesas.com/en/document/apn/rx600-series-flash-over-can-rev121,RX600-SERIES-FLASH-OVER-CAN-REV121,https://www.renesas.com/en/document/apn/rx600-series-flash-over-can-rev121,,service_manual,,,20,ae914780c578eb2f
9y,https://www.renesas.com/en/document/apn/rx610-group-chip-flash-memory-reprogramming-single-chip-mode-uart-interface-slave-rev102,RX610-GROUP-CHIP-FLASH-MEMORY-REPROGRAMMING-SINGLE-CHIP-MODE-UART-INTERFACE-SLAVE-REV102,https://www.renesas.com/en/document/apn/rx610-group-chip-flash-memory-reprogramming-single-chip-mode-uart-interface-slave-rev102,,service_manual,,,72,543de597cec61d52
9z,https://www.renesas.com/en/document/apn/rx610-group-chip-flash-memory-reprogramming-user-boot-mode-slave-rev102,RX610-GROUP-CHIP-FLASH-MEMORY-REPROGRAMMING-USER-BOOT-MODE-SLAVE-REV102,https://www.renesas.com/en/document/apn/rx610-group-chip-flash-memory-reprogramming-user-boot-mode-slave-rev102,,service_manual,,,69,03e08d5469f8d241
a,https://www.renesas.com/en/document/apn/32-bit-single-chip-microcontrollers-operation-graphicdisplay-controller-v850-application-note,32-BIT-SINGLE-CHIP-MICROCONTROLLERS-OPERATION-GRAPHICDISPLAY-CONTROLLER-V850-APPLICATION-NOTE,https://www.renesas.com/en/document/apn/32-bit-single-chip-microcontrollers-operation-graphicdisplay-controller-v850-application-note,,service_manual,,,30,11c11e237f4f7dda
a0,https://www.renesas.com/en/document/apn/rx62n-group-multi-slave-rspi-driver-yrdkrx62n-rev100,RX62N-GROUP-MULTI-SLAVE-RSPI-DRIVER-YRDKRX62N-REV100,https://www.renesas.com/en/document/apn/rx62n-group-multi-slave-rspi-driver-yrdkrx62n-rev100,,service_manual,,,17,4de9928e76579563
a1,https://www.renesas.com/en/document/apn/rx62t-group-notes-analog-power-supply-printed-circuit-board-patterns-rev100,RX62T-GROUP-NOTES-ANALOG-POWER-SUPPLY-PRINTED-CIRCUIT-BOARD-PATTERNS-REV100,https://www.renesas.com/en/document/apn/rx62t-group-notes-analog-power-supply-printed-circuit-board-patterns-rev100,,service_manual,,,13,d446439d78598d17
a2,https://www.renesas.com/en/document/apn/rx62t-group-usage-example-12-bit-ad-converter-one-shunt-current-detection-method-rev100,RX62T-GROUP-USAGE-EXAMPLE-12-BIT-AD-CONVERTER-ONE-SHUNT-CURRENT-DETECTION-METHOD-REV100,https://www.renesas.com/en/document/apn/rx62t-group-usage-example-12-bit-ad-converter-one-shunt-current-detection-method-rev100,,service_manual,,,24,1a37ec9c9bde71d4
a3,https://www.renesas.com/en/document/apn/rx62t-single-shunt-sensorless-vector-control-permanent-magnet-synchronous-motors-pmsm-internal,RX62T-SINGLE-SHUNT-SENSORLESS-VECTOR-CONTROL-PERMANENT-MAGNET-SYNCHRONOUS-MOTORS-PMSM-INTERNAL,https://www.renesas.com/en/document/apn/rx62t-single-shunt-sensorless-vector-control-permanent-magnet-synchronous-motors-pmsm-internal,,service_manual,,,35,c9ae3a09e548ae8a
a4,https://www.renesas.com/en/document/apn/rx62t-three-shunt-sensorless-vector-control-permanent-magnet-synchronous-motors-pmsm-rev201,RX62T-THREE-SHUNT-SENSORLESS-VECTOR-CONTROL-PERMANENT-MAGNET-SYNCHRONOUS-MOTORS-PMSM-REV201,https://www.renesas.com/en/document/apn/rx62t-three-shunt-sensorless-vector-control-permanent-magnet-synchronous-motors-pmsm-rev201,,service_manual,,,35,db3e7d9660848250
a5,https://www.renesas.com/en/document/apn/rx630-group-initial-setting-rev100,RX630-GROUP-INITIAL-SETTING-REV100,https://www.renesas.com/en/document/apn/rx630-group-initial-setting-rev100,,service_manual,,,40,4e63fb9d5c1f1f8a
a6,https://www.renesas.com/en/document/apn/rx630-group-rx210-group-comparing-rx630-and-rx210-groups-lqfp100-rev100,RX630-GROUP-RX210-GROUP-COMPARING-RX630-AND-RX210-GROUPS-LQFP100-REV100,https://www.renesas.com/en/document/apn/rx630-group-rx210-group-comparing-rx630-and-rx210-groups-lqfp100-rev100,,service_manual,,,48,c5dd23359418ee97
a7,https://www.renesas.com/en/document/apn/rx631-group-sh7044-rx631-microcontroller-migration-guide-rev100,RX631-GROUP-SH7044-RX631-MICROCONTROLLER-MIGRATION-GUIDE-REV100,https://www.renesas.com/en/document/apn/rx631-group-sh7044-rx631-microcontroller-migration-guide-rev100,,service_manual,,,125,f4ae18f9436fc8fa
a8,https://www.renesas.com/en/document/apn/rx65n-group-rx651group-differences-between-products-1-mbyte-or-less-code-flash-memory-and-products,RX65N-GROUP-RX651GROUP-DIFFERENCES-BETWEEN-PRODUCTS-1-MBYTE-OR-LESS-CODE-FLASH-MEMORY-AND-PRODUCTS,https://www.renesas.com/en/document/apn/rx65n-group-rx651group-differences-between-products-1-mbyte-or-less-code-flash-memory-and-products,,service_manual,,,54,de16c2e10aefbef1
a9,https://www.renesas.com/en/document/apn/rx66t-group-initial-settings-example-rev110,RX66T-GROUP-INITIAL-SETTINGS-EXAMPLE-REV110,https://www.renesas.com/en/document/apn/rx66t-group-initial-settings-example-rev110,,service_manual,,,39,842456fb831f65e6
aa,https://www.renesas.com/en/document/apn/rx66t-group-rx24t-groups-differences-between-rx66t-group-and-rx24t-group-rev100,RX66T-GROUP-RX24T-GROUPS-DIFFERENCES-BETWEEN-RX66T-GROUP-AND-RX24T-GROUP-REV100,https://www.renesas.com/en/document/apn/rx66t-group-rx24t-groups-differences-between-rx66t-group-and-rx24t-group-rev100,,service_manual,,,175,b21b82093613c9b5
ab,https://www.renesas.com/en/document/apn/rx66t-sensorless-vector-control-permanent-magnetic-synchronous-motor-implementation-rev100,RX66T-SENSORLESS-VECTOR-CONTROL-PERMANENT-MAGNETIC-SYNCHRONOUS-MOTOR-IMPLEMENTATION-REV100,https://www.renesas.com/en/document/apn/rx66t-sensorless-vector-control-permanent-magnetic-synchronous-motor-implementation-rev100,,service_manual,,,35,8cbf4a731e52ceea
ac,https://www.renesas.com/en/document/apn/rx66t-vector-control-permanent-magnetic-synchronous-motor-encoder-implementation-rev100,RX66T-VECTOR-CONTROL-PERMANENT-MAGNETIC-SYNCHRONOUS-MOTOR-ENCODER-IMPLEMENTATION-REV100,https://www.renesas.com/en/document/apn/rx66t-vector-control-permanent-magnetic-synchronous-motor-encoder-implementation-rev100,,service_manual,,,39,9c1c26cd9a0de09f
ad,https://www.renesas.com/en/document/apn/rx71m-group-sh7214sh7216-rx71m-microcontroller-migration-guide,RX71M-GROUP-SH7214SH7216-RX71M-MICROCONTROLLER-MIGRATION-GUIDE,https://www.renesas.com/en/document/apn/rx71m-group-sh7214sh7216-rx71m-microcontroller-migration-guide,,service_manual,,,216,b49e929b9e40e6aa
ae,https://www.renesas.com/en/document/apn/rx72t-sensorless-vector-control-permanent-magnetic-synchronous-motor-implementation-rev100,RX72T-SENSORLESS-VECTOR-CONTROL-PERMANENT-MAGNETIC-SYNCHRONOUS-MOTOR-IMPLEMENTATION-REV100,https://www.renesas.com/en/document/apn/rx72t-sensorless-vector-control-permanent-magnetic-synchronous-motor-implementation-rev100,,service_manual,,,35,1aa08795964543a2
af,https://www.renesas.com/en/document/apn/rx72t-vector-control-permanent-magnetic-synchronous-motor-encoder-implementation-rev100,RX72T-VECTOR-CONTROL-PERMANENT-MAGNETIC-SYNCHRONOUS-MOTOR-ENCODER-IMPLEMENTATION-REV100,https://www.renesas.com/en/document/apn/rx72t-vector-control-permanent-magnetic-synchronous-motor-encoder-implementation-rev100,,service_manual,,,39,56d4daaf087145e0
ah,https://www.renesas.com/en/document/apn/rzt1-group-interface-dsmif-sample-program-rev120,RZT1-GROUP-INTERFACE-DSMIF-SAMPLE-PROGRAM-REV120,https://www.renesas.com/en/document/apn/rzt1-group-interface-dsmif-sample-program-rev120,,service_manual,,,38,f2f33dff9febcb26
ai,https://www.renesas.com/en/document/apn/rzt1-group-poe3-gpta-sample-program-rev140,RZT1-GROUP-POE3-GPTA-SAMPLE-PROGRAM-REV140,https://www.renesas.com/en/document/apn/rzt1-group-poe3-gpta-sample-program-rev140,,service_manual,,,76,7f79194909e433da
aj,https://www.renesas.com/en/document/apn/safe-operating-area-power-mos-fet,SAFE-OPERATING-AREA-POWER-MOS-FET,https://www.renesas.com/en/document/apn/safe-operating-area-power-mos-fet,,service_manual,,,31,5af905a85f976206
ak,https://www.renesas.com/en/document/apn/sd-memory-card-interface-using-spi,SD-MEMORY-CARD-INTERFACE-USING-SPI,https://www.renesas.com/en/document/apn/sd-memory-card-interface-using-spi,,service_manual,,,183,652235458fbfe830
al,https://www.renesas.com/en/document/apn/sdram-control,SDRAM-CONTROL,https://www.renesas.com/en/document/apn/sdram-control,,service_manual,,,19,e04a53b561af1dde
am,https://www.renesas.com/en/document/apn/sh7262sh7264-group-serial-sound-interface-master-transmitter-mode,SH7262SH7264-GROUP-SERIAL-SOUND-INTERFACE-MASTER-TRANSMITTER-MODE,https://www.renesas.com/en/document/apn/sh7262sh7264-group-serial-sound-interface-master-transmitter-mode,,service_manual,,,24,96d17821e403ce09
an,https://www.renesas.com/en/document/apn/sh7730-example-initialization,SH7730-EXAMPLE-INITIALIZATION,https://www.renesas.com/en/document/apn/sh7730-example-initialization,,service_manual,,,39,185660305946f4a3
ao,https://www.renesas.com/en/document/apn/sh7785-group-sh7785-initial-settings-sample-program-application-note,SH7785-GROUP-SH7785-INITIAL-SETTINGS-SAMPLE-PROGRAM-APPLICATION-NOTE,https://www.renesas.com/en/document/apn/sh7785-group-sh7785-initial-settings-sample-program-application-note,,service_manual,,,71,f2379134ef7dbf00
ap,https://www.renesas.com/en/document/apn/sh7785-group-sh7785-pcic-initial-settings-sample-program-application-note,SH7785-GROUP-SH7785-PCIC-INITIAL-SETTINGS-SAMPLE-PROGRAM-APPLICATION-NOTE,https://www.renesas.com/en/document/apn/sh7785-group-sh7785-pcic-initial-settings-sample-program-application-note,,service_manual,,,43,82c645ad0c464f24
aq,https://www.renesas.com/en/document/apn/slp-tone-generator-tonegen,SLP-TONE-GENERATOR-TONEGEN,https://www.renesas.com/en/document/apn/slp-tone-generator-tonegen,,service_manual,,,27,5c4433b26aaeac92
ar,https://www.renesas.com/en/document/apn/smart-analog-ic-300-how-measure-and-correct-gain-error-and-offset-voltage,SMART-ANALOG-IC-300-HOW-MEASURE-AND-CORRECT-GAIN-ERROR-AND-OFFSET-VOLTAGE,https://www.renesas.com/en/document/apn/smart-analog-ic-300-how-measure-and-correct-gain-error-and-offset-voltage,,service_manual,,,46,7fd75c6ea3199270
as,https://www.renesas.com/en/document/apn/smart-analog-smart-analog-development-tutorial-tsa-ic500,SMART-ANALOG-SMART-ANALOG-DEVELOPMENT-TUTORIAL-TSA-IC500,https://www.renesas.com/en/document/apn/smart-analog-smart-analog-development-tutorial-tsa-ic500,,service_manual,,,76,735894feca01e4f6
at,https://www.renesas.com/en/document/apn/stepper-motor-control-using-upd78f0714-microcontrollerapplication-note,STEPPER-MOTOR-CONTROL-USING-UPD78F0714-MICROCONTROLLERAPPLICATION-NOTE,https://www.renesas.com/en/document/apn/stepper-motor-control-using-upd78f0714-microcontrollerapplication-note,,service_manual,,,80,128698660bbe59e8
au,https://www.renesas.com/en/document/apn/subminiature-electron-device-super-mini-mold-surface-mount,SUBMINIATURE-ELECTRON-DEVICE-SUPER-MINI-MOLD-SURFACE-MOUNT,https://www.renesas.com/en/document/apn/subminiature-electron-device-super-mini-mold-surface-mount,,service_manual,,,8,9f94c5c7aaec1aaa
av,https://www.renesas.com/en/document/apn/switched-reluctance-motor-control-upd78k0kx2,SWITCHED-RELUCTANCE-MOTOR-CONTROL-UPD78K0KX2,https://www.renesas.com/en/document/apn/switched-reluctance-motor-control-upd78k0kx2,,service_manual,,,50,032880d26a32278a
aw,https://www.renesas.com/en/document/apn/touch-panel-controller-iic-interface,TOUCH-PANEL-CONTROLLER-IIC-INTERFACE,https://www.renesas.com/en/document/apn/touch-panel-controller-iic-interface,,service_manual,,,22,e6d59add3eb7e148
ay,https://www.renesas.com/en/document/apn/tsi148-initialization,TSI148-INITIALIZATION,https://www.renesas.com/en/document/apn/tsi148-initialization,,service_manual,,,15,fe3457aeaad53fd3
az,https://www.renesas.com/en/document/apn/ultrasonic-range-finder-ultrange,ULTRASONIC-RANGE-FINDER-ULTRANGE,https://www.renesas.com/en/document/apn/ultrasonic-range-finder-ultrange,,service_manual,,,31,0d82fbbc408f0fb9
b,https://www.renesas.com/en/document/apn/32-bit-single-chip-microcontrollers-v850-series-dual-slope-adconversion-application-note,32-BIT-SINGLE-CHIP-MICROCONTROLLERS-V850-SERIES-DUAL-SLOPE-ADCONVERSION-APPLICATION-NOTE,https://www.renesas.com/en/document/apn/32-bit-single-chip-microcontrollers-v850-series-dual-slope-adconversion-application-note,,service_manual,,,26,15ee41eaba7c01f1
b0,https://www.renesas.com/en/document/apn/upc8106-8109-8163,UPC8106-8109-8163,https://www.renesas.com/en/document/apn/upc8106-8109-8163,,service_manual,,,61,f9b751ef8565c4aa
b1,https://www.renesas.com/en/document/apn/upd17103-application-note-iea-1266,UPD17103-APPLICATION-NOTE-IEA-1266,https://www.renesas.com/en/document/apn/upd17103-application-note-iea-1266,,service_manual,,,110,76ab3bf83a0e17d1
b2,https://www.renesas.com/en/document/apn/upd17104-application-electric-fan,UPD17104-APPLICATION-ELECTRIC-FAN,https://www.renesas.com/en/document/apn/upd17104-application-electric-fan,,service_manual,,,85,93bc0e76fe322ede
b3,https://www.renesas.com/en/document/apn/upd1713xa-series-electric-hot-water-dispenser,UPD1713XA-SERIES-ELECTRIC-HOT-WATER-DISPENSER,https://www.renesas.com/en/document/apn/upd1713xa-series-electric-hot-water-dispenser,,service_manual,,,257,338f772a9c0d524b
b4,https://www.renesas.com/en/document/apn/upd6133-series-remote-control-transmission-sample-programs,UPD6133-SERIES-REMOTE-CONTROL-TRANSMISSION-SAMPLE-PROGRAMS,https://www.renesas.com/en/document/apn/upd6133-series-remote-control-transmission-sample-programs,,service_manual,,,209,cc7fa296bbec3f46
b5,https://www.renesas.com/en/document/apn/upd6464-6465-screen-character-display,UPD6464-6465-SCREEN-CHARACTER-DISPLAY,https://www.renesas.com/en/document/apn/upd6464-6465-screen-character-display,,service_manual,,,25,8897566734a691d3
b6,https://www.renesas.com/en/document/apn/upd750008-sub-series-application-note,UPD750008-SUB-SERIES-APPLICATION-NOTE,https://www.renesas.com/en/document/apn/upd750008-sub-series-application-note,,service_manual,,,190,6771a4b896144401
b7,https://www.renesas.com/en/document/apn/upd78010x-subserieslow-cost-dc-motor-control-using-nec-8-bitsingle-chip-microcontrollers-application,UPD78010X-SUBSERIESLOW-COST-DC-MOTOR-CONTROL-USING-NEC-8-BITSINGLE-CHIP-MICROCONTROLLERS-APPLICATION,https://www.renesas.com/en/document/apn/upd78010x-subserieslow-cost-dc-motor-control-using-nec-8-bitsingle-chip-microcontrollers-application,,service_manual,,,54,985307b50ecac117
b8,https://www.renesas.com/en/document/apn/upd78366a-invertor-control,UPD78366A-INVERTOR-CONTROL,https://www.renesas.com/en/document/apn/upd78366a-invertor-control,,service_manual,,,112,00404ebacd23c9f7
b9,https://www.renesas.com/en/document/apn/upd784038784038y-subseries-hardware-basics,UPD784038784038Y-SUBSERIES-HARDWARE-BASICS,https://www.renesas.com/en/document/apn/upd784038784038y-subseries-hardware-basics,,service_manual,,,351,a93e9707b0b7a44b
ba,https://www.renesas.com/en/document/apn/upd98412-preliminaly-application-note,UPD98412-PRELIMINALY-APPLICATION-NOTE,https://www.renesas.com/en/document/apn/upd98412-preliminaly-application-note,,service_manual,,,110,da0045116230673b
bb,https://www.renesas.com/en/document/apn/usage-and-application-characteristics-upc2757-upc2758-and-upc8112,USAGE-AND-APPLICATION-CHARACTERISTICS-UPC2757-UPC2758-AND-UPC8112,https://www.renesas.com/en/document/apn/usage-and-application-characteristics-upc2757-upc2758-and-upc8112,,service_manual,,,53,5e877419bcc69ac1
bc,https://www.renesas.com/en/document/apn/usage-and-applications-upc8172tbupc8187tb-25-ghz-silicon-frequency-converter-ic-mobile-communication,USAGE-AND-APPLICATIONS-UPC8172TBUPC8187TB-25-GHZ-SILICON-FREQUENCY-CONVERTER-IC-MOBILE-COMMUNICATION,https://www.renesas.com/en/document/apn/usage-and-applications-upc8172tbupc8187tb-25-ghz-silicon-frequency-converter-ic-mobile-communication,,service_manual,,,25,7c4d48d9aa8f417d
bd,https://www.renesas.com/en/document/apn/usage-and-applications-upd3140gs-p10941ej2v0an00,USAGE-AND-APPLICATIONS-UPD3140GS-P10941EJ2V0AN00,https://www.renesas.com/en/document/apn/usage-and-applications-upd3140gs-p10941ej2v0an00,,service_manual,,,54,f1b05a21aae1b5a0
be,https://www.renesas.com/en/document/apn/usage-upc1663-dc-vhf-wideband-differential-input-and-output-amplifier-ic,USAGE-UPC1663-DC-VHF-WIDEBAND-DIFFERENTIAL-INPUT-AND-OUTPUT-AMPLIFIER-IC,https://www.renesas.com/en/document/apn/usage-upc1663-dc-vhf-wideband-differential-input-and-output-amplifier-ic,,service_manual,,,25,da0c1440d17ef908
bg,https://www.renesas.com/en/document/apn/using-dmacii-chained-transfer,USING-DMACII-CHAINED-TRANSFER,https://www.renesas.com/en/document/apn/using-dmacii-chained-transfer,,service_manual,,,13,2faa28c5f7955e98
bh,https://www.renesas.com/en/document/apn/v850e2dx4-intelligent-stepper-motor-ism-function-application-note,V850E2DX4-INTELLIGENT-STEPPER-MOTOR-ISM-FUNCTION-APPLICATION-NOTE,https://www.renesas.com/en/document/apn/v850e2dx4-intelligent-stepper-motor-ism-function-application-note,,service_manual,,,52,afbf8823b2091a91
bi,https://www.renesas.com/en/document/apn/v850eia1tmv850eia2tm-inverter-controlusing-vector-operation-application-note,V850EIA1TMV850EIA2TM-INVERTER-CONTROLUSING-VECTOR-OPERATION-APPLICATION-NOTE,https://www.renesas.com/en/document/apn/v850eia1tmv850eia2tm-inverter-controlusing-vector-operation-application-note,,service_manual,,,124,5b2cd7a35b89cbff
bj,https://www.renesas.com/en/document/apn/v850eia3v850eia4v850esik1v850esie2-6-phase-pwm-output-control-timer-q-timer-q-option-timer-p-ad,V850EIA3V850EIA4V850ESIK1V850ESIE2-6-PHASE-PWM-OUTPUT-CONTROL-TIMER-Q-TIMER-Q-OPTION-TIMER-P-AD,https://www.renesas.com/en/document/apn/v850eia3v850eia4v850esik1v850esie2-6-phase-pwm-output-control-timer-q-timer-q-option-timer-p-ad,,service_manual,,,74,688f131c483d6151
bk,https://www.renesas.com/en/document/apn/v850eia3v850eia4v850esik1v850esie2-port-functions-setting-example,V850EIA3V850EIA4V850ESIK1V850ESIE2-PORT-FUNCTIONS-SETTING-EXAMPLE,https://www.renesas.com/en/document/apn/v850eia3v850eia4v850esik1v850esie2-port-functions-setting-example,,service_manual,,,29,35a63ccf62ccbbd3
bl,https://www.renesas.com/en/document/apn/v850eia3v850eia4v850esik1v850esie2-timer-p-functions-setting-example,V850EIA3V850EIA4V850ESIK1V850ESIE2-TIMER-P-FUNCTIONS-SETTING-EXAMPLE,https://www.renesas.com/en/document/apn/v850eia3v850eia4v850esik1v850esie2-timer-p-functions-setting-example,,service_manual,,,38,d80873b96ebbbf23
bm,https://www.renesas.com/en/document/apn/v850eif3-v850eig3-flash-memory-programming-programmer,V850EIF3-V850EIG3-FLASH-MEMORY-PROGRAMMING-PROGRAMMER,https://www.renesas.com/en/document/apn/v850eif3-v850eig3-flash-memory-programming-programmer,,service_manual,,,264,febcd52226181372
bn,https://www.renesas.com/en/document/apn/v850eif3v850eig3-timer-t-functions-setting-example,V850EIF3V850EIG3-TIMER-T-FUNCTIONS-SETTING-EXAMPLE,https://www.renesas.com/en/document/apn/v850eif3v850eig3-timer-t-functions-setting-example,,service_manual,,,51,53d4ed0be207f85d
bo,https://www.renesas.com/en/document/apn/v850ema1tm-hardware,V850EMA1TM-HARDWARE,https://www.renesas.com/en/document/apn/v850ema1tm-hardware,,service_manual,,,191,9f5f6a732b23891f
bp,https://www.renesas.com/en/document/apn/v850eme2-v850e2me3-hardware,V850EME2-V850E2ME3-HARDWARE,https://www.renesas.com/en/document/apn/v850eme2-v850e2me3-hardware,,service_manual,,,283,3eefb9672d03af0b
bq,https://www.renesas.com/en/document/apn/v850ems1tm-hardware-preliminary,V850EMS1TM-HARDWARE-PRELIMINARY,https://www.renesas.com/en/document/apn/v850ems1tm-hardware-preliminary,,service_manual,,,135,c39501dcb6c47d43
br,https://www.renesas.com/en/document/apn/v850ers1tm-32-bit-single-chip-microcontrollers-csi3-serialinterface-and-dma-application-application,V850ERS1TM-32-BIT-SINGLE-CHIP-MICROCONTROLLERS-CSI3-SERIALINTERFACE-AND-DMA-APPLICATION-APPLICATION,https://www.renesas.com/en/document/apn/v850ers1tm-32-bit-single-chip-microcontrollers-csi3-serialinterface-and-dma-application-application,,service_manual,,,112,a08f7c26fb9c872c
bs,https://www.renesas.com/en/document/apn/v850eshx2-flash-memory-programming-programmer,V850ESHX2-FLASH-MEMORY-PROGRAMMING-PROGRAMMER,https://www.renesas.com/en/document/apn/v850eshx2-flash-memory-programming-programmer,,service_manual,,,261,9354527f2519472b
bt,https://www.renesas.com/en/document/apn/v850eshx3-flash-memory-programming-programmer,V850ESHX3-FLASH-MEMORY-PROGRAMMING-PROGRAMMER,https://www.renesas.com/en/document/apn/v850eshx3-flash-memory-programming-programmer,,service_manual,,,264,9d1e2bccf879ca6e
bu,https://www.renesas.com/en/document/apn/v850esie2-flash-memory-programming-programmer,V850ESIE2-FLASH-MEMORY-PROGRAMMING-PROGRAMMER,https://www.renesas.com/en/document/apn/v850esie2-flash-memory-programming-programmer,,service_manual,,,239,52658f2109e084c0
bv,https://www.renesas.com/en/document/apn/v850esjf3-l-external-event-counter,V850ESJF3-L-EXTERNAL-EVENT-COUNTER,https://www.renesas.com/en/document/apn/v850esjf3-l-external-event-counter,,service_manual,,,44,0e253a888f681e8a
bw,https://www.renesas.com/en/document/apn/v850esjf3-l-pulse-width-measurement-16-bit-timerevent-counterstmp-tmq,V850ESJF3-L-PULSE-WIDTH-MEASUREMENT-16-BIT-TIMEREVENT-COUNTERSTMP-TMQ,https://www.renesas.com/en/document/apn/v850esjf3-l-pulse-width-measurement-16-bit-timerevent-counterstmp-tmq,,service_manual,,,54,bd3ba4d235c6ad54
bx,https://www.renesas.com/en/document/apn/v850esjf3-l-pwm-output-16-bit-timerevent-counterstmp-tmq,V850ESJF3-L-PWM-OUTPUT-16-BIT-TIMEREVENT-COUNTERSTMP-TMQ,https://www.renesas.com/en/document/apn/v850esjf3-l-pwm-output-16-bit-timerevent-counterstmp-tmq,,service_manual,,,43,7c7fcf257279be5a
by,https://www.renesas.com/en/document/apn/v850esjg2-v850esjj2-application-note,V850ESJG2-V850ESJJ2-APPLICATION-NOTE,https://www.renesas.com/en/document/apn/v850esjg2-v850esjj2-application-note,,service_manual,,,201,55de668907fb1674
bz,https://www.renesas.com/en/document/apn/v850esjg3-l-external-event-counter,V850ESJG3-L-EXTERNAL-EVENT-COUNTER,https://www.renesas.com/en/document/apn/v850esjg3-l-external-event-counter,,service_manual,,,44,0e253a888f681e8a
c,https://www.renesas.com/en/document/apn/370-interfacing-rc32355351-pcmcia-devices,370-INTERFACING-RC32355351-PCMCIA-DEVICES,https://www.renesas.com/en/document/apn/370-interfacing-rc32355351-pcmcia-devices,,service_manual,,,5,98632d8b20cb9eb2
c0,https://www.renesas.com/en/document/apn/v850esjg3-l-pulse-width-measurement-16-bit-timerevent-counterstmp-tmq,V850ESJG3-L-PULSE-WIDTH-MEASUREMENT-16-BIT-TIMEREVENT-COUNTERSTMP-TMQ,https://www.renesas.com/en/document/apn/v850esjg3-l-pulse-width-measurement-16-bit-timerevent-counterstmp-tmq,,service_manual,,,54,bd3ba4d235c6ad54
c1,https://www.renesas.com/en/document/apn/v850esjg3-l-pwm-output-16-bit-timerevent-counterstmp-tmq,V850ESJG3-L-PWM-OUTPUT-16-BIT-TIMEREVENT-COUNTERSTMP-TMQ,https://www.renesas.com/en/document/apn/v850esjg3-l-pwm-output-16-bit-timerevent-counterstmp-tmq,,service_manual,,,43,7c7fcf257279be5a
c2,https://www.renesas.com/en/document/apn/v850esjx2-flash-memory-programming-programmer,V850ESJX2-FLASH-MEMORY-PROGRAMMING-PROGRAMMER,https://www.renesas.com/en/document/apn/v850esjx2-flash-memory-programming-programmer,,service_manual,,,249,48aa69d1f616e9da
c3,https://www.renesas.com/en/document/apn/v850esjx3-and-jx3-l-32-bit-single-chip-microcontrollers-software-lcd-control,V850ESJX3-AND-JX3-L-32-BIT-SINGLE-CHIP-MICROCONTROLLERS-SOFTWARE-LCD-CONTROL,https://www.renesas.com/en/document/apn/v850esjx3-and-jx3-l-32-bit-single-chip-microcontrollers-software-lcd-control,,service_manual,,,20,43289c2e396f587b
c4,https://www.renesas.com/en/document/apn/v850esjx3-l-power-supply-current,V850ESJX3-L-POWER-SUPPLY-CURRENT,https://www.renesas.com/en/document/apn/v850esjx3-l-power-supply-current,,service_manual,,,28,90fa1ad69e27f644
c5,https://www.renesas.com/en/document/apn/v850eskx2-flash-memory-programming-programmer,V850ESKX2-FLASH-MEMORY-PROGRAMMING-PROGRAMMER,https://www.renesas.com/en/document/apn/v850eskx2-flash-memory-programming-programmer,,service_manual,,,257,777299f412a85cc4
c6,https://www.renesas.com/en/document/apn/v850sa1tm-application-note,V850SA1TM-APPLICATION-NOTE,https://www.renesas.com/en/document/apn/v850sa1tm-application-note,,service_manual,,,168,71d989b7a646dca2
c7,https://www.renesas.com/en/document/apn/v853tm-hardware,V853TM-HARDWARE,https://www.renesas.com/en/document/apn/v853tm-hardware,,service_manual,,,102,5841e392d6726f5e
c8,https://www.renesas.com/en/document/apn/v853tm-software,V853TM-SOFTWARE,https://www.renesas.com/en/document/apn/v853tm-software,,service_manual,,,239,0520342564190fa9
c9,https://www.renesas.com/en/document/apn/wait-mode-setup-rej05b1172-0100,WAIT-MODE-SETUP-REJ05B1172-0100,https://www.renesas.com/en/document/apn/wait-mode-setup-rej05b1172-0100,,service_manual,,,8,d798aace7fd27be3
ca,https://www.renesas.com/en/document/apn/zsc31010zsc31015-analog-4-20ma-current-loop-output-applications,ZSC31010ZSC31015-ANALOG-4-20MA-CURRENT-LOOP-OUTPUT-APPLICATIONS,https://www.renesas.com/en/document/apn/zsc31010zsc31015-analog-4-20ma-current-loop-output-applications,,service_manual,,,7,281fc98f093e0806
cc,https://www.renesas.com/en/document/apn/zsc31050-0-10v-analog-output,ZSC31050-0-10V-ANALOG-OUTPUT,https://www.renesas.com/en/document/apn/zsc31050-0-10v-analog-output,,service_manual,,,8,7054720d53c85cac
cd,https://www.renesas.com/en/document/apn/zsc31050-two-wire-current-loop-output,ZSC31050-TWO-WIRE-CURRENT-LOOP-OUTPUT,https://www.renesas.com/en/document/apn/zsc31050-two-wire-current-loop-output,,service_manual,,,19,28df1819f9c2bc23
ce,https://www.renesas.com/en/document/apn/zsc31050-zsc31150-zssc313x-zssc3154-zssc3170-application-note-rbic1-calibration-dll,ZSC31050-ZSC31150-ZSSC313X-ZSSC3154-ZSSC3170-APPLICATION-NOTE-RBIC1-CALIBRATION-DLL,https://www.renesas.com/en/document/apn/zsc31050-zsc31150-zssc313x-zssc3154-zssc3170-application-note-rbic1-calibration-dll,,service_manual,,,13,e9b48e728af578e8
cf,https://www.renesas.com/en/document/apn/zssc3154-application-note-mass-air-flow-maf-sensor,ZSSC3154-APPLICATION-NOTE-MASS-AIR-FLOW-MAF-SENSOR,https://www.renesas.com/en/document/apn/zssc3154-application-note-mass-air-flow-maf-sensor,,service_manual,,,18,ae65cdfaa3099cd5
cg,https://www.renesas.com/en/document/man/h8s2339-e6000-emulator-hs2339epi61h-users-manual,H8S2339-E6000-EMULATOR-HS2339EPI61H-USERS-MANUAL,https://www.renesas.com/en/document/man/h8s2339-e6000-emulator-hs2339epi61h-users-manual,,service_manual,,,430,b150c814151beb62
ch,https://www.renesas.com/en/document/man/h8s2437-group-hardware-manual,H8S2437-GROUP-HARDWARE-MANUAL,https://www.renesas.com/en/document/man/h8s2437-group-hardware-manual,,service_manual,,,600,f64a150b43afc199
d,https://www.renesas.com/en/document/apn/3803-group-spec-h-peripheral-function-application,3803-GROUP-SPEC-H-PERIPHERAL-FUNCTION-APPLICATION,https://www.renesas.com/en/document/apn/3803-group-spec-h-peripheral-function-application,,service_manual,,,137,22ff785f73083036
e,https://www.renesas.com/en/document/apn/3823-group-serial-io-clock-asynchronous-serial-io-uart-mode,3823-GROUP-SERIAL-IO-CLOCK-ASYNCHRONOUS-SERIAL-IO-UART-MODE,https://www.renesas.com/en/document/apn/3823-group-serial-io-clock-asynchronous-serial-io-uart-mode,,service_manual,,,13,532eaf240b782a66
f,https://www.renesas.com/en/document/apn/3850-group-speca-peripheral-function-application,3850-GROUP-SPECA-PERIPHERAL-FUNCTION-APPLICATION,https://www.renesas.com/en/document/apn/3850-group-speca-peripheral-function-application,,service_manual,,,119,4d749ead0ec5c588
g,https://www.renesas.com/en/document/apn/3858-group-serial-io-1-asynchronous-serial-io-uart-mode,3858-GROUP-SERIAL-IO-1-ASYNCHRONOUS-SERIAL-IO-UART-MODE,https://www.renesas.com/en/document/apn/3858-group-serial-io-1-asynchronous-serial-io-uart-mode,,service_manual,,,12,9116643a05f800dd
h,https://www.renesas.com/en/document/apn/404-high-speed-packet-processing-utilizing-fcm,404-HIGH-SPEED-PACKET-PROCESSING-UTILIZING-FCM,https://www.renesas.com/en/document/apn/404-high-speed-packet-processing-utilizing-fcm,,service_manual,,,8,45f263aba8e059a2
i,https://www.renesas.com/en/document/apn/411-jtag-testing-multichip-modules,411-JTAG-TESTING-MULTICHIP-MODULES,https://www.renesas.com/en/document/apn/411-jtag-testing-multichip-modules,,service_manual,,,4,34ae9fc705a9a7c2
j,https://www.renesas.com/en/document/apn/45-introduction-idts-fourport-sram,45-INTRODUCTION-IDTS-FOURPORT-SRAM,https://www.renesas.com/en/document/apn/45-introduction-idts-fourport-sram,,service_manual,,,14,454142d3a9196d01
k,https://www.renesas.com/en/document/apn/68-dual-port-sram-simplifies-pc-tms320-interface,68-DUAL-PORT-SRAM-SIMPLIFIES-PC-TMS320-INTERFACE,https://www.renesas.com/en/document/apn/68-dual-port-sram-simplifies-pc-tms320-interface,,service_manual,,,11,cf3273ec094b42b9
m,https://www.renesas.com/en/document/apn/721-idt-pcie-gen2-switch-hardware-design-guide,721-IDT-PCIE-GEN2-SWITCH-HARDWARE-DESIGN-GUIDE,https://www.renesas.com/en/document/apn/721-idt-pcie-gen2-switch-hardware-design-guide,,service_manual,,,17,c1bc4f7c276a8f70
n,https://www.renesas.com/en/document/apn/724-non-transparent-bridging-idt-pes32nt24g2-pcie-switch,724-NON-TRANSPARENT-BRIDGING-IDT-PES32NT24G2-PCIE-SWITCH,https://www.renesas.com/en/document/apn/724-non-transparent-bridging-idt-pes32nt24g2-pcie-switch,,service_manual,,,28,47288737a9a52547
o,https://www.renesas.com/en/document/apn/727-pes32nt24ag2-hardware-design-guide,727-PES32NT24AG2-HARDWARE-DESIGN-GUIDE,https://www.renesas.com/en/document/apn/727-pes32nt24ag2-hardware-design-guide,,service_manual,,,22,03b62e18df6e0da0
p,https://www.renesas.com/en/document/apn/7542-group-clock-asynchronous-serial-io-uart,7542-GROUP-CLOCK-ASYNCHRONOUS-SERIAL-IO-UART,https://www.renesas.com/en/document/apn/7542-group-clock-asynchronous-serial-io-uart,,service_manual,,,12,1ec7ceb1364f2c24
q,https://www.renesas.com/en/document/apn/7544group-clock-asynchronous-serial-io-uart,7544GROUP-CLOCK-ASYNCHRONOUS-SERIAL-IO-UART,https://www.renesas.com/en/document/apn/7544group-clock-asynchronous-serial-io-uart,,service_manual,,,14,0b379da868973a49
r,https://www.renesas.com/en/document/apn/75487549-group-serial-io-asynchronous-serial-io-uart-mode,75487549-GROUP-SERIAL-IO-ASYNCHRONOUS-SERIAL-IO-UART-MODE,https://www.renesas.com/en/document/apn/75487549-group-serial-io-asynchronous-serial-io-uart-mode,,service_manual,,,12,6a042502f7b3bbf0
s,https://www.renesas.com/en/document/apn/78k0kx1-flash-memory-programming-programmer,78K0KX1-FLASH-MEMORY-PROGRAMMING-PROGRAMMER,https://www.renesas.com/en/document/apn/78k0kx1-flash-memory-programming-programmer,,service_manual,,,242,ecc66750463c49a8
t,https://www.renesas.com/en/document/apn/78k0kx1-self-programming,78K0KX1-SELF-PROGRAMMING,https://www.renesas.com/en/document/apn/78k0kx1-self-programming,,service_manual,,,32,5bb980ba19b3e7bf
u,https://www.renesas.com/en/document/apn/78k0kx2-flash-memory-programming-programmer,78K0KX2-FLASH-MEMORY-PROGRAMMING-PROGRAMMER,https://www.renesas.com/en/document/apn/78k0kx2-flash-memory-programming-programmer,,service_manual,,,191,bff8e3e988ff49af
v,https://www.renesas.com/en/document/apn/78k0kx2-l-78k0ix2-flash-memory-programming-programmer,78K0KX2-L-78K0IX2-FLASH-MEMORY-PROGRAMMING-PROGRAMMER,https://www.renesas.com/en/document/apn/78k0kx2-l-78k0ix2-flash-memory-programming-programmer,,service_manual,,,126,2ba144681d4bbeec
w,https://www.renesas.com/en/document/apn/78k0lx2-flash-memory-programming-programmer,78K0LX2-FLASH-MEMORY-PROGRAMMING-PROGRAMMER,https://www.renesas.com/en/document/apn/78k0lx2-flash-memory-programming-programmer,,service_manual,,,183,9e84693dffc4b589
x,https://www.renesas.com/en/document/apn/78k0lx3-flash-memory-programming-programmer,78K0LX3-FLASH-MEMORY-PROGRAMMING-PROGRAMMER,https://www.renesas.com/en/document/apn/78k0lx3-flash-memory-programming-programmer,,service_manual,,,203,7916882328c5c170
y,https://www.renesas.com/en/document/apn/78k0lx3-sample-program-16-bit-delta-sigma-type-ad-converterfor-conversion-result-accuracy-correction,78K0LX3-SAMPLE-PROGRAM-16-BIT-DELTA-SIGMA-TYPE-AD-CONVERTERFOR-CONVERSION-RESULT-ACCURACY-CORRECTION,https://www.renesas.com/en/document/apn/78k0lx3-sample-program-16-bit-delta-sigma-type-ad-converterfor-conversion-result-accuracy-correction,,service_manual,,,90,055a3b444e753fcc
z,https://www.renesas.com/en/document/apn/78k0rkx3-flash-memory-programming-programmer,78K0RKX3-FLASH-MEMORY-PROGRAMMING-PROGRAMMER,https://www.renesas.com/en/document/apn/78k0rkx3-flash-memory-programming-programmer,,service_manual,,,127,51f855a89bd8a227
