id,key,title,url,parent,role,year,month,pages
0,https://schematicheaven.net/fenderamps/fender_30_schem.pdf,30 fender 30 schem,https://schematicheaven.net/fenderamps/fender_30_schem.pdf,,service_manual,,,1
1,https://schematicheaven.net/fenderamps/fender_75_schem.pdf,75 fender 75 schem,https://schematicheaven.net/fenderamps/fender_75_schem.pdf,,service_manual,,,2
10,https://schematicheaven.net/fenderamps/champ_5c1_schem.pdf,5C1 champ 5c1 schem,https://schematicheaven.net/fenderamps/champ_5c1_schem.pdf,,service_manual,,,2
100,https://schematicheaven.net/effects/binson_pe603t_echorec.pdf,Binson Echorec P.E. 603-T binson pe603t echorec,https://schematicheaven.net/effects/binson_pe603t_echorec.pdf,,service_manual,,,4
101,https://schematicheaven.net/effects/meazzi_factotum_echomatic_drum.pdf,Meazzi Echomatic Drum meazzi factotum echomatic drum,https://schematicheaven.net/effects/meazzi_factotum_echomatic_drum.pdf,,service_manual,,,2
102,https://schematicheaven.net/effects/meazzi_factotum_echomatic_SS.pdf,Meazzi Echomatic SS meazzi factotum echomatic SS,https://schematicheaven.net/effects/meazzi_factotum_echomatic_SS.pdf,,service_manual,,,3
103,https://schematicheaven.net/effects/meazzi_factotum_echomatic_tube.pdf,Meazzi Echomatic Tube meazzi factotum echomatic tube,https://schematicheaven.net/effects/meazzi_factotum_echomatic_tube.pdf,,service_manual,,,3
104,https://schematicheaven.net/effects/meazzi_factotum_stereo_echomatic.pdf,Meazzi FS-EchoMatic meazzi factotum stereo echomatic,https://schematicheaven.net/effects/meazzi_factotum_stereo_echomatic.pdf,,service_manual,,,1
105,https://schematicheaven.net/effects/telray_echovolume_evo-1_oilcan.pdf,Tel-Ray/Morley Echo-Volume EVO-1 telray echovolume evo-1 oilcan,https://schematicheaven.net/effects/telray_echovolume_evo-1_oilcan.pdf,,service_manual,,,1
106,https://schematicheaven.net/effects/telray_electrostatic_delay_line_oilcan.pdf,Tel-Ray/Morley Electrostatic Delay telray electrostatic delay line oilcan,https://schematicheaven.net/effects/telray_electrostatic_delay_line_oilcan.pdf,,service_manual,,,1
107,https://schematicheaven.net/effects/boss_df2_distortion_feedbacker.pdf,Boss DF-2 Feedbacker boss df2 distortion feedbacker,https://schematicheaven.net/effects/boss_df2_distortion_feedbacker.pdf,,service_manual,,,1
108,https://schematicheaven.net/effects/boss_hm2_heavymetal_dist.pdf,Boss HM-2 Heavymetal boss hm2 heavymetal dist,https://schematicheaven.net/effects/boss_hm2_heavymetal_dist.pdf,,service_manual,,,1
109,https://schematicheaven.net/effects/boss_md2_megadist.pdf,Boss MD-2 Mega boss md2 megadist,https://schematicheaven.net/effects/boss_md2_megadist.pdf,,service_manual,,,1
10a,https://schematicheaven.net/effects/boss_mt2_metalzone_eqdist.pdf,Boss Metalzone EQ boss mt2 metalzone eqdist,https://schematicheaven.net/effects/boss_mt2_metalzone_eqdist.pdf,,service_manual,,,4
10b,https://schematicheaven.net/effects/dodfx53_classic_tube.pdf,DOD FX-53 Classic Tube dodfx53 classic tube,https://schematicheaven.net/effects/dodfx53_classic_tube.pdf,,service_manual,,,1
10c,https://schematicheaven.net/effects/dodfx55b_dist.pdf,DOD FX-55B Supra dodfx55b dist,https://schematicheaven.net/effects/dodfx55b_dist.pdf,,service_manual,,,1
10d,https://schematicheaven.net/effects/dodfx56_american_metal.pdf,DOD FX56 American Metal dodfx56 american metal,https://schematicheaven.net/effects/dodfx56_american_metal.pdf,,service_manual,,,1
10e,https://schematicheaven.net/effects/dodfx57_hardrock_dist.pdf,DOD FX-57 Hardrock dodfx57 hardrock dist,https://schematicheaven.net/effects/dodfx57_hardrock_dist.pdf,,service_manual,,,1
10f,https://schematicheaven.net/effects/dodfx59_thrashmaster_dist.pdf,DOD FX-59 Thrashmaster dodfx59 thrashmaster dist,https://schematicheaven.net/effects/dodfx59_thrashmaster_dist.pdf,,service_manual,,,1
10g,https://schematicheaven.net/effects/dodfx69b_grunge_dist.pdf,DOD FX-69B Grunge dodfx69b grunge dist,https://schematicheaven.net/effects/dodfx69b_grunge_dist.pdf,,service_manual,,,1
10h,https://schematicheaven.net/effects/dodfx70c_corrosion_dist.pdf,DOD FX-70c Corrosion dodfx70c corrosion dist,https://schematicheaven.net/effects/dodfx70c_corrosion_dist.pdf,,service_manual,,,1
10i,https://schematicheaven.net/effects/dodfx76_punkifier_dist.pdf,DOD FX-76 Punkifier dodfx76 punkifier dist,https://schematicheaven.net/effects/dodfx76_punkifier_dist.pdf,,service_manual,,,1
10j,https://schematicheaven.net/effects/dodfx86_deathmetal_dist.pdf,DOD FX-86 Deathmetal dodfx86 deathmetal dist,https://schematicheaven.net/effects/dodfx86_deathmetal_dist.pdf,,service_manual,,,1
10k,https://schematicheaven.net/effects/eh_bigmuff.pdf,ElectroHarmonix Bigmuff eh bigmuff,https://schematicheaven.net/effects/eh_bigmuff.pdf,,service_manual,,,1
10l,https://schematicheaven.net/effects/eh_littlebigmuff.pdf,ElectroHarmonix Little Bigmuff eh littlebigmuff,https://schematicheaven.net/effects/eh_littlebigmuff.pdf,,service_manual,,,1
10m,https://schematicheaven.net/effects/eh_hottubes_dist.pdf,ElectroHarmonix Hot Tubes eh hottubes dist,https://schematicheaven.net/effects/eh_hottubes_dist.pdf,,service_manual,,,1
10n,https://schematicheaven.net/effects/ibanez_ds10_distcharger.pdf,Ibanez DS-10 ibanez ds10 distcharger,https://schematicheaven.net/effects/ibanez_ds10_distcharger.pdf,,service_manual,,,1
10o,https://schematicheaven.net/effects/ibanez_pl5_powerlead.pdf,Ibanez PL-5 PowerLead ibanez pl5 powerlead,https://schematicheaven.net/effects/ibanez_pl5_powerlead.pdf,,service_manual,,,1
10p,https://schematicheaven.net/effects/ibanez_sd2_sonicdist.pdf,Ibanez SD-2 Sonic Distortion ibanez sd2 sonicdist,https://schematicheaven.net/effects/ibanez_sd2_sonicdist.pdf,,service_manual,,,1
10q,https://schematicheaven.net/effects/ibanez_tm5_thrashmetal_dist.pdf,Ibanez TM-5 ThrashMetal ibanez tm5 thrashmetal dist,https://schematicheaven.net/effects/ibanez_tm5_thrashmetal_dist.pdf,,service_manual,,,1
10r,https://schematicheaven.net/effects/ggg_maxxon_sonicdistortion_sd9.pdf,Maxxon SD-9 Sonic Distortion ggg maxxon sonicdistortion sd9,https://schematicheaven.net/effects/ggg_maxxon_sonicdistortion_sd9.pdf,,service_manual,,,1
10s,https://schematicheaven.net/effects/mxr_dist_plus.pdf,MXR M-104 Distortion Plus mxr dist plus,https://schematicheaven.net/effects/mxr_dist_plus.pdf,,service_manual,,,1
10t,https://schematicheaven.net/effects/nobels_dt1_dist.pdf,Nobels DT-1 nobels dt1 dist,https://schematicheaven.net/effects/nobels_dt1_dist.pdf,,service_manual,,,1
10u,https://schematicheaven.net/effects/nobels_dtsn_dist_special.pdf,Nobels DT-SN nobels dtsn dist special,https://schematicheaven.net/effects/nobels_dtsn_dist_special.pdf,,service_manual,,,1
10v,https://schematicheaven.net/effects/nobels_dtxn_dist_extreme.pdf,Nobels DT-XN nobels dtxn dist extreme,https://schematicheaven.net/effects/nobels_dtxn_dist_extreme.pdf,,service_manual,,,1
10w,https://schematicheaven.net/effects/proco_rat_dist.pdf,ProCo Rat proco rat dist,https://schematicheaven.net/effects/proco_rat_dist.pdf,,service_manual,,,1
10x,https://schematicheaven.net/effects/telray_bigfoot_pwramp_bpa_dist.pdf,Tel-Ray/Morley BPA Bigfoot telray bigfoot pwramp bpa dist,https://schematicheaven.net/effects/telray_bigfoot_pwramp_bpa_dist.pdf,,service_manual,,,1
10y,https://schematicheaven.net/effects/boss_tw1_touchwah.pdf,Boss TW-1 Touchwah boss tw1 touchwah,https://schematicheaven.net/effects/boss_tw1_touchwah.pdf,,service_manual,,,1
10z,https://schematicheaven.net/effects/dod440_envelope.pdf,DOD 440 dod440 envelope,https://schematicheaven.net/effects/dod440_envelope.pdf,,service_manual,,,1
11,https://schematicheaven.net/fenderamps/champ_5e1_schem.pdf,5E1 champ 5e1 schem,https://schematicheaven.net/fenderamps/champ_5e1_schem.pdf,,service_manual,,,2
110,https://schematicheaven.net/effects/dod545_wah_filter.pdf,DOD 545 dod545 wah filter,https://schematicheaven.net/effects/dod545_wah_filter.pdf,,service_manual,,,1
111,https://schematicheaven.net/effects/dodfx25b_envelope_filter.pdf,DOD FX-25B dodfx25b envelope filter,https://schematicheaven.net/effects/dodfx25b_envelope_filter.pdf,,service_manual,,,1
112,https://schematicheaven.net/effects/eh_zipper_envelope.pdf,ElectroHarmonix Zipper eh zipper envelope,https://schematicheaven.net/effects/eh_zipper_envelope.pdf,,service_manual,,,1
113,https://schematicheaven.net/effects/ggg_mxr_envelope_filter.pdf,MXR Envelope ggg mxr envelope filter,https://schematicheaven.net/effects/ggg_mxr_envelope_filter.pdf,,service_manual,,,1
114,https://schematicheaven.net/effects/boss_ge7_eq.pdf,Boss GE-7 boss ge7 eq,https://schematicheaven.net/effects/boss_ge7_eq.pdf,,service_manual,,,1
115,https://schematicheaven.net/effects/dodfx40b_equalizer.pdf,DOD FX-40B dodfx40b equalizer,https://schematicheaven.net/effects/dodfx40b_equalizer.pdf,,service_manual,,,1
116,https://schematicheaven.net/effects/eh_doctorq.pdf,ElectroHarmonix Doctor-Q eh doctorq,https://schematicheaven.net/effects/eh_doctorq.pdf,,service_manual,,,1
117,https://schematicheaven.net/effects/ibanez_be10_bass_eq.pdf,Ibanez BE-10 Bass ibanez be10 bass eq,https://schematicheaven.net/effects/ibanez_be10_bass_eq.pdf,,service_manual,,,1
118,https://schematicheaven.net/effects/ibanez_ge9_graphiceq.pdf,Ibanez GE-9 ibanez ge9 graphiceq,https://schematicheaven.net/effects/ibanez_ge9_graphiceq.pdf,,service_manual,,,1
119,https://schematicheaven.net/effects/nobels_pre1_preampboostereq.pdf,Nobels PRE-1 nobels pre1 preampboostereq,https://schematicheaven.net/effects/nobels_pre1_preampboostereq.pdf,,service_manual,,,1
11a,https://schematicheaven.net/effects/boss_bf2_flanger.pdf,Boss BF-2 boss bf2 flanger,https://schematicheaven.net/effects/boss_bf2_flanger.pdf,,service_manual,,,1
11b,https://schematicheaven.net/effects/boss_hf2_hibandflanger.pdf,Boss HF-2 Highband boss hf2 hibandflanger,https://schematicheaven.net/effects/boss_hf2_hibandflanger.pdf,,service_manual,,,1
11c,https://schematicheaven.net/effects/dod575_flanger.pdf,DOD 575 dod575 flanger,https://schematicheaven.net/effects/dod575_flanger.pdf,,service_manual,,,1
11d,https://schematicheaven.net/effects/dod9089_echo_flange.pdf,DOD 9089 dod9089 echo flange,https://schematicheaven.net/effects/dod9089_echo_flange.pdf,,service_manual,,,1
11e,https://schematicheaven.net/effects/dodfx75_flanger.pdf,DOD FX-75 dodfx75 flanger,https://schematicheaven.net/effects/dodfx75_flanger.pdf,,service_manual,,,1
11f,https://schematicheaven.net/effects/dodfx75b_flanger.pdf,DOD FX-75B dodfx75b flanger,https://schematicheaven.net/effects/dodfx75b_flanger.pdf,,service_manual,,,1
11g,https://schematicheaven.net/effects/ggg_eh_deluxe_electricmistress.pdf,ElectroHarmonix Electric Mistress ggg eh deluxe electricmistress,https://schematicheaven.net/effects/ggg_eh_deluxe_electricmistress.pdf,,service_manual,,,1
11h,https://schematicheaven.net/effects/ibanez_fl301_flanger.pdf,Ibanez FL-301 ibanez fl301 flanger,https://schematicheaven.net/effects/ibanez_fl301_flanger.pdf,,service_manual,,,1
11i,https://schematicheaven.net/effects/mxr_flanger.pdf,MXR M-117 mxr flanger,https://schematicheaven.net/effects/mxr_flanger.pdf,,service_manual,,,1
11j,https://schematicheaven.net/effects/pearl_flanger.pdf,Pearl FG-01 pearl flanger,https://schematicheaven.net/effects/pearl_flanger.pdf,,service_manual,,,1
11k,https://schematicheaven.net/effects/vox_1902_flanger.pdf,Vox 1902 vox 1902 flanger,https://schematicheaven.net/effects/vox_1902_flanger.pdf,,service_manual,,,1
11l,https://schematicheaven.net/effects/brianmay_treblebooster.pdf,Brian May Treble Booster brianmay treblebooster,https://schematicheaven.net/effects/brianmay_treblebooster.pdf,,service_manual,,,1
11m,https://schematicheaven.net/effects/eh_hogsfoot_bassbooster.pdf,ElectroHarmonix Hogsfoot Bass Booster eh hogsfoot bassbooster,https://schematicheaven.net/effects/eh_hogsfoot_bassbooster.pdf,,service_manual,,,1
11n,https://schematicheaven.net/effects/eh_booster(s).pdf,ElectroHarmonix Screaming Bird/Tree eh booster(s),https://schematicheaven.net/effects/eh_booster(s).pdf,,service_manual,,,1
11o,https://schematicheaven.net/effects/vox_treblebooster.pdf,Vox Treble Booster vox treblebooster,https://schematicheaven.net/effects/vox_treblebooster.pdf,,service_manual,,,1
11p,https://schematicheaven.net/effects/ggg_colorsound_tonebender.pdf,Colorsound Tonebender ggg colorsound tonebender,https://schematicheaven.net/effects/ggg_colorsound_tonebender.pdf,,service_manual,,,1
11q,https://schematicheaven.net/effects/colorsound_tonebender_mkII_pro.pdf,Colorsound Tonebender MK-II colorsound tonebender mkII pro,https://schematicheaven.net/effects/colorsound_tonebender_mkII_pro.pdf,,service_manual,,,1
11r,https://schematicheaven.net/effects/ggg_colorsound_tonebenderpro_mkII_pnp.pdf,Colorsound Tonebender MK-II PNP ggg colorsound tonebenderpro mkII pnp,https://schematicheaven.net/effects/ggg_colorsound_tonebenderpro_mkII_pnp.pdf,,service_manual,,,2
11s,https://schematicheaven.net/effects/colorsound_tonebender_mkII_pro_reissue.pdf,Colorsound Tonebender MK-II RI colorsound tonebender mkII pro reissue,https://schematicheaven.net/effects/colorsound_tonebender_mkII_pro_reissue.pdf,,service_manual,,,1
11t,https://schematicheaven.net/effects/dodfx52_classic_fuzz.pdf,DOD FX-52 Classic Fuzz dodfx52 classic fuzz,https://schematicheaven.net/effects/dodfx52_classic_fuzz.pdf,,service_manual,,,1
11u,https://schematicheaven.net/effects/dodfx66_flashback_fuzz.pdf,DOD FX-66 Flashback Fuzz dodfx66 flashback fuzz,https://schematicheaven.net/effects/dodfx66_flashback_fuzz.pdf,,service_manual,,,1
11v,https://schematicheaven.net/effects/hendrix_fuzzface.pdf,Dunlop JH-2 Hendrix Fuzzface hendrix fuzzface,https://schematicheaven.net/effects/hendrix_fuzzface.pdf,,service_manual,,,1
11w,https://schematicheaven.net/effects/fender_blender_fuzz.pdf,Fender Blender fender blender fuzz,https://schematicheaven.net/effects/fender_blender_fuzz.pdf,,service_manual,,,2
11x,https://schematicheaven.net/effects/ggg_foxx_tonemachine.pdf,Foxx ToneMachine ggg foxx tonemachine,https://schematicheaven.net/effects/ggg_foxx_tonemachine.pdf,,service_manual,,,1
11y,https://schematicheaven.net/effects/ggg_gretsch_controfuzz.pdf,Gretsch Contro-Fuzz ggg gretsch controfuzz,https://schematicheaven.net/effects/ggg_gretsch_controfuzz.pdf,,service_manual,,,1
11z,https://schematicheaven.net/effects/jordan_bosstone.pdf,Jordan Boss-Tone jordan bosstone,https://schematicheaven.net/effects/jordan_bosstone.pdf,,service_manual,,,1
12,https://schematicheaven.net/fenderamps/champ_5f1_schem.pdf,5F1 champ 5f1 schem,https://schematicheaven.net/fenderamps/champ_5f1_schem.pdf,,service_manual,,,2
120,https://schematicheaven.net/effects/maestro_fz1_fz1a_fuzz.pdf,Maestro FZ-1/1A maestro fz1 fz1a fuzz,https://schematicheaven.net/effects/maestro_fz1_fz1a_fuzz.pdf,,service_manual,,,1
121,https://schematicheaven.net/effects/ggg_maestro_superfuzz_fz1s.pdf,Maestro SuperFuzz FZ-1S ggg maestro superfuzz fz1s,https://schematicheaven.net/effects/ggg_maestro_superfuzz_fz1s.pdf,,service_manual,,,1
122,https://schematicheaven.net/effects/nobels_fuz_fuzz.pdf,Nobels F-UZ nobels fuz fuzz,https://schematicheaven.net/effects/nobels_fuz_fuzz.pdf,,service_manual,,,1
123,https://schematicheaven.net/effects/olson_fuzz.pdf,Olson New Fuzz olson fuzz,https://schematicheaven.net/effects/olson_fuzz.pdf,,service_manual,,,1
124,https://schematicheaven.net/effects/rogermayer_classicfuzz_LAH.pdf,Roger Mayer Classic Fuzz rogermayer classicfuzz LAH,https://schematicheaven.net/effects/rogermayer_classicfuzz_LAH.pdf,,service_manual,,,1
125,https://schematicheaven.net/effects/univox_superfuzz.pdf,Univox SuperFuzz univox superfuzz,https://schematicheaven.net/effects/univox_superfuzz.pdf,,service_manual,,,1
126,https://schematicheaven.net/effects/vox_suppa_tonebender_LAH.pdf,Vox Suppa-Tonebender vox suppa tonebender LAH,https://schematicheaven.net/effects/vox_suppa_tonebender_LAH.pdf,,service_manual,,,1
127,https://schematicheaven.net/effects/vox_tonebender_fuzz.pdf,Vox Tonebender vox tonebender fuzz,https://schematicheaven.net/effects/vox_tonebender_fuzz.pdf,,service_manual,,,1
128,https://schematicheaven.net/effects/boss_nf1_noisegate.pdf,Boss NF-1 boss nf1 noisegate,https://schematicheaven.net/effects/boss_nf1_noisegate.pdf,,service_manual,,,1
129,https://schematicheaven.net/effects/dodfx30_noise_gate.pdf,DOD FX-30 dodfx30 noise gate,https://schematicheaven.net/effects/dodfx30_noise_gate.pdf,,service_manual,,,1
12a,https://schematicheaven.net/effects/mxr_noisegate.pdf,MXR M-135 mxr noisegate,https://schematicheaven.net/effects/mxr_noisegate.pdf,,service_manual,,,1
12b,https://schematicheaven.net/effects/rogermayer_rm68_noisegate.pdf,Roger Mayer RM-68 rogermayer rm68 noisegate,https://schematicheaven.net/effects/rogermayer_rm68_noisegate.pdf,,service_manual,,,2
12c,https://schematicheaven.net/effects/ggg_ampeg_scrambler.pdf,Ampeg Scrambler ggg ampeg scrambler,https://schematicheaven.net/effects/ggg_ampeg_scrambler.pdf,,service_manual,,,1
12d,https://schematicheaven.net/effects/boss_oc2_octave.pdf,Boss OC-2 boss oc2 octave,https://schematicheaven.net/effects/boss_oc2_octave.pdf,,service_manual,,,1
12e,https://schematicheaven.net/effects/dano_dj13_frenchtoast_octave_distortion.pdf,Dano DJ13 Frenchtoast dano dj13 frenchtoast octave distortion,https://schematicheaven.net/effects/dano_dj13_frenchtoast_octave_distortion.pdf,,service_manual,,,1
12f,https://schematicheaven.net/effects/dodfx35_octoplus.pdf,DOD FX-35 Octoplus dodfx35 octoplus,https://schematicheaven.net/effects/dodfx35_octoplus.pdf,,service_manual,,,1
12g,https://schematicheaven.net/effects/maestro_bb1_bassbrass.pdf,Maestro BB-1 maestro bb1 bassbrass,https://schematicheaven.net/effects/maestro_bb1_bassbrass.pdf,,service_manual,,,1
12h,https://schematicheaven.net/effects/rogermayer_octavia_LAH.pdf,Roger Mayer Octavia rogermayer octavia LAH,https://schematicheaven.net/effects/rogermayer_octavia_LAH.pdf,,service_manual,,,1
12i,https://schematicheaven.net/effects/ggg_tychobrahe_octavia.pdf,Tycobrahe Octavia ggg tychobrahe octavia,https://schematicheaven.net/effects/ggg_tychobrahe_octavia.pdf,,service_manual,,,1
12j,https://schematicheaven.net/effects/boss_od1_overdrive.pdf,Boss OD-1 boss od1 overdrive,https://schematicheaven.net/effects/boss_od1_overdrive.pdf,,service_manual,,,1
12k,https://schematicheaven.net/effects/boss_od2_overdrive.pdf,Boss OD-2 boss od2 overdrive,https://schematicheaven.net/effects/boss_od2_overdrive.pdf,,service_manual,,,1
12l,https://schematicheaven.net/effects/boss_od3_overdrive.pdf,Boss OD-3 boss od3 overdrive,https://schematicheaven.net/effects/boss_od3_overdrive.pdf,,service_manual,,,1
12m,https://schematicheaven.net/effects/boss_pw2_powerdriver_overdrive.pdf,Boss PW-2 Powerdriver boss pw2 powerdriver overdrive,https://schematicheaven.net/effects/boss_pw2_powerdriver_overdrive.pdf,,service_manual,,,1
12n,https://schematicheaven.net/effects/boss_sd1_super_overdrive.pdf,Boss SD-1 Super boss sd1 super overdrive,https://schematicheaven.net/effects/boss_sd1_super_overdrive.pdf,,service_manual,,,1
12o,https://schematicheaven.net/effects/ggg_chandler_tube_driver.pdf,Chandler Tube Driver ggg chandler tube driver,https://schematicheaven.net/effects/ggg_chandler_tube_driver.pdf,,service_manual,,,1
12p,https://schematicheaven.net/effects/ibanez_od855_overdrive.pdf,Ibanez OD-855 ibanez od855 overdrive,https://schematicheaven.net/effects/ibanez_od855_overdrive.pdf,,service_manual,,,1
12q,https://schematicheaven.net/effects/ibanez_stl_supertube_overdrive.pdf,Ibanez ST-1 SuperTube ibanez stl supertube overdrive,https://schematicheaven.net/effects/ibanez_stl_supertube_overdrive.pdf,,service_manual,,,1
12r,https://schematicheaven.net/effects/ibanez_ts9_tubescreamer.pdf,Ibanez TS-9 Tubescreamer ibanez ts9 tubescreamer,https://schematicheaven.net/effects/ibanez_ts9_tubescreamer.pdf,,service_manual,,,2
12s,https://schematicheaven.net/effects/ibanez_ts10_tubescreamer.pdf,Ibanez TS-10 Tubescreamer ibanez ts10 tubescreamer,https://schematicheaven.net/effects/ibanez_ts10_tubescreamer.pdf,,service_manual,,,1
12t,https://schematicheaven.net/effects/ggg_ibanez_ts-808_ORIGINAL.pdf,Ibanez TS-808 Tubescreamer Original ggg ibanez ts-808 ORIGINAL,https://schematicheaven.net/effects/ggg_ibanez_ts-808_ORIGINAL.pdf,,service_manual,,,1
12u,https://schematicheaven.net/effects/ggg_ibanez_ts-808_truebypass.pdf,Ibanez TS-808 Tubescreamer Truebypass ggg ibanez ts-808 truebypass,https://schematicheaven.net/effects/ggg_ibanez_ts-808_truebypass.pdf,,service_manual,,,1
12v,https://schematicheaven.net/effects/ts9_ts10_ts808.pdf,Ibanez TS-9/10/808 Tubescreamer ts9 ts10 ts808,https://schematicheaven.net/effects/ts9_ts10_ts808.pdf,,service_manual,,,1
12w,https://schematicheaven.net/effects/ggg_marshall_bluesbreaker_overdrive.pdf,Marshall Bluesbreaker ggg marshall bluesbreaker overdrive,https://schematicheaven.net/effects/ggg_marshall_bluesbreaker_overdrive.pdf,,service_manual,,,2
12x,https://schematicheaven.net/effects/marshall_guvnor_overdrive.pdf,Marshall Guvnor marshall guvnor overdrive,https://schematicheaven.net/effects/marshall_guvnor_overdrive.pdf,,service_manual,,,1
12y,https://schematicheaven.net/effects/matchless_hotbox_overdrive.pdf,Matchless Hotbox matchless hotbox overdrive,https://schematicheaven.net/effects/matchless_hotbox_overdrive.pdf,,service_manual,,,1
12z,https://schematicheaven.net/effects/mesaboogie_vtwin.pdf,Mesaboogie V-Twin mesaboogie vtwin,https://schematicheaven.net/effects/mesaboogie_vtwin.pdf,,service_manual,,,1
13,https://schematicheaven.net/fenderamps/champ_aa764_schem.pdf,AA764 champ aa764 schem,https://schematicheaven.net/fenderamps/champ_aa764_schem.pdf,,service_manual,,,2
130,https://schematicheaven.net/effects/nobels_odr1_overdriveplus.pdf,Nobels ODR-1 Plus nobels odr1 overdriveplus,https://schematicheaven.net/effects/nobels_odr1_overdriveplus.pdf,,service_manual,,,1
131,https://schematicheaven.net/effects/nobels_odrs_overdrivespecial.pdf,Nobels ODR-Special nobels odrs overdrivespecial,https://schematicheaven.net/effects/nobels_odrs_overdrivespecial.pdf,,service_manual,,,1
132,https://schematicheaven.net/effects/pearl_overdrive.pdf,Pearl OD-05 pearl overdrive,https://schematicheaven.net/effects/pearl_overdrive.pdf,,service_manual,,,1
133,https://schematicheaven.net/effects/westbury_w20_overdrive.pdf,Wesbury W-20 westbury w20 overdrive,https://schematicheaven.net/effects/westbury_w20_overdrive.pdf,,service_manual,,,1
134,https://schematicheaven.net/effects/dod201_phase.pdf,DOD 201 dod201 phase,https://schematicheaven.net/effects/dod201_phase.pdf,,service_manual,,,1
135,https://schematicheaven.net/effects/dod595_phase.pdf,DOD 595 dod595 phase,https://schematicheaven.net/effects/dod595_phase.pdf,,service_manual,,,1
136,https://schematicheaven.net/effects/dod9081_phase.pdf,DOD 9081 dod9081 phase,https://schematicheaven.net/effects/dod9081_phase.pdf,,service_manual,,,1
137,https://schematicheaven.net/effects/dodfx20c_phase_shifter.pdf,DOD FX-20C dodfx20c phase shifter,https://schematicheaven.net/effects/dodfx20c_phase_shifter.pdf,,service_manual,,,1
138,https://schematicheaven.net/effects/eh_smallstonephaser.pdf,ElectroHarmonix Small Stone (Issue J) eh smallstonephaser,https://schematicheaven.net/effects/eh_smallstonephaser.pdf,,service_manual,,,1
139,https://schematicheaven.net/effects/eh_badstone_phase.pdf,ElectroHarmonix Bad Stone eh badstone phase,https://schematicheaven.net/effects/eh_badstone_phase.pdf,,service_manual,,,2
13a,https://schematicheaven.net/effects/ibanez_pt909_phasetone.pdf,Ibanez PT-909 Phasetone ibanez pt909 phasetone,https://schematicheaven.net/effects/ibanez_pt909_phasetone.pdf,,service_manual,,,1
13b,https://schematicheaven.net/effects/korg_phs1_phaser.pdf,Korg/Yamaha PHS-1 korg phs1 phaser,https://schematicheaven.net/effects/korg_phs1_phaser.pdf,,service_manual,,,1
13c,https://schematicheaven.net/effects/mxr_phase45.pdf,MXR Phase-45 mxr phase45,https://schematicheaven.net/effects/mxr_phase45.pdf,,service_manual,,,1
13d,https://schematicheaven.net/effects/ggg_mxr_phase_100.pdf,MXR Phase-100 ggg mxr phase 100,https://schematicheaven.net/effects/ggg_mxr_phase_100.pdf,,service_manual,,,1
13e,https://schematicheaven.net/effects/nobels_phd_phaser.pdf,Nobels PH-D nobels phd phaser,https://schematicheaven.net/effects/nobels_phd_phaser.pdf,,service_manual,,,1
13f,https://schematicheaven.net/effects/oberheim_ps1_phaser.pdf,Oberheim PS-1 oberheim ps1 phaser,https://schematicheaven.net/effects/oberheim_ps1_phaser.pdf,,service_manual,,,1
13g,https://schematicheaven.net/effects/pearl_phaser.pdf,Pearl PH-03 pearl phaser,https://schematicheaven.net/effects/pearl_phaser.pdf,,service_manual,,,1
13h,https://schematicheaven.net/effects/telray_phaser_vol_pfa_pfv.pdf,Tel-Ray/Morley PFA/PFV telray phaser vol pfa pfv,https://schematicheaven.net/effects/telray_phaser_vol_pfa_pfv.pdf,,service_manual,,,1
13i,https://schematicheaven.net/effects/univox_microfazer.pdf,Univox Micro-Fazer univox microfazer,https://schematicheaven.net/effects/univox_microfazer.pdf,,service_manual,,,2
13j,https://schematicheaven.net/effects/vox_1900_phaser.pdf,Vox 1900 vox 1900 phaser,https://schematicheaven.net/effects/vox_1900_phaser.pdf,,service_manual,,,1
13k,https://schematicheaven.net/effects/ggg_anderton_stage_center_reverb.pdf,Anderton Stage Center Reverb ggg anderton stage center reverb,https://schematicheaven.net/effects/ggg_anderton_stage_center_reverb.pdf,,service_manual,,,1
13l,https://schematicheaven.net/effects/danelectro_reverb_9100.pdf,Danelectro 9100 Reverb Unit danelectro reverb 9100,https://schematicheaven.net/effects/danelectro_reverb_9100.pdf,,service_manual,,,1
13m,https://schematicheaven.net/effects/premier_90_reverbunit.pdf,Premier/Multivox M-90 Reverb Unit premier 90 reverbunit,https://schematicheaven.net/effects/premier_90_reverbunit.pdf,,service_manual,,,2
13n,https://schematicheaven.net/effects/supro_reverb.pdf,Supro Reverb Unit supro reverb,https://schematicheaven.net/effects/supro_reverb.pdf,,service_manual,,,1
13o,https://schematicheaven.net/effects/ggg_danarmstrong_greenringer.pdf,Dan Armstrong Green Ringer ggg danarmstrong greenringer,https://schematicheaven.net/effects/ggg_danarmstrong_greenringer.pdf,,service_manual,,,1
13p,https://schematicheaven.net/effects/ggg_jen_hf_modulator.pdf,Gretsch Playboy HF Modulator ggg jen hf modulator,https://schematicheaven.net/effects/ggg_jen_hf_modulator.pdf,,service_manual,,,1
13q,https://schematicheaven.net/effects/maestro_ringmodulator.pdf,Maestro RingModulator maestro ringmodulator,https://schematicheaven.net/effects/maestro_ringmodulator.pdf,,service_manual,,,1
13r,https://schematicheaven.net/effects/boss_rsd10_sampler_delay.pdf,Boss RSD-10 Sample/Delay boss rsd10 sampler delay,https://schematicheaven.net/effects/boss_rsd10_sampler_delay.pdf,,service_manual,,,1
13s,https://schematicheaven.net/effects/ibanez_ls10_loopselector.pdf,Ibanez LS-10 Loop Selector ibanez ls10 loopselector,https://schematicheaven.net/effects/ibanez_ls10_loopselector.pdf,,service_manual,,,1
13t,https://schematicheaven.net/effects/ggg_maestro_filtersamplehold_fsh-1a.pdf,Maestro FSH-1A FilterSample-N-Hold ggg maestro filtersamplehold fsh-1a,https://schematicheaven.net/effects/ggg_maestro_filtersamplehold_fsh-1a.pdf,,service_manual,,,1
13u,https://schematicheaven.net/effects/colorsound_supasustain.pdf,Colorsound SupaStain colorsound supasustain,https://schematicheaven.net/effects/colorsound_supasustain.pdf,,service_manual,,,1
13v,https://schematicheaven.net/effects/boss_tr2_tremolo.pdf,Boss TR-2 boss tr2 tremolo,https://schematicheaven.net/effects/boss_tr2_tremolo.pdf,,service_manual,,,1
13w,https://schematicheaven.net/effects/kay_tremolo.pdf,Kay T-1 Tremolo kay tremolo,https://schematicheaven.net/effects/kay_tremolo.pdf,,service_manual,,,1
13x,https://schematicheaven.net/effects/matchless_vibrobox_trem.pdf,Matchless Vibrobox matchless vibrobox trem,https://schematicheaven.net/effects/matchless_vibrobox_trem.pdf,,service_manual,,,1
13y,https://schematicheaven.net/effects/60-70_wahs_LAH.pdf,60-70's Wah Variations 60-70 wahs LAH,https://schematicheaven.net/effects/60-70_wahs_LAH.pdf,,service_manual,,,1
13z,https://schematicheaven.net/effects/colorsound_chuckawah_fet.pdf,Colorsound ChuckaWah-FET colorsound chuckawah fet,https://schematicheaven.net/effects/colorsound_chuckawah_fet.pdf,,service_manual,,,1
14,https://schematicheaven.net/fenderamps/champ_12_schem.pdf,Champ 12 champ 12 schem,https://schematicheaven.net/fenderamps/champ_12_schem.pdf,,service_manual,,,1
140,https://schematicheaven.net/effects/dallasarbiter_fuzzwah_face.pdf,DallasArbiter FuzzWahFace dallasarbiter fuzzwah face,https://schematicheaven.net/effects/dallasarbiter_fuzzwah_face.pdf,,service_manual,,,2
141,https://schematicheaven.net/effects/dunlop_orig_wah_LAH.pdf,Dunlop Crybaby Original dunlop orig wah LAH,https://schematicheaven.net/effects/dunlop_orig_wah_LAH.pdf,,service_manual,,,1
142,https://schematicheaven.net/effects/eh_wah.pdf,ElectroHarmonix Wah eh wah,https://schematicheaven.net/effects/eh_wah.pdf,,service_manual,,,1
143,https://schematicheaven.net/effects/fender_fuzz-wah-pedal.pdf,Fender Fuzz/Wah fender fuzz-wah-pedal,https://schematicheaven.net/effects/fender_fuzz-wah-pedal.pdf,,service_manual,,,1
144,https://schematicheaven.net/effects/ibanez_wh10_wah.pdf,Ibanez WH-10 ibanez wh10 wah,https://schematicheaven.net/effects/ibanez_wh10_wah.pdf,,service_manual,,,1
145,https://schematicheaven.net/effects/morley_switchless_wah_vai.pdf,Morley Switchless Wah morley switchless wah vai,https://schematicheaven.net/effects/morley_switchless_wah_vai.pdf,,service_manual,,,1
146,https://schematicheaven.net/effects/roland_doublebeat.pdf,Roland Doublebeat roland doublebeat,https://schematicheaven.net/effects/roland_doublebeat.pdf,,service_manual,,,1
147,https://schematicheaven.net/effects/telray_pikawah_pkw.pdf,Tel-Ray/Morley PKW Pikawah telray pikawah pkw,https://schematicheaven.net/effects/telray_pikawah_pkw.pdf,,service_manual,,,1
148,https://schematicheaven.net/effects/telray_wahfuzz_pwf.pdf,Tel-Ray/Morley PWF Wah/fuzz telray wahfuzz pwf,https://schematicheaven.net/effects/telray_wahfuzz_pwf.pdf,,service_manual,,,1
149,https://schematicheaven.net/effects/teltray_wahboost_pwb.pdf,Tel-Ray/Morley PWB Wah/boost teltray wahboost pwb,https://schematicheaven.net/effects/teltray_wahboost_pwb.pdf,,service_manual,,,1
14a,https://schematicheaven.net/effects/telray_wah_vol_wvo.pdf,Tel-Ray/Morley WVO Wah/Vol telray wah vol wvo,https://schematicheaven.net/effects/telray_wah_vol_wvo.pdf,,service_manual,,,1
14b,https://schematicheaven.net/effects/vox_1904_wah.pdf,Vox 1904 vox 1904 wah,https://schematicheaven.net/effects/vox_1904_wah.pdf,,service_manual,,,1
14c,https://schematicheaven.net/effects/vox_v846_wah_1967.pdf,Vox 847 1967 vox v846 wah 1967,https://schematicheaven.net/effects/vox_v846_wah_1967.pdf,,service_manual,,,2
14d,https://schematicheaven.net/effects/vox_847_1980_LAH.pdf,Vox 847 Original vox 847 1980 LAH,https://schematicheaven.net/effects/vox_847_1980_LAH.pdf,,service_manual,,,1
14e,https://schematicheaven.net/effects/vox_clyde_mccoy_wah.pdf,Vox Clyde McCoy V-847 vox clyde mccoy wah,https://schematicheaven.net/effects/vox_clyde_mccoy_wah.pdf,,service_manual,,,1
14f,https://schematicheaven.net/effects/vox_v847_wah_ri.pdf,Vox V-847 Reissue vox v847 wah ri,https://schematicheaven.net/effects/vox_v847_wah_ri.pdf,,service_manual,,,1
14g,https://schematicheaven.net/effects/vox_847_wah_LAH.pdf,Vox V-847 RI w True Bypass vox 847 wah LAH,https://schematicheaven.net/effects/vox_847_wah_LAH.pdf,,service_manual,,,1
14h,https://schematicheaven.net/effects/boss_tm3_speakersimulator.pdf,Boss TM-3 Speaker Simulator boss tm3 speakersimulator,https://schematicheaven.net/effects/boss_tm3_speakersimulator.pdf,,service_manual,,,1
14i,https://schematicheaven.net/effects/boss_ac2_acousticsimulator.pdf,Boss AC-2 Acoustic Simulator boss ac2 acousticsimulator,https://schematicheaven.net/effects/boss_ac2_acousticsimulator.pdf,,service_manual,,,1
14j,https://schematicheaven.net/effects/boss_fa1_fet_amp.pdf,Boss FA-1 FET Amp boss fa1 fet amp,https://schematicheaven.net/effects/boss_fa1_fet_amp.pdf,,service_manual,,,1
14k,https://schematicheaven.net/effects/ibanez_st810_stereopan.pdf,Ibanez ST-810 Stereo Pan ibanez st810 stereopan,https://schematicheaven.net/effects/ibanez_st810_stereopan.pdf,,service_manual,,,1
14l,https://schematicheaven.net/effects/telray_fastune.pdf,Tel-Ray/Morley Fastune Tuner telray fastune,https://schematicheaven.net/effects/telray_fastune.pdf,,service_manual,,,1
15,https://schematicheaven.net/fenderamps/champ_25_se.pdf,Champ 25 champ 25 se,https://schematicheaven.net/fenderamps/champ_25_se.pdf,,service_manual,,,8
16,https://schematicheaven.net/fenderamps/champ_super.pdf,Super Champ champ super,https://schematicheaven.net/fenderamps/champ_super.pdf,,service_manual,,,1
17,https://schematicheaven.net/fenderamps/champ_vibro_aa764_schem.pdf,AA764 champ vibro aa764 schem,https://schematicheaven.net/fenderamps/champ_vibro_aa764_schem.pdf,,service_manual,,,2
18,https://schematicheaven.net/fenderamps/fender_vibrochamp_ab764.pdf,AB764 fender vibrochamp ab764,https://schematicheaven.net/fenderamps/fender_vibrochamp_ab764.pdf,,service_manual,,,2
19,https://schematicheaven.net/fenderamps/concert_6g12_schem.pdf,6G12 concert 6g12 schem,https://schematicheaven.net/fenderamps/concert_6g12_schem.pdf,,service_manual,,,2
1a,https://schematicheaven.net/fenderamps/concert_6g12a_schem.pdf,6G12-A concert 6g12a schem,https://schematicheaven.net/fenderamps/concert_6g12a_schem.pdf,,service_manual,,,2
1b,https://schematicheaven.net/fenderamps/concert_aa763.pdf,AA763 concert aa763,https://schematicheaven.net/fenderamps/concert_aa763.pdf,,service_manual,,,2
1c,https://schematicheaven.net/fenderamps/fender_concert_ab763.pdf,AB763 fender concert ab763,https://schematicheaven.net/fenderamps/fender_concert_ab763.pdf,,service_manual,,,1
1d,https://schematicheaven.net/fenderamps/concert_ii_83.pdf,Concert-II 1983 concert ii 83,https://schematicheaven.net/fenderamps/concert_ii_83.pdf,,service_manual,,,2
1e,https://schematicheaven.net/fenderamps/deluxe_5a3_schem.pdf,5A3 deluxe 5a3 schem,https://schematicheaven.net/fenderamps/deluxe_5a3_schem.pdf,,service_manual,,,1
1f,https://schematicheaven.net/fenderamps/deluxe_5b3_schem.pdf,5B3 deluxe 5b3 schem,https://schematicheaven.net/fenderamps/deluxe_5b3_schem.pdf,,service_manual,,,2
1g,https://schematicheaven.net/fenderamps/deluxe_5c3_schem.pdf,5C3 deluxe 5c3 schem,https://schematicheaven.net/fenderamps/deluxe_5c3_schem.pdf,,service_manual,,,2
1h,https://schematicheaven.net/fenderamps/deluxe_5d3_schem.pdf,5D3 deluxe 5d3 schem,https://schematicheaven.net/fenderamps/deluxe_5d3_schem.pdf,,service_manual,,,2
1i,https://schematicheaven.net/fenderamps/deluxe_5e3_schem.pdf,5E3 deluxe 5e3 schem,https://schematicheaven.net/fenderamps/deluxe_5e3_schem.pdf,,service_manual,,,2
1j,https://schematicheaven.net/fenderamps/deluxe_5e3a_layout.pdf,5E3-A Layout Only deluxe 5e3a layout,https://schematicheaven.net/fenderamps/deluxe_5e3a_layout.pdf,,service_manual,,,1
1k,https://schematicheaven.net/fenderamps/deluxe_6g3_schem.pdf,6G3 deluxe 6g3 schem,https://schematicheaven.net/fenderamps/deluxe_6g3_schem.pdf,,service_manual,,,2
1l,https://schematicheaven.net/fenderamps/fender_deluxe_aa763.pdf,AA763 fender deluxe aa763,https://schematicheaven.net/fenderamps/fender_deluxe_aa763.pdf,,service_manual,,,2
1m,https://schematicheaven.net/fenderamps/deluxe_ab763_schem.pdf,AB763 deluxe ab763 schem,https://schematicheaven.net/fenderamps/deluxe_ab763_schem.pdf,,service_manual,,,2
1n,https://schematicheaven.net/fenderamps/deluxe_reverb_aa763_schem.pdf,AA763 deluxe reverb aa763 schem,https://schematicheaven.net/fenderamps/deluxe_reverb_aa763_schem.pdf,,service_manual,,,2
1o,https://schematicheaven.net/fenderamps/deluxe_reverb_ab763_schem.pdf,AB763 deluxe reverb ab763 schem,https://schematicheaven.net/fenderamps/deluxe_reverb_ab763_schem.pdf,,service_manual,,,2
1p,https://schematicheaven.net/fenderamps/deluxereverb_ab868_schem.pdf,AB868 deluxereverb ab868 schem,https://schematicheaven.net/fenderamps/deluxereverb_ab868_schem.pdf,,service_manual,,,1
1q,https://schematicheaven.net/fenderamps/fender_deluxereverb_a1172.pdf,A1172 fender deluxereverb a1172,https://schematicheaven.net/fenderamps/fender_deluxereverb_a1172.pdf,,service_manual,,,1
1r,https://schematicheaven.net/fenderamps/fender_deluxereverb_a1270_schem.pdf,A1270 fender deluxereverb a1270 schem,https://schematicheaven.net/fenderamps/fender_deluxereverb_a1270_schem.pdf,,service_manual,,,1
1s,https://schematicheaven.net/fenderamps/deluxe_reverb_boost_schem.pdf,CBS 77-79 Vol/Boost deluxe reverb boost schem,https://schematicheaven.net/fenderamps/deluxe_reverb_boost_schem.pdf,,service_manual,,,1
1t,https://schematicheaven.net/fenderamps/deluxereverb_II.pdf,Deluxe Reverb II deluxereverb II,https://schematicheaven.net/fenderamps/deluxereverb_II.pdf,,service_manual,,,2
1u,https://schematicheaven.net/fenderamps/harvard_6g10_schem.pdf,6G10 harvard 6g10 schem,https://schematicheaven.net/fenderamps/harvard_6g10_schem.pdf,,service_manual,,,1
1v,https://schematicheaven.net/fenderamps/musicmaster_bass_schem.pdf,CFA-7010 musicmaster bass schem,https://schematicheaven.net/fenderamps/musicmaster_bass_schem.pdf,,service_manual,,,1
1w,https://schematicheaven.net/fenderamps/pa100.pdf,PA100 pa100,https://schematicheaven.net/fenderamps/pa100.pdf,,service_manual,,,2
1x,https://schematicheaven.net/fenderamps/pa100rev.pdf,PA100 w/ rev sw pa100rev,https://schematicheaven.net/fenderamps/pa100rev.pdf,,service_manual,,,2
1y,https://schematicheaven.net/fenderamps/pa135.pdf,PA135 pa135,https://schematicheaven.net/fenderamps/pa135.pdf,,service_manual,,,1
1z,https://schematicheaven.net/fenderamps/princeton_5b2_schem.pdf,5B2 princeton 5b2 schem,https://schematicheaven.net/fenderamps/princeton_5b2_schem.pdf,,service_manual,,,1
2,https://schematicheaven.net/fenderamps/fender_140_schem.pdf,140 fender 140 schem,https://schematicheaven.net/fenderamps/fender_140_schem.pdf,,service_manual,,,1
20,https://schematicheaven.net/fenderamps/princeton_5d2_schem.pdf,5D2 princeton 5d2 schem,https://schematicheaven.net/fenderamps/princeton_5d2_schem.pdf,,service_manual,,,2
21,https://schematicheaven.net/fenderamps/princeton_5e2_schem.pdf,5E2 princeton 5e2 schem,https://schematicheaven.net/fenderamps/princeton_5e2_schem.pdf,,service_manual,,,2
22,https://schematicheaven.net/fenderamps/princeton_5f2_schem.pdf,5F2 princeton 5f2 schem,https://schematicheaven.net/fenderamps/princeton_5f2_schem.pdf,,service_manual,,,2
23,https://schematicheaven.net/fenderamps/princeton_5f2a_schem.pdf,5F2-A princeton 5f2a schem,https://schematicheaven.net/fenderamps/princeton_5f2a_schem.pdf,,service_manual,,,2
24,https://schematicheaven.net/fenderamps/princeton_6g2_schem.pdf,6G2 princeton 6g2 schem,https://schematicheaven.net/fenderamps/princeton_6g2_schem.pdf,,service_manual,,,2
25,https://schematicheaven.net/fenderamps/princeton_aa964_schem.pdf,AA964 princeton aa964 schem,https://schematicheaven.net/fenderamps/princeton_aa964_schem.pdf,,service_manual,,,2
26,https://schematicheaven.net/fenderamps/princeton.pdf,CBS Princeton princeton,https://schematicheaven.net/fenderamps/princeton.pdf,,service_manual,,,1
27,https://schematicheaven.net/fenderamps/princeton_rev_gz34_aa1164.pdf,AA1164 (GZ34) princeton rev gz34 aa1164,https://schematicheaven.net/fenderamps/princeton_rev_gz34_aa1164.pdf,,service_manual,,,2
28,https://schematicheaven.net/fenderamps/princeton_reverb_aa1164_schem.pdf,AA1164 (5U4GB) princeton reverb aa1164 schem,https://schematicheaven.net/fenderamps/princeton_reverb_aa1164_schem.pdf,,service_manual,,,2
29,https://schematicheaven.net/fenderamps/princetonreverb_b1270_schem.pdf,B1270 princetonreverb b1270 schem,https://schematicheaven.net/fenderamps/princetonreverb_b1270_schem.pdf,,service_manual,,,1
2a,https://schematicheaven.net/fenderamps/princeton_rev_boostpedal.pdf,78-79 Vol/Boost princeton rev boostpedal,https://schematicheaven.net/fenderamps/princeton_rev_boostpedal.pdf,,service_manual,,,1
2b,https://schematicheaven.net/fenderamps/1946_pro.pdf,Woodie Pro 1946 1946 pro,https://schematicheaven.net/fenderamps/1946_pro.pdf,,service_manual,,,1
2c,https://schematicheaven.net/fenderamps/pro_5b5_schem.pdf,5B5 pro 5b5 schem,https://schematicheaven.net/fenderamps/pro_5b5_schem.pdf,,service_manual,,,1
2d,https://schematicheaven.net/fenderamps/pro_5c5_schem.pdf,5C5 pro 5c5 schem,https://schematicheaven.net/fenderamps/pro_5c5_schem.pdf,,service_manual,,,2
2e,https://schematicheaven.net/fenderamps/pro_5d5_schem.pdf,5D5 pro 5d5 schem,https://schematicheaven.net/fenderamps/pro_5d5_schem.pdf,,service_manual,,,2
2f,https://schematicheaven.net/fenderamps/pro_5e5_schem.pdf,5E5 pro 5e5 schem,https://schematicheaven.net/fenderamps/pro_5e5_schem.pdf,,service_manual,,,2
2g,https://schematicheaven.net/fenderamps/pro_5e5a_schem.pdf,5E5-A pro 5e5a schem,https://schematicheaven.net/fenderamps/pro_5e5a_schem.pdf,,service_manual,,,2
2h,https://schematicheaven.net/fenderamps/pro_6g5_schem.pdf,6G5 pro 6g5 schem,https://schematicheaven.net/fenderamps/pro_6g5_schem.pdf,,service_manual,,,2
2i,https://schematicheaven.net/fenderamps/pro_6g5a_schem.pdf,6G5-A pro 6g5a schem,https://schematicheaven.net/fenderamps/pro_6g5a_schem.pdf,,service_manual,,,2
2j,https://schematicheaven.net/fenderamps/pro_aa763_schem.pdf,AA763 pro aa763 schem,https://schematicheaven.net/fenderamps/pro_aa763_schem.pdf,,service_manual,,,2
2k,https://schematicheaven.net/fenderamps/pro_ab763_schem.pdf,AB763 pro ab763 schem,https://schematicheaven.net/fenderamps/pro_ab763_schem.pdf,,service_manual,,,2
2l,https://schematicheaven.net/fenderamps/pro_reverb_aa165_schem.pdf,AA165 pro reverb aa165 schem,https://schematicheaven.net/fenderamps/pro_reverb_aa165_schem.pdf,,service_manual,,,2
2m,https://schematicheaven.net/fenderamps/proreverb_aa270_schem.pdf,AA270 proreverb aa270 schem,https://schematicheaven.net/fenderamps/proreverb_aa270_schem.pdf,,service_manual,,,1
2n,https://schematicheaven.net/fenderamps/proreverb_aa1009_schem.pdf,AA1009 proreverb aa1009 schem,https://schematicheaven.net/fenderamps/proreverb_aa1009_schem.pdf,,service_manual,,,1
2o,https://schematicheaven.net/fenderamps/pro_reverb_aa1069_schem.pdf,AA1069 pro reverb aa1069 schem,https://schematicheaven.net/fenderamps/pro_reverb_aa1069_schem.pdf,,service_manual,,,2
2p,https://schematicheaven.net/fenderamps/proreverb_ab668_schem.pdf,AB668 proreverb ab668 schem,https://schematicheaven.net/fenderamps/proreverb_ab668_schem.pdf,,service_manual,,,1
2q,https://schematicheaven.net/fenderamps/fender_ultralinear_pro_rev.pdf,Ultralinear fender ultralinear pro rev,https://schematicheaven.net/fenderamps/fender_ultralinear_pro_rev.pdf,,service_manual,,,1
2r,https://schematicheaven.net/fenderamps/ps160.pdf,PS160 ps160,https://schematicheaven.net/fenderamps/ps160.pdf,,service_manual,,,1
2s,https://schematicheaven.net/fenderamps/ps300.pdf,PS300 ps300,https://schematicheaven.net/fenderamps/ps300.pdf,,service_manual,,,1
2t,https://schematicheaven.net/fenderamps/400ps.pdf,PS400 400ps,https://schematicheaven.net/fenderamps/400ps.pdf,,service_manual,,,1
2u,https://schematicheaven.net/fenderamps/fender_quadreverb_100w_nomstrvol.pdf,100W fender quadreverb 100w nomstrvol,https://schematicheaven.net/fenderamps/fender_quadreverb_100w_nomstrvol.pdf,,service_manual,,,1
2v,https://schematicheaven.net/fenderamps/twin_reverb_sf_100_schem.pdf,100W Master Vol. twin reverb sf 100 schem,https://schematicheaven.net/fenderamps/twin_reverb_sf_100_schem.pdf,,service_manual,,,2
2w,https://schematicheaven.net/fenderamps/twin_reverb_sf_135_schem.pdf,135W Ultralinear twin reverb sf 135 schem,https://schematicheaven.net/fenderamps/twin_reverb_sf_135_schem.pdf,,service_manual,,,1
2x,https://schematicheaven.net/fenderamps/reverb_6g15_schem.pdf,6G15 reverb 6g15 schem,https://schematicheaven.net/fenderamps/reverb_6g15_schem.pdf,,service_manual,,,2
2y,https://schematicheaven.net/fenderamps/showman_6g14_schem.pdf,6G14 showman 6g14 schem,https://schematicheaven.net/fenderamps/showman_6g14_schem.pdf,,service_manual,,,2
2z,https://schematicheaven.net/fenderamps/showman_6g14a.pdf,6G14-A showman 6g14a,https://schematicheaven.net/fenderamps/showman_6g14a.pdf,,service_manual,,,4
3,https://schematicheaven.net/fenderamps/bandmaster_5e7_schem.pdf,5E7 bandmaster 5e7 schem,https://schematicheaven.net/fenderamps/bandmaster_5e7_schem.pdf,,service_manual,,,2
30,https://schematicheaven.net/fenderamps/showman_aa763_schem.pdf,AA763 showman aa763 schem,https://schematicheaven.net/fenderamps/showman_aa763_schem.pdf,,service_manual,,,2
31,https://schematicheaven.net/fenderamps/showman_ab763_schem.pdf,AB763 showman ab763 schem,https://schematicheaven.net/fenderamps/showman_ab763_schem.pdf,,service_manual,,,2
32,https://schematicheaven.net/fenderamps/fender_single_showman_ab568.pdf,AB568 fender single showman ab568,https://schematicheaven.net/fenderamps/fender_single_showman_ab568.pdf,,service_manual,,,1
33,https://schematicheaven.net/fenderamps/showman_ac568_schem.pdf,AC568 showman ac568 schem,https://schematicheaven.net/fenderamps/showman_ac568_schem.pdf,,service_manual,,,1
34,https://schematicheaven.net/fenderamps/dualshowmanreverb_aa270_schem.pdf,AA270 dualshowmanreverb aa270 schem,https://schematicheaven.net/fenderamps/dualshowmanreverb_aa270_schem.pdf,,service_manual,,,1
35,https://schematicheaven.net/fenderamps/showmanreverb_aa768_schem.pdf,AA768 showmanreverb aa768 schem,https://schematicheaven.net/fenderamps/showmanreverb_aa768_schem.pdf,,service_manual,,,1
36,https://schematicheaven.net/fenderamps/dualshowmanreverb_aa769_schem.pdf,AA769 dualshowmanreverb aa769 schem,https://schematicheaven.net/fenderamps/dualshowmanreverb_aa769_schem.pdf,,service_manual,,,1
37,https://schematicheaven.net/fenderamps/fender_86redknob_dualshowman_schem.pdf,TFL5000 (Red Knob) fender 86redknob dualshowman schem,https://schematicheaven.net/fenderamps/fender_86redknob_dualshowman_schem.pdf,,service_manual,,,1
38,https://schematicheaven.net/fenderamps/studio_bass_200w_schem.pdf,Bass 200w studio bass 200w schem,https://schematicheaven.net/fenderamps/studio_bass_200w_schem.pdf,,service_manual,,,1
39,https://schematicheaven.net/fenderamps/super_5b4_LAYOUT.pdf,5B4 Layout-Only super 5b4 LAYOUT,https://schematicheaven.net/fenderamps/super_5b4_LAYOUT.pdf,,service_manual,,,1
3a,https://schematicheaven.net/fenderamps/super_5c4_schem.pdf,5C4 super 5c4 schem,https://schematicheaven.net/fenderamps/super_5c4_schem.pdf,,service_manual,,,2
3b,https://schematicheaven.net/fenderamps/super_5d4_schem.pdf,5D4 super 5d4 schem,https://schematicheaven.net/fenderamps/super_5d4_schem.pdf,,service_manual,,,2
3c,https://schematicheaven.net/fenderamps/super5e4_g-ee.pdf,5E4 super5e4 g-ee,https://schematicheaven.net/fenderamps/super5e4_g-ee.pdf,,service_manual,,,2
3d,https://schematicheaven.net/fenderamps/super_5e4a_schem.pdf,5E4-A super 5e4a schem,https://schematicheaven.net/fenderamps/super_5e4a_schem.pdf,,service_manual,,,2
3e,https://schematicheaven.net/fenderamps/super_5f4_schem.pdf,5F4 super 5f4 schem,https://schematicheaven.net/fenderamps/super_5f4_schem.pdf,,service_manual,,,2
3f,https://schematicheaven.net/fenderamps/super_6g4_schem.pdf,6G4 super 6g4 schem,https://schematicheaven.net/fenderamps/super_6g4_schem.pdf,,service_manual,,,2
3g,https://schematicheaven.net/fenderamps/super_6g4a_schem.pdf,6G4-A super 6g4a schem,https://schematicheaven.net/fenderamps/super_6g4a_schem.pdf,,service_manual,,,2
3h,https://schematicheaven.net/fenderamps/super_60_rack.pdf,Super 60 super 60 rack,https://schematicheaven.net/fenderamps/super_60_rack.pdf,,service_manual,,,1
3i,https://schematicheaven.net/fenderamps/super_reverb_aa763_schem.pdf,AA763 super reverb aa763 schem,https://schematicheaven.net/fenderamps/super_reverb_aa763_schem.pdf,,service_manual,,,2
3j,https://schematicheaven.net/fenderamps/super_reverb_ab763_schem.pdf,AB763 super reverb ab763 schem,https://schematicheaven.net/fenderamps/super_reverb_ab763_schem.pdf,,service_manual,,,4
3k,https://schematicheaven.net/fenderamps/super_reverb_ab568_schem.pdf,AB568 super reverb ab568 schem,https://schematicheaven.net/fenderamps/super_reverb_ab568_schem.pdf,,service_manual,,,2
3l,https://schematicheaven.net/fenderamps/super_reverb_aa1069_schem.pdf,AA1069 super reverb aa1069 schem,https://schematicheaven.net/fenderamps/super_reverb_aa1069_schem.pdf,,service_manual,,,2
3m,https://schematicheaven.net/fenderamps/super_reverb_aa270_schem.pdf,AA270 super reverb aa270 schem,https://schematicheaven.net/fenderamps/super_reverb_aa270_schem.pdf,,service_manual,,,2
3n,https://schematicheaven.net/fenderamps/super_twin_180w_schem.pdf,CBS 180w super twin 180w schem,https://schematicheaven.net/fenderamps/super_twin_180w_schem.pdf,,service_manual,,,1
3o,https://schematicheaven.net/fenderamps/super_twin_reverb_180w_schem.pdf,CBS 180w super twin reverb 180w schem,https://schematicheaven.net/fenderamps/super_twin_reverb_180w_schem.pdf,,service_manual,,,1
3p,https://schematicheaven.net/fenderamps/tremolux_5e9a_schem.pdf,5E9-A tremolux 5e9a schem,https://schematicheaven.net/fenderamps/tremolux_5e9a_schem.pdf,,service_manual,,,2
3q,https://schematicheaven.net/fenderamps/tremolux_5g9_schem.pdf,5G9 tremolux 5g9 schem,https://schematicheaven.net/fenderamps/tremolux_5g9_schem.pdf,,service_manual,,,2
3r,https://schematicheaven.net/fenderamps/tremolux_6g9_d-fa.pdf,6G9 tremolux 6g9 d-fa,https://schematicheaven.net/fenderamps/tremolux_6g9_d-fa.pdf,,service_manual,,,2
3s,https://schematicheaven.net/fenderamps/tremolux_6g9a_h-fa.pdf,6G9-A tremolux 6g9a h-fa,https://schematicheaven.net/fenderamps/tremolux_6g9a_h-fa.pdf,,service_manual,,,2
3t,https://schematicheaven.net/fenderamps/tremolux_6g9b_schem.pdf,6G9-B tremolux 6g9b schem,https://schematicheaven.net/fenderamps/tremolux_6g9b_schem.pdf,,service_manual,,,2
3u,https://schematicheaven.net/fenderamps/tremolux_aa763_schem.pdf,AA763 tremolux aa763 schem,https://schematicheaven.net/fenderamps/tremolux_aa763_schem.pdf,,service_manual,,,2
3v,https://schematicheaven.net/fenderamps/tremolux_ab763_schem.pdf,AB763 tremolux ab763 schem,https://schematicheaven.net/fenderamps/tremolux_ab763_schem.pdf,,service_manual,,,2
3w,https://schematicheaven.net/fenderamps/twin_5c8_schem.pdf,5C8 twin 5c8 schem,https://schematicheaven.net/fenderamps/twin_5c8_schem.pdf,,service_manual,,,2
3x,https://schematicheaven.net/fenderamps/twin_5d8_schem.pdf,5D8 twin 5d8 schem,https://schematicheaven.net/fenderamps/twin_5d8_schem.pdf,,service_manual,,,2
3y,https://schematicheaven.net/fenderamps/twin_5e8.pdf,5E8 twin 5e8,https://schematicheaven.net/fenderamps/twin_5e8.pdf,,service_manual,,,2
3z,https://schematicheaven.net/fenderamps/twin_5e8a_schem.pdf,5E8-A twin 5e8a schem,https://schematicheaven.net/fenderamps/twin_5e8a_schem.pdf,,service_manual,,,2
4,https://schematicheaven.net/fenderamps/bandmaster_6g7_schem.pdf,6G7 bandmaster 6g7 schem,https://schematicheaven.net/fenderamps/bandmaster_6g7_schem.pdf,,service_manual,,,2
40,https://schematicheaven.net/fenderamps/twin_5f8_schem.pdf,5F8 twin 5f8 schem,https://schematicheaven.net/fenderamps/twin_5f8_schem.pdf,,service_manual,,,2
41,https://schematicheaven.net/fenderamps/twin_5f8a_schem.pdf,5F8-A twin 5f8a schem,https://schematicheaven.net/fenderamps/twin_5f8a_schem.pdf,,service_manual,,,2
42,https://schematicheaven.net/fenderamps/twin_6g8_schem.pdf,6G8 twin 6g8 schem,https://schematicheaven.net/fenderamps/twin_6g8_schem.pdf,,service_manual,,,2
43,https://schematicheaven.net/fenderamps/twin_reverb_ab763_schem.pdf,AB763 twin reverb ab763 schem,https://schematicheaven.net/fenderamps/twin_reverb_ab763_schem.pdf,,service_manual,,,2
44,https://schematicheaven.net/fenderamps/twin_reverb_aa769_schem.pdf,AA769 twin reverb aa769 schem,https://schematicheaven.net/fenderamps/twin_reverb_aa769_schem.pdf,,service_manual,,,2
45,https://schematicheaven.net/fenderamps/twin_reverb_aa270_schem.pdf,AA270 twin reverb aa270 schem,https://schematicheaven.net/fenderamps/twin_reverb_aa270_schem.pdf,,service_manual,,,2
46,https://schematicheaven.net/fenderamps/twinreverb_ac568_schem.pdf,AC568 twinreverb ac568 schem,https://schematicheaven.net/fenderamps/twinreverb_ac568_schem.pdf,,service_manual,,,1
47,https://schematicheaven.net/fenderamps/twin_rev_II.pdf,Twin Reverb II twin rev II,https://schematicheaven.net/fenderamps/twin_rev_II.pdf,,service_manual,,,2
48,https://schematicheaven.net/fenderamps/the_twin.pdf,The Twin (Red Knob_ the twin,https://schematicheaven.net/fenderamps/the_twin.pdf,,service_manual,,,1
49,https://schematicheaven.net/fenderamps/vibrasonic_6g13a_schem.pdf,6G13-A vibrasonic 6g13a schem,https://schematicheaven.net/fenderamps/vibrasonic_6g13a_schem.pdf,,service_manual,,,2
4a,https://schematicheaven.net/fenderamps/vibrolux_5e11_schem.pdf,5E11 vibrolux 5e11 schem,https://schematicheaven.net/fenderamps/vibrolux_5e11_schem.pdf,,service_manual,,,2
4b,https://schematicheaven.net/fenderamps/vibrolux_5f11_schem.pdf,5F11 vibrolux 5f11 schem,https://schematicheaven.net/fenderamps/vibrolux_5f11_schem.pdf,,service_manual,,,2
4c,https://schematicheaven.net/fenderamps/vibrolux_6g11_schem.pdf,6G11 vibrolux 6g11 schem,https://schematicheaven.net/fenderamps/vibrolux_6g11_schem.pdf,,service_manual,,,2
4d,https://schematicheaven.net/fenderamps/fender_vibrolux_6g11-a.pdf,6G11-A fender vibrolux 6g11-a,https://schematicheaven.net/fenderamps/fender_vibrolux_6g11-a.pdf,,service_manual,,,2
4e,https://schematicheaven.net/fenderamps/vibrolux_aa763.pdf,AA763 vibrolux aa763,https://schematicheaven.net/fenderamps/vibrolux_aa763.pdf,,service_manual,,,2
4f,https://schematicheaven.net/fenderamps/vibrolux_ab763_schem.pdf,AB763 vibrolux ab763 schem,https://schematicheaven.net/fenderamps/vibrolux_ab763_schem.pdf,,service_manual,,,1
4g,https://schematicheaven.net/fenderamps/vibrolux_reverb_aa270_schem.pdf,AA270 vibrolux reverb aa270 schem,https://schematicheaven.net/fenderamps/vibrolux_reverb_aa270_schem.pdf,,service_manual,,,2
4h,https://schematicheaven.net/fenderamps/vibroluxreverb_aa964_schem.pdf,AA964 vibroluxreverb aa964 schem,https://schematicheaven.net/fenderamps/vibroluxreverb_aa964_schem.pdf,,service_manual,,,2
4i,https://schematicheaven.net/fenderamps/vibroluxreverb_ab568_schem.pdf,AB568 vibroluxreverb ab568 schem,https://schematicheaven.net/fenderamps/vibroluxreverb_ab568_schem.pdf,,service_manual,,,2
4j,https://schematicheaven.net/fenderamps/vibroverb_6g16_schem.pdf,6G16 vibroverb 6g16 schem,https://schematicheaven.net/fenderamps/vibroverb_6g16_schem.pdf,,service_manual,,,5
4k,https://schematicheaven.net/fenderamps/vibroverb_aa763_schem.pdf,AA763 vibroverb aa763 schem,https://schematicheaven.net/fenderamps/vibroverb_aa763_schem.pdf,,service_manual,,,2
4l,https://schematicheaven.net/fenderamps/vibroverb_ab763_schem.pdf,AB763 vibroverb ab763 schem,https://schematicheaven.net/fenderamps/vibroverb_ab763_schem.pdf,,service_manual,,,2
4m,https://schematicheaven.net/fenderamps/white_model80.pdf,Model 80 white model80,https://schematicheaven.net/fenderamps/white_model80.pdf,,service_manual,,,1
4n,https://schematicheaven.net/fenderamps/57_twin_amp.pdf,57 Twin 57 twin amp,https://schematicheaven.net/fenderamps/57_twin_amp.pdf,,service_manual,,,5
4o,https://schematicheaven.net/fenderamps/59_bassman_manual.pdf,59 Bassman 59 bassman manual,https://schematicheaven.net/fenderamps/59_bassman_manual.pdf,,service_manual,,,10
4p,https://schematicheaven.net/fenderamps/63_reverb_manual.pdf,63 Reverb Unit 63 reverb manual,https://schematicheaven.net/fenderamps/63_reverb_manual.pdf,,service_manual,,,8
4q,https://schematicheaven.net/fenderamps/fender_63_ri_vibroverb_schem.pdf,63 Vibroverb fender 63 ri vibroverb schem,https://schematicheaven.net/fenderamps/fender_63_ri_vibroverb_schem.pdf,,service_manual,,,1
4r,https://schematicheaven.net/fenderamps/65_twin_reverb_%20manual.pdf,65 Twin Reverb 65 twin reverb manual,https://schematicheaven.net/fenderamps/65_twin_reverb_%20manual.pdf,,service_manual,,,9
4s,https://schematicheaven.net/fenderamps/65_deluxe_reverb_manual.pdf,65 Deluxe Reverb 65 deluxe reverb manual,https://schematicheaven.net/fenderamps/65_deluxe_reverb_manual.pdf,,service_manual,,,7
4t,https://schematicheaven.net/fenderamps/65_super_reverb.pdf,65 Super Reverb 65 super reverb,https://schematicheaven.net/fenderamps/65_super_reverb.pdf,,service_manual,,,2
4u,https://schematicheaven.net/fenderamps/blues_deluxe.pdf,Blues Deluxe blues deluxe,https://schematicheaven.net/fenderamps/blues_deluxe.pdf,,service_manual,,,2
4v,https://schematicheaven.net/fenderamps/blues_deville.pdf,Blues Deville blues deville,https://schematicheaven.net/fenderamps/blues_deville.pdf,,service_manual,,,2
4w,https://schematicheaven.net/fenderamps/blues_jr.pdf,Blues Jr. blues jr,https://schematicheaven.net/fenderamps/blues_jr.pdf,,service_manual,,,1
4x,https://schematicheaven.net/fenderamps/93_super_concert.pdf,93 Concert 93 super concert,https://schematicheaven.net/fenderamps/93_super_concert.pdf,,service_manual,,,1
4y,https://schematicheaven.net/fenderamps/dual_professional.pdf,Dual Professional dual professional,https://schematicheaven.net/fenderamps/dual_professional.pdf,,service_manual,,,1
4z,https://schematicheaven.net/fenderamps/frontman15g.pdf,Frontman 15G frontman15g,https://schematicheaven.net/fenderamps/frontman15g.pdf,,service_manual,,,1
5,https://schematicheaven.net/fenderamps/bandmaster_6g7a_schem.pdf,6G7-A bandmaster 6g7a schem,https://schematicheaven.net/fenderamps/bandmaster_6g7a_schem.pdf,,service_manual,,,2
50,https://schematicheaven.net/fenderamps/hotrod_deville.pdf,Hotrod Deville hotrod deville,https://schematicheaven.net/fenderamps/hotrod_deville.pdf,,service_manual,,,2
51,https://schematicheaven.net/fenderamps/hotrod_deluxe.pdf,Hotrod Deluxe hotrod deluxe,https://schematicheaven.net/fenderamps/hotrod_deluxe.pdf,,service_manual,,,2
52,https://schematicheaven.net/fenderamps/prosonic.pdf,Prosonic prosonic,https://schematicheaven.net/fenderamps/prosonic.pdf,,service_manual,,,1
53,https://schematicheaven.net/fenderamps/pro_tube.pdf,Pro-Tube Rev/Twin/Vibrolux pro tube,https://schematicheaven.net/fenderamps/pro_tube.pdf,,service_manual,,,4
54,https://schematicheaven.net/fenderamps/super_amp.pdf,Pro-Tube Super/Concert super amp,https://schematicheaven.net/fenderamps/super_amp.pdf,,service_manual,,,1
55,https://schematicheaven.net/fenderamps/pro_jr.pdf,Pro-Jr pro jr,https://schematicheaven.net/fenderamps/pro_jr.pdf,,service_manual,,,1
56,https://schematicheaven.net/fenderamps/rumble_bass.pdf,Rumble Bass (Customshop) rumble bass,https://schematicheaven.net/fenderamps/rumble_bass.pdf,,service_manual,,,2
57,https://schematicheaven.net/fenderamps/stage_112se.pdf,Stage 112SE stage 112se,https://schematicheaven.net/fenderamps/stage_112se.pdf,,service_manual,,,1
58,https://schematicheaven.net/fenderamps/super_112_schem.pdf,Super 112 super 112 schem,https://schematicheaven.net/fenderamps/super_112_schem.pdf,,service_manual,,,1
59,https://schematicheaven.net/fenderamps/tonemaster.pdf,ToneMaster (Customshop) tonemaster,https://schematicheaven.net/fenderamps/tonemaster.pdf,,service_manual,,,1
5a,https://schematicheaven.net/fenderamps/vibrasonic.pdf,Vibrasonic (Customshop) vibrasonic,https://schematicheaven.net/fenderamps/vibrasonic.pdf,,service_manual,,,9
5b,https://schematicheaven.net/fenderamps/vibro_king_manual.pdf,VibroKing (Customshop) vibro king manual,https://schematicheaven.net/fenderamps/vibro_king_manual.pdf,,service_manual,,,9
5c,https://schematicheaven.net/fenderamps/custom_vibrolux_manual.pdf,Vibrolux Rev (Customshop) custom vibrolux manual,https://schematicheaven.net/fenderamps/custom_vibrolux_manual.pdf,,service_manual,,,7
5d,https://schematicheaven.net/marshallamps/jtm45_first.pdf,The 1st Marshall jtm45 first,https://schematicheaven.net/marshallamps/jtm45_first.pdf,,service_manual,,,2
5e,https://schematicheaven.net/marshallamps/major_1967u_lead_200w.pdf,1967 Lead 200w major 1967u lead 200w,https://schematicheaven.net/marshallamps/major_1967u_lead_200w.pdf,,service_manual,,,1
5f,https://schematicheaven.net/marshallamps/major_1978u_bass_200w.pdf,1978 Bass 200w major 1978u bass 200w,https://schematicheaven.net/marshallamps/major_1978u_bass_200w.pdf,,service_manual,,,1
5g,https://schematicheaven.net/marshallamps/marshall_18watt_schem.pdf,1974 Lead & Bass Schem 18w marshall 18watt schem,https://schematicheaven.net/marshallamps/marshall_18watt_schem.pdf,,service_manual,,,1
5h,https://schematicheaven.net/marshallamps/marshall_18watt_layout.pdf,1974 Lead & Bass Layout 18w marshall 18watt layout,https://schematicheaven.net/marshallamps/marshall_18watt_layout.pdf,,service_manual,,,1
5i,https://schematicheaven.net/marshallamps/jmp_lead_50w_100w.pdf,1959 Lead 50w jmp lead 50w 100w,https://schematicheaven.net/marshallamps/jmp_lead_50w_100w.pdf,,service_manual,,,3
5j,https://schematicheaven.net/marshallamps/jmp_superlead_100w_1959.pdf,1959 Super Lead 100w jmp superlead 100w 1959,https://schematicheaven.net/marshallamps/jmp_superlead_100w_1959.pdf,,service_manual,,,3
5k,https://schematicheaven.net/marshallamps/jmp_lead_tremolo_100w_1959t.pdf,1959T Lead-Trem 100w jmp lead tremolo 100w 1959t,https://schematicheaven.net/marshallamps/jmp_lead_tremolo_100w_1959t.pdf,,service_manual,,,1
5l,https://schematicheaven.net/marshallamps/jmp_pa_50w_1985.pdf,1985 PA 50w jmp pa 50w 1985,https://schematicheaven.net/marshallamps/jmp_pa_50w_1985.pdf,,service_manual,,,1
5m,https://schematicheaven.net/marshallamps/jmp_bass_50w_1986.pdf,1986 Bass 50w jmp bass 50w 1986,https://schematicheaven.net/marshallamps/jmp_bass_50w_1986.pdf,,service_manual,,,3
5n,https://schematicheaven.net/marshallamps/jmp_lead_50w_1987.pdf,1987 50w jmp lead 50w 1987,https://schematicheaven.net/marshallamps/jmp_lead_50w_1987.pdf,,service_manual,,,3
5o,https://schematicheaven.net/marshallamps/jmp_tremolo_50w_1987tu.pdf,1987T Tremolo 50w jmp tremolo 50w 1987tu,https://schematicheaven.net/marshallamps/jmp_tremolo_50w_1987tu.pdf,,service_manual,,,1
5p,https://schematicheaven.net/marshallamps/jmp_organ_50w_1989u.pdf,1989 Organ 50w jmp organ 50w 1989u,https://schematicheaven.net/marshallamps/jmp_organ_50w_1989u.pdf,,service_manual,,,1
5q,https://schematicheaven.net/marshallamps/jmp_super_bass_100w_1992.pdf,1992 Super Bass 100w jmp super bass 100w 1992,https://schematicheaven.net/marshallamps/jmp_super_bass_100w_1992.pdf,,service_manual,,,2
5r,https://schematicheaven.net/marshallamps/jmp_mercury_5w_2060.pdf,2060 Mercury 5w jmp mercury 5w 2060,https://schematicheaven.net/marshallamps/jmp_mercury_5w_2060.pdf,,service_manual,,,1
5s,https://schematicheaven.net/marshallamps/jmp_bass_100w_2099.pdf,2099 Bass 100w jmp bass 100w 2099,https://schematicheaven.net/marshallamps/jmp_bass_100w_2099.pdf,,service_manual,,,1
5t,https://schematicheaven.net/marshallamps/jmp_powercell_100w_2150.pdf,2150 Powercell 100w jmp powercell 100w 2150,https://schematicheaven.net/marshallamps/jmp_powercell_100w_2150.pdf,,service_manual,,,2
5u,https://schematicheaven.net/marshallamps/jmp_lead_bass_100w_2196.pdf,2195 Bass 100w jmp lead bass 100w 2196,https://schematicheaven.net/marshallamps/jmp_lead_bass_100w_2196.pdf,,service_manual,,,1
5v,https://schematicheaven.net/marshallamps/jmp_masterlead__30w_2199.pdf,2199 MasterLead 30w jmp masterlead 30w 2199,https://schematicheaven.net/marshallamps/jmp_masterlead__30w_2199.pdf,,service_manual,,,1
5w,https://schematicheaven.net/marshallamps/jmp_mastervol_100w_2203u.pdf,2203 MasterVol 100w jmp mastervol 100w 2203u,https://schematicheaven.net/marshallamps/jmp_mastervol_100w_2203u.pdf,,service_manual,,,1
5x,https://schematicheaven.net/marshallamps/jmp_mastervol_50w_2204u.pdf,2204 MasterVol 50w jmp mastervol 50w 2204u,https://schematicheaven.net/marshallamps/jmp_mastervol_50w_2204u.pdf,,service_manual,,,1
5y,https://schematicheaven.net/marshallamps/jmp_4150_clubncountry_bass_100w.pdf,4150 Club&Country Bass 100w jmp 4150 clubncountry bass 100w,https://schematicheaven.net/marshallamps/jmp_4150_clubncountry_bass_100w.pdf,,service_manual,,,2
5z,https://schematicheaven.net/marshallamps/2001_375w.pdf,2001 Bass 375w 2001 375w,https://schematicheaven.net/marshallamps/2001_375w.pdf,,service_manual,,,4
6,https://schematicheaven.net/fenderamps/bandmaster_aa763.pdf,AA763 bandmaster aa763,https://schematicheaven.net/fenderamps/bandmaster_aa763.pdf,,service_manual,,,2
60,https://schematicheaven.net/marshallamps/jcm800_superlead_100w_1959.pdf,1959 SuperLead 100w jcm800 superlead 100w 1959,https://schematicheaven.net/marshallamps/jcm800_superlead_100w_1959.pdf,,service_manual,,,2
61,https://schematicheaven.net/marshallamps/jcm800_superlead_100w_1959a.pdf,1959a SuperLead 100w jcm800 superlead 100w 1959a,https://schematicheaven.net/marshallamps/jcm800_superlead_100w_1959a.pdf,,service_manual,,,2
62,https://schematicheaven.net/marshallamps/jcm800_bass_50w_1986.pdf,1986 Bass 50w jcm800 bass 50w 1986,https://schematicheaven.net/marshallamps/jcm800_bass_50w_1986.pdf,,service_manual,,,1
63,https://schematicheaven.net/marshallamps/jcm800_lead_50w_1987.pdf,1987 Lead 50w jcm800 lead 50w 1987,https://schematicheaven.net/marshallamps/jcm800_lead_50w_1987.pdf,,service_manual,,,2
64,https://schematicheaven.net/marshallamps/jcm800_superbass_100w_1992.pdf,1992 Super Bass 100w jcm800 superbass 100w 1992,https://schematicheaven.net/marshallamps/jcm800_superbass_100w_1992.pdf,,service_manual,,,1
65,https://schematicheaven.net/marshallamps/jcm800_lead_mstvol_100w_2203.pdf,2203 Lead MasterVol 100w jcm800 lead mstvol 100w 2203,https://schematicheaven.net/marshallamps/jcm800_lead_mstvol_100w_2203.pdf,,service_manual,,,2
66,https://schematicheaven.net/marshallamps/jcm800_lead_mstvol_50w_2204.pdf,2204 Lead MasterVol 50w jcm800 lead mstvol 50w 2204,https://schematicheaven.net/marshallamps/jcm800_lead_mstvol_50w_2204.pdf,,service_manual,,,2
67,https://schematicheaven.net/marshallamps/jcm800_splitch_50w_2205.pdf,2205 SplitChan 50w jcm800 splitch 50w 2205,https://schematicheaven.net/marshallamps/jcm800_splitch_50w_2205.pdf,,service_manual,,,2
68,https://schematicheaven.net/marshallamps/jcm800_splitch_100w_2210.pdf,2210 SplitChan 100w jcm800 splitch 100w 2210,https://schematicheaven.net/marshallamps/jcm800_splitch_100w_2210.pdf,,service_manual,,,2
69,https://schematicheaven.net/marshallamps/jcm800_50w_4010.pdf,4010 50w jcm800 50w 4010,https://schematicheaven.net/marshallamps/jcm800_50w_4010.pdf,,service_manual,,,2
6a,https://schematicheaven.net/marshallamps/jcm800_splitch_rev_50w_4210.pdf,4210 SplitChan Rev 50w jcm800 splitch rev 50w 4210,https://schematicheaven.net/marshallamps/jcm800_splitch_rev_50w_4210.pdf,,service_manual,,,1
6b,https://schematicheaven.net/marshallamps/marshall_lead100_solidstate_2078.pdf,2078 Lead-100 100w marshall lead100 solidstate 2078,https://schematicheaven.net/marshallamps/marshall_lead100_solidstate_2078.pdf,,service_manual,,,1
6c,https://schematicheaven.net/marshallamps/lead12_12w_3005_5005.pdf,3005/5005 Lead-12 12w lead12 12w 3005 5005,https://schematicheaven.net/marshallamps/lead12_12w_3005_5005.pdf,,service_manual,,,2
6d,https://schematicheaven.net/marshallamps/150w_3315_5150.pdf,3315 150w 150w 3315 5150,https://schematicheaven.net/marshallamps/150w_3315_5150.pdf,,service_manual,,,3
6e,https://schematicheaven.net/marshallamps/masterlead_30w_5010.pdf,5010 MasterLead 30w masterlead 30w 5010,https://schematicheaven.net/marshallamps/masterlead_30w_5010.pdf,,service_manual,,,1
6f,https://schematicheaven.net/marshallamps/30w_5203.pdf,5203 30w 30w 5203,https://schematicheaven.net/marshallamps/30w_5203.pdf,,service_manual,,,1
6g,https://schematicheaven.net/marshallamps/reverb12_12w_5205.pdf,5205 Reverb12 12w reverb12 12w 5205,https://schematicheaven.net/marshallamps/reverb12_12w_5205.pdf,,service_manual,,,1
6h,https://schematicheaven.net/marshallamps/mosfet_100reverbtwin_100w_5213.pdf,5213 ReverbTwin 100w mosfet 100reverbtwin 100w 5213,https://schematicheaven.net/marshallamps/mosfet_100reverbtwin_100w_5213.pdf,,service_manual,,,3
6i,https://schematicheaven.net/marshallamps/75w_5275.pdf,5275 75w 75w 5275,https://schematicheaven.net/marshallamps/75w_5275.pdf,,service_manual,,,1
6j,https://schematicheaven.net/marshallamps/bass_100w_3510.pdf,3510 Bass 100w bass 100w 3510,https://schematicheaven.net/marshallamps/bass_100w_3510.pdf,,service_manual,,,2
6k,https://schematicheaven.net/marshallamps/bass_200w_3520.pdf,3520 Bass 200w bass 200w 3520,https://schematicheaven.net/marshallamps/bass_200w_3520.pdf,,service_manual,,,2
6l,https://schematicheaven.net/marshallamps/bass_600w_3560.pdf,3560 Bass 600w bass 600w 3560,https://schematicheaven.net/marshallamps/bass_600w_3560.pdf,,service_manual,,,3
6m,https://schematicheaven.net/marshallamps/50w_2204s.pdf,2204S 50w 50w 2204s,https://schematicheaven.net/marshallamps/50w_2204s.pdf,,service_manual,,,2
6n,https://schematicheaven.net/marshallamps/25aniv_silverjubilee_25_50w_2550.pdf,2550 25w/50w 25aniv silverjubilee 25 50w 2550,https://schematicheaven.net/marshallamps/25aniv_silverjubilee_25_50w_2550.pdf,,service_manual,,,3
6o,https://schematicheaven.net/marshallamps/25aniv_silverjubilee_25_50w_2554.pdf,2554 25w/50w 25aniv silverjubilee 25 50w 2554,https://schematicheaven.net/marshallamps/25aniv_silverjubilee_25_50w_2554.pdf,,service_manual,,,1
6p,https://schematicheaven.net/marshallamps/25aniv_silverjubilee_50_100w_2555.pdf,2555 50w/100w 25aniv silverjubilee 50 100w 2555,https://schematicheaven.net/marshallamps/25aniv_silverjubilee_50_100w_2555.pdf,,service_manual,,,2
6q,https://schematicheaven.net/marshallamps/rackmount_preamp_9001.pdf,9001 Preamp rackmount preamp 9001,https://schematicheaven.net/marshallamps/rackmount_preamp_9001.pdf,,service_manual,,,1
6r,https://schematicheaven.net/marshallamps/rackmount_preamp_9004.pdf,9004 Preamp rackmount preamp 9004,https://schematicheaven.net/marshallamps/rackmount_preamp_9004.pdf,,service_manual,,,1
6s,https://schematicheaven.net/marshallamps/rackmount_poweramp_9005.pdf,9005 Poweramp 2x 50w rackmount poweramp 9005,https://schematicheaven.net/marshallamps/rackmount_poweramp_9005.pdf,,service_manual,,,1
6t,https://schematicheaven.net/marshallamps/9100_2x50w.pdf,9100 2x 50w 9100 2x50w,https://schematicheaven.net/marshallamps/9100_2x50w.pdf,,service_manual,,,7
6u,https://schematicheaven.net/marshallamps/9200_2x100w.pdf,9200 2x 100w 9200 2x100w,https://schematicheaven.net/marshallamps/9200_2x100w.pdf,,service_manual,,,7
6v,https://schematicheaven.net/marshallamps/jcm900_21xx_25xx_100w.pdf,2100/01 MasterVol 100w jcm900 21xx 25xx 100w,https://schematicheaven.net/marshallamps/jcm900_21xx_25xx_100w.pdf,,service_manual,,,3
6w,https://schematicheaven.net/marshallamps/jcm900_25xx_45xx_50w.pdf,2500/01/02 MasterVol 50w jcm900 25xx 45xx 50w,https://schematicheaven.net/marshallamps/jcm900_25xx_45xx_50w.pdf,,service_manual,,,3
6x,https://schematicheaven.net/marshallamps/jcm900_dualrev_100w_4100.pdf,4100/01/02 DualReverb 100w jcm900 dualrev 100w 4100,https://schematicheaven.net/marshallamps/jcm900_dualrev_100w_4100.pdf,,service_manual,,,5
6y,https://schematicheaven.net/marshallamps/jcm900_dualrev_50w_4500.pdf,4500/01/02 DualReverb 50w jcm900 dualrev 50w 4500,https://schematicheaven.net/marshallamps/jcm900_dualrev_50w_4500.pdf,,service_manual,,,5
6z,https://schematicheaven.net/marshallamps/jcm900_slx_100w_2100.pdf,2100/01 SL-X 100w jcm900 slx 100w 2100,https://schematicheaven.net/marshallamps/jcm900_slx_100w_2100.pdf,,service_manual,,,4
7,https://schematicheaven.net/fenderamps/bandmaster_ab763_schem.pdf,AB763 bandmaster ab763 schem,https://schematicheaven.net/fenderamps/bandmaster_ab763_schem.pdf,,service_manual,,,2
70,https://schematicheaven.net/marshallamps/jcm900_slx_50w_2500.pdf,2500/01/02 SL-X 50w jcm900 slx 50w 2500,https://schematicheaven.net/marshallamps/jcm900_slx_50w_2500.pdf,,service_manual,,,4
71,https://schematicheaven.net/marshallamps/30aniv_6100_100w.pdf,6100/01 100w 30aniv 6100 100w,https://schematicheaven.net/marshallamps/30aniv_6100_100w.pdf,,service_manual,,,5
72,https://schematicheaven.net/marshallamps/jmp_1.pdf,6100 100w jmp 1,https://schematicheaven.net/marshallamps/jmp_1.pdf,,service_manual,,,4
73,https://schematicheaven.net/marshallamps/dbs_200w_7200_72115_72410.pdf,7200 200w dbs 200w 7200 72115 72410,https://schematicheaven.net/marshallamps/dbs_200w_7200_72115_72410.pdf,,service_manual,,,8
74,https://schematicheaven.net/marshallamps/dbs_400w_7400.pdf,7400 400w dbs 400w 7400,https://schematicheaven.net/marshallamps/dbs_400w_7400.pdf,,service_manual,,,9
75,https://schematicheaven.net/marshallamps/jtm30_30w_jtm310.pdf,210/310 30w jtm30 30w jtm310,https://schematicheaven.net/marshallamps/jtm30_30w_jtm310.pdf,,service_manual,,,2
76,https://schematicheaven.net/marshallamps/jtm60_60w_jtm600.pdf,jtm600 60w jtm60 60w jtm600,https://schematicheaven.net/marshallamps/jtm60_60w_jtm600.pdf,,service_manual,,,3
77,https://schematicheaven.net/marshallamps/jcm600_60w_revch.pdf,600/01/02 Rev ChanSwitch 60w jcm600 60w revch,https://schematicheaven.net/marshallamps/jcm600_60w_revch.pdf,,service_manual,,,2
78,https://schematicheaven.net/marshallamps/jcm2000_100w_dsl100.pdf,DSL-100 100w jcm2000 100w dsl100,https://schematicheaven.net/marshallamps/jcm2000_100w_dsl100.pdf,,service_manual,,,7
79,https://schematicheaven.net/marshallamps/jcm2000_20w_dsl201.pdf,DSL-201 20w jcm2000 20w dsl201,https://schematicheaven.net/marshallamps/jcm2000_20w_dsl201.pdf,,service_manual,,,1
7a,https://schematicheaven.net/marshallamps/jcm2000_40w_dsl401.pdf,DSL-401 40w jcm2000 40w dsl401,https://schematicheaven.net/marshallamps/jcm2000_40w_dsl401.pdf,,service_manual,,,2
7b,https://schematicheaven.net/marshallamps/jcm2000_tsl60_60w.pdf,TSL-60-601/02 60w jcm2000 tsl60 60w,https://schematicheaven.net/marshallamps/jcm2000_tsl60_60w.pdf,,service_manual,,,3
7c,https://schematicheaven.net/marshallamps/jcm2000_tsl100_100w.pdf,TSL-100/22 100w jcm2000 tsl100 100w,https://schematicheaven.net/marshallamps/jcm2000_tsl100_100w.pdf,,service_manual,,,6
7d,https://schematicheaven.net/marshallamps/vba400_bass_400w.pdf,Bass 400w vba400 bass 400w,https://schematicheaven.net/marshallamps/vba400_bass_400w.pdf,,service_manual,,,4
7e,https://schematicheaven.net/marshallamps/slp_reissue_100w_1959.pdf,1959SLP (2nd) 100w slp reissue 100w 1959,https://schematicheaven.net/marshallamps/slp_reissue_100w_1959.pdf,,service_manual,,,3
7f,https://schematicheaven.net/marshallamps/bluesbreaker_reissue__45w_1962.pdf,1962 BluesBreaker Tremolo 45w bluesbreaker reissue 45w 1962,https://schematicheaven.net/marshallamps/bluesbreaker_reissue__45w_1962.pdf,,service_manual,,,2
7g,https://schematicheaven.net/marshallamps/plexi_superlead_reissue_50w_1987X.pdf,1987x SuperLead Plexi 50w plexi superlead reissue 50w 1987X,https://schematicheaven.net/marshallamps/plexi_superlead_reissue_50w_1987X.pdf,,service_manual,,,4
7h,https://schematicheaven.net/marshallamps/marshall_2203_reissue.pdf,2203 JCM-800 100w marshall 2203 reissue,https://schematicheaven.net/marshallamps/marshall_2203_reissue.pdf,,service_manual,,,2
7i,https://schematicheaven.net/marshallamps/valvestate10_10w_8001_8010.pdf,8001/8010 v-10 10w valvestate10 10w 8001 8010,https://schematicheaven.net/marshallamps/valvestate10_10w_8001_8010.pdf,,service_manual,,,1
7j,https://schematicheaven.net/marshallamps/rackmount_2x40w_8004.pdf,8004 2x40w rackmount 2x40w 8004,https://schematicheaven.net/marshallamps/rackmount_2x40w_8004.pdf,,service_manual,,,1
7k,https://schematicheaven.net/marshallamps/rackmount_2x80w_8008.pdf,8008 2x80w rackmount 2x80w 8008,https://schematicheaven.net/marshallamps/rackmount_2x80w_8008.pdf,,service_manual,,,1
7l,https://schematicheaven.net/marshallamps/valvestate20_20w_8020.pdf,8020 v-20 20w valvestate20 20w 8020,https://schematicheaven.net/marshallamps/valvestate20_20w_8020.pdf,,service_manual,,,1
7m,https://schematicheaven.net/marshallamps/valvestate40_40w_8040.pdf,8040 v-40 40w valvestate40 40w 8040,https://schematicheaven.net/marshallamps/valvestate40_40w_8040.pdf,,service_manual,,,1
7n,https://schematicheaven.net/marshallamps/valvestate80_80w_8080_8100_8412.pdf,8080/8100 v-80 80w valvestate80 80w 8080 8100 8412,https://schematicheaven.net/marshallamps/valvestate80_80w_8080_8100_8412.pdf,,service_manual,,,2
7o,https://schematicheaven.net/marshallamps/stereochorusrev_2x40w_8240.pdf,8240 2x40w stereochorusrev 2x40w 8240,https://schematicheaven.net/marshallamps/stereochorusrev_2x40w_8240.pdf,,service_manual,,,2
7p,https://schematicheaven.net/marshallamps/stereochorusrev_2x80w_8280.pdf,8280 2x80 stereochorusrev 2x80w 8280,https://schematicheaven.net/marshallamps/stereochorusrev_2x80w_8280.pdf,,service_manual,,,5
7q,https://schematicheaven.net/marshallamps/vs65r_65w.pdf,VS65R 65w vs65r 65w,https://schematicheaven.net/marshallamps/vs65r_65w.pdf,,service_manual,,,3
7r,https://schematicheaven.net/marshallamps/vs100r_100w.pdf,VS100R/02R/RH 100w vs100r 100w,https://schematicheaven.net/marshallamps/vs100r_100w.pdf,,service_manual,,,4
7s,https://schematicheaven.net/marshallamps/valvestatepro120_2x120.pdf,VSPro 120 2x 120w valvestatepro120 2x120,https://schematicheaven.net/marshallamps/valvestatepro120_2x120.pdf,,service_manual,,,4
7t,https://schematicheaven.net/marshallamps/vs230r_2x30w_stereochorusrev.pdf,VS230R/32R 2x 30w vs230r 2x30w stereochorusrev,https://schematicheaven.net/marshallamps/vs230r_2x30w_stereochorusrev.pdf,,service_manual,,,4
7u,https://schematicheaven.net/marshallamps/vs265r_2x65w.pdf,VS265R 2x 65w vs265r 2x65w,https://schematicheaven.net/marshallamps/vs265r_2x65w.pdf,,service_manual,,,6
7v,https://schematicheaven.net/marshallamps/powerbrake.pdf,Power Brake powerbrake,https://schematicheaven.net/marshallamps/powerbrake.pdf,,service_manual,,,1
7w,https://schematicheaven.net/gibsonamps/gav1.pdf,GA-Version 1 gav1,https://schematicheaven.net/gibsonamps/gav1.pdf,,service_manual,,,1
7x,https://schematicheaven.net/gibsonamps/ga1rt.pdf,GA-1rt Maestro Rev-Echo ga1rt,https://schematicheaven.net/gibsonamps/ga1rt.pdf,,service_manual,,,1
7y,https://schematicheaven.net/gibsonamps/ga1rvt.pdf,GA-1rvt ga1rvt,https://schematicheaven.net/gibsonamps/ga1rvt.pdf,,service_manual,,,1
7z,https://schematicheaven.net/gibsonamps/ga2rvt.pdf,GA-2rvt ga2rvt,https://schematicheaven.net/gibsonamps/ga2rvt.pdf,,service_manual,,,1
8,https://schematicheaven.net/fenderamps/bandmaster_ac568_schem.pdf,AC568 bandmaster ac568 schem,https://schematicheaven.net/fenderamps/bandmaster_ac568_schem.pdf,,service_manual,,,1
80,https://schematicheaven.net/gibsonamps/ga3rv.pdf,GA-3rv ga3rv,https://schematicheaven.net/gibsonamps/ga3rv.pdf,,service_manual,,,1
81,https://schematicheaven.net/gibsonamps/ga4re.pdf,GA-4re ga4re,https://schematicheaven.net/gibsonamps/ga4re.pdf,,service_manual,,,1
82,https://schematicheaven.net/gibsonamps/ga5.pdf,GA-5 Skylark. ga5,https://schematicheaven.net/gibsonamps/ga5.pdf,,service_manual,,,1
83,https://schematicheaven.net/gibsonamps/ga5_crest.pdf,GA-5 Crest ga5 crest,https://schematicheaven.net/gibsonamps/ga5_crest.pdf,,service_manual,,,1
84,https://schematicheaven.net/gibsonamps/skylarkga5t.pdf,GA-5t Skylark w/trem skylarkga5t,https://schematicheaven.net/gibsonamps/skylarkga5t.pdf,,service_manual,,,1
85,https://schematicheaven.net/gibsonamps/les_paul_jr.pdf,GA-5 Les Paul Jr. les paul jr,https://schematicheaven.net/gibsonamps/les_paul_jr.pdf,,service_manual,,,1
86,https://schematicheaven.net/gibsonamps/ga6_lancer.pdf,GA-6 Lancer ga6 lancer,https://schematicheaven.net/gibsonamps/ga6_lancer.pdf,,service_manual,,,1
87,https://schematicheaven.net/gibsonamps/gibsonette.pdf,GA-8 Gibsonette gibsonette,https://schematicheaven.net/gibsonamps/gibsonette.pdf,,service_manual,,,1
88,https://schematicheaven.net/gibsonamps/ga9.pdf,GA-9 ga9,https://schematicheaven.net/gibsonamps/ga9.pdf,,service_manual,,,1
89,https://schematicheaven.net/gibsonamps/ga15.pdf,GA-15 Maestro ga15,https://schematicheaven.net/gibsonamps/ga15.pdf,,service_manual,,,1
8a,https://schematicheaven.net/gibsonamps/ga16t.pdf,GA-16t Viscount ga16t,https://schematicheaven.net/gibsonamps/ga16t.pdf,,service_manual,,,1
8b,https://schematicheaven.net/gibsonamps/ga17rvt.pdf,GA-17rvt Scout ga17rvt,https://schematicheaven.net/gibsonamps/ga17rvt.pdf,,service_manual,,,1
8c,https://schematicheaven.net/gibsonamps/ga19rvt.pdf,GA-19rvt Falcon ga19rvt,https://schematicheaven.net/gibsonamps/ga19rvt.pdf,,service_manual,,,1
8d,https://schematicheaven.net/gibsonamps/ga20.pdf,GA-20 ga20,https://schematicheaven.net/gibsonamps/ga20.pdf,,service_manual,,,1
8e,https://schematicheaven.net/gibsonamps/ga20t.pdf,GA-20t ga20t,https://schematicheaven.net/gibsonamps/ga20t.pdf,,service_manual,,,1
8f,https://schematicheaven.net/gibsonamps/ga25.pdf,GA-25 ga25,https://schematicheaven.net/gibsonamps/ga25.pdf,,service_manual,,,1
8g,https://schematicheaven.net/gibsonamps/ga25rvt.pdf,GA-25rvt Hawk ga25rvt,https://schematicheaven.net/gibsonamps/ga25rvt.pdf,,service_manual,,,1
8h,https://schematicheaven.net/gibsonamps/ga30.pdf,GA-30 Invader 50's ga30,https://schematicheaven.net/gibsonamps/ga30.pdf,,service_manual,,,1
8i,https://schematicheaven.net/gibsonamps/ga30rv.pdf,GA-30rv Invader ga30rv,https://schematicheaven.net/gibsonamps/ga30rv.pdf,,service_manual,,,1
8j,https://schematicheaven.net/gibsonamps/ga35rvt.pdf,GA-35rvt Lancer ga35rvt,https://schematicheaven.net/gibsonamps/ga35rvt.pdf,,service_manual,,,1
8k,https://schematicheaven.net/gibsonamps/ga40_2.pdf,GA-40 1954 ga40 2,https://schematicheaven.net/gibsonamps/ga40_2.pdf,,service_manual,,,1
8l,https://schematicheaven.net/gibsonamps/ga40t_crestline.pdf,GA-40t Crestline ga40t crestline,https://schematicheaven.net/gibsonamps/ga40t_crestline.pdf,,service_manual,,,1
8m,https://schematicheaven.net/gibsonamps/ga40.pdf,GA-40 Les Paul ga40,https://schematicheaven.net/gibsonamps/ga40.pdf,,service_manual,,,1
8n,https://schematicheaven.net/gibsonamps/ga45rvt.pdf,GA-45rvt Poweramp ga45rvt,https://schematicheaven.net/gibsonamps/ga45rvt.pdf,,service_manual,,,1
8o,https://schematicheaven.net/gibsonamps/ga50_60_70_80.pdf,GA-50-60-70-80 ga50 60 70 80,https://schematicheaven.net/gibsonamps/ga50_60_70_80.pdf,,service_manual,,,1
8p,https://schematicheaven.net/gibsonamps/ga50.pdf,GA-50 ga50,https://schematicheaven.net/gibsonamps/ga50.pdf,,service_manual,,,1
8q,https://schematicheaven.net/gibsonamps/ga50t.pdf,GA-50t ga50t,https://schematicheaven.net/gibsonamps/ga50t.pdf,,service_manual,,,1
8r,https://schematicheaven.net/gibsonamps/ga55.pdf,GA-55 Ranger ga55,https://schematicheaven.net/gibsonamps/ga55.pdf,,service_manual,,,1
8s,https://schematicheaven.net/gibsonamps/ga55rvt.pdf,GA-55rvt Ranger ga55rvt,https://schematicheaven.net/gibsonamps/ga55rvt.pdf,,service_manual,,,1
8t,https://schematicheaven.net/gibsonamps/ga60_hercules.pdf,GA-60 Hercules ga60 hercules,https://schematicheaven.net/gibsonamps/ga60_hercules.pdf,,service_manual,,,1
8u,https://schematicheaven.net/gibsonamps/ga70.pdf,GA-70 ga70,https://schematicheaven.net/gibsonamps/ga70.pdf,,service_manual,,,1
8v,https://schematicheaven.net/gibsonamps/ga75_old.pdf,GA-75 Recording 50's ga75 old,https://schematicheaven.net/gibsonamps/ga75_old.pdf,,service_manual,,,1
8w,https://schematicheaven.net/gibsonamps/ga77_vanguard.pdf,GA-77 Vanguard ga77 vanguard,https://schematicheaven.net/gibsonamps/ga77_vanguard.pdf,,service_manual,,,1
8x,https://schematicheaven.net/gibsonamps/ga77rv.pdf,GA-77rv Vanguard ga77rv,https://schematicheaven.net/gibsonamps/ga77rv.pdf,,service_manual,,,2
8y,https://schematicheaven.net/gibsonamps/ga77rvt_crestline.pdf,GA-77rvt Crestline ga77rvt crestline,https://schematicheaven.net/gibsonamps/ga77rvt_crestline.pdf,,service_manual,,,1
8z,https://schematicheaven.net/gibsonamps/ga78.pdf,GA-78 ga78,https://schematicheaven.net/gibsonamps/ga78.pdf,,service_manual,,,1
9,https://schematicheaven.net/fenderamps/fender_bandmaster_ad1269.pdf,AD1269 fender bandmaster ad1269,https://schematicheaven.net/fenderamps/fender_bandmaster_ad1269.pdf,,service_manual,,,2
90,https://schematicheaven.net/gibsonamps/ga78rv.pdf,GA-78rv Maestro Stereo 30 ga78rv,https://schematicheaven.net/gibsonamps/ga78rv.pdf,,service_manual,,,1
91,https://schematicheaven.net/gibsonamps/rvt791.pdf,GA-79rvt Multi-Purpose rvt791,https://schematicheaven.net/gibsonamps/rvt791.pdf,,service_manual,,,1
92,https://schematicheaven.net/gibsonamps/ga80_varitone.pdf,GA-80 Varitone ga80 varitone,https://schematicheaven.net/gibsonamps/ga80_varitone.pdf,,service_manual,,,1
93,https://schematicheaven.net/gibsonamps/ga83s_preamp.pdf,GA-83s StereoVib Preamp ga83s preamp,https://schematicheaven.net/gibsonamps/ga83s_preamp.pdf,,service_manual,,,1
94,https://schematicheaven.net/gibsonamps/ga83s.pdf,GA-83s StereoVib Poweramp ga83s,https://schematicheaven.net/gibsonamps/ga83s.pdf,,service_manual,,,1
95,https://schematicheaven.net/gibsonamps/ga85.pdf,GA-85 ga85,https://schematicheaven.net/gibsonamps/ga85.pdf,,service_manual,,,1
96,https://schematicheaven.net/gibsonamps/ga88s.pdf,GA-88s Stereo Twin ga88s,https://schematicheaven.net/gibsonamps/ga88s.pdf,,service_manual,,,1
97,https://schematicheaven.net/gibsonamps/ga90.pdf,GA-90 ga90,https://schematicheaven.net/gibsonamps/ga90.pdf,,service_manual,,,1
98,https://schematicheaven.net/gibsonamps/ga100.pdf,GA-100 Bass ga100,https://schematicheaven.net/gibsonamps/ga100.pdf,,service_manual,,,1
99,https://schematicheaven.net/gibsonamps/ga300rvt.pdf,GA-300rvt Super 300 ga300rvt,https://schematicheaven.net/gibsonamps/ga300rvt.pdf,,service_manual,,,1
9a,https://schematicheaven.net/gibsonamps/ga400.pdf,GA-400 Super 400 ga400,https://schematicheaven.net/gibsonamps/ga400.pdf,,service_manual,,,1
9b,https://schematicheaven.net/gibsonamps/ea_4t_4tl_6t-emperor.pdf,EA-4T/4TL/6T Emperor ea 4t 4tl 6t-emperor,https://schematicheaven.net/gibsonamps/ea_4t_4tl_6t-emperor.pdf,,service_manual,,,1
9c,https://schematicheaven.net/gibsonamps/ea_5rvt-emperor.pdf,EA-5RVT Emperor ea 5rvt-emperor,https://schematicheaven.net/gibsonamps/ea_5rvt-emperor.pdf,,service_manual,,,1
9d,https://schematicheaven.net/gibsonamps/ea_7p-professional.pdf,EA-7P Professional ea 7p-professional,https://schematicheaven.net/gibsonamps/ea_7p-professional.pdf,,service_manual,,,1
9e,https://schematicheaven.net/gibsonamps/ea_8p-professional.pdf,EA-8P Professional ea 8p-professional,https://schematicheaven.net/gibsonamps/ea_8p-professional.pdf,,service_manual,,,1
9f,https://schematicheaven.net/gibsonamps/ea_10-deluxe.pdf,EA-10 Deluxe ea 10-deluxe,https://schematicheaven.net/gibsonamps/ea_10-deluxe.pdf,,service_manual,,,1
9g,https://schematicheaven.net/gibsonamps/ea_12rvt-futura.pdf,EA-12RVT Futura ea 12rvt-futura,https://schematicheaven.net/gibsonamps/ea_12rvt-futura.pdf,,service_manual,,,1
9h,https://schematicheaven.net/gibsonamps/ea_15rvt-zephyr.pdf,EA-15RVT Zephyr ea 15rvt-zephyr,https://schematicheaven.net/gibsonamps/ea_15rvt-zephyr.pdf,,service_manual,,,1
9i,https://schematicheaven.net/gibsonamps/ea_16rvt-regent.pdf,EA-16RVT Regent ea 16rvt-regent,https://schematicheaven.net/gibsonamps/ea_16rvt-regent.pdf,,service_manual,,,1
9j,https://schematicheaven.net/gibsonamps/ea_22rvt.pdf,EA-22RVT ea 22rvt,https://schematicheaven.net/gibsonamps/ea_22rvt.pdf,,service_manual,,,1
9k,https://schematicheaven.net/gibsonamps/ea_25-century.pdf,EA-25 Century ea 25-century,https://schematicheaven.net/gibsonamps/ea_25-century.pdf,,service_manual,,,1
9l,https://schematicheaven.net/gibsonamps/ea_26rvt-electra.pdf,EA-26RVT Electra ea 26rvt-electra,https://schematicheaven.net/gibsonamps/ea_26rvt-electra.pdf,,service_manual,,,1
9m,https://schematicheaven.net/gibsonamps/ea_28rvt-pathfinder.pdf,EA-28RVT Pathfinder ea 28rvt-pathfinder,https://schematicheaven.net/gibsonamps/ea_28rvt-pathfinder.pdf,,service_manual,,,1
9n,https://schematicheaven.net/gibsonamps/ea_30-triumph.pdf,EA-30 Triumph ea 30-triumph,https://schematicheaven.net/gibsonamps/ea_30-triumph.pdf,,service_manual,,,1
9o,https://schematicheaven.net/gibsonamps/ea_32rvt-comet.pdf,EA-32RVT Comet ea 32rvt-comet,https://schematicheaven.net/gibsonamps/ea_32rvt-comet.pdf,,service_manual,,,1
9p,https://schematicheaven.net/gibsonamps/ea_33rvt-galaxie.pdf,EA-33RVT Galaxie ea 33rvt-galaxie,https://schematicheaven.net/gibsonamps/ea_33rvt-galaxie.pdf,,service_manual,,,1
9q,https://schematicheaven.net/gibsonamps/ea_35-devon.pdf,EA-35 Devon ea 35-devon,https://schematicheaven.net/gibsonamps/ea_35-devon.pdf,,service_manual,,,1
9r,https://schematicheaven.net/gibsonamps/ea_35t-devon-trem.pdf,EA-35T Devon Tremolo ea 35t-devon-trem,https://schematicheaven.net/gibsonamps/ea_35t-devon-trem.pdf,,service_manual,,,1
9s,https://schematicheaven.net/gibsonamps/ea_50-pacemaker.pdf,EA-50 Pacemaker ea 50-pacemaker,https://schematicheaven.net/gibsonamps/ea_50-pacemaker.pdf,,service_manual,,,1
9t,https://schematicheaven.net/gibsonamps/ea_50t-pacemaker-trem.pdf,EA-50T Pacemaker Tremolo ea 50t-pacemaker-trem,https://schematicheaven.net/gibsonamps/ea_50t-pacemaker-trem.pdf,,service_manual,,,1
9u,https://schematicheaven.net/gibsonamps/ea_65-rivoli.pdf,EA-65 Rivoli ea 65-rivoli,https://schematicheaven.net/gibsonamps/ea_65-rivoli.pdf,,service_manual,,,1
9v,https://schematicheaven.net/gibsonamps/ea_71.pdf,EA-71 ea 71,https://schematicheaven.net/gibsonamps/ea_71.pdf,,service_manual,,,1
9w,https://schematicheaven.net/gibsonamps/ea_300rvt-embassy.pdf,EA-300RVT Embassy ea 300rvt-embassy,https://schematicheaven.net/gibsonamps/ea_300rvt-embassy.pdf,,service_manual,,,1
9x,https://schematicheaven.net/gibsonamps/eh100_1.pdf,EH-100 50's eh100 1,https://schematicheaven.net/gibsonamps/eh100_1.pdf,,service_manual,,,1
9y,https://schematicheaven.net/gibsonamps/eh100_2.pdf,EH-100 60's eh100 2,https://schematicheaven.net/gibsonamps/eh100_2.pdf,,service_manual,,,1
9z,https://schematicheaven.net/gibsonamps/eh125.pdf,EH-125 eh125,https://schematicheaven.net/gibsonamps/eh125.pdf,,service_manual,,,1
a,https://schematicheaven.net/fenderamps/bandmasterreverb_aa270_schem.pdf,AA270 bandmasterreverb aa270 schem,https://schematicheaven.net/fenderamps/bandmasterreverb_aa270_schem.pdf,,service_manual,,,1
a0,https://schematicheaven.net/gibsonamps/eh150.pdf,EH-150 eh150,https://schematicheaven.net/gibsonamps/eh150.pdf,,service_manual,,,1
a1,https://schematicheaven.net/gibsonamps/eh185.pdf,EH-185 eh185,https://schematicheaven.net/gibsonamps/eh185.pdf,,service_manual,,,1
a2,https://schematicheaven.net/gibsonamps/eh195.pdf,EH-195 eh195,https://schematicheaven.net/gibsonamps/eh195.pdf,,service_manual,,,1
a3,https://schematicheaven.net/gibsonamps/titan135.pdf,Titan 1-3-5 titan135,https://schematicheaven.net/gibsonamps/titan135.pdf,,service_manual,,,1
a4,https://schematicheaven.net/gibsonamps/medalist_6L6_quartet_titan.pdf,Titan Medalist medalist 6L6 quartet titan,https://schematicheaven.net/gibsonamps/medalist_6L6_quartet_titan.pdf,,service_manual,,,1
a5,https://schematicheaven.net/gibsonamps/medalist_dual_6L6_mercury.pdf,Mercury Medalist medalist dual 6L6 mercury,https://schematicheaven.net/gibsonamps/medalist_dual_6L6_mercury.pdf,,service_manual,,,1
a6,https://schematicheaven.net/gibsonamps/duomedalist20.pdf,Duo Medalist duomedalist20,https://schematicheaven.net/gibsonamps/duomedalist20.pdf,,service_manual,,,1
a7,https://schematicheaven.net/gibsonamps/super20_medalist.pdf,Super 20 Medalist super20 medalist,https://schematicheaven.net/gibsonamps/super20_medalist.pdf,,service_manual,,,1
a8,https://schematicheaven.net/gibsonamps/clavioline.pdf,Clavioline clavioline,https://schematicheaven.net/gibsonamps/clavioline.pdf,,service_manual,,,1
a9,https://schematicheaven.net/gibsonamps/keh.pdf,KEH keh,https://schematicheaven.net/gibsonamps/keh.pdf,,service_manual,,,1
aa,https://schematicheaven.net/gibsonamps/kehr.pdf,KEH-R kehr,https://schematicheaven.net/gibsonamps/kehr.pdf,,service_manual,,,1
ab,https://schematicheaven.net/gibsonamps/reverb12.pdf,Reverb 12 reverb12,https://schematicheaven.net/gibsonamps/reverb12.pdf,,service_manual,,,1
ac,https://schematicheaven.net/gibsonamps/ba15rv.pdf,BA-15rv ba15rv,https://schematicheaven.net/gibsonamps/ba15rv.pdf,,service_manual,,,1
ad,https://schematicheaven.net/gibsonamps/thorbass.pdf,Thor Bass thorbass,https://schematicheaven.net/gibsonamps/thorbass.pdf,,service_manual,,,1
ae,https://schematicheaven.net/gibsonamps/br3.pdf,BR-3 br3,https://schematicheaven.net/gibsonamps/br3.pdf,,service_manual,,,1
af,https://schematicheaven.net/gibsonamps/br6f.pdf,BR-6F br6f,https://schematicheaven.net/gibsonamps/br6f.pdf,,service_manual,,,1
ag,https://schematicheaven.net/gibsonamps/br9.pdf,BR-9 br9,https://schematicheaven.net/gibsonamps/br9.pdf,,service_manual,,,1
ah,https://schematicheaven.net/voxamps/ac4.pdf,AC4 - 1960 ac4,https://schematicheaven.net/voxamps/ac4.pdf,,service_manual,,,1
ai,https://schematicheaven.net/voxamps/ac10_1.pdf,AC10 - 1960 ac10 1,https://schematicheaven.net/voxamps/ac10_1.pdf,,service_manual,,,1
aj,https://schematicheaven.net/voxamps/ac10_2.pdf,AC10 - 1960-B ac10 2,https://schematicheaven.net/voxamps/ac10_2.pdf,,service_manual,,,1
ak,https://schematicheaven.net/voxamps/ac10tube.pdf,AC10 - tube layout diagram - 1960 ac10tube,https://schematicheaven.net/voxamps/ac10tube.pdf,,service_manual,,,1
al,https://schematicheaven.net/voxamps/ac151959.pdf,AC15 - 1959 ac151959,https://schematicheaven.net/voxamps/ac151959.pdf,,service_manual,,,1
am,https://schematicheaven.net/voxamps/ac151960.pdf,AC15 - 1960 ac151960,https://schematicheaven.net/voxamps/ac151960.pdf,,service_manual,,,1
an,https://schematicheaven.net/voxamps/ac1596pr.pdf,AC15 preamp - 1996+ ac1596pr,https://schematicheaven.net/voxamps/ac1596pr.pdf,,service_manual,,,1
ao,https://schematicheaven.net/voxamps/ac1596pa.pdf,AC15 - poweramp - 1996+ ac1596pa,https://schematicheaven.net/voxamps/ac1596pa.pdf,,service_manual,,,1
ap,https://schematicheaven.net/voxamps/ac30_poweramp.pdf,AC-30 Poweramp ac30 poweramp,https://schematicheaven.net/voxamps/ac30_poweramp.pdf,,service_manual,,,1
aq,https://schematicheaven.net/voxamps/ac301960.pdf,AC30 standard non top boost model - 1960 ac301960,https://schematicheaven.net/voxamps/ac301960.pdf,,service_manual,,,1
ar,https://schematicheaven.net/voxamps/tbmod.pdf,AC30 top boost mod - 1961 tbmod,https://schematicheaven.net/voxamps/tbmod.pdf,,service_manual,,,1
as,https://schematicheaven.net/voxamps/topboost_preamp.pdf,AC30 topboost preamp topboost preamp,https://schematicheaven.net/voxamps/topboost_preamp.pdf,,service_manual,,,1
at,https://schematicheaven.net/voxamps/acbass.pdf,AC30 bass model - 1964 acbass,https://schematicheaven.net/voxamps/acbass.pdf,,service_manual,,,1
au,https://schematicheaven.net/voxamps/ac301978.pdf,AC30 top boost - 1978 ac301978,https://schematicheaven.net/voxamps/ac301978.pdf,,service_manual,,,1
av,https://schematicheaven.net/voxamps/ac30ss.pdf,AC30 SS solid state model - 1970's ac30ss,https://schematicheaven.net/voxamps/ac30ss.pdf,,service_manual,,,1
aw,https://schematicheaven.net/voxamps/ac301986.pdf,AC30 top boost - 1986 ac301986,https://schematicheaven.net/voxamps/ac301986.pdf,,service_manual,,,1
ax,https://schematicheaven.net/voxamps/ac301989.pdf,AC30 top boost - 1989 ac301989,https://schematicheaven.net/voxamps/ac301989.pdf,,service_manual,,,1
ay,https://schematicheaven.net/voxamps/ac301990.pdf,AC30 top boost standard model - 1990 ac301990,https://schematicheaven.net/voxamps/ac301990.pdf,,service_manual,,,1
az,https://schematicheaven.net/voxamps/ac30vrev.pdf,AC30 top boost Vintage w/ reverb - 1992 ac30vrev,https://schematicheaven.net/voxamps/ac30vrev.pdf,,service_manual,,,1
b,https://schematicheaven.net/fenderamps/bandmasterreverb_aa768_schem.pdf,AA768 bandmasterreverb aa768 schem,https://schematicheaven.net/fenderamps/bandmasterreverb_aa768_schem.pdf,,service_manual,,,1
b0,https://schematicheaven.net/voxamps/ac3093pa.pdf,AC30 top boost RI poweramp - 1993+ ac3093pa,https://schematicheaven.net/voxamps/ac3093pa.pdf,,service_manual,,,1
b1,https://schematicheaven.net/voxamps/ac3093pr.pdf,AC30 top boost RI preamp - 1993+ ac3093pr,https://schematicheaven.net/voxamps/ac3093pr.pdf,,service_manual,,,1
b2,https://schematicheaven.net/voxamps/ac50_1.pdf,AC50 - 1965 ac50 1,https://schematicheaven.net/voxamps/ac50_1.pdf,,service_manual,,,1
b3,https://schematicheaven.net/voxamps/ac50_2.pdf,AC50 - 1976 ac50 2,https://schematicheaven.net/voxamps/ac50_2.pdf,,service_manual,,,1
b4,https://schematicheaven.net/voxamps/ac50.pdf,AC-50 ac50,https://schematicheaven.net/voxamps/ac50.pdf,,service_manual,,,1
b5,https://schematicheaven.net/voxamps/ac50_poweramp.pdf,AC-50 Poweramp ac50 poweramp,https://schematicheaven.net/voxamps/ac50_poweramp.pdf,,service_manual,,,1
b6,https://schematicheaven.net/voxamps/ac100.pdf,AC100 - 1965 ac100,https://schematicheaven.net/voxamps/ac100.pdf,,service_manual,,,1
b7,https://schematicheaven.net/voxamps/ac100_poweramp.pdf,AC-100 Poweramp ac100 poweramp,https://schematicheaven.net/voxamps/ac100_poweramp.pdf,,service_manual,,,1
b8,https://schematicheaven.net/voxamps/ac120.pdf,AC120 - mid 1970's ac120,https://schematicheaven.net/voxamps/ac120.pdf,,service_manual,,,1
b9,https://schematicheaven.net/voxamps/venuepa.pdf,100w poweramp - Lead/ Bass - 1985 venuepa,https://schematicheaven.net/voxamps/venuepa.pdf,,service_manual,,,1
ba,https://schematicheaven.net/voxamps/vpa200pa.pdf,200w poweramp - PA200 - 1985 vpa200pa,https://schematicheaven.net/voxamps/vpa200pa.pdf,,service_manual,,,1
bb,https://schematicheaven.net/voxamps/vpa1984.pdf,100w poweramp - early 1984 vpa1984,https://schematicheaven.net/voxamps/vpa1984.pdf,,service_manual,,,1
bc,https://schematicheaven.net/voxamps/vlead100.pdf,Lead 100 preamp - 1984 vlead100,https://schematicheaven.net/voxamps/vlead100.pdf,,service_manual,,,1
bd,https://schematicheaven.net/voxamps/vbass100.pdf,Bass 100 preamp - 1984 vbass100,https://schematicheaven.net/voxamps/vbass100.pdf,,service_manual,,,1
be,https://schematicheaven.net/voxamps/vgt100.pdf,GT100 preamp - 1984 vgt100,https://schematicheaven.net/voxamps/vgt100.pdf,,service_manual,,,1
bf,https://schematicheaven.net/voxamps/vdual100.pdf,Dual 100 preamp - 1984 vdual100,https://schematicheaven.net/voxamps/vdual100.pdf,,service_manual,,,1
bg,https://schematicheaven.net/voxamps/vlead50.pdf,Lead 50 - 1984 vlead50,https://schematicheaven.net/voxamps/vlead50.pdf,,service_manual,,,1
bh,https://schematicheaven.net/voxamps/vbass50.pdf,Bass 50 - 1984 vbass50,https://schematicheaven.net/voxamps/vbass50.pdf,,service_manual,,,1
bi,https://schematicheaven.net/voxamps/vlead30.pdf,Lead 30 - 1984 vlead30,https://schematicheaven.net/voxamps/vlead30.pdf,,service_manual,,,1
bj,https://schematicheaven.net/voxamps/vbass30.pdf,Bass 30 - 1984 vbass30,https://schematicheaven.net/voxamps/vbass30.pdf,,service_manual,,,1
bk,https://schematicheaven.net/voxamps/berkley_preamp.pdf,Berkley Preamp berkley preamp,https://schematicheaven.net/voxamps/berkley_preamp.pdf,,service_manual,,,1
bl,https://schematicheaven.net/voxamps/berkley_poweramp.pdf,Berkley Poweramp berkley poweramp,https://schematicheaven.net/voxamps/berkley_poweramp.pdf,,service_manual,,,1
bm,https://schematicheaven.net/voxamps/vox_cambridge_reverb.pdf,Cambridge Reverb vox cambridge reverb,https://schematicheaven.net/voxamps/vox_cambridge_reverb.pdf,,service_manual,,,2
bn,https://schematicheaven.net/voxamps/pacemaker.pdf,Pacemaker pacemaker,https://schematicheaven.net/voxamps/pacemaker.pdf,,service_manual,,,1
bo,https://schematicheaven.net/voxamps/qspa1.pdf,Poweramp 100/60/50 watt - 1987 qspa1,https://schematicheaven.net/voxamps/qspa1.pdf,,service_manual,,,1
bp,https://schematicheaven.net/voxamps/qspa2.pdf,Poweramp 100/60/50 watt - 1987-B qspa2,https://schematicheaven.net/voxamps/qspa2.pdf,,service_manual,,,1
bq,https://schematicheaven.net/voxamps/defiantp.pdf,Foundation Bass poweramp 50w - 1969 defiantp,https://schematicheaven.net/voxamps/defiantp.pdf,,service_manual,,,1
br,https://schematicheaven.net/voxamps/sfbasspa.pdf,Super Foundation Bass pwramp 100w - 1969 sfbasspa,https://schematicheaven.net/voxamps/sfbasspa.pdf,,service_manual,,,1
bs,https://schematicheaven.net/voxamps/mkiiibas.pdf,Super Foundation Bass preamp - 1969 mkiiibas,https://schematicheaven.net/voxamps/mkiiibas.pdf,,service_manual,,,1
bt,https://schematicheaven.net/voxamps/mkiiipre.pdf,Conqueror/Defiant/Supreme preamp - 1969 mkiiipre,https://schematicheaven.net/voxamps/mkiiipre.pdf,,service_manual,,,1
bu,https://schematicheaven.net/voxamps/sspa100.pdf,SS PA 100 (SSPA100) 100w - late 1960's sspa100,https://schematicheaven.net/voxamps/sspa100.pdf,,service_manual,,,1
bv,https://schematicheaven.net/voxamps/sspa50.pdf,SS PA 50 (SSPA50) 50w - late 1960's sspa50,https://schematicheaven.net/voxamps/sspa50.pdf,,service_manual,,,1
bw,https://schematicheaven.net/voxamps/midas50.pdf,Midas 50 solid state 50w - late 1960's midas50,https://schematicheaven.net/voxamps/midas50.pdf,,service_manual,,,1
bx,https://schematicheaven.net/voxamps/escort30.pdf,Escort Lead 30 - late 1970's escort30,https://schematicheaven.net/voxamps/escort30.pdf,,service_manual,,,1
by,https://schematicheaven.net/voxamps/esctb50.pdf,Escort Bass 50 - late 1970's esctb50,https://schematicheaven.net/voxamps/esctb50.pdf,,service_manual,,,1
bz,https://schematicheaven.net/voxamps/v125lead.pdf,V125 Lead Valve head - 1981 v125lead,https://schematicheaven.net/voxamps/v125lead.pdf,,service_manual,,,1
c,https://schematicheaven.net/fenderamps/bandmaster_reverb_aa1069_schem.pdf,AA1069 bandmaster reverb aa1069 schem,https://schematicheaven.net/fenderamps/bandmaster_reverb_aa1069_schem.pdf,,service_manual,,,2
c0,https://schematicheaven.net/voxamps/v15.pdf,V15 valve combo - 1981 v15,https://schematicheaven.net/voxamps/v15.pdf,,service_manual,,,1
c1,https://schematicheaven.net/voxamps/suprtwin.pdf,Super Twin - 1981 suprtwin,https://schematicheaven.net/voxamps/suprtwin.pdf,,service_manual,,,1
c2,https://schematicheaven.net/voxamps/busker.pdf,Vox Busker - mid 1980's busker,https://schematicheaven.net/voxamps/busker.pdf,,service_manual,,,1
c3,https://schematicheaven.net/voxamps/vigilpre.pdf,Vigilante pre -amp stage - 1990 vigilpre,https://schematicheaven.net/voxamps/vigilpre.pdf,,service_manual,,,1
c4,https://schematicheaven.net/voxamps/vigilpa.pdf,Vigilante power -amp stage 100w - 1990 vigilpa,https://schematicheaven.net/voxamps/vigilpa.pdf,,service_manual,,,1
c5,https://schematicheaven.net/ampegamps/ac12.pdf,AC-12 ac12,https://schematicheaven.net/ampegamps/ac12.pdf,,service_manual,,,1
c6,https://schematicheaven.net/ampegamps/b15n68_portaflex.pdf,B-15-n 1968 Portaflex b15n68 portaflex,https://schematicheaven.net/ampegamps/b15n68_portaflex.pdf,,service_manual,,,1
c7,https://schematicheaven.net/ampegamps/b15n_portaflex.pdf,B-15-n Portaflex b15n portaflex,https://schematicheaven.net/ampegamps/b15n_portaflex.pdf,,service_manual,,,1
c8,https://schematicheaven.net/ampegamps/b15nc_portaflex.pdf,B-15-nc Portaflex b15nc portaflex,https://schematicheaven.net/ampegamps/b15nc_portaflex.pdf,,service_manual,,,1
c9,https://schematicheaven.net/ampegamps/b15nf_portaflex.pdf,B-15-nf Portaflex b15nf portaflex,https://schematicheaven.net/ampegamps/b15nf_portaflex.pdf,,service_manual,,,1
ca,https://schematicheaven.net/ampegamps/b18n_portaflex.pdf,B-18-n Portaflex b18n portaflex,https://schematicheaven.net/ampegamps/b18n_portaflex.pdf,,service_manual,,,1
cb,https://schematicheaven.net/ampegamps/b15s_portaflex.pdf,B-15-s Portaflex b15s portaflex,https://schematicheaven.net/ampegamps/b15s_portaflex.pdf,,service_manual,,,1
cc,https://schematicheaven.net/ampegamps/b25.pdf,B-25 Portaflex b25,https://schematicheaven.net/ampegamps/b25.pdf,,service_manual,,,1
cd,https://schematicheaven.net/ampegamps/b25b.pdf,B-25B Portaflex b25b,https://schematicheaven.net/ampegamps/b25b.pdf,,service_manual,,,1
ce,https://schematicheaven.net/ampegamps/bt15_15c_15d_18c.pdf,B-15/15c/15d/18c Portaflex bt15 15c 15d 18c,https://schematicheaven.net/ampegamps/bt15_15c_15d_18c.pdf,,service_manual,,,1
cf,https://schematicheaven.net/ampegamps/ej12_echojet.pdf,EJ-12 Echojet ej12 echojet,https://schematicheaven.net/ampegamps/ej12_echojet.pdf,,service_manual,,,1
cg,https://schematicheaven.net/ampegamps/et1_echotwin.pdf,ET-1 Echotwin et1 echotwin,https://schematicheaven.net/ampegamps/et1_echotwin.pdf,,service_manual,,,1
ch,https://schematicheaven.net/ampegamps/et2b_superechotwn.pdf,ET-2b Super Echotwin et2b superechotwn,https://schematicheaven.net/ampegamps/et2b_superechotwn.pdf,,service_manual,,,1
ci,https://schematicheaven.net/ampegamps/g12.pdf,G-12 Gemini g12,https://schematicheaven.net/ampegamps/g12.pdf,,service_manual,,,1
cj,https://schematicheaven.net/ampegamps/g15_gemini_ii.pdf,G-15 Gemini II g15 gemini ii,https://schematicheaven.net/ampegamps/g15_gemini_ii.pdf,,service_manual,,,1
ck,https://schematicheaven.net/ampegamps/gs15r_gemini_iv.pdf,GS-15-r Gemini IV gs15r gemini iv,https://schematicheaven.net/ampegamps/gs15r_gemini_iv.pdf,,service_manual,,,1
cl,https://schematicheaven.net/ampegamps/gv22_gemini22.pdf,GV-22 Gemini 22 gv22 gemini22,https://schematicheaven.net/ampegamps/gv22_gemini22.pdf,,service_manual,,,2
cm,https://schematicheaven.net/ampegamps/j12a_jet.pdf,J-12-a Jet j12a jet,https://schematicheaven.net/ampegamps/j12a_jet.pdf,,service_manual,,,1
cn,https://schematicheaven.net/ampegamps/j12b_jet.pdf,J-12-b Jet j12b jet,https://schematicheaven.net/ampegamps/j12b_jet.pdf,,service_manual,,,1
co,https://schematicheaven.net/ampegamps/m12_6v6.pdf,M-12 6v6 Mercury m12 6v6,https://schematicheaven.net/ampegamps/m12_6v6.pdf,,service_manual,,,1
cp,https://schematicheaven.net/ampegamps/m12_7591a.pdf,M-12-A 7591 Mercury m12 7591a,https://schematicheaven.net/ampegamps/m12_7591a.pdf,,service_manual,,,1
cq,https://schematicheaven.net/ampegamps/m15.pdf,M-15 Mercury m15,https://schematicheaven.net/ampegamps/m15.pdf,,service_manual,,,1
cr,https://schematicheaven.net/ampegamps/gs12reverbrocket2.pdf,Reverb Rocket 2 gs12reverbrocket2,https://schematicheaven.net/ampegamps/gs12reverbrocket2.pdf,,service_manual,,,1
cs,https://schematicheaven.net/ampegamps/reverbrocket3.pdf,Reverb Rocket 3 reverbrocket3,https://schematicheaven.net/ampegamps/reverbrocket3.pdf,,service_manual,,,1
ct,https://schematicheaven.net/ampegamps/reverb_rocket_12r.pdf,Reverb Rocket 12-r reverb rocket 12r,https://schematicheaven.net/ampegamps/reverb_rocket_12r.pdf,,service_manual,,,1
cu,https://schematicheaven.net/ampegamps/reverb_rocket_12rb.pdf,Reverb Rocket 12-rb reverb rocket 12rb,https://schematicheaven.net/ampegamps/reverb_rocket_12rb.pdf,,service_manual,,,1
cv,https://schematicheaven.net/ampegamps/reverb_rocket_12rt.pdf,Reverb Rocket 12-rt reverb rocket 12rt,https://schematicheaven.net/ampegamps/reverb_rocket_12rt.pdf,,service_manual,,,1
cw,https://schematicheaven.net/ampegamps/reverb_rocket_12a.pdf,Rocket (No Reverb) 12-a reverb rocket 12a,https://schematicheaven.net/ampegamps/reverb_rocket_12a.pdf,,service_manual,,,1
cx,https://schematicheaven.net/ampegamps/super_reverb_15r.pdf,Super Reverb 15-r super reverb 15r,https://schematicheaven.net/ampegamps/super_reverb_15r.pdf,,service_manual,,,1
cy,https://schematicheaven.net/ampegamps/sb12_portaflex.pdf,SB-12p Portaflex sb12 portaflex,https://schematicheaven.net/ampegamps/sb12_portaflex.pdf,,service_manual,,,1
cz,https://schematicheaven.net/ampegamps/sb127868_portaflex.pdf,SB-12 7868 Portaflex sb127868 portaflex,https://schematicheaven.net/ampegamps/sb127868_portaflex.pdf,,service_manual,,,1
d,https://schematicheaven.net/fenderamps/cbs_45w_mstrvol_pullsw_super-pro-bmstr_rev.pdf,cbs 45w MstrVol cbs 45w mstrvol pullsw super-pro-bmstr rev,https://schematicheaven.net/fenderamps/cbs_45w_mstrvol_pullsw_super-pro-bmstr_rev.pdf,,service_manual,,,1
d0,https://schematicheaven.net/ampegamps/svtpreamp.pdf,SVT Preamp svtpreamp,https://schematicheaven.net/ampegamps/svtpreamp.pdf,,service_manual,,,1
d1,https://schematicheaven.net/ampegamps/svtpoweramp6146b.pdf,SVT 6146b Poweramp svtpoweramp6146b,https://schematicheaven.net/ampegamps/svtpoweramp6146b.pdf,,service_manual,,,1
d2,https://schematicheaven.net/ampegamps/svtpoweramp6550a.pdf,SVT 6550a Poweramp svtpoweramp6550a,https://schematicheaven.net/ampegamps/svtpoweramp6550a.pdf,,service_manual,,,1
d3,https://schematicheaven.net/ampegamps/v2preamp.pdf,V-2 Preamp v2preamp,https://schematicheaven.net/ampegamps/v2preamp.pdf,,service_manual,,,1
d4,https://schematicheaven.net/ampegamps/v2powamp.pdf,V-2 Poweramp v2powamp,https://schematicheaven.net/ampegamps/v2powamp.pdf,,service_manual,,,1
d5,https://schematicheaven.net/ampegamps/v3preamp.pdf,V-3 Preamp v3preamp,https://schematicheaven.net/ampegamps/v3preamp.pdf,,service_manual,,,1
d6,https://schematicheaven.net/ampegamps/v3poweramp.pdf,V-3 Poweramp v3poweramp,https://schematicheaven.net/ampegamps/v3poweramp.pdf,,service_manual,,,1
d7,https://schematicheaven.net/ampegamps/v4preamp.pdf,V-4 Preamp v4preamp,https://schematicheaven.net/ampegamps/v4preamp.pdf,,service_manual,,,1
d8,https://schematicheaven.net/ampegamps/v4poweramp.pdf,V-4 Poweramp v4poweramp,https://schematicheaven.net/ampegamps/v4poweramp.pdf,,service_manual,,,1
d9,https://schematicheaven.net/ampegamps/v4bpreamp.pdf,V-4-b Preamp v4bpreamp,https://schematicheaven.net/ampegamps/v4bpreamp.pdf,,service_manual,,,1
da,https://schematicheaven.net/ampegamps/v4bpowramp.pdf,V-4-b Poweramp v4bpowramp,https://schematicheaven.net/ampegamps/v4bpowramp.pdf,,service_manual,,,1
db,https://schematicheaven.net/ampegamps/ampeg_v5.pdf,V-5 schem ampeg v5,https://schematicheaven.net/ampegamps/ampeg_v5.pdf,,service_manual,,,1
dc,https://schematicheaven.net/ampegamps/v7poweramp.pdf,V-7 Poweramp v7poweramp,https://schematicheaven.net/ampegamps/v7poweramp.pdf,,service_manual,,,1
dd,https://schematicheaven.net/ampegamps/ampeg_v9.pdf,V-9 ampeg v9,https://schematicheaven.net/ampegamps/ampeg_v9.pdf,,service_manual,,,2
de,https://schematicheaven.net/ampegamps/vl501preamp.pdf,VL-501 Preamp vl501preamp,https://schematicheaven.net/ampegamps/vl501preamp.pdf,,service_manual,,,1
df,https://schematicheaven.net/ampegamps/ampeg_vl1002_poweramp.pdf,VL-1002 Power Amp ampeg vl1002 poweramp,https://schematicheaven.net/ampegamps/ampeg_vl1002_poweramp.pdf,,service_manual,,,1
dg,https://schematicheaven.net/ampegamps/ampeg_vl1002_switching.pdf,VL-1002 Switching ampeg vl1002 switching,https://schematicheaven.net/ampegamps/ampeg_vl1002_switching.pdf,,service_manual,,,1
dh,https://schematicheaven.net/ampegamps/ampeg_vt22_vt24.pdf,VT-24 ampeg vt22 vt24,https://schematicheaven.net/ampegamps/ampeg_vt22_vt24.pdf,,service_manual,,,1
di,https://schematicheaven.net/ampegamps/vt40preamp.pdf,VT-40 Preamp vt40preamp,https://schematicheaven.net/ampegamps/vt40preamp.pdf,,service_manual,,,1
dj,https://schematicheaven.net/ampegamps/ampeg_vt120.pdf,VT-120 ampeg vt120,https://schematicheaven.net/ampegamps/ampeg_vt120.pdf,,service_manual,,,2
dk,https://schematicheaven.net/ampegamps/ampeg_625d.pdf,625-d ampeg 625d,https://schematicheaven.net/ampegamps/ampeg_625d.pdf,,service_manual,,,2
dl,https://schematicheaven.net/ampegamps/ampeg_j12t_jet_ri.pdf,J12T Jet 15w ampeg j12t jet ri,https://schematicheaven.net/ampegamps/ampeg_j12t_jet_ri.pdf,,service_manual,,,2
dm,https://schematicheaven.net/ampegamps/ampeg_r-12r_212r_50h_reverbrocket_ri.pdf,R-12R Reverb Rocket 50w ampeg r-12r 212r 50h reverbrocket ri,https://schematicheaven.net/ampegamps/ampeg_r-12r_212r_50h_reverbrocket_ri.pdf,,service_manual,,,2
dn,https://schematicheaven.net/boogieamps/boogie_22cal.pdf,Studio .22 Caliber boogie 22cal,https://schematicheaven.net/boogieamps/boogie_22cal.pdf,,service_manual,,,2
do,https://schematicheaven.net/boogieamps/boogie_22calplus.pdf,Studio .22 Caliber Plus boogie 22calplus,https://schematicheaven.net/boogieamps/boogie_22calplus.pdf,,service_manual,,,3
dp,https://schematicheaven.net/boogieamps/boogie_50cal.pdf,Studio .50 Caliber boogie 50cal,https://schematicheaven.net/boogieamps/boogie_50cal.pdf,,service_manual,,,4
dq,https://schematicheaven.net/boogieamps/boogie_5050.pdf,50-50 Stereo boogie 5050,https://schematicheaven.net/boogieamps/boogie_5050.pdf,,service_manual,,,2
dr,https://schematicheaven.net/boogieamps/boogie_bass400.pdf,Bass 400 boogie bass400,https://schematicheaven.net/boogieamps/boogie_bass400.pdf,,service_manual,,,2
ds,https://schematicheaven.net/boogieamps/boogie_blueangel.pdf,Blue Angel boogie blueangel,https://schematicheaven.net/boogieamps/boogie_blueangel.pdf,,service_manual,,,3
dt,https://schematicheaven.net/boogieamps/boogie_d180.pdf,D-180 Power Amp boogie d180,https://schematicheaven.net/boogieamps/boogie_d180.pdf,,service_manual,,,2
du,https://schematicheaven.net/boogieamps/boogie_dual_caliber_dc3.pdf,Dual Caliber DC-3 boogie dual caliber dc3,https://schematicheaven.net/boogieamps/boogie_dual_caliber_dc3.pdf,,service_manual,,,7
dv,https://schematicheaven.net/boogieamps/boogie_dual_caliber_dc5b.pdf,Dual Caliber DC-5B boogie dual caliber dc5b,https://schematicheaven.net/boogieamps/boogie_dual_caliber_dc5b.pdf,,service_manual,,,6
dw,https://schematicheaven.net/boogieamps/boogie_dualrectifier.pdf,Dual Rectifier boogie dualrectifier,https://schematicheaven.net/boogieamps/boogie_dualrectifier.pdf,,service_manual,,,6
dx,https://schematicheaven.net/boogieamps/boogie_lonestar.pdf,Lonestar boogie lonestar,https://schematicheaven.net/boogieamps/boogie_lonestar.pdf,,service_manual,,,6
dy,https://schematicheaven.net/boogieamps/boogie_mkii.pdf,Mark II boogie mkii,https://schematicheaven.net/boogieamps/boogie_mkii.pdf,,service_manual,,,2
dz,https://schematicheaven.net/boogieamps/boogie_mkiib.pdf,Mark II-B boogie mkiib,https://schematicheaven.net/boogieamps/boogie_mkiib.pdf,,service_manual,,,1
e,https://schematicheaven.net/fenderamps/cbs_70w_mstrvol_pullsw_super-pro-bmstr_rev.pdf,cbs 70w MstrVol cbs 70w mstrvol pullsw super-pro-bmstr rev,https://schematicheaven.net/fenderamps/cbs_70w_mstrvol_pullsw_super-pro-bmstr_rev.pdf,,service_manual,,,1
e0,https://schematicheaven.net/boogieamps/boogie_mkiii.pdf,Mark III boogie mkiii,https://schematicheaven.net/boogieamps/boogie_mkiii.pdf,,service_manual,,,2
e1,https://schematicheaven.net/boogieamps/boogie_mkiv.pdf,Mark IV boogie mkiv,https://schematicheaven.net/boogieamps/boogie_mkiv.pdf,,service_manual,,,5
e2,https://schematicheaven.net/boogieamps/boogie_maverick.pdf,Maverick boogie maverick,https://schematicheaven.net/boogieamps/boogie_maverick.pdf,,service_manual,,,4
e3,https://schematicheaven.net/boogieamps/boogie_nomad45.pdf,Nomad 45 boogie nomad45,https://schematicheaven.net/boogieamps/boogie_nomad45.pdf,,service_manual,,,9
e4,https://schematicheaven.net/boogieamps/boogie_nomad55.pdf,Nomad 55 boogie nomad55,https://schematicheaven.net/boogieamps/boogie_nomad55.pdf,,service_manual,,,10
e5,https://schematicheaven.net/boogieamps/boogie_nomad100.pdf,Nomad 100 boogie nomad100,https://schematicheaven.net/boogieamps/boogie_nomad100.pdf,,service_manual,,,10
e6,https://schematicheaven.net/boogieamps/boogie_quadpreamp.pdf,Quad Preamp boogie quadpreamp,https://schematicheaven.net/boogieamps/boogie_quadpreamp.pdf,,service_manual,,,5
e7,https://schematicheaven.net/boogieamps/boogie_sonofboogie.pdf,SOB (Son of Boogie) boogie sonofboogie,https://schematicheaven.net/boogieamps/boogie_sonofboogie.pdf,,service_manual,,,1
e8,https://schematicheaven.net/boogieamps/boogie_solo50_rectoverb.pdf,Solo-50 Rectoverb boogie solo50 rectoverb,https://schematicheaven.net/boogieamps/boogie_solo50_rectoverb.pdf,,service_manual,,,7
e9,https://schematicheaven.net/boogieamps/boogie_290.pdf,Stereo Simul-Class 2:90 boogie 290,https://schematicheaven.net/boogieamps/boogie_290.pdf,,service_manual,,,2
ea,https://schematicheaven.net/boogieamps/boogie_strat400.pdf,Strategy 400 boogie strat400,https://schematicheaven.net/boogieamps/boogie_strat400.pdf,,service_manual,,,1
eb,https://schematicheaven.net/boogieamps/boogie_studio_caliber_dc2.pdf,Studio Caliber DC-2 boogie studio caliber dc2,https://schematicheaven.net/boogieamps/boogie_studio_caliber_dc2.pdf,,service_manual,,,7
ec,https://schematicheaven.net/boogieamps/boogie_subwayblues.pdf,Subway Blues boogie subwayblues,https://schematicheaven.net/boogieamps/boogie_subwayblues.pdf,,service_manual,,,5
ed,https://schematicheaven.net/boogieamps/boogie_subwayrocket.pdf,Subway Rocket Reverb boogie subwayrocket,https://schematicheaven.net/boogieamps/boogie_subwayrocket.pdf,,service_manual,,,6
ee,https://schematicheaven.net/boogieamps/boogie_triaxis.pdf,Triaxis boogie triaxis,https://schematicheaven.net/boogieamps/boogie_triaxis.pdf,,service_manual,,,14
ef,https://schematicheaven.net/boogieamps/boogie_vtwin.pdf,V-Twin Overdrive Pedal boogie vtwin,https://schematicheaven.net/boogieamps/boogie_vtwin.pdf,,service_manual,,,1
eg,https://schematicheaven.net/dumbleamps/basspre.pdf,60's ODS Preamp basspre,https://schematicheaven.net/dumbleamps/basspre.pdf,,service_manual,,,1
eh,https://schematicheaven.net/dumbleamps/bassout.pdf,60's ODS Output bassout,https://schematicheaven.net/dumbleamps/bassout.pdf,,service_manual,,,1
ei,https://schematicheaven.net/dumbleamps/97fullschem.pdf,97 ODS Full Schematic 97fullschem,https://schematicheaven.net/dumbleamps/97fullschem.pdf,,service_manual,,,1
ej,https://schematicheaven.net/dumbleamps/dumblenotes.pdf,97 ODS Notes dumblenotes,https://schematicheaven.net/dumbleamps/dumblenotes.pdf,,service_manual,,,7
ek,https://schematicheaven.net/dumbleamps/mod1.pdf,Dumble Mod #1 mod1,https://schematicheaven.net/dumbleamps/mod1.pdf,,service_manual,,,1
el,https://schematicheaven.net/dumbleamps/mod2.pdf,Dumble Mod #2 mod2,https://schematicheaven.net/dumbleamps/mod2.pdf,,service_manual,,,1
em,https://schematicheaven.net/dumbleamps/mod3.pdf,Dumble Mod #3 mod3,https://schematicheaven.net/dumbleamps/mod3.pdf,,service_manual,,,1
en,https://schematicheaven.net/bargainbin/aims_vtb120_producer.pdf,Producer 120 aims vtb120 producer,https://schematicheaven.net/bargainbin/aims_vtb120_producer.pdf,,service_manual,,,1
eo,https://schematicheaven.net/bargainbin/alamo_capri_2360.pdf,Capri 2360 alamo capri 2360,https://schematicheaven.net/bargainbin/alamo_capri_2360.pdf,,service_manual,,,2
ep,https://schematicheaven.net/bargainbin/alamo_fiesta_1962.pdf,Fiesta alamo fiesta 1962,https://schematicheaven.net/bargainbin/alamo_fiesta_1962.pdf,,service_manual,,,1
eq,https://schematicheaven.net/bargainbin/alamo_montclair.pdf,Montclair alamo montclair,https://schematicheaven.net/bargainbin/alamo_montclair.pdf,,service_manual,,,1
er,https://schematicheaven.net/bargainbin/aircastle_79a.pdf,79A aircastle 79a,https://schematicheaven.net/bargainbin/aircastle_79a.pdf,,service_manual,,,1
es,https://schematicheaven.net/bargainbin/airline_62_8500s.pdf,62-8500S airline 62 8500s,https://schematicheaven.net/bargainbin/airline_62_8500s.pdf,,service_manual,,,1
et,https://schematicheaven.net/bargainbin/gretsch_g6156.pdf,62-9023 gretsch g6156,https://schematicheaven.net/bargainbin/gretsch_g6156.pdf,,service_manual,,,1
eu,https://schematicheaven.net/bargainbin/gretsch6152.pdf,62-9025A gretsch6152,https://schematicheaven.net/bargainbin/gretsch6152.pdf,,service_manual,,,1
ev,https://schematicheaven.net/bargainbin/airline_wards_gdr-8502a.pdf,GDR-8502A airline wards gdr-8502a,https://schematicheaven.net/bargainbin/airline_wards_gdr-8502a.pdf,,service_manual,,,1
ew,https://schematicheaven.net/bargainbin/airline_wards_gdr-8511a.pdf,GDR-8511A airline wards gdr-8511a,https://schematicheaven.net/bargainbin/airline_wards_gdr-8511a.pdf,,service_manual,,,1
ex,https://schematicheaven.net/bargainbin/airline_wards_gdr-8512a.pdf,GDR-8512A airline wards gdr-8512a,https://schematicheaven.net/bargainbin/airline_wards_gdr-8512a.pdf,,service_manual,,,1
ey,https://schematicheaven.net/bargainbin/airline_wards_gdr-8513a.pdf,GDR-8513A airline wards gdr-8513a,https://schematicheaven.net/bargainbin/airline_wards_gdr-8513a.pdf,,service_manual,,,1
ez,https://schematicheaven.net/bargainbin/airline_wards_gdr-8514a_gdr-8515a.pdf,GDR-8514A/15A airline wards gdr-8514a gdr-8515a,https://schematicheaven.net/bargainbin/airline_wards_gdr-8514a_gdr-8515a.pdf,,service_manual,,,1
f,https://schematicheaven.net/fenderamps/fender_bantambass_cfa7003.pdf,CFA7003 fender bantambass cfa7003,https://schematicheaven.net/fenderamps/fender_bantambass_cfa7003.pdf,,service_manual,,,2
f0,https://schematicheaven.net/bargainbin/airline_wards_gdr-8516a.pdf,GDR-8516A airline wards gdr-8516a,https://schematicheaven.net/bargainbin/airline_wards_gdr-8516a.pdf,,service_manual,,,1
f1,https://schematicheaven.net/bargainbin/airline_wards_gdr-8517a.pdf,GDR-8517A airline wards gdr-8517a,https://schematicheaven.net/bargainbin/airline_wards_gdr-8517a.pdf,,service_manual,,,1
f2,https://schematicheaven.net/bargainbin/dano_commando.pdf,GDR-8518A dano commando,https://schematicheaven.net/bargainbin/dano_commando.pdf,,service_manual,,,1
f3,https://schematicheaven.net/bargainbin/airline_wards_gdr-9012a.pdf,GDR-9012A airline wards gdr-9012a,https://schematicheaven.net/bargainbin/airline_wards_gdr-9012a.pdf,,service_manual,,,1
f4,https://schematicheaven.net/bargainbin/airline_wards_gim-9111a.pdf,GIM-9111A airline wards gim-9111a,https://schematicheaven.net/bargainbin/airline_wards_gim-9111a.pdf,,service_manual,,,1
f5,https://schematicheaven.net/bargainbin/airline_wards_gim-9131a.pdf,GIM-9131A airline wards gim-9131a,https://schematicheaven.net/bargainbin/airline_wards_gim-9131a.pdf,,service_manual,,,1
f6,https://schematicheaven.net/bargainbin/airline_wards_gim-9151a.pdf,GIM-9151A airline wards gim-9151a,https://schematicheaven.net/bargainbin/airline_wards_gim-9151a.pdf,,service_manual,,,1
f7,https://schematicheaven.net/bargainbin/airline_wards_gim-9171a.pdf,GIM-9171A airline wards gim-9171a,https://schematicheaven.net/bargainbin/airline_wards_gim-9171a.pdf,,service_manual,,,1
f8,https://schematicheaven.net/bargainbin/airline_wards_gvc-9002a.pdf,GVC-9002A airline wards gvc-9002a,https://schematicheaven.net/bargainbin/airline_wards_gvc-9002a.pdf,,service_manual,,,1
f9,https://schematicheaven.net/bargainbin/airline_wards_gvc-9003a.pdf,GVC-9003A airline wards gvc-9003a,https://schematicheaven.net/bargainbin/airline_wards_gvc-9003a.pdf,,service_manual,,,1
fa,https://schematicheaven.net/bargainbin/airline_wards_gvc-9017a.pdf,GVC-9017A airline wards gvc-9017a,https://schematicheaven.net/bargainbin/airline_wards_gvc-9017a.pdf,,service_manual,,,1
fb,https://schematicheaven.net/bargainbin/airline_wards_gvc-9019a.pdf,GVC-9019A airline wards gvc-9019a,https://schematicheaven.net/bargainbin/airline_wards_gvc-9019a.pdf,,service_manual,,,1
fc,https://schematicheaven.net/bargainbin/airline_wards_gvc-9045a.pdf,GVC-9045A airline wards gvc-9045a,https://schematicheaven.net/bargainbin/airline_wards_gvc-9045a.pdf,,service_manual,,,1
fd,https://schematicheaven.net/bargainbin/airline_wards_gvc-9046a.pdf,GVC-9046A airline wards gvc-9046a,https://schematicheaven.net/bargainbin/airline_wards_gvc-9046a.pdf,,service_manual,,,1
fe,https://schematicheaven.net/bargainbin/airline_wards_gvc-9048a.pdf,GVC-9048A airline wards gvc-9048a,https://schematicheaven.net/bargainbin/airline_wards_gvc-9048a.pdf,,service_manual,,,1
ff,https://schematicheaven.net/bargainbin/airline_wards_gvc-9049a.pdf,GVC-9049A airline wards gvc-9049a,https://schematicheaven.net/bargainbin/airline_wards_gvc-9049a.pdf,,service_manual,,,1
fg,https://schematicheaven.net/bargainbin/airline_wards_gvc-9052a.pdf,GVC-9052A airline wards gvc-9052a,https://schematicheaven.net/bargainbin/airline_wards_gvc-9052a.pdf,,service_manual,,,1
fh,https://schematicheaven.net/bargainbin/airline_wards_gvc-9056a.pdf,GVC-9056A airline wards gvc-9056a,https://schematicheaven.net/bargainbin/airline_wards_gvc-9056a.pdf,,service_manual,,,1
fi,https://schematicheaven.net/bargainbin/airline_wards_gvc-9058a.pdf,GVC-9058A airline wards gvc-9058a,https://schematicheaven.net/bargainbin/airline_wards_gvc-9058a.pdf,,service_manual,,,1
fj,https://schematicheaven.net/bargainbin/airline_wards_gvc-9060a.pdf,GVC-9060A airline wards gvc-9060a,https://schematicheaven.net/bargainbin/airline_wards_gvc-9060a.pdf,,service_manual,,,1
fk,https://schematicheaven.net/bargainbin/airline_wards_gvc-9064a.pdf,GVC-9064A airline wards gvc-9064a,https://schematicheaven.net/bargainbin/airline_wards_gvc-9064a.pdf,,service_manual,,,1
fl,https://schematicheaven.net/bargainbin/airline_wards_gvc-9090a_9091a.pdf,GVC-9090A/9091A airline wards gvc-9090a 9091a,https://schematicheaven.net/bargainbin/airline_wards_gvc-9090a_9091a.pdf,,service_manual,,,1
fm,https://schematicheaven.net/bargainbin/ashton_vp50.pdf,VP-50 ashton vp50,https://schematicheaven.net/bargainbin/ashton_vp50.pdf,,service_manual,,,1
fn,https://schematicheaven.net/bargainbin/ashton_vp50h.pdf,VP-50H ashton vp50h,https://schematicheaven.net/bargainbin/ashton_vp50h.pdf,,service_manual,,,1
fo,https://schematicheaven.net/bargainbin/ashton_vp100.pdf,VP-100 ashton vp100,https://schematicheaven.net/bargainbin/ashton_vp100.pdf,,service_manual,,,1
fp,https://schematicheaven.net/bargainbin/austrovox_b150.pdf,B-150 austrovox b150,https://schematicheaven.net/bargainbin/austrovox_b150.pdf,,service_manual,,,2
fq,https://schematicheaven.net/bargainbin/austrovox_deluxe50.pdf,Deluxe 50 austrovox deluxe50,https://schematicheaven.net/bargainbin/austrovox_deluxe50.pdf,,service_manual,,,2
fr,https://schematicheaven.net/bargainbin/calsel_c12w.pdf,C-12W calsel c12w,https://schematicheaven.net/bargainbin/calsel_c12w.pdf,,service_manual,,,1
fs,https://schematicheaven.net/bargainbin/dano_dm25.pdf,DM-25 dano dm25,https://schematicheaven.net/bargainbin/dano_dm25.pdf,,service_manual,,,1
ft,https://schematicheaven.net/bargainbin/danelectro_centurian_275.pdf,Centurian 275 danelectro centurian 275,https://schematicheaven.net/bargainbin/danelectro_centurian_275.pdf,,service_manual,,,2
fu,https://schematicheaven.net/bargainbin/epiphone_dano_century30_1961.pdf,Century 30 epiphone dano century30 1961,https://schematicheaven.net/bargainbin/epiphone_dano_century30_1961.pdf,,service_manual,,,1
fv,https://schematicheaven.net/bargainbin/dano_special.pdf,Special dano special,https://schematicheaven.net/bargainbin/dano_special.pdf,,service_manual,,,1
fw,https://schematicheaven.net/bargainbin/danelectro_twin15_1961.pdf,Twin 15 danelectro twin15 1961,https://schematicheaven.net/bargainbin/danelectro_twin15_1961.pdf,,service_manual,,,2
fx,https://schematicheaven.net/bargainbin/dickerson_mots_1946.pdf,MOTS Lapsteel 1946 dickerson mots 1946,https://schematicheaven.net/bargainbin/dickerson_mots_1946.pdf,,service_manual,,,2
fy,https://schematicheaven.net/bargainbin/dynacord_bassking.pdf,Bass King dynacord bassking,https://schematicheaven.net/bargainbin/dynacord_bassking.pdf,,service_manual,,,1
fz,https://schematicheaven.net/bargainbin/dynacord_eminent.pdf,Eminent dynacord eminent,https://schematicheaven.net/bargainbin/dynacord_eminent.pdf,,service_manual,,,1
g,https://schematicheaven.net/fenderamps/bassman_5e6.pdf,5E6 bassman 5e6,https://schematicheaven.net/fenderamps/bassman_5e6.pdf,,service_manual,,,2
g0,https://schematicheaven.net/bargainbin/dynacord_eminent_mv46.pdf,Eminent MV46 dynacord eminent mv46,https://schematicheaven.net/bargainbin/dynacord_eminent_mv46.pdf,,service_manual,,,1
g1,https://schematicheaven.net/bargainbin/dynacord_eminent_1.pdf,Eminent 1 dynacord eminent 1,https://schematicheaven.net/bargainbin/dynacord_eminent_1.pdf,,service_manual,,,1
g2,https://schematicheaven.net/bargainbin/dynacord_eminent_1t.pdf,Eminent 1T dynacord eminent 1t,https://schematicheaven.net/bargainbin/dynacord_eminent_1t.pdf,,service_manual,,,1
g3,https://schematicheaven.net/bargainbin/dynacord_eminent_2.pdf,Eminent 2 dynacord eminent 2,https://schematicheaven.net/bargainbin/dynacord_eminent_2.pdf,,service_manual,,,1
g4,https://schematicheaven.net/bargainbin/dynacord_eminent_2t.pdf,Eminent 2T dynacord eminent 2t,https://schematicheaven.net/bargainbin/dynacord_eminent_2t.pdf,,service_manual,,,1
g5,https://schematicheaven.net/bargainbin/dynacord_excellent.pdf,Excellent dynacord excellent,https://schematicheaven.net/bargainbin/dynacord_excellent.pdf,,service_manual,,,1
g6,https://schematicheaven.net/bargainbin/dynacord_gigant.pdf,GiGant dynacord gigant,https://schematicheaven.net/bargainbin/dynacord_gigant.pdf,,service_manual,,,1
g7,https://schematicheaven.net/bargainbin/earth_b2000_superbass.pdf,SuperBass B-2000 earth b2000 superbass,https://schematicheaven.net/bargainbin/earth_b2000_superbass.pdf,,service_manual,,,1
g8,https://schematicheaven.net/bargainbin/earth_g2000_superguitar.pdf,SuperGuitar G=2000 earth g2000 superguitar,https://schematicheaven.net/bargainbin/earth_g2000_superguitar.pdf,,service_manual,,,1
g9,https://schematicheaven.net/bargainbin/earth_pa2000_stagemaster.pdf,StageMaster PA-2000 earth pa2000 stagemaster,https://schematicheaven.net/bargainbin/earth_pa2000_stagemaster.pdf,,service_manual,,,1
ga,https://schematicheaven.net/bargainbin/eastern_amp.pdf,Guitar Amp eastern amp,https://schematicheaven.net/bargainbin/eastern_amp.pdf,,service_manual,,,1
gb,https://schematicheaven.net/bargainbin/ekosonic_120-s.pdf,120-S ekosonic 120-s,https://schematicheaven.net/bargainbin/ekosonic_120-s.pdf,,service_manual,,,1
gc,https://schematicheaven.net/bargainbin/epiphone_1940s_electar.pdf,1940's model epiphone 1940s electar,https://schematicheaven.net/bargainbin/epiphone_1940s_electar.pdf,,service_manual,,,1
gd,https://schematicheaven.net/bargainbin/electar_century_30dr.pdf,Century 30-DR electar century 30dr,https://schematicheaven.net/bargainbin/electar_century_30dr.pdf,,service_manual,,,1
ge,https://schematicheaven.net/bargainbin/electar_century_60dr.pdf,Century 60-DR electar century 60dr,https://schematicheaven.net/bargainbin/electar_century_60dr.pdf,,service_manual,,,1
gf,https://schematicheaven.net/bargainbin/electar_spartan_65r.pdf,Spartan 65-R electar spartan 65r,https://schematicheaven.net/bargainbin/electar_spartan_65r.pdf,,service_manual,,,1
gg,https://schematicheaven.net/bargainbin/electar_spartan_bass_60.pdf,Spartan Bass 60 electar spartan bass 60,https://schematicheaven.net/bargainbin/electar_spartan_bass_60.pdf,,service_manual,,,1
gh,https://schematicheaven.net/bargainbin/electar_tube_10.pdf,Tube 10 electar tube 10,https://schematicheaven.net/bargainbin/electar_tube_10.pdf,,service_manual,,,1
gi,https://schematicheaven.net/bargainbin/electar_tube_30.pdf,Tube 30 electar tube 30,https://schematicheaven.net/bargainbin/electar_tube_30.pdf,,service_manual,,,1
gj,https://schematicheaven.net/bargainbin/epi_dano_elektar_zephyr-1949.pdf,Zephyr epi dano elektar zephyr-1949,https://schematicheaven.net/bargainbin/epi_dano_elektar_zephyr-1949.pdf,,service_manual,,,2
gk,https://schematicheaven.net/bargainbin/electromuse_3.pdf,Model 3 electromuse 3,https://schematicheaven.net/bargainbin/electromuse_3.pdf,,service_manual,,,1
gl,https://schematicheaven.net/bargainbin/engle_blackmore_sig100.pdf,Blackmore sig100 engle blackmore sig100,https://schematicheaven.net/bargainbin/engle_blackmore_sig100.pdf,,service_manual,,,1
gm,https://schematicheaven.net/bargainbin/engl_e335.pdf,E-335 engl e335,https://schematicheaven.net/bargainbin/engl_e335.pdf,,service_manual,,,1
gn,https://schematicheaven.net/bargainbin/engl_e530.pdf,E-530 engl e530,https://schematicheaven.net/bargainbin/engl_e530.pdf,,service_manual,,,1
go,https://schematicheaven.net/bargainbin/engl_fireball.pdf,Fireball engl fireball,https://schematicheaven.net/bargainbin/engl_fireball.pdf,,service_manual,,,1
gp,https://schematicheaven.net/bargainbin/engle_powerball.pdf,Powerball engle powerball,https://schematicheaven.net/bargainbin/engle_powerball.pdf,,service_manual,,,2
gq,https://schematicheaven.net/bargainbin/engle_rb100_preamp.pdf,RB-100 Preamp engle rb100 preamp,https://schematicheaven.net/bargainbin/engle_rb100_preamp.pdf,,service_manual,,,1
gr,https://schematicheaven.net/bargainbin/engle_savage_120.pdf,Savage 120 engle savage 120,https://schematicheaven.net/bargainbin/engle_savage_120.pdf,,service_manual,,,1
gs,https://schematicheaven.net/bargainbin/engle_e330_ii.pdf,Screamer 50 E330-II engle e330 ii,https://schematicheaven.net/bargainbin/engle_e330_ii.pdf,,service_manual,,,1
gt,https://schematicheaven.net/bargainbin/fonica_w-701_russian1965.pdf,W-701 fonica w-701 russian1965,https://schematicheaven.net/bargainbin/fonica_w-701_russian1965.pdf,,service_manual,,,1
gu,https://schematicheaven.net/bargainbin/garnet_b90l_l90l_lilrock.pdf,B90L Lil'Rock garnet b90l l90l lilrock,https://schematicheaven.net/bargainbin/garnet_b90l_l90l_lilrock.pdf,,service_manual,,,1
gv,https://schematicheaven.net/bargainbin/garnet_b260d_bto_bass.pdf,B260D BTO Bass garnet b260d bto bass,https://schematicheaven.net/bargainbin/garnet_b260d_bto_bass.pdf,,service_manual,,,4
gw,https://schematicheaven.net/bargainbin/garnet_g12h_h-zog.pdf,G12H H-Zog garnet g12h h-zog,https://schematicheaven.net/bargainbin/garnet_g12h_h-zog.pdf,,service_manual,,,2
gx,https://schematicheaven.net/bargainbin/garnet_g15t_gnome.pdf,G15-T Gnome garnet g15t gnome,https://schematicheaven.net/bargainbin/garnet_g15t_gnome.pdf,,service_manual,,,2
gy,https://schematicheaven.net/bargainbin/garnet_g15tr_gnome.pdf,G15-TR Gnome garnet g15tr gnome,https://schematicheaven.net/bargainbin/garnet_g15tr_gnome.pdf,,service_manual,,,2
gz,https://schematicheaven.net/bargainbin/garnet_g45tr_revolution_bass.pdf,G45TR Revolution Bass garnet g45tr revolution bass,https://schematicheaven.net/bargainbin/garnet_g45tr_revolution_bass.pdf,,service_manual,,,2
h,https://schematicheaven.net/fenderamps/bassman_5e6a_schem.pdf,5E6-A bassman 5e6a schem,https://schematicheaven.net/fenderamps/bassman_5e6a_schem.pdf,,service_manual,,,2
h0,https://schematicheaven.net/bargainbin/garnet_g90tr_revolution.pdf,G90TR Revolution garnet g90tr revolution,https://schematicheaven.net/bargainbin/garnet_g90tr_revolution.pdf,,service_manual,,,2
h1,https://schematicheaven.net/bargainbin/garnet_g100_deputy.pdf,G100 Deputy garnet g100 deputy,https://schematicheaven.net/bargainbin/garnet_g100_deputy.pdf,,service_manual,,,2
h2,https://schematicheaven.net/bargainbin/garnet_g100par_rebel_pa_mixrev.pdf,G100PAR Rebel PA Mixer garnet g100par rebel pa mixrev,https://schematicheaven.net/bargainbin/garnet_g100par_rebel_pa_mixrev.pdf,,service_manual,,,1
h3,https://schematicheaven.net/bargainbin/garnet_g100tr_revolution-III.pdf,G100TR Revolution III garnet g100tr revolution-III,https://schematicheaven.net/bargainbin/garnet_g100tr_revolution-III.pdf,,service_manual,,,2
h4,https://schematicheaven.net/bargainbin/garnet_g250d_sessionman.pdf,G250D Sessionman garnet g250d sessionman,https://schematicheaven.net/bargainbin/garnet_g250d_sessionman.pdf,,service_manual,,,4
h5,https://schematicheaven.net/bargainbin/garnet_g250ftr_sessionman.pdf,G250FTR Sessionman garnet g250ftr sessionman,https://schematicheaven.net/bargainbin/garnet_g250ftr_sessionman.pdf,,service_manual,,,4
h6,https://schematicheaven.net/bargainbin/garnet_g250pa_sessionman.pdf,G250PA Sessionman garnet g250pa sessionman,https://schematicheaven.net/bargainbin/garnet_g250pa_sessionman.pdf,,service_manual,,,2
h7,https://schematicheaven.net/bargainbin/garnet_g250tr_sessionman.pdf,G250TR Sessionman garnet g250tr sessionman,https://schematicheaven.net/bargainbin/garnet_g250tr_sessionman.pdf,,service_manual,,,4
h8,https://schematicheaven.net/bargainbin/garnet_gs100r_jammer.pdf,GS100R Jammer garnet gs100r jammer,https://schematicheaven.net/bargainbin/garnet_gs100r_jammer.pdf,,service_manual,,,2
h9,https://schematicheaven.net/bargainbin/garnet_l90_b90_rebel.pdf,L90/B90 Rebel garnet l90 b90 rebel,https://schematicheaven.net/bargainbin/garnet_l90_b90_rebel.pdf,,service_manual,,,1
ha,https://schematicheaven.net/bargainbin/garnet_lb100_rebel-II.pdf,LB100 Rebel II garnet lb100 rebel-II,https://schematicheaven.net/bargainbin/garnet_lb100_rebel-II.pdf,,service_manual,,,2
hb,https://schematicheaven.net/bargainbin/garnet_lb100ft_rebel_deluxe.pdf,LB100FT Rebel Deluxe garnet lb100ft rebel deluxe,https://schematicheaven.net/bargainbin/garnet_lb100ft_rebel_deluxe.pdf,,service_manual,,,2
hc,https://schematicheaven.net/bargainbin/garnet_lb100tr_rebel_reverb.pdf,LB100TR Rebel Reverb garnet lb100tr rebel reverb,https://schematicheaven.net/bargainbin/garnet_lb100tr_rebel_reverb.pdf,,service_manual,,,2
hd,https://schematicheaven.net/bargainbin/garnet_lb190d_pro.pdf,LB190D Pro garnet lb190d pro,https://schematicheaven.net/bargainbin/garnet_lb190d_pro.pdf,,service_manual,,,2
he,https://schematicheaven.net/bargainbin/garnet_lb200f_pro200.pdf,LB200F Pro 200 garnet lb200f pro200,https://schematicheaven.net/bargainbin/garnet_lb200f_pro200.pdf,,service_manual,,,2
hf,https://schematicheaven.net/bargainbin/garnet_m90_mach5.pdf,M90 Mach 5 garnet m90 mach5,https://schematicheaven.net/bargainbin/garnet_m90_mach5.pdf,,service_manual,,,3
hg,https://schematicheaven.net/bargainbin/garnet_m100tr_mann.pdf,M100TR Mann garnet m100tr mann,https://schematicheaven.net/bargainbin/garnet_m100tr_mann.pdf,,service_manual,,,1
hh,https://schematicheaven.net/bargainbin/garnet_pa90_pa90r_rebel.pdf,PA90/90R Rebel PA garnet pa90 pa90r rebel,https://schematicheaven.net/bargainbin/garnet_pa90_pa90r_rebel.pdf,,service_manual,,,3
hi,https://schematicheaven.net/bargainbin/garnet_pa260_bto_pa.pdf,PA260 BTO PA garnet pa260 bto pa,https://schematicheaven.net/bargainbin/garnet_pa260_bto_pa.pdf,,service_manual,,,2
hj,https://schematicheaven.net/bargainbin/garnet_pmII_pa-mixer.pdf,PM-II PA Mixer garnet pmII pa-mixer,https://schematicheaven.net/bargainbin/garnet_pmII_pa-mixer.pdf,,service_manual,,,2
hk,https://schematicheaven.net/bargainbin/garnet_r90_rebel.pdf,R90 Rebel garnet r90 rebel,https://schematicheaven.net/bargainbin/garnet_r90_rebel.pdf,,service_manual,,,1
hl,https://schematicheaven.net/bargainbin/garnet_s90_swinger.pdf,S90 Swinger garnet s90 swinger,https://schematicheaven.net/bargainbin/garnet_s90_swinger.pdf,,service_manual,,,1
hm,https://schematicheaven.net/bargainbin/goldentone_1762_64_65_67.pdf,Models 1762/64/65/67 goldentone 1762 64 65 67,https://schematicheaven.net/bargainbin/goldentone_1762_64_65_67.pdf,,service_manual,,,2
hn,https://schematicheaven.net/bargainbin/gregory_mark_x.pdf,Mark X gregory mark x,https://schematicheaven.net/bargainbin/gregory_mark_x.pdf,,service_manual,,,2
ho,https://schematicheaven.net/bargainbin/gretsch_g6144.pdf,G-6144 Tube Reverb gretsch g6144,https://schematicheaven.net/bargainbin/gretsch_g6144.pdf,,service_manual,,,1
hp,https://schematicheaven.net/bargainbin/gretsch6150.pdf,G-6150 Compact gretsch6150,https://schematicheaven.net/bargainbin/gretsch6150.pdf,,service_manual,,,1
hq,https://schematicheaven.net/bargainbin/gretsch6151.pdf,G-6151 Compact gretsch6151,https://schematicheaven.net/bargainbin/gretsch6151.pdf,,service_manual,,,1
hr,https://schematicheaven.net/bargainbin/gretsch_g6155.pdf,G-6155 gretsch g6155,https://schematicheaven.net/bargainbin/gretsch_g6155.pdf,,service_manual,,,1
hs,https://schematicheaven.net/bargainbin/gretsch6157.pdf,G-6157 Super Bass gretsch6157,https://schematicheaven.net/bargainbin/gretsch6157.pdf,,service_manual,,,1
ht,https://schematicheaven.net/bargainbin/gretsch_6160.pdf,G-6160 Chet Atkins C.G. gretsch 6160,https://schematicheaven.net/bargainbin/gretsch_6160.pdf,,service_manual,,,2
hu,https://schematicheaven.net/bargainbin/gretsch6162.pdf,G-6162 Dual Twin Reverb gretsch6162,https://schematicheaven.net/bargainbin/gretsch6162.pdf,,service_manual,,,1
hv,https://schematicheaven.net/bargainbin/gretsch_6163.pdf,G-6163 Executive Preamp gretsch 6163,https://schematicheaven.net/bargainbin/gretsch_6163.pdf,,service_manual,,,2
hw,https://schematicheaven.net/bargainbin/gretsch7157.pdf,G-7157 Rogue gretsch7157,https://schematicheaven.net/bargainbin/gretsch7157.pdf,,service_manual,,,1
hx,https://schematicheaven.net/bargainbin/guild_j100.pdf,J-100 guild j100,https://schematicheaven.net/bargainbin/guild_j100.pdf,,service_manual,,,1
hy,https://schematicheaven.net/bargainbin/guild_masteramp_1959.pdf,Master guild masteramp 1959,https://schematicheaven.net/bargainbin/guild_masteramp_1959.pdf,,service_manual,,,1
hz,https://schematicheaven.net/bargainbin/hagstrom_39.pdf,39 hagstrom 39,https://schematicheaven.net/bargainbin/hagstrom_39.pdf,,service_manual,,,1
i,https://schematicheaven.net/fenderamps/bassman_5f6_schem.pdf,5F6 bassman 5f6 schem,https://schematicheaven.net/fenderamps/bassman_5f6_schem.pdf,,service_manual,,,2
i0,https://schematicheaven.net/bargainbin/hagstrom_210.pdf,210 hagstrom 210,https://schematicheaven.net/bargainbin/hagstrom_210.pdf,,service_manual,,,1
i1,https://schematicheaven.net/bargainbin/hagstrom310.pdf,310 hagstrom310,https://schematicheaven.net/bargainbin/hagstrom310.pdf,,service_manual,,,2
i2,https://schematicheaven.net/bargainbin/hagstrom_614.pdf,614 hagstrom 614,https://schematicheaven.net/bargainbin/hagstrom_614.pdf,,service_manual,,,2
i3,https://schematicheaven.net/bargainbin/hagstrom_620.pdf,620 hagstrom 620,https://schematicheaven.net/bargainbin/hagstrom_620.pdf,,service_manual,,,1
i4,https://schematicheaven.net/bargainbin/hagstrom_630.pdf,630 hagstrom 630,https://schematicheaven.net/bargainbin/hagstrom_630.pdf,,service_manual,,,1
i5,https://schematicheaven.net/bargainbin/hagstrom_840.pdf,840 hagstrom 840,https://schematicheaven.net/bargainbin/hagstrom_840.pdf,,service_manual,,,1
i6,https://schematicheaven.net/bargainbin/harmony_h200.pdf,H-200 harmony h200,https://schematicheaven.net/bargainbin/harmony_h200.pdf,,service_manual,,,1
i7,https://schematicheaven.net/bargainbin/harmony_h303a.pdf,H-303A harmony h303a,https://schematicheaven.net/bargainbin/harmony_h303a.pdf,,service_manual,,,1
i8,https://schematicheaven.net/bargainbin/harmony_h303b.pdf,H-303B harmony h303b,https://schematicheaven.net/bargainbin/harmony_h303b.pdf,,service_manual,,,1
i9,https://schematicheaven.net/bargainbin/harmony_h304a.pdf,H-304A harmony h304a,https://schematicheaven.net/bargainbin/harmony_h304a.pdf,,service_manual,,,1
ia,https://schematicheaven.net/bargainbin/harmony_h306.pdf,H-306 harmony h306,https://schematicheaven.net/bargainbin/harmony_h306.pdf,,service_manual,,,1
ib,https://schematicheaven.net/bargainbin/harmony_h306a.pdf,H-306A harmony h306a,https://schematicheaven.net/bargainbin/harmony_h306a.pdf,,service_manual,,,1
ic,https://schematicheaven.net/bargainbin/harmony_h310.pdf,H-310 harmony h310,https://schematicheaven.net/bargainbin/harmony_h310.pdf,,service_manual,,,1
id,https://schematicheaven.net/bargainbin/harmony_h311.pdf,H-311 harmony h311,https://schematicheaven.net/bargainbin/harmony_h311.pdf,,service_manual,,,1
ie,https://schematicheaven.net/bargainbin/harmony_h322.pdf,H-322 harmony h322,https://schematicheaven.net/bargainbin/harmony_h322.pdf,,service_manual,,,1
if,https://schematicheaven.net/bargainbin/harmony_h400.pdf,H-400 harmony h400,https://schematicheaven.net/bargainbin/harmony_h400.pdf,,service_manual,,,1
ig,https://schematicheaven.net/bargainbin/harmony_400a.pdf,H-400A harmony 400a,https://schematicheaven.net/bargainbin/harmony_400a.pdf,,service_manual,,,1
ih,https://schematicheaven.net/bargainbin/harmony_h410.pdf,H-410 harmony h410,https://schematicheaven.net/bargainbin/harmony_h410.pdf,,service_manual,,,1
ii,https://schematicheaven.net/bargainbin/harmony_h410a.pdf,H-410A harmony h410a,https://schematicheaven.net/bargainbin/harmony_h410a.pdf,,service_manual,,,1
ij,https://schematicheaven.net/bargainbin/harmony_h420.pdf,H-420 harmony h420,https://schematicheaven.net/bargainbin/harmony_h420.pdf,,service_manual,,,3
ik,https://schematicheaven.net/bargainbin/harmony_h440.pdf,H-440 harmony h440,https://schematicheaven.net/bargainbin/harmony_h440.pdf,,service_manual,,,1
il,https://schematicheaven.net/bargainbin/harmony_430.pdf,H-430 harmony 430,https://schematicheaven.net/bargainbin/harmony_430.pdf,,service_manual,,,1
im,https://schematicheaven.net/bargainbin/harmony_h506.pdf,H-506 harmony h506,https://schematicheaven.net/bargainbin/harmony_h506.pdf,,service_manual,,,1
in,https://schematicheaven.net/bargainbin/hohner_ca200.pdf,CA-200 hohner ca200,https://schematicheaven.net/bargainbin/hohner_ca200.pdf,,service_manual,,,1
io,https://schematicheaven.net/bargainbin/hohner_kingstar_20.pdf,Kingstar 20 hohner kingstar 20,https://schematicheaven.net/bargainbin/hohner_kingstar_20.pdf,,service_manual,,,1
ip,https://schematicheaven.net/bargainbin/impact_60-a-s.pdf,Model-60 60w impact 60-a-s,https://schematicheaven.net/bargainbin/impact_60-a-s.pdf,,service_manual,,,1
iq,https://schematicheaven.net/bargainbin/impact_60_pa-s.pdf,Model-60 PA 60w impact 60 pa-s,https://schematicheaven.net/bargainbin/impact_60_pa-s.pdf,,service_manual,,,2
ir,https://schematicheaven.net/bargainbin/impact_100.pdf,Model-100 100w impact 100,https://schematicheaven.net/bargainbin/impact_100.pdf,,service_manual,,,2
is,https://schematicheaven.net/bargainbin/impact_pa100-s.pdf,Model-100 PA 100w impact pa100-s,https://schematicheaven.net/bargainbin/impact_pa100-s.pdf,,service_manual,,,1
it,https://schematicheaven.net/bargainbin/jordan_120_140.pdf,Model 120/140 jordan 120 140,https://schematicheaven.net/bargainbin/jordan_120_140.pdf,,service_manual,,,1
iu,https://schematicheaven.net/bargainbin/kalamazoo_model-1.pdf,Model-1 kalamazoo model-1,https://schematicheaven.net/bargainbin/kalamazoo_model-1.pdf,,service_manual,,,3
iv,https://schematicheaven.net/bargainbin/kalamazoo_m2s.pdf,Model-2 kalamazoo m2s,https://schematicheaven.net/bargainbin/kalamazoo_m2s.pdf,,service_manual,,,1
iw,https://schematicheaven.net/bargainbin/kalamazoo_bass30.pdf,Bass-30 kalamazoo bass30,https://schematicheaven.net/bargainbin/kalamazoo_bass30.pdf,,service_manual,,,1
ix,https://schematicheaven.net/bargainbin/kalamazoo_bass50.pdf,Bass-50 kalamazoo bass50,https://schematicheaven.net/bargainbin/kalamazoo_bass50.pdf,,service_manual,,,1
iy,https://schematicheaven.net/bargainbin/kalamazoo_reverb_12a.pdf,Reverb-12 early kalamazoo reverb 12a,https://schematicheaven.net/bargainbin/kalamazoo_reverb_12a.pdf,,service_manual,,,1
iz,https://schematicheaven.net/bargainbin/kalamazoo_reverb_12b.pdf,Reverb-12 later kalamazoo reverb 12b,https://schematicheaven.net/bargainbin/kalamazoo_reverb_12b.pdf,,service_manual,,,1
j,https://schematicheaven.net/fenderamps/bassman_5f6a_schem.pdf,5F6-A bassman 5f6a schem,https://schematicheaven.net/fenderamps/bassman_5f6a_schem.pdf,,service_manual,,,2
j0,https://schematicheaven.net/bargainbin/kalamazoo_reverb12_original.pdf,Reverb-12 original kalamazoo reverb12 original,https://schematicheaven.net/bargainbin/kalamazoo_reverb12_original.pdf,,service_manual,,,1
j1,https://schematicheaven.net/bargainbin/kalamazoo600.pdf,Model-600 kalamazoo600,https://schematicheaven.net/bargainbin/kalamazoo600.pdf,,service_manual,,,1
j2,https://schematicheaven.net/bargainbin/kay500.pdf,K-500 kay500,https://schematicheaven.net/bargainbin/kay500.pdf,,service_manual,,,1
j3,https://schematicheaven.net/bargainbin/kay_505.pdf,K-505 kay 505,https://schematicheaven.net/bargainbin/kay_505.pdf,,service_manual,,,1
j4,https://schematicheaven.net/bargainbin/kay_506.pdf,K-506 kay 506,https://schematicheaven.net/bargainbin/kay_506.pdf,,service_manual,,,1
j5,https://schematicheaven.net/bargainbin/kay_515.pdf,K-515 kay 515,https://schematicheaven.net/bargainbin/kay_515.pdf,,service_manual,,,1
j6,https://schematicheaven.net/bargainbin/kay_520.pdf,K-520 kay 520,https://schematicheaven.net/bargainbin/kay_520.pdf,,service_manual,,,1
j7,https://schematicheaven.net/bargainbin/kay550.pdf,K-550 kay550,https://schematicheaven.net/bargainbin/kay550.pdf,,service_manual,,,1
j8,https://schematicheaven.net/bargainbin/kay610.pdf,K-610 kay610,https://schematicheaven.net/bargainbin/kay610.pdf,,service_manual,,,1
j9,https://schematicheaven.net/bargainbin/kay_700.pdf,K-700 kay 700,https://schematicheaven.net/bargainbin/kay_700.pdf,,service_manual,,,1
ja,https://schematicheaven.net/bargainbin/kay703.pdf,K-703 kay703,https://schematicheaven.net/bargainbin/kay703.pdf,,service_manual,,,1
jb,https://schematicheaven.net/bargainbin/kay703_2nd.pdf,K-703 2nd ver kay703 2nd,https://schematicheaven.net/bargainbin/kay703_2nd.pdf,,service_manual,,,1
jc,https://schematicheaven.net/bargainbin/kay704.pdf,K-704 Vanguard kay704,https://schematicheaven.net/bargainbin/kay704.pdf,,service_manual,,,1
jd,https://schematicheaven.net/bargainbin/kay704_2nd.pdf,K-704 2nd ver kay704 2nd,https://schematicheaven.net/bargainbin/kay704_2nd.pdf,,service_manual,,,1
je,https://schematicheaven.net/bargainbin/kay720.pdf,K-720 kay720,https://schematicheaven.net/bargainbin/kay720.pdf,,service_manual,,,1
jf,https://schematicheaven.net/bargainbin/kay_771-partial.pdf,K-771 (partial) kay 771-partial,https://schematicheaven.net/bargainbin/kay_771-partial.pdf,,service_manual,,,1
jg,https://schematicheaven.net/bargainbin/kay_803.pdf,K-803 kay 803,https://schematicheaven.net/bargainbin/kay_803.pdf,,service_manual,,,1
jh,https://schematicheaven.net/bargainbin/kay_805.pdf,K-805 kay 805,https://schematicheaven.net/bargainbin/kay_805.pdf,,service_manual,,,1
ji,https://schematicheaven.net/bargainbin/kay_820.pdf,K-820 kay 820,https://schematicheaven.net/bargainbin/kay_820.pdf,,service_manual,,,1
jj,https://schematicheaven.net/bargainbin/kay_830.pdf,K-H-830 kay 830,https://schematicheaven.net/bargainbin/kay_830.pdf,,service_manual,,,1
jk,https://schematicheaven.net/bargainbin/kent_2198.pdf,2198 kent 2198,https://schematicheaven.net/bargainbin/kent_2198.pdf,,service_manual,,,1
jl,https://schematicheaven.net/bargainbin/kent6605.pdf,6605 kent6605,https://schematicheaven.net/bargainbin/kent6605.pdf,,service_manual,,,1
jm,https://schematicheaven.net/bargainbin/kent6610.pdf,6610 Reverb kent6610,https://schematicheaven.net/bargainbin/kent6610.pdf,,service_manual,,,1
jn,https://schematicheaven.net/bargainbin/kent6630.pdf,6630 kent6630,https://schematicheaven.net/bargainbin/kent6630.pdf,,service_manual,,,1
jo,https://schematicheaven.net/bargainbin/kent_unknown.pdf,DR-19A kent unknown,https://schematicheaven.net/bargainbin/kent_unknown.pdf,,service_manual,,,1
jp,https://schematicheaven.net/bargainbin/lectrolab_r200.pdf,R-200 lectrolab r200,https://schematicheaven.net/bargainbin/lectrolab_r200.pdf,,service_manual,,,2
jq,https://schematicheaven.net/bargainbin/lectrolab_r400.pdf,R-400 lectrolab r400,https://schematicheaven.net/bargainbin/lectrolab_r400.pdf,,service_manual,,,1
jr,https://schematicheaven.net/bargainbin/lectrolab_r500.pdf,R-500 lectrolab r500,https://schematicheaven.net/bargainbin/lectrolab_r500.pdf,,service_manual,,,1
js,https://schematicheaven.net/bargainbin/lectrolab_r600.pdf,R-600 lectrolab r600,https://schematicheaven.net/bargainbin/lectrolab_r600.pdf,,service_manual,,,3
jt,https://schematicheaven.net/bargainbin/london_electric_250.pdf,250 london electric 250,https://schematicheaven.net/bargainbin/london_electric_250.pdf,,service_manual,,,1
ju,https://schematicheaven.net/bargainbin/magnatone_m8.pdf,M-8 magnatone m8,https://schematicheaven.net/bargainbin/magnatone_m8.pdf,,service_manual,,,1
jv,https://schematicheaven.net/bargainbin/magnatone_m10a.pdf,M-10A magnatone m10a,https://schematicheaven.net/bargainbin/magnatone_m10a.pdf,,service_manual,,,1
jw,https://schematicheaven.net/bargainbin/magnatone_26r.pdf,26R (Unique by Laub) magnatone 26r,https://schematicheaven.net/bargainbin/magnatone_26r.pdf,,service_manual,,,1
jx,https://schematicheaven.net/bargainbin/magnatone_107.pdf,107 magnatone 107,https://schematicheaven.net/bargainbin/magnatone_107.pdf,,service_manual,,,1
jy,https://schematicheaven.net/bargainbin/magnatone_109_melodier.pdf,109 magnatone 109 melodier,https://schematicheaven.net/bargainbin/magnatone_109_melodier.pdf,,service_manual,,,1
jz,https://schematicheaven.net/bargainbin/magnatone_110.pdf,110/112 magnatone 110,https://schematicheaven.net/bargainbin/magnatone_110.pdf,,service_manual,,,1
k,https://schematicheaven.net/fenderamps/bassman_6g6_schem.pdf,6G6 bassman 6g6 schem,https://schematicheaven.net/fenderamps/bassman_6g6_schem.pdf,,service_manual,,,2
k0,https://schematicheaven.net/bargainbin/magnatone_180.pdf,180 magnatone 180,https://schematicheaven.net/bargainbin/magnatone_180.pdf,,service_manual,,,1
k1,https://schematicheaven.net/bargainbin/magnatone_213.pdf,213/214 magnatone 213,https://schematicheaven.net/bargainbin/magnatone_213.pdf,,service_manual,,,1
k2,https://schematicheaven.net/bargainbin/magnatone_262.pdf,262 magnatone 262,https://schematicheaven.net/bargainbin/magnatone_262.pdf,,service_manual,,,1
k3,https://schematicheaven.net/bargainbin/magnatone_410.pdf,410 magnatone 410,https://schematicheaven.net/bargainbin/magnatone_410.pdf,,service_manual,,,1
k4,https://schematicheaven.net/bargainbin/magnatone_410rd.pdf,410RD magnatone 410rd,https://schematicheaven.net/bargainbin/magnatone_410rd.pdf,,service_manual,,,1
k5,https://schematicheaven.net/bargainbin/magnatone_custom415_1962.pdf,415 Custom magnatone custom415 1962,https://schematicheaven.net/bargainbin/magnatone_custom415_1962.pdf,,service_manual,,,1
k6,https://schematicheaven.net/bargainbin/magnatone_425.pdf,425 magnatone 425,https://schematicheaven.net/bargainbin/magnatone_425.pdf,,service_manual,,,1
k7,https://schematicheaven.net/bargainbin/magnatone_440.pdf,440 magnatone 440,https://schematicheaven.net/bargainbin/magnatone_440.pdf,,service_manual,,,5
k8,https://schematicheaven.net/bargainbin/magnatone_450.pdf,450 magnatone 450,https://schematicheaven.net/bargainbin/magnatone_450.pdf,,service_manual,,,1
k9,https://schematicheaven.net/bargainbin/magnatone_460.pdf,460 magnatone 460,https://schematicheaven.net/bargainbin/magnatone_460.pdf,,service_manual,,,1
ka,https://schematicheaven.net/bargainbin/magnatone_480.pdf,480/Custom 381 magnatone 480,https://schematicheaven.net/bargainbin/magnatone_480.pdf,,service_manual,,,1
kb,https://schematicheaven.net/bargainbin/panaramic_1220.pdf,1220 panaramic 1220,https://schematicheaven.net/bargainbin/panaramic_1220.pdf,,service_manual,,,1
kc,https://schematicheaven.net/bargainbin/magnatone_t-22.pdf,T-22 magnatone t-22,https://schematicheaven.net/bargainbin/magnatone_t-22.pdf,,service_manual,,,2
kd,https://schematicheaven.net/bargainbin/magnatone_t-32.pdf,T-32 magnatone t-32,https://schematicheaven.net/bargainbin/magnatone_t-32.pdf,,service_manual,,,1
ke,https://schematicheaven.net/bargainbin/masco_map15.pdf,MAP-15 masco map15,https://schematicheaven.net/bargainbin/masco_map15.pdf,,service_manual,,,2
kf,https://schematicheaven.net/bargainbin/masco_map18.pdf,MAP-18 masco map18,https://schematicheaven.net/bargainbin/masco_map18.pdf,,service_manual,,,4
kg,https://schematicheaven.net/bargainbin/masco_map105.pdf,MAP-105 masco map105,https://schematicheaven.net/bargainbin/masco_map105.pdf,,service_manual,,,2
kh,https://schematicheaven.net/bargainbin/masco_map105n.pdf,MAP-105N masco map105n,https://schematicheaven.net/bargainbin/masco_map105n.pdf,,service_manual,,,2
ki,https://schematicheaven.net/bargainbin/masco_map120.pdf,MAP-120 masco map120,https://schematicheaven.net/bargainbin/masco_map120.pdf,,service_manual,,,2
kj,https://schematicheaven.net/bargainbin/masco_map-120n.pdf,MAP-120N masco map-120n,https://schematicheaven.net/bargainbin/masco_map-120n.pdf,,service_manual,,,4
kk,https://schematicheaven.net/bargainbin/masco_mu17.pdf,MU-17 masco mu17,https://schematicheaven.net/bargainbin/masco_mu17.pdf,,service_manual,,,2
kl,https://schematicheaven.net/bargainbin/newcomb_model-10.pdf,Model 10 newcomb model-10,https://schematicheaven.net/bargainbin/newcomb_model-10.pdf,,service_manual,,,1
km,https://schematicheaven.net/bargainbin/nomad_mustang_130.pdf,Mustang 130 nomad mustang 130,https://schematicheaven.net/bargainbin/nomad_mustang_130.pdf,,service_manual,,,2
kn,https://schematicheaven.net/bargainbin/premier_50.pdf,Model 50 premier 50,https://schematicheaven.net/bargainbin/premier_50.pdf,,service_manual,,,3
ko,https://schematicheaven.net/bargainbin/premier_76.pdf,Model 76 premier 76,https://schematicheaven.net/bargainbin/premier_76.pdf,,service_manual,,,1
kp,https://schematicheaven.net/bargainbin/premier_88.pdf,Model 88 premier 88,https://schematicheaven.net/bargainbin/premier_88.pdf,,service_manual,,,8
kq,https://schematicheaven.net/bargainbin/multivox_bassamp_1975.pdf,Model 120 multivox bassamp 1975,https://schematicheaven.net/bargainbin/multivox_bassamp_1975.pdf,,service_manual,,,1
kr,https://schematicheaven.net/bargainbin/multivox_guitaramp_1967.pdf,Model ? Guitar 1967 multivox guitaramp 1967,https://schematicheaven.net/bargainbin/multivox_guitaramp_1967.pdf,,service_manual,,,1
ks,https://schematicheaven.net/bargainbin/premier_twin_8.pdf,Model ? Bass 1975 premier twin 8,https://schematicheaven.net/bargainbin/premier_twin_8.pdf,,service_manual,,,5
kt,https://schematicheaven.net/bargainbin/premier_b160_bassamp.pdf,B-160 Bass premier b160 bassamp,https://schematicheaven.net/bargainbin/premier_b160_bassamp.pdf,,service_manual,,,1
ku,https://schematicheaven.net/bargainbin/premier_ss30.pdf,SS-30 premier ss30,https://schematicheaven.net/bargainbin/premier_ss30.pdf,,service_manual,,,2
kv,https://schematicheaven.net/bargainbin/ray_massie_el_basso_363.pdf,El Basso 363 ray massie el basso 363,https://schematicheaven.net/bargainbin/ray_massie_el_basso_363.pdf,,service_manual,,,2
kw,https://schematicheaven.net/bargainbin/sano_dualchannel_1959.pdf,Dual Channel 1959 sano dualchannel 1959,https://schematicheaven.net/bargainbin/sano_dualchannel_1959.pdf,,service_manual,,,1
kx,https://schematicheaven.net/bargainbin/sano_1962.pdf,1962 sano 1962,https://schematicheaven.net/bargainbin/sano_1962.pdf,,service_manual,,,1
ky,https://schematicheaven.net/bargainbin/sano_16wr.pdf,16 WR sano 16wr,https://schematicheaven.net/bargainbin/sano_16wr.pdf,,service_manual,,,1
kz,https://schematicheaven.net/bargainbin/sano_20wr_25wr.pdf,20 WR sano 20wr 25wr,https://schematicheaven.net/bargainbin/sano_20wr_25wr.pdf,,service_manual,,,1
l,https://schematicheaven.net/fenderamps/bassman_aa165_schem.pdf,AA165 bassman aa165 schem,https://schematicheaven.net/fenderamps/bassman_aa165_schem.pdf,,service_manual,,,2
l0,https://schematicheaven.net/bargainbin/sano_30-50w_30-50wr.pdf,30/50 W sano 30-50w 30-50wr,https://schematicheaven.net/bargainbin/sano_30-50w_30-50wr.pdf,,service_manual,,,2
l1,https://schematicheaven.net/bargainbin/sano_30_50_WRT.pdf,30/50 WRT sano 30 50 WRT,https://schematicheaven.net/bargainbin/sano_30_50_WRT.pdf,,service_manual,,,2
l2,https://schematicheaven.net/bargainbin/sano_160r.pdf,160 R sano 160r,https://schematicheaven.net/bargainbin/sano_160r.pdf,,service_manual,,,1
l3,https://schematicheaven.net/bargainbin/sano_250r.pdf,250 R sano 250r,https://schematicheaven.net/bargainbin/sano_250r.pdf,,service_manual,,,1
l4,https://schematicheaven.net/bargainbin/sano_b18w.pdf,B18 W sano b18w,https://schematicheaven.net/bargainbin/sano_b18w.pdf,,service_manual,,,1
l5,https://schematicheaven.net/bargainbin/selmer_allpurpose_compact_30w.pdf,All Purpose Compact SV 30w selmer allpurpose compact 30w,https://schematicheaven.net/bargainbin/selmer_allpurpose_compact_30w.pdf,,service_manual,,,1
l6,https://schematicheaven.net/bargainbin/selmer_allpurpose_twin_30w.pdf,All Purpose Twin 30w selmer allpurpose twin 30w,https://schematicheaven.net/bargainbin/selmer_allpurpose_twin_30w.pdf,,service_manual,,,2
l7,https://schematicheaven.net/bargainbin/selmer_bassmaster_50w.pdf,Bassmaster 50w selmer bassmaster 50w,https://schematicheaven.net/bargainbin/selmer_bassmaster_50w.pdf,,service_manual,,,1
l8,https://schematicheaven.net/bargainbin/selmer_clavioline-68.pdf,Clavioline 1968 selmer clavioline-68,https://schematicheaven.net/bargainbin/selmer_clavioline-68.pdf,,service_manual,,,1
l9,https://schematicheaven.net/bargainbin/selmer_clavioline_concert_tonegenerator.pdf,Clavioline Concert TG selmer clavioline concert tonegenerator,https://schematicheaven.net/bargainbin/selmer_clavioline_concert_tonegenerator.pdf,,service_manual,,,1
la,https://schematicheaven.net/bargainbin/selmer_clavioline_reverb_tonegenerator.pdf,Clavioline Reverb TG selmer clavioline reverb tonegenerator,https://schematicheaven.net/bargainbin/selmer_clavioline_reverb_tonegenerator.pdf,,service_manual,,,1
lb,https://schematicheaven.net/bargainbin/selmer_constellation_20w.pdf,Constellation 20w selmer constellation 20w,https://schematicheaven.net/bargainbin/selmer_constellation_20w.pdf,,service_manual,,,1
lc,https://schematicheaven.net/bargainbin/selmer_corvette_6w.pdf,Corvette 6w selmer corvette 6w,https://schematicheaven.net/bargainbin/selmer_corvette_6w.pdf,,service_manual,,,1
ld,https://schematicheaven.net/bargainbin/selmer_corvette_tremolo_6w.pdf,Corvette Tremolo 6w selmer corvette tremolo 6w,https://schematicheaven.net/bargainbin/selmer_corvette_tremolo_6w.pdf,,service_manual,,,1
le,https://schematicheaven.net/bargainbin/selmer_diplomatreverb15w.pdf,Diplomat Reverb 15w selmer diplomatreverb15w,https://schematicheaven.net/bargainbin/selmer_diplomatreverb15w.pdf,,service_manual,,,1
lf,https://schematicheaven.net/bargainbin/selmer_futurama_caravelle_15w.pdf,Futurama Caravelle 15w selmer futurama caravelle 15w,https://schematicheaven.net/bargainbin/selmer_futurama_caravelle_15w.pdf,,service_manual,,,1
lg,https://schematicheaven.net/bargainbin/selmer_futurama_corvette_6w.pdf,Futurama Corvette 6w selmer futurama corvette 6w,https://schematicheaven.net/bargainbin/selmer_futurama_corvette_6w.pdf,,service_manual,,,1
lh,https://schematicheaven.net/bargainbin/selmer_littlegiant_mkI.pdf,Little Giant MK-I selmer littlegiant mkI,https://schematicheaven.net/bargainbin/selmer_littlegiant_mkI.pdf,,service_manual,,,1
li,https://schematicheaven.net/bargainbin/selmer_littlegiant_mkIII.pdf,Little Giant MK-III selmer littlegiant mkIII,https://schematicheaven.net/bargainbin/selmer_littlegiant_mkIII.pdf,,service_manual,,,1
lj,https://schematicheaven.net/bargainbin/selmer_mercury5w.pdf,Mercury 5w selmer mercury5w,https://schematicheaven.net/bargainbin/selmer_mercury5w.pdf,,service_manual,,,1
lk,https://schematicheaven.net/bargainbin/selmer_ss_mercury_5w.pdf,SolidState Mercury 5w selmer ss mercury 5w,https://schematicheaven.net/bargainbin/selmer_ss_mercury_5w.pdf,,service_manual,,,1
ll,https://schematicheaven.net/bargainbin/selmer_ss_mercury_tremolo_5w.pdf,SolidState Mercury Tremolo 5w selmer ss mercury tremolo 5w,https://schematicheaven.net/bargainbin/selmer_ss_mercury_tremolo_5w.pdf,,service_manual,,,1
lm,https://schematicheaven.net/bargainbin/selmer_pa100sv.pdf,PA-100 SV 100w selmer pa100sv,https://schematicheaven.net/bargainbin/selmer_pa100sv.pdf,,service_manual,,,1
ln,https://schematicheaven.net/bargainbin/selmer_pa100.pdf,PA-100 100w selmer pa100,https://schematicheaven.net/bargainbin/selmer_pa100.pdf,,service_manual,,,1
lo,https://schematicheaven.net/bargainbin/selmer_pa100_mkII.pdf,PA-100 MK-II 100w selmer pa100 mkII,https://schematicheaven.net/bargainbin/selmer_pa100_mkII.pdf,,service_manual,,,1
lp,https://schematicheaven.net/bargainbin/selmer_pa100rev_100w.pdf,PA-100 Reverb 100w selmer pa100rev 100w,https://schematicheaven.net/bargainbin/selmer_pa100rev_100w.pdf,,service_manual,,,1
lq,https://schematicheaven.net/bargainbin/selmer_pro_t12-t_8w.pdf,Pro T12-T 8w selmer pro t12-t 8w,https://schematicheaven.net/bargainbin/selmer_pro_t12-t_8w.pdf,,service_manual,,,1
lr,https://schematicheaven.net/bargainbin/selmer_rotary_selectortone_15w.pdf,Rotary Selectortone 15w selmer rotary selectortone 15w,https://schematicheaven.net/bargainbin/selmer_rotary_selectortone_15w.pdf,,service_manual,,,1
ls,https://schematicheaven.net/bargainbin/selmer_saturn_60.pdf,Saturn 60 selmer saturn 60,https://schematicheaven.net/bargainbin/selmer_saturn_60.pdf,,service_manual,,,1
lt,https://schematicheaven.net/bargainbin/selmer_selectortone_automatic_25w.pdf,Selectortone Auto 25w selmer selectortone automatic 25w,https://schematicheaven.net/bargainbin/selmer_selectortone_automatic_25w.pdf,,service_manual,,,2
lu,https://schematicheaven.net/bargainbin/selmer_selectortone_twin.pdf,Selectortone Twin selmer selectortone twin,https://schematicheaven.net/bargainbin/selmer_selectortone_twin.pdf,,service_manual,,,2
lv,https://schematicheaven.net/bargainbin/selmer_stadium_14.pdf,Stadium 14 14w selmer stadium 14,https://schematicheaven.net/bargainbin/selmer_stadium_14.pdf,,service_manual,,,2
lw,https://schematicheaven.net/bargainbin/selmer_stadiumtv19t14w.pdf,Stadium TV19T 14w selmer stadiumtv19t14w,https://schematicheaven.net/bargainbin/selmer_stadiumtv19t14w.pdf,,service_manual,,,1
lx,https://schematicheaven.net/bargainbin/selmer_stereomaster_2x50w.pdf,Stereomaster 2x 50w selmer stereomaster 2x50w,https://schematicheaven.net/bargainbin/selmer_stereomaster_2x50w.pdf,,service_manual,,,1
ly,https://schematicheaven.net/bargainbin/selmer_tbird_twin_30w.pdf,Thunderbird Twin 30w selmer tbird twin 30w,https://schematicheaven.net/bargainbin/selmer_tbird_twin_30w.pdf,,service_manual,,,1
lz,https://schematicheaven.net/bargainbin/selmer_tbird_twin_50w.pdf,Thunderbird Twin 50w selmer tbird twin 50w,https://schematicheaven.net/bargainbin/selmer_tbird_twin_50w.pdf,,service_manual,,,1
m,https://schematicheaven.net/fenderamps/bassman_aa270_schem.pdf,AA270 bassman aa270 schem,https://schematicheaven.net/fenderamps/bassman_aa270_schem.pdf,,service_manual,,,1
m0,https://schematicheaven.net/bargainbin/selmer_treblenbass_mkI.pdf,Treble/Bass MK-I 50w selmer treblenbass mkI,https://schematicheaven.net/bargainbin/selmer_treblenbass_mkI.pdf,,service_manual,,,2
m1,https://schematicheaven.net/bargainbin/selmer_treblenbass_mkII_50w.pdf,Treble/Bass MK-II 50w selmer treblenbass mkII 50w,https://schematicheaven.net/bargainbin/selmer_treblenbass_mkII_50w.pdf,,service_manual,,,1
m2,https://schematicheaven.net/bargainbin/selmer_treblenbassmkiii.pdf,Treble/Bass MK-III selmer treblenbassmkiii,https://schematicheaven.net/bargainbin/selmer_treblenbassmkiii.pdf,,service_manual,,,1
m3,https://schematicheaven.net/bargainbin/selmer_treblenbasssv50w.pdf,Treble/Bass SV 50w selmer treblenbasssv50w,https://schematicheaven.net/bargainbin/selmer_treblenbasssv50w.pdf,,service_manual,,,1
m4,https://schematicheaven.net/bargainbin/selmer_treblenbassreverbsv50w.pdf,Treble/Bass Reverb SV 50w selmer treblenbassreverbsv50w,https://schematicheaven.net/bargainbin/selmer_treblenbassreverbsv50w.pdf,,service_manual,,,1
m5,https://schematicheaven.net/bargainbin/selmer_treblenbasssv100w.pdf,Treble/Bass SV 100w selmer treblenbasssv100w,https://schematicheaven.net/bargainbin/selmer_treblenbasssv100w.pdf,,service_manual,,,1
m6,https://schematicheaven.net/bargainbin/selmer_treblenbass_100w.pdf,Treble/Bass 100w selmer treblenbass 100w,https://schematicheaven.net/bargainbin/selmer_treblenbass_100w.pdf,,service_manual,,,1
m7,https://schematicheaven.net/bargainbin/selmer_triumph_reverb_10w.pdf,Triumph Reverb 10w selmer triumph reverb 10w,https://schematicheaven.net/bargainbin/selmer_triumph_reverb_10w.pdf,,service_manual,,,1
m8,https://schematicheaven.net/bargainbin/selmer_tv6.pdf,TV-6 selmer tv6,https://schematicheaven.net/bargainbin/selmer_tv6.pdf,,service_manual,,,1
m9,https://schematicheaven.net/bargainbin/selmer_tv15.pdf,TV-15 selmer tv15,https://schematicheaven.net/bargainbin/selmer_tv15.pdf,,service_manual,,,1
ma,https://schematicheaven.net/bargainbin/selmer_tv20.pdf,TV-20 selmer tv20,https://schematicheaven.net/bargainbin/selmer_tv20.pdf,,service_manual,,,1
mb,https://schematicheaven.net/bargainbin/selmer_vanguard_15w.pdf,Vanguard 15w selmer vanguard 15w,https://schematicheaven.net/bargainbin/selmer_vanguard_15w.pdf,,service_manual,,,1
mc,https://schematicheaven.net/bargainbin/selmer_zenith_50w.pdf,Zenith 50w selmer zenith 50w,https://schematicheaven.net/bargainbin/selmer_zenith_50w.pdf,,service_manual,,,1
md,https://schematicheaven.net/bargainbin/selmer_zenith_100w.pdf,Zenith 100w selmer zenith 100w,https://schematicheaven.net/bargainbin/selmer_zenith_100w.pdf,,service_manual,,,1
me,https://schematicheaven.net/bargainbin/selmer_zodiacmkii50w.pdf,Zodiac MK-II 50w selmer zodiacmkii50w,https://schematicheaven.net/bargainbin/selmer_zodiacmkii50w.pdf,,service_manual,,,1
mf,https://schematicheaven.net/bargainbin/selmer_zodiacsv50w.pdf,Zodiac SV 50w selmer zodiacsv50w,https://schematicheaven.net/bargainbin/selmer_zodiacsv50w.pdf,,service_manual,,,1
mg,https://schematicheaven.net/bargainbin/selmer_zodiacsv100w.pdf,Zodiac SV 100w selmer zodiacsv100w,https://schematicheaven.net/bargainbin/selmer_zodiacsv100w.pdf,,service_manual,,,1
mh,https://schematicheaven.net/bargainbin/show_bud_singlechannel.pdf,Single Channel show bud singlechannel,https://schematicheaven.net/bargainbin/show_bud_singlechannel.pdf,,service_manual,,,1
mi,https://schematicheaven.net/bargainbin/silvertone1263.pdf,1263 silvertone1263,https://schematicheaven.net/bargainbin/silvertone1263.pdf,,service_manual,,,1
mj,https://schematicheaven.net/bargainbin/silvertone_1300.pdf,1300 silvertone 1300,https://schematicheaven.net/bargainbin/silvertone_1300.pdf,,service_manual,,,1
mk,https://schematicheaven.net/bargainbin/silvertone_1301.pdf,1301 silvertone 1301,https://schematicheaven.net/bargainbin/silvertone_1301.pdf,,service_manual,,,2
ml,https://schematicheaven.net/bargainbin/silvertone_1303.pdf,1303 silvertone 1303,https://schematicheaven.net/bargainbin/silvertone_1303.pdf,,service_manual,,,1
mm,https://schematicheaven.net/bargainbin/silvertone_1306.pdf,1306 silvertone 1306,https://schematicheaven.net/bargainbin/silvertone_1306.pdf,,service_manual,,,1
mn,https://schematicheaven.net/bargainbin/silvertone_1333.pdf,1333 silvertone 1333,https://schematicheaven.net/bargainbin/silvertone_1333.pdf,,service_manual,,,1
mo,https://schematicheaven.net/bargainbin/silvertone1344.pdf,1344 silvertone1344,https://schematicheaven.net/bargainbin/silvertone1344.pdf,,service_manual,,,2
mp,https://schematicheaven.net/bargainbin/silvertone_1392_1956-58.pdf,1392 silvertone 1392 1956-58,https://schematicheaven.net/bargainbin/silvertone_1392_1956-58.pdf,,service_manual,,,1
mq,https://schematicheaven.net/bargainbin/silvertone_1396.pdf,1396 silvertone 1396,https://schematicheaven.net/bargainbin/silvertone_1396.pdf,,service_manual,,,1
mr,https://schematicheaven.net/bargainbin/silvertone_1421.pdf,1421 silvertone 1421,https://schematicheaven.net/bargainbin/silvertone_1421.pdf,,service_manual,,,2
ms,https://schematicheaven.net/bargainbin/silvertone1430.pdf,1430 silvertone1430,https://schematicheaven.net/bargainbin/silvertone1430.pdf,,service_manual,,,1
mt,https://schematicheaven.net/bargainbin/silvertone_1433_manual.pdf,1433 silvertone 1433 manual,https://schematicheaven.net/bargainbin/silvertone_1433_manual.pdf,,service_manual,,,4
mu,https://schematicheaven.net/bargainbin/silvertone_1448.pdf,1448 silvertone 1448,https://schematicheaven.net/bargainbin/silvertone_1448.pdf,,service_manual,,,2
mv,https://schematicheaven.net/bargainbin/silvertone_1449.pdf,1449 silvertone 1449,https://schematicheaven.net/bargainbin/silvertone_1449.pdf,,service_manual,,,2
mw,https://schematicheaven.net/bargainbin/silvertone_1449_1457.pdf,1449/1457 silvertone 1449 1457,https://schematicheaven.net/bargainbin/silvertone_1449_1457.pdf,,service_manual,,,1
mx,https://schematicheaven.net/bargainbin/silvertone_1471.pdf,1471 silvertone 1471,https://schematicheaven.net/bargainbin/silvertone_1471.pdf,,service_manual,,,1
my,https://schematicheaven.net/bargainbin/silvertone1472.pdf,1472 silvertone1472,https://schematicheaven.net/bargainbin/silvertone1472.pdf,,service_manual,,,1
mz,https://schematicheaven.net/bargainbin/silvertone1474.pdf,1474 silvertone1474,https://schematicheaven.net/bargainbin/silvertone1474.pdf,,service_manual,,,1
n,https://schematicheaven.net/fenderamps/bassman_aa371_schem.pdf,AA371 bassman aa371 schem,https://schematicheaven.net/fenderamps/bassman_aa371_schem.pdf,,service_manual,,,2
n0,https://schematicheaven.net/bargainbin/silvertone_1481.pdf,1481 silvertone 1481,https://schematicheaven.net/bargainbin/silvertone_1481.pdf,,service_manual,,,1
n1,https://schematicheaven.net/bargainbin/silvertone1482.pdf,1482 silvertone1482,https://schematicheaven.net/bargainbin/silvertone1482.pdf,,service_manual,,,1
n2,https://schematicheaven.net/bargainbin/silvertone1482scan.pdf,1482-a silvertone1482scan,https://schematicheaven.net/bargainbin/silvertone1482scan.pdf,,service_manual,,,1
n3,https://schematicheaven.net/bargainbin/silvertone1483.pdf,1483 silvertone1483,https://schematicheaven.net/bargainbin/silvertone1483.pdf,,service_manual,,,1
n4,https://schematicheaven.net/bargainbin/silvertone1484.pdf,1484 silvertone1484,https://schematicheaven.net/bargainbin/silvertone1484.pdf,,service_manual,,,1
n5,https://schematicheaven.net/bargainbin/silvertone1485.pdf,1485 silvertone1485,https://schematicheaven.net/bargainbin/silvertone1485.pdf,,service_manual,,,1
n6,https://schematicheaven.net/bargainbin/solton_bv60.pdf,BV-60 solton bv60,https://schematicheaven.net/bargainbin/solton_bv60.pdf,,service_manual,,,2
n7,https://schematicheaven.net/bargainbin/solton_bv150.pdf,BV-150 solton bv150,https://schematicheaven.net/bargainbin/solton_bv150.pdf,,service_manual,,,2
n8,https://schematicheaven.net/bargainbin/soundcity_concord.pdf,Concord soundcity concord,https://schematicheaven.net/bargainbin/soundcity_concord.pdf,,service_manual,,,1
n9,https://schematicheaven.net/bargainbin/soundcity50plus.pdf,LB-50 Plus soundcity50plus,https://schematicheaven.net/bargainbin/soundcity50plus.pdf,,service_manual,,,1
na,https://schematicheaven.net/bargainbin/soundcity_100b.pdf,LB-100 soundcity 100b,https://schematicheaven.net/bargainbin/soundcity_100b.pdf,,service_manual,,,1
nb,https://schematicheaven.net/bargainbin/soundcity_120.pdf,LB-120 soundcity 120,https://schematicheaven.net/bargainbin/soundcity_120.pdf,,service_manual,,,1
nc,https://schematicheaven.net/bargainbin/soundcity_120_miv.pdf,LB-120 Mk IV soundcity 120 miv,https://schematicheaven.net/bargainbin/soundcity_120_miv.pdf,,service_manual,,,1
nd,https://schematicheaven.net/bargainbin/soundcity_mod.pdf,LB-120 Mk IV Mods soundcity mod,https://schematicheaven.net/bargainbin/soundcity_mod.pdf,,service_manual,,,1
ne,https://schematicheaven.net/bargainbin/soundcity_bass150.pdf,LB-150 soundcity bass150,https://schematicheaven.net/bargainbin/soundcity_bass150.pdf,,service_manual,,,1
nf,https://schematicheaven.net/bargainbin/hiwatt_soundcity_sc105.pdf,SC-105 hiwatt soundcity sc105,https://schematicheaven.net/bargainbin/hiwatt_soundcity_sc105.pdf,,service_manual,,,1
ng,https://schematicheaven.net/bargainbin/soundcity_smf_tour.pdf,SMF-Tour soundcity smf tour,https://schematicheaven.net/bargainbin/soundcity_smf_tour.pdf,,service_manual,,,3
nh,https://schematicheaven.net/bargainbin/standel_pb100_artist_imperial.pdf,Artist standel pb100 artist imperial,https://schematicheaven.net/bargainbin/standel_pb100_artist_imperial.pdf,,service_manual,,,2
ni,https://schematicheaven.net/bargainbin/standel_artistreverb_studio.pdf,Artist Reverb standel artistreverb studio,https://schematicheaven.net/bargainbin/standel_artistreverb_studio.pdf,,service_manual,,,4
nj,https://schematicheaven.net/bargainbin/standel_custom_studiobass.pdf,Custom Bass standel custom studiobass,https://schematicheaven.net/bargainbin/standel_custom_studiobass.pdf,,service_manual,,,4
nk,https://schematicheaven.net/bargainbin/standel_custom_studioguitar.pdf,Custom Guitar standel custom studioguitar,https://schematicheaven.net/bargainbin/standel_custom_studioguitar.pdf,,service_manual,,,4
nl,https://schematicheaven.net/bargainbin/standel_fb5.pdf,FB-5 5-Band Graphic EQ standel fb5,https://schematicheaven.net/bargainbin/standel_fb5.pdf,,service_manual,,,1
nm,https://schematicheaven.net/bargainbin/standel_pa6_pr4.pdf,PA-6 6-CH PA Mixer standel pa6 pr4,https://schematicheaven.net/bargainbin/standel_pa6_pr4.pdf,,service_manual,,,3
nn,https://schematicheaven.net/bargainbin/standel_mc2g.pdf,MC2G Guitar standel mc2g,https://schematicheaven.net/bargainbin/standel_mc2g.pdf,,service_manual,,,3
no,https://schematicheaven.net/bargainbin/standel_mc6.pdf,MC-6 6-CH Mixer standel mc6,https://schematicheaven.net/bargainbin/standel_mc6.pdf,,service_manual,,,3
np,https://schematicheaven.net/bargainbin/standel_colored_expoxy_modules.pdf,Colored Expoxy Modules standel colored expoxy modules,https://schematicheaven.net/bargainbin/standel_colored_expoxy_modules.pdf,,service_manual,,,6
nq,https://schematicheaven.net/bargainbin/studiomaster_valve_leadmaster.pdf,Valve Lead Master studiomaster valve leadmaster,https://schematicheaven.net/bargainbin/studiomaster_valve_leadmaster.pdf,,service_manual,,,1
nr,https://schematicheaven.net/bargainbin/supro_1946.pdf,1946 supro 1946,https://schematicheaven.net/bargainbin/supro_1946.pdf,,service_manual,,,1
ns,https://schematicheaven.net/bargainbin/supro_1947.pdf,1947 supro 1947,https://schematicheaven.net/bargainbin/supro_1947.pdf,,service_manual,,,1
nt,https://schematicheaven.net/bargainbin/supro_1959.pdf,1959 supro 1959,https://schematicheaven.net/bargainbin/supro_1959.pdf,,service_manual,,,1
nu,https://schematicheaven.net/bargainbin/supro_supreme.pdf,Supreme supro supreme,https://schematicheaven.net/bargainbin/supro_supreme.pdf,,service_manual,,,1
nv,https://schematicheaven.net/bargainbin/supro_thunderbolt_s6420.pdf,S6420 Thunderbolt supro thunderbolt s6420,https://schematicheaven.net/bargainbin/supro_thunderbolt_s6420.pdf,,service_manual,,,3
nw,https://schematicheaven.net/bargainbin/supro_s6424.pdf,S6424 supro s6424,https://schematicheaven.net/bargainbin/supro_s6424.pdf,,service_manual,,,1
nx,https://schematicheaven.net/bargainbin/supro_s6606.pdf,S6606 supro s6606,https://schematicheaven.net/bargainbin/supro_s6606.pdf,,service_manual,,,1
ny,https://schematicheaven.net/bargainbin/supro_s6611.pdf,S6611 supro s6611,https://schematicheaven.net/bargainbin/supro_s6611.pdf,,service_manual,,,1
nz,https://schematicheaven.net/bargainbin/supro_s6616.pdf,S6616 supro s6616,https://schematicheaven.net/bargainbin/supro_s6616.pdf,,service_manual,,,1
o,https://schematicheaven.net/fenderamps/bassman_aa864_schem.pdf,AA864 bassman aa864 schem,https://schematicheaven.net/fenderamps/bassman_aa864_schem.pdf,,service_manual,,,2
o0,https://schematicheaven.net/bargainbin/supro_s6622.pdf,S6622 supro s6622,https://schematicheaven.net/bargainbin/supro_s6622.pdf,,service_manual,,,1
o1,https://schematicheaven.net/bargainbin/supro_s6625.pdf,S6625 supro s6625,https://schematicheaven.net/bargainbin/supro_s6625.pdf,,service_manual,,,1
o2,https://schematicheaven.net/bargainbin/supro_s6651.pdf,S6651 supro s6651,https://schematicheaven.net/bargainbin/supro_s6651.pdf,,service_manual,,,1
o3,https://schematicheaven.net/bargainbin/supro_s6688.pdf,S6688 supro s6688,https://schematicheaven.net/bargainbin/supro_s6688.pdf,,service_manual,,,1
o4,https://schematicheaven.net/bargainbin/supro_s6698.pdf,S6698 supro s6698,https://schematicheaven.net/bargainbin/supro_s6698.pdf,,service_manual,,,1
o5,https://schematicheaven.net/bargainbin/teisco_checkmate_18.pdf,Checkmate 18 teisco checkmate 18,https://schematicheaven.net/bargainbin/teisco_checkmate_18.pdf,,service_manual,,,1
o6,https://schematicheaven.net/bargainbin/teisco_checkmate_20.pdf,Checkmate 20 teisco checkmate 20,https://schematicheaven.net/bargainbin/teisco_checkmate_20.pdf,,service_manual,,,1
o7,https://schematicheaven.net/bargainbin/telray_supernova.pdf,Supernova telray supernova,https://schematicheaven.net/bargainbin/telray_supernova.pdf,,service_manual,,,4
o8,https://schematicheaven.net/bargainbin/torres_supertexan_rev_st-6.pdf,Super Texan Rev ST-6 torres supertexan rev st-6,https://schematicheaven.net/bargainbin/torres_supertexan_rev_st-6.pdf,,service_manual,,,1
o9,https://schematicheaven.net/bargainbin/transatlantic_bassman.pdf,Bassman transatlantic bassman,https://schematicheaven.net/bargainbin/transatlantic_bassman.pdf,,service_manual,,,1
oa,https://schematicheaven.net/bargainbin/traynor_bassmaster_yba1.pdf,yba1 Bass Master traynor bassmaster yba1,https://schematicheaven.net/bargainbin/traynor_bassmaster_yba1.pdf,,service_manual,,,2
ob,https://schematicheaven.net/bargainbin/traynor_bassmaster_mkii_yba1.pdf,yba1 Bass Master MKII traynor bassmaster mkii yba1,https://schematicheaven.net/bargainbin/traynor_bassmaster_mkii_yba1.pdf,,service_manual,,,3
oc,https://schematicheaven.net/bargainbin/traynor_bassmaster_mkii_yba1_manual.pdf,yba1 Bass Master MKII Manual traynor bassmaster mkii yba1 manual,https://schematicheaven.net/bargainbin/traynor_bassmaster_mkii_yba1_manual.pdf,,service_manual,,,12
od,https://schematicheaven.net/bargainbin/traynor_bassmate_yba2.pdf,yba2 Bass Master traynor bassmate yba2,https://schematicheaven.net/bargainbin/traynor_bassmate_yba2.pdf,,service_manual,,,1
oe,https://schematicheaven.net/bargainbin/traynor_bassmate_yba2b_manual.pdf,yba2b Bass Master Manual traynor bassmate yba2b manual,https://schematicheaven.net/bargainbin/traynor_bassmate_yba2b_manual.pdf,,service_manual,,,5
of,https://schematicheaven.net/bargainbin/traynor_customspecial_yba3.pdf,yba3 Custom Special traynor customspecial yba3,https://schematicheaven.net/bargainbin/traynor_customspecial_yba3.pdf,,service_manual,,,3
og,https://schematicheaven.net/bargainbin/traynor_customspecial_yba3_manual.pdf,yba3 Custom Special Manual traynor customspecial yba3 manual,https://schematicheaven.net/bargainbin/traynor_customspecial_yba3_manual.pdf,,service_manual,,,5
oh,https://schematicheaven.net/bargainbin/traynor_customspecial_yba3a_manual.pdf,yba3a Custom Special Manual traynor customspecial yba3a manual,https://schematicheaven.net/bargainbin/traynor_customspecial_yba3a_manual.pdf,,service_manual,,,6
oi,https://schematicheaven.net/bargainbin/traynor_bassmaster_yba4.pdf,yba4 Bass Master traynor bassmaster yba4,https://schematicheaven.net/bargainbin/traynor_bassmaster_yba4.pdf,,service_manual,,,1
oj,https://schematicheaven.net/bargainbin/traynor_bassmaster_yba4_manual.pdf,yba4 Bass Master Manual traynor bassmaster yba4 manual,https://schematicheaven.net/bargainbin/traynor_bassmaster_yba4_manual.pdf,,service_manual,,,4
ok,https://schematicheaven.net/bargainbin/traynor_bassmaster_yba5.pdf,yba5 Bass Master traynor bassmaster yba5,https://schematicheaven.net/bargainbin/traynor_bassmaster_yba5.pdf,,service_manual,,,1
ol,https://schematicheaven.net/bargainbin/traynor_signature_yga1.pdf,yga1 Signature traynor signature yga1,https://schematicheaven.net/bargainbin/traynor_signature_yga1.pdf,,service_manual,,,2
om,https://schematicheaven.net/bargainbin/traynor_markiii_ygl3_manual.pdf,ygl3 Mark III Manual traynor markiii ygl3 manual,https://schematicheaven.net/bargainbin/traynor_markiii_ygl3_manual.pdf,,service_manual,,,11
on,https://schematicheaven.net/bargainbin/traynor_markiii_ygl3a_manual.pdf,ygl3a Mark III Manual traynor markiii ygl3a manual,https://schematicheaven.net/bargainbin/traynor_markiii_ygl3a_manual.pdf,,service_manual,,,5
oo,https://schematicheaven.net/bargainbin/traynor_guitarmaterev_ygm1.pdf,ygm1 Guitarmate Reverb traynor guitarmaterev ygm1,https://schematicheaven.net/bargainbin/traynor_guitarmaterev_ygm1.pdf,,service_manual,,,1
op,https://schematicheaven.net/bargainbin/traynor_guitarmate_ygm2.pdf,ygm2 Guitarmate traynor guitarmate ygm2,https://schematicheaven.net/bargainbin/traynor_guitarmate_ygm2.pdf,,service_manual,,,1
oq,https://schematicheaven.net/bargainbin/traynor_guitarmate_ygm3.pdf,ygm3 Guitar Mate traynor guitarmate ygm3,https://schematicheaven.net/bargainbin/traynor_guitarmate_ygm3.pdf,,service_manual,,,4
or,https://schematicheaven.net/bargainbin/traynor_ygm3_4.pdf,ygm3/4 Guitar Mate traynor ygm3 4,https://schematicheaven.net/bargainbin/traynor_ygm3_4.pdf,,service_manual,,,1
os,https://schematicheaven.net/bargainbin/traynor_poweramp_ypm1.pdf,ypm1 Poweramp traynor poweramp ypm1,https://schematicheaven.net/bargainbin/traynor_poweramp_ypm1.pdf,,service_manual,,,1
ot,https://schematicheaven.net/bargainbin/traynor_reverbmaster_yrm1.pdf,yrm1 Reverb Master traynor reverbmaster yrm1,https://schematicheaven.net/bargainbin/traynor_reverbmaster_yrm1.pdf,,service_manual,,,1
ou,https://schematicheaven.net/bargainbin/traynor_customreverb_ysr1.pdf,ysr1 Custom Reverb traynor customreverb ysr1,https://schematicheaven.net/bargainbin/traynor_customreverb_ysr1.pdf,,service_manual,,,2
ov,https://schematicheaven.net/bargainbin/traynor_voicemaster_yvm1.pdf,yvm1 Voice Master traynor voicemaster yvm1,https://schematicheaven.net/bargainbin/traynor_voicemaster_yvm1.pdf,,service_manual,,,1
ow,https://schematicheaven.net/bargainbin/traynor_voicemate_yvm2.pdf,yvm2 Voicemate traynor voicemate yvm2,https://schematicheaven.net/bargainbin/traynor_voicemate_yvm2.pdf,,service_manual,,,1
ox,https://schematicheaven.net/bargainbin/traynor_voicemxr_yvm3.pdf,yvm3 Voice Mixer traynor voicemxr yvm3,https://schematicheaven.net/bargainbin/traynor_voicemxr_yvm3.pdf,,service_manual,,,1
oy,https://schematicheaven.net/bargainbin/traynor_voicemxr_yvm4.pdf,yvm4 Voice Mixer traynor voicemxr yvm4,https://schematicheaven.net/bargainbin/traynor_voicemxr_yvm4.pdf,,service_manual,,,1
oz,https://schematicheaven.net/bargainbin/traynor_voicemxr_yvm6.pdf,yvm6 Voice Mixer traynor voicemxr yvm6,https://schematicheaven.net/bargainbin/traynor_voicemxr_yvm6.pdf,,service_manual,,,1
p,https://schematicheaven.net/fenderamps/bassman_ab165_schem.pdf,AB165 bassman ab165 schem,https://schematicheaven.net/fenderamps/bassman_ab165_schem.pdf,,service_manual,,,2
p0,https://schematicheaven.net/bargainbin/traynor_voicemxr_mx6400.pdf,MX-6400 Voice Mixer traynor voicemxr mx6400,https://schematicheaven.net/bargainbin/traynor_voicemxr_mx6400.pdf,,service_manual,,,1
p1,https://schematicheaven.net/bargainbin/traynor_ps600_manual.pdf,PS-600 Manual traynor ps600 manual,https://schematicheaven.net/bargainbin/traynor_ps600_manual.pdf,,service_manual,,,17
p2,https://schematicheaven.net/bargainbin/traynor_monoblock_II.pdf,Monoblock-II traynor monoblock II,https://schematicheaven.net/bargainbin/traynor_monoblock_II.pdf,,service_manual,,,2
p3,https://schematicheaven.net/bargainbin/traynor_guitaramp_ts10.pdf,TS-10 traynor guitaramp ts10,https://schematicheaven.net/bargainbin/traynor_guitaramp_ts10.pdf,,service_manual,,,1
p4,https://schematicheaven.net/bargainbin/traynor_guitaramp_ts15_iss4.pdf,TS-15 Issue4 traynor guitaramp ts15 iss4,https://schematicheaven.net/bargainbin/traynor_guitaramp_ts15_iss4.pdf,,service_manual,,,1
p5,https://schematicheaven.net/bargainbin/traynor_guitaramp_ts15_iss6.pdf,TS-15 Issue6 traynor guitaramp ts15 iss6,https://schematicheaven.net/bargainbin/traynor_guitaramp_ts15_iss6.pdf,,service_manual,,,1
p6,https://schematicheaven.net/bargainbin/traynor_guitaramp_ts50.pdf,TS-50 traynor guitaramp ts50,https://schematicheaven.net/bargainbin/traynor_guitaramp_ts50.pdf,,service_manual,,,1
p7,https://schematicheaven.net/bargainbin/traynor_bass_ts50B.pdf,TS-50B Bass traynor bass ts50B,https://schematicheaven.net/bargainbin/traynor_bass_ts50B.pdf,,service_manual,,,1
p8,https://schematicheaven.net/bargainbin/traynor_ts60b.pdf,TS-60B Bass> traynor ts60b,https://schematicheaven.net/bargainbin/traynor_ts60b.pdf,,service_manual,,,1
p9,https://schematicheaven.net/bargainbin/traynor_guitaramp_ts100.pdf,TS-100 traynor guitaramp ts100,https://schematicheaven.net/bargainbin/traynor_guitaramp_ts100.pdf,,service_manual,,,1
pa,https://schematicheaven.net/bargainbin/traynor_bass_ts120b_iss6.pdf,TS-120B Bass Issue6 traynor bass ts120b iss6,https://schematicheaven.net/bargainbin/traynor_bass_ts120b_iss6.pdf,,service_manual,,,1
pb,https://schematicheaven.net/bargainbin/traynor_guitaramp_ts125_iss2.pdf,TS-125 Issue2 traynor guitaramp ts125 iss2,https://schematicheaven.net/bargainbin/traynor_guitaramp_ts125_iss2.pdf,,service_manual,,,1
pc,https://schematicheaven.net/bargainbin/traynor_poweramp_ts200.pdf,TS-200 Poweramp traynor poweramp ts200,https://schematicheaven.net/bargainbin/traynor_poweramp_ts200.pdf,,service_manual,,,1
pd,https://schematicheaven.net/bargainbin/univox_25w_amp.pdf,25w univox 25w amp,https://schematicheaven.net/bargainbin/univox_25w_amp.pdf,,service_manual,,,1
pe,https://schematicheaven.net/bargainbin/univox_stage_750b.pdf,Stage 750-B univox stage 750b,https://schematicheaven.net/bargainbin/univox_stage_750b.pdf,,service_manual,,,1
pf,https://schematicheaven.net/bargainbin/univox1000.pdf,U-1000 univox1000,https://schematicheaven.net/bargainbin/univox1000.pdf,,service_manual,,,1
pg,https://schematicheaven.net/bargainbin/univox1011.pdf,U-1011 univox1011,https://schematicheaven.net/bargainbin/univox1011.pdf,,service_manual,,,1
ph,https://schematicheaven.net/bargainbin/univox1050bass.pdf,U-1050 Bass univox1050bass,https://schematicheaven.net/bargainbin/univox1050bass.pdf,,service_manual,,,1
pi,https://schematicheaven.net/bargainbin/univox1061.pdf,U-1061 univox1061,https://schematicheaven.net/bargainbin/univox1061.pdf,,service_manual,,,1
pj,https://schematicheaven.net/bargainbin/univox1075.pdf,U-1075 univox1075,https://schematicheaven.net/bargainbin/univox1075.pdf,,service_manual,,,1
pk,https://schematicheaven.net/bargainbin/univox1086.pdf,U-1086 univox1086,https://schematicheaven.net/bargainbin/univox1086.pdf,,service_manual,,,1
pl,https://schematicheaven.net/bargainbin/univox1221.pdf,U-1221 univox1221,https://schematicheaven.net/bargainbin/univox1221.pdf,,service_manual,,,1
pm,https://schematicheaven.net/bargainbin/univox1226.pdf,U-1226 univox1226,https://schematicheaven.net/bargainbin/univox1226.pdf,,service_manual,,,1
pn,https://schematicheaven.net/bargainbin/univox1236.pdf,U-1236 univox1236,https://schematicheaven.net/bargainbin/univox1236.pdf,,service_manual,,,1
po,https://schematicheaven.net/bargainbin/univox1246.pdf,U-1246 univox1246,https://schematicheaven.net/bargainbin/univox1246.pdf,,service_manual,,,1
pp,https://schematicheaven.net/bargainbin/univox250pb.pdf,U-250pb univox250pb,https://schematicheaven.net/bargainbin/univox250pb.pdf,,service_manual,,,1
pq,https://schematicheaven.net/bargainbin/univox255r.pdf,U-255r univox255r,https://schematicheaven.net/bargainbin/univox255r.pdf,,service_manual,,,1
pr,https://schematicheaven.net/bargainbin/univox4100.pdf,U-4100 univox4100,https://schematicheaven.net/bargainbin/univox4100.pdf,,service_manual,,,1
ps,https://schematicheaven.net/bargainbin/univox_u45b.pdf,U-45B univox u45b,https://schematicheaven.net/bargainbin/univox_u45b.pdf,,service_manual,,,1
pt,https://schematicheaven.net/bargainbin/univox50.pdf,U-50 univox50,https://schematicheaven.net/bargainbin/univox50.pdf,,service_manual,,,1
pu,https://schematicheaven.net/bargainbin/univox_u65rn.pdf,U-65RN univox u65rn,https://schematicheaven.net/bargainbin/univox_u65rn.pdf,,service_manual,,,1
pv,https://schematicheaven.net/bargainbin/univoxlm6.pdf,U-LM6 univoxlm6,https://schematicheaven.net/bargainbin/univoxlm6.pdf,,service_manual,,,1
pw,https://schematicheaven.net/bargainbin/valco_aztec.pdf,Aztec valco aztec,https://schematicheaven.net/bargainbin/valco_aztec.pdf,,service_manual,,,1
px,https://schematicheaven.net/bargainbin/valco_22.pdf,22 valco 22,https://schematicheaven.net/bargainbin/valco_22.pdf,,service_manual,,,1
py,https://schematicheaven.net/bargainbin/valco_507.pdf,507 valco 507,https://schematicheaven.net/bargainbin/valco_507.pdf,,service_manual,,,1
pz,https://schematicheaven.net/bargainbin/valco_510-1b.pdf,510-1b valco 510-1b,https://schematicheaven.net/bargainbin/valco_510-1b.pdf,,service_manual,,,1
q,https://schematicheaven.net/fenderamps/fender_bassman_ac568.pdf,AC568 fender bassman ac568,https://schematicheaven.net/fenderamps/fender_bassman_ac568.pdf,,service_manual,,,1
q0,https://schematicheaven.net/bargainbin/valco_510-4.pdf,510-4 valco 510-4,https://schematicheaven.net/bargainbin/valco_510-4.pdf,,service_manual,,,1
q1,https://schematicheaven.net/bargainbin/valco_510-24.pdf,510-24 valco 510-24,https://schematicheaven.net/bargainbin/valco_510-24.pdf,,service_manual,,,1
q2,https://schematicheaven.net/bargainbin/valco_superreverb_510-33.pdf,510-33 valco superreverb 510-33,https://schematicheaven.net/bargainbin/valco_superreverb_510-33.pdf,,service_manual,,,1
q3,https://schematicheaven.net/bargainbin/valco_510-54.pdf,510-54 valco 510-54,https://schematicheaven.net/bargainbin/valco_510-54.pdf,,service_manual,,,1
q4,https://schematicheaven.net/bargainbin/valco_510-80.pdf,510-80 valco 510-80,https://schematicheaven.net/bargainbin/valco_510-80.pdf,,service_manual,,,2
q5,https://schematicheaven.net/bargainbin/valco_510-121.pdf,510-121 valco 510-121,https://schematicheaven.net/bargainbin/valco_510-121.pdf,,service_manual,,,1
q6,https://schematicheaven.net/bargainbin/valco_510-149.pdf,510-149 valco 510-149,https://schematicheaven.net/bargainbin/valco_510-149.pdf,,service_manual,,,1
q7,https://schematicheaven.net/bargainbin/valco_6143.pdf,6143 valco 6143,https://schematicheaven.net/bargainbin/valco_6143.pdf,,service_manual,,,1
q8,https://schematicheaven.net/bargainbin/valco_6150.pdf,6150 valco 6150,https://schematicheaven.net/bargainbin/valco_6150.pdf,,service_manual,,,1
q9,https://schematicheaven.net/bargainbin/valco_6161.pdf,6161 valco 6161,https://schematicheaven.net/bargainbin/valco_6161.pdf,,service_manual,,,1
qa,https://schematicheaven.net/bargainbin/valco_6400.pdf,6400 valco 6400,https://schematicheaven.net/bargainbin/valco_6400.pdf,,service_manual,,,1
qb,https://schematicheaven.net/bargainbin/valco_6650tr.pdf,6650TR valco 6650tr,https://schematicheaven.net/bargainbin/valco_6650tr.pdf,,service_manual,,,1
qc,https://schematicheaven.net/bargainbin/watkins_dominator.pdf,Dominator watkins dominator,https://schematicheaven.net/bargainbin/watkins_dominator.pdf,,service_manual,,,1
qd,https://schematicheaven.net/bargainbin/watkins_dominator_20t.pdf,Dominator 20T watkins dominator 20t,https://schematicheaven.net/bargainbin/watkins_dominator_20t.pdf,,service_manual,,,2
qe,https://schematicheaven.net/bargainbin/watkins_dominator_bass_mkI.pdf,Dominator Bass MkI watkins dominator bass mkI,https://schematicheaven.net/bargainbin/watkins_dominator_bass_mkI.pdf,,service_manual,,,1
qf,https://schematicheaven.net/bargainbin/watkins_dominator_mkIII.pdf,Dominator MkIII watkins dominator mkIII,https://schematicheaven.net/bargainbin/watkins_dominator_mkIII.pdf,,service_manual,,,1
qg,https://schematicheaven.net/bargainbin/watkins_power_musette_mkII.pdf,Power Musette MkII watkins power musette mkII,https://schematicheaven.net/bargainbin/watkins_power_musette_mkII.pdf,,service_manual,,,1
qh,https://schematicheaven.net/bargainbin/watkins_westminster_10w.pdf,Westminster 10w watkins westminster 10w,https://schematicheaven.net/bargainbin/watkins_westminster_10w.pdf,,service_manual,,,2
qi,https://schematicheaven.net/bargainbin/watkins_westminster.pdf,Westminster Red&Cream watkins westminster,https://schematicheaven.net/bargainbin/watkins_westminster.pdf,,service_manual,,,1
qj,https://schematicheaven.net/bargainbin/wem_br30_head_30w.pdf,BR30 Head 30w wem br30 head 30w,https://schematicheaven.net/bargainbin/wem_br30_head_30w.pdf,,service_manual,,,2
qk,https://schematicheaven.net/bargainbin/wem_clubman_ss.pdf,Clubman SS wem clubman ss,https://schematicheaven.net/bargainbin/wem_clubman_ss.pdf,,service_manual,,,1
ql,https://schematicheaven.net/bargainbin/wem_custom_15_1965.pdf,Custom 15 wem custom 15 1965,https://schematicheaven.net/bargainbin/wem_custom_15_1965.pdf,,service_manual,,,1
qm,https://schematicheaven.net/bargainbin/wem_dominator_1965.pdf,Dominator wem dominator 1965,https://schematicheaven.net/bargainbin/wem_dominator_1965.pdf,,service_manual,,,1
qn,https://schematicheaven.net/bargainbin/wem_ss_pa_40w.pdf,PA SS 40w wem ss pa 40w,https://schematicheaven.net/bargainbin/wem_ss_pa_40w.pdf,,service_manual,,,2
qo,https://schematicheaven.net/bargainbin/wem_ss_pa_100w.pdf,PA SS 100w wem ss pa 100w,https://schematicheaven.net/bargainbin/wem_ss_pa_100w.pdf,,service_manual,,,3
qp,https://schematicheaven.net/bargainbin/wem_westminster_mkIX_10w.pdf,Westminster MkIX 10w wem westminster mkIX 10w,https://schematicheaven.net/bargainbin/wem_westminster_mkIX_10w.pdf,,service_manual,,,1
qq,https://schematicheaven.net/bargainbin/westbury_250_guitar.pdf,250 Guitar westbury 250 guitar,https://schematicheaven.net/bargainbin/westbury_250_guitar.pdf,,service_manual,,,1
qr,https://schematicheaven.net/bargainbin/westbury_255_110-115_bass.pdf,255-110/115 Bass westbury 255 110-115 bass,https://schematicheaven.net/bargainbin/westbury_255_110-115_bass.pdf,,service_manual,,,1
qs,https://schematicheaven.net/bargainbin/westbury_550_guitar.pdf,550 Guitar westbury 550 guitar,https://schematicheaven.net/bargainbin/westbury_550_guitar.pdf,,service_manual,,,1
qt,https://schematicheaven.net/bargainbin/westbury_555_bass.pdf,555 Bass westbury 555 bass,https://schematicheaven.net/bargainbin/westbury_555_bass.pdf,,service_manual,,,1
qu,https://schematicheaven.net/bargainbin/westbury_1000_guitar.pdf,1000 Guitar westbury 1000 guitar,https://schematicheaven.net/bargainbin/westbury_1000_guitar.pdf,,service_manual,,,1
qv,https://schematicheaven.net/bargainbin/westbury_1000m_guitar.pdf,1000m Guitar westbury 1000m guitar,https://schematicheaven.net/bargainbin/westbury_1000m_guitar.pdf,,service_manual,,,1
qw,https://schematicheaven.net/bargainbin/westbury_10005_bass.pdf,1005 Guitar westbury 10005 bass,https://schematicheaven.net/bargainbin/westbury_10005_bass.pdf,,service_manual,,,1
qx,https://schematicheaven.net/bargainbin/westbury_10005m_bass.pdf,1005m westbury 10005m bass,https://schematicheaven.net/bargainbin/westbury_10005m_bass.pdf,,service_manual,,,1
qy,https://schematicheaven.net/bargainbin/canadiannoname.pdf,Canadian Design canadiannoname,https://schematicheaven.net/bargainbin/canadiannoname.pdf,,service_manual,,,1
qz,https://schematicheaven.net/bargainbin/uknown_bass_50_75.pdf,Bass 50/75 uknown bass 50 75,https://schematicheaven.net/bargainbin/uknown_bass_50_75.pdf,,service_manual,,,3
r,https://schematicheaven.net/fenderamps/bassman_10_schem.pdf,Bassman 10 bassman 10 schem,https://schematicheaven.net/fenderamps/bassman_10_schem.pdf,,service_manual,,,1
r0,https://schematicheaven.net/newamps/allesandro_houndog_redbone.pdf,Houndog Redbone allesandro houndog redbone,https://schematicheaven.net/newamps/allesandro_houndog_redbone.pdf,,service_manual,,,1
r1,https://schematicheaven.net/newamps/acoustic_165.pdf,165 acoustic 165,https://schematicheaven.net/newamps/acoustic_165.pdf,,service_manual,,,3
r2,https://schematicheaven.net/newamps/acoustic_165_164_160.pdf,160/165/164 acoustic 165 164 160,https://schematicheaven.net/newamps/acoustic_165_164_160.pdf,,service_manual,,,1
r3,https://schematicheaven.net/newamps/acoustic_320_330.pdf,320/330 acoustic 320 330,https://schematicheaven.net/newamps/acoustic_320_330.pdf,,service_manual,,,19
r4,https://schematicheaven.net/newamps/acoustic_g60t.pdf,G-60T acoustic g60t,https://schematicheaven.net/newamps/acoustic_g60t.pdf,,service_manual,,,1
r5,https://schematicheaven.net/newamps/acoustic_g100t.pdf,G-100T acoustic g100t,https://schematicheaven.net/newamps/acoustic_g100t.pdf,,service_manual,,,3
r6,https://schematicheaven.net/newamps/ada_rocket_ra10_ra20.pdf,Rocket RA-10/20 ada rocket ra10 ra20,https://schematicheaven.net/newamps/ada_rocket_ra10_ra20.pdf,,service_manual,,,4
r7,https://schematicheaven.net/newamps/badcat_hotcat_30.pdf,Badcat 30 badcat hotcat 30,https://schematicheaven.net/newamps/badcat_hotcat_30.pdf,,service_manual,,,1
r8,https://schematicheaven.net/newamps/badcat_minicat.pdf,Minicat badcat minicat,https://schematicheaven.net/newamps/badcat_minicat.pdf,,service_manual,,,1
r9,https://schematicheaven.net/newamps/badcat_x_treme_tone.pdf,X-treme Tone badcat x treme tone,https://schematicheaven.net/newamps/badcat_x_treme_tone.pdf,,service_manual,,,1
ra,https://schematicheaven.net/newamps/bogner_ecstacy.pdf,Ecstacy bogner ecstacy,https://schematicheaven.net/newamps/bogner_ecstacy.pdf,,service_manual,,,1
rb,https://schematicheaven.net/newamps/bogner_triplegiant_preamp.pdf,Triple Giant Preamp bogner triplegiant preamp,https://schematicheaven.net/newamps/bogner_triplegiant_preamp.pdf,,service_manual,,,1
rc,https://schematicheaven.net/newamps/carver_super_7.pdf,Super 7 carver super 7,https://schematicheaven.net/newamps/carver_super_7.pdf,,service_manual,,,1
rd,https://schematicheaven.net/newamps/carvin_mts3200.pdf,MTS-3200 carvin mts3200,https://schematicheaven.net/newamps/carvin_mts3200.pdf,,service_manual,,,2
re,https://schematicheaven.net/newamps/carvin_legacy_vl100_vl212.pdf,VL-100/VL-212 Legacy carvin legacy vl100 vl212,https://schematicheaven.net/newamps/carvin_legacy_vl100_vl212.pdf,,service_manual,,,2
rf,https://schematicheaven.net/newamps/crate_bluevoodoo_60w.pdf,Blue Voodoo 60w crate bluevoodoo 60w,https://schematicheaven.net/newamps/crate_bluevoodoo_60w.pdf,,service_manual,,,7
rg,https://schematicheaven.net/newamps/crate_v32_palomino.pdf,Palomino crate v32 palomino,https://schematicheaven.net/newamps/crate_v32_palomino.pdf,,service_manual,,,9
rh,https://schematicheaven.net/newamps/crate_vc3112_preamp.pdf,VC-3112 Preamp crate vc3112 preamp,https://schematicheaven.net/newamps/crate_vc3112_preamp.pdf,,service_manual,,,1
ri,https://schematicheaven.net/newamps/crate_vc3112_poweramp.pdf,VC-3112 Poweramp crate vc3112 poweramp,https://schematicheaven.net/newamps/crate_vc3112_poweramp.pdf,,service_manual,,,1
rj,https://schematicheaven.net/newamps/duncan_blues112.pdf,DM-25 duncan blues112,https://schematicheaven.net/newamps/duncan_blues112.pdf,,service_manual,,,1
rk,https://schematicheaven.net/newamps/duncan_2250.pdf,2250 duncan 2250,https://schematicheaven.net/newamps/duncan_2250.pdf,,service_manual,,,4
rl,https://schematicheaven.net/newamps/egnator_ie4.pdf,IE4 egnator ie4,https://schematicheaven.net/newamps/egnator_ie4.pdf,,service_manual,,,3
rm,https://schematicheaven.net/newamps/egnator_tol50_50w.pdf,TOL-50 50w egnator tol50 50w,https://schematicheaven.net/newamps/egnator_tol50_50w.pdf,,service_manual,,,2
rn,https://schematicheaven.net/newamps/egnator_tol100_100w.pdf,TOL-100 100w egnator tol100 100w,https://schematicheaven.net/newamps/egnator_tol100_100w.pdf,,service_manual,,,2
ro,https://schematicheaven.net/newamps/elk_twinamp50.pdf,Twinamp-50 elk twinamp50,https://schematicheaven.net/newamps/elk_twinamp50.pdf,,service_manual,,,1
rp,https://schematicheaven.net/newamps/epiphone_galaxie_10.pdf,Galaxie 10 epiphone galaxie 10,https://schematicheaven.net/newamps/epiphone_galaxie_10.pdf,,service_manual,,,1
rq,https://schematicheaven.net/newamps/gallienkrueger_2000cpl.pdf,2000-CPL gallienkrueger 2000cpl,https://schematicheaven.net/newamps/gallienkrueger_2000cpl.pdf,,service_manual,,,4
rr,https://schematicheaven.net/newamps/gt_soul_o.pdf,Soul-O 75 gt soul o,https://schematicheaven.net/newamps/gt_soul_o.pdf,,service_manual,,,4
rs,https://schematicheaven.net/newamps/groovetube_trio.pdf,Trio groovetube trio,https://schematicheaven.net/newamps/groovetube_trio.pdf,,service_manual,,,1
rt,https://schematicheaven.net/newamps/hiwatt_100w_dr103.pdf,DR-103 100w hiwatt 100w dr103,https://schematicheaven.net/newamps/hiwatt_100w_dr103.pdf,,service_manual,,,5
ru,https://schematicheaven.net/newamps/hiwatt_100w_dr112.pdf,DR-112 100w hiwatt 100w dr112,https://schematicheaven.net/newamps/hiwatt_100w_dr112.pdf,,service_manual,,,3
rv,https://schematicheaven.net/newamps/hiwatt_200w_dr201.pdf,DR-201 200w hiwatt 200w dr201,https://schematicheaven.net/newamps/hiwatt_200w_dr201.pdf,,service_manual,,,3
rw,https://schematicheaven.net/newamps/hiwatt_200w_dr203.pdf,DR-203 200w hiwatt 200w dr203,https://schematicheaven.net/newamps/hiwatt_200w_dr203.pdf,,service_manual,,,3
rx,https://schematicheaven.net/newamps/hiwatt_400w_dr405.pdf,DR-405 400w hiwatt 400w dr405,https://schematicheaven.net/newamps/hiwatt_400w_dr405.pdf,,service_manual,,,3
ry,https://schematicheaven.net/newamps/hiwatt_50w_dr504.pdf,DR-504 50w hiwatt 50w dr504,https://schematicheaven.net/newamps/hiwatt_50w_dr504.pdf,,service_manual,,,3
rz,https://schematicheaven.net/newamps/hiwatt_50w_sa112.pdf,SA-112 50w hiwatt 50w sa112,https://schematicheaven.net/newamps/hiwatt_50w_sa112.pdf,,service_manual,,,2
s,https://schematicheaven.net/fenderamps/fender_bassman50.pdf,Bassman 50 fender bassman50,https://schematicheaven.net/fenderamps/fender_bassman50.pdf,,service_manual,,,1
s0,https://schematicheaven.net/newamps/hiwatt_50w_sa115.pdf,SA-115 50w hiwatt 50w sa115,https://schematicheaven.net/newamps/hiwatt_50w_sa115.pdf,,service_manual,,,2
s1,https://schematicheaven.net/newamps/hiwatt_50w_sa212.pdf,SA-212 50w hiwatt 50w sa212,https://schematicheaven.net/newamps/hiwatt_50w_sa212.pdf,,service_manual,,,2
s2,https://schematicheaven.net/newamps/hiwatt_sa412.pdf,SA-412 hiwatt sa412,https://schematicheaven.net/newamps/hiwatt_sa412.pdf,,service_manual,,,1
s3,https://schematicheaven.net/newamps/hiwatt_100w_sta100.pdf,STA-100 100w hiwatt 100w sta100,https://schematicheaven.net/newamps/hiwatt_100w_sta100.pdf,,service_manual,,,3
s4,https://schematicheaven.net/newamps/hiwatt_200w_sta200.pdf,STA-200 200w hiwatt 200w sta200,https://schematicheaven.net/newamps/hiwatt_200w_sta200.pdf,,service_manual,,,3
s5,https://schematicheaven.net/newamps/hiwatt_200w_poweramp_sta250.pdf,STA-250 Poweramp 200w hiwatt 200w poweramp sta250,https://schematicheaven.net/newamps/hiwatt_200w_poweramp_sta250.pdf,,service_manual,,,1
s6,https://schematicheaven.net/newamps/hk_600.pdf,600 hk 600,https://schematicheaven.net/newamps/hk_600.pdf,,service_manual,,,6
s7,https://schematicheaven.net/newamps/hk_bassforce_100.pdf,Bassforce 100 hk bassforce 100,https://schematicheaven.net/newamps/hk_bassforce_100.pdf,,service_manual,,,13
s8,https://schematicheaven.net/newamps/hk_creammachine_II.pdf,Cream Machine II hk creammachine II,https://schematicheaven.net/newamps/hk_creammachine_II.pdf,,service_manual,,,1
s9,https://schematicheaven.net/newamps/hk_crunchmachine.pdf,Crunch Machine hk crunchmachine,https://schematicheaven.net/newamps/hk_crunchmachine.pdf,,service_manual,,,1
sa,https://schematicheaven.net/newamps/hk_metalmachine.pdf,Metal Machine hk metalmachine,https://schematicheaven.net/newamps/hk_metalmachine.pdf,,service_manual,,,1
sb,https://schematicheaven.net/newamps/hk_tour_reverb.pdf,Tour Reverb hk tour reverb,https://schematicheaven.net/newamps/hk_tour_reverb.pdf,,service_manual,,,19
sc,https://schematicheaven.net/newamps/hk_triamp.pdf,Triamp hk triamp,https://schematicheaven.net/newamps/hk_triamp.pdf,,service_manual,,,29
sd,https://schematicheaven.net/newamps/hk_triplex.pdf,Triplex hk triplex,https://schematicheaven.net/newamps/hk_triplex.pdf,,service_manual,,,15
se,https://schematicheaven.net/newamps/hk_tube_20.pdf,Tube 20 hk tube 20,https://schematicheaven.net/newamps/hk_tube_20.pdf,,service_manual,,,1
sf,https://schematicheaven.net/newamps/hk_tube_50.pdf,Tube 50 hk tube 50,https://schematicheaven.net/newamps/hk_tube_50.pdf,,service_manual,,,16
sg,https://schematicheaven.net/newamps/hk_tube_100.pdf,Tube 100 hk tube 100,https://schematicheaven.net/newamps/hk_tube_100.pdf,,service_manual,,,16
sh,https://schematicheaven.net/newamps/hk_vortex_80.pdf,Vortex 80 hk vortex 80,https://schematicheaven.net/newamps/hk_vortex_80.pdf,,service_manual,,,13
si,https://schematicheaven.net/newamps/kendrick_climax.pdf,Climax kendrick climax,https://schematicheaven.net/newamps/kendrick_climax.pdf,,service_manual,,,4
sj,https://schematicheaven.net/newamps/kendrick_ruffneck.pdf,Roughneck kendrick ruffneck,https://schematicheaven.net/newamps/kendrick_ruffneck.pdf,,service_manual,,,1
sk,https://schematicheaven.net/newamps/kittyhawk_counterpoint.pdf,Counterpoint kittyhawk counterpoint,https://schematicheaven.net/newamps/kittyhawk_counterpoint.pdf,,service_manual,,,1
sl,https://schematicheaven.net/newamps/kittyhawk_custom_preamp.pdf,Custom kittyhawk custom preamp,https://schematicheaven.net/newamps/kittyhawk_custom_preamp.pdf,,service_manual,,,1
sm,https://schematicheaven.net/newamps/kittyhawk_junior.pdf,Junior kittyhawk junior,https://schematicheaven.net/newamps/kittyhawk_junior.pdf,,service_manual,,,1
sn,https://schematicheaven.net/newamps/kittyhawk_m1.pdf,M-1 kittyhawk m1,https://schematicheaven.net/newamps/kittyhawk_m1.pdf,,service_manual,,,2
so,https://schematicheaven.net/newamps/kittyhawk_m3.pdf,M-3 kittyhawk m3,https://schematicheaven.net/newamps/kittyhawk_m3.pdf,,service_manual,,,2
sp,https://schematicheaven.net/newamps/kittyhawk_quatro.pdf,Quatro kittyhawk quatro,https://schematicheaven.net/newamps/kittyhawk_quatro.pdf,,service_manual,,,2
sq,https://schematicheaven.net/newamps/kittyhawk_supreme.pdf,Supreme kittyhawk supreme,https://schematicheaven.net/newamps/kittyhawk_supreme.pdf,,service_manual,,,2
sr,https://schematicheaven.net/newamps/kittyhawk_testarossa.pdf,Testarossa kittyhawk testarossa,https://schematicheaven.net/newamps/kittyhawk_testarossa.pdf,,service_manual,,,2
ss,https://schematicheaven.net/newamps/kittyhawk_the_kid.pdf,The Kid kittyhawk the kid,https://schematicheaven.net/newamps/kittyhawk_the_kid.pdf,,service_manual,,,1
st,https://schematicheaven.net/newamps/kittyhawk_triumph_1.pdf,Triumph-1 kittyhawk triumph 1,https://schematicheaven.net/newamps/kittyhawk_triumph_1.pdf,,service_manual,,,2
su,https://schematicheaven.net/newamps/laney_aor30.pdf,AOR-30 laney aor30,https://schematicheaven.net/newamps/laney_aor30.pdf,,service_manual,,,1
sv,https://schematicheaven.net/newamps/laney_aor50.pdf,AOR-50 laney aor50,https://schematicheaven.net/newamps/laney_aor50.pdf,,service_manual,,,1
sw,https://schematicheaven.net/newamps/laney_aor50_series2.pdf,AOR-50 Series II laney aor50 series2,https://schematicheaven.net/newamps/laney_aor50_series2.pdf,,service_manual,,,1
sx,https://schematicheaven.net/newamps/laney_aor100_series2.pdf,AOR-100 Series II laney aor100 series2,https://schematicheaven.net/newamps/laney_aor100_series2.pdf,,service_manual,,,1
sy,https://schematicheaven.net/newamps/laney_gc30v.pdf,GC-30v laney gc30v,https://schematicheaven.net/newamps/laney_gc30v.pdf,,service_manual,,,1
sz,https://schematicheaven.net/newamps/laney_klip100.pdf,Klip-100 laney klip100,https://schematicheaven.net/newamps/laney_klip100.pdf,,service_manual,,,1
t,https://schematicheaven.net/fenderamps/fender_bassman60.pdf,Bassman 60 fender bassman60,https://schematicheaven.net/fenderamps/fender_bassman60.pdf,,service_manual,,,2
t0,https://schematicheaven.net/newamps/laney_lc50_combo.pdf,LC-50 Combo laney lc50 combo,https://schematicheaven.net/newamps/laney_lc50_combo.pdf,,service_manual,,,1
t1,https://schematicheaven.net/newamps/laney_chrome-o-zone.pdf,Chrome-O-Zone laney chrome-o-zone,https://schematicheaven.net/newamps/laney_chrome-o-zone.pdf,,service_manual,,,9
t2,https://schematicheaven.net/newamps/laney_gh100l.pdf,GH-100L laney gh100l,https://schematicheaven.net/newamps/laney_gh100l.pdf,,service_manual,,,6
t3,https://schematicheaven.net/newamps/laney_gh100ti.pdf,GH-100TI laney gh100ti,https://schematicheaven.net/newamps/laney_gh100ti.pdf,,service_manual,,,6
t4,https://schematicheaven.net/newamps/laney_lc15.pdf,LC-15 laney lc15,https://schematicheaven.net/newamps/laney_lc15.pdf,,service_manual,,,1
t5,https://schematicheaven.net/newamps/laney_lc30.pdf,LC-30 laney lc30,https://schematicheaven.net/newamps/laney_lc30.pdf,,service_manual,,,8
t6,https://schematicheaven.net/newamps/laney_tubefusion_100.pdf,Tubefusion 100 laney tubefusion 100,https://schematicheaven.net/newamps/laney_tubefusion_100.pdf,,service_manual,,,4
t7,https://schematicheaven.net/newamps/laney_tubefusion_200.pdf,Tubefusion 200 laney tubefusion 200,https://schematicheaven.net/newamps/laney_tubefusion_200.pdf,,service_manual,,,5
t8,https://schematicheaven.net/newamps/laney_tubefusion_300.pdf,Tubefusion 300 laney tubefusion 300,https://schematicheaven.net/newamps/laney_tubefusion_300.pdf,,service_manual,,,5
t9,https://schematicheaven.net/newamps/laney_tubefusion_400.pdf,Tubefusion 400 laney tubefusion 400,https://schematicheaven.net/newamps/laney_tubefusion_400.pdf,,service_manual,,,6
ta,https://schematicheaven.net/newamps/laney_vh100.pdf,VH-100H laney vh100,https://schematicheaven.net/newamps/laney_vh100.pdf,,service_manual,,,8
tb,https://schematicheaven.net/newamps/londoncity_mkv_super_dea70.pdf,DEA-70 Super londoncity mkv super dea70,https://schematicheaven.net/newamps/londoncity_mkv_super_dea70.pdf,,service_manual,,,1
tc,https://schematicheaven.net/newamps/londoncity_mkv_super_dea100.pdf,DEA-100 Super londoncity mkv super dea100,https://schematicheaven.net/newamps/londoncity_mkv_super_dea100.pdf,,service_manual,,,1
td,https://schematicheaven.net/newamps/matchless_chieftan.pdf,Chieftan matchless chieftan,https://schematicheaven.net/newamps/matchless_chieftan.pdf,,service_manual,,,7
te,https://schematicheaven.net/newamps/matchless_clubman.pdf,Clubman matchless clubman,https://schematicheaven.net/newamps/matchless_clubman.pdf,,service_manual,,,1
tf,https://schematicheaven.net/newamps/matchless_dc30_old.pdf,DC-30 Hand Drawn matchless dc30 old,https://schematicheaven.net/newamps/matchless_dc30_old.pdf,,service_manual,,,4
tg,https://schematicheaven.net/newamps/matchless_hotbox.pdf,Hotbox matchless hotbox,https://schematicheaven.net/newamps/matchless_hotbox.pdf,,service_manual,,,1
th,https://schematicheaven.net/newamps/matchless_hurricane.pdf,Hurricane matchless hurricane,https://schematicheaven.net/newamps/matchless_hurricane.pdf,,service_manual,,,1
ti,https://schematicheaven.net/newamps/matchless_lightning.pdf,Lightning matchless lightning,https://schematicheaven.net/newamps/matchless_lightning.pdf,,service_manual,,,1
tj,https://schematicheaven.net/newamps/matchless_spitfire.pdf,Spitfire matchless spitfire,https://schematicheaven.net/newamps/matchless_spitfire.pdf,,service_manual,,,3
tk,https://schematicheaven.net/newamps/matchless_tornado.pdf,Tornado matchless tornado,https://schematicheaven.net/newamps/matchless_tornado.pdf,,service_manual,,,1
tl,https://schematicheaven.net/newamps/matchless_vibrobox.pdf,Vibrobox matchless vibrobox,https://schematicheaven.net/newamps/matchless_vibrobox.pdf,,service_manual,,,1
tm,https://schematicheaven.net/newamps/moog_labseries_l5.pdf,Lab Series L-5 moog labseries l5,https://schematicheaven.net/newamps/moog_labseries_l5.pdf,,service_manual,,,2
tn,https://schematicheaven.net/newamps/musicmain_gb2.pdf,GB-2 musicmain gb2,https://schematicheaven.net/newamps/musicmain_gb2.pdf,,service_manual,,,1
to,https://schematicheaven.net/newamps/musicman_gp3.pdf,GP-3 musicman gp3,https://schematicheaven.net/newamps/musicman_gp3.pdf,,service_manual,,,1
tp,https://schematicheaven.net/newamps/musicman_bass_hd500_ed1.pdf,HD-500 Bass 1st Ed. musicman bass hd500 ed1,https://schematicheaven.net/newamps/musicman_bass_hd500_ed1.pdf,,service_manual,,,11
tq,https://schematicheaven.net/newamps/musicman_bass_hd500_ed2.pdf,HD-500 Bass 2nd Ed. musicman bass hd500 ed2,https://schematicheaven.net/newamps/musicman_bass_hd500_ed2.pdf,,service_manual,,,17
tr,https://schematicheaven.net/newamps/musicman_rd50a.pdf,RD-50A musicman rd50a,https://schematicheaven.net/newamps/musicman_rd50a.pdf,,service_manual,,,1
ts,https://schematicheaven.net/newamps/musicman_rd50b.pdf,RD-50B musicman rd50b,https://schematicheaven.net/newamps/musicman_rd50b.pdf,,service_manual,,,1
tt,https://schematicheaven.net/newamps/musicman_120b.pdf,120-B musicman 120b,https://schematicheaven.net/newamps/musicman_120b.pdf,,service_manual,,,1
tu,https://schematicheaven.net/newamps/musicman_1600b.pdf,1600-B musicman 1600b,https://schematicheaven.net/newamps/musicman_1600b.pdf,,service_manual,,,2
tv,https://schematicheaven.net/newamps/musicman_1650rd.pdf,1650-RD musicman 1650rd,https://schematicheaven.net/newamps/musicman_1650rd.pdf,,service_manual,,,8
tw,https://schematicheaven.net/newamps/musicman_2100-65.pdf,2100-65 musicman 2100-65,https://schematicheaven.net/newamps/musicman_2100-65.pdf,,service_manual,,,3
tx,https://schematicheaven.net/newamps/musicman_2100-75.pdf,2100-75 musicman 2100-75,https://schematicheaven.net/newamps/musicman_2100-75.pdf,,service_manual,,,5
ty,https://schematicheaven.net/newamps/musicman_2100-130.pdf,2100-130 musicman 2100-130,https://schematicheaven.net/newamps/musicman_2100-130.pdf,,service_manual,,,3
tz,https://schematicheaven.net/newamps/musicman_2100-150.pdf,2100-150 musicman 2100-150,https://schematicheaven.net/newamps/musicman_2100-150.pdf,,service_manual,,,6
u,https://schematicheaven.net/fenderamps/fender_bassman70.pdf,Bassman 70 fender bassman70,https://schematicheaven.net/fenderamps/fender_bassman70.pdf,,service_manual,,,1
u0,https://schematicheaven.net/newamps/musicman_2100-b.pdf,2100-B musicman 2100-b,https://schematicheaven.net/newamps/musicman_2100-b.pdf,,service_manual,,,2
u1,https://schematicheaven.net/newamps/musicman_2165-rd_%26_2100-rd.pdf,2100-RD/2165-RD musicman 2165-rd & 2100-rd,https://schematicheaven.net/newamps/musicman_2165-rd_%26_2100-rd.pdf,,service_manual,,,6
u2,https://schematicheaven.net/newamps/musicman_2165-rp_%26_2100-rp.pdf,2100-RP/2165-RP musicman 2165-rp & 2100-rp,https://schematicheaven.net/newamps/musicman_2165-rp_%26_2100-rp.pdf,,service_manual,,,7
u3,https://schematicheaven.net/newamps/musicman_2475-65_%26_2275-65.pdf,2275-65/2475-65 musicman 2475-65 & 2275-65,https://schematicheaven.net/newamps/musicman_2475-65_%26_2275-65.pdf,,service_manual,,,3
u4,https://schematicheaven.net/newamps/musicman_2475-75_%26_2275-75.pdf,2275-75/2475-75 musicman 2475-75 & 2275-75,https://schematicheaven.net/newamps/musicman_2475-75_%26_2275-75.pdf,,service_manual,,,5
u5,https://schematicheaven.net/newamps/musicman_2475-130_%26_2275-130.pdf,2275-130/2475-130 musicman 2475-130 & 2275-130,https://schematicheaven.net/newamps/musicman_2475-130_%26_2275-130.pdf,,service_manual,,,3
u6,https://schematicheaven.net/newamps/musicman_2475-150_%26_2275-150.pdf,2275-150/2475-150 musicman 2475-150 & 2275-150,https://schematicheaven.net/newamps/musicman_2475-150_%26_2275-150.pdf,,service_manual,,,5
u7,https://schematicheaven.net/newamps/nobels_bassmycro.pdf,Bass-Mycro nobels bassmycro,https://schematicheaven.net/newamps/nobels_bassmycro.pdf,,service_manual,,,1
u8,https://schematicheaven.net/newamps/nobels_bc30_bassamp.pdf,BC-30 Bass nobels bc30 bassamp,https://schematicheaven.net/newamps/nobels_bc30_bassamp.pdf,,service_manual,,,1
u9,https://schematicheaven.net/newamps/nobels_gc16r.pdf,GC-16R nobels gc16r,https://schematicheaven.net/newamps/nobels_gc16r.pdf,,service_manual,,,2
ua,https://schematicheaven.net/newamps/nobels_guitarmycro.pdf,Guitar-Mycro nobels guitarmycro,https://schematicheaven.net/newamps/nobels_guitarmycro.pdf,,service_manual,,,1
ub,https://schematicheaven.net/newamps/nobels_pa460r_pa.pdf,PA-460R nobels pa460r pa,https://schematicheaven.net/newamps/nobels_pa460r_pa.pdf,,service_manual,,,1
uc,https://schematicheaven.net/newamps/nobels_sm10_streetman.pdf,SM-10 Streetman nobels sm10 streetman,https://schematicheaven.net/newamps/nobels_sm10_streetman.pdf,,service_manual,,,1
ud,https://schematicheaven.net/newamps/orange_mkii1972.pdf,72 Mk II orange mkii1972,https://schematicheaven.net/newamps/orange_mkii1972.pdf,,service_manual,,,1
ue,https://schematicheaven.net/newamps/orange_mkii1973.pdf,73 Mk II orange mkii1973,https://schematicheaven.net/newamps/orange_mkii1973.pdf,,service_manual,,,1
uf,https://schematicheaven.net/newamps/orange_mkii1974.pdf,74 Mk II orange mkii1974,https://schematicheaven.net/newamps/orange_mkii1974.pdf,,service_manual,,,1
ug,https://schematicheaven.net/newamps/orange_hustler125_mkiii_125w.pdf,Hustler-125 Mk-II 125w orange hustler125 mkiii 125w,https://schematicheaven.net/newamps/orange_hustler125_mkiii_125w.pdf,,service_manual,,,4
uh,https://schematicheaven.net/newamps/orange_otr_80_120.pdf,OTR-80/120 orange otr 80 120,https://schematicheaven.net/newamps/orange_otr_80_120.pdf,,service_manual,,,1
ui,https://schematicheaven.net/newamps/orange_otr_120.pdf,OTR-120 orange otr 120,https://schematicheaven.net/newamps/orange_otr_120.pdf,,service_manual,,,2
uj,https://schematicheaven.net/newamps/orange_ad15.pdf,AD-15 orange ad15,https://schematicheaven.net/newamps/orange_ad15.pdf,,service_manual,,,3
uk,https://schematicheaven.net/newamps/orange_ad30.pdf,AD-30 orange ad30,https://schematicheaven.net/newamps/orange_ad30.pdf,,service_manual,,,2
ul,https://schematicheaven.net/newamps/orange_ad140tc.pdf,AD-140TC orange ad140tc,https://schematicheaven.net/newamps/orange_ad140tc.pdf,,service_manual,,,3
um,https://schematicheaven.net/newamps/orange_graphic_mkii_120.pdf,Graphic-120 Mk-II orange graphic mkii 120,https://schematicheaven.net/newamps/orange_graphic_mkii_120.pdf,,service_manual,,,3
un,https://schematicheaven.net/newamps/orange_graphic_mkii_or120.pdf,Graphic-or120 Mk-II orange graphic mkii or120,https://schematicheaven.net/newamps/orange_graphic_mkii_or120.pdf,,service_manual,,,3
uo,https://schematicheaven.net/newamps/orange_gro_100.pdf,GRO-100 orange gro 100,https://schematicheaven.net/newamps/orange_gro_100.pdf,,service_manual,,,3
up,https://schematicheaven.net/newamps/orange_reverb_solidstate.pdf,Solid State Reverb orange reverb solidstate,https://schematicheaven.net/newamps/orange_reverb_solidstate.pdf,,service_manual,,,1
uq,https://schematicheaven.net/newamps/pignose_g40.pdf,G-40 pignose g40,https://schematicheaven.net/newamps/pignose_g40.pdf,,service_manual,,,1
ur,https://schematicheaven.net/newamps/peavey_audition20.pdf,Audition 20 peavey audition20,https://schematicheaven.net/newamps/peavey_audition20.pdf,,service_manual,,,1
us,https://schematicheaven.net/newamps/peavey_audition30.pdf,Audition 30 peavey audition30,https://schematicheaven.net/newamps/peavey_audition30.pdf,,service_manual,,,1
ut,https://schematicheaven.net/newamps/peavey_classic20.pdf,Classic 20 peavey classic20,https://schematicheaven.net/newamps/peavey_classic20.pdf,,service_manual,,,2
uu,https://schematicheaven.net/newamps/peavey_classic30.pdf,Classic 30 peavey classic30,https://schematicheaven.net/newamps/peavey_classic30.pdf,,service_manual,,,2
uv,https://schematicheaven.net/newamps/peavey_classic50.pdf,Classic 50 peavey classic50,https://schematicheaven.net/newamps/peavey_classic50.pdf,,service_manual,,,2
uw,https://schematicheaven.net/newamps/peavey_classic212.pdf,Classic 212 peavey classic212,https://schematicheaven.net/newamps/peavey_classic212.pdf,,service_manual,,,2
ux,https://schematicheaven.net/newamps/peavey_deltablues.pdf,Deltablues peavey deltablues,https://schematicheaven.net/newamps/peavey_deltablues.pdf,,service_manual,,,2
uy,https://schematicheaven.net/newamps/peavey_evh5150.pdf,EVH-5150 peavey evh5150,https://schematicheaven.net/newamps/peavey_evh5150.pdf,,service_manual,,,5
uz,https://schematicheaven.net/newamps/peavey_heritage_vtx.pdf,Heritage VTX peavey heritage vtx,https://schematicheaven.net/newamps/peavey_heritage_vtx.pdf,,service_manual,,,2
v,https://schematicheaven.net/fenderamps/bassman_100_schem.pdf,Bassman 100 bassman 100 schem,https://schematicheaven.net/fenderamps/bassman_100_schem.pdf,,service_manual,,,1
v0,https://schematicheaven.net/newamps/peavey_hks8.pdf,HKS-8 peavey hks8,https://schematicheaven.net/newamps/peavey_hks8.pdf,,service_manual,,,1
v1,https://schematicheaven.net/newamps/peavey_microbass.pdf,Micro-Bass peavey microbass,https://schematicheaven.net/newamps/peavey_microbass.pdf,,service_manual,,,1
v2,https://schematicheaven.net/newamps/peavey_pa120_preamp.pdf,PA-120 peavey pa120 preamp,https://schematicheaven.net/newamps/peavey_pa120_preamp.pdf,,service_manual,,,1
v3,https://schematicheaven.net/newamps/peavey_pa200.pdf,PA-200 peavey pa200,https://schematicheaven.net/newamps/peavey_pa200.pdf,,service_manual,,,1
v4,https://schematicheaven.net/newamps/peavey_pa400_preamp.pdf,PA-400 peavey pa400 preamp,https://schematicheaven.net/newamps/peavey_pa400_preamp.pdf,,service_manual,,,1
v5,https://schematicheaven.net/newamps/peavey_rage158.pdf,Rage 158 peavey rage158,https://schematicheaven.net/newamps/peavey_rage158.pdf,,service_manual,,,1
v6,https://schematicheaven.net/newamps/peavey_roadmaster.pdf,Roadmaster peavey roadmaster,https://schematicheaven.net/newamps/peavey_roadmaster.pdf,,service_manual,,,2
v7,https://schematicheaven.net/newamps/peavey_solo.pdf,Solo peavey solo,https://schematicheaven.net/newamps/peavey_solo.pdf,,service_manual,,,1
v8,https://schematicheaven.net/newamps/peavey_standard_pa.pdf,Standard PA peavey standard pa,https://schematicheaven.net/newamps/peavey_standard_pa.pdf,,service_manual,,,2
v9,https://schematicheaven.net/newamps/peavey_studiopro_50.pdf,Studio Pro 50 peavey studiopro 50,https://schematicheaven.net/newamps/peavey_studiopro_50.pdf,,service_manual,,,1
va,https://schematicheaven.net/newamps/peavey_valverb.pdf,Valverb peavey valverb,https://schematicheaven.net/newamps/peavey_valverb.pdf,,service_manual,,,1
vb,https://schematicheaven.net/newamps/peavy_vtm_120.pdf,VTM-120 peavy vtm 120,https://schematicheaven.net/newamps/peavy_vtm_120.pdf,,service_manual,,,2
vc,https://schematicheaven.net/newamps/peavey_xr600c.pdf,XR-600C peavey xr600c,https://schematicheaven.net/newamps/peavey_xr600c.pdf,,service_manual,,,1
vd,https://schematicheaven.net/newamps/peavy_deuce-b.pdf,"Deuce ""B"" peavy deuce-b",https://schematicheaven.net/newamps/peavy_deuce-b.pdf,,service_manual,,,2
ve,https://schematicheaven.net/newamps/peavy_rockmaster_91.pdf,Rockmaster 91 peavy rockmaster 91,https://schematicheaven.net/newamps/peavy_rockmaster_91.pdf,,service_manual,,,1
vf,https://schematicheaven.net/newamps/randall_rt30.pdf,RT-30 randall rt30,https://schematicheaven.net/newamps/randall_rt30.pdf,,service_manual,,,4
vg,https://schematicheaven.net/newamps/RickTone6.pdf,Type 6 RickTone6,https://schematicheaven.net/newamps/RickTone6.pdf,,service_manual,,,1
vh,https://schematicheaven.net/newamps/RickTone8.pdf,Type 8 RickTone8,https://schematicheaven.net/newamps/RickTone8.pdf,,service_manual,,,1
vi,https://schematicheaven.net/newamps/RickTone11.pdf,Type 11 Heartbreaker RickTone11,https://schematicheaven.net/newamps/RickTone11.pdf,,service_manual,,,1
vj,https://schematicheaven.net/newamps/RickTone13.pdf,Type 13 Warthog RickTone13,https://schematicheaven.net/newamps/RickTone13.pdf,,service_manual,,,1
vk,https://schematicheaven.net/newamps/RickTone17.pdf,Type 17 Mercury RickTone17,https://schematicheaven.net/newamps/RickTone17.pdf,,service_manual,,,1
vl,https://schematicheaven.net/newamps/RickTone18.pdf,Type 18 Cupid RickTone18,https://schematicheaven.net/newamps/RickTone18.pdf,,service_manual,,,1
vm,https://schematicheaven.net/newamps/RickTone19.pdf,Type 19 Cupid X.O. RickTone19,https://schematicheaven.net/newamps/RickTone19.pdf,,service_manual,,,1
vn,https://schematicheaven.net/newamps/RickTone20.pdf,Type 20 Heartbreaker Jr. RickTone20,https://schematicheaven.net/newamps/RickTone20.pdf,,service_manual,,,1
vo,https://schematicheaven.net/newamps/rickenbacker_b9a.pdf,B-9A rickenbacker b9a,https://schematicheaven.net/newamps/rickenbacker_b9a.pdf,,service_manual,,,1
vp,https://schematicheaven.net/newamps/rickenbacker_b16a-b16ad.pdf,B-16A/16AD rickenbacker b16a-b16ad,https://schematicheaven.net/newamps/rickenbacker_b16a-b16ad.pdf,,service_manual,,,1
vq,https://schematicheaven.net/newamps/rickenbacker_b16-b16d.pdf,B-16/16D/ rickenbacker b16-b16d,https://schematicheaven.net/newamps/rickenbacker_b16-b16d.pdf,,service_manual,,,1
vr,https://schematicheaven.net/newamps/rickenbacker_b115.pdf,B-115 rickenbacker b115,https://schematicheaven.net/newamps/rickenbacker_b115.pdf,,service_manual,,,1
vs,https://schematicheaven.net/newamps/rickenbacker_b410-b212.pdf,B-212/B-410 rickenbacker b410-b212,https://schematicheaven.net/newamps/rickenbacker_b410-b212.pdf,,service_manual,,,1
vt,https://schematicheaven.net/newamps/rickenbacker_m8.pdf,M-8 rickenbacker m8,https://schematicheaven.net/newamps/rickenbacker_m8.pdf,,service_manual,,,1
vu,https://schematicheaven.net/newamps/rickenbacker_m8e.pdf,M-8E rickenbacker m8e,https://schematicheaven.net/newamps/rickenbacker_m8e.pdf,,service_manual,,,1
vv,https://schematicheaven.net/newamps/rickenbacker_m11.pdf,M-11 rickenbacker m11,https://schematicheaven.net/newamps/rickenbacker_m11.pdf,,service_manual,,,1
vw,https://schematicheaven.net/newamps/rickenbacher_m16_supersonic.pdf,M-16 Supersonic rickenbacher m16 supersonic,https://schematicheaven.net/newamps/rickenbacher_m16_supersonic.pdf,,service_manual,,,1
vx,https://schematicheaven.net/newamps/rickenbacker_pa120.pdf,PA-120 rickenbacker pa120,https://schematicheaven.net/newamps/rickenbacker_pa120.pdf,,service_manual,,,1
vy,https://schematicheaven.net/newamps/rickenbacker_rb30.pdf,RB-30 rickenbacker rb30,https://schematicheaven.net/newamps/rickenbacker_rb30.pdf,,service_manual,,,2
vz,https://schematicheaven.net/newamps/rickenbacker_rb60.pdf,RB-60 rickenbacker rb60,https://schematicheaven.net/newamps/rickenbacker_rb60.pdf,,service_manual,,,2
w,https://schematicheaven.net/fenderamps/bassman_135_schem.pdf,Bassman 135 bassman 135 schem,https://schematicheaven.net/fenderamps/bassman_135_schem.pdf,,service_manual,,,1
w0,https://schematicheaven.net/newamps/rickenbacker_rb120.pdf,RB-120 rickenbacker rb120,https://schematicheaven.net/newamps/rickenbacker_rb120.pdf,,service_manual,,,2
w1,https://schematicheaven.net/newamps/rickenbacker_rg7.pdf,RG-7 rickenbacker rg7,https://schematicheaven.net/newamps/rickenbacker_rg7.pdf,,service_manual,,,2
w2,https://schematicheaven.net/newamps/rickenbacker_rg15.pdf,RG-15 rickenbacker rg15,https://schematicheaven.net/newamps/rickenbacker_rg15.pdf,,service_manual,,,2
w3,https://schematicheaven.net/newamps/rickenbacker_rg30.pdf,RG-30 rickenbacker rg30,https://schematicheaven.net/newamps/rickenbacker_rg30.pdf,,service_manual,,,2
w4,https://schematicheaven.net/newamps/rickenbacker_rg60.pdf,RG-60 rickenbacker rg60,https://schematicheaven.net/newamps/rickenbacker_rg60.pdf,,service_manual,,,2
w5,https://schematicheaven.net/newamps/rickenbacker_rg90.pdf,RG-90 rickenbacker rg90,https://schematicheaven.net/newamps/rickenbacker_rg90.pdf,,service_manual,,,2
w6,https://schematicheaven.net/newamps/rickenbacker_rg180.pdf,RG-180 rickenbacker rg180,https://schematicheaven.net/newamps/rickenbacker_rg180.pdf,,service_manual,,,2
w7,https://schematicheaven.net/newamps/rickenbacker_tr7.pdf,TR-7 rickenbacker tr7,https://schematicheaven.net/newamps/rickenbacker_tr7.pdf,,service_manual,,,1
w8,https://schematicheaven.net/newamps/rickenbacker_tr25.pdf,TR-25 rickenbacker tr25,https://schematicheaven.net/newamps/rickenbacker_tr25.pdf,,service_manual,,,2
w9,https://schematicheaven.net/newamps/rickenbacker_tr50b.pdf,TR-50B rickenbacker tr50b,https://schematicheaven.net/newamps/rickenbacker_tr50b.pdf,,service_manual,,,1
wa,https://schematicheaven.net/newamps/rickenbacker_tr50g.pdf,TR-50G rickenbacker tr50g,https://schematicheaven.net/newamps/rickenbacker_tr50g.pdf,,service_manual,,,1
wb,https://schematicheaven.net/newamps/rickenbacker_tr75gt.pdf,TR-75GT rickenbacker tr75gt,https://schematicheaven.net/newamps/rickenbacker_tr75gt.pdf,,service_manual,,,2
wc,https://schematicheaven.net/newamps/rivera_knucklehead.pdf,Knuckle Head rivera knucklehead,https://schematicheaven.net/newamps/rivera_knucklehead.pdf,,service_manual,,,3
wd,https://schematicheaven.net/newamps/roland_ck100.pdf,CK-100 roland ck100,https://schematicheaven.net/newamps/roland_ck100.pdf,,service_manual,,,1
we,https://schematicheaven.net/newamps/roland_cube20.pdf,Cube 20 roland cube20,https://schematicheaven.net/newamps/roland_cube20.pdf,,service_manual,,,1
wf,https://schematicheaven.net/newamps/roland_cube40.pdf,Cube 40 roland cube40,https://schematicheaven.net/newamps/roland_cube40.pdf,,service_manual,,,1
wg,https://schematicheaven.net/newamps/roland_cube60.pdf,Cube 60 roland cube60,https://schematicheaven.net/newamps/roland_cube60.pdf,,service_manual,,,1
wh,https://schematicheaven.net/newamps/roland_cube60_bass.pdf,Cube 60 Bass roland cube60 bass,https://schematicheaven.net/newamps/roland_cube60_bass.pdf,,service_manual,,,1
wi,https://schematicheaven.net/newamps/roland_mks30.pdf,MKS-30 roland mks30,https://schematicheaven.net/newamps/roland_mks30.pdf,,service_manual,,,1
wj,https://schematicheaven.net/newamps/roland_jazz_chorus.pdf,Jazz Chorus roland jazz chorus,https://schematicheaven.net/newamps/roland_jazz_chorus.pdf,,service_manual,,,2
wk,https://schematicheaven.net/newamps/roland_tb303.pdf,TB-303 roland tb303,https://schematicheaven.net/newamps/roland_tb303.pdf,,service_manual,,,1
wl,https://schematicheaven.net/newamps/seymourduncan_84-40.pdf,84-40 Combo seymourduncan 84-40,https://schematicheaven.net/newamps/seymourduncan_84-40.pdf,,service_manual,,,1
wm,https://schematicheaven.net/newamps/seymour_duncan_convertible_60_preamp.pdf,Convertible 60 Preamp seymour duncan convertible 60 preamp,https://schematicheaven.net/newamps/seymour_duncan_convertible_60_preamp.pdf,,service_manual,,,1
wn,https://schematicheaven.net/newamps/seymourduncan_convertibe_100.pdf,Convertible 100w seymourduncan convertibe 100,https://schematicheaven.net/newamps/seymourduncan_convertibe_100.pdf,,service_manual,,,3
wo,https://schematicheaven.net/newamps/seymore_duncan_modules.pdf,SD Modules seymore duncan modules,https://schematicheaven.net/newamps/seymore_duncan_modules.pdf,,service_manual,,,11
wp,https://schematicheaven.net/newamps/simmswatts_100w_pa100.pdf,PA-100 100w simmswatts 100w pa100,https://schematicheaven.net/newamps/simmswatts_100w_pa100.pdf,,service_manual,,,2
wq,https://schematicheaven.net/newamps/sjb_ant.pdf,Ant sjb ant,https://schematicheaven.net/newamps/sjb_ant.pdf,,service_manual,,,3
wr,https://schematicheaven.net/newamps/soldano_astroverb_16.pdf,Astroverb 16 soldano astroverb 16,https://schematicheaven.net/newamps/soldano_astroverb_16.pdf,,service_manual,,,1
ws,https://schematicheaven.net/newamps/soldano_atomic16.pdf,Atomic-16 soldano atomic16,https://schematicheaven.net/newamps/soldano_atomic16.pdf,,service_manual,,,1
wt,https://schematicheaven.net/newamps/soldano_50-100_hotrod.pdf,Hotrod 50/100 Plus soldano 50-100 hotrod,https://schematicheaven.net/newamps/soldano_50-100_hotrod.pdf,,service_manual,,,3
wu,https://schematicheaven.net/newamps/soldano_hot-mod.pdf,Hot-Mod soldano hot-mod,https://schematicheaven.net/newamps/soldano_hot-mod.pdf,,service_manual,,,1
wv,https://schematicheaven.net/newamps/soldano_slo100.pdf,SLO-100 soldano slo100,https://schematicheaven.net/newamps/soldano_slo100.pdf,,service_manual,,,8
ww,https://schematicheaven.net/newamps/soldano_supercharger_gto.pdf,Supercharger GTO soldano supercharger gto,https://schematicheaven.net/newamps/soldano_supercharger_gto.pdf,,service_manual,,,1
wx,https://schematicheaven.net/newamps/soldano_super_lead%20_60.pdf,Super Lead 60 soldano super lead 60,https://schematicheaven.net/newamps/soldano_super_lead%20_60.pdf,,service_manual,,,1
wy,https://schematicheaven.net/newamps/soldano_x88r.pdf,X-88R soldano x88r,https://schematicheaven.net/newamps/soldano_x88r.pdf,,service_manual,,,5
wz,https://schematicheaven.net/newamps/sovtek_mig50h_midget.pdf,Mig-50H Midget sovtek mig50h midget,https://schematicheaven.net/newamps/sovtek_mig50h_midget.pdf,,service_manual,,,1
x,https://schematicheaven.net/fenderamps/bassmansuper_cfa7002_schem.pdf,Super Bassman bassmansuper cfa7002 schem,https://schematicheaven.net/fenderamps/bassmansuper_cfa7002_schem.pdf,,service_manual,,,2
x0,https://schematicheaven.net/newamps/sovtek_mig60.pdf,MIG-60 sovtek mig60,https://schematicheaven.net/newamps/sovtek_mig60.pdf,,service_manual,,,1
x1,https://schematicheaven.net/newamps/sovtek_mig100h.pdf,Mig-100H sovtek mig100h,https://schematicheaven.net/newamps/sovtek_mig100h.pdf,,service_manual,,,1
x2,https://schematicheaven.net/newamps/sunn_100s.pdf,100-S sunn 100s,https://schematicheaven.net/newamps/sunn_100s.pdf,,service_manual,,,3
x3,https://schematicheaven.net/newamps/sunn_200s.pdf,200-S sunn 200s,https://schematicheaven.net/newamps/sunn_200s.pdf,,service_manual,,,1
x4,https://schematicheaven.net/newamps/sunn_2000s.pdf,2000-S sunn 2000s,https://schematicheaven.net/newamps/sunn_2000s.pdf,,service_manual,,,1
x5,https://schematicheaven.net/newamps/sunn_model_t.pdf,Model T sunn model t,https://schematicheaven.net/newamps/sunn_model_t.pdf,,service_manual,,,1
x6,https://schematicheaven.net/newamps/sunn_sceptre.pdf,Sceptre sunn sceptre,https://schematicheaven.net/newamps/sunn_sceptre.pdf,,service_manual,,,1
x7,https://schematicheaven.net/newamps/sunn_coliseum_bass.pdf,Coliseum Bass sunn coliseum bass,https://schematicheaven.net/newamps/sunn_coliseum_bass.pdf,,service_manual,,,1
x8,https://schematicheaven.net/newamps/sunn_coliseum_pa.pdf,Coliseum PA sunn coliseum pa,https://schematicheaven.net/newamps/sunn_coliseum_pa.pdf,,service_manual,,,1
x9,https://schematicheaven.net/newamps/sunn_concertbass.pdf,Concert Bass sunn concertbass,https://schematicheaven.net/newamps/sunn_concertbass.pdf,,service_manual,,,1
xa,https://schematicheaven.net/newamps/sunn_mod60.pdf,Mod-60 sunn mod60,https://schematicheaven.net/newamps/sunn_mod60.pdf,,service_manual,,,1
xb,https://schematicheaven.net/newamps/sunn_sentura2.pdf,Sentura-2 sunn sentura2,https://schematicheaven.net/newamps/sunn_sentura2.pdf,,service_manual,,,1
xc,https://schematicheaven.net/newamps/sunn_sonic_i40.pdf,Sonic I-40 sunn sonic i40,https://schematicheaven.net/newamps/sunn_sonic_i40.pdf,,service_manual,,,1
xd,https://schematicheaven.net/newamps/sunn_sorado.pdf,Sorado sunn sorado,https://schematicheaven.net/newamps/sunn_sorado.pdf,,service_manual,,,1
xe,https://schematicheaven.net/newamps/sunn_spectrum_ii.pdf,Spectrum II sunn spectrum ii,https://schematicheaven.net/newamps/sunn_spectrum_ii.pdf,,service_manual,,,1
xf,https://schematicheaven.net/newamps/swr_interstellaroverdrive.pdf,Interstellar OD swr interstellaroverdrive,https://schematicheaven.net/newamps/swr_interstellaroverdrive.pdf,,service_manual,,,1
xg,https://schematicheaven.net/newamps/swr_sm400.pdf,SM-400 swr sm400,https://schematicheaven.net/newamps/swr_sm400.pdf,,service_manual,,,4
xh,https://schematicheaven.net/newamps/tophat_ambassador_preamp.pdf,Ambassador Preamp tophat ambassador preamp,https://schematicheaven.net/newamps/tophat_ambassador_preamp.pdf,,service_manual,,,1
xi,https://schematicheaven.net/newamps/tophat_ambassador_poweramp.pdf,Ambassador Poweramp tophat ambassador poweramp,https://schematicheaven.net/newamps/tophat_ambassador_poweramp.pdf,,service_manual,,,1
xj,https://schematicheaven.net/newamps/tophat_kingroyale.pdf,King Royale tophat kingroyale,https://schematicheaven.net/newamps/tophat_kingroyale.pdf,,service_manual,,,1
xk,https://schematicheaven.net/newamps/trace_elliot_bonneville.pdf,Bonneville trace elliot bonneville,https://schematicheaven.net/newamps/trace_elliot_bonneville.pdf,,service_manual,,,11
xl,https://schematicheaven.net/newamps/trace_elliot_speedtwin_II_C50_H50.pdf,SpeedTwin II C50/H50 trace elliot speedtwin II C50 H50,https://schematicheaven.net/newamps/trace_elliot_speedtwin_II_C50_H50.pdf,,service_manual,,,23
xm,https://schematicheaven.net/newamps/trace_elliot_speedtwin_rh100_c100.pdf,SpeedTwin RH100/C100 trace elliot speedtwin rh100 c100,https://schematicheaven.net/newamps/trace_elliot_speedtwin_rh100_c100.pdf,,service_manual,,,10
xn,https://schematicheaven.net/newamps/trace_elliot_trident_c100_h100.pdf,Trident C100/H100 trace elliot trident c100 h100,https://schematicheaven.net/newamps/trace_elliot_trident_c100_h100.pdf,,service_manual,,,15
xo,https://schematicheaven.net/newamps/trace_elliot_velocette12r.pdf,Velocette 12-R trace elliot velocette12r,https://schematicheaven.net/newamps/trace_elliot_velocette12r.pdf,,service_manual,,,9
xp,https://schematicheaven.net/newamps/trace-elliot_vtwin.pdf,V-Twin trace-elliot vtwin,https://schematicheaven.net/newamps/trace-elliot_vtwin.pdf,,service_manual,,,3
xq,https://schematicheaven.net/newamps/trainwreck_liverpool.pdf,Liverpool 30 trainwreck liverpool,https://schematicheaven.net/newamps/trainwreck_liverpool.pdf,,service_manual,,,3
xr,https://schematicheaven.net/newamps/trainwreck_express.pdf,Express trainwreck express,https://schematicheaven.net/newamps/trainwreck_express.pdf,,service_manual,,,15
xs,https://schematicheaven.net/newamps/yamaha_t50_t100.pdf,T-50/100 yamaha t50 t100,https://schematicheaven.net/newamps/yamaha_t50_t100.pdf,,service_manual,,,3
xt,https://schematicheaven.net/effects/nobels_ab1_switcher.pdf,Nobels A/B-1 nobels ab1 switcher,https://schematicheaven.net/effects/nobels_ab1_switcher.pdf,,service_manual,,,1
xu,https://schematicheaven.net/effects/boss_ce1_chorus.pdf,Boss CE-1 boss ce1 chorus,https://schematicheaven.net/effects/boss_ce1_chorus.pdf,,service_manual,,,1
xv,https://schematicheaven.net/effects/boss_ce300_chorus.pdf,Boss CD-300 boss ce300 chorus,https://schematicheaven.net/effects/boss_ce300_chorus.pdf,,service_manual,,,1
xw,https://schematicheaven.net/effects/boss_ch1_superchorus.pdf,Boss CH-1 Super boss ch1 superchorus,https://schematicheaven.net/effects/boss_ch1_superchorus.pdf,,service_manual,,,1
xx,https://schematicheaven.net/effects/boss_dc2_dimension_chorus.pdf,Boss DC-2 Dimension boss dc2 dimension chorus,https://schematicheaven.net/effects/boss_dc2_dimension_chorus.pdf,,service_manual,,,1
xy,https://schematicheaven.net/effects/dod565_chorus.pdf,DOD 565 dod565 chorus,https://schematicheaven.net/effects/dod565_chorus.pdf,,service_manual,,,1
xz,https://schematicheaven.net/effects/dodfx60_stereo_chorus.pdf,DOD FX-60 dodfx60 stereo chorus,https://schematicheaven.net/effects/dodfx60_stereo_chorus.pdf,,service_manual,,,1
y,https://schematicheaven.net/fenderamps/fender_bronco_aa764.pdf,AA764 fender bronco aa764,https://schematicheaven.net/fenderamps/fender_bronco_aa764.pdf,,service_manual,,,2
y0,https://schematicheaven.net/effects/dodfx64_icebox_stereochorus.pdf,DOD FX-64 Icebox dodfx64 icebox stereochorus,https://schematicheaven.net/effects/dodfx64_icebox_stereochorus.pdf,,service_manual,,,4
y1,https://schematicheaven.net/effects/dodfx67_stereo_turbo_chorus.pdf,DOD FX-67 Turbo dodfx67 stereo turbo chorus,https://schematicheaven.net/effects/dodfx67_stereo_turbo_chorus.pdf,,service_manual,,,1
y2,https://schematicheaven.net/effects/ibanez_cs9_stereochorus.pdf,Ibanez CS-9 ibanez cs9 stereochorus,https://schematicheaven.net/effects/ibanez_cs9_stereochorus.pdf,,service_manual,,,1
y3,https://schematicheaven.net/effects/ibanez_pc10_dualchorus.pdf,Ibanez PC-10 DualChorus ibanez pc10 dualchorus,https://schematicheaven.net/effects/ibanez_pc10_dualchorus.pdf,,service_manual,,,1
y4,https://schematicheaven.net/effects/ibanez_sc10_superstereochorus.pdf,Ibanez SC-10 SuperStereoChorus ibanez sc10 superstereochorus,https://schematicheaven.net/effects/ibanez_sc10_superstereochorus.pdf,,service_manual,,,1
y5,https://schematicheaven.net/effects/nobels_chd_chorus.pdf,Nobels CH-D nobels chd chorus,https://schematicheaven.net/effects/nobels_chd_chorus.pdf,,service_manual,,,1
y6,https://schematicheaven.net/effects/pearl_chorus.pdf,Pearl CH-02 pearl chorus,https://schematicheaven.net/effects/pearl_chorus.pdf,,service_manual,,,1
y7,https://schematicheaven.net/effects/rocktek_chorus.pdf,Rocktek Chorus rocktek chorus,https://schematicheaven.net/effects/rocktek_chorus.pdf,,service_manual,,,1
y8,https://schematicheaven.net/effects/telray_chorus_flanger_cfl.pdf,Tel-Ray/Morley CFL telray chorus flanger cfl,https://schematicheaven.net/effects/telray_chorus_flanger_cfl.pdf,,service_manual,,,1
y9,https://schematicheaven.net/effects/vox_1905_chorus.pdf,Vox 1905 vox 1905 chorus,https://schematicheaven.net/effects/vox_1905_chorus.pdf,,service_manual,,,1
ya,https://schematicheaven.net/effects/ggg_danarmstrong_orangesqueezer.pdf,Dan Armstrong Orange Squeezer ggg danarmstrong orangesqueezer,https://schematicheaven.net/effects/ggg_danarmstrong_orangesqueezer.pdf,,service_manual,,,1
yb,https://schematicheaven.net/effects/dod280a_compressor.pdf,DOD 280-A dod280a compressor,https://schematicheaven.net/effects/dod280a_compressor.pdf,,service_manual,,,1
yc,https://schematicheaven.net/effects/dod525_compressor_limiter.pdf,DOD 525 dod525 compressor limiter,https://schematicheaven.net/effects/dod525_compressor_limiter.pdf,,service_manual,,,1
yd,https://schematicheaven.net/effects/dod825_compressor.pdf,DOD 825 dod825 compressor,https://schematicheaven.net/effects/dod825_compressor.pdf,,service_manual,,,1
ye,https://schematicheaven.net/effects/dodfx54_compressor_dist.pdf,DOD FX-54 Comp/Dist dodfx54 compressor dist,https://schematicheaven.net/effects/dodfx54_compressor_dist.pdf,,service_manual,,,1
yf,https://schematicheaven.net/effects/eh_soulpreacher_compressor.pdf,ElectroHarmonix Soul Preacher eh soulpreacher compressor,https://schematicheaven.net/effects/eh_soulpreacher_compressor.pdf,,service_manual,,,1
yg,https://schematicheaven.net/effects/ibanez_cp10_compressor.pdf,Ibanez CP-10 ibanez cp10 compressor,https://schematicheaven.net/effects/ibanez_cp10_compressor.pdf,,service_manual,,,1
yh,https://schematicheaven.net/effects/mxr_dynacomp_compressor.pdf,MXR M-102 Dynacomp mxr dynacomp compressor,https://schematicheaven.net/effects/mxr_dynacomp_compressor.pdf,,service_manual,,,1
yi,https://schematicheaven.net/effects/nobels_co2_compressor.pdf,Nobels CO-2 nobels co2 compressor,https://schematicheaven.net/effects/nobels_co2_compressor.pdf,,service_manual,,,1
yj,https://schematicheaven.net/effects/pearl_compressor.pdf,Pearl CO-04 pearl compressor,https://schematicheaven.net/effects/pearl_compressor.pdf,,service_manual,,,1
yk,https://schematicheaven.net/effects/telray_compressor_vol_vco.pdf,Tel-Ray/Morley VCO telray compressor vol vco,https://schematicheaven.net/effects/telray_compressor_vol_vco.pdf,,service_manual,,,1
yl,https://schematicheaven.net/effects/telray_electropik_attackctl_acv.pdf,Tel-Ray/Morley ACV Electropik telray electropik attackctl acv,https://schematicheaven.net/effects/telray_electropik_attackctl_acv.pdf,,service_manual,,,1
ym,https://schematicheaven.net/effects/telray_pikpercussion_ppa.pdf,Tel-Ray/Morley PPA Pikpercussion telray pikpercussion ppa,https://schematicheaven.net/effects/telray_pikpercussion_ppa.pdf,,service_manual,,,1
yn,https://schematicheaven.net/effects/vox_1903_compressor.pdf,Vox 1903 vox 1903 compressor,https://schematicheaven.net/effects/vox_1903_compressor.pdf,,service_manual,,,1
yo,https://schematicheaven.net/effects/boss_dd2_digital_delay.pdf,Boss DD-2 boss dd2 digital delay,https://schematicheaven.net/effects/boss_dd2_digital_delay.pdf,,service_manual,,,1
yp,https://schematicheaven.net/effects/boss_dm2_analog_delay.pdf,Boss DM-2 boss dm2 analog delay,https://schematicheaven.net/effects/boss_dm2_analog_delay.pdf,,service_manual,,,1
yq,https://schematicheaven.net/effects/boss_dm3_analog_delay.pdf,Boss DM-3 boss dm3 analog delay,https://schematicheaven.net/effects/boss_dm3_analog_delay.pdf,,service_manual,,,1
yr,https://schematicheaven.net/effects/boss_rv3_delay_reverb.pdf,Boss RV-3 Delay/Reverb boss rv3 delay reverb,https://schematicheaven.net/effects/boss_rv3_delay_reverb.pdf,,service_manual,,,1
ys,https://schematicheaven.net/effects/boss_sg1_slowgear_attackdelay.pdf,Boss SG-1 Slowgear boss sg1 slowgear attackdelay,https://schematicheaven.net/effects/boss_sg1_slowgear_attackdelay.pdf,,service_manual,,,1
yt,https://schematicheaven.net/effects/dod585_delay_analog.pdf,DOD 585 dod585 delay analog,https://schematicheaven.net/effects/dod585_delay_analog.pdf,,service_manual,,,1
yu,https://schematicheaven.net/effects/dod908_digitaldelay.pdf,DOD 908 dod908 digitaldelay,https://schematicheaven.net/effects/dod908_digitaldelay.pdf,,service_manual,,,2
yv,https://schematicheaven.net/effects/dodfx90_delay.pdf,DOD FX-90 dodfx90 delay,https://schematicheaven.net/effects/dodfx90_delay.pdf,,service_manual,,,1
yw,https://schematicheaven.net/effects/dodfx96_echo.pdf,DOD FX-96 Echo dodfx96 echo,https://schematicheaven.net/effects/dodfx96_echo.pdf,,service_manual,,,3
yx,https://schematicheaven.net/effects/eh_deluxe_memoryman_delay.pdf,ElectroHarmonix Deluxe MemoryMan eh deluxe memoryman delay,https://schematicheaven.net/effects/eh_deluxe_memoryman_delay.pdf,,service_manual,,,1
yy,https://schematicheaven.net/effects/ibanez_ad80_analogdelay.pdf,Ibanez AD-80 ibanez ad80 analogdelay,https://schematicheaven.net/effects/ibanez_ad80_analogdelay.pdf,,service_manual,,,1
yz,https://schematicheaven.net/effects/ibanez_ad100_analogdelay.pdf,Ibanez AD-100 ibanez ad100 analogdelay,https://schematicheaven.net/effects/ibanez_ad100_analogdelay.pdf,,service_manual,,,1
z,https://schematicheaven.net/fenderamps/bronco_ab764_schem.pdf,AB764 bronco ab764 schem,https://schematicheaven.net/fenderamps/bronco_ab764_schem.pdf,,service_manual,,,2
z0,https://schematicheaven.net/effects/ibanez_cd10_delaychamp.pdf,Ibanez CD-10 ibanez cd10 delaychamp,https://schematicheaven.net/effects/ibanez_cd10_delaychamp.pdf,,service_manual,,,1
z1,https://schematicheaven.net/effects/ibanez_cs5_delay.pdf,Ibanez CS-5 ibanez cs5 delay,https://schematicheaven.net/effects/ibanez_cs5_delay.pdf,,service_manual,,,1
z2,https://schematicheaven.net/effects/ibanez_dl5_digitaldelay.pdf,Ibanez D-15 ibanez dl5 digitaldelay,https://schematicheaven.net/effects/ibanez_dl5_digitaldelay.pdf,,service_manual,,,1
z3,https://schematicheaven.net/effects/ibanez_em5_echomachine.pdf,Ibanez EM-5 EchoMachine ibanez em5 echomachine,https://schematicheaven.net/effects/ibanez_em5_echomachine.pdf,,service_manual,,,1
z4,https://schematicheaven.net/effects/telray_echo_chorus_vibrato_ecv.pdf,Tel-Ray/Morley ECV telray echo chorus vibrato ecv,https://schematicheaven.net/effects/telray_echo_chorus_vibrato_ecv.pdf,,service_manual,,,1
z5,https://schematicheaven.net/effects/fender_echoreverb_III_oilcan.pdf,Fender Echoreverb III fender echoreverb III oilcan,https://schematicheaven.net/effects/fender_echoreverb_III_oilcan.pdf,,service_manual,,,1
z6,https://schematicheaven.net/effects/gibson_ga4re_oilcan.pdf,Gibson GA-4RE gibson ga4re oilcan,https://schematicheaven.net/effects/gibson_ga4re_oilcan.pdf,,service_manual,,,1
z7,https://schematicheaven.net/effects/telray_echo-ver-brato_oilcan.pdf,Tel-Ray/Morley Echo-Ver-Brato telray echo-ver-brato oilcan,https://schematicheaven.net/effects/telray_echo-ver-brato_oilcan.pdf,,service_manual,,,1
z8,https://schematicheaven.net/effects/dynacord_echocord.pdf,Dynacord EchoChord S-65 dynacord echocord,https://schematicheaven.net/effects/dynacord_echocord.pdf,,service_manual,,,1
z9,https://schematicheaven.net/effects/dynacord_echoking.pdf,Dynacord EchoKing dynacord echoking,https://schematicheaven.net/effects/dynacord_echoking.pdf,,service_manual,,,1
za,https://schematicheaven.net/effects/ep1_5000.pdf,Echoplex EP-1 5000 ep1 5000,https://schematicheaven.net/effects/ep1_5000.pdf,,service_manual,,,1
zb,https://schematicheaven.net/effects/ep2_1549-2749.pdf,Echoplex EP-2 1549-2749 ep2 1549-2749,https://schematicheaven.net/effects/ep2_1549-2749.pdf,,service_manual,,,1
zc,https://schematicheaven.net/effects/ep2_2750-5499.pdf,Echoplex EP-2 2750-5499 ep2 2750-5499,https://schematicheaven.net/effects/ep2_2750-5499.pdf,,service_manual,,,1
zd,https://schematicheaven.net/effects/ep2_5500-5938.pdf,Echoplex EP-2 5500-5938 ep2 5500-5938,https://schematicheaven.net/effects/ep2_5500-5938.pdf,,service_manual,,,1
ze,https://schematicheaven.net/effects/ep3_9068-9450.pdf,Echoplex EP-3 9068-9450 ep3 9068-9450,https://schematicheaven.net/effects/ep3_9068-9450.pdf,,service_manual,,,1
zf,https://schematicheaven.net/effects/ep3_9451-12960.pdf,Echoplex EP-3 9451-12960 ep3 9451-12960,https://schematicheaven.net/effects/ep3_9451-12960.pdf,,service_manual,,,1
zg,https://schematicheaven.net/effects/ep3_12961-28591.pdf,Echoplex EP-3 12961-28591 ep3 12961-28591,https://schematicheaven.net/effects/ep3_12961-28591.pdf,,service_manual,,,1
zh,https://schematicheaven.net/effects/ep4.pdf,Echoplex EP-4 ep4,https://schematicheaven.net/effects/ep4.pdf,,service_manual,,,1
zi,https://schematicheaven.net/effects/sireko_se1.pdf,Echoplex/Sireko SE-1 sireko se1,https://schematicheaven.net/effects/sireko_se1.pdf,,service_manual,,,2
zj,https://schematicheaven.net/effects/fender_ecco_fonic.pdf,Fender Ecco Fonic fender ecco fonic,https://schematicheaven.net/effects/fender_ecco_fonic.pdf,,service_manual,,,1
zk,https://schematicheaven.net/effects/fender_echochamber_fe1000.pdf,Fender Echo Chamber FE1000 fender echochamber fe1000,https://schematicheaven.net/effects/fender_echochamber_fe1000.pdf,,service_manual,,,1
zl,https://schematicheaven.net/effects/fender_echochamber_old.pdf,Fender Echo Chamber (OLD) fender echochamber old,https://schematicheaven.net/effects/fender_echochamber_old.pdf,,service_manual,,,1
zm,https://schematicheaven.net/effects/klemtecholette_b40n.pdf,Klemt Echolette B40-N klemtecholette b40n,https://schematicheaven.net/effects/klemtecholette_b40n.pdf,,service_manual,,,1
zn,https://schematicheaven.net/effects/klemtecholette_m100.pdf,Klemt Echolette M100 klemtecholette m100,https://schematicheaven.net/effects/klemtecholette_m100.pdf,,service_manual,,,1
zo,https://schematicheaven.net/effects/klemt_echolette_ng-51.pdf,Klemt Echolette NG-51 klemt echolette ng-51,https://schematicheaven.net/effects/klemt_echolette_ng-51.pdf,,service_manual,,,1
zp,https://schematicheaven.net/effects/selmer_echo_200.pdf,Selmer Echo-200 selmer echo 200,https://schematicheaven.net/effects/selmer_echo_200.pdf,,service_manual,,,1
zq,https://schematicheaven.net/effects/selmer_echo_300_mkII.pdf,Selmer Echo-300 MK-II selmer echo 300 mkII,https://schematicheaven.net/effects/selmer_echo_300_mkII.pdf,,service_manual,,,1
zr,https://schematicheaven.net/effects/swissecho_463.pdf,SwissEcho 463 swissecho 463,https://schematicheaven.net/effects/swissecho_463.pdf,,service_manual,,,1
zs,https://schematicheaven.net/effects/swissecho_863_deluxe_stereo.pdf,SwissEcho 863 swissecho 863 deluxe stereo,https://schematicheaven.net/effects/swissecho_863_deluxe_stereo.pdf,,service_manual,,,1
zt,https://schematicheaven.net/effects/watkins_copycat_echo.pdf,Watkins Copicat 61 watkins copycat echo,https://schematicheaven.net/effects/watkins_copycat_echo.pdf,,service_manual,,,2
zu,https://schematicheaven.net/effects/wem_copicat_ic300.pdf,WEM Copicat IC300 wem copicat ic300,https://schematicheaven.net/effects/wem_copicat_ic300.pdf,,service_manual,,,1
zv,https://schematicheaven.net/effects/wem_copicat_mk-unknown.pdf,WEM Copicat Mk? wem copicat mk-unknown,https://schematicheaven.net/effects/wem_copicat_mk-unknown.pdf,,service_manual,,,1
zw,https://schematicheaven.net/effects/wem_copicat_ss_mkIV.pdf,WEM Copicat SS MkIV wem copicat ss mkIV,https://schematicheaven.net/effects/wem_copicat_ss_mkIV.pdf,,service_manual,,,1
zx,https://schematicheaven.net/effects/wem_copicat_super1c_5head.pdf,WEM Copicat Super1C 5HD wem copicat super1c 5head,https://schematicheaven.net/effects/wem_copicat_super1c_5head.pdf,,service_manual,,,1
zy,https://schematicheaven.net/effects/wem_copicat_super1c_6head.pdf,WEM Copicat Super1C 6HD wem copicat super1c 6head,https://schematicheaven.net/effects/wem_copicat_super1c_6head.pdf,,service_manual,,,1
zz,https://schematicheaven.net/effects/binson_echorec_2.pdf,Binson Echorec 2 binson echorec 2,https://schematicheaven.net/effects/binson_echorec_2.pdf,,service_manual,,,2
