key,url,http,bytes,sha256,fetch_at,read_at,read_v,skip_reason
https://www.onsemi.com/download/data-sheet/pdf/12a02mh-d.pdf,https://www.onsemi.com/download/data-sheet/pdf/12a02mh-d.pdf,200,161110,13d31c512017e5b667bf308afa9550dcee1c63824f4ba49d8e2f50afa4bb1b18,2026-09-27,2026-09-27,10,
https://www.onsemi.com/download/data-sheet/pdf/1hn04ch-d.pdf,https://www.onsemi.com/download/data-sheet/pdf/1hn04ch-d.pdf,200,304078,d537de09db62a8499c69a56034ead69e52fdc76b42a5d10dfdf501062f9b1f4b,2026-09-27,2026-09-27,10,
https://www.onsemi.com/download/data-sheet/pdf/1n3064-d.pdf,https://www.onsemi.com/download/data-sheet/pdf/1n3064-d.pdf,200,319150,10f36bdeecea03515bf2c8623579ec1b615cf1b0ada58dd873b109f4341a4856,2026-09-27,2026-09-27,10,
https://www.onsemi.com/download/data-sheet/pdf/1n3070-d.pdf,https://www.onsemi.com/download/data-sheet/pdf/1n3070-d.pdf,200,136597,82ef8d323431a415443b8ecdfd0b96997e64ee9c2a04a0a349ad933e1fd549d9,2026-09-27,2026-09-27,10,
https://www.onsemi.com/download/data-sheet/pdf/1n3595-d.pdf,https://www.onsemi.com/download/data-sheet/pdf/1n3595-d.pdf,200,143313,2c2528feff26344845cd677f03440c8e698318efa806014d016415453f8792c4,2026-09-27,2026-09-27,10,
https://www.onsemi.com/download/data-sheet/pdf/1n4001-d.pdf,https://www.onsemi.com/download/data-sheet/pdf/1n4001-d.pdf,200,182638,255564063be9fb3ae674c31cf17fad1bd3a40aa398551badd129d2912b42480b,2026-09-27,2026-09-27,10,
https://www.onsemi.com/download/data-sheet/pdf/1n4148ws-d.pdf,https://www.onsemi.com/download/data-sheet/pdf/1n4148ws-d.pdf,200,205587,1c9e730f3cbfa47fdf88552cb33cc15467933e5d6d493188df3a371a69323d4c,2026-09-27,2026-09-27,10,
https://www.onsemi.com/download/data-sheet/pdf/1n4149-d.pdf,https://www.onsemi.com/download/data-sheet/pdf/1n4149-d.pdf,200,150313,a3ee67b4a923ec75a9468e46237774ce3e8741bac36faa6c1a1573b013fc62aa,2026-09-27,2026-09-27,10,
https://www.onsemi.com/download/data-sheet/pdf/1n4447-d.pdf,https://www.onsemi.com/download/data-sheet/pdf/1n4447-d.pdf,200,133958,52200a2f293a976576e702ef8344751af93aebd39b78cc14287ba91400c847cd,2026-09-27,2026-09-27,10,
https://www.onsemi.com/download/data-sheet/pdf/1n4454-d.pdf,https://www.onsemi.com/download/data-sheet/pdf/1n4454-d.pdf,200,147319,5afa3a65c87e7ad0b7da6ee7ff45f02a977e57e9fe8084d0dcedc0d74cfc068d,2026-09-27,2026-09-27,10,
https://www.onsemi.com/download/data-sheet/pdf/1n456a-d.pdf,https://www.onsemi.com/download/data-sheet/pdf/1n456a-d.pdf,200,133488,6ffbcb0a5b4693b2b6d5eac55c7dcf6d0e28afa383b1c21589a718036c941f1d,2026-09-27,2026-09-27,10,
https://www.onsemi.com/download/data-sheet/pdf/1n457a-d.pdf,https://www.onsemi.com/download/data-sheet/pdf/1n457a-d.pdf,200,133826,fee21b0fd5c7ebedb7b915e48d2716b91e488994a4f02e16674ab77bf2b675fb,2026-09-27,2026-09-27,10,
https://www.onsemi.com/download/data-sheet/pdf/1n458a-d.pdf,https://www.onsemi.com/download/data-sheet/pdf/1n458a-d.pdf,200,134121,017c7ed92e43ad2f48d043d91cc7d3a0964d78cdbdf9116727fd5d15b3af5586,2026-09-27,2026-09-27,10,
https://www.onsemi.com/download/data-sheet/pdf/1n459a-d.pdf,https://www.onsemi.com/download/data-sheet/pdf/1n459a-d.pdf,200,190328,3901d95238e602edd3d635f2d6473be552519aa268f922e370434fb7f018f123,2026-09-27,2026-09-27,10,
https://www.onsemi.com/download/data-sheet/pdf/1n4736at-d.pdf,https://www.onsemi.com/download/data-sheet/pdf/1n4736at-d.pdf,200,265411,cb0c62ecb57e0f3e55d127718f582ab98297342c70b1fb6baa5bcc6d5893ac1e,2026-09-27,2026-09-27,10,
https://www.onsemi.com/download/data-sheet/pdf/1n483b-d.pdf,https://www.onsemi.com/download/data-sheet/pdf/1n483b-d.pdf,200,136485,46d4f8ba9ca75aaefaaa9468229921cd5190cdad08e56579588ddd70094f9a4f,2026-09-27,2026-09-27,10,
https://www.onsemi.com/download/data-sheet/pdf/1n485b-d.pdf,https://www.onsemi.com/download/data-sheet/pdf/1n485b-d.pdf,200,121221,dacbbeee6ee00eb7bf73dce57040d1c9b33316a297ab945236f0a26c2fa627e7,2026-09-27,2026-09-27,10,
https://www.onsemi.com/download/data-sheet/pdf/1n486b-d.pdf,https://www.onsemi.com/download/data-sheet/pdf/1n486b-d.pdf,200,200818,daeee7f2aee5246e54e1c265e2db4a53e273bcc874bcdf46b18ddbf021b92d58,2026-09-27,2026-09-27,10,
https://www.onsemi.com/download/data-sheet/pdf/1n4933-d.pdf,https://www.onsemi.com/download/data-sheet/pdf/1n4933-d.pdf,200,151574,0358cfcf48930472639c8c7aebf014d5e06195be40a2880e496872b745fbb235,2026-09-27,2026-09-27,10,
https://www.onsemi.com/download/data-sheet/pdf/1n5221b-d.pdf,https://www.onsemi.com/download/data-sheet/pdf/1n5221b-d.pdf,200,240957,7d217314efa57487db7588a6641fab62a8faeb0a27bf2ece9170d90e06da622a,2026-09-27,2026-09-27,10,
https://www.onsemi.com/download/data-sheet/pdf/1n5282-d.pdf,https://www.onsemi.com/download/data-sheet/pdf/1n5282-d.pdf,200,131305,b50cb02bb4515f39f49b3dc005daada12580606cf0db192af88e7399ab3b9db0,2026-09-27,2026-09-27,10,
https://www.onsemi.com/download/data-sheet/pdf/1n5333b-d.pdf,https://www.onsemi.com/download/data-sheet/pdf/1n5333b-d.pdf,200,276483,017d9f8229e67ed5170dd16d68c59922ea39b20fcfd5ab8560b1c412afefedb9,2026-09-27,2026-09-27,10,
https://www.onsemi.com/download/data-sheet/pdf/1n5400-d.pdf,https://www.onsemi.com/download/data-sheet/pdf/1n5400-d.pdf,200,159408,5fb614c9b5d8ef42340d8a62e5b62241dd2d94e79a0205aa37c2f49ac7421649,2026-09-27,2026-09-27,10,
https://www.onsemi.com/download/data-sheet/pdf/1n5817-d.pdf,https://www.onsemi.com/download/data-sheet/pdf/1n5817-d.pdf,200,386468,8821bed686d24ac9b97fdbb1ca2e8d5f1998e0c54fdc8427e180e48cf16afb43,2026-09-27,2026-09-27,10,
https://www.onsemi.com/download/data-sheet/pdf/1n5820-d.pdf,https://www.onsemi.com/download/data-sheet/pdf/1n5820-d.pdf,200,245661,d8c92b3b70a58abd7119fb0fbe57a22a0510b89fae92f58b6e2ec89fe3a947b7,2026-09-27,2026-09-27,10,
https://www.onsemi.com/download/data-sheet/pdf/1n5913b-d.pdf,https://www.onsemi.com/download/data-sheet/pdf/1n5913b-d.pdf,200,271148,cd256bcd1a60184bd7b51d4d64ae915e6fd05cdcfa9c5c41978b613565a699cf,2026-09-27,2026-09-27,10,
https://www.onsemi.com/download/data-sheet/pdf/1n914-d.pdf,https://www.onsemi.com/download/data-sheet/pdf/1n914-d.pdf,200,331714,2d923806cce76211aa7abe124797bc4f1ccefe88a1b9077ae339d360ef375cbb,2026-09-27,2026-09-27,10,
https://www.onsemi.com/download/data-sheet/pdf/1n914bwt-d.pdf,https://www.onsemi.com/download/data-sheet/pdf/1n914bwt-d.pdf,200,243089,d5059a67b99d4a485c18da1efa437a93d5525ad6be0934dbded4f2fbe9778543,2026-09-27,2026-09-27,10,
https://www.onsemi.com/download/data-sheet/pdf/1smf16bt1-d.pdf,https://www.onsemi.com/download/data-sheet/pdf/1smf16bt1-d.pdf,200,138179,be62c4a81ad634eff78403fe779c518ec4f8a658b3dc6494f23e2dd5cb381e78,2026-09-27,2026-09-27,10,
https://www.onsemi.com/download/data-sheet/pdf/2n2219-d.pdf,https://www.onsemi.com/download/data-sheet/pdf/2n2219-d.pdf,200,224022,e9253f65791d6fac8a25e058ada89bdfab70345bc2b0c92af1804fd75e9728bc,2026-09-27,2026-09-27,10,
https://www.onsemi.com/download/data-sheet/pdf/2n2222a-d.pdf,https://www.onsemi.com/download/data-sheet/pdf/2n2222a-d.pdf,200,126654,b3181715862c6d3c145868d170f52fa7ff8ea99d89707699c01a53d108e587c7,2026-09-27,2026-09-27,10,
https://www.onsemi.com/download/data-sheet/pdf/2n2905a-d.pdf,https://www.onsemi.com/download/data-sheet/pdf/2n2905a-d.pdf,200,166704,ef33d3139cbb20ff7cece3ca624821b11f0be481a6548eba3666857ffe93efd3,2026-09-27,2026-09-27,10,
https://www.onsemi.com/download/data-sheet/pdf/2n2907a-d.pdf,https://www.onsemi.com/download/data-sheet/pdf/2n2907a-d.pdf,200,138850,be0fec9406a43e61e3165cc1d576b1858de86b077cfa645ddf33ca66822806a7,2026-09-27,2026-09-27,10,
https://www.onsemi.com/download/data-sheet/pdf/2n3019-d.pdf,https://www.onsemi.com/download/data-sheet/pdf/2n3019-d.pdf,200,287833,01ec7a79deca5f9b6d9ddfe1218856a422659cbe7d830026a3ff59662e22506f,2026-09-27,2026-09-27,10,
https://www.onsemi.com/download/data-sheet/pdf/2n3055-d.pdf,https://www.onsemi.com/download/data-sheet/pdf/2n3055-d.pdf,200,234939,0f87cc254cb107d15907b6b4909b5ec88c68dc257c109c3f06eec2e39fbfcdb8,2026-09-27,2026-09-27,10,
https://www.onsemi.com/download/data-sheet/pdf/2n3055a-d.pdf,https://www.onsemi.com/download/data-sheet/pdf/2n3055a-d.pdf,200,290121,4cf67cbc00fe0ef4a7a74a7cfb3e365f59c7d83cb3e318efbf4adc7ea12f0f9f,2026-09-27,2026-09-27,10,
https://www.onsemi.com/download/data-sheet/pdf/2n3439-d.pdf,https://www.onsemi.com/download/data-sheet/pdf/2n3439-d.pdf,200,121991,d6890a277f0b194aadcaa80e3286337965473b7fc47e9871a7289344ff9bfa8c,2026-09-27,2026-09-27,10,
https://www.onsemi.com/download/data-sheet/pdf/2n3442-d.pdf,https://www.onsemi.com/download/data-sheet/pdf/2n3442-d.pdf,200,146162,febbd4c3caa07be6fccc0a55f7a8e060352bcfd2dc90757cb2d02b572945e9bd,2026-09-27,2026-09-27,10,
https://www.onsemi.com/download/data-sheet/pdf/2n3637-d.pdf,https://www.onsemi.com/download/data-sheet/pdf/2n3637-d.pdf,200,199163,6f38c3de6aeda4aad747f9e5570cf362a7221d44adc6edf2378611299de74c55,2026-09-27,2026-09-27,10,
https://www.onsemi.com/download/data-sheet/pdf/2n3771-d.pdf,https://www.onsemi.com/download/data-sheet/pdf/2n3771-d.pdf,200,272908,1802f20668240ccdf64e31850b91eeb40a28ee0fba7eba987987de923ea71568,2026-09-27,2026-09-27,10,
https://www.onsemi.com/download/data-sheet/pdf/2n3773-d.pdf,https://www.onsemi.com/download/data-sheet/pdf/2n3773-d.pdf,200,252462,9ea7cd8b4a9c6e4e66ea1d01e9f7aedb17d45f342e47e5dd4a88eb0c85a6bb50,2026-09-27,2026-09-27,10,
https://www.onsemi.com/download/data-sheet/pdf/2n3819-d.pdf,https://www.onsemi.com/download/data-sheet/pdf/2n3819-d.pdf,200,218842,166cc67eb753e0ffc2afca5f9fda6987f727a960b6536087d7064719c6657b73,2026-09-27,2026-09-27,10,
https://www.onsemi.com/download/data-sheet/pdf/2n3903-d.pdf,https://www.onsemi.com/download/data-sheet/pdf/2n3903-d.pdf,200,232662,4a32e2ab55d75a805e1d2b613f0da65569789fd77a5aff016e47c89409477b8d,2026-09-27,2026-09-27,10,
https://www.onsemi.com/download/data-sheet/pdf/2n3904-d.pdf,https://www.onsemi.com/download/data-sheet/pdf/2n3904-d.pdf,200,324813,85a3c49c61904654e2c98f22d820a31ed481417bad7d9c432f64762f740d3748,2026-09-27,2026-09-27,10,
https://www.onsemi.com/download/data-sheet/pdf/2n3906-d.pdf,https://www.onsemi.com/download/data-sheet/pdf/2n3906-d.pdf,200,444792,907fbb89066450f3c208a32b359f7a05a47125350978727c5d3a2244aa5aedcf,2026-09-27,2026-09-27,10,
https://www.onsemi.com/download/data-sheet/pdf/2n4123-d.pdf,https://www.onsemi.com/download/data-sheet/pdf/2n4123-d.pdf,200,175116,f28d2c979391ff2ba7d591b0830f4c4209c6cef92a049cb227cdb0f9b47b23cd,2026-09-27,2026-09-27,10,
https://www.onsemi.com/download/data-sheet/pdf/2n4401-d.pdf,https://www.onsemi.com/download/data-sheet/pdf/2n4401-d.pdf,200,274130,6b1b6ef56963c5a4333215c7492391123a6f8e9039b6c8df1a4a264b089ee508,2026-09-27,2026-09-27,10,
https://www.onsemi.com/download/data-sheet/pdf/2n4403-d.pdf,https://www.onsemi.com/download/data-sheet/pdf/2n4403-d.pdf,200,177887,7d9794a0262b53f26f36cfd97a681384b358901c61fb5ac5956e785fe61b6bf9,2026-09-27,2026-09-27,10,
https://www.onsemi.com/download/data-sheet/pdf/2n4403t.pdf,https://www.onsemi.com/download/data-sheet/pdf/2n4403t.pdf,200,404772,d394e6ea8d5cdd7666b097ba89a958ea7a400df1a2b31000f7d75e4a3b0777ea,2026-09-27,2026-09-27,10,
https://www.onsemi.com/download/data-sheet/pdf/2n4410-d.pdf,https://www.onsemi.com/download/data-sheet/pdf/2n4410-d.pdf,200,166067,c829ff9eb44ab47e8b1bf8054b6b67bb954c024c0a1a1343605d3667ecf7daaa,2026-09-27,2026-09-27,10,
https://www.onsemi.com/download/data-sheet/pdf/2n4918-d.pdf,https://www.onsemi.com/download/data-sheet/pdf/2n4918-d.pdf,200,304259,89d650739e2eeb4a92c8044642d278fa4b907a352410e65ba6fb7a769b372d0b,2026-09-27,2026-09-27,10,
https://www.onsemi.com/download/data-sheet/pdf/2n4921-d.pdf,https://www.onsemi.com/download/data-sheet/pdf/2n4921-d.pdf,200,297689,3dacf91bbbda76f1f1788a299f1241c2e85846ddca258144c2a61f8f7afde7c0,2026-09-27,2026-09-27,10,
https://www.onsemi.com/download/data-sheet/pdf/2n5038-d.pdf,https://www.onsemi.com/download/data-sheet/pdf/2n5038-d.pdf,200,216886,12edef653c13eb62531e6b779b9c752ed67c05cb2d661f5c0a9a61cf9657f216,2026-09-27,2026-09-27,10,
https://www.onsemi.com/download/data-sheet/pdf/2n5060-d.pdf,https://www.onsemi.com/download/data-sheet/pdf/2n5060-d.pdf,200,207664,4aa450e37f85115dc2e643a5d48d36bfe1147c75585defa5b37316d9b7380bb7,2026-09-27,2026-09-27,10,
https://www.onsemi.com/download/data-sheet/pdf/2n5087-d.pdf,https://www.onsemi.com/download/data-sheet/pdf/2n5087-d.pdf,200,259473,09f53fa5af33d916e4a248bad31a40c9f5f5f4148fb29242becc91ef31420d89,2026-09-27,2026-09-27,10,
https://www.onsemi.com/download/data-sheet/pdf/2n5088-d.pdf,https://www.onsemi.com/download/data-sheet/pdf/2n5088-d.pdf,200,214937,09f56fcc98024bef153eaf9c05b318e3ffc78fbb1b70e1f993a6d8ce8c4a28c7,2026-09-27,2026-09-27,10,
https://www.onsemi.com/download/data-sheet/pdf/2n5191-d.pdf,https://www.onsemi.com/download/data-sheet/pdf/2n5191-d.pdf,200,207122,2c39e6dcb39c912fe266afd14cde0f36633058206b41115ba714715c817febf5,2026-09-27,2026-09-27,10,
https://www.onsemi.com/download/data-sheet/pdf/2n5194-d.pdf,https://www.onsemi.com/download/data-sheet/pdf/2n5194-d.pdf,200,290685,d1d4461b6650e1e0e6d41dce4d8b155390f1927022efd321a66c76acf1c7f93d,2026-09-27,2026-09-27,10,
https://www.onsemi.com/download/data-sheet/pdf/2n5210-d.pdf,https://www.onsemi.com/download/data-sheet/pdf/2n5210-d.pdf,200,214069,02b59a2e8ffbeffe46ba490150d299922bad8bff2b51a8ef321c120435a4751b,2026-09-27,2026-09-27,10,
https://www.onsemi.com/download/data-sheet/pdf/2n5302-d.pdf,https://www.onsemi.com/download/data-sheet/pdf/2n5302-d.pdf,200,174129,2a1b2be628c7a56b3c11f7a4ef3241f3a88edac376dae4158d45067d4ce46453,2026-09-27,2026-09-27,10,
https://www.onsemi.com/download/data-sheet/pdf/2n5400-d.pdf,https://www.onsemi.com/download/data-sheet/pdf/2n5400-d.pdf,200,145246,ce889a03a1b63d281605706943a40a5e9d9478d86dd8c1b97eef9a46392b766b,2026-09-27,2026-09-27,10,
https://www.onsemi.com/download/data-sheet/pdf/2n5401-d.pdf,https://www.onsemi.com/download/data-sheet/pdf/2n5401-d.pdf,200,281224,db64ccde8c1b1c7626a06605c20194834ab2b5fa721dbbd63b9813b469794622,2026-09-27,2026-09-27,10,
https://www.onsemi.com/download/data-sheet/pdf/2n5457-d.pdf,https://www.onsemi.com/download/data-sheet/pdf/2n5457-d.pdf,200,262967,d547280c34509502772575b907afb58426da1e4795766b036d3a3e46eefcaf66,2026-09-27,2026-09-27,10,
https://www.onsemi.com/download/data-sheet/pdf/2n5460-d.pdf,https://www.onsemi.com/download/data-sheet/pdf/2n5460-d.pdf,200,118441,48aba5b2d3f5f05af7e3b215b5d3eb90d42a8e869103371eac94a8cda0cef25e,2026-09-27,2026-09-27,10,
https://www.onsemi.com/download/data-sheet/pdf/2n5486-d.pdf,https://www.onsemi.com/download/data-sheet/pdf/2n5486-d.pdf,200,206496,eae412e380d92254ec4d78a1adf6a58a36a2e87b8a09c61c97a40ede1e456987,2026-09-27,2026-09-27,10,
https://www.onsemi.com/download/data-sheet/pdf/2n5550-d.pdf,https://www.onsemi.com/download/data-sheet/pdf/2n5550-d.pdf,200,346460,74337e9034dc59f7e6921e4968c4eae76926507cd2112d3a49be6f66fdc66d5d,2026-09-27,2026-09-27,10,
https://www.onsemi.com/download/data-sheet/pdf/2n5551t-d.pdf,https://www.onsemi.com/download/data-sheet/pdf/2n5551t-d.pdf,200,293870,c9f1fc8d8e9a289081f866941b15a63512d7915a684a3e77644ba351a1caa0ca,2026-09-27,2026-09-27,10,
https://www.onsemi.com/download/data-sheet/pdf/2n5555-d.pdf,https://www.onsemi.com/download/data-sheet/pdf/2n5555-d.pdf,200,236463,9d6808268e97ed4f8b196907e090c69607989782f7f0e9f67a6621b477c9bbcd,2026-09-27,2026-09-27,10,
https://www.onsemi.com/download/data-sheet/pdf/2n5631-d.pdf,https://www.onsemi.com/download/data-sheet/pdf/2n5631-d.pdf,200,260306,45a0e165b7ddfd670dfd7e58cbda076907d5697d64d1480982705e3cab15644b,2026-09-27,2026-09-27,10,
https://www.onsemi.com/download/data-sheet/pdf/2n5638-d.pdf,https://www.onsemi.com/download/data-sheet/pdf/2n5638-d.pdf,200,109507,adc98b0ae7d58f970c7612b918e5762c51a345db4b2224768d4eefd49a0abfde,2026-09-27,2026-09-27,10,
https://www.onsemi.com/download/data-sheet/pdf/2n5655-d.pdf,https://www.onsemi.com/download/data-sheet/pdf/2n5655-d.pdf,200,190060,e4db95a25fc6761535370463710f53772b9b0a3f5e9fbbb6be442d3a5f2e1ffc,2026-09-27,2026-09-27,10,
https://www.onsemi.com/download/data-sheet/pdf/2n5684-d.pdf,https://www.onsemi.com/download/data-sheet/pdf/2n5684-d.pdf,200,278207,848cc3fe1e18a884a880126782e79a14448bc1b6092992727a80169605b47a89,2026-09-27,2026-09-27,10,
https://www.onsemi.com/download/data-sheet/pdf/2n5882-d.pdf,https://www.onsemi.com/download/data-sheet/pdf/2n5882-d.pdf,200,154637,1e5c29d48b2c7df33b95c28790151703f179ed3ec1c41350c75e385c9d512c89,2026-09-27,2026-09-27,10,
https://www.onsemi.com/download/data-sheet/pdf/2n5883-d.pdf,https://www.onsemi.com/download/data-sheet/pdf/2n5883-d.pdf,200,176533,aa7da4b81601c5ac8132363876c6fe048b0ed4209a7ff6f97e57bf1f5ba2b48e,2026-09-27,2026-09-27,10,
https://www.onsemi.com/download/data-sheet/pdf/2n6027-d.pdf,https://www.onsemi.com/download/data-sheet/pdf/2n6027-d.pdf,200,136194,190d9178e1b92ad3fee68eaa5e8d578b76e03f56447e3936eef137240aace2f4,2026-09-27,2026-09-27,10,
https://www.onsemi.com/download/data-sheet/pdf/2n6035-d.pdf,https://www.onsemi.com/download/data-sheet/pdf/2n6035-d.pdf,200,211835,65c868f9ee0463792d306f591190077a4d73ef4ccb93f5221646544202cfd40a,2026-09-27,2026-09-27,10,
https://www.onsemi.com/download/data-sheet/pdf/2n6040-d.pdf,https://www.onsemi.com/download/data-sheet/pdf/2n6040-d.pdf,200,229483,62c2e20f9b59c531f6d2a74697e708a36653492af729c5d87803eb930e47007c,2026-09-27,2026-09-27,10,
https://www.onsemi.com/download/data-sheet/pdf/2n6052-d.pdf,https://www.onsemi.com/download/data-sheet/pdf/2n6052-d.pdf,200,215199,e50975875584a302ffa81f7dcdb1b2a052bba0e8dc0089650127c5e30bb51326,2026-09-27,2026-09-27,10,
https://www.onsemi.com/download/data-sheet/pdf/2n6056-d.pdf,https://www.onsemi.com/download/data-sheet/pdf/2n6056-d.pdf,200,257761,f88600e28640270769877653ed98168b57c773290773c42d7b615c455eb7b7c4,2026-09-27,2026-09-27,10,
https://www.onsemi.com/download/data-sheet/pdf/2n6107-d.pdf,https://www.onsemi.com/download/data-sheet/pdf/2n6107-d.pdf,200,183134,f98b347f89873fa85d6d2deb43d9f3f81ee7473973385ee8bde8d000e55f5d12,2026-09-27,2026-09-27,10,
https://www.onsemi.com/download/data-sheet/pdf/2n6284-d.pdf,https://www.onsemi.com/download/data-sheet/pdf/2n6284-d.pdf,200,294586,4505e2cc76f7a68f55394209c94c77071ab2f8a5047deb2b3527c0c4fbfb5fba,2026-09-27,2026-09-27,10,
https://www.onsemi.com/download/data-sheet/pdf/2n6338-d.pdf,https://www.onsemi.com/download/data-sheet/pdf/2n6338-d.pdf,200,262027,4895d844ac5fec20f941575181a26899a2510d352a87a132ecbeeb838385264d,2026-09-27,2026-09-27,10,
https://www.onsemi.com/download/data-sheet/pdf/2n6387-d.pdf,https://www.onsemi.com/download/data-sheet/pdf/2n6387-d.pdf,200,276028,34708f43c475091b734f80d6525e842b5e58b04efc6ff91bc43cd04a1ae009ab,2026-09-27,2026-09-27,10,
https://www.onsemi.com/download/data-sheet/pdf/2n6426-d.pdf,https://www.onsemi.com/download/data-sheet/pdf/2n6426-d.pdf,200,137685,7ce548a3e218c93f427409d31694b43943fa6263cdde9591338f7717bbf23cb2,2026-09-27,2026-09-27,10,
https://www.onsemi.com/download/data-sheet/pdf/2n6427-d.pdf,https://www.onsemi.com/download/data-sheet/pdf/2n6427-d.pdf,200,584417,d79aed3a4e7d017af39257dd11cbe450e54cfd54bf42db952a30a542650d94fb,2026-09-27,2026-09-27,10,
https://www.onsemi.com/download/data-sheet/pdf/2n6437-d.pdf,https://www.onsemi.com/download/data-sheet/pdf/2n6437-d.pdf,200,262057,8cc4bc3aaf20b44a41e15540e049aa629523680d346ddf248b13b49ed6408ee0,2026-09-27,2026-09-27,10,
https://www.onsemi.com/download/data-sheet/pdf/2n6487-d.pdf,https://www.onsemi.com/download/data-sheet/pdf/2n6487-d.pdf,200,202171,11e0dd6817e3eccdfc8b94f8a13f5eb5a96032ec1a99843cf2060c8c8cdfefe6,2026-09-27,2026-09-27,10,
https://www.onsemi.com/download/data-sheet/pdf/2n6497-d.pdf,https://www.onsemi.com/download/data-sheet/pdf/2n6497-d.pdf,200,98222,c3158999a7a032fc2e6ba28b340adf49848414f7a8f5e8f677d049fd4a59c9c2,2026-09-27,2026-09-27,10,
https://www.onsemi.com/download/data-sheet/pdf/2n6515-d.pdf,https://www.onsemi.com/download/data-sheet/pdf/2n6515-d.pdf,200,197257,d7d6226d0957281f90c300e5400477bba8506a9570a07d647c4a3146baceda94,2026-09-27,2026-09-27,10,
https://www.onsemi.com/download/data-sheet/pdf/2n6517-d.pdf,https://www.onsemi.com/download/data-sheet/pdf/2n6517-d.pdf,200,288554,4e24fa008301d556c30ca16ecf7b898dc47b8988a931421287bfa010e6ee28b3,2026-09-27,2026-09-27,10,
https://www.onsemi.com/download/data-sheet/pdf/2n6520-d.pdf,https://www.onsemi.com/download/data-sheet/pdf/2n6520-d.pdf,200,226553,b4cb923e49f8c722bbc348e890a82ac67fbd700892876f3514f6854c8b97155b,2026-09-27,2026-09-27,10,
https://www.onsemi.com/download/data-sheet/pdf/2n6547-d.pdf,https://www.onsemi.com/download/data-sheet/pdf/2n6547-d.pdf,200,134043,c469a72a99ab8f4d2d91cb120f8eaf4bdd7c24215c865d78780e6058bb329391,2026-09-27,2026-09-27,10,
https://www.onsemi.com/download/data-sheet/pdf/2n6667-d.pdf,https://www.onsemi.com/download/data-sheet/pdf/2n6667-d.pdf,200,131762,9653a8edd87a7a0d7c2e57a0b61cf8f15de3e5afca2fb06027321d23c50a9bbd,2026-09-27,2026-09-27,10,
https://www.onsemi.com/download/data-sheet/pdf/2n7000ta-d.pdf,https://www.onsemi.com/download/data-sheet/pdf/2n7000ta-d.pdf,200,220115,66aa7e76907a1fa947449e077217b50f5d848cfa4c929764e3c5c1e6622a5c42,2026-09-27,2026-09-27,10,
https://www.onsemi.com/download/data-sheet/pdf/2n7002dw-d.pdf,https://www.onsemi.com/download/data-sheet/pdf/2n7002dw-d.pdf,200,739556,ef125640aa75a11bb4b522cec44c52424eff975f8c321cec9b32106cfc90cf46,2026-09-27,2026-09-27,10,
https://www.onsemi.com/download/data-sheet/pdf/2n7002e-d.pdf,https://www.onsemi.com/download/data-sheet/pdf/2n7002e-d.pdf,200,202893,d6991cc189fdfbcb75b9f1e447988bfabc5513f3ba8d24ec6c1cee314c77cd6c,2026-09-27,2026-09-27,10,
https://www.onsemi.com/download/data-sheet/pdf/2n7002k-d.pdf,https://www.onsemi.com/download/data-sheet/pdf/2n7002k-d.pdf,200,347276,4f858725f7accbffe14998ceef090505c7b1a067ecb7d69dbb1a1692aed035db,2026-09-27,2026-09-27,10,
https://www.onsemi.com/download/data-sheet/pdf/2n7002kw-d.pdf,https://www.onsemi.com/download/data-sheet/pdf/2n7002kw-d.pdf,200,296676,6964aaeca8bbf51e943f40b730819a6fad8769d0585ba5fce0afa0eb618c9122,2026-09-27,2026-09-27,10,
https://www.onsemi.com/download/data-sheet/pdf/2n7002l-d.pdf,https://www.onsemi.com/download/data-sheet/pdf/2n7002l-d.pdf,200,304707,712a6cb64a78abe1ec783c913e00dd2c8c9cc94bc34a3074924bafbdcf295c23,2026-09-27,2026-09-27,10,
https://www.onsemi.com/download/data-sheet/pdf/2n7002t-d.pdf,https://www.onsemi.com/download/data-sheet/pdf/2n7002t-d.pdf,200,216245,a233b412ba250893eb35f0dbcd36825b679d8de295bc120d8bfa301b896b83a6,2026-09-27,2026-09-27,10,
https://www.onsemi.com/download/data-sheet/pdf/2n7002va-d.pdf,https://www.onsemi.com/download/data-sheet/pdf/2n7002va-d.pdf,200,176631,babf5ec99b78646849df28c9bbeee4bf1e7ec3d03c001a590337e1928bf6ac2f,2026-09-27,2026-09-27,10,
https://www.onsemi.com/download/data-sheet/pdf/2n7002w-d.pdf,https://www.onsemi.com/download/data-sheet/pdf/2n7002w-d.pdf,200,185684,2a6afdea6dd1a1630c88ebb5dd35782fb7b62e562699d6185b02df63e0c3195a,2026-09-27,2026-09-27,10,
https://www.onsemi.com/download/data-sheet/pdf/2sa1020-d.pdf,https://www.onsemi.com/download/data-sheet/pdf/2sa1020-d.pdf,200,150058,233b011e878f087c60a0bf0bae710844512b06ea4a17783c42c64d2cba0b7c66,2026-09-27,2026-09-27,10,
https://www.onsemi.com/download/data-sheet/pdf/2sa1208-d.pdf,https://www.onsemi.com/download/data-sheet/pdf/2sa1208-d.pdf,200,58735,a0c3662194d1ebaad243c3b8f563cb71e6f3701c375cbd4785cd958780b9bd4d,2026-09-27,2026-09-27,10,
https://www.onsemi.com/download/data-sheet/pdf/2sa1416-d.pdf,https://www.onsemi.com/download/data-sheet/pdf/2sa1416-d.pdf,200,184834,609f96e1f1464e5a732a0a698318bfa6d3346f1eafbdb886687912760270bf9a,2026-09-27,2026-09-27,10,
https://www.onsemi.com/download/data-sheet/pdf/2sa1417-d.pdf,https://www.onsemi.com/download/data-sheet/pdf/2sa1417-d.pdf,200,187767,05ad267f444161a3d31f4aa03b20dc219f04c06282eb58ff6fc1bcba3ac07ad5,2026-09-27,2026-09-27,10,
https://www.onsemi.com/download/data-sheet/pdf/2sa1418-d.pdf,https://www.onsemi.com/download/data-sheet/pdf/2sa1418-d.pdf,200,184781,fe230da0f9bee553315cde8d4e5caae0881751bdce224717b5002befe4b0db70,2026-09-27,2026-09-27,10,
https://www.onsemi.com/download/data-sheet/pdf/2sa1419-d.pdf,https://www.onsemi.com/download/data-sheet/pdf/2sa1419-d.pdf,200,189898,64d19123ce934f655f36d48b95689a1e61f226bf70c8f23089aca9d4a54bc800,2026-09-27,2026-09-27,10,
https://www.onsemi.com/download/data-sheet/pdf/2sa1526-d.pdf,https://www.onsemi.com/download/data-sheet/pdf/2sa1526-d.pdf,200,44467,40ca6bcfee71640a2ff1cc73aab8a2eaeb68d0815bd14acc240b7432f723e88c,2026-09-27,2026-09-27,10,
https://www.onsemi.com/download/data-sheet/pdf/2sa1552-d.pdf,https://www.onsemi.com/download/data-sheet/pdf/2sa1552-d.pdf,200,295689,c0056e41d033e519fc5c6074f6760faf860fdcbdc5bf78b1687c3875159eab51,2026-09-27,2026-09-27,10,
https://www.onsemi.com/download/data-sheet/pdf/2sa1593-d.pdf,https://www.onsemi.com/download/data-sheet/pdf/2sa1593-d.pdf,200,172097,191d4de937f41d4a94771f47c6ed6ff260ab8a5e2f37fd6b098545feaa7e5879,2026-09-27,2026-09-27,10,
https://www.onsemi.com/download/data-sheet/pdf/2sa1774-d.pdf,https://www.onsemi.com/download/data-sheet/pdf/2sa1774-d.pdf,200,282232,0382e11a11783ea5892b49b3a69db4977478a916826029cab1b4e9239c9f67e8,2026-09-27,2026-09-27,10,
https://www.onsemi.com/download/data-sheet/pdf/2sa1855-d.pdf,https://www.onsemi.com/download/data-sheet/pdf/2sa1855-d.pdf,200,62561,c2b0573f364bac62eff42d23138e2597920f2c9c176d3b35ed11652e39f42887,2026-09-27,2026-09-27,10,
https://www.onsemi.com/download/data-sheet/pdf/2sa2012-d.pdf,https://www.onsemi.com/download/data-sheet/pdf/2sa2012-d.pdf,200,293049,cd810f6f3a773036e88d0bd0deac732ddf231e73f4f98519d0a04c40f3856cdc,2026-09-27,2026-09-27,10,
https://www.onsemi.com/download/data-sheet/pdf/2sa2013-d.pdf,https://www.onsemi.com/download/data-sheet/pdf/2sa2013-d.pdf,200,221057,a535396615eab888cde0d35da50bb6f825207caa0845aabe9cb53e37ee0119f5,2026-09-27,2026-09-27,10,
https://www.onsemi.com/download/data-sheet/pdf/2sa2016-d.pdf,https://www.onsemi.com/download/data-sheet/pdf/2sa2016-d.pdf,200,221149,d4f641079b7c0c7e25aa2f11e57bc0d3ba6248d52c5485d6f36b727f14c9b40d,2026-09-27,2026-09-27,10,
https://www.onsemi.com/download/data-sheet/pdf/2sa2040-d.pdf,https://www.onsemi.com/download/data-sheet/pdf/2sa2040-d.pdf,200,283006,760219156f90d2e332f3282de2543331da93f844b975deb2ef30417086722a08,2026-09-27,2026-09-27,10,
https://www.onsemi.com/download/data-sheet/pdf/2sa2125-d.pdf,https://www.onsemi.com/download/data-sheet/pdf/2sa2125-d.pdf,200,270566,536c8ba6cec0f4ebc1d3165dd45be2c06e50099e18df1fc5723a70e970c88129,2026-09-27,2026-09-27,10,
https://www.onsemi.com/download/data-sheet/pdf/2sa2126-d.pdf,https://www.onsemi.com/download/data-sheet/pdf/2sa2126-d.pdf,200,219889,3a72921d455e15f6bb26bbabbad31cb359185f65d57f00f982507bf3ea85a9ef,2026-09-27,2026-09-27,10,
https://www.onsemi.com/download/data-sheet/pdf/2sa2153-d.pdf,https://www.onsemi.com/download/data-sheet/pdf/2sa2153-d.pdf,200,286663,9d4202fd67f16c91450d6c23cbaf27132861d4cb775cf77915a15fc901017cd3,2026-09-27,2026-09-27,10,
https://www.onsemi.com/download/data-sheet/pdf/2sa2210-d.pdf,https://www.onsemi.com/download/data-sheet/pdf/2sa2210-d.pdf,200,227231,8c241fe19723acd3d97137313f498e5487fd7a7aa81b2a9a91ae5851f6779bd4,2026-09-27,2026-09-27,10,
https://www.onsemi.com/download/data-sheet/pdf/2sa2222sg-d.pdf,https://www.onsemi.com/download/data-sheet/pdf/2sa2222sg-d.pdf,200,214004,c51713fc5315bc201d64a1fe4de3512404410fb55ce725a528349cff4d1ca934,2026-09-27,2026-09-27,10,
https://www.onsemi.com/download/data-sheet/pdf/2sb1122-d.pdf,https://www.onsemi.com/download/data-sheet/pdf/2sb1122-d.pdf,200,290960,ffc1ca87d9cdf6245cf1de3f8f648e5ee5c79385452a00fad5526d0391448d55,2026-09-27,2026-09-27,10,
https://www.onsemi.com/download/data-sheet/pdf/2sb1123-d.pdf,https://www.onsemi.com/download/data-sheet/pdf/2sb1123-d.pdf,200,186602,b10704e0b25d250ef3c72ffe6e882be6e032f2263091f4439024069b4a6a7446,2026-09-27,2026-09-27,10,
https://www.onsemi.com/download/data-sheet/pdf/2sb1201-d.pdf,https://www.onsemi.com/download/data-sheet/pdf/2sb1201-d.pdf,200,211854,4e11f11c0026d91c8b7946b68efd7919acf40a13f1af1883742fcbc23c7bd7c9,2026-09-27,2026-09-27,10,
https://www.onsemi.com/download/data-sheet/pdf/2sb1202-d.pdf,https://www.onsemi.com/download/data-sheet/pdf/2sb1202-d.pdf,200,323086,86a71ecba55c6f843b8df618a96455f49cbc1446d9b57d8b20da33e1cf6c2e06,2026-09-27,2026-09-27,10,
https://www.onsemi.com/download/data-sheet/pdf/2sb1204-d.pdf,https://www.onsemi.com/download/data-sheet/pdf/2sb1204-d.pdf,200,381610,6e03f107e13734caad7ed793ff209c04d0b204ca416bb6f8c4983c0e61d71f42,2026-09-27,2026-09-27,10,
https://www.onsemi.com/download/data-sheet/pdf/2sb1229-d.pdf,https://www.onsemi.com/download/data-sheet/pdf/2sb1229-d.pdf,200,390725,9801fe14c6cca584f6006c26624eaef5a909b87eddb476dfb0a62a3f2dc71b62,2026-09-27,2026-09-27,10,
https://www.onsemi.com/download/data-sheet/pdf/2sb1302-d.pdf,https://www.onsemi.com/download/data-sheet/pdf/2sb1302-d.pdf,200,227339,55625496bb152ccb06bef88d34dbf7da2c9d138cc89911b7806f615b381a0c81,2026-09-27,2026-09-27,10,
https://www.onsemi.com/download/data-sheet/pdf/2sb1450-d.pdf,https://www.onsemi.com/download/data-sheet/pdf/2sb1450-d.pdf,200,66765,36e04ed42ed5d664b7b0bea93b1e7a5a36fadf1515b572fcad79ede64552250d,2026-09-27,2026-09-27,10,
https://www.onsemi.com/download/data-sheet/pdf/2sb631_k-d.pdf,https://www.onsemi.com/download/data-sheet/pdf/2sb631_k-d.pdf,200,52438,7cc2de8359a9ce123ae841f5f7e7ff15166d157e41bbda7c4958557481a99197,2026-09-27,2026-09-27,10,
https://www.onsemi.com/download/data-sheet/pdf/2sb815-d.pdf,https://www.onsemi.com/download/data-sheet/pdf/2sb815-d.pdf,200,211540,7ad69c679ba160699362b7d39065fdaa4117820a4bb9274554a1a5975f577679,2026-09-27,2026-09-27,10,
https://www.onsemi.com/download/data-sheet/pdf/2sc4617-d.pdf,https://www.onsemi.com/download/data-sheet/pdf/2sc4617-d.pdf,200,330147,1035be81963dd9493f143a6269e6ac25515f2e6b19d819ea07de89c376714a76,2026-09-27,2026-09-27,10,
https://www.onsemi.com/download/data-sheet/pdf/2sc5226a-d.pdf,https://www.onsemi.com/download/data-sheet/pdf/2sc5226a-d.pdf,200,164250,f86c0fc306169f28a68a7fcd49ac6c562c69346ded16c2888d187d05265a1518,2026-09-27,2026-09-27,10,
https://www.onsemi.com/download/data-sheet/pdf/2sc5227a-d.pdf,https://www.onsemi.com/download/data-sheet/pdf/2sc5227a-d.pdf,200,415205,e3f8b5b2fccaec785f578c74d24dc17c66c40857a182f95559e7bb9a3fbb45dc,2026-09-27,2026-09-27,10,
https://www.onsemi.com/download/data-sheet/pdf/2sc5488a-d.pdf,https://www.onsemi.com/download/data-sheet/pdf/2sc5488a-d.pdf,200,228314,7964111a35d2276b7e9cfb1013fe9095e49c4d8b54e00f8bad2f76db9c21a2d1,2026-09-27,2026-09-27,10,
https://www.onsemi.com/download/data-sheet/pdf/2sc5551a-d.pdf,https://www.onsemi.com/download/data-sheet/pdf/2sc5551a-d.pdf,200,129277,ca616b84a12a83614bb890bded78ba17749781f0c14562f731c9a882ac36dd37,2026-09-27,2026-09-27,10,
https://www.onsemi.com/download/data-sheet/pdf/2sc5994-d.pdf,https://www.onsemi.com/download/data-sheet/pdf/2sc5994-d.pdf,200,270790,6d73e69aee9d8fd81cdfeb5a76ee4efdbfe63e1ef0fe0f8184dfd0a157a34593,2026-09-27,2026-09-27,10,
https://www.onsemi.com/download/data-sheet/pdf/2sc6043-d.pdf,https://www.onsemi.com/download/data-sheet/pdf/2sc6043-d.pdf,200,180631,98182e3fb9759b759d1c07a6e9472a3a229a53766dffe4f8141d571fad2cf669,2026-09-27,2026-09-27,10,
https://www.onsemi.com/download/data-sheet/pdf/2sc6082-d.pdf,https://www.onsemi.com/download/data-sheet/pdf/2sc6082-d.pdf,200,258507,c181d03dba6f0ec2636e469a30d7b1645a557fc5e803b5c1dd1c5c9a08b99585,2026-09-27,2026-09-27,10,
https://www.onsemi.com/download/data-sheet/pdf/2sc6097-d.pdf,https://www.onsemi.com/download/data-sheet/pdf/2sc6097-d.pdf,200,200733,576519f02e5e283f677c0b4c6f47d90a763489efa125742b94b159fb656cd9ec,2026-09-27,2026-09-27,10,
https://www.onsemi.com/download/data-sheet/pdf/2sc6099-d.pdf,https://www.onsemi.com/download/data-sheet/pdf/2sc6099-d.pdf,200,217009,c581570b7413497bcd47b2a373930e23924a9eb37c5c9d4cfbf33f6126909627,2026-09-27,2026-09-27,10,
https://www.onsemi.com/download/data-sheet/pdf/2sc6144sg-d.pdf,https://www.onsemi.com/download/data-sheet/pdf/2sc6144sg-d.pdf,200,213890,e12440685617ff647f60cab3359a0d220c56c9a616ab3545ee22c43ff442d478,2026-09-27,2026-09-27,10,
https://www.onsemi.com/download/data-sheet/pdf/2sd1060-d.pdf,https://www.onsemi.com/download/data-sheet/pdf/2sd1060-d.pdf,200,228885,4c0fbc716f986d4d9f4a15cb128b21fe17ccf944d45ffa02f00b7c7124cb6a24,2026-09-27,2026-09-27,10,
https://www.onsemi.com/download/data-sheet/pdf/2sd1620-d.pdf,https://www.onsemi.com/download/data-sheet/pdf/2sd1620-d.pdf,200,169361,97eb338717544e5270d8151c9386af38b1f564c553d938323ce36be686e79b73,2026-09-27,2026-09-27,10,
https://www.onsemi.com/download/data-sheet/pdf/2sd1628-d.pdf,https://www.onsemi.com/download/data-sheet/pdf/2sd1628-d.pdf,200,171927,ac28e98c14b5a19f1b46f9837e9d28ad0cfcd05cbc5b819b390b0404d6c362da,2026-09-27,2026-09-27,10,
https://www.onsemi.com/download/data-sheet/pdf/2sd1803-d.pdf,https://www.onsemi.com/download/data-sheet/pdf/2sd1803-d.pdf,200,286580,a6f6f757dd8347617c43f2fe31ffafe6279a398c5ec99ee77e6d69ddc893299a,2026-09-27,2026-09-27,10,
https://www.onsemi.com/download/data-sheet/pdf/2sd1805-d.pdf,https://www.onsemi.com/download/data-sheet/pdf/2sd1805-d.pdf,200,162947,57a0734336c692c2b51a49364a1a24033ffccf32b1de64a5de2f184f4e7a616d,2026-09-27,2026-09-27,10,
https://www.onsemi.com/download/data-sheet/pdf/2sj652-d.pdf,https://www.onsemi.com/download/data-sheet/pdf/2sj652-d.pdf,200,255415,7ba0e38ea4e0552111eea9d523923121d7bfe3c011f586a84a15944957b34b94,2026-09-27,2026-09-27,10,
https://www.onsemi.com/download/data-sheet/pdf/2sj656-d.pdf,https://www.onsemi.com/download/data-sheet/pdf/2sj656-d.pdf,200,47814,b0a65182a9d655be4ac7dc2a77a7853a7c68fed78f2d23804abe4eca7452baf6,2026-09-27,2026-09-27,10,
https://www.onsemi.com/download/data-sheet/pdf/2sk2394-d.pdf,https://www.onsemi.com/download/data-sheet/pdf/2sk2394-d.pdf,200,161298,da8b93f04e21b93f207bb0d10845b73f2d9e36748af35d35563fd207aea8172d,2026-09-27,2026-09-27,10,
https://www.onsemi.com/download/data-sheet/pdf/2sk3557-d.pdf,https://www.onsemi.com/download/data-sheet/pdf/2sk3557-d.pdf,200,184383,6d8421b18dfc13bf99ddf28810a28c6000a9286b7466f32d60773d8358cee170,2026-09-27,2026-09-27,10,
https://www.onsemi.com/download/data-sheet/pdf/2sk3666-d.pdf,https://www.onsemi.com/download/data-sheet/pdf/2sk3666-d.pdf,200,1032172,6de17b804b33fca7eb0b0e6dcae20fd08559ffa0dfbf478049e098bf29b26064,2026-09-27,2026-09-27,10,
https://www.onsemi.com/download/data-sheet/pdf/2sk3703-d.pdf,https://www.onsemi.com/download/data-sheet/pdf/2sk3703-d.pdf,200,261077,1cae0a66d84c73c980d04b1b7ccbe0cd21dd2bae9bee9830cf0657b3a035902e,2026-09-27,2026-09-27,10,
https://www.onsemi.com/download/data-sheet/pdf/2sk3707-d.pdf,https://www.onsemi.com/download/data-sheet/pdf/2sk3707-d.pdf,200,784007,b64fbddc02a29acb6adc938482cf30fce19ccd6756ef656b82ec58db0ea9369d,2026-09-27,2026-09-27,10,
https://www.onsemi.com/download/data-sheet/pdf/2sk3745ls-d.pdf,https://www.onsemi.com/download/data-sheet/pdf/2sk3745ls-d.pdf,200,260081,78c6e131e8bb554fa273860eda0a2877586150f9c2f446e629fde27836bcbc2d,2026-09-27,2026-09-27,10,
https://www.onsemi.com/download/data-sheet/pdf/2sk3746-d.pdf,https://www.onsemi.com/download/data-sheet/pdf/2sk3746-d.pdf,200,241972,d5b41c052268a7639000427262e5635e1abdc2cdcc3dfda133cece1a364cd6f0,2026-09-27,2026-09-27,10,
https://www.onsemi.com/download/data-sheet/pdf/2sk3747-d.pdf,https://www.onsemi.com/download/data-sheet/pdf/2sk3747-d.pdf,200,239546,c68deb61b2c0fd5886d60be1d3066603e1e493ef4c945343e67a9eba3c40dff3,2026-09-27,2026-09-27,10,
https://www.onsemi.com/download/data-sheet/pdf/2sk3748-d.pdf,https://www.onsemi.com/download/data-sheet/pdf/2sk3748-d.pdf,200,241742,fc7224f8e311247d4ec7e9c655f6937e1ec06eaa0e7c5f177f70123303e1899f,2026-09-27,2026-09-27,10,
https://www.onsemi.com/download/data-sheet/pdf/2sk3818-d.pdf,https://www.onsemi.com/download/data-sheet/pdf/2sk3818-d.pdf,200,100657,c09de20426d9ab874d8ffdc685ae05a45b34d31a3a8620953f671d8f84d59727,2026-09-27,2026-09-27,10,
https://www.onsemi.com/download/data-sheet/pdf/2sk3820-d.pdf,https://www.onsemi.com/download/data-sheet/pdf/2sk3820-d.pdf,200,237428,0eb3e3b2e3edf04ddecc0b99d2c5597b21e48ac578e84866e064e662a5613d7b,2026-09-27,2026-09-27,10,
https://www.onsemi.com/download/data-sheet/pdf/2sk4043ls-d.pdf,https://www.onsemi.com/download/data-sheet/pdf/2sk4043ls-d.pdf,200,99185,5b8c5054481eefe467c82c0d8fd01fb1214f21ddeaf3fff18c1348c06819f251,2026-09-27,2026-09-27,10,
https://www.onsemi.com/download/data-sheet/pdf/2sk4065-d.pdf,https://www.onsemi.com/download/data-sheet/pdf/2sk4065-d.pdf,200,302818,79921ec8c37f7f2ddcd45e75291d9aaed9a06ab3d0af5a2fe7f32aeaed05cf2c,2026-09-27,2026-09-27,10,
https://www.onsemi.com/download/data-sheet/pdf/2sk4066-d.pdf,https://www.onsemi.com/download/data-sheet/pdf/2sk4066-d.pdf,200,382965,526f8b72bb441b0f7d260a570e677f1f3450859dc717591ab91f359c407b02d3,2026-09-27,2026-09-27,10,
https://www.onsemi.com/download/data-sheet/pdf/2sk545-d.pdf,https://www.onsemi.com/download/data-sheet/pdf/2sk545-d.pdf,200,119299,e434a39f676949104fdf7ee53ba3fd82cdf61410069dd5e2200d69691e4fbe3a,2026-09-27,2026-09-27,10,
https://www.onsemi.com/download/data-sheet/pdf/2sk596s-d.pdf,https://www.onsemi.com/download/data-sheet/pdf/2sk596s-d.pdf,200,1019873,6368b0763f053efd574a9dda02590665f3a02089f5789a408951ce4dd80f21fb,2026-09-27,2026-09-27,10,
https://www.onsemi.com/download/data-sheet/pdf/2sk715-d.pdf,https://www.onsemi.com/download/data-sheet/pdf/2sk715-d.pdf,200,796053,790473a8cf04f8ce35d1e4d376237870261ab579f5e92297c59f932131f4e04e,2026-09-27,2026-09-27,10,
https://www.onsemi.com/download/data-sheet/pdf/2sk932-d.pdf,https://www.onsemi.com/download/data-sheet/pdf/2sk932-d.pdf,200,116505,12fd2d5445c61458af5b6128e36aef6c3700df64f092f4a1b9fda7687d0ca2f6,2026-09-27,2026-09-27,10,
https://www.onsemi.com/download/data-sheet/pdf/3ln01c-d.pdf,https://www.onsemi.com/download/data-sheet/pdf/3ln01c-d.pdf,200,259327,d1deffb33e5fd34ff89227a1bd185d89b05d6607bf448c3474705cb602604ffd,2026-09-27,2026-09-27,10,
https://www.onsemi.com/download/data-sheet/pdf/3ln01m-d.pdf,https://www.onsemi.com/download/data-sheet/pdf/3ln01m-d.pdf,200,305826,89cbf8e02cc3b3f335c0f5e519635a74b9e9bc933d3d328ff49a9f08eb959b63,2026-09-27,2026-09-27,10,
https://www.onsemi.com/download/data-sheet/pdf/3lp01m-d.pdf,https://www.onsemi.com/download/data-sheet/pdf/3lp01m-d.pdf,200,266085,8db5379467756f427fd5741a8f9565ebb3d61311775344892eb7baa8f5007d55,2026-09-27,2026-09-27,10,
https://www.onsemi.com/download/data-sheet/pdf/3lp01s-d.pdf,https://www.onsemi.com/download/data-sheet/pdf/3lp01s-d.pdf,200,271113,f73b08f76ebf3f0207db006793fa5b914745d45e2cdfe612494a63ba2c72c68d,2026-09-27,2026-09-27,10,
https://www.onsemi.com/download/data-sheet/pdf/4n35-d.pdf,https://www.onsemi.com/download/data-sheet/pdf/4n35-d.pdf,200,553426,d89b0961a434ea2385c6e218f03757e6ce11dbbd64d5a383ae74bd68d372f437,2026-09-27,2026-09-27,10,
https://www.onsemi.com/download/data-sheet/pdf/50c02ch-d.pdf,https://www.onsemi.com/download/data-sheet/pdf/50c02ch-d.pdf,200,306915,d460a8f5e005e7fb96e5e532eeab7fbcc7daeafd797e28e23be975c837823259,2026-09-27,2026-09-27,10,
https://www.onsemi.com/download/data-sheet/pdf/50c02mh-d.pdf,https://www.onsemi.com/download/data-sheet/pdf/50c02mh-d.pdf,200,379371,37e707eeb56a8a79d33879a08cc9b44731648770a499e48057ae7bc45ee9ed9f,2026-09-27,2026-09-27,10,
https://www.onsemi.com/download/data-sheet/pdf/5lp01m-d.pdf,https://www.onsemi.com/download/data-sheet/pdf/5lp01m-d.pdf,200,265300,99fdec26dcdb78c9c5c49600426cabba3cd973272268dec9b9fda2ef3b7ed3ac,2026-09-27,2026-09-27,10,
https://www.onsemi.com/download/data-sheet/pdf/74ac14-d.pdf,https://www.onsemi.com/download/data-sheet/pdf/74ac14-d.pdf,200,424251,9a2095c106a4fb7c6ddc35eab79284b658bf96aab385b7914ddb13e9e8eade91,2026-09-27,2026-09-27,10,
https://www.onsemi.com/download/data-sheet/pdf/74ac240-d.pdf,https://www.onsemi.com/download/data-sheet/pdf/74ac240-d.pdf,200,339280,89432d051c09d6ba6e7c79be1d28b2853bba88c8d8f9dc728d0fd40c599572c3,2026-09-27,2026-09-27,10,
https://www.onsemi.com/download/data-sheet/pdf/74ac540-d.pdf,https://www.onsemi.com/download/data-sheet/pdf/74ac540-d.pdf,200,217223,69e0ea1df494cd599c6ab87ffc5b80178fe84191e7ff474de70d655846555060,2026-09-27,2026-09-27,10,
https://www.onsemi.com/download/data-sheet/pdf/74ac86-d.pdf,https://www.onsemi.com/download/data-sheet/pdf/74ac86-d.pdf,200,320742,dab6309337084d3ce23b6a00a77eb815288d5b5e634baac2ec1a9d665173cac7,2026-09-27,2026-09-27,10,
https://www.onsemi.com/download/data-sheet/pdf/74act00-d.pdf,https://www.onsemi.com/download/data-sheet/pdf/74act00-d.pdf,200,355936,d9a285e50fce12523dfc227807118a10c00c63a81ab6b86415d1dd5b179e28e1,2026-09-27,2026-09-27,10,
https://www.onsemi.com/download/data-sheet/pdf/74act04-d.pdf,https://www.onsemi.com/download/data-sheet/pdf/74act04-d.pdf,200,453846,d35e5c48ac92037bc07ac37a3b42a639891bdf6c20a6b6c6c7ca8a97aab5ac87,2026-09-27,2026-09-27,10,
https://www.onsemi.com/download/data-sheet/pdf/74act08-d.pdf,https://www.onsemi.com/download/data-sheet/pdf/74act08-d.pdf,200,411548,822951d7f3efa3a79705fc730880e7d7a392877a4d172c45f82dc91d9c83107b,2026-09-27,2026-09-27,10,
https://www.onsemi.com/download/data-sheet/pdf/74act138-d.pdf,https://www.onsemi.com/download/data-sheet/pdf/74act138-d.pdf,200,312657,75ebfba3bfd16f9f9147514e7974d382fdb2bc255adfc412e1f13503d497a15b,2026-09-27,2026-09-27,10,
https://www.onsemi.com/download/data-sheet/pdf/74act139-d.pdf,https://www.onsemi.com/download/data-sheet/pdf/74act139-d.pdf,200,296899,60b26ef80fb5a92b002e96e0058a4c7d2f6debe74dae61ad9e178690abc0b89a,2026-09-27,2026-09-27,10,
https://www.onsemi.com/download/data-sheet/pdf/74act244-d.pdf,https://www.onsemi.com/download/data-sheet/pdf/74act244-d.pdf,200,347296,e98e57b369942d9ac1ac6bd8f549880b7556753ec3384e7974d5f4357868532a,2026-09-27,2026-09-27,10,
https://www.onsemi.com/download/data-sheet/pdf/74act245-d.pdf,https://www.onsemi.com/download/data-sheet/pdf/74act245-d.pdf,200,415381,f3d3c26c0eb43db6593c3bf1124d4055402950e375a4414341ca1c97550afa21,2026-09-27,2026-09-27,10,
https://www.onsemi.com/download/data-sheet/pdf/74act32-d.pdf,https://www.onsemi.com/download/data-sheet/pdf/74act32-d.pdf,200,418531,99e5661959d8147a08c5fe6260350995085b07a92228daa0835832a9cd497d4d,2026-09-27,2026-09-27,10,
https://www.onsemi.com/download/data-sheet/pdf/74act541-d.pdf,https://www.onsemi.com/download/data-sheet/pdf/74act541-d.pdf,200,351191,e28ecc62f15d915436cf873ab5eeb0963995dd543594362266cab5a689d070a5,2026-09-27,2026-09-27,10,
https://www.onsemi.com/download/data-sheet/pdf/74alvc00-d.pdf,https://www.onsemi.com/download/data-sheet/pdf/74alvc00-d.pdf,200,277351,12c2ece4cc062e3915d13ef68ccb48e267e773eaea0938fab91109f5292b94ec,2026-09-27,2026-09-27,10,
https://www.onsemi.com/download/data-sheet/pdf/74alvc08-d.pdf,https://www.onsemi.com/download/data-sheet/pdf/74alvc08-d.pdf,200,277755,42700a26137403c48ff2ced3aa0aeda17ca23cbae418e288e180c866015430e0,2026-09-27,2026-09-27,10,
https://www.onsemi.com/download/data-sheet/pdf/74alvc162244-d.pdf,https://www.onsemi.com/download/data-sheet/pdf/74alvc162244-d.pdf,200,291018,3aaabc3254322d2753333bb2a7fca7274fdf250315249f1ecc1dd981f0269697,2026-09-27,2026-09-27,10,
https://www.onsemi.com/download/data-sheet/pdf/74alvc16245-d.pdf,https://www.onsemi.com/download/data-sheet/pdf/74alvc16245-d.pdf,200,289072,ff914dea4c19c078d8a52d0a8dd6fe6a874257ea9a9a231534e37c61e4a0eee8,2026-09-27,2026-09-27,10,
https://www.onsemi.com/download/data-sheet/pdf/74alvc16373-d.pdf,https://www.onsemi.com/download/data-sheet/pdf/74alvc16373-d.pdf,200,338769,f81edf01d57be13733ce308611dc48dd5ab788ae002e7f45ab1bed6e9ec39e2e,2026-09-27,2026-09-27,10,
https://www.onsemi.com/download/data-sheet/pdf/74alvc16374-d.pdf,https://www.onsemi.com/download/data-sheet/pdf/74alvc16374-d.pdf,200,338399,8040fef798a18ed6da397338e1134ae33eabea9558094ad6374d01500a253ce4,2026-09-27,2026-09-27,10,
https://www.onsemi.com/download/data-sheet/pdf/74alvch16240-d.pdf,https://www.onsemi.com/download/data-sheet/pdf/74alvch16240-d.pdf,200,324896,d83f770c4e647c23bfe2ea6a54f77e59b92d21a0a85a4d3bda6ed8b4cbac67c6,2026-09-27,2026-09-27,10,
https://www.onsemi.com/download/data-sheet/pdf/74alvch16244-d.pdf,https://www.onsemi.com/download/data-sheet/pdf/74alvch16244-d.pdf,200,326237,15d8071333400e345f8c2da282deb43184aae4cc8ddebdc1fea7cbfdc4c52e7e,2026-09-27,2026-09-27,10,
https://www.onsemi.com/download/data-sheet/pdf/74alvch16245-d.pdf,https://www.onsemi.com/download/data-sheet/pdf/74alvch16245-d.pdf,200,328483,680af20296d23de601ef774ecd616dd47ae06900d3c381ea1b89cfba9666fd2a,2026-09-27,2026-09-27,10,
https://www.onsemi.com/download/data-sheet/pdf/74alvch16373-d.pdf,https://www.onsemi.com/download/data-sheet/pdf/74alvch16373-d.pdf,200,334052,33de0dcc4806859c8ced5c27441636011db5a8cf9c8b5fe396671bef5062bf9e,2026-09-27,2026-09-27,10,
https://www.onsemi.com/download/data-sheet/pdf/74alvch16374-d.pdf,https://www.onsemi.com/download/data-sheet/pdf/74alvch16374-d.pdf,200,333096,b47afdddaa229f11028ef1a60c390939a99186d314022e0c01f63e66f0890fce,2026-09-27,2026-09-27,10,
https://www.onsemi.com/download/data-sheet/pdf/74fst3125-d.pdf,https://www.onsemi.com/download/data-sheet/pdf/74fst3125-d.pdf,200,257489,b4a97f80c75a71890c462149294d884d07af293dd7ea132b778521fb6d055c96,2026-09-27,2026-09-27,10,
https://www.onsemi.com/download/data-sheet/pdf/74fst3244-d.pdf,https://www.onsemi.com/download/data-sheet/pdf/74fst3244-d.pdf,200,260581,550ece65ff9526426057de809ed3c2ffb41f7e1926daac4c3a177184295b7d8e,2026-09-27,2026-09-27,10,
https://www.onsemi.com/download/data-sheet/pdf/74fst3245-d.pdf,https://www.onsemi.com/download/data-sheet/pdf/74fst3245-d.pdf,200,250572,08f4fe1394a05ab5684da61aba240b71f098d36a01f14d04e7e9201f7f60f409,2026-09-27,2026-09-27,10,
https://www.onsemi.com/download/data-sheet/pdf/74fst3253-d.pdf,https://www.onsemi.com/download/data-sheet/pdf/74fst3253-d.pdf,200,243936,c85e8fb07c969f6e9dcbcbd23367c8b866f84611da6d041b9d32bede79440be1,2026-09-27,2026-09-27,10,
https://www.onsemi.com/download/data-sheet/pdf/74fst3257-d.pdf,https://www.onsemi.com/download/data-sheet/pdf/74fst3257-d.pdf,200,421390,2b5a874bc6fa20de3a43b01a426837fb658af1d007717f4957b052e691eac030,2026-09-27,2026-09-27,10,
https://www.onsemi.com/download/data-sheet/pdf/74fst3383-d.pdf,https://www.onsemi.com/download/data-sheet/pdf/74fst3383-d.pdf,200,275632,9bc1ff9df02bb6fb4371d79963594bb5e8ebeafec9b6f85f54831f8d8edadc18,2026-09-27,2026-09-27,10,
https://www.onsemi.com/download/data-sheet/pdf/74fst3384-d.pdf,https://www.onsemi.com/download/data-sheet/pdf/74fst3384-d.pdf,200,273778,a4f960ac50d1024bf7935cd1fea19665f742183d450106a590db60d1f4740e3e,2026-09-27,2026-09-27,10,
https://www.onsemi.com/download/data-sheet/pdf/74fst3861-d.pdf,https://www.onsemi.com/download/data-sheet/pdf/74fst3861-d.pdf,200,254580,8bbcdb54127b117639bba9c656b1b9c39e1cc0a68666e59c474d4ba920e63c3d,2026-09-27,2026-09-27,10,
https://www.onsemi.com/download/data-sheet/pdf/74fst6800-d.pdf,https://www.onsemi.com/download/data-sheet/pdf/74fst6800-d.pdf,200,255871,c80264d879f742ebe4541a80d686f1480eed055f454a169571846000e54c4887,2026-09-27,2026-09-27,10,
https://www.onsemi.com/download/data-sheet/pdf/74hct245.pdf,https://www.onsemi.com/download/data-sheet/pdf/74hct245.pdf,200,159261,828abb623505aeb8b084d2abc94496844ac122d0eea42f4230a750ed825043e3,2026-09-27,2026-09-27,10,
https://www.onsemi.com/download/data-sheet/pdf/74lcx245-d.pdf,https://www.onsemi.com/download/data-sheet/pdf/74lcx245-d.pdf,200,344044,1c64ebba501a96c356b3d29d45a2dd96f96062d0e70f6432482a947192fa5bf7,2026-09-27,2026-09-27,10,
https://www.onsemi.com/download/data-sheet/pdf/adp3120a-d.pdf,https://www.onsemi.com/download/data-sheet/pdf/adp3120a-d.pdf,200,300984,30225174da016a4b216808931d00e7a4a43c5381756be4feef42c7cd358e166f,2026-09-27,2026-09-27,10,
https://www.onsemi.com/download/data-sheet/pdf/bar43s-d.pdf,https://www.onsemi.com/download/data-sheet/pdf/bar43s-d.pdf,200,276054,e8c4ea2bb9ba91e9ba6487b3d273c731a9574e47c154130533cbb050c59eeb76,2026-09-27,2026-09-27,10,
https://www.onsemi.com/download/data-sheet/pdf/bas16-d.pdf,https://www.onsemi.com/download/data-sheet/pdf/bas16-d.pdf,200,311826,b3fd26330823757fd015f4c7aea234390acc29660d2b1bca692e68034b26b5f1,2026-09-27,2026-09-27,10,
https://www.onsemi.com/download/data-sheet/pdf/bas16p2-d.pdf,https://www.onsemi.com/download/data-sheet/pdf/bas16p2-d.pdf,200,179352,c85f918e0605de4ab5bec87cd6aab1f2659affd69b747d77a8b2cb67f52f083a,2026-09-27,2026-09-27,10,
https://www.onsemi.com/download/data-sheet/pdf/bas16sl-d.pdf,https://www.onsemi.com/download/data-sheet/pdf/bas16sl-d.pdf,200,212400,2481060e829c1c12a3236c7b360e54206d3c933a8a12798730124614d733a4d3,2026-09-27,2026-09-27,10,
https://www.onsemi.com/download/data-sheet/pdf/bas19-d.pdf,https://www.onsemi.com/download/data-sheet/pdf/bas19-d.pdf,200,316248,aa786e3c8e71b927c66dae3dc11f32d5f4e9e692f37d3e40419a4584a19cb6db,2026-09-27,2026-09-27,10,
https://www.onsemi.com/download/data-sheet/pdf/bas20-d.pdf,https://www.onsemi.com/download/data-sheet/pdf/bas20-d.pdf,200,270608,f6b68a26da0ac5a5b65bb19f0cfc8044b0858663e7820d1fec1d6ab805786bd7,2026-09-27,2026-09-27,10,
https://www.onsemi.com/download/data-sheet/pdf/bas21-d.pdf,https://www.onsemi.com/download/data-sheet/pdf/bas21-d.pdf,200,337888,e2154ec08c7510f09bac27bdf41ad7f2b7ca7affaa5621d6442e47790e74bb69,2026-09-27,2026-09-27,10,
https://www.onsemi.com/download/data-sheet/pdf/bas21tmr6-d.pdf,https://www.onsemi.com/download/data-sheet/pdf/bas21tmr6-d.pdf,200,172874,f4eed4721d0b405194704d9da1e1e68e4e8af4f4a352353f789aaafb7c395cc0,2026-09-27,2026-09-27,10,
https://www.onsemi.com/download/data-sheet/pdf/bas29-d.pdf,https://www.onsemi.com/download/data-sheet/pdf/bas29-d.pdf,200,84806,cbf8af8a6dffdeb4ed87d114eece464783709df777f0538846113efbc1568ab2,2026-09-27,2026-09-27,10,
https://www.onsemi.com/download/data-sheet/pdf/bas31-d.pdf,https://www.onsemi.com/download/data-sheet/pdf/bas31-d.pdf,200,305811,a176e9176d0ca087e962838afef627d141aa76074bf0b68da44b11b741c0d431,2026-09-27,2026-09-27,10,
https://www.onsemi.com/download/data-sheet/pdf/bas35-d.pdf,https://www.onsemi.com/download/data-sheet/pdf/bas35-d.pdf,200,224846,47f98bcd3b91cd6c33f4b135226db64ba68a6839bb97e4365acfd5cb25ac30cd,2026-09-27,2026-09-27,10,
https://www.onsemi.com/download/data-sheet/pdf/bas40sl-d.pdf,https://www.onsemi.com/download/data-sheet/pdf/bas40sl-d.pdf,200,290604,8cced1ff2c0a1a261f5da2050d9ccfce281b7ccaaee454c7a065721b7e90fe31,2026-09-27,2026-09-27,10,
https://www.onsemi.com/download/data-sheet/pdf/bas70sl-d.pdf,https://www.onsemi.com/download/data-sheet/pdf/bas70sl-d.pdf,200,291997,1aed1f6d44298cf17a9679d728c2fcfb0b07206d38a3bebbe7e432908b042583,2026-09-27,2026-09-27,10,
https://www.onsemi.com/download/data-sheet/pdf/bas70sm-d.pdf,https://www.onsemi.com/download/data-sheet/pdf/bas70sm-d.pdf,200,111905,efec6473884e0e6358a516decbf0f74c0bd76156874fcc15cd129c5e85e58ec3,2026-09-27,2026-09-27,10,
https://www.onsemi.com/download/data-sheet/pdf/bat43xv2-d.pdf,https://www.onsemi.com/download/data-sheet/pdf/bat43xv2-d.pdf,200,104622,1e99bed61a477b91f130993514ebb621097e5c68f0466219d22fc1f333433e70,2026-09-27,2026-09-27,10,
https://www.onsemi.com/download/data-sheet/pdf/bat54-d.pdf,https://www.onsemi.com/download/data-sheet/pdf/bat54-d.pdf,200,332439,b6d0713160c66fd193c6ea553e2cf9364cb8df58f48d033a7d36a0811867884c,2026-09-27,2026-09-27,10,
https://www.onsemi.com/download/data-sheet/pdf/bat54s-d.pdf,https://www.onsemi.com/download/data-sheet/pdf/bat54s-d.pdf,200,283533,86900d56d930bfcdf5b992432d5a1a808c04dae9692333b0fd3c80a7171f21df,2026-09-27,2026-09-27,10,
https://www.onsemi.com/download/data-sheet/pdf/bat54t-d.pdf,https://www.onsemi.com/download/data-sheet/pdf/bat54t-d.pdf,200,303780,c26904e23668e25a2eaffbeb6d7b4a7da0480fc86cbc8b504ce0c4c6ebc83cd6,2026-09-27,2026-09-27,10,
https://www.onsemi.com/download/data-sheet/pdf/bat54t1-d.pdf,https://www.onsemi.com/download/data-sheet/pdf/bat54t1-d.pdf,200,246402,e7a2212d405a704ed436ee098280869131f37295500b75aa140f9c8d1d4d8516,2026-09-27,2026-09-27,10,
https://www.onsemi.com/download/data-sheet/pdf/bat54wt1-d.pdf,https://www.onsemi.com/download/data-sheet/pdf/bat54wt1-d.pdf,200,214239,1f85e33d95a204dfaffcebbd9790a24171e1bcae1abf81a6c2353ddf28f68429,2026-09-27,2026-09-27,10,
https://www.onsemi.com/download/data-sheet/pdf/bat54xv2-d.pdf,https://www.onsemi.com/download/data-sheet/pdf/bat54xv2-d.pdf,200,247227,b1e8ccb2f567e824115f71bb2a8730f3d974657f44ccc56551a0bf17e35137d7,2026-09-27,2026-09-27,10,
https://www.onsemi.com/download/data-sheet/pdf/bav102-d.pdf,https://www.onsemi.com/download/data-sheet/pdf/bav102-d.pdf,200,157517,482ffefd7c3fa32a46a5d75424da63dfed4121a628b90e09b4f96c8ff144b8d6,2026-09-27,2026-09-27,10,
https://www.onsemi.com/download/data-sheet/pdf/bav103-d.pdf,https://www.onsemi.com/download/data-sheet/pdf/bav103-d.pdf,200,157550,b24fefd685ce88f5c0dd109f897234a70191c7d049f7023b76c9e133baa21311,2026-09-27,2026-09-27,10,
https://www.onsemi.com/download/data-sheet/pdf/bav19-d.pdf,https://www.onsemi.com/download/data-sheet/pdf/bav19-d.pdf,200,152929,b488d8134c85c4e3dca5a9149576770755906e5d788d29fb428ba1eaa7cc8fee,2026-09-27,2026-09-27,10,
https://www.onsemi.com/download/data-sheet/pdf/bav23s-d.pdf,https://www.onsemi.com/download/data-sheet/pdf/bav23s-d.pdf,200,237386,ff8ab85345aa26ae46594a90d171f087f8f2b9d37b29f2526f27cc6df51d508d,2026-09-27,2026-09-27,10,
https://www.onsemi.com/download/data-sheet/pdf/bav70dxv6t1-d.pdf,https://www.onsemi.com/download/data-sheet/pdf/bav70dxv6t1-d.pdf,200,185266,d255e7550c4b73ab73b67630227d295dda3a684d578227759e6af1a60686b89e,2026-09-27,2026-09-27,10,
https://www.onsemi.com/download/data-sheet/pdf/bav70tt1-d.pdf,https://www.onsemi.com/download/data-sheet/pdf/bav70tt1-d.pdf,200,259874,cdd94b2b168d64f85404fb718d24b9fe51dfd9a039175ffe90d1d8322585ef31,2026-09-27,2026-09-27,10,
https://www.onsemi.com/download/data-sheet/pdf/bav74-d.pdf,https://www.onsemi.com/download/data-sheet/pdf/bav74-d.pdf,200,163361,6c2b8caf92d52fba510dbcb0dd1445d840ad4d9ecde9364b877a70dcbcac10f0,2026-09-27,2026-09-27,10,
https://www.onsemi.com/download/data-sheet/pdf/bav74lt1-d.pdf,https://www.onsemi.com/download/data-sheet/pdf/bav74lt1-d.pdf,200,145821,9ca6ef4f1e4d599a6df3c9d9bbe4cea0b34476bb1a08bdf844008cad69151d85,2026-09-27,2026-09-27,10,
https://www.onsemi.com/download/data-sheet/pdf/bav99lt1-d.pdf,https://www.onsemi.com/download/data-sheet/pdf/bav99lt1-d.pdf,200,228923,92aac4995002343b21eecd1d31d92e842580f818e23a8ceb9d628054a37bed85,2026-09-27,2026-09-27,10,
https://www.onsemi.com/download/data-sheet/pdf/baw56-d.pdf,https://www.onsemi.com/download/data-sheet/pdf/baw56-d.pdf,200,137344,be6c3b2b529476f7cf7881f94f8ba685741f16e28827ea01def863d49a8df155,2026-09-27,2026-09-27,10,
https://www.onsemi.com/download/data-sheet/pdf/baw56lt1-d.pdf,https://www.onsemi.com/download/data-sheet/pdf/baw56lt1-d.pdf,200,244797,980318fbe04d66ced99b35edf1cafe8859337a0a922dd800e27fedd7022c9024,2026-09-27,2026-09-27,10,
https://www.onsemi.com/download/data-sheet/pdf/baw56t-d.pdf,https://www.onsemi.com/download/data-sheet/pdf/baw56t-d.pdf,200,322580,51eee17f3f50cd7ced7dd2019587640c8c041f62bf343f50dfa23ac35c32a5ac,2026-09-27,2026-09-27,10,
https://www.onsemi.com/download/data-sheet/pdf/baw56tt1-d.pdf,https://www.onsemi.com/download/data-sheet/pdf/baw56tt1-d.pdf,200,323397,90fdb6646c0d409adaa3c0c95d2df8f0e515d58b044d21abc1fb2d36d400e6d1,2026-09-27,2026-09-27,10,
https://www.onsemi.com/download/data-sheet/pdf/baw62-d.pdf,https://www.onsemi.com/download/data-sheet/pdf/baw62-d.pdf,200,138159,dbd71c7dd6f24e76bcc9e322d7e4be759aa48e18dfd9d4ae765ecbb1c522d573,2026-09-27,2026-09-27,10,
https://www.onsemi.com/download/data-sheet/pdf/baw74-d.pdf,https://www.onsemi.com/download/data-sheet/pdf/baw74-d.pdf,200,189975,876f14dd96cb613b118e00a5c65cc661ddb7f6f36a674f7df3c2569f9a27a395,2026-09-27,2026-09-27,10,
https://www.onsemi.com/download/data-sheet/pdf/baw76-d.pdf,https://www.onsemi.com/download/data-sheet/pdf/baw76-d.pdf,200,137951,4cca54efec8c2d77dad43e1faa5a16684749a7f0ddf70bb24b53a56a6a97c716,2026-09-27,2026-09-27,10,
https://www.onsemi.com/download/data-sheet/pdf/bax16-d.pdf,https://www.onsemi.com/download/data-sheet/pdf/bax16-d.pdf,200,540231,40f306003da868df920281c2d26782507f5845e1e5085a70f83664ddc66de708,2026-09-27,2026-09-27,10,
https://www.onsemi.com/download/data-sheet/pdf/bay72-d.pdf,https://www.onsemi.com/download/data-sheet/pdf/bay72-d.pdf,200,169731,5a5f58282302060750af72159795db3cc19e0705e92ffbca64370aac179da487,2026-09-27,2026-09-27,10,
https://www.onsemi.com/download/data-sheet/pdf/bay73-d.pdf,https://www.onsemi.com/download/data-sheet/pdf/bay73-d.pdf,200,137347,d3e1934fd08e886578a8684df0c12069d7b2647082af63b77191f0411ad4c6e8,2026-09-27,2026-09-27,10,
https://www.onsemi.com/download/data-sheet/pdf/bc212b-d.pdf,https://www.onsemi.com/download/data-sheet/pdf/bc212b-d.pdf,200,137184,c1af152e19f3bfe8802fad3f20b5eaaf0f3b7dd5feb80fab9dc30dabc0dfb574,2026-09-27,2026-09-27,10,
https://www.onsemi.com/download/data-sheet/pdf/bc327-d.pdf,https://www.onsemi.com/download/data-sheet/pdf/bc327-d.pdf,200,250649,631abc54629db4a47c61e00b1f44ee28c548eae148f5bd155aaf56f294fa5e9d,2026-09-27,2026-09-27,10,
https://www.onsemi.com/download/data-sheet/pdf/bc337-fsc-d.pdf,https://www.onsemi.com/download/data-sheet/pdf/bc337-fsc-d.pdf,200,224322,febeb1e455c765acdb4938c010875afd49db1294de005f89706696f9f463c9a2,2026-09-27,2026-09-27,10,
https://www.onsemi.com/download/data-sheet/pdf/bc447-d.pdf,https://www.onsemi.com/download/data-sheet/pdf/bc447-d.pdf,200,148790,3c673fb8b654e2f773ef8d60d29e86a178e35a5b3dbf3061506e61f8fef49712,2026-09-27,2026-09-27,10,
https://www.onsemi.com/download/data-sheet/pdf/bc487-d.pdf,https://www.onsemi.com/download/data-sheet/pdf/bc487-d.pdf,200,169614,bb670b821cdd83728e8fc0a94afd29221d7d09d2a12afc5ac700a3eb94cd7f81,2026-09-27,2026-09-27,10,
https://www.onsemi.com/download/data-sheet/pdf/bc516-d.pdf,https://www.onsemi.com/download/data-sheet/pdf/bc516-d.pdf,200,182229,234bf0a3c716169a68f1b7d18973fcd0fc42ceb5b52457f775861804cc357484,2026-09-27,2026-09-27,10,
https://www.onsemi.com/download/data-sheet/pdf/bc546-d.pdf,https://www.onsemi.com/download/data-sheet/pdf/bc546-d.pdf,200,259230,1f67f4fca00ed3c196dafc9414add8d586dacefdfcc6f337ce2723aed0d5ff0e,2026-09-27,2026-09-27,10,
https://www.onsemi.com/download/data-sheet/pdf/bc550-d.pdf,https://www.onsemi.com/download/data-sheet/pdf/bc550-d.pdf,200,274690,1e98940f9ecd28bf2463b1502f3835d85ef0b50823929b4631c83ae58865d382,2026-09-27,2026-09-27,10,
https://www.onsemi.com/download/data-sheet/pdf/bc556b-d.pdf,https://www.onsemi.com/download/data-sheet/pdf/bc556b-d.pdf,200,159603,d9f086c3acdce68b6dfe3aa6d06810e4bc7a3231e66eaec960a2a48158f7a227,2026-09-27,2026-09-27,10,
https://www.onsemi.com/download/data-sheet/pdf/bc556bta-d.pdf,https://www.onsemi.com/download/data-sheet/pdf/bc556bta-d.pdf,200,305428,aae4a0bbee2ab8cd5225ba8c187fc2b64136b1ef29c6a94d7d50fef7ed5aaac1,2026-09-27,2026-09-27,10,
https://www.onsemi.com/download/data-sheet/pdf/bc559-d.pdf,https://www.onsemi.com/download/data-sheet/pdf/bc559-d.pdf,200,185569,4cc17c6d8a52583a371a711327af0f47e96ed180d95e11bbb1f67fa15a0bf82e,2026-09-27,2026-09-27,10,
https://www.onsemi.com/download/data-sheet/pdf/bc560c-d.pdf,https://www.onsemi.com/download/data-sheet/pdf/bc560c-d.pdf,200,154964,1f24d5e37f3e3578efdfcf07cd5a8fe62348ad9c30abccc0161dbb8e51281fb2,2026-09-27,2026-09-27,10,
https://www.onsemi.com/download/data-sheet/pdf/bc618-d.pdf,https://www.onsemi.com/download/data-sheet/pdf/bc618-d.pdf,200,135838,9761fa4447440b624ca7f0f8cae4233e2fae528dfc6abd90d9e839a80d8f3269,2026-09-27,2026-09-27,10,
https://www.onsemi.com/download/data-sheet/pdf/bc636-d.pdf,https://www.onsemi.com/download/data-sheet/pdf/bc636-d.pdf,200,201535,9c7668577b4f34240075685a1765b999816b9f8453b7c5cbeb2654fb3e20a4a4,2026-09-27,2026-09-27,10,
https://www.onsemi.com/download/data-sheet/pdf/bc637-d.pdf,https://www.onsemi.com/download/data-sheet/pdf/bc637-d.pdf,200,231288,a0d2a15434606c48663b429c36560971423054fb2c1ad34ad9c24037f4def77d,2026-09-27,2026-09-27,10,
https://www.onsemi.com/download/data-sheet/pdf/bc638-d.pdf,https://www.onsemi.com/download/data-sheet/pdf/bc638-d.pdf,200,124390,851f8bd1e6202c3671d2eccf4c6af6568f80eec4bb8b0a19a3f3aed4b09c8a04,2026-09-27,2026-09-27,10,
https://www.onsemi.com/download/data-sheet/pdf/bc640-d.pdf,https://www.onsemi.com/download/data-sheet/pdf/bc640-d.pdf,200,150589,d39275f2a579ef24d2f2fd374a165e10dd28658cebc15f6420729bc19a7d2ead,2026-09-27,2026-09-27,10,
https://www.onsemi.com/download/data-sheet/pdf/bc640_fcs-d.pdf,https://www.onsemi.com/download/data-sheet/pdf/bc640_fcs-d.pdf,200,124241,11afb99a201faea74ad5dce7aac5e42f5e427af3406dfa5a39453424798ef608,2026-09-27,2026-09-27,10,
https://www.onsemi.com/download/data-sheet/pdf/bc807-25w-d.pdf,https://www.onsemi.com/download/data-sheet/pdf/bc807-25w-d.pdf,200,195312,463d60712652ac3ac1c2cf9bb6175aac29e4600cf61c138f644306523492ab3d,2026-09-27,2026-09-27,10,
https://www.onsemi.com/download/data-sheet/pdf/bc808-d.pdf,https://www.onsemi.com/download/data-sheet/pdf/bc808-d.pdf,200,300062,f8478e9f87e7bacaf45bbf50b10a0368ccc610440c177c2e477fa7c8439c08dd,2026-09-27,2026-09-27,10,
https://www.onsemi.com/download/data-sheet/pdf/bc817-40w-d.pdf,https://www.onsemi.com/download/data-sheet/pdf/bc817-40w-d.pdf,200,237232,e24c3b67f99c576c646c38752ad238d6817abda3bb184d58f326959749bcec68,2026-09-27,2026-09-27,10,
https://www.onsemi.com/download/data-sheet/pdf/bc818-d.pdf,https://www.onsemi.com/download/data-sheet/pdf/bc818-d.pdf,200,337382,1d79c6cc8ebf5a43130d01e99eb44ff0a42a5fa96bca16e4656290a951dedd7a,2026-09-27,2026-09-27,10,
https://www.onsemi.com/download/data-sheet/pdf/bc846-d.pdf,https://www.onsemi.com/download/data-sheet/pdf/bc846-d.pdf,200,282427,9581e687418fd3542c173941cd2de419f39271d39404d162131aab8acd9746c9,2026-09-27,2026-09-27,10,
https://www.onsemi.com/download/data-sheet/pdf/bc846awt1-d.pdf,https://www.onsemi.com/download/data-sheet/pdf/bc846awt1-d.pdf,200,394975,13f8624236424c2033446da17dc2345faa78c0e27374b5e3224cd7ff7cf5dc72,2026-09-27,2026-09-27,10,
https://www.onsemi.com/download/data-sheet/pdf/bc847bpdxv6t1-d.pdf,https://www.onsemi.com/download/data-sheet/pdf/bc847bpdxv6t1-d.pdf,200,205283,ae178a865e87f4ffff0737699e0b0f4f145e31fed172c64172c02793d3434e92,2026-09-27,2026-09-27,10,
https://www.onsemi.com/download/data-sheet/pdf/bc847bs-d.pdf,https://www.onsemi.com/download/data-sheet/pdf/bc847bs-d.pdf,200,280813,fd8bfed8214e7ec492328a46ee3eb89e164bedb9888d97d9e376431164eae661,2026-09-27,2026-09-27,10,
https://www.onsemi.com/download/data-sheet/pdf/bc847cdxv6t1-d.pdf,https://www.onsemi.com/download/data-sheet/pdf/bc847cdxv6t1-d.pdf,200,257578,69aaddf376df74e247cc6fa5b267a080fde67f0e0c54a55a9534994205b3447d,2026-09-27,2026-09-27,10,
https://www.onsemi.com/download/data-sheet/pdf/bc847s-d.pdf,https://www.onsemi.com/download/data-sheet/pdf/bc847s-d.pdf,200,158966,952de9761e688faa742ff2f55a8e73b61c2fc502b4ed52cea224688a39e2c918,2026-09-27,2026-09-27,10,
https://www.onsemi.com/download/data-sheet/pdf/bc856bwt1-d.pdf,https://www.onsemi.com/download/data-sheet/pdf/bc856bwt1-d.pdf,200,266260,396f0e47cb08719868f53f445c76c4442fc51a879da6928e55f9af6918eb4a72,2026-09-27,2026-09-27,10,
https://www.onsemi.com/download/data-sheet/pdf/bc857s-d.pdf,https://www.onsemi.com/download/data-sheet/pdf/bc857s-d.pdf,200,321891,1fc8277c0db2c2668b076c8abef35da5a60f3a69d42e4006cdf2dccb806f98fa,2026-09-27,2026-09-27,10,
https://www.onsemi.com/download/data-sheet/pdf/bc860-d.pdf,https://www.onsemi.com/download/data-sheet/pdf/bc860-d.pdf,200,209214,8a4dcc836fcbfa40159dac7f4326f7d50bc22f8789114f264423d3fa44565a31,2026-09-27,2026-09-27,10,
https://www.onsemi.com/download/data-sheet/pdf/bcp51-d.pdf,https://www.onsemi.com/download/data-sheet/pdf/bcp51-d.pdf,200,149679,633ff6ac5aa6be9e76214ef149c33533c3efbee9a45f4065e8f1a618a09f5ffa,2026-09-27,2026-09-27,10,
https://www.onsemi.com/download/data-sheet/pdf/bcp52-d.pdf,https://www.onsemi.com/download/data-sheet/pdf/bcp52-d.pdf,200,319903,9e0bb27ae5988422effd730df93d263166e6b5e2dbf94cfcd03c6eaa8174c399,2026-09-27,2026-09-27,10,
https://www.onsemi.com/download/data-sheet/pdf/bcp53-d.pdf,https://www.onsemi.com/download/data-sheet/pdf/bcp53-d.pdf,200,301883,7e6dbbccc497e003d7cfab5803957f471726be81df588b869b11b57eaba6b95e,2026-09-27,2026-09-27,10,
https://www.onsemi.com/download/data-sheet/pdf/bcp53m-d.pdf,https://www.onsemi.com/download/data-sheet/pdf/bcp53m-d.pdf,200,288740,8cf5e3b51705e14772176ca01e1fc7783f4829a1348d9d636b7325c052479a43,2026-09-27,2026-09-27,10,
https://www.onsemi.com/download/data-sheet/pdf/bcp54-d.pdf,https://www.onsemi.com/download/data-sheet/pdf/bcp54-d.pdf,200,211760,ba39a832c9dad0a91327497e89849952ca655bc28ae76d925faaa2abd2b869f3,2026-09-27,2026-09-27,10,
https://www.onsemi.com/download/data-sheet/pdf/bcp55-d.pdf,https://www.onsemi.com/download/data-sheet/pdf/bcp55-d.pdf,200,213329,a711bdf629a1104eaccd4a7da00bdc511db689f115beb019c6c4b2ff68bde71b,2026-09-27,2026-09-27,10,
https://www.onsemi.com/download/data-sheet/pdf/bcp56-d.pdf,https://www.onsemi.com/download/data-sheet/pdf/bcp56-d.pdf,200,340538,22e41a56a1d51098fd731871c5a4e12f3adaa01080ce8b8061c13a1bedbdbb6b,2026-09-27,2026-09-27,10,
https://www.onsemi.com/download/data-sheet/pdf/bcp56m-d.pdf,https://www.onsemi.com/download/data-sheet/pdf/bcp56m-d.pdf,200,287822,8527bf5581cf15d4869a8074e1eb8eeb3927555aa93084c02be5345f0c6c09b9,2026-09-27,2026-09-27,10,
https://www.onsemi.com/download/data-sheet/pdf/bcp68-d.pdf,https://www.onsemi.com/download/data-sheet/pdf/bcp68-d.pdf,200,148315,1c7997346fbc66266bcf99fa832709f0df75ba5c4a8428b0f88752483afb53b3,2026-09-27,2026-09-27,10,
https://www.onsemi.com/download/data-sheet/pdf/bcp68t1-d.pdf,https://www.onsemi.com/download/data-sheet/pdf/bcp68t1-d.pdf,200,229255,2c35f448988964cb8f5270b8cd0f4eb83b92ac62856e938af0a52c13ae03ad4a,2026-09-27,2026-09-27,10,
https://www.onsemi.com/download/data-sheet/pdf/bcp69-d.pdf,https://www.onsemi.com/download/data-sheet/pdf/bcp69-d.pdf,200,359996,533aaba59db24a335328eb6091b5f85a2430880734b40eeb856985c0a0266299,2026-09-27,2026-09-27,10,
https://www.onsemi.com/download/data-sheet/pdf/bcp69t1-d.pdf,https://www.onsemi.com/download/data-sheet/pdf/bcp69t1-d.pdf,200,160644,fd33da11dad15e38b86a22f0a5ae84862d597be46ad036be72d07d8c5a5b7b0d,2026-09-27,2026-09-27,10,
https://www.onsemi.com/download/data-sheet/pdf/bcv26-d.pdf,https://www.onsemi.com/download/data-sheet/pdf/bcv26-d.pdf,200,108431,e0352fc497bedb6877a02accb632fe558aebfaec159243a897f827cc9cf479e9,2026-09-27,2026-09-27,10,
https://www.onsemi.com/download/data-sheet/pdf/bcv27-d.pdf,https://www.onsemi.com/download/data-sheet/pdf/bcv27-d.pdf,200,112739,810ecffcb5ae6017323aa1ffcc0a652d2eb07d0eabada436642500b2468e1d8a,2026-09-27,2026-09-27,10,
https://www.onsemi.com/download/data-sheet/pdf/bcv71-d.pdf,https://www.onsemi.com/download/data-sheet/pdf/bcv71-d.pdf,200,185048,99354ceba933932a9f151581a87cb1b95afb81e827af4d01ac4c8352476dc31b,2026-09-27,2026-09-27,10,
https://www.onsemi.com/download/data-sheet/pdf/bcv72-d.pdf,https://www.onsemi.com/download/data-sheet/pdf/bcv72-d.pdf,200,157239,fa2e1b83cac44839cab5eb375bb1887464976ca24d1d1efbb2490e26e9015759,2026-09-27,2026-09-27,10,
https://www.onsemi.com/download/data-sheet/pdf/bcw30lt1-d.pdf,https://www.onsemi.com/download/data-sheet/pdf/bcw30lt1-d.pdf,200,439492,a80b157eb9b136fabb3c7ca64b29e70e9d6c992353cd47651ac0af2c754fd66d,2026-09-27,2026-09-27,10,
https://www.onsemi.com/download/data-sheet/pdf/bcw61d-d.pdf,https://www.onsemi.com/download/data-sheet/pdf/bcw61d-d.pdf,200,167621,3de7c318c9e33ab7fbe7ab412e23d36f9756c25f31940edcf5ebf7dcb1c5d9bf,2026-09-27,2026-09-27,10,
https://www.onsemi.com/download/data-sheet/pdf/bcw66g-d.pdf,https://www.onsemi.com/download/data-sheet/pdf/bcw66g-d.pdf,200,157768,8ed1910d8f23b7dfd42d637c9761fdd6b943f03a1405c3f2ea9996912af140c5,2026-09-27,2026-09-27,10,
https://www.onsemi.com/download/data-sheet/pdf/bcw68g-d.pdf,https://www.onsemi.com/download/data-sheet/pdf/bcw68g-d.pdf,200,390766,e66ed9937b594ebe0d9dd416bb53248bd4f7a3ca4e6e9be8e7c05e96c6fb8b33,2026-09-27,2026-09-27,10,
https://www.onsemi.com/download/data-sheet/pdf/bcw71-d.pdf,https://www.onsemi.com/download/data-sheet/pdf/bcw71-d.pdf,200,229600,c133ecd161477f0481d20bd1dc59dd8b50c9593680ba2eceae0a3e33fd6fa863,2026-09-27,2026-09-27,10,
https://www.onsemi.com/download/data-sheet/pdf/bcw89-d.pdf,https://www.onsemi.com/download/data-sheet/pdf/bcw89-d.pdf,200,187750,831cb04bbb3af696394f3003c15d39e24ddace7fa7613d6302ca591e6089b30b,2026-09-27,2026-09-27,10,
https://www.onsemi.com/download/data-sheet/pdf/bcx17-d.pdf,https://www.onsemi.com/download/data-sheet/pdf/bcx17-d.pdf,200,270319,07774618f69303da12a17518e283107e21b6f492c8cdd945e7d4d20121ef8688,2026-09-27,2026-09-27,10,
https://www.onsemi.com/download/data-sheet/pdf/bcx19-d.pdf,https://www.onsemi.com/download/data-sheet/pdf/bcx19-d.pdf,200,155415,9c96252df682d039ef555472aba2b5f97ce1c6397f5cde5af728bf544adaf2f3,2026-09-27,2026-09-27,10,
https://www.onsemi.com/download/data-sheet/pdf/bcx70g-d.pdf,https://www.onsemi.com/download/data-sheet/pdf/bcx70g-d.pdf,200,187365,c5bdebc595efce093f0e89ade32e23f29aa6749ef51765a299aa4692f793d2ad,2026-09-27,2026-09-27,10,
https://www.onsemi.com/download/data-sheet/pdf/bcx70h-d.pdf,https://www.onsemi.com/download/data-sheet/pdf/bcx70h-d.pdf,200,187314,c63767248c797b6c7605147789cd45df1eee85e76aa59baea039a93bf15701e3,2026-09-27,2026-09-27,10,
https://www.onsemi.com/download/data-sheet/pdf/bcx70j-d.pdf,https://www.onsemi.com/download/data-sheet/pdf/bcx70j-d.pdf,200,187372,9c88b8d3dae200ba0003620fa8f695efb2ac51cb5f7ab0dbd97eb44ac8ef0274,2026-09-27,2026-09-27,10,
https://www.onsemi.com/download/data-sheet/pdf/bcx70k-d.pdf,https://www.onsemi.com/download/data-sheet/pdf/bcx70k-d.pdf,200,187352,07806db7c3b5cc6b7963362ebf087473b6baa50b9b87ed6ff3cf4e4c4c6978fd,2026-09-27,2026-09-27,10,
https://www.onsemi.com/download/data-sheet/pdf/bcx71j-d.pdf,https://www.onsemi.com/download/data-sheet/pdf/bcx71j-d.pdf,200,194921,0151ed1c663b582dc640069ab5abf3fc7eb9d4534f40d13a7875780fa828dee1,2026-09-27,2026-09-27,10,
https://www.onsemi.com/download/data-sheet/pdf/bcx71k-d.pdf,https://www.onsemi.com/download/data-sheet/pdf/bcx71k-d.pdf,200,315872,28345cfd82cb7a55438a232fd01a37110a4e9c7e344db1da33fc3dc41e3af587,2026-09-27,2026-09-27,10,
https://www.onsemi.com/download/data-sheet/pdf/bd135-d.pdf,https://www.onsemi.com/download/data-sheet/pdf/bd135-d.pdf,200,203310,4f0a1d1b1f73be0bee2751e3df4a6bd5734a4f999af7c85012cdc5c709e52b02,2026-09-27,2026-09-27,10,
https://www.onsemi.com/download/data-sheet/pdf/bd136-d.pdf,https://www.onsemi.com/download/data-sheet/pdf/bd136-d.pdf,200,282436,e29c5621a88de383839129bc0f6be0ce8dad53b8205e8b2119453870a8ce5f71,2026-09-27,2026-09-27,10,
https://www.onsemi.com/download/data-sheet/pdf/bd136g-d.pdf,https://www.onsemi.com/download/data-sheet/pdf/bd136g-d.pdf,200,203687,990f5868a372bdaf7f36ab22a7531462392c88172b7d8046c78898c56e992846,2026-09-27,2026-09-27,10,
https://www.onsemi.com/download/data-sheet/pdf/bd139-d.pdf,https://www.onsemi.com/download/data-sheet/pdf/bd139-d.pdf,200,259801,8abd390e46a3fd453da38669b4476b6bb67cf52e489d6f7b62ba03972a81f8b0,2026-09-27,2026-09-27,10,
https://www.onsemi.com/download/data-sheet/pdf/bd140-d.pdf,https://www.onsemi.com/download/data-sheet/pdf/bd140-d.pdf,200,806150,12749badd5f45f5b4114cd9b24af38d8afd7439e6fe35b2e82c4f7c774ed82f9,2026-09-27,2026-09-27,10,
https://www.onsemi.com/download/data-sheet/pdf/bd159-d.pdf,https://www.onsemi.com/download/data-sheet/pdf/bd159-d.pdf,200,161417,ff73a70c01f2e15cd897a821d9cd30ada30ddc4f8e804f1aee5b59ec1d4d39b0,2026-09-27,2026-09-27,10,
https://www.onsemi.com/download/data-sheet/pdf/bd176-d.pdf,https://www.onsemi.com/download/data-sheet/pdf/bd176-d.pdf,200,151681,bee245ce17b139a12df18b49770994b53dfed67b1b24ebe7b2561758eeb526ab,2026-09-27,2026-09-27,10,
https://www.onsemi.com/download/data-sheet/pdf/bd179-d.pdf,https://www.onsemi.com/download/data-sheet/pdf/bd179-d.pdf,200,258928,5787a9c17d03f55f9cdce6f39e3196b9d6d09c7cf51eba88ef230e069097d997,2026-09-27,2026-09-27,10,
https://www.onsemi.com/download/data-sheet/pdf/bd179-fcs-d.pdf,https://www.onsemi.com/download/data-sheet/pdf/bd179-fcs-d.pdf,200,248120,f1d104acb2b5a6fa4ca3515ef89b7ffcb45fbd32376f27676474b520a8da8ab8,2026-09-27,2026-09-27,10,
https://www.onsemi.com/download/data-sheet/pdf/bd180-d.pdf,https://www.onsemi.com/download/data-sheet/pdf/bd180-d.pdf,200,211900,8b911522d60c1844e4ea8475aa7cd821d26edfe232fa239e8d57af61cab9c399,2026-09-27,2026-09-27,10,
https://www.onsemi.com/download/data-sheet/pdf/bd237-d.pdf,https://www.onsemi.com/download/data-sheet/pdf/bd237-d.pdf,200,224668,b51e3ac076262f2a888ff4c028cc5c234d2ae904a78c6ab4e4163dc01d945cb8,2026-09-27,2026-09-27,10,
https://www.onsemi.com/download/data-sheet/pdf/bd238-d.pdf,https://www.onsemi.com/download/data-sheet/pdf/bd238-d.pdf,200,160605,16652b86f564626bf43677f34bb70bed57a2af8bf9409415925d89089b23b9c8,2026-09-27,2026-09-27,10,
https://www.onsemi.com/download/data-sheet/pdf/bd239c-d.pdf,https://www.onsemi.com/download/data-sheet/pdf/bd239c-d.pdf,200,276699,a9854d667778e29795b64f18001d7e9f42e7424765d0dde0cfaabf7988ead7f7,2026-09-27,2026-09-27,10,
https://www.onsemi.com/download/data-sheet/pdf/bd240c-d.pdf,https://www.onsemi.com/download/data-sheet/pdf/bd240c-d.pdf,200,150612,fb9925e33c3e3182953295ae07132d5652831a16231848f3ef7bff11deff74a2,2026-09-27,2026-09-27,10,
https://www.onsemi.com/download/data-sheet/pdf/bd241c-d.pdf,https://www.onsemi.com/download/data-sheet/pdf/bd241c-d.pdf,200,268562,d00b81754440c70c482a92d30db28b4c5ac58a06dc72735a511eafa46600d3ce,2026-09-27,2026-09-27,10,
https://www.onsemi.com/download/data-sheet/pdf/bd243b-d.pdf,https://www.onsemi.com/download/data-sheet/pdf/bd243b-d.pdf,200,261545,4c0efe04a699b13bfb005215bd30b1dae0269c8d386b4d0e15ed4aaaf92cab98,2026-09-27,2026-09-27,10,
https://www.onsemi.com/download/data-sheet/pdf/bd243c-d.pdf,https://www.onsemi.com/download/data-sheet/pdf/bd243c-d.pdf,200,161025,464e2f2a06cedc367d794c7ae2da4c196f1ea7c6c5f8f9dc368f56e76b90bc32,2026-09-27,2026-09-27,10,
https://www.onsemi.com/download/data-sheet/pdf/bd244c-d.pdf,https://www.onsemi.com/download/data-sheet/pdf/bd244c-d.pdf,200,161271,16c4f04138dc3d130de0c8805b2f7c122983bc9b0ed55cb196810ae272f4dead,2026-09-27,2026-09-27,10,
https://www.onsemi.com/download/data-sheet/pdf/bd249c-d.pdf,https://www.onsemi.com/download/data-sheet/pdf/bd249c-d.pdf,200,250580,d6751a09cd2b04d23e228624d9a999684409ef48b1c2d2b1f8f44ccad8102d37,2026-09-27,2026-09-27,10,
https://www.onsemi.com/download/data-sheet/pdf/bd437-d.pdf,https://www.onsemi.com/download/data-sheet/pdf/bd437-d.pdf,200,199245,4d11fd5ebadce878943c7864dd043ac798b21d85b4b8a7308998999779401a14,2026-09-27,2026-09-27,10,
https://www.onsemi.com/download/data-sheet/pdf/bd438-d.pdf,https://www.onsemi.com/download/data-sheet/pdf/bd438-d.pdf,200,202244,789c6d763e205245272531880816ba090982a1fbf5747acd5f1df0b1fccbff03,2026-09-27,2026-09-27,10,
https://www.onsemi.com/download/data-sheet/pdf/bd441-d.pdf,https://www.onsemi.com/download/data-sheet/pdf/bd441-d.pdf,200,164792,68ef18dc94aca23c6ec1d4aa11c6b5c1263ffd58eacf046806188b660c20af53,2026-09-27,2026-09-27,10,
https://www.onsemi.com/download/data-sheet/pdf/bd442-d.pdf,https://www.onsemi.com/download/data-sheet/pdf/bd442-d.pdf,200,164897,6d0765872ef3b39648c24a4d4dc3d1261d8c188f79d89ee7accecb097e38bb45,2026-09-27,2026-09-27,10,
https://www.onsemi.com/download/data-sheet/pdf/bd675-d.pdf,https://www.onsemi.com/download/data-sheet/pdf/bd675-d.pdf,200,208252,e15d6b75a390279f3fb8b7828aa31fae7284aed49c2285896f35a9183a0fa3fe,2026-09-27,2026-09-27,10,
https://www.onsemi.com/download/data-sheet/pdf/bd676-d.pdf,https://www.onsemi.com/download/data-sheet/pdf/bd676-d.pdf,200,209053,515f547a67744b6bdac274176662cd067a6855822422737c4189459323071f25,2026-09-27,2026-09-27,10,
https://www.onsemi.com/download/data-sheet/pdf/bd681-d.pdf,https://www.onsemi.com/download/data-sheet/pdf/bd681-d.pdf,200,162405,31f0a289df78e3f378003d1d613f8dd5dd112a7466ae43d9b74c2b1d5d9abd96,2026-09-27,2026-09-27,10,
https://www.onsemi.com/download/data-sheet/pdf/bd682-d.pdf,https://www.onsemi.com/download/data-sheet/pdf/bd682-d.pdf,200,163725,e9d1d225d99ebabfbe439fc1753731bdb69cf50a1d4329a71f65376b64be4efb,2026-09-27,2026-09-27,10,
https://www.onsemi.com/download/data-sheet/pdf/bd777-d.pdf,https://www.onsemi.com/download/data-sheet/pdf/bd777-d.pdf,200,213725,fd0b4601f05384e83ae6464a4cfcd3d9b4e9a4b4c1d0f6da5bdcf1c2cc6f1759,2026-09-27,2026-09-27,10,
https://www.onsemi.com/download/data-sheet/pdf/bd787-d.pdf,https://www.onsemi.com/download/data-sheet/pdf/bd787-d.pdf,200,254855,78442ca95d6db9c5b23a2f3c72ff1f2fe51833a609b92a25d35623217730045d,2026-09-27,2026-09-27,10,
https://www.onsemi.com/download/data-sheet/pdf/bd791-d.pdf,https://www.onsemi.com/download/data-sheet/pdf/bd791-d.pdf,200,122158,22c6972915966f780e834b2b13c74adba772efe0ef63751f17f75b4512ea5fe3,2026-09-27,2026-09-27,10,
https://www.onsemi.com/download/data-sheet/pdf/bd802-d.pdf,https://www.onsemi.com/download/data-sheet/pdf/bd802-d.pdf,200,103636,defc6a735dd136de4662547e3e732c4da671c78d970e1da0236d281acb54f046,2026-09-27,2026-09-27,10,
https://www.onsemi.com/download/data-sheet/pdf/bd808-d.pdf,https://www.onsemi.com/download/data-sheet/pdf/bd808-d.pdf,200,106533,76f8437d6a0706d550741da7f1ba57ce8d18aeb1b2d345548a231c6b57b368e3,2026-09-27,2026-09-27,10,
https://www.onsemi.com/download/data-sheet/pdf/bd809-d.pdf,https://www.onsemi.com/download/data-sheet/pdf/bd809-d.pdf,200,106206,822f8cf65c94f430749000a67645c0120d7eb41931011ecc7db871ea260e49dd,2026-09-27,2026-09-27,10,
https://www.onsemi.com/download/data-sheet/pdf/bdc01d-d.pdf,https://www.onsemi.com/download/data-sheet/pdf/bdc01d-d.pdf,200,117318,982f7c672317b9d1aeb708724d02347a796a9d54a978b7bc9d5b0c9857a5c0d7,2026-09-27,2026-09-27,10,
https://www.onsemi.com/download/data-sheet/pdf/bdv65b-d.pdf,https://www.onsemi.com/download/data-sheet/pdf/bdv65b-d.pdf,200,302232,d7661df9aebd6d3530b1e4dac6e1fac4d2a502ef1197dc7ae99bec9398aa5c8e,2026-09-27,2026-09-27,10,
https://www.onsemi.com/download/data-sheet/pdf/bdw42-d.pdf,https://www.onsemi.com/download/data-sheet/pdf/bdw42-d.pdf,200,110433,3a5261909a276fb20cc688d6980e044173475aa7d2d675cf717c295ba10955a7,2026-09-27,2026-09-27,10,
https://www.onsemi.com/download/data-sheet/pdf/bdw93c-d.pdf,https://www.onsemi.com/download/data-sheet/pdf/bdw93c-d.pdf,200,152293,392a006eb06ef896fde583183e6e842bf4d6ac38c521e2951d5732617c345272,2026-09-27,2026-09-27,10,
https://www.onsemi.com/download/data-sheet/pdf/bdw94c-d.pdf,https://www.onsemi.com/download/data-sheet/pdf/bdw94c-d.pdf,200,634922,601df9dc60328835d48d0e30a4dd78267f82f03bd4b9980acdb50b236a160039,2026-09-27,2026-09-27,10,
https://www.onsemi.com/download/data-sheet/pdf/bdw94cf-d.pdf,https://www.onsemi.com/download/data-sheet/pdf/bdw94cf-d.pdf,200,535476,702a3c879c7c5f6407666f944d35c30e094d6a135ee335eed416c013641842e7,2026-09-27,2026-09-27,10,
https://www.onsemi.com/download/data-sheet/pdf/bdx33b-d.pdf,https://www.onsemi.com/download/data-sheet/pdf/bdx33b-d.pdf,200,261275,729b6b6266c9e37412d2530ee95274d1d165186d124ebd4d3c6169c1620d96fe,2026-09-27,2026-09-27,10,
https://www.onsemi.com/download/data-sheet/pdf/bdx33c-d.pdf,https://www.onsemi.com/download/data-sheet/pdf/bdx33c-d.pdf,200,162731,e4280c03923db623a0c909c4252785ba3b4d2e29e0619a5b7774ede302678e25,2026-09-27,2026-09-27,10,
https://www.onsemi.com/download/data-sheet/pdf/bdx34c-d.pdf,https://www.onsemi.com/download/data-sheet/pdf/bdx34c-d.pdf,200,162333,29d8ce7e5c7ef1b1b4298b3f7e4a6f3e9339351380e180924a2d3b39a2e06db3,2026-09-27,2026-09-27,10,
https://www.onsemi.com/download/data-sheet/pdf/bdx53b-d.pdf,https://www.onsemi.com/download/data-sheet/pdf/bdx53b-d.pdf,200,289990,c25893e39746833709556746d71ca847bac494a11874f0d6ec06db4bbd690e75,2026-09-27,2026-09-27,10,
https://www.onsemi.com/download/data-sheet/pdf/bdx53c-d.pdf,https://www.onsemi.com/download/data-sheet/pdf/bdx53c-d.pdf,200,273552,bc1736c6bddf683066b8cec7f469f63c13c8bceb8c1ae9270598e5d9df7ef65b,2026-09-27,2026-09-27,10,
https://www.onsemi.com/download/data-sheet/pdf/bdx54c-d.pdf,https://www.onsemi.com/download/data-sheet/pdf/bdx54c-d.pdf,200,165010,fb095dc6b3a3808c512e23d1ca85d399de0374eb21d5f714b3092cf8a19ba3a9,2026-09-27,2026-09-27,10,
https://www.onsemi.com/download/data-sheet/pdf/bf245a-d.pdf,https://www.onsemi.com/download/data-sheet/pdf/bf245a-d.pdf,200,234254,4c7b8233c4266515470e88cf33a1057ef1b4afee97643e76fc60d263e3e11a37,2026-09-27,2026-09-27,10,
https://www.onsemi.com/download/data-sheet/pdf/bf256a-d.pdf,https://www.onsemi.com/download/data-sheet/pdf/bf256a-d.pdf,200,99194,0e7388d6fd670a16b39fffc51368454628cc9e35dd65d2ab6f2c718bc266a833,2026-09-27,2026-09-27,10,
https://www.onsemi.com/download/data-sheet/pdf/bf256b-d.pdf,https://www.onsemi.com/download/data-sheet/pdf/bf256b-d.pdf,200,149950,680427ca219f8d22d35908e2b34c9b8439b00bc71bdd8783c03dfea51e638e2f,2026-09-27,2026-09-27,10,
https://www.onsemi.com/download/data-sheet/pdf/bf256c-d.pdf,https://www.onsemi.com/download/data-sheet/pdf/bf256c-d.pdf,200,298384,a16309dc42982da95915a28d19900de3932a713bf16f86568120156b80819f05,2026-09-27,2026-09-27,10,
https://www.onsemi.com/download/data-sheet/pdf/bf393-d.pdf,https://www.onsemi.com/download/data-sheet/pdf/bf393-d.pdf,200,114378,f9d94c897147d5abfdbd07526686ac5ac2b6b5132155e081398590ad91f77023,2026-09-27,2026-09-27,10,
https://www.onsemi.com/download/data-sheet/pdf/bf420-d.pdf,https://www.onsemi.com/download/data-sheet/pdf/bf420-d.pdf,200,119846,95a69cf46fe89172bf463e24089fae0114daf22cd914c1c8497531e241d6e353,2026-09-27,2026-09-27,10,
https://www.onsemi.com/download/data-sheet/pdf/bf421-d.pdf,https://www.onsemi.com/download/data-sheet/pdf/bf421-d.pdf,200,160314,6fae9d16e8aa140a3d065802554cb31e63f44733f185180c6013f948b0bb270c,2026-09-27,2026-09-27,10,
https://www.onsemi.com/download/data-sheet/pdf/bf422-d.pdf,https://www.onsemi.com/download/data-sheet/pdf/bf422-d.pdf,200,153422,6d96797d2854741b62cd43785343a227dd227e772b82b997baaa1c447c112a86,2026-09-27,2026-09-27,10,
https://www.onsemi.com/download/data-sheet/pdf/bf493s-d.pdf,https://www.onsemi.com/download/data-sheet/pdf/bf493s-d.pdf,200,116573,ba2cba5207d1cc5bcc4d84484997570c02b856b1ff1b82fdd5ef12baa8351e21,2026-09-27,2026-09-27,10,
https://www.onsemi.com/download/data-sheet/pdf/bf959-d.pdf,https://www.onsemi.com/download/data-sheet/pdf/bf959-d.pdf,200,133520,cfc0b4a17038e1fbd638badc70ce5d3c775f1531be00cfbf3ae6a15399660bd9,2026-09-27,2026-09-27,10,
https://www.onsemi.com/download/data-sheet/pdf/bs108-d.pdf,https://www.onsemi.com/download/data-sheet/pdf/bs108-d.pdf,200,152390,59b8275491bfc62d881bf493df760fcf5d589125e3ec08879587c2dcc713a758,2026-09-27,2026-09-27,10,
https://www.onsemi.com/download/data-sheet/pdf/bs270-d.pdf,https://www.onsemi.com/download/data-sheet/pdf/bs270-d.pdf,200,288927,be6573e8201de445f59526c405fa6a64d9991f3699532d01788984af148b50aa,2026-09-27,2026-09-27,10,
https://www.onsemi.com/download/data-sheet/pdf/bsp16t1-d.pdf,https://www.onsemi.com/download/data-sheet/pdf/bsp16t1-d.pdf,200,126127,844c18818aeda791756d1baa6ad700d7e1d69bf4ce8cc55564ffe917261fa216,2026-09-27,2026-09-27,10,
https://www.onsemi.com/download/data-sheet/pdf/bsp50-d.pdf,https://www.onsemi.com/download/data-sheet/pdf/bsp50-d.pdf,200,150180,3010cdc0ac436f6b92fc1155d513fade3f08018ee0bee50f5fd81364150d322b,2026-09-27,2026-09-27,10,
https://www.onsemi.com/download/data-sheet/pdf/bsp52-d.pdf,https://www.onsemi.com/download/data-sheet/pdf/bsp52-d.pdf,200,276821,687a89f00c1d173f6cba4a6a9a7e4da3f644057020ebbc90510009fa548c2723,2026-09-27,2026-09-27,10,
https://www.onsemi.com/download/data-sheet/pdf/bsr14-d.pdf,https://www.onsemi.com/download/data-sheet/pdf/bsr14-d.pdf,200,212701,74685954721282967bb81c75fe87ad8805cb0201055cf0024fa1687029f1db32,2026-09-27,2026-09-27,10,
https://www.onsemi.com/download/data-sheet/pdf/bsr15-d.pdf,https://www.onsemi.com/download/data-sheet/pdf/bsr15-d.pdf,200,188500,139de2aa225b6dc23a009832de77e23a020eb257820af754b2aa36d0ac77e6cd,2026-09-27,2026-09-27,10,
https://www.onsemi.com/download/data-sheet/pdf/bsr16-d.pdf,https://www.onsemi.com/download/data-sheet/pdf/bsr16-d.pdf,200,199861,dfe07696beadc5a8b54c4fe33a044721f3a662849bca99cee7b7deccdacf8d4a,2026-09-27,2026-09-27,10,
https://www.onsemi.com/download/data-sheet/pdf/bsr17a-d.pdf,https://www.onsemi.com/download/data-sheet/pdf/bsr17a-d.pdf,200,434062,4cf2af0c909d55f9bab1add576ed721cb47f72ba05234ce24a94a3019f37d512,2026-09-27,2026-09-27,10,
https://www.onsemi.com/download/data-sheet/pdf/bsr18a-d.pdf,https://www.onsemi.com/download/data-sheet/pdf/bsr18a-d.pdf,200,339437,0b030a56fbb3f59eacf0773b43d5d988037c9f0ea2cdb930b2569d5ea2a922d1,2026-09-27,2026-09-27,10,
https://www.onsemi.com/download/data-sheet/pdf/bsr56-d.pdf,https://www.onsemi.com/download/data-sheet/pdf/bsr56-d.pdf,200,250051,afecaec1b4038b7269af9d34d3f4ac8c90fde5e415b913a0961be0961355edb2,2026-09-27,2026-09-27,10,
https://www.onsemi.com/download/data-sheet/pdf/bsr57-d.pdf,https://www.onsemi.com/download/data-sheet/pdf/bsr57-d.pdf,200,95607,4e3534ef598a744f5feba4ffe0c1501e213db237f14937d0a9df903f65399f11,2026-09-27,2026-09-27,10,
https://www.onsemi.com/download/data-sheet/pdf/bsr58-d.pdf,https://www.onsemi.com/download/data-sheet/pdf/bsr58-d.pdf,200,95879,696786ef218b4341f5e167508d7c5fa95082d2c7bf2a70cc36fe77db2ff79b4f,2026-09-27,2026-09-27,10,
https://www.onsemi.com/download/data-sheet/pdf/bss123-d.pdf,https://www.onsemi.com/download/data-sheet/pdf/bss123-d.pdf,200,302528,cf59297230a6476923e261a6c65adf1c1131574248bc3fd7b27b98b54aa3864c,2026-09-27,2026-09-27,10,
https://www.onsemi.com/download/data-sheet/pdf/bss123l-d.pdf,https://www.onsemi.com/download/data-sheet/pdf/bss123l-d.pdf,200,1680795,f3ec6149f1b21c2a2c612c4693fe161680953531517982f54a1ee8af4df0df45,2026-09-27,2026-09-27,10,
https://www.onsemi.com/download/data-sheet/pdf/bss123w-d.pdf,https://www.onsemi.com/download/data-sheet/pdf/bss123w-d.pdf,200,400578,9cafccc918b63c1f5eb7bb53ba041c00c3125535bab43fbb292a36ea5f2291e9,2026-09-27,2026-09-27,10,
https://www.onsemi.com/download/data-sheet/pdf/bss138-d.pdf,https://www.onsemi.com/download/data-sheet/pdf/bss138-d.pdf,200,420992,d1bff01c42324bc87d9fef988b6ec27425a2d8e91a9ff422b709fd1f8d1d59a5,2026-09-27,2026-09-27,10,
https://www.onsemi.com/download/data-sheet/pdf/bss138k-d.pdf,https://www.onsemi.com/download/data-sheet/pdf/bss138k-d.pdf,200,158838,c216da5540dde07ca1830f606d45fdefe78c0301d9b569fbd3878e5306e73687,2026-09-27,2026-09-27,10,
https://www.onsemi.com/download/data-sheet/pdf/bss138l-d.pdf,https://www.onsemi.com/download/data-sheet/pdf/bss138l-d.pdf,200,151630,e86bfa12a2a577356e4e59ccf1a9d04f8ee5525aa01efa1940a010decb8f4d65,2026-09-27,2026-09-27,10,
https://www.onsemi.com/download/data-sheet/pdf/bss138lt1-d.pdf,https://www.onsemi.com/download/data-sheet/pdf/bss138lt1-d.pdf,200,272362,765a0cb0e1f58ce13c3ad17b929727f13ea80ba41e33a68696a0540a0c90791b,2026-09-27,2026-09-27,10,
https://www.onsemi.com/download/data-sheet/pdf/bss138w-d.pdf,https://www.onsemi.com/download/data-sheet/pdf/bss138w-d.pdf,200,237757,4aaf23e407dd89b76837a59e62a626d461488e417c7482e627a822c3de715396,2026-09-27,2026-09-27,10,
https://www.onsemi.com/download/data-sheet/pdf/bss63-d.pdf,https://www.onsemi.com/download/data-sheet/pdf/bss63-d.pdf,200,307911,7f5e268db9d21d66eda62af2966772059fc748a23217356ad23a57e65b1c7593,2026-09-27,2026-09-27,10,
https://www.onsemi.com/download/data-sheet/pdf/bss64-d.pdf,https://www.onsemi.com/download/data-sheet/pdf/bss64-d.pdf,200,169697,ff59d308c49f6af18b821e21318bad7eebff28814316a0614ab512c63da74de3,2026-09-27,2026-09-27,10,
https://www.onsemi.com/download/data-sheet/pdf/bss84-d.pdf,https://www.onsemi.com/download/data-sheet/pdf/bss84-d.pdf,200,406659,6f005a3b7e1c87e6dcf0af9781b578c9dae8bf96919222bf59d96d45da824704,2026-09-27,2026-09-27,10,
https://www.onsemi.com/download/data-sheet/pdf/bsv52-d.pdf,https://www.onsemi.com/download/data-sheet/pdf/bsv52-d.pdf,200,197016,7d1b2a1c529632a3877f03fdc9f46596ab09b952f58ce7780430af9d0a10301c,2026-09-27,2026-09-27,10,
https://www.onsemi.com/download/data-sheet/pdf/bu208a-d.pdf,https://www.onsemi.com/download/data-sheet/pdf/bu208a-d.pdf,200,150439,df26f4a3420ad06161fa1290d5051522bbeaa5b7a90afb670708afe29f664916,2026-09-27,2026-09-27,10,
https://www.onsemi.com/download/data-sheet/pdf/bu323ap-d.pdf,https://www.onsemi.com/download/data-sheet/pdf/bu323ap-d.pdf,200,165460,630b22cf33cf4fc62a85afff1418d7734f43f5af52f9e1c9e139106aa7eaaaf0,2026-09-27,2026-09-27,10,
https://www.onsemi.com/download/data-sheet/pdf/bu406-d.pdf,https://www.onsemi.com/download/data-sheet/pdf/bu406-d.pdf,200,288938,9cdb79137fd02453ff8faf40fac7a562b6ae2791095cd732a430f30ed33ab0e1,2026-09-27,2026-09-27,10,
https://www.onsemi.com/download/data-sheet/pdf/bu407-d.pdf,https://www.onsemi.com/download/data-sheet/pdf/bu407-d.pdf,200,169288,3b00ca2e9b8d6db80715e15bac62f1a067dda9c0546e22401bba4a4f01a355a1,2026-09-27,2026-09-27,10,
https://www.onsemi.com/download/data-sheet/pdf/bu806-d.pdf,https://www.onsemi.com/download/data-sheet/pdf/bu806-d.pdf,200,105407,1f6518957f1b93fec8519cc35b713f244b9b14345a03d89700412629de91689a,2026-09-27,2026-09-27,10,
https://www.onsemi.com/download/data-sheet/pdf/bub323z-d.pdf,https://www.onsemi.com/download/data-sheet/pdf/bub323z-d.pdf,200,264775,6f25e80243dc63e9c7b7462c8f105152dc9d86104891f5ff3b57f43cae9bee48,2026-09-27,2026-09-27,10,
https://www.onsemi.com/download/data-sheet/pdf/bud42d-d.pdf,https://www.onsemi.com/download/data-sheet/pdf/bud42d-d.pdf,200,289226,f0318ab7a46f5279f05e411fe9d3e40c0a8118205054c6454e8edd15a2d62302,2026-09-27,2026-09-27,10,
https://www.onsemi.com/download/data-sheet/pdf/buh51-d.pdf,https://www.onsemi.com/download/data-sheet/pdf/buh51-d.pdf,200,247974,67b85607012e0dc7ad8eee32fff87c39aa1be40eee36d38945d2f38ae0b6e35a,2026-09-27,2026-09-27,10,
https://www.onsemi.com/download/data-sheet/pdf/bul146-d.pdf,https://www.onsemi.com/download/data-sheet/pdf/bul146-d.pdf,200,281420,4ff12016ce617c6da372fab04e5135c640126e55e7d5ed2b639f55d0e22d6dd1,2026-09-27,2026-09-27,10,
https://www.onsemi.com/download/data-sheet/pdf/bul44-d.pdf,https://www.onsemi.com/download/data-sheet/pdf/bul44-d.pdf,200,245509,482cde0a72fa9bfef2bc542b244032ecbb54532cd70889477895aa96d7165ef7,2026-09-27,2026-09-27,10,
https://www.onsemi.com/download/data-sheet/pdf/bul45d2-d.pdf,https://www.onsemi.com/download/data-sheet/pdf/bul45d2-d.pdf,200,434559,8aebf2438de59ab83a939af20f406c040d8e3c9e3ccbf604d8d88943b044e561,2026-09-27,2026-09-27,10,
https://www.onsemi.com/download/data-sheet/pdf/bus50-d.pdf,https://www.onsemi.com/download/data-sheet/pdf/bus50-d.pdf,200,108265,13d36b9a875010a65c84d448468d70bc7fe524ae2a64a7e2a0eb43435acd3bb1,2026-09-27,2026-09-27,10,
https://www.onsemi.com/download/data-sheet/pdf/bus98-d.pdf,https://www.onsemi.com/download/data-sheet/pdf/bus98-d.pdf,200,203037,c905581cd99105d5292865ca626ef69bd1750ae8c4755896986176f6ac999420,2026-09-27,2026-09-27,10,
https://www.onsemi.com/download/data-sheet/pdf/but11a-d.pdf,https://www.onsemi.com/download/data-sheet/pdf/but11a-d.pdf,200,122591,aff917af2b6da9a4f0d2f5e4dde42598deb86a6a3c8ab919f5e8a8b98ccfa5fb,2026-09-27,2026-09-27,10,
https://www.onsemi.com/download/data-sheet/pdf/but33-d.pdf,https://www.onsemi.com/download/data-sheet/pdf/but33-d.pdf,200,189475,c0ce4ae59ef342f82433e36155885bc8cac5765a1166ed0727c6795fde82e56d,2026-09-27,2026-09-27,10,
https://www.onsemi.com/download/data-sheet/pdf/buv11-d.pdf,https://www.onsemi.com/download/data-sheet/pdf/buv11-d.pdf,200,122429,6b46157e7b68883c906bb3c1f66108cee0ff3c4bb9a0284f0a5e1545483e8f67,2026-09-27,2026-09-27,10,
https://www.onsemi.com/download/data-sheet/pdf/buv20-d.pdf,https://www.onsemi.com/download/data-sheet/pdf/buv20-d.pdf,200,235620,d83ad5847beae7c3447a69b098d390811363e87289aefb3875fbdbe0d9272e5e,2026-09-27,2026-09-27,10,
https://www.onsemi.com/download/data-sheet/pdf/buv21-d.pdf,https://www.onsemi.com/download/data-sheet/pdf/buv21-d.pdf,200,223306,92db21b9ebf7b4a1793fc55a4a36b32655e0ade512df349750d371467408e827,2026-09-27,2026-09-27,10,
https://www.onsemi.com/download/data-sheet/pdf/buv22-d.pdf,https://www.onsemi.com/download/data-sheet/pdf/buv22-d.pdf,200,233263,a9fd526fba523e2f74bb75f7ef1b6fe237be35d9d951b944d6ef89eb4f501792,2026-09-27,2026-09-27,10,
https://www.onsemi.com/download/data-sheet/pdf/buv26-d.pdf,https://www.onsemi.com/download/data-sheet/pdf/buv26-d.pdf,200,92729,401bdbaa5f6ad50f27fdc0cd6d2e9c491ff44a976f37fb1da88bf5454a9c1532,2026-09-27,2026-09-27,10,
https://www.onsemi.com/download/data-sheet/pdf/buv48-d.pdf,https://www.onsemi.com/download/data-sheet/pdf/buv48-d.pdf,200,203978,a052c508110054db89cec7fc76f1ca0f4222ff852124e6fc99e0a52a1b506af1,2026-09-27,2026-09-27,10,
https://www.onsemi.com/download/data-sheet/pdf/bux48-d.pdf,https://www.onsemi.com/download/data-sheet/pdf/bux48-d.pdf,200,322833,27bd806439ce93264872f24e9bfacf95768c4d74e3ed072709cc5dad75437e68,2026-09-27,2026-09-27,10,
https://www.onsemi.com/download/data-sheet/pdf/bux85-d.pdf,https://www.onsemi.com/download/data-sheet/pdf/bux85-d.pdf,200,234467,feff0d390b544a6166a5cfc95e0e2dafdad8ca67abab172a74650f068457bff1,2026-09-27,2026-09-27,10,
https://www.onsemi.com/download/data-sheet/pdf/buz11-d.pdf,https://www.onsemi.com/download/data-sheet/pdf/buz11-d.pdf,200,325073,21c855de2e0b7dcee8a2ea4e216d56cbe22bce8e03175c939ed050407e88c03e,2026-09-27,2026-09-27,10,
https://www.onsemi.com/download/data-sheet/pdf/byv32-200-d.pdf,https://www.onsemi.com/download/data-sheet/pdf/byv32-200-d.pdf,200,236549,66a648a544bf363fbfa649a862fec8a8bf78b0674fb1b72359af3d83f6a2a20c,2026-09-27,2026-09-27,10,
https://www.onsemi.com/download/data-sheet/pdf/byw29-d.pdf,https://www.onsemi.com/download/data-sheet/pdf/byw29-d.pdf,200,240742,a9ade26bbe45a0b393bb10a3cfc29ef6d8ed7f9921938ffb4c504a807ce69405,2026-09-27,2026-09-27,10,
https://www.onsemi.com/download/data-sheet/pdf/byw51-200-d.pdf,https://www.onsemi.com/download/data-sheet/pdf/byw51-200-d.pdf,200,245023,728a80bc4515f5de6746f9e55f76c21452846e22f7cd6485ed7431e8b2d4199f,2026-09-27,2026-09-27,10,
https://www.onsemi.com/download/data-sheet/pdf/byw80-d.pdf,https://www.onsemi.com/download/data-sheet/pdf/byw80-d.pdf,200,220943,b81cb00c166cd83897a0dc24e6022d232ed293fdfa8840314967cef333b24676,2026-09-27,2026-09-27,10,
https://www.onsemi.com/download/data-sheet/pdf/bzx55c2v4rl-d.pdf,https://www.onsemi.com/download/data-sheet/pdf/bzx55c2v4rl-d.pdf,200,309350,ae8ba27dcb363452fc8b11c166918796d60b0c35607c11bc0d47f3c8b2a971ef,2026-09-27,2026-09-27,10,
https://www.onsemi.com/download/data-sheet/pdf/bzx79c2v4-d.pdf,https://www.onsemi.com/download/data-sheet/pdf/bzx79c2v4-d.pdf,200,128136,80ac9800ad2561d3e896b0615ff480e6619d9781fdc3052df79de57fcbd6611f,2026-09-27,2026-09-27,10,
https://www.onsemi.com/download/data-sheet/pdf/bzx79c9v1-d.pdf,https://www.onsemi.com/download/data-sheet/pdf/bzx79c9v1-d.pdf,200,195553,e15a3c98b60ba92b7cd8d890f5551e83a8e06197df337b6adf4fd1c5348662ce,2026-09-27,2026-09-27,10,
https://www.onsemi.com/download/data-sheet/pdf/bzx84c2v4lt1-d.pdf,https://www.onsemi.com/download/data-sheet/pdf/bzx84c2v4lt1-d.pdf,200,476062,1c73ef5a7ac89b2f2856729ac2e45489ddcb1538606f19e947afbcaa6e0823cb,2026-09-27,2026-09-27,10,
https://www.onsemi.com/download/data-sheet/pdf/bzx85c3v3-d.pdf,https://www.onsemi.com/download/data-sheet/pdf/bzx85c3v3-d.pdf,200,152041,a8179f20a2b8388b21155d71282ff85cb34452de66b3efbc7396394488881df5,2026-09-27,2026-09-27,10,
https://www.onsemi.com/download/data-sheet/pdf/cat24c128-d.pdf,https://www.onsemi.com/download/data-sheet/pdf/cat24c128-d.pdf,200,438990,d409731ec00599733a14ebac3d0bd91d768b27d1e039139de30737c547a99328,2026-09-27,2026-09-27,10,
https://www.onsemi.com/download/data-sheet/pdf/cat5171-d.pdf,https://www.onsemi.com/download/data-sheet/pdf/cat5171-d.pdf,200,361343,89bb000b55cd58365659f47bff79688cf500a3ef07d2166fea7a51ad22cd5d51,2026-09-27,2026-09-27,10,
https://www.onsemi.com/download/data-sheet/pdf/cm1213-d.pdf,https://www.onsemi.com/download/data-sheet/pdf/cm1213-d.pdf,200,1309250,b3ea604d05e2b8614a7d43deb1517795de83bd7b6a0bc9564e4b0301c04b4acb,2026-09-27,2026-09-27,10,
https://www.onsemi.com/download/data-sheet/pdf/cm1624-d.pdf,https://www.onsemi.com/download/data-sheet/pdf/cm1624-d.pdf,200,848477,833ff62e841baa09bc25ba3805dfdbaef6fda78f8f236e767844c99a04ec4b07,2026-09-27,2026-09-27,10,
https://www.onsemi.com/download/data-sheet/pdf/cph3348-d.pdf,https://www.onsemi.com/download/data-sheet/pdf/cph3348-d.pdf,200,620329,cbbe074deb9fe35a76a9afff1c7a8a42ef1b4771b28b611ddb69629b257aec74,2026-09-27,2026-09-27,10,
https://www.onsemi.com/download/data-sheet/pdf/cph3448-d.pdf,https://www.onsemi.com/download/data-sheet/pdf/cph3448-d.pdf,200,1036879,d48b39290d3681a413d66d58d8d7fc586d4e82f6d032f2ed723f59d61f000307,2026-09-27,2026-09-27,10,
https://www.onsemi.com/download/data-sheet/pdf/cph3456-d.pdf,https://www.onsemi.com/download/data-sheet/pdf/cph3456-d.pdf,200,436430,d1f0c6cab818a26462c2cb0fb81a15524893e3125efca38a46893390256d6ab6,2026-09-27,2026-09-27,10,
https://www.onsemi.com/download/data-sheet/pdf/cph3457-d.pdf,https://www.onsemi.com/download/data-sheet/pdf/cph3457-d.pdf,200,1034865,384cfb6af3c8c4ea81f204456f5097fb23655ba3ac9affcafce233e8353b5769,2026-09-27,2026-09-27,10,
https://www.onsemi.com/download/data-sheet/pdf/cph3910-d.pdf,https://www.onsemi.com/download/data-sheet/pdf/cph3910-d.pdf,200,153278,6fd36e0a1479b65bf148d3ef3f57608dd14b59c8fcc696144e52fc838c3458b5,2026-09-27,2026-09-27,10,
https://www.onsemi.com/download/data-sheet/pdf/cph5617-d.pdf,https://www.onsemi.com/download/data-sheet/pdf/cph5617-d.pdf,200,266917,0c0eff9be7329f1707e4e098440376d537a5eb5bd88fbf23e91c00b21b5ce17b,2026-09-27,2026-09-27,10,
https://www.onsemi.com/download/data-sheet/pdf/cph5871-d.pdf,https://www.onsemi.com/download/data-sheet/pdf/cph5871-d.pdf,200,496121,89bde11d0f4e100486dee030fada96d75b60a5013d37193d5612db8a6283a2d1,2026-09-27,2026-09-27,10,
https://www.onsemi.com/download/data-sheet/pdf/cph6341-d.pdf,https://www.onsemi.com/download/data-sheet/pdf/cph6341-d.pdf,200,1102725,55e66386060b64ce59dfc1b32ee6ccbeda383fa4ecc42e7a938a10f353d551d1,2026-09-27,2026-09-27,10,
https://www.onsemi.com/download/data-sheet/pdf/cph6347-d.pdf,https://www.onsemi.com/download/data-sheet/pdf/cph6347-d.pdf,200,395887,91acd0bc7130b94fae08a74563d7bd38e7928e0b9171689f39b02bf658b463d7,2026-09-27,2026-09-27,10,
https://www.onsemi.com/download/data-sheet/pdf/cph6443-d.pdf,https://www.onsemi.com/download/data-sheet/pdf/cph6443-d.pdf,200,688201,1b74a672d8c1c830419cc61a9accfc55845e22da84820af25cd72251a88aff11,2026-09-27,2026-09-27,10,
https://www.onsemi.com/download/data-sheet/pdf/cph6445-d.pdf,https://www.onsemi.com/download/data-sheet/pdf/cph6445-d.pdf,200,1072451,c56e0393c60b862d24b94a586e39ce0cf4328dcf5ed8231fab6ee1b0436a4fe7,2026-09-27,2026-09-27,10,
https://www.onsemi.com/download/data-sheet/pdf/cph6531-d.pdf,https://www.onsemi.com/download/data-sheet/pdf/cph6531-d.pdf,200,535801,74db7acc28368010077c2585346c72a83769049fa98555cb0827c19e353e5980,2026-09-27,2026-09-27,10,
https://www.onsemi.com/download/data-sheet/pdf/cs51411-d.pdf,https://www.onsemi.com/download/data-sheet/pdf/cs51411-d.pdf,200,779468,a226aba0c39ac5d2916bb9d0224bc84fbb55ec280a8165dda292f85e2e8f8b46,2026-09-27,2026-09-27,10,
https://www.onsemi.com/download/data-sheet/pdf/d44c8-d.pdf,https://www.onsemi.com/download/data-sheet/pdf/d44c8-d.pdf,200,623027,d7f9eba511201442287cce70195793a2cf4c457b2df5338d793bf5830bb60447,2026-09-27,2026-09-27,10,
https://www.onsemi.com/download/data-sheet/pdf/d44h11-d.pdf,https://www.onsemi.com/download/data-sheet/pdf/d44h11-d.pdf,200,367774,ba38b2c2c2dff0eda7ad507ddb2d5d030595aee9e58dcb1c848f04a588a181fa,2026-09-27,2026-09-27,10,
https://www.onsemi.com/download/data-sheet/pdf/d44h8-d.pdf,https://www.onsemi.com/download/data-sheet/pdf/d44h8-d.pdf,200,448912,84242aec3faa9b4d4eb12e5afb9973ba2028af246ee6b67b262d5e97086c461c,2026-09-27,2026-09-27,10,
https://www.onsemi.com/download/data-sheet/pdf/d45h11-d.pdf,https://www.onsemi.com/download/data-sheet/pdf/d45h11-d.pdf,200,379654,405785b08feb91e2f212538fb199d989ec02882fa431cd2d6919080c54867f54,2026-09-27,2026-09-27,10,
https://www.onsemi.com/download/data-sheet/pdf/dan222-d.pdf,https://www.onsemi.com/download/data-sheet/pdf/dan222-d.pdf,200,283317,34d6706db8251f5866e94228cb86ab3505a73f6c78d8f809699893d2bd28297f,2026-09-27,2026-09-27,10,
https://www.onsemi.com/download/data-sheet/pdf/dap222-d.pdf,https://www.onsemi.com/download/data-sheet/pdf/dap222-d.pdf,200,378832,c252174683d9e97690390567fe3aa4d785d49dfea8df46f5da91bd3381d642a7,2026-09-27,2026-09-27,10,
https://www.onsemi.com/download/data-sheet/pdf/df10m-d.pdf,https://www.onsemi.com/download/data-sheet/pdf/df10m-d.pdf,200,287384,7f26dff43eb5810306e7d2eb9c1fc567a8d7a6834e75d7e69339e44e83cff19f,2026-09-27,2026-09-27,10,
https://www.onsemi.com/download/data-sheet/pdf/df10s-d.pdf,https://www.onsemi.com/download/data-sheet/pdf/df10s-d.pdf,200,220927,0a41924c032591437b4b6de0ddcad3bdf999f7eecbe59add782b92726207b6a2,2026-09-27,2026-09-27,10,
https://www.onsemi.com/download/data-sheet/pdf/df10s2-d.pdf,https://www.onsemi.com/download/data-sheet/pdf/df10s2-d.pdf,200,320525,4b02c1910242452403799a3063d22854963358581b91e15f2bba6fdf359f8986,2026-09-27,2026-09-27,10,
https://www.onsemi.com/download/data-sheet/pdf/dta114e-d.pdf,https://www.onsemi.com/download/data-sheet/pdf/dta114e-d.pdf,200,786741,5033cf71fcf6bc07233cc726365622f4bbb9cde3388501516f1212902916ce21,2026-09-27,2026-09-27,10,
https://www.onsemi.com/download/data-sheet/pdf/dta114ed-d.pdf,https://www.onsemi.com/download/data-sheet/pdf/dta114ed-d.pdf,200,447666,d179649417eb45d5d25eb3e76a471d7e528cd66282a174f9d04c12236dbfec83,2026-09-27,2026-09-27,10,
https://www.onsemi.com/download/data-sheet/pdf/dta114ge-d.pdf,https://www.onsemi.com/download/data-sheet/pdf/dta114ge-d.pdf,200,212195,c3436e389ec0ec0057c8ae3b43722d18a3fb862281e7e1d7002e00599aa51e8a,2026-09-27,2026-09-27,10,
https://www.onsemi.com/download/data-sheet/pdf/dta114t-d.pdf,https://www.onsemi.com/download/data-sheet/pdf/dta114t-d.pdf,200,788404,b8e7787b9fa44b06b3222c58863fd5b3ef7bc0375727e2ca863b9ce5416d0966,2026-09-27,2026-09-27,10,
https://www.onsemi.com/download/data-sheet/pdf/dta114td-d.pdf,https://www.onsemi.com/download/data-sheet/pdf/dta114td-d.pdf,200,319627,ddb2fff8c760b2fc79e4248e0e5b93bd8241c719464850dfb0452cc58f96da37,2026-09-27,2026-09-27,10,
https://www.onsemi.com/download/data-sheet/pdf/dta114y-d.pdf,https://www.onsemi.com/download/data-sheet/pdf/dta114y-d.pdf,200,744917,885e9f2372be95aa3ac67e1115e4b417fd8ff18a5cb59500f4713f8726183735,2026-09-27,2026-09-27,10,
https://www.onsemi.com/download/data-sheet/pdf/dta114yd-d.pdf,https://www.onsemi.com/download/data-sheet/pdf/dta114yd-d.pdf,200,319409,02b671d0228c12031b2090dca594694db77c17b87a420b26b5eb52ddf60c4633,2026-09-27,2026-09-27,10,
https://www.onsemi.com/download/data-sheet/pdf/dta144e-d.pdf,https://www.onsemi.com/download/data-sheet/pdf/dta144e-d.pdf,200,822100,99e77ed91ff5abb414737d7ca4e2493d13dd6d07234d8ba5bde49a9023da21ab,2026-09-27,2026-09-27,10,
https://www.onsemi.com/download/data-sheet/pdf/dta144ed-d.pdf,https://www.onsemi.com/download/data-sheet/pdf/dta144ed-d.pdf,200,498337,62e5946859f225480b7ebd9a29b31d842bd70bae4fb12176b3e3042b2bfbb0a3,2026-09-27,2026-09-27,10,
https://www.onsemi.com/download/data-sheet/pdf/dta144t-d.pdf,https://www.onsemi.com/download/data-sheet/pdf/dta144t-d.pdf,200,782536,855ce65f30007d569e1c04429bd3d081863b969590a930d5269bf2c7a5f7cbde,2026-09-27,2026-09-27,10,
https://www.onsemi.com/download/data-sheet/pdf/dta144w-d.pdf,https://www.onsemi.com/download/data-sheet/pdf/dta144w-d.pdf,200,802703,1b94b9eb72b66ac1850e4ccef698d2b79b988fc239c164986e97bffe447f4af1,2026-09-27,2026-09-27,10,
https://www.onsemi.com/download/data-sheet/pdf/dta144wd-d.pdf,https://www.onsemi.com/download/data-sheet/pdf/dta144wd-d.pdf,200,478384,212027b690158a3c339c363a4a909a56fa08d232f9c7e9daf36b2017f4ffa8b9,2026-09-27,2026-09-27,10,
https://www.onsemi.com/download/data-sheet/pdf/dtc114e-d.pdf,https://www.onsemi.com/download/data-sheet/pdf/dtc114e-d.pdf,200,878064,333e33c38de138383a72ccfd417e51b4f5f6533c3641ca817c31cbbe85fe7170,2026-09-27,2026-09-27,10,
https://www.onsemi.com/download/data-sheet/pdf/dtc114ed-d.pdf,https://www.onsemi.com/download/data-sheet/pdf/dtc114ed-d.pdf,200,486193,aa35602b4b3001a98beaba7b7da4a3cd1c2901c5aefe5ea1ebde85169dfc8357,2026-09-27,2026-09-27,10,
https://www.onsemi.com/download/data-sheet/pdf/dtc114ep-d.pdf,https://www.onsemi.com/download/data-sheet/pdf/dtc114ep-d.pdf,200,527759,2de5be06ff02ed4bea33ea958ee45a77583878f6860545db734003c8b5e26fa5,2026-09-27,2026-09-27,10,
https://www.onsemi.com/download/data-sheet/pdf/dtc114t-d.pdf,https://www.onsemi.com/download/data-sheet/pdf/dtc114t-d.pdf,200,788685,2641c7be311a9f009e7fa6646f54cb0eb140af9782ac639736986d66b4db7074,2026-09-27,2026-09-27,10,
https://www.onsemi.com/download/data-sheet/pdf/dtc114td-d.pdf,https://www.onsemi.com/download/data-sheet/pdf/dtc114td-d.pdf,200,396628,45b3b8a28afd5b45b90924143f153d2b864112bee0795dd96bb2d35644eeef8f,2026-09-27,2026-09-27,10,
https://www.onsemi.com/download/data-sheet/pdf/dtc114tp-d.pdf,https://www.onsemi.com/download/data-sheet/pdf/dtc114tp-d.pdf,200,355691,f335654b99feeae95312d3fd47ba450005d83af6c95b2b0db7b0824604806e63,2026-09-27,2026-09-27,10,
https://www.onsemi.com/download/data-sheet/pdf/dtc114y-d.pdf,https://www.onsemi.com/download/data-sheet/pdf/dtc114y-d.pdf,200,803033,b76b0bf05f4616d33c77626d69927ff74f5878fe8e917e1655344c325a65bb7a,2026-09-27,2026-09-27,10,
https://www.onsemi.com/download/data-sheet/pdf/dtc114yd-d.pdf,https://www.onsemi.com/download/data-sheet/pdf/dtc114yd-d.pdf,200,486338,9e73c63a2a20efe53c9e4cc407518498ffacb1415ab19edf8f658e77ec3613a0,2026-09-27,2026-09-27,10,
https://www.onsemi.com/download/data-sheet/pdf/dtc114yp-d.pdf,https://www.onsemi.com/download/data-sheet/pdf/dtc114yp-d.pdf,200,527940,8655d9f8edcb5d4985ec6f3115cfb4666c222c910fed84c56dde232fae43a47b,2026-09-27,2026-09-27,10,
https://www.onsemi.com/download/data-sheet/pdf/dtc144e-d.pdf,https://www.onsemi.com/download/data-sheet/pdf/dtc144e-d.pdf,200,788554,a8e25a9b7629f65c7ef2dc729b9d09c70c33bbee0e5e1042f2ab07e7c053f35d,2026-09-27,2026-09-27,10,
https://www.onsemi.com/download/data-sheet/pdf/dtc144ed-d.pdf,https://www.onsemi.com/download/data-sheet/pdf/dtc144ed-d.pdf,200,476950,ffbc0ec593ddc5c44b0e23bb7664e3d612a82124536d0fdce09fef010009ee1f,2026-09-27,2026-09-27,10,
https://www.onsemi.com/download/data-sheet/pdf/dtc144ep-d.pdf,https://www.onsemi.com/download/data-sheet/pdf/dtc144ep-d.pdf,200,532257,cab60906614472e0585531e4373e73807428b84f712beb8ba505650b91f41bd9,2026-09-27,2026-09-27,10,
https://www.onsemi.com/download/data-sheet/pdf/dtc144t-d.pdf,https://www.onsemi.com/download/data-sheet/pdf/dtc144t-d.pdf,200,784956,38364e4b3e1b6f271e9b375fb12662164e22be178572937ad166c1520cd95b63,2026-09-27,2026-09-27,10,
https://www.onsemi.com/download/data-sheet/pdf/dtc144w-d.pdf,https://www.onsemi.com/download/data-sheet/pdf/dtc144w-d.pdf,200,799593,c28681ce69ac9762c1308cdc64c4348958782942470c1ff1c675feee48991c21,2026-09-27,2026-09-27,10,
https://www.onsemi.com/download/data-sheet/pdf/dtc144wd-d.pdf,https://www.onsemi.com/download/data-sheet/pdf/dtc144wd-d.pdf,200,473198,f7c69199abfbcf8aade67619f67cdb4db9fb1af1755cdc5902d41e926564eed0,2026-09-27,2026-09-27,10,
https://www.onsemi.com/download/data-sheet/pdf/dtc144wp-d.pdf,https://www.onsemi.com/download/data-sheet/pdf/dtc144wp-d.pdf,200,305230,3a27231fe06bd88cef7babcf73c5c45aff88d362b284507007f6407d70b6c88f,2026-09-27,2026-09-27,10,
https://www.onsemi.com/download/data-sheet/pdf/ech8310-d.pdf,https://www.onsemi.com/download/data-sheet/pdf/ech8310-d.pdf,200,210770,a25219ccc43c3a5dc5d245850e7fedd06af3a19d80dbb5fa1ac4ea9fa8e5114a,2026-09-27,2026-09-27,10,
https://www.onsemi.com/download/data-sheet/pdf/ech8315-d.pdf,https://www.onsemi.com/download/data-sheet/pdf/ech8315-d.pdf,200,174394,2b72e0b6143e87dbbf1793c328a668528baf24e343945141919acdcc9288aeb8,2026-09-27,2026-09-27,10,
https://www.onsemi.com/download/data-sheet/pdf/ech8420-d.pdf,https://www.onsemi.com/download/data-sheet/pdf/ech8420-d.pdf,200,179369,1e8c17fd759b827a1971001586665cf784f7b9c82f56e5a6d030ec0849aae228,2026-09-27,2026-09-27,10,
https://www.onsemi.com/download/data-sheet/pdf/ech8651r-d.pdf,https://www.onsemi.com/download/data-sheet/pdf/ech8651r-d.pdf,200,311969,2eaf37cd5bfae5a72b12bcf80d5edacd0bdb1e5330544c15beb2208f35d1804a,2026-09-27,2026-09-27,10,
https://www.onsemi.com/download/data-sheet/pdf/ech8654-d.pdf,https://www.onsemi.com/download/data-sheet/pdf/ech8654-d.pdf,200,209807,b30f03ed50e3574bfd67b063becfee53ce20df25d5dedf1b7b1a9e633df35ef1,2026-09-27,2026-09-27,10,
https://www.onsemi.com/download/data-sheet/pdf/ech8655r-d.pdf,https://www.onsemi.com/download/data-sheet/pdf/ech8655r-d.pdf,200,307191,8149505174b4d5702b526c90bd88beeeba74ce0be9dcbaf1950323d607f33544,2026-09-27,2026-09-27,10,
https://www.onsemi.com/download/data-sheet/pdf/ech8667-d.pdf,https://www.onsemi.com/download/data-sheet/pdf/ech8667-d.pdf,200,316079,fa24cbf9851dd6a719609a6b09f1b1dca2360c91587870d661ff511b508a4486,2026-09-27,2026-09-27,10,
https://www.onsemi.com/download/data-sheet/pdf/ech8693r-d.pdf,https://www.onsemi.com/download/data-sheet/pdf/ech8693r-d.pdf,200,369676,e8dcf62a038f062bef6b1bbce795519f508d2a3596b22205c09e16cc355110ae,2026-09-27,2026-09-27,10,
https://www.onsemi.com/download/data-sheet/pdf/ech8697r-d.pdf,https://www.onsemi.com/download/data-sheet/pdf/ech8697r-d.pdf,200,205139,d2a92ce3fb9633838308bfdc8b5093f463d0b2be1c23f913e158cedf4b9df9ec,2026-09-27,2026-09-27,10,
https://www.onsemi.com/download/data-sheet/pdf/egf1d-d.pdf,https://www.onsemi.com/download/data-sheet/pdf/egf1d-d.pdf,200,115861,0a120b48898704b782b817c51afa16b4a0bb6529177f497238d4e989342a5d22,2026-09-27,2026-09-27,10,
https://www.onsemi.com/download/data-sheet/pdf/emd4dxv6-d.pdf,https://www.onsemi.com/download/data-sheet/pdf/emd4dxv6-d.pdf,200,273913,3d8c4179545c953de72ca04f2b894588fda284d2c0c4af3c800d36f10c15fd4c,2026-09-27,2026-09-27,10,
https://www.onsemi.com/download/data-sheet/pdf/emh2408-d.pdf,https://www.onsemi.com/download/data-sheet/pdf/emh2408-d.pdf,200,561345,504546a2b622dcb1aeac37f79473d28ecc575979c42ab53359cac72e464baf5b,2026-09-27,2026-09-27,10,
https://www.onsemi.com/download/data-sheet/pdf/es1d-d.pdf,https://www.onsemi.com/download/data-sheet/pdf/es1d-d.pdf,200,162232,00fb33711b5e8f3a12c7945de8ec86e2d8011feff86bde95e3453a9ed9f3fc9b,2026-09-27,2026-09-27,10,
https://www.onsemi.com/download/data-sheet/pdf/es1j-d.pdf,https://www.onsemi.com/download/data-sheet/pdf/es1j-d.pdf,200,260377,3cc42e04a4202455ecde946e9851443d91b310a8165193afc8e4ed44a82f976c,2026-09-27,2026-09-27,10,
https://www.onsemi.com/download/data-sheet/pdf/es1jfl-d.pdf,https://www.onsemi.com/download/data-sheet/pdf/es1jfl-d.pdf,200,249260,14ef6c3e5a8f3cad288f51f2b662f54f794279961bcdacd3c3a2230815091127,2026-09-27,2026-09-27,10,
https://www.onsemi.com/download/data-sheet/pdf/es2d-d.pdf,https://www.onsemi.com/download/data-sheet/pdf/es2d-d.pdf,200,150985,69a0607c79f90c118452afcb056e9e8d4cf3a354ccfdc01ae7179ccc930664fa,2026-09-27,2026-09-27,10,
https://www.onsemi.com/download/data-sheet/pdf/es3j-d.pdf,https://www.onsemi.com/download/data-sheet/pdf/es3j-d.pdf,200,157978,2477a8f0220662c9b5f6b14c37bf613f5fc1b94db32b81b820eda7eb428bef02,2026-09-27,2026-09-27,10,
https://www.onsemi.com/download/data-sheet/pdf/esd5481-d.pdf,https://www.onsemi.com/download/data-sheet/pdf/esd5481-d.pdf,200,264429,75d18e8dcb55f59d7f099d6a1e894646cd948f5f4309daa727eb2df9ff2bed89,2026-09-27,2026-09-27,10,
https://www.onsemi.com/download/data-sheet/pdf/esd8704-d.pdf,https://www.onsemi.com/download/data-sheet/pdf/esd8704-d.pdf,200,652860,a13db6fa2bfc58b20578473b3d6dd5a539207f9750e2a8965f07b4ba1a19bcd5,2026-09-27,2026-09-27,10,
https://www.onsemi.com/download/data-sheet/pdf/esd9101-d.pdf,https://www.onsemi.com/download/data-sheet/pdf/esd9101-d.pdf,200,445028,3e58019347d4386aa7cea5cad8f44da5c2e806f4374d6b48154fe6fcc52ac0dc,2026-09-27,2026-09-27,10,
https://www.onsemi.com/download/data-sheet/pdf/esd9x3.3st5g-d.pdf,https://www.onsemi.com/download/data-sheet/pdf/esd9x3.3st5g-d.pdf,200,256826,c648e9db5cb18ea09c27df44ecee067e501f245deab83050947fd2a375730294,2026-09-27,2026-09-27,10,
https://www.onsemi.com/download/data-sheet/pdf/esdr0502b-d.pdf,https://www.onsemi.com/download/data-sheet/pdf/esdr0502b-d.pdf,200,359482,70f975a719c2276568474c68eec19588af25f77458cab9b668f2316c5d05bc30,2026-09-27,2026-09-27,10,
https://www.onsemi.com/download/data-sheet/pdf/esdr0502n-d.pdf,https://www.onsemi.com/download/data-sheet/pdf/esdr0502n-d.pdf,200,278801,d991a2b0e0dfae33c4c38f269c3910b3a4bd86aa7dd6bdd46b1cb64220490841,2026-09-27,2026-09-27,10,
https://www.onsemi.com/download/data-sheet/pdf/esdu1052-d.pdf,https://www.onsemi.com/download/data-sheet/pdf/esdu1052-d.pdf,200,226107,65d5710da1eac6a86938aeb63454b93daf6337fe6bde0e06090c0d36b9ab5adf,2026-09-27,2026-09-27,10,
https://www.onsemi.com/download/data-sheet/pdf/fan2501-d.pdf,https://www.onsemi.com/download/data-sheet/pdf/fan2501-d.pdf,200,907242,ac521d7f3682803259d42e0e62da4bfb1e44440b83db8391d1a4b131b6aa9a57,2026-09-27,2026-09-27,10,
https://www.onsemi.com/download/data-sheet/pdf/fan3268-d.pdf,https://www.onsemi.com/download/data-sheet/pdf/fan3268-d.pdf,200,1093127,91ce406d4e0f53ae4fd923503d8a79d91bbf70c73ad291d64f337cb651cc8d51,2026-09-27,2026-09-27,10,
https://www.onsemi.com/download/data-sheet/pdf/fan5331-d.pdf,https://www.onsemi.com/download/data-sheet/pdf/fan5331-d.pdf,200,320473,65f2e379cc3cc8046601ebabb5fe2e80498f66ac2495212d6f6e6b4a10f5654a,2026-09-27,2026-09-27,10,
https://www.onsemi.com/download/data-sheet/pdf/fan7621-d.pdf,https://www.onsemi.com/download/data-sheet/pdf/fan7621-d.pdf,200,794353,15c448752369f4624a6b8544163e434d3963f66e7870f250f28e9aeb7cb5809c,2026-09-27,2026-09-27,10,
https://www.onsemi.com/download/data-sheet/pdf/fan7688-d.pdf,https://www.onsemi.com/download/data-sheet/pdf/fan7688-d.pdf,200,1016419,09497e708835307cc92d568655c26c951a2b1666cd45320f1f9b0b0f96070c8f,2026-09-27,2026-09-27,10,
https://www.onsemi.com/download/data-sheet/pdf/fca16n60n-d.pdf,https://www.onsemi.com/download/data-sheet/pdf/fca16n60n-d.pdf,200,1533722,2ccf8271f1ce8e6a64cf6dddef93893a4c2d5f8befed088cc2e51bf4227c3e25,2026-09-27,2026-09-27,10,
https://www.onsemi.com/download/data-sheet/pdf/fca20n60f-d.pdf,https://www.onsemi.com/download/data-sheet/pdf/fca20n60f-d.pdf,200,318742,1e46dd3d10220b25a29205f301e1ae2542366f9e249a31f90f8786c1397002aa,2026-09-27,2026-09-27,10,
https://www.onsemi.com/download/data-sheet/pdf/fca35n60-d.pdf,https://www.onsemi.com/download/data-sheet/pdf/fca35n60-d.pdf,200,1554366,4ac9effe66e4b040baa5919d62248bceab28a346b947b3c862ef629fdd9812b2,2026-09-27,2026-09-27,10,
https://www.onsemi.com/download/data-sheet/pdf/fca36n60nf-d.pdf,https://www.onsemi.com/download/data-sheet/pdf/fca36n60nf-d.pdf,200,762838,5ebe2e580a81d4a97f4fb5f47334ca80a6c60272242217ec9ce0259cdb18e787,2026-09-27,2026-09-27,10,
https://www.onsemi.com/download/data-sheet/pdf/fca47n60f-d.pdf,https://www.onsemi.com/download/data-sheet/pdf/fca47n60f-d.pdf,200,320128,543ca1cf6eb596f42b2d976e7fbe2b58829661937a7a6ad383cb7325eb9a5494,2026-09-27,2026-09-27,10,
https://www.onsemi.com/download/data-sheet/pdf/fca76n60n-d.pdf,https://www.onsemi.com/download/data-sheet/pdf/fca76n60n-d.pdf,200,1876691,63d976bc32039f7738c779792836222171448f1a71eacfac3bcad86854a5bce2,2026-09-27,2026-09-27,10,
https://www.onsemi.com/download/data-sheet/pdf/fcb11n60-d.pdf,https://www.onsemi.com/download/data-sheet/pdf/fcb11n60-d.pdf,200,487377,7d23fc268890c2f9b9e4759bc761247f6ae7d9e10e288089dad361139a575ae9,2026-09-27,2026-09-27,10,
https://www.onsemi.com/download/data-sheet/pdf/fcb20n60-d.pdf,https://www.onsemi.com/download/data-sheet/pdf/fcb20n60-d.pdf,200,450739,dd40315b15e18ce67ae727cf6e2f24c35e03431045a9f83f3104691eeb034b3a,2026-09-27,2026-09-27,10,
https://www.onsemi.com/download/data-sheet/pdf/fcb20n60f-d.pdf,https://www.onsemi.com/download/data-sheet/pdf/fcb20n60f-d.pdf,200,484355,02fcb142f6ec4a7d487619ae124d6f78bb0765b064ba301a5833ba2cf22e206c,2026-09-27,2026-09-27,10,
https://www.onsemi.com/download/data-sheet/pdf/fcb36n60n-d.pdf,https://www.onsemi.com/download/data-sheet/pdf/fcb36n60n-d.pdf,200,735841,d99d8cf2b5eba494f1ac7242ab8d0f45b534efcf93111dc30377bd19cbc9f9fa,2026-09-27,2026-09-27,10,
https://www.onsemi.com/download/data-sheet/pdf/fcd7n60-d.pdf,https://www.onsemi.com/download/data-sheet/pdf/fcd7n60-d.pdf,200,542193,2b37c3f0769291cb16a1acfcd15f9c0fbf92541ccc3d8b5f591233f96e6e47d7,2026-09-27,2026-09-27,10,
https://www.onsemi.com/download/data-sheet/pdf/fcd9n60ntm-d.pdf,https://www.onsemi.com/download/data-sheet/pdf/fcd9n60ntm-d.pdf,200,1208331,da029977addaf8306aacc8b4310fcbb1812fec163df395cc7072c229f6aa8afb,2026-09-27,2026-09-27,10,
https://www.onsemi.com/download/data-sheet/pdf/fch47n60n-d.pdf,https://www.onsemi.com/download/data-sheet/pdf/fch47n60n-d.pdf,200,403804,b413b964e394473ce45a8d075d9e135b9b478b9f3313882c3de17134f5e1d40e,2026-09-27,2026-09-27,10,
https://www.onsemi.com/download/data-sheet/pdf/fch47n60nf-d.pdf,https://www.onsemi.com/download/data-sheet/pdf/fch47n60nf-d.pdf,200,401240,bd1d6195f347c111ee464d0b5effa352668e12186d4216065bcd3b5307fa1b36,2026-09-27,2026-09-27,10,
https://www.onsemi.com/download/data-sheet/pdf/fch76n60n-d.pdf,https://www.onsemi.com/download/data-sheet/pdf/fch76n60n-d.pdf,200,402772,345b6b1f161436d122c64009b2722a505959f6b06964b2a3009a0113de2851c5,2026-09-27,2026-09-27,10,
https://www.onsemi.com/download/data-sheet/pdf/fch76n60nf-d.pdf,https://www.onsemi.com/download/data-sheet/pdf/fch76n60nf-d.pdf,200,405793,9cb40bc1c7882768c3033058eca138dfa66468761a0a1e9c93bc40b24dcc1cf9,2026-09-27,2026-09-27,10,
https://www.onsemi.com/download/data-sheet/pdf/fcp20n60-d.pdf,https://www.onsemi.com/download/data-sheet/pdf/fcp20n60-d.pdf,200,549136,e074749477d516df3356d8b85d3878ab1025ea682219bb68902ff6d19cb9f7b3,2026-09-27,2026-09-27,10,
https://www.onsemi.com/download/data-sheet/pdf/fda032n08-d.pdf,https://www.onsemi.com/download/data-sheet/pdf/fda032n08-d.pdf,200,518890,9e298e9ba6c352da069ae4ec970ab857665c57c8761419727d400a266e757e44,2026-09-27,2026-09-27,10,
https://www.onsemi.com/download/data-sheet/pdf/fda18n50-d.pdf,https://www.onsemi.com/download/data-sheet/pdf/fda18n50-d.pdf,200,1798917,37256efbd87b06233c4c903aca4d365f5940dd6582808842fcb43c91eb4e6253,2026-09-27,2026-09-27,10,
https://www.onsemi.com/download/data-sheet/pdf/fda24n40f-d.pdf,https://www.onsemi.com/download/data-sheet/pdf/fda24n40f-d.pdf,200,386586,8307becb6b24bd713e17a88c5dd599595cfd5d56153ca4a7d3c0f45244a07d40,2026-09-27,2026-09-27,10,
https://www.onsemi.com/download/data-sheet/pdf/fda59n30-d.pdf,https://www.onsemi.com/download/data-sheet/pdf/fda59n30-d.pdf,200,401654,62b1ee1fa159703d42b428ea6170975947a3ebfabd4cc4cb2e984a94d80cdd79,2026-09-27,2026-09-27,10,
https://www.onsemi.com/download/data-sheet/pdf/fda70n20-d.pdf,https://www.onsemi.com/download/data-sheet/pdf/fda70n20-d.pdf,200,1995496,aff4a226debebe0d7e04beb38553f0919158e36f52175ca2b0740359208a7615,2026-09-27,2026-09-27,10,
https://www.onsemi.com/download/data-sheet/pdf/fda8440-d.pdf,https://www.onsemi.com/download/data-sheet/pdf/fda8440-d.pdf,200,1134446,03a1cbdd2ebfee69282c7b964d927116f69ec91a3fd3896ddffd8d3ba0c15533,2026-09-27,2026-09-27,10,
https://www.onsemi.com/download/data-sheet/pdf/fdb024n06-d.pdf,https://www.onsemi.com/download/data-sheet/pdf/fdb024n06-d.pdf,200,667683,3b08e965c83e62d25c99f6ef637a23b28f559d42001fff91c5fdbd5d2fce67bd,2026-09-27,2026-09-27,10,
https://www.onsemi.com/download/data-sheet/pdf/fdb029n06-d.pdf,https://www.onsemi.com/download/data-sheet/pdf/fdb029n06-d.pdf,200,673509,9192ceb786a5bd07c850c526fa4c5f62a98da7fa5f7598de9b561d5418ef33f8,2026-09-27,2026-09-27,10,
https://www.onsemi.com/download/data-sheet/pdf/fdb0300n1007l-d.pdf,https://www.onsemi.com/download/data-sheet/pdf/fdb0300n1007l-d.pdf,200,398618,c04093834adb99d282b2e6cef8aef98b5ef14500ef2ebc616b79c325d03050ae,2026-09-27,2026-09-27,10,
https://www.onsemi.com/download/data-sheet/pdf/fdb031n08-d.pdf,https://www.onsemi.com/download/data-sheet/pdf/fdb031n08-d.pdf,200,2150516,0d79dcc885e30e745bf08831d82798dfe3c5c2e82467f5e34f21936193b16313,2026-09-27,2026-09-27,10,
https://www.onsemi.com/download/data-sheet/pdf/fdb035an06a0-d.pdf,https://www.onsemi.com/download/data-sheet/pdf/fdb035an06a0-d.pdf,200,1040460,5404c6845f9b9c0b7347d97d7208103ecf267d05357fa60af7cf83bff527d5c8,2026-09-27,2026-09-27,10,
https://www.onsemi.com/download/data-sheet/pdf/fdb045an08a0-d.pdf,https://www.onsemi.com/download/data-sheet/pdf/fdb045an08a0-d.pdf,200,1125042,0c3d3fa1a2e59ec3ab52c6e69ddb17e73d71d0c6705b300f369feafd3e75b55f,2026-09-27,2026-09-27,10,
https://www.onsemi.com/download/data-sheet/pdf/fdb047n10-d.pdf,https://www.onsemi.com/download/data-sheet/pdf/fdb047n10-d.pdf,200,670022,db95d647f43ef37a979a43fbb5f886710fa609f0cf97f5ee2c3add4f069c1c30,2026-09-27,2026-09-27,10,
https://www.onsemi.com/download/data-sheet/pdf/fdb070an06a0-d.pdf,https://www.onsemi.com/download/data-sheet/pdf/fdb070an06a0-d.pdf,200,989633,6f88631fe75ff13915dcc8603b38999b68b950996bb3fc56624f1b6af8e3c342,2026-09-27,2026-09-27,10,
https://www.onsemi.com/download/data-sheet/pdf/fdb082n15a-d.pdf,https://www.onsemi.com/download/data-sheet/pdf/fdb082n15a-d.pdf,200,774802,efa6337e4ee3cc148329f2e05c5bc22a592138bb323d6d1e856880f980a93b56,2026-09-27,2026-09-27,10,
https://www.onsemi.com/download/data-sheet/pdf/fdb088n08-d.pdf,https://www.onsemi.com/download/data-sheet/pdf/fdb088n08-d.pdf,200,667796,b03e03dd77c6b5d6d330816c6f89817458ae8a03d08f329f7305089848ff96a6,2026-09-27,2026-09-27,10,
https://www.onsemi.com/download/data-sheet/pdf/fdb110n15a-d.pdf,https://www.onsemi.com/download/data-sheet/pdf/fdb110n15a-d.pdf,200,781415,9e82beeda9e95240f7fd50e4347dd8bad35b4ca6f1a45ec51ada1449f877acbb,2026-09-27,2026-09-27,10,
https://www.onsemi.com/download/data-sheet/pdf/fdb120n10-d.pdf,https://www.onsemi.com/download/data-sheet/pdf/fdb120n10-d.pdf,200,2141280,32733c122131c8404a33475e4a323103003d3c246050be87ef9043ed2be423d0,2026-09-27,2026-09-27,10,
https://www.onsemi.com/download/data-sheet/pdf/fdb13an06a0-d.pdf,https://www.onsemi.com/download/data-sheet/pdf/fdb13an06a0-d.pdf,200,1058988,7ce449a7bab590b18e4628c826ec98e51c00b8a1e43ecefd0a293eda2258048b,2026-09-27,2026-09-27,10,
https://www.onsemi.com/download/data-sheet/pdf/fdb16an08a0-d.pdf,https://www.onsemi.com/download/data-sheet/pdf/fdb16an08a0-d.pdf,200,980127,1bb85c37219434f883a1747bf704a5568fb60dba931a885c5997b43e4b6ed73a,2026-09-27,2026-09-27,10,
https://www.onsemi.com/download/data-sheet/pdf/fdb2572-d.pdf,https://www.onsemi.com/download/data-sheet/pdf/fdb2572-d.pdf,200,400931,d22b90adf566bb0aa693c5f28a5e0f31559accb70f29ca5399194126904f30e0,2026-09-27,2026-09-27,10,
https://www.onsemi.com/download/data-sheet/pdf/fdb2614-d.pdf,https://www.onsemi.com/download/data-sheet/pdf/fdb2614-d.pdf,200,1055845,a100892fa40cdb0811949b5f2c29bc1675491e14d4d3b7227d09051caf864a04,2026-09-27,2026-09-27,10,
https://www.onsemi.com/download/data-sheet/pdf/fdb2710-d.pdf,https://www.onsemi.com/download/data-sheet/pdf/fdb2710-d.pdf,200,1208125,3122c7b4f47486f8205de68600ca60dcddefb1f1a229e19247589cfba8bc24b3,2026-09-27,2026-09-27,10,
https://www.onsemi.com/download/data-sheet/pdf/fdb28n30tm-d.pdf,https://www.onsemi.com/download/data-sheet/pdf/fdb28n30tm-d.pdf,200,525871,27bb5f29f3f1280ca7287e0d3af27d6d635ce16b302823fd49db6c8d3a8838c1,2026-09-27,2026-09-27,10,
https://www.onsemi.com/download/data-sheet/pdf/fdb33n25-d.pdf,https://www.onsemi.com/download/data-sheet/pdf/fdb33n25-d.pdf,200,260951,08982131cc18dcbfb47dfbe8f968732b6e66c7508cf0179e00e38c4f0c99dead,2026-09-27,2026-09-27,10,
https://www.onsemi.com/download/data-sheet/pdf/fdb3502-d.pdf,https://www.onsemi.com/download/data-sheet/pdf/fdb3502-d.pdf,200,388318,d074c41b9fe3c2fa45cefd2b968896a3d71e0c8cc8ba8d02f52775748a712762,2026-09-27,2026-09-27,10,
https://www.onsemi.com/download/data-sheet/pdf/fdb38n30u-d.pdf,https://www.onsemi.com/download/data-sheet/pdf/fdb38n30u-d.pdf,200,663081,94cec71dece5924e23720483bef4406c0d3ef892d8aeabdbcf10861a9d906cb6,2026-09-27,2026-09-27,10,
https://www.onsemi.com/download/data-sheet/pdf/fdb390n15a-d.pdf,https://www.onsemi.com/download/data-sheet/pdf/fdb390n15a-d.pdf,200,778796,95bc71e3f48f3b54e59dcc56ed8c72d23ba572938ea2ac260f37d82440dc4b68,2026-09-27,2026-09-27,10,
https://www.onsemi.com/download/data-sheet/pdf/fdb42an15a0-d.pdf,https://www.onsemi.com/download/data-sheet/pdf/fdb42an15a0-d.pdf,200,497742,11a4cdceab146c3812e6d3a115190b41ef41e07d97890969b5e2b3ef14418fbe,2026-09-27,2026-09-27,10,
https://www.onsemi.com/download/data-sheet/pdf/fdb44n25-d.pdf,https://www.onsemi.com/download/data-sheet/pdf/fdb44n25-d.pdf,200,524638,e4df415bf4480daec9e0ec7ba68b2c2ad83e3560d458d6242e33e86a20e082a6,2026-09-27,2026-09-27,10,
https://www.onsemi.com/download/data-sheet/pdf/fdb52n20-d.pdf,https://www.onsemi.com/download/data-sheet/pdf/fdb52n20-d.pdf,200,523846,2085f9d896a32d9894c13b4b3b26ee092a8da4cd061927298490947b52c5128a,2026-09-27,2026-09-27,10,
https://www.onsemi.com/download/data-sheet/pdf/fdb5800-d.pdf,https://www.onsemi.com/download/data-sheet/pdf/fdb5800-d.pdf,200,691855,f085d1f0a651c2867b31a9b30879eb4201917bbecac68d04613cc6d096f48c40,2026-09-27,2026-09-27,10,
https://www.onsemi.com/download/data-sheet/pdf/fdb8443-d.pdf,https://www.onsemi.com/download/data-sheet/pdf/fdb8443-d.pdf,200,363413,e3d0c3a3e622ea44afe5929bf56b55236e46cb5dd1ac6c70f5615b908906ce4d,2026-09-27,2026-09-27,10,
https://www.onsemi.com/download/data-sheet/pdf/fdb8444-d.pdf,https://www.onsemi.com/download/data-sheet/pdf/fdb8444-d.pdf,200,381316,9955c25e9d5e04b3ecddaaee17b17b754f7d317c24ae898ae06ba45fee5c2e07,2026-09-27,2026-09-27,10,
https://www.onsemi.com/download/data-sheet/pdf/fdb8447l-d.pdf,https://www.onsemi.com/download/data-sheet/pdf/fdb8447l-d.pdf,200,485602,44924212d8ab3ea29efa70ef90e07d95eb9de73de8d5e2f50a738c8736927411,2026-09-27,2026-09-27,10,
https://www.onsemi.com/download/data-sheet/pdf/fdb86102lz-d.pdf,https://www.onsemi.com/download/data-sheet/pdf/fdb86102lz-d.pdf,200,346785,fe367d2f1f2098af6f3ab6881db4f2828b6beeb554b9e20974f6b2dcfd82f052,2026-09-27,2026-09-27,10,
https://www.onsemi.com/download/data-sheet/pdf/fdb8832-d.pdf,https://www.onsemi.com/download/data-sheet/pdf/fdb8832-d.pdf,200,414368,a65651058242431e0f65eb114dd6a01989fd9d3746d6ec86482552917778f07f,2026-09-27,2026-09-27,10,
https://www.onsemi.com/download/data-sheet/pdf/fdb8860-d.pdf,https://www.onsemi.com/download/data-sheet/pdf/fdb8860-d.pdf,200,505969,13fddb178eba29ce5d39a1c6697bce5be58d8fbee9b87c034d578a8604c570b6,2026-09-27,2026-09-27,10,
https://www.onsemi.com/download/data-sheet/pdf/fdb8870-d.pdf,https://www.onsemi.com/download/data-sheet/pdf/fdb8870-d.pdf,200,516580,41198f6954375895b32f921486ff022480565da66624322c1a598d9122f79fa3,2026-09-27,2026-09-27,10,
https://www.onsemi.com/download/data-sheet/pdf/fdb8896-d.pdf,https://www.onsemi.com/download/data-sheet/pdf/fdb8896-d.pdf,200,478672,71d6dcd19fef17a814f217cdbceeddb715eb522143c8da4fc90f512745784e5d,2026-09-27,2026-09-27,10,
https://www.onsemi.com/download/data-sheet/pdf/fdc2512-d.pdf,https://www.onsemi.com/download/data-sheet/pdf/fdc2512-d.pdf,200,360132,d820f7a6e30922304201ff1dcfacf5e2c13ec787fdf9ba4372500694bc1c0aee,2026-09-27,2026-09-27,10,
https://www.onsemi.com/download/data-sheet/pdf/fdc2612-d.pdf,https://www.onsemi.com/download/data-sheet/pdf/fdc2612-d.pdf,200,309130,0098601b2c25090dfc0d7a8e55bfcf23208e5b565e8773835d83dc7612787f61,2026-09-27,2026-09-27,10,
https://www.onsemi.com/download/data-sheet/pdf/fdc3512-d.pdf,https://www.onsemi.com/download/data-sheet/pdf/fdc3512-d.pdf,200,277539,827e9ab1c0c1f2cb985d87a1865b0a565381eb4c9cf642a27c9c43b38106f051,2026-09-27,2026-09-27,10,
https://www.onsemi.com/download/data-sheet/pdf/fdc3535-d.pdf,https://www.onsemi.com/download/data-sheet/pdf/fdc3535-d.pdf,200,717972,81f68801a3b98dd2ffb14eb05767654aec09c91160da64decd09d7178a5e35ba,2026-09-27,2026-09-27,10,
https://www.onsemi.com/download/data-sheet/pdf/fdc3601n-d.pdf,https://www.onsemi.com/download/data-sheet/pdf/fdc3601n-d.pdf,200,413463,190d647cdb8bf03515fd680ea550ebc6a1940991a8ebb869a4f7b74ea1262353,2026-09-27,2026-09-27,10,
https://www.onsemi.com/download/data-sheet/pdf/fdc3612-d.pdf,https://www.onsemi.com/download/data-sheet/pdf/fdc3612-d.pdf,200,328434,96e64ab480a0a5cbf65c13d7f79afef0e1f9cfa191c383bbd3e92c210e9f6c9f,2026-09-27,2026-09-27,10,
https://www.onsemi.com/download/data-sheet/pdf/fdc365p-d.pdf,https://www.onsemi.com/download/data-sheet/pdf/fdc365p-d.pdf,200,359870,605740f45a563a9f8b25ecf4d7c08afbac68655dcd60ddc199d85f670022b5a8,2026-09-27,2026-09-27,10,
https://www.onsemi.com/download/data-sheet/pdf/fdc5612-d.pdf,https://www.onsemi.com/download/data-sheet/pdf/fdc5612-d.pdf,200,327740,f13417035a09b2fb7d4f32926820ec72f78c9be573cfa977b7b64b1215582e87,2026-09-27,2026-09-27,10,
https://www.onsemi.com/download/data-sheet/pdf/fdc5614p-d.pdf,https://www.onsemi.com/download/data-sheet/pdf/fdc5614p-d.pdf,200,339111,318b415155fdb483a6d5f3002946f01d0fdadea14e6fc71bb6301f1d545524cc,2026-09-27,2026-09-27,10,
https://www.onsemi.com/download/data-sheet/pdf/fdc5661n-d.pdf,https://www.onsemi.com/download/data-sheet/pdf/fdc5661n-d.pdf,200,417420,0615a67bd596d4098138da8666a591958399e20222f0c1c3306c00de168b5a0e,2026-09-27,2026-09-27,10,
https://www.onsemi.com/download/data-sheet/pdf/fdc602p-d.pdf,https://www.onsemi.com/download/data-sheet/pdf/fdc602p-d.pdf,200,400674,fbca70faee7d8af27c9259eb32e2622ecc6851e2a0ea5b025a30d44687b27600,2026-09-27,2026-09-27,10,
https://www.onsemi.com/download/data-sheet/pdf/fdc604p-d.pdf,https://www.onsemi.com/download/data-sheet/pdf/fdc604p-d.pdf,200,340062,7357f5ccf0ee6d758fb8b9d649a7a6260817ac7c0bceebfc9bd117fe4af590bd,2026-09-27,2026-09-27,10,
https://www.onsemi.com/download/data-sheet/pdf/fdc606p-d.pdf,https://www.onsemi.com/download/data-sheet/pdf/fdc606p-d.pdf,200,396888,04907d353768506147df8bd2cef0d2e27f66d265235c40c2455cdc57cc6a3519,2026-09-27,2026-09-27,10,
https://www.onsemi.com/download/data-sheet/pdf/fdc608pz-d.pdf,https://www.onsemi.com/download/data-sheet/pdf/fdc608pz-d.pdf,200,339042,02496c159d92db5bd82a076418e4a7c08e991bcd7e3167825266838b52b02015,2026-09-27,2026-09-27,10,
https://www.onsemi.com/download/data-sheet/pdf/fdc610pz-d.pdf,https://www.onsemi.com/download/data-sheet/pdf/fdc610pz-d.pdf,200,480980,4a2f9fcb94873105c6905ea69d214f2d6888c540d0540fb1dd699ac1251e73d0,2026-09-27,2026-09-27,10,
https://www.onsemi.com/download/data-sheet/pdf/fdc6301n-d.pdf,https://www.onsemi.com/download/data-sheet/pdf/fdc6301n-d.pdf,200,323770,5771741b30064b208a79589fe5ceb17dc3ddec28c9c710c6afb4f181af4d6c91,2026-09-27,2026-09-27,10,
https://www.onsemi.com/download/data-sheet/pdf/fdc6302p-d.pdf,https://www.onsemi.com/download/data-sheet/pdf/fdc6302p-d.pdf,200,412538,9988c6d76bfac745de856305d29594e2b974c42d0e023fd962c33084f7934349,2026-09-27,2026-09-27,10,
https://www.onsemi.com/download/data-sheet/pdf/fdc6303n-d.pdf,https://www.onsemi.com/download/data-sheet/pdf/fdc6303n-d.pdf,200,322233,b0037b0c526085529954a661bafdfe26fe8f5179ab602d9e5f485ad1d4126394,2026-09-27,2026-09-27,10,
https://www.onsemi.com/download/data-sheet/pdf/fdc6304p-d.pdf,https://www.onsemi.com/download/data-sheet/pdf/fdc6304p-d.pdf,200,292492,b58de9531d9dd227319184a7b255857e5a72ad1c05354f696779fd85c68dcae0,2026-09-27,2026-09-27,10,
https://www.onsemi.com/download/data-sheet/pdf/fdc6305n-d.pdf,https://www.onsemi.com/download/data-sheet/pdf/fdc6305n-d.pdf,200,336231,c21a60ac455b19d908e0bde0fd833aacb49090b3e648b4924621b94f35b8742f,2026-09-27,2026-09-27,10,
https://www.onsemi.com/download/data-sheet/pdf/fdc6306p-d.pdf,https://www.onsemi.com/download/data-sheet/pdf/fdc6306p-d.pdf,200,397965,4e3647692a9569938051b737e9cbad98e59f6b009cd1feef4c0e7e8b3b78662c,2026-09-27,2026-09-27,10,
https://www.onsemi.com/download/data-sheet/pdf/fdc6310p-d.pdf,https://www.onsemi.com/download/data-sheet/pdf/fdc6310p-d.pdf,200,282630,6135b2e919061f0b5e5f35cb5fd0cd2b19ce5c6834da6ed73956c82e217c4d78,2026-09-27,2026-09-27,10,
https://www.onsemi.com/download/data-sheet/pdf/fdc6312p-d.pdf,https://www.onsemi.com/download/data-sheet/pdf/fdc6312p-d.pdf,200,402479,a5f6dff5c25e29f79fec30e70736f94ca29ed749d9150fb16251d092d1047951,2026-09-27,2026-09-27,10,
https://www.onsemi.com/download/data-sheet/pdf/fdc6318p-d.pdf,https://www.onsemi.com/download/data-sheet/pdf/fdc6318p-d.pdf,200,405811,0b73ddaf98c57ff481861a15a1ad2a63dc93e5e2fffa63f8df21aab2e136c348,2026-09-27,2026-09-27,10,
https://www.onsemi.com/download/data-sheet/pdf/fdc634p-d.pdf,https://www.onsemi.com/download/data-sheet/pdf/fdc634p-d.pdf,200,349116,ce3faeaed3299365f2073e3a46da96b3c815ecf543267b9ef30e7c5a687343d4,2026-09-27,2026-09-27,10,
https://www.onsemi.com/download/data-sheet/pdf/fdc637an-d.pdf,https://www.onsemi.com/download/data-sheet/pdf/fdc637an-d.pdf,200,341580,1704a6a23f573e5ba7d1fdf0c52cf467bfa5c8a04ab2bc35b24f185d79a71c33,2026-09-27,2026-09-27,10,
https://www.onsemi.com/download/data-sheet/pdf/fdc637bnz-d.pdf,https://www.onsemi.com/download/data-sheet/pdf/fdc637bnz-d.pdf,200,469665,65cb43ce81115693f446e8ab0a34f841b22527b973606ff9a3cda33a1f951146,2026-09-27,2026-09-27,10,
https://www.onsemi.com/download/data-sheet/pdf/fdc638apz-d.pdf,https://www.onsemi.com/download/data-sheet/pdf/fdc638apz-d.pdf,200,397908,ea7d6a890b464b394b8b902db83bb5f30b160d31bff3c6c25119407082aa9b63,2026-09-27,2026-09-27,10,
https://www.onsemi.com/download/data-sheet/pdf/fdc638p-d.pdf,https://www.onsemi.com/download/data-sheet/pdf/fdc638p-d.pdf,200,315785,3ba65af6030857e7ded8a386387f9058f5e1af5d38ec256328fee9898945ea16,2026-09-27,2026-09-27,10,
https://www.onsemi.com/download/data-sheet/pdf/fdc6392s-d.pdf,https://www.onsemi.com/download/data-sheet/pdf/fdc6392s-d.pdf,200,299581,92afa3f0c0d2a9b46ae177b6d0837fcca82ebf1e0c332defb2c17d62214e3c2c,2026-09-27,2026-09-27,10,
https://www.onsemi.com/download/data-sheet/pdf/fdc6401n-d.pdf,https://www.onsemi.com/download/data-sheet/pdf/fdc6401n-d.pdf,200,336441,bea5a7879dbe64063685e8375ba8210711fe0c43b88d7e9a53251c41575c2707,2026-09-27,2026-09-27,10,
https://www.onsemi.com/download/data-sheet/pdf/fdc640p-d.pdf,https://www.onsemi.com/download/data-sheet/pdf/fdc640p-d.pdf,200,333979,b57751697e9434984ad1d8fe257a6caf31b4a1a58554cea20b172597fec642c8,2026-09-27,2026-09-27,10,
https://www.onsemi.com/download/data-sheet/pdf/fdc642p-d.pdf,https://www.onsemi.com/download/data-sheet/pdf/fdc642p-d.pdf,200,378737,7cec91d703c31993eee88029e9a5402aed8583fa7312adb7e4579aff85c3f780,2026-09-27,2026-09-27,10,
https://www.onsemi.com/download/data-sheet/pdf/fdc645n-d.pdf,https://www.onsemi.com/download/data-sheet/pdf/fdc645n-d.pdf,200,187157,71e47bacd118508a587796af45c39b8a4fbd3cc1842e5018edf69111ededb0b0,2026-09-27,2026-09-27,10,
https://www.onsemi.com/download/data-sheet/pdf/fdc6506p-d.pdf,https://www.onsemi.com/download/data-sheet/pdf/fdc6506p-d.pdf,200,230035,0feae4c816ef52aa9e77a483d58acdc8c6149e2d5aae948bf90e5120474c92ed,2026-09-27,2026-09-27,10,
https://www.onsemi.com/download/data-sheet/pdf/fdc653n-d.pdf,https://www.onsemi.com/download/data-sheet/pdf/fdc653n-d.pdf,200,320171,9ce26ed356bf883a0f261a2c1e6a8eddc6f12f38c20e6b0edaf4e069a8d14c21,2026-09-27,2026-09-27,10,
https://www.onsemi.com/download/data-sheet/pdf/fdc654p-d.pdf,https://www.onsemi.com/download/data-sheet/pdf/fdc654p-d.pdf,200,346964,414cc467eac2f047e4ef54286e126df7f01bf32393ad03e982c63f3d6f2da791,2026-09-27,2026-09-27,10,
https://www.onsemi.com/download/data-sheet/pdf/fdc655bn-d.pdf,https://www.onsemi.com/download/data-sheet/pdf/fdc655bn-d.pdf,200,426086,c195956f571ec68c3539c6a421a4231b6b363551efeab4e8e1afcd43c50f5993,2026-09-27,2026-09-27,10,
https://www.onsemi.com/download/data-sheet/pdf/fdc6561an-d.pdf,https://www.onsemi.com/download/data-sheet/pdf/fdc6561an-d.pdf,200,278669,2f55f4a1a4dea74906db6805acda72032c54e2cf107c1f1ae2ec7137c4f44d7a,2026-09-27,2026-09-27,10,
https://www.onsemi.com/download/data-sheet/pdf/fdc658ap-d.pdf,https://www.onsemi.com/download/data-sheet/pdf/fdc658ap-d.pdf,200,331001,04f954d569ba16804fd4bfdf7a5c842475c1cf7b0e234a18281aa84ea091abc6,2026-09-27,2026-09-27,10,
https://www.onsemi.com/download/data-sheet/pdf/fdc658p-d.pdf,https://www.onsemi.com/download/data-sheet/pdf/fdc658p-d.pdf,200,274081,47bd654d98ddac92b968a5aab12a86f62de8970df8f495dfad50715e1962302d,2026-09-27,2026-09-27,10,
https://www.onsemi.com/download/data-sheet/pdf/fdc855n-d.pdf,https://www.onsemi.com/download/data-sheet/pdf/fdc855n-d.pdf,200,397424,c765f2fadd2747201e2830e3ce4eeaa74fc98b42612fea5c934b1f4a055a69c4,2026-09-27,2026-09-27,10,
https://www.onsemi.com/download/data-sheet/pdf/fdc8601-d.pdf,https://www.onsemi.com/download/data-sheet/pdf/fdc8601-d.pdf,200,394934,e732a8ace5895bf63c65b0dffc899c33a95591602eb2c81cbc99ae30e470b5ec,2026-09-27,2026-09-27,10,
https://www.onsemi.com/download/data-sheet/pdf/fdc8602-d.pdf,https://www.onsemi.com/download/data-sheet/pdf/fdc8602-d.pdf,200,457173,7f2a3c79ec82fa6de081436540a4ff1cf3b1294d9250a1efa856fa9bd7564637,2026-09-27,2026-09-27,10,
https://www.onsemi.com/download/data-sheet/pdf/fdc86244-d.pdf,https://www.onsemi.com/download/data-sheet/pdf/fdc86244-d.pdf,200,405791,733c7da543a0a4289bcdcb8684dd08023988c835871879e76f9e2610c97a1bce,2026-09-27,2026-09-27,10,
https://www.onsemi.com/download/data-sheet/pdf/fdc8884-d.pdf,https://www.onsemi.com/download/data-sheet/pdf/fdc8884-d.pdf,200,407437,a66599edd456c7421260b3ad04d96601a03ccf752781c4ce17d598874ab10351,2026-09-27,2026-09-27,10,
https://www.onsemi.com/download/data-sheet/pdf/fdd10an06a0-d.pdf,https://www.onsemi.com/download/data-sheet/pdf/fdd10an06a0-d.pdf,200,268265,c1953fbf3bf1dc6fc265301c45770a7e9e12a076176bcc785d28df370294f6ad,2026-09-27,2026-09-27,10,
https://www.onsemi.com/download/data-sheet/pdf/fdd120an15a0-d.pdf,https://www.onsemi.com/download/data-sheet/pdf/fdd120an15a0-d.pdf,200,268232,1fc6473d4ca8e587baf8f1cb2e1825482848cc62af1ac1a890fefa7baa6f9c20,2026-09-27,2026-09-27,10,
https://www.onsemi.com/download/data-sheet/pdf/fdd13an06a0-d.pdf,https://www.onsemi.com/download/data-sheet/pdf/fdd13an06a0-d.pdf,200,267947,6c8768a316f8f739d2024c9e7380d4fde3057684864c598c32a61125a9da6224,2026-09-27,2026-09-27,10,
https://www.onsemi.com/download/data-sheet/pdf/fdd1600n10alz-d.pdf,https://www.onsemi.com/download/data-sheet/pdf/fdd1600n10alz-d.pdf,200,1160451,331e329e41eea30ebbc1cbe753c9b709f0269b4599638a18133c97282e60a69c,2026-09-27,2026-09-27,10,
https://www.onsemi.com/download/data-sheet/pdf/fdd16an08a0-d.pdf,https://www.onsemi.com/download/data-sheet/pdf/fdd16an08a0-d.pdf,200,771982,418e7ba6be3192648d1626a93ddadce916f16aa6f6d5c66d80bd5a046e2794f3,2026-09-27,2026-09-27,10,
https://www.onsemi.com/download/data-sheet/pdf/fdd20an06a0-d.pdf,https://www.onsemi.com/download/data-sheet/pdf/fdd20an06a0-d.pdf,200,685108,45efb400b5f85ec3033940832d65a7bc3e0593ad8f42d57e82095a5969539417,2026-09-27,2026-09-27,10,
https://www.onsemi.com/download/data-sheet/pdf/fdd2572-d.pdf,https://www.onsemi.com/download/data-sheet/pdf/fdd2572-d.pdf,200,472885,05929e7c8a62bf4db52b20143ba04f49f4d97efb65961af6b6bbba4488b79370,2026-09-27,2026-09-27,10,
https://www.onsemi.com/download/data-sheet/pdf/fdd2582-d.pdf,https://www.onsemi.com/download/data-sheet/pdf/fdd2582-d.pdf,200,469203,604909f117b4b3721497af1cb765266bf6d9c3d42a29750af3302b0deccdecda,2026-09-27,2026-09-27,10,
https://www.onsemi.com/download/data-sheet/pdf/fdd2670-d.pdf,https://www.onsemi.com/download/data-sheet/pdf/fdd2670-d.pdf,200,447289,fd874a8b89231dae0507cd30e763167d3f0e52eb0a0df63da3ee275096c5a8c9,2026-09-27,2026-09-27,10,
https://www.onsemi.com/download/data-sheet/pdf/fdd306p-d.pdf,https://www.onsemi.com/download/data-sheet/pdf/fdd306p-d.pdf,200,757647,66246298fe5613a17727c1643faf2d53d7e132dd4dcb1d1307ff5bfb01cc14de,2026-09-27,2026-09-27,10,
https://www.onsemi.com/download/data-sheet/pdf/fdd3670-d.pdf,https://www.onsemi.com/download/data-sheet/pdf/fdd3670-d.pdf,200,333885,0bda13cf59f9671240d0ae3ec774f50b3c326da25d6989cd698db8787ba05322,2026-09-27,2026-09-27,10,
https://www.onsemi.com/download/data-sheet/pdf/fdd3672-d.pdf,https://www.onsemi.com/download/data-sheet/pdf/fdd3672-d.pdf,200,507804,ba0b45cbd5a9c8d6ea80acbf5708626b91540c37a916874835438467234cc071,2026-09-27,2026-09-27,10,
https://www.onsemi.com/download/data-sheet/pdf/fdd3680-d.pdf,https://www.onsemi.com/download/data-sheet/pdf/fdd3680-d.pdf,200,219358,9bd6091b3767a45e67098de4d1915275fb701f621f9d0e76f00b7ae161a8c11f,2026-09-27,2026-09-27,10,
https://www.onsemi.com/download/data-sheet/pdf/fdd3682-d.pdf,https://www.onsemi.com/download/data-sheet/pdf/fdd3682-d.pdf,200,442564,f3bbf45233eaa7f416aa1be14f07d2cc4bf5d37bb09ae40846b9b723f82e2b9e,2026-09-27,2026-09-27,10,
https://www.onsemi.com/download/data-sheet/pdf/fdd3690-d.pdf,https://www.onsemi.com/download/data-sheet/pdf/fdd3690-d.pdf,200,244007,34b378f2bd39cbbbcda9daed1e31789f677b5a5387628e943c502a62b5e4f16e,2026-09-27,2026-09-27,10,
https://www.onsemi.com/download/data-sheet/pdf/fdd3706-d.pdf,https://www.onsemi.com/download/data-sheet/pdf/fdd3706-d.pdf,200,332705,795a811781853ac9c5b85e6f0507453fc4967aba980661db5567a84a7b3c1992,2026-09-27,2026-09-27,10,
https://www.onsemi.com/download/data-sheet/pdf/fdd3860-d.pdf,https://www.onsemi.com/download/data-sheet/pdf/fdd3860-d.pdf,200,1010467,63c72707e466fe61bcc957760ec5e43e3e3e56cecf8243452fd13ba2418ad433,2026-09-27,2026-09-27,10,
https://www.onsemi.com/download/data-sheet/pdf/fdd390n15a-d.pdf,https://www.onsemi.com/download/data-sheet/pdf/fdd390n15a-d.pdf,200,487122,11175ef4f99ed9de658cc1b2826ba2cc118ef887d903beaba196916a79d4f3dd,2026-09-27,2026-09-27,10,
https://www.onsemi.com/download/data-sheet/pdf/fdd4141-d.pdf,https://www.onsemi.com/download/data-sheet/pdf/fdd4141-d.pdf,200,286866,d6a6380e36020f772b2f97a8fe2bb1829b23db27004ed436d3cf2b8292927802,2026-09-27,2026-09-27,10,
https://www.onsemi.com/download/data-sheet/pdf/fdd4243-d.pdf,https://www.onsemi.com/download/data-sheet/pdf/fdd4243-d.pdf,200,290624,29d2598317a7e179bd099882fd87dc0e3c667f9f065bd761701eb461351f8e16,2026-09-27,2026-09-27,10,
https://www.onsemi.com/download/data-sheet/pdf/fdd4685-d.pdf,https://www.onsemi.com/download/data-sheet/pdf/fdd4685-d.pdf,200,592288,2f42016d2d991ac6f218744e1f975bb0dd17d170f8ce245423adc5848f6e98b2,2026-09-27,2026-09-27,10,
https://www.onsemi.com/download/data-sheet/pdf/fdd5353-d.pdf,https://www.onsemi.com/download/data-sheet/pdf/fdd5353-d.pdf,200,365455,6b430b6ea6142b46f4ad84b399c03681688810b9feeb34f2212272aa87c7d553,2026-09-27,2026-09-27,10,
https://www.onsemi.com/download/data-sheet/pdf/fdd5612-d.pdf,https://www.onsemi.com/download/data-sheet/pdf/fdd5612-d.pdf,200,322264,3b6ae69fafd53a40854862edfe562641883b4f3cc5709fb011281057f21d19a9,2026-09-27,2026-09-27,10,
https://www.onsemi.com/download/data-sheet/pdf/fdd5614p-d.pdf,https://www.onsemi.com/download/data-sheet/pdf/fdd5614p-d.pdf,200,277026,5761d0a3d7096f131c65a0e6d6e3d92f7d682f284c2a3e0cdadd414927b873a1,2026-09-27,2026-09-27,10,
https://www.onsemi.com/download/data-sheet/pdf/fdd5670-d.pdf,https://www.onsemi.com/download/data-sheet/pdf/fdd5670-d.pdf,200,319651,57ec57c42c6db41b007b34556a626b5d4475087d7540c7bc26e228c588045c2a,2026-09-27,2026-09-27,10,
https://www.onsemi.com/download/data-sheet/pdf/fdd5680-d.pdf,https://www.onsemi.com/download/data-sheet/pdf/fdd5680-d.pdf,200,493503,38b524f092865cd73b1113323202514d0d2b2003ed53baab53a662ba18441f0b,2026-09-27,2026-09-27,10,
https://www.onsemi.com/download/data-sheet/pdf/fdd5690-d.pdf,https://www.onsemi.com/download/data-sheet/pdf/fdd5690-d.pdf,200,300946,c2b10f904b2ea8aca9cefe7c66446361d8030dbb89c4c9ff6015977bc119bd52,2026-09-27,2026-09-27,10,
https://www.onsemi.com/download/data-sheet/pdf/fdd5n60nz-d.pdf,https://www.onsemi.com/download/data-sheet/pdf/fdd5n60nz-d.pdf,200,741795,96501186c5e33a378c57ec0dd9774daefe26f49978faeeb032ef5af633207786,2026-09-27,2026-09-27,10,
https://www.onsemi.com/download/data-sheet/pdf/fdd6030l-d.pdf,https://www.onsemi.com/download/data-sheet/pdf/fdd6030l-d.pdf,200,349485,15d292789a5acc2e9319ddf1cc9bcf4a2381d86232ea1d5dc61482661c9506e1,2026-09-27,2026-09-27,10,
https://www.onsemi.com/download/data-sheet/pdf/fdd6296-d.pdf,https://www.onsemi.com/download/data-sheet/pdf/fdd6296-d.pdf,200,347544,f875b84fd4b6f97dba07e211b21eb5e4cbf5c01fd7934a712ef7c5e64832eda4,2026-09-27,2026-09-27,10,
https://www.onsemi.com/download/data-sheet/pdf/fdd6530a-d.pdf,https://www.onsemi.com/download/data-sheet/pdf/fdd6530a-d.pdf,200,230147,6f5e37dd1d163999c9278cffca737dada597715ed6ae93612f3fab503a4067da,2026-09-27,2026-09-27,10,
https://www.onsemi.com/download/data-sheet/pdf/fdd6612a-d.pdf,https://www.onsemi.com/download/data-sheet/pdf/fdd6612a-d.pdf,200,351243,19ba9a1e5eba23d9041f09ded0e6930a7fe8d853514cdbe32e5e3849b2b4ea86,2026-09-27,2026-09-27,10,
https://www.onsemi.com/download/data-sheet/pdf/fdd6630a-d.pdf,https://www.onsemi.com/download/data-sheet/pdf/fdd6630a-d.pdf,200,699537,0c8a4143ec98c31bbec4775a5505404146044d74bf5c94610a3b317e5d7b13b0,2026-09-27,2026-09-27,10,
https://www.onsemi.com/download/data-sheet/pdf/fdd6637-d.pdf,https://www.onsemi.com/download/data-sheet/pdf/fdd6637-d.pdf,200,363647,0ef96a45db5df1a01e57a3dc9cb40556291f8c928de340f8d05a35beeb66a74d,2026-09-27,2026-09-27,10,
https://www.onsemi.com/download/data-sheet/pdf/fdd6670a-d.pdf,https://www.onsemi.com/download/data-sheet/pdf/fdd6670a-d.pdf,200,344717,5e341b22b16f94bda6841e449bc7bf388016dce039a9826e49438ab2a11e6d56,2026-09-27,2026-09-27,10,
https://www.onsemi.com/download/data-sheet/pdf/fdd6680as-d.pdf,https://www.onsemi.com/download/data-sheet/pdf/fdd6680as-d.pdf,200,425465,f82498efd8a6913dd908f1219d56bc161a3c346b9baca8001fb806f9b803a5b6,2026-09-27,2026-09-27,10,
https://www.onsemi.com/download/data-sheet/pdf/fdd6685-d.pdf,https://www.onsemi.com/download/data-sheet/pdf/fdd6685-d.pdf,200,319779,eea2d9951e6dd31527369a840e411cf1184bdae2cf2333d38992851e0165d069,2026-09-27,2026-09-27,10,
https://www.onsemi.com/download/data-sheet/pdf/fdd6688-d.pdf,https://www.onsemi.com/download/data-sheet/pdf/fdd6688-d.pdf,200,349299,cfc26b74539abef15119d4c01d4d47e0010df9368a4f174b18f7414fab1179ec,2026-09-27,2026-09-27,10,
https://www.onsemi.com/download/data-sheet/pdf/fdd6690a-d.pdf,https://www.onsemi.com/download/data-sheet/pdf/fdd6690a-d.pdf,200,167502,8c980b948e40ab9654a0b14449ccfb70cc142fb34cd64975059bba74d3035151,2026-09-27,2026-09-27,10,
https://www.onsemi.com/download/data-sheet/pdf/fdd770n15a-d.pdf,https://www.onsemi.com/download/data-sheet/pdf/fdd770n15a-d.pdf,200,875808,757b9e6fcec1805a5f874aecc645ee8f3b0b4edb78feaeb0a472ee7fb124f897,2026-09-27,2026-09-27,10,
https://www.onsemi.com/download/data-sheet/pdf/fdd8444-d.pdf,https://www.onsemi.com/download/data-sheet/pdf/fdd8444-d.pdf,200,498601,4220b999f7162edf5263d76e8bf39da6ab64b67111b5f846a57af5f17903d7fa,2026-09-27,2026-09-27,10,
https://www.onsemi.com/download/data-sheet/pdf/fdd8445-d.pdf,https://www.onsemi.com/download/data-sheet/pdf/fdd8445-d.pdf,200,428670,4721119a65098e9b986d83dd423fc734b6c0cdf04ef879487dc0527cdb2feb15,2026-09-27,2026-09-27,10,
https://www.onsemi.com/download/data-sheet/pdf/fdd8447l-d.pdf,https://www.onsemi.com/download/data-sheet/pdf/fdd8447l-d.pdf,200,606660,83f181b859c9f84a8c559a4fc2ac23ccbd7e9f26c6bc5dd2df2b7e2f2c1db2f1,2026-09-27,2026-09-27,10,
https://www.onsemi.com/download/data-sheet/pdf/fdd8451-d.pdf,https://www.onsemi.com/download/data-sheet/pdf/fdd8451-d.pdf,200,1206153,be484182d93f1143f6749aa135659841c503e95a5542ac60b4f7ad757d6664d5,2026-09-27,2026-09-27,10,
https://www.onsemi.com/download/data-sheet/pdf/fdd8453lz-d.pdf,https://www.onsemi.com/download/data-sheet/pdf/fdd8453lz-d.pdf,200,486137,433bcb69b138e343712049ec9a1355f8e670205262b363dc1c5a72dfffa2550d,2026-09-27,2026-09-27,10,
https://www.onsemi.com/download/data-sheet/pdf/fdd86102-d.pdf,https://www.onsemi.com/download/data-sheet/pdf/fdd86102-d.pdf,200,580795,6dbedf0a557b221c91dd0de8f03817c2e5e93c66ee5da150f6af7d1eca624b82,2026-09-27,2026-09-27,10,
https://www.onsemi.com/download/data-sheet/pdf/fdd86110-d.pdf,https://www.onsemi.com/download/data-sheet/pdf/fdd86110-d.pdf,200,487820,6054795b8ff9e042c61a2a21b8075f248521dcc2d0df75dc8635ec718d54727c,2026-09-27,2026-09-27,10,
https://www.onsemi.com/download/data-sheet/pdf/fdd86113lz-d.pdf,https://www.onsemi.com/download/data-sheet/pdf/fdd86113lz-d.pdf,200,465116,b3a486ead41c101bd99fd6b4f5b68ee6229b6c92f5cd5444c2970b2496df84ff,2026-09-27,2026-09-27,10,
https://www.onsemi.com/download/data-sheet/pdf/fdd86250-d.pdf,https://www.onsemi.com/download/data-sheet/pdf/fdd86250-d.pdf,200,576544,051bd91909314d1c167397c6979d23a80746b0b638cde895e3e8dcaa9d00b810,2026-09-27,2026-09-27,10,
https://www.onsemi.com/download/data-sheet/pdf/fdd86252-d.pdf,https://www.onsemi.com/download/data-sheet/pdf/fdd86252-d.pdf,200,570284,72f30b59310b352d44d7869982166cd8751596635c65799f968a10ab6aab3ea4,2026-09-27,2026-09-27,10,
https://www.onsemi.com/download/data-sheet/pdf/fdd86326-d.pdf,https://www.onsemi.com/download/data-sheet/pdf/fdd86326-d.pdf,200,572016,3862353236efd21f2f328f440066d4b75e35ac69879a6b6f104866dc8c4f32cb,2026-09-27,2026-09-27,10,
https://www.onsemi.com/download/data-sheet/pdf/fdd8647l-d.pdf,https://www.onsemi.com/download/data-sheet/pdf/fdd8647l-d.pdf,200,1213464,7ac24f102dee217f5a4b450689b3adad9d1dc1dda3b023a30691279e490c58f8,2026-09-27,2026-09-27,10,
https://www.onsemi.com/download/data-sheet/pdf/fdd86540-d.pdf,https://www.onsemi.com/download/data-sheet/pdf/fdd86540-d.pdf,200,449434,0c3025d899c6c162f64910fa9e365c3f28e0b08046edb1b8215f9b5a2f1d57d3,2026-09-27,2026-09-27,10,
https://www.onsemi.com/download/data-sheet/pdf/fdd8770-d.pdf,https://www.onsemi.com/download/data-sheet/pdf/fdd8770-d.pdf,200,555712,cde1950d15755a8a7cce3ce86f159a2b3cd1c04612756ff0709782c49d3d99ec,2026-09-27,2026-09-27,10,
https://www.onsemi.com/download/data-sheet/pdf/fdd8778-d.pdf,https://www.onsemi.com/download/data-sheet/pdf/fdd8778-d.pdf,200,587306,4bdca9bc3968b7921c330545a03fe92e4da81f049fdd7652d5f24984ff3a9df1,2026-09-27,2026-09-27,10,
https://www.onsemi.com/download/data-sheet/pdf/fdd8780-d.pdf,https://www.onsemi.com/download/data-sheet/pdf/fdd8780-d.pdf,200,557153,ea10ed39e2c758f38a7844c0efe3f45d5e3f619e2d486846f8e2d380a4c7eac2,2026-09-27,2026-09-27,10,
https://www.onsemi.com/download/data-sheet/pdf/fdd8782-d.pdf,https://www.onsemi.com/download/data-sheet/pdf/fdd8782-d.pdf,200,560619,a1b5ad302fa166c6013e3fb136f7571bbb8ebc946c3be89bb17648f53f8a4e9f,2026-09-27,2026-09-27,10,
https://www.onsemi.com/download/data-sheet/pdf/fdd8796-d.pdf,https://www.onsemi.com/download/data-sheet/pdf/fdd8796-d.pdf,200,552135,eab4ff4c91667a8c06a77cc5e7872fbcddb93d3407e72d9330213e541f6b0832,2026-09-27,2026-09-27,10,
https://www.onsemi.com/download/data-sheet/pdf/fdd8870-d.pdf,https://www.onsemi.com/download/data-sheet/pdf/fdd8870-d.pdf,200,1480605,8afdfbc239c05145173cbed029e2529e37cdafd99b4d72acc490f87320d0af8c,2026-09-27,2026-09-27,10,
https://www.onsemi.com/download/data-sheet/pdf/fdd8874-d.pdf,https://www.onsemi.com/download/data-sheet/pdf/fdd8874-d.pdf,200,521219,475d1a85ce338b6f53302c90c8359b5d8b48e041cf182810b22c70f030a09377,2026-09-27,2026-09-27,10,
https://www.onsemi.com/download/data-sheet/pdf/fdd8876-d.pdf,https://www.onsemi.com/download/data-sheet/pdf/fdd8876-d.pdf,200,1682116,e8f4422b915cc1d09708b3d3cd9f6d57fb0feb72d236baf1612db9ed143e078b,2026-09-27,2026-09-27,10,
https://www.onsemi.com/download/data-sheet/pdf/fdd8878-d.pdf,https://www.onsemi.com/download/data-sheet/pdf/fdd8878-d.pdf,200,455493,7fdb6c9c826aa859df6d7763cd613b8b824590a071c59a34687c4280545cc846,2026-09-27,2026-09-27,10,
https://www.onsemi.com/download/data-sheet/pdf/fdd8880-d.pdf,https://www.onsemi.com/download/data-sheet/pdf/fdd8880-d.pdf,200,284233,3048e7cc9bb54b78e77cd93e0ce22e59751c1c9d28a93bfa959e21de844bbd76,2026-09-27,2026-09-27,10,
https://www.onsemi.com/download/data-sheet/pdf/fdd8882-d.pdf,https://www.onsemi.com/download/data-sheet/pdf/fdd8882-d.pdf,200,485592,1b4965d00dca00f00ea4466915e52788e04a573083276bef713bbb41a29dd929,2026-09-27,2026-09-27,10,
https://www.onsemi.com/download/data-sheet/pdf/fdd8896-d.pdf,https://www.onsemi.com/download/data-sheet/pdf/fdd8896-d.pdf,200,299222,f2b9d958204a33aeb00401fa716f0cde66b8199c4ffe955c7020c5aa91e4a290,2026-09-27,2026-09-27,10,
https://www.onsemi.com/download/data-sheet/pdf/fdd8n50nz-d.pdf,https://www.onsemi.com/download/data-sheet/pdf/fdd8n50nz-d.pdf,200,717829,5e5b4c0eae8dac882eb791dd34f69304fb6f3913e6ed621c139370e56356352c,2026-09-27,2026-09-27,10,
https://www.onsemi.com/download/data-sheet/pdf/fdfm2n111-d.pdf,https://www.onsemi.com/download/data-sheet/pdf/fdfm2n111-d.pdf,200,372376,00ad7957c181c769654b8238f97ff68c019a1ab60e77d9f9ba67299543b7538f,2026-09-27,2026-09-27,10,
https://www.onsemi.com/download/data-sheet/pdf/fdfma2n028z-d.pdf,https://www.onsemi.com/download/data-sheet/pdf/fdfma2n028z-d.pdf,200,716724,2def2fd5cf5b1526f1ee1823b55a0d0f699344297f7a7d2ca8eb1899035d7f54,2026-09-27,2026-09-27,10,
https://www.onsemi.com/download/data-sheet/pdf/fdfma2p029z-d.pdf,https://www.onsemi.com/download/data-sheet/pdf/fdfma2p029z-d.pdf,200,336701,7bcf981d5bf27a80f1ce359f0d61d6f4f03dc52f9babed7d07604c9a0bbf5906,2026-09-27,2026-09-27,10,
https://www.onsemi.com/download/data-sheet/pdf/fdfma3n109-d.pdf,https://www.onsemi.com/download/data-sheet/pdf/fdfma3n109-d.pdf,200,489425,52b89ce6368185496399f187380ec53255c11b3dc968e3f98918a45e73fbab0a,2026-09-27,2026-09-27,10,
https://www.onsemi.com/download/data-sheet/pdf/fdfme3n311zt-d.pdf,https://www.onsemi.com/download/data-sheet/pdf/fdfme3n311zt-d.pdf,200,388600,107f6a70626c97022717db9acdaf81507053d9021a7a3c8823e0412b67b5a98f,2026-09-27,2026-09-27,10,
https://www.onsemi.com/download/data-sheet/pdf/fdfs2p106a-d.pdf,https://www.onsemi.com/download/data-sheet/pdf/fdfs2p106a-d.pdf,200,581605,1c3ec7884c7f691547080c626c89e4b6bb0af88e97ffaa6a1bcaed5070fda824,2026-09-27,2026-09-27,10,
https://www.onsemi.com/download/data-sheet/pdf/fdfs2p753z-d.pdf,https://www.onsemi.com/download/data-sheet/pdf/fdfs2p753z-d.pdf,200,578600,b66abc3e6471d2e71fa33e146b024a77d776b2a72dad5abb49d1e7b464a0206a,2026-09-27,2026-09-27,10,
https://www.onsemi.com/download/data-sheet/pdf/fdfs6n548-d.pdf,https://www.onsemi.com/download/data-sheet/pdf/fdfs6n548-d.pdf,200,338325,afc159768002ac98ec4423d5082c1f586ca223571c039f4c8212751870e2c22d,2026-09-27,2026-09-27,10,
https://www.onsemi.com/download/data-sheet/pdf/fdfs6n754-d.pdf,https://www.onsemi.com/download/data-sheet/pdf/fdfs6n754-d.pdf,200,546133,bdbe89729f10ad50e570b6eb5fc4c98d46e95f3f3cba64cbbe1ce1aa412351d5,2026-09-27,2026-09-27,10,
https://www.onsemi.com/download/data-sheet/pdf/fdg1024nz-d.pdf,https://www.onsemi.com/download/data-sheet/pdf/fdg1024nz-d.pdf,200,326880,c95fea188b159e9ba5b96d33ec81261e235cc20e59517e1f699f5ec2559127fd,2026-09-27,2026-09-27,10,
https://www.onsemi.com/download/data-sheet/pdf/fdg311n-d.pdf,https://www.onsemi.com/download/data-sheet/pdf/fdg311n-d.pdf,200,197553,eb2a9f76dc2232eee8ac191f0e47b9bab075b9bc0ad1c48db9216b9c42ecd14a,2026-09-27,2026-09-27,10,
https://www.onsemi.com/download/data-sheet/pdf/fdg312p-d.pdf,https://www.onsemi.com/download/data-sheet/pdf/fdg312p-d.pdf,200,256743,33e72c28f469a558254229e301aa30d3a8572f82e7da6740ed39452d1402b674,2026-09-27,2026-09-27,10,
https://www.onsemi.com/download/data-sheet/pdf/fdg313n-d.pdf,https://www.onsemi.com/download/data-sheet/pdf/fdg313n-d.pdf,200,236048,d66ba277433ee8fb382ad5210d6b025f5199d36f517c8ac0f78e0fec50398f66,2026-09-27,2026-09-27,10,
https://www.onsemi.com/download/data-sheet/pdf/fdg316p-d.pdf,https://www.onsemi.com/download/data-sheet/pdf/fdg316p-d.pdf,200,320861,cb14a6b19bd4dee27ef40e1bf7f319ddfddee1c129bf61d336e098b4794baee7,2026-09-27,2026-09-27,10,
https://www.onsemi.com/download/data-sheet/pdf/fdg327n-d.pdf,https://www.onsemi.com/download/data-sheet/pdf/fdg327n-d.pdf,200,331278,fafd5c4615ce1fd2adecc60da7865f5925561d08a1368fff9bb5f29209fe1551,2026-09-27,2026-09-27,10,
https://www.onsemi.com/download/data-sheet/pdf/fdg327nz-d.pdf,https://www.onsemi.com/download/data-sheet/pdf/fdg327nz-d.pdf,200,373899,b0daa6c5aef23817774ad73234e5419fa550b34abfd921195c28f383fb615072,2026-09-27,2026-09-27,10,
https://www.onsemi.com/download/data-sheet/pdf/fdg328p-d.pdf,https://www.onsemi.com/download/data-sheet/pdf/fdg328p-d.pdf,200,321429,ddb733b7a799c0236f1a96b5ffcbb568586cff4e4632cdec54d8833169f9d7cf,2026-09-27,2026-09-27,10,
https://www.onsemi.com/download/data-sheet/pdf/fdg330p-d.pdf,https://www.onsemi.com/download/data-sheet/pdf/fdg330p-d.pdf,200,257308,f536cade36921ab1536bde71442e7f3a7598490c4a4a704e3d08a680a39c474c,2026-09-27,2026-09-27,10,
https://www.onsemi.com/download/data-sheet/pdf/fdg332pz-d.pdf,https://www.onsemi.com/download/data-sheet/pdf/fdg332pz-d.pdf,200,326252,32dc566b3c183a29dfa2b48e3b8a3c6d48eb7776affbd9bbbd085346ad530db7,2026-09-27,2026-09-27,10,
https://www.onsemi.com/download/data-sheet/pdf/fdg410nz-d.pdf,https://www.onsemi.com/download/data-sheet/pdf/fdg410nz-d.pdf,200,382941,1c6fb09baa39302e4afe35c2d4af72bfae52ee6f64c5b8310b3bb282c71a5ca6,2026-09-27,2026-09-27,10,
https://www.onsemi.com/download/data-sheet/pdf/fdg6301n-d.pdf,https://www.onsemi.com/download/data-sheet/pdf/fdg6301n-d.pdf,200,227498,fca6d39fb420ef67a05daf24626d8baebcaa52425b19224ae07799feadf14565,2026-09-27,2026-09-27,10,
https://www.onsemi.com/download/data-sheet/pdf/fdg6303n-d.pdf,https://www.onsemi.com/download/data-sheet/pdf/fdg6303n-d.pdf,200,225856,e8b4048721333d09a093665e4d2c49c1445617cf5a314adfee7a6b9a8d7ffa6c,2026-09-27,2026-09-27,10,
https://www.onsemi.com/download/data-sheet/pdf/fdg6304p-d.pdf,https://www.onsemi.com/download/data-sheet/pdf/fdg6304p-d.pdf,200,301375,06a1d333895b76c47b4a6ffdfbfbe52656e3db3dc3b52d2fef4c39a4afe289b7,2026-09-27,2026-09-27,10,
https://www.onsemi.com/download/data-sheet/pdf/fdg6306p-d.pdf,https://www.onsemi.com/download/data-sheet/pdf/fdg6306p-d.pdf,200,294812,bd2be052473f900050af0070579d375702743f6f1ec7e3fddf61eaa895f65100,2026-09-27,2026-09-27,10,
https://www.onsemi.com/download/data-sheet/pdf/fdg6308p-d.pdf,https://www.onsemi.com/download/data-sheet/pdf/fdg6308p-d.pdf,200,599880,a0ad48c56da3178845d395feb47cf537d270f04e07ae510bffdba5c565a85a06,2026-09-27,2026-09-27,10,
https://www.onsemi.com/download/data-sheet/pdf/fdg6316p-d.pdf,https://www.onsemi.com/download/data-sheet/pdf/fdg6316p-d.pdf,200,285679,5bfa27012b8244e9ec5462f10eee4e288635533f76e914650c8ab2265844a4f1,2026-09-27,2026-09-27,10,
https://www.onsemi.com/download/data-sheet/pdf/fdg6317nz-d.pdf,https://www.onsemi.com/download/data-sheet/pdf/fdg6317nz-d.pdf,200,251681,10063759e1d032949ce7a54ed34cb6167dbe854b3b5af61edc609c4e7e7c95a3,2026-09-27,2026-09-27,10,
https://www.onsemi.com/download/data-sheet/pdf/fdg6318p-d.pdf,https://www.onsemi.com/download/data-sheet/pdf/fdg6318p-d.pdf,200,229900,6003209947b79fcd4bf6721cf8472480b2274fae8a01897e7f935dca82434dcd,2026-09-27,2026-09-27,10,
https://www.onsemi.com/download/data-sheet/pdf/fdg6318pz-d.pdf,https://www.onsemi.com/download/data-sheet/pdf/fdg6318pz-d.pdf,200,273445,1540f54579304cbc9860c1a161777669ef20bdcd4646d80b5125c6983287f277,2026-09-27,2026-09-27,10,
https://www.onsemi.com/download/data-sheet/pdf/fdg6342l-d.pdf,https://www.onsemi.com/download/data-sheet/pdf/fdg6342l-d.pdf,200,388718,4bf33b56b94492a4b589f763a2bd0307c980216d2d89ebb8a9c4e5c6d0f4d7f2,2026-09-27,2026-09-27,10,
https://www.onsemi.com/download/data-sheet/pdf/fdg8850nz-d.pdf,https://www.onsemi.com/download/data-sheet/pdf/fdg8850nz-d.pdf,200,236090,44e5adecf4e5f48f39c3961a28fe1b1a453237bf127bead0af184415f53b4d84,2026-09-27,2026-09-27,10,
https://www.onsemi.com/download/data-sheet/pdf/fdh038an08a1-d.pdf,https://www.onsemi.com/download/data-sheet/pdf/fdh038an08a1-d.pdf,200,663349,666c12f187cbfcee4403d0033499e37fcd6033e50b2a2b9df118ec17d8a72ed6,2026-09-27,2026-09-27,10,
https://www.onsemi.com/download/data-sheet/pdf/fdh210n08-d.pdf,https://www.onsemi.com/download/data-sheet/pdf/fdh210n08-d.pdf,200,403088,9c677f0b121ba6a46fb6bce47f912bf26dfeefec9eeeb9117b8a0c937ecbbbaf,2026-09-27,2026-09-27,10,
https://www.onsemi.com/download/data-sheet/pdf/fdh44n50-d.pdf,https://www.onsemi.com/download/data-sheet/pdf/fdh44n50-d.pdf,200,272526,e9756e3aa8a424dd36e6f1da7489a15356e99947d27c82ebf1181d279e126d83,2026-09-27,2026-09-27,10,
https://www.onsemi.com/download/data-sheet/pdf/fdi030n06-d.pdf,https://www.onsemi.com/download/data-sheet/pdf/fdi030n06-d.pdf,200,1732790,f4a9cfabd72fe6eddbbfba047d5468a39bf2ed8e671a09f4a6208fcbc8ca7398,2026-09-27,2026-09-27,10,
https://www.onsemi.com/download/data-sheet/pdf/fdll3595-d.pdf,https://www.onsemi.com/download/data-sheet/pdf/fdll3595-d.pdf,200,167010,14adec55d5cb8efcc57f4445e92c839f0cdc0f56952faf4ee18fc7ed5ad25809,2026-09-27,2026-09-27,10,
https://www.onsemi.com/download/data-sheet/pdf/fdll4150-d.pdf,https://www.onsemi.com/download/data-sheet/pdf/fdll4150-d.pdf,200,151815,8c509f7340dfe2a42d4d2aa66becb6e6b927fe48812ef2242b93f332a54571f1,2026-09-27,2026-09-27,10,
https://www.onsemi.com/download/data-sheet/pdf/fdm3622-d.pdf,https://www.onsemi.com/download/data-sheet/pdf/fdm3622-d.pdf,200,182242,f22f22fa1ce55d07fba99b8c7c7b5d5eb70c5b6c1a8850976e3a2edc883794f5,2026-09-27,2026-09-27,10,
https://www.onsemi.com/download/data-sheet/pdf/fdma1023pz-d.pdf,https://www.onsemi.com/download/data-sheet/pdf/fdma1023pz-d.pdf,200,235375,9dd5cb0c5061736a708ef36e574afbf6d56c14c5549482706157cd00b54fc22b,2026-09-27,2026-09-27,10,
https://www.onsemi.com/download/data-sheet/pdf/fdma1024nz-d.pdf,https://www.onsemi.com/download/data-sheet/pdf/fdma1024nz-d.pdf,200,257739,ca65a149a11c222d8a5179728724153bd8c1bcfb0570796f6f4b15b4d96fe0f7,2026-09-27,2026-09-27,10,
https://www.onsemi.com/download/data-sheet/pdf/fdma1025p-d.pdf,https://www.onsemi.com/download/data-sheet/pdf/fdma1025p-d.pdf,200,475285,869db2ec083d68d3c56e799f2f43a00123413ee5e3681904fd4146aa4cd9bd97,2026-09-27,2026-09-27,10,
https://www.onsemi.com/download/data-sheet/pdf/fdma1028nz-d.pdf,https://www.onsemi.com/download/data-sheet/pdf/fdma1028nz-d.pdf,200,193380,e295766603b4e97fa126f40381f160f00b24ea631874d0d6ba831157bfb5edc5,2026-09-27,2026-09-27,10,
https://www.onsemi.com/download/data-sheet/pdf/fdma1029pz-d.pdf,https://www.onsemi.com/download/data-sheet/pdf/fdma1029pz-d.pdf,200,178505,a60a65c46812a042c242551553e5e7c8ce87505adfdd57fad674d44fa2733649,2026-09-27,2026-09-27,10,
https://www.onsemi.com/download/data-sheet/pdf/fdma2002nz-d.pdf,https://www.onsemi.com/download/data-sheet/pdf/fdma2002nz-d.pdf,200,196223,b17c2d4af80db7491451d55399c1946eda486a1109dae9380dfba087cdf2da67,2026-09-27,2026-09-27,10,
https://www.onsemi.com/download/data-sheet/pdf/fdma291p-d.pdf,https://www.onsemi.com/download/data-sheet/pdf/fdma291p-d.pdf,200,197718,600d5d3e8e0bbc3936c5d4bf67b103fa0deb34f211b330be8f32fc8b77054c47,2026-09-27,2026-09-27,10,
https://www.onsemi.com/download/data-sheet/pdf/fdma3023pz-d.pdf,https://www.onsemi.com/download/data-sheet/pdf/fdma3023pz-d.pdf,200,257845,6a201f747b24783f3d8e657a0e18287e712202e8eefba4036ffa9b07a71433f2,2026-09-27,2026-09-27,10,
https://www.onsemi.com/download/data-sheet/pdf/fdma3028n-d.pdf,https://www.onsemi.com/download/data-sheet/pdf/fdma3028n-d.pdf,200,679347,a57bc64988eaf1e06e5c7086abea79db709b3c45f4e7f45593c7adcf7e7d9bc1,2026-09-27,2026-09-27,10,
https://www.onsemi.com/download/data-sheet/pdf/fdma410nz-d.pdf,https://www.onsemi.com/download/data-sheet/pdf/fdma410nz-d.pdf,200,266054,402c807e5e05a02788d2165e92d99d52084ae9ed0912ae096af6e599ef5278ff,2026-09-27,2026-09-27,10,
https://www.onsemi.com/download/data-sheet/pdf/fdma420nz-d.pdf,https://www.onsemi.com/download/data-sheet/pdf/fdma420nz-d.pdf,200,152456,0bff6c1dc5219481964c50850d9509eedd04b6a91aa8d40f6ce68986eb7ec63c,2026-09-27,2026-09-27,10,
https://www.onsemi.com/download/data-sheet/pdf/fdma430nz-d.pdf,https://www.onsemi.com/download/data-sheet/pdf/fdma430nz-d.pdf,200,242171,792ec5d6a0e3d3a3aeb1b9da3500092de434cfd0252cbd7097ba3798038ccd0f,2026-09-27,2026-09-27,10,
https://www.onsemi.com/download/data-sheet/pdf/fdma507pz-d.pdf,https://www.onsemi.com/download/data-sheet/pdf/fdma507pz-d.pdf,200,303247,8a796cfaf69f1dfe9d24c80a7fe9c170109e641bfc43b04cd7e464a88e308b41,2026-09-27,2026-09-27,10,
https://www.onsemi.com/download/data-sheet/pdf/fdma510pz-d.pdf,https://www.onsemi.com/download/data-sheet/pdf/fdma510pz-d.pdf,200,317777,6dd866d392955c3c61b5adddc30f84fb1f745309171ca58f72443a1f837fad27,2026-09-27,2026-09-27,10,
https://www.onsemi.com/download/data-sheet/pdf/fdma520pz-d.pdf,https://www.onsemi.com/download/data-sheet/pdf/fdma520pz-d.pdf,200,385188,512fac6b4f45e2b3c757fe49d295a316f42a18fe5a411a0b4ee22093ab692741,2026-09-27,2026-09-27,10,
https://www.onsemi.com/download/data-sheet/pdf/fdma530pz-d.pdf,https://www.onsemi.com/download/data-sheet/pdf/fdma530pz-d.pdf,200,238312,9d6bf9952a83aea63f17da3bb7e0f10a0a10c1f58c6fa454d4da932a85a5b34a,2026-09-27,2026-09-27,10,
https://www.onsemi.com/download/data-sheet/pdf/fdma6023pzt-d.pdf,https://www.onsemi.com/download/data-sheet/pdf/fdma6023pzt-d.pdf,200,522696,b2241ddca466ab32c122e4b59ea0c0028e4d168dfdf1e80284bb33e278bb7e93,2026-09-27,2026-09-27,10,
https://www.onsemi.com/download/data-sheet/pdf/fdma7628-d.pdf,https://www.onsemi.com/download/data-sheet/pdf/fdma7628-d.pdf,200,1342950,0f251dcc7ed5eeedc0b85cfd9b9e6fe3c28fe5f74e9bd5685d52a409b4b34463,2026-09-27,2026-09-27,10,
https://www.onsemi.com/download/data-sheet/pdf/fdma7630-d.pdf,https://www.onsemi.com/download/data-sheet/pdf/fdma7630-d.pdf,200,221447,3dc0b54abac75f946e03470d0e71feba72cd5bf708bc03dd58d7f5ef55a8b71a,2026-09-27,2026-09-27,10,
https://www.onsemi.com/download/data-sheet/pdf/fdma7632-d.pdf,https://www.onsemi.com/download/data-sheet/pdf/fdma7632-d.pdf,200,367516,e06c1e0905a47d273463db3b194983a35e4c73416f6d577cfe8562fb9e3efcbc,2026-09-27,2026-09-27,10,
https://www.onsemi.com/download/data-sheet/pdf/fdma8051l-d.pdf,https://www.onsemi.com/download/data-sheet/pdf/fdma8051l-d.pdf,200,365066,91152c08f5501d47b4ea782641cd541f89527fd165756ac3a6d8380b367076fc,2026-09-27,2026-09-27,10,
https://www.onsemi.com/download/data-sheet/pdf/fdma86265p-d.pdf,https://www.onsemi.com/download/data-sheet/pdf/fdma86265p-d.pdf,200,295057,73f706cabce2d1731adc6a31f8ed02852cdcb9289f4677bd16e91ae8494a9702,2026-09-27,2026-09-27,10,
https://www.onsemi.com/download/data-sheet/pdf/fdma86551l-d.pdf,https://www.onsemi.com/download/data-sheet/pdf/fdma86551l-d.pdf,200,351441,1dc631dafe61b0968a67f1d97dca1e3a8bca881807a3f127326c3c677219476e,2026-09-27,2026-09-27,10,
https://www.onsemi.com/download/data-sheet/pdf/fdma8878-d.pdf,https://www.onsemi.com/download/data-sheet/pdf/fdma8878-d.pdf,200,252524,829be003a1ba43c461442be93fc0a8783816ab56070e75a82ab4323504a82125,2026-09-27,2026-09-27,10,
https://www.onsemi.com/download/data-sheet/pdf/fdma8884-d.pdf,https://www.onsemi.com/download/data-sheet/pdf/fdma8884-d.pdf,200,390473,203d264d8a20af391756560fcceac64adf70c967136ed233ebafe7ccaa4e3106,2026-09-27,2026-09-27,10,
https://www.onsemi.com/download/data-sheet/pdf/fdma905p-d.pdf,https://www.onsemi.com/download/data-sheet/pdf/fdma905p-d.pdf,200,306782,d0f53c7133854780baefebf33ec0f93db196fc511f46433b7f9dc286bd9cf210,2026-09-27,2026-09-27,10,
https://www.onsemi.com/download/data-sheet/pdf/fdma908pz-d.pdf,https://www.onsemi.com/download/data-sheet/pdf/fdma908pz-d.pdf,200,350705,b0305f01cb8facc04874092604a37fede052c0aee91760e465ef61fbbdffe2b0,2026-09-27,2026-09-27,10,
https://www.onsemi.com/download/data-sheet/pdf/fdma910pz-d.pdf,https://www.onsemi.com/download/data-sheet/pdf/fdma910pz-d.pdf,200,208029,30027f1144829aaf75bede0f391e002e7d3e9909164e1c6b6e5db3ad2900beb8,2026-09-27,2026-09-27,10,
https://www.onsemi.com/download/data-sheet/pdf/fdmb2307nz-d.pdf,https://www.onsemi.com/download/data-sheet/pdf/fdmb2307nz-d.pdf,200,240419,61841d46a5249c85b2df34f9e33cd460292243781eb4ee95e581d95532ba6e2c,2026-09-27,2026-09-27,10,
https://www.onsemi.com/download/data-sheet/pdf/fdmb2308pz-d.pdf,https://www.onsemi.com/download/data-sheet/pdf/fdmb2308pz-d.pdf,200,241038,418243e42985513608eb04cedaf8068a8a4d8fb557d1eb3a440ebd69eae93563,2026-09-27,2026-09-27,10,
https://www.onsemi.com/download/data-sheet/pdf/fdmb3800n-d.pdf,https://www.onsemi.com/download/data-sheet/pdf/fdmb3800n-d.pdf,200,217069,dcb43150a6b94722f3c50513c8e836d9f20e5af1311adc80889afee90f95170b,2026-09-27,2026-09-27,10,
https://www.onsemi.com/download/data-sheet/pdf/fdmc0310as-d.pdf,https://www.onsemi.com/download/data-sheet/pdf/fdmc0310as-d.pdf,200,484802,db17061e862c92e43efd10a91216d54b7e71e7aa6941ec2261693752a8eed46b,2026-09-27,2026-09-27,10,
https://www.onsemi.com/download/data-sheet/pdf/fdmc2512sdc-d.pdf,https://www.onsemi.com/download/data-sheet/pdf/fdmc2512sdc-d.pdf,200,329651,34cbf13e725172aa393d7d9a33d781b67c71fe872bf8d69e7aa98eea91be4446,2026-09-27,2026-09-27,10,
https://www.onsemi.com/download/data-sheet/pdf/fdmc2514sdc-d.pdf,https://www.onsemi.com/download/data-sheet/pdf/fdmc2514sdc-d.pdf,200,435840,f6a1b863367ec9708e8c3a7bf5c13c50362a6f0afa3dd62c99cf9d1826c8ad2b,2026-09-27,2026-09-27,10,
https://www.onsemi.com/download/data-sheet/pdf/fdmc2523p-d.pdf,https://www.onsemi.com/download/data-sheet/pdf/fdmc2523p-d.pdf,200,248492,515681b72db1f0a470a76684b0030e1f117be63953fa6bb43701f0518ebb3641,2026-09-27,2026-09-27,10,
https://www.onsemi.com/download/data-sheet/pdf/fdmc2610-d.pdf,https://www.onsemi.com/download/data-sheet/pdf/fdmc2610-d.pdf,200,337682,7cf157ca709c24aa1039858bf691125bfad6621d4d7aedf0fbb6704653578d26,2026-09-27,2026-09-27,10,
https://www.onsemi.com/download/data-sheet/pdf/fdmc2674-d.pdf,https://www.onsemi.com/download/data-sheet/pdf/fdmc2674-d.pdf,200,314727,d5a6d8b5d3c99d82b3782edfe231983fc68287a0e3d1e818791df87222122fb4,2026-09-27,2026-09-27,10,
https://www.onsemi.com/download/data-sheet/pdf/fdmc3020dc-d.pdf,https://www.onsemi.com/download/data-sheet/pdf/fdmc3020dc-d.pdf,200,347760,48678a2684d1f957e0cb43e449ae8037979a9345580afd8f8629298a61f7e3eb,2026-09-27,2026-09-27,10,
https://www.onsemi.com/download/data-sheet/pdf/fdmc3612-d.pdf,https://www.onsemi.com/download/data-sheet/pdf/fdmc3612-d.pdf,200,566209,dd1a57d473e12498df66fe6ecb4badd5725d907f5778f225f026f3082474dde1,2026-09-27,2026-09-27,10,
https://www.onsemi.com/download/data-sheet/pdf/fdmc4435bz-d.pdf,https://www.onsemi.com/download/data-sheet/pdf/fdmc4435bz-d.pdf,200,636886,7f3a79b0febb70c6b2bbf7082de3515015eb2f6bd265cad10cc8410fb1e4a10a,2026-09-27,2026-09-27,10,
https://www.onsemi.com/download/data-sheet/pdf/fdmc510p-d.pdf,https://www.onsemi.com/download/data-sheet/pdf/fdmc510p-d.pdf,200,216262,3e5a7545a0c4e6127059625817ea9af6b89b81788f1bfbab1368d51a1c71c3bf,2026-09-27,2026-09-27,10,
https://www.onsemi.com/download/data-sheet/pdf/fdmc612pz-d.pdf,https://www.onsemi.com/download/data-sheet/pdf/fdmc612pz-d.pdf,200,380972,bce3ade7caf1df330d208fd58f8bec68b8926af7e51ee9d2022506253ff63b32,2026-09-27,2026-09-27,10,
https://www.onsemi.com/download/data-sheet/pdf/fdmc6679az-d.pdf,https://www.onsemi.com/download/data-sheet/pdf/fdmc6679az-d.pdf,200,267298,71361d5b9bb2daac6c2f276325090e22935fe2ce6d6d264a35376a529f4d702b,2026-09-27,2026-09-27,10,
https://www.onsemi.com/download/data-sheet/pdf/fdmc7570s-d.pdf,https://www.onsemi.com/download/data-sheet/pdf/fdmc7570s-d.pdf,200,464314,3e226ceb05b2e32e07e79d7e6e5d016000a9e98ad4c7ddd4a6a1492387a343db,2026-09-27,2026-09-27,10,
https://www.onsemi.com/download/data-sheet/pdf/fdmc7572s-d.pdf,https://www.onsemi.com/download/data-sheet/pdf/fdmc7572s-d.pdf,200,382263,b7a6f53f8cd4088abb536cb41c36277b4be149365388038a13f64f49c869e869,2026-09-27,2026-09-27,10,
https://www.onsemi.com/download/data-sheet/pdf/fdmc7582-d.pdf,https://www.onsemi.com/download/data-sheet/pdf/fdmc7582-d.pdf,200,398363,2b94d915265968af9dae48d0cc6cb1017af82e0d4dfc9373a27d3585f9a07051,2026-09-27,2026-09-27,10,
https://www.onsemi.com/download/data-sheet/pdf/fdmc7660-d.pdf,https://www.onsemi.com/download/data-sheet/pdf/fdmc7660-d.pdf,200,372625,117d2bbe24e8271cc2a433a3279d45bbcd9e3f53a5e9cf52b4ab6a7109957e38,2026-09-27,2026-09-27,10,
https://www.onsemi.com/download/data-sheet/pdf/fdmc7660dc-d.pdf,https://www.onsemi.com/download/data-sheet/pdf/fdmc7660dc-d.pdf,200,385282,798cb0f7d73d0f078d68ed69ecc96879ea73fd3cd4aa608ca2058e0bb4d9580d,2026-09-27,2026-09-27,10,
https://www.onsemi.com/download/data-sheet/pdf/fdmc7660s-d.pdf,https://www.onsemi.com/download/data-sheet/pdf/fdmc7660s-d.pdf,200,436196,9e55ac4ac0a974e4d67740a112656ecee87a7ce7c7b7f93064ee9c6e3061ac6a,2026-09-27,2026-09-27,10,
https://www.onsemi.com/download/data-sheet/pdf/fdmc7664-d.pdf,https://www.onsemi.com/download/data-sheet/pdf/fdmc7664-d.pdf,200,470158,778f2716d4f798cf83cb549da046cc2e349671423f0fafc9b4ab21d2d011400e,2026-09-27,2026-09-27,10,
https://www.onsemi.com/download/data-sheet/pdf/fdmc7672-d.pdf,https://www.onsemi.com/download/data-sheet/pdf/fdmc7672-d.pdf,200,322800,75385e6762f2f0363f6469826a4dbaced1963c1c20a7da2b147b3f6daeb98a37,2026-09-27,2026-09-27,10,
https://www.onsemi.com/download/data-sheet/pdf/fdmc7672s-d.pdf,https://www.onsemi.com/download/data-sheet/pdf/fdmc7672s-d.pdf,200,430381,21072fce37ce35de641c6b315f9e3da1b21061e3de56cd4540fb15c50944a02b,2026-09-27,2026-09-27,10,
https://www.onsemi.com/download/data-sheet/pdf/fdmc7680-d.pdf,https://www.onsemi.com/download/data-sheet/pdf/fdmc7680-d.pdf,200,317177,24da1ecc31d6085373a10053f6e4c6480c340db84c7dac6b8e97e77995a8f96e,2026-09-27,2026-09-27,10,
https://www.onsemi.com/download/data-sheet/pdf/fdmc7692-d.pdf,https://www.onsemi.com/download/data-sheet/pdf/fdmc7692-d.pdf,200,384311,76b7c18a7c24973324f630b659ccdf02d026d3c57c6837ea6acdaebd3a7f093d,2026-09-27,2026-09-27,10,
https://www.onsemi.com/download/data-sheet/pdf/fdmc7696-d.pdf,https://www.onsemi.com/download/data-sheet/pdf/fdmc7696-d.pdf,200,412404,de0bbc581046ba5ffbf30127e58c0aa0391aad02f0bb40ec0acd5bc2aec92b5d,2026-09-27,2026-09-27,10,
https://www.onsemi.com/download/data-sheet/pdf/fdmc8010-d.pdf,https://www.onsemi.com/download/data-sheet/pdf/fdmc8010-d.pdf,200,368882,65fbbb43515afcdc2390bfbd293009951e330f7b5ed821421142a0bc2022b1ee,2026-09-27,2026-09-27,10,
https://www.onsemi.com/download/data-sheet/pdf/fdmc8026s-d.pdf,https://www.onsemi.com/download/data-sheet/pdf/fdmc8026s-d.pdf,200,399897,6de42c64bb0c8a735072a397cd54ca7201894784aaf08057872b9ab62016c780,2026-09-27,2026-09-27,10,
https://www.onsemi.com/download/data-sheet/pdf/fdmc8030-d.pdf,https://www.onsemi.com/download/data-sheet/pdf/fdmc8030-d.pdf,200,368484,5e7729645bf483d895121c28df96022d1db78f4bffdeffd76adf90947da04e69,2026-09-27,2026-09-27,10,
https://www.onsemi.com/download/data-sheet/pdf/fdmc8032l-d.pdf,https://www.onsemi.com/download/data-sheet/pdf/fdmc8032l-d.pdf,200,372406,131e2a08d81d297af07330456d165be190c089607847053ace994f7e0b912d85,2026-09-27,2026-09-27,10,
https://www.onsemi.com/download/data-sheet/pdf/fdmc8296-d.pdf,https://www.onsemi.com/download/data-sheet/pdf/fdmc8296-d.pdf,200,465857,fb0f5a0abe9c3922793e12d7dcf8f24a522550b8081e06eafcdbfd291e5fa826,2026-09-27,2026-09-27,10,
https://www.onsemi.com/download/data-sheet/pdf/fdmc8321l-d.pdf,https://www.onsemi.com/download/data-sheet/pdf/fdmc8321l-d.pdf,200,481984,6dcd4ed311862ab38bd7efc624652a36e1ff0f8072a049df897459cf10c22d85,2026-09-27,2026-09-27,10,
https://www.onsemi.com/download/data-sheet/pdf/fdmc8360l-d.pdf,https://www.onsemi.com/download/data-sheet/pdf/fdmc8360l-d.pdf,200,409863,5161ba1f4cfbbd18a0855246bf67705828f3e7507b549b5cb1a1796057acb4ab,2026-09-27,2026-09-27,10,
https://www.onsemi.com/download/data-sheet/pdf/fdmc8462-d.pdf,https://www.onsemi.com/download/data-sheet/pdf/fdmc8462-d.pdf,200,483127,d14a9dce96c3af0ec125842102e7e61b4a8195c37a0dd3aa2fcd88f20c7ea646,2026-09-27,2026-09-27,10,
https://www.onsemi.com/download/data-sheet/pdf/fdmc8554-d.pdf,https://www.onsemi.com/download/data-sheet/pdf/fdmc8554-d.pdf,200,261387,b23e0ef4f7bbeb90ba08d93c503668e5ce3e01d957d2e497a0ba0d0be2efa804,2026-09-27,2026-09-27,10,
https://www.onsemi.com/download/data-sheet/pdf/fdmc8588-d.pdf,https://www.onsemi.com/download/data-sheet/pdf/fdmc8588-d.pdf,200,371146,662857bb45f4034fe5ff116c9999c92237668449c1d925599de17a419f2ea263,2026-09-27,2026-09-27,10,
https://www.onsemi.com/download/data-sheet/pdf/fdmc86012-d.pdf,https://www.onsemi.com/download/data-sheet/pdf/fdmc86012-d.pdf,200,365515,a3d8741b4c56f9bfcf989561247fbe0a4007966b12724143345c8fedb4782442,2026-09-27,2026-09-27,10,
https://www.onsemi.com/download/data-sheet/pdf/fdmc86102-d.pdf,https://www.onsemi.com/download/data-sheet/pdf/fdmc86102-d.pdf,200,428510,f791bcf67fb219280a4aa9a4b4b8c66e912acbe99363db6d8c1992076a98fca6,2026-09-27,2026-09-27,10,
https://www.onsemi.com/download/data-sheet/pdf/fdmc86102l-d.pdf,https://www.onsemi.com/download/data-sheet/pdf/fdmc86102l-d.pdf,200,328328,000465f305bbc2eba2723a40a6074f50ff4af2e39ad76923e81341659b4942c7,2026-09-27,2026-09-27,10,
https://www.onsemi.com/download/data-sheet/pdf/fdmc86102lz-d.pdf,https://www.onsemi.com/download/data-sheet/pdf/fdmc86102lz-d.pdf,200,358892,5806e1f8d39cdd352ae029e2fc182eedfa22fc77c12df8e8fa6190ed6b8c106c,2026-09-27,2026-09-27,10,
https://www.onsemi.com/download/data-sheet/pdf/fdmc86116lz-d.pdf,https://www.onsemi.com/download/data-sheet/pdf/fdmc86116lz-d.pdf,200,655281,145ba027bb5444e317b79ee4c1ed12764affbeac77213947a6aef05fc9cb5abb,2026-09-27,2026-09-27,10,
https://www.onsemi.com/download/data-sheet/pdf/fdmc86160-d.pdf,https://www.onsemi.com/download/data-sheet/pdf/fdmc86160-d.pdf,200,441150,83576c6da83422f3f0516afc66c313717775c732f045e0723d8ce09ca20a1ae5,2026-09-27,2026-09-27,10,
https://www.onsemi.com/download/data-sheet/pdf/fdmc8622-d.pdf,https://www.onsemi.com/download/data-sheet/pdf/fdmc8622-d.pdf,200,367507,55f24e329a0fa166ff7b0cb2a15dbd829e71c0b8d814a707e6f4a83446fae110,2026-09-27,2026-09-27,10,
https://www.onsemi.com/download/data-sheet/pdf/fdmc86240-d.pdf,https://www.onsemi.com/download/data-sheet/pdf/fdmc86240-d.pdf,200,470607,07b9b347b320ec50891dcd67e363ccb8e01aca731a460535b847151c50939351,2026-09-27,2026-09-27,10,
https://www.onsemi.com/download/data-sheet/pdf/fdmc86244-d.pdf,https://www.onsemi.com/download/data-sheet/pdf/fdmc86244-d.pdf,200,633477,40b4fdea10009cdc6152c16a1a8f5f43808394645faef98f298ca46b1856884c,2026-09-27,2026-09-27,10,
https://www.onsemi.com/download/data-sheet/pdf/fdmc86248-d.pdf,https://www.onsemi.com/download/data-sheet/pdf/fdmc86248-d.pdf,200,402910,6fbd8caae923143bbdebdb08fd6e2f20037b14eb802a475da71df31593024350,2026-09-27,2026-09-27,10,
https://www.onsemi.com/download/data-sheet/pdf/fdmc86260-d.pdf,https://www.onsemi.com/download/data-sheet/pdf/fdmc86260-d.pdf,200,366702,5e7f043e0ba7b204bd639bdb0367c77ef738d382facb3087da8548c957b5a711,2026-09-27,2026-09-27,10,
https://www.onsemi.com/download/data-sheet/pdf/fdmc86261p-d.pdf,https://www.onsemi.com/download/data-sheet/pdf/fdmc86261p-d.pdf,200,301884,f2a0a870ebb2c4d33e03eeb65df3ce23740c33db0e301b6b404ebc7d9337e45e,2026-09-27,2026-09-27,10,
https://www.onsemi.com/download/data-sheet/pdf/fdmc86265p-d.pdf,https://www.onsemi.com/download/data-sheet/pdf/fdmc86265p-d.pdf,200,334381,00c6d9f97cea6e3df91cde0ec3cee500b93dd930661b67377e243cc001b74bc3,2026-09-27,2026-09-27,10,
https://www.onsemi.com/download/data-sheet/pdf/fdmc86320-d.pdf,https://www.onsemi.com/download/data-sheet/pdf/fdmc86320-d.pdf,200,284720,d9a6d159e885c31459f0ad1df6d6f13398b03743e50feac31d3c1f120a69cd22,2026-09-27,2026-09-27,10,
https://www.onsemi.com/download/data-sheet/pdf/fdmc86324-d.pdf,https://www.onsemi.com/download/data-sheet/pdf/fdmc86324-d.pdf,200,412045,07d9c2b6f88211db6bd83613e0eb6221836a89d5fa071025879e98930ea1ab1a,2026-09-27,2026-09-27,10,
https://www.onsemi.com/download/data-sheet/pdf/fdmc8651-d.pdf,https://www.onsemi.com/download/data-sheet/pdf/fdmc8651-d.pdf,200,474932,130be5be558d882aab822913527f53dbeb46fa594c46a951f37d6fd24032c44a,2026-09-27,2026-09-27,10,
https://www.onsemi.com/download/data-sheet/pdf/fdmc86520dc-d.pdf,https://www.onsemi.com/download/data-sheet/pdf/fdmc86520dc-d.pdf,200,388100,d24d4c54101520a96c944ff5325394308e8793b0b96a5da15eaec4422c9f44d0,2026-09-27,2026-09-27,10,
https://www.onsemi.com/download/data-sheet/pdf/fdmc86520l-d.pdf,https://www.onsemi.com/download/data-sheet/pdf/fdmc86520l-d.pdf,200,261885,90b531acfd9af72d62b32f970b1d6442c032775d4d7dd65ab7dd7244c1a0b786,2026-09-27,2026-09-27,10,
https://www.onsemi.com/download/data-sheet/pdf/fdmc86570l-d.pdf,https://www.onsemi.com/download/data-sheet/pdf/fdmc86570l-d.pdf,200,353239,1ad77c41aecdd2f106fdbd5bee053e9984f66f9c5c8577efb2074309203e240c,2026-09-27,2026-09-27,10,
https://www.onsemi.com/download/data-sheet/pdf/fdmc8854-d.pdf,https://www.onsemi.com/download/data-sheet/pdf/fdmc8854-d.pdf,200,251968,3833b978042cf548fc5f87dff30fc48f2b950f9de482b4a5c2b9d168ebaa1c8b,2026-09-27,2026-09-27,10,
https://www.onsemi.com/download/data-sheet/pdf/fdmc8878-d.pdf,https://www.onsemi.com/download/data-sheet/pdf/fdmc8878-d.pdf,200,386602,08937a3db1c4ba4e489e7336f44949a75762c95af728d8707dc7d403a837cf3f,2026-09-27,2026-09-27,10,
https://www.onsemi.com/download/data-sheet/pdf/fdmc8882-d.pdf,https://www.onsemi.com/download/data-sheet/pdf/fdmc8882-d.pdf,200,424538,261a4ea44ac50b7596fe17c807e882160be5bccb098990888b1afbc27dc0a7c5,2026-09-27,2026-09-27,10,
https://www.onsemi.com/download/data-sheet/pdf/fdmc89521l-d.pdf,https://www.onsemi.com/download/data-sheet/pdf/fdmc89521l-d.pdf,200,292328,26dd7513588531cd9935d3bc96de4a0200b80b2ea5c179cb6bc590666bac37a7,2026-09-27,2026-09-27,10,
https://www.onsemi.com/download/data-sheet/pdf/fdmd84100-d.pdf,https://www.onsemi.com/download/data-sheet/pdf/fdmd84100-d.pdf,200,352043,7f33fc45286b899fb4a597a55895a78f11c9a2f27e68166e019d1add7feb8285,2026-09-27,2026-09-27,10,
https://www.onsemi.com/download/data-sheet/pdf/fdme1023pzt-d.pdf,https://www.onsemi.com/download/data-sheet/pdf/fdme1023pzt-d.pdf,200,351640,4a84881c648c08a3843175466f20ecb334b9b011417c062160b0cc6accf3d5a4,2026-09-27,2026-09-27,10,
https://www.onsemi.com/download/data-sheet/pdf/fdme1024nzt-d.pdf,https://www.onsemi.com/download/data-sheet/pdf/fdme1024nzt-d.pdf,200,272433,7e341dd651431607a1770c4656afad200634dd89c3861e6602cd25a9d6d7d5f7,2026-09-27,2026-09-27,10,
https://www.onsemi.com/download/data-sheet/pdf/fdme410nzt-d.pdf,https://www.onsemi.com/download/data-sheet/pdf/fdme410nzt-d.pdf,200,340008,50abd996a058f0ea43f2a87b9419469f0b29d7414c96779a421e8cf1ff5aee19,2026-09-27,2026-09-27,10,
https://www.onsemi.com/download/data-sheet/pdf/fdme510pzt-d.pdf,https://www.onsemi.com/download/data-sheet/pdf/fdme510pzt-d.pdf,200,333897,881d773df9f48d02e243ac79d7f308b2541b037434409cefa752f6a08f821aea,2026-09-27,2026-09-27,10,
https://www.onsemi.com/download/data-sheet/pdf/fdmf6707b-d.pdf,https://www.onsemi.com/download/data-sheet/pdf/fdmf6707b-d.pdf,200,1973119,da52a1e78dc7c5930bc75752186c15094f15701fd051ec07551f6bfb97e4f73a,2026-09-27,2026-09-27,10,
https://www.onsemi.com/download/data-sheet/pdf/fdmf6823a-d.pdf,https://www.onsemi.com/download/data-sheet/pdf/fdmf6823a-d.pdf,200,946347,35956f31ecb72f543ae6c87baf9ef1b4944ef2c7044d2efdf268ae8c5edcd020,2026-09-27,2026-09-27,10,
https://www.onsemi.com/download/data-sheet/pdf/fdmq8205a-d.pdf,https://www.onsemi.com/download/data-sheet/pdf/fdmq8205a-d.pdf,200,375265,e8a7695b7a18f3a1584b8fa13fc792776afc1fd9da7f149c69359b8558a8d4a4,2026-09-27,2026-09-27,10,
https://www.onsemi.com/download/data-sheet/pdf/fdmq8403-d.pdf,https://www.onsemi.com/download/data-sheet/pdf/fdmq8403-d.pdf,200,348517,b51b499a60e25836aa369ec37d6e5859d81fcceebd4b72f12699c09e6d645596,2026-09-27,2026-09-27,10,
https://www.onsemi.com/download/data-sheet/pdf/fdmq86530l-d.pdf,https://www.onsemi.com/download/data-sheet/pdf/fdmq86530l-d.pdf,200,319270,8668e03401f71996011c0af14a97f28779a6f16cabfb3fdb7c4f8c32c7593705,2026-09-27,2026-09-27,10,
https://www.onsemi.com/download/data-sheet/pdf/fdms015n04b-d.pdf,https://www.onsemi.com/download/data-sheet/pdf/fdms015n04b-d.pdf,200,1605137,909c6ec0f5cf4477e2c83fce7deb72d054ad06d17d3edd39fb6056fb920378ae,2026-09-27,2026-09-27,10,
https://www.onsemi.com/download/data-sheet/pdf/fdms0302s-d.pdf,https://www.onsemi.com/download/data-sheet/pdf/fdms0302s-d.pdf,200,555446,5a5127f4cc804eb54eaeb64d106279f6fccbad6107298958e36caacaadba4950,2026-09-27,2026-09-27,10,
https://www.onsemi.com/download/data-sheet/pdf/fdms0306as-d.pdf,https://www.onsemi.com/download/data-sheet/pdf/fdms0306as-d.pdf,200,513741,2a28b9271e937e5cb733c95942275a11ba9136f65da651fa43c01bd55ce52a51,2026-09-27,2026-09-27,10,
https://www.onsemi.com/download/data-sheet/pdf/fdms0309as-d.pdf,https://www.onsemi.com/download/data-sheet/pdf/fdms0309as-d.pdf,200,565284,71ef00e3b8267047a774b6876f888b9a6b8bf9186d60aa8fd3498a0085bf206e,2026-09-27,2026-09-27,10,
https://www.onsemi.com/download/data-sheet/pdf/fdms030n06b-d.pdf,https://www.onsemi.com/download/data-sheet/pdf/fdms030n06b-d.pdf,200,897301,e2710b3014a66d38b049f22d09a8018ff68882f3274a0d0f99b72e5f2d6f1089,2026-09-27,2026-09-27,10,
https://www.onsemi.com/download/data-sheet/pdf/fdms0310as-d.pdf,https://www.onsemi.com/download/data-sheet/pdf/fdms0310as-d.pdf,200,566279,101af74bae46bfc1e9257306f660bb4589eac01034581d8f9bbae989a7edd566,2026-09-27,2026-09-27,10,
https://www.onsemi.com/download/data-sheet/pdf/fdms0312s-d.pdf,https://www.onsemi.com/download/data-sheet/pdf/fdms0312s-d.pdf,200,571009,9116190513fd2cd2769949c48ce583e2a3a137436eec2c3d3d59bf72e174f5fc,2026-09-27,2026-09-27,10,
https://www.onsemi.com/download/data-sheet/pdf/fdms037n08b-d.pdf,https://www.onsemi.com/download/data-sheet/pdf/fdms037n08b-d.pdf,200,864813,893f096a9872181810f7488e8f4811df7053db9b925424ddda6a71034fb444ac,2026-09-27,2026-09-27,10,
https://www.onsemi.com/download/data-sheet/pdf/fdms039n08b-d.pdf,https://www.onsemi.com/download/data-sheet/pdf/fdms039n08b-d.pdf,200,812618,9536879bbd71a55d42e26ca9bd5682e7d0eac9c98e17eba9af74c6c3b7abba91,2026-09-27,2026-09-27,10,
https://www.onsemi.com/download/data-sheet/pdf/fdms2572-d.pdf,https://www.onsemi.com/download/data-sheet/pdf/fdms2572-d.pdf,200,298176,057267bfb21370b47bbd607ca6878e79615722770c77602b276c31a6392f19c3,2026-09-27,2026-09-27,10,
https://www.onsemi.com/download/data-sheet/pdf/fdms2734-d.pdf,https://www.onsemi.com/download/data-sheet/pdf/fdms2734-d.pdf,200,273354,efbfe62469332c9e381869349bdd78c73b618aebe988e76c7d937717665e6f79,2026-09-27,2026-09-27,10,
https://www.onsemi.com/download/data-sheet/pdf/fdms3006sdc-d.pdf,https://www.onsemi.com/download/data-sheet/pdf/fdms3006sdc-d.pdf,200,505059,5178d9248488edbcd0104f018ce90212b502f02bbb06db117725ec5f62db0696,2026-09-27,2026-09-27,10,
https://www.onsemi.com/download/data-sheet/pdf/fdms3008sdc-d.pdf,https://www.onsemi.com/download/data-sheet/pdf/fdms3008sdc-d.pdf,200,371726,34a3ef954e5918a2c35b966378c27a210896af7b085307a1efb88ca9ec04bf4e,2026-09-27,2026-09-27,10,
https://www.onsemi.com/download/data-sheet/pdf/fdms3016dc-d.pdf,https://www.onsemi.com/download/data-sheet/pdf/fdms3016dc-d.pdf,200,400869,e447ba6c50ff3d48aba529db1cf210802dada51cf941caa743aab7811694ea0d,2026-09-27,2026-09-27,10,
https://www.onsemi.com/download/data-sheet/pdf/fdms3500-d.pdf,https://www.onsemi.com/download/data-sheet/pdf/fdms3500-d.pdf,200,459407,950d99c75117711ee8984e673d45398c949d00879380ff058a8e1b58e6399047,2026-09-27,2026-09-27,10,
https://www.onsemi.com/download/data-sheet/pdf/fdms3572-d.pdf,https://www.onsemi.com/download/data-sheet/pdf/fdms3572-d.pdf,200,287065,60c11bc6609aa4c014876ac65660f42603e939d3db8fc596cb09ca8dff306b83,2026-09-27,2026-09-27,10,
https://www.onsemi.com/download/data-sheet/pdf/fdms3662-d.pdf,https://www.onsemi.com/download/data-sheet/pdf/fdms3662-d.pdf,200,547879,7290da2c551c73abf3dc98278e47f5ac819e7ee41d63906b0ae60bdbef6518e7,2026-09-27,2026-09-27,10,
https://www.onsemi.com/download/data-sheet/pdf/fdms3672-d.pdf,https://www.onsemi.com/download/data-sheet/pdf/fdms3672-d.pdf,200,273234,17708a61b33b7bd8858bb6da18cc5990f3b2bcf26f1eeec3611462b1efd455fd,2026-09-27,2026-09-27,10,
https://www.onsemi.com/download/data-sheet/pdf/fdms4435bz-d.pdf,https://www.onsemi.com/download/data-sheet/pdf/fdms4435bz-d.pdf,200,547936,c61ed3fc835b1343e68738495cbe662e6f26865245b86b32fcb83b356e6bea50,2026-09-27,2026-09-27,10,
https://www.onsemi.com/download/data-sheet/pdf/fdms5352-d.pdf,https://www.onsemi.com/download/data-sheet/pdf/fdms5352-d.pdf,200,564517,7aa9d8348b3a692045fb0a3ecb68333ec57f7e0831d74c0c1ed7643f05ad0a23,2026-09-27,2026-09-27,10,
https://www.onsemi.com/download/data-sheet/pdf/fdms5672-d.pdf,https://www.onsemi.com/download/data-sheet/pdf/fdms5672-d.pdf,200,678929,71a134608019fe43dfc7e7c107c6cb24e5c9491a6834b6a68aec17d0aa5d7ef3,2026-09-27,2026-09-27,10,
https://www.onsemi.com/download/data-sheet/pdf/fdms6673bz-d.pdf,https://www.onsemi.com/download/data-sheet/pdf/fdms6673bz-d.pdf,200,652976,d7619f087b4f96f3d36752d8bddb48f3270af69aca907dfacf09d92b8ced9eb4,2026-09-27,2026-09-27,10,
https://www.onsemi.com/download/data-sheet/pdf/fdms6681z-d.pdf,https://www.onsemi.com/download/data-sheet/pdf/fdms6681z-d.pdf,200,538187,9c3b0bbbb7c59e15df6c9933f4c465a111852ec7424629fc98590c3e1e2ac347,2026-09-27,2026-09-27,10,
https://www.onsemi.com/download/data-sheet/pdf/fdms7556s-d.pdf,https://www.onsemi.com/download/data-sheet/pdf/fdms7556s-d.pdf,200,386153,9ddaec92181659511a9c7cc61090a263867f5975063d8ee45af81947eccd4710,2026-09-27,2026-09-27,10,
https://www.onsemi.com/download/data-sheet/pdf/fdms7558s-d.pdf,https://www.onsemi.com/download/data-sheet/pdf/fdms7558s-d.pdf,200,425105,bf3fd0cbfa53d5548e627968bc2b89556a818f9502b875f91356ec71cb233585,2026-09-27,2026-09-27,10,
https://www.onsemi.com/download/data-sheet/pdf/fdms7560s-d.pdf,https://www.onsemi.com/download/data-sheet/pdf/fdms7560s-d.pdf,200,555210,ab9d31abe7e4d42efbcb2947c1ce99fe27bd91b38bd0ad7581e6d21f659b872d,2026-09-27,2026-09-27,10,
https://www.onsemi.com/download/data-sheet/pdf/fdms7570s-d.pdf,https://www.onsemi.com/download/data-sheet/pdf/fdms7570s-d.pdf,200,429082,fb7a5a82455fbc7f3b041422e1209ab0c4a140f4ea4b02585a558da9fa1b9bfa,2026-09-27,2026-09-27,10,
https://www.onsemi.com/download/data-sheet/pdf/fdms7572s-d.pdf,https://www.onsemi.com/download/data-sheet/pdf/fdms7572s-d.pdf,200,531582,7a54186ba0006cdbe2f8923e1eb1f28efcd0fd563daaf1d34de159dbd667e28e,2026-09-27,2026-09-27,10,
https://www.onsemi.com/download/data-sheet/pdf/fdms7578-d.pdf,https://www.onsemi.com/download/data-sheet/pdf/fdms7578-d.pdf,200,395691,a420ee40caa3437a6f89b755013cfcddc348e0afcf5e56331626f211960ebae0,2026-09-27,2026-09-27,10,
https://www.onsemi.com/download/data-sheet/pdf/fdms7580-d.pdf,https://www.onsemi.com/download/data-sheet/pdf/fdms7580-d.pdf,200,379422,af8e0fab3e35ae25d6c38a17037f23ad0eac71507bdaaac5e1afe5e27fa81cc3,2026-09-27,2026-09-27,10,
https://www.onsemi.com/download/data-sheet/pdf/fdms7650-d.pdf,https://www.onsemi.com/download/data-sheet/pdf/fdms7650-d.pdf,200,382937,804edab4185d3dd77524e395d8b947f24e271fb18f9c2f12dd8852dce1ae9662,2026-09-27,2026-09-27,10,
https://www.onsemi.com/download/data-sheet/pdf/fdms7650dc-d.pdf,https://www.onsemi.com/download/data-sheet/pdf/fdms7650dc-d.pdf,200,441791,06d28b458377931e5c73734ef213168032ee0413666e4a6b70442c1610cb51dc,2026-09-27,2026-09-27,10,
https://www.onsemi.com/download/data-sheet/pdf/fdms7656as-d.pdf,https://www.onsemi.com/download/data-sheet/pdf/fdms7656as-d.pdf,200,964450,3d14f8cfd2bd49af620c1932964a708c334c1d7ccba6074435d25aebadf43f64,2026-09-27,2026-09-27,10,
https://www.onsemi.com/download/data-sheet/pdf/fdms7658as-d.pdf,https://www.onsemi.com/download/data-sheet/pdf/fdms7658as-d.pdf,200,1013544,5796aa8024fe9954a6a3c3cc9c33f04f047051b14779a01d5fb397dfda14b627,2026-09-27,2026-09-27,10,
https://www.onsemi.com/download/data-sheet/pdf/fdms7660-d.pdf,https://www.onsemi.com/download/data-sheet/pdf/fdms7660-d.pdf,200,375656,e309051ca0d9568a5b0a592051126b479c45f8c003f21bf5971fa6c5915d3ffd,2026-09-27,2026-09-27,10,
https://www.onsemi.com/download/data-sheet/pdf/fdms7660as-d.pdf,https://www.onsemi.com/download/data-sheet/pdf/fdms7660as-d.pdf,200,1522165,391a4cb43a88de201dce8e27db0ee609a26fe88b3c6df606b275b95045243597,2026-09-27,2026-09-27,10,
https://www.onsemi.com/download/data-sheet/pdf/fdms7670-d.pdf,https://www.onsemi.com/download/data-sheet/pdf/fdms7670-d.pdf,200,538530,495f053bed214637481312063b2941b61f38f30aa0d3814dc54ea8b0a433e67b,2026-09-27,2026-09-27,10,
https://www.onsemi.com/download/data-sheet/pdf/fdms7670as-d.pdf,https://www.onsemi.com/download/data-sheet/pdf/fdms7670as-d.pdf,200,375542,3dd8276720fd3f3deb98dc306ba3431cf5a3de696f3aecfd63da68ff9ab16885,2026-09-27,2026-09-27,10,
https://www.onsemi.com/download/data-sheet/pdf/fdms7672-d.pdf,https://www.onsemi.com/download/data-sheet/pdf/fdms7672-d.pdf,200,403772,dc67e9034773c298ee39088cbace2d852669216a73d88b298d7127feb3c9f856,2026-09-27,2026-09-27,10,
https://www.onsemi.com/download/data-sheet/pdf/fdms7672as-d.pdf,https://www.onsemi.com/download/data-sheet/pdf/fdms7672as-d.pdf,200,500110,35bd97aec37fd2a1592370df06ca394f9c2350e90c3c4e545b0ed24dc6fd0c62,2026-09-27,2026-09-27,10,
https://www.onsemi.com/download/data-sheet/pdf/fdms7676-d.pdf,https://www.onsemi.com/download/data-sheet/pdf/fdms7676-d.pdf,200,382966,8a500f7c0a034e56003e4e7d56e4ab850d12c9466b75ca5bfb0e9c728b6b869e,2026-09-27,2026-09-27,10,
https://www.onsemi.com/download/data-sheet/pdf/fdms7678-d.pdf,https://www.onsemi.com/download/data-sheet/pdf/fdms7678-d.pdf,200,544442,5da3da79fa736c06b8d730a929b8207d0568e3c6e31a62e3dcbf8d0febc0823e,2026-09-27,2026-09-27,10,
https://www.onsemi.com/download/data-sheet/pdf/fdms7680-d.pdf,https://www.onsemi.com/download/data-sheet/pdf/fdms7680-d.pdf,200,551681,f5c003b33ab9051db46a1579b5458f13e8274cefa318404a76a44b10a639264b,2026-09-27,2026-09-27,10,
https://www.onsemi.com/download/data-sheet/pdf/fdms7682-d.pdf,https://www.onsemi.com/download/data-sheet/pdf/fdms7682-d.pdf,200,500050,f9b5d5ba3f9ac3c7270ee0143e310fe8dc61f57d25169059d6d49b9041755a58,2026-09-27,2026-09-27,10,
https://www.onsemi.com/download/data-sheet/pdf/fdms7692-d.pdf,https://www.onsemi.com/download/data-sheet/pdf/fdms7692-d.pdf,200,542372,3acd944c73bc7952cd1fb51823192830d9a5c07bbc8e4225995f7876182b14ec,2026-09-27,2026-09-27,10,
https://www.onsemi.com/download/data-sheet/pdf/fdms7692a-d.pdf,https://www.onsemi.com/download/data-sheet/pdf/fdms7692a-d.pdf,200,399773,0f1e6488ced5f7b79265bd053d6a2215ea817020b05794079b017566e2e349bb,2026-09-27,2026-09-27,10,
https://www.onsemi.com/download/data-sheet/pdf/fdms7694-d.pdf,https://www.onsemi.com/download/data-sheet/pdf/fdms7694-d.pdf,200,528477,40b13b1ef6616c23423e3d650ac57a0088a9564af41b5b717294d1ec1074debc,2026-09-27,2026-09-27,10,
https://www.onsemi.com/download/data-sheet/pdf/fdms7698-d.pdf,https://www.onsemi.com/download/data-sheet/pdf/fdms7698-d.pdf,200,523644,aba00a9d1e12cbf3a05257b480b842e52b09837347bdba6f239ca3aac72ab922,2026-09-27,2026-09-27,10,
https://www.onsemi.com/download/data-sheet/pdf/fdms8018-d.pdf,https://www.onsemi.com/download/data-sheet/pdf/fdms8018-d.pdf,200,544265,d3ee9e18b813729af6b7a8183df27315a61754242910349af983f6058edd91e1,2026-09-27,2026-09-27,10,
https://www.onsemi.com/download/data-sheet/pdf/fdms8023s-d.pdf,https://www.onsemi.com/download/data-sheet/pdf/fdms8023s-d.pdf,200,541567,13d4ac2f02951cd7a0da4f8d9599bef489aa340e1fca7dcf92589cd4a8bfcb1f,2026-09-27,2026-09-27,10,
https://www.onsemi.com/download/data-sheet/pdf/fdms8025s-d.pdf,https://www.onsemi.com/download/data-sheet/pdf/fdms8025s-d.pdf,200,399775,86358e864d792c93d0ad0dcff0da86f26dfe167d44ee07ff78bcde1bdfe29687,2026-09-27,2026-09-27,10,
https://www.onsemi.com/download/data-sheet/pdf/fdms8026s-d.pdf,https://www.onsemi.com/download/data-sheet/pdf/fdms8026s-d.pdf,200,408097,4ed325dfff13cef7f6599cec1a6b7376024c45b6b2d3406b9c1a70fa6020c784,2026-09-27,2026-09-27,10,
https://www.onsemi.com/download/data-sheet/pdf/fdms8027s-d.pdf,https://www.onsemi.com/download/data-sheet/pdf/fdms8027s-d.pdf,200,522016,b8493b4e54e95bec9307713623db163531c13ccf9dc92c668b5939cb369044fa,2026-09-27,2026-09-27,10,
https://www.onsemi.com/download/data-sheet/pdf/fdms8050-d.pdf,https://www.onsemi.com/download/data-sheet/pdf/fdms8050-d.pdf,200,367039,85563c63ba66f3d29a7991982b124a5a0fc139d74b8d7161d02800c1fed5ba85,2026-09-27,2026-09-27,10,
https://www.onsemi.com/download/data-sheet/pdf/fdms8090-d.pdf,https://www.onsemi.com/download/data-sheet/pdf/fdms8090-d.pdf,200,448526,5dcb0dd84b4bd0e3905c72f58fa45eb53462656ad7151e1b8a7eea824275e85f,2026-09-27,2026-09-27,10,
https://www.onsemi.com/download/data-sheet/pdf/fdms8320l-d.pdf,https://www.onsemi.com/download/data-sheet/pdf/fdms8320l-d.pdf,200,462478,ff8675307b16d94aba09e115881fcda4ea3376c8f84dba2cfd357f30c810c239,2026-09-27,2026-09-27,10,
https://www.onsemi.com/download/data-sheet/pdf/fdms8320ldc-d.pdf,https://www.onsemi.com/download/data-sheet/pdf/fdms8320ldc-d.pdf,200,416309,78ea582abe9297f6796b2745bd36a2eb0cb3a3a5eff72b360d2d8ca0041aea8a,2026-09-27,2026-09-27,10,
https://www.onsemi.com/download/data-sheet/pdf/fdms8333l-d.pdf,https://www.onsemi.com/download/data-sheet/pdf/fdms8333l-d.pdf,200,549352,caadc4fa068648a71d4ebfbe39892fb9032af375276079f2006c59076b34c668,2026-09-27,2026-09-27,10,
https://www.onsemi.com/download/data-sheet/pdf/fdms8350l-d.pdf,https://www.onsemi.com/download/data-sheet/pdf/fdms8350l-d.pdf,200,339275,e37b1edb5868f3f08fc13a0371aeb03bc666d271e3fa0824f3f0c5556cb42182,2026-09-27,2026-09-27,10,
https://www.onsemi.com/download/data-sheet/pdf/fdms8460-d.pdf,https://www.onsemi.com/download/data-sheet/pdf/fdms8460-d.pdf,200,546299,85011d170479b1f059b57ee8af7338516ca8278947e0c75390b2a18a323197c6,2026-09-27,2026-09-27,10,
https://www.onsemi.com/download/data-sheet/pdf/fdms8558s-d.pdf,https://www.onsemi.com/download/data-sheet/pdf/fdms8558s-d.pdf,200,432497,37bdc93f64ac5bcb6597a9d7c9efa4af6b53c7cc3f07072c51484bbdf5aaaabb,2026-09-27,2026-09-27,10,
https://www.onsemi.com/download/data-sheet/pdf/fdms8558sdc-d.pdf,https://www.onsemi.com/download/data-sheet/pdf/fdms8558sdc-d.pdf,200,507239,0bcf024268a1e44a579669d62e425329fafe4b562a32aea882947f2181958142,2026-09-27,2026-09-27,10,
https://www.onsemi.com/download/data-sheet/pdf/fdms8570sdc-d.pdf,https://www.onsemi.com/download/data-sheet/pdf/fdms8570sdc-d.pdf,200,508149,5ff8f65dbe2677e489646bdaafe6de045e443e3ae285839d01fc9e5a019afb87,2026-09-27,2026-09-27,10,
https://www.onsemi.com/download/data-sheet/pdf/fdms86101-d.pdf,https://www.onsemi.com/download/data-sheet/pdf/fdms86101-d.pdf,200,592331,ac1f897a26b8e8b24d701e9fecb465d33f5d4f965f467b0d0226cf188070f57d,2026-09-27,2026-09-27,10,
https://www.onsemi.com/download/data-sheet/pdf/fdms86101a-d.pdf,https://www.onsemi.com/download/data-sheet/pdf/fdms86101a-d.pdf,200,505991,aefdc66afabfb8d852ee833411624e3e6e3abb842bfc84fa7754831cbaffb1d6,2026-09-27,2026-09-27,10,
https://www.onsemi.com/download/data-sheet/pdf/fdms86101dc-d.pdf,https://www.onsemi.com/download/data-sheet/pdf/fdms86101dc-d.pdf,200,571779,46d4431d4a31bc33e0bffd3e6f17843a935e272173b401561fb57a159039b4cc,2026-09-27,2026-09-27,10,
https://www.onsemi.com/download/data-sheet/pdf/fdms86102lz-d.pdf,https://www.onsemi.com/download/data-sheet/pdf/fdms86102lz-d.pdf,200,522894,fcc6c650a6612c3e874ce56d55c12eb9c4b729e5f7a51462b569a9c3955c5630,2026-09-27,2026-09-27,10,
https://www.onsemi.com/download/data-sheet/pdf/fdms86104-d.pdf,https://www.onsemi.com/download/data-sheet/pdf/fdms86104-d.pdf,200,511696,53bec8ce38f1f6509047d9c9e4473affa8d72f1a56bdc11a46c849d9270f994b,2026-09-27,2026-09-27,10,
https://www.onsemi.com/download/data-sheet/pdf/fdms86150-d.pdf,https://www.onsemi.com/download/data-sheet/pdf/fdms86150-d.pdf,200,350921,e558ec7c34e69363afce4b20f591527300df758a1f34ea4a67c634effa7773ae,2026-09-27,2026-09-27,10,
https://www.onsemi.com/download/data-sheet/pdf/fdms86152-d.pdf,https://www.onsemi.com/download/data-sheet/pdf/fdms86152-d.pdf,200,350129,4c88432645357f90f7d58181a80d98ddbbb8c48fcd9b286042950f87ac3654d5,2026-09-27,2026-09-27,10,
https://www.onsemi.com/download/data-sheet/pdf/fdms86200-d.pdf,https://www.onsemi.com/download/data-sheet/pdf/fdms86200-d.pdf,200,516026,2a0bb324ca26e632f97c29defdbd37f8969c63fed5bc9bb78a3b9ab61065b62f,2026-09-27,2026-09-27,10,
https://www.onsemi.com/download/data-sheet/pdf/fdms86201-d.pdf,https://www.onsemi.com/download/data-sheet/pdf/fdms86201-d.pdf,200,581978,debdbbec8426961a11a83683e4fc504d23ef7d29ea15bc933bf90d50dbc568cd,2026-09-27,2026-09-27,10,
https://www.onsemi.com/download/data-sheet/pdf/fdms86202-d.pdf,https://www.onsemi.com/download/data-sheet/pdf/fdms86202-d.pdf,200,383851,7940bbbd2b9ffabbbd96f4085f22f24dbea9b273663d8063d425a06de60f8ac0,2026-09-27,2026-09-27,10,
https://www.onsemi.com/download/data-sheet/pdf/fdms8622-d.pdf,https://www.onsemi.com/download/data-sheet/pdf/fdms8622-d.pdf,200,545005,d56a66ec13a1c9b6afa084e14c2655b6a489a4360806413fa835548c1acbb346,2026-09-27,2026-09-27,10,
https://www.onsemi.com/download/data-sheet/pdf/fdms86252-d.pdf,https://www.onsemi.com/download/data-sheet/pdf/fdms86252-d.pdf,200,536955,57fbf1bc061c07e13ecd0826fa2e7e11b6606eb5a32af24ad90a58e293c56706,2026-09-27,2026-09-27,10,
https://www.onsemi.com/download/data-sheet/pdf/fdms86255-d.pdf,https://www.onsemi.com/download/data-sheet/pdf/fdms86255-d.pdf,200,435797,01c5249af7ccb4ce85c6d2e2f93d9172db08a6193ebf38bd56584b26fa30d995,2026-09-27,2026-09-27,10,
https://www.onsemi.com/download/data-sheet/pdf/fdms86263p-d.pdf,https://www.onsemi.com/download/data-sheet/pdf/fdms86263p-d.pdf,200,496564,f156688eea92b8c27008f31b873b1eda73805ae99587635d8c2dc70b5b8d5ab2,2026-09-27,2026-09-27,10,
https://www.onsemi.com/download/data-sheet/pdf/fdms86300-d.pdf,https://www.onsemi.com/download/data-sheet/pdf/fdms86300-d.pdf,200,450623,19bf68ca84d55db08b2448d97aa8d92c7cd4308cb256ae0a73c59f44f0d225cd,2026-09-27,2026-09-27,10,
https://www.onsemi.com/download/data-sheet/pdf/fdms86310-d.pdf,https://www.onsemi.com/download/data-sheet/pdf/fdms86310-d.pdf,200,567072,e797fd071ca68dff9290c7bf9bfdc451d7325f7bb4c6dae22b684e02feef4ee8,2026-09-27,2026-09-27,10,
https://www.onsemi.com/download/data-sheet/pdf/fdms86320-d.pdf,https://www.onsemi.com/download/data-sheet/pdf/fdms86320-d.pdf,200,581382,3283e6fea2dda386a6e65f5226ec1e2935caaa8561a11aaac8aea7d86e6578e8,2026-09-27,2026-09-27,10,
https://www.onsemi.com/download/data-sheet/pdf/fdms86322-d.pdf,https://www.onsemi.com/download/data-sheet/pdf/fdms86322-d.pdf,200,568967,2cf6ad3efb71bf6454ed4fd072f6ee4b935bded134e3f5fa90710431cdf377b2,2026-09-27,2026-09-27,10,
https://www.onsemi.com/download/data-sheet/pdf/fdms86350-d.pdf,https://www.onsemi.com/download/data-sheet/pdf/fdms86350-d.pdf,200,496839,5653f3a7c9a38d964b0b64bf8879d1e7ae9cc65381c9886a20d0c1569c78f0a5,2026-09-27,2026-09-27,10,
https://www.onsemi.com/download/data-sheet/pdf/fdms86500dc-d.pdf,https://www.onsemi.com/download/data-sheet/pdf/fdms86500dc-d.pdf,200,473236,9d8c8ce4c6ae85e7bce5f0817af33ac58f7c59235589e939a1e27b24d16f84a6,2026-09-27,2026-09-27,10,
https://www.onsemi.com/download/data-sheet/pdf/fdms86520-d.pdf,https://www.onsemi.com/download/data-sheet/pdf/fdms86520-d.pdf,200,487505,bd560b6c18e18d6bea50f96a0ca84253d7fc35ef108d40fcd8ecc8aabcf855fd,2026-09-27,2026-09-27,10,
https://www.onsemi.com/download/data-sheet/pdf/fdms86520l-d.pdf,https://www.onsemi.com/download/data-sheet/pdf/fdms86520l-d.pdf,200,530786,979554071dac405754e18a53df82f439e430816b5f284f1ce2501f3e8e08c4ec,2026-09-27,2026-09-27,10,
https://www.onsemi.com/download/data-sheet/pdf/fdms86540-d.pdf,https://www.onsemi.com/download/data-sheet/pdf/fdms86540-d.pdf,200,561562,fbc43455415095a288d3df91513f1228ed90fac299ac6c9450d41409c4aca467,2026-09-27,2026-09-27,10,
https://www.onsemi.com/download/data-sheet/pdf/fdms8670s-d.pdf,https://www.onsemi.com/download/data-sheet/pdf/fdms8670s-d.pdf,200,385236,3bbd476583f325e69e53c5c9613c4542294cc4012881a36e86c12b18ccf960af,2026-09-27,2026-09-27,10,
https://www.onsemi.com/download/data-sheet/pdf/fdms8680-d.pdf,https://www.onsemi.com/download/data-sheet/pdf/fdms8680-d.pdf,200,1149777,d9e6af9e57fa5070e2fa5db5493c6055e79a91471baf58fd0b0d5982de18ce6c,2026-09-27,2026-09-27,10,
https://www.onsemi.com/download/data-sheet/pdf/fdms8820-d.pdf,https://www.onsemi.com/download/data-sheet/pdf/fdms8820-d.pdf,200,550429,c22f96593efa8f61bdc05fd47a6ede8f2046ca992541d8a334e80c0f7be30571,2026-09-27,2026-09-27,10,
https://www.onsemi.com/download/data-sheet/pdf/fdms8880-d.pdf,https://www.onsemi.com/download/data-sheet/pdf/fdms8880-d.pdf,200,361018,02e7544ce8e516180a89dd8ecb92c913eca2b58f39a8e40aeee189410b8feb5e,2026-09-27,2026-09-27,10,
https://www.onsemi.com/download/data-sheet/pdf/fdn302p-d.pdf,https://www.onsemi.com/download/data-sheet/pdf/fdn302p-d.pdf,200,293419,c6316424fa1b1a54b940848b7429b86312e7a14932208900d41517d5c555e7f3,2026-09-27,2026-09-27,10,
https://www.onsemi.com/download/data-sheet/pdf/fdn304p-d.pdf,https://www.onsemi.com/download/data-sheet/pdf/fdn304p-d.pdf,200,289112,4ea0290fe7dc64e262830634a7fd547e03ce62345dd417e9d454e9512b74f09f,2026-09-27,2026-09-27,10,
https://www.onsemi.com/download/data-sheet/pdf/fdn306p-d.pdf,https://www.onsemi.com/download/data-sheet/pdf/fdn306p-d.pdf,200,278487,e9126f2ab564cfc704376016c6af7793730cd76593cc23f182881a01fe4d0434,2026-09-27,2026-09-27,10,
https://www.onsemi.com/download/data-sheet/pdf/fdn308p-d.pdf,https://www.onsemi.com/download/data-sheet/pdf/fdn308p-d.pdf,200,279836,fc33add5c1805e264c290d6226180c27613f11390d79016b28bce2c25e12b3c8,2026-09-27,2026-09-27,10,
https://www.onsemi.com/download/data-sheet/pdf/fdn327n-d.pdf,https://www.onsemi.com/download/data-sheet/pdf/fdn327n-d.pdf,200,344545,0074ab4283e284edd7d38486559b2e01a196b758c5c2d28dea6781b76d878b86,2026-09-27,2026-09-27,10,
https://www.onsemi.com/download/data-sheet/pdf/fdn335n-d.pdf,https://www.onsemi.com/download/data-sheet/pdf/fdn335n-d.pdf,200,280302,3f75b91677699c8f5644d78dedc70a5b8123cc2d2bae659b9e51e710cd47a410,2026-09-27,2026-09-27,10,
https://www.onsemi.com/download/data-sheet/pdf/fdn337n-d.pdf,https://www.onsemi.com/download/data-sheet/pdf/fdn337n-d.pdf,200,270669,5f4ad126bac9e1c3f3ed899e5cb7ce4da75de7de798f13db780901ee53efd7ea,2026-09-27,2026-09-27,10,
https://www.onsemi.com/download/data-sheet/pdf/fdn338p-d.pdf,https://www.onsemi.com/download/data-sheet/pdf/fdn338p-d.pdf,200,276002,7c0a5dddb190d403f0bbc9127010bb05c7ca471e67fdb075efa57a28174ccb3d,2026-09-27,2026-09-27,10,
https://www.onsemi.com/download/data-sheet/pdf/fdn339an-d.pdf,https://www.onsemi.com/download/data-sheet/pdf/fdn339an-d.pdf,200,275652,03fd53aef0212eeae3ff2a5a01f6cbdade02878e65492ecd6f884a457cba53b8,2026-09-27,2026-09-27,10,
https://www.onsemi.com/download/data-sheet/pdf/fdn340p-d.pdf,https://www.onsemi.com/download/data-sheet/pdf/fdn340p-d.pdf,200,332262,334ffca2fc60f6db4de9432b60da55cc5db12e175dd79cc8a0e3fdb454d64699,2026-09-27,2026-09-27,10,
https://www.onsemi.com/download/data-sheet/pdf/fdn342p-d.pdf,https://www.onsemi.com/download/data-sheet/pdf/fdn342p-d.pdf,200,298030,02853e6de75ef5c826aa0cc0a1174c64e3a8f83de269e431dc6c0ba74ec84746,2026-09-27,2026-09-27,10,
https://www.onsemi.com/download/data-sheet/pdf/fdn352ap-d.pdf,https://www.onsemi.com/download/data-sheet/pdf/fdn352ap-d.pdf,200,229258,45cf305199cddb9ed292bc6b3be22eae851a8a15269e7526a35d86d94a44eac4,2026-09-27,2026-09-27,10,
https://www.onsemi.com/download/data-sheet/pdf/fdn357n-d.pdf,https://www.onsemi.com/download/data-sheet/pdf/fdn357n-d.pdf,200,271966,004285e8506efed3e6de3e4d36a702bcfb62957d7f61ef54f1bcea6274dd687e,2026-09-27,2026-09-27,10,
https://www.onsemi.com/download/data-sheet/pdf/fdn358p-d.pdf,https://www.onsemi.com/download/data-sheet/pdf/fdn358p-d.pdf,200,283664,0a89f648c6a96b8419401e2ce12d55945f702262448e3597edaffc30e7f76696,2026-09-27,2026-09-27,10,
https://www.onsemi.com/download/data-sheet/pdf/fdn359an-d.pdf,https://www.onsemi.com/download/data-sheet/pdf/fdn359an-d.pdf,200,275304,f962d57bcace87638b56dd8c584872b48241e046168583da98864a2f6af17e4f,2026-09-27,2026-09-27,10,
https://www.onsemi.com/download/data-sheet/pdf/fdn359bn-d.pdf,https://www.onsemi.com/download/data-sheet/pdf/fdn359bn-d.pdf,200,285740,ba2d3e42e52b242a556952dcdfdefbad46364cd0d33490edaea34a1806f33b32,2026-09-27,2026-09-27,10,
https://www.onsemi.com/download/data-sheet/pdf/fdn360p-d.pdf,https://www.onsemi.com/download/data-sheet/pdf/fdn360p-d.pdf,200,290457,6b8212eca80afbf55f9a00ea7fa13bc40c15fc085cdf0471f12507d762658f84,2026-09-27,2026-09-27,10,
https://www.onsemi.com/download/data-sheet/pdf/fdn361bn-d.pdf,https://www.onsemi.com/download/data-sheet/pdf/fdn361bn-d.pdf,200,239687,08a8a447bba75cbae6f72745af57ce12c39d584fdc339182c0d6010f8301e625,2026-09-27,2026-09-27,10,
https://www.onsemi.com/download/data-sheet/pdf/fdn537n-d.pdf,https://www.onsemi.com/download/data-sheet/pdf/fdn537n-d.pdf,200,346262,a444365144b7b5e4efa6fbd22e7a7f86cdb5d01587acbd8a53236a8ad4d2c88e,2026-09-27,2026-09-27,10,
https://www.onsemi.com/download/data-sheet/pdf/fdn5618p-d.pdf,https://www.onsemi.com/download/data-sheet/pdf/fdn5618p-d.pdf,200,281433,52dfa1820e9653be5cfd5956418c5c94b937e411901bfc96d34c30ff6b7eb5b7,2026-09-27,2026-09-27,10,
https://www.onsemi.com/download/data-sheet/pdf/fdn5630-d.pdf,https://www.onsemi.com/download/data-sheet/pdf/fdn5630-d.pdf,200,279721,32ad6b5ebd872de1751de7ac0e590b4b389e93d8bdcd7513e60daaea2a82a2eb,2026-09-27,2026-09-27,10,
https://www.onsemi.com/download/data-sheet/pdf/fdn8601-d.pdf,https://www.onsemi.com/download/data-sheet/pdf/fdn8601-d.pdf,200,320802,42fde0f41dee0a7fbdc17f94d54333beea2f45cc38c3178ef565617f273fc95e,2026-09-27,2026-09-27,10,
https://www.onsemi.com/download/data-sheet/pdf/fdn86246-d.pdf,https://www.onsemi.com/download/data-sheet/pdf/fdn86246-d.pdf,200,306068,39041787688a354080ef8159592a4d7d5d5473ac60bf22b84d565858d2da2ce2,2026-09-27,2026-09-27,10,
https://www.onsemi.com/download/data-sheet/pdf/fdp025n06-d.pdf,https://www.onsemi.com/download/data-sheet/pdf/fdp025n06-d.pdf,200,912639,dbc486c711598b3d57b8832c9121b2ba1fdce351c98d5f5e20dea1d56a153c42,2026-09-27,2026-09-27,10,
https://www.onsemi.com/download/data-sheet/pdf/fdp030n06-d.pdf,https://www.onsemi.com/download/data-sheet/pdf/fdp030n06-d.pdf,200,919494,dab62337461d043809b0341b43638e26095fb6e142f38c93356fccfd11d6be8b,2026-09-27,2026-09-27,10,
https://www.onsemi.com/download/data-sheet/pdf/fdp032n08-d.pdf,https://www.onsemi.com/download/data-sheet/pdf/fdp032n08-d.pdf,200,942421,a3e09793bb76004bf858be120d0f2418a2a8ef7284ac99c159f505d93bc369e5,2026-09-27,2026-09-27,10,
https://www.onsemi.com/download/data-sheet/pdf/fdp032n08b-d.pdf,https://www.onsemi.com/download/data-sheet/pdf/fdp032n08b-d.pdf,200,780173,71d367726273925b9352bcd99c694d91b5c0e001d43cccb0229a223876bee6ec,2026-09-27,2026-09-27,10,
https://www.onsemi.com/download/data-sheet/pdf/fdp036n10a-d.pdf,https://www.onsemi.com/download/data-sheet/pdf/fdp036n10a-d.pdf,200,675980,6bc595ff5df7ca2e94c944b4c832830dae3b7124de7ff2d54b70b00c4fb6a425,2026-09-27,2026-09-27,10,
https://www.onsemi.com/download/data-sheet/pdf/fdp038an06a0-d.pdf,https://www.onsemi.com/download/data-sheet/pdf/fdp038an06a0-d.pdf,200,671243,043379c02771cf94f481d56d99f120fcd4d1007cd581e2e150c79bad454272cb,2026-09-27,2026-09-27,10,
https://www.onsemi.com/download/data-sheet/pdf/fdp047n08-d.pdf,https://www.onsemi.com/download/data-sheet/pdf/fdp047n08-d.pdf,200,701673,95edd594784705284ca4ae72069f010eedf0d836bb32abc87ef3401a278422c3,2026-09-27,2026-09-27,10,
https://www.onsemi.com/download/data-sheet/pdf/fdp047n10-d.pdf,https://www.onsemi.com/download/data-sheet/pdf/fdp047n10-d.pdf,200,915202,12ef5976c716d9ddd8c8df90c735b0759e567b863bd091e67ada2d4237f11ebc,2026-09-27,2026-09-27,10,
https://www.onsemi.com/download/data-sheet/pdf/fdp054n10-d.pdf,https://www.onsemi.com/download/data-sheet/pdf/fdp054n10-d.pdf,200,922748,34a77e5747075dc1612410b9ee86a9f1749785156172786a35c36d46ab2d7969,2026-09-27,2026-09-27,10,
https://www.onsemi.com/download/data-sheet/pdf/fdp090n10-d.pdf,https://www.onsemi.com/download/data-sheet/pdf/fdp090n10-d.pdf,200,583411,a28ada6544b1b57c43c7c696e6b4b3035a0adbb39c7f86a732856d2b8537819d,2026-09-27,2026-09-27,10,
https://www.onsemi.com/download/data-sheet/pdf/fdp120n10-d.pdf,https://www.onsemi.com/download/data-sheet/pdf/fdp120n10-d.pdf,200,469790,eee10d1ff986bb3a632f37c55554694b498b20a996749f8627e0c8384199dfe7,2026-09-27,2026-09-27,10,
https://www.onsemi.com/download/data-sheet/pdf/fdp150n10-d.pdf,https://www.onsemi.com/download/data-sheet/pdf/fdp150n10-d.pdf,200,703281,8d7657ed4655972c97e1efaa877ed2b41468776cadf46fe04481618ed1e98c39,2026-09-27,2026-09-27,10,
https://www.onsemi.com/download/data-sheet/pdf/fdp150n10a-d.pdf,https://www.onsemi.com/download/data-sheet/pdf/fdp150n10a-d.pdf,200,586060,5ceaf454b88e9033732c4b4a27de38a6c04c16e5d8570b1176468a27158ba27e,2026-09-27,2026-09-27,10,
https://www.onsemi.com/download/data-sheet/pdf/fdp19n40-d.pdf,https://www.onsemi.com/download/data-sheet/pdf/fdp19n40-d.pdf,200,683036,529da994a78f11cec553272883ef4256371a9f0b6922fe416cf4e79a51444520,2026-09-27,2026-09-27,10,
https://www.onsemi.com/download/data-sheet/pdf/fdp22n50n-d.pdf,https://www.onsemi.com/download/data-sheet/pdf/fdp22n50n-d.pdf,200,473295,5bdf7b994f6313788b0495b87b490e30f3b0ffeb9fc110ca56095235a6fd80f6,2026-09-27,2026-09-27,10,
https://www.onsemi.com/download/data-sheet/pdf/fdp2552-d.pdf,https://www.onsemi.com/download/data-sheet/pdf/fdp2552-d.pdf,200,644754,59284c5a5bf9d450ad47d9cc2fa09f765e1e834e2c8e6f4bdf1471a513828c88,2026-09-27,2026-09-27,10,
https://www.onsemi.com/download/data-sheet/pdf/fdp26n40-d.pdf,https://www.onsemi.com/download/data-sheet/pdf/fdp26n40-d.pdf,200,910313,cc315b92bac0251cf361f8962a051fc26e8eeb3fb1b6c51f8ce57d9cc8b2fb9a,2026-09-27,2026-09-27,10,
https://www.onsemi.com/download/data-sheet/pdf/fdp2710-d.pdf,https://www.onsemi.com/download/data-sheet/pdf/fdp2710-d.pdf,200,1194200,b22ff0ce3f286832392cc1d8cd09fe057a1a7817dddf0a077b2eb0dedf531e0b,2026-09-27,2026-09-27,10,
https://www.onsemi.com/download/data-sheet/pdf/fdp3651u-d.pdf,https://www.onsemi.com/download/data-sheet/pdf/fdp3651u-d.pdf,200,702776,7e055f95f33a14696bb75159cf968969a655c5538f5c002ebd1057184ea4fbc1,2026-09-27,2026-09-27,10,
https://www.onsemi.com/download/data-sheet/pdf/fdp3672-d.pdf,https://www.onsemi.com/download/data-sheet/pdf/fdp3672-d.pdf,200,532274,cb49e85f100f6cbdf9f5789c83aa0277bb34995945d95012c8ecf232ef3cdda9,2026-09-27,2026-09-27,10,
https://www.onsemi.com/download/data-sheet/pdf/fdp52n20-d.pdf,https://www.onsemi.com/download/data-sheet/pdf/fdp52n20-d.pdf,200,680403,4772fd5009ac4740c3b43474b4d688db5f5c4a4d5dc31f4e8037824ecd90e9ec,2026-09-27,2026-09-27,10,
https://www.onsemi.com/download/data-sheet/pdf/fdp6030bl-d.pdf,https://www.onsemi.com/download/data-sheet/pdf/fdp6030bl-d.pdf,200,321890,dd4aade1072270cb9daef142fce4c7bdfada39c51667f5ae5ee5dc6e307febf0,2026-09-27,2026-09-27,10,
https://www.onsemi.com/download/data-sheet/pdf/fdp61n20-d.pdf,https://www.onsemi.com/download/data-sheet/pdf/fdp61n20-d.pdf,200,517002,57bc0380232f6ba2b5d0dc591ff561ec195222859bcc7e55719ff83d3799d9bc,2026-09-27,2026-09-27,10,
https://www.onsemi.com/download/data-sheet/pdf/fdp65n06-d.pdf,https://www.onsemi.com/download/data-sheet/pdf/fdp65n06-d.pdf,200,1118439,3095da9198fe651985ebd714b6e2468e8951671b571f1b5472626fa1adcee114,2026-09-27,2026-09-27,10,
https://www.onsemi.com/download/data-sheet/pdf/fdp7030bl-d.pdf,https://www.onsemi.com/download/data-sheet/pdf/fdp7030bl-d.pdf,200,221521,837c38f067c080b2fbfa19a1788956395eb56d18c678f9bae788db91899ee7b3,2026-09-27,2026-09-27,10,
https://www.onsemi.com/download/data-sheet/pdf/fdp8440-d.pdf,https://www.onsemi.com/download/data-sheet/pdf/fdp8440-d.pdf,200,662330,407741e3796daaa7fe415fc8b4ed55a5d057f60e388a14da97c921c13c93a99e,2026-09-27,2026-09-27,10,
https://www.onsemi.com/download/data-sheet/pdf/fdp8441-d.pdf,https://www.onsemi.com/download/data-sheet/pdf/fdp8441-d.pdf,200,524205,7fcbfcd2eae8f80311cd36e0951e03c5c5b0d80db3db43083c9caccd82c9ed64,2026-09-27,2026-09-27,10,
https://www.onsemi.com/download/data-sheet/pdf/fdp8447l-d.pdf,https://www.onsemi.com/download/data-sheet/pdf/fdp8447l-d.pdf,200,296051,8a5cfcabdf33937f7b1eeff57853b2b6b35f382995bc6d3935e1b9991caff2c8,2026-09-27,2026-09-27,10,
https://www.onsemi.com/download/data-sheet/pdf/fdp8860-d.pdf,https://www.onsemi.com/download/data-sheet/pdf/fdp8860-d.pdf,200,386476,547d8b90b90b58d6b2470eded42914838ff96e862c4afa9e16e04aff8b363bcb,2026-09-27,2026-09-27,10,
https://www.onsemi.com/download/data-sheet/pdf/fdp8870-d.pdf,https://www.onsemi.com/download/data-sheet/pdf/fdp8870-d.pdf,200,501430,d91898fd60742a51d35f8d7cf465d7ef0356ffbfab429a147b5c7303ed2b5879,2026-09-27,2026-09-27,10,
https://www.onsemi.com/download/data-sheet/pdf/fdp8874-d.pdf,https://www.onsemi.com/download/data-sheet/pdf/fdp8874-d.pdf,200,1049430,f3d5783656d756f8bad3dec1488eb3fd7ab3055bbe6a5e69bc2a8133352c6d95,2026-09-27,2026-09-27,10,
https://www.onsemi.com/download/data-sheet/pdf/fdp8880-d.pdf,https://www.onsemi.com/download/data-sheet/pdf/fdp8880-d.pdf,200,485720,e06895d4a3e24dc728e3f5dc32b053eef4f1cc577442020a1a7b256de19d65b2,2026-09-27,2026-09-27,10,
https://www.onsemi.com/download/data-sheet/pdf/fdp8896-d.pdf,https://www.onsemi.com/download/data-sheet/pdf/fdp8896-d.pdf,200,506635,38e46bb49fe2d197a0bd7b91dca3162b6064c82c55e82aaae1966650262706ae,2026-09-27,2026-09-27,10,
https://www.onsemi.com/download/data-sheet/pdf/fdpf045n10a-d.pdf,https://www.onsemi.com/download/data-sheet/pdf/fdpf045n10a-d.pdf,200,606634,3cd29e2773eb0378367871176f6d8e2b1d6fe07a26175cf425f708e65ff679a8,2026-09-27,2026-09-27,10,
https://www.onsemi.com/download/data-sheet/pdf/fdpf12n50ft-d.pdf,https://www.onsemi.com/download/data-sheet/pdf/fdpf12n50ft-d.pdf,200,682434,f9b0843eb317e7a8b6b1e8d3335aa317d9f8d5341a9c91f9b01eb007b22bbe84,2026-09-27,2026-09-27,10,
https://www.onsemi.com/download/data-sheet/pdf/fdpf190n15a-d.pdf,https://www.onsemi.com/download/data-sheet/pdf/fdpf190n15a-d.pdf,200,315537,9f23f2fab2da26b8aedf558960879123a6a5f1dc571a4493735538d3be4996d7,2026-09-27,2026-09-27,10,
https://www.onsemi.com/download/data-sheet/pdf/fdpf3860t-d.pdf,https://www.onsemi.com/download/data-sheet/pdf/fdpf3860t-d.pdf,200,694296,6e9d7c2fe04847197b0d7e767000d7eadc44bf2d9f9c8a74a471964151af3fc7,2026-09-27,2026-09-27,10,
https://www.onsemi.com/download/data-sheet/pdf/fdpf390n15a-d.pdf,https://www.onsemi.com/download/data-sheet/pdf/fdpf390n15a-d.pdf,200,359211,fa155cc956562b30a61fd82af41136f5a3d101bbb0af6afd8aed88ad4a028a02,2026-09-27,2026-09-27,10,
https://www.onsemi.com/download/data-sheet/pdf/fdpf3n50nz-d.pdf,https://www.onsemi.com/download/data-sheet/pdf/fdpf3n50nz-d.pdf,200,810236,bc85f360958afeca84378c32ab2dd516ce763a326153a2de4fb9c1d70d12a5d1,2026-09-27,2026-09-27,10,
https://www.onsemi.com/download/data-sheet/pdf/fdpf5n50nz-d.pdf,https://www.onsemi.com/download/data-sheet/pdf/fdpf5n50nz-d.pdf,200,1232980,b3646781c0b80a2bcb086d62c13e93dc17e0832a3fd2f3d01b92dd06ad2eca0d,2026-09-27,2026-09-27,10,
https://www.onsemi.com/download/data-sheet/pdf/fdpf680n10t-d.pdf,https://www.onsemi.com/download/data-sheet/pdf/fdpf680n10t-d.pdf,200,716749,35df77f15ea13394e008272412c0f53b687ea3e9f68f005e58b87c9da6ded3bb,2026-09-27,2026-09-27,10,
https://www.onsemi.com/download/data-sheet/pdf/fdpf770n15a-d.pdf,https://www.onsemi.com/download/data-sheet/pdf/fdpf770n15a-d.pdf,200,760077,e0db432727da6889cbdef442fe28be0566bd54e1b08f8aef2b29df5cf12b3501,2026-09-27,2026-09-27,10,
https://www.onsemi.com/download/data-sheet/pdf/fds2572-d.pdf,https://www.onsemi.com/download/data-sheet/pdf/fds2572-d.pdf,200,384653,43c13ec95896e39bfdeec4a1eb5db7767b03490340c4db72fe4a7e3c7e444b01,2026-09-27,2026-09-27,10,
https://www.onsemi.com/download/data-sheet/pdf/fds2582-d.pdf,https://www.onsemi.com/download/data-sheet/pdf/fds2582-d.pdf,200,377624,12978ed580d494db802bdd72971111e28c06151fad9faf3ed9ae285e5d613eb3,2026-09-27,2026-09-27,10,
https://www.onsemi.com/download/data-sheet/pdf/fds2670-d.pdf,https://www.onsemi.com/download/data-sheet/pdf/fds2670-d.pdf,200,285774,b430b0d7f52d466ac5c71e81a96d3233d5db1dbae07a74d4db01a59fb08ab5a0,2026-09-27,2026-09-27,10,
https://www.onsemi.com/download/data-sheet/pdf/fds2672-d.pdf,https://www.onsemi.com/download/data-sheet/pdf/fds2672-d.pdf,200,310743,1d496034dbc9b2ac3848e2af65fe030a36aeafd08ba6839ea2e6183a2a2ee13c,2026-09-27,2026-09-27,10,
https://www.onsemi.com/download/data-sheet/pdf/fds2734-d.pdf,https://www.onsemi.com/download/data-sheet/pdf/fds2734-d.pdf,200,476177,baba0e2fd76bc058aa584830bdc0fc038e9442d6d1341bdba3140aae8db43a15,2026-09-27,2026-09-27,10,
https://www.onsemi.com/download/data-sheet/pdf/fds3512-d.pdf,https://www.onsemi.com/download/data-sheet/pdf/fds3512-d.pdf,200,540454,15abea7bb4b712c06ebff4bb70dab70cf5892f60767ffc282d2ff49e8ea54feb,2026-09-27,2026-09-27,10,
https://www.onsemi.com/download/data-sheet/pdf/fds3572-d.pdf,https://www.onsemi.com/download/data-sheet/pdf/fds3572-d.pdf,200,350208,d5e83d7aa97f4440807f34391564d810a1d77049f43d65ee9e9d299f9e9995cb,2026-09-27,2026-09-27,10,
https://www.onsemi.com/download/data-sheet/pdf/fds3580-d.pdf,https://www.onsemi.com/download/data-sheet/pdf/fds3580-d.pdf,200,234194,9ce0a513fc0098cb116e84023c4e2c6da18eb005c7578402319e3d1e8ff433ef,2026-09-27,2026-09-27,10,
https://www.onsemi.com/download/data-sheet/pdf/fds3590-d.pdf,https://www.onsemi.com/download/data-sheet/pdf/fds3590-d.pdf,200,193171,b4c180cdec468395bd80e701f769cf21f118ba3b767e4316a4cc12086170897d,2026-09-27,2026-09-27,10,
https://www.onsemi.com/download/data-sheet/pdf/fds3672-d.pdf,https://www.onsemi.com/download/data-sheet/pdf/fds3672-d.pdf,200,263860,af608522cfbde6629a2980b6554dfc4e8ab33c5eb36fe2f67fb7d38e70c19c50,2026-09-27,2026-09-27,10,
https://www.onsemi.com/download/data-sheet/pdf/fds3692-d.pdf,https://www.onsemi.com/download/data-sheet/pdf/fds3692-d.pdf,200,468287,06672b036e16028fa362b87fabeff3eb1528770148f874f2fe4863c4d438faf8,2026-09-27,2026-09-27,10,
https://www.onsemi.com/download/data-sheet/pdf/fds3890-d.pdf,https://www.onsemi.com/download/data-sheet/pdf/fds3890-d.pdf,200,232058,0801d7bfac82ba0b6f8c0dc5c5c60fe07440b1b86a7b2e40f19889d090a728aa,2026-09-27,2026-09-27,10,
https://www.onsemi.com/download/data-sheet/pdf/fds3992-d.pdf,https://www.onsemi.com/download/data-sheet/pdf/fds3992-d.pdf,200,481061,c93cfec2326b8109933d8a5115e74d0de238284fc76d7e60ab760ed1bb09e13c,2026-09-27,2026-09-27,10,
https://www.onsemi.com/download/data-sheet/pdf/fds4141-d.pdf,https://www.onsemi.com/download/data-sheet/pdf/fds4141-d.pdf,200,365563,2b29d5bbefee3ebe485abfa6fddec4d6ee2dd810ff1a3ff51c41b2283d6a2d24,2026-09-27,2026-09-27,10,
https://www.onsemi.com/download/data-sheet/pdf/fds4435a-d.pdf,https://www.onsemi.com/download/data-sheet/pdf/fds4435a-d.pdf,200,311891,6a870268eccd2fd05ac98e4369fee0a8e859ae9dbf914050c0dcf03bd9fa009c,2026-09-27,2026-09-27,10,
https://www.onsemi.com/download/data-sheet/pdf/fds4435bz-d.pdf,https://www.onsemi.com/download/data-sheet/pdf/fds4435bz-d.pdf,200,385158,7c4d905e414001d2e8a4b98ef6fb38666c105915b015f5a3dd0b8d589866ac9e,2026-09-27,2026-09-27,10,
https://www.onsemi.com/download/data-sheet/pdf/fds4465-d.pdf,https://www.onsemi.com/download/data-sheet/pdf/fds4465-d.pdf,200,254021,28d2ff91dbf5a3bd88da44d48746748881e5865ddf4b82e87420385d5c2db522,2026-09-27,2026-09-27,10,
https://www.onsemi.com/download/data-sheet/pdf/fds4480-d.pdf,https://www.onsemi.com/download/data-sheet/pdf/fds4480-d.pdf,200,625146,db3cb3ae426641d541ed248a5a7021499ff8d9f5c923273ffec696eace322607,2026-09-27,2026-09-27,10,
https://www.onsemi.com/download/data-sheet/pdf/fds4672a-d.pdf,https://www.onsemi.com/download/data-sheet/pdf/fds4672a-d.pdf,200,313306,6403b4c5e58d43c99434c322c7719f8ef51914cc22473f7d66f8e10df95aa2f2,2026-09-27,2026-09-27,10,
https://www.onsemi.com/download/data-sheet/pdf/fds4675-d.pdf,https://www.onsemi.com/download/data-sheet/pdf/fds4675-d.pdf,200,178002,e89f72a3e570ae060524fbbea0cd5d97d9a72a53dac671cba5cabf2d4dd9e88a,2026-09-27,2026-09-27,10,
https://www.onsemi.com/download/data-sheet/pdf/fds4685-d.pdf,https://www.onsemi.com/download/data-sheet/pdf/fds4685-d.pdf,200,699065,22fa610f985e3b767571b57638d82854a75a139c63d1ca57698d043a9909a74b,2026-09-27,2026-09-27,10,
https://www.onsemi.com/download/data-sheet/pdf/fds4935a-d.pdf,https://www.onsemi.com/download/data-sheet/pdf/fds4935a-d.pdf,200,310978,f665375e01de2bbb704643b9170afa9133809e39ca1c3cce27c10ef6f5da4842,2026-09-27,2026-09-27,10,
https://www.onsemi.com/download/data-sheet/pdf/fds4935bz-d.pdf,https://www.onsemi.com/download/data-sheet/pdf/fds4935bz-d.pdf,200,268265,c6fb97f364a6b9e31596a64b670725d08e84fbc75266aa782e3f0f3631060068,2026-09-27,2026-09-27,10,
https://www.onsemi.com/download/data-sheet/pdf/fds5351-d.pdf,https://www.onsemi.com/download/data-sheet/pdf/fds5351-d.pdf,200,1302008,c240cee37b1fff45331907da7e49756b518cf683a57e8b98e9e1d45903fa427e,2026-09-27,2026-09-27,10,
https://www.onsemi.com/download/data-sheet/pdf/fds5670-d.pdf,https://www.onsemi.com/download/data-sheet/pdf/fds5670-d.pdf,200,291939,791c5fa04cbeb0d263dd9f9b2223c1d17686e07c0a694b50586d70852ee87263,2026-09-27,2026-09-27,10,
https://www.onsemi.com/download/data-sheet/pdf/fds5680-d.pdf,https://www.onsemi.com/download/data-sheet/pdf/fds5680-d.pdf,200,302305,016c023df5ee5b8092041e05e66e2a21bdd198c1e6c792c069e31e8b9870dae1,2026-09-27,2026-09-27,10,
https://www.onsemi.com/download/data-sheet/pdf/fds5690-d.pdf,https://www.onsemi.com/download/data-sheet/pdf/fds5690-d.pdf,200,320987,1c3a207e2b1a2c6794003d4a7c53b2f3fa4fac9bcb390ccd79fe011d3fd4b047,2026-09-27,2026-09-27,10,
https://www.onsemi.com/download/data-sheet/pdf/fds6294-d.pdf,https://www.onsemi.com/download/data-sheet/pdf/fds6294-d.pdf,200,409026,6efac675a9de6ae5fe0e9a6a25323d8f8503f1f9731c7110e0dfe08d2b2000f9,2026-09-27,2026-09-27,10,
https://www.onsemi.com/download/data-sheet/pdf/fds6298-d.pdf,https://www.onsemi.com/download/data-sheet/pdf/fds6298-d.pdf,200,362176,4d74baac137cd9174b82d69bcc87e44f99d067b8b11ff0e7a0dd83c2e66db55e,2026-09-27,2026-09-27,10,
https://www.onsemi.com/download/data-sheet/pdf/fds6375-d.pdf,https://www.onsemi.com/download/data-sheet/pdf/fds6375-d.pdf,200,171243,406221768dfde62f35e4dacc300a474a1c9d7ac3bef14a9868acf11415c67725,2026-09-27,2026-09-27,10,
https://www.onsemi.com/download/data-sheet/pdf/fds6570a-d.pdf,https://www.onsemi.com/download/data-sheet/pdf/fds6570a-d.pdf,200,261214,e84dda98b872663524af8d523319605cc677c580380a3637bfd856e208a9324f,2026-09-27,2026-09-27,10,
https://www.onsemi.com/download/data-sheet/pdf/fds6574a-d.pdf,https://www.onsemi.com/download/data-sheet/pdf/fds6574a-d.pdf,200,332985,cb91736f8401efdcdcc78c6e1272cfc312a7b057cc7050cefac0e186ae940594,2026-09-27,2026-09-27,10,
https://www.onsemi.com/download/data-sheet/pdf/fds6575-d.pdf,https://www.onsemi.com/download/data-sheet/pdf/fds6575-d.pdf,200,653391,07bee1c9015cb835007f8bcc2afb5abdc842a9244a7c3e095f1b749cfba9c2ee,2026-09-27,2026-09-27,10,
https://www.onsemi.com/download/data-sheet/pdf/fds6576-d.pdf,https://www.onsemi.com/download/data-sheet/pdf/fds6576-d.pdf,200,987664,e72c311ccf1312a2036c8299ab9a304d0cc06afdc73e6d6b216792901bf3d38f,2026-09-27,2026-09-27,10,
https://www.onsemi.com/download/data-sheet/pdf/fds6612a-d.pdf,https://www.onsemi.com/download/data-sheet/pdf/fds6612a-d.pdf,200,595028,59e431588b27628d0c0740b5b61440c3b0aa00a081676c9e7162599f064c58b5,2026-09-27,2026-09-27,10,
https://www.onsemi.com/download/data-sheet/pdf/fds6630a-d.pdf,https://www.onsemi.com/download/data-sheet/pdf/fds6630a-d.pdf,200,175173,c216e3c111a5db396365f26cda870d4174a6fb6f4d4775161ad5df4f92e7dc41,2026-09-27,2026-09-27,10,
https://www.onsemi.com/download/data-sheet/pdf/fds6670a-d.pdf,https://www.onsemi.com/download/data-sheet/pdf/fds6670a-d.pdf,200,245024,b3a66918b0f3d013d54bb5728b9aa319e8fb74a81926e27d622647fdde1cc278,2026-09-27,2026-09-27,10,
https://www.onsemi.com/download/data-sheet/pdf/fds6670as-d.pdf,https://www.onsemi.com/download/data-sheet/pdf/fds6670as-d.pdf,200,310184,74d870cbbb6f1875e6eebc68d2dec771c9a654e88a32305fe832de23f96a52cf,2026-09-27,2026-09-27,10,
https://www.onsemi.com/download/data-sheet/pdf/fds6673bz-d.pdf,https://www.onsemi.com/download/data-sheet/pdf/fds6673bz-d.pdf,200,290555,8d6a8b2137a808f24c5333cc2a69fdcaabd89d26c9b3908a4e547c3513240ace,2026-09-27,2026-09-27,10,
https://www.onsemi.com/download/data-sheet/pdf/fds6675-d.pdf,https://www.onsemi.com/download/data-sheet/pdf/fds6675-d.pdf,200,355865,cec1f38448c73c290621fdf24497e1dc9cfed62f6d5225c14b47b2e143706bbd,2026-09-27,2026-09-27,10,
https://www.onsemi.com/download/data-sheet/pdf/fds6675bz-d.pdf,https://www.onsemi.com/download/data-sheet/pdf/fds6675bz-d.pdf,200,393201,8af0d8e7763f68948f4df7400f680c4c4bdbc4dc97e1c7e8a08dfbeadf23e958,2026-09-27,2026-09-27,10,
https://www.onsemi.com/download/data-sheet/pdf/fds6676as-d.pdf,https://www.onsemi.com/download/data-sheet/pdf/fds6676as-d.pdf,200,271855,2453c50b31286e9a48fe8fabe087ace4a0441c6facf4e4656831488e67a72b8b,2026-09-27,2026-09-27,10,
https://www.onsemi.com/download/data-sheet/pdf/fds6679-d.pdf,https://www.onsemi.com/download/data-sheet/pdf/fds6679-d.pdf,200,204116,e292d5117005db8ba964b427b1186604096ce939d2b14a4cda18966152d257de,2026-09-27,2026-09-27,10,
https://www.onsemi.com/download/data-sheet/pdf/fds6679az-d.pdf,https://www.onsemi.com/download/data-sheet/pdf/fds6679az-d.pdf,200,605732,a18dda8eb1bae5d1f71a4b0ebebcbcf77b7c016e09932e67785cad70caebfd76,2026-09-27,2026-09-27,10,
https://www.onsemi.com/download/data-sheet/pdf/fds6680a-d.pdf,https://www.onsemi.com/download/data-sheet/pdf/fds6680a-d.pdf,200,319425,8110433df7755ce4f79144ba26c9303a12faa8d37adafd1be75a39d8367e64e9,2026-09-27,2026-09-27,10,
https://www.onsemi.com/download/data-sheet/pdf/fds6680as-d.pdf,https://www.onsemi.com/download/data-sheet/pdf/fds6680as-d.pdf,200,843046,155b70e8a7b5ff07a1aab9d64fffb84972b99751759512797226724b8ffd5154,2026-09-27,2026-09-27,10,
https://www.onsemi.com/download/data-sheet/pdf/fds6681z-d.pdf,https://www.onsemi.com/download/data-sheet/pdf/fds6681z-d.pdf,200,253585,e062b82abbd7a2bef9afa4affbf05a0fab06ae678f722beefde08dde16260e1c,2026-09-27,2026-09-27,10,
https://www.onsemi.com/download/data-sheet/pdf/fds6682-d.pdf,https://www.onsemi.com/download/data-sheet/pdf/fds6682-d.pdf,200,227474,acb9aae3a2e7bb83047bf5d8ad0108c68d17bb36fd607cbeaf651c873b6ae9b3,2026-09-27,2026-09-27,10,
https://www.onsemi.com/download/data-sheet/pdf/fds6685-d.pdf,https://www.onsemi.com/download/data-sheet/pdf/fds6685-d.pdf,200,253242,fce74b1d148ef93ac0aa508f22ee62a6dccb6adb3645decc1a91a09a8d585786,2026-09-27,2026-09-27,10,
https://www.onsemi.com/download/data-sheet/pdf/fds6690a-d.pdf,https://www.onsemi.com/download/data-sheet/pdf/fds6690a-d.pdf,200,383145,1ffd36c31e004245574ef44ddc48447f9e41bea54bf3744d0ae0070f598832ba,2026-09-27,2026-09-27,10,
https://www.onsemi.com/download/data-sheet/pdf/fds6690as-d.pdf,https://www.onsemi.com/download/data-sheet/pdf/fds6690as-d.pdf,200,731566,4a1d821a62558e2ed28c28db2afdceade624573c627732b74dccb2b9cff3814d,2026-09-27,2026-09-27,10,
https://www.onsemi.com/download/data-sheet/pdf/fds6692a-d.pdf,https://www.onsemi.com/download/data-sheet/pdf/fds6692a-d.pdf,200,493832,80d6834530f842174190203fa0c95795d930bee869ae1281be7233955036a28a,2026-09-27,2026-09-27,10,
https://www.onsemi.com/download/data-sheet/pdf/fds6699s-d.pdf,https://www.onsemi.com/download/data-sheet/pdf/fds6699s-d.pdf,200,204448,2373050dfa286453739790e744d341c43bf91612add89a57eb3c6fc0bd97bd3a,2026-09-27,2026-09-27,10,
https://www.onsemi.com/download/data-sheet/pdf/fds6875-d.pdf,https://www.onsemi.com/download/data-sheet/pdf/fds6875-d.pdf,200,608924,d42ecba75076d737923e8238725f7b1a53f9076f7d890202fac60b6cc069617a,2026-09-27,2026-09-27,10,
https://www.onsemi.com/download/data-sheet/pdf/fds6890a-d.pdf,https://www.onsemi.com/download/data-sheet/pdf/fds6890a-d.pdf,200,258947,0b85139ab2818fd3559c15988c57e60ab9c66aef0a7a8f623c64c60275326533,2026-09-27,2026-09-27,10,
https://www.onsemi.com/download/data-sheet/pdf/fds6898a-d.pdf,https://www.onsemi.com/download/data-sheet/pdf/fds6898a-d.pdf,200,242137,b308fdcfef6adfdd81450221ac23cb228d475c885d4e18355a6df9461e46edcf,2026-09-27,2026-09-27,10,
https://www.onsemi.com/download/data-sheet/pdf/fds6898az-d.pdf,https://www.onsemi.com/download/data-sheet/pdf/fds6898az-d.pdf,200,183779,0a2a28bf833d6048c04ff0ebb8eddad86c45e5839adcd4800e6293222922cee9,2026-09-27,2026-09-27,10,
https://www.onsemi.com/download/data-sheet/pdf/fds6910-d.pdf,https://www.onsemi.com/download/data-sheet/pdf/fds6910-d.pdf,200,250714,acdf671e598c575dc409ebe520f0f96c6b98463c7b2bdbf85b4659779dfa8dc9,2026-09-27,2026-09-27,10,
https://www.onsemi.com/download/data-sheet/pdf/fds6911-d.pdf,https://www.onsemi.com/download/data-sheet/pdf/fds6911-d.pdf,200,290249,3f95f72c674a98993f70867ac94221b9e9470e4f7861e81822d4feee73d7e47b,2026-09-27,2026-09-27,10,
https://www.onsemi.com/download/data-sheet/pdf/fds6912-d.pdf,https://www.onsemi.com/download/data-sheet/pdf/fds6912-d.pdf,200,178732,447367e5753db1f0169018c55334a5586df9f1336baa9e3d1511d940f2861714,2026-09-27,2026-09-27,10,
https://www.onsemi.com/download/data-sheet/pdf/fds6912a-d.pdf,https://www.onsemi.com/download/data-sheet/pdf/fds6912a-d.pdf,200,246761,c99c55947996fadc7458ffe54deb22c910b103a1902f49f0619c3032fbfd9e4a,2026-09-27,2026-09-27,10,
https://www.onsemi.com/download/data-sheet/pdf/fds6930a-d.pdf,https://www.onsemi.com/download/data-sheet/pdf/fds6930a-d.pdf,200,259159,4c8ee7142f265914dc3eef41f494ade8bc86190645bb4d2addc5179661857f37,2026-09-27,2026-09-27,10,
https://www.onsemi.com/download/data-sheet/pdf/fds6930b-d.pdf,https://www.onsemi.com/download/data-sheet/pdf/fds6930b-d.pdf,200,296691,b917b1de36e7e80e2b73df53983dbd2d261bf3a725d223ca6dcd28834074243f,2026-09-27,2026-09-27,10,
https://www.onsemi.com/download/data-sheet/pdf/fds6961a-d.pdf,https://www.onsemi.com/download/data-sheet/pdf/fds6961a-d.pdf,200,261458,d124b261bd8fbf6a1574cfc5a4b68c67274830c41469969bde1a93c4be2a1830,2026-09-27,2026-09-27,10,
https://www.onsemi.com/download/data-sheet/pdf/fds6975-d.pdf,https://www.onsemi.com/download/data-sheet/pdf/fds6975-d.pdf,200,368919,7db5844e10ea9af3db21df8c25127d8c969b2ba43d59a987eed0bd3f85f676eb,2026-09-27,2026-09-27,10,
https://www.onsemi.com/download/data-sheet/pdf/fds6990a-d.pdf,https://www.onsemi.com/download/data-sheet/pdf/fds6990a-d.pdf,200,228660,de29d6b006dc5d2914e2b87e7ddc08d5fb03850d88d7cbe3e028bfb1f823dccf,2026-09-27,2026-09-27,10,
https://www.onsemi.com/download/data-sheet/pdf/fds8433a-d.pdf,https://www.onsemi.com/download/data-sheet/pdf/fds8433a-d.pdf,200,236292,fffc77290c405a86dc3f15f1d31aab7528f38ddf8da43fb5ecea4e165f82a814,2026-09-27,2026-09-27,10,
https://www.onsemi.com/download/data-sheet/pdf/fds8447-d.pdf,https://www.onsemi.com/download/data-sheet/pdf/fds8447-d.pdf,200,473142,01739672806e166e048ce660761e67b2327aecc34cd7b28ea5e9b1d4d71a878b,2026-09-27,2026-09-27,10,
https://www.onsemi.com/download/data-sheet/pdf/fds8449-d.pdf,https://www.onsemi.com/download/data-sheet/pdf/fds8449-d.pdf,200,309708,c7400ce219c5b6b75da4f237909eeb9c2b1cdd20e86d10d64bd75e486e6144e7,2026-09-27,2026-09-27,10,
https://www.onsemi.com/download/data-sheet/pdf/fds86106-d.pdf,https://www.onsemi.com/download/data-sheet/pdf/fds86106-d.pdf,200,324239,1ad7b92f162959de07b8bbcbea6fd06777ffc4cca885f28724e073321c1e37b9,2026-09-27,2026-09-27,10,
https://www.onsemi.com/download/data-sheet/pdf/fds86140-d.pdf,https://www.onsemi.com/download/data-sheet/pdf/fds86140-d.pdf,200,356263,4322123d69eef61c9f270aedacbb4aa9c90e2eb815f0bf3ef59630e041f54490,2026-09-27,2026-09-27,10,
https://www.onsemi.com/download/data-sheet/pdf/fds86242-d.pdf,https://www.onsemi.com/download/data-sheet/pdf/fds86242-d.pdf,200,364992,47955229e443dedf46f0135680f67dfcb22fa93169618333232b51288107ad09,2026-09-27,2026-09-27,10,
https://www.onsemi.com/download/data-sheet/pdf/fds86252-d.pdf,https://www.onsemi.com/download/data-sheet/pdf/fds86252-d.pdf,200,354088,368df4e1b930c4ff8218f38d9d2d19aa79e1a87f9f14f3187da6d4fe359b0c4f,2026-09-27,2026-09-27,10,
https://www.onsemi.com/download/data-sheet/pdf/fds8638-d.pdf,https://www.onsemi.com/download/data-sheet/pdf/fds8638-d.pdf,200,383462,3713013a19059753f0b3558156c32a43e6596d435887fb81ff7b07b5f8454a0c,2026-09-27,2026-09-27,10,
https://www.onsemi.com/download/data-sheet/pdf/fds86540-d.pdf,https://www.onsemi.com/download/data-sheet/pdf/fds86540-d.pdf,200,329164,efbb103254a49d648e467865cd455dfa70bc923c86959309984a4063bb1c77d5,2026-09-27,2026-09-27,10,
https://www.onsemi.com/download/data-sheet/pdf/fds8672s-d.pdf,https://www.onsemi.com/download/data-sheet/pdf/fds8672s-d.pdf,200,387840,bec7ae67fda68c841550cb21463f66927d95e05a41783209a9f29424101e8c03,2026-09-27,2026-09-27,10,
https://www.onsemi.com/download/data-sheet/pdf/fds8690-d.pdf,https://www.onsemi.com/download/data-sheet/pdf/fds8690-d.pdf,200,408407,73d6ed416c038ffe4adfced40ee25a4b766a0700e631912d4d42f8825aabd9f0,2026-09-27,2026-09-27,10,
https://www.onsemi.com/download/data-sheet/pdf/fds8813nz-d.pdf,https://www.onsemi.com/download/data-sheet/pdf/fds8813nz-d.pdf,200,358340,c76ec841e921926e9d24735b754331e988fa3ef7bc89a0214c75debb1bd45bdc,2026-09-27,2026-09-27,10,
https://www.onsemi.com/download/data-sheet/pdf/fds8817nz-d.pdf,https://www.onsemi.com/download/data-sheet/pdf/fds8817nz-d.pdf,200,380155,8ba1256a07ad5a7183dd2b1a9dd6a67a2cd3244d5dc3a719afa6d6ac63e2e341,2026-09-27,2026-09-27,10,
https://www.onsemi.com/download/data-sheet/pdf/fds8840nz-d.pdf,https://www.onsemi.com/download/data-sheet/pdf/fds8840nz-d.pdf,200,403345,eaf7b50c7df755d5669cb1d1b075392ee7f2ab32ce5a8ea1924e17c2195f2062,2026-09-27,2026-09-27,10,
https://www.onsemi.com/download/data-sheet/pdf/fds8842nz-d.pdf,https://www.onsemi.com/download/data-sheet/pdf/fds8842nz-d.pdf,200,403644,028a2fcc1ef166eb41cc081018dd1b075ab7b6b44d9370d7a489d02802c4a397,2026-09-27,2026-09-27,10,
https://www.onsemi.com/download/data-sheet/pdf/fds8870-d.pdf,https://www.onsemi.com/download/data-sheet/pdf/fds8870-d.pdf,200,1902821,48f36be4de9a76d2526e4d0dc555e371600f89db6f90f4a0cd423f4700db49ad,2026-09-27,2026-09-27,10,
https://www.onsemi.com/download/data-sheet/pdf/fds8876-d.pdf,https://www.onsemi.com/download/data-sheet/pdf/fds8876-d.pdf,200,363662,966f76214ea9f8bc303ce91bd32eab8305f7c22874947cda7853ef59fbb76b82,2026-09-27,2026-09-27,10,
https://www.onsemi.com/download/data-sheet/pdf/fds8878-d.pdf,https://www.onsemi.com/download/data-sheet/pdf/fds8878-d.pdf,200,325117,6178e9cd6a7bc31542cd855ddd750a0ebe9044567d5eb1924bf253b870f7c458,2026-09-27,2026-09-27,10,
https://www.onsemi.com/download/data-sheet/pdf/fds8880-d.pdf,https://www.onsemi.com/download/data-sheet/pdf/fds8880-d.pdf,200,801455,f43e8a1300760f9ead29e99d5e06f97332d03b8e0796c5f2071dee0aedf17d18,2026-09-27,2026-09-27,10,
https://www.onsemi.com/download/data-sheet/pdf/fds8882-d.pdf,https://www.onsemi.com/download/data-sheet/pdf/fds8882-d.pdf,200,380799,0e084137b5ca6932519f1778359edcf801e12206685e09ab0ae4b76967380f42,2026-09-27,2026-09-27,10,
https://www.onsemi.com/download/data-sheet/pdf/fds8884-d.pdf,https://www.onsemi.com/download/data-sheet/pdf/fds8884-d.pdf,200,293577,8ac8a5edfe5d02b54150f86b0f5de4b1d5b9a9ae152dc8c47f6ece4b730e89c7,2026-09-27,2026-09-27,10,
https://www.onsemi.com/download/data-sheet/pdf/fds8896-d.pdf,https://www.onsemi.com/download/data-sheet/pdf/fds8896-d.pdf,200,563930,fee7d4fa1ec11ca896a0be4c197bbeb52ec269bfeb16fcb19ce7246b1af55b7d,2026-09-27,2026-09-27,10,
https://www.onsemi.com/download/data-sheet/pdf/fds89141-d.pdf,https://www.onsemi.com/download/data-sheet/pdf/fds89141-d.pdf,200,371881,3cbcc25868cb779a88164ddad570fb4a8f1da8c408e25297adfebb4b57be0142,2026-09-27,2026-09-27,10,
https://www.onsemi.com/download/data-sheet/pdf/fds89161-d.pdf,https://www.onsemi.com/download/data-sheet/pdf/fds89161-d.pdf,200,354660,8bf2303062d4f7f91ca4bd3495790abfcfd207f7412fe6ace118559986c63f35,2026-09-27,2026-09-27,10,
https://www.onsemi.com/download/data-sheet/pdf/fds89161lz-d.pdf,https://www.onsemi.com/download/data-sheet/pdf/fds89161lz-d.pdf,200,390778,d6dce9c46fb90736fb3decbdece67840e04603cb5f4929c647cd8e576e45fae5,2026-09-27,2026-09-27,10,
https://www.onsemi.com/download/data-sheet/pdf/fds8935-d.pdf,https://www.onsemi.com/download/data-sheet/pdf/fds8935-d.pdf,200,352643,a8db9ab5d4733b903c952ac7cb269745b73c88bcf54847cddb22935ab3eb4db5,2026-09-27,2026-09-27,10,
https://www.onsemi.com/download/data-sheet/pdf/fds8949-d.pdf,https://www.onsemi.com/download/data-sheet/pdf/fds8949-d.pdf,200,565087,0e58e3ecbe676ae045f3357a3035a182c609518c55e62d946b255d65991d0129,2026-09-27,2026-09-27,10,
https://www.onsemi.com/download/data-sheet/pdf/fds8984-d.pdf,https://www.onsemi.com/download/data-sheet/pdf/fds8984-d.pdf,200,238500,7aa4db400daa3d3c24a0574b08ee8b7484eee521f0f859e050d6e098bbff439a,2026-09-27,2026-09-27,10,
https://www.onsemi.com/download/data-sheet/pdf/fds9400a-d.pdf,https://www.onsemi.com/download/data-sheet/pdf/fds9400a-d.pdf,200,272782,255dccf1371ece911c271093a089ecf7584c78d7a8c866505aa1874e720b5676,2026-09-27,2026-09-27,10,
https://www.onsemi.com/download/data-sheet/pdf/fds9431a-d.pdf,https://www.onsemi.com/download/data-sheet/pdf/fds9431a-d.pdf,200,305466,a25b1cff783d5ad87b698311d62885d9a18a8891bf47867e98fd40da1f98f3d0,2026-09-27,2026-09-27,10,
https://www.onsemi.com/download/data-sheet/pdf/fds9435a-d.pdf,https://www.onsemi.com/download/data-sheet/pdf/fds9435a-d.pdf,200,253000,c739ec57713533693839348fae0def2c0b7a8481262cee49568638ec1e62b4ad,2026-09-27,2026-09-27,10,
https://www.onsemi.com/download/data-sheet/pdf/fds9926a-d.pdf,https://www.onsemi.com/download/data-sheet/pdf/fds9926a-d.pdf,200,242315,d8ff215e767ca5d4f76f55d0d5e53c46c2c59fab34c67ac81c589756160eeefb,2026-09-27,2026-09-27,10,
https://www.onsemi.com/download/data-sheet/pdf/fds9933a-d.pdf,https://www.onsemi.com/download/data-sheet/pdf/fds9933a-d.pdf,200,281188,e899d53d6659eebb04e4b2d5ebf9bc5cdad03ffce8f47496beff75fdd4b9c056,2026-09-27,2026-09-27,10,
https://www.onsemi.com/download/data-sheet/pdf/fds9945-d.pdf,https://www.onsemi.com/download/data-sheet/pdf/fds9945-d.pdf,200,177145,cfe6008010cfe06fc431c8174a4093dccbc45fa530918af9432f6f40b2ed320c,2026-09-27,2026-09-27,10,
https://www.onsemi.com/download/data-sheet/pdf/fds9953a-d.pdf,https://www.onsemi.com/download/data-sheet/pdf/fds9953a-d.pdf,200,176083,3af2caf158138de5f6af797bc099d7562494bf758131385f0d7d95df80668b7c,2026-09-27,2026-09-27,10,
https://www.onsemi.com/download/data-sheet/pdf/fds9958-d.pdf,https://www.onsemi.com/download/data-sheet/pdf/fds9958-d.pdf,200,327982,20deb193dd9d6c213040c44889ecd5e7504bd24c1e2e238d9c65eb3b7fb964f9,2026-09-27,2026-09-27,10,
https://www.onsemi.com/download/data-sheet/pdf/fdt3612-d.pdf,https://www.onsemi.com/download/data-sheet/pdf/fdt3612-d.pdf,200,280470,3acc3af2432bb9d6bc1adc7ca89d251ab6fe14f9e0576113748bb9e5dc9b5c51,2026-09-27,2026-09-27,10,
https://www.onsemi.com/download/data-sheet/pdf/fdt434p-d.pdf,https://www.onsemi.com/download/data-sheet/pdf/fdt434p-d.pdf,200,292035,30138f5a7422076e054bb1cc8db872c80568bdabbfdd0f39963f5b9b0c22f718,2026-09-27,2026-09-27,10,
https://www.onsemi.com/download/data-sheet/pdf/fdt439n-d.pdf,https://www.onsemi.com/download/data-sheet/pdf/fdt439n-d.pdf,200,272449,71894a75a229de0ef0595d5775a61ccf72f447ed0ad6d712554c74b615873c03,2026-09-27,2026-09-27,10,
https://www.onsemi.com/download/data-sheet/pdf/fdt457n-d.pdf,https://www.onsemi.com/download/data-sheet/pdf/fdt457n-d.pdf,200,255617,5b034519de52e1d6b4499f16f9b30a4010bea10d23aa88429a57e3d0a18b10da,2026-09-27,2026-09-27,10,
https://www.onsemi.com/download/data-sheet/pdf/fdt458p-d.pdf,https://www.onsemi.com/download/data-sheet/pdf/fdt458p-d.pdf,200,428837,3282f6c9c3b2794df6a88643e5c585f542f2777a884bc83dd2fb94dee4125a6f,2026-09-27,2026-09-27,10,
https://www.onsemi.com/download/data-sheet/pdf/fdt459n-d.pdf,https://www.onsemi.com/download/data-sheet/pdf/fdt459n-d.pdf,200,202573,3f840e9ff5940d7034651076e8e98a132e10a728a4d90569da93eb4b96e96770,2026-09-27,2026-09-27,10,
https://www.onsemi.com/download/data-sheet/pdf/fdt86106lz-d.pdf,https://www.onsemi.com/download/data-sheet/pdf/fdt86106lz-d.pdf,200,355172,3ac33f9efb75c6d229f6e0bcbff37374eac9530bebb400681ed15da15e18c75d,2026-09-27,2026-09-27,10,
https://www.onsemi.com/download/data-sheet/pdf/fdt86246-d.pdf,https://www.onsemi.com/download/data-sheet/pdf/fdt86246-d.pdf,200,251331,9d09337015c267f9eb51c6eba0c17f69af9fd83bb362cbdd9c65e3cce1704f8c,2026-09-27,2026-09-27,10,
https://www.onsemi.com/download/data-sheet/pdf/fdt86256-d.pdf,https://www.onsemi.com/download/data-sheet/pdf/fdt86256-d.pdf,200,338813,003d243a9ac4c65a1b9aff4c244856b825cbba6c168f249d1e2b9adc390ba83e,2026-09-27,2026-09-27,10,
https://www.onsemi.com/download/data-sheet/pdf/fdu6n25-d.pdf,https://www.onsemi.com/download/data-sheet/pdf/fdu6n25-d.pdf,200,522905,57084eff8ba0ffbd8e344da8952fc19b533e0e0fed8ae07461b9073a97d5b7d3,2026-09-27,2026-09-27,10,
https://www.onsemi.com/download/data-sheet/pdf/fdu6n50-d.pdf,https://www.onsemi.com/download/data-sheet/pdf/fdu6n50-d.pdf,200,1949967,c5c916eaa82a58ed2d33332dff55f05d0b615414c2f861d3489761148db5c179,2026-09-27,2026-09-27,10,
https://www.onsemi.com/download/data-sheet/pdf/fdv301n-d.pdf,https://www.onsemi.com/download/data-sheet/pdf/fdv301n-d.pdf,200,269157,16bba72986ca753a76c10a6ccdc67d04a7ccd33223a3e043f36c9e5b693e343e,2026-09-27,2026-09-27,10,
https://www.onsemi.com/download/data-sheet/pdf/fdv302p-d.pdf,https://www.onsemi.com/download/data-sheet/pdf/fdv302p-d.pdf,200,198093,cbb49b0fb1964dcfedb8bc02867fa166dd453281d5e5803d0aaac1ce36a706e1,2026-09-27,2026-09-27,10,
https://www.onsemi.com/download/data-sheet/pdf/fdv303n-d.pdf,https://www.onsemi.com/download/data-sheet/pdf/fdv303n-d.pdf,200,269179,9d7d43f59d4ab4ccc43489eec9d612312b3bcfbf8743787de43055b9685d9966,2026-09-27,2026-09-27,10,
https://www.onsemi.com/download/data-sheet/pdf/fdv304p-d.pdf,https://www.onsemi.com/download/data-sheet/pdf/fdv304p-d.pdf,200,204648,a7dad6433954c8858e8b978afb892a1df4005f22cc65fa6d495baed5fdffdf4f,2026-09-27,2026-09-27,10,
https://www.onsemi.com/download/data-sheet/pdf/fdv305n-d.pdf,https://www.onsemi.com/download/data-sheet/pdf/fdv305n-d.pdf,200,278084,bbc50c9eb9bd815b270759775ae51d13d513b67b602727786811d6905782ae6b,2026-09-27,2026-09-27,10,
https://www.onsemi.com/download/data-sheet/pdf/fdws86068-f085-d.pdf,https://www.onsemi.com/download/data-sheet/pdf/fdws86068-f085-d.pdf,200,487285,b0217a246abaa115fe17c90b5e9887ebc59be9f8a98e3bfebe7909509c807700,2026-09-27,2026-09-27,10,
https://www.onsemi.com/download/data-sheet/pdf/fdy1002pz-d.pdf,https://www.onsemi.com/download/data-sheet/pdf/fdy1002pz-d.pdf,200,260643,2a809db0fc6836c5da86ca0b9af5fe0d6e85823fd919d8a8d234e84d171c1f8f,2026-09-27,2026-09-27,10,
https://www.onsemi.com/download/data-sheet/pdf/fdy100pz-d.pdf,https://www.onsemi.com/download/data-sheet/pdf/fdy100pz-d.pdf,200,644320,da716e9251ce094f5d70783929017d213fb16fedac311f2fb6772d9dc94276bb,2026-09-27,2026-09-27,10,
https://www.onsemi.com/download/data-sheet/pdf/fdy101pz-d.pdf,https://www.onsemi.com/download/data-sheet/pdf/fdy101pz-d.pdf,200,912526,8129e76d73b658555b7cb2fa84b4375cd6ad13d0e407496a502bd62e524708de,2026-09-27,2026-09-27,10,
https://www.onsemi.com/download/data-sheet/pdf/fdy102pz-d.pdf,https://www.onsemi.com/download/data-sheet/pdf/fdy102pz-d.pdf,200,389882,c2f20b3ebb49950d3d9cff72708a7ed9441f35f4cb572ba9d2771182ec8c8e92,2026-09-27,2026-09-27,10,
https://www.onsemi.com/download/data-sheet/pdf/fdy2000pz-d.pdf,https://www.onsemi.com/download/data-sheet/pdf/fdy2000pz-d.pdf,200,310182,6fad68ba42c67c607f5c4f0c550a7827e5bbaba42b4baeda231f6448a23fd2ce,2026-09-27,2026-09-27,10,
https://www.onsemi.com/download/data-sheet/pdf/fdy3000nz-d.pdf,https://www.onsemi.com/download/data-sheet/pdf/fdy3000nz-d.pdf,200,1076183,7d46e107ef1331ee47eecd845bc7478c073af24be750cf83e00bb704e6925391,2026-09-27,2026-09-27,10,
https://www.onsemi.com/download/data-sheet/pdf/fdy300nz-d.pdf,https://www.onsemi.com/download/data-sheet/pdf/fdy300nz-d.pdf,200,345251,8e352c40505608417f478a3930bc4a844e48045c2ba01559b7def6f40a7a3672,2026-09-27,2026-09-27,10,
https://www.onsemi.com/download/data-sheet/pdf/fdy301nz-d.pdf,https://www.onsemi.com/download/data-sheet/pdf/fdy301nz-d.pdf,200,929046,61923046dda4ef5d43f9c4dbe86bb2ce824bf1572eca8a73775dd1a4322eea74,2026-09-27,2026-09-27,10,
https://www.onsemi.com/download/data-sheet/pdf/fdy6342l-d.pdf,https://www.onsemi.com/download/data-sheet/pdf/fdy6342l-d.pdf,200,259931,a87d16d58b26dea3eb944f0f57a8f33b0508b06541feb07409cd6c9b5bf35547,2026-09-27,2026-09-27,10,
https://www.onsemi.com/download/data-sheet/pdf/fdz1323nz-d.pdf,https://www.onsemi.com/download/data-sheet/pdf/fdz1323nz-d.pdf,200,455003,7f4e564cfe092fb1604e766dcb15198283f7f8c2426a5b2ee11b464179d948da,2026-09-27,2026-09-27,10,
https://www.onsemi.com/download/data-sheet/pdf/fdz1905pz-d.pdf,https://www.onsemi.com/download/data-sheet/pdf/fdz1905pz-d.pdf,200,423818,6fc2187f32bf1c7f5c3f2daecffa1918f187503d2bb56b01baf8bf08e3e96187,2026-09-27,2026-09-27,10,
https://www.onsemi.com/download/data-sheet/pdf/fdz191p-d.pdf,https://www.onsemi.com/download/data-sheet/pdf/fdz191p-d.pdf,200,491190,39f3d5915aa98ee07b0dc6f074c8390145bd0956c359673928f25c947da0143b,2026-09-27,2026-09-27,10,
https://www.onsemi.com/download/data-sheet/pdf/fdz192nz-d.pdf,https://www.onsemi.com/download/data-sheet/pdf/fdz192nz-d.pdf,200,447436,e04e974f7787808c62e14f905f0af8da085e0af6cb98988584d178c0617d28a8,2026-09-27,2026-09-27,10,
https://www.onsemi.com/download/data-sheet/pdf/fdz193p-d.pdf,https://www.onsemi.com/download/data-sheet/pdf/fdz193p-d.pdf,200,395581,e1c15444b598a7a4d12d73f24241c76ceb0c44e0239639a021521d64c0246981,2026-09-27,2026-09-27,10,
https://www.onsemi.com/download/data-sheet/pdf/fdz197pz-d.pdf,https://www.onsemi.com/download/data-sheet/pdf/fdz197pz-d.pdf,200,393135,5dd4a3b9ed439a2eb839f061e86519be125fc20e7a7cb27b2a78f39d8057f144,2026-09-27,2026-09-27,10,
https://www.onsemi.com/download/data-sheet/pdf/fdz371pz-d.pdf,https://www.onsemi.com/download/data-sheet/pdf/fdz371pz-d.pdf,200,360438,de197950bec2517e5789770fc6fa572ce839ee1db0d03f9d93b28034b5f6c34c,2026-09-27,2026-09-27,10,
https://www.onsemi.com/download/data-sheet/pdf/fdz375p-d.pdf,https://www.onsemi.com/download/data-sheet/pdf/fdz375p-d.pdf,200,390067,5707d1f837975573c5f66606653153c3c94f6155eac78a3a32717d790cb6b034,2026-09-27,2026-09-27,10,
https://www.onsemi.com/download/data-sheet/pdf/fdz391p-d.pdf,https://www.onsemi.com/download/data-sheet/pdf/fdz391p-d.pdf,200,371697,82efc3613fbee2393ff8f225b954f12b1028574fa03dac2caf6dbc4113a12b6b,2026-09-27,2026-09-27,10,
https://www.onsemi.com/download/data-sheet/pdf/fdz661pz-d.pdf,https://www.onsemi.com/download/data-sheet/pdf/fdz661pz-d.pdf,200,368394,0841d67fe40ad67c89e49bf540d171a7f3a238b72c07baaa317969b9225c9ada,2026-09-27,2026-09-27,10,
https://www.onsemi.com/download/data-sheet/pdf/ffb3904-d.pdf,https://www.onsemi.com/download/data-sheet/pdf/ffb3904-d.pdf,200,528795,566cc169769558a32792cd5ad91fb5c8a532c39863673478e610f1eb382bffbd,2026-09-27,2026-09-27,10,
https://www.onsemi.com/download/data-sheet/pdf/ffb5551-d.pdf,https://www.onsemi.com/download/data-sheet/pdf/ffb5551-d.pdf,200,543540,385818a6969ff407ab250c2f51569a5ca6bf300e5611991ca28f07ab6b89d3a1,2026-09-27,2026-09-27,10,
https://www.onsemi.com/download/data-sheet/pdf/ffd10up20s-d.pdf,https://www.onsemi.com/download/data-sheet/pdf/ffd10up20s-d.pdf,200,1307592,3a825c2c0b15b6b4eacdf75e16c68aa8cf2759536488efa301b4339f7db8ba9c,2026-09-27,2026-09-27,10,
https://www.onsemi.com/download/data-sheet/pdf/ffh30s60s-d.pdf,https://www.onsemi.com/download/data-sheet/pdf/ffh30s60s-d.pdf,200,381152,c0d77c324a46a44c0db603f52436b640223a6ec2ff578d97996e6ff5d29e3601,2026-09-27,2026-09-27,10,
https://www.onsemi.com/download/data-sheet/pdf/ffh50us60s-d.pdf,https://www.onsemi.com/download/data-sheet/pdf/ffh50us60s-d.pdf,200,303834,5f7fedf3d0181c104f2873760cf27e265bb2c7ee2ef88784c7acf1d81f8f59d1,2026-09-27,2026-09-27,10,
https://www.onsemi.com/download/data-sheet/pdf/ffp08s60s-d.pdf,https://www.onsemi.com/download/data-sheet/pdf/ffp08s60s-d.pdf,200,432845,8d1894d54d26a0f00fab746a823fecc239114e163ef9931cf6b16868466249e5,2026-09-27,2026-09-27,10,
https://www.onsemi.com/download/data-sheet/pdf/ffp15s60s-d.pdf,https://www.onsemi.com/download/data-sheet/pdf/ffp15s60s-d.pdf,200,350819,e6fa10dfd1fe13d656a410804a0dfbab69012cc9ed5d90aa8920800f5bde9d34,2026-09-27,2026-09-27,10,
https://www.onsemi.com/download/data-sheet/pdf/ffpf10up60s-d.pdf,https://www.onsemi.com/download/data-sheet/pdf/ffpf10up60s-d.pdf,200,196310,e87928e30f5941a5fe352e3c57fc94ec4dfecee82a8cc67bac1a4e1c880415ef,2026-09-27,2026-09-27,10,
https://www.onsemi.com/download/data-sheet/pdf/ffpf20up40s-d.pdf,https://www.onsemi.com/download/data-sheet/pdf/ffpf20up40s-d.pdf,200,472006,49b6945ed723226688987f322b9e351d11fa860760e7212468008795deaed1cb,2026-09-27,2026-09-27,10,
https://www.onsemi.com/download/data-sheet/pdf/fga20n120ftd-d.pdf,https://www.onsemi.com/download/data-sheet/pdf/fga20n120ftd-d.pdf,200,407863,e82a14fcac394e904e986220d4d222fa608899dc0b3453599903ac1429eda361,2026-09-27,2026-09-27,10,
https://www.onsemi.com/download/data-sheet/pdf/fga40n65smd-d.pdf,https://www.onsemi.com/download/data-sheet/pdf/fga40n65smd-d.pdf,200,377913,a648c61621981038e3602dd7ea9ac6f2510a4e6e5071e1907b1d266b8e65c17d,2026-09-27,2026-09-27,10,
https://www.onsemi.com/download/data-sheet/pdf/fga6540wdf-d.pdf,https://www.onsemi.com/download/data-sheet/pdf/fga6540wdf-d.pdf,200,2593448,52ea786e917a9c1ff4b0e10fbe1b627ec79890ef17989e0d4a7df93bab5d5a22,2026-09-27,2026-09-27,10,
https://www.onsemi.com/download/data-sheet/pdf/fgb40n60sm-d.pdf,https://www.onsemi.com/download/data-sheet/pdf/fgb40n60sm-d.pdf,200,483554,e847ef6d856a740057ef958ecec2bdb32e617d05acb8fcd2c76617ec00ce783b,2026-09-27,2026-09-27,10,
https://www.onsemi.com/download/data-sheet/pdf/fgb5n60undf-d.pdf,https://www.onsemi.com/download/data-sheet/pdf/fgb5n60undf-d.pdf,200,445973,70d91c3b1116e71256581d3d63beff994871b11512c9575f8da32b752c31ac43,2026-09-27,2026-09-27,10,
https://www.onsemi.com/download/data-sheet/pdf/fgd3n60lsd-d.pdf,https://www.onsemi.com/download/data-sheet/pdf/fgd3n60lsd-d.pdf,200,1127426,46256804098a63382e94eef443c55bd5268143bef37fa283da9e69ae291781c6,2026-09-27,2026-09-27,10,
https://www.onsemi.com/download/data-sheet/pdf/fgh20n60ufd-d.pdf,https://www.onsemi.com/download/data-sheet/pdf/fgh20n60ufd-d.pdf,200,412313,88a502863ce8d02de880b17e8e711bdb2885c9238f6dd58772acbc64a1b523c2,2026-09-27,2026-09-27,10,
https://www.onsemi.com/download/data-sheet/pdf/fgh25n120ftds-d.pdf,https://www.onsemi.com/download/data-sheet/pdf/fgh25n120ftds-d.pdf,200,455868,5f659e842d6eccf54608882a50805ae54efbb938e22d87d0c7916b5af0ca5b49,2026-09-27,2026-09-27,10,
https://www.onsemi.com/download/data-sheet/pdf/fgh30s150p-d.pdf,https://www.onsemi.com/download/data-sheet/pdf/fgh30s150p-d.pdf,200,432555,5dd96214929b38551336336ff3c5e7f11c8de43a2d997951b6ce9f508d0fc816,2026-09-27,2026-09-27,10,
https://www.onsemi.com/download/data-sheet/pdf/fgh40n60smdf-d.pdf,https://www.onsemi.com/download/data-sheet/pdf/fgh40n60smdf-d.pdf,200,493197,9b6e2484e8b7d9b605043bc121e29c4a2e1f501a964e936242315070e4654a94,2026-09-27,2026-09-27,10,
https://www.onsemi.com/download/data-sheet/pdf/fgh40n60ufd-d.pdf,https://www.onsemi.com/download/data-sheet/pdf/fgh40n60ufd-d.pdf,200,568036,057994e1c94671dea207aace693d8fa2c5705167c7c8185a0014e83bf260c27b,2026-09-27,2026-09-27,10,
https://www.onsemi.com/download/data-sheet/pdf/fgh40t100smd-d.pdf,https://www.onsemi.com/download/data-sheet/pdf/fgh40t100smd-d.pdf,200,602550,7721bc8526ad6349f3dd2147c6a5c524cda0ab1b5194db83d1a11ef42c90bad6,2026-09-27,2026-09-27,10,
https://www.onsemi.com/download/data-sheet/pdf/fgh40t120smd-d.pdf,https://www.onsemi.com/download/data-sheet/pdf/fgh40t120smd-d.pdf,200,5059272,4890c29035bccdaa1c983ecb877480402ca4959e4397154ccd589c1d54b45ef5,2026-09-27,2026-09-27,10,
https://www.onsemi.com/download/data-sheet/pdf/fgh60n60smd-d.pdf,https://www.onsemi.com/download/data-sheet/pdf/fgh60n60smd-d.pdf,200,528927,212bae9445f751e5c0ec37d441758bead0abc4fc655a32770b61cdbb4b2a4c66,2026-09-27,2026-09-27,10,
https://www.onsemi.com/download/data-sheet/pdf/fgh60n60ufd-d.pdf,https://www.onsemi.com/download/data-sheet/pdf/fgh60n60ufd-d.pdf,200,1155897,acec672da5d1389a1d3c3f1f071853077f0c5a90ce40cf22bc76676e7d4d4607,2026-09-27,2026-09-27,10,
https://www.onsemi.com/download/data-sheet/pdf/fgh75n60uf-d.pdf,https://www.onsemi.com/download/data-sheet/pdf/fgh75n60uf-d.pdf,200,445386,92d1539ebb6721fde6c95a327e720ccc6b6eb94994867161b2bd49d363faaf8e,2026-09-27,2026-09-27,10,
https://www.onsemi.com/download/data-sheet/pdf/fgh80n60fd-d.pdf,https://www.onsemi.com/download/data-sheet/pdf/fgh80n60fd-d.pdf,200,399452,e6011867bfa517de8c4184a2826a299fc2937b9ded41769347434852f2a34625,2026-09-27,2026-09-27,10,
https://www.onsemi.com/download/data-sheet/pdf/fgl40n120and-d.pdf,https://www.onsemi.com/download/data-sheet/pdf/fgl40n120and-d.pdf,200,703572,eda2a3065bab2efa0738825834c12a75d9f34217f4900e8a830f9cb7ec8412a1,2026-09-27,2026-09-27,10,
https://www.onsemi.com/download/data-sheet/pdf/fgl60n100bntd-d.pdf,https://www.onsemi.com/download/data-sheet/pdf/fgl60n100bntd-d.pdf,200,2111971,ad151fa54fdd0e6b04d0047583a43fe7c8a369ac41be6b4cf45391677af16beb,2026-09-27,2026-09-27,10,
https://www.onsemi.com/download/data-sheet/pdf/fgy75n60smd-d.pdf,https://www.onsemi.com/download/data-sheet/pdf/fgy75n60smd-d.pdf,200,427674,d09d70d9c6e3881385e43aedebb4999b7c5609b3b02de2a6438cdfba3bfd0bd3,2026-09-27,2026-09-27,10,
https://www.onsemi.com/download/data-sheet/pdf/fin1017-d.pdf,https://www.onsemi.com/download/data-sheet/pdf/fin1017-d.pdf,200,455897,c5cedbfe841862505181397fab8c47ff474494e19b0e77e122b7b61fdabcd3ab,2026-09-27,2026-09-27,10,
https://www.onsemi.com/download/data-sheet/pdf/fja4210-d.pdf,https://www.onsemi.com/download/data-sheet/pdf/fja4210-d.pdf,200,313535,608a90e374a32f6d628480bc207defd51d84d3ffa0514dfa8eab8f7b5baa6556,2026-09-27,2026-09-27,10,
https://www.onsemi.com/download/data-sheet/pdf/fja4213-d.pdf,https://www.onsemi.com/download/data-sheet/pdf/fja4213-d.pdf,200,559141,a1096bd32a8167514e0393122243c98d61d0f29dbc2fec9528d78552b8db6d89,2026-09-27,2026-09-27,10,
https://www.onsemi.com/download/data-sheet/pdf/fja4313-d.pdf,https://www.onsemi.com/download/data-sheet/pdf/fja4313-d.pdf,200,1969039,218e480877dc91727f31c4fd0173ddf7f3dc7ff6f447ee41ca46d87e50594ccc,2026-09-27,2026-09-27,10,
https://www.onsemi.com/download/data-sheet/pdf/fjb102-d.pdf,https://www.onsemi.com/download/data-sheet/pdf/fjb102-d.pdf,200,228666,9d10ef216ed68c36d698c027292b175a1d4ddbcc6610d68db1ed50cf8dc1e3ba,2026-09-27,2026-09-27,10,
https://www.onsemi.com/download/data-sheet/pdf/fjb3307d-d.pdf,https://www.onsemi.com/download/data-sheet/pdf/fjb3307d-d.pdf,200,309979,c6863ddb6f6a15c4c88a799d9c886781cf1af6e3ca86b616259587c632b2dedc,2026-09-27,2026-09-27,10,
https://www.onsemi.com/download/data-sheet/pdf/fjb5555-d.pdf,https://www.onsemi.com/download/data-sheet/pdf/fjb5555-d.pdf,200,223979,efc1b478e039934aaf4a9b6ea9109d9e5a1cc3df206dac14f6f3b93f9ecb237f,2026-09-27,2026-09-27,10,
https://www.onsemi.com/download/data-sheet/pdf/fjbe2150d-d.pdf,https://www.onsemi.com/download/data-sheet/pdf/fjbe2150d-d.pdf,200,887013,3a2c7f355141a3b6c59b0702f4cf58b73af0f0f7c0b2aa47f734f0458b889ebd,2026-09-27,2026-09-27,10,
https://www.onsemi.com/download/data-sheet/pdf/fjd3076-d.pdf,https://www.onsemi.com/download/data-sheet/pdf/fjd3076-d.pdf,200,274000,7a02e8ce961cdc4c77e1060875d2c40ff4c9a158e83de53f89a58f2c459eb7fa,2026-09-27,2026-09-27,10,
https://www.onsemi.com/download/data-sheet/pdf/fjd5553-d.pdf,https://www.onsemi.com/download/data-sheet/pdf/fjd5553-d.pdf,200,337250,a3ae5754e87d2318e17f4cd788a30ff473fe7e91ec38f53abfed402492869ee2,2026-09-27,2026-09-27,10,
https://www.onsemi.com/download/data-sheet/pdf/fjd5555-d.pdf,https://www.onsemi.com/download/data-sheet/pdf/fjd5555-d.pdf,200,336072,17918ba4b48b232f56a0bb2fb471b3122811add77e115214ace97ec71dffe7ff,2026-09-27,2026-09-27,10,
https://www.onsemi.com/download/data-sheet/pdf/fje3303-d.pdf,https://www.onsemi.com/download/data-sheet/pdf/fje3303-d.pdf,200,844410,445bd8c359739e2e9e7b0823a3b40275d3cabac4592bee19d02447ebd56c19be,2026-09-27,2026-09-27,10,
https://www.onsemi.com/download/data-sheet/pdf/fjl4215-d.pdf,https://www.onsemi.com/download/data-sheet/pdf/fjl4215-d.pdf,200,292465,f759d868478f39ae06bdea35f1b0faa78528d278cedea63d88a80422bb3b57ad,2026-09-27,2026-09-27,10,
https://www.onsemi.com/download/data-sheet/pdf/fjl4315-d.pdf,https://www.onsemi.com/download/data-sheet/pdf/fjl4315-d.pdf,200,231494,d0a38bc2555768b6b2a9878b051bb92be4db40c7bfd98b34b445ebe9025c6ac3,2026-09-27,2026-09-27,10,
https://www.onsemi.com/download/data-sheet/pdf/fjl6920-d.pdf,https://www.onsemi.com/download/data-sheet/pdf/fjl6920-d.pdf,200,293929,68dd0f10f5ff2e1214c96e804079aee925739ae2980ce99be88f09e65ae3e73f,2026-09-27,2026-09-27,10,
https://www.onsemi.com/download/data-sheet/pdf/fjma790-d.pdf,https://www.onsemi.com/download/data-sheet/pdf/fjma790-d.pdf,200,713354,cc3c7fb8f8acb6c0d213847d4916ff14bc2b980b36a7e699a72ec87094d0f9ba,2026-09-27,2026-09-27,10,
https://www.onsemi.com/download/data-sheet/pdf/fjn3301r-d.pdf,https://www.onsemi.com/download/data-sheet/pdf/fjn3301r-d.pdf,200,310262,a1793acfd707f7b2cde8d32a2e559c5d1105063960f031abf88d4b6923a7f4db,2026-09-27,2026-09-27,10,
https://www.onsemi.com/download/data-sheet/pdf/fjn3302r-d.pdf,https://www.onsemi.com/download/data-sheet/pdf/fjn3302r-d.pdf,200,310280,9730f709733b4b3488ad599a9574d97db70c785e655d0a5d25adfb60fd096530,2026-09-27,2026-09-27,10,
https://www.onsemi.com/download/data-sheet/pdf/fjn3303r-d.pdf,https://www.onsemi.com/download/data-sheet/pdf/fjn3303r-d.pdf,200,310142,27a2c447359bed7343c30c07e461ae0f7c75d61f24b78bb2f7d9e372cd9e4a60,2026-09-27,2026-09-27,10,
https://www.onsemi.com/download/data-sheet/pdf/fjn4301r-d.pdf,https://www.onsemi.com/download/data-sheet/pdf/fjn4301r-d.pdf,200,309390,7c6cd2e6b3b8db77b2c929c58ff488f4598470b791791fba99394bd2c532e55d,2026-09-27,2026-09-27,10,
https://www.onsemi.com/download/data-sheet/pdf/fjn4302r-d.pdf,https://www.onsemi.com/download/data-sheet/pdf/fjn4302r-d.pdf,200,309630,14f3eadf4d698d3b5277ceb21b572d1e958bd5bbf1872cd5251deb06bd49f445,2026-09-27,2026-09-27,10,
https://www.onsemi.com/download/data-sheet/pdf/fjn4303r-d.pdf,https://www.onsemi.com/download/data-sheet/pdf/fjn4303r-d.pdf,200,309749,c36b6d815c8ba382677535f7fa49372fc3b213401594e4a967fc2a879a8b8033,2026-09-27,2026-09-27,10,
https://www.onsemi.com/download/data-sheet/pdf/fjp13009-d.pdf,https://www.onsemi.com/download/data-sheet/pdf/fjp13009-d.pdf,200,328188,8d76eb572ec4635cf32ed9e9c8291865fc7126039fd3e62eb36ece479a0c1b89,2026-09-27,2026-09-27,10,
https://www.onsemi.com/download/data-sheet/pdf/fjp1943-d.pdf,https://www.onsemi.com/download/data-sheet/pdf/fjp1943-d.pdf,200,317281,458fdd48185dec943f3356e6fb92eaf83d1d757d790da5a6c23695121d360bbd,2026-09-27,2026-09-27,10,
https://www.onsemi.com/download/data-sheet/pdf/fjp5027-d.pdf,https://www.onsemi.com/download/data-sheet/pdf/fjp5027-d.pdf,200,232456,e1f539fea9fb33a86feb250f8cd3a7e6e281b404f1c53b023c91e40191702a51,2026-09-27,2026-09-27,10,
https://www.onsemi.com/download/data-sheet/pdf/fjp5200-d.pdf,https://www.onsemi.com/download/data-sheet/pdf/fjp5200-d.pdf,200,307248,ad199a997959a815ad3be840996fc845548a67d709ec2ea2ad6b4ba10e7b0ef7,2026-09-27,2026-09-27,10,
https://www.onsemi.com/download/data-sheet/pdf/fjp5554-d.pdf,https://www.onsemi.com/download/data-sheet/pdf/fjp5554-d.pdf,200,281416,fba36bd7af20e05d537a5984254e402d5942540fc9a79868f2a78ad527a3a740,2026-09-27,2026-09-27,10,
https://www.onsemi.com/download/data-sheet/pdf/fjpf2145-d.pdf,https://www.onsemi.com/download/data-sheet/pdf/fjpf2145-d.pdf,200,882519,f4ea6eac76fbed1185bd501342cdbbe3037b8545703d5b6a593b95248cac329c,2026-09-27,2026-09-27,10,
https://www.onsemi.com/download/data-sheet/pdf/fjpf5021-d.pdf,https://www.onsemi.com/download/data-sheet/pdf/fjpf5021-d.pdf,200,239729,7c4af544f9abe3e58fa46c474e77b3edfdd9b6135d729bc254eebf0a141ca4a0,2026-09-27,2026-09-27,10,
https://www.onsemi.com/download/data-sheet/pdf/fjpf5027-d.pdf,https://www.onsemi.com/download/data-sheet/pdf/fjpf5027-d.pdf,200,154552,2a247c11cbbfa0de3b370146908a52a89acd732a8b0d1c0febe7bd99b3a4e7a2,2026-09-27,2026-09-27,10,
https://www.onsemi.com/download/data-sheet/pdf/fjt44-d.pdf,https://www.onsemi.com/download/data-sheet/pdf/fjt44-d.pdf,200,317861,7714499f46bef070482f9b93c60de0e1f26aab88a2038aec1983c1a4a42f3897,2026-09-27,2026-09-27,10,
https://www.onsemi.com/download/data-sheet/pdf/fjv1845-d.pdf,https://www.onsemi.com/download/data-sheet/pdf/fjv1845-d.pdf,200,186638,dce2e5eff057f705d4633b224016a4b7fc902a9c29e0924efb1a50270c12bb2c,2026-09-27,2026-09-27,10,
https://www.onsemi.com/download/data-sheet/pdf/fjv3101r-d.pdf,https://www.onsemi.com/download/data-sheet/pdf/fjv3101r-d.pdf,200,271256,090f6750582fa180a867fae20cda6eae4e22b7214db1ab60af214292e3ad33fe,2026-09-27,2026-09-27,10,
https://www.onsemi.com/download/data-sheet/pdf/fjv3102r-d.pdf,https://www.onsemi.com/download/data-sheet/pdf/fjv3102r-d.pdf,200,270804,c7f9d1c98388add3cf94e9a36f8b00233fd8a9666bdfbb1d993b0dfb8aa89aac,2026-09-27,2026-09-27,10,
https://www.onsemi.com/download/data-sheet/pdf/fjv3103r-d.pdf,https://www.onsemi.com/download/data-sheet/pdf/fjv3103r-d.pdf,200,271017,00186511965ac2562032f845d7d30f81b4dbb3fec238be089609c132a7f286b3,2026-09-27,2026-09-27,10,
https://www.onsemi.com/download/data-sheet/pdf/fjv3105r-d.pdf,https://www.onsemi.com/download/data-sheet/pdf/fjv3105r-d.pdf,200,270571,999c99f45b5dbfee1c3a2e23a4317562ba96602b17e420ba0578ff0ca7b8b3eb,2026-09-27,2026-09-27,10,
https://www.onsemi.com/download/data-sheet/pdf/fjv4102r-d.pdf,https://www.onsemi.com/download/data-sheet/pdf/fjv4102r-d.pdf,200,270584,a7b3ef2afef2a9ba1dd80d18e61309c55fafbbc6c4891b80591cc6e9fa6b8c4e,2026-09-27,2026-09-27,10,
https://www.onsemi.com/download/data-sheet/pdf/fjv4104r-d.pdf,https://www.onsemi.com/download/data-sheet/pdf/fjv4104r-d.pdf,200,270334,a9da91b6c942d738a521053e6d7c73b3b5e44573a65ebc65c3d9182750404b17,2026-09-27,2026-09-27,10,
https://www.onsemi.com/download/data-sheet/pdf/fjx4003r-d.pdf,https://www.onsemi.com/download/data-sheet/pdf/fjx4003r-d.pdf,200,276773,b9d9028f8603a54c956a8afe719670764ac18f3962efad79d4da231e0e41ea97,2026-09-27,2026-09-27,10,
https://www.onsemi.com/download/data-sheet/pdf/fjx945-d.pdf,https://www.onsemi.com/download/data-sheet/pdf/fjx945-d.pdf,200,160715,eab682af4c62c64bc4ce6a4ca80d3be456de5e10b2c6011002983faf6355efd3,2026-09-27,2026-09-27,10,
https://www.onsemi.com/download/data-sheet/pdf/flld261-d.pdf,https://www.onsemi.com/download/data-sheet/pdf/flld261-d.pdf,200,154374,2eec62f8c2863158c1ebfd6126dabbfe04de344b6de876d330176ada7eea0193,2026-09-27,2026-09-27,10,
https://www.onsemi.com/download/data-sheet/pdf/fmb100-d.pdf,https://www.onsemi.com/download/data-sheet/pdf/fmb100-d.pdf,200,157661,52579a0f1a687a80f0f02b66476136cdd99600b9841e9321c4209f3d21708aa0,2026-09-27,2026-09-27,10,
https://www.onsemi.com/download/data-sheet/pdf/fmb5551-d.pdf,https://www.onsemi.com/download/data-sheet/pdf/fmb5551-d.pdf,200,102482,bb26790ad10135417c2a0d573c3eaf54ed42ed6e3c6cb0141d25016aae0ec7f9,2026-09-27,2026-09-27,10,
https://www.onsemi.com/download/data-sheet/pdf/fmba06-d.pdf,https://www.onsemi.com/download/data-sheet/pdf/fmba06-d.pdf,200,319441,2baf4e286d4785a4424bb8e321b4158b7f2f4382d351770d8e2015326b7ef99b,2026-09-27,2026-09-27,10,
https://www.onsemi.com/download/data-sheet/pdf/fmba14-d.pdf,https://www.onsemi.com/download/data-sheet/pdf/fmba14-d.pdf,200,528842,cfbb032861b58b6a1ffdf44f82fd2ebfe048fc2581bd0586578999495754aed1,2026-09-27,2026-09-27,10,
https://www.onsemi.com/download/data-sheet/pdf/fmba56-d.pdf,https://www.onsemi.com/download/data-sheet/pdf/fmba56-d.pdf,200,328701,333a7d81bf5ee0a89fc3cd6eba96763d49b0a84044aaf01d090078d33def7f7d,2026-09-27,2026-09-27,10,
https://www.onsemi.com/download/data-sheet/pdf/fmbm5401-d.pdf,https://www.onsemi.com/download/data-sheet/pdf/fmbm5401-d.pdf,200,200764,8e5bd2cd985c72ec5f59fdbe5933775bf35628908d44ce51acb566efc4d46849,2026-09-27,2026-09-27,10,
https://www.onsemi.com/download/data-sheet/pdf/fmbm5551-d.pdf,https://www.onsemi.com/download/data-sheet/pdf/fmbm5551-d.pdf,200,371468,75f7eb83b950161f910859e06767aa2cf1143f85029dcb7983def198531b72b7,2026-09-27,2026-09-27,10,
https://www.onsemi.com/download/data-sheet/pdf/fmmt449-d.pdf,https://www.onsemi.com/download/data-sheet/pdf/fmmt449-d.pdf,200,134278,c9c22f2adea8ff080fcc430c0b8666e67256b0d04ce49993afe1d61d18212c2d,2026-09-27,2026-09-27,10,
https://www.onsemi.com/download/data-sheet/pdf/fmmt549-d.pdf,https://www.onsemi.com/download/data-sheet/pdf/fmmt549-d.pdf,200,239350,c33e7c620274dae5fb738addfbfbb03f6c0e11e71c78f131e5d37cf11c68b39c,2026-09-27,2026-09-27,10,
https://www.onsemi.com/download/data-sheet/pdf/fqa140n10-d.pdf,https://www.onsemi.com/download/data-sheet/pdf/fqa140n10-d.pdf,200,317548,c9cb87ff210a31ae183dca15cc3d497d7831b9db25cf5aef5981c887fa080160,2026-09-27,2026-09-27,10,
https://www.onsemi.com/download/data-sheet/pdf/fqa19n60-d.pdf,https://www.onsemi.com/download/data-sheet/pdf/fqa19n60-d.pdf,200,1611561,8948e31369ed9adcaab0c16524416ec76de7ee639c49c75b7a61838c7e82635a,2026-09-27,2026-09-27,10,
https://www.onsemi.com/download/data-sheet/pdf/fqa24n50-d.pdf,https://www.onsemi.com/download/data-sheet/pdf/fqa24n50-d.pdf,200,1655642,c35ef2f1d4277c1f74499fc5206c74501b43a38d964f0af396e811870211cf44,2026-09-27,2026-09-27,10,
https://www.onsemi.com/download/data-sheet/pdf/fqa24n60-d.pdf,https://www.onsemi.com/download/data-sheet/pdf/fqa24n60-d.pdf,200,362527,dd2ea1ce32a8cdaf0448ff3f98dd8ba89d15e25973116de2629fac5ac5e5ca08,2026-09-27,2026-09-27,10,
https://www.onsemi.com/download/data-sheet/pdf/fqa28n15-d.pdf,https://www.onsemi.com/download/data-sheet/pdf/fqa28n15-d.pdf,200,2390698,7da864a218285b806588e859b24636f7a223938bc01ec3132134ac235bc6a89c,2026-09-27,2026-09-27,10,
https://www.onsemi.com/download/data-sheet/pdf/fqa28n50-d.pdf,https://www.onsemi.com/download/data-sheet/pdf/fqa28n50-d.pdf,200,515839,b9243bc0a5dfdb0b45470ccb26008b845f08b3e7fa30d67264956798f34ad077,2026-09-27,2026-09-27,10,
https://www.onsemi.com/download/data-sheet/pdf/fqa36p15-d.pdf,https://www.onsemi.com/download/data-sheet/pdf/fqa36p15-d.pdf,200,386110,2d466e3834ce0c3d7cafd8c3ca807525491c9a0bb4e815788039a79d4588b967,2026-09-27,2026-09-27,10,
https://www.onsemi.com/download/data-sheet/pdf/fqa44n30-d.pdf,https://www.onsemi.com/download/data-sheet/pdf/fqa44n30-d.pdf,200,1949129,e324d336a075e66785b76c86554df6e47c959bf6fb13d87aa762579d47d62cc7,2026-09-27,2026-09-27,10,
https://www.onsemi.com/download/data-sheet/pdf/fqa46n15-d.pdf,https://www.onsemi.com/download/data-sheet/pdf/fqa46n15-d.pdf,200,1910972,0556aad664b3130957cd7aafc4802b5b4b2ffc36d6c6941da80c376b58efcb89,2026-09-27,2026-09-27,10,
https://www.onsemi.com/download/data-sheet/pdf/fqa55n25-d.pdf,https://www.onsemi.com/download/data-sheet/pdf/fqa55n25-d.pdf,200,2286218,db21eb59a8068cb350a4ac6036b0901a97ecd66ac06d25705d3b970560997d72,2026-09-27,2026-09-27,10,
https://www.onsemi.com/download/data-sheet/pdf/fqa62n25c-d.pdf,https://www.onsemi.com/download/data-sheet/pdf/fqa62n25c-d.pdf,200,1797393,94c581a4cdb9bc2fddce3402338064e9daaf3a92793241fd5b194ac9ac8b2ef8,2026-09-27,2026-09-27,10,
https://www.onsemi.com/download/data-sheet/pdf/fqa65n20-d.pdf,https://www.onsemi.com/download/data-sheet/pdf/fqa65n20-d.pdf,200,1841893,bdc34877a0f9778230a9fa971b3926155061baef73a065cd4557b176649a7adf,2026-09-27,2026-09-27,10,
https://www.onsemi.com/download/data-sheet/pdf/fqa70n10-d.pdf,https://www.onsemi.com/download/data-sheet/pdf/fqa70n10-d.pdf,200,341616,ba1442d59f36dd8a921e42b66d5cabbcb4eb4d51c675ea37f86806c8b1114987,2026-09-27,2026-09-27,10,
https://www.onsemi.com/download/data-sheet/pdf/fqa70n15-d.pdf,https://www.onsemi.com/download/data-sheet/pdf/fqa70n15-d.pdf,200,285041,314131ae2f16e863e7cdb2a7e30530a4ce5fc1da59f7f22bddfa24e16004c62b,2026-09-27,2026-09-27,10,
https://www.onsemi.com/download/data-sheet/pdf/fqa90n15-d.pdf,https://www.onsemi.com/download/data-sheet/pdf/fqa90n15-d.pdf,200,2030809,f0f97daffcc934a6786147a1c4c8a8a0a20f6a7d3bd34cfebda3ec2f5b6c9a72,2026-09-27,2026-09-27,10,
https://www.onsemi.com/download/data-sheet/pdf/fqaf13n80-d.pdf,https://www.onsemi.com/download/data-sheet/pdf/fqaf13n80-d.pdf,200,1038382,7e3beb821e32602accf2832f5272948229faab566d2b4531ddd2a0f1ec4d37aa,2026-09-27,2026-09-27,10,
https://www.onsemi.com/download/data-sheet/pdf/fqb11p06-d.pdf,https://www.onsemi.com/download/data-sheet/pdf/fqb11p06-d.pdf,200,948263,61fc1402006ea958a6356d7f9cc89594ca65910b00043e1b302c85db15375d5c,2026-09-27,2026-09-27,10,
https://www.onsemi.com/download/data-sheet/pdf/fqb12p20-d.pdf,https://www.onsemi.com/download/data-sheet/pdf/fqb12p20-d.pdf,200,319094,af2621e794e41ad6f2032363d15577cabf07f9c131361406da0310f53fb44fe2,2026-09-27,2026-09-27,10,
https://www.onsemi.com/download/data-sheet/pdf/fqb19n20-d.pdf,https://www.onsemi.com/download/data-sheet/pdf/fqb19n20-d.pdf,200,917494,44ed55ce0360c8fdd599a79e8831c99000fbb93c6fd31ee98bbc8e31d811108e,2026-09-27,2026-09-27,10,
https://www.onsemi.com/download/data-sheet/pdf/fqb19n20c-d.pdf,https://www.onsemi.com/download/data-sheet/pdf/fqb19n20c-d.pdf,200,2229842,ac89e0392213a27658cdfa8722e78fc6c375b048efcfa54e6a91010c1c68a440,2026-09-27,2026-09-27,10,
https://www.onsemi.com/download/data-sheet/pdf/fqb19n20l-d.pdf,https://www.onsemi.com/download/data-sheet/pdf/fqb19n20l-d.pdf,200,939010,0d6e2304e0cc878d26d8414dd5e3ac821fdf470a567604e9988a335529679059,2026-09-27,2026-09-27,10,
https://www.onsemi.com/download/data-sheet/pdf/fqb1p50-d.pdf,https://www.onsemi.com/download/data-sheet/pdf/fqb1p50-d.pdf,200,2212173,e62aab3138bbe120b1790197cb3a9f02c66daa1359aecd6ae5c4e14be83e3aa6,2026-09-27,2026-09-27,10,
https://www.onsemi.com/download/data-sheet/pdf/fqb22p10-d.pdf,https://www.onsemi.com/download/data-sheet/pdf/fqb22p10-d.pdf,200,957685,4da33613362c881e9e6ee6ea17986601112118ea776cb8ec1c84e6202c274b08,2026-09-27,2026-09-27,10,
https://www.onsemi.com/download/data-sheet/pdf/fqb27p06-d.pdf,https://www.onsemi.com/download/data-sheet/pdf/fqb27p06-d.pdf,200,913011,8a7b8ee3a44570743be96778f3c2086a47ef94528c86b77558a33b28423cc28c,2026-09-27,2026-09-27,10,
https://www.onsemi.com/download/data-sheet/pdf/fqb34n20l-d.pdf,https://www.onsemi.com/download/data-sheet/pdf/fqb34n20l-d.pdf,200,883158,1f8fc67e3cb2b8c3701d4acad0bed79e7d1cf9fd5566d0336722ace3a5baadfb,2026-09-27,2026-09-27,10,
https://www.onsemi.com/download/data-sheet/pdf/fqb34p10-d.pdf,https://www.onsemi.com/download/data-sheet/pdf/fqb34p10-d.pdf,200,1910062,a515ad9f4efddc7e53418a0964c2c9db4e230e12195441862ea09c49a41420a1,2026-09-27,2026-09-27,10,
https://www.onsemi.com/download/data-sheet/pdf/fqb47p06-d.pdf,https://www.onsemi.com/download/data-sheet/pdf/fqb47p06-d.pdf,200,1304454,45d1381b30c01f297ac5878d331a646a12baa04a8489cda8ef41fa8bfca7f305,2026-09-27,2026-09-27,10,
https://www.onsemi.com/download/data-sheet/pdf/fqb55n10-d.pdf,https://www.onsemi.com/download/data-sheet/pdf/fqb55n10-d.pdf,200,881850,3f8802e1ff933366989fcae75ca7938d159d3e1343172380b5116ee8a9b181de,2026-09-27,2026-09-27,10,
https://www.onsemi.com/download/data-sheet/pdf/fqb5n90-d.pdf,https://www.onsemi.com/download/data-sheet/pdf/fqb5n90-d.pdf,200,950897,c404bd368be61a265f3d8dd23afc499ff9cfa6c3b71ed490a5f8970aa5517469,2026-09-27,2026-09-27,10,
https://www.onsemi.com/download/data-sheet/pdf/fqb6n40c-d.pdf,https://www.onsemi.com/download/data-sheet/pdf/fqb6n40c-d.pdf,200,834276,4898139bb8910c7896c3f38b0e669f0f1f039e0c869ed06022b41c8517720af4,2026-09-27,2026-09-27,10,
https://www.onsemi.com/download/data-sheet/pdf/fqb7p20-d.pdf,https://www.onsemi.com/download/data-sheet/pdf/fqb7p20-d.pdf,200,1203448,7c9c77bf1797dd1de254e8d5211c8a0ef2bf32901b54b513dd1185787794c43d,2026-09-27,2026-09-27,10,
https://www.onsemi.com/download/data-sheet/pdf/fqb8p10-d.pdf,https://www.onsemi.com/download/data-sheet/pdf/fqb8p10-d.pdf,200,1689924,96d0a8d44240ee5cf70f3ad2b02799bc1e48c0e2e70621c7240a04410f61ab32,2026-09-27,2026-09-27,10,
https://www.onsemi.com/download/data-sheet/pdf/fqb9p25-d.pdf,https://www.onsemi.com/download/data-sheet/pdf/fqb9p25-d.pdf,200,798741,64f11082940703c2d75c7da83448c702ec07b42e78fea261fe9a8d929607e947,2026-09-27,2026-09-27,10,
https://www.onsemi.com/download/data-sheet/pdf/fqd12n20l-d.pdf,https://www.onsemi.com/download/data-sheet/pdf/fqd12n20l-d.pdf,200,281126,0fc1546e133b914590bec283282232b625f5a92e95b5ea6b3153adc2b83a0861,2026-09-27,2026-09-27,10,
https://www.onsemi.com/download/data-sheet/pdf/fqd20n06-d.pdf,https://www.onsemi.com/download/data-sheet/pdf/fqd20n06-d.pdf,200,1360941,87e41fb96b321d9871e9ec6c57b61e7dcf41bcb97ad2b156ff5e250f0797337f,2026-09-27,2026-09-27,10,
https://www.onsemi.com/download/data-sheet/pdf/fqd2n80-d.pdf,https://www.onsemi.com/download/data-sheet/pdf/fqd2n80-d.pdf,200,898979,046f81f37011421b9a5a26633117644edeca5691da69c810e7edabe020a5c9cf,2026-09-27,2026-09-27,10,
https://www.onsemi.com/download/data-sheet/pdf/fqd2p40-d.pdf,https://www.onsemi.com/download/data-sheet/pdf/fqd2p40-d.pdf,200,343229,269befc3de38b156948beafbe28275c65f392b3d7cc09cec0aaee3ffb91f1ccd,2026-09-27,2026-09-27,10,
https://www.onsemi.com/download/data-sheet/pdf/fqd4n25-d.pdf,https://www.onsemi.com/download/data-sheet/pdf/fqd4n25-d.pdf,200,1001970,9e3ac90985cba668559c2700eb6678a9007d9a9e2f4789f1fe944bf49bbb02a2,2026-09-27,2026-09-27,10,
https://www.onsemi.com/download/data-sheet/pdf/fqd4p40-d.pdf,https://www.onsemi.com/download/data-sheet/pdf/fqd4p40-d.pdf,200,1580240,838a6cb79f9d53b15af909bfa97b85211b0064012a7282ea68bcb79d74704cf0,2026-09-27,2026-09-27,10,
https://www.onsemi.com/download/data-sheet/pdf/fqd6n40c-d.pdf,https://www.onsemi.com/download/data-sheet/pdf/fqd6n40c-d.pdf,200,337493,32e551dc916907cab3313968f712c953417de428806cf0b041c7e06c0ce14337,2026-09-27,2026-09-27,10,
https://www.onsemi.com/download/data-sheet/pdf/fqd7n10l-d.pdf,https://www.onsemi.com/download/data-sheet/pdf/fqd7n10l-d.pdf,200,1298821,e5f15cc7e6c820707df96a423ddc0bad6d4f6130ccdf4c3d7c79840026b863d9,2026-09-27,2026-09-27,10,
https://www.onsemi.com/download/data-sheet/pdf/fqd7p20-d.pdf,https://www.onsemi.com/download/data-sheet/pdf/fqd7p20-d.pdf,200,221889,95d65d3ed3caebe58cfa907ed27c41928a6bcccae475eb0ae28b02e09c54f9d5,2026-09-27,2026-09-27,10,
https://www.onsemi.com/download/data-sheet/pdf/fqi50n06-d.pdf,https://www.onsemi.com/download/data-sheet/pdf/fqi50n06-d.pdf,200,2167988,c79e2baeb56788164124bbcd10c8b142e69d5b020dcb6beab37678e8e139e047,2026-09-27,2026-09-27,10,
https://www.onsemi.com/download/data-sheet/pdf/fqi8n60c-d.pdf,https://www.onsemi.com/download/data-sheet/pdf/fqi8n60c-d.pdf,200,902274,d9546f7d9f194efb5d1c9367957e5f72d5ca5718f00cc5ea4e18d3ac0ea9723a,2026-09-27,2026-09-27,10,
https://www.onsemi.com/download/data-sheet/pdf/fql40n50f-d.pdf,https://www.onsemi.com/download/data-sheet/pdf/fql40n50f-d.pdf,200,864327,d47ccc2a2b9f4de89c17479476dc27e84ec3f8adc9874d93fb5b320aad39dbed,2026-09-27,2026-09-27,10,
https://www.onsemi.com/download/data-sheet/pdf/fqn1n60c-d.pdf,https://www.onsemi.com/download/data-sheet/pdf/fqn1n60c-d.pdf,200,436385,519eabd6bfbb9adb6dda7ee8c6631594269ef02e04c59189b8aa929b6361650b,2026-09-27,2026-09-27,10,
https://www.onsemi.com/download/data-sheet/pdf/fqp10n60c-d.pdf,https://www.onsemi.com/download/data-sheet/pdf/fqp10n60c-d.pdf,200,1505852,714f20c67d4cba96f889d5c9bd7d12bd7c1e669be0d06a726c4c7ab5ba347149,2026-09-27,2026-09-27,10,
https://www.onsemi.com/download/data-sheet/pdf/fqp13n06l-d.pdf,https://www.onsemi.com/download/data-sheet/pdf/fqp13n06l-d.pdf,200,564187,55e1285e4de9ebac01c5975ad5537ad23cb72c903f326aca1387eefd351e0b0a,2026-09-27,2026-09-27,10,
https://www.onsemi.com/download/data-sheet/pdf/fqp13n10-d.pdf,https://www.onsemi.com/download/data-sheet/pdf/fqp13n10-d.pdf,200,770618,ce9bc23a1525b8424274367c9fbb42af05ec7e228e3bcee323f077aa79804b55,2026-09-27,2026-09-27,10,
https://www.onsemi.com/download/data-sheet/pdf/fqp13n10l-d.pdf,https://www.onsemi.com/download/data-sheet/pdf/fqp13n10l-d.pdf,200,1366259,6fcabfd4ae8d34240f296c128ffe0d9c3fbdf03739c86126bb77fbb9ff66effa,2026-09-27,2026-09-27,10,
https://www.onsemi.com/download/data-sheet/pdf/fqp13n50c-d.pdf,https://www.onsemi.com/download/data-sheet/pdf/fqp13n50c-d.pdf,200,2188398,675db2772a9da6ca54ec935b3519ece67f103446679c47533ca2fd0bc08f54b5,2026-09-27,2026-09-27,10,
https://www.onsemi.com/download/data-sheet/pdf/fqp16n25-d.pdf,https://www.onsemi.com/download/data-sheet/pdf/fqp16n25-d.pdf,200,769198,8944a6ba8d89202ee6f16929ff5f3d615fab566291efb65fb9464e694f22e788,2026-09-27,2026-09-27,10,
https://www.onsemi.com/download/data-sheet/pdf/fqp16n25c-d.pdf,https://www.onsemi.com/download/data-sheet/pdf/fqp16n25c-d.pdf,200,534070,a1819ff1ae7b531d175fd983da5e5bfff549c66351a71bfd9c36152abb213a9d,2026-09-27,2026-09-27,10,
https://www.onsemi.com/download/data-sheet/pdf/fqp17n40-d.pdf,https://www.onsemi.com/download/data-sheet/pdf/fqp17n40-d.pdf,200,435842,dfbf095bb674eb8ce12d9376777386da8fd52d1c4b5bed07e8134b846b970ccd,2026-09-27,2026-09-27,10,
https://www.onsemi.com/download/data-sheet/pdf/fqp17p06-d.pdf,https://www.onsemi.com/download/data-sheet/pdf/fqp17p06-d.pdf,200,431002,6957050a672a0f21c19915bd8c7cc47a96ecd4c1678cbc947792627abd1b9272,2026-09-27,2026-09-27,10,
https://www.onsemi.com/download/data-sheet/pdf/fqp17p10-d.pdf,https://www.onsemi.com/download/data-sheet/pdf/fqp17p10-d.pdf,200,441807,1f2da6a795280a5aa175281a089e83b291faa7b6cf5611ff46a567a352b5f3ab,2026-09-27,2026-09-27,10,
https://www.onsemi.com/download/data-sheet/pdf/fqp19n20-d.pdf,https://www.onsemi.com/download/data-sheet/pdf/fqp19n20-d.pdf,200,367148,36b09bd50d379ea5bc8ebb36ee05a2cf935986684488dd820c7d2fc4fd76a590,2026-09-27,2026-09-27,10,
https://www.onsemi.com/download/data-sheet/pdf/fqp20n06-d.pdf,https://www.onsemi.com/download/data-sheet/pdf/fqp20n06-d.pdf,200,784307,791f1db1349d7adc64407b097e7296e98f932b9dac90e5f9861c4b6dd33288c6,2026-09-27,2026-09-27,10,
https://www.onsemi.com/download/data-sheet/pdf/fqp20n06l-d.pdf,https://www.onsemi.com/download/data-sheet/pdf/fqp20n06l-d.pdf,200,789728,a746337f9be95f18ac88e38fb6ac887edee8d70e4f59821ca6a70229ccb4f8e2,2026-09-27,2026-09-27,10,
https://www.onsemi.com/download/data-sheet/pdf/fqp22n30-d.pdf,https://www.onsemi.com/download/data-sheet/pdf/fqp22n30-d.pdf,200,799899,70abe28bf5e18cb7451ea254250e80384f0a873318c1150a461f789a6ead90fb,2026-09-27,2026-09-27,10,
https://www.onsemi.com/download/data-sheet/pdf/fqp27n25-d.pdf,https://www.onsemi.com/download/data-sheet/pdf/fqp27n25-d.pdf,200,3065906,0246805187e6e17ba7569e316536d8891279e6824d028495645adfae065a49e3,2026-09-27,2026-09-27,10,
https://www.onsemi.com/download/data-sheet/pdf/fqp27p06-d.pdf,https://www.onsemi.com/download/data-sheet/pdf/fqp27p06-d.pdf,200,382839,9ea8c000ab6ce7fd807dfb4d0c020a6a8f2413c16caa3365f0d3c490d9326d3b,2026-09-27,2026-09-27,10,
https://www.onsemi.com/download/data-sheet/pdf/fqp30n06-d.pdf,https://www.onsemi.com/download/data-sheet/pdf/fqp30n06-d.pdf,200,796279,190d8aa45c8e6b928f1f7c8acdce1bdb94f4ea5264f604390f239fa5e6294552,2026-09-27,2026-09-27,10,
https://www.onsemi.com/download/data-sheet/pdf/fqp30n06l-d.pdf,https://www.onsemi.com/download/data-sheet/pdf/fqp30n06l-d.pdf,200,794020,1c0ed9c21a1d302c623bb493b8e0b1f25c33410997cec3d2641aa25307f048f4,2026-09-27,2026-09-27,10,
https://www.onsemi.com/download/data-sheet/pdf/fqp33n10-d.pdf,https://www.onsemi.com/download/data-sheet/pdf/fqp33n10-d.pdf,200,554360,3f504f0be0b367bdd7dc5be36ec197b8d0dd84e56b76bb1663a3664de4773721,2026-09-27,2026-09-27,10,
https://www.onsemi.com/download/data-sheet/pdf/fqp3n30-d.pdf,https://www.onsemi.com/download/data-sheet/pdf/fqp3n30-d.pdf,200,766635,6c3b63ba5adad03e6587e0ec3478cc0e06938085cc6cff855ab5a60d0334ba34,2026-09-27,2026-09-27,10,
https://www.onsemi.com/download/data-sheet/pdf/fqp3p20-d.pdf,https://www.onsemi.com/download/data-sheet/pdf/fqp3p20-d.pdf,200,1021888,ee29bb082676e6042c9196699884661beb834f5584a4d3e2a30eb29db06b0ad5,2026-09-27,2026-09-27,10,
https://www.onsemi.com/download/data-sheet/pdf/fqp3p50-d.pdf,https://www.onsemi.com/download/data-sheet/pdf/fqp3p50-d.pdf,200,454920,9219584beafdbce817c5e94e50d9144bef7faea933c463f867cb41e80953de8a,2026-09-27,2026-09-27,10,
https://www.onsemi.com/download/data-sheet/pdf/fqp46n15-d.pdf,https://www.onsemi.com/download/data-sheet/pdf/fqp46n15-d.pdf,200,861229,3b0269520524aee64ce1f87831ec0fa933029d43b88712382fd8148159c1eca6,2026-09-27,2026-09-27,10,
https://www.onsemi.com/download/data-sheet/pdf/fqp4p40-d.pdf,https://www.onsemi.com/download/data-sheet/pdf/fqp4p40-d.pdf,200,1165780,1cc7ffc2c15f8f184ee25739aefa939f28c427e93e06a21b4528ed4e8464c9cf,2026-09-27,2026-09-27,10,
https://www.onsemi.com/download/data-sheet/pdf/fqp50n06-d.pdf,https://www.onsemi.com/download/data-sheet/pdf/fqp50n06-d.pdf,200,765996,5ef109a3308e701c638bbdb9555b2f860f1224380460166dd4e1dc50c2c14fa4,2026-09-27,2026-09-27,10,
https://www.onsemi.com/download/data-sheet/pdf/fqp50n06l-d.pdf,https://www.onsemi.com/download/data-sheet/pdf/fqp50n06l-d.pdf,200,2278941,39bc75332c13b78cdb0617ddd7c8717063d231f07a3376bdf6907281f145b906,2026-09-27,2026-09-27,10,
https://www.onsemi.com/download/data-sheet/pdf/fqp55n10-d.pdf,https://www.onsemi.com/download/data-sheet/pdf/fqp55n10-d.pdf,200,772538,891d564b0cc100eb92f6728c306e8e631ac3c9a7b62b0da53bb3c86bc11770d3,2026-09-27,2026-09-27,10,
https://www.onsemi.com/download/data-sheet/pdf/fqp7p06-d.pdf,https://www.onsemi.com/download/data-sheet/pdf/fqp7p06-d.pdf,200,759129,89164ddced56bd5a42ef88dfcd37b88656c8b28ed54387c730404017e0ec6f3d,2026-09-27,2026-09-27,10,
https://www.onsemi.com/download/data-sheet/pdf/fqp85n06-d.pdf,https://www.onsemi.com/download/data-sheet/pdf/fqp85n06-d.pdf,200,791284,5b0d4603953ff53c0d5ea789174ccc55e8174f0d47a813c8428011ab70793246,2026-09-27,2026-09-27,10,
https://www.onsemi.com/download/data-sheet/pdf/fqp8n60c-d.pdf,https://www.onsemi.com/download/data-sheet/pdf/fqp8n60c-d.pdf,200,1458373,e99d408e8cc349ee94ae0a7ef7b88c765daee62f8a3394b2ca4f9a271a8ed0ab,2026-09-27,2026-09-27,10,
https://www.onsemi.com/download/data-sheet/pdf/fqp9n50c-d.pdf,https://www.onsemi.com/download/data-sheet/pdf/fqp9n50c-d.pdf,200,1462952,7ccbdfa7cfb744c180fefed9ba66b0c4d8426885fbd04289323c7e8e5aafcafe,2026-09-27,2026-09-27,10,
https://www.onsemi.com/download/data-sheet/pdf/fqp9p25-d.pdf,https://www.onsemi.com/download/data-sheet/pdf/fqp9p25-d.pdf,200,778882,da56b85f5a5f8cbfa5fd52ae13a9b8d72c69b37ed2fcde041470edb8233d28ca,2026-09-27,2026-09-27,10,
https://www.onsemi.com/download/data-sheet/pdf/fqpf11n40c-d.pdf,https://www.onsemi.com/download/data-sheet/pdf/fqpf11n40c-d.pdf,200,627594,df78f96fc3ed379cc1bcf0df78a1aa40b3fb6818e85fd38f3a3c96452698c529,2026-09-27,2026-09-27,10,
https://www.onsemi.com/download/data-sheet/pdf/fqpf13n06l-d.pdf,https://www.onsemi.com/download/data-sheet/pdf/fqpf13n06l-d.pdf,200,571621,f3c32c6ad2b2d51a84bd135dab9234f3eee6b6d9c2b4c127750a7a9a6f4716c7,2026-09-27,2026-09-27,10,
https://www.onsemi.com/download/data-sheet/pdf/fqpf16n15-d.pdf,https://www.onsemi.com/download/data-sheet/pdf/fqpf16n15-d.pdf,200,561431,99757d50089417bec2c7834dc4f9422cc599f36c796f4db7d3d7571f5c46ba21,2026-09-27,2026-09-27,10,
https://www.onsemi.com/download/data-sheet/pdf/fqpf19n20-d.pdf,https://www.onsemi.com/download/data-sheet/pdf/fqpf19n20-d.pdf,200,539813,e5d681babcab0cabe2581ca7e0a6de7e85f5cf5027c5e8156a8536f563a2700b,2026-09-27,2026-09-27,10,
https://www.onsemi.com/download/data-sheet/pdf/fqpf20n06-d.pdf,https://www.onsemi.com/download/data-sheet/pdf/fqpf20n06-d.pdf,200,563510,19258c22900362b0cdfc4f7dc236bb02a4a98bef0647b8b169caf88390fcd893,2026-09-27,2026-09-27,10,
https://www.onsemi.com/download/data-sheet/pdf/fqpf22p10-d.pdf,https://www.onsemi.com/download/data-sheet/pdf/fqpf22p10-d.pdf,200,770042,0e55dacb7b985e0b2c4af392edc75f6bf0fa1122c6731fa54fcec769dcb5bf38,2026-09-27,2026-09-27,10,
https://www.onsemi.com/download/data-sheet/pdf/fqpf27p06-d.pdf,https://www.onsemi.com/download/data-sheet/pdf/fqpf27p06-d.pdf,200,340154,6f71d98f6c838ee6933c42413a11efdff8656d92df9c2d1884e334e8963b5393,2026-09-27,2026-09-27,10,
https://www.onsemi.com/download/data-sheet/pdf/fqpf33n10-d.pdf,https://www.onsemi.com/download/data-sheet/pdf/fqpf33n10-d.pdf,200,563489,d91001dc9009a90d6a74e982accdcd233a2a0e661d023c97cbbab11f5ea4b498,2026-09-27,2026-09-27,10,
https://www.onsemi.com/download/data-sheet/pdf/fqpf3n25-d.pdf,https://www.onsemi.com/download/data-sheet/pdf/fqpf3n25-d.pdf,200,837741,2b4067f4698888fa7a2c543194098feac5be96dd42a7c66dcbf6af9548c137b1,2026-09-27,2026-09-27,10,
https://www.onsemi.com/download/data-sheet/pdf/fqpf3n80c-d.pdf,https://www.onsemi.com/download/data-sheet/pdf/fqpf3n80c-d.pdf,200,540197,5ad78f1d13d7819447057628e048025b2793ef80bd76d37efbfbdb77eea396e7,2026-09-27,2026-09-27,10,
https://www.onsemi.com/download/data-sheet/pdf/fqpf47p06-d.pdf,https://www.onsemi.com/download/data-sheet/pdf/fqpf47p06-d.pdf,200,419220,d5e9829fd23c0d4393c8c9e3d4546f5bee0408d51dd760cc9303f31844d463ce,2026-09-27,2026-09-27,10,
https://www.onsemi.com/download/data-sheet/pdf/fqpf4n90c-d.pdf,https://www.onsemi.com/download/data-sheet/pdf/fqpf4n90c-d.pdf,200,535489,973988bb2bda90d2ad9e5c784e4cec01b3924fe429c4d58b8bce868f22219367,2026-09-27,2026-09-27,10,
https://www.onsemi.com/download/data-sheet/pdf/fqpf5n50c-d.pdf,https://www.onsemi.com/download/data-sheet/pdf/fqpf5n50c-d.pdf,200,1020553,53774c12865d6f333b14614387a40cce87ec0fd344f6314a3563aca78af46905,2026-09-27,2026-09-27,10,
https://www.onsemi.com/download/data-sheet/pdf/fqpf6n80c-d.pdf,https://www.onsemi.com/download/data-sheet/pdf/fqpf6n80c-d.pdf,200,1086211,5d402cac1fb54db9c1bf88707f160cab62cd30ac805e1bb105e8b709092cefa4,2026-09-27,2026-09-27,10,
https://www.onsemi.com/download/data-sheet/pdf/fqpf6n90c-d.pdf,https://www.onsemi.com/download/data-sheet/pdf/fqpf6n90c-d.pdf,200,1206885,0c08b29368fb9ac0c30a9c22db52b42b33290bb5f5b813712ca91387622f0419,2026-09-27,2026-09-27,10,
https://www.onsemi.com/download/data-sheet/pdf/fqpf7n80c-d.pdf,https://www.onsemi.com/download/data-sheet/pdf/fqpf7n80c-d.pdf,200,956418,0aad1a53a1e8224462a5787d508636f963e560520dccbe3e1fa959119d0055a1,2026-09-27,2026-09-27,10,
https://www.onsemi.com/download/data-sheet/pdf/fqpf7p20-d.pdf,https://www.onsemi.com/download/data-sheet/pdf/fqpf7p20-d.pdf,200,359021,c55dbad13ef226a3ba9f8dee037b2d955d40a2fcf5fecefd566efa14c6bf1095,2026-09-27,2026-09-27,10,
https://www.onsemi.com/download/data-sheet/pdf/fqpf85n06-d.pdf,https://www.onsemi.com/download/data-sheet/pdf/fqpf85n06-d.pdf,200,571765,962f9076b99db283e1c5b0db437fb2253959fbbfd9b824a2d46c03fc29d61c14,2026-09-27,2026-09-27,10,
https://www.onsemi.com/download/data-sheet/pdf/fqpf8n60c-d.pdf,https://www.onsemi.com/download/data-sheet/pdf/fqpf8n60c-d.pdf,200,915728,b6a28beeb29910818774d06a115b51bab2659a1c808cb7681d79cdce577af148,2026-09-27,2026-09-27,10,
https://www.onsemi.com/download/data-sheet/pdf/fqpf8n90c-d.pdf,https://www.onsemi.com/download/data-sheet/pdf/fqpf8n90c-d.pdf,200,3143425,273bb5097276c477d39bced0cfc5d1a9c80e9dbc79f4e735a8f06392de8dd4d9,2026-09-27,2026-09-27,10,
https://www.onsemi.com/download/data-sheet/pdf/fqs4901-d.pdf,https://www.onsemi.com/download/data-sheet/pdf/fqs4901-d.pdf,200,1633847,9c19eb62c1d880089648edea8495db4d806d98fa29b5fbb6497b94dc24e1c3ec,2026-09-27,2026-09-27,10,
https://www.onsemi.com/download/data-sheet/pdf/fqt13n06l-d.pdf,https://www.onsemi.com/download/data-sheet/pdf/fqt13n06l-d.pdf,200,994859,b1aa2f6dd693d7ce4c757719ea58bef97e1eb64b97c2440040c013038373588d,2026-09-27,2026-09-27,10,
https://www.onsemi.com/download/data-sheet/pdf/fqt1n60c-d.pdf,https://www.onsemi.com/download/data-sheet/pdf/fqt1n60c-d.pdf,200,1277257,5810e1534ccd054007face46c405ef1002e570a77590974e0f88208a9fa11e6b,2026-09-27,2026-09-27,10,
https://www.onsemi.com/download/data-sheet/pdf/fqt3p20-d.pdf,https://www.onsemi.com/download/data-sheet/pdf/fqt3p20-d.pdf,200,329032,49bb779ed6c077aa1a06c45cc0358325d18c88135d2b4f6817e5efd627f119d8,2026-09-27,2026-09-27,10,
https://www.onsemi.com/download/data-sheet/pdf/fqt4n20l-d.pdf,https://www.onsemi.com/download/data-sheet/pdf/fqt4n20l-d.pdf,200,757994,403694096445ec20b098d88c1456a61e971df436f5ce431d76de178ba989f602,2026-09-27,2026-09-27,10,
https://www.onsemi.com/download/data-sheet/pdf/fqt4n25-d.pdf,https://www.onsemi.com/download/data-sheet/pdf/fqt4n25-d.pdf,200,766243,71ad5b7e4f09814222640de97039a564fde14e2a83bb414bfddef8ad7b6fa951,2026-09-27,2026-09-27,10,
https://www.onsemi.com/download/data-sheet/pdf/fqt5p10-d.pdf,https://www.onsemi.com/download/data-sheet/pdf/fqt5p10-d.pdf,200,3435031,92a7ba1e5198fb26568f21686ec1e86dbc66ab86b84d6b730e22920c0330c1fb,2026-09-27,2026-09-27,10,
https://www.onsemi.com/download/data-sheet/pdf/fqt7n10-d.pdf,https://www.onsemi.com/download/data-sheet/pdf/fqt7n10-d.pdf,200,727744,bcdf3846d07340b76d2e34340205b281dbcecd72ab24f4c7bc5200e130a78340,2026-09-27,2026-09-27,10,
https://www.onsemi.com/download/data-sheet/pdf/fqu11p06-d.pdf,https://www.onsemi.com/download/data-sheet/pdf/fqu11p06-d.pdf,200,1302551,398d80190d977565f81583ea815ed697544f3162a9dd384427e812488aeffbe3,2026-09-27,2026-09-27,10,
https://www.onsemi.com/download/data-sheet/pdf/fqu13n06l-d.pdf,https://www.onsemi.com/download/data-sheet/pdf/fqu13n06l-d.pdf,200,1190694,46e9ae996e5c4605825371d7a8981f95da16220dbe9d0a66900f3c84402d84be,2026-09-27,2026-09-27,10,
https://www.onsemi.com/download/data-sheet/pdf/fqu13n10l-d.pdf,https://www.onsemi.com/download/data-sheet/pdf/fqu13n10l-d.pdf,200,1357682,dfdc24cb32476290b364c79170614006d09342f1352108dad2f5c51b926c6f91,2026-09-27,2026-09-27,10,
https://www.onsemi.com/download/data-sheet/pdf/fqu17p06-d.pdf,https://www.onsemi.com/download/data-sheet/pdf/fqu17p06-d.pdf,200,1563243,1a413fe5340c81ea049b3d9e69b745081b23faef2146c3d57d96d6a12a07a3d7,2026-09-27,2026-09-27,10,
https://www.onsemi.com/download/data-sheet/pdf/fqu1n60c-d.pdf,https://www.onsemi.com/download/data-sheet/pdf/fqu1n60c-d.pdf,200,621062,8d798fceee3b41ef442fb03f190f5ec51c0fa1d033b8b788dfc196775c6f32d8,2026-09-27,2026-09-27,10,
https://www.onsemi.com/download/data-sheet/pdf/fqu20n06l-d.pdf,https://www.onsemi.com/download/data-sheet/pdf/fqu20n06l-d.pdf,200,960550,e7abc4439133ec8139b114d18cea7593a33ce460fbb8c9a638f3aaa38776f733,2026-09-27,2026-09-27,10,
https://www.onsemi.com/download/data-sheet/pdf/fqu2n100-d.pdf,https://www.onsemi.com/download/data-sheet/pdf/fqu2n100-d.pdf,200,423710,0bee6e0169a62c9b2e180821268093a2f268b81c08111a885060cef6e47e564a,2026-09-27,2026-09-27,10,
https://www.onsemi.com/download/data-sheet/pdf/fqu5n40-d.pdf,https://www.onsemi.com/download/data-sheet/pdf/fqu5n40-d.pdf,200,927926,5e856061426f1d2d7e5c7ff9acfe6ecd37d7492028cbab27ff4e6a249a46fb4f,2026-09-27,2026-09-27,10,
https://www.onsemi.com/download/data-sheet/pdf/fqu9n25-d.pdf,https://www.onsemi.com/download/data-sheet/pdf/fqu9n25-d.pdf,200,1100637,0c918b43b7765e84f02bf3d16404c61317ecbb51fff0ecd48964f88536cd37fb,2026-09-27,2026-09-27,10,
https://www.onsemi.com/download/data-sheet/pdf/fs8m-d.pdf,https://www.onsemi.com/download/data-sheet/pdf/fs8m-d.pdf,200,199584,72d1ee5635ae65b4b4937b3e956c382ad4cf51e599c0d876d91afaf24c352f30,2026-09-27,2026-09-27,10,
https://www.onsemi.com/download/data-sheet/pdf/fsb560a-d.pdf,https://www.onsemi.com/download/data-sheet/pdf/fsb560a-d.pdf,200,284387,71c72bfe8dfe16baeabe948f157758d7553adb1d396a074e1106de2bbc5b2354,2026-09-27,2026-09-27,10,
https://www.onsemi.com/download/data-sheet/pdf/fsb619-d.pdf,https://www.onsemi.com/download/data-sheet/pdf/fsb619-d.pdf,200,313506,bd8a4fd29933e18f845a5791fe0cbb44b4c2d14a69321490ac2678bd18df50d8,2026-09-27,2026-09-27,10,
https://www.onsemi.com/download/data-sheet/pdf/fsb660a-d.pdf,https://www.onsemi.com/download/data-sheet/pdf/fsb660a-d.pdf,200,360271,093f10deb8306d4e3a73d5a828124bd40459a870db428ed24fcc1f381c763522,2026-09-27,2026-09-27,10,
https://www.onsemi.com/download/data-sheet/pdf/fsv10150v-d.pdf,https://www.onsemi.com/download/data-sheet/pdf/fsv10150v-d.pdf,200,218233,a623f3e98064c813d284e3ace33b620008451cdb2293e2db36b3e15c98cbf3f3,2026-09-27,2026-09-27,10,
https://www.onsemi.com/download/data-sheet/pdf/fsv12150v-d.pdf,https://www.onsemi.com/download/data-sheet/pdf/fsv12150v-d.pdf,200,219732,f8d5b7533972c213414f570f9acb20796fa829aa86582de416a5f0f5ad194422,2026-09-27,2026-09-27,10,
https://www.onsemi.com/download/data-sheet/pdf/fsv240af-d.pdf,https://www.onsemi.com/download/data-sheet/pdf/fsv240af-d.pdf,200,235043,be3a06402e7b725f639d3691eb2a9c45a98b58b10b169ce5d11e554575475046,2026-09-27,2026-09-27,10,
https://www.onsemi.com/download/data-sheet/pdf/fsv340af-d.pdf,https://www.onsemi.com/download/data-sheet/pdf/fsv340af-d.pdf,200,233575,b53364d016f28c279dfa9ab79dcb657b5af4dcdf535476dd57f8a3f8f6f2442e,2026-09-27,2026-09-27,10,
https://www.onsemi.com/download/data-sheet/pdf/fusb302b-d.pdf,https://www.onsemi.com/download/data-sheet/pdf/fusb302b-d.pdf,200,1202488,b6206cae7a436406110300d597e477bdba3d1eeded97d4d8008362a9ece61613,2026-09-27,2026-09-27,10,
https://www.onsemi.com/download/data-sheet/pdf/fyp2010dn-d.pdf,https://www.onsemi.com/download/data-sheet/pdf/fyp2010dn-d.pdf,200,362711,c2218f89ca97e38ef8396f1fc4b692b9592ec12d7729f899058a4d564877efbb,2026-09-27,2026-09-27,10,
https://www.onsemi.com/download/data-sheet/pdf/fzt649-d.pdf,https://www.onsemi.com/download/data-sheet/pdf/fzt649-d.pdf,200,412730,82be067eef585c86da11915ceb17c2c30e4ae0def789956017e2ef655763936e,2026-09-27,2026-09-27,10,
https://www.onsemi.com/download/data-sheet/pdf/fzt749-d.pdf,https://www.onsemi.com/download/data-sheet/pdf/fzt749-d.pdf,200,259351,e82c82ef74d52883c0e8bafb72dceca6b82283caf8625434aebe3498b4c88145,2026-09-27,2026-09-27,10,
https://www.onsemi.com/download/data-sheet/pdf/fzt790a-d.pdf,https://www.onsemi.com/download/data-sheet/pdf/fzt790a-d.pdf,200,139886,68d740faa0932644dcf61558ff40e3d2c21c3b8063c5fe1a03a5da93bc0585c6,2026-09-27,2026-09-27,10,
https://www.onsemi.com/download/data-sheet/pdf/gbu4m-d.pdf,https://www.onsemi.com/download/data-sheet/pdf/gbu4m-d.pdf,200,188200,8b5f68af3a9937a02def0e88ad87b742c8aa9de7a73e3cce948c341f9bf798ed,2026-09-27,2026-09-27,10,
https://www.onsemi.com/download/data-sheet/pdf/gbu6m-d.pdf,https://www.onsemi.com/download/data-sheet/pdf/gbu6m-d.pdf,200,183023,c06029bcab5257e0cbb28a80baf21e284730644b98241a4d2308bf3c3967d7f1,2026-09-27,2026-09-27,10,
https://www.onsemi.com/download/data-sheet/pdf/h11a1m-d.pdf,https://www.onsemi.com/download/data-sheet/pdf/h11a1m-d.pdf,200,342336,9c1e42da5d1b3d6744a405c5b0c03d1c64bc6249ec6c2d07cd65178ac1029a28,2026-09-27,2026-09-27,10,
https://www.onsemi.com/download/data-sheet/pdf/h11b1m-d.pdf,https://www.onsemi.com/download/data-sheet/pdf/h11b1m-d.pdf,200,352395,feeb44e0e25a0ae6dfcfdd221af15b4f7e43fc6de53d914c3333d4092d96a569,2026-09-27,2026-09-27,10,
https://www.onsemi.com/download/data-sheet/pdf/h11f3m-d.pdf,https://www.onsemi.com/download/data-sheet/pdf/h11f3m-d.pdf,200,348502,5cd98fddcdb3fd69a3d14c35ff7adf6255f0cc45fd1faf8cb7c6dfbe9c4617f2,2026-09-27,2026-09-27,10,
https://www.onsemi.com/download/data-sheet/pdf/hcpl2731-d.pdf,https://www.onsemi.com/download/data-sheet/pdf/hcpl2731-d.pdf,200,657450,54aa7e5d45f0b7e8ac72b31180d9386ed666627a74a92d149a6cb056d5baef76,2026-09-27,2026-09-27,10,
https://www.onsemi.com/download/data-sheet/pdf/hgtg40n60a4-d.pdf,https://www.onsemi.com/download/data-sheet/pdf/hgtg40n60a4-d.pdf,200,388796,03339cc296d68c829e7d6bd410f897de16913414d72d3ae74aa0c812a1f42a44,2026-09-27,2026-09-27,10,
https://www.onsemi.com/download/data-sheet/pdf/hgtp3n60a4-d.pdf,https://www.onsemi.com/download/data-sheet/pdf/hgtp3n60a4-d.pdf,200,253483,b8f94b5057619482b0b5a3848e913e3c2bd9bfcff730f8370ca882e552150ad1,2026-09-27,2026-09-27,10,
https://www.onsemi.com/download/data-sheet/pdf/huf75344p3-d.pdf,https://www.onsemi.com/download/data-sheet/pdf/huf75344p3-d.pdf,200,496514,5c7fb68e781095e90ac912029c5bffe277af2c583d485967687ca60188cbee1a,2026-09-27,2026-09-27,10,
https://www.onsemi.com/download/data-sheet/pdf/huf75542p3-d.pdf,https://www.onsemi.com/download/data-sheet/pdf/huf75542p3-d.pdf,200,748184,7a3e39ff8bdc46ce20efddb48d589b415ab56702308fd5930c7816bd957f593a,2026-09-27,2026-09-27,10,
https://www.onsemi.com/download/data-sheet/pdf/huf76423p3-d.pdf,https://www.onsemi.com/download/data-sheet/pdf/huf76423p3-d.pdf,200,763288,5213a1ebcb435f8cc34e86db57a9ecc2a7b4ce9ead7f7cd798f1f8464b84f9e8,2026-09-27,2026-09-27,10,
https://www.onsemi.com/download/data-sheet/pdf/hufa76429d3-d.pdf,https://www.onsemi.com/download/data-sheet/pdf/hufa76429d3-d.pdf,200,187652,00d24eb28c4fbd67bd939cfd61ff78e5f3ea9a33b7a94b1a83ceaeccccca85a6,2026-09-27,2026-09-27,10,
https://www.onsemi.com/download/data-sheet/pdf/imd10amt1g-d.pdf,https://www.onsemi.com/download/data-sheet/pdf/imd10amt1g-d.pdf,200,229610,e5fef03ffbe6a9ce6bcc3e03ccfa1a30a0dbe450973bf03f1b2f94e7c54a25ce,2026-09-27,2026-09-27,10,
https://www.onsemi.com/download/data-sheet/pdf/irf530-d.pdf,https://www.onsemi.com/download/data-sheet/pdf/irf530-d.pdf,200,248372,0ca4a0f94ca142e549ad8f40de4501a3222704a4f6b82170263f8b6c389da95c,2026-09-27,2026-09-27,10,
https://www.onsemi.com/download/data-sheet/pdf/irf530a-d.pdf,https://www.onsemi.com/download/data-sheet/pdf/irf530a-d.pdf,200,357214,fb833215855b02e1a6ac6cbd1199a073a58176166a1948fae343344afb641d8a,2026-09-27,2026-09-27,10,
https://www.onsemi.com/download/data-sheet/pdf/irf634b-d.pdf,https://www.onsemi.com/download/data-sheet/pdf/irf634b-d.pdf,200,1195656,a892f1323f8ea9dd423249bc11bea844f42161de1de7d68334fc01084dff32d4,2026-09-27,2026-09-27,10,
https://www.onsemi.com/download/data-sheet/pdf/irf640-d.pdf,https://www.onsemi.com/download/data-sheet/pdf/irf640-d.pdf,200,157760,b3cf9b5db9a835204e36d2d27489ec02c5e9e7ae289d33faf19e1490196c4d53,2026-09-27,2026-09-27,10,
https://www.onsemi.com/download/data-sheet/pdf/irf644b-d.pdf,https://www.onsemi.com/download/data-sheet/pdf/irf644b-d.pdf,200,1228857,0b530e1e3b6f071e924912dacedb3adbc91d520b68505fb3212d956b7f633f94,2026-09-27,2026-09-27,10,
https://www.onsemi.com/download/data-sheet/pdf/irf830-d.pdf,https://www.onsemi.com/download/data-sheet/pdf/irf830-d.pdf,200,173264,5a0cd909baa5c82262ff57751a44d0cd6f72780908c83e882f9455d0dfbe3ecc,2026-09-27,2026-09-27,10,
https://www.onsemi.com/download/data-sheet/pdf/irfm120a-d.pdf,https://www.onsemi.com/download/data-sheet/pdf/irfm120a-d.pdf,200,388682,ee3f26ce6935f4c35ec1d5023567189c2186e16f8a1ae3506d966c0eb9bd177b,2026-09-27,2026-09-27,10,
https://www.onsemi.com/download/data-sheet/pdf/irfp150a-d.pdf,https://www.onsemi.com/download/data-sheet/pdf/irfp150a-d.pdf,200,363697,ac90c768055e5068735f8ea8e29e881525049e9a69931e157d6831526afc3473,2026-09-27,2026-09-27,10,
https://www.onsemi.com/download/data-sheet/pdf/irfu220b-d.pdf,https://www.onsemi.com/download/data-sheet/pdf/irfu220b-d.pdf,200,609872,1ef3b1fa931da9bae4256fdc2c495cb2bd69bc432ee98813bcafb9a28c7f301f,2026-09-27,2026-09-27,10,
https://www.onsemi.com/download/data-sheet/pdf/irl640a-d.pdf,https://www.onsemi.com/download/data-sheet/pdf/irl640a-d.pdf,200,843276,838b5fbeb114c23413d024aaa2ce0ac57b06f46a387fbd8e7bcc5569640b2b56,2026-09-27,2026-09-27,10,
https://www.onsemi.com/download/data-sheet/pdf/isl9r30120g2-d.pdf,https://www.onsemi.com/download/data-sheet/pdf/isl9r30120g2-d.pdf,200,6065615,5fa9f8c85de90887e81acac0c7fb03a4c41db353bb3e844ec1d62b19885568df,2026-09-27,2026-09-27,10,
https://www.onsemi.com/download/data-sheet/pdf/isl9r3060p2-d.pdf,https://www.onsemi.com/download/data-sheet/pdf/isl9r3060p2-d.pdf,200,484612,a2b319ac543d98684e088eb22457bbac18eb5bb6e3d67ff8dc9d399a2fa8742c,2026-09-27,2026-09-27,10,
https://www.onsemi.com/download/data-sheet/pdf/isl9v3040p3-d.pdf,https://www.onsemi.com/download/data-sheet/pdf/isl9v3040p3-d.pdf,200,4039420,3186d0aaffc611b9fafa46581e0f78666741c95fb4ade4b1b79205c45370e169,2026-09-27,2026-09-27,10,
https://www.onsemi.com/download/data-sheet/pdf/isl9v5045s3st-d.pdf,https://www.onsemi.com/download/data-sheet/pdf/isl9v5045s3st-d.pdf,200,543262,ba5685d625b39e992d6741e790d827a7f3e69fb220e49ee16b3c4628707377f1,2026-09-27,2026-09-27,10,
https://www.onsemi.com/download/data-sheet/pdf/j107-d.pdf,https://www.onsemi.com/download/data-sheet/pdf/j107-d.pdf,200,559022,f2ec1f4bfea4d8a8bf10d78af8de3aaba2f9704506390fb5e9af5a1efa56d4fb,2026-09-27,2026-09-27,10,
https://www.onsemi.com/download/data-sheet/pdf/j109-d.pdf,https://www.onsemi.com/download/data-sheet/pdf/j109-d.pdf,200,432649,489a97026a2991ee7ea7c258205a10d489f93fed83ec311d5fbf818dbfe251d9,2026-09-27,2026-09-27,10,
https://www.onsemi.com/download/data-sheet/pdf/j110-d.pdf,https://www.onsemi.com/download/data-sheet/pdf/j110-d.pdf,200,110584,a263fdb108baad2af2130c1e811b677367b9fe1c963ae92a3d161cc0e1c63660,2026-09-27,2026-09-27,10,
https://www.onsemi.com/download/data-sheet/pdf/j111-d.pdf,https://www.onsemi.com/download/data-sheet/pdf/j111-d.pdf,200,167470,2b83ea1a978295c4fde24f8119a7ca0f771d4f559bd62bfd7f0e545305254b45,2026-09-27,2026-09-27,10,
https://www.onsemi.com/download/data-sheet/pdf/j175-d.pdf,https://www.onsemi.com/download/data-sheet/pdf/j175-d.pdf,200,309200,22e0bed987cacab8faa405e438444de9ae2776ad55caabae9e79bf320aabcce7,2026-09-27,2026-09-27,10,
https://www.onsemi.com/download/data-sheet/pdf/j309-d.pdf,https://www.onsemi.com/download/data-sheet/pdf/j309-d.pdf,200,148357,f2297ee89b68b2d638ecc4fdbba4fafbb91ba7224523844999aaa15bbaed78f7,2026-09-27,2026-09-27,10,
https://www.onsemi.com/download/data-sheet/pdf/ka431-d.pdf,https://www.onsemi.com/download/data-sheet/pdf/ka431-d.pdf,200,376046,cc75e77023064cee162566d28ec6b9233a5ebc421e03c560351a60c3bcc8b1b3,2026-09-27,2026-09-27,10,
https://www.onsemi.com/download/data-sheet/pdf/ka431sl-d.pdf,https://www.onsemi.com/download/data-sheet/pdf/ka431sl-d.pdf,200,279539,6a3b1d047678dffd66c2621700285874e2d7e93742e7f974249051f08f7bcad7,2026-09-27,2026-09-27,10,
https://www.onsemi.com/download/data-sheet/pdf/ksa1015-d.pdf,https://www.onsemi.com/download/data-sheet/pdf/ksa1015-d.pdf,200,229183,f5a342a23fadf9d583b9e2597036530aa026ead1a38ffd9b128106b3ebf73db9,2026-09-27,2026-09-27,10,
https://www.onsemi.com/download/data-sheet/pdf/ksa1142-d.pdf,https://www.onsemi.com/download/data-sheet/pdf/ksa1142-d.pdf,200,714315,40d6c8f26d1cba8de803e83a367e55d9bae9c46b38e044f077058e75b4aa18f2,2026-09-27,2026-09-27,10,
https://www.onsemi.com/download/data-sheet/pdf/ksa1156-d.pdf,https://www.onsemi.com/download/data-sheet/pdf/ksa1156-d.pdf,200,292820,8ac6c16c5eaa935d1a646206c5a2507df4503bae654e2ef2bcc60a4bec1ed4f5,2026-09-27,2026-09-27,10,
https://www.onsemi.com/download/data-sheet/pdf/ksa1182-d.pdf,https://www.onsemi.com/download/data-sheet/pdf/ksa1182-d.pdf,200,169086,5ef770bcbbb69b86e5c7842db5d58748a27ac16ebe47f201424d23803a25ccf0,2026-09-27,2026-09-27,10,
https://www.onsemi.com/download/data-sheet/pdf/ksa1220a-d.pdf,https://www.onsemi.com/download/data-sheet/pdf/ksa1220a-d.pdf,200,188781,79f6c9bdfe27e949ce9131da6cd1a438c9f8203fb3073649021652d25f99149e,2026-09-27,2026-09-27,10,
https://www.onsemi.com/download/data-sheet/pdf/ksa1298-d.pdf,https://www.onsemi.com/download/data-sheet/pdf/ksa1298-d.pdf,200,170553,db2a0dff9a06626730e3990e6dee1f2b1e8f30dad747ce1bba896c5f1ca73162,2026-09-27,2026-09-27,10,
https://www.onsemi.com/download/data-sheet/pdf/ksa1381-d.pdf,https://www.onsemi.com/download/data-sheet/pdf/ksa1381-d.pdf,200,308582,e3a045cd33bac72b08038d273b197e10edd47dc94fff94382e30feddbaeb259e,2026-09-27,2026-09-27,10,
https://www.onsemi.com/download/data-sheet/pdf/ksa473-d.pdf,https://www.onsemi.com/download/data-sheet/pdf/ksa473-d.pdf,200,243202,6461c780a1143707bfc0b27b7d05448a17f994717c066ed12b94ec31e0efe31f,2026-09-27,2026-09-27,10,
https://www.onsemi.com/download/data-sheet/pdf/ksa539-d.pdf,https://www.onsemi.com/download/data-sheet/pdf/ksa539-d.pdf,200,283339,7ab4fe71d89c49d13af45140ecce59f65f6a39a80b21fab33abc03762641ba63,2026-09-27,2026-09-27,10,
https://www.onsemi.com/download/data-sheet/pdf/ksa614-d.pdf,https://www.onsemi.com/download/data-sheet/pdf/ksa614-d.pdf,200,218914,a208caa891cf880a0f6b49e121d6a2a5aed8bb1f84f78e1525c658c6afcc621c,2026-09-27,2026-09-27,10,
https://www.onsemi.com/download/data-sheet/pdf/ksa708-d.pdf,https://www.onsemi.com/download/data-sheet/pdf/ksa708-d.pdf,200,242398,1733a148d6328493f9d751187db2f0fd80f81eea9e7419f3e9344b509dfe52e8,2026-09-27,2026-09-27,10,
https://www.onsemi.com/download/data-sheet/pdf/ksa733-d.pdf,https://www.onsemi.com/download/data-sheet/pdf/ksa733-d.pdf,200,151871,409d57f46dca0dc16794ba966b3a80dcb38cd0eb88c09047048dc4092eb29074,2026-09-27,2026-09-27,10,
https://www.onsemi.com/download/data-sheet/pdf/ksa812-d.pdf,https://www.onsemi.com/download/data-sheet/pdf/ksa812-d.pdf,200,169986,a8b12a503eac50c5bc2c706cb86ab2a7f820c6ac3ecaf0a2d3775e16f59b8d97,2026-09-27,2026-09-27,10,
https://www.onsemi.com/download/data-sheet/pdf/ksa916-d.pdf,https://www.onsemi.com/download/data-sheet/pdf/ksa916-d.pdf,200,205533,056b1bd07b3969ad02b9a70eed3774f0a1080086ed6a1871887dffca9b9a4899,2026-09-27,2026-09-27,10,
https://www.onsemi.com/download/data-sheet/pdf/ksa928a-d.pdf,https://www.onsemi.com/download/data-sheet/pdf/ksa928a-d.pdf,200,163410,427936664629bc9630c39c9bcec2f263b3af47098fa47fc5ef2561e7a1e21010,2026-09-27,2026-09-27,10,
https://www.onsemi.com/download/data-sheet/pdf/ksa931-d.pdf,https://www.onsemi.com/download/data-sheet/pdf/ksa931-d.pdf,200,152417,15040a4a3bb9d6b8f959ca56df37dcc86340346c65b857f922918ee9885bf3a6,2026-09-27,2026-09-27,10,
https://www.onsemi.com/download/data-sheet/pdf/ksa940-d.pdf,https://www.onsemi.com/download/data-sheet/pdf/ksa940-d.pdf,200,310956,78afca3ca283de8d8d147cddb7777f700a08bfcb18c2ce2dfd0c9f45fd3eec3a,2026-09-27,2026-09-27,10,
https://www.onsemi.com/download/data-sheet/pdf/ksa992-d.pdf,https://www.onsemi.com/download/data-sheet/pdf/ksa992-d.pdf,200,279854,fcb677e196efccd1a81dac5787c10f0e57533ab833163a708de697873415c5d9,2026-09-27,2026-09-27,10,
https://www.onsemi.com/download/data-sheet/pdf/ksc1008-d.pdf,https://www.onsemi.com/download/data-sheet/pdf/ksc1008-d.pdf,200,210204,236d75362adf40def2c5122466c81b99d80450e79c8d6b552f6302e5dc2830eb,2026-09-27,2026-09-27,10,
https://www.onsemi.com/download/data-sheet/pdf/ksc1009-d.pdf,https://www.onsemi.com/download/data-sheet/pdf/ksc1009-d.pdf,200,282488,254b6b5b08858b6f781298e3e27535e7ad9478d98087cb1e88830b27e9542bc3,2026-09-27,2026-09-27,10,
https://www.onsemi.com/download/data-sheet/pdf/ksc1173-d.pdf,https://www.onsemi.com/download/data-sheet/pdf/ksc1173-d.pdf,200,360142,0f899a11b313ae1dbf74b2c635221122d6e69cae39c1304681bfc41a9cbfce33,2026-09-27,2026-09-27,10,
https://www.onsemi.com/download/data-sheet/pdf/ksc1623-d.pdf,https://www.onsemi.com/download/data-sheet/pdf/ksc1623-d.pdf,200,275209,5553104dac940e0c2ff208bb10a2c99cb69ead9371e9990858914c0d9d893c79,2026-09-27,2026-09-27,10,
https://www.onsemi.com/download/data-sheet/pdf/ksc1815-d.pdf,https://www.onsemi.com/download/data-sheet/pdf/ksc1815-d.pdf,200,170393,f2518bb5d7fd2f3e645272f59b85dfccc699510de93391917d1c516b8b077674,2026-09-27,2026-09-27,10,
https://www.onsemi.com/download/data-sheet/pdf/ksc1845-d.pdf,https://www.onsemi.com/download/data-sheet/pdf/ksc1845-d.pdf,200,171967,49c6aee3d66d75b430e99f7470aaa3342e55e5dc0777db1641d7b940dfe2dd81,2026-09-27,2026-09-27,10,
https://www.onsemi.com/download/data-sheet/pdf/ksc2073-d.pdf,https://www.onsemi.com/download/data-sheet/pdf/ksc2073-d.pdf,200,317929,fad127ab2ce291d95597a9aa956b3900bf62d3dea32b411afdada79abf48e9a5,2026-09-27,2026-09-27,10,
https://www.onsemi.com/download/data-sheet/pdf/ksc2223-d.pdf,https://www.onsemi.com/download/data-sheet/pdf/ksc2223-d.pdf,200,180260,9768dc572a06eb19e7df7b13f59ff06d3046098befe559c600cfbdd8ea4c3e2e,2026-09-27,2026-09-27,10,
https://www.onsemi.com/download/data-sheet/pdf/ksc2316-d.pdf,https://www.onsemi.com/download/data-sheet/pdf/ksc2316-d.pdf,200,272136,4d372866bfc050f6591a6b779e1714a1955bd6b3301ae455dc7eb56c8ee068bb,2026-09-27,2026-09-27,10,
https://www.onsemi.com/download/data-sheet/pdf/ksc2328a-d.pdf,https://www.onsemi.com/download/data-sheet/pdf/ksc2328a-d.pdf,200,319453,b9bc2155f6f05e927e88a115326e7e6f46dc1ba035a82fcc87f090a67e505c5e,2026-09-27,2026-09-27,10,
https://www.onsemi.com/download/data-sheet/pdf/ksc2331-d.pdf,https://www.onsemi.com/download/data-sheet/pdf/ksc2331-d.pdf,200,216082,1035f28b8beec159a07d32c4411eb7116b1aa90c884a54587190b1328f754d5d,2026-09-27,2026-09-27,10,
https://www.onsemi.com/download/data-sheet/pdf/ksc2383-d.pdf,https://www.onsemi.com/download/data-sheet/pdf/ksc2383-d.pdf,200,239249,08ac5861c2b57a123b185692efb27b242d2e0cf7f9f657523b3ce69adcc93d0f,2026-09-27,2026-09-27,10,
https://www.onsemi.com/download/data-sheet/pdf/ksc2690a-d.pdf,https://www.onsemi.com/download/data-sheet/pdf/ksc2690a-d.pdf,200,240588,d4c63e5e8af1872e7e08f789e3a907a44610760e2647f40f4c8a245ac0da25c9,2026-09-27,2026-09-27,10,
https://www.onsemi.com/download/data-sheet/pdf/ksc3265-d.pdf,https://www.onsemi.com/download/data-sheet/pdf/ksc3265-d.pdf,200,169567,5368653e84ffff31e01308429371fdb6573ca343d10946c98b02aabf157d7a57,2026-09-27,2026-09-27,10,
https://www.onsemi.com/download/data-sheet/pdf/ksc3503-d.pdf,https://www.onsemi.com/download/data-sheet/pdf/ksc3503-d.pdf,200,305073,ba45f79b0e43954451f72b9bb7d39bb8da5d69d4f2e5e40ff0689ccd8df65bc4,2026-09-27,2026-09-27,10,
https://www.onsemi.com/download/data-sheet/pdf/ksc5026m-d.pdf,https://www.onsemi.com/download/data-sheet/pdf/ksc5026m-d.pdf,200,229112,3f45b92fcd3530c567b29356b6e1774cef3fbca09c2bba51424fd797868a6602,2026-09-27,2026-09-27,10,
https://www.onsemi.com/download/data-sheet/pdf/ksc5027-d.pdf,https://www.onsemi.com/download/data-sheet/pdf/ksc5027-d.pdf,200,316334,98d066d54c31ab79270235c08ad1e2cce5e7e0f9a657fc3590751c13600e9472,2026-09-27,2026-09-27,10,
https://www.onsemi.com/download/data-sheet/pdf/ksc5305d-d.pdf,https://www.onsemi.com/download/data-sheet/pdf/ksc5305d-d.pdf,200,341736,0f14744be08febcb85a5997d2a23045725fdabf6569a208a1e0d517083593c1b,2026-09-27,2026-09-27,10,
https://www.onsemi.com/download/data-sheet/pdf/ksc5502-d.pdf,https://www.onsemi.com/download/data-sheet/pdf/ksc5502-d.pdf,200,329099,16b9e5b41baa03bce8b25aa5c053c454a5a559e0d416c2e7ba276f8bd3b98ba7,2026-09-27,2026-09-27,10,
https://www.onsemi.com/download/data-sheet/pdf/ksc5502dt-d.pdf,https://www.onsemi.com/download/data-sheet/pdf/ksc5502dt-d.pdf,200,428194,192692c2c9956ea6bbc58f1e56b94006bbe7849403f814895c0b956865eceb88,2026-09-27,2026-09-27,10,
https://www.onsemi.com/download/data-sheet/pdf/ksc5603d-d.pdf,https://www.onsemi.com/download/data-sheet/pdf/ksc5603d-d.pdf,200,306028,8d3b24e0b52b8f19b068191770a7ef377252371bdc1c00c79847cf23d892dc2a,2026-09-27,2026-09-27,10,
https://www.onsemi.com/download/data-sheet/pdf/ksc945-d.pdf,https://www.onsemi.com/download/data-sheet/pdf/ksc945-d.pdf,200,248106,2fc5241e71ff5c42a48e6c0c7936691f5c97005b99809ad155896c1fe4fb9091,2026-09-27,2026-09-27,10,
https://www.onsemi.com/download/data-sheet/pdf/ksd363-d.pdf,https://www.onsemi.com/download/data-sheet/pdf/ksd363-d.pdf,200,173364,c0f1162c9484c42eb233bf854b31d4d27a442b8a01db7dd0c8a62c9e60792966,2026-09-27,2026-09-27,10,
https://www.onsemi.com/download/data-sheet/pdf/kse340-d.pdf,https://www.onsemi.com/download/data-sheet/pdf/kse340-d.pdf,200,149665,b870e6a612dd238419eb42d82c42e530b6f645e5c210079c27e04abdb02a3ba1,2026-09-27,2026-09-27,10,
https://www.onsemi.com/download/data-sheet/pdf/kse44h-d.pdf,https://www.onsemi.com/download/data-sheet/pdf/kse44h-d.pdf,200,596034,20ae263ea5a7bfba8ef6ccca5796f7cecb0734c8d4117f363e4a8a91ad981ce9,2026-09-27,2026-09-27,10,
https://www.onsemi.com/download/data-sheet/pdf/kse45h-d.pdf,https://www.onsemi.com/download/data-sheet/pdf/kse45h-d.pdf,200,152931,e2c9b799c35ed9d83286ff9f44871bb1e394c8631cf9b3c2e9576be0f4e317ba,2026-09-27,2026-09-27,10,
https://www.onsemi.com/download/data-sheet/pdf/ksh200-d.pdf,https://www.onsemi.com/download/data-sheet/pdf/ksh200-d.pdf,200,263963,fe4b9ce6db7fbe9b07fc1d3a30818690a3e4ab1b14fb6f6c4282d1ed12f179a0,2026-09-27,2026-09-27,10,
https://www.onsemi.com/download/data-sheet/pdf/ksh210-d.pdf,https://www.onsemi.com/download/data-sheet/pdf/ksh210-d.pdf,200,163252,1343a3486e363947e869c498b8fd5bd22e84662c517fbabf8fa3a6e140c0ccc0,2026-09-27,2026-09-27,10,
https://www.onsemi.com/download/data-sheet/pdf/ksh41c-d.pdf,https://www.onsemi.com/download/data-sheet/pdf/ksh41c-d.pdf,200,164010,87558878b9a89a4c4a43d265172ca4e6d351d6d5c4c9959f670d15680cce7fc3,2026-09-27,2026-09-27,10,
https://www.onsemi.com/download/data-sheet/pdf/ksh42c-d.pdf,https://www.onsemi.com/download/data-sheet/pdf/ksh42c-d.pdf,200,224225,81a4da264d22285611e006d8a6c30080b0f0e5dfd1d6e9568122e03ef1b17403,2026-09-27,2026-09-27,10,
https://www.onsemi.com/download/data-sheet/pdf/ksh45h11-d.pdf,https://www.onsemi.com/download/data-sheet/pdf/ksh45h11-d.pdf,200,293404,d06ef9885d89174dd3505527d2fa72b014d91c3c00246b1e45f1769e1e7e0428,2026-09-27,2026-09-27,10,
https://www.onsemi.com/download/data-sheet/pdf/ksp06-d.pdf,https://www.onsemi.com/download/data-sheet/pdf/ksp06-d.pdf,200,295837,55451a424abcd2d02d44fec3a4cf82fd314b9cadf8413e60da70aa9e271236a3,2026-09-27,2026-09-27,10,
https://www.onsemi.com/download/data-sheet/pdf/ksp13-d.pdf,https://www.onsemi.com/download/data-sheet/pdf/ksp13-d.pdf,200,202005,58563dd779f5e3e3f4663577a71a4bd58ea18f37819db0f50eee9390cbb6de4e,2026-09-27,2026-09-27,10,
https://www.onsemi.com/download/data-sheet/pdf/ksp2222a-d.pdf,https://www.onsemi.com/download/data-sheet/pdf/ksp2222a-d.pdf,200,198204,ad4b46ffb141f8ee720eafe995ca01bd6fbd23d41b3fbf7ece5b5cc1448e5c00,2026-09-27,2026-09-27,10,
https://www.onsemi.com/download/data-sheet/pdf/ksp92-d.pdf,https://www.onsemi.com/download/data-sheet/pdf/ksp92-d.pdf,200,230850,00b5087c2e9533305c219d45a783e4fad73d98a7c44b80ea07f6c62b3381abc3,2026-09-27,2026-09-27,10,
https://www.onsemi.com/download/data-sheet/pdf/ksp94-d.pdf,https://www.onsemi.com/download/data-sheet/pdf/ksp94-d.pdf,200,295548,4144c995f8e4d401ddc6756af7f2224fa2423a2dab800704a18427c08d6b135e,2026-09-27,2026-09-27,10,
https://www.onsemi.com/download/data-sheet/pdf/kst10-d.pdf,https://www.onsemi.com/download/data-sheet/pdf/kst10-d.pdf,200,173790,de2f75ce9cdb08a24e0d56c80e9eb73b2f3cb91a828cdd90bc405fa23649bb0b,2026-09-27,2026-09-27,10,
https://www.onsemi.com/download/data-sheet/pdf/kst4401-d.pdf,https://www.onsemi.com/download/data-sheet/pdf/kst4401-d.pdf,200,166936,4d3f9b97d40e214fc1684954719bac748fb36db3dc804059563cf8a3ccdb31e7,2026-09-27,2026-09-27,10,
https://www.onsemi.com/download/data-sheet/pdf/kst5087-d.pdf,https://www.onsemi.com/download/data-sheet/pdf/kst5087-d.pdf,200,168393,abd084ce4eb202baefa16ee1b58ac2070be02812448353979cf7771d6e9b1cac,2026-09-27,2026-09-27,10,
https://www.onsemi.com/download/data-sheet/pdf/kst5551-d.pdf,https://www.onsemi.com/download/data-sheet/pdf/kst5551-d.pdf,200,155826,23f3442edbba3174354c5f50e394b0e501a49c471a199b665f1af3675afc8eb7,2026-09-27,2026-09-27,10,
https://www.onsemi.com/download/data-sheet/pdf/lf353-d.pdf,https://www.onsemi.com/download/data-sheet/pdf/lf353-d.pdf,200,162971,b5753028fa7c7efc54d1db317e12ce7366c0810d68d1f769ebfebc818040a0e4,2026-09-27,2026-09-27,10,
https://www.onsemi.com/download/data-sheet/pdf/ll4148-d.pdf,https://www.onsemi.com/download/data-sheet/pdf/ll4148-d.pdf,200,161772,e824378e5ad8af98168ea85f00c97f916db5eac86d12c60967f666955096b7ba,2026-09-27,2026-09-27,10,
https://www.onsemi.com/download/data-sheet/pdf/lm1117-d.pdf,https://www.onsemi.com/download/data-sheet/pdf/lm1117-d.pdf,200,422689,fe9f9c7c6bbd8a36be1db829d3ac5126497ba5e52584c61c83f09e75197cd206,2026-09-27,2026-09-27,10,
https://www.onsemi.com/download/data-sheet/pdf/lm211-d.pdf,https://www.onsemi.com/download/data-sheet/pdf/lm211-d.pdf,200,389692,58f214eb6845f452f69106331e68d5244fc642c06beec2ed1e77958552a016a1,2026-09-27,2026-09-27,10,
https://www.onsemi.com/download/data-sheet/pdf/lm2574-d.pdf,https://www.onsemi.com/download/data-sheet/pdf/lm2574-d.pdf,200,468960,724a766726acdb94c3df16d334b40daec3f461702c0bb8cc1459c1db6d66c8ce,2026-09-27,2026-09-27,10,
https://www.onsemi.com/download/data-sheet/pdf/lm2575-d.pdf,https://www.onsemi.com/download/data-sheet/pdf/lm2575-d.pdf,200,947111,55f4ada7c4f8037a3ba64acb5fd3cdd3b382af05358eb8bbd73854ec9acf73af,2026-09-27,2026-09-27,10,
https://www.onsemi.com/download/data-sheet/pdf/lm2576-d.pdf,https://www.onsemi.com/download/data-sheet/pdf/lm2576-d.pdf,200,847007,382a51ae99f673c8b021ce3ccfb67eb2f4e8983614746c731eb20db34cf06330,2026-09-27,2026-09-27,10,
https://www.onsemi.com/download/data-sheet/pdf/lm2594-d.pdf,https://www.onsemi.com/download/data-sheet/pdf/lm2594-d.pdf,200,633859,03a3f10c9cd12437f419c8600e808994f5b3fefa3c55199adf225f9ff5e899f7,2026-09-27,2026-09-27,10,
https://www.onsemi.com/download/data-sheet/pdf/lm2595-d.pdf,https://www.onsemi.com/download/data-sheet/pdf/lm2595-d.pdf,200,634423,e40cffe8b2eb927e5b8e0ec3a60c51d82784a0094e4a8d1b220837a582ec81ec,2026-09-27,2026-09-27,10,
https://www.onsemi.com/download/data-sheet/pdf/lm2596-d.pdf,https://www.onsemi.com/download/data-sheet/pdf/lm2596-d.pdf,200,733497,5f7788ef8024d8f5a3a2cd49eb1748eb4031db445b6fb9e8fb0fdaf6e5176473,2026-09-27,2026-09-27,10,
https://www.onsemi.com/download/data-sheet/pdf/lm285-d.pdf,https://www.onsemi.com/download/data-sheet/pdf/lm285-d.pdf,200,315244,584e21ea2f8abb7074057cb8ca5e9c95e082e95f7c5f89a305bfe8d64f482f81,2026-09-27,2026-09-27,10,
https://www.onsemi.com/download/data-sheet/pdf/lm2902a-d.pdf,https://www.onsemi.com/download/data-sheet/pdf/lm2902a-d.pdf,200,280175,d13ee7d5ecab983c7c5b6c36972caae5e4545432b304c1695218379f67065799,2026-09-27,2026-09-27,10,
https://www.onsemi.com/download/data-sheet/pdf/lm293a-d.pdf,https://www.onsemi.com/download/data-sheet/pdf/lm293a-d.pdf,200,372504,7d8ad59c1a1a0aa0b16584833b0ff94ee46c55b3100dfec77d4c972f6968bd7c,2026-09-27,2026-09-27,10,
https://www.onsemi.com/download/data-sheet/pdf/lm301a-d.pdf,https://www.onsemi.com/download/data-sheet/pdf/lm301a-d.pdf,200,352007,efe4fff125a1224fc6d325d25897cb15464dc43940ac3a93be955663d7f9d1b9,2026-09-27,2026-09-27,10,
https://www.onsemi.com/download/data-sheet/pdf/lm308a-d.pdf,https://www.onsemi.com/download/data-sheet/pdf/lm308a-d.pdf,200,276440,20f8d5a34e580f631c2de004b54f7a9cc746dd1505a97e4b0b20d82ab3cfe746,2026-09-27,2026-09-27,10,
https://www.onsemi.com/download/data-sheet/pdf/lm317-d.pdf,https://www.onsemi.com/download/data-sheet/pdf/lm317-d.pdf,200,427329,d0789e5695e9d568a9c3ea1317b8fc8bc260136478222c6f464fcec2d0c9a3a8,2026-09-27,2026-09-27,10,
https://www.onsemi.com/download/data-sheet/pdf/lm317ahv-d.pdf,https://www.onsemi.com/download/data-sheet/pdf/lm317ahv-d.pdf,200,340623,bf5f239a988b757ad4397e7e3719240c1e424d4110152caac08cc72b6513fab9,2026-09-27,2026-09-27,10,
https://www.onsemi.com/download/data-sheet/pdf/lm317l-d.pdf,https://www.onsemi.com/download/data-sheet/pdf/lm317l-d.pdf,200,369864,ba8b9779f4550be8b550cf7605ee71f881bcb66fde27d2355265f73ba75135e1,2026-09-27,2026-09-27,10,
https://www.onsemi.com/download/data-sheet/pdf/lm317m-d.pdf,https://www.onsemi.com/download/data-sheet/pdf/lm317m-d.pdf,200,562943,b4daaaeaa07220c21910104c78e3a70870bbf667d959d7bbaeb8c2aeb8b69961,2026-09-27,2026-09-27,10,
https://www.onsemi.com/download/data-sheet/pdf/lm317t-d.pdf,https://www.onsemi.com/download/data-sheet/pdf/lm317t-d.pdf,200,379203,3547e3ca0ab8e638186ee72bc6060534b51ed73e02d5ed3269a51f904ee2f7c1,2026-09-27,2026-09-27,10,
https://www.onsemi.com/download/data-sheet/pdf/lm319-d.pdf,https://www.onsemi.com/download/data-sheet/pdf/lm319-d.pdf,200,342536,bcad275260e9164d44539f5a28a4f3579433d43512dad39d700f11a53735e271,2026-09-27,2026-09-27,10,
https://www.onsemi.com/download/data-sheet/pdf/lm321-d.pdf,https://www.onsemi.com/download/data-sheet/pdf/lm321-d.pdf,200,646839,d137a96e3b2fd693a089f4b41d4b1954d5b7a14c9f14d99d812e074c41b7bba8,2026-09-27,2026-09-27,10,
https://www.onsemi.com/download/data-sheet/pdf/lm323-d.pdf,https://www.onsemi.com/download/data-sheet/pdf/lm323-d.pdf,200,137709,693e05808404cda10650a8efc7d996cc7b25e92acc234131bb9dcbf6792bd718,2026-09-27,2026-09-27,10,
https://www.onsemi.com/download/data-sheet/pdf/lm324-d.pdf,https://www.onsemi.com/download/data-sheet/pdf/lm324-d.pdf,200,749350,83af8c164af8eb0cf61cb6a89710b0590fff8fd7e29c8c1e227ffed75ba39172,2026-09-27,2026-09-27,10,
https://www.onsemi.com/download/data-sheet/pdf/lm324s-d.pdf,https://www.onsemi.com/download/data-sheet/pdf/lm324s-d.pdf,200,174946,844e4f5f330446f3ae217893b699d49d8e0ee8643376d896bc19442aca9b3609,2026-09-27,2026-09-27,10,
https://www.onsemi.com/download/data-sheet/pdf/lm336z25-d.pdf,https://www.onsemi.com/download/data-sheet/pdf/lm336z25-d.pdf,200,302640,cc94e58de280a53b4b5088fefb76093f344a4ee36520f9d7898a00610f19d717,2026-09-27,2026-09-27,10,
https://www.onsemi.com/download/data-sheet/pdf/lm337-d.pdf,https://www.onsemi.com/download/data-sheet/pdf/lm337-d.pdf,200,267299,e9666631d167efdb0a91d8da031dc5a6e342d7df73dd49e859de42ec6b51bdb2,2026-09-27,2026-09-27,10,
https://www.onsemi.com/download/data-sheet/pdf/lm337_fcs-d.pdf,https://www.onsemi.com/download/data-sheet/pdf/lm337_fcs-d.pdf,200,318079,1ce0f9aac54ae0603e13e56a577a219722b47036ce57ddcf479e5e552b5cf2f3,2026-09-27,2026-09-27,10,
https://www.onsemi.com/download/data-sheet/pdf/lm337m-d.pdf,https://www.onsemi.com/download/data-sheet/pdf/lm337m-d.pdf,200,220389,3cc20f5bff0694603cc048616fad23b973acd36b44e1f850aa6c87e5c95e006d,2026-09-27,2026-09-27,10,
https://www.onsemi.com/download/data-sheet/pdf/lm339-d.pdf,https://www.onsemi.com/download/data-sheet/pdf/lm339-d.pdf,200,417261,55fcfc371d5e7d1524c63ac05536362a7aba29df90576e79e6ccb0a13f33062d,2026-09-27,2026-09-27,10,
https://www.onsemi.com/download/data-sheet/pdf/lm339a-d.pdf,https://www.onsemi.com/download/data-sheet/pdf/lm339a-d.pdf,200,242585,8d9f48ca298c870900f2561da8cd61bd629ee830fea4173165701c77df459201,2026-09-27,2026-09-27,10,
https://www.onsemi.com/download/data-sheet/pdf/lm339s-d.pdf,https://www.onsemi.com/download/data-sheet/pdf/lm339s-d.pdf,200,157047,530587fb58ff176f79a45dffac37d9882f1407245a01f92b2ff42f1aa5cd61e9,2026-09-27,2026-09-27,10,
https://www.onsemi.com/download/data-sheet/pdf/lm350-d.pdf,https://www.onsemi.com/download/data-sheet/pdf/lm350-d.pdf,200,174870,ce45f2a2463b95f1872918b8e0b2943b5bfc9fbadf793bed6f76e5cf3e8c69a0,2026-09-27,2026-09-27,10,
https://www.onsemi.com/download/data-sheet/pdf/lm358-d.pdf,https://www.onsemi.com/download/data-sheet/pdf/lm358-d.pdf,200,801972,b93511547d41a62b0915cbfff9c9206bc884119ec7ce9773f82fabd829557774,2026-09-27,2026-09-27,10,
https://www.onsemi.com/download/data-sheet/pdf/lm358a-d.pdf,https://www.onsemi.com/download/data-sheet/pdf/lm358a-d.pdf,200,279834,df52a88c03120fe50e0236d1338e96982c9f89487d219ba67b71df3db8ba4764,2026-09-27,2026-09-27,10,
https://www.onsemi.com/download/data-sheet/pdf/lm358s-d.pdf,https://www.onsemi.com/download/data-sheet/pdf/lm358s-d.pdf,200,178005,5254a96d68df4adf9735568b6342ed6968d55e24a5cc409fb507354d241c57b4,2026-09-27,2026-09-27,10,
https://www.onsemi.com/download/data-sheet/pdf/lm392-d.pdf,https://www.onsemi.com/download/data-sheet/pdf/lm392-d.pdf,200,209437,a07230f1fd997227749012e9573c7c7ab35edc6c337dfc059911387d4cd2e366,2026-09-27,2026-09-27,10,
https://www.onsemi.com/download/data-sheet/pdf/lm393-d.pdf,https://www.onsemi.com/download/data-sheet/pdf/lm393-d.pdf,200,448851,c29a31485d3083bd19801cee287eee3092872fff48a76714aef79120ed38d874,2026-09-27,2026-09-27,10,
https://www.onsemi.com/download/data-sheet/pdf/lm393s-d.pdf,https://www.onsemi.com/download/data-sheet/pdf/lm393s-d.pdf,200,155021,a1cfd24e89f111a32aec874e645b6c1eff3ce07c0c95adcef749591cc7a2b980,2026-09-27,2026-09-27,10,
https://www.onsemi.com/download/data-sheet/pdf/lm431a-d.pdf,https://www.onsemi.com/download/data-sheet/pdf/lm431a-d.pdf,200,398749,4c73df12e270b19f8675bb91ba831adc06cbbf9a8c72eb175c62ea36f047f4b0,2026-09-27,2026-09-27,10,
https://www.onsemi.com/download/data-sheet/pdf/lm431sa-d.pdf,https://www.onsemi.com/download/data-sheet/pdf/lm431sa-d.pdf,200,508337,57989f575947a0c25c47e5036e9839fbd64ea202c51b12a8cbe1ac8d555f690f,2026-09-27,2026-09-27,10,
https://www.onsemi.com/download/data-sheet/pdf/lm555-d.pdf,https://www.onsemi.com/download/data-sheet/pdf/lm555-d.pdf,200,390009,75a15a87a0f21f9b66a6e2d54a0dd7058318386f1fae7c61dad99702735ad564,2026-09-27,2026-09-27,10,
https://www.onsemi.com/download/data-sheet/pdf/lm7301-d.pdf,https://www.onsemi.com/download/data-sheet/pdf/lm7301-d.pdf,200,678888,9337762fc8695b5db3e45e095b816cfb14ecdac647e7c5887e372d4503833f98,2026-09-27,2026-09-27,10,
https://www.onsemi.com/download/data-sheet/pdf/lm7918-d.pdf,https://www.onsemi.com/download/data-sheet/pdf/lm7918-d.pdf,200,405351,eae6070645c3b1803b1b889c5a7eee10adff7334e02feb1ae0b0843f86b5032a,2026-09-27,2026-09-27,10,
https://www.onsemi.com/download/data-sheet/pdf/lm833-d.pdf,https://www.onsemi.com/download/data-sheet/pdf/lm833-d.pdf,200,366166,97f89e1a5b417b4d28a1474831550500db0ace3d4e3a029f584d7e9bbda120ae,2026-09-27,2026-09-27,10,
https://www.onsemi.com/download/data-sheet/pdf/lmv301-d.pdf,https://www.onsemi.com/download/data-sheet/pdf/lmv301-d.pdf,200,321041,6311832b821b52e1f73d2500d253c73c65dc39990d3d4775dcd85560ce9f3926,2026-09-27,2026-09-27,10,
https://www.onsemi.com/download/data-sheet/pdf/lmv321-d.pdf,https://www.onsemi.com/download/data-sheet/pdf/lmv321-d.pdf,200,801705,cb047ddc0eda32f62f80f83a57618369e67e3f7e4f6fa1763ef74b0d6603152a,2026-09-27,2026-09-27,10,
https://www.onsemi.com/download/data-sheet/pdf/lmv331-d.pdf,https://www.onsemi.com/download/data-sheet/pdf/lmv331-d.pdf,200,1486368,c977dbc1e5f98feb7f50f17c104977693619c4d6c46515f25517b102a58f6b48,2026-09-27,2026-09-27,10,
https://www.onsemi.com/download/data-sheet/pdf/lmv358-d.pdf,https://www.onsemi.com/download/data-sheet/pdf/lmv358-d.pdf,200,769574,c55d3197a1b579fdd89db96054751a1a606cb31a7c0f5c80a9aed73612cad249,2026-09-27,2026-09-27,10,
https://www.onsemi.com/download/data-sheet/pdf/lmv821-d.pdf,https://www.onsemi.com/download/data-sheet/pdf/lmv821-d.pdf,200,1090263,6ebd5d695c05f0e611b318fb7ec121f8c784af6a195d7e0bc8b700a072745245,2026-09-27,2026-09-27,10,
https://www.onsemi.com/download/data-sheet/pdf/lmv931-d.pdf,https://www.onsemi.com/download/data-sheet/pdf/lmv931-d.pdf,200,621763,f235f9bf798007810c0d71488a29431019b91d0f9d24b85cf1c17d3e9e6a61ea,2026-09-27,2026-09-27,10,
https://www.onsemi.com/download/data-sheet/pdf/lmv981-d.pdf,https://www.onsemi.com/download/data-sheet/pdf/lmv981-d.pdf,200,716237,c247735389aa0096226ccbc16ce5fb2b5ca9c7ddb2ce7391256dc0d5ecec00a3,2026-09-27,2026-09-27,10,
https://www.onsemi.com/download/data-sheet/pdf/lp2950-d.pdf,https://www.onsemi.com/download/data-sheet/pdf/lp2950-d.pdf,200,1098820,268098e0008299552b3be51b4e8152f1176cef1563ece2ad01534a035082d9f8,2026-09-27,2026-09-27,10,
https://www.onsemi.com/download/data-sheet/pdf/lp2951-d.pdf,https://www.onsemi.com/download/data-sheet/pdf/lp2951-d.pdf,200,449147,59ed05807d4981a97b71441f91a484685b21dbf920c6e5b0a8fd84534e3a65b8,2026-09-27,2026-09-27,10,
https://www.onsemi.com/download/data-sheet/pdf/max803-d.pdf,https://www.onsemi.com/download/data-sheet/pdf/max803-d.pdf,200,408709,33d6427e4dab3100333b038854e1344e2e074dfa384f2d6d9d1a122d65bab2e6,2026-09-27,2026-09-27,10,
https://www.onsemi.com/download/data-sheet/pdf/max809s-d.pdf,https://www.onsemi.com/download/data-sheet/pdf/max809s-d.pdf,200,469300,28c26519ba36faa1a5e2c14348c5fdae1b82d5dad63c793c331216b3ca0f9e69,2026-09-27,2026-09-27,10,
https://www.onsemi.com/download/data-sheet/pdf/mb10s-d.pdf,https://www.onsemi.com/download/data-sheet/pdf/mb10s-d.pdf,200,308462,e01d7e6e387047cb08aa53f70db3e93bef376d6bde6426366df128efeefe6e3d,2026-09-27,2026-09-27,10,
https://www.onsemi.com/download/data-sheet/pdf/mb8s-d.pdf,https://www.onsemi.com/download/data-sheet/pdf/mb8s-d.pdf,200,277853,0e19bf7db66227ebe31ae084f11180995d4b6a21ab5f5ed3843e439093eff657,2026-09-27,2026-09-27,10,
https://www.onsemi.com/download/data-sheet/pdf/mbd101-d.pdf,https://www.onsemi.com/download/data-sheet/pdf/mbd101-d.pdf,200,255327,67e4c426ad0a9cd213b9913ad22cdfcde6d21dfaca0a7cfe98c24a9b072d0f53,2026-09-27,2026-09-27,10,
https://www.onsemi.com/download/data-sheet/pdf/mbd301-d.pdf,https://www.onsemi.com/download/data-sheet/pdf/mbd301-d.pdf,200,231972,44ad0e17ca3f0924501be74d9d63ce596aa438b808a87d3eff70a66660d2b9db,2026-09-27,2026-09-27,10,
https://www.onsemi.com/download/data-sheet/pdf/mbd701-d.pdf,https://www.onsemi.com/download/data-sheet/pdf/mbd701-d.pdf,200,233853,ea70da485a93f48996e3abb43fbb27cd5d46769ad72419544ad13c2e5b40a6a8,2026-09-27,2026-09-27,10,
https://www.onsemi.com/download/data-sheet/pdf/mbr0520l-d.pdf,https://www.onsemi.com/download/data-sheet/pdf/mbr0520l-d.pdf,200,281858,f61a2fe55ece0ea304c9c27239b926b67f79f062d64d48d0696e2741ea682ca3,2026-09-27,2026-09-27,10,
https://www.onsemi.com/download/data-sheet/pdf/mbr0520lt1-d.pdf,https://www.onsemi.com/download/data-sheet/pdf/mbr0520lt1-d.pdf,200,193198,cffd4c62bcb30ff03b515469ad0b9ddf774affa680311b814154900a1fd5e2b2,2026-09-27,2026-09-27,10,
https://www.onsemi.com/download/data-sheet/pdf/mbr0530-d.pdf,https://www.onsemi.com/download/data-sheet/pdf/mbr0530-d.pdf,200,197806,7397d286a2acb011e2f5e46a3351c835c13b7c49c9b889b6bf275c4ccc38a8cb,2026-09-27,2026-09-27,10,
https://www.onsemi.com/download/data-sheet/pdf/mbr0530t1-d.pdf,https://www.onsemi.com/download/data-sheet/pdf/mbr0530t1-d.pdf,200,195242,ab8f4a7fd35b7f9935229b596fc19d68211ccf2f1f2616ede53de58a7d6936b6,2026-09-27,2026-09-27,10,
https://www.onsemi.com/download/data-sheet/pdf/mbr0540-d.pdf,https://www.onsemi.com/download/data-sheet/pdf/mbr0540-d.pdf,200,281717,747e8b75213abaa084875b3c0033e720605812778d894a5047bee344b54ae0d8,2026-09-27,2026-09-27,10,
https://www.onsemi.com/download/data-sheet/pdf/mbr10100mfs-d.pdf,https://www.onsemi.com/download/data-sheet/pdf/mbr10100mfs-d.pdf,200,212741,87fd5c5cc61e64e77a8adbcdef4e833367f60a41952a7afef81e90ad8e3bb09a,2026-09-27,2026-09-27,10,
https://www.onsemi.com/download/data-sheet/pdf/mbr1020vl-d.pdf,https://www.onsemi.com/download/data-sheet/pdf/mbr1020vl-d.pdf,200,212056,c8bcaaa294ca94f728bb0371dc853e3e11263ed72281ab30034f2cf966c74f50,2026-09-27,2026-09-27,10,
https://www.onsemi.com/download/data-sheet/pdf/mbr1035-d.pdf,https://www.onsemi.com/download/data-sheet/pdf/mbr1035-d.pdf,200,291787,1587e61df99a80e0885d7c87ba73e87ce05694d4a7157bdca0796676bb506168,2026-09-27,2026-09-27,10,
https://www.onsemi.com/download/data-sheet/pdf/mbr1045mfs-d.pdf,https://www.onsemi.com/download/data-sheet/pdf/mbr1045mfs-d.pdf,200,241805,20fd2a09a14b65920079eb5fe6cd5d4393c3b247d81b8e7a598ee7fb8b455d22,2026-09-27,2026-09-27,10,
https://www.onsemi.com/download/data-sheet/pdf/mbr1060-d.pdf,https://www.onsemi.com/download/data-sheet/pdf/mbr1060-d.pdf,200,177168,2648dd51cab0ef4f4ca6476acb93c56b56348d32628285a09dc4ffc2dbe7e935,2026-09-27,2026-09-27,10,
https://www.onsemi.com/download/data-sheet/pdf/mbr1080-d.pdf,https://www.onsemi.com/download/data-sheet/pdf/mbr1080-d.pdf,200,224179,a9f321d540e0972ca4112070ed84dd3b727904f141b54259d88e91fcd02a2f34,2026-09-27,2026-09-27,10,
https://www.onsemi.com/download/data-sheet/pdf/mbr10h100ct-d.pdf,https://www.onsemi.com/download/data-sheet/pdf/mbr10h100ct-d.pdf,200,168820,0d792c8e0f6b032ec25a876f9ea6e39770a5a5197182011eacbc2ab42ef2e13e,2026-09-27,2026-09-27,10,
https://www.onsemi.com/download/data-sheet/pdf/mbr120esft1-d.pdf,https://www.onsemi.com/download/data-sheet/pdf/mbr120esft1-d.pdf,200,239438,a55e97f4f66f895b6e5ee153bfb60c77be274dee41d22bd18e5a435b6f4649f8,2026-09-27,2026-09-27,10,
https://www.onsemi.com/download/data-sheet/pdf/mbr120lsft1-d.pdf,https://www.onsemi.com/download/data-sheet/pdf/mbr120lsft1-d.pdf,200,239008,0706c51f90fa3c7b55bd00aeb58e3084eaf87af1e04df66ab8dc31e4fd5b5f5c,2026-09-27,2026-09-27,10,
https://www.onsemi.com/download/data-sheet/pdf/mbr120vlsft1-d.pdf,https://www.onsemi.com/download/data-sheet/pdf/mbr120vlsft1-d.pdf,200,252743,f82df44953b191373565c8a419c07dc3c051053ff8630a8dfe0b34bb2ef17364,2026-09-27,2026-09-27,10,
https://www.onsemi.com/download/data-sheet/pdf/mbr1240mfs-d.pdf,https://www.onsemi.com/download/data-sheet/pdf/mbr1240mfs-d.pdf,200,196113,0fa838f8b9adfbb129aa3ef7f4e462ca999cee74303cd03a9d9a82aa70aff675,2026-09-27,2026-09-27,10,
https://www.onsemi.com/download/data-sheet/pdf/mbr130lsft1-d.pdf,https://www.onsemi.com/download/data-sheet/pdf/mbr130lsft1-d.pdf,200,180808,75431c4729230d063b9975f3035ce775cabdd65cef08c798665e0e9a2be05b21,2026-09-27,2026-09-27,10,
https://www.onsemi.com/download/data-sheet/pdf/mbr140esf-d.pdf,https://www.onsemi.com/download/data-sheet/pdf/mbr140esf-d.pdf,200,185286,59bd3117376c039b93fff1ba396bdcce8c80eb06b470ddecf3c383963e43b72d,2026-09-27,2026-09-27,10,
https://www.onsemi.com/download/data-sheet/pdf/mbr140sft1-d.pdf,https://www.onsemi.com/download/data-sheet/pdf/mbr140sft1-d.pdf,200,185634,7356926cae3046f51aa77fa304a5beb9c8867df5f83da46d98a79188250aadbc,2026-09-27,2026-09-27,10,
https://www.onsemi.com/download/data-sheet/pdf/mbr150-d.pdf,https://www.onsemi.com/download/data-sheet/pdf/mbr150-d.pdf,200,260514,2d5ffbf77c36f5f3cf8fd3cb219b735aac0d74bfc1c7d16d0f5f1820f705242c,2026-09-27,2026-09-27,10,
https://www.onsemi.com/download/data-sheet/pdf/mbr1535ct-d.pdf,https://www.onsemi.com/download/data-sheet/pdf/mbr1535ct-d.pdf,200,246739,b8dc4993d711b07c718c7e2742bcbc9560a07e954309df8b91772e4efb578943,2026-09-27,2026-09-27,10,
https://www.onsemi.com/download/data-sheet/pdf/mbr1560ct-d.pdf,https://www.onsemi.com/download/data-sheet/pdf/mbr1560ct-d.pdf,200,495484,fde8f71eb6e3a9d2634fce7ea5960afb21463f022dc151596ada32e0d090ce9d,2026-09-27,2026-09-27,10,
https://www.onsemi.com/download/data-sheet/pdf/mbr16100ct-d.pdf,https://www.onsemi.com/download/data-sheet/pdf/mbr16100ct-d.pdf,200,101853,e5bf4516d019c4a9e5b2ed72be7e419f0d9a04b0b646b928c0a9fd0e723e74f2,2026-09-27,2026-09-27,10,
https://www.onsemi.com/download/data-sheet/pdf/mbr1635-d.pdf,https://www.onsemi.com/download/data-sheet/pdf/mbr1635-d.pdf,200,221853,6e8d42b392d20c675d6551e91def262175a87bf43f8795f1da9bda7a7d1ada2b,2026-09-27,2026-09-27,10,
https://www.onsemi.com/download/data-sheet/pdf/mbr1660-d.pdf,https://www.onsemi.com/download/data-sheet/pdf/mbr1660-d.pdf,200,508902,aed76190fcd1001b51968759d2cba1057bb7d44157333e3216f17b3b20b74a25,2026-09-27,2026-09-27,10,
https://www.onsemi.com/download/data-sheet/pdf/mbr20100ct-d.pdf,https://www.onsemi.com/download/data-sheet/pdf/mbr20100ct-d.pdf,200,105070,6f8a0b6d321de6ef877b4db8e0a7cee9cf81ab55941673003fe70018cc3f6f7b,2026-09-27,2026-09-27,10,
https://www.onsemi.com/download/data-sheet/pdf/mbr20200ct-d.pdf,https://www.onsemi.com/download/data-sheet/pdf/mbr20200ct-d.pdf,200,240130,fef407c06689294670ed174d7f24e1edb4fcdbfa56ff5c95ab41a0193f09a697,2026-09-27,2026-09-27,10,
https://www.onsemi.com/download/data-sheet/pdf/mbr2030ctl-d.pdf,https://www.onsemi.com/download/data-sheet/pdf/mbr2030ctl-d.pdf,200,240200,3ab7d90173c7d6c8673b9e54237f08d5cc2fd8cdc408f94d77a749f5ffb795ee,2026-09-27,2026-09-27,10,
https://www.onsemi.com/download/data-sheet/pdf/mbr2045ct-d.pdf,https://www.onsemi.com/download/data-sheet/pdf/mbr2045ct-d.pdf,200,195386,e110d2149014c6487537f294ae1bea4df2142cb449552e5d8e55e35a2133882d,2026-09-27,2026-09-27,10,
https://www.onsemi.com/download/data-sheet/pdf/mbr2045ctp-d.pdf,https://www.onsemi.com/download/data-sheet/pdf/mbr2045ctp-d.pdf,200,184732,bc22a37a5b717d104910f384a226c9b91ce031117628bcb42bdd9e740aceaa0e,2026-09-27,2026-09-27,10,
https://www.onsemi.com/download/data-sheet/pdf/mbr2045emfs-d.pdf,https://www.onsemi.com/download/data-sheet/pdf/mbr2045emfs-d.pdf,200,226314,91b77a0257bbe405b59513d0366c9bbec0623c5ad6e780a6a32cc47267fe31d1,2026-09-27,2026-09-27,10,
https://www.onsemi.com/download/data-sheet/pdf/mbr2045mfs-d.pdf,https://www.onsemi.com/download/data-sheet/pdf/mbr2045mfs-d.pdf,200,177152,fe9a23989b57e6da5327daf6f25828b72f95e0679a3f6e15d70ef91314fa3f81,2026-09-27,2026-09-27,10,
https://www.onsemi.com/download/data-sheet/pdf/mbr2060ct-d.pdf,https://www.onsemi.com/download/data-sheet/pdf/mbr2060ct-d.pdf,200,182434,d6b2c94d5cf4585e241aa14f8732c88ee1c5633ede7a8ccf6635984130d38d12,2026-09-27,2026-09-27,10,
https://www.onsemi.com/download/data-sheet/pdf/mbr20h100ct-d.pdf,https://www.onsemi.com/download/data-sheet/pdf/mbr20h100ct-d.pdf,200,406872,9b725a8db908906637a73e2f8e68d12b9160f491e9ab0658877b541a1d06be8d,2026-09-27,2026-09-27,10,
https://www.onsemi.com/download/data-sheet/pdf/mbr20l60ct-d.pdf,https://www.onsemi.com/download/data-sheet/pdf/mbr20l60ct-d.pdf,200,317358,7b99d2a8d768b4ea0c278113633a5fce1fdf90d714719146c6e695aab7b16f3c,2026-09-27,2026-09-27,10,
https://www.onsemi.com/download/data-sheet/pdf/mbr2535ct-d.pdf,https://www.onsemi.com/download/data-sheet/pdf/mbr2535ct-d.pdf,200,222003,88a0180614f89845923d615727f051f6f890b11234ecebadd7e3135c1a31063c,2026-09-27,2026-09-27,10,
https://www.onsemi.com/download/data-sheet/pdf/mbr2535ctl-d.pdf,https://www.onsemi.com/download/data-sheet/pdf/mbr2535ctl-d.pdf,200,152820,db7a6203fe87a51823834625619342416a6589327bde07b00d2eae38fd4621fa,2026-09-27,2026-09-27,10,
https://www.onsemi.com/download/data-sheet/pdf/mbr2560ct-d.pdf,https://www.onsemi.com/download/data-sheet/pdf/mbr2560ct-d.pdf,200,311849,394849a78456ba7aafe4edcb4f03b351768a41058c6b663e80a287fb1f58bdd0,2026-09-27,2026-09-27,10,
https://www.onsemi.com/download/data-sheet/pdf/mbr3045-d.pdf,https://www.onsemi.com/download/data-sheet/pdf/mbr3045-d.pdf,200,101799,d36ef213bc8a5573f0de4881e51c2d2cab4db1c0fad1e17fbdeb32cae068ed72,2026-09-27,2026-09-27,10,
https://www.onsemi.com/download/data-sheet/pdf/mbr3045pt-d.pdf,https://www.onsemi.com/download/data-sheet/pdf/mbr3045pt-d.pdf,200,264403,c22197d07751f93e2900f360c83f337e574a4594b0408be0b7f488cec459d11c,2026-09-27,2026-09-27,10,
https://www.onsemi.com/download/data-sheet/pdf/mbr3045wt-d.pdf,https://www.onsemi.com/download/data-sheet/pdf/mbr3045wt-d.pdf,200,195246,3f5ca14d6fa953cf2eb52524b92ed4973aecac2b0b0c2769d53e8c0564aaa993,2026-09-27,2026-09-27,10,
https://www.onsemi.com/download/data-sheet/pdf/mbr3060pt-d.pdf,https://www.onsemi.com/download/data-sheet/pdf/mbr3060pt-d.pdf,200,373352,70382ecc523397b1cac36d31a803910d406568c6d9dcb49fcbfac361a1aceea5,2026-09-27,2026-09-27,10,
https://www.onsemi.com/download/data-sheet/pdf/mbr30h100ct-d.pdf,https://www.onsemi.com/download/data-sheet/pdf/mbr30h100ct-d.pdf,200,336577,51750de01b974bb26f4c95490161e184abc2a3815c57fe328e6a776b7830e0ed,2026-09-27,2026-09-27,10,
https://www.onsemi.com/download/data-sheet/pdf/mbr30h100mfs-d.pdf,https://www.onsemi.com/download/data-sheet/pdf/mbr30h100mfs-d.pdf,200,248119,7fa49a7670e63460ac0eec9f58b9477c35a4c1dcf8b866f9e4d8c25643efbe8a,2026-09-27,2026-09-27,10,
https://www.onsemi.com/download/data-sheet/pdf/mbr30h80ct-d.pdf,https://www.onsemi.com/download/data-sheet/pdf/mbr30h80ct-d.pdf,200,167048,c5a6c029537e35aac109737ed879c486de9bc0beb92d6fe639f0d42987fe71c1,2026-09-27,2026-09-27,10,
https://www.onsemi.com/download/data-sheet/pdf/mbr30l60ct-d.pdf,https://www.onsemi.com/download/data-sheet/pdf/mbr30l60ct-d.pdf,200,316175,473f3cc009272a03cc7ae4a0927b37fe4f4f5e020c6658d6297d31276fe93e51,2026-09-27,2026-09-27,10,
https://www.onsemi.com/download/data-sheet/pdf/mbr340-d.pdf,https://www.onsemi.com/download/data-sheet/pdf/mbr340-d.pdf,200,125915,00baac8b6bd38a9f71f967317b0df98815c7c98495ca836af5598f8f99d979da,2026-09-27,2026-09-27,10,
https://www.onsemi.com/download/data-sheet/pdf/mbr350-d.pdf,https://www.onsemi.com/download/data-sheet/pdf/mbr350-d.pdf,200,220821,47742efb3367916f369c8aaf600bf84f560822abf77fe754aed89271d5f9f14e,2026-09-27,2026-09-27,10,
https://www.onsemi.com/download/data-sheet/pdf/mbr4015ctl-d.pdf,https://www.onsemi.com/download/data-sheet/pdf/mbr4015ctl-d.pdf,200,95689,5beb00f274ea34301ef338ec913a2e4254394fefc6d062e62adfe6bf0eb5ae2b,2026-09-27,2026-09-27,10,
https://www.onsemi.com/download/data-sheet/pdf/mbr4015lwt-d.pdf,https://www.onsemi.com/download/data-sheet/pdf/mbr4015lwt-d.pdf,200,154470,b3a17471f98d872c47545089ea9599f9be519d7ae9dd96dc86d6f4bba54a936a,2026-09-27,2026-09-27,10,
https://www.onsemi.com/download/data-sheet/pdf/mbr40250-d.pdf,https://www.onsemi.com/download/data-sheet/pdf/mbr40250-d.pdf,200,390661,f8fa9fae718638c123a11a6a8a8d52ab62f8d51900b7e4d82f4391dbf01b6148,2026-09-27,2026-09-27,10,
https://www.onsemi.com/download/data-sheet/pdf/mbr4045pt-d.pdf,https://www.onsemi.com/download/data-sheet/pdf/mbr4045pt-d.pdf,200,198583,ceeff733bd16b2c07ed380cfded042cbb10c3c39cc002e413f2a6465cc7ee717,2026-09-27,2026-09-27,10,
https://www.onsemi.com/download/data-sheet/pdf/mbr4045wt-d.pdf,https://www.onsemi.com/download/data-sheet/pdf/mbr4045wt-d.pdf,200,126404,0524e6961e4733296a0ffe924c3330f1188a52414055871639b4dae97c10824d,2026-09-27,2026-09-27,10,
https://www.onsemi.com/download/data-sheet/pdf/mbr4060pt-d.pdf,https://www.onsemi.com/download/data-sheet/pdf/mbr4060pt-d.pdf,200,499681,e00d6d5c9287e352d972eba82cffcec6f01dfec517d88ce34c34981eba86d649,2026-09-27,2026-09-27,10,
https://www.onsemi.com/download/data-sheet/pdf/mbr40h100wt-d.pdf,https://www.onsemi.com/download/data-sheet/pdf/mbr40h100wt-d.pdf,200,147597,e537faeadbb62667de9e965a04430adae612f3e4f85423aea12876b082e9940f,2026-09-27,2026-09-27,10,
https://www.onsemi.com/download/data-sheet/pdf/mbr40l60ct-d.pdf,https://www.onsemi.com/download/data-sheet/pdf/mbr40l60ct-d.pdf,200,252834,06213596043767c720d9a5c3a0ee33bae160b13b827a995db0e80679963359c8,2026-09-27,2026-09-27,10,
https://www.onsemi.com/download/data-sheet/pdf/mbr41h100ct-d.pdf,https://www.onsemi.com/download/data-sheet/pdf/mbr41h100ct-d.pdf,200,336450,49f3a4856f7a33178b3ed5317f1268ca565e5197ae18a54258c388c0afb843be,2026-09-27,2026-09-27,10,
https://www.onsemi.com/download/data-sheet/pdf/mbr460mfs-d.pdf,https://www.onsemi.com/download/data-sheet/pdf/mbr460mfs-d.pdf,200,181464,ac7cf758cf911ee09c172cfe489470a65ac2cca5ba3c2c78f4af885a7150980e,2026-09-27,2026-09-27,10,
https://www.onsemi.com/download/data-sheet/pdf/mbr5h100mfs-d.pdf,https://www.onsemi.com/download/data-sheet/pdf/mbr5h100mfs-d.pdf,200,223204,a0f63d453b2de1a07361d3413a68308198599bb2f456be16baf1eca45abcc08d,2026-09-27,2026-09-27,10,
https://www.onsemi.com/download/data-sheet/pdf/mbr6045pt-d.pdf,https://www.onsemi.com/download/data-sheet/pdf/mbr6045pt-d.pdf,200,129986,5d3c432308eb20147124fa0ed1099da032fa5ae511a1fbc6e22b2edbf1974593,2026-09-27,2026-09-27,10,
https://www.onsemi.com/download/data-sheet/pdf/mbr6045wt-d.pdf,https://www.onsemi.com/download/data-sheet/pdf/mbr6045wt-d.pdf,200,109611,43a385ee8a979763ee69b05a9e2cdfa430442050ab6f4ebc6b74c02bffa6e650,2026-09-27,2026-09-27,10,
https://www.onsemi.com/download/data-sheet/pdf/mbr60h100ct-d.pdf,https://www.onsemi.com/download/data-sheet/pdf/mbr60h100ct-d.pdf,200,314485,062701902e23cfb972726bd881f5df98242d77bf4b4ad184ef5bc868fff83157,2026-09-27,2026-09-27,10,
https://www.onsemi.com/download/data-sheet/pdf/mbr735-d.pdf,https://www.onsemi.com/download/data-sheet/pdf/mbr735-d.pdf,200,216480,aeb247150fc6b6ee63259cfa461232c887b1bd5c2fd2bb4c86ca228d2dd681bf,2026-09-27,2026-09-27,10,
https://www.onsemi.com/download/data-sheet/pdf/mbr760-d.pdf,https://www.onsemi.com/download/data-sheet/pdf/mbr760-d.pdf,200,470584,3600209ffa6f259a3c9431d70cf6ef2b753747c55901c512ef37731b38794e71,2026-09-27,2026-09-27,10,
https://www.onsemi.com/download/data-sheet/pdf/mbr8170tfs-d.pdf,https://www.onsemi.com/download/data-sheet/pdf/mbr8170tfs-d.pdf,200,359404,87cf8e9fb58cd9c40c0b6b3423927c7ad7e1f3245598f8b4b0cc6f048b22d3f0,2026-09-27,2026-09-27,10,
https://www.onsemi.com/download/data-sheet/pdf/mbr830mfs-d.pdf,https://www.onsemi.com/download/data-sheet/pdf/mbr830mfs-d.pdf,200,164651,2eb3682338be6bb93cf83efedf4057be02f042196e3266f9a3c59d37d29647ab,2026-09-27,2026-09-27,10,
https://www.onsemi.com/download/data-sheet/pdf/mbr8h100mfs-d.pdf,https://www.onsemi.com/download/data-sheet/pdf/mbr8h100mfs-d.pdf,200,293589,efb4d5ea69470a4e0390d2ec8603d2e33b318c43eca61838a34d09f135866d2f,2026-09-27,2026-09-27,10,
https://www.onsemi.com/download/data-sheet/pdf/mbra120et3-d.pdf,https://www.onsemi.com/download/data-sheet/pdf/mbra120et3-d.pdf,200,169352,4bcc5aeed064d812b589292a730a877508a17d107e534ce7f54c5996f91e8d92,2026-09-27,2026-09-27,10,
https://www.onsemi.com/download/data-sheet/pdf/mbra130lt3-d.pdf,https://www.onsemi.com/download/data-sheet/pdf/mbra130lt3-d.pdf,200,176003,bf9e80756547aa0050b24b379387cd420854b281435a87c915ddda02a07d264d,2026-09-27,2026-09-27,10,
https://www.onsemi.com/download/data-sheet/pdf/mbra140t3-d.pdf,https://www.onsemi.com/download/data-sheet/pdf/mbra140t3-d.pdf,200,176242,345cf16c115a95e85cd56746811044709d1b8201a91a86647cf7c4d11ae94433,2026-09-27,2026-09-27,10,
https://www.onsemi.com/download/data-sheet/pdf/mbra160t3-d.pdf,https://www.onsemi.com/download/data-sheet/pdf/mbra160t3-d.pdf,200,160907,c630e1bd835aeba423f6cb521e64c8624e94b3c9dce63fff4a0b4b5e5e2285f0,2026-09-27,2026-09-27,10,
https://www.onsemi.com/download/data-sheet/pdf/mbra210et3-d.pdf,https://www.onsemi.com/download/data-sheet/pdf/mbra210et3-d.pdf,200,220573,80c024ba6d9d092d23278de2772015d85b56c7bea9ed8872e5df1ffe2a400390,2026-09-27,2026-09-27,10,
https://www.onsemi.com/download/data-sheet/pdf/mbra210lt3-d.pdf,https://www.onsemi.com/download/data-sheet/pdf/mbra210lt3-d.pdf,200,170932,321037d0d0fff8dad81176aa28a3f7e04a0f6e382fa229ec6d13b6c6eba0e66b,2026-09-27,2026-09-27,10,
https://www.onsemi.com/download/data-sheet/pdf/mbra340t3-d.pdf,https://www.onsemi.com/download/data-sheet/pdf/mbra340t3-d.pdf,200,225212,be18cce8d1c8e1dbde5402bcac778963429dd8a78286f74544c5307ca6b4b0f0,2026-09-27,2026-09-27,10,
https://www.onsemi.com/download/data-sheet/pdf/mbrb2545ct-d.pdf,https://www.onsemi.com/download/data-sheet/pdf/mbrb2545ct-d.pdf,200,239104,974c57fc0e80c9a67a35861ee1c6db1caa482afc55948dbd640044083022fd99,2026-09-27,2026-09-27,10,
https://www.onsemi.com/download/data-sheet/pdf/mbrb3030ct-d.pdf,https://www.onsemi.com/download/data-sheet/pdf/mbrb3030ct-d.pdf,200,142427,ff2a1023813e4a979d9661e250189ffd69065509dd82f6ff30711abf3c5e5f2b,2026-09-27,2026-09-27,10,
https://www.onsemi.com/download/data-sheet/pdf/mbrb3030ctl-d.pdf,https://www.onsemi.com/download/data-sheet/pdf/mbrb3030ctl-d.pdf,200,263811,6b468de5a75ce1128d95532aad81f7b1ba0e9fc2e8fdadb3f712c80bde6989fe,2026-09-27,2026-09-27,10,
https://www.onsemi.com/download/data-sheet/pdf/mbrb30h60ct-d.pdf,https://www.onsemi.com/download/data-sheet/pdf/mbrb30h60ct-d.pdf,200,192252,77a769f4034325ed3f98420dc57bfc33ee8a1fa70d391478bb9366160d165e37,2026-09-27,2026-09-27,10,
https://www.onsemi.com/download/data-sheet/pdf/mbrb4030-d.pdf,https://www.onsemi.com/download/data-sheet/pdf/mbrb4030-d.pdf,200,235316,bdbf4aa4c1234975ed9ca40bce694f8d21f5882d2da499771f98b527d099f8c1,2026-09-27,2026-09-27,10,
https://www.onsemi.com/download/data-sheet/pdf/mbrd1035ctl-d.pdf,https://www.onsemi.com/download/data-sheet/pdf/mbrd1035ctl-d.pdf,200,310105,cecb0070b4074e18db51698890729faba6dae5f3a35b68c3081fcf944ed9a9ca,2026-09-27,2026-09-27,10,
https://www.onsemi.com/download/data-sheet/pdf/mbrd320-d.pdf,https://www.onsemi.com/download/data-sheet/pdf/mbrd320-d.pdf,200,323046,9c7d91011e171842b4b972636b83b1e3035b67a4fa3a314d409718c50a42b9d8,2026-09-27,2026-09-27,10,
https://www.onsemi.com/download/data-sheet/pdf/mbrd620ct-d.pdf,https://www.onsemi.com/download/data-sheet/pdf/mbrd620ct-d.pdf,200,288544,a947330ad8c37ddeae843b62d73b8c9ca454bd749f006def241df7f533931567,2026-09-27,2026-09-27,10,
https://www.onsemi.com/download/data-sheet/pdf/mbrd835l-d.pdf,https://www.onsemi.com/download/data-sheet/pdf/mbrd835l-d.pdf,200,276056,531db2ea727236312121bd6ac1c2d119fe6aa6cd3f9c0fa0e873279353961973,2026-09-27,2026-09-27,10,
https://www.onsemi.com/download/data-sheet/pdf/mbrf20100ct-d.pdf,https://www.onsemi.com/download/data-sheet/pdf/mbrf20100ct-d.pdf,200,201631,1bb7b66797ef895abac41157328d2f7fd84a500b9fa821f522dd7056d3f96c19,2026-09-27,2026-09-27,10,
https://www.onsemi.com/download/data-sheet/pdf/mbrf20200ct-d.pdf,https://www.onsemi.com/download/data-sheet/pdf/mbrf20200ct-d.pdf,200,168220,b789cc4e01cceb9776d9b7ab57ca9e57482514453dc60dfd670b64b9b339b53a,2026-09-27,2026-09-27,10,
https://www.onsemi.com/download/data-sheet/pdf/mbrf2060ct-d.pdf,https://www.onsemi.com/download/data-sheet/pdf/mbrf2060ct-d.pdf,200,186151,772a40f88dd3ee85f4cd674ac628a6dad45269f3ecb0d592cb826b16b9d596f8,2026-09-27,2026-09-27,10,
https://www.onsemi.com/download/data-sheet/pdf/mbrf2545ct-d.pdf,https://www.onsemi.com/download/data-sheet/pdf/mbrf2545ct-d.pdf,200,166426,593afd0acd7e5e62e38ff9d4d6b5490b992ee40de2bbe72fb71f37068f7c6de3,2026-09-27,2026-09-27,10,
https://www.onsemi.com/download/data-sheet/pdf/mbrm140-d.pdf,https://www.onsemi.com/download/data-sheet/pdf/mbrm140-d.pdf,200,308969,25e5efc5b0b6a49be0a03919c708ce91ac81da18be826a85120e5d16d9a343f7,2026-09-27,2026-09-27,10,
https://www.onsemi.com/download/data-sheet/pdf/mbrp30045ct-d.pdf,https://www.onsemi.com/download/data-sheet/pdf/mbrp30045ct-d.pdf,200,188437,9ca5b01c43669cc4c4ea6f2f18f741d2c218b1f9d2c15c91265910acb6cc7034,2026-09-27,2026-09-27,10,
https://www.onsemi.com/download/data-sheet/pdf/mbrp400100ctl-d.pdf,https://www.onsemi.com/download/data-sheet/pdf/mbrp400100ctl-d.pdf,200,171694,cd6713b38774c36d823e40d4137e1706c7db1c1ecbd50a185ac8a76e2f056b60,2026-09-27,2026-09-27,10,
https://www.onsemi.com/download/data-sheet/pdf/mbrs1100t3-d.pdf,https://www.onsemi.com/download/data-sheet/pdf/mbrs1100t3-d.pdf,200,223013,88b1199b3eeadd8bf07a61b2e532fa8e7caa1d2ad398f375525bd09d33980190,2026-09-27,2026-09-27,10,
https://www.onsemi.com/download/data-sheet/pdf/mbrs120t3-d.pdf,https://www.onsemi.com/download/data-sheet/pdf/mbrs120t3-d.pdf,200,167939,86eaec87d042bcf656d4e281511464c0ff2d4288c0aaab58288fcbec5ddaa5a9,2026-09-27,2026-09-27,10,
https://www.onsemi.com/download/data-sheet/pdf/mbrs130l-d.pdf,https://www.onsemi.com/download/data-sheet/pdf/mbrs130l-d.pdf,200,155921,f623966298178a5ab2af6e7e46a24c6825df84d2606313349ef154541d1b9f49,2026-09-27,2026-09-27,10,
https://www.onsemi.com/download/data-sheet/pdf/mbrs130lt3-d.pdf,https://www.onsemi.com/download/data-sheet/pdf/mbrs130lt3-d.pdf,200,193370,ce749dd3dac7bb66b125838de8f9ca240f8e32eef870e31b435e81958100af7b,2026-09-27,2026-09-27,10,
https://www.onsemi.com/download/data-sheet/pdf/mbrs130t3-d.pdf,https://www.onsemi.com/download/data-sheet/pdf/mbrs130t3-d.pdf,200,167534,0ce22349a8c515f67cb76c3de691a42b2fd0b786b1a37c0009175aba404bc4e5,2026-09-27,2026-09-27,10,
https://www.onsemi.com/download/data-sheet/pdf/mbrs140t3-d.pdf,https://www.onsemi.com/download/data-sheet/pdf/mbrs140t3-d.pdf,200,237039,e1e43f1771ab498b865d8f225d012930fccb37ec9c8e0888295e432e00581e16,2026-09-27,2026-09-27,10,
https://www.onsemi.com/download/data-sheet/pdf/mbrs1540t3-d.pdf,https://www.onsemi.com/download/data-sheet/pdf/mbrs1540t3-d.pdf,200,184732,39b5e77545774f63cb538d4f0343ce2b6a0febaa0437a8fbaaaba16a4d606e64,2026-09-27,2026-09-27,10,
https://www.onsemi.com/download/data-sheet/pdf/mbrs2040lt3-d.pdf,https://www.onsemi.com/download/data-sheet/pdf/mbrs2040lt3-d.pdf,200,285481,137721ff047dd6e65793cc5368c52e1c14394488bacfdef311371f72ca5dcb40,2026-09-27,2026-09-27,10,
https://www.onsemi.com/download/data-sheet/pdf/mbrs230lt3-d.pdf,https://www.onsemi.com/download/data-sheet/pdf/mbrs230lt3-d.pdf,200,170448,feadab97e016bc8014fdc2ba9136912187d9910d859dc4bd9f290458fe0f719b,2026-09-27,2026-09-27,10,
https://www.onsemi.com/download/data-sheet/pdf/mbrs240lt3-d.pdf,https://www.onsemi.com/download/data-sheet/pdf/mbrs240lt3-d.pdf,200,179268,3cdc74ee7b7f9c888ca2292d96b6f497d5e0c9e2044a502c863f72a8e0019fd1,2026-09-27,2026-09-27,10,
https://www.onsemi.com/download/data-sheet/pdf/mbrs260t3-d.pdf,https://www.onsemi.com/download/data-sheet/pdf/mbrs260t3-d.pdf,200,174552,ffe5323acde364bba01801e4cb43e3a60be5c4c6dbc1d86f6d85d915ac0c44b1,2026-09-27,2026-09-27,10,
https://www.onsemi.com/download/data-sheet/pdf/mbrs3100t3-d.pdf,https://www.onsemi.com/download/data-sheet/pdf/mbrs3100t3-d.pdf,200,166687,5325ed0dcf0f5fd7b30b8a1d8c342c298d524ee1c85eb13c7b163fdc2be50221,2026-09-27,2026-09-27,10,
https://www.onsemi.com/download/data-sheet/pdf/mbrs3200t3-d.pdf,https://www.onsemi.com/download/data-sheet/pdf/mbrs3200t3-d.pdf,200,269688,5b057d14aa6e479836b670f9d1b6d56b815d568ce605ffa7960216d7de52b107,2026-09-27,2026-09-27,10,
https://www.onsemi.com/download/data-sheet/pdf/mbrs3201t3-d.pdf,https://www.onsemi.com/download/data-sheet/pdf/mbrs3201t3-d.pdf,200,206590,7b531e1e52e18be92c008faf45a5c44ecc0bb6f8020ae4c5ffa79735af53e049,2026-09-27,2026-09-27,10,
https://www.onsemi.com/download/data-sheet/pdf/mbrs340t3-d.pdf,https://www.onsemi.com/download/data-sheet/pdf/mbrs340t3-d.pdf,200,167827,f33886e57e3f2200d44e58ded9219bc43c01d696c099d2d7f9689603585b58f9,2026-09-27,2026-09-27,10,
https://www.onsemi.com/download/data-sheet/pdf/mbrs360t3-d.pdf,https://www.onsemi.com/download/data-sheet/pdf/mbrs360t3-d.pdf,200,309754,872e6d3809ef37973cafebd2434adbea41502e6f457baa19367a50080eb1847a,2026-09-27,2026-09-27,10,
https://www.onsemi.com/download/data-sheet/pdf/mbrs410et3-d.pdf,https://www.onsemi.com/download/data-sheet/pdf/mbrs410et3-d.pdf,200,196033,08ccc9e8c9f88632bcb602c0c294d9eccb16ac3b3caeef249f5b719428a3672e,2026-09-27,2026-09-27,10,
https://www.onsemi.com/download/data-sheet/pdf/mbrs410lt3-d.pdf,https://www.onsemi.com/download/data-sheet/pdf/mbrs410lt3-d.pdf,200,171252,016111c0d772d37be98237f6ef7e0c39fd26b6998395aed04c26e4a792f28501,2026-09-27,2026-09-27,10,
https://www.onsemi.com/download/data-sheet/pdf/mbrs4201t3-d.pdf,https://www.onsemi.com/download/data-sheet/pdf/mbrs4201t3-d.pdf,200,228965,174e6af00c8c32e9a5c554eb615456cac3e5dc266a40fb42518b9049870b2409,2026-09-27,2026-09-27,10,
https://www.onsemi.com/download/data-sheet/pdf/mbrs540t3-d.pdf,https://www.onsemi.com/download/data-sheet/pdf/mbrs540t3-d.pdf,200,240832,cdf60fd1bc3f096253a108d5e71c110820b2930804cdad38de660f218d882ae8,2026-09-27,2026-09-27,10,
https://www.onsemi.com/download/data-sheet/pdf/mbt3904dw1t1-d.pdf,https://www.onsemi.com/download/data-sheet/pdf/mbt3904dw1t1-d.pdf,200,378944,97e4c3fcff29a954e6108069a38d9fa67fa6985907fa92eecb7fe5232103efe1,2026-09-27,2026-09-27,10,
https://www.onsemi.com/download/data-sheet/pdf/mbt3946dw1t1-d.pdf,https://www.onsemi.com/download/data-sheet/pdf/mbt3946dw1t1-d.pdf,200,477856,15ab160312987ccf91059d42bab4067740ab4f7b9825e51ed9cfb41ba0e25bca,2026-09-27,2026-09-27,10,
https://www.onsemi.com/download/data-sheet/pdf/mc14007ub-d.pdf,https://www.onsemi.com/download/data-sheet/pdf/mc14007ub-d.pdf,200,288851,68032b126e4dd831f10c12b66d366c30a11acba0001d2ddf89b6c20bbf6695be,2026-09-27,2026-09-27,10,
https://www.onsemi.com/download/data-sheet/pdf/mc14049b-d.pdf,https://www.onsemi.com/download/data-sheet/pdf/mc14049b-d.pdf,200,280156,5294ba821642280a160a403f2548030fe74d70d0bbee616df672cbebc56d9ec9,2026-09-27,2026-09-27,10,
https://www.onsemi.com/download/data-sheet/pdf/mc14049ub-d.pdf,https://www.onsemi.com/download/data-sheet/pdf/mc14049ub-d.pdf,200,239106,a24417ff1de101991c95783a74c8a881505bc0226adbb2db56f9382632a0a139,2026-09-27,2026-09-27,10,
https://www.onsemi.com/download/data-sheet/pdf/mc14051b-d.pdf,https://www.onsemi.com/download/data-sheet/pdf/mc14051b-d.pdf,200,741485,0ed304277ea1681c9c8eb07f38ff93d7c383b133ff4898d2a61f58afe46c8add,2026-09-27,2026-09-27,10,
https://www.onsemi.com/download/data-sheet/pdf/mc1458-d.pdf,https://www.onsemi.com/download/data-sheet/pdf/mc1458-d.pdf,200,140666,908627489dfd785a2169925872ef8c06a12ffef344841e42f3a38c0528ec9fd7,2026-09-27,2026-09-27,10,
https://www.onsemi.com/download/data-sheet/pdf/mc1488-d.pdf,https://www.onsemi.com/download/data-sheet/pdf/mc1488-d.pdf,200,356360,5db99108a746fe5c51d00f613861428e14320d22e891c0115eb1254014c8eb26,2026-09-27,2026-09-27,10,
https://www.onsemi.com/download/data-sheet/pdf/mc1489-d.pdf,https://www.onsemi.com/download/data-sheet/pdf/mc1489-d.pdf,200,348318,e967820910aa82ad7c9f92ddd72868524c77e10337310d57a642c97a0c100891,2026-09-27,2026-09-27,10,
https://www.onsemi.com/download/data-sheet/pdf/mc1495-d.pdf,https://www.onsemi.com/download/data-sheet/pdf/mc1495-d.pdf,200,523010,f1df7292318310df2efb4af73a3200945e767098b1e40803f9478a58eca1d3d5,2026-09-27,2026-09-27,10,
https://www.onsemi.com/download/data-sheet/pdf/mc1496-d.pdf,https://www.onsemi.com/download/data-sheet/pdf/mc1496-d.pdf,200,640199,238f6ec8fb75be89bcaa08c75c3499e819ec196aecdbe80ccc664713eb3832ab,2026-09-27,2026-09-27,10,
https://www.onsemi.com/download/data-sheet/pdf/mc1741c-d.pdf,https://www.onsemi.com/download/data-sheet/pdf/mc1741c-d.pdf,200,146824,6a3f9a49f0eaf749f1c317614fc585718dcdc40cc7834b9890eb4185a7956b7c,2026-09-27,2026-09-27,10,
https://www.onsemi.com/download/data-sheet/pdf/mc33035-d.pdf,https://www.onsemi.com/download/data-sheet/pdf/mc33035-d.pdf,200,2779437,bf55fb4755cc1f21e777d72fb6556e2ac7ea059acc7fbcbe6c97fa8bfa6049db,2026-09-27,2026-09-27,10,
https://www.onsemi.com/download/data-sheet/pdf/mc33076-d.pdf,https://www.onsemi.com/download/data-sheet/pdf/mc33076-d.pdf,200,311389,cc41575b2db8cd436f513827c042f9dbfdc44aace1110645741d0d4d8f8b34ce,2026-09-27,2026-09-27,10,
https://www.onsemi.com/download/data-sheet/pdf/mc33077-d.pdf,https://www.onsemi.com/download/data-sheet/pdf/mc33077-d.pdf,200,597270,cf3a81bf04da3c55e6faa39c429513cd17058a1a46bfdac811b2420a3e8e9ada,2026-09-27,2026-09-27,10,
https://www.onsemi.com/download/data-sheet/pdf/mc33078-d.pdf,https://www.onsemi.com/download/data-sheet/pdf/mc33078-d.pdf,200,690236,2d6bdfc942683dda24e401de16b67899fb8507b35a692f8f78f239edb935025c,2026-09-27,2026-09-27,10,
https://www.onsemi.com/download/data-sheet/pdf/mc33171-d.pdf,https://www.onsemi.com/download/data-sheet/pdf/mc33171-d.pdf,200,674062,952c451c5303fb9c6855b58e32a69fca033155d291964e70d63d231cab0de347,2026-09-27,2026-09-27,10,
https://www.onsemi.com/download/data-sheet/pdf/mc33178-d.pdf,https://www.onsemi.com/download/data-sheet/pdf/mc33178-d.pdf,200,536608,8e21309536122dbed760e276296c69bdf1faa307163e16f7ac0069c41a5e88af,2026-09-27,2026-09-27,10,
https://www.onsemi.com/download/data-sheet/pdf/mc33201-d.pdf,https://www.onsemi.com/download/data-sheet/pdf/mc33201-d.pdf,200,422035,df3cc35e1a835b99b08963fb73b8bf7ed17b385b7b9ef71aae95b77d421bccff,2026-09-27,2026-09-27,10,
https://www.onsemi.com/download/data-sheet/pdf/mc33272a-d.pdf,https://www.onsemi.com/download/data-sheet/pdf/mc33272a-d.pdf,200,793249,8a86d41b88fd829c0c751bf7d913561e9626f7317abd10d322f57da08d21733c,2026-09-27,2026-09-27,10,
https://www.onsemi.com/download/data-sheet/pdf/mc33363-d.pdf,https://www.onsemi.com/download/data-sheet/pdf/mc33363-d.pdf,200,557631,0c64b1b9aedf65e2d90e6141179f620a57139c012ff4fa450e8be3f3b456f7c2,2026-09-27,2026-09-27,10,
https://www.onsemi.com/download/data-sheet/pdf/mc33363a-d.pdf,https://www.onsemi.com/download/data-sheet/pdf/mc33363a-d.pdf,200,681880,b2e296030a2240d854759abada4081dcabd447a0af1a1df4591da123201450bc,2026-09-27,2026-09-27,10,
https://www.onsemi.com/download/data-sheet/pdf/mc33363b-d.pdf,https://www.onsemi.com/download/data-sheet/pdf/mc33363b-d.pdf,200,293339,1ef0e788d7aebbefb07676c3ccc56743bb3d0842a6b1cd4a22c729188bdfa946,2026-09-27,2026-09-27,10,
https://www.onsemi.com/download/data-sheet/pdf/mc33365-d.pdf,https://www.onsemi.com/download/data-sheet/pdf/mc33365-d.pdf,200,333023,64a7a77451742b66547ff095599feb6635b74f3cada1e8a55bf00e94c0472682,2026-09-27,2026-09-27,10,
https://www.onsemi.com/download/data-sheet/pdf/mc33501-d.pdf,https://www.onsemi.com/download/data-sheet/pdf/mc33501-d.pdf,200,285085,119a51150a2a60649b0d6da221da2f14c80ff7f0ad37092808c98de36f9589d9,2026-09-27,2026-09-27,10,
https://www.onsemi.com/download/data-sheet/pdf/mc33502-d.pdf,https://www.onsemi.com/download/data-sheet/pdf/mc33502-d.pdf,200,327010,a47dbd51fea9375f136061de3c98e80b2278238c13d7dc20493981dd1cfde137,2026-09-27,2026-09-27,10,
https://www.onsemi.com/download/data-sheet/pdf/mc3403-d.pdf,https://www.onsemi.com/download/data-sheet/pdf/mc3403-d.pdf,200,328563,ed6684a2fd52eab7c2e618887b487c00c0248678f1e5515bf42f276fff910c0a,2026-09-27,2026-09-27,10,
https://www.onsemi.com/download/data-sheet/pdf/mc34063a-d.pdf,https://www.onsemi.com/download/data-sheet/pdf/mc34063a-d.pdf,200,1713550,d362f27bd83debd236f07689be66ef9b3c71639c288c0f5f7284ab47fb2bce47,2026-09-27,2026-09-27,10,
https://www.onsemi.com/download/data-sheet/pdf/mc34064-d.pdf,https://www.onsemi.com/download/data-sheet/pdf/mc34064-d.pdf,200,442384,f68be77c9e6349434f02dc4154550e6a20dbb18813b2c0bcf7c347acb4b6fe80,2026-09-27,2026-09-27,10,
https://www.onsemi.com/download/data-sheet/pdf/mc34071-d.pdf,https://www.onsemi.com/download/data-sheet/pdf/mc34071-d.pdf,200,1236498,9cf29a89238f4d4c51a87cdce3f042f48f3fe4cfe4641b7d686ed9906d02325a,2026-09-27,2026-09-27,10,
https://www.onsemi.com/download/data-sheet/pdf/mc34163-d.pdf,https://www.onsemi.com/download/data-sheet/pdf/mc34163-d.pdf,200,525546,6f609c14f51f1adc265dae874f7791df9d61c1f2ec95d7b234429c298e782a32,2026-09-27,2026-09-27,10,
https://www.onsemi.com/download/data-sheet/pdf/mc3458-d.pdf,https://www.onsemi.com/download/data-sheet/pdf/mc3458-d.pdf,200,294100,dd7a032ebaa77d6648543763d1f3f0950bd2aa57cc1d565c1b4b55b77b39fb59,2026-09-27,2026-09-27,10,
https://www.onsemi.com/download/data-sheet/pdf/mc44608-d.pdf,https://www.onsemi.com/download/data-sheet/pdf/mc44608-d.pdf,200,367818,e710a501e8ca2a7d0f333bd08e2604f3b71f49f5f6a50bd8b8d38a92fc771579,2026-09-27,2026-09-27,10,
https://www.onsemi.com/download/data-sheet/pdf/mc4558-d.pdf,https://www.onsemi.com/download/data-sheet/pdf/mc4558-d.pdf,200,189241,d0a4d0e23c1d793cee37d59a0b632d3ca00b70c7fb272aeb8b05e882b58b74ed,2026-09-27,2026-09-27,10,
https://www.onsemi.com/download/data-sheet/pdf/mc4558v-d.pdf,https://www.onsemi.com/download/data-sheet/pdf/mc4558v-d.pdf,200,132969,29bf134802c232aa03861da09557258d31138fce258dd82bcf4730f852b0b646,2026-09-27,2026-09-27,10,
https://www.onsemi.com/download/data-sheet/pdf/mc4741c-d.pdf,https://www.onsemi.com/download/data-sheet/pdf/mc4741c-d.pdf,200,201037,e8448bb8a519192c430ae7f82d8968d7215db592c5d11477ceaee91d8a44935d,2026-09-27,2026-09-27,10,
https://www.onsemi.com/download/data-sheet/pdf/mc74vhc1gt14-d.pdf,https://www.onsemi.com/download/data-sheet/pdf/mc74vhc1gt14-d.pdf,200,134265,7bf9de7cc00ae2461af769fb17c85a1a1b57854614ea09abda335381f1df2dc6,2026-09-27,2026-09-27,10,
https://www.onsemi.com/download/data-sheet/pdf/mc7812e-d.pdf,https://www.onsemi.com/download/data-sheet/pdf/mc7812e-d.pdf,200,374592,6306d7e06b64f1970914e5ab46fe4f10e4647488f796433654c58fbdd3a1502f,2026-09-27,2026-09-27,10,
https://www.onsemi.com/download/data-sheet/pdf/mc78l05ab-d.pdf,https://www.onsemi.com/download/data-sheet/pdf/mc78l05ab-d.pdf,200,267683,e7576f72313869b032bb5ff1dffcbeb1bd2cce6a2ab585fc49e441f7c8880b24,2026-09-27,2026-09-27,10,
https://www.onsemi.com/download/data-sheet/pdf/mch3374-d.pdf,https://www.onsemi.com/download/data-sheet/pdf/mch3374-d.pdf,200,577240,0ac04d7c1f927db4a86755b23f44a6ae527127ece0de5efffa63b8dc07c1ed6c,2026-09-27,2026-09-27,10,
https://www.onsemi.com/download/data-sheet/pdf/mch3377-d.pdf,https://www.onsemi.com/download/data-sheet/pdf/mch3377-d.pdf,200,1041650,6f669abf80462c9b24da50821011e046df9f41e13226160d59bccea52e06c183,2026-09-27,2026-09-27,10,
https://www.onsemi.com/download/data-sheet/pdf/mch3383-d.pdf,https://www.onsemi.com/download/data-sheet/pdf/mch3383-d.pdf,200,671812,7de0be4f50ad78763630333a2e888a26c04b64da0d71bdc1122dcdfae9bb08e9,2026-09-27,2026-09-27,10,
https://www.onsemi.com/download/data-sheet/pdf/mch3474-d.pdf,https://www.onsemi.com/download/data-sheet/pdf/mch3474-d.pdf,200,622697,f56e64bebf223af82f90cfdd2aa5a9c89f1a1698e684e524a6310ea4a318bde4,2026-09-27,2026-09-27,10,
https://www.onsemi.com/download/data-sheet/pdf/mch3479-d.pdf,https://www.onsemi.com/download/data-sheet/pdf/mch3479-d.pdf,200,394025,d8e8a4471afc3725c9870c41ec053ac39614536116f995ea8dca9b13a389a1fa,2026-09-27,2026-09-27,10,
https://www.onsemi.com/download/data-sheet/pdf/mch3484-d.pdf,https://www.onsemi.com/download/data-sheet/pdf/mch3484-d.pdf,200,310045,43ac6674c35f642e4bc1e094c5f8dc7e6661226de240e70e480637f417333603,2026-09-27,2026-09-27,10,
https://www.onsemi.com/download/data-sheet/pdf/mch5908-d.pdf,https://www.onsemi.com/download/data-sheet/pdf/mch5908-d.pdf,200,191622,a2438eeb0af27c75a131ceb7ef77b2264f13081f88c07c85e7e62916e148800a,2026-09-27,2026-09-27,10,
https://www.onsemi.com/download/data-sheet/pdf/mch6321-d.pdf,https://www.onsemi.com/download/data-sheet/pdf/mch6321-d.pdf,200,1081945,646fb67e731f04f51f291ea82aba42e02a10120a51a0304f8073952825b210e7,2026-09-27,2026-09-27,10,
https://www.onsemi.com/download/data-sheet/pdf/mch6336-d.pdf,https://www.onsemi.com/download/data-sheet/pdf/mch6336-d.pdf,200,566353,b94f33d2d262a4ee256b3d4b884da21a12c2f2eaea1f48b68998cfe160aa7921,2026-09-27,2026-09-27,10,
https://www.onsemi.com/download/data-sheet/pdf/mch6337-d.pdf,https://www.onsemi.com/download/data-sheet/pdf/mch6337-d.pdf,200,318037,d9f47aa5f2f3b18537999daa2119aa5427db25c876fe7c85f759f0a339a574e9,2026-09-27,2026-09-27,10,
https://www.onsemi.com/download/data-sheet/pdf/mch6421-d.pdf,https://www.onsemi.com/download/data-sheet/pdf/mch6421-d.pdf,200,634118,5a4efb0549c3ef236058b0b7a02f0e2a1bd1045131a3d510ed3a2875f741ba83,2026-09-27,2026-09-27,10,
https://www.onsemi.com/download/data-sheet/pdf/mch6436-d.pdf,https://www.onsemi.com/download/data-sheet/pdf/mch6436-d.pdf,200,396284,dbb62b725278300b03e65ffe6dca21a56d26c506e868694aeb8480cb6dc7c059,2026-09-27,2026-09-27,10,
https://www.onsemi.com/download/data-sheet/pdf/mch6602-d.pdf,https://www.onsemi.com/download/data-sheet/pdf/mch6602-d.pdf,200,248467,912a359e7da04e0a52a21abc189db0986714695078b7b350b92bbc9662b24343,2026-09-27,2026-09-27,10,
https://www.onsemi.com/download/data-sheet/pdf/mch6604-d.pdf,https://www.onsemi.com/download/data-sheet/pdf/mch6604-d.pdf,200,253909,69c6c5bcf4e4740dcc7011777a288b59aa9b514f88cfc8b2dfd35313215fadc1,2026-09-27,2026-09-27,10,
https://www.onsemi.com/download/data-sheet/pdf/mg2040-d.pdf,https://www.onsemi.com/download/data-sheet/pdf/mg2040-d.pdf,200,452583,01a37dae9cc1769fb0a94f234b6dd11dfbd9066ce3b8a14675ce65654271be5c,2026-09-27,2026-09-27,10,
https://www.onsemi.com/download/data-sheet/pdf/mgsf1n03lt1-d.pdf,https://www.onsemi.com/download/data-sheet/pdf/mgsf1n03lt1-d.pdf,200,271880,b77aef3bd609bb3eb5e86cd13b63ff58be087619d0f969762625ca2e168cc5fb,2026-09-27,2026-09-27,10,
https://www.onsemi.com/download/data-sheet/pdf/mgsf1p02lt1-d.pdf,https://www.onsemi.com/download/data-sheet/pdf/mgsf1p02lt1-d.pdf,200,199120,86d1781adff4aebce50c400782dc012df3bfbd72d6536d0b6f33a5b6a0acbd08,2026-09-27,2026-09-27,10,
https://www.onsemi.com/download/data-sheet/pdf/mgw21n60ed-d.pdf,https://www.onsemi.com/download/data-sheet/pdf/mgw21n60ed-d.pdf,200,190364,d9f641d05277cd7bdc5ac155a7b46ca8250d14ff85bfcf286349dd152d1fef38,2026-09-27,2026-09-27,10,
https://www.onsemi.com/download/data-sheet/pdf/mj10005-d.pdf,https://www.onsemi.com/download/data-sheet/pdf/mj10005-d.pdf,200,149382,4d81b0fecb053ea8250ae27137093d3db902640d99401349de7b996d882dba67,2026-09-27,2026-09-27,10,
https://www.onsemi.com/download/data-sheet/pdf/mj10007-d.pdf,https://www.onsemi.com/download/data-sheet/pdf/mj10007-d.pdf,200,149749,fc6ed10ee0f12d96d3796923084c283478c3fc7fbec75a9ddc23bad0e483685c,2026-09-27,2026-09-27,10,
https://www.onsemi.com/download/data-sheet/pdf/mj10009-d.pdf,https://www.onsemi.com/download/data-sheet/pdf/mj10009-d.pdf,200,152123,2c59e0db435d36648eb11035555b2d87424f0296a38adc7b02bad7fb0e7f811a,2026-09-27,2026-09-27,10,
https://www.onsemi.com/download/data-sheet/pdf/mj10015-d.pdf,https://www.onsemi.com/download/data-sheet/pdf/mj10015-d.pdf,200,159159,768baa94b62cc6bf8220bceb003bbd617dbdc608fe474448fc5d58c2657db5c6,2026-09-27,2026-09-27,10,
https://www.onsemi.com/download/data-sheet/pdf/mj10020-d.pdf,https://www.onsemi.com/download/data-sheet/pdf/mj10020-d.pdf,200,189380,475540f2469e11061a8711f7d1e432966d48741e953ccc0d44b4ab980275836c,2026-09-27,2026-09-27,10,
https://www.onsemi.com/download/data-sheet/pdf/mj10023-d.pdf,https://www.onsemi.com/download/data-sheet/pdf/mj10023-d.pdf,200,188930,fde2b3faa1f6074a428bfce08437ffd9c8b616d89dadcc0e7bcd4c0be1a3b2f5,2026-09-27,2026-09-27,10,
https://www.onsemi.com/download/data-sheet/pdf/mj11012-d.pdf,https://www.onsemi.com/download/data-sheet/pdf/mj11012-d.pdf,200,257080,3b3d0534d6f21b896d66d95814de151aa4aa1a9a213ecbe0a634e4f41e0bce86,2026-09-27,2026-09-27,10,
https://www.onsemi.com/download/data-sheet/pdf/mj11021-d.pdf,https://www.onsemi.com/download/data-sheet/pdf/mj11021-d.pdf,200,520034,fab776e2912f200580d73fcb69f6d8ada4ccfbf6099f9ed1c9940ebc4e83927b,2026-09-27,2026-09-27,10,
https://www.onsemi.com/download/data-sheet/pdf/mj11028-d.pdf,https://www.onsemi.com/download/data-sheet/pdf/mj11028-d.pdf,200,268689,8414fff753af7d3dfa44c4e712a0c8070fcfc711bcee3d739a90a77fbcf9b254,2026-09-27,2026-09-27,10,
https://www.onsemi.com/download/data-sheet/pdf/mj13333-d.pdf,https://www.onsemi.com/download/data-sheet/pdf/mj13333-d.pdf,200,186068,146643fc6af239412b6094ef69ff12ac97da95a7c00fb0a25ad3590d5d6a9478,2026-09-27,2026-09-27,10,
https://www.onsemi.com/download/data-sheet/pdf/mj14001-d.pdf,https://www.onsemi.com/download/data-sheet/pdf/mj14001-d.pdf,200,341772,eeed106771d5abc484a8040f5079b52d0dd3b896dcc42b88df62ce99c7541fd3,2026-09-27,2026-09-27,10,
https://www.onsemi.com/download/data-sheet/pdf/mj15001-d.pdf,https://www.onsemi.com/download/data-sheet/pdf/mj15001-d.pdf,200,245860,9210365ef4c778f1656d10cb78fdd88d510032d9e0ffbf17a68d44c7fa3cc29d,2026-09-27,2026-09-27,10,
https://www.onsemi.com/download/data-sheet/pdf/mj15003-d.pdf,https://www.onsemi.com/download/data-sheet/pdf/mj15003-d.pdf,200,220046,576c14a0bff83f96a2546b7b0c214764b0afec7b3e6dcb408462352dc75a845e,2026-09-27,2026-09-27,10,
https://www.onsemi.com/download/data-sheet/pdf/mj15011-d.pdf,https://www.onsemi.com/download/data-sheet/pdf/mj15011-d.pdf,200,149290,a653f2ff24b95a1e76bf3251f80a6f55c75627174e26fdf43b186caf4e49fdd9,2026-09-27,2026-09-27,10,
https://www.onsemi.com/download/data-sheet/pdf/mj15020-d.pdf,https://www.onsemi.com/download/data-sheet/pdf/mj15020-d.pdf,200,213035,0edcaf135c4edb83fa0be8801736462525eb1dd1c7b7dc2f85d35c8edc926ac3,2026-09-27,2026-09-27,10,
https://www.onsemi.com/download/data-sheet/pdf/mj15022-d.pdf,https://www.onsemi.com/download/data-sheet/pdf/mj15022-d.pdf,200,243189,0da638d6403830793d4916ff5e03f58d6eab7092ed47d76d14eda92123225d1c,2026-09-27,2026-09-27,10,
https://www.onsemi.com/download/data-sheet/pdf/mj15023-d.pdf,https://www.onsemi.com/download/data-sheet/pdf/mj15023-d.pdf,200,234396,fd37769b0fab633dd0bae775e4babb05f1b46d7a24c649c7cc82ab69bc4a6d15,2026-09-27,2026-09-27,10,
https://www.onsemi.com/download/data-sheet/pdf/mj16110-d.pdf,https://www.onsemi.com/download/data-sheet/pdf/mj16110-d.pdf,200,247990,1690841d1349d96bd66fda4fb02e0794b9117f72b2b692dd3dcd463da52aaea5,2026-09-27,2026-09-27,10,
https://www.onsemi.com/download/data-sheet/pdf/mj21193-d.pdf,https://www.onsemi.com/download/data-sheet/pdf/mj21193-d.pdf,200,282088,eaf61074194be69720d9f329ef1b8a053ae586b4d23724d8dae9d6cb6db6194e,2026-09-27,2026-09-27,10,
https://www.onsemi.com/download/data-sheet/pdf/mj21195-d.pdf,https://www.onsemi.com/download/data-sheet/pdf/mj21195-d.pdf,200,299547,3b4eab2a0e319804dd4124c75f4ad716061f65ffac38be795117afbd1de1e020,2026-09-27,2026-09-27,10,
https://www.onsemi.com/download/data-sheet/pdf/mj21294.pdf,https://www.onsemi.com/download/data-sheet/pdf/mj21294.pdf,200,115307,63ebfcda2db5456a2a86a56a4ca563500ebaf214bff6b837c46366c8e76aaa7f,2026-09-27,2026-09-27,10,
https://www.onsemi.com/download/data-sheet/pdf/mj2501-d.pdf,https://www.onsemi.com/download/data-sheet/pdf/mj2501-d.pdf,200,113096,7c3c819eb4dbbc1c6bff5550d3f088f40b659f31c999549191ed8c88c6e72874,2026-09-27,2026-09-27,10,
https://www.onsemi.com/download/data-sheet/pdf/mj423-d.pdf,https://www.onsemi.com/download/data-sheet/pdf/mj423-d.pdf,200,119244,6098d342e0384790c418ea13c380873510f57f45380da62fec4fb1169e0d0dc9,2026-09-27,2026-09-27,10,
https://www.onsemi.com/download/data-sheet/pdf/mj4502-d.pdf,https://www.onsemi.com/download/data-sheet/pdf/mj4502-d.pdf,200,242462,74ec1c755c3a5c62577753ebb4883d2d23a1cd2298a677b23a14dde2edc7a522,2026-09-27,2026-09-27,10,
https://www.onsemi.com/download/data-sheet/pdf/mj802-d.pdf,https://www.onsemi.com/download/data-sheet/pdf/mj802-d.pdf,200,238263,afd85aeca1d134c326649d445d47bf44f847940874fb0dba6e7869f3eb8d852e,2026-09-27,2026-09-27,10,
https://www.onsemi.com/download/data-sheet/pdf/mjb41c-d.pdf,https://www.onsemi.com/download/data-sheet/pdf/mjb41c-d.pdf,200,283821,b68de4ebebf6dcb5fe2a8094d7a2e79bcf5c7487c1608d88425a01bd912fdc3e,2026-09-27,2026-09-27,10,
https://www.onsemi.com/download/data-sheet/pdf/mjb44h11-d.pdf,https://www.onsemi.com/download/data-sheet/pdf/mjb44h11-d.pdf,200,254957,f4ed848e230b55400fe4d5e624a2da0d25188f003e1dc4e1b1d84ea5dd25571c,2026-09-27,2026-09-27,10,
https://www.onsemi.com/download/data-sheet/pdf/mjd112-d.pdf,https://www.onsemi.com/download/data-sheet/pdf/mjd112-d.pdf,200,401309,30c88e0220222097c89212b30761b5bde7e9565a81a70d7eac16ac12e43ff21c,2026-09-27,2026-09-27,10,
https://www.onsemi.com/download/data-sheet/pdf/mjd117-d.pdf,https://www.onsemi.com/download/data-sheet/pdf/mjd117-d.pdf,200,175289,0fc1ff1ae8eec0396bd5e4b05fd61f96c25b2045eb5922ca3f06d6b6c2619696,2026-09-27,2026-09-27,10,
https://www.onsemi.com/download/data-sheet/pdf/mjd122-d.pdf,https://www.onsemi.com/download/data-sheet/pdf/mjd122-d.pdf,200,602458,0d70332c7e58be8cbb24135a0457d847a366c71a26e2589ed8f653d6635805b9,2026-09-27,2026-09-27,10,
https://www.onsemi.com/download/data-sheet/pdf/mjd127-d.pdf,https://www.onsemi.com/download/data-sheet/pdf/mjd127-d.pdf,200,174188,2ddff333a6a50c3cc3443380c74330f546ff5b1eb1cb3131d9352fda32874c71,2026-09-27,2026-09-27,10,
https://www.onsemi.com/download/data-sheet/pdf/mjd13003-d.pdf,https://www.onsemi.com/download/data-sheet/pdf/mjd13003-d.pdf,200,334230,f434fac6e9206da0423475113f9e6135e42e48ad741124955dc7969904391d98,2026-09-27,2026-09-27,10,
https://www.onsemi.com/download/data-sheet/pdf/mjd148-d.pdf,https://www.onsemi.com/download/data-sheet/pdf/mjd148-d.pdf,200,295712,be04d27751e3e6b06f79ce0290bb643ad03638ed9f2dac15426390def973d542,2026-09-27,2026-09-27,10,
https://www.onsemi.com/download/data-sheet/pdf/mjd200-d.pdf,https://www.onsemi.com/download/data-sheet/pdf/mjd200-d.pdf,200,490008,cb8b202c0bf9bd9ace49ec9297fc277e92940f8061ca295ce8da750c5886aa4e,2026-09-27,2026-09-27,10,
https://www.onsemi.com/download/data-sheet/pdf/mjd243-d.pdf,https://www.onsemi.com/download/data-sheet/pdf/mjd243-d.pdf,200,423745,5b4c33ec288a4f0ce345b5de92e513e74e41937c1386a807d00b5d3c18eb4d07,2026-09-27,2026-09-27,10,
https://www.onsemi.com/download/data-sheet/pdf/mjd2955-d.pdf,https://www.onsemi.com/download/data-sheet/pdf/mjd2955-d.pdf,200,283519,0bc3e4c25452e2cbcbe9b1081f2f2b9ecb36053f89a85d95e921b746b97d3dcd,2026-09-27,2026-09-27,10,
https://www.onsemi.com/download/data-sheet/pdf/mjd31-d.pdf,https://www.onsemi.com/download/data-sheet/pdf/mjd31-d.pdf,200,400531,331ac78458b5bc3ae0ba852a0c0d5be20b3b31c92894016f37c1cfe677aefbe8,2026-09-27,2026-09-27,10,
https://www.onsemi.com/download/data-sheet/pdf/mjd32c-d.pdf,https://www.onsemi.com/download/data-sheet/pdf/mjd32c-d.pdf,200,172385,172df3abd048894f0d54f66183aa9321c2b9089f608bc28631d2d2f17bc0bf6b,2026-09-27,2026-09-27,10,
https://www.onsemi.com/download/data-sheet/pdf/mjd340-d.pdf,https://www.onsemi.com/download/data-sheet/pdf/mjd340-d.pdf,200,295206,72919a9c176e64a8e98a7377d43d7b05b8b24a7d78e05e4640c9a097e3936970,2026-09-27,2026-09-27,10,
https://www.onsemi.com/download/data-sheet/pdf/mjd350-d.pdf,https://www.onsemi.com/download/data-sheet/pdf/mjd350-d.pdf,200,277297,ab03a84a40fe2a31667f7539e6af3dd314f42be4fd4b9a4cebf8144a7be41656,2026-09-27,2026-09-27,10,
https://www.onsemi.com/download/data-sheet/pdf/mjd41c-d.pdf,https://www.onsemi.com/download/data-sheet/pdf/mjd41c-d.pdf,200,309019,81530b73d450cf57b2d75427494d8d57a34ec6c6f9f9e6ba96d3a8f9df23eda8,2026-09-27,2026-09-27,10,
https://www.onsemi.com/download/data-sheet/pdf/mjd44h11-d.pdf,https://www.onsemi.com/download/data-sheet/pdf/mjd44h11-d.pdf,200,390135,7e6f2361894fb6f8e0d25900cdfc9c916a4086c330b80e04d7bf1ad75130e908,2026-09-27,2026-09-27,10,
https://www.onsemi.com/download/data-sheet/pdf/mjd45h11-d.pdf,https://www.onsemi.com/download/data-sheet/pdf/mjd45h11-d.pdf,200,293441,0fb691d8bd22ef22458fdb73848b26a48d4ea16b609bd0e76cc3b107df98406a,2026-09-27,2026-09-27,10,
https://www.onsemi.com/download/data-sheet/pdf/mjd47-d.pdf,https://www.onsemi.com/download/data-sheet/pdf/mjd47-d.pdf,200,303004,bc32714f6238641c0304a8edb23cca96db37405667fdd03c2d02fb39ccc6f5ca,2026-09-27,2026-09-27,10,
https://www.onsemi.com/download/data-sheet/pdf/mjd47_fcs-d.pdf,https://www.onsemi.com/download/data-sheet/pdf/mjd47_fcs-d.pdf,200,179785,1ab0707876a3a51ef2d651d5e35cb2992b3f9400c0fb065b708eafdbe7457eb5,2026-09-27,2026-09-27,10,
https://www.onsemi.com/download/data-sheet/pdf/mjd50-d.pdf,https://www.onsemi.com/download/data-sheet/pdf/mjd50-d.pdf,200,1401120,132068d767fcccbd432aa1abca96ad12d0b510979fe2b017420f335817ef6163,2026-09-27,2026-09-27,10,
https://www.onsemi.com/download/data-sheet/pdf/mjd6039-d.pdf,https://www.onsemi.com/download/data-sheet/pdf/mjd6039-d.pdf,200,311413,c382179f4efb1f31164545ffc37f34b04a5cedd7e3e5e6a8f341174f6c97be1a,2026-09-27,2026-09-27,10,
https://www.onsemi.com/download/data-sheet/pdf/mje13003-d.pdf,https://www.onsemi.com/download/data-sheet/pdf/mje13003-d.pdf,200,184047,75d4a121604371deaa5c58b4f3ff6a45556fcd25516c9b9f7007baa6eb16039c,2026-09-27,2026-09-27,10,
https://www.onsemi.com/download/data-sheet/pdf/mje13005-d.pdf,https://www.onsemi.com/download/data-sheet/pdf/mje13005-d.pdf,200,175752,f8a012f7212e1bb03195107dadcff5291366dd8d8a81ad73b148bfa571fa6fe0,2026-09-27,2026-09-27,10,
https://www.onsemi.com/download/data-sheet/pdf/mje13007-d.pdf,https://www.onsemi.com/download/data-sheet/pdf/mje13007-d.pdf,200,350724,1bb708b9ff92ca5526619d5cfba28f7aadcdc91db4296e43fb3bc2a3109c5436,2026-09-27,2026-09-27,10,
https://www.onsemi.com/download/data-sheet/pdf/mje13009-d.pdf,https://www.onsemi.com/download/data-sheet/pdf/mje13009-d.pdf,200,327868,2131621c78fc2281ad28d1d82683abf642991638db3faa26785773d185e3caae,2026-09-27,2026-09-27,10,
https://www.onsemi.com/download/data-sheet/pdf/mje1320-d.pdf,https://www.onsemi.com/download/data-sheet/pdf/mje1320-d.pdf,200,187179,0481f700ee17a91cb63ccd31bb36af953f8bac9d62d48d0b1a2fff6095fec18b,2026-09-27,2026-09-27,10,
https://www.onsemi.com/download/data-sheet/pdf/mje15028-d.pdf,https://www.onsemi.com/download/data-sheet/pdf/mje15028-d.pdf,200,306238,866936fe81a328f433d285dbf9e1dde5744f8d2bb05e03a4e973c4302b160ba2,2026-09-27,2026-09-27,10,
https://www.onsemi.com/download/data-sheet/pdf/mje15032-d.pdf,https://www.onsemi.com/download/data-sheet/pdf/mje15032-d.pdf,200,294007,8f4fe6ed8b5979d5beb48bf7d698b2abfe6ee134e48e8eb61075aa966f37302d,2026-09-27,2026-09-27,10,
https://www.onsemi.com/download/data-sheet/pdf/mje15034-d.pdf,https://www.onsemi.com/download/data-sheet/pdf/mje15034-d.pdf,200,253829,53e4a5f27b3aca065a49255703dd1bbf46d8ca32e30e568d01b9dd966b5a4b47,2026-09-27,2026-09-27,10,
https://www.onsemi.com/download/data-sheet/pdf/mje16002-d.pdf,https://www.onsemi.com/download/data-sheet/pdf/mje16002-d.pdf,200,373039,4d7863aea62024081397b8479ca5c237b150d493a4fbe40caf7216abbca36988,2026-09-27,2026-09-27,10,
https://www.onsemi.com/download/data-sheet/pdf/mje171-d.pdf,https://www.onsemi.com/download/data-sheet/pdf/mje171-d.pdf,200,274030,c6302583adf2ee33a0f3b548951d097fa0ce13bda57d815daf7f0ddd2d657485,2026-09-27,2026-09-27,10,
https://www.onsemi.com/download/data-sheet/pdf/mje172-d.pdf,https://www.onsemi.com/download/data-sheet/pdf/mje172-d.pdf,200,172896,9fcccc341a84167395fc320f84a442af6862d234ec5f634bcbc15442be2ab093,2026-09-27,2026-09-27,10,
https://www.onsemi.com/download/data-sheet/pdf/mje18002-d.pdf,https://www.onsemi.com/download/data-sheet/pdf/mje18002-d.pdf,200,188378,9bea1014b8323ff8a91c903d64b501597cc329f372409bf47565919a5b2b592d,2026-09-27,2026-09-27,10,
https://www.onsemi.com/download/data-sheet/pdf/mje18004-d.pdf,https://www.onsemi.com/download/data-sheet/pdf/mje18004-d.pdf,200,483179,9bf930ed79f3ebfdeceb2463d81204f13dc98d3008507269e5cb2940a6ee4ded,2026-09-27,2026-09-27,10,
https://www.onsemi.com/download/data-sheet/pdf/mje18004d2-d.pdf,https://www.onsemi.com/download/data-sheet/pdf/mje18004d2-d.pdf,200,261096,21f382747165ab0c3285a923d76bcdeccdc4af4548d50f5dce08e54567d83b15,2026-09-27,2026-09-27,10,
https://www.onsemi.com/download/data-sheet/pdf/mje18006-d.pdf,https://www.onsemi.com/download/data-sheet/pdf/mje18006-d.pdf,200,238205,7c0123ab04c9ac46a8d8b8e2a7a6a325fcac6e546edd1e07cb3e609e467d0e5b,2026-09-27,2026-09-27,10,
https://www.onsemi.com/download/data-sheet/pdf/mje18008-d.pdf,https://www.onsemi.com/download/data-sheet/pdf/mje18008-d.pdf,200,497191,6232f85d8f17df9489b4ee14847fe66dd4174f562a2125ed55ba8e60661b0d80,2026-09-27,2026-09-27,10,
https://www.onsemi.com/download/data-sheet/pdf/mje182-d.pdf,https://www.onsemi.com/download/data-sheet/pdf/mje182-d.pdf,200,788488,457fe2d559df273bd4457e3ba1f03456cb652d27274b7caa3237bafc7b100d2e,2026-09-27,2026-09-27,10,
https://www.onsemi.com/download/data-sheet/pdf/mje18204-d.pdf,https://www.onsemi.com/download/data-sheet/pdf/mje18204-d.pdf,200,274019,b47a1923d69a306f16ebc4bec61070ee7bda9e7a3dc7cdafeb6314ea6b3ac6c0,2026-09-27,2026-09-27,10,
https://www.onsemi.com/download/data-sheet/pdf/mje200-d.pdf,https://www.onsemi.com/download/data-sheet/pdf/mje200-d.pdf,200,278489,f080b0427be495e88cc07d443555c4ea3e410c8bfe64fa10cab80ddd10cbebfa,2026-09-27,2026-09-27,10,
https://www.onsemi.com/download/data-sheet/pdf/mje210-d.pdf,https://www.onsemi.com/download/data-sheet/pdf/mje210-d.pdf,200,164127,d262ce3f2fe5a163a3c8e1a2e407b995dd9ed4770583f536a85edb951fe695ec,2026-09-27,2026-09-27,10,
https://www.onsemi.com/download/data-sheet/pdf/mje243-d.pdf,https://www.onsemi.com/download/data-sheet/pdf/mje243-d.pdf,200,301730,2e497382c093a5cd641e4efd289268931018310b8ae8ad404ed0df29c15704b8,2026-09-27,2026-09-27,10,
https://www.onsemi.com/download/data-sheet/pdf/mje270-d.pdf,https://www.onsemi.com/download/data-sheet/pdf/mje270-d.pdf,200,195370,bb498f68827a57cb04877a337cfebffc9c951d5d6714a8fa3a33fb02bc0548f0,2026-09-27,2026-09-27,10,
https://www.onsemi.com/download/data-sheet/pdf/mje2955t-d.pdf,https://www.onsemi.com/download/data-sheet/pdf/mje2955t-d.pdf,200,205091,b4c5c0616f12debe690b8f209238106a790848f46c87b9cb5bc74ad39441aa46,2026-09-27,2026-09-27,10,
https://www.onsemi.com/download/data-sheet/pdf/mje3055t-d.pdf,https://www.onsemi.com/download/data-sheet/pdf/mje3055t-d.pdf,200,159822,1935370eb9da50372ecf355e747d97c081b79fcce1101fe55bfb2d457b5dedb0,2026-09-27,2026-09-27,10,
https://www.onsemi.com/download/data-sheet/pdf/mje340-d.pdf,https://www.onsemi.com/download/data-sheet/pdf/mje340-d.pdf,200,206854,d2c30298b1544a3fb33def6822242dc6cf80741857544133beb8937df7e4f5a9,2026-09-27,2026-09-27,10,
https://www.onsemi.com/download/data-sheet/pdf/mje350-d.pdf,https://www.onsemi.com/download/data-sheet/pdf/mje350-d.pdf,200,197964,910d12491d3a5c0a30cf42fcadefc32ed9061bbcebbbd8230cab501461e03188,2026-09-27,2026-09-27,10,
https://www.onsemi.com/download/data-sheet/pdf/mje371-d.pdf,https://www.onsemi.com/download/data-sheet/pdf/mje371-d.pdf,200,196152,8f971540ab68291035fa70294c5e8be7dc02c7a27879bd172622a34e6767b728,2026-09-27,2026-09-27,10,
https://www.onsemi.com/download/data-sheet/pdf/mje4343-d.pdf,https://www.onsemi.com/download/data-sheet/pdf/mje4343-d.pdf,200,349952,588dcdf9af530ff7e6b54d7af7a47696b91df214239fc32b83de7dc55e30bbf8,2026-09-27,2026-09-27,10,
https://www.onsemi.com/download/data-sheet/pdf/mje521-d.pdf,https://www.onsemi.com/download/data-sheet/pdf/mje521-d.pdf,200,134743,563d1c0fb7cbbe51d6c074f1b031b5aabd51350f99b1b9954326ea0bf2a51e9f,2026-09-27,2026-09-27,10,
https://www.onsemi.com/download/data-sheet/pdf/mje5730-d.pdf,https://www.onsemi.com/download/data-sheet/pdf/mje5730-d.pdf,200,293600,2f3fd0b10fc16207fd4e5cb839db274ce1c599fc6d25e6be9226d703d7f9c83d,2026-09-27,2026-09-27,10,
https://www.onsemi.com/download/data-sheet/pdf/mje5740-d.pdf,https://www.onsemi.com/download/data-sheet/pdf/mje5740-d.pdf,200,316736,a696dde584765560264767aee4d836c2483facc67c6c7eed9f9eac4608c1d21e,2026-09-27,2026-09-27,10,
https://www.onsemi.com/download/data-sheet/pdf/mje5850-d.pdf,https://www.onsemi.com/download/data-sheet/pdf/mje5850-d.pdf,200,361378,f03bf992bed1789d80903de48bbea629d1d581cc32845fb78b682457a256fc3c,2026-09-27,2026-09-27,10,
https://www.onsemi.com/download/data-sheet/pdf/mje700-d.pdf,https://www.onsemi.com/download/data-sheet/pdf/mje700-d.pdf,200,201502,8408bb53ac5bf1518bffadb55544004e375cfca1a9bf364fd907b503570ba828,2026-09-27,2026-09-27,10,
https://www.onsemi.com/download/data-sheet/pdf/mje803-d.pdf,https://www.onsemi.com/download/data-sheet/pdf/mje803-d.pdf,200,175079,816b5b767b45649361b10527475557c04b877e6c65efce373e98b69d04238943,2026-09-27,2026-09-27,10,
https://www.onsemi.com/download/data-sheet/pdf/mjf122-d.pdf,https://www.onsemi.com/download/data-sheet/pdf/mjf122-d.pdf,200,304147,e55221f0d1622e14d5ae9099ea6de5acf7704a2b823ca48371e277aced594f8f,2026-09-27,2026-09-27,10,
https://www.onsemi.com/download/data-sheet/pdf/mjf15030-d.pdf,https://www.onsemi.com/download/data-sheet/pdf/mjf15030-d.pdf,200,271677,3de406617d34d4a2fae2828fb64665b3685fb9ae75789c3e3f1e9c11063ab272,2026-09-27,2026-09-27,10,
https://www.onsemi.com/download/data-sheet/pdf/mjf3055-d.pdf,https://www.onsemi.com/download/data-sheet/pdf/mjf3055-d.pdf,200,241274,e3efa71506928aab1cd79bd6d16fbefc15e7c80de430d4122fe381564d5cd3a6,2026-09-27,2026-09-27,10,
https://www.onsemi.com/download/data-sheet/pdf/mjf31c-d.pdf,https://www.onsemi.com/download/data-sheet/pdf/mjf31c-d.pdf,200,264419,21cecd31554458204f359935fe56db713a05a3cdaad5bd878f6f968270ee56e1,2026-09-27,2026-09-27,10,
https://www.onsemi.com/download/data-sheet/pdf/mjf44h11-d.pdf,https://www.onsemi.com/download/data-sheet/pdf/mjf44h11-d.pdf,200,231238,a32a2f463018da0e2abccec8e8e3ad767646ff20a90d07c4cd522366a7198c1a,2026-09-27,2026-09-27,10,
https://www.onsemi.com/download/data-sheet/pdf/mjf6388-d.pdf,https://www.onsemi.com/download/data-sheet/pdf/mjf6388-d.pdf,200,328832,33d9c726af806129806e294495dd4aa83a1d90216546a48c3f427e97ad082ea6,2026-09-27,2026-09-27,10,
https://www.onsemi.com/download/data-sheet/pdf/mjh11017-d.pdf,https://www.onsemi.com/download/data-sheet/pdf/mjh11017-d.pdf,200,340696,c75f1288a79bd732cd9c6b5d89db6742fc3927f50a8d767c1dd355c0b2fa3925,2026-09-27,2026-09-27,10,
https://www.onsemi.com/download/data-sheet/pdf/mjh16006a-d.pdf,https://www.onsemi.com/download/data-sheet/pdf/mjh16006a-d.pdf,200,212278,2aa77b3e7f5d977749b764fe73016e1bfa078efa0e2dc88694bcf57dce811d5c,2026-09-27,2026-09-27,10,
https://www.onsemi.com/download/data-sheet/pdf/mjh6284-d.pdf,https://www.onsemi.com/download/data-sheet/pdf/mjh6284-d.pdf,200,315533,f9f0d9c3fc6034496b944a86441a65e1e0fcf7d47f46056d739d7081fd6dabbe,2026-09-27,2026-09-27,10,
https://www.onsemi.com/download/data-sheet/pdf/mjk31c-d.pdf,https://www.onsemi.com/download/data-sheet/pdf/mjk31c-d.pdf,200,1786968,d41794c6afc60604137ef05f0c4f9d9de5ac2e9731e1efed31dd10184205a7c0,2026-09-27,2026-09-27,10,
https://www.onsemi.com/download/data-sheet/pdf/mjl0281a-d.pdf,https://www.onsemi.com/download/data-sheet/pdf/mjl0281a-d.pdf,200,133209,5cc10566b1497dfa7c3fa2d9948c332f7833fd1bd13e52f6ca514e5f3d67532e,2026-09-27,2026-09-27,10,
https://www.onsemi.com/download/data-sheet/pdf/mjl16218-d.pdf,https://www.onsemi.com/download/data-sheet/pdf/mjl16218-d.pdf,200,218294,3113404cf0e2d76f0af1b88a14b6daa32bba3a4ed71b2d4002e50c169dabe4df,2026-09-27,2026-09-27,10,
https://www.onsemi.com/download/data-sheet/pdf/mjl21193-d.pdf,https://www.onsemi.com/download/data-sheet/pdf/mjl21193-d.pdf,200,256811,043caa9fae8648eef12eb46bbd7316b1cd03bf46d1ece69501225ccc331b61d0,2026-09-27,2026-09-27,10,
https://www.onsemi.com/download/data-sheet/pdf/mjl21195-d.pdf,https://www.onsemi.com/download/data-sheet/pdf/mjl21195-d.pdf,200,261915,c6d6a67e4af2ce40ba5319e9723490731c2250967100bdb456f1a79fec294a4c,2026-09-27,2026-09-27,10,
https://www.onsemi.com/download/data-sheet/pdf/mjl3281a-d.pdf,https://www.onsemi.com/download/data-sheet/pdf/mjl3281a-d.pdf,200,235901,e2a5ad9b4729f4d6ca6325b65291134abb0816bc4703be2120690facedfb8b6f,2026-09-27,2026-09-27,10,
https://www.onsemi.com/download/data-sheet/pdf/mjl4281a-d.pdf,https://www.onsemi.com/download/data-sheet/pdf/mjl4281a-d.pdf,200,227033,38268dfe8f1f84c0b4f7936cd0be7240389abcd79fd8272afc559ddf7efd4f4e,2026-09-27,2026-09-27,10,
https://www.onsemi.com/download/data-sheet/pdf/mjw18020-d.pdf,https://www.onsemi.com/download/data-sheet/pdf/mjw18020-d.pdf,200,235306,72d8a2524f562747d053998856e690319bc10d0e9b9f26df519052d4ed04f1c8,2026-09-27,2026-09-27,10,
https://www.onsemi.com/download/data-sheet/pdf/mjw21192-d.pdf,https://www.onsemi.com/download/data-sheet/pdf/mjw21192-d.pdf,200,233992,2ac215b7a5c82a736e2c2280c676438720c843bb102a9bb156b72ebfd02b4a6a,2026-09-27,2026-09-27,10,
https://www.onsemi.com/download/data-sheet/pdf/mjw21193-d.pdf,https://www.onsemi.com/download/data-sheet/pdf/mjw21193-d.pdf,200,277094,85f8c6ec87ff94c045c7d176b5eb6940a52257b7e1d04fb1a8cdb5b4254db2d9,2026-09-27,2026-09-27,10,
https://www.onsemi.com/download/data-sheet/pdf/mjw21195-d.pdf,https://www.onsemi.com/download/data-sheet/pdf/mjw21195-d.pdf,200,280009,957ca4be44aeb5e6325b1483747dbe79b73c9bdab4a370496e1086baf72daefe,2026-09-27,2026-09-27,10,
https://www.onsemi.com/download/data-sheet/pdf/mjw3281a-d.pdf,https://www.onsemi.com/download/data-sheet/pdf/mjw3281a-d.pdf,200,264160,d71cea32c09ef5da12b29c19ea3dd267abbb7dc4be0fb75362c7d8c2f70d4b4c,2026-09-27,2026-09-27,10,
https://www.onsemi.com/download/data-sheet/pdf/mm3z2v4t1-d.pdf,https://www.onsemi.com/download/data-sheet/pdf/mm3z2v4t1-d.pdf,200,403711,f7c13ca81eabb7ea3fdde1f86969bc8c4faabfda134f39fc763982b5afcf6e6c,2026-09-27,2026-09-27,10,
https://www.onsemi.com/download/data-sheet/pdf/mm5z2v4st1-d.pdf,https://www.onsemi.com/download/data-sheet/pdf/mm5z2v4st1-d.pdf,200,190652,e26b197677f6e2fa3f8932f9e6b558ad060ea33cdaa74a67e6cc21f3efbd6228,2026-09-27,2026-09-27,10,
https://www.onsemi.com/download/data-sheet/pdf/mm5z2v4t1-d.pdf,https://www.onsemi.com/download/data-sheet/pdf/mm5z2v4t1-d.pdf,200,180065,042a7b96748ead23f4f2f866f9c50633b91e57116692fa3c577d44bec89bc5d7,2026-09-27,2026-09-27,10,
https://www.onsemi.com/download/data-sheet/pdf/mmbd1202-d.pdf,https://www.onsemi.com/download/data-sheet/pdf/mmbd1202-d.pdf,200,235286,4311e208a4af91c745246b21ea4f8cdb47b9af5dd4ef4bc4390f194f0b36e9c7,2026-09-27,2026-09-27,10,
https://www.onsemi.com/download/data-sheet/pdf/mmbd1705a-d.pdf,https://www.onsemi.com/download/data-sheet/pdf/mmbd1705a-d.pdf,200,150371,6cc7c02dd86004596a8b12963010225ed4d378d1465f48d166690e477ed8d3c7,2026-09-27,2026-09-27,10,
https://www.onsemi.com/download/data-sheet/pdf/mmbd352lt1-d.pdf,https://www.onsemi.com/download/data-sheet/pdf/mmbd352lt1-d.pdf,200,230153,2d3194c90a86388119338701c77c97ea8687d673351c09e319e30fbf6cfaf742,2026-09-27,2026-09-27,10,
https://www.onsemi.com/download/data-sheet/pdf/mmbd4148se-d.pdf,https://www.onsemi.com/download/data-sheet/pdf/mmbd4148se-d.pdf,200,184593,d76617577f39cde160c7c4c3ab41c19ce6e2ae7f8cc4ad283053b9f780dfb51c,2026-09-27,2026-09-27,10,
https://www.onsemi.com/download/data-sheet/pdf/mmbd4448-d.pdf,https://www.onsemi.com/download/data-sheet/pdf/mmbd4448-d.pdf,200,305050,c927b87193573f204d4e43dec54390f1d0b2eb6a08ae5c1bcdccb074669adabd,2026-09-27,2026-09-27,10,
https://www.onsemi.com/download/data-sheet/pdf/mmbd7000-d.pdf,https://www.onsemi.com/download/data-sheet/pdf/mmbd7000-d.pdf,200,262025,227f5397ea3daf2b85c0c3a7d602575d8b89cf82dd919191828702ca06d45b4a,2026-09-27,2026-09-27,10,
https://www.onsemi.com/download/data-sheet/pdf/mmbd7000lt1-d.pdf,https://www.onsemi.com/download/data-sheet/pdf/mmbd7000lt1-d.pdf,200,227208,e6e33a7c774f53e3f93a3a77ec86fa534c068eaef81a0e97f442546fbfb5c7a3,2026-09-27,2026-09-27,10,
https://www.onsemi.com/download/data-sheet/pdf/mmbd914-d.pdf,https://www.onsemi.com/download/data-sheet/pdf/mmbd914-d.pdf,200,299256,a5a39b850e3b86ad0e6420b617bc443fc7b3ef8ccca20934a575e2e940d79d97,2026-09-27,2026-09-27,10,
https://www.onsemi.com/download/data-sheet/pdf/mmbd914lt1-d.pdf,https://www.onsemi.com/download/data-sheet/pdf/mmbd914lt1-d.pdf,200,240868,7111410089d719b4ff80715f3bc614c6715a7b0f99c4cebe59e7e3973d2a9689,2026-09-27,2026-09-27,10,
https://www.onsemi.com/download/data-sheet/pdf/mmbf170-d.pdf,https://www.onsemi.com/download/data-sheet/pdf/mmbf170-d.pdf,200,1046030,08a460bf97a10b75d504b365d0eb5e4b08533bca00b81333f827b13c3145948d,2026-09-27,2026-09-27,10,
https://www.onsemi.com/download/data-sheet/pdf/mmbf170lt1-d.pdf,https://www.onsemi.com/download/data-sheet/pdf/mmbf170lt1-d.pdf,200,256768,231d9e0f55a04a5aa508195fc177158db0eea5649f006af992e824b969a25dcc,2026-09-27,2026-09-27,10,
https://www.onsemi.com/download/data-sheet/pdf/mmbf4117-d.pdf,https://www.onsemi.com/download/data-sheet/pdf/mmbf4117-d.pdf,200,188356,5243d6bcf995947f54df1e1a4100042f68d50ba86e490f40a8245bdd7c39072a,2026-09-27,2026-09-27,10,
https://www.onsemi.com/download/data-sheet/pdf/mmbf4416-d.pdf,https://www.onsemi.com/download/data-sheet/pdf/mmbf4416-d.pdf,200,169441,d5bbb85e21a36686e4a93b7a5d2b82ec5dcd3189d44fa654828c608f3c64c746,2026-09-27,2026-09-27,10,
https://www.onsemi.com/download/data-sheet/pdf/mmbf4416a-d.pdf,https://www.onsemi.com/download/data-sheet/pdf/mmbf4416a-d.pdf,200,130578,1a112b69e3c76f2fa59bbfd1cae512b5e51f52218fb7a5d7fd7c2fdbe9bb8f1e,2026-09-27,2026-09-27,10,
https://www.onsemi.com/download/data-sheet/pdf/mmbf4416lt1-d.pdf,https://www.onsemi.com/download/data-sheet/pdf/mmbf4416lt1-d.pdf,200,245058,f53c4e2ddaefc985f2314eaba0b579e94c3e9b9aedc7d22b426ea2e2fd989d16,2026-09-27,2026-09-27,10,
https://www.onsemi.com/download/data-sheet/pdf/mmbf5103-d.pdf,https://www.onsemi.com/download/data-sheet/pdf/mmbf5103-d.pdf,200,168934,842ad013cea0838e63f045c35725d69fa639ac0dcedcc6422e1aa4fe88c4dffb,2026-09-27,2026-09-27,10,
https://www.onsemi.com/download/data-sheet/pdf/mmbf5457-d.pdf,https://www.onsemi.com/download/data-sheet/pdf/mmbf5457-d.pdf,200,1712202,88013c9708a98b94fb6cfb5cedf56a69e2507312794a919a035ff70a65ec68b6,2026-09-27,2026-09-27,10,
https://www.onsemi.com/download/data-sheet/pdf/mmbf5457lt1-d.pdf,https://www.onsemi.com/download/data-sheet/pdf/mmbf5457lt1-d.pdf,200,152012,8989bc62e9d29c38dd3c946c047fba5d17aa39449b1d542e0ebeadf98a02a15e,2026-09-27,2026-09-27,10,
https://www.onsemi.com/download/data-sheet/pdf/mmbf5459-d.pdf,https://www.onsemi.com/download/data-sheet/pdf/mmbf5459-d.pdf,200,248705,eb08718c862c3e36f630d300b206fe6a9952cb9597e91e6cfab0efece5944b90,2026-09-27,2026-09-27,10,
https://www.onsemi.com/download/data-sheet/pdf/mmbf5462-d.pdf,https://www.onsemi.com/download/data-sheet/pdf/mmbf5462-d.pdf,200,376380,4bceb465c91e2d7eb3a8fa5ec8ea3122f00578f070227e93c19ebaf9ec616c66,2026-09-27,2026-09-27,10,
https://www.onsemi.com/download/data-sheet/pdf/mmbf5484lt1-d.pdf,https://www.onsemi.com/download/data-sheet/pdf/mmbf5484lt1-d.pdf,200,242474,7ea00018b0467e835d3da535f98d64f058cdf516aba845cceb000d6050bb76af,2026-09-27,2026-09-27,10,
https://www.onsemi.com/download/data-sheet/pdf/mmbf5486-d.pdf,https://www.onsemi.com/download/data-sheet/pdf/mmbf5486-d.pdf,200,399472,7282ebd6b86db98c9c964ae40ca900a85ee55aaa1ca6e15c81371fbc7b2ce595,2026-09-27,2026-09-27,10,
https://www.onsemi.com/download/data-sheet/pdf/mmbfj113-d.pdf,https://www.onsemi.com/download/data-sheet/pdf/mmbfj113-d.pdf,200,239668,a81cf6952e6986cfb61f4524fe4ffe2f06577fc952d4172da843de44853b83f1,2026-09-27,2026-09-27,10,
https://www.onsemi.com/download/data-sheet/pdf/mmbfj175lt1-d.pdf,https://www.onsemi.com/download/data-sheet/pdf/mmbfj175lt1-d.pdf,200,185892,281a11facae5690af715c1812b1297d2b6800e7612b1a7c4d49f42d9d2e8722f,2026-09-27,2026-09-27,10,
https://www.onsemi.com/download/data-sheet/pdf/mmbfj202-d.pdf,https://www.onsemi.com/download/data-sheet/pdf/mmbfj202-d.pdf,200,255112,3d94268adfec4b30fe94860b6702b9f4f20908dd488284255ff16dc3f9537d29,2026-09-27,2026-09-27,10,
https://www.onsemi.com/download/data-sheet/pdf/mmbfj211-d.pdf,https://www.onsemi.com/download/data-sheet/pdf/mmbfj211-d.pdf,200,276675,2ca265378a24b65bfe3ecee9064f59747dedb124ebb9523ffaf2fae2a9e1273a,2026-09-27,2026-09-27,10,
https://www.onsemi.com/download/data-sheet/pdf/mmbfj270-d.pdf,https://www.onsemi.com/download/data-sheet/pdf/mmbfj270-d.pdf,200,120810,f785a1f6cbb19077e4012cb5cae7ddbe331702ec65cf066d0401b4d79065704a,2026-09-27,2026-09-27,10,
https://www.onsemi.com/download/data-sheet/pdf/mmbfj309lt1-d.pdf,https://www.onsemi.com/download/data-sheet/pdf/mmbfj309lt1-d.pdf,200,279785,302af82fc7629de9486e67aeb0a06f3040639ba2c22e034fb0ed15da1a2c8d0f,2026-09-27,2026-09-27,10,
https://www.onsemi.com/download/data-sheet/pdf/mmbfj310-d.pdf,https://www.onsemi.com/download/data-sheet/pdf/mmbfj310-d.pdf,200,417236,2e01eca47969314ec92bba521f5fcc43af67cce9ea821b0195f226bd2f68a072,2026-09-27,2026-09-27,10,
https://www.onsemi.com/download/data-sheet/pdf/mmbt100-d.pdf,https://www.onsemi.com/download/data-sheet/pdf/mmbt100-d.pdf,200,69916,75db79ed34b129ec585b11629a8653bac4402cedff3a013253cb10b2f369c2d4,2026-09-27,2026-09-27,10,
https://www.onsemi.com/download/data-sheet/pdf/mmbt1010lt1-d.pdf,https://www.onsemi.com/download/data-sheet/pdf/mmbt1010lt1-d.pdf,200,220205,c1d2043f9c11ef3c5780da7657c0b8223ba234c09f18776c58f689915299d118,2026-09-27,2026-09-27,10,
https://www.onsemi.com/download/data-sheet/pdf/mmbt2222at-d.pdf,https://www.onsemi.com/download/data-sheet/pdf/mmbt2222at-d.pdf,200,220526,58a16e88d1cd536fab96e8de0e40fe78c9ff01a5754ff5440e2f9551e79b4434,2026-09-27,2026-09-27,10,
https://www.onsemi.com/download/data-sheet/pdf/mmbt2369-d.pdf,https://www.onsemi.com/download/data-sheet/pdf/mmbt2369-d.pdf,200,198430,b4e5f95f09b840d13ab1399db115ce661c255377da09e6dca87c5aac937c9b10,2026-09-27,2026-09-27,10,
https://www.onsemi.com/download/data-sheet/pdf/mmbt2484lt1-d.pdf,https://www.onsemi.com/download/data-sheet/pdf/mmbt2484lt1-d.pdf,200,262130,5f5e293c19d7413f7029c83b758675684bcbfe9435de0a5771f2e46a42ac92d3,2026-09-27,2026-09-27,10,
https://www.onsemi.com/download/data-sheet/pdf/mmbt2907alt1-d.pdf,https://www.onsemi.com/download/data-sheet/pdf/mmbt2907alt1-d.pdf,200,434451,af3df83c3c8884e03fe6fc8dfed8bb4f7146f1b78f16dd22787331c4f25e5122,2026-09-27,2026-09-27,10,
https://www.onsemi.com/download/data-sheet/pdf/mmbt3904lt1-d.pdf,https://www.onsemi.com/download/data-sheet/pdf/mmbt3904lt1-d.pdf,200,316927,7ef6d370b7e72c9f047c1ec95feaa40c605e1f107eb11bc0175e6fdfd5e707c4,2026-09-27,2026-09-27,10,
https://www.onsemi.com/download/data-sheet/pdf/mmbt3904sl-d.pdf,https://www.onsemi.com/download/data-sheet/pdf/mmbt3904sl-d.pdf,200,213958,9aff0d45bb8afd2a19e488fff23ec0dd9723a30761622ab4e41ba86dbdc2429e,2026-09-27,2026-09-27,10,
https://www.onsemi.com/download/data-sheet/pdf/mmbt3904t-d.pdf,https://www.onsemi.com/download/data-sheet/pdf/mmbt3904t-d.pdf,200,217442,13a9220c7b3e70f8f9c05afa4309186ac6434753bd9e9304107688e6472af276,2026-09-27,2026-09-27,10,
https://www.onsemi.com/download/data-sheet/pdf/mmbt3906lt1-d.pdf,https://www.onsemi.com/download/data-sheet/pdf/mmbt3906lt1-d.pdf,200,326850,8b85e414a2265123144f94d7577b307daffbd21cc31797a92cea45ede973921c,2026-09-27,2026-09-27,10,
https://www.onsemi.com/download/data-sheet/pdf/mmbt3906sl-d.pdf,https://www.onsemi.com/download/data-sheet/pdf/mmbt3906sl-d.pdf,200,327939,7795d3a21f91e3f7401023bdbc39418546ce60faa2a59453d2e01d7303caa937,2026-09-27,2026-09-27,10,
https://www.onsemi.com/download/data-sheet/pdf/mmbt3906t-d.pdf,https://www.onsemi.com/download/data-sheet/pdf/mmbt3906t-d.pdf,200,216908,ff9593779f9aa1dca5d9d3c11725c5bc978e445b3a45888313433a9cac0b9a01,2026-09-27,2026-09-27,10,
https://www.onsemi.com/download/data-sheet/pdf/mmbt4401-d.pdf,https://www.onsemi.com/download/data-sheet/pdf/mmbt4401-d.pdf,200,675341,ddc7330f6f3a760209432dabf24e46be508645fdb9922164845f29e82bb44638,2026-09-27,2026-09-27,10,
https://www.onsemi.com/download/data-sheet/pdf/mmbt4401lt1-d.pdf,https://www.onsemi.com/download/data-sheet/pdf/mmbt4401lt1-d.pdf,200,383168,f3dd49b59bfbdedb6e1137a4e08eecfd90a0d5af32ab797db0c6f497c36f4b04,2026-09-27,2026-09-27,10,
https://www.onsemi.com/download/data-sheet/pdf/mmbt4403-d.pdf,https://www.onsemi.com/download/data-sheet/pdf/mmbt4403-d.pdf,200,561926,11929207ba07662f706dc7c81c37699d1b89cba97fc0466ed2b9bb35b46f1215,2026-09-27,2026-09-27,10,
https://www.onsemi.com/download/data-sheet/pdf/mmbt4403lt1-d.pdf,https://www.onsemi.com/download/data-sheet/pdf/mmbt4403lt1-d.pdf,200,315060,a5a7277e8624999c02168e3e979143bd89b48f272c4b9df278c0bc2c434d771e,2026-09-27,2026-09-27,10,
https://www.onsemi.com/download/data-sheet/pdf/mmbt489lt1-d.pdf,https://www.onsemi.com/download/data-sheet/pdf/mmbt489lt1-d.pdf,200,228357,3144de8f72aa84bacbe97ae5d518ea74325cde40f9c39df819318c837d5754cc,2026-09-27,2026-09-27,10,
https://www.onsemi.com/download/data-sheet/pdf/mmbt5087-d.pdf,https://www.onsemi.com/download/data-sheet/pdf/mmbt5087-d.pdf,200,543906,bbe6255962100d7827ed7d188d9247d800a7b957ce2203104d4a4112d4c718f2,2026-09-27,2026-09-27,10,
https://www.onsemi.com/download/data-sheet/pdf/mmbt5089-d.pdf,https://www.onsemi.com/download/data-sheet/pdf/mmbt5089-d.pdf,200,286148,903956b0a121865b1c27ea3039f287710bc0d8edf8040f7f6266218753ccdbc4,2026-09-27,2026-09-27,10,
https://www.onsemi.com/download/data-sheet/pdf/mmbt5179-d.pdf,https://www.onsemi.com/download/data-sheet/pdf/mmbt5179-d.pdf,200,120198,1440912e3b1501d3a5b8c8ec2e6055667b84ecd6df81638869c7397a3f07fc5b,2026-09-27,2026-09-27,10,
https://www.onsemi.com/download/data-sheet/pdf/mmbt5401-d.pdf,https://www.onsemi.com/download/data-sheet/pdf/mmbt5401-d.pdf,200,453404,d37fecad6ef963bbee508213ca287722b0b5cb6da60949d4c96c111e89c19b82,2026-09-27,2026-09-27,10,
https://www.onsemi.com/download/data-sheet/pdf/mmbt5401lt1-d.pdf,https://www.onsemi.com/download/data-sheet/pdf/mmbt5401lt1-d.pdf,200,306899,f1a2956f69791a65a3628c2b221b18c37da2318724e6979a8520847cd7cc3d67,2026-09-27,2026-09-27,10,
https://www.onsemi.com/download/data-sheet/pdf/mmbt5401w-d.pdf,https://www.onsemi.com/download/data-sheet/pdf/mmbt5401w-d.pdf,200,278963,676625baeba4ab1e02739b30847ca115e86b1ffa61a325a6f94d9478741f384b,2026-09-27,2026-09-27,10,
https://www.onsemi.com/download/data-sheet/pdf/mmbt5550-d.pdf,https://www.onsemi.com/download/data-sheet/pdf/mmbt5550-d.pdf,200,213731,4785a047b7722cda3abded1cea1fb57adc393446a4b4ce4b6cc6713d751f397d,2026-09-27,2026-09-27,10,
https://www.onsemi.com/download/data-sheet/pdf/mmbt5551-d.pdf,https://www.onsemi.com/download/data-sheet/pdf/mmbt5551-d.pdf,200,290761,0f612bbc5ecd11984c3cca7fde3f48faf31bae731ccdf90aac8aa79a6928125d,2026-09-27,2026-09-27,10,
https://www.onsemi.com/download/data-sheet/pdf/mmbt589lt1-d.pdf,https://www.onsemi.com/download/data-sheet/pdf/mmbt589lt1-d.pdf,200,266653,83291d8efbcb98092e9aeea02dc3ffd7f9a098646e9a69f2a137d3ffdb8f7dc4,2026-09-27,2026-09-27,10,
https://www.onsemi.com/download/data-sheet/pdf/mmbt5962-d.pdf,https://www.onsemi.com/download/data-sheet/pdf/mmbt5962-d.pdf,200,600994,614e6ee4f004fa6caaa0418810500e90762b044903f22d5b91f2ed4a078d75dc,2026-09-27,2026-09-27,10,
https://www.onsemi.com/download/data-sheet/pdf/mmbt6428-d.pdf,https://www.onsemi.com/download/data-sheet/pdf/mmbt6428-d.pdf,200,215163,0ea2d3e3e3fc0f2528a63d982caaec85b8c4c3d402aa72c468ea671faf670b9e,2026-09-27,2026-09-27,10,
https://www.onsemi.com/download/data-sheet/pdf/mmbt6520lt1-d.pdf,https://www.onsemi.com/download/data-sheet/pdf/mmbt6520lt1-d.pdf,200,299057,6e7afb88d83e168aaa5ce713eece372dcbf497ff356ccb7da5e1e3a465babeb2,2026-09-27,2026-09-27,10,
https://www.onsemi.com/download/data-sheet/pdf/mmbta06wt1-d.pdf,https://www.onsemi.com/download/data-sheet/pdf/mmbta06wt1-d.pdf,200,240145,296ab53016579e1f87e740fc194e528bbf4ec21651c20fe78420d4a7be4af479,2026-09-27,2026-09-27,10,
https://www.onsemi.com/download/data-sheet/pdf/mmbta42lt1-d.pdf,https://www.onsemi.com/download/data-sheet/pdf/mmbta42lt1-d.pdf,200,251812,1f471d67a26e71c1703b363503527ae8e3ca32892e35ad89e38c0a06284d454f,2026-09-27,2026-09-27,10,
https://www.onsemi.com/download/data-sheet/pdf/mmbta63lt1-d.pdf,https://www.onsemi.com/download/data-sheet/pdf/mmbta63lt1-d.pdf,200,234041,22d384ef23d0484cb3fb6b0fdab4551795f8377577a61fd722831d92c10511cc,2026-09-27,2026-09-27,10,
https://www.onsemi.com/download/data-sheet/pdf/mmbta92lt1-d.pdf,https://www.onsemi.com/download/data-sheet/pdf/mmbta92lt1-d.pdf,200,238606,7bafdaee0bfb168ead18107dc035ab0ccc5e1b42efe31452589d99e8b7f24cc6,2026-09-27,2026-09-27,10,
https://www.onsemi.com/download/data-sheet/pdf/mmbth10lt1-d.pdf,https://www.onsemi.com/download/data-sheet/pdf/mmbth10lt1-d.pdf,200,347635,e98745657d0f2237bfb14b5a1618f406783b57d23fdbbfa735e1c16ccb4c6653,2026-09-27,2026-09-27,10,
https://www.onsemi.com/download/data-sheet/pdf/mmbth24-d.pdf,https://www.onsemi.com/download/data-sheet/pdf/mmbth24-d.pdf,200,161851,32d3593792983a536864a15806cd4c408b82542a5aa06353dbd8503d20e6218f,2026-09-27,2026-09-27,10,
https://www.onsemi.com/download/data-sheet/pdf/mmbth81-d.pdf,https://www.onsemi.com/download/data-sheet/pdf/mmbth81-d.pdf,200,240230,9ac0ce3ed588950e703f99a18c338ca561b4daa261c55007c9a53ab1e5b786aa,2026-09-27,2026-09-27,10,
https://www.onsemi.com/download/data-sheet/pdf/mmbv109lt1-d.pdf,https://www.onsemi.com/download/data-sheet/pdf/mmbv109lt1-d.pdf,200,121361,9c5a212e0efa1febb48fff05ed690e9d565dd9d14e90bf60a05a9c3e222323eb,2026-09-27,2026-09-27,10,
https://www.onsemi.com/download/data-sheet/pdf/mmbv3401lt1-d.pdf,https://www.onsemi.com/download/data-sheet/pdf/mmbv3401lt1-d.pdf,200,203333,e15e633766789bed0d82d276d8c99958042be5016528e67b020ec1601da1a596,2026-09-27,2026-09-27,10,
https://www.onsemi.com/download/data-sheet/pdf/mmbz15vdlt1-d.pdf,https://www.onsemi.com/download/data-sheet/pdf/mmbz15vdlt1-d.pdf,200,284428,cf81e16b57e8bb135c08895a796cb1990234ef1be145fd8834fdb4cf4abcd93b,2026-09-27,2026-09-27,10,
https://www.onsemi.com/download/data-sheet/pdf/mmbz16val-d.pdf,https://www.onsemi.com/download/data-sheet/pdf/mmbz16val-d.pdf,200,202094,ae7032eff8e7666252b0b0770f6333312ff3abc05d2109bda0151aae75da1599,2026-09-27,2026-09-27,10,
https://www.onsemi.com/download/data-sheet/pdf/mmbz5v6alt1-d.pdf,https://www.onsemi.com/download/data-sheet/pdf/mmbz5v6alt1-d.pdf,200,308091,40c441f042ed06b90b8cdc0e9e494d143cc917e81bdf2eabcdf7a6b90fdc0b98,2026-09-27,2026-09-27,10,
https://www.onsemi.com/download/data-sheet/pdf/mmdj3p03bjt-d.pdf,https://www.onsemi.com/download/data-sheet/pdf/mmdj3p03bjt-d.pdf,200,266255,4585cbc570d6a9cbf14631897c1754c6e1ee773271d8dc3bd13c4bc1e3da30ec,2026-09-27,2026-09-27,10,
https://www.onsemi.com/download/data-sheet/pdf/mmdl914t1-d.pdf,https://www.onsemi.com/download/data-sheet/pdf/mmdl914t1-d.pdf,200,221156,fe963dceae0661e028da808ab1dadba72217bd5a2d67996c332541b2ecd668cb,2026-09-27,2026-09-27,10,
https://www.onsemi.com/download/data-sheet/pdf/mmg05n60d-d.pdf,https://www.onsemi.com/download/data-sheet/pdf/mmg05n60d-d.pdf,200,221964,cf94e38243904ec2d9bd509e8d7b500221372c668c616dd87ff76f3b37547e36,2026-09-27,2026-09-27,10,
https://www.onsemi.com/download/data-sheet/pdf/mmjt350t1-d.pdf,https://www.onsemi.com/download/data-sheet/pdf/mmjt350t1-d.pdf,200,178871,1c82ad831dee73315ec6e671b65aff6ad70ca7e1889e2da4e614aabd82da79f9,2026-09-27,2026-09-27,10,
https://www.onsemi.com/download/data-sheet/pdf/mmjt9410-d.pdf,https://www.onsemi.com/download/data-sheet/pdf/mmjt9410-d.pdf,200,136499,3e83e0a4647e13cb527ddd5c85b537e7c9530ffb238f09dd06940823aee9120a,2026-09-27,2026-09-27,10,
https://www.onsemi.com/download/data-sheet/pdf/mmjt9435-d.pdf,https://www.onsemi.com/download/data-sheet/pdf/mmjt9435-d.pdf,200,118949,f3139a526a6fcdf89478d6a1ce1066e9150620c7cc915cb0891cff73ac18f8c4,2026-09-27,2026-09-27,10,
https://www.onsemi.com/download/data-sheet/pdf/mmsd301t1-d.pdf,https://www.onsemi.com/download/data-sheet/pdf/mmsd301t1-d.pdf,200,244781,cd37ef6dfac7f585a56a9598b3759a971516495a7c239d3a6271c8c371cccc56,2026-09-27,2026-09-27,10,
https://www.onsemi.com/download/data-sheet/pdf/mmsd4148-d.pdf,https://www.onsemi.com/download/data-sheet/pdf/mmsd4148-d.pdf,200,258416,96e31d278c5ac1050e51575b164d6a7b71139703ee8b10c1577283166e59a6df,2026-09-27,2026-09-27,10,
https://www.onsemi.com/download/data-sheet/pdf/mmsd4148t1-d.pdf,https://www.onsemi.com/download/data-sheet/pdf/mmsd4148t1-d.pdf,200,226355,f1883243f4cc2b0d8fad516ac75acb6e5224e9663b11733d61b55c6770fb2087,2026-09-27,2026-09-27,10,
https://www.onsemi.com/download/data-sheet/pdf/mmsz5221bt1-d.pdf,https://www.onsemi.com/download/data-sheet/pdf/mmsz5221bt1-d.pdf,200,408578,7967ee6b44e5ae6ea2c74b9fd837cb3977897767930213572cbd6145ff4d5079,2026-09-27,2026-09-27,10,
https://www.onsemi.com/download/data-sheet/pdf/mmt08b310t3-d.pdf,https://www.onsemi.com/download/data-sheet/pdf/mmt08b310t3-d.pdf,200,125960,ae08b16b7beebd92d640b81f7a077a597417652bb73b9e3d97654582b0a8d620,2026-09-27,2026-09-27,10,
https://www.onsemi.com/download/data-sheet/pdf/moc3023m-d.pdf,https://www.onsemi.com/download/data-sheet/pdf/moc3023m-d.pdf,200,343504,657ea69a94dd0dfc07eaecbe2f292d32999a25d96995ac653126d3b907c86a80,2026-09-27,2026-09-27,10,
https://www.onsemi.com/download/data-sheet/pdf/moc3043m-d.pdf,https://www.onsemi.com/download/data-sheet/pdf/moc3043m-d.pdf,200,336128,f70e564c2fc3e442aec13f533301cf7511355e88ca803d2a9378d7a90a3d5fa6,2026-09-27,2026-09-27,10,
https://www.onsemi.com/download/data-sheet/pdf/moc3052m-d.pdf,https://www.onsemi.com/download/data-sheet/pdf/moc3052m-d.pdf,200,411994,f560ab758e43c3cb090bf5dedfcadffd5be2ef3bc2fcc2e364681c1cc9be6106,2026-09-27,2026-09-27,10,
https://www.onsemi.com/download/data-sheet/pdf/moc3083m-d.pdf,https://www.onsemi.com/download/data-sheet/pdf/moc3083m-d.pdf,200,353741,a4b120fe77cc1610144ad1787c07576e903d76242dca958e554e11ae56e48ff7,2026-09-27,2026-09-27,10,
https://www.onsemi.com/download/data-sheet/pdf/mpf102-d.pdf,https://www.onsemi.com/download/data-sheet/pdf/mpf102-d.pdf,200,363051,c6022bcb4a809a5da956dc8530ac57f4697fe65983435ebfecddc5eca66e80e7,2026-09-27,2026-09-27,10,
https://www.onsemi.com/download/data-sheet/pdf/mpf4392-d.pdf,https://www.onsemi.com/download/data-sheet/pdf/mpf4392-d.pdf,200,266952,41993aacfdf92be8e22b6194dd8863d36f9f735337cea88e127f17179fc1f6c8,2026-09-27,2026-09-27,10,
https://www.onsemi.com/download/data-sheet/pdf/mpf930-d.pdf,https://www.onsemi.com/download/data-sheet/pdf/mpf930-d.pdf,200,188988,c6a39bdb5e1192f74f86851d7faf906ad0d169168a51a5a8191ace51dfab2527,2026-09-27,2026-09-27,10,
https://www.onsemi.com/download/data-sheet/pdf/mpn3404-d.pdf,https://www.onsemi.com/download/data-sheet/pdf/mpn3404-d.pdf,200,110876,b272fe0127a2248b079daac767c8cc6b9821e067e3a64f6cb65fd65654ffc86f,2026-09-27,2026-09-27,10,
https://www.onsemi.com/download/data-sheet/pdf/mps2222-d.pdf,https://www.onsemi.com/download/data-sheet/pdf/mps2222-d.pdf,200,353025,61347f5da5d172b06d07daaf56c9655d28fd374c965e4008b175da8250fa13af,2026-09-27,2026-09-27,10,
https://www.onsemi.com/download/data-sheet/pdf/mps2369-d.pdf,https://www.onsemi.com/download/data-sheet/pdf/mps2369-d.pdf,200,102860,830608950c586aec266ae8bf2747cfc20f63e18f0ce91b1d4c091e9977003f25,2026-09-27,2026-09-27,10,
https://www.onsemi.com/download/data-sheet/pdf/mps3638a-d.pdf,https://www.onsemi.com/download/data-sheet/pdf/mps3638a-d.pdf,200,333497,be53f8587cd7b388855525dfd2b030f64ac8f544c2eb82501c5711913bab92f1,2026-09-27,2026-09-27,10,
https://www.onsemi.com/download/data-sheet/pdf/mps3646-d.pdf,https://www.onsemi.com/download/data-sheet/pdf/mps3646-d.pdf,200,183071,2ccf83d4e05f8e9cd02a676d9a1807e9c5d73d84c59c465c1c4b823d7fdca77b,2026-09-27,2026-09-27,10,
https://www.onsemi.com/download/data-sheet/pdf/mps3904-d.pdf,https://www.onsemi.com/download/data-sheet/pdf/mps3904-d.pdf,200,325412,40e364661661ac1c174aabe2cf2771bc47adbecef09472d3933f2c067e106669,2026-09-27,2026-09-27,10,
https://www.onsemi.com/download/data-sheet/pdf/mps3906-d.pdf,https://www.onsemi.com/download/data-sheet/pdf/mps3906-d.pdf,200,272464,21a40834447262a8565548c89664a05c881eb35f5c0b814b0a1dd1d7ad23e4a5,2026-09-27,2026-09-27,10,
https://www.onsemi.com/download/data-sheet/pdf/mps4124-d.pdf,https://www.onsemi.com/download/data-sheet/pdf/mps4124-d.pdf,200,228151,666b047ac5b1d4234832b4c00bfc3be0e3b570595cd97d24e4ae8baa20d5fa0f,2026-09-27,2026-09-27,10,
https://www.onsemi.com/download/data-sheet/pdf/mps4126-d.pdf,https://www.onsemi.com/download/data-sheet/pdf/mps4126-d.pdf,200,228133,0e02d45f2132c908e16b6317cbb80501a103e5a2bcd584e92667e5e62279c036,2026-09-27,2026-09-27,10,
https://www.onsemi.com/download/data-sheet/pdf/mps4250-d.pdf,https://www.onsemi.com/download/data-sheet/pdf/mps4250-d.pdf,200,252569,84637da2f8a73d19daac824160e9bb2c5d79f3150f9b5fe695e75c66d7fae0dd,2026-09-27,2026-09-27,10,
https://www.onsemi.com/download/data-sheet/pdf/mps5172-d.pdf,https://www.onsemi.com/download/data-sheet/pdf/mps5172-d.pdf,200,157573,c46a99b7c9ea78ba264ce24086396ce8c627934458a4261a18b7581e0af8b810,2026-09-27,2026-09-27,10,
https://www.onsemi.com/download/data-sheet/pdf/mps650-d.pdf,https://www.onsemi.com/download/data-sheet/pdf/mps650-d.pdf,200,163407,4134815f9dfbaa44299e18a5961f794a22442278d2718088501dcc69dca7dd52,2026-09-27,2026-09-27,10,
https://www.onsemi.com/download/data-sheet/pdf/mps6507-d.pdf,https://www.onsemi.com/download/data-sheet/pdf/mps6507-d.pdf,200,150437,388f4d3f2a2ed0eac661b76ddb2edad27d996010de749f7c50e5f045d44f8c63,2026-09-27,2026-09-27,10,
https://www.onsemi.com/download/data-sheet/pdf/mps6515-d.pdf,https://www.onsemi.com/download/data-sheet/pdf/mps6515-d.pdf,200,226170,4fa7dd8ffa060c2bb0aea7219d1fde6197e46a3d8e2af976c39f860ef38da970,2026-09-27,2026-09-27,10,
https://www.onsemi.com/download/data-sheet/pdf/mps6521-d.pdf,https://www.onsemi.com/download/data-sheet/pdf/mps6521-d.pdf,200,227533,64097ac4c6ce4e2f805b21c516e5d92cde6ef91328700ec7345cacef6134300e,2026-09-27,2026-09-27,10,
https://www.onsemi.com/download/data-sheet/pdf/mps6560-d.pdf,https://www.onsemi.com/download/data-sheet/pdf/mps6560-d.pdf,200,199992,51bd77bcf8bfcb7625f18cda935507f4b0aec9d27f13261e3a56a5791b289599,2026-09-27,2026-09-27,10,
https://www.onsemi.com/download/data-sheet/pdf/mps6601-d.pdf,https://www.onsemi.com/download/data-sheet/pdf/mps6601-d.pdf,200,272122,9545730911ef0e1c0103ad6071f48447001c444e18b8cf89b661b3ab84ad504b,2026-09-27,2026-09-27,10,
https://www.onsemi.com/download/data-sheet/pdf/mps6724-d.pdf,https://www.onsemi.com/download/data-sheet/pdf/mps6724-d.pdf,200,248959,ff6c40765fb8002fe84eb02079dc787f28349454d2b3363be7e08db9db436586,2026-09-27,2026-09-27,10,
https://www.onsemi.com/download/data-sheet/pdf/mps6729-d.pdf,https://www.onsemi.com/download/data-sheet/pdf/mps6729-d.pdf,200,158604,d59c1c4a1ad185d2bec5dbf9e97eff65154b6c186d4cc001ce4c727491f9cee0,2026-09-27,2026-09-27,10,
https://www.onsemi.com/download/data-sheet/pdf/mps751-d.pdf,https://www.onsemi.com/download/data-sheet/pdf/mps751-d.pdf,200,189268,54a17c896bbc320c2df289adc5b089023f487ab5f2894b44bc532313b324af2a,2026-09-27,2026-09-27,10,
https://www.onsemi.com/download/data-sheet/pdf/mps8098-d.pdf,https://www.onsemi.com/download/data-sheet/pdf/mps8098-d.pdf,200,147868,4d17b50281d7cbc2cd01b0238429a9888dbd2adcfddeea263b2d4e61c36e1136,2026-09-27,2026-09-27,10,
https://www.onsemi.com/download/data-sheet/pdf/mps8099-d.pdf,https://www.onsemi.com/download/data-sheet/pdf/mps8099-d.pdf,200,273246,53609bb430859644e89911195dfebc73ae78400a0508d0c682fdd70086b385e1,2026-09-27,2026-09-27,10,
https://www.onsemi.com/download/data-sheet/pdf/mps918-d.pdf,https://www.onsemi.com/download/data-sheet/pdf/mps918-d.pdf,200,203349,948a0c5ad5646826e1d0dec2fb5b1d11df5e37870b674ef52f9080fca86b0e0f,2026-09-27,2026-09-27,10,
https://www.onsemi.com/download/data-sheet/pdf/mpsa05-d.pdf,https://www.onsemi.com/download/data-sheet/pdf/mpsa05-d.pdf,200,275068,da387d4f4e0d9eefd095cae4bcb8f3539177c2dd8c3d906cdd3c99ea9659bf14,2026-09-27,2026-09-27,10,
https://www.onsemi.com/download/data-sheet/pdf/mpsa05-fsc-d.pdf,https://www.onsemi.com/download/data-sheet/pdf/mpsa05-fsc-d.pdf,200,160913,9eabb859d7dbc15737e622b5cde4d8baad6da7cbf3f2f417d7797c4f2cb50a38,2026-09-27,2026-09-27,10,
https://www.onsemi.com/download/data-sheet/pdf/mpsa12.pdf,https://www.onsemi.com/download/data-sheet/pdf/mpsa12.pdf,200,105866,feee8fa5c6459b4a86a85fb46a8fdb278c76aa03b914688c3d27a97d47edf340,2026-09-27,2026-09-27,10,
https://www.onsemi.com/download/data-sheet/pdf/mpsa13-d.pdf,https://www.onsemi.com/download/data-sheet/pdf/mpsa13-d.pdf,200,155805,fa73a5e75b7fcb07c908e5136db7d4ced2b5f8c32562a26da8508e0d3a4e53c8,2026-09-27,2026-09-27,10,
https://www.onsemi.com/download/data-sheet/pdf/mpsa18-d.pdf,https://www.onsemi.com/download/data-sheet/pdf/mpsa18-d.pdf,200,121763,10d604a6bd0a79cd0e7be0572f65a8dfc4d63771e76bb45f4a675b1112481d75,2026-09-27,2026-09-27,10,
https://www.onsemi.com/download/data-sheet/pdf/mpsa20-d.pdf,https://www.onsemi.com/download/data-sheet/pdf/mpsa20-d.pdf,200,146260,b49b9be605a3ffc3faa73e41eeb15626cd1901fc548505763bac6dc1aa18cd64,2026-09-27,2026-09-27,10,
https://www.onsemi.com/download/data-sheet/pdf/mpsa27-d.pdf,https://www.onsemi.com/download/data-sheet/pdf/mpsa27-d.pdf,200,188054,836dff27b9b4e5c83a81b185da5a60c44c2bea2bc5492493ae09617108664474,2026-09-27,2026-09-27,10,
https://www.onsemi.com/download/data-sheet/pdf/mpsa29-d.pdf,https://www.onsemi.com/download/data-sheet/pdf/mpsa29-d.pdf,200,161256,a9711d2f7335bb948f8a38540e52980897f4871f00ffe9179064d8b7c7c69dfd,2026-09-27,2026-09-27,10,
https://www.onsemi.com/download/data-sheet/pdf/mpsa42-d.pdf,https://www.onsemi.com/download/data-sheet/pdf/mpsa42-d.pdf,200,163997,83c386f606d306060d0fd7399a83de1416961cebb17881d6d9efddfd94e35df2,2026-09-27,2026-09-27,10,
https://www.onsemi.com/download/data-sheet/pdf/mpsa44-d.pdf,https://www.onsemi.com/download/data-sheet/pdf/mpsa44-d.pdf,200,124710,7a298dc754c1863ef52001b5a25781aebb2d11260342e4f842459e3ae34304e6,2026-09-27,2026-09-27,10,
https://www.onsemi.com/download/data-sheet/pdf/mpsa55-d.pdf,https://www.onsemi.com/download/data-sheet/pdf/mpsa55-d.pdf,200,312974,e6f6d3a3d6fe4c8a65b2eef14a9a08f0f697336fb3151b21dd3476485c6eaead,2026-09-27,2026-09-27,10,
https://www.onsemi.com/download/data-sheet/pdf/mpsa62-d.pdf,https://www.onsemi.com/download/data-sheet/pdf/mpsa62-d.pdf,200,202779,9733cbb5580822a99703fa30cc3d4e40397363a2ec86b106a195b98dcbc809ab,2026-09-27,2026-09-27,10,
https://www.onsemi.com/download/data-sheet/pdf/mpsa63-d.pdf,https://www.onsemi.com/download/data-sheet/pdf/mpsa63-d.pdf,200,287377,179c6cd0854e4ad2c6058e3d2b49a0e92c7774616d784504fad93f142a8ec935,2026-09-27,2026-09-27,10,
https://www.onsemi.com/download/data-sheet/pdf/mpsa70-d.pdf,https://www.onsemi.com/download/data-sheet/pdf/mpsa70-d.pdf,200,163934,2781c06cee826d896d784b308c4fcf9c317127be87dc1484091892ffebe598fe,2026-09-27,2026-09-27,10,
https://www.onsemi.com/download/data-sheet/pdf/mpsa75-d.pdf,https://www.onsemi.com/download/data-sheet/pdf/mpsa75-d.pdf,200,196254,1e3a43e1a9aa7e7486172361a2d71eb403e101a8593ce87adc85d1ab492b8603,2026-09-27,2026-09-27,10,
https://www.onsemi.com/download/data-sheet/pdf/mpsa92-d.pdf,https://www.onsemi.com/download/data-sheet/pdf/mpsa92-d.pdf,200,159781,95e4cabbe6fb5f09b07a3345cdd0e8b885e7082cdf7400cdde410e40d2691f25,2026-09-27,2026-09-27,10,
https://www.onsemi.com/download/data-sheet/pdf/mpsh10-d.pdf,https://www.onsemi.com/download/data-sheet/pdf/mpsh10-d.pdf,200,141214,e9727fd1d3a21f182bdb23d194805010f06a0771c20e70bb99d7641ebd7be14b,2026-09-27,2026-09-27,10,
https://www.onsemi.com/download/data-sheet/pdf/mpsh11-d.pdf,https://www.onsemi.com/download/data-sheet/pdf/mpsh11-d.pdf,200,246544,397af8af33e1189517277ccfac5489d38234ff8e0a10e2489df128d977055927,2026-09-27,2026-09-27,10,
https://www.onsemi.com/download/data-sheet/pdf/mpsh17-d.pdf,https://www.onsemi.com/download/data-sheet/pdf/mpsh17-d.pdf,200,99901,88b21bd0f310e2139b2f66ced67ad17f0daaffdced83af7632ee5f770ad73838,2026-09-27,2026-09-27,10,
https://www.onsemi.com/download/data-sheet/pdf/mpsh81-d.pdf,https://www.onsemi.com/download/data-sheet/pdf/mpsh81-d.pdf,200,663061,ba8c8f948a3f1d02a001dca5b0ec74f19f5238479e4e8dd78e07abf7af8efd4f,2026-09-27,2026-09-27,10,
https://www.onsemi.com/download/data-sheet/pdf/mpsl01-d.pdf,https://www.onsemi.com/download/data-sheet/pdf/mpsl01-d.pdf,200,213372,6f180e1b1a9b54b404d3447e14feed76aa62394b458b33389bccf6bf6b064223,2026-09-27,2026-09-27,10,
https://www.onsemi.com/download/data-sheet/pdf/mpsl51-d.pdf,https://www.onsemi.com/download/data-sheet/pdf/mpsl51-d.pdf,200,213883,7de789bf2ef4eaf5b6edcec9480f940d58d628612b4f0977dd151715379edda3,2026-09-27,2026-09-27,10,
https://www.onsemi.com/download/data-sheet/pdf/mpsw01-d.pdf,https://www.onsemi.com/download/data-sheet/pdf/mpsw01-d.pdf,200,195731,e7526e4d20148bf419a6fecb2c6eaacb219497f1dcd55e16dfb5164de35a3781,2026-09-27,2026-09-27,10,
https://www.onsemi.com/download/data-sheet/pdf/mpsw05-d.pdf,https://www.onsemi.com/download/data-sheet/pdf/mpsw05-d.pdf,200,196633,f994c79adf32f4b52bfeef1fff9e8779db69976ba5ff41d646c6b0dbb7d6fbbe,2026-09-27,2026-09-27,10,
https://www.onsemi.com/download/data-sheet/pdf/mpsw42-d.pdf,https://www.onsemi.com/download/data-sheet/pdf/mpsw42-d.pdf,200,196622,9a8f19ba056539fee44aaf789f3661558f3395d2ec814f4b66d4f053005d5845,2026-09-27,2026-09-27,10,
https://www.onsemi.com/download/data-sheet/pdf/mpsw45-d.pdf,https://www.onsemi.com/download/data-sheet/pdf/mpsw45-d.pdf,200,320973,847213ca613af25d42940cc319d82de69eca933ff491693e5e71a4076e23720c,2026-09-27,2026-09-27,10,
https://www.onsemi.com/download/data-sheet/pdf/mpsw51-d.pdf,https://www.onsemi.com/download/data-sheet/pdf/mpsw51-d.pdf,200,197422,34c5be950f0f51ffe03e30f98b42e73736a13c2b881c799225243d30447927fa,2026-09-27,2026-09-27,10,
https://www.onsemi.com/download/data-sheet/pdf/mpsw55-d.pdf,https://www.onsemi.com/download/data-sheet/pdf/mpsw55-d.pdf,200,199219,6a8ffd7e02f2d1b5be4e2995b0daf0e44d50c8406ea532a4d2f07b630907853c,2026-09-27,2026-09-27,10,
https://www.onsemi.com/download/data-sheet/pdf/mpsw92-d.pdf,https://www.onsemi.com/download/data-sheet/pdf/mpsw92-d.pdf,200,198740,3c59eb737bc2ef2a97273c40d80ffdb2707bd3b851c906287f08da5fbfdd681d,2026-09-27,2026-09-27,10,
https://www.onsemi.com/download/data-sheet/pdf/mr2500-d.pdf,https://www.onsemi.com/download/data-sheet/pdf/mr2500-d.pdf,200,154609,32e88533c27b79441e6c052623492e95b4199d7d305df42db0ce69416749a1ea,2026-09-27,2026-09-27,10,
https://www.onsemi.com/download/data-sheet/pdf/mr2535l-d.pdf,https://www.onsemi.com/download/data-sheet/pdf/mr2535l-d.pdf,200,141912,89898c6fa95fc5b7b70f6125109f74c555629c9c68f7e9f53947a368c6cad659,2026-09-27,2026-09-27,10,
https://www.onsemi.com/download/data-sheet/pdf/mr750-d.pdf,https://www.onsemi.com/download/data-sheet/pdf/mr750-d.pdf,200,175967,4b7a9c45765904cbe451687d7840e88cf0f7df8779beb55eb386562aa4cb079e,2026-09-27,2026-09-27,10,
https://www.onsemi.com/download/data-sheet/pdf/mr850-d.pdf,https://www.onsemi.com/download/data-sheet/pdf/mr850-d.pdf,200,151250,a4d43d73a48d9395b86030c55f124fb31c8a637bb0fce3e22ced5fdd1704765b,2026-09-27,2026-09-27,10,
https://www.onsemi.com/download/data-sheet/pdf/mra4003t3-d.pdf,https://www.onsemi.com/download/data-sheet/pdf/mra4003t3-d.pdf,200,254972,0bb251f069fe7d97ae17f3227d4d052d36decc053022592d9b332fec4296f96f,2026-09-27,2026-09-27,10,
https://www.onsemi.com/download/data-sheet/pdf/mrs1504t3-d.pdf,https://www.onsemi.com/download/data-sheet/pdf/mrs1504t3-d.pdf,200,270990,42e46655a0e741d961d5c114e0ffe41b980726a5111b094a21749dd3b8c54c2b,2026-09-27,2026-09-27,10,
https://www.onsemi.com/download/data-sheet/pdf/msd1328-rt1-d.pdf,https://www.onsemi.com/download/data-sheet/pdf/msd1328-rt1-d.pdf,200,92382,5aa4f9f03177d4ad28848ae7fe3bdf6842c6931f79641902b7c7ecca0d4abd64,2026-09-27,2026-09-27,10,
https://www.onsemi.com/download/data-sheet/pdf/msr860-d.pdf,https://www.onsemi.com/download/data-sheet/pdf/msr860-d.pdf,200,435611,5b66619d0061ae4bfd9511a32363dd7c5bd68a1226492445efc3e026806d21da,2026-09-27,2026-09-27,10,
https://www.onsemi.com/download/data-sheet/pdf/mtd10n10el-d.pdf,https://www.onsemi.com/download/data-sheet/pdf/mtd10n10el-d.pdf,200,137613,6690aefd29d5bf15bf748989164d880541db481da863424a33a1e05d8f835ec2,2026-09-27,2026-09-27,10,
https://www.onsemi.com/download/data-sheet/pdf/mtd20p03hdl-d.pdf,https://www.onsemi.com/download/data-sheet/pdf/mtd20p03hdl-d.pdf,200,148144,f46f121e253730ff78bc0a3617f93851b8f2d55f2b150cd61b1aae0fca294848,2026-09-27,2026-09-27,10,
https://www.onsemi.com/download/data-sheet/pdf/mtd20p06hdl-d.pdf,https://www.onsemi.com/download/data-sheet/pdf/mtd20p06hdl-d.pdf,200,145223,424bd13e87dd7921a8998c22b681f678b5a0cd23ed018593a46ec1d94779f209,2026-09-27,2026-09-27,10,
https://www.onsemi.com/download/data-sheet/pdf/mtd6n15-d.pdf,https://www.onsemi.com/download/data-sheet/pdf/mtd6n15-d.pdf,200,223428,b93418e02da8411eac3be5befe6865a79c2b8bd77a5942947220edfbda9385d9,2026-09-27,2026-09-27,10,
https://www.onsemi.com/download/data-sheet/pdf/mtp10n10e-d.pdf,https://www.onsemi.com/download/data-sheet/pdf/mtp10n10e-d.pdf,200,287623,74395a3f607e29a4bd30a6795da957ff8de4f5c986b1b896555c856b3b46b9e2,2026-09-27,2026-09-27,10,
https://www.onsemi.com/download/data-sheet/pdf/mur10150e-d.pdf,https://www.onsemi.com/download/data-sheet/pdf/mur10150e-d.pdf,200,191371,c03437f92298be937bcf30d4672aadabe5b27dca032083fb45a2adbbe8d6953f,2026-09-27,2026-09-27,10,
https://www.onsemi.com/download/data-sheet/pdf/mur120-d.pdf,https://www.onsemi.com/download/data-sheet/pdf/mur120-d.pdf,200,300106,9a1a0c2096b4dcd8fd37f84c69e01e67ef2b29f5f1948da3f664ba0ac16033d6,2026-09-27,2026-09-27,10,
https://www.onsemi.com/download/data-sheet/pdf/mur1520-d.pdf,https://www.onsemi.com/download/data-sheet/pdf/mur1520-d.pdf,200,343201,64d3964a807dc6dc99324c2a7de3f44b4fa1cbefa9cdc42b147b6d348a28959e,2026-09-27,2026-09-27,10,
https://www.onsemi.com/download/data-sheet/pdf/mur1620ct-d.pdf,https://www.onsemi.com/download/data-sheet/pdf/mur1620ct-d.pdf,200,340222,908523957940151fe2f33abe4d421d71f0199d1d533138defe875bf14ef3296d,2026-09-27,2026-09-27,10,
https://www.onsemi.com/download/data-sheet/pdf/mur1620ctr-d.pdf,https://www.onsemi.com/download/data-sheet/pdf/mur1620ctr-d.pdf,200,270273,bf040e32544f7172dcbe45dfed7bd7c72f041c47086d873677c99131f11d2728,2026-09-27,2026-09-27,10,
https://www.onsemi.com/download/data-sheet/pdf/mur180e-d.pdf,https://www.onsemi.com/download/data-sheet/pdf/mur180e-d.pdf,200,244553,90b7f0f62b1a45df4098a9fc02518780525f7622a251d7da59fd3932527da078,2026-09-27,2026-09-27,10,
https://www.onsemi.com/download/data-sheet/pdf/mur190e-d.pdf,https://www.onsemi.com/download/data-sheet/pdf/mur190e-d.pdf,200,184817,bb3435b46408f3682794a64f85182a5fb5473cf43e5a624a638e225254a3d6b2,2026-09-27,2026-09-27,10,
https://www.onsemi.com/download/data-sheet/pdf/mur2020r-d.pdf,https://www.onsemi.com/download/data-sheet/pdf/mur2020r-d.pdf,200,213920,8732693cacf47c3ac9493e6025d2bae3bf37ea845355fbf599880d0c6ec0d857,2026-09-27,2026-09-27,10,
https://www.onsemi.com/download/data-sheet/pdf/mur2100e-d.pdf,https://www.onsemi.com/download/data-sheet/pdf/mur2100e-d.pdf,200,189380,1be265740df879991c6adf21a491e41f5188e9bf35d2abc3a744de66bffea19e,2026-09-27,2026-09-27,10,
https://www.onsemi.com/download/data-sheet/pdf/mur220-d.pdf,https://www.onsemi.com/download/data-sheet/pdf/mur220-d.pdf,200,198061,a4622c1d08c037dac85b6f8e95fdb035e9dd334a6c439959ae223e5be21f6a99,2026-09-27,2026-09-27,10,
https://www.onsemi.com/download/data-sheet/pdf/mur240-d.pdf,https://www.onsemi.com/download/data-sheet/pdf/mur240-d.pdf,200,198933,00007cf5f31ff5b65656168629b2ea533ed1285e02e6ffda4a779ba6d1fa61ee,2026-09-27,2026-09-27,10,
https://www.onsemi.com/download/data-sheet/pdf/mur260-d.pdf,https://www.onsemi.com/download/data-sheet/pdf/mur260-d.pdf,200,202342,4bab037a8a63ef7527e649441c57af966a924c174a42ace141b91b73e4bc327b,2026-09-27,2026-09-27,10,
https://www.onsemi.com/download/data-sheet/pdf/mur3020pt-d.pdf,https://www.onsemi.com/download/data-sheet/pdf/mur3020pt-d.pdf,200,222394,af9fe8e33f548a985375cdb28c375b10b3997d1283759b7fa19171b557535b7b,2026-09-27,2026-09-27,10,
https://www.onsemi.com/download/data-sheet/pdf/mur3020wt-d.pdf,https://www.onsemi.com/download/data-sheet/pdf/mur3020wt-d.pdf,200,151258,d680904e605649a690309e4b501276aa9805edb55f3b623c01a344ea6411bed9,2026-09-27,2026-09-27,10,
https://www.onsemi.com/download/data-sheet/pdf/mur3040-d.pdf,https://www.onsemi.com/download/data-sheet/pdf/mur3040-d.pdf,200,108707,090116b8f21479aba0c5f00d146fb765352201897ca20b52cef0f7fa3c127102,2026-09-27,2026-09-27,10,
https://www.onsemi.com/download/data-sheet/pdf/mur420-d.pdf,https://www.onsemi.com/download/data-sheet/pdf/mur420-d.pdf,200,251009,1882e34859293c48d0253e051be093064ca790dc9577a7f8b5ef9d7e5093af2f,2026-09-27,2026-09-27,10,
https://www.onsemi.com/download/data-sheet/pdf/mur450pf-d.pdf,https://www.onsemi.com/download/data-sheet/pdf/mur450pf-d.pdf,200,118733,11d3695d9fb563b1567649eeb3bcb338981e78932213436f34512e295a688bd3,2026-09-27,2026-09-27,10,
https://www.onsemi.com/download/data-sheet/pdf/mur620ct-d.pdf,https://www.onsemi.com/download/data-sheet/pdf/mur620ct-d.pdf,200,226179,0657e5dcf856603462780068f4b316901f278abd54ead01ac2a0c24b048f2ba6,2026-09-27,2026-09-27,10,
https://www.onsemi.com/download/data-sheet/pdf/mur8100e-d.pdf,https://www.onsemi.com/download/data-sheet/pdf/mur8100e-d.pdf,200,284828,3543332377693f4aec4d163c71477b44382016cb24bde63ac1340d3e399c29ca,2026-09-27,2026-09-27,10,
https://www.onsemi.com/download/data-sheet/pdf/mur820-d.pdf,https://www.onsemi.com/download/data-sheet/pdf/mur820-d.pdf,200,380638,893c0443a516650cc98e031f4341b6cad7b733ef5284b831a5c6707af54cbd5c,2026-09-27,2026-09-27,10,
https://www.onsemi.com/download/data-sheet/pdf/mura105t3-d.pdf,https://www.onsemi.com/download/data-sheet/pdf/mura105t3-d.pdf,200,166339,e6d58ef3462807811839bee6a4096e25b6917f5063b5df65b1acb604eed9f558,2026-09-27,2026-09-27,10,
https://www.onsemi.com/download/data-sheet/pdf/mura115t3-d.pdf,https://www.onsemi.com/download/data-sheet/pdf/mura115t3-d.pdf,200,166232,f4493d7c5dc59490278e332065b6a4e902a1574ede55d20ec3ba3d7c98bef23b,2026-09-27,2026-09-27,10,
https://www.onsemi.com/download/data-sheet/pdf/mura160t3-d.pdf,https://www.onsemi.com/download/data-sheet/pdf/mura160t3-d.pdf,200,167257,3c5f741388c3d3f00e44c3b31743b8a7f35ab3f3812961ae465049d8b0baf26d,2026-09-27,2026-09-27,10,
https://www.onsemi.com/download/data-sheet/pdf/mura205t3-d.pdf,https://www.onsemi.com/download/data-sheet/pdf/mura205t3-d.pdf,200,165127,2cf05bc110da92e1426d02839cbc88320d49e17126f8e861ac09c99e0f05a307,2026-09-27,2026-09-27,10,
https://www.onsemi.com/download/data-sheet/pdf/mura215t3-d.pdf,https://www.onsemi.com/download/data-sheet/pdf/mura215t3-d.pdf,200,294868,c19d29eeb43fe298b4e13ce262904626d2443548e268da53e35daf4256e34b49,2026-09-27,2026-09-27,10,
https://www.onsemi.com/download/data-sheet/pdf/mura230t3-d.pdf,https://www.onsemi.com/download/data-sheet/pdf/mura230t3-d.pdf,200,166448,76e6a2ab3df43e4525ece245621d69a52c5500974482b82b679907e1fbd51602,2026-09-27,2026-09-27,10,
https://www.onsemi.com/download/data-sheet/pdf/murb1660ct-d.pdf,https://www.onsemi.com/download/data-sheet/pdf/murb1660ct-d.pdf,200,231605,2809074618deafb9450db9f94f10f52f8b11db3182f919c3655dcf76853985e8,2026-09-27,2026-09-27,10,
https://www.onsemi.com/download/data-sheet/pdf/murd320-d.pdf,https://www.onsemi.com/download/data-sheet/pdf/murd320-d.pdf,200,259139,f9c9aab3c6e85b734befa359eb55ac4486d52ec0d12a0f9d54a67c6cdce26a50,2026-09-27,2026-09-27,10,
https://www.onsemi.com/download/data-sheet/pdf/murd620ct-d.pdf,https://www.onsemi.com/download/data-sheet/pdf/murd620ct-d.pdf,200,237974,026276a4526d20f0a68d035e66da24322096af1a7c9cac5fb7d93e43bd84e564,2026-09-27,2026-09-27,10,
https://www.onsemi.com/download/data-sheet/pdf/murf1620ct-d.pdf,https://www.onsemi.com/download/data-sheet/pdf/murf1620ct-d.pdf,200,185201,f08916161e94b492eb1e0845ad5535f18d42f25c8c2c4087a437d9b284900e21,2026-09-27,2026-09-27,10,
https://www.onsemi.com/download/data-sheet/pdf/murf1660ct-d.pdf,https://www.onsemi.com/download/data-sheet/pdf/murf1660ct-d.pdf,200,174673,658f370a413f73348acc0fff0025fee4d8f977a2182bc006d734892ebf74b80f,2026-09-27,2026-09-27,10,
https://www.onsemi.com/download/data-sheet/pdf/murh840ct-d.pdf,https://www.onsemi.com/download/data-sheet/pdf/murh840ct-d.pdf,200,223188,e19c0f06716cd3ed1f06e8b68072c36e2484edda50b77e956685445ae6478b05,2026-09-27,2026-09-27,10,
https://www.onsemi.com/download/data-sheet/pdf/murh860ct-d.pdf,https://www.onsemi.com/download/data-sheet/pdf/murh860ct-d.pdf,200,230040,24202c33374986ae07754114986efe993dac7613f3fd74290eb49ce8197bf867,2026-09-27,2026-09-27,10,
https://www.onsemi.com/download/data-sheet/pdf/murhd560-d.pdf,https://www.onsemi.com/download/data-sheet/pdf/murhd560-d.pdf,200,259147,9466525be27b03e9c5f2ec86a3a5f35be1de1cbff73fc61de6f8b398fa50d14f,2026-09-27,2026-09-27,10,
https://www.onsemi.com/download/data-sheet/pdf/murhf860ct-d.pdf,https://www.onsemi.com/download/data-sheet/pdf/murhf860ct-d.pdf,200,160492,88a2a8c237a6100b5ff485820b8ed04c528f05b8eaf1aa6d0bcb9b04c9764212,2026-09-27,2026-09-27,10,
https://www.onsemi.com/download/data-sheet/pdf/murs120t3-d.pdf,https://www.onsemi.com/download/data-sheet/pdf/murs120t3-d.pdf,200,340039,b30058dc148d86e71ecf62cbed03d1f582cdb0c9ebcde01dd376d731a0515d69,2026-09-27,2026-09-27,10,
https://www.onsemi.com/download/data-sheet/pdf/murs205t3-d.pdf,https://www.onsemi.com/download/data-sheet/pdf/murs205t3-d.pdf,200,387120,6d2490f9f2197461e8baf05ada2cbb0f3630b99d5aeeb8e1d16476bb97051d22,2026-09-27,2026-09-27,10,
https://www.onsemi.com/download/data-sheet/pdf/murs220t3-d.pdf,https://www.onsemi.com/download/data-sheet/pdf/murs220t3-d.pdf,200,177124,4975b0f0e5d20034cb48a20125146133fff8cf41df94236afd0f55de20ddd4c4,2026-09-27,2026-09-27,10,
https://www.onsemi.com/download/data-sheet/pdf/murs320t3-d.pdf,https://www.onsemi.com/download/data-sheet/pdf/murs320t3-d.pdf,200,374089,039f03f8b9edfb0a603737d63c9bc9594293f302e843bdd4b929526f878b9caf,2026-09-27,2026-09-27,10,
https://www.onsemi.com/download/data-sheet/pdf/mv104-d.pdf,https://www.onsemi.com/download/data-sheet/pdf/mv104-d.pdf,200,183960,526a16bbbaf12000bc872155c42d64b27dfb6cb9a25e30f1af859037d4fe9df1,2026-09-27,2026-09-27,10,
https://www.onsemi.com/download/data-sheet/pdf/nc7sz125-d.pdf,https://www.onsemi.com/download/data-sheet/pdf/nc7sz125-d.pdf,200,636672,979f3378326e35523f204a145d0864fbc6fe66e6b31ec4b2ee9c4800fcd96916,2026-09-27,2026-09-27,10,
https://www.onsemi.com/download/data-sheet/pdf/nc7sz14-d.pdf,https://www.onsemi.com/download/data-sheet/pdf/nc7sz14-d.pdf,200,611285,5591beeecff33f91af93c863656da7af89b8e1f6f817d80c42f186c5763ec608,2026-09-27,2026-09-27,10,
https://www.onsemi.com/download/data-sheet/pdf/nc7wz16-d.pdf,https://www.onsemi.com/download/data-sheet/pdf/nc7wz16-d.pdf,200,603261,65a0837738ab602bfb433c0720e49c156461ca3ce6a4297cfb8df6917adad208,2026-09-27,2026-09-27,10,
https://www.onsemi.com/download/data-sheet/pdf/ncl30076-d.pdf,https://www.onsemi.com/download/data-sheet/pdf/ncl30076-d.pdf,200,886110,b8ab5184cfd4fde0c913eac722d78cc43227387adbdc785f754dec28e6748623,2026-09-27,2026-09-27,10,
https://www.onsemi.com/download/data-sheet/pdf/ncp1034-d.pdf,https://www.onsemi.com/download/data-sheet/pdf/ncp1034-d.pdf,200,1233083,71ecf0884846a752eb36c98612d6a4c2c3b5a8671f525d8763ab95f0a6810353,2026-09-27,2026-09-27,10,
https://www.onsemi.com/download/data-sheet/pdf/ncp1200-d.pdf,https://www.onsemi.com/download/data-sheet/pdf/ncp1200-d.pdf,200,658033,f3ed33f50d61fa8db0a964323c0afd8ec949e76f9d2a7b4e0ccdf21cfaac8313,2026-09-27,2026-09-27,10,
https://www.onsemi.com/download/data-sheet/pdf/ncp1360-d.pdf,https://www.onsemi.com/download/data-sheet/pdf/ncp1360-d.pdf,200,885896,ba91dfa3461f6a1f3b4fe78e75f7685e57745757a769104cdbec4eba401c01e9,2026-09-27,2026-09-27,10,
https://www.onsemi.com/download/data-sheet/pdf/ncp1402-d.pdf,https://www.onsemi.com/download/data-sheet/pdf/ncp1402-d.pdf,200,502065,0e5e048a441d2e593cfaadc88d9aaf1e9d6b7a61efa181cc0f9f578292d61c12,2026-09-27,2026-09-27,10,
https://www.onsemi.com/download/data-sheet/pdf/ncp1521b-d.pdf,https://www.onsemi.com/download/data-sheet/pdf/ncp1521b-d.pdf,200,384363,17cdeb8198027a5d12ee22ac361b819c631371d6b4cf2dc88e54f3c341a0a984,2026-09-27,2026-09-27,10,
https://www.onsemi.com/download/data-sheet/pdf/ncp163-d.pdf,https://www.onsemi.com/download/data-sheet/pdf/ncp163-d.pdf,200,1721014,807e8bcdea3f97bcc84b860ad45260dc246a4511ce4dfca2124ba0b19a95265e,2026-09-27,2026-09-27,10,
https://www.onsemi.com/download/data-sheet/pdf/ncp1653-d.pdf,https://www.onsemi.com/download/data-sheet/pdf/ncp1653-d.pdf,200,704679,5fdae363bb1636aa78f302fa9b500d5f80a828973862d658c14f3a4f51d4ecff,2026-09-27,2026-09-27,10,
https://www.onsemi.com/download/data-sheet/pdf/ncp187-d.pdf,https://www.onsemi.com/download/data-sheet/pdf/ncp187-d.pdf,200,448666,3ba3ce5d38cfa3203e4d6b7dc24eafec1b2e9db356db5cc02a8b2270abd9ac25,2026-09-27,2026-09-27,10,
https://www.onsemi.com/download/data-sheet/pdf/ncp2820-d.pdf,https://www.onsemi.com/download/data-sheet/pdf/ncp2820-d.pdf,200,723936,5de30e37e86c9563bb2ad224797b28bd25a2a0902d9e821b03295f9b9dcac7db,2026-09-27,2026-09-27,10,
https://www.onsemi.com/download/data-sheet/pdf/ncp2890-d.pdf,https://www.onsemi.com/download/data-sheet/pdf/ncp2890-d.pdf,200,356604,7ca4cb75fd1b1a78c77ca467d04f17dddfb52fe24060e45a6fec82a20c687267,2026-09-27,2026-09-27,10,
https://www.onsemi.com/download/data-sheet/pdf/ncp300-d.pdf,https://www.onsemi.com/download/data-sheet/pdf/ncp300-d.pdf,200,639327,aae1ee2ae2905ba0079b3e9f68ddd047bf276779206e750a8e82529a71cccd6c,2026-09-27,2026-09-27,10,
https://www.onsemi.com/download/data-sheet/pdf/ncp431-d.pdf,https://www.onsemi.com/download/data-sheet/pdf/ncp431-d.pdf,200,892811,c6c9b8a1b77cba8fe7a87ee57c3dfa7019058a7b71d91a403a42f3fcbc4eee8c,2026-09-27,2026-09-27,10,
https://www.onsemi.com/download/data-sheet/pdf/ncp5181-d.pdf,https://www.onsemi.com/download/data-sheet/pdf/ncp5181-d.pdf,200,434487,9f902b4f8cf62d93b24f4dd8346f85bb98fc22c77a7183c4ee83fc639be62058,2026-09-27,2026-09-27,10,
https://www.onsemi.com/download/data-sheet/pdf/ncp5304-d.pdf,https://www.onsemi.com/download/data-sheet/pdf/ncp5304-d.pdf,200,472416,00354c7c19e66f64496dcec325f0d243f9549d69106868d90beba4dcf702b3f3,2026-09-27,2026-09-27,10,
https://www.onsemi.com/download/data-sheet/pdf/ncp551-d.pdf,https://www.onsemi.com/download/data-sheet/pdf/ncp551-d.pdf,200,418611,c1742063a1f0a27b52eab6996fc90b5fb7b957e732d07ebb1202b156bc452470,2026-09-27,2026-09-27,10,
https://www.onsemi.com/download/data-sheet/pdf/ncp5623-d.pdf,https://www.onsemi.com/download/data-sheet/pdf/ncp5623-d.pdf,200,267939,8d934fa6999a564d73179036ff0bcb37d6a19ef4ee0094268ace6cab28de6b17,2026-09-27,2026-09-27,10,
https://www.onsemi.com/download/data-sheet/pdf/ncp702-d.pdf,https://www.onsemi.com/download/data-sheet/pdf/ncp702-d.pdf,200,2229093,c55c391c4dc0ae4d689bfda481d7542ce47226b2545c03712b46e59f895455f1,2026-09-27,2026-09-27,10,
https://www.onsemi.com/download/data-sheet/pdf/ncs36000-d.pdf,https://www.onsemi.com/download/data-sheet/pdf/ncs36000-d.pdf,200,348696,c23ebd2c3c2fb64519ab202a9abef0a170e35253666b340eff1b94f0a8559508,2026-09-27,2026-09-27,10,
https://www.onsemi.com/download/data-sheet/pdf/ncv12711-d.pdf,https://www.onsemi.com/download/data-sheet/pdf/ncv12711-d.pdf,200,2116160,3ead6c769a331560c8496163113a5e42ad5e0321334dad563ca79ffd88378bf0,2026-09-27,2026-09-27,10,
https://www.onsemi.com/download/data-sheet/pdf/ncv51313-d.pdf,https://www.onsemi.com/download/data-sheet/pdf/ncv51313-d.pdf,200,574012,1bd5094dbd96c86919bda0a5823ae1b330da34903ae512d751121da85dfb91ff,2026-09-27,2026-09-27,10,
https://www.onsemi.com/download/data-sheet/pdf/ncv890430-d.pdf,https://www.onsemi.com/download/data-sheet/pdf/ncv890430-d.pdf,200,707771,a950aff3bec7546b6afccc850f5977cd8904bb2f17a215fd2c16cefe63dd7275,2026-09-27,2026-09-27,10,
https://www.onsemi.com/download/data-sheet/pdf/ndb6030pl-d.pdf,https://www.onsemi.com/download/data-sheet/pdf/ndb6030pl-d.pdf,200,166366,4fed6c309fa28a7ea13217b8ff1ce477258a980f16053f50b78e1b0c28be3d28,2026-09-27,2026-09-27,10,
https://www.onsemi.com/download/data-sheet/pdf/ndc7002n-d.pdf,https://www.onsemi.com/download/data-sheet/pdf/ndc7002n-d.pdf,200,340907,15a1b10a9d3f24b0cc6ab279d35272ee87cf3cf1897c6b30c49d0b0631a2c6dc,2026-09-27,2026-09-27,10,
https://www.onsemi.com/download/data-sheet/pdf/ndc7003p-d.pdf,https://www.onsemi.com/download/data-sheet/pdf/ndc7003p-d.pdf,200,289140,92c5a4d2bafd7e1e66eb026b816bffd081b09a6fdd8b3336b4df105001897034,2026-09-27,2026-09-27,10,
https://www.onsemi.com/download/data-sheet/pdf/ndp6020p-d.pdf,https://www.onsemi.com/download/data-sheet/pdf/ndp6020p-d.pdf,200,234481,c4cb0e24f533796739b10d8e324438236371783411449256de4cd780204feb7f,2026-09-27,2026-09-27,10,
https://www.onsemi.com/download/data-sheet/pdf/ndp6060-d.pdf,https://www.onsemi.com/download/data-sheet/pdf/ndp6060-d.pdf,200,308208,cc6ba7c83745df46696a07af6bee85f903be3ebe4a988afd2e537a11294db6c4,2026-09-27,2026-09-27,10,
https://www.onsemi.com/download/data-sheet/pdf/ndp6060l-d.pdf,https://www.onsemi.com/download/data-sheet/pdf/ndp6060l-d.pdf,200,374242,318460d6d769047a7741b20d9f3a669d8e960a1254eaffd197455d9e65d5260b,2026-09-27,2026-09-27,10,
https://www.onsemi.com/download/data-sheet/pdf/ndp7060-d.pdf,https://www.onsemi.com/download/data-sheet/pdf/ndp7060-d.pdf,200,165283,784bae1f3823736c2f0ed1d9b8e7a3bc911781371814755485691fe66d76653a,2026-09-27,2026-09-27,10,
https://www.onsemi.com/download/data-sheet/pdf/nds0605-d.pdf,https://www.onsemi.com/download/data-sheet/pdf/nds0605-d.pdf,200,270220,a25e94b78012836608833083a50fd1d72ce4dee97315b8c5bd44442bb1d9eedb,2026-09-27,2026-09-27,10,
https://www.onsemi.com/download/data-sheet/pdf/nds0610-d.pdf,https://www.onsemi.com/download/data-sheet/pdf/nds0610-d.pdf,200,219742,b31375043a6c897b87245b4afbcc593ba1d578494ebbe828dd802d81b7e5bf9b,2026-09-27,2026-09-27,10,
https://www.onsemi.com/download/data-sheet/pdf/nds331n-d.pdf,https://www.onsemi.com/download/data-sheet/pdf/nds331n-d.pdf,200,369750,ee7caa1930f0c6ecd89df5a2d0bdd3e41def079bbfc55dde8f89c0fe5fb2f519,2026-09-27,2026-09-27,10,
https://www.onsemi.com/download/data-sheet/pdf/nds332p-d.pdf,https://www.onsemi.com/download/data-sheet/pdf/nds332p-d.pdf,200,342201,15dc40986b20d19053e2f0bdf40bc7e8ffbd9fbd653937e736474a99f51ea357,2026-09-27,2026-09-27,10,
https://www.onsemi.com/download/data-sheet/pdf/nds351an-d.pdf,https://www.onsemi.com/download/data-sheet/pdf/nds351an-d.pdf,200,449623,4521e02bdef8f12025fb900da631d17808aa9d2ed13b5ca53f9d3d27c24aec4d,2026-09-27,2026-09-27,10,
https://www.onsemi.com/download/data-sheet/pdf/nds351n-d.pdf,https://www.onsemi.com/download/data-sheet/pdf/nds351n-d.pdf,200,467936,8b765d2a912445e897bedec7009adcbc31ec568811578e47d498753b2c27991f,2026-09-27,2026-09-27,10,
https://www.onsemi.com/download/data-sheet/pdf/nds355an-d.pdf,https://www.onsemi.com/download/data-sheet/pdf/nds355an-d.pdf,200,351909,63b0c92317661c324cb037c79df261a90f575fcecea7ef944585d07c49a0349f,2026-09-27,2026-09-27,10,
https://www.onsemi.com/download/data-sheet/pdf/nds355n-d.pdf,https://www.onsemi.com/download/data-sheet/pdf/nds355n-d.pdf,200,169444,1acb39da9aebbd7ba90d249dc36d6068584a43eb5b683cb075716ef9144b37ff,2026-09-27,2026-09-27,10,
https://www.onsemi.com/download/data-sheet/pdf/nds356ap-d.pdf,https://www.onsemi.com/download/data-sheet/pdf/nds356ap-d.pdf,200,235117,3ddbdbfd5e24d72eccba5c6b16a6cbc7136e460ffa63f3e54b81cb07e92ccdad,2026-09-27,2026-09-27,10,
https://www.onsemi.com/download/data-sheet/pdf/nds8425-d.pdf,https://www.onsemi.com/download/data-sheet/pdf/nds8425-d.pdf,200,427462,c3bde8a4bb102302add22f15ed5d748021d45866404ba92d92d9e2497cfec27f,2026-09-27,2026-09-27,10,
https://www.onsemi.com/download/data-sheet/pdf/nds8434-d.pdf,https://www.onsemi.com/download/data-sheet/pdf/nds8434-d.pdf,200,588729,79d859f27393dfdd1970740b082580611be1728afed6944e2dee2c719a2d4f6a,2026-09-27,2026-09-27,10,
https://www.onsemi.com/download/data-sheet/pdf/nds9407-d.pdf,https://www.onsemi.com/download/data-sheet/pdf/nds9407-d.pdf,200,312007,d14cec95032e2c1de422780d91315cd76fde4f2c63e72fef59f261c6253fc583,2026-09-27,2026-09-27,10,
https://www.onsemi.com/download/data-sheet/pdf/nds9945-d.pdf,https://www.onsemi.com/download/data-sheet/pdf/nds9945-d.pdf,200,234205,1530d687119500c041319bcd6e5d1c65472d06e9b1e0ef07a9cc4d714e052fd5,2026-09-27,2026-09-27,10,
https://www.onsemi.com/download/data-sheet/pdf/nds9948-d.pdf,https://www.onsemi.com/download/data-sheet/pdf/nds9948-d.pdf,200,245074,b3897d693d48c2f3bd60f988fed98421cf2614b25d63ee41c0a52b1316c2999a,2026-09-27,2026-09-27,10,
https://www.onsemi.com/download/data-sheet/pdf/ndt014-d.pdf,https://www.onsemi.com/download/data-sheet/pdf/ndt014-d.pdf,200,272317,94cde105b2f7e9b2588449b920ac3319c82c62c07fe0331cec82b805a3444073,2026-09-27,2026-09-27,10,
https://www.onsemi.com/download/data-sheet/pdf/ndt014l-d.pdf,https://www.onsemi.com/download/data-sheet/pdf/ndt014l-d.pdf,200,283154,66f09cabfe9c26b2ea8585c8ca8b9d28d11d476234a2889e043e633991eae03d,2026-09-27,2026-09-27,10,
https://www.onsemi.com/download/data-sheet/pdf/ndt2955-d.pdf,https://www.onsemi.com/download/data-sheet/pdf/ndt2955-d.pdf,200,237629,1e32326cf5146d61c8988f6aeaa13ea630b520ac075c5a447787feda19a04bf0,2026-09-27,2026-09-27,10,
https://www.onsemi.com/download/data-sheet/pdf/ndt3055-d.pdf,https://www.onsemi.com/download/data-sheet/pdf/ndt3055-d.pdf,200,253114,bde6a3ea4c8bf6e845f50fee9459ae56cd05ea86d92ed4f7f9b2c0a2aebfb7e9,2026-09-27,2026-09-27,10,
https://www.onsemi.com/download/data-sheet/pdf/ndt3055l-d.pdf,https://www.onsemi.com/download/data-sheet/pdf/ndt3055l-d.pdf,200,256266,8d9526cd3848e0540527e5a6891a85bbcb884d6e9449f0057369c7f5d33301f4,2026-09-27,2026-09-27,10,
https://www.onsemi.com/download/data-sheet/pdf/ndt451an-d.pdf,https://www.onsemi.com/download/data-sheet/pdf/ndt451an-d.pdf,200,490447,966f684e80d725c815f89284525e04418c685fdf9c34ffc7b1a0106104d4fee1,2026-09-27,2026-09-27,10,
https://www.onsemi.com/download/data-sheet/pdf/ndt452ap-d.pdf,https://www.onsemi.com/download/data-sheet/pdf/ndt452ap-d.pdf,200,205014,a2f4721bc26b6fd68385f5bb3174522fc6ecb32dce10b2f093f50190822a82a1,2026-09-27,2026-09-27,10,
https://www.onsemi.com/download/data-sheet/pdf/ndt454p-d.pdf,https://www.onsemi.com/download/data-sheet/pdf/ndt454p-d.pdf,200,436356,c7e606912f11d1a32f0106a8c8e0dc7f4212a7621ab186557b8f0393bf4e1e79,2026-09-27,2026-09-27,10,
https://www.onsemi.com/download/data-sheet/pdf/ne5517-d.pdf,https://www.onsemi.com/download/data-sheet/pdf/ne5517-d.pdf,200,292912,ffbad79e54fcb1d8a4acf55bd1c2a89d3718d63593e52a66d3fa58e16be62623,2026-09-27,2026-09-27,10,
https://www.onsemi.com/download/data-sheet/pdf/ne5532-d.pdf,https://www.onsemi.com/download/data-sheet/pdf/ne5532-d.pdf,200,196804,d2f1a2b8ffd27ba4eafbbfc1c1105a93c7e1a320fc97c23a9e4d2fcd99b34a58,2026-09-27,2026-09-27,10,
https://www.onsemi.com/download/data-sheet/pdf/ne5534-d.pdf,https://www.onsemi.com/download/data-sheet/pdf/ne5534-d.pdf,200,363230,5bf634319180f74465670667b172c697a8767558b0b17b22d96237331defecf2,2026-09-27,2026-09-27,10,
https://www.onsemi.com/download/data-sheet/pdf/ne570-d.pdf,https://www.onsemi.com/download/data-sheet/pdf/ne570-d.pdf,200,176329,080b318d5659608679220ba87e99dceb02423302235db26737c6230a875d7ec2,2026-09-27,2026-09-27,10,
https://www.onsemi.com/download/data-sheet/pdf/ne592-d.pdf,https://www.onsemi.com/download/data-sheet/pdf/ne592-d.pdf,200,378236,466c194ac649cc1283efcfa7eebceffc07437cd3ec597ea826ace1d536784bcb,2026-09-27,2026-09-27,10,
https://www.onsemi.com/download/data-sheet/pdf/niv1161-d.pdf,https://www.onsemi.com/download/data-sheet/pdf/niv1161-d.pdf,200,424812,8118ed10b8ed98963ba5211c9b56424c6e8cae9c74615e36efaddaa02ffa2a37,2026-09-27,2026-09-27,10,
https://www.onsemi.com/download/data-sheet/pdf/niv1241-d.pdf,https://www.onsemi.com/download/data-sheet/pdf/niv1241-d.pdf,200,234388,8b0c6b626a597bdabf37cd26207c2b953d837d917319424aea381b34047625aa,2026-09-27,2026-09-27,10,
https://www.onsemi.com/download/data-sheet/pdf/njd2873t4-d.pdf,https://www.onsemi.com/download/data-sheet/pdf/njd2873t4-d.pdf,200,278328,20b73f0fcf09cc41f6e8dfeb51824300b722a33c85e7ac4920c737c4dc1040d9,2026-09-27,2026-09-27,10,
https://www.onsemi.com/download/data-sheet/pdf/njd35n04-d.pdf,https://www.onsemi.com/download/data-sheet/pdf/njd35n04-d.pdf,200,241072,708ad6552eea7adfd4750919e2b01c885803c02d93a4b7618c420d50a735c287,2026-09-27,2026-09-27,10,
https://www.onsemi.com/download/data-sheet/pdf/njl0281d-d.pdf,https://www.onsemi.com/download/data-sheet/pdf/njl0281d-d.pdf,200,255372,ba6495cc8bf8a50da83686bb3cd9305ff4246712a92b79b48ff9adcd7a28ec14,2026-09-27,2026-09-27,10,
https://www.onsemi.com/download/data-sheet/pdf/njl3281d-d.pdf,https://www.onsemi.com/download/data-sheet/pdf/njl3281d-d.pdf,200,308866,ea9c0fd38f00b84c8af548455051c8149d7110b2a62ce413fd3152e441ddd4ce,2026-09-27,2026-09-27,10,
https://www.onsemi.com/download/data-sheet/pdf/njl4281d-d.pdf,https://www.onsemi.com/download/data-sheet/pdf/njl4281d-d.pdf,200,147182,2386b075ffc3211cb19edddae07e36365b1632763f673450c6550da8e228780a,2026-09-27,2026-09-27,10,
https://www.onsemi.com/download/data-sheet/pdf/njt4030p-d.pdf,https://www.onsemi.com/download/data-sheet/pdf/njt4030p-d.pdf,200,190309,c8cad57c04bf413c7bd3ac7618aa5431a937ddefd2a50db27579a4a9955fca06,2026-09-27,2026-09-27,10,
https://www.onsemi.com/download/data-sheet/pdf/njw0281-d.pdf,https://www.onsemi.com/download/data-sheet/pdf/njw0281-d.pdf,200,244650,27b9b2c2dd7b87b43fc2125a6aaa2cbccf1d8bcf5626cfd62a01273c68cbb6ed,2026-09-27,2026-09-27,10,
https://www.onsemi.com/download/data-sheet/pdf/njw3281-d.pdf,https://www.onsemi.com/download/data-sheet/pdf/njw3281-d.pdf,200,283723,c6adbfaa7be95fabe9c5ab4b7c6b51303fd40820ebaabc70b24022d5444ee202,2026-09-27,2026-09-27,10,
https://www.onsemi.com/download/data-sheet/pdf/noip1sn0480a-d.pdf,https://www.onsemi.com/download/data-sheet/pdf/noip1sn0480a-d.pdf,200,1842174,aaba6efe8ec55e917aba94b98a4d4d6dd9f4f10bef40a3fd60d05e86bae3efdd,2026-09-27,2026-09-27,10,
https://www.onsemi.com/download/data-sheet/pdf/nrvts1260emfs-d.pdf,https://www.onsemi.com/download/data-sheet/pdf/nrvts1260emfs-d.pdf,200,242369,7ea0e142ef2bd360cb1ce23348bda3782f30061f514e77c0e3dde405a467752c,2026-09-27,2026-09-27,10,
https://www.onsemi.com/download/data-sheet/pdf/nrvts245esf-d.pdf,https://www.onsemi.com/download/data-sheet/pdf/nrvts245esf-d.pdf,200,242523,45f0484496c0e8c84aa0836da85114b930eac06cc719e322d9850c824ce5ea3f,2026-09-27,2026-09-27,10,
https://www.onsemi.com/download/data-sheet/pdf/nrvts2h60esf-d.pdf,https://www.onsemi.com/download/data-sheet/pdf/nrvts2h60esf-d.pdf,200,257272,82ed2b404fd57f7fdb9d61fdbfcdfa7ba73373d4e35a8525832139f194a0e799,2026-09-27,2026-09-27,10,
https://www.onsemi.com/download/data-sheet/pdf/nrvts30100mfs-d.pdf,https://www.onsemi.com/download/data-sheet/pdf/nrvts30100mfs-d.pdf,200,205798,5be3894a6c0cabbd2ce9aa6a5dbc050402b6ca4a3bb049df2539b4f4afd3c827,2026-09-27,2026-09-27,10,
https://www.onsemi.com/download/data-sheet/pdf/nrvts360etfs-d.pdf,https://www.onsemi.com/download/data-sheet/pdf/nrvts360etfs-d.pdf,200,242064,5461bc6f61561b53e93ce6045c0019261fe751394901803cd5fbb855de5aea58,2026-09-27,2026-09-27,10,
https://www.onsemi.com/download/data-sheet/pdf/nrvts560emfs-d.pdf,https://www.onsemi.com/download/data-sheet/pdf/nrvts560emfs-d.pdf,200,242355,5089c358497e94e5eab0bc8a6eb8285372d187412a0f12a1c51293945128123e,2026-09-27,2026-09-27,10,
https://www.onsemi.com/download/data-sheet/pdf/nrvts560etfs-d.pdf,https://www.onsemi.com/download/data-sheet/pdf/nrvts560etfs-d.pdf,200,238477,2334ba5866b3cc6852886528be36a71405582bb83e463816439ab83a9a27a660,2026-09-27,2026-09-27,10,
https://www.onsemi.com/download/data-sheet/pdf/nrvts8120emfs-d.pdf,https://www.onsemi.com/download/data-sheet/pdf/nrvts8120emfs-d.pdf,200,238157,af8fbcf7d43483a2e9a814d38a561eef56930fbe912914593c69ca3b3aacbdbd,2026-09-27,2026-09-27,10,
https://www.onsemi.com/download/data-sheet/pdf/nrvts860emfs-d.pdf,https://www.onsemi.com/download/data-sheet/pdf/nrvts860emfs-d.pdf,200,242539,b1b8b80331cf2bfcacf1becf3fb3f81db8e903b058cfdd44f22979db2ff440b9,2026-09-27,2026-09-27,10,
https://www.onsemi.com/download/data-sheet/pdf/nrvtsa3100e-d.pdf,https://www.onsemi.com/download/data-sheet/pdf/nrvtsa3100e-d.pdf,200,232533,6fa0838f35d828343baaac4798291812b49e60af2f9a92c0d8f6ef714ad5edd3,2026-09-27,2026-09-27,10,
https://www.onsemi.com/download/data-sheet/pdf/nrvtsa4100e-d.pdf,https://www.onsemi.com/download/data-sheet/pdf/nrvtsa4100e-d.pdf,200,218773,3d26b7a1936dc3538f20eb78f824a252c00dec19aa4916bc3127d19a0ba4a162,2026-09-27,2026-09-27,10,
https://www.onsemi.com/download/data-sheet/pdf/nrvtss3100e-d.pdf,https://www.onsemi.com/download/data-sheet/pdf/nrvtss3100e-d.pdf,200,221042,af891ad86052ea9fc71a7795208bf7ca1e13244cf522bce53ab0975332b73e33,2026-09-27,2026-09-27,10,
https://www.onsemi.com/download/data-sheet/pdf/nrvtss5100e-d.pdf,https://www.onsemi.com/download/data-sheet/pdf/nrvtss5100e-d.pdf,200,288719,e056ce3106a26f350ee94dab01b0bec9de722e429518cfa0c287337c27354656,2026-09-27,2026-09-27,10,
https://www.onsemi.com/download/data-sheet/pdf/nsb9435t1-d.pdf,https://www.onsemi.com/download/data-sheet/pdf/nsb9435t1-d.pdf,200,195189,f26c6ad482498ce5d8f62c75cb1f5195094cb35c49f98ed641f089c5a8cbabe7,2026-09-27,2026-09-27,10,
https://www.onsemi.com/download/data-sheet/pdf/nsf2250wt1-d.pdf,https://www.onsemi.com/download/data-sheet/pdf/nsf2250wt1-d.pdf,200,162714,84f486b92e33414d1dbbd778ee5a61c54c9dad16c9f267493fb4ee3f18575913,2026-09-27,2026-09-27,10,
https://www.onsemi.com/download/data-sheet/pdf/nsl12tt1-d.pdf,https://www.onsemi.com/download/data-sheet/pdf/nsl12tt1-d.pdf,200,127495,1bca2a7a77775854b46fd3b991e1fbce3be4d5b479ab78c55f29f0b3bf1a05e3,2026-09-27,2026-09-27,10,
https://www.onsemi.com/download/data-sheet/pdf/nsr0170-d.pdf,https://www.onsemi.com/download/data-sheet/pdf/nsr0170-d.pdf,200,419975,cb09a404be93d08ecf1441aa068e06378e3c4e1d5827aa34773c35dfb356725b,2026-09-27,2026-09-27,10,
https://www.onsemi.com/download/data-sheet/pdf/nsr01f30mx-d.pdf,https://www.onsemi.com/download/data-sheet/pdf/nsr01f30mx-d.pdf,200,246061,9d78cfcaa8a13794a247e2621e5e7d7040113cf078cc22eb1fe9eaa29d4d8792,2026-09-27,2026-09-27,10,
https://www.onsemi.com/download/data-sheet/pdf/nsr02f30mx-d.pdf,https://www.onsemi.com/download/data-sheet/pdf/nsr02f30mx-d.pdf,200,250361,a04b87792b5c3871067f181071a543d1b1219ebd7dc8b7f6ad71336a646b190c,2026-09-27,2026-09-27,10,
https://www.onsemi.com/download/data-sheet/pdf/nsr0320mw2t1-d.pdf,https://www.onsemi.com/download/data-sheet/pdf/nsr0320mw2t1-d.pdf,200,172164,b73fd5ece38754fd0fd50c1cf2ff6ca83bc6627181913afffb5226527ffd633c,2026-09-27,2026-09-27,10,
https://www.onsemi.com/download/data-sheet/pdf/nsr0320xv6t1-d.pdf,https://www.onsemi.com/download/data-sheet/pdf/nsr0320xv6t1-d.pdf,200,259326,138c741f32a4307bf9670eafae8ed5d0607eacee11759403d184f55cf200fd23,2026-09-27,2026-09-27,10,
https://www.onsemi.com/download/data-sheet/pdf/nsr05301-d.pdf,https://www.onsemi.com/download/data-sheet/pdf/nsr05301-d.pdf,200,226998,f08d00799803c8aa92467e130ec7eb241e59503a1c5888e998b46d81c215fb0e,2026-09-27,2026-09-27,10,
https://www.onsemi.com/download/data-sheet/pdf/nsr0530h-d.pdf,https://www.onsemi.com/download/data-sheet/pdf/nsr0530h-d.pdf,200,214657,0359640282f21e307c4df5a2d487956f0d1a36b062c08bcf1bb701afa797cbb5,2026-09-27,2026-09-27,10,
https://www.onsemi.com/download/data-sheet/pdf/nsr05t304mx-d.pdf,https://www.onsemi.com/download/data-sheet/pdf/nsr05t304mx-d.pdf,200,205859,b57aa7d2a9dad8e28a9890b1335757564adf9078d60a3aa6c3c663357ad39e64,2026-09-27,2026-09-27,10,
https://www.onsemi.com/download/data-sheet/pdf/nsr05t30xv2-d.pdf,https://www.onsemi.com/download/data-sheet/pdf/nsr05t30xv2-d.pdf,200,190959,af6fd5cc1b057ca2eacfef0e0a416d6dadaef1c39002fab781c03287718b7593,2026-09-27,2026-09-27,10,
https://www.onsemi.com/download/data-sheet/pdf/nsr05t404mx-d.pdf,https://www.onsemi.com/download/data-sheet/pdf/nsr05t404mx-d.pdf,200,204774,1f9c4d57425ef04825f24205ad190033709b35d00f73f9093dbc65a627ab724b,2026-09-27,2026-09-27,10,
https://www.onsemi.com/download/data-sheet/pdf/nsr05t40p2-d.pdf,https://www.onsemi.com/download/data-sheet/pdf/nsr05t40p2-d.pdf,200,279981,74021e68f2e8dfea04edad0f1130cabb322c092e82e343fd843e6bad364290f6,2026-09-27,2026-09-27,10,
https://www.onsemi.com/download/data-sheet/pdf/nsr05t40xv2-d.pdf,https://www.onsemi.com/download/data-sheet/pdf/nsr05t40xv2-d.pdf,200,191232,33c1885816e644cefeb88a6bbe0b7e7e24e18bd8ad6b7493a0b36cfdbc10e23f,2026-09-27,2026-09-27,10,
https://www.onsemi.com/download/data-sheet/pdf/nsr2030dmx-d.pdf,https://www.onsemi.com/download/data-sheet/pdf/nsr2030dmx-d.pdf,200,222080,d6003b62fa988bc469ef8e542933ead10dd390cacb1a4221d43411e364e9e156,2026-09-27,2026-09-27,10,
https://www.onsemi.com/download/data-sheet/pdf/nsr30cm3t5g-d.pdf,https://www.onsemi.com/download/data-sheet/pdf/nsr30cm3t5g-d.pdf,200,230128,792432537df65e5ecd5e1d7241319fb55fe9972e47244d7e2e59cab4c5644c69,2026-09-27,2026-09-27,10,
https://www.onsemi.com/download/data-sheet/pdf/nss1c200mz4-d.pdf,https://www.onsemi.com/download/data-sheet/pdf/nss1c200mz4-d.pdf,200,199247,2e8892c02f3a85782f476c827754d91c00f255fb978dc517d2457b8a300422ab,2026-09-27,2026-09-27,10,
https://www.onsemi.com/download/data-sheet/pdf/nss1c201mz4-d.pdf,https://www.onsemi.com/download/data-sheet/pdf/nss1c201mz4-d.pdf,200,180219,739fdbc524d831e87d6a35ae775a62f2f5f858b439ce2d20ce9a370a2cbc7997,2026-09-27,2026-09-27,10,
https://www.onsemi.com/download/data-sheet/pdf/nss20200w6-d.pdf,https://www.onsemi.com/download/data-sheet/pdf/nss20200w6-d.pdf,200,214172,1771eed4a8a86e7a5183d53840b7f3069bd4b86255eee975a84da38963542669,2026-09-27,2026-09-27,10,
https://www.onsemi.com/download/data-sheet/pdf/nss30201mr6t1g-d.pdf,https://www.onsemi.com/download/data-sheet/pdf/nss30201mr6t1g-d.pdf,200,269242,61c6a6ce3c49ecaa5222ffc63d3cef264388541551cddd643187271f1186156a,2026-09-27,2026-09-27,10,
https://www.onsemi.com/download/data-sheet/pdf/nss35200cf8t1g-d.pdf,https://www.onsemi.com/download/data-sheet/pdf/nss35200cf8t1g-d.pdf,200,242432,764cad55ad57067d2cec77e54d051e259e62ec8e9ca2ccd584556c37c9c1d7d8,2026-09-27,2026-09-27,10,
https://www.onsemi.com/download/data-sheet/pdf/nss40300mz4-d.pdf,https://www.onsemi.com/download/data-sheet/pdf/nss40300mz4-d.pdf,200,197735,d0e6167f00062a385a58bf5734fdab2c3afaa8a6f8371c95a3761552c434846b,2026-09-27,2026-09-27,10,
https://www.onsemi.com/download/data-sheet/pdf/nss60100dmt-d.pdf,https://www.onsemi.com/download/data-sheet/pdf/nss60100dmt-d.pdf,200,274769,352be7831353a219f49b60ffb093eb00328f0cc826f66818fd3d210cc3784ebd,2026-09-27,2026-09-27,10,
https://www.onsemi.com/download/data-sheet/pdf/nst1602cl-d.pdf,https://www.onsemi.com/download/data-sheet/pdf/nst1602cl-d.pdf,200,421596,c44985589414baf441f3107e26eeb45c2f38aadddd7bb3c4d5f22f4329564f77,2026-09-27,2026-09-27,10,
https://www.onsemi.com/download/data-sheet/pdf/nst3904dxv6t1-d.pdf,https://www.onsemi.com/download/data-sheet/pdf/nst3904dxv6t1-d.pdf,200,220616,147df718739c6701f05ce8e769ffd615e0d378bfe69ea39fa7e7bbfa355e2395,2026-09-27,2026-09-27,10,
https://www.onsemi.com/download/data-sheet/pdf/nst3906dxv6t1-d.pdf,https://www.onsemi.com/download/data-sheet/pdf/nst3906dxv6t1-d.pdf,200,200877,5457a36c6dbb983edc62b5e4ff7dd2dcf19e029349e7b94c4bf84a7584c14f3f,2026-09-27,2026-09-27,10,
https://www.onsemi.com/download/data-sheet/pdf/nst3946dxv6t1-d.pdf,https://www.onsemi.com/download/data-sheet/pdf/nst3946dxv6t1-d.pdf,200,416308,3fd79a24439090d420955255a39e0980d9f82091db26b746ae1593959921c1cf,2026-09-27,2026-09-27,10,
https://www.onsemi.com/download/data-sheet/pdf/nsvf4015sg4-d.pdf,https://www.onsemi.com/download/data-sheet/pdf/nsvf4015sg4-d.pdf,200,227436,96c48f6e8a968e6f031a26bdd6f8906a37c119f34d0b62f2c76e6748648a79f6,2026-09-27,2026-09-27,10,
https://www.onsemi.com/download/data-sheet/pdf/nsvj2394sa3-d.pdf,https://www.onsemi.com/download/data-sheet/pdf/nsvj2394sa3-d.pdf,200,214391,af0c38110109c7c261098ad60a9c8bfa1410d4a3356deae9252d85744d1dfe6c,2026-09-27,2026-09-27,10,
https://www.onsemi.com/download/data-sheet/pdf/nsvj5908dsg5-d.pdf,https://www.onsemi.com/download/data-sheet/pdf/nsvj5908dsg5-d.pdf,200,208279,05896b1a71751cf9c2bf1877da1f29c966eb0560a619105d923fb16a834f39e0,2026-09-27,2026-09-27,10,
https://www.onsemi.com/download/data-sheet/pdf/nsvj6904dsb6-d.pdf,https://www.onsemi.com/download/data-sheet/pdf/nsvj6904dsb6-d.pdf,200,184072,952454c6ff5fd9afd446d682603316d9bc21629797122ca27dca65de782767cc,2026-09-27,2026-09-27,10,
https://www.onsemi.com/download/data-sheet/pdf/nsvs50030sb3-d.pdf,https://www.onsemi.com/download/data-sheet/pdf/nsvs50030sb3-d.pdf,200,165089,3fc30a8baa9bef0204b8903b9513f8fe60acda5f9584f7bb8217040e86554560,2026-09-27,2026-09-27,10,
https://www.onsemi.com/download/data-sheet/pdf/nsvt1418l-d.pdf,https://www.onsemi.com/download/data-sheet/pdf/nsvt1418l-d.pdf,200,201631,7b8d7131c43ca8145ed6996ffdc08bf38ed9ced0caa8b993a3210ab750f336c6,2026-09-27,2026-09-27,10,
https://www.onsemi.com/download/data-sheet/pdf/nta4151p-d.pdf,https://www.onsemi.com/download/data-sheet/pdf/nta4151p-d.pdf,200,414830,f90ab63d578547e965b4a67bb8c320be8d822a2664920e2a674ab2a273d68b00,2026-09-27,2026-09-27,10,
https://www.onsemi.com/download/data-sheet/pdf/ntb52n10-d.pdf,https://www.onsemi.com/download/data-sheet/pdf/ntb52n10-d.pdf,200,202910,97e03d1188224257f0f0b92e4a0fd0a22eed2fd5787f165054462a77456ccde1,2026-09-27,2026-09-27,10,
https://www.onsemi.com/download/data-sheet/pdf/ntd14n03r-d.pdf,https://www.onsemi.com/download/data-sheet/pdf/ntd14n03r-d.pdf,200,277438,e779ff1a473fd41fce206ff0d406b5ac7a2e41c7f8157d31865ccf489c277a22,2026-09-27,2026-09-27,10,
https://www.onsemi.com/download/data-sheet/pdf/ntd20n06-d.pdf,https://www.onsemi.com/download/data-sheet/pdf/ntd20n06-d.pdf,200,239318,46fd4ee47611c6ef9060725e942f2364886d644a8fb58c0682542fbff86c798d,2026-09-27,2026-09-27,10,
https://www.onsemi.com/download/data-sheet/pdf/ntd24n06l-d.pdf,https://www.onsemi.com/download/data-sheet/pdf/ntd24n06l-d.pdf,200,282648,51dbd1b96cab4b64b0c8aa89db5e1969701c7d481b1d4e3a5db9c976e5f638d9,2026-09-27,2026-09-27,10,
https://www.onsemi.com/download/data-sheet/pdf/ntd2955-d.pdf,https://www.onsemi.com/download/data-sheet/pdf/ntd2955-d.pdf,200,258495,7e231d07727a81d6e820302501008626d4205646eb646aefbf617ed1d83414b0,2026-09-27,2026-09-27,10,
https://www.onsemi.com/download/data-sheet/pdf/ntd3055-094-d.pdf,https://www.onsemi.com/download/data-sheet/pdf/ntd3055-094-d.pdf,200,341570,c90cbf368edeef90f7384e3bb642966415a884fada845538723771562f4a7575,2026-09-27,2026-09-27,10,
https://www.onsemi.com/download/data-sheet/pdf/ntd4302-d.pdf,https://www.onsemi.com/download/data-sheet/pdf/ntd4302-d.pdf,200,223529,b993920d27c82fab1599436c4791f3e6e057f55b6827292a4967e5a8ef20f48f,2026-09-27,2026-09-27,10,
https://www.onsemi.com/download/data-sheet/pdf/ntd4804n-d.pdf,https://www.onsemi.com/download/data-sheet/pdf/ntd4804n-d.pdf,200,339873,001a5c626ce0c2348978b259f54d6ef66947cc5c9b81e047151faf691f8772af,2026-09-27,2026-09-27,10,
https://www.onsemi.com/download/data-sheet/pdf/ntd4805n-d.pdf,https://www.onsemi.com/download/data-sheet/pdf/ntd4805n-d.pdf,200,296551,d38f2ae364e9c7a6a1af0bff3e69ed29c78a5a8d535dc7b1c9b2196d7ae38f9b,2026-09-27,2026-09-27,10,
https://www.onsemi.com/download/data-sheet/pdf/ntd4806n-d.pdf,https://www.onsemi.com/download/data-sheet/pdf/ntd4806n-d.pdf,200,339564,88564e4be1a866ec0ddef0b7e0557579209c225bc613980b03a23976d5bb439a,2026-09-27,2026-09-27,10,
https://www.onsemi.com/download/data-sheet/pdf/ntd4808n-d.pdf,https://www.onsemi.com/download/data-sheet/pdf/ntd4808n-d.pdf,200,225767,d59220fe5e8f7f0f294ef640fcbc849630f7442fa30192f9eee2fae3e22a5a66,2026-09-27,2026-09-27,10,
https://www.onsemi.com/download/data-sheet/pdf/ntd4809nh-d.pdf,https://www.onsemi.com/download/data-sheet/pdf/ntd4809nh-d.pdf,200,236543,5a348b4af6d38938a72d6c5b1e6b4f515f4c7b28c4a9666b3b452067ffd4f63f,2026-09-27,2026-09-27,10,
https://www.onsemi.com/download/data-sheet/pdf/ntd4810n-d.pdf,https://www.onsemi.com/download/data-sheet/pdf/ntd4810n-d.pdf,200,295815,6c864502e99acc4a69e36b31068f2f9fc05f0097708380dee94dcbc6f59a5449,2026-09-27,2026-09-27,10,
https://www.onsemi.com/download/data-sheet/pdf/ntd4815n-d.pdf,https://www.onsemi.com/download/data-sheet/pdf/ntd4815n-d.pdf,200,202930,065a6f7bd27f125abc22a9ff8564852cdcba6ce9d2927763bd1e59ceba4cbc05,2026-09-27,2026-09-27,10,
https://www.onsemi.com/download/data-sheet/pdf/ntd4854n-d.pdf,https://www.onsemi.com/download/data-sheet/pdf/ntd4854n-d.pdf,200,359678,e67b7d519d2f6f665b7a0ae3eae828c5b553e929889821a594e14838dedb9928,2026-09-27,2026-09-27,10,
https://www.onsemi.com/download/data-sheet/pdf/ntd4855n-d.pdf,https://www.onsemi.com/download/data-sheet/pdf/ntd4855n-d.pdf,200,325010,7dde4dba70f1f873aea5992d22a955bcf489e7a4d941960ee47c5c3a4493b6b1,2026-09-27,2026-09-27,10,
https://www.onsemi.com/download/data-sheet/pdf/ntd4857n.pdf,https://www.onsemi.com/download/data-sheet/pdf/ntd4857n.pdf,200,334419,9412ee9dad1eccf33a8b407919d8166728425d76afc621454909624baea70543,2026-09-27,2026-09-27,10,
https://www.onsemi.com/download/data-sheet/pdf/ntd4863n-d.pdf,https://www.onsemi.com/download/data-sheet/pdf/ntd4863n-d.pdf,200,173362,b6f6ec3736b8e9ddc65c33a88a123d1df332fe0c3d19d9e33454ffbaec5cc013,2026-09-27,2026-09-27,10,
https://www.onsemi.com/download/data-sheet/pdf/ntd4910n-d.pdf,https://www.onsemi.com/download/data-sheet/pdf/ntd4910n-d.pdf,200,226316,00dbbc79d123f41663fb9e0304665191af90bedd1f81d175831016077673c3fe,2026-09-27,2026-09-27,10,
https://www.onsemi.com/download/data-sheet/pdf/ntd4960n.pdf,https://www.onsemi.com/download/data-sheet/pdf/ntd4960n.pdf,200,298263,3010bb93343d9bc8ad610107859124caad157887aa2bd832902bab880d086c5f,2026-09-27,2026-09-27,10,
https://www.onsemi.com/download/data-sheet/pdf/ntd4963n-d.pdf,https://www.onsemi.com/download/data-sheet/pdf/ntd4963n-d.pdf,200,187790,cf7836173be83498dbbcd401e89e038bb96f4f71c1215edc625d3b7537cb679b,2026-09-27,2026-09-27,10,
https://www.onsemi.com/download/data-sheet/pdf/ntd4965n-d.pdf,https://www.onsemi.com/download/data-sheet/pdf/ntd4965n-d.pdf,200,199027,9c663a3ba3955e1ee2c6c415c503ce47be7e37282cffdb20406ee9ff90da4674,2026-09-27,2026-09-27,10,
https://www.onsemi.com/download/data-sheet/pdf/ntd4969n-d.pdf,https://www.onsemi.com/download/data-sheet/pdf/ntd4969n-d.pdf,200,261001,6544217700cb024d6267233edea157aea1cd77cc632c37a69ae272f9c22821e4,2026-09-27,2026-09-27,10,
https://www.onsemi.com/download/data-sheet/pdf/ntd4970n-d.pdf,https://www.onsemi.com/download/data-sheet/pdf/ntd4970n-d.pdf,200,198964,678c6227093ac80bb4e920443e61b8b4201c41df09532fc9ffa583df4035de6c,2026-09-27,2026-09-27,10,
https://www.onsemi.com/download/data-sheet/pdf/ntd5406n-d.pdf,https://www.onsemi.com/download/data-sheet/pdf/ntd5406n-d.pdf,200,179956,399afe926a4158b14d3abd9fe6e29a0cac4a881115db49862b452ad33b562745,2026-09-27,2026-09-27,10,
https://www.onsemi.com/download/data-sheet/pdf/ntd5407n-d.pdf,https://www.onsemi.com/download/data-sheet/pdf/ntd5407n-d.pdf,200,236385,319188587268de164b7d697f57210d6bc484b7db9f4c0466fc56703d64c6b32f,2026-09-27,2026-09-27,10,
https://www.onsemi.com/download/data-sheet/pdf/ntd5867nl-d.pdf,https://www.onsemi.com/download/data-sheet/pdf/ntd5867nl-d.pdf,200,272801,ef3a44177bbfeb33ad75f9542f80218300db211d94fe945b6aa2b3d7dd7b1ac0,2026-09-27,2026-09-27,10,
https://www.onsemi.com/download/data-sheet/pdf/ntd6415anl-d.pdf,https://www.onsemi.com/download/data-sheet/pdf/ntd6415anl-d.pdf,200,273369,19411ff90797da5107740641108d309dd66334690f228e6a1bf792861aa7e5cd,2026-09-27,2026-09-27,10,
https://www.onsemi.com/download/data-sheet/pdf/ntd6416an-d.pdf,https://www.onsemi.com/download/data-sheet/pdf/ntd6416an-d.pdf,200,262832,085c5d85c830f3a3e50324cbaa009cbf6e45904f0e172520af56828d9ac3f89e,2026-09-27,2026-09-27,10,
https://www.onsemi.com/download/data-sheet/pdf/ntd6416anl-d.pdf,https://www.onsemi.com/download/data-sheet/pdf/ntd6416anl-d.pdf,200,284323,5854946762f2fbfc75987cafca501ab2afc7b7d3053aafde36e87bc2f899157b,2026-09-27,2026-09-27,10,
https://www.onsemi.com/download/data-sheet/pdf/ntd80n02-d.pdf,https://www.onsemi.com/download/data-sheet/pdf/ntd80n02-d.pdf,200,180858,7d0d5315ef1eb928103e82b3df2b4c87131e08a393723cfe155f9b632383bd4a,2026-09-27,2026-09-27,10,
https://www.onsemi.com/download/data-sheet/pdf/ntf3055-100-d.pdf,https://www.onsemi.com/download/data-sheet/pdf/ntf3055-100-d.pdf,200,137392,fe455e4ea20760fddb528b01c14ec61448fc3221b00d79b17d87252cf42c8498,2026-09-27,2026-09-27,10,
https://www.onsemi.com/download/data-sheet/pdf/ntf3055-160-d.pdf,https://www.onsemi.com/download/data-sheet/pdf/ntf3055-160-d.pdf,200,117889,ea3a45d753fd1660ed1a1ebba015a191f2385141c7b221f90e8e3d665842c456,2026-09-27,2026-09-27,10,
https://www.onsemi.com/download/data-sheet/pdf/ntf3055l108-d.pdf,https://www.onsemi.com/download/data-sheet/pdf/ntf3055l108-d.pdf,200,279189,249c0b91aa45ea5404e8bcd59f2337501464b850e9c7c4877720627c57c0ef01,2026-09-27,2026-09-27,10,
https://www.onsemi.com/download/data-sheet/pdf/ntgd3147f-d.pdf,https://www.onsemi.com/download/data-sheet/pdf/ntgd3147f-d.pdf,200,205322,910eb35ab811f3fd5cebe5992568bfc44ed34b7b04c4dc74258a59534547b4d3,2026-09-27,2026-09-27,10,
https://www.onsemi.com/download/data-sheet/pdf/ntgd3148n-d.pdf,https://www.onsemi.com/download/data-sheet/pdf/ntgd3148n-d.pdf,200,243387,da5093e69df38010bf16baa7a9821280a3b8def0fddc5b97ec65ae1fa845dd18,2026-09-27,2026-09-27,10,
https://www.onsemi.com/download/data-sheet/pdf/ntgd4169f-d.pdf,https://www.onsemi.com/download/data-sheet/pdf/ntgd4169f-d.pdf,200,223524,aaac3febf3d61f830fcf1e6be7dc698d217e3bcf2ea24c0d6e27e1a1c80f06f1,2026-09-27,2026-09-27,10,
https://www.onsemi.com/download/data-sheet/pdf/ntgs3130n-d.pdf,https://www.onsemi.com/download/data-sheet/pdf/ntgs3130n-d.pdf,200,240841,cd4cba195dd1f13fa62fdd4c9b4600ae693f410a367628163e643e13396a7dfd,2026-09-27,2026-09-27,10,
https://www.onsemi.com/download/data-sheet/pdf/ntgs3441b-d.pdf,https://www.onsemi.com/download/data-sheet/pdf/ntgs3441b-d.pdf,200,218840,d312d34437a439ae1dbbe013a8c84c5644aa9618d30506138a97071217d3bb9d,2026-09-27,2026-09-27,10,
https://www.onsemi.com/download/data-sheet/pdf/ntgs3441t1-d.pdf,https://www.onsemi.com/download/data-sheet/pdf/ntgs3441t1-d.pdf,200,261413,46e7c5fc3386155cdc92388c132e8b6ceb3c08a51bd1d5eb9c1011882cf781b3,2026-09-27,2026-09-27,10,
https://www.onsemi.com/download/data-sheet/pdf/ntgs3443b-d.pdf,https://www.onsemi.com/download/data-sheet/pdf/ntgs3443b-d.pdf,200,220475,1271fa8f3836e1a39e379e8f0ea1ae507f2faaee2b3700506042f0c47a36f7e1,2026-09-27,2026-09-27,10,
https://www.onsemi.com/download/data-sheet/pdf/ntgs3443t1-d.pdf,https://www.onsemi.com/download/data-sheet/pdf/ntgs3443t1-d.pdf,200,262981,9db1cf4fb7e28ce984e412c0696c52683f5c26f171ef1d8e232bc1e9f18be2d6,2026-09-27,2026-09-27,10,
https://www.onsemi.com/download/data-sheet/pdf/nthd3133pf-d.pdf,https://www.onsemi.com/download/data-sheet/pdf/nthd3133pf-d.pdf,200,172152,5ffd239da868262ac017494e4c010aee0092920d466b9de0acaf3d06693e8765,2026-09-27,2026-09-27,10,
https://www.onsemi.com/download/data-sheet/pdf/nthd4p02f-d.pdf,https://www.onsemi.com/download/data-sheet/pdf/nthd4p02f-d.pdf,200,230540,efe66bfc35773cafd2ac948e30811b94a7559a11a2893faac04ec2908ec3a4c4,2026-09-27,2026-09-27,10,
https://www.onsemi.com/download/data-sheet/pdf/nthd5903t1-d.pdf,https://www.onsemi.com/download/data-sheet/pdf/nthd5903t1-d.pdf,200,148862,8252dc5d7bc6b1b6dadf9fdb1945809b63504ded27e7b381c499b4a186582454,2026-09-27,2026-09-27,10,
https://www.onsemi.com/download/data-sheet/pdf/nths5441t1-d.pdf,https://www.onsemi.com/download/data-sheet/pdf/nths5441t1-d.pdf,200,249225,01f4d2c663d1a5eada460bbd2235933fc2a7d2f90c5a7d5de0b2f370dcf9fa7a,2026-09-27,2026-09-27,10,
https://www.onsemi.com/download/data-sheet/pdf/nths5443t1-d.pdf,https://www.onsemi.com/download/data-sheet/pdf/nths5443t1-d.pdf,200,182209,b1a17a948b99f48086cef0c93e96a064191db8c92fb5fe0c9e016a23c703a6cd,2026-09-27,2026-09-27,10,
https://www.onsemi.com/download/data-sheet/pdf/ntjd1155l-d.pdf,https://www.onsemi.com/download/data-sheet/pdf/ntjd1155l-d.pdf,200,297541,afaa37a6fa18f8fff09457afb02d6ca520cca6d32a58b713756b26cfc31604ae,2026-09-27,2026-09-27,10,
https://www.onsemi.com/download/data-sheet/pdf/ntk3134n-d.pdf,https://www.onsemi.com/download/data-sheet/pdf/ntk3134n-d.pdf,200,235614,7e242200e449e6beb7a07c8c802034250bf4248b6a56c46aa6f305758bdf736d,2026-09-27,2026-09-27,10,
https://www.onsemi.com/download/data-sheet/pdf/ntk3139p-d.pdf,https://www.onsemi.com/download/data-sheet/pdf/ntk3139p-d.pdf,200,237936,8bcf758989e34809f1ede5ba00d6c6d98fb005e5e576d0b0438e1b079ea708fb,2026-09-27,2026-09-27,10,
https://www.onsemi.com/download/data-sheet/pdf/ntljd2104p-d.pdf,https://www.onsemi.com/download/data-sheet/pdf/ntljd2104p-d.pdf,200,197947,ff6c5cc53821d5d47f2b031e6d24159a91c8155529c289c7f1a420b541e34e9b,2026-09-27,2026-09-27,10,
https://www.onsemi.com/download/data-sheet/pdf/ntljd3115p-d.pdf,https://www.onsemi.com/download/data-sheet/pdf/ntljd3115p-d.pdf,200,430747,0314796230cb7dde06c45a172c0a494d2cdf77f1e56decac043ceb16a6ece4ea,2026-09-27,2026-09-27,10,
https://www.onsemi.com/download/data-sheet/pdf/ntljd3119c-d.pdf,https://www.onsemi.com/download/data-sheet/pdf/ntljd3119c-d.pdf,200,333069,78d4aff188be0eeb8c4dd37b36cc6b66c8934b11ddfa3dd14527707adb1fd8f5,2026-09-27,2026-09-27,10,
https://www.onsemi.com/download/data-sheet/pdf/ntljf4156n-d.pdf,https://www.onsemi.com/download/data-sheet/pdf/ntljf4156n-d.pdf,200,269369,1d5e9a4e0eab4cc838c577b65649884e7c8817aca2de3a3907e6b7aa1314f630,2026-09-27,2026-09-27,10,
https://www.onsemi.com/download/data-sheet/pdf/ntljs3113p-d.pdf,https://www.onsemi.com/download/data-sheet/pdf/ntljs3113p-d.pdf,200,204806,89a253ba11b87a7da847dda73044740056b2857658da59eca94864eb00d1c74f,2026-09-27,2026-09-27,10,
https://www.onsemi.com/download/data-sheet/pdf/ntljs4114n-d.pdf,https://www.onsemi.com/download/data-sheet/pdf/ntljs4114n-d.pdf,200,205969,a5eedbf4088a9993ed2e021f347966de8b08d3fa81f94935754352790c648002,2026-09-27,2026-09-27,10,
https://www.onsemi.com/download/data-sheet/pdf/ntljs4159n-d.pdf,https://www.onsemi.com/download/data-sheet/pdf/ntljs4159n-d.pdf,200,193306,152a6c30876d53e29435cfa3ba405c928ae653a79538f26759a292c92439ac99,2026-09-27,2026-09-27,10,
https://www.onsemi.com/download/data-sheet/pdf/ntlld4901nf-d.pdf,https://www.onsemi.com/download/data-sheet/pdf/ntlld4901nf-d.pdf,200,235104,abad147334b7626b87637ece2ad2a1c6623c8642088b2e29158f4785018e2d2a,2026-09-27,2026-09-27,10,
https://www.onsemi.com/download/data-sheet/pdf/ntlts3107p-d.pdf,https://www.onsemi.com/download/data-sheet/pdf/ntlts3107p-d.pdf,200,155505,ab1905e513655d3a71e3416a86c70a8c2697d2aaafb67d69f879602943942179,2026-09-27,2026-09-27,10,
https://www.onsemi.com/download/data-sheet/pdf/ntlus3192pz-d.pdf,https://www.onsemi.com/download/data-sheet/pdf/ntlus3192pz-d.pdf,200,221888,72a52411c8cab9076cfb6eb718c4a0ceadb7304070fcd7170223d0cb6b5c01d3,2026-09-27,2026-09-27,10,
https://www.onsemi.com/download/data-sheet/pdf/ntlus4195pz-d.pdf,https://www.onsemi.com/download/data-sheet/pdf/ntlus4195pz-d.pdf,200,241658,219f941444a073b6cba85bc8c5881636dbed18b144836b71520db7d9ecd442db,2026-09-27,2026-09-27,10,
https://www.onsemi.com/download/data-sheet/pdf/ntlus4930n-d.pdf,https://www.onsemi.com/download/data-sheet/pdf/ntlus4930n-d.pdf,200,213425,4d261a86f9bccc895fc32dceb6d50886e2bea6af09eaf2a66bb2295d395538dc,2026-09-27,2026-09-27,10,
https://www.onsemi.com/download/data-sheet/pdf/ntlus4c12n-d.pdf,https://www.onsemi.com/download/data-sheet/pdf/ntlus4c12n-d.pdf,200,213191,b320c16342cd48905ec890618a930c557a8100de9d12060c1e8c3e0aaf9ca648,2026-09-27,2026-09-27,10,
https://www.onsemi.com/download/data-sheet/pdf/ntmd2c02r2-d.pdf,https://www.onsemi.com/download/data-sheet/pdf/ntmd2c02r2-d.pdf,200,281232,3e6cb5a3ea6c8ed53fdda9c3993dbb1398fe00a2993f2c0f023d37f1e8516f66,2026-09-27,2026-09-27,10,
https://www.onsemi.com/download/data-sheet/pdf/ntmd4184pf-d.pdf,https://www.onsemi.com/download/data-sheet/pdf/ntmd4184pf-d.pdf,200,205632,c07dc20383b8479e819499c79df560797210faadc9e93f0e7153e0c72b5199ac,2026-09-27,2026-09-27,10,
https://www.onsemi.com/download/data-sheet/pdf/ntmd4884nf-d.pdf,https://www.onsemi.com/download/data-sheet/pdf/ntmd4884nf-d.pdf,200,176831,69a7d21553d274b312c2d2ec9b0fa26523936b00e2c6061631bebb9b3dd44b8c,2026-09-27,2026-09-27,10,
https://www.onsemi.com/download/data-sheet/pdf/ntmd4n03r2-d.pdf,https://www.onsemi.com/download/data-sheet/pdf/ntmd4n03r2-d.pdf,200,268534,c1b2049625ec225c2224b4f61543c336953a1bf57310feb96b354c5b1f37ab43,2026-09-27,2026-09-27,10,
https://www.onsemi.com/download/data-sheet/pdf/ntmd6p02r2-d.pdf,https://www.onsemi.com/download/data-sheet/pdf/ntmd6p02r2-d.pdf,200,275094,93ad898578ae34437f09cb043a27ea4a391c8a549f371e7bdc9d6d21896839e9,2026-09-27,2026-09-27,10,
https://www.onsemi.com/download/data-sheet/pdf/ntmfd4901nf-d.pdf,https://www.onsemi.com/download/data-sheet/pdf/ntmfd4901nf-d.pdf,200,214853,18d52ca04635b884b73c4d4952f6ba9d4728ed5a8982098cca47a9d0482d40d9,2026-09-27,2026-09-27,10,
https://www.onsemi.com/download/data-sheet/pdf/ntmfd4902nf-d.pdf,https://www.onsemi.com/download/data-sheet/pdf/ntmfd4902nf-d.pdf,200,210552,a6530968fca9fa854cfc17247ebd53562a3aa8b1d47a8dccc9f854dd18353a8e,2026-09-27,2026-09-27,10,
https://www.onsemi.com/download/data-sheet/pdf/ntmfs4119n-d.pdf,https://www.onsemi.com/download/data-sheet/pdf/ntmfs4119n-d.pdf,200,198693,b6d1f1d7741b63fba589d7a8fbef3df405195a4bc897c2891cdb2252787b941e,2026-09-27,2026-09-27,10,
https://www.onsemi.com/download/data-sheet/pdf/ntmfs4121n-d.pdf,https://www.onsemi.com/download/data-sheet/pdf/ntmfs4121n-d.pdf,200,206942,6f292f32bd4658c0eae73448666582bccd74d53ee9cd2df5b92dfe1d1696cb1a,2026-09-27,2026-09-27,10,
https://www.onsemi.com/download/data-sheet/pdf/ntmfs4122n-d.pdf,https://www.onsemi.com/download/data-sheet/pdf/ntmfs4122n-d.pdf,200,199989,1f22e32e8c53a97b909fa27379e9288239f08f8575666bb357c44407c684dabf,2026-09-27,2026-09-27,10,
https://www.onsemi.com/download/data-sheet/pdf/ntmfs4741n-d.pdf,https://www.onsemi.com/download/data-sheet/pdf/ntmfs4741n-d.pdf,200,146276,3a8a4dfc99f367b8ef26bd30550fe992f5ea9a8aeda106305328458ce751327a,2026-09-27,2026-09-27,10,
https://www.onsemi.com/download/data-sheet/pdf/ntmfs4744n-d.pdf,https://www.onsemi.com/download/data-sheet/pdf/ntmfs4744n-d.pdf,200,202258,6ef9356792513d6fb3a6d06497999594e175971f5c1168cfd227a705334f0c2c,2026-09-27,2026-09-27,10,
https://www.onsemi.com/download/data-sheet/pdf/ntmfs4825nfe-d.pdf,https://www.onsemi.com/download/data-sheet/pdf/ntmfs4825nfe-d.pdf,200,185741,c51bffcd999f242fbc058b34c33d714e1e47920bb00babda3bbc967d103b4094,2026-09-27,2026-09-27,10,
https://www.onsemi.com/download/data-sheet/pdf/ntmfs4834n-d.pdf,https://www.onsemi.com/download/data-sheet/pdf/ntmfs4834n-d.pdf,200,201194,9e6c6687817d898dd10fd37eac656613493a3f39446f3eba251fbce9ab16a6a6,2026-09-27,2026-09-27,10,
https://www.onsemi.com/download/data-sheet/pdf/ntmfs4837n-d.pdf,https://www.onsemi.com/download/data-sheet/pdf/ntmfs4837n-d.pdf,200,205480,df116ac3dd994092476374f6b4528c5f36219cc192d5b02df70b1cc8a1f5e33d,2026-09-27,2026-09-27,10,
https://www.onsemi.com/download/data-sheet/pdf/ntmfs4837nh-d.pdf,https://www.onsemi.com/download/data-sheet/pdf/ntmfs4837nh-d.pdf,200,195802,ae17f04049c996ea2f817c24f4e67050bbcf256ff8c5e64f5322b22c71f7ddf8,2026-09-27,2026-09-27,10,
https://www.onsemi.com/download/data-sheet/pdf/ntmfs4839n-d.pdf,https://www.onsemi.com/download/data-sheet/pdf/ntmfs4839n-d.pdf,200,190026,afdf8f1d0f8564278a1ad4e4bbbeecd773bc3135a71f28ad0dd737d0bd5dc924,2026-09-27,2026-09-27,10,
https://www.onsemi.com/download/data-sheet/pdf/ntmfs4841n-d.pdf,https://www.onsemi.com/download/data-sheet/pdf/ntmfs4841n-d.pdf,200,217691,c65011fb5f9678ba4b4a339eef44c9eb9867ffcb21f6d1a3840545ecd7c11d6d,2026-09-27,2026-09-27,10,
https://www.onsemi.com/download/data-sheet/pdf/ntmfs4852n-d.pdf,https://www.onsemi.com/download/data-sheet/pdf/ntmfs4852n-d.pdf,200,251702,c36899a9085e98750958d8a8c35f8cd16145b80cd445283eb01598425408e4ce,2026-09-27,2026-09-27,10,
https://www.onsemi.com/download/data-sheet/pdf/ntmfs4898nf-d.pdf,https://www.onsemi.com/download/data-sheet/pdf/ntmfs4898nf-d.pdf,200,186392,0c049f56ce4f166c31e2604c180b705d67c96c516c8ce1f68801ed3c92cb5752,2026-09-27,2026-09-27,10,
https://www.onsemi.com/download/data-sheet/pdf/ntmfs4899nf-d.pdf,https://www.onsemi.com/download/data-sheet/pdf/ntmfs4899nf-d.pdf,200,208158,f7aeb3a3e427eed44f3b4c1f972c1f7e59bdc94addb729b6666d3a664bb0bf73,2026-09-27,2026-09-27,10,
https://www.onsemi.com/download/data-sheet/pdf/ntmfs4921n.pdf,https://www.onsemi.com/download/data-sheet/pdf/ntmfs4921n.pdf,200,189147,85a8d5466856b1a072fa14dac6b2c500e56df9c3aa77f30febe76115249c76ad,2026-09-27,2026-09-27,10,
https://www.onsemi.com/download/data-sheet/pdf/ntmfs4922ne-d.pdf,https://www.onsemi.com/download/data-sheet/pdf/ntmfs4922ne-d.pdf,200,192178,6122b95a17cce80375ddeda9271dba448a9e1e4e217ac473bff02b60738020d2,2026-09-27,2026-09-27,10,
https://www.onsemi.com/download/data-sheet/pdf/ntmfs4923ne-d.pdf,https://www.onsemi.com/download/data-sheet/pdf/ntmfs4923ne-d.pdf,200,190210,a05d82643d30879b6f6818f27888ff19675ddf52ca51d926d6a1aa2e285dbd91,2026-09-27,2026-09-27,10,
https://www.onsemi.com/download/data-sheet/pdf/ntmfs4925n-d.pdf,https://www.onsemi.com/download/data-sheet/pdf/ntmfs4925n-d.pdf,200,205514,e72af3a1ff79987a92056f120699d78eae42bd48af6384fce33fce2abc21dd4f,2026-09-27,2026-09-27,10,
https://www.onsemi.com/download/data-sheet/pdf/ntmfs4926n-d.pdf,https://www.onsemi.com/download/data-sheet/pdf/ntmfs4926n-d.pdf,200,205491,b7de94ab8613e3df62b82fb079710151d8a1f0339ad5f98d3c1e04d325866d04,2026-09-27,2026-09-27,10,
https://www.onsemi.com/download/data-sheet/pdf/ntmfs4926ne-d.pdf,https://www.onsemi.com/download/data-sheet/pdf/ntmfs4926ne-d.pdf,200,189744,cb001df888b562e5131ec84ad2a4206f420b83abb6fd5ad9df2d78eb62468cd6,2026-09-27,2026-09-27,10,
https://www.onsemi.com/download/data-sheet/pdf/ntmfs4927n-d.pdf,https://www.onsemi.com/download/data-sheet/pdf/ntmfs4927n-d.pdf,200,205738,0a73f5089eb3b2394a5573aa36878b9f5fcb4c55f41e7829a30905f74b2f64a4,2026-09-27,2026-09-27,10,
https://www.onsemi.com/download/data-sheet/pdf/ntmfs4931n-d.pdf,https://www.onsemi.com/download/data-sheet/pdf/ntmfs4931n-d.pdf,200,214033,0ead843d1791f8bd7cf46d33c773520550c296d5edaebef7d3af36d524d1090f,2026-09-27,2026-09-27,10,
https://www.onsemi.com/download/data-sheet/pdf/ntmfs4934n-d.pdf,https://www.onsemi.com/download/data-sheet/pdf/ntmfs4934n-d.pdf,200,210324,e9371360139339e2c041e13b5951f68f92c1f37ad7da78f3f2b620534d313ebb,2026-09-27,2026-09-27,10,
https://www.onsemi.com/download/data-sheet/pdf/ntmfs4935n-d.pdf,https://www.onsemi.com/download/data-sheet/pdf/ntmfs4935n-d.pdf,200,207405,922500ff39fcb87859881aace8fbc1cdad40730094e80ef2b7324f0c8b813f14,2026-09-27,2026-09-27,10,
https://www.onsemi.com/download/data-sheet/pdf/ntmfs4936n-d.pdf,https://www.onsemi.com/download/data-sheet/pdf/ntmfs4936n-d.pdf,200,207263,5e1f37ee5ab4ca4e95dd927b1ce6558991f51f084071214419c35a895f3d528d,2026-09-27,2026-09-27,10,
https://www.onsemi.com/download/data-sheet/pdf/ntmfs4937n-d.pdf,https://www.onsemi.com/download/data-sheet/pdf/ntmfs4937n-d.pdf,200,207981,d29c19350e6273d08f87a112603e75384b4328f6fea1d563b314e191234f680c,2026-09-27,2026-09-27,10,
https://www.onsemi.com/download/data-sheet/pdf/ntmfs4939n-d.pdf,https://www.onsemi.com/download/data-sheet/pdf/ntmfs4939n-d.pdf,200,205711,8923654702dfc47e40d13f62eb32c47d6f972d0e3a3f88c7d3ebd1d6d6a35aaf,2026-09-27,2026-09-27,10,
https://www.onsemi.com/download/data-sheet/pdf/ntmfs4943n-d.pdf,https://www.onsemi.com/download/data-sheet/pdf/ntmfs4943n-d.pdf,200,190182,1c41a0e0fc2d29cbacb2c093b376a83553325f2ffabfd201c1b3da6390823f13,2026-09-27,2026-09-27,10,
https://www.onsemi.com/download/data-sheet/pdf/ntmfs4945n-d.pdf,https://www.onsemi.com/download/data-sheet/pdf/ntmfs4945n-d.pdf,200,187582,fb4d45710cd874592650b5f904f519b73633a9eee55ad422ce54a300130e4da0,2026-09-27,2026-09-27,10,
https://www.onsemi.com/download/data-sheet/pdf/ntmfs4983nf-d.pdf,https://www.onsemi.com/download/data-sheet/pdf/ntmfs4983nf-d.pdf,200,157490,e31b9043dea7613c51d56ed1786a0e7053cbde81087447816a0dc7be5f3e3171,2026-09-27,2026-09-27,10,
https://www.onsemi.com/download/data-sheet/pdf/ntmfs4985nf-d.pdf,https://www.onsemi.com/download/data-sheet/pdf/ntmfs4985nf-d.pdf,200,211870,e6ecbb13803a3bb2ba9d5f041ca526c146cfdb2678c67a128de76d2f06e6cc00,2026-09-27,2026-09-27,10,
https://www.onsemi.com/download/data-sheet/pdf/ntmfs4c08n-d.pdf,https://www.onsemi.com/download/data-sheet/pdf/ntmfs4c08n-d.pdf,200,276988,97111fdae2ee708773c32fcb13844066704876cfd50975df76f2b51d9d960d66,2026-09-27,2026-09-27,10,
https://www.onsemi.com/download/data-sheet/pdf/ntmfs4c09n-d.pdf,https://www.onsemi.com/download/data-sheet/pdf/ntmfs4c09n-d.pdf,200,281136,0a108823618c18b88ea64f5e32c1b1d440f86873cf961619cd779b992d1651c2,2026-09-27,2026-09-27,10,
https://www.onsemi.com/download/data-sheet/pdf/ntmfs4c10n-d.pdf,https://www.onsemi.com/download/data-sheet/pdf/ntmfs4c10n-d.pdf,200,196994,e0db0f3d6f802f4004fd006690d961057756a4d9eb5605f5ac88c12d4b475e82,2026-09-27,2026-09-27,10,
https://www.onsemi.com/download/data-sheet/pdf/ntmfs4c13n-d.pdf,https://www.onsemi.com/download/data-sheet/pdf/ntmfs4c13n-d.pdf,200,197860,d5d91f76dea5513a31eb40c1b6ea32e185cfeed1f46c7c2b4b686974b19a21b4,2026-09-27,2026-09-27,10,
https://www.onsemi.com/download/data-sheet/pdf/ntmfs5830nl-d.pdf,https://www.onsemi.com/download/data-sheet/pdf/ntmfs5830nl-d.pdf,200,184835,474f8ff75ec5f92fa921a7a2ae0703020228f5676bcb57f41dc8b75a6d1360d1,2026-09-27,2026-09-27,10,
https://www.onsemi.com/download/data-sheet/pdf/ntmfs5832nl-d.pdf,https://www.onsemi.com/download/data-sheet/pdf/ntmfs5832nl-d.pdf,200,200943,9074202d3082f6cfc096d98a9af2519bef75dfc2d8a7ee51d3c0e80431bd4c0e,2026-09-27,2026-09-27,10,
https://www.onsemi.com/download/data-sheet/pdf/ntmfs5c646nl-d.pdf,https://www.onsemi.com/download/data-sheet/pdf/ntmfs5c646nl-d.pdf,200,257583,ced6b2f7fc9fa14d9b120582445ebf7a6e2f803c27e4be60651779f072da33d2,2026-09-27,2026-09-27,10,
https://www.onsemi.com/download/data-sheet/pdf/ntms4177p-d.pdf,https://www.onsemi.com/download/data-sheet/pdf/ntms4177p-d.pdf,200,246644,d83bb9ffaf828bb24b8d3487ff4b22e1698d491f1f1f1804b3eafb099d6b464c,2026-09-27,2026-09-27,10,
https://www.onsemi.com/download/data-sheet/pdf/ntms4800n-d.pdf,https://www.onsemi.com/download/data-sheet/pdf/ntms4800n-d.pdf,200,213812,b528e8a5606a40a96085618ddc974f74e31af58f8255b6528ec9353627be5529,2026-09-27,2026-09-27,10,
https://www.onsemi.com/download/data-sheet/pdf/ntms4801n-d.pdf,https://www.onsemi.com/download/data-sheet/pdf/ntms4801n-d.pdf,200,208864,370bc8cd2e037cf6bcd9084efd3b8618de1a14b6c886eb4db27a58437a1c0ece,2026-09-27,2026-09-27,10,
https://www.onsemi.com/download/data-sheet/pdf/ntms4802n-d.pdf,https://www.onsemi.com/download/data-sheet/pdf/ntms4802n-d.pdf,200,208673,86462907d5f5cde041a44b2bb6ef0b230daa9bbf21942569856cd9bad762b75b,2026-09-27,2026-09-27,10,
https://www.onsemi.com/download/data-sheet/pdf/ntms4807n-d.pdf,https://www.onsemi.com/download/data-sheet/pdf/ntms4807n-d.pdf,200,207822,c47656593d72e06b6a4a43905de020fde50ee913e48349de65891fb49cd5fb69,2026-09-27,2026-09-27,10,
https://www.onsemi.com/download/data-sheet/pdf/ntms4840n-d.pdf,https://www.onsemi.com/download/data-sheet/pdf/ntms4840n-d.pdf,200,213634,7fc1ddff51162c31ae622f7a469797e1e7f973388ff6e5e2f3b35f46dee1fce9,2026-09-27,2026-09-27,10,
https://www.onsemi.com/download/data-sheet/pdf/ntms4916n-d.pdf,https://www.onsemi.com/download/data-sheet/pdf/ntms4916n-d.pdf,200,189252,efd4dc6cb0bb0a8d8d44a0d9d092049bae82c211904ed68dbede8aa7d01a1cf0,2026-09-27,2026-09-27,10,
https://www.onsemi.com/download/data-sheet/pdf/ntms4917n-d.pdf,https://www.onsemi.com/download/data-sheet/pdf/ntms4917n-d.pdf,200,171208,66aac45a2a07dd88043dfe1fe6aa280b0db8c0b676aa892c6101b56a66a34581,2026-09-27,2026-09-27,10,
https://www.onsemi.com/download/data-sheet/pdf/ntms4920n-d.pdf,https://www.onsemi.com/download/data-sheet/pdf/ntms4920n-d.pdf,200,211197,e45484f672efce785b43c62c8909c5b0034eed53de31c734a8de219bc0638bf5,2026-09-27,2026-09-27,10,
https://www.onsemi.com/download/data-sheet/pdf/ntms4935n-d.pdf,https://www.onsemi.com/download/data-sheet/pdf/ntms4935n-d.pdf,200,214402,4b3f2fd2b410f2e2614e864f6de5877e38feae31f42ed7be07ee382c3419be59,2026-09-27,2026-09-27,10,
https://www.onsemi.com/download/data-sheet/pdf/ntms4937n-d.pdf,https://www.onsemi.com/download/data-sheet/pdf/ntms4937n-d.pdf,200,209949,c8596d261c9561d3f3473fbb6598adf5a16c53b5c0588396e6fd4f46e030927b,2026-09-27,2026-09-27,10,
https://www.onsemi.com/download/data-sheet/pdf/ntms4939n-d.pdf,https://www.onsemi.com/download/data-sheet/pdf/ntms4939n-d.pdf,200,209779,d152241452ce50d5e4f0893b360804e054c89476976abaed5655578e916a17d9,2026-09-27,2026-09-27,10,
https://www.onsemi.com/download/data-sheet/pdf/ntms4n01r2-d.pdf,https://www.onsemi.com/download/data-sheet/pdf/ntms4n01r2-d.pdf,200,161977,03e54cc8f1deba5ff6831c91a249340f59e1a676e08c4563376a5bca42f00683,2026-09-27,2026-09-27,10,
https://www.onsemi.com/download/data-sheet/pdf/ntnd31211pz-d.pdf,https://www.onsemi.com/download/data-sheet/pdf/ntnd31211pz-d.pdf,200,239839,4d6da664c8c341f07ad27d1333e27a581e8c9919fc76490ad690af0fe01b65de,2026-09-27,2026-09-27,10,
https://www.onsemi.com/download/data-sheet/pdf/ntns0k8n021z-d.pdf,https://www.onsemi.com/download/data-sheet/pdf/ntns0k8n021z-d.pdf,200,198881,0b5f11e50e626b5f279bab201025a591b5c0769efc0f3b08af64dd8b2e8f0bc3,2026-09-27,2026-09-27,10,
https://www.onsemi.com/download/data-sheet/pdf/ntnus3171pz-d.pdf,https://www.onsemi.com/download/data-sheet/pdf/ntnus3171pz-d.pdf,200,321311,4461cef8c31b9a3e20bc81b1fa034b0103c92a32ffd5bc2280b23fabfe159209,2026-09-27,2026-09-27,10,
https://www.onsemi.com/download/data-sheet/pdf/ntp18n06l-d.pdf,https://www.onsemi.com/download/data-sheet/pdf/ntp18n06l-d.pdf,200,144711,b2105888f28c488598358a75b1ef0c1d3e02d96fbfe0c0b31842c6b3cbc3b547,2026-09-27,2026-09-27,10,
https://www.onsemi.com/download/data-sheet/pdf/ntp27n06-d.pdf,https://www.onsemi.com/download/data-sheet/pdf/ntp27n06-d.pdf,200,130071,6e2c76d7cd63c7b5c39437a06d526a411e2a2cde8694ef63a8eedc64f7db1801,2026-09-27,2026-09-27,10,
https://www.onsemi.com/download/data-sheet/pdf/ntp30n06-d.pdf,https://www.onsemi.com/download/data-sheet/pdf/ntp30n06-d.pdf,200,136992,9e526a4ffdaa01387c0df1cc07c496ac31cd03763784a6a9be20ed29953c13d4,2026-09-27,2026-09-27,10,
https://www.onsemi.com/download/data-sheet/pdf/ntp45n06-d.pdf,https://www.onsemi.com/download/data-sheet/pdf/ntp45n06-d.pdf,200,133057,668ff436bf7841d117d378268939476356c260f263bfe78a7b69f025bd16a7df,2026-09-27,2026-09-27,10,
https://www.onsemi.com/download/data-sheet/pdf/ntp60n06-d.pdf,https://www.onsemi.com/download/data-sheet/pdf/ntp60n06-d.pdf,200,148718,bf7753a1026cd14a3472d0aa7534ad8f681f227865b72f62321515a4877cdf77,2026-09-27,2026-09-27,10,
https://www.onsemi.com/download/data-sheet/pdf/ntp75n03-06-d.pdf,https://www.onsemi.com/download/data-sheet/pdf/ntp75n03-06-d.pdf,200,133414,445088c134c3e8fa07d5195df3b10de065edab6594945e2cb2912d9b9c492c80,2026-09-27,2026-09-27,10,
https://www.onsemi.com/download/data-sheet/pdf/ntqs6463-d.pdf,https://www.onsemi.com/download/data-sheet/pdf/ntqs6463-d.pdf,200,174236,d6427bd3f573d89f63e66d4b5088e432300d01467fdf3975495cd7f82f4e4287,2026-09-27,2026-09-27,10,
https://www.onsemi.com/download/data-sheet/pdf/ntr1p02lt1-d.pdf,https://www.onsemi.com/download/data-sheet/pdf/ntr1p02lt1-d.pdf,200,259076,d126bfc217fc883238bf5a1d1ed83baac53e92c42802bb017e370dc743951e42,2026-09-27,2026-09-27,10,
https://www.onsemi.com/download/data-sheet/pdf/ntr3162p-d.pdf,https://www.onsemi.com/download/data-sheet/pdf/ntr3162p-d.pdf,200,356617,3fc0dc3d1dce13169ba8b24c6cf03889e3b15433ad3b9969186f4d3ee393b165,2026-09-27,2026-09-27,10,
https://www.onsemi.com/download/data-sheet/pdf/ntr3c21nz-d.pdf,https://www.onsemi.com/download/data-sheet/pdf/ntr3c21nz-d.pdf,200,272374,9280a29ce35ac459ed9335c7dad39e1e31e4335141921399cdb79309948bf662,2026-09-27,2026-09-27,10,
https://www.onsemi.com/download/data-sheet/pdf/ntr4003n-d.pdf,https://www.onsemi.com/download/data-sheet/pdf/ntr4003n-d.pdf,200,259646,6c0fb9fbbb23566183f6897876fd6327109de4b9d50ee7eab281d284ed3c3b1a,2026-09-27,2026-09-27,10,
https://www.onsemi.com/download/data-sheet/pdf/ntr4171p-d.pdf,https://www.onsemi.com/download/data-sheet/pdf/ntr4171p-d.pdf,200,237886,56b3006b53a49e11da14f6284c9a68e8134388074649eafd1b80c57350f4beb9,2026-09-27,2026-09-27,10,
https://www.onsemi.com/download/data-sheet/pdf/ntr5105p-d.pdf,https://www.onsemi.com/download/data-sheet/pdf/ntr5105p-d.pdf,200,224324,c7b207014d41a11aa89f4bd70e13aaaddbe0aea3d2734ee77f9093e6050f5864,2026-09-27,2026-09-27,10,
https://www.onsemi.com/download/data-sheet/pdf/ntr5198nl-d.pdf,https://www.onsemi.com/download/data-sheet/pdf/ntr5198nl-d.pdf,200,256322,e43448eb33f00235f36e01a367a249e2e6aef3383c671ded1db1eb99bb05aec0,2026-09-27,2026-09-27,10,
https://www.onsemi.com/download/data-sheet/pdf/nts10100emfs-d.pdf,https://www.onsemi.com/download/data-sheet/pdf/nts10100emfs-d.pdf,200,238096,46c79291fce9ff00aeda0cb971edcece92c45f6971f79e6202deb805ea5ad938,2026-09-27,2026-09-27,10,
https://www.onsemi.com/download/data-sheet/pdf/nts12120mfs-d.pdf,https://www.onsemi.com/download/data-sheet/pdf/nts12120mfs-d.pdf,200,238017,c193900ceec0e25a8768afa3747350752491dd73e1dae6584420780d28ce614a,2026-09-27,2026-09-27,10,
https://www.onsemi.com/download/data-sheet/pdf/nts1260mfs-d.pdf,https://www.onsemi.com/download/data-sheet/pdf/nts1260mfs-d.pdf,200,138236,f96119688e24c8a0cb6658bb894fbf2bb43876cea24f89a7371517d6638b52a7,2026-09-27,2026-09-27,10,
https://www.onsemi.com/download/data-sheet/pdf/nts1545emfs-d.pdf,https://www.onsemi.com/download/data-sheet/pdf/nts1545emfs-d.pdf,200,239375,8f6c32f2017b9463fbbc7b6a93e68c7e7cb0ae5cf2955af1a183ee41fd61caf3,2026-09-27,2026-09-27,10,
https://www.onsemi.com/download/data-sheet/pdf/nts245sf-d.pdf,https://www.onsemi.com/download/data-sheet/pdf/nts245sf-d.pdf,200,137778,9b8b897a27408a15b7e8959bf0433a55047ad64c4f959c260406a27f55a37d2c,2026-09-27,2026-09-27,10,
https://www.onsemi.com/download/data-sheet/pdf/nts260sf-d.pdf,https://www.onsemi.com/download/data-sheet/pdf/nts260sf-d.pdf,200,134575,5e15c422cb0139e49b7e0ddce175af080c876d629b238b8cc4951abbd8e6b6c6,2026-09-27,2026-09-27,10,
https://www.onsemi.com/download/data-sheet/pdf/nts4409n-d.pdf,https://www.onsemi.com/download/data-sheet/pdf/nts4409n-d.pdf,200,247836,2133967833c9497f401847565a1062b3d4c162b31fbba8d4ffb0e62c5605a87b,2026-09-27,2026-09-27,10,
https://www.onsemi.com/download/data-sheet/pdf/nts560mfs-d.pdf,https://www.onsemi.com/download/data-sheet/pdf/nts560mfs-d.pdf,200,192442,291cc51f5251d381b2b8ea234f312ced28c0fbce50cf5938c707a9d57bdf603f,2026-09-27,2026-09-27,10,
https://www.onsemi.com/download/data-sheet/pdf/nts8100mfs-d.pdf,https://www.onsemi.com/download/data-sheet/pdf/nts8100mfs-d.pdf,200,232220,98040a63013fdd949c1ac3cb46ff429642d09894833aee743d9830acaf68c323,2026-09-27,2026-09-27,10,
https://www.onsemi.com/download/data-sheet/pdf/nts860mfs-d.pdf,https://www.onsemi.com/download/data-sheet/pdf/nts860mfs-d.pdf,200,138065,c24f22a9be24bb3f3f2d0ac07ad0f6dbdf307424f4f1c0acdf3fe5e6d7b08606,2026-09-27,2026-09-27,10,
https://www.onsemi.com/download/data-sheet/pdf/ntsa4100-d.pdf,https://www.onsemi.com/download/data-sheet/pdf/ntsa4100-d.pdf,200,220907,48cb56976f88f14aa127675d5f49d09f1a0458c1417716464c7abe9512fb2462,2026-09-27,2026-09-27,10,
https://www.onsemi.com/download/data-sheet/pdf/ntsaf345-d.pdf,https://www.onsemi.com/download/data-sheet/pdf/ntsaf345-d.pdf,200,237455,3c3a1e1957e210f568ab9ff6e10fed2486291607b7573f772b0905cbc383bb31,2026-09-27,2026-09-27,10,
https://www.onsemi.com/download/data-sheet/pdf/ntsaf545-d.pdf,https://www.onsemi.com/download/data-sheet/pdf/ntsaf545-d.pdf,200,186364,78cfcefc507b36833cfcebad089011e783eb49a31af217e2cd647012ddd6fcd5,2026-09-27,2026-09-27,10,
https://www.onsemi.com/download/data-sheet/pdf/ntss3100-d.pdf,https://www.onsemi.com/download/data-sheet/pdf/ntss3100-d.pdf,200,131731,14ce9d5e805541cfd2deff88bb02731da354e9a241b87b41849d314ab9375f9f,2026-09-27,2026-09-27,10,
https://www.onsemi.com/download/data-sheet/pdf/ntss5100-d.pdf,https://www.onsemi.com/download/data-sheet/pdf/ntss5100-d.pdf,200,240544,dd21db6f0bcf0e20dc9e366d6b96aacf170bd91c108ed5d6a29e1323d02e01f4,2026-09-27,2026-09-27,10,
https://www.onsemi.com/download/data-sheet/pdf/ntst60100ct-d.pdf,https://www.onsemi.com/download/data-sheet/pdf/ntst60100ct-d.pdf,200,251339,a607946dbb5c5a9e20690f22dcf888801cdf435e6ed23e2d47934278d81ad504,2026-09-27,2026-09-27,10,
https://www.onsemi.com/download/data-sheet/pdf/nttfs4821n-d.pdf,https://www.onsemi.com/download/data-sheet/pdf/nttfs4821n-d.pdf,200,199736,af9b53cea5b5e22e8e8f23c27e4d7994c35cce0860cfc49ff969997e748c20fe,2026-09-27,2026-09-27,10,
https://www.onsemi.com/download/data-sheet/pdf/nttfs4824n-d.pdf,https://www.onsemi.com/download/data-sheet/pdf/nttfs4824n-d.pdf,200,199843,0e2a5c36621cced96df20b7d2172f6b383c9cf4b0bc1756084dd55670d9149dd,2026-09-27,2026-09-27,10,
https://www.onsemi.com/download/data-sheet/pdf/nttfs4929n-d.pdf,https://www.onsemi.com/download/data-sheet/pdf/nttfs4929n-d.pdf,200,211243,5a108287d8b5cae008711147a786a62f9ab7906af6f826faefca48d93fb2ecc1,2026-09-27,2026-09-27,10,
https://www.onsemi.com/download/data-sheet/pdf/nttfs4937n-d.pdf,https://www.onsemi.com/download/data-sheet/pdf/nttfs4937n-d.pdf,200,207708,3485784c55902fb7be77b894d66c9adc07c1474e2dbc9bc00f7c7d7933ff7a65,2026-09-27,2026-09-27,10,
https://www.onsemi.com/download/data-sheet/pdf/nttfs4939n-d.pdf,https://www.onsemi.com/download/data-sheet/pdf/nttfs4939n-d.pdf,200,206225,260307dd54d15ce94fece1d996520fc2cdacb130a2ee648ff5d65f254f55f244,2026-09-27,2026-09-27,10,
https://www.onsemi.com/download/data-sheet/pdf/nttfs4941n-d.pdf,https://www.onsemi.com/download/data-sheet/pdf/nttfs4941n-d.pdf,200,205833,3cdb5abe6ae9d75232606c9915dc64016dc3e9fec5355e10859c6b1bf08e30a5,2026-09-27,2026-09-27,10,
https://www.onsemi.com/download/data-sheet/pdf/nttfs4943n-d.pdf,https://www.onsemi.com/download/data-sheet/pdf/nttfs4943n-d.pdf,200,193259,dffe53ce8e3affa924acdd2652f8973d102ce6266e5c72a9031d5ef16f704173,2026-09-27,2026-09-27,10,
https://www.onsemi.com/download/data-sheet/pdf/nttfs4945n-d.pdf,https://www.onsemi.com/download/data-sheet/pdf/nttfs4945n-d.pdf,200,191183,c8669d619d68ee1dd3197d02e620df22c31c90e809d4f3d4ba3622eaebd254ba,2026-09-27,2026-09-27,10,
https://www.onsemi.com/download/data-sheet/pdf/nttfs4985nf-d.pdf,https://www.onsemi.com/download/data-sheet/pdf/nttfs4985nf-d.pdf,200,213382,9e75d0f592770942a636af00f0446a62b664e2e802cd7f19a4d39c8d0fc2a886,2026-09-27,2026-09-27,10,
https://www.onsemi.com/download/data-sheet/pdf/nttfs4c05n-d.pdf,https://www.onsemi.com/download/data-sheet/pdf/nttfs4c05n-d.pdf,200,281185,9d5145795d6337865c92d0b04a8bfa451cde185e70ca21893f2c281398f04884,2026-09-27,2026-09-27,10,
https://www.onsemi.com/download/data-sheet/pdf/nttfs4c10n-d.pdf,https://www.onsemi.com/download/data-sheet/pdf/nttfs4c10n-d.pdf,200,298100,2a63579bad565bcd72fd59552e645293aa5db7d19942570d4062a15b712731cb,2026-09-27,2026-09-27,10,
https://www.onsemi.com/download/data-sheet/pdf/nttfs5116pl-d.pdf,https://www.onsemi.com/download/data-sheet/pdf/nttfs5116pl-d.pdf,200,219939,fe7bc0aa68f3d5dc407d652b44a6228b534a7781c45c3e5ab3622d61589413fc,2026-09-27,2026-09-27,10,
https://www.onsemi.com/download/data-sheet/pdf/nttfs5811nl-d.pdf,https://www.onsemi.com/download/data-sheet/pdf/nttfs5811nl-d.pdf,200,208140,faf69df22a60e53e3a0baca2cc0a9f470a08bcf1384e6948de162ec52ec270e0,2026-09-27,2026-09-27,10,
https://www.onsemi.com/download/data-sheet/pdf/nttfs5820nl-d.pdf,https://www.onsemi.com/download/data-sheet/pdf/nttfs5820nl-d.pdf,200,198084,ad221285ca908cd1b2e2de39dcd870a9eb2e18779a2787c989d765fc973d1382,2026-09-27,2026-09-27,10,
https://www.onsemi.com/download/data-sheet/pdf/ntud3127c-d.pdf,https://www.onsemi.com/download/data-sheet/pdf/ntud3127c-d.pdf,200,190438,147ee5d208cf0ed262be46230259d12d551272a249395cd5569f4bf85f920db5,2026-09-27,2026-09-27,10,
https://www.onsemi.com/download/data-sheet/pdf/ntud3169cz-d.pdf,https://www.onsemi.com/download/data-sheet/pdf/ntud3169cz-d.pdf,200,353525,2b8fe0f3418ea4d5a5f6055aa22e98343b9ac57ccfe9fe9b587375df9f5b0064,2026-09-27,2026-09-27,10,
https://www.onsemi.com/download/data-sheet/pdf/ntud3170nz-d.pdf,https://www.onsemi.com/download/data-sheet/pdf/ntud3170nz-d.pdf,200,293696,1ade5ffb013d6da754886813c0c1c5caffff18fa2abc07688f59fe3cb72688ff,2026-09-27,2026-09-27,10,
https://www.onsemi.com/download/data-sheet/pdf/nud4001-d.pdf,https://www.onsemi.com/download/data-sheet/pdf/nud4001-d.pdf,200,195714,52aeb22ef4658725be2dda72bf1970f877e3f82d5ff0e5fa5c24e2d500174aa6,2026-09-27,2026-09-27,10,
https://www.onsemi.com/download/data-sheet/pdf/nuf4220mn-d.pdf,https://www.onsemi.com/download/data-sheet/pdf/nuf4220mn-d.pdf,200,300224,fbcba8e74c5f677bf9ecd2da119d3a67ffe04756ea0195e263454a11329cdf47,2026-09-27,2026-09-27,10,
https://www.onsemi.com/download/data-sheet/pdf/nup2105l-d.pdf,https://www.onsemi.com/download/data-sheet/pdf/nup2105l-d.pdf,200,594955,343910d714968552e47274a77c29fbf31e64ccb47cbd5ff271691539cb73ca53,2026-09-27,2026-09-27,10,
https://www.onsemi.com/download/data-sheet/pdf/nvd5117pl-d.pdf,https://www.onsemi.com/download/data-sheet/pdf/nvd5117pl-d.pdf,200,217879,b0b5727eec4d9a9b87d68ce91e1d544689be033ac13a34225d52f85eb3de46a1,2026-09-27,2026-09-27,10,
https://www.onsemi.com/download/data-sheet/pdf/nvd5484nl-d.pdf,https://www.onsemi.com/download/data-sheet/pdf/nvd5484nl-d.pdf,200,205132,9e5d01b8d467365f702bcc35277a0899818956ddb1ba5094659384af01285401,2026-09-27,2026-09-27,10,
https://www.onsemi.com/download/data-sheet/pdf/nvd5490nl-d.pdf,https://www.onsemi.com/download/data-sheet/pdf/nvd5490nl-d.pdf,200,218101,44ef08d78706be3cbde76aa4af65d1694224da18153e782889879647be93bfd8,2026-09-27,2026-09-27,10,
https://www.onsemi.com/download/data-sheet/pdf/nvd5803n-d.pdf,https://www.onsemi.com/download/data-sheet/pdf/nvd5803n-d.pdf,200,158965,b5a31351c6a0cb8859e26dd6d5df29c38b79930603b366ebdbfa9487ea3c4198,2026-09-27,2026-09-27,10,
https://www.onsemi.com/download/data-sheet/pdf/nvd5865nl-d.pdf,https://www.onsemi.com/download/data-sheet/pdf/nvd5865nl-d.pdf,200,346874,bccdd81a81a5f8edcdb44e6083843ca4a2aee1951b3cd496d06f93a085af9b07,2026-09-27,2026-09-27,10,
https://www.onsemi.com/download/data-sheet/pdf/nvd5890nl-d.pdf,https://www.onsemi.com/download/data-sheet/pdf/nvd5890nl-d.pdf,200,223848,cb42bb73508a97de7432f650f4bdff5467f3774312399fe1cdc9b9d60944a576,2026-09-27,2026-09-27,10,
https://www.onsemi.com/download/data-sheet/pdf/nvmfd5852nl-d.pdf,https://www.onsemi.com/download/data-sheet/pdf/nvmfd5852nl-d.pdf,200,131514,adc0d298cf334e147d35840588a6c19a65609bee0d873669501fda33b6447942,2026-09-27,2026-09-27,10,
https://www.onsemi.com/download/data-sheet/pdf/nvmfd5873nl-d.pdf,https://www.onsemi.com/download/data-sheet/pdf/nvmfd5873nl-d.pdf,200,240761,e1471f64b45b30974d3631804bc76aeb757ab6152cdfd07a133d73c0657147e8,2026-09-27,2026-09-27,10,
https://www.onsemi.com/download/data-sheet/pdf/nvmfs5826nl-d.pdf,https://www.onsemi.com/download/data-sheet/pdf/nvmfs5826nl-d.pdf,200,187107,2b4d350c15f6bd19e35bbbe0bd7e0cded6e4269a9333a64672ddb3f70ba3f1b8,2026-09-27,2026-09-27,10,
https://www.onsemi.com/download/data-sheet/pdf/nvmfs5830nl-d.pdf,https://www.onsemi.com/download/data-sheet/pdf/nvmfs5830nl-d.pdf,200,397724,cef09c2bf8749e355225616a0100adfe83a9723a8fb47139f3fda578c6be2866,2026-09-27,2026-09-27,10,
https://www.onsemi.com/download/data-sheet/pdf/nvmfs5832nl-d.pdf,https://www.onsemi.com/download/data-sheet/pdf/nvmfs5832nl-d.pdf,200,380025,7ff5a5095b8ac982dfadd83def4cc59068f29d025733b3630cfe7557d0dd3fd6,2026-09-27,2026-09-27,10,
https://www.onsemi.com/download/data-sheet/pdf/nvmfs6h864nl-d.pdf,https://www.onsemi.com/download/data-sheet/pdf/nvmfs6h864nl-d.pdf,200,367828,c8cca375dfb872ac77a59fff202aa1dba7f321e96cbe9642423f3fc4af95f595,2026-09-27,2026-09-27,10,
https://www.onsemi.com/download/data-sheet/pdf/nvnjws1k6n061l-d.pdf,https://www.onsemi.com/download/data-sheet/pdf/nvnjws1k6n061l-d.pdf,200,200557,497cb36f9d9b33e0a4f5ee2f8c18abb643794e74c7d0d0bf097c09647069774d,2026-09-27,2026-09-27,10,
https://www.onsemi.com/download/data-sheet/pdf/nvnjws200n031l-d.pdf,https://www.onsemi.com/download/data-sheet/pdf/nvnjws200n031l-d.pdf,200,191783,10d91f7335a72bcdde5ea84795445df8aff78c6f4e1b6598d2a91b7510999c6a,2026-09-27,2026-09-27,10,
https://www.onsemi.com/download/data-sheet/pdf/nvnjws5k0p061l-d.pdf,https://www.onsemi.com/download/data-sheet/pdf/nvnjws5k0p061l-d.pdf,200,192925,1bc30ea3d00fb1ee98f0230afedcf0dacac0f2f8c40cbde48e2892fa56229303,2026-09-27,2026-09-27,10,
https://www.onsemi.com/download/data-sheet/pdf/nvr5124pl-d.pdf,https://www.onsemi.com/download/data-sheet/pdf/nvr5124pl-d.pdf,200,203823,1fa9f40e4d6d18518af045c576266c03f97a027e90bf311f99edbee1c70751c5,2026-09-27,2026-09-27,10,
https://www.onsemi.com/download/data-sheet/pdf/nvr5198nl-d.pdf,https://www.onsemi.com/download/data-sheet/pdf/nvr5198nl-d.pdf,200,299640,332b0fd52d27baca22d5396187352485c1662aa580d0a8989c8beae21ca8849a,2026-09-27,2026-09-27,10,
https://www.onsemi.com/download/data-sheet/pdf/nvtfs5124pl-d.pdf,https://www.onsemi.com/download/data-sheet/pdf/nvtfs5124pl-d.pdf,200,274270,0ac6564f4edc2f2bf2b30c0530e29a89701127e8d3fd4e307cfb4426ad3310eb,2026-09-27,2026-09-27,10,
https://www.onsemi.com/download/data-sheet/pdf/nvtfs5826nl-d.pdf,https://www.onsemi.com/download/data-sheet/pdf/nvtfs5826nl-d.pdf,200,342296,21918b0fa4380ce67e0a22b073d81b03dcc1180cfe930e2c8d845aa10fd93090,2026-09-27,2026-09-27,10,
https://www.onsemi.com/download/data-sheet/pdf/nzl5v6axv3t1-d.pdf,https://www.onsemi.com/download/data-sheet/pdf/nzl5v6axv3t1-d.pdf,200,294684,e43025f43c76ca2fda766fc99fba6dd01cb659b8b2ff9dd7b0fb4dab1e95a408,2026-09-27,2026-09-27,10,
https://www.onsemi.com/download/data-sheet/pdf/nzqa5v6xv5t1-d.pdf,https://www.onsemi.com/download/data-sheet/pdf/nzqa5v6xv5t1-d.pdf,200,236633,48aedfcb5e0ae074f969de9e4f1d30e2e61fdadb5d2849e9ac8aa918e3691b32,2026-09-27,2026-09-27,10,
https://www.onsemi.com/download/data-sheet/pdf/nzt605-d.pdf,https://www.onsemi.com/download/data-sheet/pdf/nzt605-d.pdf,200,187487,5b46252cc20522959ad6ffbb5a83de557fd1a51fc79c82544a140e4981d7113a,2026-09-27,2026-09-27,10,
https://www.onsemi.com/download/data-sheet/pdf/nzt651-d.pdf,https://www.onsemi.com/download/data-sheet/pdf/nzt651-d.pdf,200,353876,f5414c3d6c692a48cb5d978a2e0775a8f1940131f2ba311622603486b56d59a5,2026-09-27,2026-09-27,10,
https://www.onsemi.com/download/data-sheet/pdf/nzt660a-d.pdf,https://www.onsemi.com/download/data-sheet/pdf/nzt660a-d.pdf,200,219884,5d131da273b672d49305a72c15441bdbafb834749172311b47ec8651cada0299,2026-09-27,2026-09-27,10,
https://www.onsemi.com/download/data-sheet/pdf/nzt7053-d.pdf,https://www.onsemi.com/download/data-sheet/pdf/nzt7053-d.pdf,200,171470,6a628ae4af24c43a2d39afbd195d4cb55737b76da055c165a916cca455383965,2026-09-27,2026-09-27,10,
https://www.onsemi.com/download/data-sheet/pdf/pacdn042-d.pdf,https://www.onsemi.com/download/data-sheet/pdf/pacdn042-d.pdf,200,1226900,dbd2f2e17c3f912b8cfcb793d96d3963e7bdaf4b5361e0bf5af33ee63a6f68f5,2026-09-27,2026-09-27,10,
https://www.onsemi.com/download/data-sheet/pdf/pca9306-d.pdf,https://www.onsemi.com/download/data-sheet/pdf/pca9306-d.pdf,200,479183,07f778010a4686f20bc2684f30d53408a838cbfd98c3a7bdb05f5702fe5660f3,2026-09-27,2026-09-27,10,
https://www.onsemi.com/download/data-sheet/pdf/pca9554-d.pdf,https://www.onsemi.com/download/data-sheet/pdf/pca9554-d.pdf,200,150040,46c637d39561eb8dc5cd0784cb0230d7e8c3ee58423fc09c09c1c3840838cb01,2026-09-27,2026-09-27,10,
https://www.onsemi.com/download/data-sheet/pdf/pf5102-d.pdf,https://www.onsemi.com/download/data-sheet/pdf/pf5102-d.pdf,200,234680,c8eee4b3b0bcab72db90146e4e4b5865a9e56057fb407ab18422462bab44e703,2026-09-27,2026-09-27,10,
https://www.onsemi.com/download/data-sheet/pdf/pn100a-d.pdf,https://www.onsemi.com/download/data-sheet/pdf/pn100a-d.pdf,200,269872,833ca3ce9a9e4807e6eb8bb7f90a275d11f7df9f74141f235f3babe08e1b5df6,2026-09-27,2026-09-27,10,
https://www.onsemi.com/download/data-sheet/pdf/pn200a-d.pdf,https://www.onsemi.com/download/data-sheet/pdf/pn200a-d.pdf,200,435807,ab8f75daba79e87df09e81d5886ac39f953409ef1bf6c995673f1020c8764dd2,2026-09-27,2026-09-27,10,
https://www.onsemi.com/download/data-sheet/pdf/pn2222-d.pdf,https://www.onsemi.com/download/data-sheet/pdf/pn2222-d.pdf,200,334328,d0339b20fe1b435d94f9adfa63911b0469cfa38503a41200d942b7074ecb41e4,2026-09-27,2026-09-27,10,
https://www.onsemi.com/download/data-sheet/pdf/pn2222a-d.pdf,https://www.onsemi.com/download/data-sheet/pdf/pn2222a-d.pdf,200,322866,f1eda8482f5f227f5c80c8ba750ae28ff2159139e268158bd656bc8f0db0a6d2,2026-09-27,2026-09-27,10,
https://www.onsemi.com/download/data-sheet/pdf/pn2222t-d.pdf,https://www.onsemi.com/download/data-sheet/pdf/pn2222t-d.pdf,200,181052,2c53232a305a79fdc768342e5bfdde620560ca35e27428f642badf8bae9a51c2,2026-09-27,2026-09-27,10,
https://www.onsemi.com/download/data-sheet/pdf/pn2484-d.pdf,https://www.onsemi.com/download/data-sheet/pdf/pn2484-d.pdf,200,447244,b1dfa23bca77491d08208dc0da26cccfbe721cf04cd285c6f2af7d89f32dd47a,2026-09-27,2026-09-27,10,
https://www.onsemi.com/download/data-sheet/pdf/pn2907-d.pdf,https://www.onsemi.com/download/data-sheet/pdf/pn2907-d.pdf,200,170245,effc246d01b3f0f496d93db0255fb3065d8cd12eb8ddd4b273d0805f55377b8d,2026-09-27,2026-09-27,10,
https://www.onsemi.com/download/data-sheet/pdf/pn2907a-d.pdf,https://www.onsemi.com/download/data-sheet/pdf/pn2907a-d.pdf,200,160214,fbcc33f32a5079ac931de2af34c270ecb572671b8069f48652cdf74ad5bcb134,2026-09-27,2026-09-27,10,
https://www.onsemi.com/download/data-sheet/pdf/pn3640-d.pdf,https://www.onsemi.com/download/data-sheet/pdf/pn3640-d.pdf,200,333865,3b50c3de2698eccacdea3be84b7c933d8774c77d2c5e3299c290979b097f20f6,2026-09-27,2026-09-27,10,
https://www.onsemi.com/download/data-sheet/pdf/pn4093-d.pdf,https://www.onsemi.com/download/data-sheet/pdf/pn4093-d.pdf,200,172271,57434905b528f175dacc716bd2ee1b63b99019249e3e279631325d22575fc872,2026-09-27,2026-09-27,10,
https://www.onsemi.com/download/data-sheet/pdf/pn4118-d.pdf,https://www.onsemi.com/download/data-sheet/pdf/pn4118-d.pdf,200,398978,b32a9355a7230fd43c133212db04de9214d6b962d8dff9cf9b4b9085556d427c,2026-09-27,2026-09-27,10,
https://www.onsemi.com/download/data-sheet/pdf/pn4393-d.pdf,https://www.onsemi.com/download/data-sheet/pdf/pn4393-d.pdf,200,288969,aa719292f22a3fbfc9a7a2eb2446f283a1994891cded214363cb01f4f6b60047,2026-09-27,2026-09-27,10,
https://www.onsemi.com/download/data-sheet/pdf/pzt2222a-d.pdf,https://www.onsemi.com/download/data-sheet/pdf/pzt2222a-d.pdf,200,387893,800aa58118d247ed890b91765564f442b67ba92bbf504eb7e8f6501ec490ea17,2026-09-27,2026-09-27,10,
https://www.onsemi.com/download/data-sheet/pdf/pzt2222at1-d.pdf,https://www.onsemi.com/download/data-sheet/pdf/pzt2222at1-d.pdf,200,248965,01e71714b14f6e84212db609309a4abc10772121a83886009961d3ea6d460a95,2026-09-27,2026-09-27,10,
https://www.onsemi.com/download/data-sheet/pdf/pzt2907a-d.pdf,https://www.onsemi.com/download/data-sheet/pdf/pzt2907a-d.pdf,200,763408,cbac57fa902e0533a0ce0b1adc26a9aba3f3f601f065c60fb60cf6edb38b5942,2026-09-27,2026-09-27,10,
https://www.onsemi.com/download/data-sheet/pdf/pzt3904-d.pdf,https://www.onsemi.com/download/data-sheet/pdf/pzt3904-d.pdf,200,489796,6985f55c6656e850f98ce12bd91440ff13fd57ae3444b4c0196294dc57d995d2,2026-09-27,2026-09-27,10,
https://www.onsemi.com/download/data-sheet/pdf/pzt3906-d.pdf,https://www.onsemi.com/download/data-sheet/pdf/pzt3906-d.pdf,200,579101,d7038c514df51bf45145b40cfff13b735ef7fab7cfeae4a4f5d3761179f407a3,2026-09-27,2026-09-27,10,
https://www.onsemi.com/download/data-sheet/pdf/pzt651t1-d.pdf,https://www.onsemi.com/download/data-sheet/pdf/pzt651t1-d.pdf,200,120585,03c50d32b4ea461797828308d5e1df9efae7a9193c04f41870288d3ce65efc70,2026-09-27,2026-09-27,10,
https://www.onsemi.com/download/data-sheet/pdf/pzta14-d.pdf,https://www.onsemi.com/download/data-sheet/pdf/pzta14-d.pdf,200,215813,a93035e67935d48029cdca5f8ef941d27c2db48ad5509066711eb2a02a2cc507,2026-09-27,2026-09-27,10,
https://www.onsemi.com/download/data-sheet/pdf/pzta42-d.pdf,https://www.onsemi.com/download/data-sheet/pdf/pzta42-d.pdf,200,393960,145e95ae37d6636ca1210f7fe1c121478d208e3b98fef810ff2b6477ed99f97e,2026-09-27,2026-09-27,10,
https://www.onsemi.com/download/data-sheet/pdf/pzta92-d.pdf,https://www.onsemi.com/download/data-sheet/pdf/pzta92-d.pdf,200,392380,2f8dfb280d5561a34b9c235ee9087b90b5aa45ca0c108be9186be6186c8fe28b,2026-09-27,2026-09-27,10,
https://www.onsemi.com/download/data-sheet/pdf/pzta92t1-d.pdf,https://www.onsemi.com/download/data-sheet/pdf/pzta92t1-d.pdf,200,166698,8e7c50259f230c03b652d6b1c62ee1e4777b4eb6bd8f1d139afecc067ee39c6c,2026-09-27,2026-09-27,10,
https://www.onsemi.com/download/data-sheet/pdf/qre1113-d.pdf,https://www.onsemi.com/download/data-sheet/pdf/qre1113-d.pdf,200,330960,fa79cbbbe8e183f4c2ca80c4dd7f84aeec0a2e671ce56928b501836d498bc98d,2026-09-27,2026-09-27,10,
https://www.onsemi.com/download/data-sheet/pdf/rb521s30-d.pdf,https://www.onsemi.com/download/data-sheet/pdf/rb521s30-d.pdf,200,343169,e5ea7bea6a405a3dc40351f9e85723f4eeb95c96ef3f585c78ac283318af19ea,2026-09-27,2026-09-27,10,
https://www.onsemi.com/download/data-sheet/pdf/rb521s30t1-d.pdf,https://www.onsemi.com/download/data-sheet/pdf/rb521s30t1-d.pdf,200,198507,7163df0120850fae92b0c16f6e45ac4e7d164d099d137a5a001598cc59da8290,2026-09-27,2026-09-27,10,
https://www.onsemi.com/download/data-sheet/pdf/rb751s40t1-d.pdf,https://www.onsemi.com/download/data-sheet/pdf/rb751s40t1-d.pdf,200,201505,9b66bda489041b75e942c1910bd92c3f0a60cb23981cca5f4b8aef8edd9a45de,2026-09-27,2026-09-27,10,
https://www.onsemi.com/download/data-sheet/pdf/rgf1m-d.pdf,https://www.onsemi.com/download/data-sheet/pdf/rgf1m-d.pdf,200,199068,2e88245f9b89ecff92e5dba1eb27968d8a28de4e4cb39b3549d904f73f1a411a,2026-09-27,2026-09-27,10,
https://www.onsemi.com/download/data-sheet/pdf/rgp10m-d.pdf,https://www.onsemi.com/download/data-sheet/pdf/rgp10m-d.pdf,200,151892,4e7500e14b2fd1f3b2c7f93c4080f2a39ac116a3f794c491335d971afe959508,2026-09-27,2026-09-27,10,
https://www.onsemi.com/download/data-sheet/pdf/rhrg30120-d.pdf,https://www.onsemi.com/download/data-sheet/pdf/rhrg30120-d.pdf,200,411302,26ca74e38ab077cd3e4906344166f35e1da3418887cde56f8186bd59b223e2cc,2026-09-27,2026-09-27,10,
https://www.onsemi.com/download/data-sheet/pdf/rhrg5060-d.pdf,https://www.onsemi.com/download/data-sheet/pdf/rhrg5060-d.pdf,200,419916,5cac6be83d811cc1462c28e285a0477687057b17c4fc07a2f0f4304a2941b871,2026-09-27,2026-09-27,10,
https://www.onsemi.com/download/data-sheet/pdf/rhrg75120-d.pdf,https://www.onsemi.com/download/data-sheet/pdf/rhrg75120-d.pdf,200,261428,aa09c65e30959e7c00e565d3a3260a27d91b757b064e8be350bb6366ed5c9052,2026-09-27,2026-09-27,10,
https://www.onsemi.com/download/data-sheet/pdf/rhrp3060-d.pdf,https://www.onsemi.com/download/data-sheet/pdf/rhrp3060-d.pdf,200,1009299,b061ce6690c85c5412149b5b236df7a50329aac18f477dd329932995b7f7e599,2026-09-27,2026-09-27,10,
https://www.onsemi.com/download/data-sheet/pdf/rs1afa-d.pdf,https://www.onsemi.com/download/data-sheet/pdf/rs1afa-d.pdf,200,289765,7edaedbcc2a1c84aa383fa4b8d26b9460a7b3a224d3cfdf940bc5424b36c36f9,2026-09-27,2026-09-27,10,
https://www.onsemi.com/download/data-sheet/pdf/rs1m-d.pdf,https://www.onsemi.com/download/data-sheet/pdf/rs1m-d.pdf,200,197026,6d507402a7918a7648feec279eddb8abc4c7afe1f3736c2f81bd2a14f45eec25,2026-09-27,2026-09-27,10,
https://www.onsemi.com/download/data-sheet/pdf/rurg3060cc-d.pdf,https://www.onsemi.com/download/data-sheet/pdf/rurg3060cc-d.pdf,200,309534,e2fd4a08c737e840106a7fe6d0344ccca0a292b2d52cf34570930f5f68a22f60,2026-09-27,2026-09-27,10,
https://www.onsemi.com/download/data-sheet/pdf/rurg80100-d.pdf,https://www.onsemi.com/download/data-sheet/pdf/rurg80100-d.pdf,200,283821,0347d1e6a129318434e304ec6210be99ec0fe78ea302dc538b503a5ee722d012,2026-09-27,2026-09-27,10,
https://www.onsemi.com/download/data-sheet/pdf/rurg8060-d.pdf,https://www.onsemi.com/download/data-sheet/pdf/rurg8060-d.pdf,200,283584,0f78c0cd11b6ef5ce0b6846eb6f8cfcbfb5b2f334b030b49819199691714c91d,2026-09-27,2026-09-27,10,
https://www.onsemi.com/download/data-sheet/pdf/s110fa-d.pdf,https://www.onsemi.com/download/data-sheet/pdf/s110fa-d.pdf,200,167309,171569c3cdcfe1fa8821d972e054f249e1f6e671351679309337aacfe7d5e69f,2026-09-27,2026-09-27,10,
https://www.onsemi.com/download/data-sheet/pdf/s320-d.pdf,https://www.onsemi.com/download/data-sheet/pdf/s320-d.pdf,200,185881,75c2aea8b0296ff68021001d7569cd154839cd256725b5b93a988947caf5132c,2026-09-27,2026-09-27,10,
https://www.onsemi.com/download/data-sheet/pdf/sa571-d.pdf,https://www.onsemi.com/download/data-sheet/pdf/sa571-d.pdf,200,410404,e3dcb5982941f2dc81aa4363381df8e6fadf7ac83997739c33daed28f2c4277e,2026-09-27,2026-09-27,10,
https://www.onsemi.com/download/data-sheet/pdf/sb01-05q-d.pdf,https://www.onsemi.com/download/data-sheet/pdf/sb01-05q-d.pdf,200,303265,aac62686bb8940b5597df36e736dff1e714adb3051edc495a5fb3722b31c12f2,2026-09-27,2026-09-27,10,
https://www.onsemi.com/download/data-sheet/pdf/sb01-15c-d.pdf,https://www.onsemi.com/download/data-sheet/pdf/sb01-15c-d.pdf,200,314252,9d8abbfd8544cc54d7bdbaa30367fb146502c132e9004c88697ed78816866b27,2026-09-27,2026-09-27,10,
https://www.onsemi.com/download/data-sheet/pdf/sb05-03q-d.pdf,https://www.onsemi.com/download/data-sheet/pdf/sb05-03q-d.pdf,200,304474,9e7242f256bb503df1eb7047cf1b426ac2d45845995c499c5a1e8d9e723aeb6a,2026-09-27,2026-09-27,10,
https://www.onsemi.com/download/data-sheet/pdf/sb07-03c-d.pdf,https://www.onsemi.com/download/data-sheet/pdf/sb07-03c-d.pdf,200,151362,c93e1831ef78d1f88742507bd5f520d33dab928e985e785354fd212944b6095b,2026-09-27,2026-09-27,10,
https://www.onsemi.com/download/data-sheet/pdf/sb1245-d.pdf,https://www.onsemi.com/download/data-sheet/pdf/sb1245-d.pdf,200,297552,87870d469334d5f4eafd4a3826151007f2668419772a42e59a4d43b25cf889c2,2026-09-27,2026-09-27,10,
https://www.onsemi.com/download/data-sheet/pdf/sb180-d.pdf,https://www.onsemi.com/download/data-sheet/pdf/sb180-d.pdf,200,148588,7bdd880cf1b2ce916b59ea172ddc7f5ee18a3edf5484372fbc7c00f39ef884ac,2026-09-27,2026-09-27,10,
https://www.onsemi.com/download/data-sheet/pdf/sb20-03p-d.pdf,https://www.onsemi.com/download/data-sheet/pdf/sb20-03p-d.pdf,200,167328,8d7d8dda98dd961e5d472208a49cdabd89c5f217bb6ea4e34f308295254aea2e,2026-09-27,2026-09-27,10,
https://www.onsemi.com/download/data-sheet/pdf/sb3003ch-d.pdf,https://www.onsemi.com/download/data-sheet/pdf/sb3003ch-d.pdf,200,1092262,eb3993358d6afbabde2e294a0a27f5064ad902d7164ac3218a2b23b7ec1516e1,2026-09-27,2026-09-27,10,
https://www.onsemi.com/download/data-sheet/pdf/sd05t1-d.pdf,https://www.onsemi.com/download/data-sheet/pdf/sd05t1-d.pdf,200,246464,73637841a672b307ffd249aa739418a3ab4754bf596c00f4123e56feaa6dd30a,2026-09-27,2026-09-27,10,
https://www.onsemi.com/download/data-sheet/pdf/sft1345-d.pdf,https://www.onsemi.com/download/data-sheet/pdf/sft1345-d.pdf,200,419273,a6b2523b2d17bccfe35fc8f8debbf933b1dc938a836a8e95e3a74a4f323cdfd5,2026-09-27,2026-09-27,10,
https://www.onsemi.com/download/data-sheet/pdf/sg3525a-d.pdf,https://www.onsemi.com/download/data-sheet/pdf/sg3525a-d.pdf,200,384198,eaf6469df298012827cb1d876b70f6a653f6a5bc84e1a68751546ac51317145b,2026-09-27,2026-09-27,10,
https://www.onsemi.com/download/data-sheet/pdf/sgl160n60ufd-d.pdf,https://www.onsemi.com/download/data-sheet/pdf/sgl160n60ufd-d.pdf,200,776182,745249f12d0e70db4d8339f4ac6046c64e6632e510f7ec487043eeaa72c164ec,2026-09-27,2026-09-27,10,
https://www.onsemi.com/download/data-sheet/pdf/sgp10n60rufd-d.pdf,https://www.onsemi.com/download/data-sheet/pdf/sgp10n60rufd-d.pdf,200,367079,7834ecc6c83e9f7aa239f63f973a9a78aed02c116aed3c8466b2cf0b012560f8,2026-09-27,2026-09-27,10,
https://www.onsemi.com/download/data-sheet/pdf/sgs10n60rufd-d.pdf,https://www.onsemi.com/download/data-sheet/pdf/sgs10n60rufd-d.pdf,200,444618,3b6187155cbe8c5bf03f8aca1344a14f68656950fadb32191710014a469d50a2,2026-09-27,2026-09-27,10,
https://www.onsemi.com/download/data-sheet/pdf/si3443dv-d.pdf,https://www.onsemi.com/download/data-sheet/pdf/si3443dv-d.pdf,200,273985,8d2b85b1a6bed2ef7656f90879f98286c68b2fa9b2de2605df8e0d2fdfc22fce,2026-09-27,2026-09-27,10,
https://www.onsemi.com/download/data-sheet/pdf/si3457dv-d.pdf,https://www.onsemi.com/download/data-sheet/pdf/si3457dv-d.pdf,200,194731,d3d479ad0e8501df7e2a1a4f3eba368a861bad6e68678f7df761ed00da373faf,2026-09-27,2026-09-27,10,
https://www.onsemi.com/download/data-sheet/pdf/si4435dy-d.pdf,https://www.onsemi.com/download/data-sheet/pdf/si4435dy-d.pdf,200,289314,f375b9379611ca356836ca43dc1e07d2a1765e9d7c86426deb006d4af3c982f8,2026-09-27,2026-09-27,10,
https://www.onsemi.com/download/data-sheet/pdf/si4542dy-d.pdf,https://www.onsemi.com/download/data-sheet/pdf/si4542dy-d.pdf,200,247962,80e6588126d29bdb8f2c61a6608e66eaa49858fd0b17e1230a1818799894c5a5,2026-09-27,2026-09-27,10,
https://www.onsemi.com/download/data-sheet/pdf/sl05t1-d.pdf,https://www.onsemi.com/download/data-sheet/pdf/sl05t1-d.pdf,200,129653,542a0b387cf8d5d9345222a8cee6229fbd2f0c628761a885343a4f4b7d3c55c2,2026-09-27,2026-09-27,10,
https://www.onsemi.com/download/data-sheet/pdf/sm05t1-d.pdf,https://www.onsemi.com/download/data-sheet/pdf/sm05t1-d.pdf,200,283156,18534db4050319b753dd3188b4eeb175ebe94dd7058bd65a91c31d6ad1916954,2026-09-27,2026-09-27,10,
https://www.onsemi.com/download/data-sheet/pdf/sm12t1-d.pdf,https://www.onsemi.com/download/data-sheet/pdf/sm12t1-d.pdf,200,134396,aec63acf4e8fda07566b197eba8b9c0d37a7a8e5ac1612d7b6efb415bbff5a50,2026-09-27,2026-09-27,10,
https://www.onsemi.com/download/data-sheet/pdf/sma3107-d.pdf,https://www.onsemi.com/download/data-sheet/pdf/sma3107-d.pdf,200,195992,4f4de6ac9faf5a74bb959b3f4fe3ff248a4aae4cec9d02edba811c468962b801,2026-09-27,2026-09-27,10,
https://www.onsemi.com/download/data-sheet/pdf/sms05t1-d.pdf,https://www.onsemi.com/download/data-sheet/pdf/sms05t1-d.pdf,200,221167,6b7a5f509ee83f4c736910bdb4046e89abcb8dbf4b38dda96f7f0ef3319dcacf,2026-09-27,2026-09-27,10,
https://www.onsemi.com/download/data-sheet/pdf/sn74ls257b-d.pdf,https://www.onsemi.com/download/data-sheet/pdf/sn74ls257b-d.pdf,200,285880,ab0815f26669980878f3d02047a170976fe074a4ccdca6e98be7981f675069b0,2026-09-27,2026-09-27,10,
https://www.onsemi.com/download/data-sheet/pdf/srv05-4-d.pdf,https://www.onsemi.com/download/data-sheet/pdf/srv05-4-d.pdf,200,359305,163b626767caf6f93b75b9edae5176fbbeab2a14bd2a6a7a0aa5a979d9caa624,2026-09-27,2026-09-27,10,
https://www.onsemi.com/download/data-sheet/pdf/ss13he-d.pdf,https://www.onsemi.com/download/data-sheet/pdf/ss13he-d.pdf,200,178115,3105f5d030bdd0252020c55a72fb8663316619cb49358a779fb11354534c6085,2026-09-27,2026-09-27,10,
https://www.onsemi.com/download/data-sheet/pdf/ss14fl-d.pdf,https://www.onsemi.com/download/data-sheet/pdf/ss14fl-d.pdf,200,211835,0d6ebeb827eccbdec126406bdf36c0bd4a76215fbd6b4569a108120a1b436d40,2026-09-27,2026-09-27,10,
https://www.onsemi.com/download/data-sheet/pdf/ss16-d.pdf,https://www.onsemi.com/download/data-sheet/pdf/ss16-d.pdf,200,134741,fca395a0b464f430c925d017b04e64adcd955584470dc1937f974ee2d22a2dec,2026-09-27,2026-09-27,10,
https://www.onsemi.com/download/data-sheet/pdf/ss19-d.pdf,https://www.onsemi.com/download/data-sheet/pdf/ss19-d.pdf,200,130695,efb129ff419b59d9750c3dad2b886c7f6b1bd80d234a672256000b5d22679b12,2026-09-27,2026-09-27,10,
https://www.onsemi.com/download/data-sheet/pdf/ss24-d.pdf,https://www.onsemi.com/download/data-sheet/pdf/ss24-d.pdf,200,283815,75c82073a7d85c3515cc1969c24b564b84ecad153c472c5af851aa5bb06982de,2026-09-27,2026-09-27,10,
https://www.onsemi.com/download/data-sheet/pdf/ss26-d.pdf,https://www.onsemi.com/download/data-sheet/pdf/ss26-d.pdf,200,193031,f6f85460811ac31e0f7de181a1e269f62d899ee8e6100910f16ca6c248908bf4,2026-09-27,2026-09-27,10,
https://www.onsemi.com/download/data-sheet/pdf/ss26fl-d.pdf,https://www.onsemi.com/download/data-sheet/pdf/ss26fl-d.pdf,200,184548,ed1244938b9896581aa6287c7afa09eb53bc7e15b2f202b305db7f70af555f1c,2026-09-27,2026-09-27,10,
https://www.onsemi.com/download/data-sheet/pdf/ss36fa-d.pdf,https://www.onsemi.com/download/data-sheet/pdf/ss36fa-d.pdf,200,178099,3b3f918627e9b1267d31f2642bff5992260230f5b19de1f7e7289d48402dba79,2026-09-27,2026-09-27,10,
https://www.onsemi.com/download/data-sheet/pdf/ss39-d.pdf,https://www.onsemi.com/download/data-sheet/pdf/ss39-d.pdf,200,150275,f7b2d57b34e8a882be3d4e4d9057d8ea9bb9ec17209c10ed6c4515a449026435,2026-09-27,2026-09-27,10,
https://www.onsemi.com/download/data-sheet/pdf/ss8050-d.pdf,https://www.onsemi.com/download/data-sheet/pdf/ss8050-d.pdf,200,168098,bacc09652ce8f9653a13086eea7b970adb4cbe4c1abab68e0145ba08e8e16561,2026-09-27,2026-09-27,10,
https://www.onsemi.com/download/data-sheet/pdf/ss8550-d.pdf,https://www.onsemi.com/download/data-sheet/pdf/ss8550-d.pdf,200,168543,ca2072c8995dc919c534cd9f264c1a793a0b5eef4f43eb2444e285e84da9ffe3,2026-09-27,2026-09-27,10,
https://www.onsemi.com/download/data-sheet/pdf/ss9012-d.pdf,https://www.onsemi.com/download/data-sheet/pdf/ss9012-d.pdf,200,146563,e2379ba23de3cf1f53bc836c99486c3372d5dd740e6781daa5ad7bf75f3115a3,2026-09-27,2026-09-27,10,
https://www.onsemi.com/download/data-sheet/pdf/ss9014-d.pdf,https://www.onsemi.com/download/data-sheet/pdf/ss9014-d.pdf,200,160364,d202efdfe07ddb56c150c02f6c52e6a15ae32866b9eee462842200c35dae6d50,2026-09-27,2026-09-27,10,
https://www.onsemi.com/download/data-sheet/pdf/ss9018-d.pdf,https://www.onsemi.com/download/data-sheet/pdf/ss9018-d.pdf,200,166448,8d63d49137637486a3ab7a0c73c955bf8ad29819817511fd09df93b25c82ac22,2026-09-27,2026-09-27,10,
https://www.onsemi.com/download/data-sheet/pdf/ssa210-d.pdf,https://www.onsemi.com/download/data-sheet/pdf/ssa210-d.pdf,200,152165,9c5043e2f1e6492ffdde89723bfd00f8900c991024ba2216b8701ffac6a0c2e3,2026-09-27,2026-09-27,10,
https://www.onsemi.com/download/data-sheet/pdf/ssa24-d.pdf,https://www.onsemi.com/download/data-sheet/pdf/ssa24-d.pdf,200,154831,9bdb70f005af0d16230544b45bb73c538935bfae0375846078fab6a572da905d,2026-09-27,2026-09-27,10,
https://www.onsemi.com/download/data-sheet/pdf/tip100-d.pdf,https://www.onsemi.com/download/data-sheet/pdf/tip100-d.pdf,200,308867,e47ff1021266e0ad22ff84ef37bbb9bb62b54ccee12a03bd27a2dede0f5171af,2026-09-27,2026-09-27,10,
https://www.onsemi.com/download/data-sheet/pdf/tip102-d.pdf,https://www.onsemi.com/download/data-sheet/pdf/tip102-d.pdf,200,352919,da8bcda92ba412e23969b36592bf82e95e0fd351465519826ff7fcc6744463cc,2026-09-27,2026-09-27,10,
https://www.onsemi.com/download/data-sheet/pdf/tip107-d.pdf,https://www.onsemi.com/download/data-sheet/pdf/tip107-d.pdf,200,353348,f56d23433a6736ecec7cd1e9bc4ac73ae8dd043284b44d981fb3ffbb092353fa,2026-09-27,2026-09-27,10,
https://www.onsemi.com/download/data-sheet/pdf/tip110-d.pdf,https://www.onsemi.com/download/data-sheet/pdf/tip110-d.pdf,200,334130,b2b5d71caf83759da43f7554912461ef1ce58ee504669478a0771661092100bd,2026-09-27,2026-09-27,10,
https://www.onsemi.com/download/data-sheet/pdf/tip112-d.pdf,https://www.onsemi.com/download/data-sheet/pdf/tip112-d.pdf,200,352802,facc111197b8d107a3915ec94b8cc9045e28d6143b5a66265815f4cee227317a,2026-09-27,2026-09-27,10,
https://www.onsemi.com/download/data-sheet/pdf/tip117-d.pdf,https://www.onsemi.com/download/data-sheet/pdf/tip117-d.pdf,200,352643,045977ea2ea66dd28ce3cf4bc9287359417b7a5d6448a89d03cf9f8addceda8d,2026-09-27,2026-09-27,10,
https://www.onsemi.com/download/data-sheet/pdf/tip120-d.pdf,https://www.onsemi.com/download/data-sheet/pdf/tip120-d.pdf,200,313576,b865388de5cedc349110e0e6acadaccaaa9d774394084c21324af05f56832eaa,2026-09-27,2026-09-27,10,
https://www.onsemi.com/download/data-sheet/pdf/tip122-d.pdf,https://www.onsemi.com/download/data-sheet/pdf/tip122-d.pdf,200,362556,191963a234d77560faa90190514c95d20b1b33c1eb71219b858a50bd9ec4ce9a,2026-09-27,2026-09-27,10,
https://www.onsemi.com/download/data-sheet/pdf/tip127-d.pdf,https://www.onsemi.com/download/data-sheet/pdf/tip127-d.pdf,200,350714,535a361ec9f968df851297bacc925a2e466195d016b5fc6e40e9b7877e7af4c2,2026-09-27,2026-09-27,10,
https://www.onsemi.com/download/data-sheet/pdf/tip131-d.pdf,https://www.onsemi.com/download/data-sheet/pdf/tip131-d.pdf,200,120877,552756d1648fbf5d9ea6551c1f7aba14159221d1d90c0c0f0f6fbe10755d173d,2026-09-27,2026-09-27,10,
https://www.onsemi.com/download/data-sheet/pdf/tip140-d.pdf,https://www.onsemi.com/download/data-sheet/pdf/tip140-d.pdf,200,370409,ef176223464f543136024d0925e6fcce05d7082df636e549941f6b148c17c078,2026-09-27,2026-09-27,10,
https://www.onsemi.com/download/data-sheet/pdf/tip142t-d.pdf,https://www.onsemi.com/download/data-sheet/pdf/tip142t-d.pdf,200,334252,2160779500775e8919e188186925c445293dbe7126c7521998e604d6a0996f70,2026-09-27,2026-09-27,10,
https://www.onsemi.com/download/data-sheet/pdf/tip147-d.pdf,https://www.onsemi.com/download/data-sheet/pdf/tip147-d.pdf,200,711636,9c5b851fc2931f0895265ea5eab1e7828b9407c3537f4c8a05c4e24366136e7a,2026-09-27,2026-09-27,10,
https://www.onsemi.com/download/data-sheet/pdf/tip147f-d.pdf,https://www.onsemi.com/download/data-sheet/pdf/tip147f-d.pdf,200,173232,b52a67d51eed46e0e448d2f9cf77a6e01fc88758acbbfb88404e1d4e619e95b8,2026-09-27,2026-09-27,10,
https://www.onsemi.com/download/data-sheet/pdf/tip147t-d.pdf,https://www.onsemi.com/download/data-sheet/pdf/tip147t-d.pdf,200,222509,62d2e318719e7574235070499c488d2225ce6f7bdbd65a41de07b5ce2f466c6d,2026-09-27,2026-09-27,10,
https://www.onsemi.com/download/data-sheet/pdf/tip29b-d.pdf,https://www.onsemi.com/download/data-sheet/pdf/tip29b-d.pdf,200,240044,890ea8943128c60d300fba19a587abf09f1e66dd50407196b65a345117b15b54,2026-09-27,2026-09-27,10,
https://www.onsemi.com/download/data-sheet/pdf/tip29c-d.pdf,https://www.onsemi.com/download/data-sheet/pdf/tip29c-d.pdf,200,344315,3bc7f298da585d955a905f885728bf0bb26758954eb32ebd627d0e4a028776d9,2026-09-27,2026-09-27,10,
https://www.onsemi.com/download/data-sheet/pdf/tip3055-d.pdf,https://www.onsemi.com/download/data-sheet/pdf/tip3055-d.pdf,200,268965,f98023885d927809ea54e88d7352143d1cbd1e921a067a5e94a3be817b9041ef,2026-09-27,2026-09-27,10,
https://www.onsemi.com/download/data-sheet/pdf/tip30c-d.pdf,https://www.onsemi.com/download/data-sheet/pdf/tip30c-d.pdf,200,343666,c0eb4316d5f9ce041b1196c0080503ec8dc044d17e59ab19441bd2e38eb6058b,2026-09-27,2026-09-27,10,
https://www.onsemi.com/download/data-sheet/pdf/tip31a-d.pdf,https://www.onsemi.com/download/data-sheet/pdf/tip31a-d.pdf,200,284539,d190885946a6ff9a50e38c858105750003f0b57945832443d56dd59f54d6f7fc,2026-09-27,2026-09-27,10,
https://www.onsemi.com/download/data-sheet/pdf/tip31c-d.pdf,https://www.onsemi.com/download/data-sheet/pdf/tip31c-d.pdf,200,357577,f41a165884066c7d7a1fd4035c7d752d711f39813e32d642d80fbb88778ad4d6,2026-09-27,2026-09-27,10,
https://www.onsemi.com/download/data-sheet/pdf/tip32c-d.pdf,https://www.onsemi.com/download/data-sheet/pdf/tip32c-d.pdf,200,358162,8cadc3259d53979fbd8cf69dba42133b3bafc7a2c55af2e25aba4bd2a9503a3f,2026-09-27,2026-09-27,10,
https://www.onsemi.com/download/data-sheet/pdf/tip33c-d.pdf,https://www.onsemi.com/download/data-sheet/pdf/tip33c-d.pdf,200,214558,45d1409100e4a0b07497643d73215e66ddc1fab345fd1649d72085d8d95b987f,2026-09-27,2026-09-27,10,
https://www.onsemi.com/download/data-sheet/pdf/tip35a-d.pdf,https://www.onsemi.com/download/data-sheet/pdf/tip35a-d.pdf,200,334346,a0c9588f08a059cbfb1db24ee9fa464a71331d8fe3182d6319be9fab87e28c02,2026-09-27,2026-09-27,10,
https://www.onsemi.com/download/data-sheet/pdf/tip41a-d.pdf,https://www.onsemi.com/download/data-sheet/pdf/tip41a-d.pdf,200,284600,60e4e1d2284ab7e6c18713769a3286dd55afa8a210dbaf36ce18506d72da5465,2026-09-27,2026-09-27,10,
https://www.onsemi.com/download/data-sheet/pdf/tip41c-d.pdf,https://www.onsemi.com/download/data-sheet/pdf/tip41c-d.pdf,200,332628,2b04aa9a040f5d7d1de6e23d45e69e63bec334e4fda5f778ea4edd6ac2311fe6,2026-09-27,2026-09-27,10,
https://www.onsemi.com/download/data-sheet/pdf/tip42c-d.pdf,https://www.onsemi.com/download/data-sheet/pdf/tip42c-d.pdf,200,357572,ac4cd33a1d6f8ecbc788ac64280dbb9f7d1d2613794596687ea15132839bd378,2026-09-27,2026-09-27,10,
https://www.onsemi.com/download/data-sheet/pdf/tip47-d.pdf,https://www.onsemi.com/download/data-sheet/pdf/tip47-d.pdf,200,267715,54ccc198392522bfeb7c83cd95f5fed0d65637655407fcfc62bd74a053ca83bc,2026-09-27,2026-09-27,10,
https://www.onsemi.com/download/data-sheet/pdf/tip50-d.pdf,https://www.onsemi.com/download/data-sheet/pdf/tip50-d.pdf,200,344019,1a06da6d29118b79fdb9caa906579d77acc154a73778618cfcf374191424e5df,2026-09-27,2026-09-27,10,
https://www.onsemi.com/download/data-sheet/pdf/tl331-d.pdf,https://www.onsemi.com/download/data-sheet/pdf/tl331-d.pdf,200,1315091,c8e4b34c860e3b7331884b6ff37ae8f50c3f9c890b08d15ab4706c5d061cc504,2026-09-27,2026-09-27,10,
https://www.onsemi.com/download/data-sheet/pdf/tl431-d.pdf,https://www.onsemi.com/download/data-sheet/pdf/tl431-d.pdf,200,686403,91c183cda1ef55221c8ce37ec1ade5c5b94abb7ca883ba22efe22b71ffd8db5a,2026-09-27,2026-09-27,10,
https://www.onsemi.com/download/data-sheet/pdf/tl494-d.pdf,https://www.onsemi.com/download/data-sheet/pdf/tl494-d.pdf,200,280624,4228b5df3afe71ff7eca17332837e3361c807084c2a7ba93ae81dfcd32492400,2026-09-27,2026-09-27,10,
https://www.onsemi.com/download/data-sheet/pdf/tl594-d.pdf,https://www.onsemi.com/download/data-sheet/pdf/tl594-d.pdf,200,340539,47e55b252ff904fd9973a30cda1c8601adc0bedbc9f5660a7bfa22ce2b9ef83a,2026-09-27,2026-09-27,10,
https://www.onsemi.com/download/data-sheet/pdf/tlv271-d.pdf,https://www.onsemi.com/download/data-sheet/pdf/tlv271-d.pdf,200,1934309,8db3d2cdd0797800f65bbe57c64c088738ad7e481610337c77f47a225c00436a,2026-09-27,2026-09-27,10,
https://www.onsemi.com/download/data-sheet/pdf/tlv431a-d.pdf,https://www.onsemi.com/download/data-sheet/pdf/tlv431a-d.pdf,200,669160,7728c616ab7a41fc69b61f12e2220e06e42310fc147c63b729a96269df66867a,2026-09-27,2026-09-27,10,
https://www.onsemi.com/download/data-sheet/pdf/tn6714a-d.pdf,https://www.onsemi.com/download/data-sheet/pdf/tn6714a-d.pdf,200,750092,bd122dcf936288e9f7ba33b79c00598cda5109b9f57b5a8915a16fac35d6d832,2026-09-27,2026-09-27,10,
https://www.onsemi.com/download/data-sheet/pdf/tn6715a-d.pdf,https://www.onsemi.com/download/data-sheet/pdf/tn6715a-d.pdf,200,752668,65f1f1dcc6963ec037f029c9fe650e2a8cabe664fd9ff32dd8b72500e708fc90,2026-09-27,2026-09-27,10,
https://www.onsemi.com/download/data-sheet/pdf/tn6729a-d.pdf,https://www.onsemi.com/download/data-sheet/pdf/tn6729a-d.pdf,200,320754,58a0180255bcb0e5a66bd5af88b650647c8bc4a4a8703a4d0cd0bde2130d9225,2026-09-27,2026-09-27,10,
https://www.onsemi.com/download/data-sheet/pdf/tps2398-d.pdf,https://www.onsemi.com/download/data-sheet/pdf/tps2398-d.pdf,200,676549,bbd63d134b6e998cf8ac4b9133f80c3112913ecee04c03a1630670fb8775d9f1,2026-09-27,2026-09-27,10,
https://www.onsemi.com/download/data-sheet/pdf/tra2525-d.pdf,https://www.onsemi.com/download/data-sheet/pdf/tra2525-d.pdf,200,134401,ae28ef1adaae9f9a4c5090d28a4ccde465b24092b3f92035f145bc04e73b451b,2026-09-27,2026-09-27,10,
https://www.onsemi.com/download/data-sheet/pdf/tra2532-d.pdf,https://www.onsemi.com/download/data-sheet/pdf/tra2532-d.pdf,200,138774,d38300d7bbd661ad72cdea2b26bc82e03208bcaa6b27e45a5474a419c955024f,2026-09-27,2026-09-27,10,
https://www.onsemi.com/download/data-sheet/pdf/tra3225-d.pdf,https://www.onsemi.com/download/data-sheet/pdf/tra3225-d.pdf,200,148991,68c4434b9682e84f0df5dd86eab625218f4484837e8d5098e1a21d59a7377f12,2026-09-27,2026-09-27,10,
https://www.onsemi.com/download/data-sheet/pdf/ts391-d.pdf,https://www.onsemi.com/download/data-sheet/pdf/ts391-d.pdf,200,249483,2cda8d216d6f09ce79e3d72677cf6ff2361405ad8f48d2b30ff2d8e1582ca753,2026-09-27,2026-09-27,10,
https://www.onsemi.com/download/data-sheet/pdf/uc3842a-d.pdf,https://www.onsemi.com/download/data-sheet/pdf/uc3842a-d.pdf,200,425319,fa3ab11c602ae6a60a31c11026439cb846212bd99eff44c9706255f8ad1c3f7c,2026-09-27,2026-09-27,10,
https://www.onsemi.com/download/data-sheet/pdf/uc3842b-d.pdf,https://www.onsemi.com/download/data-sheet/pdf/uc3842b-d.pdf,200,766690,a0699bb3dcbec3a56c8bce50d544b6973997b45e0f9afcbc9f775d9820be93f9,2026-09-27,2026-09-27,10,
https://www.onsemi.com/download/data-sheet/pdf/uc3844-d.pdf,https://www.onsemi.com/download/data-sheet/pdf/uc3844-d.pdf,200,688453,38a6475fd129815a51020b0aa44cbcb2b633ff28465ac35d67970ee718b4e454,2026-09-27,2026-09-27,10,
https://www.onsemi.com/download/data-sheet/pdf/uc3844b-d.pdf,https://www.onsemi.com/download/data-sheet/pdf/uc3844b-d.pdf,200,987782,cef2ba700a80c6a1dfb5ba4a6067c7825c22bbffbacd0d6b93346ac51800e928,2026-09-27,2026-09-27,10,
https://www.onsemi.com/download/data-sheet/pdf/uf3c065030b3-d.pdf,https://www.onsemi.com/download/data-sheet/pdf/uf3c065030b3-d.pdf,200,311464,6d6a046e2de66b2d328e55b98f71dabedb40361bc3fcc749a554c92493761d9a,2026-09-27,2026-09-27,10,
https://www.onsemi.com/download/data-sheet/pdf/uf3c065030k3s-d.pdf,https://www.onsemi.com/download/data-sheet/pdf/uf3c065030k3s-d.pdf,200,580717,736763b06974bb3d0466dcc1f5f850e83f863db1cad17c7cf4c3ed95070e1778,2026-09-27,2026-09-27,10,
https://www.onsemi.com/download/data-sheet/pdf/uf3c065030k4s-d.pdf,https://www.onsemi.com/download/data-sheet/pdf/uf3c065030k4s-d.pdf,200,508685,d0d998bc07a7cb7af021fbf199be603cc2765080d2bf2274d0f08905673f9065,2026-09-27,2026-09-27,10,
https://www.onsemi.com/download/data-sheet/pdf/uf3c065030t3s-d.pdf,https://www.onsemi.com/download/data-sheet/pdf/uf3c065030t3s-d.pdf,200,529656,cfe0332ea1bbb060f933b51ad975a8e8ebcf42c78794692b65a56ea87b479f51,2026-09-27,2026-09-27,10,
https://www.onsemi.com/download/data-sheet/pdf/uf3c065040b3-d.pdf,https://www.onsemi.com/download/data-sheet/pdf/uf3c065040b3-d.pdf,200,317744,2cc8e19b2245faa800c73be30e7887a21adb6c8887590fe3a957c1327b24788a,2026-09-27,2026-09-27,10,
https://www.onsemi.com/download/data-sheet/pdf/uf3c065040k3s-d.pdf,https://www.onsemi.com/download/data-sheet/pdf/uf3c065040k3s-d.pdf,200,547269,a3aebebdc62b206eef4bd519531d4f8952f5e2a57cebb2c1f5f86eb45dfbdbcf,2026-09-27,2026-09-27,10,
https://www.onsemi.com/download/data-sheet/pdf/uf3c065040k4s-d.pdf,https://www.onsemi.com/download/data-sheet/pdf/uf3c065040k4s-d.pdf,200,514821,5edad5d513610316b7e3001f4ae42266e330ab079f68cfe7ebdf12d4c9d5c0a1,2026-09-27,2026-09-27,10,
https://www.onsemi.com/download/data-sheet/pdf/uf3c065040t3s-d.pdf,https://www.onsemi.com/download/data-sheet/pdf/uf3c065040t3s-d.pdf,200,532210,0383ddb7684ff13daee60a6e80c910f355393c4a5d57272916211cfbca995ded,2026-09-27,2026-09-27,10,
https://www.onsemi.com/download/data-sheet/pdf/uf3c065080b3-d.pdf,https://www.onsemi.com/download/data-sheet/pdf/uf3c065080b3-d.pdf,200,309221,f18327320eebcb76b3c3fd89babacb2ee702055e074883d720c54ab96f5af5e4,2026-09-27,2026-09-27,10,
https://www.onsemi.com/download/data-sheet/pdf/uf3c065080b7s-d.pdf,https://www.onsemi.com/download/data-sheet/pdf/uf3c065080b7s-d.pdf,200,562794,abfe95eca8378f1db8cbe85a81339643d005753ef7103bb6e20f4d09dc9c35ed,2026-09-27,2026-09-27,10,
https://www.onsemi.com/download/data-sheet/pdf/uf3c065080k3s-d.pdf,https://www.onsemi.com/download/data-sheet/pdf/uf3c065080k3s-d.pdf,200,505173,5cabf75f43f787651e935cef7c693f09fe6c4b69b147b7d25447912a9402546f,2026-09-27,2026-09-27,10,
https://www.onsemi.com/download/data-sheet/pdf/uf3c065080k4s-d.pdf,https://www.onsemi.com/download/data-sheet/pdf/uf3c065080k4s-d.pdf,200,505605,42b96767fdc47dff0484b5512bb5b11f3521c982322db6693dfea6c9f8e6bced,2026-09-27,2026-09-27,10,
https://www.onsemi.com/download/data-sheet/pdf/uf3c065080t3s-d.pdf,https://www.onsemi.com/download/data-sheet/pdf/uf3c065080t3s-d.pdf,200,549129,99099daad78312ce14b84b77a9f893ebb43a97a579c003ce78123a6caac77643,2026-09-27,2026-09-27,10,
https://www.onsemi.com/download/data-sheet/pdf/uf3c120040k3s-d.pdf,https://www.onsemi.com/download/data-sheet/pdf/uf3c120040k3s-d.pdf,200,534364,92f2dd8fb16fedf86f1c53925700948972a08203c76519634d55d5b02125e0e9,2026-09-27,2026-09-27,10,
https://www.onsemi.com/download/data-sheet/pdf/uf3c120040k4s-d.pdf,https://www.onsemi.com/download/data-sheet/pdf/uf3c120040k4s-d.pdf,200,506374,4c70ffcd9a1743f9ea5f5a1007c501c74e546373b7d531de74ebbb772c97a8eb,2026-09-27,2026-09-27,10,
https://www.onsemi.com/download/data-sheet/pdf/uf3c120080b7s-d.pdf,https://www.onsemi.com/download/data-sheet/pdf/uf3c120080b7s-d.pdf,200,565526,fb58f3d4ce9839a2fc58c9eb25aa2d2201df0aeb6382809f68e3fc30a6f1f1ed,2026-09-27,2026-09-27,10,
https://www.onsemi.com/download/data-sheet/pdf/uf3c120080k3s-d.pdf,https://www.onsemi.com/download/data-sheet/pdf/uf3c120080k3s-d.pdf,200,532314,7ae47d2ed2ed76986b465e89087e20a55454213a22ab0c4637eb319821d79ed0,2026-09-27,2026-09-27,10,
https://www.onsemi.com/download/data-sheet/pdf/uf3c120080k4s-d.pdf,https://www.onsemi.com/download/data-sheet/pdf/uf3c120080k4s-d.pdf,200,503726,de13b7cbcdc6310fef978673d4ab12feac7c75f89ff9989c6d4ff361dcb1a481,2026-09-27,2026-09-27,10,
https://www.onsemi.com/download/data-sheet/pdf/uf3c120150b7s-d.pdf,https://www.onsemi.com/download/data-sheet/pdf/uf3c120150b7s-d.pdf,200,520001,1564ad5e103e3c2fb67823af020cdf6ca30c07ee17b3cfa36551fbb4589f7e90,2026-09-27,2026-09-27,10,
https://www.onsemi.com/download/data-sheet/pdf/uf3c120150k4s-d.pdf,https://www.onsemi.com/download/data-sheet/pdf/uf3c120150k4s-d.pdf,200,565960,0e4be39208a44d8181a87d2d6f01f373a74c8a0f6b49246cbb29523658f2b077,2026-09-27,2026-09-27,10,
https://www.onsemi.com/download/data-sheet/pdf/uf3c120400b7s-d.pdf,https://www.onsemi.com/download/data-sheet/pdf/uf3c120400b7s-d.pdf,200,579700,e641506531d153f12d0128d9fea246cf4c88f047416a8b9b19bf26f87b89a026,2026-09-27,2026-09-27,10,
https://www.onsemi.com/download/data-sheet/pdf/uf3c120400k3s-d.pdf,https://www.onsemi.com/download/data-sheet/pdf/uf3c120400k3s-d.pdf,200,416841,03e43a51eca1e70aaf5960544b8ffe464544943d09163b8d46ff39f8f5aa7ae3,2026-09-27,2026-09-27,10,
https://www.onsemi.com/download/data-sheet/pdf/uf3c170400b7s-d.pdf,https://www.onsemi.com/download/data-sheet/pdf/uf3c170400b7s-d.pdf,200,579165,16db4adc854f31c5c74915ae5dbc86b1c8bea4373166d7c5d2fd3a0948618e4f,2026-09-27,2026-09-27,10,
https://www.onsemi.com/download/data-sheet/pdf/uf3c170400k3s-d.pdf,https://www.onsemi.com/download/data-sheet/pdf/uf3c170400k3s-d.pdf,200,415566,25ae487325cefffa9e6947573ddb555652515be7c9d9828e653891e9c2d5dcec,2026-09-27,2026-09-27,10,
https://www.onsemi.com/download/data-sheet/pdf/uf3n120007k4s-d.pdf,https://www.onsemi.com/download/data-sheet/pdf/uf3n120007k4s-d.pdf,200,431023,b7e65755e91be3b2495963790e4e491e33b54d3d6c03cefe9d17c8e7f295bd2b,2026-09-27,2026-09-27,10,
https://www.onsemi.com/download/data-sheet/pdf/uf3n170400b7s-d.pdf,https://www.onsemi.com/download/data-sheet/pdf/uf3n170400b7s-d.pdf,200,458774,e41f1228d35527b810295f15d8c3df8008cb76c4799f29dcfe1b35e0f63c30e4,2026-09-27,2026-09-27,10,
https://www.onsemi.com/download/data-sheet/pdf/uf3sc065007k4s-d.pdf,https://www.onsemi.com/download/data-sheet/pdf/uf3sc065007k4s-d.pdf,200,507290,2f70934cc8f0fbb7e9674d98b9f20c39fe247bae56a08b5dd3b5656bfb245958,2026-09-27,2026-09-27,10,
https://www.onsemi.com/download/data-sheet/pdf/uf3sc065030b7s-d.pdf,https://www.onsemi.com/download/data-sheet/pdf/uf3sc065030b7s-d.pdf,200,619368,d30cc5c6c3c290ab1b7e3f6ab4758a4f82523ceaab7a994a1081f36fed789ba4,2026-09-27,2026-09-27,10,
https://www.onsemi.com/download/data-sheet/pdf/uf3sc120009k4s-d.pdf,https://www.onsemi.com/download/data-sheet/pdf/uf3sc120009k4s-d.pdf,200,511539,36e04ccfcead4d1d5a8e0405cc5e13dcd9e30db36a062271927ef80af0d1f142,2026-09-27,2026-09-27,10,
https://www.onsemi.com/download/data-sheet/pdf/uf3sc120016k3s-d.pdf,https://www.onsemi.com/download/data-sheet/pdf/uf3sc120016k3s-d.pdf,200,546482,cc61a037d6f3016acc8a75a00694e4923599aeb3308d709e5859009cdb234656,2026-09-27,2026-09-27,10,
https://www.onsemi.com/download/data-sheet/pdf/uf3sc120016k4s-d.pdf,https://www.onsemi.com/download/data-sheet/pdf/uf3sc120016k4s-d.pdf,200,506797,c687e98c66c05f69444f5a470a04fbbf4333c5c0f60e8368fb0a5e8fc1cca546,2026-09-27,2026-09-27,10,
https://www.onsemi.com/download/data-sheet/pdf/uf3sc120040b7s-d.pdf,https://www.onsemi.com/download/data-sheet/pdf/uf3sc120040b7s-d.pdf,200,602651,5bb6e9deee20b14c3004a2f4cd3917d4b3337d1bcc0fc776f976a72f0d7ad58e,2026-09-27,2026-09-27,10,
https://www.onsemi.com/download/data-sheet/pdf/uf4007-d.pdf,https://www.onsemi.com/download/data-sheet/pdf/uf4007-d.pdf,200,153936,038498caee107f9551037f00cd3a798c0f7d5c400a90154dcd4baef134864542,2026-09-27,2026-09-27,10,
https://www.onsemi.com/download/data-sheet/pdf/uf4c120053b7s-d.pdf,https://www.onsemi.com/download/data-sheet/pdf/uf4c120053b7s-d.pdf,200,672222,f376fe14992f0062cdcf1c4057ba990e248c42f8fa29d1e78bda15755fddfbef,2026-09-27,2026-09-27,10,
https://www.onsemi.com/download/data-sheet/pdf/uf4c120053k4s-d.pdf,https://www.onsemi.com/download/data-sheet/pdf/uf4c120053k4s-d.pdf,200,630832,a3050800f8423c1d5f902502177bb69d404092b5ce2065f271c36450c68133bb,2026-09-27,2026-09-27,10,
https://www.onsemi.com/download/data-sheet/pdf/uf4c120070k3s-d.pdf,https://www.onsemi.com/download/data-sheet/pdf/uf4c120070k3s-d.pdf,200,542992,86812ffac84e8f20cbaa0408953778fe6c6d6eab1c88de0626ee33b4e32a8152,2026-09-27,2026-09-27,10,
https://www.onsemi.com/download/data-sheet/pdf/uf4c120070k4s-d.pdf,https://www.onsemi.com/download/data-sheet/pdf/uf4c120070k4s-d.pdf,200,589722,4a3acc7f7feed97498b9f0dd3e5d9c5db2cf5d40e9d74a42efa502c7e5c4f0a4,2026-09-27,2026-09-27,10,
https://www.onsemi.com/download/data-sheet/pdf/uf4sc120023k4s-d.pdf,https://www.onsemi.com/download/data-sheet/pdf/uf4sc120023k4s-d.pdf,200,545774,1aeb0720aa2c4d6db7283590f8be09575fe8ede3fd239c1242eba003964f39f8,2026-09-27,2026-09-27,10,
https://www.onsemi.com/download/data-sheet/pdf/uf4sc120030b7s-d.pdf,https://www.onsemi.com/download/data-sheet/pdf/uf4sc120030b7s-d.pdf,200,735003,b781dd0d38827dbfaa79bf47d5265d3ce8243520033352a45aecd8e31dbeb561,2026-09-27,2026-09-27,10,
https://www.onsemi.com/download/data-sheet/pdf/ufb25sc12e1bc3n-d.pdf,https://www.onsemi.com/download/data-sheet/pdf/ufb25sc12e1bc3n-d.pdf,200,483875,5354707f6deba7b2221ea5bc9414c75f3899ee3e67c018c368e4c3c851885e17,2026-09-27,2026-09-27,10,
https://www.onsemi.com/download/data-sheet/pdf/ug3sc120009k4s-d.pdf,https://www.onsemi.com/download/data-sheet/pdf/ug3sc120009k4s-d.pdf,200,690534,b9c8a8094d2e38329abe7f5c2a5068446c32f9b0bebe104b16cb1390b146778b,2026-09-27,2026-09-27,10,
https://www.onsemi.com/download/data-sheet/pdf/ug4sc075005l8s-d.pdf,https://www.onsemi.com/download/data-sheet/pdf/ug4sc075005l8s-d.pdf,200,839030,c64f5563217a27c81eebb5354084be31d94605eb0a325cbf51971819eacc85f6,2026-09-27,2026-09-27,10,
https://www.onsemi.com/download/data-sheet/pdf/ug4sc075011k4s-d.pdf,https://www.onsemi.com/download/data-sheet/pdf/ug4sc075011k4s-d.pdf,200,653314,d30ec743552fb05664d0e99b81900d83bed7df46cb95944868a818f29af52523,2026-09-27,2026-09-27,10,
https://www.onsemi.com/download/data-sheet/pdf/uj3c065030b3-d.pdf,https://www.onsemi.com/download/data-sheet/pdf/uj3c065030b3-d.pdf,200,268137,19c138429ef3b167405c09578051e837af56048ecc7b38020ac29c9543cae65e,2026-09-27,2026-09-27,10,
https://www.onsemi.com/download/data-sheet/pdf/uj3c065030k3s-d.pdf,https://www.onsemi.com/download/data-sheet/pdf/uj3c065030k3s-d.pdf,200,444192,32ac0b76bc39c2e7192b935b7aa7319f4d6f479d9f9eb07c9d29395cb4a46ebe,2026-09-27,2026-09-27,10,
https://www.onsemi.com/download/data-sheet/pdf/uj3c065030t3s-d.pdf,https://www.onsemi.com/download/data-sheet/pdf/uj3c065030t3s-d.pdf,200,480159,27e1fe7227ee75b89228a584df804ce12355508f9a64831c92f2f573e5015569,2026-09-27,2026-09-27,10,
https://www.onsemi.com/download/data-sheet/pdf/uj3c065080b3-d.pdf,https://www.onsemi.com/download/data-sheet/pdf/uj3c065080b3-d.pdf,200,264096,5764fe69017deac062dbab85f8eba2423b680c91db65a43f0adf27c5687da38b,2026-09-27,2026-09-27,10,
https://www.onsemi.com/download/data-sheet/pdf/uj3c065080k3s-d.pdf,https://www.onsemi.com/download/data-sheet/pdf/uj3c065080k3s-d.pdf,200,438410,3ef915c2d5d9612c1e2101a77bb5ac1aa4f0e0e211c6204183f8261917ff1a6a,2026-09-27,2026-09-27,10,
https://www.onsemi.com/download/data-sheet/pdf/uj3c065080t3s-d.pdf,https://www.onsemi.com/download/data-sheet/pdf/uj3c065080t3s-d.pdf,200,475901,9ec0327eea560ff5d4116bb5f8605445fe9976d05980d16bf13cf33b8eeb6eb2,2026-09-27,2026-09-27,10,
https://www.onsemi.com/download/data-sheet/pdf/uj3c120040k3s-d.pdf,https://www.onsemi.com/download/data-sheet/pdf/uj3c120040k3s-d.pdf,200,443953,695a0ae97be0defb6971ba4965410eddd9d01b73b3c1d1ad5337c641019fda04,2026-09-27,2026-09-27,10,
https://www.onsemi.com/download/data-sheet/pdf/uj3c120070k3s-d.pdf,https://www.onsemi.com/download/data-sheet/pdf/uj3c120070k3s-d.pdf,200,444582,bef8fe857efaa85b579e530d0b08eaa0c204e217b67b102d55f5248984471516,2026-09-27,2026-09-27,10,
https://www.onsemi.com/download/data-sheet/pdf/uj3c120070k4s-d.pdf,https://www.onsemi.com/download/data-sheet/pdf/uj3c120070k4s-d.pdf,200,574667,84c4cd7cba8cf63a0a23fc294e3a603d8561cda6982b27ff2d657004e923ed1a,2026-09-27,2026-09-27,10,
https://www.onsemi.com/download/data-sheet/pdf/uj3c120080k3s-d.pdf,https://www.onsemi.com/download/data-sheet/pdf/uj3c120080k3s-d.pdf,200,442597,9f77dd5e365018e43cbfc3fc8dc085c14284705b66549a4cbee59df85b25ef8b,2026-09-27,2026-09-27,10,
https://www.onsemi.com/download/data-sheet/pdf/uj3c120150k3s-d.pdf,https://www.onsemi.com/download/data-sheet/pdf/uj3c120150k3s-d.pdf,200,434984,d6ea906b288e3cd278ba099c7a006c23425f4e9befb085818772a6ef5f5dffa5,2026-09-27,2026-09-27,10,
https://www.onsemi.com/download/data-sheet/pdf/uj3d06520ksd-d.pdf,https://www.onsemi.com/download/data-sheet/pdf/uj3d06520ksd-d.pdf,200,313293,6d38f7c63b0a0c1c6a092b207addb101aafe53d67ac13afed1c5dbecdbadd7ca,2026-09-27,2026-09-27,10,
https://www.onsemi.com/download/data-sheet/pdf/uj3d1210ks-d.pdf,https://www.onsemi.com/download/data-sheet/pdf/uj3d1210ks-d.pdf,200,293941,3057e0c2b9cdc152dff68dbf3aa92744669c293d58f2f7c2f150f35e18b5292e,2026-09-27,2026-09-27,10,
https://www.onsemi.com/download/data-sheet/pdf/uj3d1210ksd-d.pdf,https://www.onsemi.com/download/data-sheet/pdf/uj3d1210ksd-d.pdf,200,312050,1131267bd0c266223e834242dc64dfcbc6da603bac71f1624fb5837503ff9275,2026-09-27,2026-09-27,10,
https://www.onsemi.com/download/data-sheet/pdf/uj3d1220k2-d.pdf,https://www.onsemi.com/download/data-sheet/pdf/uj3d1220k2-d.pdf,200,293524,dc5723a8ab159c05768cbe45431e7149af26d669d8186854860c29bc82f4c0cc,2026-09-27,2026-09-27,10,
https://www.onsemi.com/download/data-sheet/pdf/uj3d1250k2-d.pdf,https://www.onsemi.com/download/data-sheet/pdf/uj3d1250k2-d.pdf,200,682522,9240aa3a3ba8b71b1c6cd02bb06325210157e8befa8e9b1decacd003d4ef52a4,2026-09-27,2026-09-27,10,
https://www.onsemi.com/download/data-sheet/pdf/uj3d1725k2-d.pdf,https://www.onsemi.com/download/data-sheet/pdf/uj3d1725k2-d.pdf,200,687402,12e334aa32cddd3d4a0cc4e094a212ed0a2608d65de2cb1e78dc63f68b0ee80e,2026-09-27,2026-09-27,10,
https://www.onsemi.com/download/data-sheet/pdf/uj3n065080k3s-d.pdf,https://www.onsemi.com/download/data-sheet/pdf/uj3n065080k3s-d.pdf,200,416292,f0d7424adcc9f1391596f2a09010d6231abfe772e3bd25a161aca3c143f67db5,2026-09-27,2026-09-27,10,
https://www.onsemi.com/download/data-sheet/pdf/uj3n120035k3s-d.pdf,https://www.onsemi.com/download/data-sheet/pdf/uj3n120035k3s-d.pdf,200,531458,ea3e8094852a50f97b72c4b00f3ddc7af1696bb576f4cd00330d9636cda4baa9,2026-09-27,2026-09-27,10,
https://www.onsemi.com/download/data-sheet/pdf/uj3n120070k3s-d.pdf,https://www.onsemi.com/download/data-sheet/pdf/uj3n120070k3s-d.pdf,200,524859,4745b9230bfec2911e2fe46f9002f578c4ceff3ca989b5fcf8c9f15d894bce2f,2026-09-27,2026-09-27,10,
https://www.onsemi.com/download/data-sheet/pdf/uj4c075018k3s-d.pdf,https://www.onsemi.com/download/data-sheet/pdf/uj4c075018k3s-d.pdf,200,818885,fa7e755edc23e99f9d6f06863e8b6ad91f96591be1ff5bf0c3cdf12d77825221,2026-09-27,2026-09-27,10,
https://www.onsemi.com/download/data-sheet/pdf/uj4c075023k4s-d.pdf,https://www.onsemi.com/download/data-sheet/pdf/uj4c075023k4s-d.pdf,200,649501,9cf37674affc7ba39ac3e961614e9eb403622d6a70abbee7885e740eb894eee7,2026-09-27,2026-09-27,10,
https://www.onsemi.com/download/data-sheet/pdf/uj4c075033b7s-d.pdf,https://www.onsemi.com/download/data-sheet/pdf/uj4c075033b7s-d.pdf,200,665895,261492a9bfa893105dad21d7639d65542ce5525f954441f21117fb3aab55acc5,2026-09-27,2026-09-27,10,
https://www.onsemi.com/download/data-sheet/pdf/uj4c075033k3s-d.pdf,https://www.onsemi.com/download/data-sheet/pdf/uj4c075033k3s-d.pdf,200,740017,f2e68d13d5b60502e368f90d6013fa2fad5a6cf94762387bb2dc7fd920293144,2026-09-27,2026-09-27,10,
https://www.onsemi.com/download/data-sheet/pdf/uj4c075033k4s-d.pdf,https://www.onsemi.com/download/data-sheet/pdf/uj4c075033k4s-d.pdf,200,664101,7b30072d6575ed68f98082ad7bd0ac6849f53f326daf3eaf989c223392365176,2026-09-27,2026-09-27,10,
https://www.onsemi.com/download/data-sheet/pdf/uj4c075044b7s-d.pdf,https://www.onsemi.com/download/data-sheet/pdf/uj4c075044b7s-d.pdf,200,816086,9fbb54123e249826ecba1c55795fc50a98e9b07becc25365d1a8590de5b0f1d1,2026-09-27,2026-09-27,10,
https://www.onsemi.com/download/data-sheet/pdf/uj4c075044k4s-d.pdf,https://www.onsemi.com/download/data-sheet/pdf/uj4c075044k4s-d.pdf,200,723216,74338ac542d216b8cc9193656975c2928646e5a4e9d8aabe18aace0b1852f3b3,2026-09-27,2026-09-27,10,
https://www.onsemi.com/download/data-sheet/pdf/uj4c075044l8s-d.pdf,https://www.onsemi.com/download/data-sheet/pdf/uj4c075044l8s-d.pdf,200,876136,014158895293624277b8ab1aba942f46a761fbc0f97afd8130547b2fc35edcc7,2026-09-27,2026-09-27,10,
https://www.onsemi.com/download/data-sheet/pdf/uj4c075060b7s-d.pdf,https://www.onsemi.com/download/data-sheet/pdf/uj4c075060b7s-d.pdf,200,729319,2e14e34f2bb9afc1409737e7d7f7fd614c5559d08c9255ac46d28ca14cfcf25e,2026-09-27,2026-09-27,10,
https://www.onsemi.com/download/data-sheet/pdf/uj4c075060k3s-d.pdf,https://www.onsemi.com/download/data-sheet/pdf/uj4c075060k3s-d.pdf,200,728558,4d7b57ed78403fa48c40a1d7f0e6a7b6dc94afee0e9739cff8d178acdce10719,2026-09-27,2026-09-27,10,
https://www.onsemi.com/download/data-sheet/pdf/uj4c075060k4s-d.pdf,https://www.onsemi.com/download/data-sheet/pdf/uj4c075060k4s-d.pdf,200,769698,477136d7d9bbab46b0ba059d468546c541fd2c26bace693ad6d1834f36ce6d90,2026-09-27,2026-09-27,10,
https://www.onsemi.com/download/data-sheet/pdf/uj4c075060l8s-d.pdf,https://www.onsemi.com/download/data-sheet/pdf/uj4c075060l8s-d.pdf,200,935261,e2a7872973369d83ab4205d6c7e9eefb4f20c9eacfc0708114ad1d38532c8685,2026-09-27,2026-09-27,10,
https://www.onsemi.com/download/data-sheet/pdf/uj4n075004l8s-d.pdf,https://www.onsemi.com/download/data-sheet/pdf/uj4n075004l8s-d.pdf,200,732289,74086acfb2aba70313fbe4dbd8e3fbd130df7e707cfab089076ee787b10db58d,2026-09-27,2026-09-27,10,
https://www.onsemi.com/download/data-sheet/pdf/uj4n075005k4s-d.pdf,https://www.onsemi.com/download/data-sheet/pdf/uj4n075005k4s-d.pdf,200,432980,4b2098176937c8a7e746f8a29b73d438484d859aef1b51bb5336291e54a26284,2026-09-27,2026-09-27,10,
https://www.onsemi.com/download/data-sheet/pdf/uj4sc075005l8s-d.pdf,https://www.onsemi.com/download/data-sheet/pdf/uj4sc075005l8s-d.pdf,200,828686,5f867ece4bde76c9a70ab5a21a48114e865cb7aa0d58a68a45089a076128dbb1,2026-09-27,2026-09-27,10,
https://www.onsemi.com/download/data-sheet/pdf/uj4sc075006k4s-d.pdf,https://www.onsemi.com/download/data-sheet/pdf/uj4sc075006k4s-d.pdf,200,566016,98b724b1346110fd1ce221525a8068286508a247e80cd9cb20d8f5f4e1a86550,2026-09-27,2026-09-27,10,
https://www.onsemi.com/download/data-sheet/pdf/uj4sc075009b7s-d.pdf,https://www.onsemi.com/download/data-sheet/pdf/uj4sc075009b7s-d.pdf,200,589727,cb132e5933c29527d982b13bca2b57f26067d8561cd66046df724831f0edeb3e,2026-09-27,2026-09-27,10,
https://www.onsemi.com/download/data-sheet/pdf/uj4sc075009k4s-d.pdf,https://www.onsemi.com/download/data-sheet/pdf/uj4sc075009k4s-d.pdf,200,558601,cfe44c0c633ad7ac350709f11b07ecd17c1c52b95c0dcb85893f003013b71474,2026-09-27,2026-09-27,10,
https://www.onsemi.com/download/data-sheet/pdf/uj4sc075010l8s-d.pdf,https://www.onsemi.com/download/data-sheet/pdf/uj4sc075010l8s-d.pdf,200,873822,a6e9d9dbd38ba91837a6cbfede61a786be3f8b09e8d675f4345631b6a316f324,2026-09-27,2026-09-27,10,
https://www.onsemi.com/download/data-sheet/pdf/uj4sc075011b7s-d.pdf,https://www.onsemi.com/download/data-sheet/pdf/uj4sc075011b7s-d.pdf,200,582647,1b8df5727a6ccf304915e70579376b18de1d900110b57d3449ac04c842f6f13e,2026-09-27,2026-09-27,10,
https://www.onsemi.com/download/data-sheet/pdf/uj4sc075011k4s-d.pdf,https://www.onsemi.com/download/data-sheet/pdf/uj4sc075011k4s-d.pdf,200,549873,f5936953a076030057678988d0969f0c6574b42404bc4574a876f80c6cc34b1c,2026-09-27,2026-09-27,10,
https://www.onsemi.com/download/data-sheet/pdf/uj4sc075018b7s-d.pdf,https://www.onsemi.com/download/data-sheet/pdf/uj4sc075018b7s-d.pdf,200,647659,999addbf8309f337a24367ad98cbf9f0c59e2d149124706242371b4198393b03,2026-09-27,2026-09-27,10,
https://www.onsemi.com/download/data-sheet/pdf/uln2003a-d.pdf,https://www.onsemi.com/download/data-sheet/pdf/uln2003a-d.pdf,200,266775,0202b0a4fced8de2958510f61c2bbf532900a3747032a69a204df1b1d2554d83,2026-09-27,2026-09-27,10,
https://www.onsemi.com/download/data-sheet/pdf/uln2803-d.pdf,https://www.onsemi.com/download/data-sheet/pdf/uln2803-d.pdf,200,145654,80bca748941443cfd2a7a23af315309ce5e1a3e81d68390d2371010b26b2c5f5,2026-09-27,2026-09-27,10,
https://www.onsemi.com/download/data-sheet/pdf/umz1nt1-d.pdf,https://www.onsemi.com/download/data-sheet/pdf/umz1nt1-d.pdf,200,276079,fff916d09bbc8b92d509147edd8ea9bc343ac97f72649f834f2d66f413083f07,2026-09-27,2026-09-27,10,
https://www.onsemi.com/download/data-sheet/pdf/us1mfa-d.pdf,https://www.onsemi.com/download/data-sheet/pdf/us1mfa-d.pdf,200,242854,618f37c624e5c9b34a5a00069c999c9eb3777759e0f287d80317d9d9ff579a77,2026-09-27,2026-09-27,10,
https://www.onsemi.com/download/data-sheet/pdf/vec2315-d.pdf,https://www.onsemi.com/download/data-sheet/pdf/vec2315-d.pdf,200,638284,5bbceaf1bf94cc880844bd6ad8eda82055d76958bfc7bc28fc8ccee0648590d2,2026-09-27,2026-09-27,10,
https://www.onsemi.com/download/data-sheet/pdf/vn0300l-d.pdf,https://www.onsemi.com/download/data-sheet/pdf/vn0300l-d.pdf,200,166398,de6b3d29423653a9892b764079d4ee5b096a7036871121d0aa05c7a78772f43b,2026-09-27,2026-09-27,10,
https://www.onsemi.com/download/data-sheet/pdf/vn0610ll-d.pdf,https://www.onsemi.com/download/data-sheet/pdf/vn0610ll-d.pdf,200,186714,f68dd94f6e34da44419d36dbef10ac04b836574c63a8982d6193d06eac816af3,2026-09-27,2026-09-27,10,
https://www.onsemi.com/download/data-sheet/pdf/vn2222ll-d.pdf,https://www.onsemi.com/download/data-sheet/pdf/vn2222ll-d.pdf,200,159084,756c0ed1187463fdd84b16788bf65a751d3d8477ab37b89a5d06d61ed83dcfb4,2026-09-27,2026-09-27,10,
https://www.onsemi.com/download/data-sheet/pdf/vn2406l-d.pdf,https://www.onsemi.com/download/data-sheet/pdf/vn2406l-d.pdf,200,165847,23e87171cc0fdb1ecfb73747917ed81c9c8de8a594c2ebf34e30ab7d51799ca5,2026-09-27,2026-09-27,10,
https://www.onsemi.com/download/data-sheet/pdf/vn2410l-d.pdf,https://www.onsemi.com/download/data-sheet/pdf/vn2410l-d.pdf,200,165291,109acafd0ef0e4212e2a6cdedad2b02a90443af00c7cf378b76dc8ad5c5b18cf,2026-09-27,2026-09-27,10,
https://www.onsemi.com/download/data-sheet/pdf/zspm9015-d.pdf,https://www.onsemi.com/download/data-sheet/pdf/zspm9015-d.pdf,200,170835,1a31c4546427bd62fb752a8f0483f64487975e36edef6909784dbce0179efa50,2026-09-27,2026-09-27,10,
