part,source,maker,category,status,name,title,revision,url,page,checked
1N4148WS,toshiba_parametric,toshiba,Diodes > Switching Diodes,,,,,https://toshiba.semicon-storage.com/info/docget.jsp?did=141703&prodName=1N4148WS,https://toshiba.semicon-storage.com/info/lookup.jsp?pid=1N4148WS&region=apc&lang=en,2026-09-27
1N4148WT,toshiba_parametric,toshiba,Diodes > Switching Diodes,,,,,https://toshiba.semicon-storage.com/info/docget.jsp?did=141706&prodName=1N4148WT,https://toshiba.semicon-storage.com/info/lookup.jsp?pid=1N4148WT&region=apc&lang=en,2026-09-27
1SS226,toshiba_parametric,toshiba,Diodes > Switching Diodes,,,,,https://toshiba.semicon-storage.com/info/docget.jsp?did=3281&prodName=1SS226,https://toshiba.semicon-storage.com/info/lookup.jsp?pid=1SS226&region=apc&lang=en,2026-09-27
1SS302A,toshiba_parametric,toshiba,Diodes > Switching Diodes,,,,,https://toshiba.semicon-storage.com/info/docget.jsp?did=15700&prodName=1SS302A,https://toshiba.semicon-storage.com/info/lookup.jsp?pid=1SS302A&region=apc&lang=en,2026-09-27
1SS362FV,toshiba_parametric,toshiba,Diodes > Switching Diodes,,,,,https://toshiba.semicon-storage.com/info/docget.jsp?did=22527&prodName=1SS362FV,https://toshiba.semicon-storage.com/info/lookup.jsp?pid=1SS362FV&region=apc&lang=en,2026-09-27
1SS388,toshiba_parametric,toshiba,Diodes > Schottky Barrier Diodes,,,,,https://toshiba.semicon-storage.com/info/docget.jsp?did=3369&prodName=1SS388,https://toshiba.semicon-storage.com/info/lookup.jsp?pid=1SS388&region=apc&lang=en,2026-09-27
1SS417,toshiba_parametric,toshiba,Diodes > Schottky Barrier Diodes,,,,,https://toshiba.semicon-storage.com/info/docget.jsp?did=345&prodName=1SS417,https://toshiba.semicon-storage.com/info/lookup.jsp?pid=1SS417&region=apc&lang=en,2026-09-27
1SS417CT,toshiba_parametric,toshiba,Diodes > Schottky Barrier Diodes,,,,,https://toshiba.semicon-storage.com/info/docget.jsp?did=22155&prodName=1SS417CT,https://toshiba.semicon-storage.com/info/lookup.jsp?pid=1SS417CT&region=apc&lang=en,2026-09-27
1SS420,toshiba_parametric,toshiba,Diodes > Schottky Barrier Diodes,,,,,https://toshiba.semicon-storage.com/info/docget.jsp?did=4399&prodName=1SS420,https://toshiba.semicon-storage.com/info/lookup.jsp?pid=1SS420&region=apc&lang=en,2026-09-27
1SS423,toshiba_parametric,toshiba,Diodes > Schottky Barrier Diodes,,,,,https://toshiba.semicon-storage.com/info/docget.jsp?did=4401&prodName=1SS423,https://toshiba.semicon-storage.com/info/lookup.jsp?pid=1SS423&region=apc&lang=en,2026-09-27
1SV229,toshiba_parametric,toshiba,Diodes,Not Recommended for New Design,,,,https://toshiba.semicon-storage.com/info/docget.jsp?did=2758&prodName=1SV229,https://toshiba.semicon-storage.com/info/lookup.jsp?pid=1SV229&region=apc&lang=en,2026-09-27
2SA1020,toshiba_parametric,toshiba,,EOL announced,,,,https://toshiba.semicon-storage.com/info/docget.jsp?did=20277&prodName=2SA1020,https://toshiba.semicon-storage.com/info/lookup.jsp?pid=2SA1020&region=apc&lang=en,2026-09-27
2SA1162,toshiba_parametric,toshiba,Bipolar Transistors > Bipolar Transistors,,,,,https://toshiba.semicon-storage.com/info/docget.jsp?did=19351&prodName=2SA1162,https://toshiba.semicon-storage.com/info/lookup.jsp?pid=2SA1162&region=apc&lang=en,2026-09-27
2SA1163,toshiba_parametric,toshiba,,Not Recommended for New Design,,,,https://toshiba.semicon-storage.com/info/docget.jsp?did=19353&prodName=2SA1163,https://toshiba.semicon-storage.com/info/lookup.jsp?pid=2SA1163&region=apc&lang=en,2026-09-27
2SA1182,toshiba_parametric,toshiba,,Not Recommended for New Design,,,,https://toshiba.semicon-storage.com/info/docget.jsp?did=19355&prodName=2SA1182,https://toshiba.semicon-storage.com/info/lookup.jsp?pid=2SA1182&region=apc&lang=en,2026-09-27
2SA1201,toshiba_parametric,toshiba,,Not Recommended for New Design,,,,https://toshiba.semicon-storage.com/info/docget.jsp?did=20286&prodName=2SA1201,https://toshiba.semicon-storage.com/info/lookup.jsp?pid=2SA1201&region=apc&lang=en,2026-09-27
2SA1213,toshiba_parametric,toshiba,,Not Recommended for New Design,,,,https://toshiba.semicon-storage.com/info/docget.jsp?did=20295&prodName=2SA1213,https://toshiba.semicon-storage.com/info/lookup.jsp?pid=2SA1213&region=apc&lang=en,2026-09-27
2SA1225,toshiba_parametric,toshiba,,Not Recommended for New Design,,,,https://toshiba.semicon-storage.com/info/docget.jsp?did=20297&prodName=2SA1225,https://toshiba.semicon-storage.com/info/lookup.jsp?pid=2SA1225&region=apc&lang=en,2026-09-27
2SA1241,toshiba_parametric,toshiba,,Not Recommended for New Design,,,,https://toshiba.semicon-storage.com/info/docget.jsp?did=20299&prodName=2SA1241,https://toshiba.semicon-storage.com/info/lookup.jsp?pid=2SA1241&region=apc&lang=en,2026-09-27
2SA1244,toshiba_parametric,toshiba,,Not Recommended for New Design,,,,https://toshiba.semicon-storage.com/info/docget.jsp?did=20304&prodName=2SA1244,https://toshiba.semicon-storage.com/info/lookup.jsp?pid=2SA1244&region=apc&lang=en,2026-09-27
2SA1298,toshiba_parametric,toshiba,,Not Recommended for New Design,,,,https://toshiba.semicon-storage.com/info/docget.jsp?did=19261&prodName=2SA1298,https://toshiba.semicon-storage.com/info/lookup.jsp?pid=2SA1298&region=apc&lang=en,2026-09-27
2SA1312,toshiba_parametric,toshiba,,EOL announced,,,,https://toshiba.semicon-storage.com/info/docget.jsp?did=19263&prodName=2SA1312,https://toshiba.semicon-storage.com/info/lookup.jsp?pid=2SA1312&region=apc&lang=en,2026-09-27
2SA1313,toshiba_parametric,toshiba,,Not Recommended for New Design,,,,https://toshiba.semicon-storage.com/info/docget.jsp?did=19265&prodName=2SA1313,https://toshiba.semicon-storage.com/info/lookup.jsp?pid=2SA1313&region=apc&lang=en,2026-09-27
2SA1362,toshiba_parametric,toshiba,,Not Recommended for New Design,,,,https://toshiba.semicon-storage.com/info/docget.jsp?did=19272&prodName=2SA1362,https://toshiba.semicon-storage.com/info/lookup.jsp?pid=2SA1362&region=apc&lang=en,2026-09-27
2SA1586,toshiba_parametric,toshiba,Bipolar Transistors > Bipolar Transistors,,,,,https://toshiba.semicon-storage.com/info/docget.jsp?did=19170&prodName=2SA1586,https://toshiba.semicon-storage.com/info/lookup.jsp?pid=2SA1586&region=apc&lang=en,2026-09-27
2SA1587,toshiba_parametric,toshiba,,Not Recommended for New Design,,,,https://toshiba.semicon-storage.com/info/docget.jsp?did=19172&prodName=2SA1587,https://toshiba.semicon-storage.com/info/lookup.jsp?pid=2SA1587&region=apc&lang=en,2026-09-27
2SA1588,toshiba_parametric,toshiba,,Not Recommended for New Design,,,,https://toshiba.semicon-storage.com/info/docget.jsp?did=19174&prodName=2SA1588,https://toshiba.semicon-storage.com/info/lookup.jsp?pid=2SA1588&region=apc&lang=en,2026-09-27
2SA1618,toshiba_parametric,toshiba,Bipolar Transistors > Bipolar Transistors,,,,,https://toshiba.semicon-storage.com/info/docget.jsp?did=19176&prodName=2SA1618,https://toshiba.semicon-storage.com/info/lookup.jsp?pid=2SA1618&region=apc&lang=en,2026-09-27
2SA1681,toshiba_parametric,toshiba,,Not Recommended for New Design,,,,https://toshiba.semicon-storage.com/info/docget.jsp?did=20358&prodName=2SA1681,https://toshiba.semicon-storage.com/info/lookup.jsp?pid=2SA1681&region=apc&lang=en,2026-09-27
2SA1721,toshiba_parametric,toshiba,,Not Recommended for New Design,,,,https://toshiba.semicon-storage.com/info/docget.jsp?did=19183&prodName=2SA1721,https://toshiba.semicon-storage.com/info/lookup.jsp?pid=2SA1721&region=apc&lang=en,2026-09-27
2SA1736,toshiba_parametric,toshiba,,Not Recommended for New Design,,,,https://toshiba.semicon-storage.com/info/docget.jsp?did=20364&prodName=2SA1736,https://toshiba.semicon-storage.com/info/lookup.jsp?pid=2SA1736&region=apc&lang=en,2026-09-27
2SA1832,toshiba_parametric,toshiba,Bipolar Transistors > Bipolar Transistors,,,,,https://toshiba.semicon-storage.com/info/docget.jsp?did=19185&prodName=2SA1832,https://toshiba.semicon-storage.com/info/lookup.jsp?pid=2SA1832&region=apc&lang=en,2026-09-27
2SA1941,toshiba_parametric,toshiba,,Not Recommended for New Design,,,,https://toshiba.semicon-storage.com/info/docget.jsp?did=20422&prodName=2SA1941,https://toshiba.semicon-storage.com/info/lookup.jsp?pid=2SA1941&region=apc&lang=en,2026-09-27
2SA1942,toshiba_parametric,toshiba,,Not Recommended for New Design,,,,https://toshiba.semicon-storage.com/info/docget.jsp?did=20425&prodName=2SA1942,https://toshiba.semicon-storage.com/info/lookup.jsp?pid=2SA1942&region=apc&lang=en,2026-09-27
2SA1943,toshiba_parametric,toshiba,,Not Recommended for New Design,,,,https://toshiba.semicon-storage.com/info/docget.jsp?did=20427&prodName=2SA1943,https://toshiba.semicon-storage.com/info/lookup.jsp?pid=2SA1943&region=apc&lang=en,2026-09-27
2SA1943N,toshiba_parametric,toshiba,,Not Recommended for New Design,,,,https://toshiba.semicon-storage.com/info/docget.jsp?did=13908&prodName=2SA1943N,https://toshiba.semicon-storage.com/info/lookup.jsp?pid=2SA1943N&region=apc&lang=en,2026-09-27
2SA1962,toshiba_parametric,toshiba,,Not Recommended for New Design,,,,https://toshiba.semicon-storage.com/info/docget.jsp?did=20429&prodName=2SA1962,https://toshiba.semicon-storage.com/info/lookup.jsp?pid=2SA1962&region=apc&lang=en,2026-09-27
2SA1986,toshiba_parametric,toshiba,,Not Recommended for New Design,,,,https://toshiba.semicon-storage.com/info/docget.jsp?did=20436&prodName=2SA1986,https://toshiba.semicon-storage.com/info/lookup.jsp?pid=2SA1986&region=apc&lang=en,2026-09-27
2SA1987,toshiba_parametric,toshiba,,Not Recommended for New Design,,,,https://toshiba.semicon-storage.com/info/docget.jsp?did=20438&prodName=2SA1987,https://toshiba.semicon-storage.com/info/lookup.jsp?pid=2SA1987&region=apc&lang=en,2026-09-27
2SA2056,toshiba_parametric,toshiba,,Not Recommended for New Design,,,,https://toshiba.semicon-storage.com/info/docget.jsp?did=20440&prodName=2SA2056,https://toshiba.semicon-storage.com/info/lookup.jsp?pid=2SA2056&region=apc&lang=en,2026-09-27
2SA2059,toshiba_parametric,toshiba,,Not Recommended for New Design,,,,https://toshiba.semicon-storage.com/info/docget.jsp?did=20444&prodName=2SA2059,https://toshiba.semicon-storage.com/info/lookup.jsp?pid=2SA2059&region=apc&lang=en,2026-09-27
2SA2060,toshiba_parametric,toshiba,,Not Recommended for New Design,,,,https://toshiba.semicon-storage.com/info/docget.jsp?did=20447&prodName=2SA2060,https://toshiba.semicon-storage.com/info/lookup.jsp?pid=2SA2060&region=apc&lang=en,2026-09-27
2SA2069,toshiba_parametric,toshiba,,Not Recommended for New Design,,,,https://toshiba.semicon-storage.com/info/docget.jsp?did=20455&prodName=2SA2069,https://toshiba.semicon-storage.com/info/lookup.jsp?pid=2SA2069&region=apc&lang=en,2026-09-27
2SA2070,toshiba_parametric,toshiba,,Not Recommended for New Design,,,,https://toshiba.semicon-storage.com/info/docget.jsp?did=20459&prodName=2SA2070,https://toshiba.semicon-storage.com/info/lookup.jsp?pid=2SA2070&region=apc&lang=en,2026-09-27
2SA2097,toshiba_parametric,toshiba,,Not Recommended for New Design,,,,https://toshiba.semicon-storage.com/info/docget.jsp?did=20461&prodName=2SA2097,https://toshiba.semicon-storage.com/info/lookup.jsp?pid=2SA2097&region=apc&lang=en,2026-09-27
2SA2121,toshiba_parametric,toshiba,,Not Recommended for New Design,,,,https://toshiba.semicon-storage.com/info/docget.jsp?did=6237&prodName=2SA2121,https://toshiba.semicon-storage.com/info/lookup.jsp?pid=2SA2121&region=apc&lang=en,2026-09-27
2SA2142,toshiba_parametric,toshiba,,Not Recommended for New Design,,,,https://toshiba.semicon-storage.com/info/docget.jsp?did=22764&prodName=2SA2142,https://toshiba.semicon-storage.com/info/lookup.jsp?pid=2SA2142&region=apc&lang=en,2026-09-27
2SA2154MFV,toshiba_parametric,toshiba,,Not Recommended for New Design,,,,https://toshiba.semicon-storage.com/info/docget.jsp?did=6105&prodName=2SA2154MFV,https://toshiba.semicon-storage.com/info/lookup.jsp?pid=2SA2154MFV&region=apc&lang=en,2026-09-27
2SA2184,toshiba_parametric,toshiba,,Not Recommended for New Design,,,,https://toshiba.semicon-storage.com/info/docget.jsp?did=10377&prodName=2SA2184,https://toshiba.semicon-storage.com/info/lookup.jsp?pid=2SA2184&region=apc&lang=en,2026-09-27
2SA2195,toshiba_parametric,toshiba,,Not Recommended for New Design,,,,https://toshiba.semicon-storage.com/info/docget.jsp?did=22652&prodName=2SA2195,https://toshiba.semicon-storage.com/info/lookup.jsp?pid=2SA2195&region=apc&lang=en,2026-09-27
2SA2215,toshiba_parametric,toshiba,,Not Recommended for New Design,,,,https://toshiba.semicon-storage.com/info/docget.jsp?did=22651&prodName=2SA2215,https://toshiba.semicon-storage.com/info/lookup.jsp?pid=2SA2215&region=apc&lang=en,2026-09-27
2SB906,toshiba_parametric,toshiba,,Not Recommended for New Design,,,,https://toshiba.semicon-storage.com/info/docget.jsp?did=20843&prodName=2SB906,https://toshiba.semicon-storage.com/info/lookup.jsp?pid=2SB906&region=apc&lang=en,2026-09-27
2SC2712,toshiba_parametric,toshiba,Bipolar Transistors > Bipolar Transistors,,,,,https://toshiba.semicon-storage.com/info/docget.jsp?did=19227&prodName=2SC2712,https://toshiba.semicon-storage.com/info/lookup.jsp?pid=2SC2712&region=apc&lang=en,2026-09-27
2SC2713,toshiba_parametric,toshiba,,Not Recommended for New Design,,,,https://toshiba.semicon-storage.com/info/docget.jsp?did=19229&prodName=2SC2713,https://toshiba.semicon-storage.com/info/lookup.jsp?pid=2SC2713&region=apc&lang=en,2026-09-27
2SC2873,toshiba_parametric,toshiba,,Not Recommended for New Design,,,,https://toshiba.semicon-storage.com/info/docget.jsp?did=20773&prodName=2SC2873,https://toshiba.semicon-storage.com/info/lookup.jsp?pid=2SC2873&region=apc&lang=en,2026-09-27
2SC2881,toshiba_parametric,toshiba,,Not Recommended for New Design,,,,https://toshiba.semicon-storage.com/info/docget.jsp?did=20777&prodName=2SC2881,https://toshiba.semicon-storage.com/info/lookup.jsp?pid=2SC2881&region=apc&lang=en,2026-09-27
2SC2983,toshiba_parametric,toshiba,,EOL announced,,,,https://toshiba.semicon-storage.com/info/docget.jsp?did=20500&prodName=2SC2983,https://toshiba.semicon-storage.com/info/lookup.jsp?pid=2SC2983&region=apc&lang=en,2026-09-27
2SC3076,toshiba_parametric,toshiba,,Not Recommended for New Design,,,,https://toshiba.semicon-storage.com/info/docget.jsp?did=20509&prodName=2SC3076,https://toshiba.semicon-storage.com/info/lookup.jsp?pid=2SC3076&region=apc&lang=en,2026-09-27
2SC3265,toshiba_parametric,toshiba,,Not Recommended for New Design,,,,https://toshiba.semicon-storage.com/info/docget.jsp?did=19281&prodName=2SC3265,https://toshiba.semicon-storage.com/info/lookup.jsp?pid=2SC3265&region=apc&lang=en,2026-09-27
2SC3303,toshiba_parametric,toshiba,,Not Recommended for New Design,,,,https://toshiba.semicon-storage.com/info/docget.jsp?did=20516&prodName=2SC3303,https://toshiba.semicon-storage.com/info/lookup.jsp?pid=2SC3303&region=apc&lang=en,2026-09-27
2SC3324,toshiba_parametric,toshiba,,EOL announced,,,,,https://toshiba.semicon-storage.com/info/lookup.jsp?pid=2SC3324&region=apc&lang=en,2026-09-27
2SC3325,toshiba_parametric,toshiba,,Not Recommended for New Design,,,,https://toshiba.semicon-storage.com/info/docget.jsp?did=19247&prodName=2SC3325,https://toshiba.semicon-storage.com/info/lookup.jsp?pid=2SC3325&region=apc&lang=en,2026-09-27
2SC3326,toshiba_parametric,toshiba,,Not Recommended for New Design,,,,https://toshiba.semicon-storage.com/info/docget.jsp?did=19249&prodName=2SC3326,https://toshiba.semicon-storage.com/info/lookup.jsp?pid=2SC3326&region=apc&lang=en,2026-09-27
2SC3710A,toshiba_parametric,toshiba,,EOL announced,,,,https://toshiba.semicon-storage.com/info/docget.jsp?did=20572&prodName=2SC3710A,https://toshiba.semicon-storage.com/info/lookup.jsp?pid=2SC3710A&region=apc&lang=en,2026-09-27
2SC4116,toshiba_parametric,toshiba,Bipolar Transistors > Bipolar Transistors,,,,,https://toshiba.semicon-storage.com/info/docget.jsp?did=19292&prodName=2SC4116,https://toshiba.semicon-storage.com/info/lookup.jsp?pid=2SC4116&region=apc&lang=en,2026-09-27
2SC4117,toshiba_parametric,toshiba,,Not Recommended for New Design,,,,https://toshiba.semicon-storage.com/info/docget.jsp?did=19294&prodName=2SC4117,https://toshiba.semicon-storage.com/info/lookup.jsp?pid=2SC4117&region=apc&lang=en,2026-09-27
2SC4207,toshiba_parametric,toshiba,Bipolar Transistors > Bipolar Transistors,,,,,https://toshiba.semicon-storage.com/info/docget.jsp?did=19298&prodName=2SC4207,https://toshiba.semicon-storage.com/info/lookup.jsp?pid=2SC4207&region=apc&lang=en,2026-09-27
2SC4213,toshiba_parametric,toshiba,,Not Recommended for New Design,,,,https://toshiba.semicon-storage.com/info/docget.jsp?did=19305&prodName=2SC4213,https://toshiba.semicon-storage.com/info/lookup.jsp?pid=2SC4213&region=apc&lang=en,2026-09-27
2SC4215,toshiba_parametric,toshiba,,EOL announced,,,,https://toshiba.semicon-storage.com/info/docget.jsp?did=17619&prodName=2SC4215,https://toshiba.semicon-storage.com/info/lookup.jsp?pid=2SC4215&region=apc&lang=en,2026-09-27
2SC4409,toshiba_parametric,toshiba,,Not Recommended for New Design,,,,https://toshiba.semicon-storage.com/info/docget.jsp?did=20794&prodName=2SC4409,https://toshiba.semicon-storage.com/info/lookup.jsp?pid=2SC4409&region=apc&lang=en,2026-09-27
2SC4541,toshiba_parametric,toshiba,,Not Recommended for New Design,,,,https://toshiba.semicon-storage.com/info/docget.jsp?did=20589&prodName=2SC4541,https://toshiba.semicon-storage.com/info/lookup.jsp?pid=2SC4541&region=apc&lang=en,2026-09-27
2SC4738,toshiba_parametric,toshiba,Bipolar Transistors > Bipolar Transistors,,,,,https://toshiba.semicon-storage.com/info/docget.jsp?did=19314&prodName=2SC4738,https://toshiba.semicon-storage.com/info/lookup.jsp?pid=2SC4738&region=apc&lang=en,2026-09-27
2SC4915,toshiba_parametric,toshiba,,EOL announced,,,,https://toshiba.semicon-storage.com/info/docget.jsp?did=17642&prodName=2SC4915,https://toshiba.semicon-storage.com/info/lookup.jsp?pid=2SC4915&region=apc&lang=en,2026-09-27
2SC4944,toshiba_parametric,toshiba,Bipolar Transistors > Bipolar Transistors,,,,,https://toshiba.semicon-storage.com/info/docget.jsp?did=19320&prodName=2SC4944,https://toshiba.semicon-storage.com/info/lookup.jsp?pid=2SC4944&region=apc&lang=en,2026-09-27
2SC5066,toshiba_parametric,toshiba,,Not Recommended for New Design,,,,https://toshiba.semicon-storage.com/info/docget.jsp?did=17648&prodName=2SC5066,https://toshiba.semicon-storage.com/info/lookup.jsp?pid=2SC5066&region=apc&lang=en,2026-09-27
2SC5085,toshiba_parametric,toshiba,,Not Recommended for New Design,,,,https://toshiba.semicon-storage.com/info/docget.jsp?did=17655&prodName=2SC5085,https://toshiba.semicon-storage.com/info/lookup.jsp?pid=2SC5085&region=apc&lang=en,2026-09-27
2SC5086,toshiba_parametric,toshiba,,Not Recommended for New Design,,,,https://toshiba.semicon-storage.com/info/docget.jsp?did=17657&prodName=2SC5086,https://toshiba.semicon-storage.com/info/lookup.jsp?pid=2SC5086&region=apc&lang=en,2026-09-27
2SC5095,toshiba_parametric,toshiba,,Not Recommended for New Design,,,,https://toshiba.semicon-storage.com/info/docget.jsp?did=17681&prodName=2SC5095,https://toshiba.semicon-storage.com/info/lookup.jsp?pid=2SC5095&region=apc&lang=en,2026-09-27
2SC5107,toshiba_parametric,toshiba,,Not Recommended for New Design,,,,https://toshiba.semicon-storage.com/info/docget.jsp?did=17695&prodName=2SC5107,https://toshiba.semicon-storage.com/info/lookup.jsp?pid=2SC5107&region=apc&lang=en,2026-09-27
2SC5108,toshiba_parametric,toshiba,,Not Recommended for New Design,,,,https://toshiba.semicon-storage.com/info/docget.jsp?did=17697&prodName=2SC5108,https://toshiba.semicon-storage.com/info/lookup.jsp?pid=2SC5108&region=apc&lang=en,2026-09-27
2SC5198,toshiba_parametric,toshiba,,Not Recommended for New Design,,,,https://toshiba.semicon-storage.com/info/docget.jsp?did=20663&prodName=2SC5198,https://toshiba.semicon-storage.com/info/lookup.jsp?pid=2SC5198&region=apc&lang=en,2026-09-27
2SC5199,toshiba_parametric,toshiba,,Not Recommended for New Design,,,,,https://toshiba.semicon-storage.com/info/lookup.jsp?pid=2SC5199&region=apc&lang=en,2026-09-27
2SC5200,toshiba_parametric,toshiba,,Not Recommended for New Design,,,,https://toshiba.semicon-storage.com/info/docget.jsp?did=20668&prodName=2SC5200,https://toshiba.semicon-storage.com/info/lookup.jsp?pid=2SC5200&region=apc&lang=en,2026-09-27
2SC5200N,toshiba_parametric,toshiba,,Not Recommended for New Design,,,,https://toshiba.semicon-storage.com/info/docget.jsp?did=13909&prodName=2SC5200N,https://toshiba.semicon-storage.com/info/lookup.jsp?pid=2SC5200N&region=apc&lang=en,2026-09-27
2SC5242,toshiba_parametric,toshiba,,Not Recommended for New Design,,,,https://toshiba.semicon-storage.com/info/docget.jsp?did=20673&prodName=2SC5242,https://toshiba.semicon-storage.com/info/lookup.jsp?pid=2SC5242&region=apc&lang=en,2026-09-27
2SC5354,toshiba_parametric,toshiba,,Not Recommended for New Design,,,,https://toshiba.semicon-storage.com/info/docget.jsp?did=20689&prodName=2SC5354,https://toshiba.semicon-storage.com/info/lookup.jsp?pid=2SC5354&region=apc&lang=en,2026-09-27
2SC5358,toshiba_parametric,toshiba,,Not Recommended for New Design,,,,https://toshiba.semicon-storage.com/info/docget.jsp?did=20696&prodName=2SC5358,https://toshiba.semicon-storage.com/info/lookup.jsp?pid=2SC5358&region=apc&lang=en,2026-09-27
2SC5359,toshiba_parametric,toshiba,,Not Recommended for New Design,,,,https://toshiba.semicon-storage.com/info/docget.jsp?did=20698&prodName=2SC5359,https://toshiba.semicon-storage.com/info/lookup.jsp?pid=2SC5359&region=apc&lang=en,2026-09-27
2SC5548A,toshiba_parametric,toshiba,,Not Recommended for New Design,,,,https://toshiba.semicon-storage.com/info/docget.jsp?did=20722&prodName=2SC5548A,https://toshiba.semicon-storage.com/info/lookup.jsp?pid=2SC5548A&region=apc&lang=en,2026-09-27
2SC5692,toshiba_parametric,toshiba,,Not Recommended for New Design,,,,https://toshiba.semicon-storage.com/info/docget.jsp?did=20736&prodName=2SC5692,https://toshiba.semicon-storage.com/info/lookup.jsp?pid=2SC5692&region=apc&lang=en,2026-09-27
2SC5703,toshiba_parametric,toshiba,,Not Recommended for New Design,,,,https://toshiba.semicon-storage.com/info/docget.jsp?did=20738&prodName=2SC5703,https://toshiba.semicon-storage.com/info/lookup.jsp?pid=2SC5703&region=apc&lang=en,2026-09-27
2SC5712,toshiba_parametric,toshiba,,Not Recommended for New Design,,,,https://toshiba.semicon-storage.com/info/docget.jsp?did=20740&prodName=2SC5712,https://toshiba.semicon-storage.com/info/lookup.jsp?pid=2SC5712&region=apc&lang=en,2026-09-27
2SC5810,toshiba_parametric,toshiba,,Not Recommended for New Design,,,,https://toshiba.semicon-storage.com/info/docget.jsp?did=20755&prodName=2SC5810,https://toshiba.semicon-storage.com/info/lookup.jsp?pid=2SC5810&region=apc&lang=en,2026-09-27
2SC5886A,toshiba_parametric,toshiba,,Not Recommended for New Design,,,,https://toshiba.semicon-storage.com/info/docget.jsp?did=4354&prodName=2SC5886A,https://toshiba.semicon-storage.com/info/lookup.jsp?pid=2SC5886A&region=apc&lang=en,2026-09-27
2SC5949,toshiba_parametric,toshiba,,Not Recommended for New Design,,,,https://toshiba.semicon-storage.com/info/docget.jsp?did=6238&prodName=2SC5949,https://toshiba.semicon-storage.com/info/lookup.jsp?pid=2SC5949&region=apc&lang=en,2026-09-27
2SC5976,toshiba_parametric,toshiba,,Not Recommended for New Design,,,,https://toshiba.semicon-storage.com/info/docget.jsp?did=22554&prodName=2SC5976,https://toshiba.semicon-storage.com/info/lookup.jsp?pid=2SC5976&region=apc&lang=en,2026-09-27
2SC6026MFV,toshiba_parametric,toshiba,,Not Recommended for New Design,,,,https://toshiba.semicon-storage.com/info/docget.jsp?did=6106&prodName=2SC6026MFV,https://toshiba.semicon-storage.com/info/lookup.jsp?pid=2SC6026MFV&region=apc&lang=en,2026-09-27
2SC6033,toshiba_parametric,toshiba,,Not Recommended for New Design,,,,https://toshiba.semicon-storage.com/info/docget.jsp?did=22532&prodName=2SC6033,https://toshiba.semicon-storage.com/info/lookup.jsp?pid=2SC6033&region=apc&lang=en,2026-09-27
2SC6061,toshiba_parametric,toshiba,,Not Recommended for New Design,,,,https://toshiba.semicon-storage.com/info/docget.jsp?did=6330&prodName=2SC6061,https://toshiba.semicon-storage.com/info/lookup.jsp?pid=2SC6061&region=apc&lang=en,2026-09-27
2SC6076,toshiba_parametric,toshiba,,Not Recommended for New Design,,,,https://toshiba.semicon-storage.com/info/docget.jsp?did=10384&prodName=2SC6076,https://toshiba.semicon-storage.com/info/lookup.jsp?pid=2SC6076&region=apc&lang=en,2026-09-27
2SC6100,toshiba_parametric,toshiba,,Not Recommended for New Design,,,,https://toshiba.semicon-storage.com/info/docget.jsp?did=768&prodName=2SC6100,https://toshiba.semicon-storage.com/info/lookup.jsp?pid=2SC6100&region=apc&lang=en,2026-09-27
2SC6105,toshiba_parametric,toshiba,,EOL announced,,,,https://toshiba.semicon-storage.com/info/docget.jsp?did=493&prodName=2SC6105,https://toshiba.semicon-storage.com/info/lookup.jsp?pid=2SC6105&region=apc&lang=en,2026-09-27
2SC6126,toshiba_parametric,toshiba,,Not Recommended for New Design,,,,https://toshiba.semicon-storage.com/info/docget.jsp?did=907&prodName=2SC6126,https://toshiba.semicon-storage.com/info/lookup.jsp?pid=2SC6126&region=apc&lang=en,2026-09-27
2SC6127,toshiba_parametric,toshiba,,Not Recommended for New Design,,,,https://toshiba.semicon-storage.com/info/docget.jsp?did=10650&prodName=2SC6127,https://toshiba.semicon-storage.com/info/lookup.jsp?pid=2SC6127&region=apc&lang=en,2026-09-27
2SC6135,toshiba_parametric,toshiba,,Not Recommended for New Design,,,,https://toshiba.semicon-storage.com/info/docget.jsp?did=22791&prodName=2SC6135,https://toshiba.semicon-storage.com/info/lookup.jsp?pid=2SC6135&region=apc&lang=en,2026-09-27
2SC6142,toshiba_parametric,toshiba,,Not Recommended for New Design,,,,https://toshiba.semicon-storage.com/info/docget.jsp?did=1725&prodName=2SC6142,https://toshiba.semicon-storage.com/info/lookup.jsp?pid=2SC6142&region=apc&lang=en,2026-09-27
2SD1223,toshiba_parametric,toshiba,,Not Recommended for New Design,,,,https://toshiba.semicon-storage.com/info/docget.jsp?did=20861&prodName=2SD1223,https://toshiba.semicon-storage.com/info/lookup.jsp?pid=2SD1223&region=apc&lang=en,2026-09-27
2SD2686,toshiba_parametric,toshiba,,Not Recommended for New Design,,,,https://toshiba.semicon-storage.com/info/docget.jsp?did=4286&prodName=2SD2686,https://toshiba.semicon-storage.com/info/lookup.jsp?pid=2SD2686&region=apc&lang=en,2026-09-27
2SD2719,toshiba_parametric,toshiba,,Not Recommended for New Design,,,,https://toshiba.semicon-storage.com/info/docget.jsp?did=10655&prodName=2SD2719,https://toshiba.semicon-storage.com/info/lookup.jsp?pid=2SD2719&region=apc&lang=en,2026-09-27
2SD525,toshiba_parametric,toshiba,,EOL announced,,,,,https://toshiba.semicon-storage.com/info/lookup.jsp?pid=2SD525&region=apc&lang=en,2026-09-27
2SD843,toshiba_parametric,toshiba,,EOL announced,,,,,https://toshiba.semicon-storage.com/info/lookup.jsp?pid=2SD843&region=apc&lang=en,2026-09-27
2SJ168,toshiba_parametric,toshiba,,EOL announced,,,,https://toshiba.semicon-storage.com/info/docget.jsp?did=19506&prodName=2SJ168,https://toshiba.semicon-storage.com/info/lookup.jsp?pid=2SJ168&region=apc&lang=en,2026-09-27
2SJ305,toshiba_parametric,toshiba,,Not Recommended for New Design,,,,https://toshiba.semicon-storage.com/info/docget.jsp?did=19508&prodName=2SJ305,https://toshiba.semicon-storage.com/info/lookup.jsp?pid=2SJ305&region=apc&lang=en,2026-09-27
2SJ377,toshiba_parametric,toshiba,,EOL announced,,,,https://toshiba.semicon-storage.com/info/docget.jsp?did=12642&prodName=2SJ377,https://toshiba.semicon-storage.com/info/lookup.jsp?pid=2SJ377&region=apc&lang=en,2026-09-27
2SJ378,toshiba_parametric,toshiba,,EOL announced,,,,https://toshiba.semicon-storage.com/info/docget.jsp?did=12664&prodName=2SJ378,https://toshiba.semicon-storage.com/info/lookup.jsp?pid=2SJ378&region=apc&lang=en,2026-09-27
2SJ668,toshiba_parametric,toshiba,,EOL announced,,,,https://toshiba.semicon-storage.com/info/docget.jsp?did=989&prodName=2SJ668,https://toshiba.semicon-storage.com/info/lookup.jsp?pid=2SJ668&region=apc&lang=en,2026-09-27
2SK1830,toshiba_parametric,toshiba,,EOL announced,,,,https://toshiba.semicon-storage.com/info/docget.jsp?did=19540&prodName=2SK1830,https://toshiba.semicon-storage.com/info/lookup.jsp?pid=2SK1830&region=apc&lang=en,2026-09-27
2SK2009,toshiba_parametric,toshiba,,Not Recommended for New Design,,,,https://toshiba.semicon-storage.com/info/docget.jsp?did=19542&prodName=2SK2009,https://toshiba.semicon-storage.com/info/lookup.jsp?pid=2SK2009&region=apc&lang=en,2026-09-27
2SK208,toshiba_parametric,toshiba,,Not Recommended for New Design,,,,https://toshiba.semicon-storage.com/info/docget.jsp?did=19660&prodName=2SK208,https://toshiba.semicon-storage.com/info/lookup.jsp?pid=2SK208&region=apc&lang=en,2026-09-27
2SK209,toshiba_parametric,toshiba,,Not Recommended for New Design,,,,https://toshiba.semicon-storage.com/info/docget.jsp?did=19662&prodName=2SK209,https://toshiba.semicon-storage.com/info/lookup.jsp?pid=2SK209&region=apc&lang=en,2026-09-27
2SK211,toshiba_parametric,toshiba,,EOL announced,,,,,https://toshiba.semicon-storage.com/info/lookup.jsp?pid=2SK211&region=apc&lang=en,2026-09-27
2SK2145,toshiba_parametric,toshiba,,Not Recommended for New Design,,,,https://toshiba.semicon-storage.com/info/docget.jsp?did=19704&prodName=2SK2145,https://toshiba.semicon-storage.com/info/lookup.jsp?pid=2SK2145&region=apc&lang=en,2026-09-27
2SK2231,toshiba_parametric,toshiba,,EOL announced,,,,https://toshiba.semicon-storage.com/info/docget.jsp?did=11834&prodName=2SK2231,https://toshiba.semicon-storage.com/info/lookup.jsp?pid=2SK2231&region=apc&lang=en,2026-09-27
2SK2232,toshiba_parametric,toshiba,,EOL announced,,,,https://toshiba.semicon-storage.com/info/docget.jsp?did=13462&prodName=2SK2232,https://toshiba.semicon-storage.com/info/lookup.jsp?pid=2SK2232&region=apc&lang=en,2026-09-27
2SK2313,toshiba_parametric,toshiba,,EOL announced,,,,https://toshiba.semicon-storage.com/info/docget.jsp?did=13608&prodName=2SK2313,https://toshiba.semicon-storage.com/info/lookup.jsp?pid=2SK2313&region=apc&lang=en,2026-09-27
2SK2399,toshiba_parametric,toshiba,,EOL announced,,,,https://toshiba.semicon-storage.com/info/docget.jsp?did=13778&prodName=2SK2399,https://toshiba.semicon-storage.com/info/lookup.jsp?pid=2SK2399&region=apc&lang=en,2026-09-27
2SK2417,toshiba_parametric,toshiba,,EOL announced,,,,https://toshiba.semicon-storage.com/info/docget.jsp?did=13821&prodName=2SK2417,https://toshiba.semicon-storage.com/info/lookup.jsp?pid=2SK2417&region=apc&lang=en,2026-09-27
2SK2920,toshiba_parametric,toshiba,,EOL announced,,,,https://toshiba.semicon-storage.com/info/docget.jsp?did=15309&prodName=2SK2920,https://toshiba.semicon-storage.com/info/lookup.jsp?pid=2SK2920&region=apc&lang=en,2026-09-27
2SK3320,toshiba_parametric,toshiba,,Not Recommended for New Design,,,,https://toshiba.semicon-storage.com/info/docget.jsp?did=19706&prodName=2SK3320,https://toshiba.semicon-storage.com/info/lookup.jsp?pid=2SK3320&region=apc&lang=en,2026-09-27
2SK879,toshiba_parametric,toshiba,,Not Recommended for New Design,,,,https://toshiba.semicon-storage.com/info/docget.jsp?did=19697&prodName=2SK879,https://toshiba.semicon-storage.com/info/lookup.jsp?pid=2SK879&region=apc&lang=en,2026-09-27
2SK880,toshiba_parametric,toshiba,,Not Recommended for New Design,,,,https://toshiba.semicon-storage.com/info/docget.jsp?did=19699&prodName=2SK880,https://toshiba.semicon-storage.com/info/lookup.jsp?pid=2SK880&region=apc&lang=en,2026-09-27
74HC00D,toshiba_parametric,toshiba,Logic ICs,Not Recommended for New Design,,,,https://toshiba.semicon-storage.com/info/docget.jsp?did=36764&prodName=74HC00D,https://toshiba.semicon-storage.com/info/lookup.jsp?pid=74HC00D&region=apc&lang=en,2026-09-27
74HC04D,toshiba_parametric,toshiba,Logic ICs,Not Recommended for New Design,,,,https://toshiba.semicon-storage.com/info/docget.jsp?did=37182&prodName=74HC04D,https://toshiba.semicon-storage.com/info/lookup.jsp?pid=74HC04D&region=apc&lang=en,2026-09-27
74HC08D,toshiba_parametric,toshiba,Logic ICs,Not Recommended for New Design,,,,https://toshiba.semicon-storage.com/info/docget.jsp?did=37183&prodName=74HC08D,https://toshiba.semicon-storage.com/info/lookup.jsp?pid=74HC08D&region=apc&lang=en,2026-09-27
74HC125D,toshiba_parametric,toshiba,Logic ICs,Not Recommended for New Design,,,,https://toshiba.semicon-storage.com/info/docget.jsp?did=37028&prodName=74HC125D,https://toshiba.semicon-storage.com/info/lookup.jsp?pid=74HC125D&region=apc&lang=en,2026-09-27
74HC126D,toshiba_parametric,toshiba,Logic ICs,Not Recommended for New Design,,,,https://toshiba.semicon-storage.com/info/docget.jsp?did=37028&prodName=74HC126D,https://toshiba.semicon-storage.com/info/lookup.jsp?pid=74HC126D&region=apc&lang=en,2026-09-27
74HC138D,toshiba_parametric,toshiba,Logic ICs,Not Recommended for New Design,,,,https://toshiba.semicon-storage.com/info/docget.jsp?did=36765&prodName=74HC138D,https://toshiba.semicon-storage.com/info/lookup.jsp?pid=74HC138D&region=apc&lang=en,2026-09-27
74HC14D,toshiba_parametric,toshiba,Logic ICs,Not Recommended for New Design,,,,https://toshiba.semicon-storage.com/info/docget.jsp?did=36766&prodName=74HC14D,https://toshiba.semicon-storage.com/info/lookup.jsp?pid=74HC14D&region=apc&lang=en,2026-09-27
74HC151D,toshiba_parametric,toshiba,Logic ICs,Not Recommended for New Design,,,,https://toshiba.semicon-storage.com/info/docget.jsp?did=37241&prodName=74HC151D,https://toshiba.semicon-storage.com/info/lookup.jsp?pid=74HC151D&region=apc&lang=en,2026-09-27
74HC164D,toshiba_parametric,toshiba,Logic ICs,Not Recommended for New Design,,,,https://toshiba.semicon-storage.com/info/docget.jsp?did=36767&prodName=74HC164D,https://toshiba.semicon-storage.com/info/lookup.jsp?pid=74HC164D&region=apc&lang=en,2026-09-27
74HC166D,toshiba_parametric,toshiba,Logic ICs,Not Recommended for New Design,,,,https://toshiba.semicon-storage.com/info/docget.jsp?did=37296&prodName=74HC166D,https://toshiba.semicon-storage.com/info/lookup.jsp?pid=74HC166D&region=apc&lang=en,2026-09-27
74HC175D,toshiba_parametric,toshiba,Logic ICs,Not Recommended for New Design,,,,https://toshiba.semicon-storage.com/info/docget.jsp?did=37242&prodName=74HC175D,https://toshiba.semicon-storage.com/info/lookup.jsp?pid=74HC175D&region=apc&lang=en,2026-09-27
74HC238D,toshiba_parametric,toshiba,Logic ICs,Not Recommended for New Design,,,,https://toshiba.semicon-storage.com/info/docget.jsp?did=37298&prodName=74HC238D,https://toshiba.semicon-storage.com/info/lookup.jsp?pid=74HC238D&region=apc&lang=en,2026-09-27
74HC245D,toshiba_parametric,toshiba,Logic ICs,Not Recommended for New Design,,,,https://toshiba.semicon-storage.com/info/docget.jsp?did=37029&prodName=74HC245D,https://toshiba.semicon-storage.com/info/lookup.jsp?pid=74HC245D&region=apc&lang=en,2026-09-27
74HC259D,toshiba_parametric,toshiba,Logic ICs,Not Recommended for New Design,,,,https://toshiba.semicon-storage.com/info/docget.jsp?did=37299&prodName=74HC259D,https://toshiba.semicon-storage.com/info/lookup.jsp?pid=74HC259D&region=apc&lang=en,2026-09-27
74HC32D,toshiba_parametric,toshiba,Logic ICs,Not Recommended for New Design,,,,https://toshiba.semicon-storage.com/info/docget.jsp?did=37238&prodName=74HC32D,https://toshiba.semicon-storage.com/info/lookup.jsp?pid=74HC32D&region=apc&lang=en,2026-09-27
74HC374D,toshiba_parametric,toshiba,Logic ICs,Not Recommended for New Design,,,,https://toshiba.semicon-storage.com/info/docget.jsp?did=37134&prodName=74HC374D,https://toshiba.semicon-storage.com/info/lookup.jsp?pid=74HC374D&region=apc&lang=en,2026-09-27
74HC4051D,toshiba_parametric,toshiba,Logic ICs,Not Recommended for New Design,,,,https://toshiba.semicon-storage.com/info/docget.jsp?did=37237&prodName=74HC4051D,https://toshiba.semicon-storage.com/info/lookup.jsp?pid=74HC4051D&region=apc&lang=en,2026-09-27
74HC4052D,toshiba_parametric,toshiba,Logic ICs,Not Recommended for New Design,,,,https://toshiba.semicon-storage.com/info/docget.jsp?did=37237&prodName=74HC4052D,https://toshiba.semicon-storage.com/info/lookup.jsp?pid=74HC4052D&region=apc&lang=en,2026-09-27
74HC4066D,toshiba_parametric,toshiba,Logic ICs,Not Recommended for New Design,,,,https://toshiba.semicon-storage.com/info/docget.jsp?did=55443&prodName=74HC4066D,https://toshiba.semicon-storage.com/info/lookup.jsp?pid=74HC4066D&region=apc&lang=en,2026-09-27
74HC4538D,toshiba_parametric,toshiba,Logic ICs,Not Recommended for New Design,,,,https://toshiba.semicon-storage.com/info/docget.jsp?did=37371&prodName=74HC4538D,https://toshiba.semicon-storage.com/info/lookup.jsp?pid=74HC4538D&region=apc&lang=en,2026-09-27
74HC573D,toshiba_parametric,toshiba,Logic ICs,Not Recommended for New Design,,,,https://toshiba.semicon-storage.com/info/docget.jsp?did=37234&prodName=74HC573D,https://toshiba.semicon-storage.com/info/lookup.jsp?pid=74HC573D&region=apc&lang=en,2026-09-27
74HC574D,toshiba_parametric,toshiba,Logic ICs,Not Recommended for New Design,,,,https://toshiba.semicon-storage.com/info/docget.jsp?did=37235&prodName=74HC574D,https://toshiba.semicon-storage.com/info/lookup.jsp?pid=74HC574D&region=apc&lang=en,2026-09-27
74HC595D,toshiba_parametric,toshiba,Logic ICs,Not Recommended for New Design,,,,https://toshiba.semicon-storage.com/info/docget.jsp?did=36768&prodName=74HC595D,https://toshiba.semicon-storage.com/info/lookup.jsp?pid=74HC595D&region=apc&lang=en,2026-09-27
74HC86D,toshiba_parametric,toshiba,Logic ICs,Not Recommended for New Design,,,,https://toshiba.semicon-storage.com/info/docget.jsp?did=36769&prodName=74HC86D,https://toshiba.semicon-storage.com/info/lookup.jsp?pid=74HC86D&region=apc&lang=en,2026-09-27
74HCT14D,toshiba_parametric,toshiba,Logic ICs,Not Recommended for New Design,,,,https://toshiba.semicon-storage.com/info/docget.jsp?did=37295&prodName=74HCT14D,https://toshiba.semicon-storage.com/info/lookup.jsp?pid=74HCT14D&region=apc&lang=en,2026-09-27
BAS316,toshiba_parametric,toshiba,Diodes > Switching Diodes,,,,,https://toshiba.semicon-storage.com/info/docget.jsp?did=55416&prodName=BAS316,https://toshiba.semicon-storage.com/info/lookup.jsp?pid=BAS316&region=apc&lang=en,2026-09-27
BAS516,toshiba_parametric,toshiba,Diodes > Switching Diodes,,,,,,https://toshiba.semicon-storage.com/info/lookup.jsp?pid=BAS516&region=apc&lang=en,2026-09-27
BAV70,toshiba_parametric,toshiba,Diodes > Switching Diodes,,,,,https://toshiba.semicon-storage.com/info/docget.jsp?did=55438&prodName=BAV70,https://toshiba.semicon-storage.com/info/lookup.jsp?pid=BAV70&region=apc&lang=en,2026-09-27
BAV99,toshiba_parametric,toshiba,Diodes > Switching Diodes,,,,,https://toshiba.semicon-storage.com/info/docget.jsp?did=55420&prodName=BAV99,https://toshiba.semicon-storage.com/info/lookup.jsp?pid=BAV99&region=apc&lang=en,2026-09-27
BAV99W,toshiba_parametric,toshiba,Diodes > Switching Diodes,,,,,https://toshiba.semicon-storage.com/info/docget.jsp?did=55417&prodName=BAV99W,https://toshiba.semicon-storage.com/info/lookup.jsp?pid=BAV99W&region=apc&lang=en,2026-09-27
CBS10S30,toshiba_parametric,toshiba,Diodes > Schottky Barrier Diodes,,,,,https://toshiba.semicon-storage.com/info/docget.jsp?did=14076&prodName=CBS10S30,https://toshiba.semicon-storage.com/info/lookup.jsp?pid=CBS10S30&region=apc&lang=en,2026-09-27
CCS15S40,toshiba_parametric,toshiba,Diodes > Schottky Barrier Diodes,,,,,https://toshiba.semicon-storage.com/info/docget.jsp?did=14778&prodName=CCS15S40,https://toshiba.semicon-storage.com/info/lookup.jsp?pid=CCS15S40&region=apc&lang=en,2026-09-27
CES388,toshiba_parametric,toshiba,Diodes > Schottky Barrier Diodes,,,,,https://toshiba.semicon-storage.com/info/docget.jsp?did=13102&prodName=CES388,https://toshiba.semicon-storage.com/info/lookup.jsp?pid=CES388&region=apc&lang=en,2026-09-27
CES521,toshiba_parametric,toshiba,Diodes > Schottky Barrier Diodes,,,,,https://toshiba.semicon-storage.com/info/docget.jsp?did=7054&prodName=CES521,https://toshiba.semicon-storage.com/info/lookup.jsp?pid=CES521&region=apc&lang=en,2026-09-27
CEZ6V2,toshiba_parametric,toshiba,Diodes > Zener Diodes,,,,,https://toshiba.semicon-storage.com/info/docget.jsp?did=155995&prodName=CEZ6V2,https://toshiba.semicon-storage.com/info/lookup.jsp?pid=CEZ6V2&region=apc&lang=en,2026-09-27
CMH04,toshiba_parametric,toshiba,Diodes > Rectifier Diodes,,,,,https://toshiba.semicon-storage.com/info/docget.jsp?did=20250&prodName=CMH04,https://toshiba.semicon-storage.com/info/lookup.jsp?pid=CMH04&region=apc&lang=en,2026-09-27
CMH07,toshiba_parametric,toshiba,Diodes > Rectifier Diodes,,,,,https://toshiba.semicon-storage.com/info/docget.jsp?did=20248&prodName=CMH07,https://toshiba.semicon-storage.com/info/lookup.jsp?pid=CMH07&region=apc&lang=en,2026-09-27
CMS05,toshiba_parametric,toshiba,Diodes > Schottky Barrier Diodes,,,,,https://toshiba.semicon-storage.com/info/docget.jsp?did=3136&prodName=CMS05,https://toshiba.semicon-storage.com/info/lookup.jsp?pid=CMS05&region=apc&lang=en,2026-09-27
CMS10,toshiba_parametric,toshiba,Diodes > Schottky Barrier Diodes,,,,,https://toshiba.semicon-storage.com/info/docget.jsp?did=3147&prodName=CMS10,https://toshiba.semicon-storage.com/info/lookup.jsp?pid=CMS10&region=apc&lang=en,2026-09-27
CMS11,toshiba_parametric,toshiba,Diodes > Schottky Barrier Diodes,,,,,https://toshiba.semicon-storage.com/info/docget.jsp?did=3149&prodName=CMS11,https://toshiba.semicon-storage.com/info/lookup.jsp?pid=CMS11&region=apc&lang=en,2026-09-27
CMS16,toshiba_parametric,toshiba,Diodes > Schottky Barrier Diodes,,,,,https://toshiba.semicon-storage.com/info/docget.jsp?did=6307&prodName=CMS16,https://toshiba.semicon-storage.com/info/lookup.jsp?pid=CMS16&region=apc&lang=en,2026-09-27
CRH01,toshiba_parametric,toshiba,Diodes > Rectifier Diodes,,,,,https://toshiba.semicon-storage.com/info/docget.jsp?did=3154&prodName=CRH01,https://toshiba.semicon-storage.com/info/lookup.jsp?pid=CRH01&region=apc&lang=en,2026-09-27
CRS04,toshiba_parametric,toshiba,Diodes > Schottky Barrier Diodes,,,,,https://toshiba.semicon-storage.com/info/docget.jsp?did=3161&prodName=CRS04,https://toshiba.semicon-storage.com/info/lookup.jsp?pid=CRS04&region=apc&lang=en,2026-09-27
CRS08,toshiba_parametric,toshiba,Diodes > Schottky Barrier Diodes,,,,,https://toshiba.semicon-storage.com/info/docget.jsp?did=3168&prodName=CRS08,https://toshiba.semicon-storage.com/info/lookup.jsp?pid=CRS08&region=apc&lang=en,2026-09-27
CRS12,toshiba_parametric,toshiba,Diodes > Schottky Barrier Diodes,,,,,https://toshiba.semicon-storage.com/info/docget.jsp?did=19429&prodName=CRS12,https://toshiba.semicon-storage.com/info/lookup.jsp?pid=CRS12&region=apc&lang=en,2026-09-27
CRS14,toshiba_parametric,toshiba,Diodes > Schottky Barrier Diodes,,,,,https://toshiba.semicon-storage.com/info/docget.jsp?did=22737&prodName=CRS14,https://toshiba.semicon-storage.com/info/lookup.jsp?pid=CRS14&region=apc&lang=en,2026-09-27
CUHS20F30,toshiba_parametric,toshiba,Diodes > Schottky Barrier Diodes,,,,,https://toshiba.semicon-storage.com/info/docget.jsp?did=63604&prodName=CUHS20F30,https://toshiba.semicon-storage.com/info/lookup.jsp?pid=CUHS20F30&region=apc&lang=en,2026-09-27
CUHS20F60,toshiba_parametric,toshiba,Diodes > Schottky Barrier Diodes,,,,,https://toshiba.semicon-storage.com/info/docget.jsp?did=70188&prodName=CUHS20F60,https://toshiba.semicon-storage.com/info/lookup.jsp?pid=CUHS20F60&region=apc&lang=en,2026-09-27
CUHS20S30,toshiba_parametric,toshiba,Diodes > Schottky Barrier Diodes,,,,,https://toshiba.semicon-storage.com/info/docget.jsp?did=63606&prodName=CUHS20S30,https://toshiba.semicon-storage.com/info/lookup.jsp?pid=CUHS20S30&region=apc&lang=en,2026-09-27
CUS05F30,toshiba_parametric,toshiba,Diodes > Schottky Barrier Diodes,,,,,https://toshiba.semicon-storage.com/info/docget.jsp?did=2108&prodName=CUS05F30,https://toshiba.semicon-storage.com/info/lookup.jsp?pid=CUS05F30&region=apc&lang=en,2026-09-27
CUS08F30,toshiba_parametric,toshiba,Diodes > Schottky Barrier Diodes,,,,,https://toshiba.semicon-storage.com/info/docget.jsp?did=9019&prodName=CUS08F30,https://toshiba.semicon-storage.com/info/lookup.jsp?pid=CUS08F30&region=apc&lang=en,2026-09-27
CUS10F30,toshiba_parametric,toshiba,Diodes > Schottky Barrier Diodes,,,,,https://toshiba.semicon-storage.com/info/docget.jsp?did=8862&prodName=CUS10F30,https://toshiba.semicon-storage.com/info/lookup.jsp?pid=CUS10F30&region=apc&lang=en,2026-09-27
CUS10S30,toshiba_parametric,toshiba,Diodes > Schottky Barrier Diodes,,,,,https://toshiba.semicon-storage.com/info/docget.jsp?did=14077&prodName=CUS10S30,https://toshiba.semicon-storage.com/info/lookup.jsp?pid=CUS10S30&region=apc&lang=en,2026-09-27
CUS15S40,toshiba_parametric,toshiba,Diodes > Schottky Barrier Diodes,,,,,https://toshiba.semicon-storage.com/info/docget.jsp?did=14686&prodName=CUS15S40,https://toshiba.semicon-storage.com/info/lookup.jsp?pid=CUS15S40&region=apc&lang=en,2026-09-27
CUS357,toshiba_parametric,toshiba,Diodes > Schottky Barrier Diodes,,,,,https://toshiba.semicon-storage.com/info/docget.jsp?did=13247&prodName=CUS357,https://toshiba.semicon-storage.com/info/lookup.jsp?pid=CUS357&region=apc&lang=en,2026-09-27
CUS521,toshiba_parametric,toshiba,Diodes > Schottky Barrier Diodes,,,,,https://toshiba.semicon-storage.com/info/docget.jsp?did=8859&prodName=CUS521,https://toshiba.semicon-storage.com/info/lookup.jsp?pid=CUS521&region=apc&lang=en,2026-09-27
DF2B5M4CT,toshiba_parametric,toshiba,Diodes > TVS Diodes (ESD Protection Diodes),,,,,https://toshiba.semicon-storage.com/info/docget.jsp?did=55770&prodName=DF2B5M4CT,https://toshiba.semicon-storage.com/info/lookup.jsp?pid=DF2B5M4CT&region=apc&lang=en,2026-09-27
DF2S14P2CTC,toshiba_parametric,toshiba,Diodes,Not Recommended for New Design,,,,https://toshiba.semicon-storage.com/info/docget.jsp?did=58598&prodName=DF2S14P2CTC,https://toshiba.semicon-storage.com/info/lookup.jsp?pid=DF2S14P2CTC&region=apc&lang=en,2026-09-27
DF2S23P2CTC,toshiba_parametric,toshiba,Diodes,Not Recommended for New Design,,,,https://toshiba.semicon-storage.com/info/docget.jsp?did=58600&prodName=DF2S23P2CTC,https://toshiba.semicon-storage.com/info/lookup.jsp?pid=DF2S23P2CTC&region=apc&lang=en,2026-09-27
DF2S30FS,toshiba_parametric,toshiba,Diodes > TVS Diodes (ESD Protection Diodes),,,,,https://toshiba.semicon-storage.com/info/docget.jsp?did=11156&prodName=DF2S30FS,https://toshiba.semicon-storage.com/info/lookup.jsp?pid=DF2S30FS&region=apc&lang=en,2026-09-27
DF2S6.8FS,toshiba_parametric,toshiba,Diodes > TVS Diodes (ESD Protection Diodes),,,,,https://toshiba.semicon-storage.com/info/docget.jsp?did=22219&prodName=DF2S6.8FS,https://toshiba.semicon-storage.com/info/lookup.jsp?pid=DF2S6.8FS&region=apc&lang=en,2026-09-27
DF5A5.6LFU,toshiba_parametric,toshiba,Diodes > TVS Diodes (ESD Protection Diodes),,,,,https://toshiba.semicon-storage.com/info/docget.jsp?did=22260&prodName=DF5A5.6LFU,https://toshiba.semicon-storage.com/info/lookup.jsp?pid=DF5A5.6LFU&region=apc&lang=en,2026-09-27
HN1B01F,toshiba_parametric,toshiba,Bipolar Transistors > Bipolar Transistors,,,,,https://toshiba.semicon-storage.com/info/docget.jsp?did=19144&prodName=HN1B01F,https://toshiba.semicon-storage.com/info/lookup.jsp?pid=HN1B01F&region=apc&lang=en,2026-09-27
HN1B01FU,toshiba_parametric,toshiba,Bipolar Transistors > Bipolar Transistors,,,,,https://toshiba.semicon-storage.com/info/docget.jsp?did=19148&prodName=HN1B01FU,https://toshiba.semicon-storage.com/info/lookup.jsp?pid=HN1B01FU&region=apc&lang=en,2026-09-27
HN1C01F,toshiba_parametric,toshiba,Bipolar Transistors > Bipolar Transistors,,,,,https://toshiba.semicon-storage.com/info/docget.jsp?did=19165&prodName=HN1C01F,https://toshiba.semicon-storage.com/info/lookup.jsp?pid=HN1C01F&region=apc&lang=en,2026-09-27
HN1C01FE,toshiba_parametric,toshiba,Bipolar Transistors > Bipolar Transistors,,,,,https://toshiba.semicon-storage.com/info/docget.jsp?did=22307&prodName=HN1C01FE,https://toshiba.semicon-storage.com/info/lookup.jsp?pid=HN1C01FE&region=apc&lang=en,2026-09-27
HN1C01FU,toshiba_parametric,toshiba,Bipolar Transistors > Bipolar Transistors,,,,,https://toshiba.semicon-storage.com/info/docget.jsp?did=19152&prodName=HN1C01FU,https://toshiba.semicon-storage.com/info/lookup.jsp?pid=HN1C01FU&region=apc&lang=en,2026-09-27
HN2D01F,toshiba_parametric,toshiba,Diodes > Switching Diodes,,,,,https://toshiba.semicon-storage.com/info/docget.jsp?did=3462&prodName=HN2D01F,https://toshiba.semicon-storage.com/info/lookup.jsp?pid=HN2D01F&region=apc&lang=en,2026-09-27
HN2D01FU,toshiba_parametric,toshiba,Diodes > Switching Diodes,,,,,https://toshiba.semicon-storage.com/info/docget.jsp?did=3484&prodName=HN2D01FU,https://toshiba.semicon-storage.com/info/lookup.jsp?pid=HN2D01FU&region=apc&lang=en,2026-09-27
HN2D01JE,toshiba_parametric,toshiba,Diodes > Switching Diodes,,,,,https://toshiba.semicon-storage.com/info/docget.jsp?did=21819&prodName=HN2D01JE,https://toshiba.semicon-storage.com/info/lookup.jsp?pid=HN2D01JE&region=apc&lang=en,2026-09-27
HN2D02FU,toshiba_parametric,toshiba,Diodes > Switching Diodes,,,,,https://toshiba.semicon-storage.com/info/docget.jsp?did=3683&prodName=HN2D02FU,https://toshiba.semicon-storage.com/info/lookup.jsp?pid=HN2D02FU&region=apc&lang=en,2026-09-27
JDH2S02SL,toshiba_parametric,toshiba,Diodes,Not Recommended for New Design,,,,https://toshiba.semicon-storage.com/info/docget.jsp?did=30457&prodName=JDH2S02SL,https://toshiba.semicon-storage.com/info/lookup.jsp?pid=JDH2S02SL&region=apc&lang=en,2026-09-27
RN1101,toshiba_parametric,toshiba,"Bipolar Transistors > Transistors with Bias Resistors (BRT, Digital Transistors)",,,,,https://toshiba.semicon-storage.com/info/docget.jsp?did=18746&prodName=RN1101,https://toshiba.semicon-storage.com/info/lookup.jsp?pid=RN1101&region=apc&lang=en,2026-09-27
RN1101MFV,toshiba_parametric,toshiba,"Bipolar Transistors > Transistors with Bias Resistors (BRT, Digital Transistors)",,,,,https://toshiba.semicon-storage.com/info/docget.jsp?did=5879&prodName=RN1101MFV,https://toshiba.semicon-storage.com/info/lookup.jsp?pid=RN1101MFV&region=apc&lang=en,2026-09-27
RN1102,toshiba_parametric,toshiba,"Bipolar Transistors > Transistors with Bias Resistors (BRT, Digital Transistors)",,,,,https://toshiba.semicon-storage.com/info/docget.jsp?did=18746&prodName=RN1102,https://toshiba.semicon-storage.com/info/lookup.jsp?pid=RN1102&region=apc&lang=en,2026-09-27
RN1102MFV,toshiba_parametric,toshiba,"Bipolar Transistors > Transistors with Bias Resistors (BRT, Digital Transistors)",,,,,https://toshiba.semicon-storage.com/info/docget.jsp?did=5879&prodName=RN1102MFV,https://toshiba.semicon-storage.com/info/lookup.jsp?pid=RN1102MFV&region=apc&lang=en,2026-09-27
RN1103,toshiba_parametric,toshiba,"Bipolar Transistors > Transistors with Bias Resistors (BRT, Digital Transistors)",,,,,https://toshiba.semicon-storage.com/info/docget.jsp?did=18746&prodName=RN1103,https://toshiba.semicon-storage.com/info/lookup.jsp?pid=RN1103&region=apc&lang=en,2026-09-27
RN1103MFV,toshiba_parametric,toshiba,"Bipolar Transistors > Transistors with Bias Resistors (BRT, Digital Transistors)",,,,,https://toshiba.semicon-storage.com/info/docget.jsp?did=5879&prodName=RN1103MFV,https://toshiba.semicon-storage.com/info/lookup.jsp?pid=RN1103MFV&region=apc&lang=en,2026-09-27
RN1104,toshiba_parametric,toshiba,"Bipolar Transistors > Transistors with Bias Resistors (BRT, Digital Transistors)",,,,,https://toshiba.semicon-storage.com/info/docget.jsp?did=18746&prodName=RN1104,https://toshiba.semicon-storage.com/info/lookup.jsp?pid=RN1104&region=apc&lang=en,2026-09-27
RN1104MFV,toshiba_parametric,toshiba,"Bipolar Transistors > Transistors with Bias Resistors (BRT, Digital Transistors)",,,,,https://toshiba.semicon-storage.com/info/docget.jsp?did=5879&prodName=RN1104MFV,https://toshiba.semicon-storage.com/info/lookup.jsp?pid=RN1104MFV&region=apc&lang=en,2026-09-27
RN1105,toshiba_parametric,toshiba,"Bipolar Transistors > Transistors with Bias Resistors (BRT, Digital Transistors)",,,,,https://toshiba.semicon-storage.com/info/docget.jsp?did=18746&prodName=RN1105,https://toshiba.semicon-storage.com/info/lookup.jsp?pid=RN1105&region=apc&lang=en,2026-09-27
RN1105MFV,toshiba_parametric,toshiba,"Bipolar Transistors > Transistors with Bias Resistors (BRT, Digital Transistors)",,,,,https://toshiba.semicon-storage.com/info/docget.jsp?did=5879&prodName=RN1105MFV,https://toshiba.semicon-storage.com/info/lookup.jsp?pid=RN1105MFV&region=apc&lang=en,2026-09-27
RN1106,toshiba_parametric,toshiba,"Bipolar Transistors > Transistors with Bias Resistors (BRT, Digital Transistors)",,,,,https://toshiba.semicon-storage.com/info/docget.jsp?did=18746&prodName=RN1106,https://toshiba.semicon-storage.com/info/lookup.jsp?pid=RN1106&region=apc&lang=en,2026-09-27
RN1106MFV,toshiba_parametric,toshiba,"Bipolar Transistors > Transistors with Bias Resistors (BRT, Digital Transistors)",,,,,https://toshiba.semicon-storage.com/info/docget.jsp?did=5879&prodName=RN1106MFV,https://toshiba.semicon-storage.com/info/lookup.jsp?pid=RN1106MFV&region=apc&lang=en,2026-09-27
RN1107,toshiba_parametric,toshiba,"Bipolar Transistors > Transistors with Bias Resistors (BRT, Digital Transistors)",,,,,https://toshiba.semicon-storage.com/info/docget.jsp?did=18750&prodName=RN1107,https://toshiba.semicon-storage.com/info/lookup.jsp?pid=RN1107&region=apc&lang=en,2026-09-27
RN1107MFV,toshiba_parametric,toshiba,"Bipolar Transistors > Transistors with Bias Resistors (BRT, Digital Transistors)",,,,,https://toshiba.semicon-storage.com/info/docget.jsp?did=5880&prodName=RN1107MFV,https://toshiba.semicon-storage.com/info/lookup.jsp?pid=RN1107MFV&region=apc&lang=en,2026-09-27
RN1108,toshiba_parametric,toshiba,"Bipolar Transistors > Transistors with Bias Resistors (BRT, Digital Transistors)",,,,,https://toshiba.semicon-storage.com/info/docget.jsp?did=18750&prodName=RN1108,https://toshiba.semicon-storage.com/info/lookup.jsp?pid=RN1108&region=apc&lang=en,2026-09-27
RN1108MFV,toshiba_parametric,toshiba,"Bipolar Transistors > Transistors with Bias Resistors (BRT, Digital Transistors)",,,,,https://toshiba.semicon-storage.com/info/docget.jsp?did=5880&prodName=RN1108MFV,https://toshiba.semicon-storage.com/info/lookup.jsp?pid=RN1108MFV&region=apc&lang=en,2026-09-27
RN1109,toshiba_parametric,toshiba,"Bipolar Transistors > Transistors with Bias Resistors (BRT, Digital Transistors)",,,,,https://toshiba.semicon-storage.com/info/docget.jsp?did=18750&prodName=RN1109,https://toshiba.semicon-storage.com/info/lookup.jsp?pid=RN1109&region=apc&lang=en,2026-09-27
RN1109MFV,toshiba_parametric,toshiba,"Bipolar Transistors > Transistors with Bias Resistors (BRT, Digital Transistors)",,,,,https://toshiba.semicon-storage.com/info/docget.jsp?did=5880&prodName=RN1109MFV,https://toshiba.semicon-storage.com/info/lookup.jsp?pid=RN1109MFV&region=apc&lang=en,2026-09-27
RN1110,toshiba_parametric,toshiba,"Bipolar Transistors > Transistors with Bias Resistors (BRT, Digital Transistors)",,,,,https://toshiba.semicon-storage.com/info/docget.jsp?did=18754&prodName=RN1110,https://toshiba.semicon-storage.com/info/lookup.jsp?pid=RN1110&region=apc&lang=en,2026-09-27
RN1110MFV,toshiba_parametric,toshiba,"Bipolar Transistors > Transistors with Bias Resistors (BRT, Digital Transistors)",,,,,https://toshiba.semicon-storage.com/info/docget.jsp?did=5881&prodName=RN1110MFV,https://toshiba.semicon-storage.com/info/lookup.jsp?pid=RN1110MFV&region=apc&lang=en,2026-09-27
RN1111,toshiba_parametric,toshiba,"Bipolar Transistors > Transistors with Bias Resistors (BRT, Digital Transistors)",,,,,https://toshiba.semicon-storage.com/info/docget.jsp?did=18754&prodName=RN1111,https://toshiba.semicon-storage.com/info/lookup.jsp?pid=RN1111&region=apc&lang=en,2026-09-27
RN1111MFV,toshiba_parametric,toshiba,"Bipolar Transistors > Transistors with Bias Resistors (BRT, Digital Transistors)",,,,,https://toshiba.semicon-storage.com/info/docget.jsp?did=5881&prodName=RN1111MFV,https://toshiba.semicon-storage.com/info/lookup.jsp?pid=RN1111MFV&region=apc&lang=en,2026-09-27
RN1112,toshiba_parametric,toshiba,"Bipolar Transistors > Transistors with Bias Resistors (BRT, Digital Transistors)",,,,,https://toshiba.semicon-storage.com/info/docget.jsp?did=18759&prodName=RN1112,https://toshiba.semicon-storage.com/info/lookup.jsp?pid=RN1112&region=apc&lang=en,2026-09-27
RN1112MFV,toshiba_parametric,toshiba,"Bipolar Transistors > Transistors with Bias Resistors (BRT, Digital Transistors)",,,,,https://toshiba.semicon-storage.com/info/docget.jsp?did=5887&prodName=RN1112MFV,https://toshiba.semicon-storage.com/info/lookup.jsp?pid=RN1112MFV&region=apc&lang=en,2026-09-27
RN1113,toshiba_parametric,toshiba,"Bipolar Transistors > Transistors with Bias Resistors (BRT, Digital Transistors)",,,,,https://toshiba.semicon-storage.com/info/docget.jsp?did=18759&prodName=RN1113,https://toshiba.semicon-storage.com/info/lookup.jsp?pid=RN1113&region=apc&lang=en,2026-09-27
RN1113MFV,toshiba_parametric,toshiba,"Bipolar Transistors > Transistors with Bias Resistors (BRT, Digital Transistors)",,,,,https://toshiba.semicon-storage.com/info/docget.jsp?did=5887&prodName=RN1113MFV,https://toshiba.semicon-storage.com/info/lookup.jsp?pid=RN1113MFV&region=apc&lang=en,2026-09-27
RN1114,toshiba_parametric,toshiba,"Bipolar Transistors > Transistors with Bias Resistors (BRT, Digital Transistors)",,,,,https://toshiba.semicon-storage.com/info/docget.jsp?did=18763&prodName=RN1114,https://toshiba.semicon-storage.com/info/lookup.jsp?pid=RN1114&region=apc&lang=en,2026-09-27
RN1114MFV,toshiba_parametric,toshiba,"Bipolar Transistors > Transistors with Bias Resistors (BRT, Digital Transistors)",,,,,https://toshiba.semicon-storage.com/info/docget.jsp?did=721&prodName=RN1114MFV,https://toshiba.semicon-storage.com/info/lookup.jsp?pid=RN1114MFV&region=apc&lang=en,2026-09-27
RN1115,toshiba_parametric,toshiba,"Bipolar Transistors > Transistors with Bias Resistors (BRT, Digital Transistors)",,,,,https://toshiba.semicon-storage.com/info/docget.jsp?did=18763&prodName=RN1115,https://toshiba.semicon-storage.com/info/lookup.jsp?pid=RN1115&region=apc&lang=en,2026-09-27
RN1115MFV,toshiba_parametric,toshiba,"Bipolar Transistors > Transistors with Bias Resistors (BRT, Digital Transistors)",,,,,https://toshiba.semicon-storage.com/info/docget.jsp?did=721&prodName=RN1115MFV,https://toshiba.semicon-storage.com/info/lookup.jsp?pid=RN1115MFV&region=apc&lang=en,2026-09-27
RN1116,toshiba_parametric,toshiba,"Bipolar Transistors > Transistors with Bias Resistors (BRT, Digital Transistors)",,,,,https://toshiba.semicon-storage.com/info/docget.jsp?did=18763&prodName=RN1116,https://toshiba.semicon-storage.com/info/lookup.jsp?pid=RN1116&region=apc&lang=en,2026-09-27
RN1116MFV,toshiba_parametric,toshiba,"Bipolar Transistors > Transistors with Bias Resistors (BRT, Digital Transistors)",,,,,https://toshiba.semicon-storage.com/info/docget.jsp?did=721&prodName=RN1116MFV,https://toshiba.semicon-storage.com/info/lookup.jsp?pid=RN1116MFV&region=apc&lang=en,2026-09-27
RN1117,toshiba_parametric,toshiba,"Bipolar Transistors > Transistors with Bias Resistors (BRT, Digital Transistors)",,,,,https://toshiba.semicon-storage.com/info/docget.jsp?did=18763&prodName=RN1117,https://toshiba.semicon-storage.com/info/lookup.jsp?pid=RN1117&region=apc&lang=en,2026-09-27
RN1117MFV,toshiba_parametric,toshiba,"Bipolar Transistors > Transistors with Bias Resistors (BRT, Digital Transistors)",,,,,https://toshiba.semicon-storage.com/info/docget.jsp?did=721&prodName=RN1117MFV,https://toshiba.semicon-storage.com/info/lookup.jsp?pid=RN1117MFV&region=apc&lang=en,2026-09-27
RN1118,toshiba_parametric,toshiba,"Bipolar Transistors > Transistors with Bias Resistors (BRT, Digital Transistors)",,,,,https://toshiba.semicon-storage.com/info/docget.jsp?did=18763&prodName=RN1118,https://toshiba.semicon-storage.com/info/lookup.jsp?pid=RN1118&region=apc&lang=en,2026-09-27
RN1118MFV,toshiba_parametric,toshiba,"Bipolar Transistors > Transistors with Bias Resistors (BRT, Digital Transistors)",,,,,https://toshiba.semicon-storage.com/info/docget.jsp?did=721&prodName=RN1118MFV,https://toshiba.semicon-storage.com/info/lookup.jsp?pid=RN1118MFV&region=apc&lang=en,2026-09-27
RN1119MFV,toshiba_parametric,toshiba,"Bipolar Transistors > Transistors with Bias Resistors (BRT, Digital Transistors)",,,,,https://toshiba.semicon-storage.com/info/docget.jsp?did=725&prodName=RN1119MFV,https://toshiba.semicon-storage.com/info/lookup.jsp?pid=RN1119MFV&region=apc&lang=en,2026-09-27
RN1130MFV,toshiba_parametric,toshiba,"Bipolar Transistors > Transistors with Bias Resistors (BRT, Digital Transistors)",,,,,https://toshiba.semicon-storage.com/info/docget.jsp?did=949&prodName=RN1130MFV,https://toshiba.semicon-storage.com/info/lookup.jsp?pid=RN1130MFV&region=apc&lang=en,2026-09-27
RN1131MFV,toshiba_parametric,toshiba,"Bipolar Transistors > Transistors with Bias Resistors (BRT, Digital Transistors)",,,,,https://toshiba.semicon-storage.com/info/docget.jsp?did=727&prodName=RN1131MFV,https://toshiba.semicon-storage.com/info/lookup.jsp?pid=RN1131MFV&region=apc&lang=en,2026-09-27
RN1132MFV,toshiba_parametric,toshiba,"Bipolar Transistors > Transistors with Bias Resistors (BRT, Digital Transistors)",,,,,https://toshiba.semicon-storage.com/info/docget.jsp?did=727&prodName=RN1132MFV,https://toshiba.semicon-storage.com/info/lookup.jsp?pid=RN1132MFV&region=apc&lang=en,2026-09-27
RN1301,toshiba_parametric,toshiba,"Bipolar Transistors > Transistors with Bias Resistors (BRT, Digital Transistors)",,,,,https://toshiba.semicon-storage.com/info/docget.jsp?did=18776&prodName=RN1301,https://toshiba.semicon-storage.com/info/lookup.jsp?pid=RN1301&region=apc&lang=en,2026-09-27
RN1302,toshiba_parametric,toshiba,"Bipolar Transistors > Transistors with Bias Resistors (BRT, Digital Transistors)",,,,,https://toshiba.semicon-storage.com/info/docget.jsp?did=18776&prodName=RN1302,https://toshiba.semicon-storage.com/info/lookup.jsp?pid=RN1302&region=apc&lang=en,2026-09-27
RN1303,toshiba_parametric,toshiba,"Bipolar Transistors > Transistors with Bias Resistors (BRT, Digital Transistors)",,,,,https://toshiba.semicon-storage.com/info/docget.jsp?did=18776&prodName=RN1303,https://toshiba.semicon-storage.com/info/lookup.jsp?pid=RN1303&region=apc&lang=en,2026-09-27
RN1304,toshiba_parametric,toshiba,"Bipolar Transistors > Transistors with Bias Resistors (BRT, Digital Transistors)",,,,,https://toshiba.semicon-storage.com/info/docget.jsp?did=18776&prodName=RN1304,https://toshiba.semicon-storage.com/info/lookup.jsp?pid=RN1304&region=apc&lang=en,2026-09-27
RN1305,toshiba_parametric,toshiba,"Bipolar Transistors > Transistors with Bias Resistors (BRT, Digital Transistors)",,,,,https://toshiba.semicon-storage.com/info/docget.jsp?did=18776&prodName=RN1305,https://toshiba.semicon-storage.com/info/lookup.jsp?pid=RN1305&region=apc&lang=en,2026-09-27
RN1306,toshiba_parametric,toshiba,"Bipolar Transistors > Transistors with Bias Resistors (BRT, Digital Transistors)",,,,,https://toshiba.semicon-storage.com/info/docget.jsp?did=18776&prodName=RN1306,https://toshiba.semicon-storage.com/info/lookup.jsp?pid=RN1306&region=apc&lang=en,2026-09-27
RN1307,toshiba_parametric,toshiba,"Bipolar Transistors > Transistors with Bias Resistors (BRT, Digital Transistors)",,,,,https://toshiba.semicon-storage.com/info/docget.jsp?did=18778&prodName=RN1307,https://toshiba.semicon-storage.com/info/lookup.jsp?pid=RN1307&region=apc&lang=en,2026-09-27
RN1308,toshiba_parametric,toshiba,"Bipolar Transistors > Transistors with Bias Resistors (BRT, Digital Transistors)",,,,,https://toshiba.semicon-storage.com/info/docget.jsp?did=18778&prodName=RN1308,https://toshiba.semicon-storage.com/info/lookup.jsp?pid=RN1308&region=apc&lang=en,2026-09-27
RN1310,toshiba_parametric,toshiba,"Bipolar Transistors > Transistors with Bias Resistors (BRT, Digital Transistors)",,,,,https://toshiba.semicon-storage.com/info/docget.jsp?did=18781&prodName=RN1310,https://toshiba.semicon-storage.com/info/lookup.jsp?pid=RN1310&region=apc&lang=en,2026-09-27
RN1311,toshiba_parametric,toshiba,"Bipolar Transistors > Transistors with Bias Resistors (BRT, Digital Transistors)",,,,,https://toshiba.semicon-storage.com/info/docget.jsp?did=18781&prodName=RN1311,https://toshiba.semicon-storage.com/info/lookup.jsp?pid=RN1311&region=apc&lang=en,2026-09-27
RN1312,toshiba_parametric,toshiba,"Bipolar Transistors > Transistors with Bias Resistors (BRT, Digital Transistors)",,,,,https://toshiba.semicon-storage.com/info/docget.jsp?did=18783&prodName=RN1312,https://toshiba.semicon-storage.com/info/lookup.jsp?pid=RN1312&region=apc&lang=en,2026-09-27
RN1313,toshiba_parametric,toshiba,"Bipolar Transistors > Transistors with Bias Resistors (BRT, Digital Transistors)",,,,,https://toshiba.semicon-storage.com/info/docget.jsp?did=18783&prodName=RN1313,https://toshiba.semicon-storage.com/info/lookup.jsp?pid=RN1313&region=apc&lang=en,2026-09-27
RN1314,toshiba_parametric,toshiba,"Bipolar Transistors > Transistors with Bias Resistors (BRT, Digital Transistors)",,,,,https://toshiba.semicon-storage.com/info/docget.jsp?did=18785&prodName=RN1314,https://toshiba.semicon-storage.com/info/lookup.jsp?pid=RN1314&region=apc&lang=en,2026-09-27
RN1315,toshiba_parametric,toshiba,"Bipolar Transistors > Transistors with Bias Resistors (BRT, Digital Transistors)",,,,,https://toshiba.semicon-storage.com/info/docget.jsp?did=18785&prodName=RN1315,https://toshiba.semicon-storage.com/info/lookup.jsp?pid=RN1315&region=apc&lang=en,2026-09-27
RN1316,toshiba_parametric,toshiba,"Bipolar Transistors > Transistors with Bias Resistors (BRT, Digital Transistors)",,,,,https://toshiba.semicon-storage.com/info/docget.jsp?did=18785&prodName=RN1316,https://toshiba.semicon-storage.com/info/lookup.jsp?pid=RN1316&region=apc&lang=en,2026-09-27
RN1317,toshiba_parametric,toshiba,"Bipolar Transistors > Transistors with Bias Resistors (BRT, Digital Transistors)",,,,,https://toshiba.semicon-storage.com/info/docget.jsp?did=18785&prodName=RN1317,https://toshiba.semicon-storage.com/info/lookup.jsp?pid=RN1317&region=apc&lang=en,2026-09-27
RN1318,toshiba_parametric,toshiba,"Bipolar Transistors > Transistors with Bias Resistors (BRT, Digital Transistors)",,,,,https://toshiba.semicon-storage.com/info/docget.jsp?did=18785&prodName=RN1318,https://toshiba.semicon-storage.com/info/lookup.jsp?pid=RN1318&region=apc&lang=en,2026-09-27
RN1401,toshiba_parametric,toshiba,"Bipolar Transistors > Transistors with Bias Resistors (BRT, Digital Transistors)",,,,,https://toshiba.semicon-storage.com/info/docget.jsp?did=18787&prodName=RN1401,https://toshiba.semicon-storage.com/info/lookup.jsp?pid=RN1401&region=apc&lang=en,2026-09-27
RN1402,toshiba_parametric,toshiba,"Bipolar Transistors > Transistors with Bias Resistors (BRT, Digital Transistors)",,,,,https://toshiba.semicon-storage.com/info/docget.jsp?did=18787&prodName=RN1402,https://toshiba.semicon-storage.com/info/lookup.jsp?pid=RN1402&region=apc&lang=en,2026-09-27
RN1403,toshiba_parametric,toshiba,"Bipolar Transistors > Transistors with Bias Resistors (BRT, Digital Transistors)",,,,,https://toshiba.semicon-storage.com/info/docget.jsp?did=18787&prodName=RN1403,https://toshiba.semicon-storage.com/info/lookup.jsp?pid=RN1403&region=apc&lang=en,2026-09-27
RN1404,toshiba_parametric,toshiba,"Bipolar Transistors > Transistors with Bias Resistors (BRT, Digital Transistors)",,,,,https://toshiba.semicon-storage.com/info/docget.jsp?did=18787&prodName=RN1404,https://toshiba.semicon-storage.com/info/lookup.jsp?pid=RN1404&region=apc&lang=en,2026-09-27
RN1405,toshiba_parametric,toshiba,"Bipolar Transistors > Transistors with Bias Resistors (BRT, Digital Transistors)",,,,,https://toshiba.semicon-storage.com/info/docget.jsp?did=18787&prodName=RN1405,https://toshiba.semicon-storage.com/info/lookup.jsp?pid=RN1405&region=apc&lang=en,2026-09-27
RN1406,toshiba_parametric,toshiba,"Bipolar Transistors > Transistors with Bias Resistors (BRT, Digital Transistors)",,,,,https://toshiba.semicon-storage.com/info/docget.jsp?did=18787&prodName=RN1406,https://toshiba.semicon-storage.com/info/lookup.jsp?pid=RN1406&region=apc&lang=en,2026-09-27
RN1407,toshiba_parametric,toshiba,"Bipolar Transistors > Transistors with Bias Resistors (BRT, Digital Transistors)",,,,,https://toshiba.semicon-storage.com/info/docget.jsp?did=18789&prodName=RN1407,https://toshiba.semicon-storage.com/info/lookup.jsp?pid=RN1407&region=apc&lang=en,2026-09-27
RN1408,toshiba_parametric,toshiba,"Bipolar Transistors > Transistors with Bias Resistors (BRT, Digital Transistors)",,,,,https://toshiba.semicon-storage.com/info/docget.jsp?did=18789&prodName=RN1408,https://toshiba.semicon-storage.com/info/lookup.jsp?pid=RN1408&region=apc&lang=en,2026-09-27
RN1409,toshiba_parametric,toshiba,"Bipolar Transistors > Transistors with Bias Resistors (BRT, Digital Transistors)",,,,,https://toshiba.semicon-storage.com/info/docget.jsp?did=18789&prodName=RN1409,https://toshiba.semicon-storage.com/info/lookup.jsp?pid=RN1409&region=apc&lang=en,2026-09-27
RN1410,toshiba_parametric,toshiba,"Bipolar Transistors > Transistors with Bias Resistors (BRT, Digital Transistors)",,,,,https://toshiba.semicon-storage.com/info/docget.jsp?did=18792&prodName=RN1410,https://toshiba.semicon-storage.com/info/lookup.jsp?pid=RN1410&region=apc&lang=en,2026-09-27
RN1411,toshiba_parametric,toshiba,"Bipolar Transistors > Transistors with Bias Resistors (BRT, Digital Transistors)",,,,,https://toshiba.semicon-storage.com/info/docget.jsp?did=18792&prodName=RN1411,https://toshiba.semicon-storage.com/info/lookup.jsp?pid=RN1411&region=apc&lang=en,2026-09-27
RN1412,toshiba_parametric,toshiba,"Bipolar Transistors > Transistors with Bias Resistors (BRT, Digital Transistors)",,,,,https://toshiba.semicon-storage.com/info/docget.jsp?did=18794&prodName=RN1412,https://toshiba.semicon-storage.com/info/lookup.jsp?pid=RN1412&region=apc&lang=en,2026-09-27
RN1413,toshiba_parametric,toshiba,"Bipolar Transistors > Transistors with Bias Resistors (BRT, Digital Transistors)",,,,,https://toshiba.semicon-storage.com/info/docget.jsp?did=18794&prodName=RN1413,https://toshiba.semicon-storage.com/info/lookup.jsp?pid=RN1413&region=apc&lang=en,2026-09-27
RN1414,toshiba_parametric,toshiba,"Bipolar Transistors > Transistors with Bias Resistors (BRT, Digital Transistors)",,,,,https://toshiba.semicon-storage.com/info/docget.jsp?did=18796&prodName=RN1414,https://toshiba.semicon-storage.com/info/lookup.jsp?pid=RN1414&region=apc&lang=en,2026-09-27
RN1415,toshiba_parametric,toshiba,"Bipolar Transistors > Transistors with Bias Resistors (BRT, Digital Transistors)",,,,,https://toshiba.semicon-storage.com/info/docget.jsp?did=18796&prodName=RN1415,https://toshiba.semicon-storage.com/info/lookup.jsp?pid=RN1415&region=apc&lang=en,2026-09-27
RN1416,toshiba_parametric,toshiba,"Bipolar Transistors > Transistors with Bias Resistors (BRT, Digital Transistors)",,,,,https://toshiba.semicon-storage.com/info/docget.jsp?did=18796&prodName=RN1416,https://toshiba.semicon-storage.com/info/lookup.jsp?pid=RN1416&region=apc&lang=en,2026-09-27
RN1417,toshiba_parametric,toshiba,"Bipolar Transistors > Transistors with Bias Resistors (BRT, Digital Transistors)",,,,,https://toshiba.semicon-storage.com/info/docget.jsp?did=18796&prodName=RN1417,https://toshiba.semicon-storage.com/info/lookup.jsp?pid=RN1417&region=apc&lang=en,2026-09-27
RN1418,toshiba_parametric,toshiba,"Bipolar Transistors > Transistors with Bias Resistors (BRT, Digital Transistors)",,,,,https://toshiba.semicon-storage.com/info/docget.jsp?did=18796&prodName=RN1418,https://toshiba.semicon-storage.com/info/lookup.jsp?pid=RN1418&region=apc&lang=en,2026-09-27
RN1501,toshiba_parametric,toshiba,"Bipolar Transistors > Transistors with Bias Resistors (BRT, Digital Transistors)",,,,,https://toshiba.semicon-storage.com/info/docget.jsp?did=18803&prodName=RN1501,https://toshiba.semicon-storage.com/info/lookup.jsp?pid=RN1501&region=apc&lang=en,2026-09-27
RN1502,toshiba_parametric,toshiba,"Bipolar Transistors > Transistors with Bias Resistors (BRT, Digital Transistors)",,,,,https://toshiba.semicon-storage.com/info/docget.jsp?did=18803&prodName=RN1502,https://toshiba.semicon-storage.com/info/lookup.jsp?pid=RN1502&region=apc&lang=en,2026-09-27
RN1503,toshiba_parametric,toshiba,"Bipolar Transistors > Transistors with Bias Resistors (BRT, Digital Transistors)",,,,,https://toshiba.semicon-storage.com/info/docget.jsp?did=18803&prodName=RN1503,https://toshiba.semicon-storage.com/info/lookup.jsp?pid=RN1503&region=apc&lang=en,2026-09-27
RN1504,toshiba_parametric,toshiba,"Bipolar Transistors > Transistors with Bias Resistors (BRT, Digital Transistors)",,,,,https://toshiba.semicon-storage.com/info/docget.jsp?did=18803&prodName=RN1504,https://toshiba.semicon-storage.com/info/lookup.jsp?pid=RN1504&region=apc&lang=en,2026-09-27
RN1505,toshiba_parametric,toshiba,"Bipolar Transistors > Transistors with Bias Resistors (BRT, Digital Transistors)",,,,,https://toshiba.semicon-storage.com/info/docget.jsp?did=18803&prodName=RN1505,https://toshiba.semicon-storage.com/info/lookup.jsp?pid=RN1505&region=apc&lang=en,2026-09-27
RN1506,toshiba_parametric,toshiba,"Bipolar Transistors > Transistors with Bias Resistors (BRT, Digital Transistors)",,,,,https://toshiba.semicon-storage.com/info/docget.jsp?did=18803&prodName=RN1506,https://toshiba.semicon-storage.com/info/lookup.jsp?pid=RN1506&region=apc&lang=en,2026-09-27
RN1507,toshiba_parametric,toshiba,"Bipolar Transistors > Transistors with Bias Resistors (BRT, Digital Transistors)",,,,,https://toshiba.semicon-storage.com/info/docget.jsp?did=18805&prodName=RN1507,https://toshiba.semicon-storage.com/info/lookup.jsp?pid=RN1507&region=apc&lang=en,2026-09-27
RN1508,toshiba_parametric,toshiba,"Bipolar Transistors > Transistors with Bias Resistors (BRT, Digital Transistors)",,,,,https://toshiba.semicon-storage.com/info/docget.jsp?did=18805&prodName=RN1508,https://toshiba.semicon-storage.com/info/lookup.jsp?pid=RN1508&region=apc&lang=en,2026-09-27
RN1509,toshiba_parametric,toshiba,"Bipolar Transistors > Transistors with Bias Resistors (BRT, Digital Transistors)",,,,,https://toshiba.semicon-storage.com/info/docget.jsp?did=18805&prodName=RN1509,https://toshiba.semicon-storage.com/info/lookup.jsp?pid=RN1509&region=apc&lang=en,2026-09-27
RN1510,toshiba_parametric,toshiba,"Bipolar Transistors > Transistors with Bias Resistors (BRT, Digital Transistors)",,,,,https://toshiba.semicon-storage.com/info/docget.jsp?did=18807&prodName=RN1510,https://toshiba.semicon-storage.com/info/lookup.jsp?pid=RN1510&region=apc&lang=en,2026-09-27
RN1511,toshiba_parametric,toshiba,"Bipolar Transistors > Transistors with Bias Resistors (BRT, Digital Transistors)",,,,,https://toshiba.semicon-storage.com/info/docget.jsp?did=18807&prodName=RN1511,https://toshiba.semicon-storage.com/info/lookup.jsp?pid=RN1511&region=apc&lang=en,2026-09-27
RN1601,toshiba_parametric,toshiba,"Bipolar Transistors > Transistors with Bias Resistors (BRT, Digital Transistors)",,,,,https://toshiba.semicon-storage.com/info/docget.jsp?did=18809&prodName=RN1601,https://toshiba.semicon-storage.com/info/lookup.jsp?pid=RN1601&region=apc&lang=en,2026-09-27
RN1602,toshiba_parametric,toshiba,"Bipolar Transistors > Transistors with Bias Resistors (BRT, Digital Transistors)",,,,,https://toshiba.semicon-storage.com/info/docget.jsp?did=18809&prodName=RN1602,https://toshiba.semicon-storage.com/info/lookup.jsp?pid=RN1602&region=apc&lang=en,2026-09-27
RN1603,toshiba_parametric,toshiba,"Bipolar Transistors > Transistors with Bias Resistors (BRT, Digital Transistors)",,,,,https://toshiba.semicon-storage.com/info/docget.jsp?did=18809&prodName=RN1603,https://toshiba.semicon-storage.com/info/lookup.jsp?pid=RN1603&region=apc&lang=en,2026-09-27
RN1604,toshiba_parametric,toshiba,"Bipolar Transistors > Transistors with Bias Resistors (BRT, Digital Transistors)",,,,,https://toshiba.semicon-storage.com/info/docget.jsp?did=18809&prodName=RN1604,https://toshiba.semicon-storage.com/info/lookup.jsp?pid=RN1604&region=apc&lang=en,2026-09-27
RN1605,toshiba_parametric,toshiba,"Bipolar Transistors > Transistors with Bias Resistors (BRT, Digital Transistors)",,,,,https://toshiba.semicon-storage.com/info/docget.jsp?did=18809&prodName=RN1605,https://toshiba.semicon-storage.com/info/lookup.jsp?pid=RN1605&region=apc&lang=en,2026-09-27
RN1606,toshiba_parametric,toshiba,"Bipolar Transistors > Transistors with Bias Resistors (BRT, Digital Transistors)",,,,,https://toshiba.semicon-storage.com/info/docget.jsp?did=18809&prodName=RN1606,https://toshiba.semicon-storage.com/info/lookup.jsp?pid=RN1606&region=apc&lang=en,2026-09-27
RN1607,toshiba_parametric,toshiba,"Bipolar Transistors > Transistors with Bias Resistors (BRT, Digital Transistors)",,,,,https://toshiba.semicon-storage.com/info/docget.jsp?did=18811&prodName=RN1607,https://toshiba.semicon-storage.com/info/lookup.jsp?pid=RN1607&region=apc&lang=en,2026-09-27
RN1608,toshiba_parametric,toshiba,"Bipolar Transistors > Transistors with Bias Resistors (BRT, Digital Transistors)",,,,,https://toshiba.semicon-storage.com/info/docget.jsp?did=18811&prodName=RN1608,https://toshiba.semicon-storage.com/info/lookup.jsp?pid=RN1608&region=apc&lang=en,2026-09-27
RN1609,toshiba_parametric,toshiba,"Bipolar Transistors > Transistors with Bias Resistors (BRT, Digital Transistors)",,,,,https://toshiba.semicon-storage.com/info/docget.jsp?did=18811&prodName=RN1609,https://toshiba.semicon-storage.com/info/lookup.jsp?pid=RN1609&region=apc&lang=en,2026-09-27
RN1610,toshiba_parametric,toshiba,"Bipolar Transistors > Transistors with Bias Resistors (BRT, Digital Transistors)",,,,,https://toshiba.semicon-storage.com/info/docget.jsp?did=18815&prodName=RN1610,https://toshiba.semicon-storage.com/info/lookup.jsp?pid=RN1610&region=apc&lang=en,2026-09-27
RN1611,toshiba_parametric,toshiba,"Bipolar Transistors > Transistors with Bias Resistors (BRT, Digital Transistors)",,,,,https://toshiba.semicon-storage.com/info/docget.jsp?did=18815&prodName=RN1611,https://toshiba.semicon-storage.com/info/lookup.jsp?pid=RN1611&region=apc&lang=en,2026-09-27
RN1701,toshiba_parametric,toshiba,"Bipolar Transistors > Transistors with Bias Resistors (BRT, Digital Transistors)",,,,,https://toshiba.semicon-storage.com/info/docget.jsp?did=18817&prodName=RN1701,https://toshiba.semicon-storage.com/info/lookup.jsp?pid=RN1701&region=apc&lang=en,2026-09-27
RN1701JE,toshiba_parametric,toshiba,"Bipolar Transistors > Transistors with Bias Resistors (BRT, Digital Transistors)",,,,,https://toshiba.semicon-storage.com/info/docget.jsp?did=19121&prodName=RN1701JE,https://toshiba.semicon-storage.com/info/lookup.jsp?pid=RN1701JE&region=apc&lang=en,2026-09-27
RN1702,toshiba_parametric,toshiba,"Bipolar Transistors > Transistors with Bias Resistors (BRT, Digital Transistors)",,,,,https://toshiba.semicon-storage.com/info/docget.jsp?did=18817&prodName=RN1702,https://toshiba.semicon-storage.com/info/lookup.jsp?pid=RN1702&region=apc&lang=en,2026-09-27
RN1702JE,toshiba_parametric,toshiba,"Bipolar Transistors > Transistors with Bias Resistors (BRT, Digital Transistors)",,,,,https://toshiba.semicon-storage.com/info/docget.jsp?did=19121&prodName=RN1702JE,https://toshiba.semicon-storage.com/info/lookup.jsp?pid=RN1702JE&region=apc&lang=en,2026-09-27
RN1703,toshiba_parametric,toshiba,"Bipolar Transistors > Transistors with Bias Resistors (BRT, Digital Transistors)",,,,,https://toshiba.semicon-storage.com/info/docget.jsp?did=18817&prodName=RN1703,https://toshiba.semicon-storage.com/info/lookup.jsp?pid=RN1703&region=apc&lang=en,2026-09-27
RN1703JE,toshiba_parametric,toshiba,"Bipolar Transistors > Transistors with Bias Resistors (BRT, Digital Transistors)",,,,,https://toshiba.semicon-storage.com/info/docget.jsp?did=19121&prodName=RN1703JE,https://toshiba.semicon-storage.com/info/lookup.jsp?pid=RN1703JE&region=apc&lang=en,2026-09-27
RN1704,toshiba_parametric,toshiba,"Bipolar Transistors > Transistors with Bias Resistors (BRT, Digital Transistors)",,,,,https://toshiba.semicon-storage.com/info/docget.jsp?did=18817&prodName=RN1704,https://toshiba.semicon-storage.com/info/lookup.jsp?pid=RN1704&region=apc&lang=en,2026-09-27
RN1704JE,toshiba_parametric,toshiba,"Bipolar Transistors > Transistors with Bias Resistors (BRT, Digital Transistors)",,,,,https://toshiba.semicon-storage.com/info/docget.jsp?did=19121&prodName=RN1704JE,https://toshiba.semicon-storage.com/info/lookup.jsp?pid=RN1704JE&region=apc&lang=en,2026-09-27
RN1705,toshiba_parametric,toshiba,"Bipolar Transistors > Transistors with Bias Resistors (BRT, Digital Transistors)",,,,,https://toshiba.semicon-storage.com/info/docget.jsp?did=18817&prodName=RN1705,https://toshiba.semicon-storage.com/info/lookup.jsp?pid=RN1705&region=apc&lang=en,2026-09-27
RN1705JE,toshiba_parametric,toshiba,"Bipolar Transistors > Transistors with Bias Resistors (BRT, Digital Transistors)",,,,,https://toshiba.semicon-storage.com/info/docget.jsp?did=19121&prodName=RN1705JE,https://toshiba.semicon-storage.com/info/lookup.jsp?pid=RN1705JE&region=apc&lang=en,2026-09-27
RN1706,toshiba_parametric,toshiba,"Bipolar Transistors > Transistors with Bias Resistors (BRT, Digital Transistors)",,,,,https://toshiba.semicon-storage.com/info/docget.jsp?did=18817&prodName=RN1706,https://toshiba.semicon-storage.com/info/lookup.jsp?pid=RN1706&region=apc&lang=en,2026-09-27
RN1706JE,toshiba_parametric,toshiba,"Bipolar Transistors > Transistors with Bias Resistors (BRT, Digital Transistors)",,,,,https://toshiba.semicon-storage.com/info/docget.jsp?did=19121&prodName=RN1706JE,https://toshiba.semicon-storage.com/info/lookup.jsp?pid=RN1706JE&region=apc&lang=en,2026-09-27
RN1707,toshiba_parametric,toshiba,"Bipolar Transistors > Transistors with Bias Resistors (BRT, Digital Transistors)",,,,,https://toshiba.semicon-storage.com/info/docget.jsp?did=18819&prodName=RN1707,https://toshiba.semicon-storage.com/info/lookup.jsp?pid=RN1707&region=apc&lang=en,2026-09-27
RN1707JE,toshiba_parametric,toshiba,"Bipolar Transistors > Transistors with Bias Resistors (BRT, Digital Transistors)",,,,,https://toshiba.semicon-storage.com/info/docget.jsp?did=19124&prodName=RN1707JE,https://toshiba.semicon-storage.com/info/lookup.jsp?pid=RN1707JE&region=apc&lang=en,2026-09-27
RN1708,toshiba_parametric,toshiba,"Bipolar Transistors > Transistors with Bias Resistors (BRT, Digital Transistors)",,,,,https://toshiba.semicon-storage.com/info/docget.jsp?did=18819&prodName=RN1708,https://toshiba.semicon-storage.com/info/lookup.jsp?pid=RN1708&region=apc&lang=en,2026-09-27
RN1708JE,toshiba_parametric,toshiba,"Bipolar Transistors > Transistors with Bias Resistors (BRT, Digital Transistors)",,,,,https://toshiba.semicon-storage.com/info/docget.jsp?did=19124&prodName=RN1708JE,https://toshiba.semicon-storage.com/info/lookup.jsp?pid=RN1708JE&region=apc&lang=en,2026-09-27
RN1709,toshiba_parametric,toshiba,"Bipolar Transistors > Transistors with Bias Resistors (BRT, Digital Transistors)",,,,,https://toshiba.semicon-storage.com/info/docget.jsp?did=18819&prodName=RN1709,https://toshiba.semicon-storage.com/info/lookup.jsp?pid=RN1709&region=apc&lang=en,2026-09-27
RN1709JE,toshiba_parametric,toshiba,"Bipolar Transistors > Transistors with Bias Resistors (BRT, Digital Transistors)",,,,,https://toshiba.semicon-storage.com/info/docget.jsp?did=19124&prodName=RN1709JE,https://toshiba.semicon-storage.com/info/lookup.jsp?pid=RN1709JE&region=apc&lang=en,2026-09-27
RN1710,toshiba_parametric,toshiba,"Bipolar Transistors > Transistors with Bias Resistors (BRT, Digital Transistors)",,,,,https://toshiba.semicon-storage.com/info/docget.jsp?did=18821&prodName=RN1710,https://toshiba.semicon-storage.com/info/lookup.jsp?pid=RN1710&region=apc&lang=en,2026-09-27
RN1710JE,toshiba_parametric,toshiba,"Bipolar Transistors > Transistors with Bias Resistors (BRT, Digital Transistors)",,,,,https://toshiba.semicon-storage.com/info/docget.jsp?did=19128&prodName=RN1710JE,https://toshiba.semicon-storage.com/info/lookup.jsp?pid=RN1710JE&region=apc&lang=en,2026-09-27
RN1711,toshiba_parametric,toshiba,"Bipolar Transistors > Transistors with Bias Resistors (BRT, Digital Transistors)",,,,,https://toshiba.semicon-storage.com/info/docget.jsp?did=18821&prodName=RN1711,https://toshiba.semicon-storage.com/info/lookup.jsp?pid=RN1711&region=apc&lang=en,2026-09-27
RN1711JE,toshiba_parametric,toshiba,"Bipolar Transistors > Transistors with Bias Resistors (BRT, Digital Transistors)",,,,,https://toshiba.semicon-storage.com/info/docget.jsp?did=19128&prodName=RN1711JE,https://toshiba.semicon-storage.com/info/lookup.jsp?pid=RN1711JE&region=apc&lang=en,2026-09-27
RN1901,toshiba_parametric,toshiba,"Bipolar Transistors > Transistors with Bias Resistors (BRT, Digital Transistors)",,,,,https://toshiba.semicon-storage.com/info/docget.jsp?did=18823&prodName=RN1901,https://toshiba.semicon-storage.com/info/lookup.jsp?pid=RN1901&region=apc&lang=en,2026-09-27
RN1901FE,toshiba_parametric,toshiba,"Bipolar Transistors > Transistors with Bias Resistors (BRT, Digital Transistors)",,,,,https://toshiba.semicon-storage.com/info/docget.jsp?did=19130&prodName=RN1901FE,https://toshiba.semicon-storage.com/info/lookup.jsp?pid=RN1901FE&region=apc&lang=en,2026-09-27
RN1902,toshiba_parametric,toshiba,"Bipolar Transistors > Transistors with Bias Resistors (BRT, Digital Transistors)",,,,,https://toshiba.semicon-storage.com/info/docget.jsp?did=18823&prodName=RN1902,https://toshiba.semicon-storage.com/info/lookup.jsp?pid=RN1902&region=apc&lang=en,2026-09-27
RN1902FE,toshiba_parametric,toshiba,"Bipolar Transistors > Transistors with Bias Resistors (BRT, Digital Transistors)",,,,,https://toshiba.semicon-storage.com/info/docget.jsp?did=19130&prodName=RN1902FE,https://toshiba.semicon-storage.com/info/lookup.jsp?pid=RN1902FE&region=apc&lang=en,2026-09-27
RN1903,toshiba_parametric,toshiba,"Bipolar Transistors > Transistors with Bias Resistors (BRT, Digital Transistors)",,,,,https://toshiba.semicon-storage.com/info/docget.jsp?did=18823&prodName=RN1903,https://toshiba.semicon-storage.com/info/lookup.jsp?pid=RN1903&region=apc&lang=en,2026-09-27
RN1903FE,toshiba_parametric,toshiba,"Bipolar Transistors > Transistors with Bias Resistors (BRT, Digital Transistors)",,,,,https://toshiba.semicon-storage.com/info/docget.jsp?did=19130&prodName=RN1903FE,https://toshiba.semicon-storage.com/info/lookup.jsp?pid=RN1903FE&region=apc&lang=en,2026-09-27
RN1904,toshiba_parametric,toshiba,"Bipolar Transistors > Transistors with Bias Resistors (BRT, Digital Transistors)",,,,,https://toshiba.semicon-storage.com/info/docget.jsp?did=18823&prodName=RN1904,https://toshiba.semicon-storage.com/info/lookup.jsp?pid=RN1904&region=apc&lang=en,2026-09-27
RN1904FE,toshiba_parametric,toshiba,"Bipolar Transistors > Transistors with Bias Resistors (BRT, Digital Transistors)",,,,,https://toshiba.semicon-storage.com/info/docget.jsp?did=19130&prodName=RN1904FE,https://toshiba.semicon-storage.com/info/lookup.jsp?pid=RN1904FE&region=apc&lang=en,2026-09-27
RN1905,toshiba_parametric,toshiba,"Bipolar Transistors > Transistors with Bias Resistors (BRT, Digital Transistors)",,,,,https://toshiba.semicon-storage.com/info/docget.jsp?did=18823&prodName=RN1905,https://toshiba.semicon-storage.com/info/lookup.jsp?pid=RN1905&region=apc&lang=en,2026-09-27
RN1905FE,toshiba_parametric,toshiba,"Bipolar Transistors > Transistors with Bias Resistors (BRT, Digital Transistors)",,,,,https://toshiba.semicon-storage.com/info/docget.jsp?did=19130&prodName=RN1905FE,https://toshiba.semicon-storage.com/info/lookup.jsp?pid=RN1905FE&region=apc&lang=en,2026-09-27
RN1906,toshiba_parametric,toshiba,"Bipolar Transistors > Transistors with Bias Resistors (BRT, Digital Transistors)",,,,,https://toshiba.semicon-storage.com/info/docget.jsp?did=18823&prodName=RN1906,https://toshiba.semicon-storage.com/info/lookup.jsp?pid=RN1906&region=apc&lang=en,2026-09-27
RN1906FE,toshiba_parametric,toshiba,"Bipolar Transistors > Transistors with Bias Resistors (BRT, Digital Transistors)",,,,,https://toshiba.semicon-storage.com/info/docget.jsp?did=19130&prodName=RN1906FE,https://toshiba.semicon-storage.com/info/lookup.jsp?pid=RN1906FE&region=apc&lang=en,2026-09-27
RN1907,toshiba_parametric,toshiba,"Bipolar Transistors > Transistors with Bias Resistors (BRT, Digital Transistors)",,,,,https://toshiba.semicon-storage.com/info/docget.jsp?did=18826&prodName=RN1907,https://toshiba.semicon-storage.com/info/lookup.jsp?pid=RN1907&region=apc&lang=en,2026-09-27
RN1907FE,toshiba_parametric,toshiba,"Bipolar Transistors > Transistors with Bias Resistors (BRT, Digital Transistors)",,,,,https://toshiba.semicon-storage.com/info/docget.jsp?did=19126&prodName=RN1907FE,https://toshiba.semicon-storage.com/info/lookup.jsp?pid=RN1907FE&region=apc&lang=en,2026-09-27
RN1908,toshiba_parametric,toshiba,"Bipolar Transistors > Transistors with Bias Resistors (BRT, Digital Transistors)",,,,,https://toshiba.semicon-storage.com/info/docget.jsp?did=18826&prodName=RN1908,https://toshiba.semicon-storage.com/info/lookup.jsp?pid=RN1908&region=apc&lang=en,2026-09-27
RN1908FE,toshiba_parametric,toshiba,"Bipolar Transistors > Transistors with Bias Resistors (BRT, Digital Transistors)",,,,,https://toshiba.semicon-storage.com/info/docget.jsp?did=19126&prodName=RN1908FE,https://toshiba.semicon-storage.com/info/lookup.jsp?pid=RN1908FE&region=apc&lang=en,2026-09-27
RN1909,toshiba_parametric,toshiba,"Bipolar Transistors > Transistors with Bias Resistors (BRT, Digital Transistors)",,,,,https://toshiba.semicon-storage.com/info/docget.jsp?did=18826&prodName=RN1909,https://toshiba.semicon-storage.com/info/lookup.jsp?pid=RN1909&region=apc&lang=en,2026-09-27
RN1909FE,toshiba_parametric,toshiba,"Bipolar Transistors > Transistors with Bias Resistors (BRT, Digital Transistors)",,,,,https://toshiba.semicon-storage.com/info/docget.jsp?did=19126&prodName=RN1909FE,https://toshiba.semicon-storage.com/info/lookup.jsp?pid=RN1909FE&region=apc&lang=en,2026-09-27
RN1910,toshiba_parametric,toshiba,"Bipolar Transistors > Transistors with Bias Resistors (BRT, Digital Transistors)",,,,,https://toshiba.semicon-storage.com/info/docget.jsp?did=18828&prodName=RN1910,https://toshiba.semicon-storage.com/info/lookup.jsp?pid=RN1910&region=apc&lang=en,2026-09-27
RN1910FE,toshiba_parametric,toshiba,"Bipolar Transistors > Transistors with Bias Resistors (BRT, Digital Transistors)",,,,,https://toshiba.semicon-storage.com/info/docget.jsp?did=19070&prodName=RN1910FE,https://toshiba.semicon-storage.com/info/lookup.jsp?pid=RN1910FE&region=apc&lang=en,2026-09-27
RN1911,toshiba_parametric,toshiba,"Bipolar Transistors > Transistors with Bias Resistors (BRT, Digital Transistors)",,,,,https://toshiba.semicon-storage.com/info/docget.jsp?did=18828&prodName=RN1911,https://toshiba.semicon-storage.com/info/lookup.jsp?pid=RN1911&region=apc&lang=en,2026-09-27
RN1911FE,toshiba_parametric,toshiba,"Bipolar Transistors > Transistors with Bias Resistors (BRT, Digital Transistors)",,,,,https://toshiba.semicon-storage.com/info/docget.jsp?did=19070&prodName=RN1911FE,https://toshiba.semicon-storage.com/info/lookup.jsp?pid=RN1911FE&region=apc&lang=en,2026-09-27
RN1962,toshiba_parametric,toshiba,,EOL announced,,,,https://toshiba.semicon-storage.com/info/docget.jsp?did=18830&prodName=RN1962,https://toshiba.semicon-storage.com/info/lookup.jsp?pid=RN1962&region=apc&lang=en,2026-09-27
RN1965,toshiba_parametric,toshiba,,EOL announced,,,,https://toshiba.semicon-storage.com/info/docget.jsp?did=18830&prodName=RN1965,https://toshiba.semicon-storage.com/info/lookup.jsp?pid=RN1965&region=apc&lang=en,2026-09-27
RN2101,toshiba_parametric,toshiba,"Bipolar Transistors > Transistors with Bias Resistors (BRT, Digital Transistors)",,,,,https://toshiba.semicon-storage.com/info/docget.jsp?did=18841&prodName=RN2101,https://toshiba.semicon-storage.com/info/lookup.jsp?pid=RN2101&region=apc&lang=en,2026-09-27
RN2101MFV,toshiba_parametric,toshiba,"Bipolar Transistors > Transistors with Bias Resistors (BRT, Digital Transistors)",,,,,https://toshiba.semicon-storage.com/info/docget.jsp?did=5883&prodName=RN2101MFV,https://toshiba.semicon-storage.com/info/lookup.jsp?pid=RN2101MFV&region=apc&lang=en,2026-09-27
RN2102,toshiba_parametric,toshiba,"Bipolar Transistors > Transistors with Bias Resistors (BRT, Digital Transistors)",,,,,https://toshiba.semicon-storage.com/info/docget.jsp?did=18841&prodName=RN2102,https://toshiba.semicon-storage.com/info/lookup.jsp?pid=RN2102&region=apc&lang=en,2026-09-27
RN2102MFV,toshiba_parametric,toshiba,"Bipolar Transistors > Transistors with Bias Resistors (BRT, Digital Transistors)",,,,,https://toshiba.semicon-storage.com/info/docget.jsp?did=5883&prodName=RN2102MFV,https://toshiba.semicon-storage.com/info/lookup.jsp?pid=RN2102MFV&region=apc&lang=en,2026-09-27
RN2103,toshiba_parametric,toshiba,"Bipolar Transistors > Transistors with Bias Resistors (BRT, Digital Transistors)",,,,,https://toshiba.semicon-storage.com/info/docget.jsp?did=18841&prodName=RN2103,https://toshiba.semicon-storage.com/info/lookup.jsp?pid=RN2103&region=apc&lang=en,2026-09-27
RN2103MFV,toshiba_parametric,toshiba,"Bipolar Transistors > Transistors with Bias Resistors (BRT, Digital Transistors)",,,,,https://toshiba.semicon-storage.com/info/docget.jsp?did=5883&prodName=RN2103MFV,https://toshiba.semicon-storage.com/info/lookup.jsp?pid=RN2103MFV&region=apc&lang=en,2026-09-27
RN2104,toshiba_parametric,toshiba,"Bipolar Transistors > Transistors with Bias Resistors (BRT, Digital Transistors)",,,,,https://toshiba.semicon-storage.com/info/docget.jsp?did=18841&prodName=RN2104,https://toshiba.semicon-storage.com/info/lookup.jsp?pid=RN2104&region=apc&lang=en,2026-09-27
RN2104MFV,toshiba_parametric,toshiba,"Bipolar Transistors > Transistors with Bias Resistors (BRT, Digital Transistors)",,,,,https://toshiba.semicon-storage.com/info/docget.jsp?did=5883&prodName=RN2104MFV,https://toshiba.semicon-storage.com/info/lookup.jsp?pid=RN2104MFV&region=apc&lang=en,2026-09-27
RN2105,toshiba_parametric,toshiba,"Bipolar Transistors > Transistors with Bias Resistors (BRT, Digital Transistors)",,,,,https://toshiba.semicon-storage.com/info/docget.jsp?did=18841&prodName=RN2105,https://toshiba.semicon-storage.com/info/lookup.jsp?pid=RN2105&region=apc&lang=en,2026-09-27
RN2105MFV,toshiba_parametric,toshiba,"Bipolar Transistors > Transistors with Bias Resistors (BRT, Digital Transistors)",,,,,https://toshiba.semicon-storage.com/info/docget.jsp?did=5883&prodName=RN2105MFV,https://toshiba.semicon-storage.com/info/lookup.jsp?pid=RN2105MFV&region=apc&lang=en,2026-09-27
RN2106,toshiba_parametric,toshiba,"Bipolar Transistors > Transistors with Bias Resistors (BRT, Digital Transistors)",,,,,https://toshiba.semicon-storage.com/info/docget.jsp?did=18841&prodName=RN2106,https://toshiba.semicon-storage.com/info/lookup.jsp?pid=RN2106&region=apc&lang=en,2026-09-27
RN2106MFV,toshiba_parametric,toshiba,"Bipolar Transistors > Transistors with Bias Resistors (BRT, Digital Transistors)",,,,,https://toshiba.semicon-storage.com/info/docget.jsp?did=5883&prodName=RN2106MFV,https://toshiba.semicon-storage.com/info/lookup.jsp?pid=RN2106MFV&region=apc&lang=en,2026-09-27
RN2107,toshiba_parametric,toshiba,"Bipolar Transistors > Transistors with Bias Resistors (BRT, Digital Transistors)",,,,,https://toshiba.semicon-storage.com/info/docget.jsp?did=18845&prodName=RN2107,https://toshiba.semicon-storage.com/info/lookup.jsp?pid=RN2107&region=apc&lang=en,2026-09-27
RN2107MFV,toshiba_parametric,toshiba,"Bipolar Transistors > Transistors with Bias Resistors (BRT, Digital Transistors)",,,,,https://toshiba.semicon-storage.com/info/docget.jsp?did=5884&prodName=RN2107MFV,https://toshiba.semicon-storage.com/info/lookup.jsp?pid=RN2107MFV&region=apc&lang=en,2026-09-27
RN2108,toshiba_parametric,toshiba,"Bipolar Transistors > Transistors with Bias Resistors (BRT, Digital Transistors)",,,,,https://toshiba.semicon-storage.com/info/docget.jsp?did=18845&prodName=RN2108,https://toshiba.semicon-storage.com/info/lookup.jsp?pid=RN2108&region=apc&lang=en,2026-09-27
RN2108MFV,toshiba_parametric,toshiba,"Bipolar Transistors > Transistors with Bias Resistors (BRT, Digital Transistors)",,,,,https://toshiba.semicon-storage.com/info/docget.jsp?did=5884&prodName=RN2108MFV,https://toshiba.semicon-storage.com/info/lookup.jsp?pid=RN2108MFV&region=apc&lang=en,2026-09-27
RN2109,toshiba_parametric,toshiba,"Bipolar Transistors > Transistors with Bias Resistors (BRT, Digital Transistors)",,,,,https://toshiba.semicon-storage.com/info/docget.jsp?did=18845&prodName=RN2109,https://toshiba.semicon-storage.com/info/lookup.jsp?pid=RN2109&region=apc&lang=en,2026-09-27
RN2109MFV,toshiba_parametric,toshiba,"Bipolar Transistors > Transistors with Bias Resistors (BRT, Digital Transistors)",,,,,https://toshiba.semicon-storage.com/info/docget.jsp?did=5884&prodName=RN2109MFV,https://toshiba.semicon-storage.com/info/lookup.jsp?pid=RN2109MFV&region=apc&lang=en,2026-09-27
RN2110,toshiba_parametric,toshiba,"Bipolar Transistors > Transistors with Bias Resistors (BRT, Digital Transistors)",,,,,https://toshiba.semicon-storage.com/info/docget.jsp?did=18850&prodName=RN2110,https://toshiba.semicon-storage.com/info/lookup.jsp?pid=RN2110&region=apc&lang=en,2026-09-27
RN2110MFV,toshiba_parametric,toshiba,"Bipolar Transistors > Transistors with Bias Resistors (BRT, Digital Transistors)",,,,,https://toshiba.semicon-storage.com/info/docget.jsp?did=5885&prodName=RN2110MFV,https://toshiba.semicon-storage.com/info/lookup.jsp?pid=RN2110MFV&region=apc&lang=en,2026-09-27
RN2111,toshiba_parametric,toshiba,"Bipolar Transistors > Transistors with Bias Resistors (BRT, Digital Transistors)",,,,,https://toshiba.semicon-storage.com/info/docget.jsp?did=18850&prodName=RN2111,https://toshiba.semicon-storage.com/info/lookup.jsp?pid=RN2111&region=apc&lang=en,2026-09-27
RN2111MFV,toshiba_parametric,toshiba,"Bipolar Transistors > Transistors with Bias Resistors (BRT, Digital Transistors)",,,,,https://toshiba.semicon-storage.com/info/docget.jsp?did=5885&prodName=RN2111MFV,https://toshiba.semicon-storage.com/info/lookup.jsp?pid=RN2111MFV&region=apc&lang=en,2026-09-27
RN2112,toshiba_parametric,toshiba,"Bipolar Transistors > Transistors with Bias Resistors (BRT, Digital Transistors)",,,,,https://toshiba.semicon-storage.com/info/docget.jsp?did=18854&prodName=RN2112,https://toshiba.semicon-storage.com/info/lookup.jsp?pid=RN2112&region=apc&lang=en,2026-09-27
RN2112MFV,toshiba_parametric,toshiba,"Bipolar Transistors > Transistors with Bias Resistors (BRT, Digital Transistors)",,,,,https://toshiba.semicon-storage.com/info/docget.jsp?did=5886&prodName=RN2112MFV,https://toshiba.semicon-storage.com/info/lookup.jsp?pid=RN2112MFV&region=apc&lang=en,2026-09-27
RN2113,toshiba_parametric,toshiba,"Bipolar Transistors > Transistors with Bias Resistors (BRT, Digital Transistors)",,,,,https://toshiba.semicon-storage.com/info/docget.jsp?did=18854&prodName=RN2113,https://toshiba.semicon-storage.com/info/lookup.jsp?pid=RN2113&region=apc&lang=en,2026-09-27
RN2113MFV,toshiba_parametric,toshiba,"Bipolar Transistors > Transistors with Bias Resistors (BRT, Digital Transistors)",,,,,https://toshiba.semicon-storage.com/info/docget.jsp?did=5886&prodName=RN2113MFV,https://toshiba.semicon-storage.com/info/lookup.jsp?pid=RN2113MFV&region=apc&lang=en,2026-09-27
RN2114,toshiba_parametric,toshiba,"Bipolar Transistors > Transistors with Bias Resistors (BRT, Digital Transistors)",,,,,https://toshiba.semicon-storage.com/info/docget.jsp?did=18859&prodName=RN2114,https://toshiba.semicon-storage.com/info/lookup.jsp?pid=RN2114&region=apc&lang=en,2026-09-27
RN2114MFV,toshiba_parametric,toshiba,"Bipolar Transistors > Transistors with Bias Resistors (BRT, Digital Transistors)",,,,,https://toshiba.semicon-storage.com/info/docget.jsp?did=742&prodName=RN2114MFV,https://toshiba.semicon-storage.com/info/lookup.jsp?pid=RN2114MFV&region=apc&lang=en,2026-09-27
RN2115,toshiba_parametric,toshiba,"Bipolar Transistors > Transistors with Bias Resistors (BRT, Digital Transistors)",,,,,https://toshiba.semicon-storage.com/info/docget.jsp?did=18859&prodName=RN2115,https://toshiba.semicon-storage.com/info/lookup.jsp?pid=RN2115&region=apc&lang=en,2026-09-27
RN2115MFV,toshiba_parametric,toshiba,"Bipolar Transistors > Transistors with Bias Resistors (BRT, Digital Transistors)",,,,,https://toshiba.semicon-storage.com/info/docget.jsp?did=742&prodName=RN2115MFV,https://toshiba.semicon-storage.com/info/lookup.jsp?pid=RN2115MFV&region=apc&lang=en,2026-09-27
RN2116,toshiba_parametric,toshiba,"Bipolar Transistors > Transistors with Bias Resistors (BRT, Digital Transistors)",,,,,https://toshiba.semicon-storage.com/info/docget.jsp?did=18859&prodName=RN2116,https://toshiba.semicon-storage.com/info/lookup.jsp?pid=RN2116&region=apc&lang=en,2026-09-27
RN2116MFV,toshiba_parametric,toshiba,"Bipolar Transistors > Transistors with Bias Resistors (BRT, Digital Transistors)",,,,,https://toshiba.semicon-storage.com/info/docget.jsp?did=742&prodName=RN2116MFV,https://toshiba.semicon-storage.com/info/lookup.jsp?pid=RN2116MFV&region=apc&lang=en,2026-09-27
RN2117,toshiba_parametric,toshiba,"Bipolar Transistors > Transistors with Bias Resistors (BRT, Digital Transistors)",,,,,https://toshiba.semicon-storage.com/info/docget.jsp?did=18859&prodName=RN2117,https://toshiba.semicon-storage.com/info/lookup.jsp?pid=RN2117&region=apc&lang=en,2026-09-27
RN2117MFV,toshiba_parametric,toshiba,"Bipolar Transistors > Transistors with Bias Resistors (BRT, Digital Transistors)",,,,,https://toshiba.semicon-storage.com/info/docget.jsp?did=742&prodName=RN2117MFV,https://toshiba.semicon-storage.com/info/lookup.jsp?pid=RN2117MFV&region=apc&lang=en,2026-09-27
RN2118MFV,toshiba_parametric,toshiba,"Bipolar Transistors > Transistors with Bias Resistors (BRT, Digital Transistors)",,,,,https://toshiba.semicon-storage.com/info/docget.jsp?did=742&prodName=RN2118MFV,https://toshiba.semicon-storage.com/info/lookup.jsp?pid=RN2118MFV&region=apc&lang=en,2026-09-27
RN2119MFV,toshiba_parametric,toshiba,"Bipolar Transistors > Transistors with Bias Resistors (BRT, Digital Transistors)",,,,,https://toshiba.semicon-storage.com/info/docget.jsp?did=1760&prodName=RN2119MFV,https://toshiba.semicon-storage.com/info/lookup.jsp?pid=RN2119MFV&region=apc&lang=en,2026-09-27
RN2130MFV,toshiba_parametric,toshiba,"Bipolar Transistors > Transistors with Bias Resistors (BRT, Digital Transistors)",,,,,https://toshiba.semicon-storage.com/info/docget.jsp?did=1067&prodName=RN2130MFV,https://toshiba.semicon-storage.com/info/lookup.jsp?pid=RN2130MFV&region=apc&lang=en,2026-09-27
RN2131MFV,toshiba_parametric,toshiba,"Bipolar Transistors > Transistors with Bias Resistors (BRT, Digital Transistors)",,,,,https://toshiba.semicon-storage.com/info/docget.jsp?did=1075&prodName=RN2131MFV,https://toshiba.semicon-storage.com/info/lookup.jsp?pid=RN2131MFV&region=apc&lang=en,2026-09-27
RN2132MFV,toshiba_parametric,toshiba,"Bipolar Transistors > Transistors with Bias Resistors (BRT, Digital Transistors)",,,,,https://toshiba.semicon-storage.com/info/docget.jsp?did=1075&prodName=RN2132MFV,https://toshiba.semicon-storage.com/info/lookup.jsp?pid=RN2132MFV&region=apc&lang=en,2026-09-27
RN2301,toshiba_parametric,toshiba,"Bipolar Transistors > Transistors with Bias Resistors (BRT, Digital Transistors)",,,,,https://toshiba.semicon-storage.com/info/docget.jsp?did=18998&prodName=RN2301,https://toshiba.semicon-storage.com/info/lookup.jsp?pid=RN2301&region=apc&lang=en,2026-09-27
RN2302,toshiba_parametric,toshiba,"Bipolar Transistors > Transistors with Bias Resistors (BRT, Digital Transistors)",,,,,https://toshiba.semicon-storage.com/info/docget.jsp?did=18998&prodName=RN2302,https://toshiba.semicon-storage.com/info/lookup.jsp?pid=RN2302&region=apc&lang=en,2026-09-27
RN2303,toshiba_parametric,toshiba,"Bipolar Transistors > Transistors with Bias Resistors (BRT, Digital Transistors)",,,,,https://toshiba.semicon-storage.com/info/docget.jsp?did=18998&prodName=RN2303,https://toshiba.semicon-storage.com/info/lookup.jsp?pid=RN2303&region=apc&lang=en,2026-09-27
RN2304,toshiba_parametric,toshiba,"Bipolar Transistors > Transistors with Bias Resistors (BRT, Digital Transistors)",,,,,https://toshiba.semicon-storage.com/info/docget.jsp?did=18998&prodName=RN2304,https://toshiba.semicon-storage.com/info/lookup.jsp?pid=RN2304&region=apc&lang=en,2026-09-27
RN2305,toshiba_parametric,toshiba,"Bipolar Transistors > Transistors with Bias Resistors (BRT, Digital Transistors)",,,,,https://toshiba.semicon-storage.com/info/docget.jsp?did=18998&prodName=RN2305,https://toshiba.semicon-storage.com/info/lookup.jsp?pid=RN2305&region=apc&lang=en,2026-09-27
RN2306,toshiba_parametric,toshiba,"Bipolar Transistors > Transistors with Bias Resistors (BRT, Digital Transistors)",,,,,https://toshiba.semicon-storage.com/info/docget.jsp?did=18998&prodName=RN2306,https://toshiba.semicon-storage.com/info/lookup.jsp?pid=RN2306&region=apc&lang=en,2026-09-27
RN2307,toshiba_parametric,toshiba,"Bipolar Transistors > Transistors with Bias Resistors (BRT, Digital Transistors)",,,,,https://toshiba.semicon-storage.com/info/docget.jsp?did=19003&prodName=RN2307,https://toshiba.semicon-storage.com/info/lookup.jsp?pid=RN2307&region=apc&lang=en,2026-09-27
RN2308,toshiba_parametric,toshiba,"Bipolar Transistors > Transistors with Bias Resistors (BRT, Digital Transistors)",,,,,https://toshiba.semicon-storage.com/info/docget.jsp?did=19003&prodName=RN2308,https://toshiba.semicon-storage.com/info/lookup.jsp?pid=RN2308&region=apc&lang=en,2026-09-27
RN2309,toshiba_parametric,toshiba,"Bipolar Transistors > Transistors with Bias Resistors (BRT, Digital Transistors)",,,,,https://toshiba.semicon-storage.com/info/docget.jsp?did=19003&prodName=RN2309,https://toshiba.semicon-storage.com/info/lookup.jsp?pid=RN2309&region=apc&lang=en,2026-09-27
RN2311,toshiba_parametric,toshiba,"Bipolar Transistors > Transistors with Bias Resistors (BRT, Digital Transistors)",,,,,https://toshiba.semicon-storage.com/info/docget.jsp?did=18870&prodName=RN2311,https://toshiba.semicon-storage.com/info/lookup.jsp?pid=RN2311&region=apc&lang=en,2026-09-27
RN2312,toshiba_parametric,toshiba,"Bipolar Transistors > Transistors with Bias Resistors (BRT, Digital Transistors)",,,,,https://toshiba.semicon-storage.com/info/docget.jsp?did=19000&prodName=RN2312,https://toshiba.semicon-storage.com/info/lookup.jsp?pid=RN2312&region=apc&lang=en,2026-09-27
RN2313,toshiba_parametric,toshiba,"Bipolar Transistors > Transistors with Bias Resistors (BRT, Digital Transistors)",,,,,https://toshiba.semicon-storage.com/info/docget.jsp?did=19000&prodName=RN2313,https://toshiba.semicon-storage.com/info/lookup.jsp?pid=RN2313&region=apc&lang=en,2026-09-27
RN2315,toshiba_parametric,toshiba,"Bipolar Transistors > Transistors with Bias Resistors (BRT, Digital Transistors)",,,,,https://toshiba.semicon-storage.com/info/docget.jsp?did=18872&prodName=RN2315,https://toshiba.semicon-storage.com/info/lookup.jsp?pid=RN2315&region=apc&lang=en,2026-09-27
RN2316,toshiba_parametric,toshiba,"Bipolar Transistors > Transistors with Bias Resistors (BRT, Digital Transistors)",,,,,https://toshiba.semicon-storage.com/info/docget.jsp?did=18872&prodName=RN2316,https://toshiba.semicon-storage.com/info/lookup.jsp?pid=RN2316&region=apc&lang=en,2026-09-27
RN2317,toshiba_parametric,toshiba,"Bipolar Transistors > Transistors with Bias Resistors (BRT, Digital Transistors)",,,,,https://toshiba.semicon-storage.com/info/docget.jsp?did=18872&prodName=RN2317,https://toshiba.semicon-storage.com/info/lookup.jsp?pid=RN2317&region=apc&lang=en,2026-09-27
RN2318,toshiba_parametric,toshiba,"Bipolar Transistors > Transistors with Bias Resistors (BRT, Digital Transistors)",,,,,https://toshiba.semicon-storage.com/info/docget.jsp?did=18872&prodName=RN2318,https://toshiba.semicon-storage.com/info/lookup.jsp?pid=RN2318&region=apc&lang=en,2026-09-27
RN2401,toshiba_parametric,toshiba,"Bipolar Transistors > Transistors with Bias Resistors (BRT, Digital Transistors)",,,,,https://toshiba.semicon-storage.com/info/docget.jsp?did=18874&prodName=RN2401,https://toshiba.semicon-storage.com/info/lookup.jsp?pid=RN2401&region=apc&lang=en,2026-09-27
RN2402,toshiba_parametric,toshiba,"Bipolar Transistors > Transistors with Bias Resistors (BRT, Digital Transistors)",,,,,https://toshiba.semicon-storage.com/info/docget.jsp?did=18874&prodName=RN2402,https://toshiba.semicon-storage.com/info/lookup.jsp?pid=RN2402&region=apc&lang=en,2026-09-27
RN2403,toshiba_parametric,toshiba,"Bipolar Transistors > Transistors with Bias Resistors (BRT, Digital Transistors)",,,,,https://toshiba.semicon-storage.com/info/docget.jsp?did=18874&prodName=RN2403,https://toshiba.semicon-storage.com/info/lookup.jsp?pid=RN2403&region=apc&lang=en,2026-09-27
RN2404,toshiba_parametric,toshiba,"Bipolar Transistors > Transistors with Bias Resistors (BRT, Digital Transistors)",,,,,https://toshiba.semicon-storage.com/info/docget.jsp?did=18874&prodName=RN2404,https://toshiba.semicon-storage.com/info/lookup.jsp?pid=RN2404&region=apc&lang=en,2026-09-27
RN2405,toshiba_parametric,toshiba,"Bipolar Transistors > Transistors with Bias Resistors (BRT, Digital Transistors)",,,,,https://toshiba.semicon-storage.com/info/docget.jsp?did=18874&prodName=RN2405,https://toshiba.semicon-storage.com/info/lookup.jsp?pid=RN2405&region=apc&lang=en,2026-09-27
RN2406,toshiba_parametric,toshiba,"Bipolar Transistors > Transistors with Bias Resistors (BRT, Digital Transistors)",,,,,https://toshiba.semicon-storage.com/info/docget.jsp?did=18874&prodName=RN2406,https://toshiba.semicon-storage.com/info/lookup.jsp?pid=RN2406&region=apc&lang=en,2026-09-27
RN2407,toshiba_parametric,toshiba,"Bipolar Transistors > Transistors with Bias Resistors (BRT, Digital Transistors)",,,,,https://toshiba.semicon-storage.com/info/docget.jsp?did=18876&prodName=RN2407,https://toshiba.semicon-storage.com/info/lookup.jsp?pid=RN2407&region=apc&lang=en,2026-09-27
RN2408,toshiba_parametric,toshiba,"Bipolar Transistors > Transistors with Bias Resistors (BRT, Digital Transistors)",,,,,https://toshiba.semicon-storage.com/info/docget.jsp?did=18876&prodName=RN2408,https://toshiba.semicon-storage.com/info/lookup.jsp?pid=RN2408&region=apc&lang=en,2026-09-27
RN2409,toshiba_parametric,toshiba,"Bipolar Transistors > Transistors with Bias Resistors (BRT, Digital Transistors)",,,,,https://toshiba.semicon-storage.com/info/docget.jsp?did=18876&prodName=RN2409,https://toshiba.semicon-storage.com/info/lookup.jsp?pid=RN2409&region=apc&lang=en,2026-09-27
RN2411,toshiba_parametric,toshiba,"Bipolar Transistors > Transistors with Bias Resistors (BRT, Digital Transistors)",,,,,https://toshiba.semicon-storage.com/info/docget.jsp?did=18878&prodName=RN2411,https://toshiba.semicon-storage.com/info/lookup.jsp?pid=RN2411&region=apc&lang=en,2026-09-27
RN2412,toshiba_parametric,toshiba,"Bipolar Transistors > Transistors with Bias Resistors (BRT, Digital Transistors)",,,,,https://toshiba.semicon-storage.com/info/docget.jsp?did=18881&prodName=RN2412,https://toshiba.semicon-storage.com/info/lookup.jsp?pid=RN2412&region=apc&lang=en,2026-09-27
RN2413,toshiba_parametric,toshiba,"Bipolar Transistors > Transistors with Bias Resistors (BRT, Digital Transistors)",,,,,https://toshiba.semicon-storage.com/info/docget.jsp?did=18881&prodName=RN2413,https://toshiba.semicon-storage.com/info/lookup.jsp?pid=RN2413&region=apc&lang=en,2026-09-27
RN2414,toshiba_parametric,toshiba,"Bipolar Transistors > Transistors with Bias Resistors (BRT, Digital Transistors)",,,,,https://toshiba.semicon-storage.com/info/docget.jsp?did=18883&prodName=RN2414,https://toshiba.semicon-storage.com/info/lookup.jsp?pid=RN2414&region=apc&lang=en,2026-09-27
RN2415,toshiba_parametric,toshiba,"Bipolar Transistors > Transistors with Bias Resistors (BRT, Digital Transistors)",,,,,https://toshiba.semicon-storage.com/info/docget.jsp?did=18883&prodName=RN2415,https://toshiba.semicon-storage.com/info/lookup.jsp?pid=RN2415&region=apc&lang=en,2026-09-27
RN2416,toshiba_parametric,toshiba,"Bipolar Transistors > Transistors with Bias Resistors (BRT, Digital Transistors)",,,,,https://toshiba.semicon-storage.com/info/docget.jsp?did=18883&prodName=RN2416,https://toshiba.semicon-storage.com/info/lookup.jsp?pid=RN2416&region=apc&lang=en,2026-09-27
RN2417,toshiba_parametric,toshiba,"Bipolar Transistors > Transistors with Bias Resistors (BRT, Digital Transistors)",,,,,https://toshiba.semicon-storage.com/info/docget.jsp?did=18883&prodName=RN2417,https://toshiba.semicon-storage.com/info/lookup.jsp?pid=RN2417&region=apc&lang=en,2026-09-27
RN2418,toshiba_parametric,toshiba,"Bipolar Transistors > Transistors with Bias Resistors (BRT, Digital Transistors)",,,,,https://toshiba.semicon-storage.com/info/docget.jsp?did=18883&prodName=RN2418,https://toshiba.semicon-storage.com/info/lookup.jsp?pid=RN2418&region=apc&lang=en,2026-09-27
RN2501,toshiba_parametric,toshiba,"Bipolar Transistors > Transistors with Bias Resistors (BRT, Digital Transistors)",,,,,https://toshiba.semicon-storage.com/info/docget.jsp?did=18887&prodName=RN2501,https://toshiba.semicon-storage.com/info/lookup.jsp?pid=RN2501&region=apc&lang=en,2026-09-27
RN2502,toshiba_parametric,toshiba,"Bipolar Transistors > Transistors with Bias Resistors (BRT, Digital Transistors)",,,,,https://toshiba.semicon-storage.com/info/docget.jsp?did=18887&prodName=RN2502,https://toshiba.semicon-storage.com/info/lookup.jsp?pid=RN2502&region=apc&lang=en,2026-09-27
RN2503,toshiba_parametric,toshiba,"Bipolar Transistors > Transistors with Bias Resistors (BRT, Digital Transistors)",,,,,https://toshiba.semicon-storage.com/info/docget.jsp?did=18887&prodName=RN2503,https://toshiba.semicon-storage.com/info/lookup.jsp?pid=RN2503&region=apc&lang=en,2026-09-27
RN2504,toshiba_parametric,toshiba,"Bipolar Transistors > Transistors with Bias Resistors (BRT, Digital Transistors)",,,,,https://toshiba.semicon-storage.com/info/docget.jsp?did=18887&prodName=RN2504,https://toshiba.semicon-storage.com/info/lookup.jsp?pid=RN2504&region=apc&lang=en,2026-09-27
RN2505,toshiba_parametric,toshiba,"Bipolar Transistors > Transistors with Bias Resistors (BRT, Digital Transistors)",,,,,https://toshiba.semicon-storage.com/info/docget.jsp?did=18887&prodName=RN2505,https://toshiba.semicon-storage.com/info/lookup.jsp?pid=RN2505&region=apc&lang=en,2026-09-27
RN2506,toshiba_parametric,toshiba,"Bipolar Transistors > Transistors with Bias Resistors (BRT, Digital Transistors)",,,,,https://toshiba.semicon-storage.com/info/docget.jsp?did=18887&prodName=RN2506,https://toshiba.semicon-storage.com/info/lookup.jsp?pid=RN2506&region=apc&lang=en,2026-09-27
RN2507,toshiba_parametric,toshiba,"Bipolar Transistors > Transistors with Bias Resistors (BRT, Digital Transistors)",,,,,https://toshiba.semicon-storage.com/info/docget.jsp?did=18889&prodName=RN2507,https://toshiba.semicon-storage.com/info/lookup.jsp?pid=RN2507&region=apc&lang=en,2026-09-27
RN2510,toshiba_parametric,toshiba,"Bipolar Transistors > Transistors with Bias Resistors (BRT, Digital Transistors)",,,,,https://toshiba.semicon-storage.com/info/docget.jsp?did=18892&prodName=RN2510,https://toshiba.semicon-storage.com/info/lookup.jsp?pid=RN2510&region=apc&lang=en,2026-09-27
RN2511,toshiba_parametric,toshiba,"Bipolar Transistors > Transistors with Bias Resistors (BRT, Digital Transistors)",,,,,https://toshiba.semicon-storage.com/info/docget.jsp?did=18892&prodName=RN2511,https://toshiba.semicon-storage.com/info/lookup.jsp?pid=RN2511&region=apc&lang=en,2026-09-27
RN2601,toshiba_parametric,toshiba,"Bipolar Transistors > Transistors with Bias Resistors (BRT, Digital Transistors)",,,,,https://toshiba.semicon-storage.com/info/docget.jsp?did=18894&prodName=RN2601,https://toshiba.semicon-storage.com/info/lookup.jsp?pid=RN2601&region=apc&lang=en,2026-09-27
RN2602,toshiba_parametric,toshiba,"Bipolar Transistors > Transistors with Bias Resistors (BRT, Digital Transistors)",,,,,https://toshiba.semicon-storage.com/info/docget.jsp?did=18894&prodName=RN2602,https://toshiba.semicon-storage.com/info/lookup.jsp?pid=RN2602&region=apc&lang=en,2026-09-27
RN2603,toshiba_parametric,toshiba,"Bipolar Transistors > Transistors with Bias Resistors (BRT, Digital Transistors)",,,,,https://toshiba.semicon-storage.com/info/docget.jsp?did=18894&prodName=RN2603,https://toshiba.semicon-storage.com/info/lookup.jsp?pid=RN2603&region=apc&lang=en,2026-09-27
RN2604,toshiba_parametric,toshiba,"Bipolar Transistors > Transistors with Bias Resistors (BRT, Digital Transistors)",,,,,https://toshiba.semicon-storage.com/info/docget.jsp?did=18894&prodName=RN2604,https://toshiba.semicon-storage.com/info/lookup.jsp?pid=RN2604&region=apc&lang=en,2026-09-27
RN2605,toshiba_parametric,toshiba,"Bipolar Transistors > Transistors with Bias Resistors (BRT, Digital Transistors)",,,,,https://toshiba.semicon-storage.com/info/docget.jsp?did=18894&prodName=RN2605,https://toshiba.semicon-storage.com/info/lookup.jsp?pid=RN2605&region=apc&lang=en,2026-09-27
RN2606,toshiba_parametric,toshiba,"Bipolar Transistors > Transistors with Bias Resistors (BRT, Digital Transistors)",,,,,https://toshiba.semicon-storage.com/info/docget.jsp?did=18894&prodName=RN2606,https://toshiba.semicon-storage.com/info/lookup.jsp?pid=RN2606&region=apc&lang=en,2026-09-27
RN2607,toshiba_parametric,toshiba,"Bipolar Transistors > Transistors with Bias Resistors (BRT, Digital Transistors)",,,,,https://toshiba.semicon-storage.com/info/docget.jsp?did=18896&prodName=RN2607,https://toshiba.semicon-storage.com/info/lookup.jsp?pid=RN2607&region=apc&lang=en,2026-09-27
RN2608,toshiba_parametric,toshiba,"Bipolar Transistors > Transistors with Bias Resistors (BRT, Digital Transistors)",,,,,https://toshiba.semicon-storage.com/info/docget.jsp?did=18896&prodName=RN2608,https://toshiba.semicon-storage.com/info/lookup.jsp?pid=RN2608&region=apc&lang=en,2026-09-27
RN2610,toshiba_parametric,toshiba,"Bipolar Transistors > Transistors with Bias Resistors (BRT, Digital Transistors)",,,,,https://toshiba.semicon-storage.com/info/docget.jsp?did=18898&prodName=RN2610,https://toshiba.semicon-storage.com/info/lookup.jsp?pid=RN2610&region=apc&lang=en,2026-09-27
RN2701,toshiba_parametric,toshiba,"Bipolar Transistors > Transistors with Bias Resistors (BRT, Digital Transistors)",,,,,https://toshiba.semicon-storage.com/info/docget.jsp?did=18900&prodName=RN2701,https://toshiba.semicon-storage.com/info/lookup.jsp?pid=RN2701&region=apc&lang=en,2026-09-27
RN2701JE,toshiba_parametric,toshiba,"Bipolar Transistors > Transistors with Bias Resistors (BRT, Digital Transistors)",,,,,https://toshiba.semicon-storage.com/info/docget.jsp?did=19089&prodName=RN2701JE,https://toshiba.semicon-storage.com/info/lookup.jsp?pid=RN2701JE&region=apc&lang=en,2026-09-27
RN2702,toshiba_parametric,toshiba,"Bipolar Transistors > Transistors with Bias Resistors (BRT, Digital Transistors)",,,,,https://toshiba.semicon-storage.com/info/docget.jsp?did=18900&prodName=RN2702,https://toshiba.semicon-storage.com/info/lookup.jsp?pid=RN2702&region=apc&lang=en,2026-09-27
RN2702JE,toshiba_parametric,toshiba,"Bipolar Transistors > Transistors with Bias Resistors (BRT, Digital Transistors)",,,,,https://toshiba.semicon-storage.com/info/docget.jsp?did=19089&prodName=RN2702JE,https://toshiba.semicon-storage.com/info/lookup.jsp?pid=RN2702JE&region=apc&lang=en,2026-09-27
RN2703,toshiba_parametric,toshiba,"Bipolar Transistors > Transistors with Bias Resistors (BRT, Digital Transistors)",,,,,https://toshiba.semicon-storage.com/info/docget.jsp?did=18900&prodName=RN2703,https://toshiba.semicon-storage.com/info/lookup.jsp?pid=RN2703&region=apc&lang=en,2026-09-27
RN2703JE,toshiba_parametric,toshiba,"Bipolar Transistors > Transistors with Bias Resistors (BRT, Digital Transistors)",,,,,https://toshiba.semicon-storage.com/info/docget.jsp?did=19089&prodName=RN2703JE,https://toshiba.semicon-storage.com/info/lookup.jsp?pid=RN2703JE&region=apc&lang=en,2026-09-27
RN2704,toshiba_parametric,toshiba,"Bipolar Transistors > Transistors with Bias Resistors (BRT, Digital Transistors)",,,,,https://toshiba.semicon-storage.com/info/docget.jsp?did=18900&prodName=RN2704,https://toshiba.semicon-storage.com/info/lookup.jsp?pid=RN2704&region=apc&lang=en,2026-09-27
RN2704JE,toshiba_parametric,toshiba,"Bipolar Transistors > Transistors with Bias Resistors (BRT, Digital Transistors)",,,,,https://toshiba.semicon-storage.com/info/docget.jsp?did=19089&prodName=RN2704JE,https://toshiba.semicon-storage.com/info/lookup.jsp?pid=RN2704JE&region=apc&lang=en,2026-09-27
RN2705,toshiba_parametric,toshiba,"Bipolar Transistors > Transistors with Bias Resistors (BRT, Digital Transistors)",,,,,https://toshiba.semicon-storage.com/info/docget.jsp?did=18900&prodName=RN2705,https://toshiba.semicon-storage.com/info/lookup.jsp?pid=RN2705&region=apc&lang=en,2026-09-27
RN2705JE,toshiba_parametric,toshiba,"Bipolar Transistors > Transistors with Bias Resistors (BRT, Digital Transistors)",,,,,https://toshiba.semicon-storage.com/info/docget.jsp?did=19089&prodName=RN2705JE,https://toshiba.semicon-storage.com/info/lookup.jsp?pid=RN2705JE&region=apc&lang=en,2026-09-27
RN2706,toshiba_parametric,toshiba,"Bipolar Transistors > Transistors with Bias Resistors (BRT, Digital Transistors)",,,,,https://toshiba.semicon-storage.com/info/docget.jsp?did=18900&prodName=RN2706,https://toshiba.semicon-storage.com/info/lookup.jsp?pid=RN2706&region=apc&lang=en,2026-09-27
RN2706JE,toshiba_parametric,toshiba,"Bipolar Transistors > Transistors with Bias Resistors (BRT, Digital Transistors)",,,,,https://toshiba.semicon-storage.com/info/docget.jsp?did=19089&prodName=RN2706JE,https://toshiba.semicon-storage.com/info/lookup.jsp?pid=RN2706JE&region=apc&lang=en,2026-09-27
RN2707,toshiba_parametric,toshiba,"Bipolar Transistors > Transistors with Bias Resistors (BRT, Digital Transistors)",,,,,https://toshiba.semicon-storage.com/info/docget.jsp?did=18903&prodName=RN2707,https://toshiba.semicon-storage.com/info/lookup.jsp?pid=RN2707&region=apc&lang=en,2026-09-27
RN2707JE,toshiba_parametric,toshiba,"Bipolar Transistors > Transistors with Bias Resistors (BRT, Digital Transistors)",,,,,https://toshiba.semicon-storage.com/info/docget.jsp?did=19106&prodName=RN2707JE,https://toshiba.semicon-storage.com/info/lookup.jsp?pid=RN2707JE&region=apc&lang=en,2026-09-27
RN2708,toshiba_parametric,toshiba,"Bipolar Transistors > Transistors with Bias Resistors (BRT, Digital Transistors)",,,,,https://toshiba.semicon-storage.com/info/docget.jsp?did=18903&prodName=RN2708,https://toshiba.semicon-storage.com/info/lookup.jsp?pid=RN2708&region=apc&lang=en,2026-09-27
RN2708JE,toshiba_parametric,toshiba,"Bipolar Transistors > Transistors with Bias Resistors (BRT, Digital Transistors)",,,,,https://toshiba.semicon-storage.com/info/docget.jsp?did=19106&prodName=RN2708JE,https://toshiba.semicon-storage.com/info/lookup.jsp?pid=RN2708JE&region=apc&lang=en,2026-09-27
RN2709,toshiba_parametric,toshiba,"Bipolar Transistors > Transistors with Bias Resistors (BRT, Digital Transistors)",,,,,https://toshiba.semicon-storage.com/info/docget.jsp?did=18903&prodName=RN2709,https://toshiba.semicon-storage.com/info/lookup.jsp?pid=RN2709&region=apc&lang=en,2026-09-27
RN2709JE,toshiba_parametric,toshiba,"Bipolar Transistors > Transistors with Bias Resistors (BRT, Digital Transistors)",,,,,https://toshiba.semicon-storage.com/info/docget.jsp?did=19106&prodName=RN2709JE,https://toshiba.semicon-storage.com/info/lookup.jsp?pid=RN2709JE&region=apc&lang=en,2026-09-27
RN2710,toshiba_parametric,toshiba,"Bipolar Transistors > Transistors with Bias Resistors (BRT, Digital Transistors)",,,,,https://toshiba.semicon-storage.com/info/docget.jsp?did=18905&prodName=RN2710,https://toshiba.semicon-storage.com/info/lookup.jsp?pid=RN2710&region=apc&lang=en,2026-09-27
RN2710JE,toshiba_parametric,toshiba,"Bipolar Transistors > Transistors with Bias Resistors (BRT, Digital Transistors)",,,,,https://toshiba.semicon-storage.com/info/docget.jsp?did=19108&prodName=RN2710JE,https://toshiba.semicon-storage.com/info/lookup.jsp?pid=RN2710JE&region=apc&lang=en,2026-09-27
RN2711,toshiba_parametric,toshiba,"Bipolar Transistors > Transistors with Bias Resistors (BRT, Digital Transistors)",,,,,https://toshiba.semicon-storage.com/info/docget.jsp?did=18905&prodName=RN2711,https://toshiba.semicon-storage.com/info/lookup.jsp?pid=RN2711&region=apc&lang=en,2026-09-27
RN2711JE,toshiba_parametric,toshiba,"Bipolar Transistors > Transistors with Bias Resistors (BRT, Digital Transistors)",,,,,https://toshiba.semicon-storage.com/info/docget.jsp?did=19108&prodName=RN2711JE,https://toshiba.semicon-storage.com/info/lookup.jsp?pid=RN2711JE&region=apc&lang=en,2026-09-27
RN2712JE,toshiba_parametric,toshiba,"Bipolar Transistors > Transistors with Bias Resistors (BRT, Digital Transistors)",,,,,https://toshiba.semicon-storage.com/info/docget.jsp?did=565&prodName=RN2712JE,https://toshiba.semicon-storage.com/info/lookup.jsp?pid=RN2712JE&region=apc&lang=en,2026-09-27
RN2713JE,toshiba_parametric,toshiba,"Bipolar Transistors > Transistors with Bias Resistors (BRT, Digital Transistors)",,,,,https://toshiba.semicon-storage.com/info/docget.jsp?did=565&prodName=RN2713JE,https://toshiba.semicon-storage.com/info/lookup.jsp?pid=RN2713JE&region=apc&lang=en,2026-09-27
RN2901,toshiba_parametric,toshiba,"Bipolar Transistors > Transistors with Bias Resistors (BRT, Digital Transistors)",,,,,https://toshiba.semicon-storage.com/info/docget.jsp?did=18907&prodName=RN2901,https://toshiba.semicon-storage.com/info/lookup.jsp?pid=RN2901&region=apc&lang=en,2026-09-27
RN2901FE,toshiba_parametric,toshiba,"Bipolar Transistors > Transistors with Bias Resistors (BRT, Digital Transistors)",,,,,https://toshiba.semicon-storage.com/info/docget.jsp?did=19092&prodName=RN2901FE,https://toshiba.semicon-storage.com/info/lookup.jsp?pid=RN2901FE&region=apc&lang=en,2026-09-27
RN2902,toshiba_parametric,toshiba,"Bipolar Transistors > Transistors with Bias Resistors (BRT, Digital Transistors)",,,,,https://toshiba.semicon-storage.com/info/docget.jsp?did=18907&prodName=RN2902,https://toshiba.semicon-storage.com/info/lookup.jsp?pid=RN2902&region=apc&lang=en,2026-09-27
RN2902FE,toshiba_parametric,toshiba,"Bipolar Transistors > Transistors with Bias Resistors (BRT, Digital Transistors)",,,,,https://toshiba.semicon-storage.com/info/docget.jsp?did=19092&prodName=RN2902FE,https://toshiba.semicon-storage.com/info/lookup.jsp?pid=RN2902FE&region=apc&lang=en,2026-09-27
RN2903,toshiba_parametric,toshiba,"Bipolar Transistors > Transistors with Bias Resistors (BRT, Digital Transistors)",,,,,https://toshiba.semicon-storage.com/info/docget.jsp?did=18907&prodName=RN2903,https://toshiba.semicon-storage.com/info/lookup.jsp?pid=RN2903&region=apc&lang=en,2026-09-27
RN2903FE,toshiba_parametric,toshiba,"Bipolar Transistors > Transistors with Bias Resistors (BRT, Digital Transistors)",,,,,https://toshiba.semicon-storage.com/info/docget.jsp?did=19092&prodName=RN2903FE,https://toshiba.semicon-storage.com/info/lookup.jsp?pid=RN2903FE&region=apc&lang=en,2026-09-27
RN2904,toshiba_parametric,toshiba,"Bipolar Transistors > Transistors with Bias Resistors (BRT, Digital Transistors)",,,,,https://toshiba.semicon-storage.com/info/docget.jsp?did=18907&prodName=RN2904,https://toshiba.semicon-storage.com/info/lookup.jsp?pid=RN2904&region=apc&lang=en,2026-09-27
RN2904FE,toshiba_parametric,toshiba,"Bipolar Transistors > Transistors with Bias Resistors (BRT, Digital Transistors)",,,,,https://toshiba.semicon-storage.com/info/docget.jsp?did=19092&prodName=RN2904FE,https://toshiba.semicon-storage.com/info/lookup.jsp?pid=RN2904FE&region=apc&lang=en,2026-09-27
RN2905,toshiba_parametric,toshiba,"Bipolar Transistors > Transistors with Bias Resistors (BRT, Digital Transistors)",,,,,https://toshiba.semicon-storage.com/info/docget.jsp?did=18907&prodName=RN2905,https://toshiba.semicon-storage.com/info/lookup.jsp?pid=RN2905&region=apc&lang=en,2026-09-27
RN2905FE,toshiba_parametric,toshiba,"Bipolar Transistors > Transistors with Bias Resistors (BRT, Digital Transistors)",,,,,https://toshiba.semicon-storage.com/info/docget.jsp?did=19092&prodName=RN2905FE,https://toshiba.semicon-storage.com/info/lookup.jsp?pid=RN2905FE&region=apc&lang=en,2026-09-27
RN2906,toshiba_parametric,toshiba,"Bipolar Transistors > Transistors with Bias Resistors (BRT, Digital Transistors)",,,,,https://toshiba.semicon-storage.com/info/docget.jsp?did=18907&prodName=RN2906,https://toshiba.semicon-storage.com/info/lookup.jsp?pid=RN2906&region=apc&lang=en,2026-09-27
RN2906FE,toshiba_parametric,toshiba,"Bipolar Transistors > Transistors with Bias Resistors (BRT, Digital Transistors)",,,,,https://toshiba.semicon-storage.com/info/docget.jsp?did=19092&prodName=RN2906FE,https://toshiba.semicon-storage.com/info/lookup.jsp?pid=RN2906FE&region=apc&lang=en,2026-09-27
RN2907,toshiba_parametric,toshiba,"Bipolar Transistors > Transistors with Bias Resistors (BRT, Digital Transistors)",,,,,https://toshiba.semicon-storage.com/info/docget.jsp?did=18909&prodName=RN2907,https://toshiba.semicon-storage.com/info/lookup.jsp?pid=RN2907&region=apc&lang=en,2026-09-27
RN2907FE,toshiba_parametric,toshiba,"Bipolar Transistors > Transistors with Bias Resistors (BRT, Digital Transistors)",,,,,https://toshiba.semicon-storage.com/info/docget.jsp?did=19094&prodName=RN2907FE,https://toshiba.semicon-storage.com/info/lookup.jsp?pid=RN2907FE&region=apc&lang=en,2026-09-27
RN2908,toshiba_parametric,toshiba,"Bipolar Transistors > Transistors with Bias Resistors (BRT, Digital Transistors)",,,,,https://toshiba.semicon-storage.com/info/docget.jsp?did=18909&prodName=RN2908,https://toshiba.semicon-storage.com/info/lookup.jsp?pid=RN2908&region=apc&lang=en,2026-09-27
RN2908FE,toshiba_parametric,toshiba,"Bipolar Transistors > Transistors with Bias Resistors (BRT, Digital Transistors)",,,,,https://toshiba.semicon-storage.com/info/docget.jsp?did=19094&prodName=RN2908FE,https://toshiba.semicon-storage.com/info/lookup.jsp?pid=RN2908FE&region=apc&lang=en,2026-09-27
RN2909,toshiba_parametric,toshiba,"Bipolar Transistors > Transistors with Bias Resistors (BRT, Digital Transistors)",,,,,https://toshiba.semicon-storage.com/info/docget.jsp?did=18909&prodName=RN2909,https://toshiba.semicon-storage.com/info/lookup.jsp?pid=RN2909&region=apc&lang=en,2026-09-27
RN2909FE,toshiba_parametric,toshiba,"Bipolar Transistors > Transistors with Bias Resistors (BRT, Digital Transistors)",,,,,https://toshiba.semicon-storage.com/info/docget.jsp?did=19094&prodName=RN2909FE,https://toshiba.semicon-storage.com/info/lookup.jsp?pid=RN2909FE&region=apc&lang=en,2026-09-27
RN2910,toshiba_parametric,toshiba,"Bipolar Transistors > Transistors with Bias Resistors (BRT, Digital Transistors)",,,,,https://toshiba.semicon-storage.com/info/docget.jsp?did=18911&prodName=RN2910,https://toshiba.semicon-storage.com/info/lookup.jsp?pid=RN2910&region=apc&lang=en,2026-09-27
RN2910FE,toshiba_parametric,toshiba,"Bipolar Transistors > Transistors with Bias Resistors (BRT, Digital Transistors)",,,,,https://toshiba.semicon-storage.com/info/docget.jsp?did=19096&prodName=RN2910FE,https://toshiba.semicon-storage.com/info/lookup.jsp?pid=RN2910FE&region=apc&lang=en,2026-09-27
RN2911,toshiba_parametric,toshiba,"Bipolar Transistors > Transistors with Bias Resistors (BRT, Digital Transistors)",,,,,https://toshiba.semicon-storage.com/info/docget.jsp?did=18911&prodName=RN2911,https://toshiba.semicon-storage.com/info/lookup.jsp?pid=RN2911&region=apc&lang=en,2026-09-27
RN2911FE,toshiba_parametric,toshiba,"Bipolar Transistors > Transistors with Bias Resistors (BRT, Digital Transistors)",,,,,https://toshiba.semicon-storage.com/info/docget.jsp?did=19096&prodName=RN2911FE,https://toshiba.semicon-storage.com/info/lookup.jsp?pid=RN2911FE&region=apc&lang=en,2026-09-27
RN2962,toshiba_parametric,toshiba,,EOL announced,,,,https://toshiba.semicon-storage.com/info/docget.jsp?did=18914&prodName=RN2962,https://toshiba.semicon-storage.com/info/lookup.jsp?pid=RN2962&region=apc&lang=en,2026-09-27
RN4601,toshiba_parametric,toshiba,"Bipolar Transistors > Transistors with Bias Resistors (BRT, Digital Transistors)",,,,,https://toshiba.semicon-storage.com/info/docget.jsp?did=18920&prodName=RN4601,https://toshiba.semicon-storage.com/info/lookup.jsp?pid=RN4601&region=apc&lang=en,2026-09-27
RN4602,toshiba_parametric,toshiba,"Bipolar Transistors > Transistors with Bias Resistors (BRT, Digital Transistors)",,,,,https://toshiba.semicon-storage.com/info/docget.jsp?did=18922&prodName=RN4602,https://toshiba.semicon-storage.com/info/lookup.jsp?pid=RN4602&region=apc&lang=en,2026-09-27
RN4603,toshiba_parametric,toshiba,"Bipolar Transistors > Transistors with Bias Resistors (BRT, Digital Transistors)",,,,,https://toshiba.semicon-storage.com/info/docget.jsp?did=18926&prodName=RN4603,https://toshiba.semicon-storage.com/info/lookup.jsp?pid=RN4603&region=apc&lang=en,2026-09-27
RN4604,toshiba_parametric,toshiba,"Bipolar Transistors > Transistors with Bias Resistors (BRT, Digital Transistors)",,,,,https://toshiba.semicon-storage.com/info/docget.jsp?did=18928&prodName=RN4604,https://toshiba.semicon-storage.com/info/lookup.jsp?pid=RN4604&region=apc&lang=en,2026-09-27
RN4605,toshiba_parametric,toshiba,"Bipolar Transistors > Transistors with Bias Resistors (BRT, Digital Transistors)",,,,,https://toshiba.semicon-storage.com/info/docget.jsp?did=18930&prodName=RN4605,https://toshiba.semicon-storage.com/info/lookup.jsp?pid=RN4605&region=apc&lang=en,2026-09-27
RN4606,toshiba_parametric,toshiba,"Bipolar Transistors > Transistors with Bias Resistors (BRT, Digital Transistors)",,,,,https://toshiba.semicon-storage.com/info/docget.jsp?did=18932&prodName=RN4606,https://toshiba.semicon-storage.com/info/lookup.jsp?pid=RN4606&region=apc&lang=en,2026-09-27
RN4607,toshiba_parametric,toshiba,"Bipolar Transistors > Transistors with Bias Resistors (BRT, Digital Transistors)",,,,,https://toshiba.semicon-storage.com/info/docget.jsp?did=18934&prodName=RN4607,https://toshiba.semicon-storage.com/info/lookup.jsp?pid=RN4607&region=apc&lang=en,2026-09-27
RN4608,toshiba_parametric,toshiba,"Bipolar Transistors > Transistors with Bias Resistors (BRT, Digital Transistors)",,,,,https://toshiba.semicon-storage.com/info/docget.jsp?did=18937&prodName=RN4608,https://toshiba.semicon-storage.com/info/lookup.jsp?pid=RN4608&region=apc&lang=en,2026-09-27
RN4609,toshiba_parametric,toshiba,"Bipolar Transistors > Transistors with Bias Resistors (BRT, Digital Transistors)",,,,,https://toshiba.semicon-storage.com/info/docget.jsp?did=18939&prodName=RN4609,https://toshiba.semicon-storage.com/info/lookup.jsp?pid=RN4609&region=apc&lang=en,2026-09-27
RN4610,toshiba_parametric,toshiba,"Bipolar Transistors > Transistors with Bias Resistors (BRT, Digital Transistors)",,,,,https://toshiba.semicon-storage.com/info/docget.jsp?did=18941&prodName=RN4610,https://toshiba.semicon-storage.com/info/lookup.jsp?pid=RN4610&region=apc&lang=en,2026-09-27
RN4611,toshiba_parametric,toshiba,"Bipolar Transistors > Transistors with Bias Resistors (BRT, Digital Transistors)",,,,,https://toshiba.semicon-storage.com/info/docget.jsp?did=18943&prodName=RN4611,https://toshiba.semicon-storage.com/info/lookup.jsp?pid=RN4611&region=apc&lang=en,2026-09-27
RN4612,toshiba_parametric,toshiba,"Bipolar Transistors > Transistors with Bias Resistors (BRT, Digital Transistors)",,,,,https://toshiba.semicon-storage.com/info/docget.jsp?did=18945&prodName=RN4612,https://toshiba.semicon-storage.com/info/lookup.jsp?pid=RN4612&region=apc&lang=en,2026-09-27
RN4901,toshiba_parametric,toshiba,"Bipolar Transistors > Transistors with Bias Resistors (BRT, Digital Transistors)",,,,,https://toshiba.semicon-storage.com/info/docget.jsp?did=18948&prodName=RN4901,https://toshiba.semicon-storage.com/info/lookup.jsp?pid=RN4901&region=apc&lang=en,2026-09-27
RN4901FE,toshiba_parametric,toshiba,"Bipolar Transistors > Transistors with Bias Resistors (BRT, Digital Transistors)",,,,,https://toshiba.semicon-storage.com/info/docget.jsp?did=19018&prodName=RN4901FE,https://toshiba.semicon-storage.com/info/lookup.jsp?pid=RN4901FE&region=apc&lang=en,2026-09-27
RN4902,toshiba_parametric,toshiba,"Bipolar Transistors > Transistors with Bias Resistors (BRT, Digital Transistors)",,,,,https://toshiba.semicon-storage.com/info/docget.jsp?did=18950&prodName=RN4902,https://toshiba.semicon-storage.com/info/lookup.jsp?pid=RN4902&region=apc&lang=en,2026-09-27
RN4902FE,toshiba_parametric,toshiba,"Bipolar Transistors > Transistors with Bias Resistors (BRT, Digital Transistors)",,,,,https://toshiba.semicon-storage.com/info/docget.jsp?did=19020&prodName=RN4902FE,https://toshiba.semicon-storage.com/info/lookup.jsp?pid=RN4902FE&region=apc&lang=en,2026-09-27
RN4903,toshiba_parametric,toshiba,"Bipolar Transistors > Transistors with Bias Resistors (BRT, Digital Transistors)",,,,,https://toshiba.semicon-storage.com/info/docget.jsp?did=18952&prodName=RN4903,https://toshiba.semicon-storage.com/info/lookup.jsp?pid=RN4903&region=apc&lang=en,2026-09-27
RN4903FE,toshiba_parametric,toshiba,"Bipolar Transistors > Transistors with Bias Resistors (BRT, Digital Transistors)",,,,,https://toshiba.semicon-storage.com/info/docget.jsp?did=19022&prodName=RN4903FE,https://toshiba.semicon-storage.com/info/lookup.jsp?pid=RN4903FE&region=apc&lang=en,2026-09-27
RN4904,toshiba_parametric,toshiba,"Bipolar Transistors > Transistors with Bias Resistors (BRT, Digital Transistors)",,,,,https://toshiba.semicon-storage.com/info/docget.jsp?did=18954&prodName=RN4904,https://toshiba.semicon-storage.com/info/lookup.jsp?pid=RN4904&region=apc&lang=en,2026-09-27
RN4904FE,toshiba_parametric,toshiba,"Bipolar Transistors > Transistors with Bias Resistors (BRT, Digital Transistors)",,,,,https://toshiba.semicon-storage.com/info/docget.jsp?did=19025&prodName=RN4904FE,https://toshiba.semicon-storage.com/info/lookup.jsp?pid=RN4904FE&region=apc&lang=en,2026-09-27
RN4905,toshiba_parametric,toshiba,"Bipolar Transistors > Transistors with Bias Resistors (BRT, Digital Transistors)",,,,,https://toshiba.semicon-storage.com/info/docget.jsp?did=18956&prodName=RN4905,https://toshiba.semicon-storage.com/info/lookup.jsp?pid=RN4905&region=apc&lang=en,2026-09-27
RN4905FE,toshiba_parametric,toshiba,"Bipolar Transistors > Transistors with Bias Resistors (BRT, Digital Transistors)",,,,,https://toshiba.semicon-storage.com/info/docget.jsp?did=19136&prodName=RN4905FE,https://toshiba.semicon-storage.com/info/lookup.jsp?pid=RN4905FE&region=apc&lang=en,2026-09-27
RN4906,toshiba_parametric,toshiba,"Bipolar Transistors > Transistors with Bias Resistors (BRT, Digital Transistors)",,,,,https://toshiba.semicon-storage.com/info/docget.jsp?did=18959&prodName=RN4906,https://toshiba.semicon-storage.com/info/lookup.jsp?pid=RN4906&region=apc&lang=en,2026-09-27
RN4906FE,toshiba_parametric,toshiba,"Bipolar Transistors > Transistors with Bias Resistors (BRT, Digital Transistors)",,,,,https://toshiba.semicon-storage.com/info/docget.jsp?did=19027&prodName=RN4906FE,https://toshiba.semicon-storage.com/info/lookup.jsp?pid=RN4906FE&region=apc&lang=en,2026-09-27
RN4907,toshiba_parametric,toshiba,"Bipolar Transistors > Transistors with Bias Resistors (BRT, Digital Transistors)",,,,,https://toshiba.semicon-storage.com/info/docget.jsp?did=18961&prodName=RN4907,https://toshiba.semicon-storage.com/info/lookup.jsp?pid=RN4907&region=apc&lang=en,2026-09-27
RN4907FE,toshiba_parametric,toshiba,"Bipolar Transistors > Transistors with Bias Resistors (BRT, Digital Transistors)",,,,,https://toshiba.semicon-storage.com/info/docget.jsp?did=19029&prodName=RN4907FE,https://toshiba.semicon-storage.com/info/lookup.jsp?pid=RN4907FE&region=apc&lang=en,2026-09-27
RN4908,toshiba_parametric,toshiba,"Bipolar Transistors > Transistors with Bias Resistors (BRT, Digital Transistors)",,,,,https://toshiba.semicon-storage.com/info/docget.jsp?did=18963&prodName=RN4908,https://toshiba.semicon-storage.com/info/lookup.jsp?pid=RN4908&region=apc&lang=en,2026-09-27
RN4908FE,toshiba_parametric,toshiba,"Bipolar Transistors > Transistors with Bias Resistors (BRT, Digital Transistors)",,,,,https://toshiba.semicon-storage.com/info/docget.jsp?did=19031&prodName=RN4908FE,https://toshiba.semicon-storage.com/info/lookup.jsp?pid=RN4908FE&region=apc&lang=en,2026-09-27
RN4909,toshiba_parametric,toshiba,"Bipolar Transistors > Transistors with Bias Resistors (BRT, Digital Transistors)",,,,,https://toshiba.semicon-storage.com/info/docget.jsp?did=18965&prodName=RN4909,https://toshiba.semicon-storage.com/info/lookup.jsp?pid=RN4909&region=apc&lang=en,2026-09-27
RN4909FE,toshiba_parametric,toshiba,"Bipolar Transistors > Transistors with Bias Resistors (BRT, Digital Transistors)",,,,,https://toshiba.semicon-storage.com/info/docget.jsp?did=19033&prodName=RN4909FE,https://toshiba.semicon-storage.com/info/lookup.jsp?pid=RN4909FE&region=apc&lang=en,2026-09-27
RN4910,toshiba_parametric,toshiba,"Bipolar Transistors > Transistors with Bias Resistors (BRT, Digital Transistors)",,,,,https://toshiba.semicon-storage.com/info/docget.jsp?did=18967&prodName=RN4910,https://toshiba.semicon-storage.com/info/lookup.jsp?pid=RN4910&region=apc&lang=en,2026-09-27
RN4910FE,toshiba_parametric,toshiba,"Bipolar Transistors > Transistors with Bias Resistors (BRT, Digital Transistors)",,,,,https://toshiba.semicon-storage.com/info/docget.jsp?did=19037&prodName=RN4910FE,https://toshiba.semicon-storage.com/info/lookup.jsp?pid=RN4910FE&region=apc&lang=en,2026-09-27
RN4911,toshiba_parametric,toshiba,"Bipolar Transistors > Transistors with Bias Resistors (BRT, Digital Transistors)",,,,,https://toshiba.semicon-storage.com/info/docget.jsp?did=18970&prodName=RN4911,https://toshiba.semicon-storage.com/info/lookup.jsp?pid=RN4911&region=apc&lang=en,2026-09-27
RN4911FE,toshiba_parametric,toshiba,"Bipolar Transistors > Transistors with Bias Resistors (BRT, Digital Transistors)",,,,,https://toshiba.semicon-storage.com/info/docget.jsp?did=19039&prodName=RN4911FE,https://toshiba.semicon-storage.com/info/lookup.jsp?pid=RN4911FE&region=apc&lang=en,2026-09-27
RN4981,toshiba_parametric,toshiba,"Bipolar Transistors > Transistors with Bias Resistors (BRT, Digital Transistors)",,,,,https://toshiba.semicon-storage.com/info/docget.jsp?did=18972&prodName=RN4981,https://toshiba.semicon-storage.com/info/lookup.jsp?pid=RN4981&region=apc&lang=en,2026-09-27
RN4981FE,toshiba_parametric,toshiba,"Bipolar Transistors > Transistors with Bias Resistors (BRT, Digital Transistors)",,,,,https://toshiba.semicon-storage.com/info/docget.jsp?did=19041&prodName=RN4981FE,https://toshiba.semicon-storage.com/info/lookup.jsp?pid=RN4981FE&region=apc&lang=en,2026-09-27
RN4982,toshiba_parametric,toshiba,"Bipolar Transistors > Transistors with Bias Resistors (BRT, Digital Transistors)",,,,,https://toshiba.semicon-storage.com/info/docget.jsp?did=18974&prodName=RN4982,https://toshiba.semicon-storage.com/info/lookup.jsp?pid=RN4982&region=apc&lang=en,2026-09-27
RN4982FE,toshiba_parametric,toshiba,"Bipolar Transistors > Transistors with Bias Resistors (BRT, Digital Transistors)",,,,,https://toshiba.semicon-storage.com/info/docget.jsp?did=19043&prodName=RN4982FE,https://toshiba.semicon-storage.com/info/lookup.jsp?pid=RN4982FE&region=apc&lang=en,2026-09-27
RN4983,toshiba_parametric,toshiba,"Bipolar Transistors > Transistors with Bias Resistors (BRT, Digital Transistors)",,,,,https://toshiba.semicon-storage.com/info/docget.jsp?did=18976&prodName=RN4983,https://toshiba.semicon-storage.com/info/lookup.jsp?pid=RN4983&region=apc&lang=en,2026-09-27
RN4983FE,toshiba_parametric,toshiba,"Bipolar Transistors > Transistors with Bias Resistors (BRT, Digital Transistors)",,,,,https://toshiba.semicon-storage.com/info/docget.jsp?did=19045&prodName=RN4983FE,https://toshiba.semicon-storage.com/info/lookup.jsp?pid=RN4983FE&region=apc&lang=en,2026-09-27
RN4984,toshiba_parametric,toshiba,"Bipolar Transistors > Transistors with Bias Resistors (BRT, Digital Transistors)",,,,,https://toshiba.semicon-storage.com/info/docget.jsp?did=18978&prodName=RN4984,https://toshiba.semicon-storage.com/info/lookup.jsp?pid=RN4984&region=apc&lang=en,2026-09-27
RN4984FE,toshiba_parametric,toshiba,"Bipolar Transistors > Transistors with Bias Resistors (BRT, Digital Transistors)",,,,,https://toshiba.semicon-storage.com/info/docget.jsp?did=19048&prodName=RN4984FE,https://toshiba.semicon-storage.com/info/lookup.jsp?pid=RN4984FE&region=apc&lang=en,2026-09-27
RN4985,toshiba_parametric,toshiba,"Bipolar Transistors > Transistors with Bias Resistors (BRT, Digital Transistors)",,,,,https://toshiba.semicon-storage.com/info/docget.jsp?did=18981&prodName=RN4985,https://toshiba.semicon-storage.com/info/lookup.jsp?pid=RN4985&region=apc&lang=en,2026-09-27
RN4985FE,toshiba_parametric,toshiba,"Bipolar Transistors > Transistors with Bias Resistors (BRT, Digital Transistors)",,,,,https://toshiba.semicon-storage.com/info/docget.jsp?did=19050&prodName=RN4985FE,https://toshiba.semicon-storage.com/info/lookup.jsp?pid=RN4985FE&region=apc&lang=en,2026-09-27
RN4986,toshiba_parametric,toshiba,"Bipolar Transistors > Transistors with Bias Resistors (BRT, Digital Transistors)",,,,,https://toshiba.semicon-storage.com/info/docget.jsp?did=18983&prodName=RN4986,https://toshiba.semicon-storage.com/info/lookup.jsp?pid=RN4986&region=apc&lang=en,2026-09-27
RN4986FE,toshiba_parametric,toshiba,"Bipolar Transistors > Transistors with Bias Resistors (BRT, Digital Transistors)",,,,,https://toshiba.semicon-storage.com/info/docget.jsp?did=19052&prodName=RN4986FE,https://toshiba.semicon-storage.com/info/lookup.jsp?pid=RN4986FE&region=apc&lang=en,2026-09-27
RN4987,toshiba_parametric,toshiba,"Bipolar Transistors > Transistors with Bias Resistors (BRT, Digital Transistors)",,,,,https://toshiba.semicon-storage.com/info/docget.jsp?did=18985&prodName=RN4987,https://toshiba.semicon-storage.com/info/lookup.jsp?pid=RN4987&region=apc&lang=en,2026-09-27
RN4987FE,toshiba_parametric,toshiba,"Bipolar Transistors > Transistors with Bias Resistors (BRT, Digital Transistors)",,,,,https://toshiba.semicon-storage.com/info/docget.jsp?did=19054&prodName=RN4987FE,https://toshiba.semicon-storage.com/info/lookup.jsp?pid=RN4987FE&region=apc&lang=en,2026-09-27
RN4988,toshiba_parametric,toshiba,"Bipolar Transistors > Transistors with Bias Resistors (BRT, Digital Transistors)",,,,,https://toshiba.semicon-storage.com/info/docget.jsp?did=18987&prodName=RN4988,https://toshiba.semicon-storage.com/info/lookup.jsp?pid=RN4988&region=apc&lang=en,2026-09-27
RN4988FE,toshiba_parametric,toshiba,"Bipolar Transistors > Transistors with Bias Resistors (BRT, Digital Transistors)",,,,,https://toshiba.semicon-storage.com/info/docget.jsp?did=19056&prodName=RN4988FE,https://toshiba.semicon-storage.com/info/lookup.jsp?pid=RN4988FE&region=apc&lang=en,2026-09-27
RN4989,toshiba_parametric,toshiba,"Bipolar Transistors > Transistors with Bias Resistors (BRT, Digital Transistors)",,,,,https://toshiba.semicon-storage.com/info/docget.jsp?did=18989&prodName=RN4989,https://toshiba.semicon-storage.com/info/lookup.jsp?pid=RN4989&region=apc&lang=en,2026-09-27
RN4989FE,toshiba_parametric,toshiba,"Bipolar Transistors > Transistors with Bias Resistors (BRT, Digital Transistors)",,,,,https://toshiba.semicon-storage.com/info/docget.jsp?did=19059&prodName=RN4989FE,https://toshiba.semicon-storage.com/info/lookup.jsp?pid=RN4989FE&region=apc&lang=en,2026-09-27
RN4990,toshiba_parametric,toshiba,"Bipolar Transistors > Transistors with Bias Resistors (BRT, Digital Transistors)",,,,,https://toshiba.semicon-storage.com/info/docget.jsp?did=18992&prodName=RN4990,https://toshiba.semicon-storage.com/info/lookup.jsp?pid=RN4990&region=apc&lang=en,2026-09-27
RN4990FE,toshiba_parametric,toshiba,"Bipolar Transistors > Transistors with Bias Resistors (BRT, Digital Transistors)",,,,,https://toshiba.semicon-storage.com/info/docget.jsp?did=19061&prodName=RN4990FE,https://toshiba.semicon-storage.com/info/lookup.jsp?pid=RN4990FE&region=apc&lang=en,2026-09-27
RN4991FE,toshiba_parametric,toshiba,"Bipolar Transistors > Transistors with Bias Resistors (BRT, Digital Transistors)",,,,,https://toshiba.semicon-storage.com/info/docget.jsp?did=19063&prodName=RN4991FE,https://toshiba.semicon-storage.com/info/lookup.jsp?pid=RN4991FE&region=apc&lang=en,2026-09-27
RN49A2,toshiba_parametric,toshiba,"Bipolar Transistors > Transistors with Bias Resistors (BRT, Digital Transistors)",,,,,https://toshiba.semicon-storage.com/info/docget.jsp?did=19067&prodName=RN49A2,https://toshiba.semicon-storage.com/info/lookup.jsp?pid=RN49A2&region=apc&lang=en,2026-09-27
SSM3J332R,toshiba_parametric,toshiba,MOSFETs > MOSFETs,,,,,https://toshiba.semicon-storage.com/info/docget.jsp?did=2620&prodName=SSM3J332R,https://toshiba.semicon-storage.com/info/lookup.jsp?pid=SSM3J332R&region=apc&lang=en,2026-09-27
SSM3J338R,toshiba_parametric,toshiba,MOSFETs > MOSFETs,,,,,https://toshiba.semicon-storage.com/info/docget.jsp?did=30384&prodName=SSM3J338R,https://toshiba.semicon-storage.com/info/lookup.jsp?pid=SSM3J338R&region=apc&lang=en,2026-09-27
SSM3J356R,toshiba_parametric,toshiba,MOSFETs > MOSFETs,,,,,https://toshiba.semicon-storage.com/info/docget.jsp?did=30685&prodName=SSM3J356R,https://toshiba.semicon-storage.com/info/lookup.jsp?pid=SSM3J356R&region=apc&lang=en,2026-09-27
SSM3K341R,toshiba_parametric,toshiba,MOSFETs > MOSFETs,,,,,https://toshiba.semicon-storage.com/info/docget.jsp?did=35714&prodName=SSM3K341R,https://toshiba.semicon-storage.com/info/lookup.jsp?pid=SSM3K341R&region=apc&lang=en,2026-09-27
SSM3K345R,toshiba_parametric,toshiba,MOSFETs > MOSFETs,,,,,https://toshiba.semicon-storage.com/info/docget.jsp?did=55842&prodName=SSM3K345R,https://toshiba.semicon-storage.com/info/lookup.jsp?pid=SSM3K345R&region=apc&lang=en,2026-09-27
SSM3K357R,toshiba_parametric,toshiba,MOSFETs > MOSFETs,,,,,https://toshiba.semicon-storage.com/info/docget.jsp?did=59207&prodName=SSM3K357R,https://toshiba.semicon-storage.com/info/lookup.jsp?pid=SSM3K357R&region=apc&lang=en,2026-09-27
SSM3K72CFS,toshiba_parametric,toshiba,MOSFETs > MOSFETs,,,,,https://toshiba.semicon-storage.com/info/docget.jsp?did=35826&prodName=SSM3K72CFS,https://toshiba.semicon-storage.com/info/lookup.jsp?pid=SSM3K72CFS&region=apc&lang=en,2026-09-27
SSM3K72KCT,toshiba_parametric,toshiba,MOSFETs > MOSFETs,,,,,https://toshiba.semicon-storage.com/info/docget.jsp?did=35719&prodName=SSM3K72KCT,https://toshiba.semicon-storage.com/info/lookup.jsp?pid=SSM3K72KCT&region=apc&lang=en,2026-09-27
SSM6J212FE,toshiba_parametric,toshiba,MOSFETs > MOSFETs,,,,,https://toshiba.semicon-storage.com/info/docget.jsp?did=1906&prodName=SSM6J212FE,https://toshiba.semicon-storage.com/info/lookup.jsp?pid=SSM6J212FE&region=apc&lang=en,2026-09-27
SSM6J213FE,toshiba_parametric,toshiba,MOSFETs > MOSFETs,,,,,https://toshiba.semicon-storage.com/info/docget.jsp?did=6624&prodName=SSM6J213FE,https://toshiba.semicon-storage.com/info/lookup.jsp?pid=SSM6J213FE&region=apc&lang=en,2026-09-27
SSM6J214FE,toshiba_parametric,toshiba,MOSFETs > MOSFETs,,,,,https://toshiba.semicon-storage.com/info/docget.jsp?did=7118&prodName=SSM6J214FE,https://toshiba.semicon-storage.com/info/lookup.jsp?pid=SSM6J214FE&region=apc&lang=en,2026-09-27
SSM6J215FE,toshiba_parametric,toshiba,MOSFETs > MOSFETs,,,,,https://toshiba.semicon-storage.com/info/docget.jsp?did=13425&prodName=SSM6J215FE,https://toshiba.semicon-storage.com/info/lookup.jsp?pid=SSM6J215FE&region=apc&lang=en,2026-09-27
SSM6J216FE,toshiba_parametric,toshiba,MOSFETs > MOSFETs,,,,,https://toshiba.semicon-storage.com/info/docget.jsp?did=13806&prodName=SSM6J216FE,https://toshiba.semicon-storage.com/info/lookup.jsp?pid=SSM6J216FE&region=apc&lang=en,2026-09-27
SSM6J402TU,toshiba_parametric,toshiba,MOSFETs > MOSFETs,,,,,https://toshiba.semicon-storage.com/info/docget.jsp?did=10877&prodName=SSM6J402TU,https://toshiba.semicon-storage.com/info/lookup.jsp?pid=SSM6J402TU&region=apc&lang=en,2026-09-27
SSM6J410TU,toshiba_parametric,toshiba,,Not Recommended for New Design,,,,https://toshiba.semicon-storage.com/info/docget.jsp?did=2363&prodName=SSM6J410TU,https://toshiba.semicon-storage.com/info/lookup.jsp?pid=SSM6J410TU&region=apc&lang=en,2026-09-27
SSM6J412TU,toshiba_parametric,toshiba,MOSFETs > MOSFETs,,,,,https://toshiba.semicon-storage.com/info/docget.jsp?did=2403&prodName=SSM6J412TU,https://toshiba.semicon-storage.com/info/lookup.jsp?pid=SSM6J412TU&region=apc&lang=en,2026-09-27
SSM6J414TU,toshiba_parametric,toshiba,MOSFETs > MOSFETs,,,,,https://toshiba.semicon-storage.com/info/docget.jsp?did=13022&prodName=SSM6J414TU,https://toshiba.semicon-storage.com/info/lookup.jsp?pid=SSM6J414TU&region=apc&lang=en,2026-09-27
SSM6J422TU,toshiba_parametric,toshiba,MOSFETs > MOSFETs,,,,,https://toshiba.semicon-storage.com/info/docget.jsp?did=61137&prodName=SSM6J422TU,https://toshiba.semicon-storage.com/info/lookup.jsp?pid=SSM6J422TU&region=apc&lang=en,2026-09-27
SSM6J424TU,toshiba_parametric,toshiba,MOSFETs > MOSFETs,,,,,https://toshiba.semicon-storage.com/info/docget.jsp?did=61138&prodName=SSM6J424TU,https://toshiba.semicon-storage.com/info/lookup.jsp?pid=SSM6J424TU&region=apc&lang=en,2026-09-27
SSM6J501NU,toshiba_parametric,toshiba,MOSFETs > MOSFETs,,,,,https://toshiba.semicon-storage.com/info/docget.jsp?did=6841&prodName=SSM6J501NU,https://toshiba.semicon-storage.com/info/lookup.jsp?pid=SSM6J501NU&region=apc&lang=en,2026-09-27
SSM6J502NU,toshiba_parametric,toshiba,MOSFETs > MOSFETs,,,,,https://toshiba.semicon-storage.com/info/docget.jsp?did=6822&prodName=SSM6J502NU,https://toshiba.semicon-storage.com/info/lookup.jsp?pid=SSM6J502NU&region=apc&lang=en,2026-09-27
SSM6J503NU,toshiba_parametric,toshiba,MOSFETs > MOSFETs,,,,,https://toshiba.semicon-storage.com/info/docget.jsp?did=6824&prodName=SSM6J503NU,https://toshiba.semicon-storage.com/info/lookup.jsp?pid=SSM6J503NU&region=apc&lang=en,2026-09-27
SSM6J505NU,toshiba_parametric,toshiba,MOSFETs > MOSFETs,,,,,https://toshiba.semicon-storage.com/info/docget.jsp?did=13456&prodName=SSM6J505NU,https://toshiba.semicon-storage.com/info/lookup.jsp?pid=SSM6J505NU&region=apc&lang=en,2026-09-27
SSM6J507NU,toshiba_parametric,toshiba,MOSFETs > MOSFETs,,,,,https://toshiba.semicon-storage.com/info/docget.jsp?did=30372&prodName=SSM6J507NU,https://toshiba.semicon-storage.com/info/lookup.jsp?pid=SSM6J507NU&region=apc&lang=en,2026-09-27
SSM6J50TU,toshiba_parametric,toshiba,,EOL announced,,,,https://toshiba.semicon-storage.com/info/docget.jsp?did=21131&prodName=SSM6J50TU,https://toshiba.semicon-storage.com/info/lookup.jsp?pid=SSM6J50TU&region=apc&lang=en,2026-09-27
SSM6J511NU,toshiba_parametric,toshiba,MOSFETs > MOSFETs,,,,,https://toshiba.semicon-storage.com/info/docget.jsp?did=30767&prodName=SSM6J511NU,https://toshiba.semicon-storage.com/info/lookup.jsp?pid=SSM6J511NU&region=apc&lang=en,2026-09-27
SSM6J512NU,toshiba_parametric,toshiba,MOSFETs > MOSFETs,,,,,https://toshiba.semicon-storage.com/info/docget.jsp?did=30386&prodName=SSM6J512NU,https://toshiba.semicon-storage.com/info/lookup.jsp?pid=SSM6J512NU&region=apc&lang=en,2026-09-27
SSM6J771G,toshiba_parametric,toshiba,MOSFETs > MOSFETs,,,,,https://toshiba.semicon-storage.com/info/docget.jsp?did=14222&prodName=SSM6J771G,https://toshiba.semicon-storage.com/info/lookup.jsp?pid=SSM6J771G&region=apc&lang=en,2026-09-27
SSM6J801R,toshiba_parametric,toshiba,MOSFETs > MOSFETs,,,,,https://toshiba.semicon-storage.com/info/docget.jsp?did=55608&prodName=SSM6J801R,https://toshiba.semicon-storage.com/info/lookup.jsp?pid=SSM6J801R&region=apc&lang=en,2026-09-27
SSM6J808R,toshiba_parametric,toshiba,MOSFETs > MOSFETs,,,,,https://toshiba.semicon-storage.com/info/docget.jsp?did=67689&prodName=SSM6J808R,https://toshiba.semicon-storage.com/info/lookup.jsp?pid=SSM6J808R&region=apc&lang=en,2026-09-27
SSM6K202FE,toshiba_parametric,toshiba,,EOL announced,,,,https://toshiba.semicon-storage.com/info/docget.jsp?did=7258&prodName=SSM6K202FE,https://toshiba.semicon-storage.com/info/lookup.jsp?pid=SSM6K202FE&region=apc&lang=en,2026-09-27
SSM6K204FE,toshiba_parametric,toshiba,,EOL announced,,,,https://toshiba.semicon-storage.com/info/docget.jsp?did=10020&prodName=SSM6K204FE,https://toshiba.semicon-storage.com/info/lookup.jsp?pid=SSM6K204FE&region=apc&lang=en,2026-09-27
SSM6K211FE,toshiba_parametric,toshiba,,EOL announced,,,,https://toshiba.semicon-storage.com/info/docget.jsp?did=12358&prodName=SSM6K211FE,https://toshiba.semicon-storage.com/info/lookup.jsp?pid=SSM6K211FE&region=apc&lang=en,2026-09-27
SSM6K217FE,toshiba_parametric,toshiba,MOSFETs > MOSFETs,,,,,https://toshiba.semicon-storage.com/info/docget.jsp?did=15010&prodName=SSM6K217FE,https://toshiba.semicon-storage.com/info/lookup.jsp?pid=SSM6K217FE&region=apc&lang=en,2026-09-27
SSM6K24FE,toshiba_parametric,toshiba,,EOL announced,,,,https://toshiba.semicon-storage.com/info/docget.jsp?did=21139&prodName=SSM6K24FE,https://toshiba.semicon-storage.com/info/lookup.jsp?pid=SSM6K24FE&region=apc&lang=en,2026-09-27
SSM6K341NU,toshiba_parametric,toshiba,MOSFETs > MOSFETs,,,,,https://toshiba.semicon-storage.com/info/docget.jsp?did=56020&prodName=SSM6K341NU,https://toshiba.semicon-storage.com/info/lookup.jsp?pid=SSM6K341NU&region=apc&lang=en,2026-09-27
SSM6K361NU,toshiba_parametric,toshiba,MOSFETs > MOSFETs,,,,,https://toshiba.semicon-storage.com/info/docget.jsp?did=56023&prodName=SSM6K361NU,https://toshiba.semicon-storage.com/info/lookup.jsp?pid=SSM6K361NU&region=apc&lang=en,2026-09-27
SSM6K403TU,toshiba_parametric,toshiba,,Not Recommended for New Design,,,,https://toshiba.semicon-storage.com/info/docget.jsp?did=10947&prodName=SSM6K403TU,https://toshiba.semicon-storage.com/info/lookup.jsp?pid=SSM6K403TU&region=apc&lang=en,2026-09-27
SSM6K504NU,toshiba_parametric,toshiba,MOSFETs > MOSFETs,,,,,https://toshiba.semicon-storage.com/info/docget.jsp?did=13720&prodName=SSM6K504NU,https://toshiba.semicon-storage.com/info/lookup.jsp?pid=SSM6K504NU&region=apc&lang=en,2026-09-27
SSM6K513NU,toshiba_parametric,toshiba,MOSFETs > MOSFETs,,,,,https://toshiba.semicon-storage.com/info/docget.jsp?did=53148&prodName=SSM6K513NU,https://toshiba.semicon-storage.com/info/lookup.jsp?pid=SSM6K513NU&region=apc&lang=en,2026-09-27
SSM6K514NU,toshiba_parametric,toshiba,MOSFETs > MOSFETs,,,,,https://toshiba.semicon-storage.com/info/docget.jsp?did=53150&prodName=SSM6K514NU,https://toshiba.semicon-storage.com/info/lookup.jsp?pid=SSM6K514NU&region=apc&lang=en,2026-09-27
SSM6K781G,toshiba_parametric,toshiba,MOSFETs > MOSFETs,,,,,https://toshiba.semicon-storage.com/info/docget.jsp?did=14759&prodName=SSM6K781G,https://toshiba.semicon-storage.com/info/lookup.jsp?pid=SSM6K781G&region=apc&lang=en,2026-09-27
SSM6N35AFE,toshiba_parametric,toshiba,MOSFETs > MOSFETs,,,,,https://toshiba.semicon-storage.com/info/docget.jsp?did=55422&prodName=SSM6N35AFE,https://toshiba.semicon-storage.com/info/lookup.jsp?pid=SSM6N35AFE&region=apc&lang=en,2026-09-27
SSM6N44FE,toshiba_parametric,toshiba,MOSFETs > MOSFETs,,,,,https://toshiba.semicon-storage.com/info/docget.jsp?did=366&prodName=SSM6N44FE,https://toshiba.semicon-storage.com/info/lookup.jsp?pid=SSM6N44FE&region=apc&lang=en,2026-09-27
T2N7002AK,toshiba_parametric,toshiba,MOSFETs > MOSFETs,,,,,https://toshiba.semicon-storage.com/info/docget.jsp?did=29712&prodName=T2N7002AK,https://toshiba.semicon-storage.com/info/lookup.jsp?pid=T2N7002AK&region=apc&lang=en,2026-09-27
T2N7002BK,toshiba_parametric,toshiba,MOSFETs > MOSFETs,,,,,https://toshiba.semicon-storage.com/info/docget.jsp?did=30376&prodName=T2N7002BK,https://toshiba.semicon-storage.com/info/lookup.jsp?pid=T2N7002BK&region=apc&lang=en,2026-09-27
TA76431F,toshiba_parametric,toshiba,,EOL announced,,,,,https://toshiba.semicon-storage.com/info/lookup.jsp?pid=TA76431F&region=apc&lang=en,2026-09-27
TB6612FNG,toshiba_parametric,toshiba,Motor Driver ICs > Brushed DC Motor Driver ICs,,,,,https://toshiba.semicon-storage.com/info/docget.jsp?did=10660&prodName=TB6612FNG,https://toshiba.semicon-storage.com/info/lookup.jsp?pid=TB6612FNG&region=apc&lang=en,2026-09-27
TB67H451FNG,toshiba_parametric,toshiba,,Not Recommended for New Design,,,,https://toshiba.semicon-storage.com/info/docget.jsp?did=68598&prodName=TB67H451FNG,https://toshiba.semicon-storage.com/info/lookup.jsp?pid=TB67H451FNG&region=apc&lang=en,2026-09-27
TBAV99,toshiba_parametric,toshiba,Diodes > Switching Diodes,,,,,,https://toshiba.semicon-storage.com/info/lookup.jsp?pid=TBAV99&region=apc&lang=en,2026-09-27
TBC847,toshiba_parametric,toshiba,Bipolar Transistors > Bipolar Transistors,,,,,https://toshiba.semicon-storage.com/info/docget.jsp?did=53738&prodName=TBC847,https://toshiba.semicon-storage.com/info/lookup.jsp?pid=TBC847&region=apc&lang=en,2026-09-27
TBC857,toshiba_parametric,toshiba,Bipolar Transistors > Bipolar Transistors,,,,,https://toshiba.semicon-storage.com/info/docget.jsp?did=53599&prodName=TBC857,https://toshiba.semicon-storage.com/info/lookup.jsp?pid=TBC857&region=apc&lang=en,2026-09-27
TC4066BP,toshiba_parametric,toshiba,Logic ICs > CMOS Logic ICs,,,,,https://toshiba.semicon-storage.com/info/docget.jsp?did=18812&prodName=TC4066BP,https://toshiba.semicon-storage.com/info/lookup.jsp?pid=TC4066BP&region=apc&lang=en,2026-09-27
TC74HC4066AF,toshiba_parametric,toshiba,Logic ICs > CMOS Logic ICs,,,,,https://toshiba.semicon-storage.com/info/docget.jsp?did=16175&prodName=TC74HC4066AF,https://toshiba.semicon-storage.com/info/lookup.jsp?pid=TC74HC4066AF&region=apc&lang=en,2026-09-27
TC74HC4066AP,toshiba_parametric,toshiba,Logic ICs > CMOS Logic ICs,,,,,https://toshiba.semicon-storage.com/info/docget.jsp?did=16175&prodName=TC74HC4066AP,https://toshiba.semicon-storage.com/info/lookup.jsp?pid=TC74HC4066AP&region=apc&lang=en,2026-09-27
TC78H670FTG,toshiba_parametric,toshiba,Motor Driver ICs > Stepping Motor Driver ICs,,,,,https://toshiba.semicon-storage.com/info/docget.jsp?did=68606&prodName=TC78H670FTG,https://toshiba.semicon-storage.com/info/lookup.jsp?pid=TC78H670FTG&region=apc&lang=en,2026-09-27
TC7S14F,toshiba_parametric,toshiba,Logic ICs > One-Gate Logic ICs (L-MOS),,,,,https://toshiba.semicon-storage.com/info/docget.jsp?did=20193&prodName=TC7S14F,https://toshiba.semicon-storage.com/info/lookup.jsp?pid=TC7S14F&region=apc&lang=en,2026-09-27
TC7SZ125FU,toshiba_parametric,toshiba,Logic ICs > One-Gate Logic ICs (L-MOS),,,,,https://toshiba.semicon-storage.com/info/docget.jsp?did=30213&prodName=TC7SZ125FU,https://toshiba.semicon-storage.com/info/lookup.jsp?pid=TC7SZ125FU&region=apc&lang=en,2026-09-27
TC7USB40MU,toshiba_parametric,toshiba,Logic ICs > Bus Switches,,,,,https://toshiba.semicon-storage.com/info/docget.jsp?did=13632&prodName=TC7USB40MU,https://toshiba.semicon-storage.com/info/lookup.jsp?pid=TC7USB40MU&region=apc&lang=en,2026-09-27
TCK421G,toshiba_parametric,toshiba,Power Management ICs > Load Switch ICs,,,,,https://toshiba.semicon-storage.com/info/docget.jsp?did=141984&prodName=TCK421G,https://toshiba.semicon-storage.com/info/lookup.jsp?pid=TCK421G&region=apc&lang=en,2026-09-27
TCK424G,toshiba_parametric,toshiba,Power Management ICs > Load Switch ICs,,,,,https://toshiba.semicon-storage.com/info/docget.jsp?did=141984&prodName=TCK424G,https://toshiba.semicon-storage.com/info/lookup.jsp?pid=TCK424G&region=apc&lang=en,2026-09-27
TCR2EF33,toshiba_parametric,toshiba,Power Management ICs > LDO Regulators,,,,,https://toshiba.semicon-storage.com/info/docget.jsp?did=13794&prodName=TCR2EF33,https://toshiba.semicon-storage.com/info/lookup.jsp?pid=TCR2EF33&region=apc&lang=en,2026-09-27
TCR3DF33,toshiba_parametric,toshiba,Power Management ICs > LDO Regulators,,,,,https://toshiba.semicon-storage.com/info/docget.jsp?did=151641&prodName=TCR3DF33,https://toshiba.semicon-storage.com/info/lookup.jsp?pid=TCR3DF33&region=apc&lang=en,2026-09-27
TDTA114E,toshiba_parametric,toshiba,"Bipolar Transistors > Transistors with Bias Resistors (BRT, Digital Transistors)",,,,,https://toshiba.semicon-storage.com/info/docget.jsp?did=36696&prodName=TDTA114E,https://toshiba.semicon-storage.com/info/lookup.jsp?pid=TDTA114E&region=apc&lang=en,2026-09-27
TDTA114Y,toshiba_parametric,toshiba,"Bipolar Transistors > Transistors with Bias Resistors (BRT, Digital Transistors)",,,,,https://toshiba.semicon-storage.com/info/docget.jsp?did=36687&prodName=TDTA114Y,https://toshiba.semicon-storage.com/info/lookup.jsp?pid=TDTA114Y&region=apc&lang=en,2026-09-27
TDTA123J,toshiba_parametric,toshiba,"Bipolar Transistors > Transistors with Bias Resistors (BRT, Digital Transistors)",,,,,https://toshiba.semicon-storage.com/info/docget.jsp?did=36689&prodName=TDTA123J,https://toshiba.semicon-storage.com/info/lookup.jsp?pid=TDTA123J&region=apc&lang=en,2026-09-27
TDTA124E,toshiba_parametric,toshiba,"Bipolar Transistors > Transistors with Bias Resistors (BRT, Digital Transistors)",,,,,https://toshiba.semicon-storage.com/info/docget.jsp?did=36697&prodName=TDTA124E,https://toshiba.semicon-storage.com/info/lookup.jsp?pid=TDTA124E&region=apc&lang=en,2026-09-27
TDTA143E,toshiba_parametric,toshiba,"Bipolar Transistors > Transistors with Bias Resistors (BRT, Digital Transistors)",,,,,https://toshiba.semicon-storage.com/info/docget.jsp?did=36366&prodName=TDTA143E,https://toshiba.semicon-storage.com/info/lookup.jsp?pid=TDTA143E&region=apc&lang=en,2026-09-27
TDTA143Z,toshiba_parametric,toshiba,"Bipolar Transistors > Transistors with Bias Resistors (BRT, Digital Transistors)",,,,,https://toshiba.semicon-storage.com/info/docget.jsp?did=36368&prodName=TDTA143Z,https://toshiba.semicon-storage.com/info/lookup.jsp?pid=TDTA143Z&region=apc&lang=en,2026-09-27
TDTA144E,toshiba_parametric,toshiba,"Bipolar Transistors > Transistors with Bias Resistors (BRT, Digital Transistors)",,,,,https://toshiba.semicon-storage.com/info/docget.jsp?did=36370&prodName=TDTA144E,https://toshiba.semicon-storage.com/info/lookup.jsp?pid=TDTA144E&region=apc&lang=en,2026-09-27
TDTC114E,toshiba_parametric,toshiba,"Bipolar Transistors > Transistors with Bias Resistors (BRT, Digital Transistors)",,,,,https://toshiba.semicon-storage.com/info/docget.jsp?did=36700&prodName=TDTC114E,https://toshiba.semicon-storage.com/info/lookup.jsp?pid=TDTC114E&region=apc&lang=en,2026-09-27
TDTC114Y,toshiba_parametric,toshiba,"Bipolar Transistors > Transistors with Bias Resistors (BRT, Digital Transistors)",,,,,https://toshiba.semicon-storage.com/info/docget.jsp?did=36702&prodName=TDTC114Y,https://toshiba.semicon-storage.com/info/lookup.jsp?pid=TDTC114Y&region=apc&lang=en,2026-09-27
TDTC123J,toshiba_parametric,toshiba,"Bipolar Transistors > Transistors with Bias Resistors (BRT, Digital Transistors)",,,,,https://toshiba.semicon-storage.com/info/docget.jsp?did=36704&prodName=TDTC123J,https://toshiba.semicon-storage.com/info/lookup.jsp?pid=TDTC123J&region=apc&lang=en,2026-09-27
TDTC124E,toshiba_parametric,toshiba,"Bipolar Transistors > Transistors with Bias Resistors (BRT, Digital Transistors)",,,,,https://toshiba.semicon-storage.com/info/docget.jsp?did=36706&prodName=TDTC124E,https://toshiba.semicon-storage.com/info/lookup.jsp?pid=TDTC124E&region=apc&lang=en,2026-09-27
TDTC143E,toshiba_parametric,toshiba,"Bipolar Transistors > Transistors with Bias Resistors (BRT, Digital Transistors)",,,,,https://toshiba.semicon-storage.com/info/docget.jsp?did=36371&prodName=TDTC143E,https://toshiba.semicon-storage.com/info/lookup.jsp?pid=TDTC143E&region=apc&lang=en,2026-09-27
TDTC143Z,toshiba_parametric,toshiba,"Bipolar Transistors > Transistors with Bias Resistors (BRT, Digital Transistors)",,,,,https://toshiba.semicon-storage.com/info/docget.jsp?did=36374&prodName=TDTC143Z,https://toshiba.semicon-storage.com/info/lookup.jsp?pid=TDTC143Z&region=apc&lang=en,2026-09-27
TDTC144E,toshiba_parametric,toshiba,"Bipolar Transistors > Transistors with Bias Resistors (BRT, Digital Transistors)",,,,,https://toshiba.semicon-storage.com/info/docget.jsp?did=36376&prodName=TDTC144E,https://toshiba.semicon-storage.com/info/lookup.jsp?pid=TDTC144E&region=apc&lang=en,2026-09-27
TJ60S04M3L,toshiba_parametric,toshiba,MOSFETs > MOSFETs,,,,,https://toshiba.semicon-storage.com/info/docget.jsp?did=11301&prodName=TJ60S04M3L,https://toshiba.semicon-storage.com/info/lookup.jsp?pid=TJ60S04M3L&region=apc&lang=en,2026-09-27
TK12V60W,toshiba_parametric,toshiba,MOSFETs > MOSFETs,,,,,https://toshiba.semicon-storage.com/info/docget.jsp?did=14171&prodName=TK12V60W,https://toshiba.semicon-storage.com/info/lookup.jsp?pid=TK12V60W&region=apc&lang=en,2026-09-27
TK14V65W,toshiba_parametric,toshiba,MOSFETs > MOSFETs,,,,,https://toshiba.semicon-storage.com/info/docget.jsp?did=30287&prodName=TK14V65W,https://toshiba.semicon-storage.com/info/lookup.jsp?pid=TK14V65W&region=apc&lang=en,2026-09-27
TK20N60W5,toshiba_parametric,toshiba,MOSFETs > MOSFETs,,,,,https://toshiba.semicon-storage.com/info/docget.jsp?did=14961&prodName=TK20N60W5,https://toshiba.semicon-storage.com/info/lookup.jsp?pid=TK20N60W5&region=apc&lang=en,2026-09-27
TK20V60W5,toshiba_parametric,toshiba,MOSFETs > MOSFETs,,,,,https://toshiba.semicon-storage.com/info/docget.jsp?did=28825&prodName=TK20V60W5,https://toshiba.semicon-storage.com/info/lookup.jsp?pid=TK20V60W5&region=apc&lang=en,2026-09-27
TK22V65X5,toshiba_parametric,toshiba,MOSFETs > MOSFETs,,,,,https://toshiba.semicon-storage.com/info/docget.jsp?did=54459&prodName=TK22V65X5,https://toshiba.semicon-storage.com/info/lookup.jsp?pid=TK22V65X5&region=apc&lang=en,2026-09-27
TK31V60W5,toshiba_parametric,toshiba,MOSFETs > MOSFETs,,,,,https://toshiba.semicon-storage.com/info/docget.jsp?did=28827&prodName=TK31V60W5,https://toshiba.semicon-storage.com/info/lookup.jsp?pid=TK31V60W5&region=apc&lang=en,2026-09-27
TK5A90E,toshiba_parametric,toshiba,,Not Recommended for New Design,,,,https://toshiba.semicon-storage.com/info/docget.jsp?did=30683&prodName=TK5A90E,https://toshiba.semicon-storage.com/info/lookup.jsp?pid=TK5A90E&region=apc&lang=en,2026-09-27
TK62Z60X,toshiba_parametric,toshiba,MOSFETs > MOSFETs,,,,,https://toshiba.semicon-storage.com/info/docget.jsp?did=30416&prodName=TK62Z60X,https://toshiba.semicon-storage.com/info/lookup.jsp?pid=TK62Z60X&region=apc&lang=en,2026-09-27
TK7A90E,toshiba_parametric,toshiba,,Not Recommended for New Design,,,,https://toshiba.semicon-storage.com/info/docget.jsp?did=14675&prodName=TK7A90E,https://toshiba.semicon-storage.com/info/lookup.jsp?pid=TK7A90E&region=apc&lang=en,2026-09-27
TK9A90E,toshiba_parametric,toshiba,,Not Recommended for New Design,,,,https://toshiba.semicon-storage.com/info/docget.jsp?did=14236&prodName=TK9A90E,https://toshiba.semicon-storage.com/info/lookup.jsp?pid=TK9A90E&region=apc&lang=en,2026-09-27
TLP170AM,toshiba_parametric,toshiba,Isolators/Solid State Relays > Photorelays (MOSFET Output),,,,,https://toshiba.semicon-storage.com/info/docget.jsp?did=69016&prodName=TLP170AM,https://toshiba.semicon-storage.com/info/lookup.jsp?pid=TLP170AM&region=apc&lang=en,2026-09-27
TLP170D,toshiba_parametric,toshiba,Isolators/Solid State Relays > Photorelays (MOSFET Output),,,,,https://toshiba.semicon-storage.com/info/docget.jsp?did=308&prodName=TLP170D,https://toshiba.semicon-storage.com/info/lookup.jsp?pid=TLP170D&region=apc&lang=en,2026-09-27
TLP170GM,toshiba_parametric,toshiba,Isolators/Solid State Relays > Photorelays (MOSFET Output),,,,,https://toshiba.semicon-storage.com/info/docget.jsp?did=69102&prodName=TLP170GM,https://toshiba.semicon-storage.com/info/lookup.jsp?pid=TLP170GM&region=apc&lang=en,2026-09-27
TLP172AM,toshiba_parametric,toshiba,Isolators/Solid State Relays > Photorelays (MOSFET Output),,,,,https://toshiba.semicon-storage.com/info/docget.jsp?did=36714&prodName=TLP172AM,https://toshiba.semicon-storage.com/info/lookup.jsp?pid=TLP172AM&region=apc&lang=en,2026-09-27
TLP172GAM,toshiba_parametric,toshiba,Isolators/Solid State Relays > Photorelays (MOSFET Output),,,,,https://toshiba.semicon-storage.com/info/docget.jsp?did=60951&prodName=TLP172GAM,https://toshiba.semicon-storage.com/info/lookup.jsp?pid=TLP172GAM&region=apc&lang=en,2026-09-27
TLP172GM,toshiba_parametric,toshiba,Isolators/Solid State Relays > Photorelays (MOSFET Output),,,,,https://toshiba.semicon-storage.com/info/docget.jsp?did=36716&prodName=TLP172GM,https://toshiba.semicon-storage.com/info/lookup.jsp?pid=TLP172GM&region=apc&lang=en,2026-09-27
TLP175A,toshiba_parametric,toshiba,Isolators/Solid State Relays,Not Recommended for New Design,,,,https://toshiba.semicon-storage.com/info/docget.jsp?did=13665&prodName=TLP175A,https://toshiba.semicon-storage.com/info/lookup.jsp?pid=TLP175A&region=apc&lang=en,2026-09-27
TLP176AM,toshiba_parametric,toshiba,Isolators/Solid State Relays > Photorelays (MOSFET Output),,,,,https://toshiba.semicon-storage.com/info/docget.jsp?did=60600&prodName=TLP176AM,https://toshiba.semicon-storage.com/info/lookup.jsp?pid=TLP176AM&region=apc&lang=en,2026-09-27
TLP182,toshiba_parametric,toshiba,Isolators/Solid State Relays > Photocouplers,,,,,https://toshiba.semicon-storage.com/info/docget.jsp?did=14414&prodName=TLP182,https://toshiba.semicon-storage.com/info/lookup.jsp?pid=TLP182&region=apc&lang=en,2026-09-27
TLP183,toshiba_parametric,toshiba,Isolators/Solid State Relays > Photocouplers,,,,,https://toshiba.semicon-storage.com/info/docget.jsp?did=14417&prodName=TLP183,https://toshiba.semicon-storage.com/info/lookup.jsp?pid=TLP183&region=apc&lang=en,2026-09-27
TLP187,toshiba_parametric,toshiba,Isolators/Solid State Relays > Photocouplers,,,,,https://toshiba.semicon-storage.com/info/docget.jsp?did=13690&prodName=TLP187,https://toshiba.semicon-storage.com/info/lookup.jsp?pid=TLP187&region=apc&lang=en,2026-09-27
TLP188,toshiba_parametric,toshiba,Isolators/Solid State Relays > Photocouplers,,,,,https://toshiba.semicon-storage.com/info/docget.jsp?did=13932&prodName=TLP188,https://toshiba.semicon-storage.com/info/lookup.jsp?pid=TLP188&region=apc&lang=en,2026-09-27
TLP222G,toshiba_parametric,toshiba,Isolators/Solid State Relays,EOL announced,,,,https://toshiba.semicon-storage.com/info/docget.jsp?did=17038&prodName=TLP222G,https://toshiba.semicon-storage.com/info/lookup.jsp?pid=TLP222G&region=apc&lang=en,2026-09-27
TLP223GA,toshiba_parametric,toshiba,Isolators/Solid State Relays > Photorelays (MOSFET Output),,,,,https://toshiba.semicon-storage.com/info/docget.jsp?did=140401&prodName=TLP223GA,https://toshiba.semicon-storage.com/info/lookup.jsp?pid=TLP223GA&region=apc&lang=en,2026-09-27
TLP223J,toshiba_parametric,toshiba,Isolators/Solid State Relays > Photorelays (MOSFET Output),,,,,https://toshiba.semicon-storage.com/info/docget.jsp?did=139843&prodName=TLP223J,https://toshiba.semicon-storage.com/info/lookup.jsp?pid=TLP223J&region=apc&lang=en,2026-09-27
TLP2270,toshiba_parametric,toshiba,Isolators/Solid State Relays > Photocouplers,,,,,https://toshiba.semicon-storage.com/info/docget.jsp?did=54624&prodName=TLP2270,https://toshiba.semicon-storage.com/info/lookup.jsp?pid=TLP2270&region=apc&lang=en,2026-09-27
TLP2301,toshiba_parametric,toshiba,Isolators/Solid State Relays > Photocouplers,,,,,https://toshiba.semicon-storage.com/info/docget.jsp?did=13935&prodName=TLP2301,https://toshiba.semicon-storage.com/info/lookup.jsp?pid=TLP2301&region=apc&lang=en,2026-09-27
TLP2303,toshiba_parametric,toshiba,Isolators/Solid State Relays > Photocouplers,,,,,https://toshiba.semicon-storage.com/info/docget.jsp?did=13791&prodName=TLP2303,https://toshiba.semicon-storage.com/info/lookup.jsp?pid=TLP2303&region=apc&lang=en,2026-09-27
TLP2304,toshiba_parametric,toshiba,Isolators/Solid State Relays > Photocouplers,,,,,https://toshiba.semicon-storage.com/info/docget.jsp?did=63378&prodName=TLP2304,https://toshiba.semicon-storage.com/info/lookup.jsp?pid=TLP2304&region=apc&lang=en,2026-09-27
TLP2310,toshiba_parametric,toshiba,Isolators/Solid State Relays > Photocouplers,,,,,https://toshiba.semicon-storage.com/info/docget.jsp?did=29657&prodName=TLP2310,https://toshiba.semicon-storage.com/info/lookup.jsp?pid=TLP2310&region=apc&lang=en,2026-09-27
TLP2345,toshiba_parametric,toshiba,Isolators/Solid State Relays > Photocouplers,,,,,https://toshiba.semicon-storage.com/info/docget.jsp?did=14706&prodName=TLP2345,https://toshiba.semicon-storage.com/info/lookup.jsp?pid=TLP2345&region=apc&lang=en,2026-09-27
TLP2348,toshiba_parametric,toshiba,Isolators/Solid State Relays > Photocouplers,,,,,https://toshiba.semicon-storage.com/info/docget.jsp?did=14703&prodName=TLP2348,https://toshiba.semicon-storage.com/info/lookup.jsp?pid=TLP2348&region=apc&lang=en,2026-09-27
TLP2355,toshiba_parametric,toshiba,Isolators/Solid State Relays > Photocouplers,,,,,https://toshiba.semicon-storage.com/info/docget.jsp?did=11905&prodName=TLP2355,https://toshiba.semicon-storage.com/info/lookup.jsp?pid=TLP2355&region=apc&lang=en,2026-09-27
TLP2358,toshiba_parametric,toshiba,Isolators/Solid State Relays > Photocouplers,,,,,https://toshiba.semicon-storage.com/info/docget.jsp?did=11865&prodName=TLP2358,https://toshiba.semicon-storage.com/info/lookup.jsp?pid=TLP2358&region=apc&lang=en,2026-09-27
TLP2361,toshiba_parametric,toshiba,Isolators/Solid State Relays > Photocouplers,,,,,https://toshiba.semicon-storage.com/info/docget.jsp?did=14229&prodName=TLP2361,https://toshiba.semicon-storage.com/info/lookup.jsp?pid=TLP2361&region=apc&lang=en,2026-09-27
TLP2362,toshiba_parametric,toshiba,Isolators/Solid State Relays > Photocouplers,,,,,https://toshiba.semicon-storage.com/info/docget.jsp?did=7706&prodName=TLP2362,https://toshiba.semicon-storage.com/info/lookup.jsp?pid=TLP2362&region=apc&lang=en,2026-09-27
TLP2363,toshiba_parametric,toshiba,Isolators/Solid State Relays > Photocouplers,,,,,https://toshiba.semicon-storage.com/info/docget.jsp?did=67887&prodName=TLP2363,https://toshiba.semicon-storage.com/info/lookup.jsp?pid=TLP2363&region=apc&lang=en,2026-09-27
TLP2366,toshiba_parametric,toshiba,Isolators/Solid State Relays > Photocouplers,,,,,https://toshiba.semicon-storage.com/info/docget.jsp?did=8527&prodName=TLP2366,https://toshiba.semicon-storage.com/info/lookup.jsp?pid=TLP2366&region=apc&lang=en,2026-09-27
TLP2367,toshiba_parametric,toshiba,Isolators/Solid State Relays > Photocouplers,,,,,https://toshiba.semicon-storage.com/info/docget.jsp?did=36692&prodName=TLP2367,https://toshiba.semicon-storage.com/info/lookup.jsp?pid=TLP2367&region=apc&lang=en,2026-09-27
TLP2370,toshiba_parametric,toshiba,Isolators/Solid State Relays > Photocouplers,,,,,https://toshiba.semicon-storage.com/info/docget.jsp?did=30500&prodName=TLP2370,https://toshiba.semicon-storage.com/info/lookup.jsp?pid=TLP2370&region=apc&lang=en,2026-09-27
TLP2372,toshiba_parametric,toshiba,Isolators/Solid State Relays > Photocouplers,,,,,https://toshiba.semicon-storage.com/info/docget.jsp?did=68833&prodName=TLP2372,https://toshiba.semicon-storage.com/info/lookup.jsp?pid=TLP2372&region=apc&lang=en,2026-09-27
TLP2395,toshiba_parametric,toshiba,Isolators/Solid State Relays > Photocouplers,,,,,https://toshiba.semicon-storage.com/info/docget.jsp?did=13954&prodName=TLP2395,https://toshiba.semicon-storage.com/info/lookup.jsp?pid=TLP2395&region=apc&lang=en,2026-09-27
TLP2398,toshiba_parametric,toshiba,Isolators/Solid State Relays > Photocouplers,,,,,https://toshiba.semicon-storage.com/info/docget.jsp?did=13956&prodName=TLP2398,https://toshiba.semicon-storage.com/info/lookup.jsp?pid=TLP2398&region=apc&lang=en,2026-09-27
TLP240A,toshiba_parametric,toshiba,Isolators/Solid State Relays > Photorelays (MOSFET Output),,,,,https://toshiba.semicon-storage.com/info/docget.jsp?did=13992&prodName=TLP240A,https://toshiba.semicon-storage.com/info/lookup.jsp?pid=TLP240A&region=apc&lang=en,2026-09-27
TLP240D,toshiba_parametric,toshiba,Isolators/Solid State Relays > Photorelays (MOSFET Output),,,,,https://toshiba.semicon-storage.com/info/docget.jsp?did=13993&prodName=TLP240D,https://toshiba.semicon-storage.com/info/lookup.jsp?pid=TLP240D&region=apc&lang=en,2026-09-27
TLP240G,toshiba_parametric,toshiba,Isolators/Solid State Relays > Photorelays (MOSFET Output),,,,,,https://toshiba.semicon-storage.com/info/lookup.jsp?pid=TLP240G&region=apc&lang=en,2026-09-27
TLP240GA,toshiba_parametric,toshiba,Isolators/Solid State Relays > Photorelays (MOSFET Output),,,,,https://toshiba.semicon-storage.com/info/docget.jsp?did=13996&prodName=TLP240GA,https://toshiba.semicon-storage.com/info/lookup.jsp?pid=TLP240GA&region=apc&lang=en,2026-09-27
TLP240GAF,toshiba_parametric,toshiba,Isolators/Solid State Relays > Photorelays (MOSFET Output),,,,,https://toshiba.semicon-storage.com/info/docget.jsp?did=13996&prodName=TLP240GAF,https://toshiba.semicon-storage.com/info/lookup.jsp?pid=TLP240GAF&region=apc&lang=en,2026-09-27
TLP240GF,toshiba_parametric,toshiba,Isolators/Solid State Relays > Photorelays (MOSFET Output),,,,,,https://toshiba.semicon-storage.com/info/lookup.jsp?pid=TLP240GF&region=apc&lang=en,2026-09-27
TLP240J,toshiba_parametric,toshiba,Isolators/Solid State Relays > Photorelays (MOSFET Output),,,,,https://toshiba.semicon-storage.com/info/docget.jsp?did=13997&prodName=TLP240J,https://toshiba.semicon-storage.com/info/lookup.jsp?pid=TLP240J&region=apc&lang=en,2026-09-27
TLP240JF,toshiba_parametric,toshiba,Isolators/Solid State Relays > Photorelays (MOSFET Output),,,,,https://toshiba.semicon-storage.com/info/docget.jsp?did=13997&prodName=TLP240JF,https://toshiba.semicon-storage.com/info/lookup.jsp?pid=TLP240JF&region=apc&lang=en,2026-09-27
TLP241A,toshiba_parametric,toshiba,Isolators/Solid State Relays > Photorelays (MOSFET Output),,,,,https://toshiba.semicon-storage.com/info/docget.jsp?did=14237&prodName=TLP241A,https://toshiba.semicon-storage.com/info/lookup.jsp?pid=TLP241A&region=apc&lang=en,2026-09-27
TLP241B,toshiba_parametric,toshiba,Isolators/Solid State Relays > Photorelays (MOSFET Output),,,,,https://toshiba.semicon-storage.com/info/docget.jsp?did=70089&prodName=TLP241B,https://toshiba.semicon-storage.com/info/lookup.jsp?pid=TLP241B&region=apc&lang=en,2026-09-27
TLP241BP,toshiba_parametric,toshiba,Isolators/Solid State Relays > Photorelays (MOSFET Output),,,,,https://toshiba.semicon-storage.com/info/docget.jsp?did=154225&prodName=TLP241BP,https://toshiba.semicon-storage.com/info/lookup.jsp?pid=TLP241BP&region=apc&lang=en,2026-09-27
TLP2701,toshiba_parametric,toshiba,Isolators/Solid State Relays > Photocouplers,,,,,https://toshiba.semicon-storage.com/info/docget.jsp?did=36650&prodName=TLP2701,https://toshiba.semicon-storage.com/info/lookup.jsp?pid=TLP2701&region=apc&lang=en,2026-09-27
TLP2703,toshiba_parametric,toshiba,Isolators/Solid State Relays > Photocouplers,,,,,https://toshiba.semicon-storage.com/info/docget.jsp?did=15216&prodName=TLP2703,https://toshiba.semicon-storage.com/info/lookup.jsp?pid=TLP2703&region=apc&lang=en,2026-09-27
TLP2704,toshiba_parametric,toshiba,Isolators/Solid State Relays > Photocouplers,,,,,https://toshiba.semicon-storage.com/info/docget.jsp?did=29403&prodName=TLP2704,https://toshiba.semicon-storage.com/info/lookup.jsp?pid=TLP2704&region=apc&lang=en,2026-09-27
TLP2710,toshiba_parametric,toshiba,Isolators/Solid State Relays > Photocouplers,,,,,https://toshiba.semicon-storage.com/info/docget.jsp?did=29698&prodName=TLP2710,https://toshiba.semicon-storage.com/info/lookup.jsp?pid=TLP2710&region=apc&lang=en,2026-09-27
TLP2719,toshiba_parametric,toshiba,Isolators/Solid State Relays > Photocouplers,,,,,https://toshiba.semicon-storage.com/info/docget.jsp?did=61847&prodName=TLP2719,https://toshiba.semicon-storage.com/info/lookup.jsp?pid=TLP2719&region=apc&lang=en,2026-09-27
TLP2745,toshiba_parametric,toshiba,Isolators/Solid State Relays > Photocouplers,,,,,https://toshiba.semicon-storage.com/info/docget.jsp?did=29405&prodName=TLP2745,https://toshiba.semicon-storage.com/info/lookup.jsp?pid=TLP2745&region=apc&lang=en,2026-09-27
TLP2748,toshiba_parametric,toshiba,Isolators/Solid State Relays > Photocouplers,,,,,https://toshiba.semicon-storage.com/info/docget.jsp?did=29407&prodName=TLP2748,https://toshiba.semicon-storage.com/info/lookup.jsp?pid=TLP2748&region=apc&lang=en,2026-09-27
TLP2761,toshiba_parametric,toshiba,Isolators/Solid State Relays > Photocouplers,,,,,https://toshiba.semicon-storage.com/info/docget.jsp?did=28819&prodName=TLP2761,https://toshiba.semicon-storage.com/info/lookup.jsp?pid=TLP2761&region=apc&lang=en,2026-09-27
TLP2766A,toshiba_parametric,toshiba,Isolators/Solid State Relays > Photocouplers,,,,,https://toshiba.semicon-storage.com/info/docget.jsp?did=61849&prodName=TLP2766A,https://toshiba.semicon-storage.com/info/lookup.jsp?pid=TLP2766A&region=apc&lang=en,2026-09-27
TLP2767,toshiba_parametric,toshiba,Isolators/Solid State Relays > Photocouplers,,,,,https://toshiba.semicon-storage.com/info/docget.jsp?did=36717&prodName=TLP2767,https://toshiba.semicon-storage.com/info/lookup.jsp?pid=TLP2767&region=apc&lang=en,2026-09-27
TLP2770,toshiba_parametric,toshiba,Isolators/Solid State Relays > Photocouplers,,,,,https://toshiba.semicon-storage.com/info/docget.jsp?did=53548&prodName=TLP2770,https://toshiba.semicon-storage.com/info/lookup.jsp?pid=TLP2770&region=apc&lang=en,2026-09-27
TLP292,toshiba_parametric,toshiba,Isolators/Solid State Relays > Photocouplers,,,,,https://toshiba.semicon-storage.com/info/docget.jsp?did=14425&prodName=TLP292,https://toshiba.semicon-storage.com/info/lookup.jsp?pid=TLP292&region=apc&lang=en,2026-09-27
TLP292-4,toshiba_parametric,toshiba,Isolators/Solid State Relays > Photocouplers,,,,,https://toshiba.semicon-storage.com/info/docget.jsp?did=15284&prodName=TLP292-4,https://toshiba.semicon-storage.com/info/lookup.jsp?pid=TLP292-4&region=apc&lang=en,2026-09-27
TLP293,toshiba_parametric,toshiba,Isolators/Solid State Relays > Photocouplers,,,,,https://toshiba.semicon-storage.com/info/docget.jsp?did=14419&prodName=TLP293,https://toshiba.semicon-storage.com/info/lookup.jsp?pid=TLP293&region=apc&lang=en,2026-09-27
TLP2962,toshiba_parametric,toshiba,Isolators/Solid State Relays > Photocouplers,,,,,https://toshiba.semicon-storage.com/info/docget.jsp?did=11750&prodName=TLP2962,https://toshiba.semicon-storage.com/info/lookup.jsp?pid=TLP2962&region=apc&lang=en,2026-09-27
TLP3052A,toshiba_parametric,toshiba,Isolators/Solid State Relays > Photocouplers,,,,,https://toshiba.semicon-storage.com/info/docget.jsp?did=30349&prodName=TLP3052A,https://toshiba.semicon-storage.com/info/lookup.jsp?pid=TLP3052A&region=apc&lang=en,2026-09-27
TLP3062A,toshiba_parametric,toshiba,Isolators/Solid State Relays > Photocouplers,,,,,https://toshiba.semicon-storage.com/info/docget.jsp?did=30346&prodName=TLP3062A,https://toshiba.semicon-storage.com/info/lookup.jsp?pid=TLP3062A&region=apc&lang=en,2026-09-27
TLP3073,toshiba_parametric,toshiba,Isolators/Solid State Relays > Photocouplers,,,,,https://toshiba.semicon-storage.com/info/docget.jsp?did=30347&prodName=TLP3073,https://toshiba.semicon-storage.com/info/lookup.jsp?pid=TLP3073&region=apc&lang=en,2026-09-27
TLP3083,toshiba_parametric,toshiba,Isolators/Solid State Relays > Photocouplers,,,,,https://toshiba.semicon-storage.com/info/docget.jsp?did=30348&prodName=TLP3083,https://toshiba.semicon-storage.com/info/lookup.jsp?pid=TLP3083&region=apc&lang=en,2026-09-27
TLP3106A,toshiba_parametric,toshiba,Isolators/Solid State Relays > Photorelays (MOSFET Output),,,,,https://toshiba.semicon-storage.com/info/docget.jsp?did=67917&prodName=TLP3106A,https://toshiba.semicon-storage.com/info/lookup.jsp?pid=TLP3106A&region=apc&lang=en,2026-09-27
TLP3107A,toshiba_parametric,toshiba,Isolators/Solid State Relays > Photorelays (MOSFET Output),,,,,https://toshiba.semicon-storage.com/info/docget.jsp?did=67919&prodName=TLP3107A,https://toshiba.semicon-storage.com/info/lookup.jsp?pid=TLP3107A&region=apc&lang=en,2026-09-27
TLP3109A,toshiba_parametric,toshiba,Isolators/Solid State Relays > Photorelays (MOSFET Output),,,,,https://toshiba.semicon-storage.com/info/docget.jsp?did=65124&prodName=TLP3109A,https://toshiba.semicon-storage.com/info/lookup.jsp?pid=TLP3109A&region=apc&lang=en,2026-09-27
TLP3122A,toshiba_parametric,toshiba,Isolators/Solid State Relays > Photorelays (MOSFET Output),,,,,https://toshiba.semicon-storage.com/info/docget.jsp?did=60353&prodName=TLP3122A,https://toshiba.semicon-storage.com/info/lookup.jsp?pid=TLP3122A&region=apc&lang=en,2026-09-27
TLP3145,toshiba_parametric,toshiba,Isolators/Solid State Relays > Photorelays (MOSFET Output),,,,,https://toshiba.semicon-storage.com/info/docget.jsp?did=59691&prodName=TLP3145,https://toshiba.semicon-storage.com/info/lookup.jsp?pid=TLP3145&region=apc&lang=en,2026-09-27
TLP3146,toshiba_parametric,toshiba,Isolators/Solid State Relays > Photorelays (MOSFET Output),,,,,https://toshiba.semicon-storage.com/info/docget.jsp?did=61859&prodName=TLP3146,https://toshiba.semicon-storage.com/info/lookup.jsp?pid=TLP3146&region=apc&lang=en,2026-09-27
TLP3147,toshiba_parametric,toshiba,Isolators/Solid State Relays > Photorelays (MOSFET Output),,,,,https://toshiba.semicon-storage.com/info/docget.jsp?did=61861&prodName=TLP3147,https://toshiba.semicon-storage.com/info/lookup.jsp?pid=TLP3147&region=apc&lang=en,2026-09-27
TLP3149,toshiba_parametric,toshiba,Isolators/Solid State Relays > Photorelays (MOSFET Output),,,,,https://toshiba.semicon-storage.com/info/docget.jsp?did=61863&prodName=TLP3149,https://toshiba.semicon-storage.com/info/lookup.jsp?pid=TLP3149&region=apc&lang=en,2026-09-27
TLP3217,toshiba_parametric,toshiba,Isolators/Solid State Relays,EOL announced,,,,https://toshiba.semicon-storage.com/info/docget.jsp?did=11562&prodName=TLP3217,https://toshiba.semicon-storage.com/info/lookup.jsp?pid=TLP3217&region=apc&lang=en,2026-09-27
TLP3403SRHA,toshiba_parametric,toshiba,Isolators/Solid State Relays > Photorelays (MOSFET Output),,,,,https://toshiba.semicon-storage.com/info/docget.jsp?did=70290&prodName=TLP3403SRHA,https://toshiba.semicon-storage.com/info/lookup.jsp?pid=TLP3403SRHA&region=apc&lang=en,2026-09-27
TLP3406SRHA,toshiba_parametric,toshiba,Isolators/Solid State Relays > Photorelays (MOSFET Output),,,,,https://toshiba.semicon-storage.com/info/docget.jsp?did=141821&prodName=TLP3406SRHA,https://toshiba.semicon-storage.com/info/lookup.jsp?pid=TLP3406SRHA&region=apc&lang=en,2026-09-27
TLP3407SRA,toshiba_parametric,toshiba,Isolators/Solid State Relays > Photorelays (MOSFET Output),,,,,https://toshiba.semicon-storage.com/info/docget.jsp?did=69246&prodName=TLP3407SRA,https://toshiba.semicon-storage.com/info/lookup.jsp?pid=TLP3407SRA&region=apc&lang=en,2026-09-27
TLP3407SRA4,toshiba_parametric,toshiba,Isolators/Solid State Relays > Photorelays (MOSFET Output),,,,,https://toshiba.semicon-storage.com/info/docget.jsp?did=139688&prodName=TLP3407SRA4,https://toshiba.semicon-storage.com/info/lookup.jsp?pid=TLP3407SRA4&region=apc&lang=en,2026-09-27
TLP3412SRA,toshiba_parametric,toshiba,Isolators/Solid State Relays > Photorelays (MOSFET Output),,,,,https://toshiba.semicon-storage.com/info/docget.jsp?did=70613&prodName=TLP3412SRA,https://toshiba.semicon-storage.com/info/lookup.jsp?pid=TLP3412SRA&region=apc&lang=en,2026-09-27
TLP3412SRB,toshiba_parametric,toshiba,Isolators/Solid State Relays > Photorelays (MOSFET Output),New Product,,,,https://toshiba.semicon-storage.com/info/docget.jsp?did=165943&prodName=TLP3412SRB,https://toshiba.semicon-storage.com/info/lookup.jsp?pid=TLP3412SRB&region=apc&lang=en,2026-09-27
TLP3412SRHA,toshiba_parametric,toshiba,Isolators/Solid State Relays > Photorelays (MOSFET Output),,,,,https://toshiba.semicon-storage.com/info/docget.jsp?did=69242&prodName=TLP3412SRHA,https://toshiba.semicon-storage.com/info/lookup.jsp?pid=TLP3412SRHA&region=apc&lang=en,2026-09-27
TLP3412SRHA4,toshiba_parametric,toshiba,Isolators/Solid State Relays > Photorelays (MOSFET Output),,,,,https://toshiba.semicon-storage.com/info/docget.jsp?did=139693&prodName=TLP3412SRHA4,https://toshiba.semicon-storage.com/info/lookup.jsp?pid=TLP3412SRHA4&region=apc&lang=en,2026-09-27
TLP3412SRHB,toshiba_parametric,toshiba,Isolators/Solid State Relays > Photorelays (MOSFET Output),New Product,,,,https://toshiba.semicon-storage.com/info/docget.jsp?did=165961&prodName=TLP3412SRHB,https://toshiba.semicon-storage.com/info/lookup.jsp?pid=TLP3412SRHB&region=apc&lang=en,2026-09-27
TLP3412SRLA,toshiba_parametric,toshiba,Isolators/Solid State Relays > Photorelays (MOSFET Output),,,,,https://toshiba.semicon-storage.com/info/docget.jsp?did=154721&prodName=TLP3412SRLA,https://toshiba.semicon-storage.com/info/lookup.jsp?pid=TLP3412SRLA&region=apc&lang=en,2026-09-27
TLP3414S,toshiba_parametric,toshiba,Isolators/Solid State Relays > Photorelays (MOSFET Output),,,,,https://toshiba.semicon-storage.com/info/docget.jsp?did=159927&prodName=TLP3414S,https://toshiba.semicon-storage.com/info/lookup.jsp?pid=TLP3414S&region=apc&lang=en,2026-09-27
TLP3431S,toshiba_parametric,toshiba,Isolators/Solid State Relays > Photorelays (MOSFET Output),,,,,https://toshiba.semicon-storage.com/info/docget.jsp?did=160181&prodName=TLP3431S,https://toshiba.semicon-storage.com/info/lookup.jsp?pid=TLP3431S&region=apc&lang=en,2026-09-27
TLP3450S,toshiba_parametric,toshiba,Isolators/Solid State Relays > Photorelays (MOSFET Output),,,,,https://toshiba.semicon-storage.com/info/docget.jsp?did=154727&prodName=TLP3450S,https://toshiba.semicon-storage.com/info/lookup.jsp?pid=TLP3450S&region=apc&lang=en,2026-09-27
TLP3475R,toshiba_parametric,toshiba,Isolators/Solid State Relays > Photorelays (MOSFET Output),,,,,https://toshiba.semicon-storage.com/info/docget.jsp?did=55304&prodName=TLP3475R,https://toshiba.semicon-storage.com/info/lookup.jsp?pid=TLP3475R&region=apc&lang=en,2026-09-27
TLP3475SRHA,toshiba_parametric,toshiba,Isolators/Solid State Relays > Photorelays (MOSFET Output),,,,,https://toshiba.semicon-storage.com/info/docget.jsp?did=69244&prodName=TLP3475SRHA,https://toshiba.semicon-storage.com/info/lookup.jsp?pid=TLP3475SRHA&region=apc&lang=en,2026-09-27
TLP3475SRHA4,toshiba_parametric,toshiba,Isolators/Solid State Relays > Photorelays (MOSFET Output),,,,,https://toshiba.semicon-storage.com/info/docget.jsp?did=139684&prodName=TLP3475SRHA4,https://toshiba.semicon-storage.com/info/lookup.jsp?pid=TLP3475SRHA4&region=apc&lang=en,2026-09-27
TLP3475W,toshiba_parametric,toshiba,Isolators/Solid State Relays > Photorelays (MOSFET Output),,,,,https://toshiba.semicon-storage.com/info/docget.jsp?did=153823&prodName=TLP3475W,https://toshiba.semicon-storage.com/info/lookup.jsp?pid=TLP3475W&region=apc&lang=en,2026-09-27
TLP3476S,toshiba_parametric,toshiba,Isolators/Solid State Relays > Photorelays (MOSFET Output),,,,,https://toshiba.semicon-storage.com/info/docget.jsp?did=151743&prodName=TLP3476S,https://toshiba.semicon-storage.com/info/lookup.jsp?pid=TLP3476S&region=apc&lang=en,2026-09-27
TLP3480,toshiba_parametric,toshiba,Isolators/Solid State Relays > Photorelays (MOSFET Output),,,,,https://toshiba.semicon-storage.com/info/docget.jsp?did=69121&prodName=TLP3480,https://toshiba.semicon-storage.com/info/lookup.jsp?pid=TLP3480&region=apc&lang=en,2026-09-27
TLP3481,toshiba_parametric,toshiba,Isolators/Solid State Relays > Photorelays (MOSFET Output),,,,,https://toshiba.semicon-storage.com/info/docget.jsp?did=69122&prodName=TLP3481,https://toshiba.semicon-storage.com/info/lookup.jsp?pid=TLP3481&region=apc&lang=en,2026-09-27
TLP3482,toshiba_parametric,toshiba,Isolators/Solid State Relays > Photorelays (MOSFET Output),,,,,https://toshiba.semicon-storage.com/info/docget.jsp?did=69065&prodName=TLP3482,https://toshiba.semicon-storage.com/info/lookup.jsp?pid=TLP3482&region=apc&lang=en,2026-09-27
TLP3483,toshiba_parametric,toshiba,Isolators/Solid State Relays > Photorelays (MOSFET Output),,,,,https://toshiba.semicon-storage.com/info/docget.jsp?did=69124&prodName=TLP3483,https://toshiba.semicon-storage.com/info/lookup.jsp?pid=TLP3483&region=apc&lang=en,2026-09-27
TLP3484,toshiba_parametric,toshiba,Isolators/Solid State Relays > Photorelays (MOSFET Output),,,,,https://toshiba.semicon-storage.com/info/docget.jsp?did=70720&prodName=TLP3484,https://toshiba.semicon-storage.com/info/lookup.jsp?pid=TLP3484&region=apc&lang=en,2026-09-27
TLP350,toshiba_parametric,toshiba,Isolators/Solid State Relays,EOL announced,,,,https://toshiba.semicon-storage.com/info/docget.jsp?did=6217&prodName=TLP350,https://toshiba.semicon-storage.com/info/lookup.jsp?pid=TLP350&region=apc&lang=en,2026-09-27
TLP350H,toshiba_parametric,toshiba,Isolators/Solid State Relays > Photocouplers,,,,,https://toshiba.semicon-storage.com/info/docget.jsp?did=11308&prodName=TLP350H,https://toshiba.semicon-storage.com/info/lookup.jsp?pid=TLP350H&region=apc&lang=en,2026-09-27
TLP3543,toshiba_parametric,toshiba,Isolators/Solid State Relays,EOL announced,,,,https://toshiba.semicon-storage.com/info/docget.jsp?did=12660&prodName=TLP3543,https://toshiba.semicon-storage.com/info/lookup.jsp?pid=TLP3543&region=apc&lang=en,2026-09-27
TLP3543A,toshiba_parametric,toshiba,Isolators/Solid State Relays > Photorelays (MOSFET Output),,,,,https://toshiba.semicon-storage.com/info/docget.jsp?did=60317&prodName=TLP3543A,https://toshiba.semicon-storage.com/info/lookup.jsp?pid=TLP3543A&region=apc&lang=en,2026-09-27
TLP3544,toshiba_parametric,toshiba,Isolators/Solid State Relays,EOL announced,,,,https://toshiba.semicon-storage.com/info/docget.jsp?did=12661&prodName=TLP3544,https://toshiba.semicon-storage.com/info/lookup.jsp?pid=TLP3544&region=apc&lang=en,2026-09-27
TLP3545A,toshiba_parametric,toshiba,Isolators/Solid State Relays > Photorelays (MOSFET Output),,,,,https://toshiba.semicon-storage.com/info/docget.jsp?did=60318&prodName=TLP3545A,https://toshiba.semicon-storage.com/info/lookup.jsp?pid=TLP3545A&region=apc&lang=en,2026-09-27
TLP3546A,toshiba_parametric,toshiba,Isolators/Solid State Relays > Photorelays (MOSFET Output),,,,,https://toshiba.semicon-storage.com/info/docget.jsp?did=60321&prodName=TLP3546A,https://toshiba.semicon-storage.com/info/lookup.jsp?pid=TLP3546A&region=apc&lang=en,2026-09-27
TLP3547,toshiba_parametric,toshiba,Isolators/Solid State Relays > Photorelays (MOSFET Output),,,,,https://toshiba.semicon-storage.com/info/docget.jsp?did=36853&prodName=TLP3547,https://toshiba.semicon-storage.com/info/lookup.jsp?pid=TLP3547&region=apc&lang=en,2026-09-27
TLP3548,toshiba_parametric,toshiba,Isolators/Solid State Relays,Not Recommended for New Design,,,,https://toshiba.semicon-storage.com/info/docget.jsp?did=37130&prodName=TLP3548,https://toshiba.semicon-storage.com/info/lookup.jsp?pid=TLP3548&region=apc&lang=en,2026-09-27
TLP3549,toshiba_parametric,toshiba,Isolators/Solid State Relays > Photorelays (MOSFET Output),,,,,https://toshiba.semicon-storage.com/info/docget.jsp?did=52995&prodName=TLP3549,https://toshiba.semicon-storage.com/info/lookup.jsp?pid=TLP3549&region=apc&lang=en,2026-09-27
TLP3553,toshiba_parametric,toshiba,Isolators/Solid State Relays,EOL announced,,,,https://toshiba.semicon-storage.com/info/docget.jsp?did=11945&prodName=TLP3553,https://toshiba.semicon-storage.com/info/lookup.jsp?pid=TLP3553&region=apc&lang=en,2026-09-27
TLP3553A,toshiba_parametric,toshiba,Isolators/Solid State Relays > Photorelays (MOSFET Output),,,,,https://toshiba.semicon-storage.com/info/docget.jsp?did=61550&prodName=TLP3553A,https://toshiba.semicon-storage.com/info/lookup.jsp?pid=TLP3553A&region=apc&lang=en,2026-09-27
TLP3555A,toshiba_parametric,toshiba,Isolators/Solid State Relays > Photorelays (MOSFET Output),,,,,https://toshiba.semicon-storage.com/info/docget.jsp?did=61844&prodName=TLP3555A,https://toshiba.semicon-storage.com/info/lookup.jsp?pid=TLP3555A&region=apc&lang=en,2026-09-27
TLP3556A,toshiba_parametric,toshiba,Isolators/Solid State Relays > Photorelays (MOSFET Output),,,,,https://toshiba.semicon-storage.com/info/docget.jsp?did=60315&prodName=TLP3556A,https://toshiba.semicon-storage.com/info/lookup.jsp?pid=TLP3556A&region=apc&lang=en,2026-09-27
TLP3558A,toshiba_parametric,toshiba,Isolators/Solid State Relays > Photorelays (MOSFET Output),,,,,https://toshiba.semicon-storage.com/info/docget.jsp?did=60325&prodName=TLP3558A,https://toshiba.semicon-storage.com/info/lookup.jsp?pid=TLP3558A&region=apc&lang=en,2026-09-27
TLP3640A,toshiba_parametric,toshiba,Isolators/Solid State Relays > Photorelays (MOSFET Output),New Product,,,,https://toshiba.semicon-storage.com/info/docget.jsp?did=159803&prodName=TLP3640A,https://toshiba.semicon-storage.com/info/lookup.jsp?pid=TLP3640A&region=apc&lang=en,2026-09-27
TLP3823,toshiba_parametric,toshiba,Isolators/Solid State Relays > Photorelays (MOSFET Output),,,,,https://toshiba.semicon-storage.com/info/docget.jsp?did=57854&prodName=TLP3823,https://toshiba.semicon-storage.com/info/lookup.jsp?pid=TLP3823&region=apc&lang=en,2026-09-27
TLP3825,toshiba_parametric,toshiba,Isolators/Solid State Relays > Photorelays (MOSFET Output),,,,,https://toshiba.semicon-storage.com/info/docget.jsp?did=57855&prodName=TLP3825,https://toshiba.semicon-storage.com/info/lookup.jsp?pid=TLP3825&region=apc&lang=en,2026-09-27
TLP383,toshiba_parametric,toshiba,Isolators/Solid State Relays > Photocouplers,,,,,https://toshiba.semicon-storage.com/info/docget.jsp?did=28831&prodName=TLP383,https://toshiba.semicon-storage.com/info/lookup.jsp?pid=TLP383&region=apc&lang=en,2026-09-27
TLP385,toshiba_parametric,toshiba,Isolators/Solid State Relays > Photocouplers,,,,,https://toshiba.semicon-storage.com/info/docget.jsp?did=15496&prodName=TLP385,https://toshiba.semicon-storage.com/info/lookup.jsp?pid=TLP385&region=apc&lang=en,2026-09-27
TLP387,toshiba_parametric,toshiba,Isolators/Solid State Relays > Photocouplers,,,,,https://toshiba.semicon-storage.com/info/docget.jsp?did=35919&prodName=TLP387,https://toshiba.semicon-storage.com/info/lookup.jsp?pid=TLP387&region=apc&lang=en,2026-09-27
TLP388,toshiba_parametric,toshiba,Isolators/Solid State Relays > Photocouplers,,,,,https://toshiba.semicon-storage.com/info/docget.jsp?did=35921&prodName=TLP388,https://toshiba.semicon-storage.com/info/lookup.jsp?pid=TLP388&region=apc&lang=en,2026-09-27
TLP3905,toshiba_parametric,toshiba,Isolators/Solid State Relays > Photocouplers,,,,,https://toshiba.semicon-storage.com/info/docget.jsp?did=15185&prodName=TLP3905,https://toshiba.semicon-storage.com/info/lookup.jsp?pid=TLP3905&region=apc&lang=en,2026-09-27
TLP3906,toshiba_parametric,toshiba,Isolators/Solid State Relays > Photocouplers,,,,,https://toshiba.semicon-storage.com/info/docget.jsp?did=15186&prodName=TLP3906,https://toshiba.semicon-storage.com/info/lookup.jsp?pid=TLP3906&region=apc&lang=en,2026-09-27
TLP3910,toshiba_parametric,toshiba,Isolators/Solid State Relays > Photocouplers,,,,,https://toshiba.semicon-storage.com/info/docget.jsp?did=70690&prodName=TLP3910,https://toshiba.semicon-storage.com/info/lookup.jsp?pid=TLP3910&region=apc&lang=en,2026-09-27
TLP4590A,toshiba_parametric,toshiba,Isolators/Solid State Relays > Photorelays (MOSFET Output),,,,,https://toshiba.semicon-storage.com/info/docget.jsp?did=70530&prodName=TLP4590A,https://toshiba.semicon-storage.com/info/lookup.jsp?pid=TLP4590A&region=apc&lang=en,2026-09-27
TLP5212,toshiba_parametric,toshiba,Isolators/Solid State Relays > Photocouplers,,,,,https://toshiba.semicon-storage.com/info/docget.jsp?did=141725&prodName=TLP5212,https://toshiba.semicon-storage.com/info/lookup.jsp?pid=TLP5212&region=apc&lang=en,2026-09-27
TLP5214,toshiba_parametric,toshiba,Isolators/Solid State Relays > Photocouplers,,,,,https://toshiba.semicon-storage.com/info/docget.jsp?did=15191&prodName=TLP5214,https://toshiba.semicon-storage.com/info/lookup.jsp?pid=TLP5214&region=apc&lang=en,2026-09-27
TLP5214A,toshiba_parametric,toshiba,Isolators/Solid State Relays > Photocouplers,,,,,https://toshiba.semicon-storage.com/info/docget.jsp?did=57775&prodName=TLP5214A,https://toshiba.semicon-storage.com/info/lookup.jsp?pid=TLP5214A&region=apc&lang=en,2026-09-27
TLP5222,toshiba_parametric,toshiba,Isolators/Solid State Relays > Photocouplers,,,,,https://toshiba.semicon-storage.com/info/docget.jsp?did=143287&prodName=TLP5222,https://toshiba.semicon-storage.com/info/lookup.jsp?pid=TLP5222&region=apc&lang=en,2026-09-27
TLP5231,toshiba_parametric,toshiba,Isolators/Solid State Relays > Photocouplers,,,,,https://toshiba.semicon-storage.com/info/docget.jsp?did=68855&prodName=TLP5231,https://toshiba.semicon-storage.com/info/lookup.jsp?pid=TLP5231&region=apc&lang=en,2026-09-27
TLP5701,toshiba_parametric,toshiba,Isolators/Solid State Relays > Photocouplers,,,,,https://toshiba.semicon-storage.com/info/docget.jsp?did=15224&prodName=TLP5701,https://toshiba.semicon-storage.com/info/lookup.jsp?pid=TLP5701&region=apc&lang=en,2026-09-27
TLP5702,toshiba_parametric,toshiba,Isolators/Solid State Relays > Photocouplers,,,,,https://toshiba.semicon-storage.com/info/docget.jsp?did=15207&prodName=TLP5702,https://toshiba.semicon-storage.com/info/lookup.jsp?pid=TLP5702&region=apc&lang=en,2026-09-27
TLP5751,toshiba_parametric,toshiba,Isolators/Solid State Relays > Photocouplers,,,,,https://toshiba.semicon-storage.com/info/docget.jsp?did=15366&prodName=TLP5751,https://toshiba.semicon-storage.com/info/lookup.jsp?pid=TLP5751&region=apc&lang=en,2026-09-27
TLP5751H,toshiba_parametric,toshiba,Isolators/Solid State Relays > Photocouplers,,,,,https://toshiba.semicon-storage.com/info/docget.jsp?did=66186&prodName=TLP5751H,https://toshiba.semicon-storage.com/info/lookup.jsp?pid=TLP5751H&region=apc&lang=en,2026-09-27
TLP5752,toshiba_parametric,toshiba,Isolators/Solid State Relays > Photocouplers,,,,,https://toshiba.semicon-storage.com/info/docget.jsp?did=15367&prodName=TLP5752,https://toshiba.semicon-storage.com/info/lookup.jsp?pid=TLP5752&region=apc&lang=en,2026-09-27
TLP5752H,toshiba_parametric,toshiba,Isolators/Solid State Relays > Photocouplers,,,,,https://toshiba.semicon-storage.com/info/docget.jsp?did=66188&prodName=TLP5752H,https://toshiba.semicon-storage.com/info/lookup.jsp?pid=TLP5752H&region=apc&lang=en,2026-09-27
TLP5754,toshiba_parametric,toshiba,Isolators/Solid State Relays > Photocouplers,,,,,https://toshiba.semicon-storage.com/info/docget.jsp?did=15356&prodName=TLP5754,https://toshiba.semicon-storage.com/info/lookup.jsp?pid=TLP5754&region=apc&lang=en,2026-09-27
TLP5754H,toshiba_parametric,toshiba,Isolators/Solid State Relays > Photocouplers,,,,,https://toshiba.semicon-storage.com/info/docget.jsp?did=66190&prodName=TLP5754H,https://toshiba.semicon-storage.com/info/lookup.jsp?pid=TLP5754H&region=apc&lang=en,2026-09-27
TLP5771,toshiba_parametric,toshiba,Isolators/Solid State Relays > Photocouplers,,,,,https://toshiba.semicon-storage.com/info/docget.jsp?did=53276&prodName=TLP5771,https://toshiba.semicon-storage.com/info/lookup.jsp?pid=TLP5771&region=apc&lang=en,2026-09-27
TLP5772,toshiba_parametric,toshiba,Isolators/Solid State Relays > Photocouplers,,,,,https://toshiba.semicon-storage.com/info/docget.jsp?did=53278&prodName=TLP5772,https://toshiba.semicon-storage.com/info/lookup.jsp?pid=TLP5772&region=apc&lang=en,2026-09-27
TLP5774,toshiba_parametric,toshiba,Isolators/Solid State Relays > Photocouplers,,,,,https://toshiba.semicon-storage.com/info/docget.jsp?did=53280&prodName=TLP5774,https://toshiba.semicon-storage.com/info/lookup.jsp?pid=TLP5774&region=apc&lang=en,2026-09-27
TLP5791H,toshiba_parametric,toshiba,Isolators/Solid State Relays > Photocouplers,,,,,https://toshiba.semicon-storage.com/info/docget.jsp?did=161257&prodName=TLP5791H,https://toshiba.semicon-storage.com/info/lookup.jsp?pid=TLP5791H&region=apc&lang=en,2026-09-27
TLP5794H,toshiba_parametric,toshiba,Isolators/Solid State Relays > Photocouplers,,,,,https://toshiba.semicon-storage.com/info/docget.jsp?did=161261&prodName=TLP5794H,https://toshiba.semicon-storage.com/info/lookup.jsp?pid=TLP5794H&region=apc&lang=en,2026-09-27
TLP5795H,toshiba_parametric,toshiba,Isolators/Solid State Relays > Photocouplers,,,,,https://toshiba.semicon-storage.com/info/docget.jsp?did=161295&prodName=TLP5795H,https://toshiba.semicon-storage.com/info/lookup.jsp?pid=TLP5795H&region=apc&lang=en,2026-09-27
TLP5814H,toshiba_parametric,toshiba,Isolators/Solid State Relays > Photocouplers,,,,,https://toshiba.semicon-storage.com/info/docget.jsp?did=157367&prodName=TLP5814H,https://toshiba.semicon-storage.com/info/lookup.jsp?pid=TLP5814H&region=apc&lang=en,2026-09-27
TLP785,toshiba_parametric,toshiba,Isolators/Solid State Relays > Photocouplers,,,,,https://toshiba.semicon-storage.com/info/docget.jsp?did=10569&prodName=TLP785,https://toshiba.semicon-storage.com/info/lookup.jsp?pid=TLP785&region=apc&lang=en,2026-09-27
TLP785F,toshiba_parametric,toshiba,Isolators/Solid State Relays > Photocouplers,,,,,https://toshiba.semicon-storage.com/info/docget.jsp?did=10569&prodName=TLP785F,https://toshiba.semicon-storage.com/info/lookup.jsp?pid=TLP785F&region=apc&lang=en,2026-09-27
TLX9000,toshiba_parametric,toshiba,Isolators/Solid State Relays > Photocouplers,,,,,https://toshiba.semicon-storage.com/info/docget.jsp?did=53129&prodName=TLX9000,https://toshiba.semicon-storage.com/info/lookup.jsp?pid=TLX9000&region=apc&lang=en,2026-09-27
TLX9160T,toshiba_parametric,toshiba,Isolators/Solid State Relays > Photorelays (MOSFET Output),,,,,https://toshiba.semicon-storage.com/info/docget.jsp?did=70843&prodName=TLX9160T,https://toshiba.semicon-storage.com/info/lookup.jsp?pid=TLX9160T&region=apc&lang=en,2026-09-27
TLX9175J,toshiba_parametric,toshiba,Isolators/Solid State Relays > Photorelays (MOSFET Output),,,,,https://toshiba.semicon-storage.com/info/docget.jsp?did=53133&prodName=TLX9175J,https://toshiba.semicon-storage.com/info/lookup.jsp?pid=TLX9175J&region=apc&lang=en,2026-09-27
TLX9185A,toshiba_parametric,toshiba,Isolators/Solid State Relays > Photocouplers,,,,,https://toshiba.semicon-storage.com/info/docget.jsp?did=53135&prodName=TLX9185A,https://toshiba.semicon-storage.com/info/lookup.jsp?pid=TLX9185A&region=apc&lang=en,2026-09-27
TLX9291A,toshiba_parametric,toshiba,Isolators/Solid State Relays > Photocouplers,,,,,https://toshiba.semicon-storage.com/info/docget.jsp?did=53137&prodName=TLX9291A,https://toshiba.semicon-storage.com/info/lookup.jsp?pid=TLX9291A&region=apc&lang=en,2026-09-27
TLX9300,toshiba_parametric,toshiba,Isolators/Solid State Relays > Photocouplers,,,,,https://toshiba.semicon-storage.com/info/docget.jsp?did=53139&prodName=TLX9300,https://toshiba.semicon-storage.com/info/lookup.jsp?pid=TLX9300&region=apc&lang=en,2026-09-27
TLX9304,toshiba_parametric,toshiba,Isolators/Solid State Relays > Photocouplers,,,,,https://toshiba.semicon-storage.com/info/docget.jsp?did=53143&prodName=TLX9304,https://toshiba.semicon-storage.com/info/lookup.jsp?pid=TLX9304&region=apc&lang=en,2026-09-27
TLX9378,toshiba_parametric,toshiba,Isolators/Solid State Relays > Photocouplers,,,,,https://toshiba.semicon-storage.com/info/docget.jsp?did=53141&prodName=TLX9378,https://toshiba.semicon-storage.com/info/lookup.jsp?pid=TLX9378&region=apc&lang=en,2026-09-27
TLX9906,toshiba_parametric,toshiba,Isolators/Solid State Relays > Photocouplers,,,,,https://toshiba.semicon-storage.com/info/docget.jsp?did=55590&prodName=TLX9906,https://toshiba.semicon-storage.com/info/lookup.jsp?pid=TLX9906&region=apc&lang=en,2026-09-27
TPCP8L01,toshiba_parametric,toshiba,,Not Recommended for New Design,,,,,https://toshiba.semicon-storage.com/info/lookup.jsp?pid=TPCP8L01&region=apc&lang=en,2026-09-27
TPD1055FA,toshiba_parametric,toshiba,,,,,,https://toshiba.semicon-storage.com/info/docget.jsp?did=63989&prodName=TPD1055FA,https://toshiba.semicon-storage.com/info/lookup.jsp?pid=TPD1055FA&region=apc&lang=en,2026-09-27
TPD2015FN,toshiba_parametric,toshiba,,,,,,https://toshiba.semicon-storage.com/info/docget.jsp?did=142101&prodName=TPD2015FN,https://toshiba.semicon-storage.com/info/lookup.jsp?pid=TPD2015FN&region=apc&lang=en,2026-09-27
TPH11003NL,toshiba_parametric,toshiba,MOSFETs > MOSFETs,,,,,https://toshiba.semicon-storage.com/info/docget.jsp?did=14042&prodName=TPH11003NL,https://toshiba.semicon-storage.com/info/lookup.jsp?pid=TPH11003NL&region=apc&lang=en,2026-09-27
TPH11006NL,toshiba_parametric,toshiba,MOSFETs > MOSFETs,,,,,https://toshiba.semicon-storage.com/info/docget.jsp?did=14165&prodName=TPH11006NL,https://toshiba.semicon-storage.com/info/lookup.jsp?pid=TPH11006NL&region=apc&lang=en,2026-09-27
TPH1R306P1,toshiba_parametric,toshiba,MOSFETs > MOSFETs,,,,,https://toshiba.semicon-storage.com/info/docget.jsp?did=60310&prodName=TPH1R306P1,https://toshiba.semicon-storage.com/info/lookup.jsp?pid=TPH1R306P1&region=apc&lang=en,2026-09-27
TPH1R712MD,toshiba_parametric,toshiba,MOSFETs > MOSFETs,,,,,https://toshiba.semicon-storage.com/info/docget.jsp?did=14889&prodName=TPH1R712MD,https://toshiba.semicon-storage.com/info/lookup.jsp?pid=TPH1R712MD&region=apc&lang=en,2026-09-27
TPH3R704PL,toshiba_parametric,toshiba,MOSFETs > MOSFETs,,,,,https://toshiba.semicon-storage.com/info/docget.jsp?did=30712&prodName=TPH3R704PL,https://toshiba.semicon-storage.com/info/lookup.jsp?pid=TPH3R704PL&region=apc&lang=en,2026-09-27
TPH4R10ANL,toshiba_parametric,toshiba,MOSFETs > MOSFETs,,,,,https://toshiba.semicon-storage.com/info/docget.jsp?did=55592&prodName=TPH4R10ANL,https://toshiba.semicon-storage.com/info/lookup.jsp?pid=TPH4R10ANL&region=apc&lang=en,2026-09-27
TPHR6503PL,toshiba_parametric,toshiba,MOSFETs > MOSFETs,,,,,https://toshiba.semicon-storage.com/info/docget.jsp?did=35760&prodName=TPHR6503PL,https://toshiba.semicon-storage.com/info/lookup.jsp?pid=TPHR6503PL&region=apc&lang=en,2026-09-27
TPN1200APL,toshiba_parametric,toshiba,MOSFETs > MOSFETs,,,,,https://toshiba.semicon-storage.com/info/docget.jsp?did=59362&prodName=TPN1200APL,https://toshiba.semicon-storage.com/info/lookup.jsp?pid=TPN1200APL&region=apc&lang=en,2026-09-27
TPN2R203NC,toshiba_parametric,toshiba,MOSFETs > MOSFETs,,,,,https://toshiba.semicon-storage.com/info/docget.jsp?did=13938&prodName=TPN2R203NC,https://toshiba.semicon-storage.com/info/lookup.jsp?pid=TPN2R203NC&region=apc&lang=en,2026-09-27
TPN4R303NL,toshiba_parametric,toshiba,MOSFETs > MOSFETs,,,,,https://toshiba.semicon-storage.com/info/docget.jsp?did=14268&prodName=TPN4R303NL,https://toshiba.semicon-storage.com/info/lookup.jsp?pid=TPN4R303NL&region=apc&lang=en,2026-09-27
TPN4R712MD,toshiba_parametric,toshiba,MOSFETs > MOSFETs,,,,,https://toshiba.semicon-storage.com/info/docget.jsp?did=28741&prodName=TPN4R712MD,https://toshiba.semicon-storage.com/info/lookup.jsp?pid=TPN4R712MD&region=apc&lang=en,2026-09-27
TPW5200FNH,toshiba_parametric,toshiba,MOSFETs > MOSFETs,,,,,https://toshiba.semicon-storage.com/info/docget.jsp?did=30358&prodName=TPW5200FNH,https://toshiba.semicon-storage.com/info/lookup.jsp?pid=TPW5200FNH&region=apc&lang=en,2026-09-27
TRS10E65F,toshiba_parametric,toshiba,Diodes > SiC Schottky Barrier Diodes,,,,,https://toshiba.semicon-storage.com/info/docget.jsp?did=53513&prodName=TRS10E65F,https://toshiba.semicon-storage.com/info/lookup.jsp?pid=TRS10E65F&region=apc&lang=en,2026-09-27
TRS4E65F,toshiba_parametric,toshiba,Diodes > SiC Schottky Barrier Diodes,,,,,https://toshiba.semicon-storage.com/info/docget.jsp?did=53515&prodName=TRS4E65F,https://toshiba.semicon-storage.com/info/lookup.jsp?pid=TRS4E65F&region=apc&lang=en,2026-09-27
TRS6E65F,toshiba_parametric,toshiba,Diodes > SiC Schottky Barrier Diodes,,,,,https://toshiba.semicon-storage.com/info/docget.jsp?did=53517&prodName=TRS6E65F,https://toshiba.semicon-storage.com/info/lookup.jsp?pid=TRS6E65F&region=apc&lang=en,2026-09-27
TRS8E65F,toshiba_parametric,toshiba,Diodes > SiC Schottky Barrier Diodes,,,,,https://toshiba.semicon-storage.com/info/docget.jsp?did=53519&prodName=TRS8E65F,https://toshiba.semicon-storage.com/info/lookup.jsp?pid=TRS8E65F&region=apc&lang=en,2026-09-27
TTA003,toshiba_parametric,toshiba,,Not Recommended for New Design,,,,https://toshiba.semicon-storage.com/info/docget.jsp?did=10489&prodName=TTA003,https://toshiba.semicon-storage.com/info/lookup.jsp?pid=TTA003&region=apc&lang=en,2026-09-27
TTA004B,toshiba_parametric,toshiba,,Not Recommended for New Design,,,,https://toshiba.semicon-storage.com/info/docget.jsp?did=14399&prodName=TTA004B,https://toshiba.semicon-storage.com/info/lookup.jsp?pid=TTA004B&region=apc&lang=en,2026-09-27
TTA005,toshiba_parametric,toshiba,,Not Recommended for New Design,,,,https://toshiba.semicon-storage.com/info/docget.jsp?did=13629&prodName=TTA005,https://toshiba.semicon-storage.com/info/lookup.jsp?pid=TTA005&region=apc&lang=en,2026-09-27
TTA006B,toshiba_parametric,toshiba,,Not Recommended for New Design,,,,https://toshiba.semicon-storage.com/info/docget.jsp?did=35776&prodName=TTA006B,https://toshiba.semicon-storage.com/info/lookup.jsp?pid=TTA006B&region=apc&lang=en,2026-09-27
TTA007,toshiba_parametric,toshiba,,Not Recommended for New Design,,,,https://toshiba.semicon-storage.com/info/docget.jsp?did=2430&prodName=TTA007,https://toshiba.semicon-storage.com/info/lookup.jsp?pid=TTA007&region=apc&lang=en,2026-09-27
TTB002,toshiba_parametric,toshiba,,Not Recommended for New Design,,,,https://toshiba.semicon-storage.com/info/docget.jsp?did=1245&prodName=TTB002,https://toshiba.semicon-storage.com/info/lookup.jsp?pid=TTB002&region=apc&lang=en,2026-09-27
TTB1020B,toshiba_parametric,toshiba,,Not Recommended for New Design,,,,https://toshiba.semicon-storage.com/info/docget.jsp?did=13851&prodName=TTB1020B,https://toshiba.semicon-storage.com/info/lookup.jsp?pid=TTB1020B&region=apc&lang=en,2026-09-27
TTB1067B,toshiba_parametric,toshiba,,Not Recommended for New Design,,,,https://toshiba.semicon-storage.com/info/docget.jsp?did=35777&prodName=TTB1067B,https://toshiba.semicon-storage.com/info/lookup.jsp?pid=TTB1067B&region=apc&lang=en,2026-09-27
TTC0001,toshiba_parametric,toshiba,,Not Recommended for New Design,,,,https://toshiba.semicon-storage.com/info/docget.jsp?did=508&prodName=TTC0001,https://toshiba.semicon-storage.com/info/lookup.jsp?pid=TTC0001&region=apc&lang=en,2026-09-27
TTC004B,toshiba_parametric,toshiba,,Not Recommended for New Design,,,,https://toshiba.semicon-storage.com/info/docget.jsp?did=14400&prodName=TTC004B,https://toshiba.semicon-storage.com/info/lookup.jsp?pid=TTC004B&region=apc&lang=en,2026-09-27
TTC005,toshiba_parametric,toshiba,,Not Recommended for New Design,,,,https://toshiba.semicon-storage.com/info/docget.jsp?did=12745&prodName=TTC005,https://toshiba.semicon-storage.com/info/lookup.jsp?pid=TTC005&region=apc&lang=en,2026-09-27
TTC007,toshiba_parametric,toshiba,,Not Recommended for New Design,,,,https://toshiba.semicon-storage.com/info/docget.jsp?did=2431&prodName=TTC007,https://toshiba.semicon-storage.com/info/lookup.jsp?pid=TTC007&region=apc&lang=en,2026-09-27
TTC008,toshiba_parametric,toshiba,,Not Recommended for New Design,,,,https://toshiba.semicon-storage.com/info/docget.jsp?did=5992&prodName=TTC008,https://toshiba.semicon-storage.com/info/lookup.jsp?pid=TTC008&region=apc&lang=en,2026-09-27
TTC011B,toshiba_parametric,toshiba,,Not Recommended for New Design,,,,https://toshiba.semicon-storage.com/info/docget.jsp?did=35681&prodName=TTC011B,https://toshiba.semicon-storage.com/info/lookup.jsp?pid=TTC011B&region=apc&lang=en,2026-09-27
TTC013,toshiba_parametric,toshiba,,Not Recommended for New Design,,,,https://toshiba.semicon-storage.com/info/docget.jsp?did=13018&prodName=TTC013,https://toshiba.semicon-storage.com/info/lookup.jsp?pid=TTC013&region=apc&lang=en,2026-09-27
TTC014,toshiba_parametric,toshiba,,Not Recommended for New Design,,,,https://toshiba.semicon-storage.com/info/docget.jsp?did=14677&prodName=TTC014,https://toshiba.semicon-storage.com/info/lookup.jsp?pid=TTC014&region=apc&lang=en,2026-09-27
TTC015B,toshiba_parametric,toshiba,,Not Recommended for New Design,,,,https://toshiba.semicon-storage.com/info/docget.jsp?did=28833&prodName=TTC015B,https://toshiba.semicon-storage.com/info/lookup.jsp?pid=TTC015B&region=apc&lang=en,2026-09-27
TTC1949,toshiba_parametric,toshiba,Bipolar Transistors > Bipolar Transistors,,,,,https://toshiba.semicon-storage.com/info/docget.jsp?did=61219&prodName=TTC1949,https://toshiba.semicon-storage.com/info/lookup.jsp?pid=TTC1949&region=apc&lang=en,2026-09-27
TTC4116FU,toshiba_parametric,toshiba,,Not Recommended for New Design,,,,https://toshiba.semicon-storage.com/info/docget.jsp?did=4359&prodName=TTC4116FU,https://toshiba.semicon-storage.com/info/lookup.jsp?pid=TTC4116FU&region=apc&lang=en,2026-09-27
TTC5200,toshiba_parametric,toshiba,,Not Recommended for New Design,,,,https://toshiba.semicon-storage.com/info/docget.jsp?did=962&prodName=TTC5200,https://toshiba.semicon-storage.com/info/lookup.jsp?pid=TTC5200&region=apc&lang=en,2026-09-27
TTC5460B,toshiba_parametric,toshiba,,Not Recommended for New Design,,,,https://toshiba.semicon-storage.com/info/docget.jsp?did=35665&prodName=TTC5460B,https://toshiba.semicon-storage.com/info/lookup.jsp?pid=TTC5460B&region=apc&lang=en,2026-09-27
TTD1409B,toshiba_parametric,toshiba,,Not Recommended for New Design,,,,https://toshiba.semicon-storage.com/info/docget.jsp?did=13852&prodName=TTD1409B,https://toshiba.semicon-storage.com/info/lookup.jsp?pid=TTD1409B&region=apc&lang=en,2026-09-27
TTD1410B,toshiba_parametric,toshiba,,Not Recommended for New Design,,,,https://toshiba.semicon-storage.com/info/docget.jsp?did=13853&prodName=TTD1410B,https://toshiba.semicon-storage.com/info/lookup.jsp?pid=TTD1410B&region=apc&lang=en,2026-09-27
TTD1415B,toshiba_parametric,toshiba,,Not Recommended for New Design,,,,https://toshiba.semicon-storage.com/info/docget.jsp?did=13875&prodName=TTD1415B,https://toshiba.semicon-storage.com/info/lookup.jsp?pid=TTD1415B&region=apc&lang=en,2026-09-27
ULN2003APG,toshiba_parametric,toshiba,,EOL announced,,,,,https://toshiba.semicon-storage.com/info/lookup.jsp?pid=ULN2003APG&region=apc&lang=en,2026-09-27
ULN2803APG,toshiba_parametric,toshiba,,EOL announced,,,,,https://toshiba.semicon-storage.com/info/lookup.jsp?pid=ULN2803APG&region=apc&lang=en,2026-09-27
